league,job_id,job_family,variant,endpoint,season,season_type,scope,request_params,source,request_id,request_table,request_url,request_status,request_row_index,entity_id,team_id,name,short_name,row_id,team_abbreviation,seconds_played,games_played,minutes,plus_minus,off_poss,def_poss,penalty_off_poss,penalty_def_poss,second_chance_off_poss,total_poss,at_rim_fgm,at_rim_fga,second_chance_at_rim_fgm,second_chance_at_rim_fga,penalty_at_rim_fgm,penalty_at_rim_fga,short_mid_range_fgm,short_mid_range_fga,long_mid_range_fgm,long_mid_range_fga,corner3_fgm,corner3_fga,second_chance_corner3_fgm,second_chance_corner3_fga,arc3_fgm,arc3_fga,penalty_arc3_fgm,penalty_arc3_fga,fg2m,fg2a,fg3m,fg3a,ft_points,points,opponent_points,second_chance_fg2_m,second_chance_fg2_a,second_chance_fg3_m,second_chance_fg3_a,second_chance_ft_points,second_chance_points,penalty_fg2_m,penalty_fg2_a,penalty_fg3_m,penalty_fg3_a,penalty_ft_points,penalty_points,pts_assisted2s,pts_unassisted2s,pts_assisted3s,pts_putbacks,non_heave_arc3_fga,non_heave_arc3_fgm,fg2a_blocked,two_pt_assists,three_pt_assists,assists,arc3_assists,corner3_assists,at_rim_assists,short_mid_range_assists,long_mid_range_assists,assist_points,off_three_pt_rebounds,off_two_pt_rebounds,def_three_pt_rebounds,def_two_pt_rebounds,ft_def_rebounds,def_rebounds,off_rebounds,rebounds,self_o_reb,steals,bad_pass_steals,lost_ball_steals,live_ball_turnovers,bad_pass_out_of_bounds_turnovers,bad_pass_turnovers,dead_ball_turnovers,lost_ball_out_of_bounds_turnovers,lost_ball_turnovers,travels,turnovers,second_chance_turnovers,penalty_turnovers,shooting_fouls,fouls,offensive fouls,fouls_drawn,charge fouls drawn,loose ball fouls drawn,offensive fouls drawn,fta,2pt and 1 free throw trips,technical free throw trips,two_pt_shooting_fouls_drawn,non_shooting_fouls_drawn,blocked2s,blocked3s,blocked_arc3,blocked_at_rim,blocked_corner3,blocked_long_mid_range,blocked_short_mid_range,blocks,recovered_blocks,first_chance_points,penalty_points_excluding_take_fouls,penalty_off_poss_excluding_take_fouls,non_shooting_penalty_non_take_fouls,non_shooting_penalty_non_take_fouls_drawn,period2_fouls2_minutes,period3_fouls3_minutes,period4_fouls4_minutes,on_off_rtg,on_def_rtg,assisted2s_pct,non_putbacks_assisted2s_pct,assisted3s_pct,fg3_pct,second_chance_fg3_pct,penalty_fg3_pct,non_heave_fg3_pct,fg2_pct,second_chance_fg2_pct,penalty_fg2_pct,efg_pct,second_chance_efg_pct,penalty_efg_pct,ts_pct,second_chance_ts_pct,penalty_ts_pct,fg3_a_pct,fg2_a_pct_blocked,at_rim_pct_blocked,short_mid_range_pct_blocked,usage,live_ball_turnover_pct,def_ft_rebound_pct,def_two_pt_rebound_pct,off_two_pt_rebound_pct,def_three_pt_rebound_pct,off_three_pt_rebound_pct,def_fg_rebound_pct,off_fg_rebound_pct,off_at_rim_rebound_pct,off_short_mid_range_rebound_pct,off_long_mid_range_rebound_pct,off_arc3_rebound_pct,off_corner3_rebound_pct,def_at_rim_rebound_pct,def_short_mid_range_rebound_pct,def_long_mid_range_rebound_pct,def_arc3_rebound_pct,def_corner3_rebound_pct,self_o_reb_pct,blocks_recovered_pct,at_rim_frequency,at_rim_accuracy,unblocked_at_rim_accuracy,at_rim_pct_assisted,short_mid_range_frequency,short_mid_range_accuracy,unblocked_short_mid_range_accuracy,short_mid_range_pct_assisted,long_mid_range_frequency,long_mid_range_accuracy,unblocked_long_mid_range_accuracy,long_mid_range_pct_assisted,corner3_frequency,corner3_accuracy,unblocked_corner3_accuracy,corner3_pct_assisted,arc3_frequency,arc3_accuracy,unblocked_arc3_accuracy,arc3_pct_assisted,second_chance_at_rim_frequency,second_chance_at_rim_accuracy,second_chance_corner3_frequency,second_chance_corner3_accuracy,second_chance_corner3_pct_assisted,penalty_at_rim_frequency,penalty_at_rim_accuracy,penalty_arc3_frequency,penalty_arc3_accuracy,at_rim_fg3_a_frequency,non_heave_arc3_accuracy,shot_quality_avg,second_chance_shot_quality_avg,penalty_shot_quality_avg,shooting_fouls_drawn_pct,two_pt_shooting_fouls_drawn_pct,second_chance_points_pct,penalty_points_pct,avg2pt_shot_distance,avg3pt_shot_distance,at_rim_off_rebounded_pct,short_mid_range_off_rebounded_pct,long_mid_range_off_rebounded_pct,three_pt_off_rebounded_pct,penalty_off_poss_pct,penalty_corner3_fga,second_chance_arc3_fgm,second_chance_arc3_fga,pts_unassisted3s,heave_attempts,fg3a_blocked,transition take fouls,three_pt_shooting_fouls_drawn,fg3_a_pct_blocked,arc3_pct_blocked,second_chance_at_rim_pct_assisted,second_chance_arc3_frequency,second_chance_arc3_accuracy,second_chance_arc3_pct_assisted,penalty_corner3_frequency,loose ball fouls,defensive 3 seconds violations,period2_fouls3_minutes,period3_fouls4_minutes,period4_fouls5_minutes,period_ot_fouls5_minutes,three_pt_shooting_fouls_drawn_pct,charge fouls,transition take fouls drawn,period_ot_fouls4_minutes,long_mid_range_pct_blocked,penalty_corner3_fgm,ft_off_rebounds,clear path fouls,corner3_pct_blocked,off_ft_rebound_pct,penalty_corner3_accuracy,step_out_of_bounds_turnovers,3_second_violations,period1_fouls2_minutes
wnba,wnba_totals,totals,player_totals,get-totals,2025,Playoffs,season,"{'Type': 'Player', 'Season': '2025', 'SeasonType': 'Playoffs'}",totals,get-totals__player_totals__type-Player__season-2025__season_type-Playoffs__513e9b1d,get-totals,https://api.pbpstats.com/get-totals/wnba?Type=Player&Season=2025&SeasonType=Playoffs,200,0,1628932,1611661319,A'ja Wilson,A'ja Wilson,1628932,LVA,25894.0,12,432.0,74.0,842,845,202.0,178.0,86.0,1687,28.0,45.0,1.0,2.0,5.0,9.0,70.0,153.0,14.0,34.0,2.0,2.0,1.0,1.0,4.0,13.0,2.0,4.0,112.0,232.0,6.0,15.0,80.0,322.0,887,9.0,19.0,1.0,1.0,7.0,28.0,21.0,46.0,2.0,4.0,30.0,78.0,170.0,54.0,18.0,10.0,13.0,4.0,11.0,25.0,15.0,40.0,13.0,2.0,9.0,9.0,7.0,95.0,2.0,14.0,34.0,61.0,9.0,104.0,16.0,120.0,5.0,25.0,21.0,4.0,16.0,4.0,11.0,12.0,2.0,5.0,3.0,28.0,2.0,8.0,17.0,25.0,3.0,92.0,1.0,4.0,1.0,102.0,10.0,2.0,43.0,12.0,28.0,2.0,1.0,8.0,1.0,2.0,18.0,30.0,17.0,294.0,78.0,198.0,2.0,12.0,3.0,14.0,18.0,114.13301662707839,104.97041420118344,0.7589285714285714,0.794392523364486,1.0,0.4,1.0,0.5,0.4,0.4827586206896552,0.47368421052631576,0.45652173913043476,0.4898785425101215,0.525,0.48,0.547945205479452,0.5833333333333334,0.5735294117647058,0.06072874493927125,0.04741379310344827,0.044444444444444446,0.058823529411764705,34.151547491995736,0.5714285714285714,0.47368421052631576,0.23193916349809887,0.058823529411764705,0.2361111111111111,0.01652892561983471,0.2334152334152334,0.04456824512534819,0.1,0.0410958904109589,0.07692307692307693,0.010638297872340425,0.037037037037037035,0.17857142857142858,0.23841059602649006,0.26785714285714285,0.24347826086956523,0.20689655172413793,0.043478260869565216,0.5666666666666667,0.18218623481781376,0.6222222222222222,0.6511627906976745,0.75,0.6194331983805668,0.45751633986928103,0.4861111111111111,0.7142857142857143,0.13765182186234817,0.4117647058823529,0.4117647058823529,1.0,0.008097165991902834,1.0,1.0,1.0,0.05263157894736842,0.3076923076923077,0.3076923076923077,1.0,0.1,0.5,0.05,1.0,1.0,0.18,0.5555555555555556,0.08,0.5,0.242914979757085,0.3076923076923077,0.43436153846153847,0.4096611111111111,0.4201,0.15357142857142858,0.16226415094339622,0.08695652173913043,0.2422360248447205,8.032327586206897,24.60666666666667,0.29411764705882354,0.2804878048780488,0.35,0.2857142857142857,0.23990498812351543,,,,,,,,,,,,,,,,,,,,,,,,,,,,,,,,,,,
wnba,wnba_totals,totals,player_totals,get-totals,2025,Playoffs,season,"{'Type': 'Player', 'Season': '2025', 'SeasonType': 'Playoffs'}",totals,get-totals__player_totals__type-Player__season-2025__season_type-Playoffs__513e9b1d,get-totals,https://api.pbpstats.com/get-totals/wnba?Type=Player&Season=2025&SeasonType=Playoffs,200,1,203833,1611661319,Chelsea Gray,Chelsea Gray,203833,LVA,25478.0,12,425.0,81.0,834,830,186.0,171.0,88.0,1664,6.0,8.0,2.0,2.0,1.0,3.0,7.0,27.0,16.0,33.0,1.0,4.0,,,18.0,41.0,4.0,13.0,29.0,68.0,19.0,45.0,19.0,134.0,852,4.0,12.0,1.0,4.0,,11.0,4.0,12.0,4.0,14.0,7.0,27.0,14.0,44.0,45.0,4.0,40.0,18.0,4.0,73.0,14.0,87.0,8.0,6.0,36.0,31.0,6.0,188.0,,5.0,14.0,20.0,2.0,36.0,5.0,41.0,2.0,27.0,13.0,14.0,16.0,7.0,13.0,10.0,1.0,3.0,,26.0,4.0,6.0,16.0,27.0,2.0,24.0,3.0,,1.0,25.0,2.0,5.0,7.0,3.0,14.0,1.0,,2.0,1.0,,12.0,15.0,7.0,123.0,25.0,182.0,3.0,,10.0,,4.0,111.87050359712231,102.65060240963855,0.2413793103448276,0.25925925925925924,0.7894736842105263,0.4222222222222222,0.25,0.2857142857142857,0.4318181818181818,0.4264705882352941,0.3333333333333333,0.3333333333333333,0.5088495575221239,0.34375,0.38461538461538464,0.5327868852459017,0.34375,0.43333333333333335,0.39823008849557523,0.058823529411764705,,0.14814814814814814,15.7725321888412,0.6153846153846154,0.10526315789473684,0.07633587786259542,0.02040816326530612,0.10144927536231885,,0.085,0.013404825737265416,,0.0273972602739726,0.017543859649122806,,,0.057692307692307696,0.0759493670886076,0.09615384615384616,0.07407407407407407,0.2,0.03508771929824561,0.4666666666666667,0.07079646017699115,0.75,0.75,0.5,0.23893805309734514,0.25925925925925924,0.30434782608695654,0.14285714285714285,0.2920353982300885,0.48484848484848486,0.48484848484848486,0.1875,0.035398230088495575,0.25,0.25,1.0,0.36283185840707965,0.43902439024390244,0.45,0.7777777777777778,0.125,1.0,,,,0.11538461538461539,0.3333333333333333,0.5,0.3076923076923077,0.4690265486725664,0.45,0.4415839285714286,0.4617071428571428,0.42776800000000004,0.059322033898305086,0.0958904109589041,0.08208955223880597,0.20149253731343283,12.413235294117648,26.346666666666664,,0.3,0.3125,0.391304347826087,0.22302158273381295,1.0,1.0,4.0,12.0,1.0,1.0,1.0,1.0,0.022222222222222223,0.024390243902439025,1.0,0.25,0.25,1.0,0.038461538461538464,,,,,,,,,,,,,,,,,,,,
wnba,wnba_totals,totals,player_totals,get-totals,2025,Playoffs,season,"{'Type': 'Player', 'Season': '2025', 'SeasonType': 'Playoffs'}",totals,get-totals__player_totals__type-Player__season-2025__season_type-Playoffs__513e9b1d,get-totals,https://api.pbpstats.com/get-totals/wnba?Type=Player&Season=2025&SeasonType=Playoffs,200,2,1629498,1611661319,Jackie Young,Jackie Young,1629498,LVA,25068.0,12,418.0,36.0,815,818,178.0,173.0,84.0,1633,25.0,31.0,4.0,4.0,5.0,8.0,31.0,56.0,9.0,19.0,2.0,4.0,1.0,1.0,19.0,64.0,5.0,12.0,65.0,106.0,21.0,68.0,52.0,245.0,881,4.0,6.0,2.0,6.0,5.0,19.0,11.0,19.0,5.0,12.0,31.0,68.0,60.0,70.0,33.0,6.0,64.0,19.0,5.0,36.0,30.0,66.0,23.0,7.0,7.0,21.0,8.0,162.0,7.0,13.0,16.0,20.0,2.0,38.0,20.0,58.0,5.0,17.0,10.0,7.0,17.0,4.0,14.0,13.0,1.0,3.0,1.0,30.0,1.0,5.0,11.0,38.0,6.0,45.0,,2.0,,55.0,7.0,2.0,18.0,9.0,,,,,,,,,,226.0,64.0,174.0,6.0,7.0,23.0,16.0,19.0,112.51533742331287,107.70171149144255,0.46153846153846156,0.4838709677419355,0.5238095238095238,0.3088235294117647,0.3333333333333333,0.4166666666666667,0.3088235294117647,0.6132075471698113,0.6666666666666666,0.5789473684210527,0.5545977011494253,0.5833333333333334,0.5967741935483871,0.6198979591836735,0.6428571428571429,0.7444444444444445,0.39080459770114945,0.04716981132075472,0.06451612903225806,0.05357142857142857,24.80790340285401,0.5666666666666667,0.1111111111111111,0.08064516129032258,0.05652173913043478,0.12307692307692308,0.056,0.09523809523809523,0.056338028169014086,0.058823529411764705,0.04827586206896552,0.0784313725490196,0.061224489795918366,0.037037037037037035,0.09615384615384616,0.06164383561643835,0.12,0.1485148514851485,0.034482758620689655,0.06172839506172839,,0.1781609195402299,0.8064516129032258,0.8620689655172413,0.56,0.3218390804597701,0.5535714285714286,0.5849056603773585,0.3225806451612903,0.10919540229885058,0.47368421052631576,0.47368421052631576,0.6666666666666666,0.022988505747126436,0.5,0.5,1.0,0.367816091954023,0.296875,0.296875,0.47368421052631576,0.3333333333333333,1.0,0.08333333333333333,1.0,1.0,0.25806451612903225,0.625,0.3870967741935484,0.4166666666666667,0.5689655172413793,0.296875,0.4727873563218391,0.552015,0.45585967741935485,0.10695187165775401,0.15384615384615385,0.07755102040816327,0.27755102040816326,8.016037735849057,25.245588235294118,0.5,0.4,0.4,0.08888888888888889,0.2184049079754601,,1.0,5.0,30.0,,,,2.0,,,0.25,0.4166666666666667,0.2,,,7.0,1.0,2.0,2.0,1.0,5.0,0.02857142857142857,,,,,,,,,,,,,
wnba,wnba_totals,totals,player_totals,get-totals,2025,Playoffs,season,"{'Type': 'Player', 'Season': '2025', 'SeasonType': 'Playoffs'}",totals,get-totals__player_totals__type-Player__season-2025__season_type-Playoffs__513e9b1d,get-totals,https://api.pbpstats.com/get-totals/wnba?Type=Player&Season=2025&SeasonType=Playoffs,200,3,203826,1611661317,Alyssa Thomas,Alyssa Thomas,203826,PHX,24228.0,11,404.0,-1.0,797,791,114.0,127.0,82.0,1588,47.0,66.0,5.0,6.0,7.0,10.0,30.0,80.0,2.0,11.0,,,,,,1.0,,1.0,79.0,157.0,,1.0,28.0,186.0,826,8.0,14.0,,,4.0,20.0,14.0,22.0,,1.0,4.0,32.0,72.0,86.0,,8.0,,,16.0,63.0,34.0,97.0,27.0,7.0,37.0,19.0,7.0,228.0,6.0,13.0,31.0,40.0,9.0,80.0,19.0,99.0,3.0,19.0,12.0,7.0,31.0,8.0,14.0,14.0,1.0,17.0,1.0,45.0,2.0,6.0,6.0,28.0,2.0,45.0,,2.0,2.0,43.0,3.0,,20.0,3.0,3.0,1.0,1.0,1.0,,,2.0,4.0,4.0,166.0,29.0,109.0,4.0,,4.0,7.0,9.0,103.51317440401506,104.42477876106194,0.45569620253164556,0.48,,,,,,0.5031847133757962,0.5714285714285714,0.6363636363636364,0.5,0.5714285714285714,0.6086956521739131,0.5224719101123596,0.625,0.5925925925925926,0.006329113924050633,0.10191082802547771,0.10606060606060606,0.1125,24.916201117318437,0.6888888888888889,0.5294117647058824,0.18518518518518517,0.05829596412556054,0.16939890710382513,0.036585365853658534,0.17794486215538846,0.04909560723514212,0.07462686567164178,0.056074766355140186,0.04081632653061224,0.03937007874015748,0.02702702702702703,0.17391304347826086,0.20909090909090908,0.15,0.19148936170212766,0.09523809523809523,0.04838709677419355,1.0,0.4177215189873418,0.7121212121212122,0.7966101694915254,0.425531914893617,0.5063291139240507,0.375,0.4225352112676056,0.4666666666666667,0.06962025316455696,0.18181818181818182,0.18181818181818182,1.0,,,,,0.006329113924050633,,,,0.42857142857142855,0.8333333333333334,,,,0.43478260869565216,0.7,0.043478260869565216,,0.4240506329113924,,0.48772420382165604,0.491425,0.47713636363636364,0.11428571428571428,0.11494252873563218,0.10752688172043011,0.17204301075268819,5.907643312101911,64.4,0.2631578947368421,0.26,0.2222222222222222,,0.14303638644918445,,,,,1.0,,,,,,0.4,,,,,4.0,,2.0,10.0,6.0,,,2.0,2.0,,,,,,,,,,,
wnba,wnba_totals,totals,player_totals,get-totals,2025,Playoffs,season,"{'Type': 'Player', 'Season': '2025', 'SeasonType': 'Playoffs'}",totals,get-totals__player_totals__type-Player__season-2025__season_type-Playoffs__513e9b1d,get-totals,https://api.pbpstats.com/get-totals/wnba?Type=Player&Season=2025&SeasonType=Playoffs,200,4,1627674,1611661317,Kahleah Copper,Kahleah Copper,1627674,PHX,22579.0,11,376.0,-18.0,733,734,95.0,112.0,79.0,1467,23.0,36.0,2.0,2.0,4.0,6.0,22.0,43.0,11.0,23.0,3.0,15.0,,,15.0,42.0,4.0,7.0,56.0,102.0,18.0,57.0,30.0,196.0,776,4.0,7.0,4.0,4.0,2.0,22.0,8.0,15.0,4.0,10.0,10.0,38.0,68.0,44.0,42.0,4.0,42.0,15.0,10.0,2.0,7.0,9.0,4.0,3.0,1.0,1.0,,25.0,3.0,3.0,24.0,8.0,,32.0,6.0,38.0,1.0,4.0,1.0,3.0,6.0,2.0,4.0,13.0,3.0,2.0,4.0,19.0,,1.0,12.0,32.0,2.0,28.0,,2.0,1.0,33.0,8.0,,16.0,3.0,2.0,,,,,,2.0,2.0,2.0,174.0,34.0,90.0,4.0,,2.0,16.0,20.0,103.4106412005457,105.72207084468666,0.6071428571428571,0.6296296296296297,0.7777777777777778,0.3157894736842105,1.0,0.4,0.3157894736842105,0.5490196078431373,0.5714285714285714,0.5333333333333333,0.5220125786163522,0.9090909090909091,0.56,0.5730994152046783,0.9166666666666666,0.6551724137931034,0.3584905660377358,0.09803921568627451,0.1111111111111111,0.09302325581395349,22.946859903381643,0.3157894736842105,,0.03827751196172249,0.014084507042253521,0.14285714285714285,0.019867549668874173,0.08488063660477453,0.016483516483516484,0.01639344262295082,0.018867924528301886,,0.024793388429752067,,0.022727272727272728,0.0392156862745098,0.047619047619047616,0.14173228346456693,0.14634146341463414,0.0136986301369863,1.0,0.22641509433962265,0.6388888888888888,0.71875,0.782608695652174,0.27044025157232704,0.5116279069767442,0.5641025641025641,0.36363636363636365,0.14465408805031446,0.4782608695652174,0.5238095238095238,0.7272727272727273,0.09433962264150944,0.2,0.2,1.0,0.2641509433962264,0.35714285714285715,0.36585365853658536,0.7333333333333333,0.18181818181818182,1.0,,,,0.24,0.6666666666666666,0.28,0.5714285714285714,0.5849056603773585,0.35714285714285715,0.5056097484276729,0.46484166666666665,0.510972,0.10119047619047619,0.14545454545454545,0.11224489795918367,0.19387755102040816,7.440196078431373,24.689473684210526,0.38461538461538464,0.4,0.16666666666666666,0.1794871794871795,0.1296043656207367,3.0,4.0,4.0,12.0,,1.0,,1.0,0.017543859649122806,0.023809523809523808,,0.36363636363636365,1.0,0.5,0.12,3.0,,1.0,3.0,2.0,2.0,0.017241379310344827,2.0,,3.0,0.08695652173913043,,,,,,,,,
wnba,wnba_totals,totals,player_totals,get-totals,2025,Playoffs,season,"{'Type': 'Player', 'Season': '2025', 'SeasonType': 'Playoffs'}",totals,get-totals__player_totals__type-Player__season-2025__season_type-Playoffs__513e9b1d,get-totals,https://api.pbpstats.com/get-totals/wnba?Type=Player&Season=2025&SeasonType=Playoffs,200,5,204319,1611661319,Jewell Loyd,Jewell Loyd,204319,LVA,21031.0,12,351.0,111.0,688,676,189.0,173.0,78.0,1364,4.0,11.0,1.0,4.0,,1.0,3.0,7.0,4.0,8.0,10.0,27.0,,2.0,16.0,36.0,3.0,7.0,11.0,26.0,26.0,63.0,13.0,113.0,679,1.0,6.0,2.0,4.0,2.0,10.0,1.0,4.0,4.0,15.0,7.0,21.0,14.0,8.0,75.0,2.0,36.0,16.0,2.0,6.0,4.0,10.0,4.0,,,5.0,1.0,24.0,7.0,12.0,9.0,17.0,1.0,27.0,20.0,47.0,1.0,12.0,5.0,7.0,7.0,1.0,5.0,5.0,,2.0,,12.0,1.0,1.0,13.0,33.0,3.0,22.0,1.0,2.0,4.0,15.0,,1.0,3.0,4.0,6.0,1.0,1.0,2.0,,1.0,3.0,7.0,3.0,103.0,21.0,189.0,,4.0,7.0,7.0,13.0,114.82558139534883,100.44378698224853,0.6363636363636364,0.7,0.9615384615384616,0.4126984126984127,0.5,0.26666666666666666,0.4126984126984127,0.4230769230769231,0.16666666666666666,0.25,0.5617977528089888,0.4,0.3684210526315789,0.5833333333333334,0.45454545454545453,0.45652173913043476,0.7078651685393258,0.07692307692307693,0.09090909090909091,0.14285714285714285,13.935483870967742,0.5833333333333334,0.06666666666666667,0.0821256038647343,0.06217616580310881,0.07563025210084033,0.0625,0.07975460122699386,0.06229508196721312,0.03333333333333333,0.05357142857142857,0.09803921568627451,0.07058823529411765,0.037037037037037035,0.2,0.05384615384615385,0.07142857142857142,0.06593406593406594,0.10714285714285714,0.020833333333333332,0.42857142857142855,0.12359550561797752,0.36363636363636365,0.4,0.75,0.07865168539325842,0.42857142857142855,0.5,1.0,0.0898876404494382,0.5,0.5,0.25,0.30337078651685395,0.37037037037037035,0.38461538461538464,1.0,0.4044943820224719,0.4444444444444444,0.4444444444444444,0.9375,0.4,0.25,0.2,,,0.05263157894736842,,0.3684210526315789,0.42857142857142855,0.8314606741573034,0.4444444444444444,0.5116679775280899,0.5599583333333333,0.4662368421052631,0.03260869565217391,0.10344827586206896,0.08849557522123894,0.18584070796460178,8.21923076923077,24.534920634920635,,0.5,0.5,0.24324324324324326,0.2747093023255814,8.0,2.0,2.0,3.0,,1.0,,,0.015873015873015872,,,0.2,1.0,1.0,0.42105263157894735,1.0,,,4.0,,,,1.0,,,,1.0,1.0,1.0,0.037037037037037035,0.041666666666666664,0.125,,,
wnba,wnba_totals,totals,player_totals,get-totals,2025,Playoffs,season,"{'Type': 'Player', 'Season': '2025', 'SeasonType': 'Playoffs'}",totals,get-totals__player_totals__type-Player__season-2025__season_type-Playoffs__513e9b1d,get-totals,https://api.pbpstats.com/get-totals/wnba?Type=Player&Season=2025&SeasonType=Playoffs,200,6,1630149,1611661317,Satou Sabally,Satou Sabally,1630149,PHX,19553.0,10,326.0,6.0,636,637,77.0,101.0,68.0,1273,21.0,36.0,3.0,7.0,1.0,2.0,10.0,26.0,2.0,9.0,1.0,4.0,,,23.0,68.0,2.0,7.0,33.0,71.0,24.0,72.0,52.0,190.0,634,5.0,15.0,6.0,10.0,7.0,35.0,5.0,8.0,2.0,7.0,8.0,24.0,42.0,24.0,60.0,4.0,68.0,23.0,6.0,21.0,4.0,25.0,1.0,3.0,13.0,6.0,2.0,54.0,7.0,4.0,26.0,29.0,3.0,58.0,12.0,70.0,4.0,11.0,6.0,5.0,13.0,5.0,7.0,9.0,1.0,6.0,,22.0,1.0,5.0,12.0,28.0,2.0,42.0,,6.0,1.0,60.0,5.0,4.0,28.0,3.0,2.0,,,1.0,,,1.0,2.0,,155.0,24.0,72.0,2.0,3.0,16.0,10.0,4.0,100.62893081761005,99.52904238618524,0.6363636363636364,0.6774193548387096,0.8333333333333334,0.3333333333333333,0.6,0.2857142857142857,0.3333333333333333,0.4647887323943662,0.3333333333333333,0.625,0.4825174825174825,0.56,0.5333333333333333,0.5532544378698225,0.6296296296296297,0.6052631578947368,0.5034965034965035,0.08450704225352113,0.05555555555555555,0.15384615384615385,26.46239554317549,0.5909090909090909,0.25,0.1695906432748538,0.020942408376963352,0.17333333333333334,0.05343511450381679,0.17133956386292834,0.034161490683229816,0.01639344262295082,0.022988505747126436,0.023255813953488372,0.037383177570093455,0.125,0.17391304347826086,0.1951219512195122,0.11627906976744186,0.16101694915254236,0.21875,0.05128205128205128,,0.2517482517482518,0.5833333333333334,0.6176470588235294,0.6666666666666666,0.18181818181818182,0.38461538461538464,0.45454545454545453,0.6,0.06293706293706294,0.2222222222222222,0.2222222222222222,0.5,0.027972027972027972,0.25,0.25,1.0,0.4755244755244755,0.3382352941176471,0.34328358208955223,0.8260869565217391,0.28,0.42857142857142855,,,,0.13333333333333333,0.5,0.4666666666666667,0.2857142857142857,0.7552447552447552,0.3382352941176471,0.5057381118881119,0.5239125,0.44094,0.1686746987951807,0.2978723404255319,0.18421052631578946,0.12631578947368421,5.584507042253521,25.258333333333333,0.4666666666666667,0.375,,0.23404255319148937,0.12106918238993711,,6.0,10.0,12.0,,1.0,,,0.013888888888888888,0.014705882352941176,,0.4,0.6,0.8333333333333334,,3.0,,,,6.0,,,,,5.0,,,1.0,,,0.0625,,1.0,,
wnba,wnba_totals,totals,player_totals,get-totals,2025,Playoffs,season,"{'Type': 'Player', 'Season': '2025', 'SeasonType': 'Playoffs'}",totals,get-totals__player_totals__type-Player__season-2025__season_type-Playoffs__513e9b1d,get-totals,https://api.pbpstats.com/get-totals/wnba?Type=Player&Season=2025&SeasonType=Playoffs,200,7,201886,1611661317,DeWanna Bonner,DeWanna Bonner,201886,PHX,17289.0,11,288.0,40.0,567,564,119.0,114.0,64.0,1131,17.0,26.0,1.0,3.0,3.0,6.0,7.0,20.0,2.0,10.0,3.0,10.0,,2.0,7.0,24.0,2.0,3.0,26.0,56.0,10.0,34.0,18.0,100.0,562,3.0,11.0,1.0,5.0,7.0,16.0,4.0,15.0,2.0,5.0,7.0,21.0,36.0,16.0,27.0,4.0,24.0,7.0,7.0,7.0,4.0,11.0,4.0,,4.0,3.0,,26.0,4.0,10.0,19.0,39.0,3.0,61.0,14.0,75.0,2.0,11.0,5.0,6.0,4.0,,1.0,2.0,,3.0,,6.0,,,16.0,22.0,,19.0,,1.0,,24.0,4.0,,12.0,2.0,6.0,1.0,,1.0,1.0,1.0,4.0,7.0,5.0,84.0,21.0,115.0,1.0,2.0,5.0,10.0,7.0,106.17283950617283,99.64539007092199,0.6923076923076923,0.75,0.9,0.29411764705882354,0.2,0.4,0.29411764705882354,0.4642857142857143,0.2727272727272727,0.26666666666666666,0.45555555555555555,0.28125,0.35,0.5,0.4,0.4375,0.37777777777777777,0.125,0.11538461538461539,0.2,16.485225505443236,0.6666666666666666,0.2,0.23780487804878048,0.0641025641025641,0.17757009345794392,0.032520325203252036,0.2140221402214022,0.05017921146953405,0.0784313725490196,0.057971014492753624,0.05555555555555555,0.021739130434782608,0.06451612903225806,0.2727272727272727,0.23809523809523808,0.2127659574468085,0.175,0.18518518518518517,0.044444444444444446,0.7142857142857143,0.28888888888888886,0.6538461538461539,0.7391304347826086,0.7058823529411765,0.2222222222222222,0.35,0.4375,0.7142857142857143,0.1111111111111111,0.2,0.2,0.5,0.1111111111111111,0.3,0.3333333333333333,1.0,0.26666666666666666,0.2916666666666667,0.2916666666666667,0.8571428571428571,0.1875,0.3333333333333333,0.125,,,0.3,0.5,0.15,0.6666666666666666,0.6666666666666666,0.2916666666666667,0.49010277777777783,0.38912777777777774,0.44856749999999995,0.12244897959183673,0.1875,0.16,0.21,6.892857142857143,25.96764705882353,0.3333333333333333,0.18181818181818182,0.125,0.20833333333333334,0.20987654320987653,2.0,1.0,3.0,3.0,,1.0,,,0.029411764705882353,,,0.1875,0.3333333333333333,1.0,0.1,,,,,8.0,,,1.0,,,,,,,0.1,,,1.0,,
wnba,wnba_totals,totals,player_totals,get-totals,2025,Playoffs,season,"{'Type': 'Player', 'Season': '2025', 'SeasonType': 'Playoffs'}",totals,get-totals__player_totals__type-Player__season-2025__season_type-Playoffs__513e9b1d,get-totals,https://api.pbpstats.com/get-totals/wnba?Type=Player&Season=2025&SeasonType=Playoffs,200,8,1631019,1611661319,NaLyssa Smith,NaLyssa Smith,1631019,LVA,16623.0,12,277.0,65.0,536,541,78.0,63.0,55.0,1077,19.0,28.0,3.0,5.0,2.0,2.0,17.0,29.0,1.0,5.0,,1.0,,,,1.0,,1.0,37.0,62.0,,2.0,11.0,85.0,540,6.0,10.0,,,2.0,14.0,4.0,5.0,,1.0,2.0,10.0,62.0,12.0,,4.0,1.0,,4.0,5.0,1.0,6.0,1.0,,1.0,4.0,,13.0,4.0,12.0,9.0,33.0,2.0,44.0,16.0,60.0,1.0,9.0,3.0,6.0,5.0,2.0,2.0,7.0,,3.0,,12.0,5.0,1.0,21.0,39.0,5.0,28.0,,5.0,5.0,27.0,3.0,,14.0,1.0,11.0,1.0,1.0,4.0,,,7.0,12.0,8.0,71.0,10.0,74.0,2.0,1.0,21.0,14.0,17.0,112.8731343283582,99.81515711645102,0.8378378378378378,0.8857142857142857,,,,,,0.5967741935483871,0.6,0.8,0.578125,0.6,0.6666666666666666,0.5592105263157895,0.5,0.5555555555555556,0.03125,0.06451612903225806,0.10714285714285714,0.034482758620689655,14.64226289517471,0.4166666666666667,0.2,0.1813186813186813,0.08108108108108109,0.10714285714285714,0.05063291139240506,0.15789473684210525,0.07048458149779736,0.06896551724137931,0.08045977011494253,0.09375,0.047619047619047616,0.0625,0.1111111111111111,0.22549019607843138,0.14285714285714285,0.1044776119402985,0.11764705882352941,0.043478260869565216,0.6666666666666666,0.4375,0.6785714285714286,0.76,0.8947368421052632,0.453125,0.5862068965517241,0.6071428571428571,0.7647058823529411,0.078125,0.2,0.2,1.0,0.015625,,,,0.015625,,,,0.5,0.6,,,,0.3333333333333333,1.0,0.16666666666666666,,0.46875,,0.48623125,0.512275,0.4710666666666667,0.18666666666666668,0.1917808219178082,0.16470588235294117,0.11764705882352941,5.583870967741936,23.55,0.5555555555555556,0.25,,,0.1455223880597015,,,,,,,,,,,0.6666666666666666,,,,,2.0,1.0,2.0,7.0,1.0,,,,,,,,,,,,,,,
wnba,wnba_totals,totals,player_totals,get-totals,2025,Playoffs,season,"{'Type': 'Player', 'Season': '2025', 'SeasonType': 'Playoffs'}",totals,get-totals__player_totals__type-Player__season-2025__season_type-Playoffs__513e9b1d,get-totals,https://api.pbpstats.com/get-totals/wnba?Type=Player&Season=2025&SeasonType=Playoffs,200,9,1642777,1611661317,Monique Akoa Makani,Monique Akoa Makani,1642777,PHX,16105.0,11,268.0,-20.0,524,527,59.0,79.0,48.0,1051,9.0,16.0,,1.0,,1.0,4.0,12.0,3.0,15.0,2.0,3.0,,,8.0,27.0,1.0,3.0,16.0,43.0,10.0,30.0,14.0,76.0,552,,3.0,,4.0,,,,2.0,1.0,3.0,,3.0,16.0,16.0,30.0,,27.0,8.0,3.0,25.0,8.0,33.0,6.0,2.0,15.0,8.0,2.0,74.0,5.0,3.0,13.0,5.0,,18.0,9.0,27.0,1.0,6.0,4.0,2.0,10.0,3.0,7.0,6.0,2.0,3.0,1.0,16.0,2.0,6.0,10.0,26.0,,13.0,,1.0,4.0,15.0,1.0,,5.0,,,,,,,,,,,76.0,3.0,59.0,2.0,,5.0,10.0,5.0,101.5267175572519,104.7438330170778,0.5,0.5,1.0,0.3333333333333333,,0.3333333333333333,0.3333333333333333,0.37209302325581395,,,0.4246575342465753,,0.3,0.4810126582278481,,0.3,0.410958904109589,0.06976744186046512,0.0625,0.16666666666666666,16.295025728987994,0.625,,0.03968253968253968,0.018633540372670808,0.104,0.05319148936170213,0.07171314741035857,0.03137254901960784,,0.03896103896103896,,0.0641025641025641,,0.1,0.015873015873015872,0.030303030303030304,0.07291666666666667,0.20689655172413793,0.024390243902439025,,0.2191780821917808,0.5625,0.6,0.5555555555555556,0.1643835616438356,0.3333333333333333,0.4,0.25,0.2054794520547945,0.2,0.2,0.6666666666666666,0.0410958904109589,0.6666666666666666,0.6666666666666666,1.0,0.3698630136986301,0.2962962962962963,0.3333333333333333,1.0,0.14285714285714285,,,,,0.2,,0.6,0.3333333333333333,0.6301369863013698,0.2962962962962963,0.5276349315068494,0.61688,0.53647,0.08860759493670886,0.10638297872340426,,0.039473684210526314,8.720930232558139,24.5,0.14285714285714285,0.375,0.16666666666666666,0.1,0.11259541984732824,,,4.0,,,3.0,,2.0,0.1,0.1111111111111111,,0.5714285714285714,,,,1.0,,,,1.0,,0.0625,,,3.0,,,1.0,,,0.125,,,,
wnba,wnba_totals,totals,player_totals,get-totals,2025,Playoffs,season,"{'Type': 'Player', 'Season': '2025', 'SeasonType': 'Playoffs'}",totals,get-totals__player_totals__type-Player__season-2025__season_type-Playoffs__513e9b1d,get-totals,https://api.pbpstats.com/get-totals/wnba?Type=Player&Season=2025&SeasonType=Playoffs,200,10,1631086,1611661325,Lexie Hull,Lexie Hull,1631086,IND,16065.0,8,268.0,9.0,519,518,121.0,95.0,70.0,1037,4.0,8.0,1.0,3.0,2.0,4.0,6.0,17.0,5.0,13.0,5.0,20.0,,4.0,8.0,24.0,2.0,4.0,15.0,38.0,13.0,44.0,13.0,82.0,539,3.0,7.0,1.0,8.0,1.0,10.0,4.0,12.0,4.0,10.0,5.0,25.0,24.0,6.0,36.0,,24.0,8.0,4.0,14.0,2.0,16.0,2.0,,12.0,1.0,1.0,34.0,6.0,2.0,10.0,19.0,3.0,32.0,8.0,40.0,,7.0,5.0,2.0,10.0,2.0,5.0,5.0,1.0,5.0,,15.0,3.0,2.0,10.0,25.0,1.0,22.0,,4.0,8.0,18.0,,,5.0,4.0,5.0,,,3.0,,,2.0,5.0,3.0,72.0,23.0,116.0,,3.0,14.0,11.0,16.0,105.58766859344894,104.05405405405406,0.8,0.8,0.9230769230769231,0.29545454545454547,0.125,0.4,0.29545454545454547,0.39473684210526316,0.42857142857142855,0.3333333333333333,0.42073170731707316,0.3,0.45454545454545453,0.45054945054945056,0.3125,0.4807692307692308,0.5365853658536586,0.10526315789473684,0.25,0.058823529411764705,17.549668874172184,0.6666666666666666,0.3,0.11515151515151516,0.012121212121212121,0.12987012987012986,0.07407407407407407,0.11983471074380166,0.032520325203252036,,,0.05263157894736842,0.1,,0.10416666666666667,0.1111111111111111,0.14814814814814814,0.14516129032258066,0.06666666666666667,,0.6,0.0975609756097561,0.5,0.6666666666666666,1.0,0.2073170731707317,0.35294117647058826,0.375,0.5,0.15853658536585366,0.38461538461538464,0.4166666666666667,1.0,0.24390243902439024,0.25,0.25,1.0,0.2926829268292683,0.3333333333333333,0.3333333333333333,0.875,0.2,0.3333333333333333,0.26666666666666666,,,0.18181818181818182,0.5,0.18181818181818182,0.5,0.6341463414634146,0.3333333333333333,0.48970121951219514,0.5376541666666667,0.49675454545454545,0.05747126436781609,0.11627906976744186,0.12195121951219512,0.3048780487804878,10.56842105263158,24.338636363636365,0.5,0.2,,0.25806451612903225,0.23314065510597304,6.0,1.0,4.0,3.0,,,,,,,1.0,0.26666666666666666,0.25,,0.2727272727272727,5.0,,,1.0,,,,,,,0.07692307692307693,2.0,,,,,0.3333333333333333,,,
wnba,wnba_totals,totals,player_totals,get-totals,2025,Playoffs,season,"{'Type': 'Player', 'Season': '2025', 'SeasonType': 'Playoffs'}",totals,get-totals__player_totals__type-Player__season-2025__season_type-Playoffs__513e9b1d,get-totals,https://api.pbpstats.com/get-totals/wnba?Type=Player&Season=2025&SeasonType=Playoffs,200,11,1628909,1611661325,Kelsey Mitchell,Kelsey Mitchell,1628909,IND,15657.0,8,261.0,3.0,517,517,149.0,108.0,75.0,1034,25.0,42.0,1.0,1.0,7.0,12.0,6.0,21.0,7.0,26.0,1.0,3.0,1.0,1.0,20.0,46.0,7.0,15.0,38.0,89.0,21.0,49.0,39.0,178.0,527,2.0,5.0,6.0,9.0,2.0,24.0,10.0,26.0,7.0,16.0,17.0,58.0,34.0,42.0,42.0,2.0,46.0,20.0,10.0,17.0,7.0,24.0,5.0,2.0,11.0,4.0,2.0,55.0,2.0,2.0,2.0,6.0,,8.0,4.0,12.0,2.0,8.0,6.0,2.0,11.0,4.0,5.0,7.0,2.0,6.0,1.0,18.0,1.0,3.0,8.0,18.0,,32.0,,,2.0,45.0,6.0,5.0,20.0,3.0,2.0,,,2.0,,,,2.0,2.0,154.0,56.0,144.0,1.0,2.0,4.0,7.0,,102.51450676982591,101.93423597678917,0.4473684210526316,0.4594594594594595,0.6666666666666666,0.42857142857142855,0.6666666666666666,0.4375,0.42857142857142855,0.42696629213483145,0.4,0.38461538461538464,0.5036231884057971,0.7857142857142857,0.4880952380952381,0.5612903225806452,0.8,0.5612244897959183,0.35507246376811596,0.11235955056179775,0.14285714285714285,0.14285714285714285,28.500823723228994,0.6111111111111112,,0.03896103896103896,0.011560693641618497,0.028169014084507043,0.024390243902439025,0.035555555555555556,0.01568627450980392,,,0.05128205128205128,0.03225806451612903,,0.02,0.05063291139240506,0.04,0.017543859649122806,0.07142857142857142,0.029411764705882353,1.0,0.30434782608695654,0.5952380952380952,0.6944444444444444,0.44,0.15217391304347827,0.2857142857142857,0.3333333333333333,0.6666666666666666,0.18840579710144928,0.2692307692307692,0.28,0.2857142857142857,0.021739130434782608,0.3333333333333333,0.3333333333333333,1.0,0.3333333333333333,0.43478260869565216,0.43478260869565216,0.65,0.07142857142857142,1.0,0.07142857142857142,1.0,1.0,0.2857142857142857,0.5833333333333334,0.35714285714285715,0.4666666666666667,0.6594202898550725,0.43478260869565216,0.5022528985507246,0.5110375,0.48289166666666666,0.13157894736842105,0.1941747572815534,0.1348314606741573,0.3258426966292135,8.061797752808989,24.828571428571426,0.29411764705882354,0.26666666666666666,0.5,0.5,0.28820116054158607,1.0,5.0,8.0,21.0,,,,,,,,0.5714285714285714,0.625,0.6,0.023809523809523808,,,,,,,,,,,0.038461538461538464,,,,,,,,,
wnba,wnba_totals,totals,player_totals,get-totals,2025,Playoffs,season,"{'Type': 'Player', 'Season': '2025', 'SeasonType': 'Playoffs'}",totals,get-totals__player_totals__type-Player__season-2025__season_type-Playoffs__513e9b1d,get-totals,https://api.pbpstats.com/get-totals/wnba?Type=Player&Season=2025&SeasonType=Playoffs,200,12,1628244,1611661317,Sami Whitcomb,Sami Whitcomb,1628244,PHX,15162.0,11,253.0,32.0,501,498,124.0,117.0,55.0,999,5.0,12.0,,1.0,1.0,1.0,5.0,12.0,,2.0,4.0,12.0,,1.0,9.0,42.0,,9.0,10.0,26.0,13.0,54.0,6.0,65.0,488,,3.0,2.0,6.0,,6.0,1.0,4.0,,11.0,5.0,7.0,10.0,10.0,36.0,,41.0,9.0,6.0,20.0,8.0,28.0,7.0,1.0,7.0,10.0,3.0,64.0,4.0,1.0,9.0,6.0,1.0,16.0,5.0,21.0,,13.0,7.0,6.0,10.0,1.0,9.0,2.0,,1.0,,12.0,,2.0,7.0,15.0,,9.0,,1.0,1.0,9.0,1.0,1.0,1.0,4.0,1.0,1.0,,1.0,1.0,,,2.0,1.0,59.0,7.0,119.0,2.0,3.0,,,,103.79241516966069,97.99196787148594,0.5,0.5,0.9230769230769231,0.24074074074074073,0.3333333333333333,,0.24528301886792453,0.38461538461538464,,0.25,0.36875,0.3333333333333333,0.06666666666666667,0.3869047619047619,0.3333333333333333,0.19444444444444445,0.675,0.23076923076923078,0.16666666666666666,0.25,16.75485008818342,0.8333333333333334,0.08333333333333333,0.04,0.007874015748031496,0.09,0.03418803418803419,0.06,0.020491803278688523,,0.01818181818181818,,0.011494252873563218,0.1,,0.05555555555555555,0.046511627906976744,0.10256410256410256,0.045454545454545456,,0.5,0.15,0.4166666666666667,0.5,0.4,0.15,0.4166666666666667,0.5555555555555556,0.6,0.025,,,,0.15,0.3333333333333333,0.4,1.0,0.525,0.21428571428571427,0.21951219512195122,0.8888888888888888,0.1111111111111111,,0.1111111111111111,,,0.06666666666666667,1.0,0.6,,0.825,0.21951219512195122,0.5003835443037974,0.5409200000000001,0.39449285714285715,0.0125,0.038461538461538464,0.09230769230769231,0.1076923076923077,5.507692307692308,25.58888888888889,0.5714285714285714,0.2857142857142857,,0.2702702702702703,0.24750499001996007,2.0,2.0,5.0,3.0,1.0,3.0,,,0.05555555555555555,0.023809523809523808,,0.5555555555555556,0.4,1.0,0.13333333333333333,,,,,,,,,,,0.5,,,,0.16666666666666666,,,,,
wnba,wnba_totals,totals,player_totals,get-totals,2025,Playoffs,season,"{'Type': 'Player', 'Season': '2025', 'SeasonType': 'Playoffs'}",totals,get-totals__player_totals__type-Player__season-2025__season_type-Playoffs__513e9b1d,get-totals,https://api.pbpstats.com/get-totals/wnba?Type=Player&Season=2025&SeasonType=Playoffs,200,13,1641648,1611661325,Aliyah Boston,Aliyah Boston,1641648,IND,15108.0,8,252.0,-1.0,491,488,126.0,88.0,71.0,979,26.0,44.0,5.0,9.0,6.0,13.0,13.0,34.0,1.0,6.0,,1.0,,,1.0,8.0,1.0,4.0,40.0,84.0,1.0,9.0,17.0,100.0,512,10.0,21.0,,1.0,2.0,22.0,9.0,20.0,1.0,4.0,13.0,34.0,52.0,28.0,3.0,6.0,8.0,1.0,8.0,22.0,11.0,33.0,9.0,2.0,14.0,5.0,3.0,77.0,9.0,14.0,17.0,47.0,4.0,68.0,23.0,91.0,4.0,4.0,4.0,,8.0,1.0,4.0,7.0,,4.0,,15.0,4.0,4.0,8.0,28.0,3.0,33.0,,2.0,2.0,25.0,1.0,,4.0,9.0,2.0,1.0,1.0,1.0,,,1.0,3.0,2.0,78.0,34.0,121.0,3.0,9.0,11.0,9.0,2.0,104.0733197556008,104.91803278688525,0.65,0.7027027027027027,1.0,0.1111111111111111,,0.25,0.1111111111111111,0.47619047619047616,0.47619047619047616,0.45,0.44623655913978494,0.45454545454545453,0.4375,0.47619047619047616,0.4583333333333333,0.5,0.0967741935483871,0.09523809523809523,0.09090909090909091,0.11764705882352941,20.654044750430295,0.5333333333333333,0.3333333333333333,0.3263888888888889,0.08383233532934131,0.2537313432835821,0.1111111111111111,0.3033175355450237,0.09274193548387097,0.03225806451612903,0.12121212121212122,0.10256410256410256,0.13333333333333333,0.047619047619047616,0.40425531914893614,0.29333333333333333,0.2727272727272727,0.25,0.2727272727272727,0.09302325581395349,0.6666666666666666,0.4731182795698925,0.5909090909090909,0.65,0.5769230769230769,0.3655913978494624,0.38235294117647056,0.43333333333333335,0.7692307692307693,0.06451612903225806,0.16666666666666666,0.16666666666666666,1.0,0.010752688172043012,,,,0.08602150537634409,0.125,0.125,1.0,0.4090909090909091,0.5555555555555556,,,,0.5416666666666666,0.46153846153846156,0.16666666666666666,0.25,0.5698924731182796,0.125,0.4927059139784946,0.4442264705882353,0.49524375,0.041666666666666664,0.04597701149425287,0.22,0.34,5.039285714285715,24.700000000000003,0.23529411764705882,0.4,0.4,0.5,0.25661914460285135,,,1.0,,,,,,,,0.4,0.045454545454545456,,,,4.0,,1.0,3.0,15.0,,,1.0,,,,,,,,,,,2.0,
wnba,wnba_totals,totals,player_totals,get-totals,2025,Playoffs,season,"{'Type': 'Player', 'Season': '2025', 'SeasonType': 'Playoffs'}",totals,get-totals__player_totals__type-Player__season-2025__season_type-Playoffs__513e9b1d,get-totals,https://api.pbpstats.com/get-totals/wnba?Type=Player&Season=2025&SeasonType=Playoffs,200,14,1630389,1611661319,Dana Evans,Dana Evans,1630389,LVA,14167.0,12,236.0,58.0,466,460,123.0,135.0,52.0,926,9.0,13.0,,,2.0,4.0,9.0,25.0,3.0,11.0,4.0,5.0,1.0,1.0,12.0,25.0,1.0,4.0,21.0,49.0,16.0,30.0,11.0,101.0,470,1.0,3.0,2.0,2.0,2.0,10.0,7.0,18.0,1.0,5.0,8.0,25.0,6.0,36.0,45.0,,24.0,12.0,4.0,24.0,11.0,35.0,7.0,4.0,8.0,10.0,6.0,81.0,2.0,,3.0,6.0,1.0,10.0,2.0,12.0,,7.0,3.0,4.0,8.0,2.0,7.0,4.0,2.0,1.0,,12.0,,2.0,14.0,26.0,,11.0,,1.0,2.0,11.0,1.0,,2.0,4.0,,,,,,,,,,91.0,23.0,119.0,2.0,3.0,5.0,6.0,,113.30472103004291,102.17391304347827,0.14285714285714285,0.14285714285714285,0.9375,0.5333333333333333,1.0,0.2,0.5517241379310345,0.42857142857142855,0.3333333333333333,0.3888888888888889,0.569620253164557,0.8,0.3695652173913043,0.6011904761904762,0.8333333333333334,0.46296296296296297,0.379746835443038,0.08163265306122448,,0.12,18.355640535372846,0.6666666666666666,0.07692307692307693,0.05263157894736842,,0.03614457831325301,0.02631578947368421,0.04568527918781726,0.009569377990430622,,,,0.01818181818181818,0.047619047619047616,0.045454545454545456,0.05970149253731343,0.04,0.029411764705882353,0.06666666666666667,,,0.16455696202531644,0.6923076923076923,0.6923076923076923,0.1111111111111111,0.31645569620253167,0.36,0.4090909090909091,0.1111111111111111,0.13924050632911392,0.2727272727272727,0.3,0.3333333333333333,0.06329113924050633,0.8,0.8,1.0,0.31645569620253167,0.48,0.48,0.9166666666666666,,,0.2,1.0,1.0,0.17391304347826086,0.5,0.17391304347826086,0.25,0.5443037974683544,0.5,0.4647455128205128,0.48911666666666664,0.4353108695652174,0.025,0.04,0.09900990099009901,0.24752475247524752,8.5,26.243333333333332,0.25,0.06666666666666667,0.16666666666666666,0.25,0.26394849785407726,1.0,1.0,1.0,3.0,1.0,,,,,,,0.2,1.0,1.0,0.043478260869565216,,,2.0,,1.0,,,,,,0.09090909090909091,,,,,,,,,
wnba,wnba_totals,totals,player_totals,get-totals,2025,Playoffs,season,"{'Type': 'Player', 'Season': '2025', 'SeasonType': 'Playoffs'}",totals,get-totals__player_totals__type-Player__season-2025__season_type-Playoffs__513e9b1d,get-totals,https://api.pbpstats.com/get-totals/wnba?Type=Player&Season=2025&SeasonType=Playoffs,200,15,203824,1611661325,Odyssey Sims,Odyssey Sims,203824,IND,14086.0,8,235.0,-5.0,463,456,92.0,82.0,56.0,919,11.0,26.0,,,3.0,5.0,13.0,31.0,7.0,15.0,1.0,4.0,,1.0,4.0,11.0,,4.0,31.0,72.0,5.0,15.0,36.0,113.0,489,,1.0,,1.0,,,4.0,7.0,,5.0,14.0,22.0,16.0,46.0,15.0,,11.0,4.0,7.0,32.0,3.0,35.0,2.0,1.0,15.0,15.0,2.0,73.0,1.0,2.0,9.0,6.0,,15.0,3.0,18.0,1.0,11.0,7.0,4.0,14.0,3.0,11.0,7.0,,3.0,3.0,21.0,,6.0,3.0,13.0,1.0,35.0,,2.0,3.0,42.0,2.0,,18.0,4.0,,,,,,,,,,113.0,18.0,87.0,2.0,1.0,,,,104.53563714902808,107.23684210526316,0.25806451612903225,0.25806451612903225,1.0,0.3333333333333333,,,0.3333333333333333,0.4305555555555556,,0.5714285714285714,0.4425287356321839,,0.3333333333333333,0.5280373831775701,,0.55,0.1724137931034483,0.09722222222222222,0.11538461538461539,0.12903225806451613,24.015009380863038,0.6666666666666666,,0.041666666666666664,0.014184397163120567,0.1323529411764706,0.014705882352941176,0.07075471698113207,0.014354066985645933,,0.03076923076923077,,,0.0625,0.021739130434782608,0.05128205128205128,0.05,0.14814814814814814,0.07142857142857142,0.022727272727272728,,0.2988505747126437,0.4230769230769231,0.4782608695652174,0.36363636363636365,0.3563218390804598,0.41935483870967744,0.48148148148148145,0.07692307692307693,0.1724137931034483,0.4666666666666667,0.4666666666666667,0.42857142857142855,0.04597701149425287,0.25,0.25,1.0,0.12643678160919541,0.36363636363636365,0.36363636363636365,1.0,,,0.5,,,0.4166666666666667,0.6,0.3333333333333333,,0.47126436781609193,0.36363636363636365,0.49193333333333333,,0.5589875,0.17475728155339806,0.20454545454545456,,0.19469026548672566,7.606944444444445,24.78666666666667,0.2,0.3333333333333333,0.5,0.3,0.19870410367170627,1.0,,,,,,,,,,,,,,0.08333333333333333,1.0,,,,,,,,,,,,,,,,,,,
wnba,wnba_totals,totals,player_totals,get-totals,2025,Playoffs,season,"{'Type': 'Player', 'Season': '2025', 'SeasonType': 'Playoffs'}",totals,get-totals__player_totals__type-Player__season-2025__season_type-Playoffs__513e9b1d,get-totals,https://api.pbpstats.com/get-totals/wnba?Type=Player&Season=2025&SeasonType=Playoffs,200,16,203825,1611661324,Kayla McBride,Kayla McBride,203825,MIN,12056.0,6,201.0,11.0,428,432,57.0,59.0,43.0,860,8.0,14.0,1.0,2.0,1.0,2.0,9.0,19.0,4.0,13.0,3.0,6.0,,,17.0,36.0,2.0,4.0,21.0,46.0,20.0,42.0,18.0,120.0,434,4.0,7.0,3.0,6.0,3.0,20.0,2.0,4.0,3.0,6.0,,13.0,28.0,14.0,48.0,,36.0,17.0,3.0,12.0,4.0,16.0,1.0,3.0,4.0,5.0,3.0,36.0,1.0,2.0,9.0,9.0,1.0,19.0,3.0,22.0,3.0,7.0,5.0,2.0,6.0,,3.0,1.0,1.0,3.0,,7.0,1.0,1.0,1.0,6.0,,17.0,1.0,1.0,,18.0,2.0,2.0,7.0,1.0,2.0,,,2.0,,,,2.0,2.0,100.0,13.0,56.0,,,,2.0,,103.97196261682242,100.46296296296296,0.6666666666666666,0.6666666666666666,0.8,0.47619047619047616,0.5,0.5,0.47619047619047616,0.45652173913043476,0.5714285714285714,0.5,0.5795454545454546,0.6538461538461539,0.65,0.6210526315789474,0.6666666666666666,0.65,0.4772727272727273,0.06521739130434782,0.07142857142857142,0.10526315789473684,21.17400419287212,0.8571428571428571,0.1111111111111111,0.06976744186046512,0.017699115044247787,0.1111111111111111,0.011111111111111112,0.08571428571428572,0.014778325123152709,,0.022727272727272728,0.02702702702702703,0.013333333333333334,,0.14893617021276595,0.037037037037037035,,0.11666666666666667,0.09523809523809523,0.07142857142857142,1.0,0.1590909090909091,0.5714285714285714,0.6153846153846154,0.625,0.2159090909090909,0.47368421052631576,0.5294117647058824,0.6666666666666666,0.14772727272727273,0.3076923076923077,0.3076923076923077,0.75,0.06818181818181818,0.5,0.5,1.0,0.4090909090909091,0.4722222222222222,0.4722222222222222,0.7647058823529411,0.15384615384615385,0.5,,,,0.2,0.5,0.4,0.5,0.6363636363636364,0.4722222222222222,0.4771744318181818,0.5029166666666667,0.44007500000000005,0.0851063829787234,0.13725490196078433,0.16666666666666666,0.10833333333333334,9.23913043478261,25.904761904761905,,0.4,0.125,0.19047619047619047,0.13317757009345793,2.0,3.0,6.0,12.0,,,,1.0,,,1.0,0.46153846153846156,0.5,1.0,0.2,,,,,,,0.023255813953488372,,,,,1.0,,,,,0.5,,,
wnba,wnba_totals,totals,player_totals,get-totals,2025,Playoffs,season,"{'Type': 'Player', 'Season': '2025', 'SeasonType': 'Playoffs'}",totals,get-totals__player_totals__type-Player__season-2025__season_type-Playoffs__513e9b1d,get-totals,https://api.pbpstats.com/get-totals/wnba?Type=Player&Season=2025&SeasonType=Playoffs,200,17,203827,1611661325,Natasha Howard,Natasha Howard,203827,IND,11716.0,8,195.0,1.0,382,385,71.0,66.0,53.0,767,21.0,30.0,7.0,11.0,2.0,4.0,10.0,25.0,,2.0,,,,,,7.0,,2.0,31.0,57.0,,7.0,13.0,75.0,402,7.0,13.0,,,1.0,15.0,3.0,8.0,,2.0,,6.0,46.0,16.0,,12.0,7.0,,8.0,8.0,8.0,16.0,6.0,2.0,2.0,4.0,2.0,40.0,6.0,12.0,9.0,21.0,2.0,32.0,18.0,50.0,3.0,5.0,4.0,1.0,9.0,1.0,5.0,8.0,1.0,4.0,2.0,17.0,1.0,2.0,9.0,21.0,2.0,17.0,,,3.0,16.0,2.0,,9.0,,1.0,,,,,,1.0,1.0,1.0,60.0,6.0,71.0,2.0,,8.0,,2.0,105.49738219895288,104.41558441558442,0.7419354838709677,0.92,,,,,,0.543859649122807,0.5384615384615384,0.375,0.484375,0.5384615384615384,0.3,0.528169014084507,0.5357142857142857,0.3,0.109375,0.14035087719298245,0.06666666666666667,0.24,19.775280898876403,0.5294117647058824,0.25,0.1794871794871795,0.09448818897637795,0.15254237288135594,0.10526315789473684,0.17045454545454544,0.09782608695652174,0.08333333333333333,0.09259259259259259,0.12,0.14634146341463414,,0.11764705882352941,0.23809523809523808,0.1,0.1702127659574468,0.08333333333333333,0.13043478260869565,1.0,0.46875,0.7,0.75,0.6666666666666666,0.390625,0.4,0.5263157894736842,0.9,0.03125,,,,,,,,0.109375,,,,0.8461538461538461,0.6363636363636364,,,,0.4,0.5,0.2,,0.578125,,0.5066039682539683,0.5771000000000001,0.48266111111111115,0.1267605633802817,0.140625,0.2,0.08,4.426315789473684,26.585714285714285,0.4444444444444444,0.38461538461538464,,0.5,0.18586387434554974,,,,,,,,,,,,,,,,4.0,1.0,,,,,,1.0,,,,,,,,,,,,
wnba,wnba_totals,totals,player_totals,get-totals,2025,Playoffs,season,"{'Type': 'Player', 'Season': '2025', 'SeasonType': 'Playoffs'}",totals,get-totals__player_totals__type-Player__season-2025__season_type-Playoffs__513e9b1d,get-totals,https://api.pbpstats.com/get-totals/wnba?Type=Player&Season=2025&SeasonType=Playoffs,200,18,1627675,1611661324,Courtney Williams,Courtney Williams,1627675,MIN,11076.0,6,185.0,13.0,389,383,52.0,66.0,40.0,772,9.0,13.0,,,,1.0,9.0,17.0,18.0,43.0,,3.0,,2.0,6.0,19.0,1.0,5.0,36.0,73.0,6.0,22.0,4.0,94.0,392,1.0,1.0,1.0,7.0,,5.0,2.0,4.0,1.0,5.0,2.0,9.0,26.0,46.0,18.0,,19.0,6.0,,21.0,15.0,36.0,12.0,3.0,14.0,6.0,1.0,87.0,,1.0,20.0,11.0,,31.0,1.0,32.0,,16.0,9.0,7.0,10.0,3.0,8.0,7.0,1.0,2.0,2.0,17.0,1.0,1.0,6.0,13.0,,7.0,,1.0,1.0,5.0,2.0,1.0,2.0,1.0,1.0,,,,,,1.0,1.0,,89.0,7.0,51.0,,,7.0,10.0,4.0,104.11311053984575,102.34986945169713,0.3611111111111111,0.3611111111111111,1.0,0.2727272727272727,0.14285714285714285,0.2,0.2727272727272727,0.4931506849315068,1.0,0.5,0.47368421052631576,0.3125,0.3888888888888889,0.484375,0.3125,0.45,0.23157894736842105,,,,26.157407407407405,0.5882352941176471,,0.1,0.009900990099009901,0.25,,0.1631578947368421,0.00546448087431694,0.03333333333333333,,,,,0.07692307692307693,0.13333333333333333,0.07692307692307693,0.2857142857142857,0.11764705882352941,,,0.1368421052631579,0.6923076923076923,0.6923076923076923,,0.17894736842105263,0.5294117647058824,0.5294117647058824,0.3333333333333333,0.45263157894736844,0.4186046511627907,0.4186046511627907,0.5555555555555556,0.031578947368421054,,,,0.2,0.3157894736842105,0.3157894736842105,1.0,,,0.25,,,0.1111111111111111,,0.5555555555555556,0.2,0.3684210526315789,0.3157894736842105,0.4475973684210526,0.4915,0.42969444444444443,0.021052631578947368,0.0273972602739726,0.05319148936170213,0.09574468085106383,13.226027397260275,24.936363636363637,0.25,0.14285714285714285,0.32,0.25,0.13367609254498714,,1.0,5.0,,,,,,,,,0.625,0.2,1.0,,1.0,,,,,,,,,5.0,,,,,,,,,,
wnba,wnba_totals,totals,player_totals,get-totals,2025,Playoffs,season,"{'Type': 'Player', 'Season': '2025', 'SeasonType': 'Playoffs'}",totals,get-totals__player_totals__type-Player__season-2025__season_type-Playoffs__513e9b1d,get-totals,https://api.pbpstats.com/get-totals/wnba?Type=Player&Season=2025&SeasonType=Playoffs,200,19,1629524,1611661324,Bridget Carleton,Bridget Carleton,1629524,MIN,9675.0,6,161.0,22.0,330,327,35.0,26.0,31.0,657,,3.0,,,,,2.0,6.0,,1.0,4.0,7.0,,,3.0,12.0,1.0,2.0,2.0,10.0,7.0,19.0,5.0,30.0,318,,1.0,,,,,,1.0,1.0,2.0,,3.0,,4.0,21.0,,12.0,3.0,1.0,6.0,3.0,9.0,2.0,1.0,4.0,,2.0,21.0,4.0,2.0,9.0,8.0,2.0,19.0,6.0,25.0,,4.0,3.0,1.0,1.0,2.0,,4.0,,1.0,1.0,5.0,,1.0,7.0,15.0,1.0,8.0,1.0,2.0,,5.0,1.0,,3.0,,2.0,,,,,2.0,,2.0,2.0,30.0,3.0,34.0,,,7.0,10.0,22.0,103.03030303030303,97.24770642201835,,,1.0,0.3684210526315789,,0.5,0.3684210526315789,0.2,,,0.43103448275862066,,0.5,0.4838709677419355,,0.5,0.6551724137931034,0.1,,0.16666666666666666,9.863013698630137,0.2,0.2222222222222222,0.08421052631578947,0.024096385542168676,0.140625,0.056338028169014086,0.1069182389937107,0.03896103896103896,,,0.06666666666666667,0.06896551724137931,,0.09375,0.09090909090909091,0.05263157894736842,0.09803921568627451,0.3076923076923077,,1.0,0.10344827586206896,,,,0.20689655172413793,0.3333333333333333,0.4,,0.034482758620689655,,,,0.2413793103448276,0.5714285714285714,0.5714285714285714,1.0,0.41379310344827586,0.25,0.25,1.0,,,,,,,,0.6666666666666666,0.5,0.7586206896551724,0.25,0.49901724137931036,,0.50515,0.0967741935483871,0.25,,0.1,8.120000000000001,24.33157894736842,0.6666666666666666,0.25,,0.3333333333333333,0.10606060606060606,,,,,,,,,,,,,,,,1.0,,,,,,,,,,,,,,,,,,,
wnba,wnba_totals,totals,player_totals,get-totals,2025,Playoffs,season,"{'Type': 'Player', 'Season': '2025', 'SeasonType': 'Playoffs'}",totals,get-totals__player_totals__type-Player__season-2025__season_type-Playoffs__513e9b1d,get-totals,https://api.pbpstats.com/get-totals/wnba?Type=Player&Season=2025&SeasonType=Playoffs,200,20,1629483,1611661324,Napheesa Collier,Napheesa Collier,1629483,MIN,9250.0,5,154.0,1.0,338,338,57.0,32.0,37.0,676,9.0,16.0,1.0,1.0,2.0,2.0,19.0,28.0,8.0,11.0,2.0,3.0,,,5.0,22.0,,2.0,36.0,55.0,7.0,25.0,10.0,103.0,344,3.0,3.0,1.0,3.0,,9.0,9.0,13.0,,2.0,5.0,23.0,48.0,24.0,21.0,4.0,22.0,5.0,5.0,6.0,6.0,12.0,6.0,,,4.0,2.0,30.0,6.0,3.0,3.0,20.0,2.0,25.0,9.0,34.0,,5.0,4.0,1.0,9.0,1.0,2.0,4.0,,7.0,,13.0,,3.0,7.0,15.0,3.0,17.0,,2.0,,14.0,2.0,2.0,6.0,1.0,5.0,,,2.0,,,3.0,5.0,3.0,94.0,23.0,56.0,,1.0,,2.0,6.0,102.07100591715977,101.77514792899409,0.6666666666666666,0.7058823529411765,1.0,0.28,0.3333333333333333,,0.28,0.6545454545454545,1.0,0.6923076923076923,0.58125,0.75,0.6,0.6,0.75,0.6388888888888888,0.3125,0.09090909090909091,0.1875,0.07142857142857142,25.721784776902886,0.6923076923076923,0.2857142857142857,0.19801980198019803,0.03571428571428571,0.047619047619047616,0.07792207792207792,0.1402439024390244,0.055900621118012424,,0.06896551724137931,0.03571428571428571,0.09375,,0.21052631578947367,0.15217391304347827,0.29411764705882354,0.057692307692307696,,,0.6,0.2,0.5625,0.6923076923076923,0.7777777777777778,0.35,0.6785714285714286,0.7307692307692307,0.5263157894736842,0.1375,0.7272727272727273,0.7272727272727273,0.875,0.0375,0.6666666666666666,0.6666666666666666,1.0,0.275,0.22727272727272727,0.23809523809523808,1.0,0.16666666666666666,1.0,,,,0.13333333333333333,1.0,0.13333333333333333,,0.5125,0.22727272727272727,0.468955625,0.45964999999999995,0.41841333333333336,0.07142857142857142,0.1016949152542373,0.08737864077669903,0.22330097087378642,8.258181818181818,24.328000000000003,0.14285714285714285,,,0.2777777777777778,0.16863905325443787,,1.0,3.0,,,1.0,1.0,,0.04,0.045454545454545456,,0.5,0.3333333333333333,1.0,,1.0,,,,2.0,,,,,,,,,,,,,,,
wnba,wnba_totals,totals,player_totals,get-totals,2025,Playoffs,season,"{'Type': 'Player', 'Season': '2025', 'SeasonType': 'Playoffs'}",totals,get-totals__player_totals__type-Player__season-2025__season_type-Playoffs__513e9b1d,get-totals,https://api.pbpstats.com/get-totals/wnba?Type=Player&Season=2025&SeasonType=Playoffs,200,21,1630442,1611661317,Natasha Mack,Natasha Mack,1630442,PHX,9210.0,11,154.0,-33.0,302,308,19.0,36.0,25.0,610,7.0,13.0,2.0,6.0,,,7.0,11.0,1.0,2.0,,1.0,,1.0,,,,,15.0,26.0,,1.0,2.0,32.0,314,2.0,6.0,,1.0,,4.0,,1.0,,,2.0,2.0,26.0,4.0,,4.0,,,1.0,,8.0,8.0,8.0,,,,,24.0,3.0,12.0,12.0,14.0,2.0,28.0,15.0,43.0,1.0,4.0,3.0,1.0,3.0,,,1.0,,3.0,1.0,4.0,,,5.0,10.0,,5.0,,2.0,,2.0,,,,1.0,8.0,,,3.0,,1.0,4.0,8.0,6.0,28.0,2.0,18.0,1.0,1.0,6.0,,,93.04635761589404,101.94805194805194,0.8666666666666667,1.0,,,,,,0.5769230769230769,0.3333333333333333,,0.5555555555555556,0.2857142857142857,,0.5714285714285714,0.2857142857142857,0.5,0.037037037037037035,0.038461538461538464,0.07692307692307693,,9.552238805970148,0.75,0.5,0.1891891891891892,0.12903225806451613,0.14285714285714285,0.05084745762711865,0.16455696202531644,0.09868421052631579,0.14285714285714285,0.15217391304347827,0.05263157894736842,0.058823529411764705,,0.1111111111111111,0.21052631578947367,0.2222222222222222,0.16666666666666666,0.05555555555555555,0.09090909090909091,0.75,0.48148148148148145,0.5384615384615384,0.5833333333333334,0.7142857142857143,0.4074074074074074,0.6363636363636364,0.6363636363636364,1.0,0.07407407407407407,0.5,0.5,1.0,0.037037037037037035,,,,,,,,0.8571428571428571,0.3333333333333333,0.14285714285714285,,,,,,,0.5185185185185185,,0.5248055555555555,0.6805399999999999,0.3842,,,0.125,0.0625,5.253846153846154,23.4,0.16666666666666666,,,1.0,0.06291390728476821,,,,,,,,,,,,,,,,1.0,,,,,,,,,,,,,,,,,,,1.0
wnba,wnba_totals,totals,player_totals,get-totals,2025,Playoffs,season,"{'Type': 'Player', 'Season': '2025', 'SeasonType': 'Playoffs'}",totals,get-totals__player_totals__type-Player__season-2025__season_type-Playoffs__513e9b1d,get-totals,https://api.pbpstats.com/get-totals/wnba?Type=Player&Season=2025&SeasonType=Playoffs,200,22,1629488,1611661325,Brianna Turner,Brianna Turner,1629488,IND,8546.0,8,142.0,-27.0,279,282,107.0,100.0,34.0,561,7.0,10.0,1.0,2.0,3.0,4.0,1.0,1.0,,1.0,,,,,,,,,8.0,12.0,,,3.0,19.0,297,1.0,2.0,,,,2.0,4.0,6.0,,,2.0,10.0,14.0,2.0,,2.0,,,,3.0,2.0,5.0,2.0,,2.0,1.0,,12.0,3.0,6.0,5.0,14.0,,19.0,9.0,28.0,,7.0,4.0,3.0,3.0,,1.0,4.0,1.0,2.0,1.0,7.0,1.0,4.0,3.0,12.0,1.0,4.0,,,1.0,4.0,,,1.0,1.0,4.0,,,1.0,,,3.0,4.0,1.0,17.0,10.0,103.0,2.0,1.0,,,,96.77419354838709,105.31914893617022,0.875,1.0,,,,,,0.6666666666666666,0.5,0.6666666666666666,0.6666666666666666,0.5,0.6666666666666666,0.6785714285714286,0.5,0.7142857142857143,,,,,6.70926517571885,0.42857142857142855,,0.15384615384615385,0.07792207792207792,0.10204081632653061,0.07317073170731707,0.1357142857142857,0.07627118644067797,0.047619047619047616,0.15151515151515152,,0.09375,,0.2,0.14285714285714285,0.11764705882352941,0.08108108108108109,0.16666666666666666,,0.25,0.8333333333333334,0.7,0.7,0.8571428571428571,0.08333333333333333,1.0,1.0,1.0,0.08333333333333333,,,,,,,,,,,,1.0,0.5,,,,0.6666666666666666,0.75,,,0.8333333333333334,,0.5257916666666667,0.65155,0.5092166666666667,0.07692307692307693,0.07692307692307693,0.10526315789473684,0.5263157894736842,3.4333333333333336,,,,,,0.3835125448028674,,,,,,,,,,,,,,,,2.0,,,,,,,,,3.0,,,,,,,,,,
wnba,wnba_totals,totals,player_totals,get-totals,2025,Playoffs,season,"{'Type': 'Player', 'Season': '2025', 'SeasonType': 'Playoffs'}",totals,get-totals__player_totals__type-Player__season-2025__season_type-Playoffs__513e9b1d,get-totals,https://api.pbpstats.com/get-totals/wnba?Type=Player&Season=2025&SeasonType=Playoffs,200,23,1629501,1611661324,Alanna Smith,Alanna Smith,1629501,MIN,7881.0,6,131.0,17.0,275,279,38.0,29.0,25.0,554,12.0,13.0,2.0,2.0,1.0,1.0,1.0,4.0,,,,6.0,,,2.0,11.0,,3.0,13.0,17.0,2.0,17.0,4.0,36.0,277,2.0,2.0,,,,4.0,1.0,1.0,,3.0,2.0,4.0,20.0,6.0,6.0,4.0,11.0,2.0,,9.0,3.0,12.0,2.0,1.0,1.0,3.0,5.0,27.0,2.0,5.0,7.0,15.0,2.0,24.0,7.0,31.0,1.0,6.0,5.0,1.0,4.0,1.0,4.0,5.0,1.0,,1.0,9.0,1.0,1.0,8.0,18.0,2.0,14.0,,3.0,1.0,7.0,1.0,,3.0,1.0,8.0,1.0,1.0,2.0,,,6.0,9.0,6.0,32.0,4.0,38.0,,1.0,11.0,19.0,,106.9090909090909,99.2831541218638,0.7692307692307693,0.9090909090909091,1.0,0.11764705882352941,,,0.11764705882352941,0.7647058823529411,1.0,1.0,0.47058823529411764,1.0,0.25,0.4864864864864865,1.0,0.3333333333333333,0.5,,,,15.181518151815183,0.4444444444444444,0.3333333333333333,0.189873417721519,0.07692307692307693,0.11864406779661017,0.03225806451612903,0.15942028985507245,0.05511811023622047,0.05555555555555555,0.07692307692307693,0.09523809523809523,0.02127659574468085,0.06666666666666667,0.14285714285714285,0.175,0.2777777777777778,0.10416666666666667,0.18181818181818182,0.05263157894736842,0.6666666666666666,0.38235294117647056,0.9230769230769231,0.9230769230769231,0.75,0.11764705882352941,0.25,0.25,1.0,,,,,0.17647058823529413,,,,0.3235294117647059,0.18181818181818182,0.18181818181818182,1.0,1.0,1.0,,,,0.25,1.0,0.75,,0.8823529411764706,0.18181818181818182,0.5599764705882353,0.67825,0.5993375,0.08333333333333333,0.15789473684210525,0.1111111111111111,0.1111111111111111,2.6411764705882352,24.08235294117647,,0.3333333333333333,,0.06666666666666667,0.13818181818181818,,,,,,,,,,,,,,,,2.0,,,,,,,,,,,,,,,,,,,
wnba,wnba_totals,totals,player_totals,get-totals,2025,Playoffs,season,"{'Type': 'Player', 'Season': '2025', 'SeasonType': 'Playoffs'}",totals,get-totals__player_totals__type-Player__season-2025__season_type-Playoffs__513e9b1d,get-totals,https://api.pbpstats.com/get-totals/wnba?Type=Player&Season=2025&SeasonType=Playoffs,200,24,203035,1611661325,Shey Peddy,Shey Peddy,203035,IND,7776.0,8,130.0,-28.0,251,251,104.0,84.0,26.0,502,4.0,8.0,1.0,2.0,,1.0,5.0,8.0,,2.0,1.0,3.0,,,5.0,14.0,2.0,5.0,9.0,18.0,6.0,17.0,6.0,42.0,273,1.0,2.0,1.0,3.0,,5.0,1.0,4.0,3.0,7.0,3.0,14.0,6.0,12.0,15.0,,14.0,5.0,2.0,4.0,4.0,8.0,3.0,1.0,3.0,,1.0,20.0,1.0,,2.0,9.0,,11.0,1.0,12.0,,5.0,3.0,2.0,5.0,1.0,4.0,2.0,,1.0,1.0,7.0,,4.0,4.0,10.0,,9.0,,1.0,1.0,6.0,1.0,,3.0,1.0,1.0,,,,,,1.0,1.0,1.0,37.0,14.0,103.0,1.0,,,,,97.60956175298806,108.76494023904384,0.3333333333333333,0.3333333333333333,0.8333333333333334,0.35294117647058826,0.3333333333333333,0.42857142857142855,0.35294117647058826,0.5,0.5,0.25,0.5142857142857142,0.5,0.5,0.5526315789473685,0.5,0.5384615384615384,0.4857142857142857,0.1111111111111111,,0.25,15.714285714285715,0.7142857142857143,,0.11842105263157894,,0.05714285714285714,0.02702702702702703,0.0990990990990991,0.009009009009009009,,,,0.03571428571428571,,0.08333333333333333,0.08571428571428572,0.23529411764705882,0.07692307692307693,,,1.0,0.22857142857142856,0.5,0.5,0.25,0.22857142857142856,0.625,0.8333333333333334,0.4,0.05714285714285714,,,,0.08571428571428572,0.3333333333333333,0.3333333333333333,1.0,0.4,0.35714285714285715,0.38461538461538464,0.8,0.4,0.5,,,,0.09090909090909091,,0.45454545454545453,0.4,0.7142857142857143,0.35714285714285715,0.47402857142857147,0.56405,0.4507227272727273,0.08108108108108109,0.15,0.11904761904761904,0.3333333333333333,5.972222222222222,25.08235294117647,,0.6666666666666666,0.5,0.2222222222222222,0.41434262948207173,2.0,1.0,3.0,3.0,,1.0,,,0.058823529411764705,0.07142857142857142,1.0,0.6,0.3333333333333333,1.0,0.18181818181818182,,,,,,,,,,,,1.0,,,,,0.5,,,
wnba,wnba_totals,totals,player_totals,get-totals,2025,Playoffs,season,"{'Type': 'Player', 'Season': '2025', 'SeasonType': 'Playoffs'}",totals,get-totals__player_totals__type-Player__season-2025__season_type-Playoffs__513e9b1d,get-totals,https://api.pbpstats.com/get-totals/wnba?Type=Player&Season=2025&SeasonType=Playoffs,200,25,1628957,1611661317,Kathryn Westbeld,Kathryn Westbeld,1628957,PHX,7683.0,11,128.0,-2.0,259,255,73.0,52.0,31.0,514,2.0,2.0,,,,,2.0,3.0,,1.0,3.0,10.0,,1.0,6.0,14.0,3.0,7.0,4.0,6.0,9.0,24.0,,35.0,259,1.0,2.0,1.0,2.0,,5.0,,1.0,4.0,11.0,,12.0,6.0,2.0,27.0,,14.0,6.0,,3.0,3.0,6.0,3.0,,2.0,,1.0,15.0,2.0,4.0,8.0,11.0,1.0,20.0,6.0,26.0,,8.0,8.0,,3.0,1.0,2.0,1.0,,1.0,,4.0,,1.0,4.0,8.0,,3.0,,1.0,,,,,,,1.0,,,,,,1.0,1.0,,30.0,12.0,73.0,2.0,,2.0,1.0,,99.22779922779924,101.5686274509804,0.75,0.75,1.0,0.375,0.5,0.36363636363636365,0.375,0.6666666666666666,0.5,,0.5833333333333334,0.625,0.5,0.5833333333333334,0.625,0.5,0.8,,,,11.447811447811446,0.75,0.14285714285714285,0.15714285714285714,0.06060606060606061,0.1568627450980392,0.03125,0.15702479338842976,0.046153846153846156,0.038461538461538464,0.1,,0.041666666666666664,,0.07692307692307693,0.2,0.11764705882352941,0.16216216216216217,0.14285714285714285,,,0.06666666666666667,1.0,1.0,1.0,0.1,0.6666666666666666,0.6666666666666666,0.5,0.03333333333333333,,,,0.3333333333333333,0.3,0.3,1.0,0.4666666666666667,0.42857142857142855,0.46153846153846156,1.0,,,0.25,,,,,0.5833333333333334,0.42857142857142855,0.8666666666666667,0.42857142857142855,0.529045,0.500075,0.5344208333333333,,,0.14285714285714285,0.34285714285714286,8.616666666666667,25.008333333333336,,1.0,,0.2,0.28185328185328185,4.0,1.0,1.0,,,1.0,,,0.041666666666666664,0.07142857142857142,,0.25,1.0,1.0,0.3333333333333333,,,,,,,,,,,,1.0,,,,,0.25,,,
wnba,wnba_totals,totals,player_totals,get-totals,2025,Playoffs,season,"{'Type': 'Player', 'Season': '2025', 'SeasonType': 'Playoffs'}",totals,get-totals__player_totals__type-Player__season-2025__season_type-Playoffs__513e9b1d,get-totals,https://api.pbpstats.com/get-totals/wnba?Type=Player&Season=2025&SeasonType=Playoffs,200,26,1631006,1611661319,Kierstan Bell,Kierstan Bell,1631006,LVA,7237.0,12,121.0,-45.0,230,239,25.0,33.0,24.0,469,2.0,2.0,,,,,2.0,3.0,3.0,3.0,1.0,7.0,,,4.0,11.0,,1.0,7.0,8.0,5.0,18.0,,29.0,286,,,,2.0,,,1.0,1.0,,2.0,,2.0,10.0,4.0,12.0,,11.0,4.0,,3.0,1.0,4.0,1.0,,2.0,1.0,,9.0,1.0,1.0,4.0,6.0,,10.0,2.0,12.0,,4.0,4.0,,2.0,,1.0,1.0,,1.0,,3.0,,,4.0,6.0,,,,,,,,,,,2.0,,,1.0,,,1.0,2.0,,29.0,2.0,25.0,1.0,,,,,104.78260869565219,119.66527196652719,0.7142857142857143,0.7142857142857143,0.8,0.2777777777777778,,,0.2777777777777778,0.875,,1.0,0.5576923076923077,,0.3333333333333333,0.5576923076923077,,0.3333333333333333,0.6923076923076923,,,,11.196911196911197,0.6666666666666666,,0.0821917808219178,0.014285714285714285,0.15384615384615385,0.025,0.10101010101010101,0.01818181818181818,,0.02127659574468085,,0.03225806451612903,,,0.11627906976744186,0.08333333333333333,0.1,0.3333333333333333,,,0.07692307692307693,1.0,1.0,1.0,0.11538461538461539,0.6666666666666666,0.6666666666666666,0.5,0.11538461538461539,1.0,1.0,0.6666666666666666,0.2692307692307692,0.14285714285714285,0.14285714285714285,1.0,0.4230769230769231,0.36363636363636365,0.36363636363636365,0.75,,,,,,,,0.3333333333333333,,0.7692307692307693,0.36363636363636365,0.5183807692307693,0.53175,0.4535,,,,0.06896551724137931,10.675,24.438888888888886,,,,0.23076923076923078,0.10869565217391304,1.0,,2.0,3.0,,,1.0,,,,,1.0,,,0.3333333333333333,,,,,,,,,,,,,,,,,,,,
wnba,wnba_totals,totals,player_totals,get-totals,2025,Playoffs,season,"{'Type': 'Player', 'Season': '2025', 'SeasonType': 'Playoffs'}",totals,get-totals__player_totals__type-Player__season-2025__season_type-Playoffs__513e9b1d,get-totals,https://api.pbpstats.com/get-totals/wnba?Type=Player&Season=2025&SeasonType=Playoffs,200,27,1629477,1611661313,Sabrina Ionescu,Sabrina Ionescu,1629477,NYL,6371.0,3,106.0,-19.0,207,210,43.0,26.0,22.0,417,7.0,9.0,,,3.0,4.0,3.0,8.0,,1.0,3.0,4.0,2.0,3.0,4.0,28.0,3.0,12.0,10.0,18.0,7.0,32.0,6.0,47.0,199,,,2.0,3.0,,6.0,3.0,5.0,3.0,13.0,1.0,16.0,10.0,10.0,15.0,,28.0,4.0,1.0,12.0,2.0,14.0,1.0,1.0,9.0,1.0,2.0,30.0,1.0,,4.0,10.0,1.0,15.0,1.0,16.0,,1.0,1.0,,9.0,1.0,5.0,1.0,,4.0,,10.0,,2.0,3.0,6.0,,8.0,1.0,,,10.0,1.0,1.0,2.0,,2.0,1.0,1.0,1.0,,,1.0,3.0,2.0,41.0,16.0,43.0,1.0,,,5.0,,86.95652173913044,94.76190476190476,0.5,0.5,0.7142857142857143,0.21875,0.6666666666666666,0.23076923076923078,0.21875,0.5555555555555556,,0.6,0.41,1.0,0.4166666666666667,0.4339622641509434,1.0,0.4166666666666667,0.64,0.05555555555555555,,0.125,27.03862660944206,0.9,0.3333333333333333,0.14285714285714285,,0.0975609756097561,0.01694915254237288,0.12612612612612611,0.009009009009009009,,,,0.024390243902439025,,0.1,0.1724137931034483,0.18181818181818182,0.05555555555555555,0.4,,0.6666666666666666,0.18,0.7777777777777778,0.7777777777777778,0.5714285714285714,0.16,0.375,0.42857142857142855,0.3333333333333333,0.02,,,,0.08,0.75,0.75,1.0,0.56,0.14285714285714285,0.14285714285714285,0.5,,,1.0,0.6666666666666666,1.0,0.2222222222222222,0.75,0.6666666666666666,0.25,0.82,0.14285714285714285,0.502599,0.4881,0.48323333333333335,0.07547169811320754,0.10526315789473684,0.1276595744680851,0.3404255319148936,4.327777777777778,25.60625,,0.6,1.0,0.22727272727272727,0.20772946859903382,1.0,,,6.0,,,,2.0,,,,,,,0.05555555555555555,,,,,,,0.058823529411764705,,,,,,,,,,,,,
wnba,wnba_totals,totals,player_totals,get-totals,2025,Playoffs,season,"{'Type': 'Player', 'Season': '2025', 'SeasonType': 'Playoffs'}",totals,get-totals__player_totals__type-Player__season-2025__season_type-Playoffs__513e9b1d,get-totals,https://api.pbpstats.com/get-totals/wnba?Type=Player&Season=2025&SeasonType=Playoffs,200,28,1629567,1611661324,Natisha Hiedeman,Natisha Hiedeman,1629567,MIN,6275.0,6,105.0,16.0,245,248,56.0,61.0,30.0,493,12.0,17.0,1.0,1.0,3.0,5.0,3.0,9.0,,2.0,,1.0,,,3.0,18.0,,5.0,15.0,28.0,3.0,19.0,8.0,47.0,247,2.0,3.0,2.0,5.0,,10.0,3.0,7.0,,6.0,2.0,8.0,10.0,20.0,9.0,4.0,15.0,3.0,2.0,15.0,6.0,21.0,5.0,1.0,3.0,3.0,9.0,48.0,1.0,1.0,3.0,5.0,,8.0,2.0,10.0,1.0,5.0,4.0,1.0,6.0,3.0,3.0,4.0,,3.0,1.0,10.0,1.0,1.0,3.0,9.0,,8.0,,,,10.0,1.0,,4.0,,,2.0,1.0,,1.0,,,2.0,,37.0,8.0,55.0,1.0,,,,,107.3469387755102,99.59677419354838,0.3333333333333333,0.38461538461538464,1.0,0.15789473684210525,0.4,,0.1875,0.5357142857142857,0.6666666666666666,0.42857142857142855,0.4148936170212766,0.625,0.23076923076923078,0.46078431372549017,0.625,0.2857142857142857,0.40425531914893614,0.07142857142857142,0.058823529411764705,,21.70818505338078,0.6,,0.07462686567164178,0.015151515151515152,0.061224489795918366,0.0196078431372549,0.06896551724137931,0.017094017094017096,0.05263157894736842,,,0.023809523809523808,,0.03333333333333333,0.13636363636363635,0.06666666666666667,0.029411764705882353,0.13333333333333333,0.043478260869565216,,0.3617021276595745,0.7058823529411765,0.75,0.3333333333333333,0.19148936170212766,0.3333333333333333,0.3333333333333333,0.3333333333333333,0.0425531914893617,,,,0.02127659574468085,,,,0.3829787234042553,0.16666666666666666,0.16666666666666666,1.0,0.125,1.0,,,,0.38461538461538464,0.6,0.38461538461538464,,0.7659574468085106,0.2,0.538952380952381,0.581225,0.568515,0.09803921568627451,0.12903225806451613,0.2127659574468085,0.1702127659574468,5.1499999999999995,30.357894736842102,0.6,0.3333333333333333,,0.5,0.22857142857142856,1.0,2.0,5.0,,3.0,,,1.0,,,,0.625,0.4,1.0,0.07692307692307693,2.0,,,,,,0.05,,,,0.5,,,,,,,,,
wnba,wnba_totals,totals,player_totals,get-totals,2025,Playoffs,season,"{'Type': 'Player', 'Season': '2025', 'SeasonType': 'Playoffs'}",totals,get-totals__player_totals__type-Player__season-2025__season_type-Playoffs__513e9b1d,get-totals,https://api.pbpstats.com/get-totals/wnba?Type=Player&Season=2025&SeasonType=Playoffs,200,29,1631009,1611661330,Rhyne Howard,Rhyne Howard,1631009,ATL,6272.0,3,105.0,-25.0,204,208,50.0,64.0,27.0,412,7.0,12.0,,,,1.0,,3.0,3.0,7.0,2.0,4.0,1.0,1.0,4.0,18.0,3.0,7.0,10.0,22.0,6.0,22.0,8.0,46.0,215,,,2.0,2.0,,6.0,,4.0,3.0,7.0,,9.0,10.0,10.0,18.0,,18.0,4.0,,6.0,2.0,8.0,1.0,1.0,6.0,,,18.0,,,5.0,6.0,,11.0,,11.0,,5.0,2.0,3.0,3.0,1.0,2.0,4.0,,1.0,2.0,7.0,1.0,4.0,4.0,7.0,,7.0,,1.0,,11.0,,3.0,4.0,,1.0,,,1.0,,,,1.0,1.0,40.0,9.0,50.0,1.0,,2.0,,,93.13725490196079,103.36538461538461,0.5,0.5,1.0,0.2727272727272727,1.0,0.42857142857142855,0.2727272727272727,0.45454545454545453,,,0.4318181818181818,1.5,0.4090909090909091,0.4583333333333333,1.5,0.4090909090909091,0.5,,,,23.80952380952381,0.42857142857142855,,0.08823529411764706,,0.14705882352941177,,0.10784313725490197,,,,,,,0.14285714285714285,0.058823529411764705,,0.08333333333333333,0.3,,1.0,0.2727272727272727,0.5833333333333334,0.5833333333333334,0.42857142857142855,0.06818181818181818,,,,0.1590909090909091,0.42857142857142855,0.42857142857142855,0.6666666666666666,0.09090909090909091,0.5,0.5,1.0,0.4090909090909091,0.2222222222222222,0.2222222222222222,1.0,,,0.5,1.0,1.0,0.09090909090909091,,0.6363636363636364,0.42857142857142855,0.7727272727272727,0.2222222222222222,0.5090556818181818,0.63465,0.4512818181818182,0.08333333333333333,0.15384615384615385,0.13043478260869565,0.1956521739130435,7.759090909090909,24.972727272727273,0.4,0.6666666666666666,0.25,0.2,0.24509803921568626,,1.0,1.0,,,,,,,,,0.5,1.0,1.0,,2.0,,,,,,,,,,,,,,,,,,,
wnba,wnba_totals,totals,player_totals,get-totals,2025,Playoffs,season,"{'Type': 'Player', 'Season': '2025', 'SeasonType': 'Playoffs'}",totals,get-totals__player_totals__type-Player__season-2025__season_type-Playoffs__513e9b1d,get-totals,https://api.pbpstats.com/get-totals/wnba?Type=Player&Season=2025&SeasonType=Playoffs,200,30,1629484,1611661319,Megan Gustafson,Megan Gustafson,1629484,LVA,6219.0,10,104.0,8.0,210,204,66.0,96.0,27.0,414,3.0,3.0,1.0,1.0,,,3.0,6.0,,1.0,,4.0,,1.0,2.0,4.0,1.0,3.0,6.0,10.0,2.0,8.0,4.0,22.0,226,2.0,5.0,,2.0,,4.0,2.0,2.0,1.0,5.0,2.0,9.0,10.0,2.0,6.0,2.0,4.0,2.0,1.0,1.0,2.0,3.0,1.0,1.0,,1.0,,8.0,,4.0,5.0,4.0,,9.0,4.0,13.0,,2.0,,2.0,2.0,,2.0,1.0,,,,3.0,1.0,,6.0,13.0,1.0,4.0,,,1.0,4.0,,,2.0,,1.0,,,1.0,,,,1.0,1.0,18.0,9.0,66.0,2.0,,,4.0,3.0,111.42857142857143,110.7843137254902,0.8333333333333334,1.0,1.0,0.25,,0.2,0.25,0.6,0.4,1.0,0.5,0.2857142857142857,0.5,0.55,0.2857142857142857,0.5625,0.4444444444444444,0.1,,0.16666666666666666,9.54356846473029,0.6666666666666666,,0.08695652173913043,0.05714285714285714,0.11363636363636363,,0.1,0.0380952380952381,0.1111111111111111,0.047619047619047616,0.05263157894736842,,,,0.14814814814814814,,0.13513513513513514,,,1.0,0.16666666666666666,1.0,1.0,0.6666666666666666,0.3333333333333333,0.5,0.6,1.0,0.05555555555555555,,,,0.2222222222222222,,,,0.2222222222222222,0.5,0.5,1.0,0.14285714285714285,1.0,0.14285714285714285,,,,,0.42857142857142855,0.3333333333333333,0.6111111111111112,0.5,0.5163944444444444,0.4913142857142857,0.5492785714285714,0.1,0.16666666666666666,0.18181818181818182,0.4090909090909091,6.35,24.35,,0.5,,0.3333333333333333,0.3142857142857143,2.0,,1.0,,,,,,,,,0.14285714285714285,,,0.2857142857142857,3.0,1.0,,,,,,,,,,,,,,,,,,
wnba,wnba_totals,totals,player_totals,get-totals,2025,Playoffs,season,"{'Type': 'Player', 'Season': '2025', 'SeasonType': 'Playoffs'}",totals,get-totals__player_totals__type-Player__season-2025__season_type-Playoffs__513e9b1d,get-totals,https://api.pbpstats.com/get-totals/wnba?Type=Player&Season=2025&SeasonType=Playoffs,200,31,204333,1611661313,Natasha Cloud,Natasha Cloud,204333,NYL,6175.0,3,103.0,-21.0,203,203,40.0,25.0,20.0,406,2.0,4.0,,,,1.0,3.0,4.0,2.0,3.0,1.0,2.0,,,5.0,10.0,,2.0,7.0,11.0,6.0,12.0,6.0,38.0,191,,,1.0,1.0,,3.0,,1.0,1.0,3.0,2.0,5.0,6.0,8.0,9.0,,10.0,5.0,,5.0,4.0,9.0,3.0,1.0,1.0,2.0,2.0,22.0,,1.0,6.0,4.0,,10.0,1.0,11.0,,8.0,4.0,4.0,6.0,1.0,5.0,3.0,,1.0,1.0,9.0,,4.0,5.0,9.0,1.0,5.0,,,,7.0,1.0,,4.0,,1.0,,,,,,1.0,1.0,1.0,35.0,5.0,40.0,,,1.0,18.0,,83.74384236453203,94.08866995073893,0.42857142857142855,0.42857142857142855,0.5,0.5,1.0,0.3333333333333333,0.5,0.6363636363636364,,,0.6956521739130435,1.5,0.375,0.7307692307692307,1.5,0.5,0.5217391304347826,,,,15.418502202643172,0.6666666666666666,,0.056338028169014086,0.019230769230769232,0.15789473684210525,,0.09174311926605505,0.009615384615384616,0.05555555555555555,,,,,0.030303030303030304,0.11538461538461539,,0.1875,,,1.0,0.17391304347826086,0.5,0.5,0.5,0.17391304347826086,0.75,0.75,0.3333333333333333,0.13043478260869565,0.6666666666666666,0.6666666666666666,0.5,0.08695652173913043,0.5,0.5,1.0,0.43478260869565216,0.5,0.5,0.4,,,,,,0.25,,0.5,,0.6956521739130435,0.5,0.5121086956521739,0.56145,0.5434,0.15384615384615385,0.2857142857142857,0.07894736842105263,0.13157894736842105,8.209090909090909,24.916666666666668,,,,0.16666666666666666,0.19704433497536947,1.0,1.0,1.0,9.0,,,,,,,,1.0,1.0,,0.25,1.0,,2.0,,,,,,,,,1.0,,,,,1.0,,,
wnba,wnba_totals,totals,player_totals,get-totals,2025,Playoffs,season,"{'Type': 'Player', 'Season': '2025', 'SeasonType': 'Playoffs'}",totals,get-totals__player_totals__type-Player__season-2025__season_type-Playoffs__513e9b1d,get-totals,https://api.pbpstats.com/get-totals/wnba?Type=Player&Season=2025&SeasonType=Playoffs,200,32,1631044,1611661330,Naz Hillmon,Naz Hillmon,1631044,ATL,6103.0,3,102.0,-3.0,198,199,50.0,61.0,29.0,397,7.0,10.0,2.0,2.0,1.0,1.0,1.0,3.0,,,,3.0,,,4.0,10.0,1.0,2.0,8.0,13.0,4.0,13.0,5.0,33.0,197,2.0,4.0,,1.0,,4.0,2.0,2.0,1.0,2.0,2.0,9.0,12.0,4.0,12.0,,10.0,4.0,1.0,5.0,2.0,7.0,1.0,1.0,5.0,,,16.0,1.0,5.0,4.0,14.0,2.0,20.0,6.0,26.0,,1.0,,1.0,4.0,,4.0,1.0,,,,5.0,1.0,3.0,8.0,14.0,1.0,4.0,,1.0,,7.0,1.0,,3.0,1.0,3.0,,,1.0,,,2.0,3.0,2.0,29.0,9.0,50.0,,1.0,17.0,9.0,10.0,97.97979797979798,98.99497487437186,0.75,0.75,1.0,0.3076923076923077,,0.5,0.3076923076923077,0.6153846153846154,0.5,1.0,0.5384615384615384,0.4,0.875,0.5689655172413793,0.4,0.9,0.5,0.07692307692307693,0.1,,14.977973568281937,0.8,0.6666666666666666,0.21212121212121213,0.09090909090909091,0.11428571428571428,0.024390243902439025,0.1782178217821782,0.0625,0.10344827586206896,0.05,0.16666666666666666,0.029411764705882353,,0.25,0.3125,,0.15384615384615385,,,0.6666666666666666,0.38461538461538464,0.7,0.7777777777777778,0.8571428571428571,0.11538461538461539,0.3333333333333333,0.3333333333333333,,,,,,0.11538461538461539,,,,0.38461538461538464,0.4,0.4,1.0,0.4,1.0,,,,0.25,1.0,0.5,0.5,0.8846153846153846,0.4,0.5514403846153846,0.4011166666666666,0.4791,0.10714285714285714,0.2,0.12121212121212122,0.2727272727272727,3.0923076923076924,24.207692307692305,,,,0.5555555555555556,0.25252525252525254,,,1.0,,,,,,,,1.0,0.2,,,,1.0,,,3.0,5.0,,,,,,,,,,,,,,,5.0
wnba,wnba_totals,totals,player_totals,get-totals,2025,Playoffs,season,"{'Type': 'Player', 'Season': '2025', 'SeasonType': 'Playoffs'}",totals,get-totals__player_totals__type-Player__season-2025__season_type-Playoffs__513e9b1d,get-totals,https://api.pbpstats.com/get-totals/wnba?Type=Player&Season=2025&SeasonType=Playoffs,200,33,1628277,1611661330,Allisha Gray,Allisha Gray,1628277,ATL,5954.0,3,99.0,,193,196,41.0,52.0,26.0,389,12.0,24.0,3.0,5.0,2.0,4.0,3.0,6.0,,5.0,1.0,1.0,1.0,1.0,2.0,11.0,1.0,3.0,15.0,35.0,3.0,12.0,9.0,48.0,196,3.0,5.0,1.0,3.0,2.0,11.0,2.0,6.0,1.0,3.0,2.0,9.0,18.0,12.0,9.0,6.0,11.0,2.0,4.0,6.0,1.0,7.0,1.0,,5.0,1.0,,15.0,4.0,3.0,5.0,13.0,,18.0,7.0,25.0,1.0,3.0,2.0,1.0,2.0,,,2.0,1.0,2.0,,4.0,,,5.0,13.0,1.0,12.0,,3.0,2.0,10.0,,,5.0,,2.0,,,1.0,,,1.0,2.0,2.0,37.0,9.0,41.0,2.0,,8.0,7.0,4.0,101.55440414507773,100.0,0.6,0.75,1.0,0.25,0.3333333333333333,0.3333333333333333,0.25,0.42857142857142855,0.6,0.3333333333333333,0.4148936170212766,0.5625,0.3888888888888889,0.46153846153846156,0.6111111111111112,0.45,0.2553191489361702,0.11428571428571428,0.125,0.16666666666666666,25.225225225225223,0.5,,0.20634920634920634,0.05,0.15151515151515152,0.1111111111111111,0.1875,0.07291666666666667,0.058823529411764705,,0.1111111111111111,0.03225806451612903,0.6,0.1875,0.13333333333333333,0.3125,0.125,0.2222222222222222,0.041666666666666664,1.0,0.5106382978723404,0.5,0.5714285714285714,0.5833333333333334,0.1276595744680851,0.5,0.6,0.6666666666666666,0.10638297872340426,,,,0.02127659574468085,1.0,1.0,1.0,0.23404255319148937,0.18181818181818182,0.18181818181818182,1.0,0.625,0.6,0.125,1.0,1.0,0.4444444444444444,0.5,0.3333333333333333,0.3333333333333333,0.7659574468085106,0.18181818181818182,0.5589702127659575,0.63602,0.4847333333333333,0.09615384615384616,0.125,0.22916666666666666,0.1875,5.3028571428571425,25.21666666666667,0.25,0.3333333333333333,0.25,,0.21243523316062177,,,2.0,,,,,,,,,0.25,,,,,,,1.0,9.0,,,,,,,,,,,,,,,1.0
wnba,wnba_totals,totals,player_totals,get-totals,2025,Playoffs,season,"{'Type': 'Player', 'Season': '2025', 'SeasonType': 'Playoffs'}",totals,get-totals__player_totals__type-Player__season-2025__season_type-Playoffs__513e9b1d,get-totals,https://api.pbpstats.com/get-totals/wnba?Type=Player&Season=2025&SeasonType=Playoffs,200,34,203400,1611661328,Skylar Diggins,Skylar Diggins,203400,SEA,5845.0,3,97.0,-21.0,188,182,38.0,54.0,23.0,370,,4.0,,,,,7.0,20.0,2.0,6.0,,2.0,,1.0,9.0,12.0,3.0,4.0,9.0,30.0,9.0,14.0,6.0,51.0,210,,1.0,1.0,2.0,,3.0,2.0,7.0,3.0,6.0,2.0,15.0,6.0,12.0,21.0,,12.0,9.0,3.0,12.0,3.0,15.0,3.0,,3.0,6.0,3.0,33.0,1.0,2.0,2.0,2.0,,4.0,3.0,7.0,1.0,5.0,4.0,1.0,3.0,1.0,3.0,4.0,,,,7.0,1.0,2.0,4.0,8.0,1.0,5.0,,,,8.0,2.0,,5.0,,2.0,,,1.0,,,1.0,2.0,1.0,48.0,15.0,38.0,,,9.0,2.0,,100.53191489361703,115.38461538461539,0.3333333333333333,0.3333333333333333,0.7777777777777778,0.6428571428571429,0.5,0.5,0.6428571428571429,0.3,,0.2857142857142857,0.5113636363636364,0.5,0.5,0.5425531914893617,0.5,0.5357142857142857,0.3181818181818182,0.1,,0.1,25.233644859813083,0.42857142857142855,,0.045454545454545456,0.028169014084507043,0.08,0.041666666666666664,0.057971014492753624,0.031578947368421054,,0.021739130434782608,0.08333333333333333,0.05555555555555555,,,0.08695652173913043,,0.05555555555555555,0.14285714285714285,0.047619047619047616,0.5,0.09090909090909091,,,,0.45454545454545453,0.35,0.3888888888888889,0.42857142857142855,0.13636363636363635,0.3333333333333333,0.4,,0.045454545454545456,,,,0.2727272727272727,0.75,0.75,0.7777777777777778,,,0.3333333333333333,,,,,0.3076923076923077,0.75,0.4090909090909091,0.75,0.4385090909090909,0.446675,0.4032423076923077,0.10638297872340426,0.15151515151515152,0.058823529411764705,0.29411764705882354,8.66,24.928571428571427,0.5,0.23076923076923078,0.6666666666666666,,0.20212765957446807,2.0,1.0,1.0,6.0,,,,,,,,0.3333333333333333,1.0,1.0,0.15384615384615385,,,,,,,,,,,0.16666666666666666,,,,,,,,,
wnba,wnba_totals,totals,player_totals,get-totals,2025,Playoffs,season,"{'Type': 'Player', 'Season': '2025', 'SeasonType': 'Playoffs'}",totals,get-totals__player_totals__type-Player__season-2025__season_type-Playoffs__513e9b1d,get-totals,https://api.pbpstats.com/get-totals/wnba?Type=Player&Season=2025&SeasonType=Playoffs,200,35,1629491,1611661324,Jessica Shepard,Jessica Shepard,1629491,MIN,5750.0,6,96.0,29.0,210,207,21.0,42.0,24.0,417,9.0,15.0,2.0,3.0,1.0,1.0,2.0,7.0,1.0,3.0,,,,,,2.0,,1.0,12.0,25.0,,2.0,7.0,31.0,193,3.0,7.0,,,,6.0,1.0,2.0,,1.0,1.0,3.0,10.0,14.0,,4.0,2.0,,3.0,6.0,5.0,11.0,5.0,,4.0,2.0,,27.0,3.0,5.0,10.0,12.0,,22.0,8.0,30.0,1.0,4.0,2.0,2.0,4.0,1.0,3.0,2.0,,1.0,,6.0,1.0,1.0,1.0,4.0,,7.0,,1.0,,8.0,,,3.0,1.0,,,,,,,,,,25.0,3.0,21.0,,1.0,,,,105.71428571428571,93.23671497584542,0.4166666666666667,0.5,,,,,,0.48,0.42857142857142855,0.5,0.4444444444444444,0.42857142857142855,0.3333333333333333,0.5,0.42857142857142855,0.375,0.07407407407407407,0.12,0.13333333333333333,0.14285714285714285,15.61181434599156,0.6666666666666666,,0.21818181818181817,0.078125,0.2222222222222222,0.08333333333333333,0.22,0.08,0.23529411764705882,0.037037037037037035,,0.06451612903225806,0.2,0.13636363636363635,0.2777777777777778,0.26666666666666666,0.25806451612903225,0.14285714285714285,0.1,,0.5555555555555556,0.6,0.6923076923076923,0.3333333333333333,0.25925925925925924,0.2857142857142857,0.3333333333333333,0.5,0.1111111111111111,0.3333333333333333,0.3333333333333333,1.0,,,,,0.07407407407407407,,,,0.42857142857142855,0.6666666666666666,,,,0.3333333333333333,1.0,0.3333333333333333,,0.6296296296296297,,0.5107277777777778,0.49378,0.3863833333333333,0.1,0.10714285714285714,0.1935483870967742,0.0967741935483871,5.864,28.55,0.3333333333333333,0.2,,,0.1,,,,,,,,,,,,,,,,1.0,1.0,,,,,,,,,,,,,,,,,1.0,
wnba,wnba_totals,totals,player_totals,get-totals,2025,Playoffs,season,"{'Type': 'Player', 'Season': '2025', 'SeasonType': 'Playoffs'}",totals,get-totals__player_totals__type-Player__season-2025__season_type-Playoffs__513e9b1d,get-totals,https://api.pbpstats.com/get-totals/wnba?Type=Player&Season=2025&SeasonType=Playoffs,200,36,1627668,1611661313,Breanna Stewart,Breanna Stewart,1627668,NYL,5696.0,3,95.0,-7.0,181,184,38.0,19.0,18.0,365,8.0,12.0,1.0,1.0,1.0,1.0,5.0,12.0,1.0,6.0,,,,,3.0,7.0,,,14.0,30.0,3.0,7.0,17.0,54.0,168,2.0,6.0,,1.0,4.0,8.0,3.0,5.0,,,3.0,9.0,22.0,6.0,9.0,2.0,7.0,3.0,2.0,4.0,5.0,9.0,,5.0,3.0,1.0,,23.0,2.0,,6.0,9.0,,15.0,2.0,17.0,,4.0,2.0,2.0,3.0,,2.0,1.0,,1.0,,4.0,,,5.0,6.0,,18.0,,,,22.0,4.0,,12.0,1.0,2.0,1.0,1.0,1.0,,,1.0,3.0,3.0,46.0,9.0,38.0,,1.0,10.0,5.0,10.0,88.95027624309392,91.30434782608695,0.7857142857142857,0.8461538461538461,1.0,0.42857142857142855,,,0.42857142857142855,0.4666666666666667,0.3333333333333333,0.6,0.5,0.2857142857142857,0.6,0.5869565217391305,0.4444444444444444,0.6428571428571429,0.1891891891891892,0.06666666666666667,0.08333333333333333,0.08333333333333333,24.630541871921185,0.75,,0.13432835820895522,,0.17647058823529413,0.04,0.1485148514851485,0.021505376344086023,,,,0.02702702702702703,0.07692307692307693,0.034482758620689655,0.23076923076923078,0.16666666666666666,0.1724137931034483,0.2,,1.0,0.32432432432432434,0.6666666666666666,0.7272727272727273,0.875,0.32432432432432434,0.4166666666666667,0.45454545454545453,0.6,0.16216216216216217,0.16666666666666666,0.16666666666666666,1.0,,,,,0.1891891891891892,0.42857142857142855,0.42857142857142855,1.0,0.14285714285714285,1.0,,,,0.2,1.0,,,0.5135135135135135,0.42857142857142855,0.504672972972973,0.44837,0.41894,0.26666666666666666,0.3157894736842105,0.14814814814814814,0.16666666666666666,7.173333333333333,25.414285714285715,,0.2857142857142857,0.2,,0.20994475138121546,,,1.0,,,,,,,,,0.14285714285714285,,,,,,,2.0,,,,,,,,,,,,,,,,1.0
wnba,wnba_totals,totals,player_totals,get-totals,2025,Playoffs,season,"{'Type': 'Player', 'Season': '2025', 'SeasonType': 'Playoffs'}",totals,get-totals__player_totals__type-Player__season-2025__season_type-Playoffs__513e9b1d,get-totals,https://api.pbpstats.com/get-totals/wnba?Type=Player&Season=2025&SeasonType=Playoffs,200,37,203014,1611661328,Nneka Ogwumike,Nneka Ogwumike,203014,SEA,5564.0,3,93.0,-31.0,178,177,27.0,45.0,22.0,355,3.0,6.0,1.0,2.0,,,7.0,21.0,2.0,4.0,1.0,3.0,,,5.0,8.0,1.0,1.0,12.0,31.0,6.0,11.0,9.0,51.0,204,1.0,2.0,,,2.0,4.0,,3.0,1.0,2.0,,3.0,14.0,10.0,12.0,2.0,8.0,5.0,5.0,5.0,3.0,8.0,3.0,,2.0,3.0,,19.0,,5.0,6.0,11.0,5.0,22.0,5.0,27.0,,2.0,1.0,1.0,5.0,,1.0,,,4.0,,5.0,1.0,,2.0,4.0,,16.0,,,,10.0,1.0,,5.0,1.0,,,,,,,,,,47.0,3.0,27.0,,,,,,97.19101123595506,115.2542372881356,0.5833333333333334,0.6363636363636364,0.6666666666666666,0.5454545454545454,,0.5,0.5454545454545454,0.3870967741935484,0.5,,0.5,0.5,0.3,0.5425531914893617,0.6666666666666666,0.3,0.2619047619047619,0.16129032258064516,0.16666666666666666,0.19047619047619047,25.247524752475247,1.0,0.7142857142857143,0.2558139534883721,0.07352941176470588,0.23076923076923078,,0.2463768115942029,0.054945054945054944,0.0625,0.07317073170731707,0.09090909090909091,,,0.5555555555555556,0.16,0.2222222222222222,0.21052631578947367,0.2857142857142857,,,0.14285714285714285,0.5,0.6,0.3333333333333333,0.5,0.3333333333333333,0.4117647058823529,0.5714285714285714,0.09523809523809523,0.5,0.5,1.0,0.07142857142857142,0.3333333333333333,0.3333333333333333,1.0,0.19047619047619047,0.625,0.625,0.6,1.0,0.5,,,,,,0.2,1.0,0.40476190476190477,0.625,0.4670142857142857,0.56705,0.47029,0.10869565217391304,0.14285714285714285,0.0784313725490196,0.058823529411764705,8.358064516129033,24.518181818181816,0.3333333333333333,0.3076923076923077,,0.2,0.15168539325842698,1.0,,,6.0,,,,,,,,,,,0.2,,,,,,,,,,,,,,,,,,,,
wnba,wnba_totals,totals,player_totals,get-totals,2025,Playoffs,season,"{'Type': 'Player', 'Season': '2025', 'SeasonType': 'Playoffs'}",totals,get-totals__player_totals__type-Player__season-2025__season_type-Playoffs__513e9b1d,get-totals,https://api.pbpstats.com/get-totals/wnba?Type=Player&Season=2025&SeasonType=Playoffs,200,38,1630142,1611661313,Leonie Fiebich,Leonie Fiebich,1630142,NYL,5453.0,3,91.0,,178,177,42.0,20.0,21.0,355,2.0,4.0,,,,,,2.0,,,2.0,9.0,,,1.0,3.0,1.0,1.0,2.0,6.0,3.0,12.0,2.0,15.0,159,,,,,,,,,2.0,3.0,,6.0,4.0,,9.0,,3.0,1.0,,3.0,1.0,4.0,1.0,,3.0,,,9.0,2.0,1.0,1.0,7.0,,8.0,3.0,11.0,1.0,1.0,1.0,,1.0,1.0,,5.0,2.0,1.0,1.0,6.0,1.0,,2.0,4.0,1.0,4.0,,1.0,,2.0,,,1.0,,,1.0,1.0,,,,,1.0,1.0,15.0,6.0,42.0,,,,,,89.32584269662921,89.83050847457628,1.0,1.0,1.0,0.25,,0.6666666666666666,0.25,0.3333333333333333,,,0.3611111111111111,,1.0,0.39473684210526316,,1.0,0.6666666666666666,,,,12.315270935960593,0.16666666666666666,,0.109375,0.022727272727272728,0.02702702702702703,0.0425531914893617,0.07920792079207921,0.03296703296703297,,,0.16666666666666666,0.02857142857142857,0.08333333333333333,0.14285714285714285,0.12,,,0.3333333333333333,0.07692307692307693,1.0,0.2222222222222222,0.5,0.5,1.0,0.1111111111111111,,,,,,,,0.5,0.2222222222222222,0.2222222222222222,1.0,0.16666666666666666,0.3333333333333333,0.3333333333333333,1.0,,,,,,,,0.3333333333333333,1.0,0.8888888888888888,0.3333333333333333,0.5807222222222221,,0.47700000000000004,0.05263157894736842,0.14285714285714285,,0.4,3.8666666666666667,23.925,,0.5,,0.6666666666666666,0.23595505617977527,2.0,,,,,,,,,,,,,,0.6666666666666666,,,,,,,,,,,,1.0,,,,,0.5,,,
wnba,wnba_totals,totals,player_totals,get-totals,2025,Playoffs,season,"{'Type': 'Player', 'Season': '2025', 'SeasonType': 'Playoffs'}",totals,get-totals__player_totals__type-Player__season-2025__season_type-Playoffs__513e9b1d,get-totals,https://api.pbpstats.com/get-totals/wnba?Type=Player&Season=2025&SeasonType=Playoffs,200,39,1628931,1611661328,Gabby Williams,Gabby Williams,1628931,SEA,5439.0,3,91.0,-8.0,176,177,38.0,53.0,24.0,353,3.0,6.0,,,1.0,1.0,6.0,10.0,3.0,5.0,,1.0,,,1.0,5.0,,1.0,12.0,21.0,1.0,6.0,2.0,29.0,186,1.0,2.0,,3.0,,2.0,3.0,5.0,,1.0,2.0,8.0,12.0,12.0,3.0,2.0,5.0,1.0,2.0,3.0,3.0,6.0,1.0,2.0,,3.0,,15.0,1.0,1.0,4.0,4.0,,8.0,2.0,10.0,,4.0,4.0,,6.0,,5.0,,,1.0,,6.0,3.0,,1.0,2.0,,3.0,,,1.0,2.0,,,,1.0,,,,,,,,,,27.0,8.0,38.0,,1.0,,,,101.13636363636364,105.08474576271186,0.5,0.5454545454545454,1.0,0.16666666666666666,,,0.16666666666666666,0.5714285714285714,0.5,0.6,0.5,0.2,0.5,0.5178571428571429,0.2,0.5714285714285714,0.2222222222222222,0.09523809523809523,0.16666666666666666,0.1,16.748768472906406,1.0,,0.08695652173913043,0.014492753623188406,0.18181818181818182,0.047619047619047616,0.11764705882352941,0.022222222222222223,,0.023809523809523808,,,0.25,,0.12,0.08333333333333333,0.125,0.3333333333333333,,,0.2222222222222222,0.5,0.6,1.0,0.37037037037037035,0.6,0.6666666666666666,0.3333333333333333,0.18518518518518517,0.6,0.6,0.3333333333333333,0.037037037037037035,,,,0.18518518518518517,0.2,0.2,1.0,,,,,,0.16666666666666666,1.0,0.16666666666666666,,0.4444444444444444,0.2,0.46781666666666666,0.5145299999999999,0.426325,,,0.06896551724137931,0.27586206896551724,8.019047619047619,24.816666666666666,0.3333333333333333,0.25,0.5,0.2,0.2159090909090909,,,3.0,,,,,,,,,0.6,,,,,,,,,,,,,,,,,,,,,,,
wnba,wnba_totals,totals,player_totals,get-totals,2025,Playoffs,season,"{'Type': 'Player', 'Season': '2025', 'SeasonType': 'Playoffs'}",totals,get-totals__player_totals__type-Player__season-2025__season_type-Playoffs__513e9b1d,get-totals,https://api.pbpstats.com/get-totals/wnba?Type=Player&Season=2025&SeasonType=Playoffs,200,40,1627673,1611661313,Jonquel Jones,Jonquel Jones,1627673,NYL,5375.0,3,90.0,-3.0,179,179,39.0,23.0,19.0,358,3.0,5.0,,,1.0,2.0,1.0,9.0,1.0,1.0,1.0,4.0,,1.0,1.0,7.0,,2.0,5.0,15.0,2.0,11.0,1.0,17.0,168,1.0,2.0,1.0,2.0,,5.0,1.0,4.0,,3.0,,2.0,10.0,,3.0,,7.0,1.0,2.0,5.0,2.0,7.0,2.0,,2.0,2.0,1.0,16.0,2.0,2.0,8.0,19.0,2.0,29.0,4.0,33.0,,,,,3.0,1.0,1.0,1.0,,2.0,,4.0,,1.0,3.0,11.0,,6.0,,1.0,1.0,2.0,,,1.0,,6.0,,,5.0,,,1.0,6.0,3.0,12.0,2.0,39.0,,,7.0,8.0,2.0,92.17877094972067,93.85474860335195,1.0,1.0,0.5,0.18181818181818182,0.5,,0.18181818181818182,0.3333333333333333,0.5,0.25,0.3076923076923077,0.625,0.14285714285714285,0.3148148148148148,0.625,0.14285714285714285,0.4230769230769231,0.13333333333333333,0.2,0.1111111111111111,15.422885572139306,0.75,0.6666666666666666,0.3392857142857143,0.047619047619047616,0.23529411764705882,0.038461538461538464,0.3,0.0425531914893617,,0.08,,0.02564102564102564,0.07692307692307693,0.4,0.23809523809523808,0.4,0.23333333333333334,0.25,,0.5,0.19230769230769232,0.6,0.75,1.0,0.34615384615384615,0.1111111111111111,0.125,1.0,0.038461538461538464,1.0,1.0,1.0,0.15384615384615385,0.25,0.25,1.0,0.2692307692307692,0.14285714285714285,0.14285714285714285,,,,0.25,,,0.2857142857142857,0.5,0.2857142857142857,,0.6153846153846154,0.14285714285714285,0.49074807692307687,0.39844999999999997,0.48368571428571433,0.037037037037037035,0.0625,0.29411764705882354,0.11764705882352941,6.7733333333333325,24.663636363636364,1.0,0.125,,,0.21787709497206703,1.0,1.0,1.0,3.0,,,1.0,,,,,0.25,1.0,,0.14285714285714285,2.0,,,,4.0,,,,,,,,,,,,,,,
wnba,wnba_totals,totals,player_totals,get-totals,2025,Playoffs,season,"{'Type': 'Player', 'Season': '2025', 'SeasonType': 'Playoffs'}",totals,get-totals__player_totals__type-Player__season-2025__season_type-Playoffs__513e9b1d,get-totals,https://api.pbpstats.com/get-totals/wnba?Type=Player&Season=2025&SeasonType=Playoffs,200,41,1628280,1611661330,Brionna Jones,Brionna Jones,1628280,ATL,5111.0,3,85.0,-9.0,162,166,39.0,60.0,21.0,328,11.0,14.0,2.0,2.0,3.0,4.0,2.0,5.0,,,,,,,1.0,2.0,1.0,2.0,13.0,19.0,1.0,2.0,3.0,32.0,165,2.0,2.0,1.0,1.0,,7.0,4.0,5.0,1.0,2.0,,11.0,20.0,6.0,3.0,,2.0,1.0,,5.0,3.0,8.0,3.0,,1.0,3.0,1.0,19.0,2.0,1.0,3.0,7.0,,10.0,4.0,14.0,,6.0,3.0,3.0,1.0,1.0,,5.0,2.0,1.0,,6.0,1.0,3.0,2.0,12.0,2.0,10.0,,1.0,,4.0,2.0,,3.0,,1.0,,,1.0,,,,1.0,1.0,25.0,11.0,39.0,3.0,,8.0,6.0,11.0,96.29629629629629,99.3975903614458,0.7692307692307693,0.7692307692307693,1.0,0.5,1.0,0.5,0.5,0.6842105263157895,1.0,0.8,0.6904761904761905,1.1666666666666667,0.7857142857142857,0.7272727272727273,1.1666666666666667,0.7857142857142857,0.09523809523809523,,,,15.384615384615383,0.16666666666666666,,0.125,0.02127659574468085,0.1111111111111111,0.0625,0.12048192771084337,0.0379746835443038,0.038461538461538464,,,0.07142857142857142,,0.1,0.21428571428571427,0.08333333333333333,0.1111111111111111,0.1111111111111111,,1.0,0.6666666666666666,0.7857142857142857,0.7857142857142857,0.7272727272727273,0.23809523809523808,0.4,0.4,1.0,,,,,,,,,0.09523809523809523,0.5,0.5,1.0,0.6666666666666666,1.0,,,,0.5714285714285714,0.75,0.2857142857142857,0.5,0.7619047619047619,0.5,0.5489785714285714,0.647,0.47175,0.13636363636363635,0.15,0.21875,0.34375,3.6526315789473687,24.4,0.3333333333333333,,,,0.24074074074074073,,1.0,1.0,,,,,,,,0.5,0.3333333333333333,1.0,1.0,,1.0,,,4.0,1.0,,,,,,,,1.0,,,0.25,,,,1.0
wnba,wnba_totals,totals,player_totals,get-totals,2025,Playoffs,season,"{'Type': 'Player', 'Season': '2025', 'SeasonType': 'Playoffs'}",totals,get-totals__player_totals__type-Player__season-2025__season_type-Playoffs__513e9b1d,get-totals,https://api.pbpstats.com/get-totals/wnba?Type=Player&Season=2025&SeasonType=Playoffs,200,42,1627672,1611661325,Aerial Powers,Aerial Powers,1627672,IND,5001.0,8,83.0,-19.0,166,164,79.0,60.0,27.0,330,2.0,5.0,1.0,2.0,,2.0,1.0,5.0,2.0,7.0,,,,,,5.0,,3.0,5.0,17.0,,5.0,6.0,16.0,162,1.0,4.0,,,1.0,3.0,3.0,11.0,,3.0,2.0,8.0,2.0,8.0,,2.0,5.0,,2.0,2.0,,2.0,,,1.0,1.0,,4.0,2.0,,4.0,4.0,2.0,10.0,2.0,12.0,,3.0,3.0,,3.0,,2.0,2.0,1.0,1.0,1.0,5.0,1.0,1.0,4.0,12.0,,10.0,,4.0,,11.0,1.0,,4.0,2.0,1.0,,,1.0,,,,1.0,1.0,13.0,8.0,79.0,1.0,2.0,,2.0,,86.14457831325302,98.78048780487805,0.2,0.25,,,,,,0.29411764705882354,0.25,0.2727272727272727,0.22727272727272727,0.25,0.21428571428571427,0.2962962962962963,0.375,0.25,0.22727272727272727,0.11764705882352941,,0.4,15.841584158415841,0.6,0.2857142857142857,0.08163265306122448,,0.15384615384615385,0.08,0.10666666666666667,0.021505376344086023,,,,0.09090909090909091,,0.09090909090909091,,0.3333333333333333,0.15,0.16666666666666666,,1.0,0.22727272727272727,0.4,0.4,,0.22727272727272727,0.2,0.3333333333333333,1.0,0.3181818181818182,0.2857142857142857,0.2857142857142857,,,,,,0.22727272727272727,,,,0.5,0.5,,,,0.14285714285714285,,0.21428571428571427,,0.45454545454545453,,0.461675,0.4035,0.42389642857142856,0.16,0.2,0.1875,0.5,10.147058823529411,25.119999999999997,0.3333333333333333,0.5,0.6,0.2,0.4759036144578313,,,,,,,,,,,,,,,,1.0,,,,,,,,,,,,,,,,,,,
wnba,wnba_totals,totals,player_totals,get-totals,2025,Playoffs,season,"{'Type': 'Player', 'Season': '2025', 'SeasonType': 'Playoffs'}",totals,get-totals__player_totals__type-Player__season-2025__season_type-Playoffs__513e9b1d,get-totals,https://api.pbpstats.com/get-totals/wnba?Type=Player&Season=2025&SeasonType=Playoffs,200,43,1628886,1611661330,Jordin Canada,Jordin Canada,1628886,ATL,4869.0,3,81.0,-5.0,160,160,32.0,44.0,21.0,320,8.0,16.0,,1.0,2.0,2.0,3.0,10.0,,,,,,,,3.0,,,11.0,26.0,,3.0,2.0,24.0,160,,3.0,,,,,2.0,3.0,,,,4.0,6.0,16.0,,,2.0,,2.0,15.0,5.0,20.0,4.0,1.0,13.0,1.0,1.0,45.0,,2.0,1.0,3.0,1.0,5.0,2.0,7.0,1.0,3.0,2.0,1.0,3.0,1.0,1.0,2.0,,2.0,,5.0,,2.0,3.0,12.0,1.0,9.0,,,,7.0,1.0,,4.0,,1.0,,,,,,1.0,1.0,1.0,24.0,4.0,32.0,1.0,,3.0,4.0,10.0,96.875,100.0,0.2727272727272727,0.2727272727272727,,,,,,0.4230769230769231,,0.6666666666666666,0.3793103448275862,,0.6666666666666666,0.375,,0.6666666666666666,0.10344827586206896,0.07692307692307693,,0.2,20.670391061452513,0.6,0.25,0.061224489795918366,0.044444444444444446,0.041666666666666664,,0.0547945205479452,0.02666666666666667,,0.13333333333333333,,,,0.037037037037037035,0.15384615384615385,,,0.14285714285714285,0.06666666666666667,1.0,0.5517241379310345,0.5,0.5,0.25,0.3448275862068966,0.3,0.375,0.3333333333333333,,,,,,,,,0.10344827586206896,,,,0.3333333333333333,,,,,0.6666666666666666,1.0,,,0.6551724137931034,,0.5404410714285715,0.49193333333333333,0.5703666666666667,0.125,0.13793103448275862,,0.16666666666666666,3.8576923076923078,38.666666666666664,0.125,0.42857142857142855,,0.5,0.2,,,,,1.0,,,,,,,,,,,1.0,,,1.0,3.0,,,,,,,,,,,,,,,
wnba,wnba_totals,totals,player_totals,get-totals,2025,Playoffs,season,"{'Type': 'Player', 'Season': '2025', 'SeasonType': 'Playoffs'}",totals,get-totals__player_totals__type-Player__season-2025__season_type-Playoffs__513e9b1d,get-totals,https://api.pbpstats.com/get-totals/wnba?Type=Player&Season=2025&SeasonType=Playoffs,200,44,204365,1611661328,Erica Wheeler,Erica Wheeler,204365,SEA,4791.0,3,80.0,-14.0,152,150,39.0,49.0,21.0,302,2.0,3.0,,,1.0,1.0,6.0,12.0,1.0,4.0,2.0,3.0,1.0,1.0,3.0,14.0,1.0,3.0,9.0,19.0,5.0,17.0,4.0,37.0,169,,,1.0,6.0,,3.0,3.0,6.0,2.0,4.0,1.0,13.0,8.0,10.0,9.0,,14.0,3.0,1.0,5.0,4.0,9.0,4.0,,1.0,3.0,1.0,22.0,1.0,1.0,1.0,3.0,,4.0,2.0,6.0,,3.0,2.0,1.0,2.0,,2.0,1.0,,,,3.0,,1.0,6.0,12.0,,9.0,,,2.0,4.0,1.0,,2.0,1.0,,,,,,,,,,34.0,13.0,39.0,2.0,,,1.0,6.0,101.97368421052632,112.66666666666667,0.4444444444444444,0.4444444444444444,0.6,0.29411764705882354,0.16666666666666666,0.5,0.29411764705882354,0.47368421052631576,,0.5,0.4583333333333333,0.25,0.6,0.4868421052631579,0.25,0.5909090909090909,0.4722222222222222,0.05263157894736842,,0.08333333333333333,22.47191011235955,0.6666666666666666,,0.08333333333333333,0.017241379310344827,0.05263157894736842,0.043478260869565216,0.07272727272727272,0.024691358024691357,,,0.1111111111111111,,0.16666666666666666,,0.09523809523809523,0.125,0.07692307692307693,,,,0.08333333333333333,0.6666666666666666,0.6666666666666666,,0.3333333333333333,0.5,0.5454545454545454,0.6666666666666666,0.1111111111111111,0.25,0.25,,0.08333333333333333,0.6666666666666666,0.6666666666666666,1.0,0.3888888888888889,0.21428571428571427,0.21428571428571427,0.3333333333333333,,,0.16666666666666666,1.0,1.0,0.1,1.0,0.3,0.3333333333333333,0.5555555555555556,0.21428571428571427,0.4745277777777777,0.51336,0.42404000000000003,0.05405405405405406,0.1,0.08108108108108109,0.35135135135135137,9.289473684210526,25.04705882352941,1.0,0.4,0.3333333333333333,0.3333333333333333,0.2565789473684211,1.0,,5.0,6.0,,,,,,,,0.8333333333333334,,,0.1,,,,,4.0,,,1.0,1.0,,,1.0,,,,,1.0,,,
wnba,wnba_totals,totals,player_totals,get-totals,2025,Playoffs,season,"{'Type': 'Player', 'Season': '2025', 'SeasonType': 'Playoffs'}",totals,get-totals__player_totals__type-Player__season-2025__season_type-Playoffs__513e9b1d,get-totals,https://api.pbpstats.com/get-totals/wnba?Type=Player&Season=2025&SeasonType=Playoffs,200,45,1629496,1611661328,Ezi Magbegor,Ezi Magbegor,1629496,SEA,4434.0,3,74.0,-27.0,142,145,23.0,24.0,15.0,287,1.0,2.0,1.0,1.0,1.0,1.0,6.0,8.0,,,,,,,,2.0,,1.0,7.0,10.0,,2.0,1.0,15.0,164,1.0,2.0,,1.0,,2.0,2.0,2.0,,1.0,,4.0,10.0,4.0,,2.0,1.0,,,5.0,2.0,7.0,2.0,,1.0,3.0,1.0,16.0,,4.0,,7.0,2.0,9.0,4.0,13.0,,3.0,2.0,1.0,1.0,1.0,,1.0,,1.0,,2.0,,,7.0,11.0,,3.0,,,,4.0,2.0,,3.0,,3.0,,,1.0,,,2.0,3.0,2.0,13.0,4.0,23.0,,,1.0,2.0,7.0,96.47887323943662,113.10344827586208,0.7142857142857143,0.8333333333333334,,,,,,0.7,0.5,1.0,0.5833333333333334,0.3333333333333333,0.6666666666666666,0.5769230769230769,0.3333333333333333,0.6666666666666666,0.16666666666666666,,,,9.25925925925926,0.5,0.5,0.19444444444444445,0.08163265306122448,,,0.12727272727272726,0.057971014492753624,0.14285714285714285,0.07142857142857142,,,,0.375,0.10526315789473684,0.2222222222222222,,,,0.6666666666666666,0.16666666666666666,0.5,0.5,,0.6666666666666666,0.75,0.75,0.8333333333333334,,,,,,,,,0.16666666666666666,,,,0.3333333333333333,1.0,,,,0.3333333333333333,1.0,0.3333333333333333,,0.3333333333333333,,0.4234363636363636,0.63125,0.46255,0.23076923076923078,0.2727272727272727,0.13333333333333333,0.26666666666666666,5.8100000000000005,35.95,,1.0,,,0.1619718309859155,,,1.0,,1.0,,,,,,,0.3333333333333333,,,,,,,2.0,,,,,,,,,,,,,,,,
wnba,wnba_totals,totals,player_totals,get-totals,2025,Playoffs,season,"{'Type': 'Player', 'Season': '2025', 'SeasonType': 'Playoffs'}",totals,get-totals__player_totals__type-Player__season-2025__season_type-Playoffs__513e9b1d,get-totals,https://api.pbpstats.com/get-totals/wnba?Type=Player&Season=2025&SeasonType=Playoffs,200,46,1642798,1611661328,Dominique Malonga,Dominique Malonga,1642798,SEA,4106.0,3,68.0,3.0,134,132,48.0,54.0,17.0,266,3.0,6.0,,,2.0,3.0,3.0,13.0,1.0,2.0,1.0,1.0,,,1.0,1.0,1.0,1.0,7.0,21.0,2.0,2.0,6.0,26.0,144,1.0,5.0,,,,2.0,3.0,8.0,2.0,2.0,3.0,15.0,12.0,2.0,6.0,2.0,1.0,1.0,2.0,3.0,1.0,4.0,,1.0,1.0,2.0,,9.0,3.0,5.0,2.0,14.0,2.0,18.0,8.0,26.0,,2.0,,2.0,3.0,,1.0,,,2.0,,3.0,,,6.0,10.0,,6.0,,,,7.0,1.0,,4.0,,5.0,,,,,,5.0,5.0,5.0,24.0,15.0,48.0,2.0,,3.0,,8.0,109.70149253731343,109.09090909090908,0.8571428571428571,1.0,1.0,1.0,,1.0,1.0,0.3333333333333333,0.2,0.375,0.43478260869565216,0.2,0.6,0.5,0.2,0.6818181818181818,0.08695652173913043,0.09523809523809523,0.16666666666666666,0.07692307692307693,18.83116883116883,1.0,0.2857142857142857,0.3888888888888889,0.10416666666666667,0.1111111111111111,0.1875,0.2962962962962963,0.125,0.16666666666666666,0.08823529411764706,0.125,0.23076923076923078,,0.4,0.38095238095238093,0.4,0.1,0.125,,1.0,0.2608695652173913,0.5,0.6,1.0,0.5652173913043478,0.23076923076923078,0.25,0.6666666666666666,0.08695652173913043,0.5,0.5,1.0,0.043478260869565216,1.0,1.0,1.0,0.043478260869565216,1.0,1.0,1.0,,,,,,0.3,0.6666666666666666,0.1,1.0,0.34782608695652173,1.0,0.4604630434782609,0.4115,0.476335,0.15384615384615385,0.16666666666666666,0.07692307692307693,0.5769230769230769,6.652380952380952,24.7,0.3333333333333333,,,,0.3582089552238806,1.0,,,,,,,,,,,,,,0.1,,,,4.0,,,,,,,,1.0,,,,,1.0,,,
wnba,wnba_totals,totals,player_totals,get-totals,2025,Playoffs,season,"{'Type': 'Player', 'Season': '2025', 'SeasonType': 'Playoffs'}",totals,get-totals__player_totals__type-Player__season-2025__season_type-Playoffs__513e9b1d,get-totals,https://api.pbpstats.com/get-totals/wnba?Type=Player&Season=2025&SeasonType=Playoffs,200,47,1628279,1611661328,Brittney Sykes,Brittney Sykes,1628279,SEA,3971.0,3,66.0,-31.0,125,129,17.0,26.0,13.0,254,2.0,5.0,,,,1.0,3.0,6.0,1.0,2.0,,1.0,,1.0,,,,,6.0,13.0,,1.0,1.0,13.0,150,,,,1.0,,,,1.0,,,,,8.0,4.0,,,,,1.0,2.0,,2.0,,,1.0,1.0,,4.0,1.0,1.0,3.0,2.0,,5.0,2.0,7.0,,,,,5.0,1.0,4.0,6.0,1.0,1.0,2.0,11.0,,1.0,3.0,8.0,2.0,6.0,1.0,1.0,1.0,2.0,2.0,,2.0,,1.0,,,,,,1.0,1.0,,13.0,,17.0,,,9.0,5.0,1.0,95.2,116.27906976744185,0.6666666666666666,0.6666666666666666,,,,,,0.46153846153846156,,,0.42857142857142855,,,0.4642857142857143,,,0.07142857142857142,0.07692307692307693,0.2,,17.605633802816904,0.45454545454545453,,0.05714285714285714,0.024390243902439025,0.16666666666666666,0.0625,0.09433962264150944,0.03508771929824561,0.09090909090909091,,,0.07142857142857142,,,0.1,,0.23076923076923078,,,,0.35714285714285715,0.4,0.5,1.0,0.42857142857142855,0.5,0.5,0.3333333333333333,0.14285714285714285,0.5,0.5,1.0,0.07142857142857142,,,,,,,,,,1.0,,,1.0,,,,0.42857142857142855,,0.4703428571428572,0.6669,0.555,0.14285714285714285,0.15384615384615385,,,6.199999999999999,23.0,0.3333333333333333,0.6666666666666666,,1.0,0.136,,,,,,,,,,,,,,,,1.0,,,,1.0,,,,1.0,,,,,,,,,,,
wnba,wnba_totals,totals,player_totals,get-totals,2025,Playoffs,season,"{'Type': 'Player', 'Season': '2025', 'SeasonType': 'Playoffs'}",totals,get-totals__player_totals__type-Player__season-2025__season_type-Playoffs__513e9b1d,get-totals,https://api.pbpstats.com/get-totals/wnba?Type=Player&Season=2025&SeasonType=Playoffs,200,48,1629568,1611661313,Kennedy Burke,Kennedy Burke,1629568,NYL,3138.0,3,52.0,-42.0,99,99,26.0,18.0,10.0,198,4.0,8.0,,2.0,,,,,,,,6.0,,,1.0,5.0,1.0,1.0,4.0,8.0,1.0,11.0,3.0,14.0,120,,2.0,1.0,1.0,,3.0,,,1.0,1.0,2.0,5.0,6.0,2.0,3.0,,5.0,1.0,,,1.0,1.0,1.0,,,,,3.0,2.0,2.0,1.0,2.0,,3.0,4.0,7.0,1.0,1.0,1.0,,5.0,,2.0,1.0,1.0,3.0,,6.0,2.0,1.0,3.0,4.0,,2.0,,,,4.0,,,1.0,1.0,2.0,,,2.0,,,,2.0,1.0,11.0,5.0,26.0,,1.0,,,,78.78787878787878,121.21212121212122,0.75,0.75,1.0,0.09090909090909091,1.0,1.0,0.09090909090909091,0.5,,,0.2894736842105263,0.5,1.5,0.3333333333333333,0.5,1.25,0.5789473684210527,,,,24.324324324324323,0.8333333333333334,,0.06060606060606061,0.06896551724137931,0.06666666666666667,0.07692307692307693,0.0625,0.07272727272727272,0.07142857142857142,0.09090909090909091,,,0.16666666666666666,,0.0625,0.25,0.09090909090909091,,0.07142857142857142,0.5,0.42105263157894735,0.5,0.5,0.75,,,,,,,,,0.3157894736842105,,,,0.2631578947368421,0.2,0.2,1.0,0.6666666666666666,,,,,,,1.0,1.0,1.0,0.2,0.556,0.4901,0.4887,0.05,0.1111111111111111,0.21428571428571427,0.35714285714285715,2.225,24.827272727272728,0.25,,,0.1,0.26262626262626265,,1.0,1.0,,,,,,,,,0.3333333333333333,1.0,1.0,,,,,,,,,,,,,,,,,,,,,
wnba,wnba_totals,totals,player_totals,get-totals,2025,Playoffs,season,"{'Type': 'Player', 'Season': '2025', 'SeasonType': 'Playoffs'}",totals,get-totals__player_totals__type-Player__season-2025__season_type-Playoffs__513e9b1d,get-totals,https://api.pbpstats.com/get-totals/wnba?Type=Player&Season=2025&SeasonType=Playoffs,200,49,1628926,1611661324,Maria Kliundikova,Maria Kliundikova,1628926,MIN,3074.0,5,51.0,8.0,94,96,18.0,31.0,12.0,190,3.0,6.0,,2.0,1.0,1.0,2.0,5.0,2.0,3.0,,1.0,,,,3.0,,,7.0,14.0,,4.0,,14.0,90,1.0,3.0,,,,2.0,1.0,2.0,,,,2.0,12.0,2.0,,,3.0,,,4.0,2.0,6.0,2.0,,2.0,1.0,1.0,14.0,3.0,4.0,7.0,4.0,,11.0,7.0,18.0,1.0,2.0,2.0,,,,,1.0,,,,1.0,1.0,,2.0,4.0,,1.0,,,,,,,,,5.0,,,4.0,,,1.0,5.0,1.0,12.0,2.0,18.0,1.0,,5.0,,,104.25531914893618,93.75,0.8571428571428571,0.8571428571428571,,,,,,0.5,0.3333333333333333,0.5,0.3888888888888889,0.3333333333333333,0.5,0.3888888888888889,0.3333333333333333,0.5,0.2222222222222222,,,,17.431192660550458,,,0.13793103448275862,0.11764705882352941,0.28,0.16666666666666666,0.2037037037037037,0.1346153846153846,0.1111111111111111,0.07142857142857142,0.18181818181818182,0.06666666666666667,0.6666666666666666,0.21428571428571427,,0.125,0.3333333333333333,0.2,0.09090909090909091,0.2,0.3333333333333333,0.5,0.5,0.6666666666666666,0.2777777777777778,0.4,0.4,1.0,0.16666666666666666,0.6666666666666666,0.6666666666666666,1.0,0.05555555555555555,,,,0.16666666666666666,,,,0.6666666666666666,,,,,0.5,1.0,,,0.5555555555555556,,0.49088333333333334,0.5796666666666667,0.57885,,,0.14285714285714285,0.14285714285714285,6.821428571428571,24.6,0.6666666666666666,,,0.5,0.19148936170212766,,,,,,,,,,,,,,,,2.0,,,,,,,,,,,,,,,,,,1.0,1.0
wnba,wnba_totals,totals,player_totals,get-totals,2025,Playoffs,season,"{'Type': 'Player', 'Season': '2025', 'SeasonType': 'Playoffs'}",totals,get-totals__player_totals__type-Player__season-2025__season_type-Playoffs__513e9b1d,get-totals,https://api.pbpstats.com/get-totals/wnba?Type=Player&Season=2025&SeasonType=Playoffs,200,50,1642815,1611661325,Makayla Timpson,Makayla Timpson,1642815,IND,3068.0,8,51.0,-3.0,102,103,49.0,29.0,15.0,205,6.0,9.0,2.0,5.0,3.0,5.0,,,,,,,,,,,,,6.0,9.0,,,6.0,18.0,98,2.0,5.0,,,,4.0,3.0,5.0,,,2.0,8.0,8.0,4.0,,2.0,,,1.0,,,,,,,,,,1.0,7.0,1.0,5.0,1.0,7.0,8.0,15.0,1.0,2.0,2.0,,2.0,1.0,,1.0,,2.0,,3.0,1.0,1.0,1.0,3.0,,5.0,,,,8.0,2.0,,5.0,,3.0,,,2.0,,,1.0,3.0,1.0,14.0,8.0,49.0,,,,,,93.13725490196079,95.14563106796116,0.6666666666666666,0.8,,,,,,0.6666666666666666,0.4,0.6,0.6666666666666666,0.4,0.6,0.75,0.4,0.6666666666666666,,0.1111111111111111,0.1111111111111111,,12.295081967213115,0.6666666666666666,0.25,0.14705882352941177,0.22580645161290322,0.14285714285714285,0.0625,0.14634146341463414,0.1702127659574468,0.125,0.2222222222222222,0.5,0.0625,,0.23076923076923078,0.125,,0.16666666666666666,,0.5,0.3333333333333333,1.0,0.6666666666666666,0.75,0.6666666666666666,,,,,,,,,,,,,,,,,1.0,0.4,,,,1.0,0.6,,,1.0,,0.6429777777777779,0.60495,0.62696,0.4166666666666667,0.4166666666666667,0.2222222222222222,0.4444444444444444,1.7222222222222223,,0.3333333333333333,,,,0.4803921568627451,,,,,,,,,,,0.5,,,,,,1.0,,,,,,,,,,,,,,,,,,
wnba,wnba_totals,totals,player_totals,get-totals,2025,Playoffs,season,"{'Type': 'Player', 'Season': '2025', 'SeasonType': 'Playoffs'}",totals,get-totals__player_totals__type-Player__season-2025__season_type-Playoffs__513e9b1d,get-totals,https://api.pbpstats.com/get-totals/wnba?Type=Player&Season=2025&SeasonType=Playoffs,200,51,1631007,1611661331,Veronica Burton,Veronica Burton,1631007,GSV,2992.0,2,50.0,-23.0,134,136,27.0,41.0,9.0,270,,4.0,,,,,1.0,6.0,,,2.0,2.0,1.0,1.0,4.0,13.0,,3.0,1.0,10.0,6.0,15.0,7.0,27.0,155,,2.0,1.0,2.0,,3.0,,,1.0,4.0,2.0,5.0,,2.0,18.0,,12.0,4.0,1.0,7.0,9.0,16.0,6.0,3.0,2.0,3.0,2.0,41.0,,,6.0,5.0,,11.0,,11.0,,7.0,7.0,,8.0,2.0,7.0,2.0,,1.0,,10.0,,2.0,3.0,8.0,,12.0,,,2.0,7.0,,,2.0,1.0,2.0,,,1.0,,,1.0,2.0,,24.0,5.0,27.0,2.0,1.0,4.0,4.0,4.0,98.50746268656715,113.97058823529412,,,1.0,0.4,0.5,0.25,0.42857142857142855,0.1,,,0.4,0.375,0.375,0.48214285714285715,0.375,0.5,0.6,0.1,,0.16666666666666666,26.027397260273972,0.8,,0.16129032258064516,,0.23076923076923078,,0.19298245614035087,,,,,,,0.1,0.23076923076923078,0.125,0.19047619047619047,0.4,,,0.16,,,,0.24,0.16666666666666666,0.2,,,,,,0.08,1.0,1.0,1.0,0.52,0.3076923076923077,0.3076923076923077,1.0,,,0.25,1.0,1.0,,,0.75,,0.76,0.3333333333333333,0.5037020833333333,0.4472666666666667,0.51605,0.07407407407407407,0.16666666666666666,0.1111111111111111,0.18518518518518517,5.15,26.459999999999997,,0.4,,0.16666666666666666,0.20149253731343283,1.0,,1.0,,1.0,,,,,,,0.25,,,0.25,1.0,,,,,,,,,,,1.0,,,,,1.0,,,
wnba,wnba_totals,totals,player_totals,get-totals,2025,Playoffs,season,"{'Type': 'Player', 'Season': '2025', 'SeasonType': 'Playoffs'}",totals,get-totals__player_totals__type-Player__season-2025__season_type-Playoffs__513e9b1d,get-totals,https://api.pbpstats.com/get-totals/wnba?Type=Player&Season=2025&SeasonType=Playoffs,200,52,1642767,1611661331,Janelle Salaün,Janelle Salaün,1642767,GSV,2967.0,2,49.0,-31.0,133,133,25.0,38.0,11.0,266,2.0,2.0,,,1.0,1.0,,3.0,2.0,2.0,2.0,3.0,,,3.0,8.0,,2.0,4.0,7.0,5.0,11.0,4.0,27.0,156,,,,,,,2.0,2.0,1.0,3.0,,7.0,8.0,,15.0,,8.0,3.0,,1.0,,1.0,,,1.0,,,2.0,1.0,,3.0,5.0,1.0,9.0,1.0,10.0,,1.0,1.0,,1.0,,,1.0,,1.0,1.0,2.0,1.0,,,4.0,,4.0,,1.0,,5.0,,,1.0,,,,,,,,,,,27.0,7.0,25.0,,,,,,93.98496240601503,117.29323308270676,1.0,1.0,1.0,0.45454545454545453,,0.3333333333333333,0.45454545454545453,0.5714285714285714,,1.0,0.6388888888888888,,0.7,0.675,,0.7,0.6111111111111112,,,,15.068493150684931,0.5,0.3333333333333333,0.16129032258064516,,0.12,0.037037037037037035,0.14285714285714285,0.015873015873015872,,,,0.045454545454545456,,,0.23076923076923078,0.25,0.15,,,,0.1111111111111111,1.0,1.0,1.0,0.16666666666666666,,,,0.1111111111111111,1.0,1.0,1.0,0.16666666666666666,0.6666666666666666,0.6666666666666666,1.0,0.4444444444444444,0.375,0.375,1.0,,,,,,0.2,1.0,0.4,,0.7222222222222222,0.375,0.5112388888888888,,0.49484000000000006,0.1,0.125,,0.25925925925925924,10.014285714285714,24.61818181818182,,,,0.16666666666666666,0.18796992481203006,1.0,,,,,,,1.0,,,,,,,0.2,1.0,,,,,,0.08333333333333333,,,,,1.0,,,,,1.0,,,
wnba,wnba_totals,totals,player_totals,get-totals,2025,Playoffs,season,"{'Type': 'Player', 'Season': '2025', 'SeasonType': 'Playoffs'}",totals,get-totals__player_totals__type-Player__season-2025__season_type-Playoffs__513e9b1d,get-totals,https://api.pbpstats.com/get-totals/wnba?Type=Player&Season=2025&SeasonType=Playoffs,200,53,1630387,1611661331,Iliana Rupert,Iliana Rupert,1630387,GSV,2902.0,2,48.0,-21.0,89,87,26.0,28.0,9.0,176,1.0,1.0,,,,,,,,,,1.0,,,2.0,5.0,,1.0,1.0,1.0,2.0,6.0,,8.0,105,,,,,,,,,,2.0,,,2.0,,6.0,,5.0,2.0,,2.0,4.0,6.0,2.0,2.0,2.0,,,16.0,1.0,,1.0,3.0,,4.0,1.0,5.0,,,,,4.0,,4.0,1.0,,,,5.0,,,2.0,5.0,,2.0,,1.0,,,,,,,2.0,,,1.0,,,1.0,2.0,2.0,8.0,,26.0,,,2.0,,,94.3820224719101,120.6896551724138,1.0,1.0,1.0,0.3333333333333333,,,0.3333333333333333,1.0,,,0.5714285714285714,,,0.5714285714285714,,,0.8571428571428571,,,,12.121212121212121,0.8,,0.16666666666666666,,0.047619047619047616,0.05263157894736842,0.10256410256410256,0.023809523809523808,,,,,0.25,0.25,0.18181818181818182,,,0.2,,1.0,0.14285714285714285,1.0,1.0,1.0,,,,,,,,,0.14285714285714285,,,,0.7142857142857143,0.4,0.4,1.0,,,,,,,,0.5,,1.0,0.4,0.4856857142857143,,0.47775,,,,,3.1,24.849999999999998,,,,,0.29213483146067415,1.0,,,,,,,,,,,,,,0.5,3.0,1.0,,,,,,,,,,,,,,,,,,
wnba,wnba_totals,totals,player_totals,get-totals,2025,Playoffs,season,"{'Type': 'Player', 'Season': '2025', 'SeasonType': 'Playoffs'}",totals,get-totals__player_totals__type-Player__season-2025__season_type-Playoffs__513e9b1d,get-totals,https://api.pbpstats.com/get-totals/wnba?Type=Player&Season=2025&SeasonType=Playoffs,200,54,1630097,1611661331,Kaila Charles,Kaila Charles,1630097,GSV,2711.0,2,45.0,-29.0,81,86,,9.0,8.0,167,2.0,4.0,,1.0,,,,5.0,,1.0,1.0,1.0,,,,1.0,,,2.0,10.0,1.0,2.0,,7.0,99,,1.0,,,,,,,,,,,2.0,2.0,3.0,,1.0,,1.0,1.0,3.0,4.0,3.0,,,,1.0,11.0,,3.0,1.0,1.0,,2.0,3.0,5.0,,3.0,,3.0,1.0,,1.0,,,,,1.0,,,3.0,5.0,,,,,,,,,,,1.0,,,,,,1.0,1.0,,7.0,,,,,1.0,5.0,1.0,86.41975308641975,115.11627906976744,0.5,0.5,1.0,0.5,,,0.5,0.2,,,0.2916666666666667,,,0.2916666666666667,,,0.16666666666666666,0.1,,0.2,14.444444444444445,1.0,,0.05263157894736842,0.1,0.05555555555555555,,0.05405405405405406,0.06818181818181818,,0.14285714285714285,,,,,,0.2,,0.2,,,0.3333333333333333,0.5,0.5,0.5,0.4166666666666667,,,,0.08333333333333333,,,,0.08333333333333333,1.0,1.0,1.0,0.08333333333333333,,,,1.0,,,,,,,,,0.5,,0.4939458333333333,0.5145,,,,,,6.790000000000001,24.4,,0.2,,,,,,,,,,,,,,,,,,,,,1.0,,,,,,,,,,,,,,,,,
wnba,wnba_totals,totals,player_totals,get-totals,2025,Playoffs,season,"{'Type': 'Player', 'Season': '2025', 'SeasonType': 'Playoffs'}",totals,get-totals__player_totals__type-Player__season-2025__season_type-Playoffs__513e9b1d,get-totals,https://api.pbpstats.com/get-totals/wnba?Type=Player&Season=2025&SeasonType=Playoffs,200,55,1628508,1611661331,Cecilia Zandalasini,Cecilia Zandalasini,1628508,GSV,2530.0,2,42.0,-21.0,121,120,23.0,35.0,7.0,241,2.0,5.0,,,,,4.0,8.0,,4.0,1.0,1.0,,,2.0,8.0,,2.0,6.0,17.0,3.0,9.0,7.0,28.0,138,,,,2.0,,,,2.0,,2.0,2.0,2.0,4.0,8.0,9.0,,8.0,2.0,2.0,5.0,,5.0,,,3.0,1.0,1.0,10.0,,1.0,4.0,3.0,1.0,8.0,1.0,9.0,,2.0,2.0,,3.0,2.0,3.0,2.0,,,,5.0,1.0,1.0,3.0,6.0,,8.0,,,1.0,8.0,1.0,,3.0,,,,,,,,,,,28.0,2.0,23.0,,,1.0,,,96.69421487603306,115.0,0.3333333333333333,0.3333333333333333,1.0,0.3333333333333333,,,0.3333333333333333,0.35294117647058826,,,0.40384615384615385,,,0.4827586206896552,,0.2,0.34615384615384615,0.11764705882352941,,0.25,25.954198473282442,0.6,0.3333333333333333,0.125,0.03125,0.15384615384615385,,0.14,0.018518518518518517,,0.05555555555555555,,,,,0.125,0.2857142857142857,0.13043478260869565,0.3333333333333333,,,0.19230769230769232,0.4,0.4,0.5,0.3076923076923077,0.5,0.6666666666666666,0.25,0.15384615384615385,,,,0.038461538461538464,1.0,1.0,1.0,0.3076923076923077,0.25,0.25,1.0,,,,,,,,0.5,,0.5384615384615384,0.25,0.46268076923076923,0.536475,0.3952625,0.13793103448275862,0.15789473684210525,,0.07142857142857142,9.358823529411765,24.799999999999997,0.6666666666666666,0.5,,0.16666666666666666,0.19008264462809918,,,2.0,,,,,1.0,,,,1.0,,,,,,1.0,,,,0.1,,,,,,,,,,,,,
wnba,wnba_totals,totals,player_totals,get-totals,2025,Playoffs,season,"{'Type': 'Player', 'Season': '2025', 'SeasonType': 'Playoffs'}",totals,get-totals__player_totals__type-Player__season-2025__season_type-Playoffs__513e9b1d,get-totals,https://api.pbpstats.com/get-totals/wnba?Type=Player&Season=2025&SeasonType=Playoffs,200,56,203416,1611661313,Emma Meesseman,Emma Meesseman,203416,NYL,2429.0,3,40.0,-30.0,80,79,25.0,18.0,8.0,159,2.0,6.0,1.0,2.0,1.0,4.0,1.0,7.0,2.0,4.0,,,,,,1.0,,,5.0,17.0,,1.0,3.0,13.0,91,1.0,3.0,,,2.0,4.0,2.0,7.0,,,2.0,6.0,10.0,,,,1.0,,,5.0,1.0,6.0,1.0,,4.0,1.0,,13.0,1.0,4.0,5.0,6.0,,11.0,5.0,16.0,2.0,,,,3.0,,3.0,2.0,,,2.0,5.0,,1.0,,2.0,,4.0,,,,6.0,,,1.0,2.0,,,,,,,,,,9.0,6.0,25.0,,2.0,,,,76.25,115.18987341772151,1.0,1.0,,,,,,0.29411764705882354,0.3333333333333333,0.2857142857142857,0.2777777777777778,0.3333333333333333,0.2857142857142857,0.30952380952380953,0.5,0.3333333333333333,0.05555555555555555,,,,28.57142857142857,0.6,,0.24,0.17391304347826086,0.2777777777777778,0.05263157894736842,0.2558139534883721,0.11904761904761904,0.375,0.08333333333333333,,0.1111111111111111,,0.3333333333333333,0.07692307692307693,0.6666666666666666,0.26666666666666666,0.3333333333333333,0.16666666666666666,,0.3333333333333333,0.3333333333333333,0.3333333333333333,1.0,0.3888888888888889,0.14285714285714285,0.14285714285714285,1.0,0.2222222222222222,0.5,0.5,1.0,,,,,0.05555555555555555,,,,0.6666666666666666,0.5,,,,0.5714285714285714,0.25,,,0.3888888888888889,,0.4659444444444445,0.50085,0.49157142857142855,0.05263157894736842,0.05555555555555555,0.3076923076923077,0.46153846153846156,8.370588235294118,24.6,0.5,0.16666666666666666,,,0.3125,,,,,,,,,,,1.0,,,,,1.0,,,,,,,,,,,,,,,,,,,
wnba,wnba_totals,totals,player_totals,get-totals,2025,Playoffs,season,"{'Type': 'Player', 'Season': '2025', 'SeasonType': 'Playoffs'}",totals,get-totals__player_totals__type-Player__season-2025__season_type-Playoffs__513e9b1d,get-totals,https://api.pbpstats.com/get-totals/wnba?Type=Player&Season=2025&SeasonType=Playoffs,200,57,1630471,1611661330,Maya Caldwell,Maya Caldwell,1630471,ATL,2409.0,3,40.0,8.0,81,81,29.0,49.0,12.0,162,2.0,2.0,2.0,2.0,1.0,1.0,,1.0,,1.0,1.0,2.0,,1.0,,1.0,,,2.0,4.0,1.0,3.0,,7.0,67,2.0,2.0,,1.0,,4.0,1.0,1.0,,1.0,,2.0,2.0,2.0,3.0,2.0,1.0,,,2.0,,2.0,,,1.0,1.0,,4.0,,1.0,1.0,3.0,,4.0,2.0,6.0,,1.0,,1.0,2.0,,1.0,2.0,1.0,1.0,1.0,4.0,1.0,2.0,1.0,3.0,,3.0,,1.0,1.0,,,,,,1.0,,,1.0,,,,1.0,1.0,3.0,2.0,29.0,,,,,,92.59259259259258,82.71604938271605,0.5,1.0,1.0,0.3333333333333333,,,0.3333333333333333,0.5,1.0,1.0,0.5,0.6666666666666666,0.5,0.5,0.6666666666666666,0.5,0.42857142857142855,,,,12.087912087912088,0.5,,0.09090909090909091,0.041666666666666664,0.1111111111111111,,0.09523809523809523,0.02857142857142857,0.1,,,,,0.05555555555555555,0.16666666666666666,0.1111111111111111,0.14285714285714285,,,1.0,0.2857142857142857,1.0,1.0,0.5,0.14285714285714285,,,,0.14285714285714285,,,,0.2857142857142857,0.5,0.5,1.0,0.14285714285714285,,,,0.6666666666666666,1.0,0.3333333333333333,,,0.5,1.0,,,0.7142857142857143,,0.5020714285714286,0.527,0.46605,,,0.5714285714285714,0.2857142857142857,5.275,23.766666666666666,,1.0,,,0.35802469135802467,1.0,,,,,,,,,,0.5,,,,0.5,,,,,,,,,,,,,1.0,,,0.25,,,,
wnba,wnba_totals,totals,player_totals,get-totals,2025,Playoffs,season,"{'Type': 'Player', 'Season': '2025', 'SeasonType': 'Playoffs'}",totals,get-totals__player_totals__type-Player__season-2025__season_type-Playoffs__513e9b1d,get-totals,https://api.pbpstats.com/get-totals/wnba?Type=Player&Season=2025&SeasonType=Playoffs,200,58,204323,1611661319,Cheyenne Parker-Tyus,Cheyenne Parker-Tyus,204323,LVA,2180.0,6,36.0,-1.0,70,69,38.0,36.0,5.0,139,2.0,2.0,2.0,2.0,2.0,2.0,1.0,4.0,,1.0,,1.0,,,1.0,2.0,,1.0,3.0,7.0,1.0,3.0,3.0,12.0,73,2.0,3.0,1.0,1.0,,7.0,2.0,5.0,,1.0,1.0,5.0,2.0,4.0,,4.0,2.0,1.0,1.0,1.0,,1.0,,,,1.0,,2.0,2.0,1.0,2.0,,1.0,3.0,3.0,6.0,1.0,,,,,,,2.0,,,,2.0,,,2.0,7.0,2.0,2.0,,,,4.0,,,2.0,,1.0,,,,,1.0,,1.0,,5.0,5.0,38.0,,,,5.0,3.0,102.85714285714286,105.79710144927537,0.3333333333333333,1.0,,0.3333333333333333,1.0,,0.3333333333333333,0.42857142857142855,0.6666666666666666,0.4,0.45,0.875,0.3333333333333333,0.5,0.875,0.35714285714285715,0.3,0.14285714285714285,,0.25,18.42105263157895,,0.3333333333333333,,0.06666666666666667,0.16666666666666666,0.15384615384615385,0.0625,0.10714285714285714,,0.125,,0.2,,,,,0.2222222222222222,,0.2,,0.2,1.0,1.0,,0.4,0.25,0.3333333333333333,1.0,0.1,,,,0.1,,,,0.2,0.5,0.5,,0.5,1.0,,,,0.3333333333333333,1.0,0.16666666666666666,,0.5,0.5,0.48972,0.5803,0.49444166666666667,0.16666666666666666,0.2222222222222222,0.5833333333333334,0.4166666666666667,7.3999999999999995,24.400000000000002,,0.3333333333333333,,,0.5428571428571428,,1.0,1.0,3.0,,,,,,,,0.25,1.0,,,,,,2.0,,,,,,,,,,,,,,,,2.0
wnba,wnba_totals,totals,player_totals,get-totals,2025,Playoffs,season,"{'Type': 'Player', 'Season': '2025', 'SeasonType': 'Playoffs'}",totals,get-totals__player_totals__type-Player__season-2025__season_type-Playoffs__513e9b1d,get-totals,https://api.pbpstats.com/get-totals/wnba?Type=Player&Season=2025&SeasonType=Playoffs,200,59,203398,1611661330,Brittney Griner,Brittney Griner,203398,ATL,1906.0,3,32.0,5.0,68,66,14.0,17.0,10.0,134,5.0,7.0,2.0,2.0,1.0,1.0,1.0,7.0,,1.0,,,,,,,,,6.0,15.0,,,2.0,14.0,61,2.0,2.0,,,,4.0,2.0,2.0,,,1.0,5.0,10.0,2.0,,2.0,,,,2.0,2.0,4.0,1.0,1.0,2.0,,,10.0,,1.0,,2.0,,2.0,1.0,3.0,,,,,1.0,,,1.0,,1.0,,2.0,,1.0,3.0,4.0,1.0,2.0,,,,3.0,1.0,,1.0,1.0,1.0,,,1.0,,,,1.0,1.0,10.0,5.0,14.0,,1.0,,,,97.05882352941175,92.42424242424242,0.8333333333333334,1.0,,,,,,0.4,1.0,1.0,0.4,1.0,1.0,0.4375,1.0,0.8333333333333334,,,,,22.78481012658228,0.5,,0.1,0.043478260869565216,,,0.0625,0.029411764705882353,,0.1,,,,,0.25,0.16666666666666666,,,,1.0,0.4666666666666667,0.7142857142857143,0.7142857142857143,0.8,0.4666666666666667,0.14285714285714285,0.14285714285714285,1.0,0.06666666666666667,,,,,,,,,,,,1.0,1.0,,,,0.5,1.0,,,0.4666666666666667,,0.5034066666666667,0.6163,0.50585,0.06666666666666667,0.06666666666666667,0.2857142857142857,0.35714285714285715,5.1,,0.5,0.16666666666666666,,,0.20588235294117646,,,,,,,,,,,0.5,,,,,,,,,,,,,,,,,,,,,,,,
wnba,wnba_totals,totals,player_totals,get-totals,2025,Playoffs,season,"{'Type': 'Player', 'Season': '2025', 'SeasonType': 'Playoffs'}",totals,get-totals__player_totals__type-Player__season-2025__season_type-Playoffs__513e9b1d,get-totals,https://api.pbpstats.com/get-totals/wnba?Type=Player&Season=2025&SeasonType=Playoffs,200,60,1642804,1611661330,Te-Hina Paopao,Te-Hina Paopao,1642804,ATL,1767.0,3,29.0,-4.0,59,59,13.0,28.0,9.0,118,3.0,4.0,,,,,2.0,3.0,,,,1.0,,,3.0,7.0,,1.0,5.0,7.0,3.0,8.0,,19.0,53,,,,,,,,,,2.0,,,4.0,6.0,3.0,,7.0,3.0,,1.0,,1.0,,,1.0,,,2.0,1.0,,2.0,2.0,,4.0,1.0,5.0,1.0,1.0,1.0,,3.0,,3.0,1.0,1.0,,,4.0,,1.0,1.0,2.0,,,,,,,,,,,,1.0,1.0,,,,,1.0,,19.0,,13.0,,,,,,83.05084745762713,89.83050847457628,0.4,0.4,0.3333333333333333,0.375,,,0.375,0.7142857142857143,,,0.6333333333333333,,,0.6333333333333333,,,0.5333333333333333,,,,27.536231884057973,0.75,,0.1111111111111111,,0.13333333333333333,0.09090909090909091,0.12121212121212122,0.029411764705882353,,,,0.125,,,0.2,0.2,0.07692307692307693,0.5,0.14285714285714285,,0.26666666666666666,0.75,0.75,0.6666666666666666,0.2,0.6666666666666666,0.6666666666666666,,,,,,0.06666666666666667,,,,0.4666666666666667,0.42857142857142855,0.42857142857142855,0.3333333333333333,,,,,,,,0.5,,0.8,0.42857142857142855,0.5123966666666667,,0.54885,,,,,3.1142857142857143,25.4125,1.0,,,0.2,0.22033898305084745,1.0,,,6.0,,,,,,,,,,,0.5,,,,,,,,,,,,,,,,,,,,
wnba,wnba_totals,totals,player_totals,get-totals,2025,Playoffs,season,"{'Type': 'Player', 'Season': '2025', 'SeasonType': 'Playoffs'}",totals,get-totals__player_totals__type-Player__season-2025__season_type-Playoffs__513e9b1d,get-totals,https://api.pbpstats.com/get-totals/wnba?Type=Player&Season=2025&SeasonType=Playoffs,200,61,1628881,1611661331,Monique Billings,Monique Billings,1628881,GSV,1734.0,2,29.0,3.0,55,54,22.0,23.0,6.0,109,4.0,5.0,2.0,2.0,2.0,3.0,2.0,6.0,1.0,1.0,,,,,,,,,7.0,12.0,,,1.0,15.0,52,2.0,2.0,,,1.0,5.0,3.0,4.0,,,1.0,7.0,10.0,4.0,,4.0,,,1.0,,,,,,,,,,,2.0,1.0,1.0,,2.0,2.0,4.0,1.0,1.0,,1.0,,,,,,,,,,,2.0,2.0,,2.0,,,,1.0,1.0,,1.0,,1.0,,,,,,1.0,1.0,1.0,10.0,7.0,22.0,,,,,,99.99999999999999,96.29629629629629,0.7142857142857143,1.0,,,,,,0.5833333333333334,1.0,0.75,0.5833333333333334,1.0,0.75,0.625,1.25,0.875,,0.08333333333333333,,0.16666666666666666,20.0,,,0.07692307692307693,0.125,0.07692307692307693,,0.07692307692307693,0.08333333333333333,0.4,,,,,0.5,,,0.07692307692307693,,0.25,1.0,0.4166666666666667,0.8,0.8,0.5,0.5,0.3333333333333333,0.4,1.0,0.08333333333333333,1.0,1.0,1.0,,,,,,,,,1.0,1.0,,,,0.75,0.6666666666666666,,,0.4166666666666667,,0.48836666666666667,0.692,0.54635,0.08333333333333333,0.08333333333333333,0.3333333333333333,0.4666666666666667,5.908333333333334,,1.0,0.25,,,0.4,,,,,,,,,,,,,,,,,,,,,,,,,,,,,,,,,,,
wnba,wnba_totals,totals,player_totals,get-totals,2025,Playoffs,season,"{'Type': 'Player', 'Season': '2025', 'SeasonType': 'Playoffs'}",totals,get-totals__player_totals__type-Player__season-2025__season_type-Playoffs__513e9b1d,get-totals,https://api.pbpstats.com/get-totals/wnba?Type=Player&Season=2025&SeasonType=Playoffs,200,62,1630096,1611661324,DiJonai Carrington,DiJonai Carrington,1630096,MIN,1529.0,2,25.0,22.0,48,47,19.0,18.0,9.0,95,1.0,2.0,1.0,1.0,,,1.0,2.0,,1.0,1.0,2.0,,,3.0,5.0,2.0,2.0,2.0,5.0,4.0,7.0,1.0,17.0,38,1.0,1.0,,1.0,,2.0,,,2.0,2.0,1.0,7.0,4.0,,12.0,,5.0,3.0,1.0,1.0,1.0,2.0,,1.0,,1.0,,5.0,1.0,,,1.0,,1.0,1.0,2.0,,1.0,1.0,,1.0,,,,,1.0,,1.0,,,,3.0,,2.0,,,,2.0,,,1.0,,1.0,,,,,,1.0,1.0,,15.0,7.0,19.0,1.0,,,,,125.0,80.85106382978724,1.0,1.0,1.0,0.5714285714285714,,1.0,0.5714285714285714,0.4,1.0,,0.6666666666666666,0.5,1.5,0.6538461538461539,0.5,1.1666666666666667,0.5833333333333334,0.2,,0.5,23.333333333333336,1.0,,0.09090909090909091,,,0.09090909090909091,0.043478260869565216,0.043478260869565216,,,,0.1111111111111111,,,0.125,,,,,,0.16666666666666666,0.5,0.5,1.0,0.16666666666666666,0.5,1.0,1.0,0.08333333333333333,,,,0.16666666666666666,0.5,0.5,1.0,0.4166666666666667,0.6,0.6,1.0,0.5,1.0,,,,,,1.0,1.0,0.75,0.6,0.5332375,0.63055,0.489825,0.07692307692307693,0.16666666666666666,0.11764705882352941,0.4117647058823529,6.7,25.3,1.0,1.0,,,0.3958333333333333,,,1.0,,,,,,,,1.0,0.5,,,,,,,,,,,,,,,,,,,,,,,
wnba,wnba_totals,totals,player_totals,get-totals,2025,Playoffs,season,"{'Type': 'Player', 'Season': '2025', 'SeasonType': 'Playoffs'}",totals,get-totals__player_totals__type-Player__season-2025__season_type-Playoffs__513e9b1d,get-totals,https://api.pbpstats.com/get-totals/wnba?Type=Player&Season=2025&SeasonType=Playoffs,200,63,1629480,1611661317,Kalani Brown,Kalani Brown,1629480,PHX,1518.0,3,25.0,2.0,51,51,14.0,20.0,4.0,102,1.0,3.0,,1.0,,1.0,2.0,3.0,,2.0,,,,,,,,,3.0,8.0,,,6.0,12.0,45,,1.0,,,2.0,2.0,,1.0,,,,,6.0,,,,,,1.0,,,,,,,,,,,1.0,3.0,,1.0,4.0,1.0,5.0,,2.0,,2.0,1.0,,1.0,2.0,,,,3.0,,1.0,2.0,4.0,2.0,4.0,,,,7.0,1.0,,4.0,,2.0,,,,,,2.0,2.0,1.0,10.0,,14.0,,,,1.0,8.0,92.15686274509804,88.23529411764706,1.0,1.0,,,,,,0.375,,,0.375,,,0.5454545454545454,0.5,,,0.125,0.3333333333333333,,25.454545454545453,0.3333333333333333,0.3333333333333333,,0.09090909090909091,0.2,,0.1,0.05,0.5,,,,,,,,0.25,,,0.5,0.375,0.3333333333333333,0.5,1.0,0.375,0.6666666666666666,0.6666666666666666,1.0,0.25,,,,,,,,,,,,1.0,,,,,1.0,,,,0.375,,0.4487875,,0.4718,0.36363636363636365,0.36363636363636365,0.16666666666666666,,7.275,,0.5,,,,0.27450980392156865,,,,,,,,,,,,,,,,,,,4.0,,,,,,,,,,,,,,,,
wnba,wnba_totals,totals,player_totals,get-totals,2025,Playoffs,season,"{'Type': 'Player', 'Season': '2025', 'SeasonType': 'Playoffs'}",totals,get-totals__player_totals__type-Player__season-2025__season_type-Playoffs__513e9b1d,get-totals,https://api.pbpstats.com/get-totals/wnba?Type=Player&Season=2025&SeasonType=Playoffs,200,64,1628269,1611661330,Nia Coffey,Nia Coffey,1628269,ATL,975.0,3,16.0,-4.0,33,35,6.0,20.0,3.0,68,1.0,3.0,,,,1.0,,1.0,,,,1.0,,,,,,,1.0,4.0,,1.0,,2.0,32,,,,,,,,1.0,,,,,2.0,,,,,,,,,,,,,,,,,,1.0,1.0,1.0,3.0,,3.0,,,,,,,,,,,,,,,1.0,1.0,,1.0,,1.0,,,,,,,,,,,,,,,,2.0,,6.0,,,,,,84.84848484848484,91.42857142857143,1.0,1.0,,,,,,0.25,,,0.2,,,0.2,,,0.2,,,,13.88888888888889,,1.0,0.1,,0.25,,0.14285714285714285,,,,,,,,,0.25,,1.0,,,0.6,0.3333333333333333,0.3333333333333333,1.0,0.2,,,,,,,,0.2,,,,,,,,,,,,,1.0,,,,0.8,,0.5882799999999999,,0.5024,,,,,3.575,22.7,,,,,0.18181818181818182,,,,,,,,,,,,,,,,,,,,,,,,,,,,,,,,,,,
wnba,wnba_totals,totals,player_totals,get-totals,2025,Playoffs,season,"{'Type': 'Player', 'Season': '2025', 'SeasonType': 'Playoffs'}",totals,get-totals__player_totals__type-Player__season-2025__season_type-Playoffs__513e9b1d,get-totals,https://api.pbpstats.com/get-totals/wnba?Type=Player&Season=2025&SeasonType=Playoffs,200,65,1642304,1611661331,Carla Leite,Carla Leite,1642304,GSV,945.0,2,16.0,-14.0,28,28,9.0,13.0,6.0,56,,,,,,,,2.0,,1.0,,,,,,1.0,,,,3.0,,1.0,4.0,4.0,30,,2.0,,,,,,1.0,,,2.0,2.0,,,,,1.0,,,,1.0,1.0,1.0,,,,,3.0,,,1.0,1.0,,2.0,,2.0,,,,,2.0,,1.0,1.0,,1.0,1.0,3.0,2.0,,1.0,1.0,,3.0,,,,4.0,,,1.0,1.0,,,,,,,,,,4.0,2.0,9.0,,1.0,,,,57.14285714285714,107.14285714285714,,,,,,,,,,,,,,0.3333333333333333,,0.5,0.25,,,,27.27272727272727,0.6666666666666666,,0.14285714285714285,,0.1,,0.11764705882352941,,,,,,,,,0.5,0.125,,,,,,,,0.5,,,,0.25,,,,,,,,0.25,,,,,,,,,,,,,0.25,,0.359975,0.3523,0.2599,0.2,0.25,,0.5,9.6,25.3,,,,,0.32142857142857145,,,,,,,,,,,,,,,,,,,,,,,,,,,,,,,,,,,
wnba,wnba_totals,totals,player_totals,get-totals,2025,Playoffs,season,"{'Type': 'Player', 'Season': '2025', 'SeasonType': 'Playoffs'}",totals,get-totals__player_totals__type-Player__season-2025__season_type-Playoffs__513e9b1d,get-totals,https://api.pbpstats.com/get-totals/wnba?Type=Player&Season=2025&SeasonType=Playoffs,200,66,1642801,1611661319,Aaliyah Nye,Aaliyah Nye,1642801,LVA,913.0,6,15.0,-14.0,27,29,12.0,19.0,3.0,56,,,,,,,,2.0,,,,1.0,,,,,,,,2.0,,1.0,,,32,,,,,,,,,,,,,,,,,,,,,,,,,,,,,,,1.0,,,1.0,,1.0,,,,,,,,,,,,,,,1.0,2.0,,,,,,,,,,,,,,,,,,,,,,12.0,,,,,,66.66666666666666,110.3448275862069,,,,,,,,,,,,,,,,,0.3333333333333333,,,,10.0,,,,,0.125,,0.1,,,,,,,,,,0.14285714285714285,,,,,,,,0.6666666666666666,,,,,,,,0.3333333333333333,,,,,,,,,,,,,,,,,0.3333333333333333,,0.3939166666666667,,,,,,,6.7,23.5,,0.5,,,0.4444444444444444,,,,,,1.0,,,1.0,,,,,,,1.0,,,,,,,,,,,,,,1.0,,,,,
wnba,wnba_totals,totals,player_totals,get-totals,2025,Playoffs,season,"{'Type': 'Player', 'Season': '2025', 'SeasonType': 'Playoffs'}",totals,get-totals__player_totals__type-Player__season-2025__season_type-Playoffs__513e9b1d,get-totals,https://api.pbpstats.com/get-totals/wnba?Type=Player&Season=2025&SeasonType=Playoffs,200,67,203822,1611661313,Rebekah Gardner,Rebekah Gardner,203822,NYL,901.0,3,15.0,,28,29,18.0,6.0,3.0,57,,1.0,,1.0,,1.0,,,,,,1.0,,,1.0,1.0,,,,1.0,1.0,2.0,,3.0,26,,1.0,,,,,,1.0,,1.0,,,,,3.0,,1.0,1.0,1.0,,,,,,,,,,,,1.0,,,1.0,,1.0,,,,,,,,,,,,,,,1.0,3.0,,,,,,,,,,,,,,,,,,,,3.0,,18.0,1.0,,,,,92.85714285714285,89.65517241379311,,,1.0,0.5,,,0.5,,,,0.5,,,0.5,,,0.6666666666666666,1.0,1.0,,9.375,,,,,0.14285714285714285,,0.06666666666666667,,,,,,,,,,0.25,,,,0.3333333333333333,,,,,,,,,,,,0.3333333333333333,,,,0.3333333333333333,1.0,1.0,1.0,1.0,,,,,0.5,,,,1.0,1.0,0.53625,0.6126,0.5715,,,,,1.4,24.0,1.0,,,,0.6428571428571429,1.0,,,,,,,,,,,,,,0.5,,,,,,,,,,,,,,,,,,,,1.0
wnba,wnba_totals,totals,player_totals,get-totals,2025,Playoffs,season,"{'Type': 'Player', 'Season': '2025', 'SeasonType': 'Playoffs'}",totals,get-totals__player_totals__type-Player__season-2025__season_type-Playoffs__513e9b1d,get-totals,https://api.pbpstats.com/get-totals/wnba?Type=Player&Season=2025&SeasonType=Playoffs,200,68,1631118,1611661317,Lexi Held,Lexi Held,1631118,PHX,715.0,2,12.0,1.0,25,24,2.0,6.0,2.0,49,,,,,,,,,,,,1.0,,,1.0,1.0,,,,,1.0,2.0,,3.0,20,,,,,,,,,,,,,,,3.0,,1.0,1.0,,,,,,,,,,,,,,2.0,,2.0,,2.0,,,,,1.0,,1.0,1.0,,,,2.0,,,,,,,,,,,,,,,,,,,,,,,,3.0,,2.0,,,,,,84.0,83.33333333333334,,,1.0,0.5,,,0.5,,,,0.75,,,0.75,,,1.0,,,,14.814814814814813,0.5,,0.2,,,,0.125,,,,,,,,0.125,0.5,,,,,,,,,,,,,,,,,0.5,,,,0.5,1.0,1.0,1.0,,,,,,,,,,1.0,1.0,0.513525,,,,,,,,23.4,,,,,0.08,,,,,,,,,,,,,,,,,,,,,,,,,,,,,,,,,1.0,,
wnba,wnba_totals,totals,player_totals,get-totals,2025,Playoffs,season,"{'Type': 'Player', 'Season': '2025', 'SeasonType': 'Playoffs'}",totals,get-totals__player_totals__type-Player__season-2025__season_type-Playoffs__513e9b1d,get-totals,https://api.pbpstats.com/get-totals/wnba?Type=Player&Season=2025&SeasonType=Playoffs,200,69,1642324,1611661331,Kate Martin,Kate Martin,1642324,GSV,708.0,2,12.0,-15.0,63,64,18.0,36.0,5.0,127,,,,,,,1.0,2.0,,,1.0,3.0,,,2.0,5.0,2.0,3.0,1.0,2.0,3.0,8.0,5.0,16.0,81,,,,,,,1.0,1.0,3.0,4.0,5.0,16.0,2.0,,9.0,,5.0,2.0,,1.0,1.0,2.0,,1.0,,1.0,,5.0,1.0,,1.0,,1.0,2.0,1.0,3.0,,,,,,,,1.0,,,,1.0,,,,,,4.0,,1.0,,7.0,,,2.0,,1.0,,,1.0,,,,1.0,1.0,16.0,16.0,18.0,,,,,,104.76190476190476,126.5625,1.0,1.0,1.0,0.375,,0.75,0.375,0.5,,1.0,0.55,,1.1,0.6153846153846154,,1.0,0.8,,,,20.28985507246377,,0.3333333333333333,,,0.1,0.0625,0.038461538461538464,0.037037037037037035,,,,0.08333333333333333,,,,,0.125,,,1.0,,,,,0.2,0.5,0.5,1.0,,,,,0.3,0.3333333333333333,0.3333333333333333,1.0,0.5,0.4,0.5,1.0,,,,,,,,0.6,0.6666666666666666,0.8,0.4,0.43964499999999995,,0.45382,0.23076923076923078,0.5,,1.0,7.1,24.1125,,,,0.25,0.2857142857142857,1.0,,,,,1.0,,1.0,0.125,0.2,,,,,0.2,,,,,,,0.1111111111111111,,,,,1.0,,,,,1.0,1.0,,
wnba,wnba_totals,totals,player_totals,get-totals,2025,Playoffs,season,"{'Type': 'Player', 'Season': '2025', 'SeasonType': 'Playoffs'}",totals,get-totals__player_totals__type-Player__season-2025__season_type-Playoffs__513e9b1d,get-totals,https://api.pbpstats.com/get-totals/wnba?Type=Player&Season=2025&SeasonType=Playoffs,200,70,1627676,1611661328,Tiffany Mitchell,Tiffany Mitchell,1627676,SEA,706.0,1,12.0,-1.0,25,25,10.0,,,50,,,,,,,1.0,2.0,1.0,1.0,,,,,,1.0,,,2.0,3.0,,1.0,2.0,6.0,28,,,,,,,,,,,2.0,2.0,,4.0,,,1.0,,,,2.0,2.0,1.0,1.0,,,,6.0,,,1.0,,,1.0,,1.0,,,,,,,,,,,,,,,1.0,2.0,,1.0,,,,2.0,,,,1.0,,,,,,,,,,6.0,2.0,10.0,,1.0,,,,108.0,112.0,,,,,,,,0.6666666666666666,,,0.5,,,0.6,,1.0,0.25,,,,20.0,,,,,0.14285714285714285,,0.07692307692307693,,,,,,,,,,0.25,,,,,,,,0.5,0.5,0.5,,0.25,1.0,1.0,,,,,,0.25,,,,,,,,,,,,,0.25,,0.4438375,,,,,,0.3333333333333333,11.799999999999999,24.8,,,,,0.4,,,,,,,,,,,,,,,,,,,,,,,,,,,,,,,,,,,
wnba,wnba_totals,totals,player_totals,get-totals,2025,Playoffs,season,"{'Type': 'Player', 'Season': '2025', 'SeasonType': 'Playoffs'}",totals,get-totals__player_totals__type-Player__season-2025__season_type-Playoffs__513e9b1d,get-totals,https://api.pbpstats.com/get-totals/wnba?Type=Player&Season=2025&SeasonType=Playoffs,200,71,204329,1611661319,Kiah Stokes,Kiah Stokes,204329,LVA,690.0,8,12.0,-13.0,22,29,13.0,23.0,3.0,51,,,,,,,,,,,,,,,,,,,,,,,,,29,,,,,,,,,,,,,,,,,,,,,,,,,,,,,,,,,1.0,1.0,,1.0,,,,,,,,,,,,,,,2.0,2.0,,,,,,,,,,,,,,,,,,,,,,13.0,,,,,,72.72727272727273,100.0,,,,,,,,,,,,,,,,,,,,,,,0.5,,,,,,,,,,,,,,,,,,,,,,,,,,,,,,,,,,,,,,,,,,,,,,,,,,,,,,,,,,,,,,,0.5909090909090909,,,,,,,,,,,,,,,,,,,,,,,,,,,,,,,,,,,
wnba,wnba_totals,totals,player_totals,get-totals,2025,Playoffs,season,"{'Type': 'Player', 'Season': '2025', 'SeasonType': 'Playoffs'}",totals,get-totals__player_totals__type-Player__season-2025__season_type-Playoffs__513e9b1d,get-totals,https://api.pbpstats.com/get-totals/wnba?Type=Player&Season=2025&SeasonType=Playoffs,200,72,1629546,1611661313,Marine Johannès,Marine Johannès,1629546,NYL,600.0,1,10.0,-4.0,18,18,6.0,,1.0,36,,,,,,,,1.0,,,,,,,,2.0,,,,1.0,,2.0,3.0,3.0,17,,,,,,,,1.0,,,,,,,,,2.0,,,,,,,,,,,,,,1.0,1.0,,2.0,,2.0,,,,,,1.0,,1.0,,,,1.0,,1.0,,1.0,,1.0,,,,3.0,,,,,,,,,,,,,,3.0,,6.0,,,,,,72.22222222222223,94.44444444444444,,,,,,,,,,,,,,0.375,,,0.6666666666666666,,,,26.31578947368421,,,0.25,,0.16666666666666666,,0.2,,,,,,,0.5,,,0.25,,,,,,,,0.3333333333333333,,,,,,,,,,,,0.6666666666666666,,,,,,,,,,,,,0.6666666666666666,,0.5252166666666667,,0.5351,0.25,,,,4.3,25.1,,1.0,,,0.3333333333333333,,,,,,,,1.0,,,,,,,,,,,,,,0.3333333333333333,,,,,,,,,,,,,
wnba,wnba_totals,totals,player_totals,get-totals,2025,Playoffs,season,"{'Type': 'Player', 'Season': '2025', 'SeasonType': 'Playoffs'}",totals,get-totals__player_totals__type-Player__season-2025__season_type-Playoffs__513e9b1d,get-totals,https://api.pbpstats.com/get-totals/wnba?Type=Player&Season=2025&SeasonType=Playoffs,200,73,1629490,1611661317,Kitija Laksa,Kitija Laksa,1629490,PHX,532.0,2,9.0,1.0,19,17,7.0,8.0,1.0,36,,,,,,,,,,,,1.0,,,1.0,2.0,,,,,1.0,3.0,,3.0,9,,,,,,,,,,1.0,,,,,3.0,,2.0,1.0,,,,,,,,,,,1.0,,,1.0,,1.0,1.0,2.0,1.0,,,,1.0,,1.0,,,,,1.0,,,,,,,,,,,,,,,,,,,,,,,,3.0,,7.0,,,,,,52.63157894736842,52.94117647058823,,,1.0,0.3333333333333333,,,0.3333333333333333,,,,0.5,,,0.5,,,1.0,,,,20.0,1.0,,0.2,,,0.14285714285714285,0.09090909090909091,0.1111111111111111,,,,,0.5,,0.2,,,,0.5,,,,,,,,,,,,,,0.3333333333333333,,,,0.6666666666666666,0.5,0.5,1.0,,,,,,,,,,1.0,0.5,0.54435,,0.54105,,,,,,25.233333333333334,,,,0.5,0.3684210526315789,1.0,,,,,,,,,,,,,,1.0,,,,,,,,,,,,,,,,,,,,
wnba,wnba_totals,totals,player_totals,get-totals,2025,Playoffs,season,"{'Type': 'Player', 'Season': '2025', 'SeasonType': 'Playoffs'}",totals,get-totals__player_totals__type-Player__season-2025__season_type-Playoffs__513e9b1d,get-totals,https://api.pbpstats.com/get-totals/wnba?Type=Player&Season=2025&SeasonType=Playoffs,200,74,203855,1611661313,Stephanie Talbot,Stephanie Talbot,203855,NYL,515.0,1,9.0,-1.0,16,16,6.0,,1.0,32,,,,,,,,,,,,,,,,1.0,,1.0,,,,1.0,,,12,,,,,,,,,,1.0,,,,,,,1.0,,,,,,,,,,,,,,,,,,,,,,,,,,,,,,,,,,,,,1.0,,,,,,,,,,,,,,,,,,,,6.0,,,,,,68.75,75.0,,,,,,,,,,,,,,,,,1.0,,,,5.88235294117647,,,,,,,,,,,,,,,,,,,,,,,,,,,,,,,,,,,,,1.0,,,,,,,,,,,1.0,,1.0,,0.4773,,0.4773,,,,,,22.9,,,,,0.375,,,,,,,,,,,,,,,,,,,,,,,,,,,,,,,,,,,
wnba,wnba_totals,totals,player_totals,get-totals,2025,Playoffs,season,"{'Type': 'Player', 'Season': '2025', 'SeasonType': 'Playoffs'}",totals,get-totals__player_totals__type-Player__season-2025__season_type-Playoffs__513e9b1d,get-totals,https://api.pbpstats.com/get-totals/wnba?Type=Player&Season=2025&SeasonType=Playoffs,200,75,1642788,1611661325,Bree Hall,Bree Hall,1642788,IND,477.0,4,8.0,5.0,15,16,12.0,13.0,3.0,31,2.0,2.0,2.0,2.0,2.0,2.0,,,,,,,,,,1.0,,1.0,2.0,2.0,,1.0,2.0,6.0,11,2.0,2.0,,,,4.0,2.0,2.0,,1.0,2.0,6.0,2.0,2.0,,2.0,1.0,,,,,,,,,,,,1.0,,1.0,1.0,,2.0,1.0,3.0,1.0,,,,,,,,,,,,,,1.0,1.0,,2.0,,1.0,,4.0,,,1.0,1.0,,,,,,,,,,2.0,6.0,12.0,,1.0,,,,106.66666666666667,68.75,0.5,1.0,,,,,,1.0,1.0,1.0,0.6666666666666666,1.0,0.6666666666666666,0.6,1.0,0.6,0.3333333333333333,,,,27.77777777777778,,,0.16666666666666666,,1.0,0.5,0.2857142857142857,0.25,,,,0.5,,,0.25,,,1.0,1.0,,0.6666666666666666,1.0,1.0,0.5,,,,,,,,,,,,,0.3333333333333333,,,,1.0,1.0,,,,0.6666666666666666,1.0,0.3333333333333333,,1.0,,0.5568333333333334,0.6821,0.5568333333333334,0.25,0.3333333333333333,0.6666666666666666,1.0,2.0,24.1,,,,1.0,0.8,,,,,,,,,,,0.5,,,,,,,,,,,,,,,,,,,,,,,,
wnba,wnba_totals,totals,player_totals,get-totals,2025,Playoffs,season,"{'Type': 'Player', 'Season': '2025', 'SeasonType': 'Playoffs'}",totals,get-totals__player_totals__type-Player__season-2025__season_type-Playoffs__513e9b1d,get-totals,https://api.pbpstats.com/get-totals/wnba?Type=Player&Season=2025&SeasonType=Playoffs,200,76,1641660,1611661328,Zia Cooke,Zia Cooke,1641660,SEA,448.0,1,7.0,4.0,16,16,10.0,,,32,1.0,1.0,,,1.0,1.0,,1.0,,1.0,,,,,,,,,1.0,3.0,,,1.0,3.0,17,,,,,,,1.0,2.0,,,1.0,3.0,,2.0,,,,,,1.0,,1.0,,,,1.0,,2.0,,,,,,,,,,,,,1.0,,1.0,,,,,1.0,,,,,,1.0,,,,2.0,,,1.0,,,,,,,,,,,3.0,3.0,10.0,,,,,,131.25,106.25,,,,,,,,0.3333333333333333,,0.5,0.3333333333333333,,0.5,0.375,,0.5,,,,,31.25,1.0,,,,,,,,,,,,,,,,,,,,0.3333333333333333,1.0,1.0,,0.3333333333333333,,,,0.3333333333333333,,,,,,,,,,,,,,,,,0.5,1.0,,,0.3333333333333333,,0.5078,,0.55775,0.25,0.25,,1.0,7.7,,,,,,0.625,,,,,,,,,,,,,,,,,,,,,,,,,,,,,,,,,,,
wnba,wnba_totals,totals,player_totals,get-totals,2025,Playoffs,season,"{'Type': 'Player', 'Season': '2025', 'SeasonType': 'Playoffs'}",totals,get-totals__player_totals__type-Player__season-2025__season_type-Playoffs__513e9b1d,get-totals,https://api.pbpstats.com/get-totals/wnba?Type=Player&Season=2025&SeasonType=Playoffs,200,77,1642797,1611661324,Anastasiia Olairi Kosu,Anastasiia Olairi Kosu,1642797,MIN,443.0,3,7.0,-9.0,12,16,6.0,7.0,2.0,28,3.0,3.0,,,3.0,3.0,,,,,,,,,,,,,3.0,3.0,,,,6.0,17,,,,,,,3.0,3.0,,,,6.0,6.0,,,,,,,1.0,,1.0,,,1.0,,,2.0,,,,1.0,,1.0,,1.0,,,,,,,,,,,,,,,3.0,4.0,,1.0,,1.0,,,,,,,,,,,,,,,,6.0,6.0,6.0,1.0,,,,,66.66666666666667,106.25,1.0,1.0,,,,,,1.0,,1.0,1.0,,1.0,1.0,,1.0,,,,,20.0,,,0.5,,,,0.25,,,,,,,,1.0,,,,,,1.0,1.0,1.0,1.0,,,,,,,,,,,,,,,,,,,,,,1.0,1.0,,,1.0,,0.37020000000000003,,0.37020000000000003,,,,1.0,2.6666666666666665,,,,,,0.5,,,,,,,,,,,,,,,,,,,,,,,,,,,,,,,,,,,
wnba,wnba_totals,totals,player_totals,get-totals,2025,Playoffs,season,"{'Type': 'Player', 'Season': '2025', 'SeasonType': 'Playoffs'}",totals,get-totals__player_totals__type-Player__season-2025__season_type-Playoffs__513e9b1d,get-totals,https://api.pbpstats.com/get-totals/wnba?Type=Player&Season=2025&SeasonType=Playoffs,200,78,1631055,1611661313,Nyara Sabally,Nyara Sabally,1631055,NYL,435.0,1,7.0,3.0,13,13,6.0,,1.0,26,,,,,,,,3.0,,,,,,,,,,,,3.0,,,1.0,1.0,8,,,,,,,,2.0,,,,,,,,,,,1.0,,1.0,1.0,1.0,,,,,3.0,,,,1.0,,1.0,,1.0,,1.0,,1.0,,,,,,,,,,,,,,1.0,,,,2.0,,,1.0,,,,,,,,,,,1.0,,6.0,,,,,,84.61538461538461,61.53846153846153,,,,,,,,,,,,,,0.125,,,,0.3333333333333333,,0.3333333333333333,28.57142857142857,,,0.5,,,,0.14285714285714285,,,,,,,,1.0,,,,,,,,,,1.0,,,,,,,,,,,,,,,,,,,,,,,,,,,0.36286666666666667,,0.33635,0.25,0.25,,,5.533333333333334,,,,,,0.46153846153846156,,,,,,,,,,,,,,,,,,,,,,,,,,,,,,,,,,,
wnba,wnba_totals,totals,player_totals,get-totals,2025,Playoffs,season,"{'Type': 'Player', 'Season': '2025', 'SeasonType': 'Playoffs'}",totals,get-totals__player_totals__type-Player__season-2025__season_type-Playoffs__513e9b1d,get-totals,https://api.pbpstats.com/get-totals/wnba?Type=Player&Season=2025&SeasonType=Playoffs,200,79,1630461,1611661317,Kiana Williams,Kiana Williams,1630461,PHX,426.0,2,7.0,2.0,16,14,7.0,8.0,1.0,30,1.0,1.0,,,1.0,1.0,,,,,,,,,,,,,1.0,1.0,,,,2.0,5,,,,,,,1.0,1.0,,,,2.0,,2.0,,,,,,,,,,,,,,,,,1.0,,,1.0,,1.0,,,,,,,,,,,,,,,,1.0,,,,,,,,,,,,,,,,,,,,2.0,2.0,7.0,,,,,,43.75,35.71428571428571,,,,,,,,1.0,,1.0,1.0,,1.0,1.0,,1.0,,,,,5.88235294117647,,,,,0.2,,0.1,,,,,,,,,,0.25,,,,1.0,1.0,1.0,,,,,,,,,,,,,,,,,,,,,,,1.0,1.0,,,1.0,,0.5399,,0.5399,,,,1.0,3.6,,,,,,0.4375,,,,,,,,,,,,,,,,,,,,,,,,,,,,,,,,,,,
wnba,wnba_totals,totals,player_totals,get-totals,2025,Playoffs,season,"{'Type': 'Player', 'Season': '2025', 'SeasonType': 'Playoffs'}",totals,get-totals__player_totals__type-Player__season-2025__season_type-Playoffs__513e9b1d,get-totals,https://api.pbpstats.com/get-totals/wnba?Type=Player&Season=2025&SeasonType=Playoffs,200,80,204330,1611661313,Isabelle Harrison,Isabelle Harrison,204330,NYL,412.0,1,7.0,-1.0,13,13,6.0,,1.0,26,2.0,2.0,1.0,1.0,2.0,2.0,,,,,,,,,,,,,2.0,2.0,,,,4.0,11,1.0,1.0,,,,2.0,2.0,2.0,,,,4.0,,4.0,,2.0,,,,,,,,,,,,,,1.0,1.0,,,1.0,1.0,2.0,,2.0,2.0,,,,,,,,,,,,,,,1.0,,,,2.0,,,1.0,,,,,,,,,,,2.0,4.0,6.0,,,,,,76.92307692307692,84.61538461538461,,,,,,,,1.0,1.0,1.0,1.0,1.0,1.0,0.6666666666666666,1.0,1.0,,,,,21.428571428571427,,,,0.3333333333333333,0.25,,0.2,0.2,,0.3333333333333333,,,,,,,,1.0,,,1.0,1.0,1.0,,,,,,,,,,,,,,,,,,1.0,1.0,,,,1.0,1.0,,,1.0,,0.71865,0.6934,0.71865,0.3333333333333333,0.3333333333333333,0.5,1.0,0.55,,,,,,0.46153846153846156,,,,,,,,,,,,,,,,,,,,,,,,,,,,,,,,,,,
wnba,wnba_totals,totals,player_totals,get-totals,2025,Playoffs,season,"{'Type': 'Player', 'Season': '2025', 'SeasonType': 'Playoffs'}",totals,get-totals__player_totals__type-Player__season-2025__season_type-Playoffs__513e9b1d,get-totals,https://api.pbpstats.com/get-totals/wnba?Type=Player&Season=2025&SeasonType=Playoffs,200,81,1628882,1611661328,Lexie Brown,Lexie Brown,1628882,SEA,397.0,1,7.0,4.0,14,13,10.0,,,27,,,,,,,1.0,1.0,,,,,,,1.0,2.0,1.0,2.0,1.0,1.0,1.0,2.0,,5.0,15,,,,,,,1.0,1.0,1.0,2.0,,5.0,2.0,,3.0,,2.0,1.0,,,,,,,,,,,,,1.0,,,1.0,,1.0,,,,,,,,,,,,,,,,,,1.0,,,,,,,,,,,,,,,,,,5.0,5.0,10.0,,,,,,135.7142857142857,115.38461538461539,1.0,1.0,1.0,0.5,,0.5,0.5,1.0,,1.0,0.8333333333333334,,0.8333333333333334,0.8333333333333334,,0.8333333333333334,0.6666666666666666,,,,21.428571428571427,,,,,0.25,,0.125,,,,,,,,,,,0.3333333333333333,,,,,,,0.3333333333333333,1.0,1.0,1.0,,,,,,,,,0.6666666666666666,0.5,0.5,1.0,,,,,,,,0.6666666666666666,0.5,0.6666666666666666,0.5,0.48485,,0.48485,,,,1.0,4.7,25.8,,,,,0.7142857142857143,,,,,,,,,,,,,,,,,,,,,,,,,,,,,,,,,,,
wnba,wnba_totals,totals,player_totals,get-totals,2025,Playoffs,season,"{'Type': 'Player', 'Season': '2025', 'SeasonType': 'Playoffs'}",totals,get-totals__player_totals__type-Player__season-2025__season_type-Playoffs__513e9b1d,get-totals,https://api.pbpstats.com/get-totals/wnba?Type=Player&Season=2025&SeasonType=Playoffs,200,82,1628278,1611661330,Shatori Walker-Kimbrough,Shatori Walker-Kimbrough,1628278,ATL,384.0,2,6.0,3.0,13,12,3.0,12.0,1.0,25,,,,,,,,,,,,,,,,,,,,,,,,,7,,,,,,,,,,,,,,,,,,,,,1.0,1.0,1.0,,,,,3.0,,,1.0,,,1.0,,1.0,,2.0,2.0,,,,,,,,,,,,,,,1.0,,,,,,,,,1.0,,,,,,1.0,1.0,,,,3.0,,,,,,76.92307692307692,58.333333333333336,,,,,,,,,,,,,,,,,,,,,,,,,,0.5,,0.16666666666666666,,,,,,,,,,0.5,,,,,,,,,,,,,,,,,,,,,,,,,,,,,,,,,,,,,,,,,,,,,,,,0.23076923076923078,,,,,,,,,,,,,,,,,,,,,,,,,,,,,,,,,,,
wnba,wnba_totals,totals,player_totals,get-totals,2025,Playoffs,season,"{'Type': 'Player', 'Season': '2025', 'SeasonType': 'Playoffs'}",totals,get-totals__player_totals__type-Player__season-2025__season_type-Playoffs__513e9b1d,get-totals,https://api.pbpstats.com/get-totals/wnba?Type=Player&Season=2025&SeasonType=Playoffs,200,83,1642307,1611661328,Mackenzie Holmes,Mackenzie Holmes,1642307,SEA,299.0,1,5.0,7.0,10,9,10.0,,,19,,,,,,,,,,,,,,,,,,,,,,,,,8,,,,,,,,,,,,,,,,,,,,,,,,,,,,,,,1.0,,,1.0,,1.0,,,,,,,,,,,,,,,,,,,,,,,,,,,,,,,,,,,,,,10.0,,,,,,150.0,88.88888888888889,,,,,,,,,,,,,,,,,,,,,,,,,,0.3333333333333333,,0.14285714285714285,,,,,,,,,,,0.3333333333333333,,,,,,,,,,,,,,,,,,,,,,,,,,,,,,,,,,,,,,,,,,,,,,,1.0,,,,,,,,,,,,,,,,,,,,,,,,,,,,,,,,,,,
wnba,wnba_totals,totals,player_totals,get-totals,2025,Playoffs,season,"{'Type': 'Player', 'Season': '2025', 'SeasonType': 'Playoffs'}",totals,get-totals__player_totals__type-Player__season-2025__season_type-Playoffs__513e9b1d,get-totals,https://api.pbpstats.com/get-totals/wnba?Type=Player&Season=2025&SeasonType=Playoffs,200,84,1642320,1611661324,Jaylyn Sherrod,Jaylyn Sherrod,1642320,MIN,266.0,2,4.0,-5.0,6,9,6.0,7.0,1.0,15,,,,,,,,1.0,,,,,,,,,,,,1.0,,,,,11,,1.0,,,,,,1.0,,,,,,,,,,,,1.0,,1.0,,,1.0,,,2.0,,1.0,,,,,1.0,1.0,1.0,,,,,,,,,,,,,,,1.0,,,,,,,,,,,,,,,,,,,,,,6.0,,,,,,100.0,122.22222222222223,,,,,,,,,,,,,,,,,,,,,12.5,,,,0.3333333333333333,,,,0.2,,0.5,,,,,,,,,1.0,,,,,,1.0,,,,,,,,,,,,,,,,,,,,,,,,,,,0.3795,,0.3795,,,,,5.9,,,1.0,,,1.0,,,,,,,,,,,,,,,,,,,,,,,,,,,,,,,,,,,
wnba,wnba_totals,totals,player_totals,get-totals,2025,Playoffs,season,"{'Type': 'Player', 'Season': '2025', 'SeasonType': 'Playoffs'}",totals,get-totals__player_totals__type-Player__season-2025__season_type-Playoffs__513e9b1d,get-totals,https://api.pbpstats.com/get-totals/wnba?Type=Player&Season=2025&SeasonType=Playoffs,200,85,1641656,1611661331,Laeticia Amihere,Laeticia Amihere,1641656,GSV,258.0,1,4.0,5.0,7,7,5.0,7.0,1.0,14,,,,,,,,,,,,,,,,,,,,,,,,,6,,,,,,,,,,,,,,,,,,,,,,,,,,,,,,,1.0,,,1.0,,1.0,,,,,,,,,,,,,,,,,,,,,,,,,,,,,,,,,,,,,,5.0,,,,,,157.14285714285714,85.71428571428571,,,,,,,,,,,,,,,,,,,,,,,,,,0.5,,0.2,,,,,,,,,,1.0,,,,,,,,,,,,,,,,,,,,,,,,,,,,,,,,,,,,,,,,,,,,,,,,0.7142857142857143,,,,,,,,,,,,,,,,,,,,,,,,,,,,,,,,,,,
wnba,wnba_totals,totals,player_totals,get-totals,2025,Playoffs,season,"{'Type': 'Player', 'Season': '2025', 'SeasonType': 'Playoffs'}",totals,get-totals__player_totals__type-Player__season-2025__season_type-Playoffs__513e9b1d,get-totals,https://api.pbpstats.com/get-totals/wnba?Type=Player&Season=2025&SeasonType=Playoffs,200,86,1642822,1611661331,Kaitlyn Chen,Kaitlyn Chen,1642822,GSV,258.0,1,4.0,5.0,7,7,5.0,7.0,1.0,14,,,,,,,1.0,1.0,,,,,,,,,,,1.0,1.0,,,,2.0,6,,,,,,,1.0,1.0,,,,2.0,2.0,,,,,,,,1.0,1.0,1.0,,,,,3.0,,,,1.0,,1.0,,1.0,,,,,,,,,,,,,,,,,,1.0,,,,,,,,,,,,,,,,,,2.0,2.0,5.0,,,,,,157.14285714285714,85.71428571428571,1.0,1.0,,,,,,1.0,,1.0,1.0,,1.0,1.0,,1.0,,,,,12.5,,,0.3333333333333333,,,,0.2,,,,,,,,,1.0,,,,,,,,,1.0,1.0,1.0,1.0,,,,,,,,,,,,,,,,,,,,,,,,0.6319,,0.6319,,,,1.0,4.9,,,,,,0.7142857142857143,,,,,,,,,,,,,,,,,,,,,,,,,,,,,,,,,,,
wnba,wnba_totals,totals,player_totals,get-totals,2025,Playoffs,season,"{'Type': 'Player', 'Season': '2025', 'SeasonType': 'Playoffs'}",totals,get-totals__player_totals__type-Player__season-2025__season_type-Playoffs__513e9b1d,get-totals,https://api.pbpstats.com/get-totals/wnba?Type=Player&Season=2025&SeasonType=Playoffs,200,87,1642344,1611661324,Camryn Taylor,Camryn Taylor,1642344,MIN,225.0,2,4.0,-5.0,5,8,5.0,7.0,1.0,13,,,,,,,,1.0,,,,,,,,,,,,1.0,,,,,9,,,,,,,,1.0,,,,,,,,,,,,,,,,,,,,,,,,1.0,,1.0,,1.0,,,,,,,,,,,,,,,1.0,1.0,,,,,,,,,,,,,,,,,,,,,,5.0,,,,,,80.0,112.5,,,,,,,,,,,,,,,,,,,,,14.285714285714285,,,1.0,,,,1.0,,,,,,,,,1.0,,,,,,,,,1.0,,,,,,,,,,,,,,,,,,,,,,,,,,,0.4589,,0.4589,,,,,13.4,,,,,,1.0,,,,,,,,,,,,,,,,,,,,,,,,,,,,,,,,,,,
wnba,wnba_totals,totals,player_totals,get-totals,2025,Playoffs,season,"{'Type': 'Player', 'Season': '2025', 'SeasonType': 'Playoffs'}",totals,get-totals__player_totals__type-Player__season-2025__season_type-Playoffs__513e9b1d,get-totals,https://api.pbpstats.com/get-totals/wnba?Type=Player&Season=2025&SeasonType=Playoffs,200,88,1631021,1611661330,Sika Koné,Sika Koné,1631021,ATL,160.0,2,3.0,-2.0,6,5,3.0,5.0,1.0,11,,,,,,,,1.0,,,,,,,,,,,,1.0,,,,,5,,,,,,,,1.0,,,,,,,,,,,1.0,,,,,,,,,,,1.0,,,,,1.0,1.0,,,,,,1.0,,2.0,1.0,,,2.0,,1.0,,1.0,,,,,,,,,,,,,,,,,,,,,,3.0,1.0,,,,,50.0,100.0,,,,,,,,,,,,,,,,,,1.0,,1.0,42.857142857142854,,,,0.5,,,,0.5,,1.0,,,,,,,,,,,,,,,1.0,,,,,,,,,,,,,,,,,,,,,,,,,,,0.3151,,0.3151,,,,,4.3,,,1.0,,,0.5,,,,,,,,,,,,,,,,1.0,,,,,,,,,,,,,,,,,,,
wnba,wnba_totals,totals,player_totals,get-totals,2025,Playoffs,season,"{'Type': 'Player', 'Season': '2025', 'SeasonType': 'Playoffs'}",totals,get-totals__player_totals__type-Player__season-2025__season_type-Playoffs__513e9b1d,get-totals,https://api.pbpstats.com/get-totals/wnba?Type=Player&Season=2025&SeasonType=Playoffs,200,89,1642814,1611661330,Taylor Thierry,Taylor Thierry,1642814,ATL,90.0,1,2.0,1.0,3,3,,3.0,,6,,,,,,,,,,,,,,,,,,,,,,,,,2,,,,,,,,,,,,,,,,,,,,,,,,,,,,,,,,,,,,,,,,,,,,,,,,,,,,,,,,,,,,,,,,,,,,,,,,,,,,,,,,100.0,66.66666666666667,,,,,,,,,,,,,,,,,,,,,,,,,,,,,,,,,,,,,,,,,,,,,,,,,,,,,,,,,,,,,,,,,,,,,,,,,,,,,,,,,,,,,,,,,,,,,,,,,,,,,,,,,,,,,,,,,,,,,,,,,
wnba,wnba_totals,totals,player_totals,get-totals,2025,Playoffs,season,"{'Type': 'Player', 'Season': '2025', 'SeasonType': 'Playoffs'}",totals,get-totals__player_totals__type-Player__season-2025__season_type-Playoffs__513e9b1d,get-totals,https://api.pbpstats.com/get-totals/wnba?Type=Player&Season=2025&SeasonType=Playoffs,200,90,1627701,1611661331,Temi Fágbénlé,Temi Fágbénlé,1627701,GSV,-5.0,1,,-9.0,42,43,,13.0,2.0,85,4.0,6.0,,,,,,,1.0,1.0,,1.0,,,,,,,5.0,7.0,,1.0,2.0,12.0,52,,,,,,,,,,,,,8.0,2.0,,,,,,2.0,1.0,3.0,,1.0,2.0,,,7.0,,,,3.0,,3.0,,3.0,,,,,,,,1.0,,,,1.0,,,2.0,5.0,1.0,2.0,,,,4.0,,,2.0,,,,,,,,,,,12.0,,,,,,,,102.38095238095238,120.93023255813954,0.8,0.8,,,,,,0.7142857142857143,,,0.625,,,0.6,,,0.125,,,,24.444444444444443,,,0.3,,,,0.17647058823529413,,,,,,,0.5,,,,,,,0.75,0.6666666666666666,0.6666666666666666,0.75,,,,,0.125,1.0,1.0,1.0,0.125,,,,,,,,,,,,,,,,,0.875,,0.5913125,,,0.2,0.2222222222222222,,,3.9,23.6,,,,,,,,,,,,,,,,,,,,,,,,2.0,,,,,,,,,,,,,,,,
