league,job_id,job_family,variant,endpoint,season,season_type,scope,request_params,source,team_id,clutch_window,request_id,request_table,request_url,request_status,request_row_index,end_time,events,fg2a,fg2m,fg3a,fg3m,game_date,game_id,non_shooting_fouls_that_resulted_in_fts,offensive_rebounds,opponent,period,shooting_fouls_drawn,start_score_differential,start_time,start_type,turnovers,video_urls
wnba,wnba_shot_pace,shot_pace,possessions,get-possessions,2025,Playoffs,team,"{'OffDef': 'Offense', 'FilterComparison': 'Exactly', 'FilterEvent': 'OnFloor', 'FilterValue': 5, 'StartType': 'All', 'Season': '2025', 'SeasonType': 'Playoffs', 'TeamId': '1611661328'}",shot_pace,1611661328,4Q/OT | margin -3..3 | 300..120,get-possessions__possessions__off_def-Offense__filter_comparison-Exactly__filter_event-OnFloor__filter_value-5__start_type-All__season-2025__season_type-Playoffs__team_id-1611661328__5fa46d3f,get-possessions,https://api.pbpstats.com/get-possessions/wnba?OffDef=Offense&FilterComparison=Exactly&FilterEvent=OnFloor&FilterValue=5&StartType=All&Season=2025&SeasonType=Playoffs&TeamId=1611661328,200,0,00:00,"MISS Wheeler 14' Pullup Jump Shot
Diggins REBOUND (Off:2 Def:2)
",1,0,0,0,2025-09-18,1042500113,0,1,LVA,4,0,-1,00:12,Off Timeout,0,"[{""description"": ""MISS Wheeler 14' Pullup Jump Shot"", ""url"": """"}, {""description"": ""Diggins REBOUND (Off:2 Def:2)"", ""url"": """"}]"
wnba,wnba_shot_pace,shot_pace,possessions,get-possessions,2025,Playoffs,team,"{'OffDef': 'Offense', 'FilterComparison': 'Exactly', 'FilterEvent': 'OnFloor', 'FilterValue': 5, 'StartType': 'All', 'Season': '2025', 'SeasonType': 'Playoffs', 'TeamId': '1611661328'}",shot_pace,1611661328,4Q/OT | margin -3..3 | 300..120,get-possessions__possessions__off_def-Offense__filter_comparison-Exactly__filter_event-OnFloor__filter_value-5__start_type-All__season-2025__season_type-Playoffs__team_id-1611661328__5fa46d3f,get-possessions,https://api.pbpstats.com/get-possessions/wnba?OffDef=Offense&FilterComparison=Exactly&FilterEvent=OnFloor&FilterValue=5&StartType=All&Season=2025&SeasonType=Playoffs&TeamId=1611661328,200,1,00:19,"Wheeler 12' Running Pull-Up Jump Shot (16 PTS)
",1,1,0,0,2025-09-18,1042500113,0,0,LVA,4,0,-1,00:22,Off Short Mid-Range Miss,0,"[{""description"": ""Wheeler 12' Running Pull-Up Jump Shot (16 PTS)"", ""url"": """"}]"
wnba,wnba_shot_pace,shot_pace,possessions,get-possessions,2025,Playoffs,team,"{'OffDef': 'Offense', 'FilterComparison': 'Exactly', 'FilterEvent': 'OnFloor', 'FilterValue': 5, 'StartType': 'All', 'Season': '2025', 'SeasonType': 'Playoffs', 'TeamId': '1611661328'}",shot_pace,1611661328,4Q/OT | margin -3..3 | 300..120,get-possessions__possessions__off_def-Offense__filter_comparison-Exactly__filter_event-OnFloor__filter_value-5__start_type-All__season-2025__season_type-Playoffs__team_id-1611661328__5fa46d3f,get-possessions,https://api.pbpstats.com/get-possessions/wnba?OffDef=Offense&FilterComparison=Exactly&FilterEvent=OnFloor&FilterValue=5&StartType=All&Season=2025&SeasonType=Playoffs&TeamId=1611661328,200,2,00:45,"MISS Diggins 4' Driving Layup
Loyd REBOUND (Off:2 Def:3)
",1,0,0,0,2025-09-18,1042500113,0,0,LVA,4,0,-1,01:03,Off Timeout,0,"[{""description"": ""MISS Diggins 4' Driving Layup"", ""url"": """"}, {""description"": ""Loyd REBOUND (Off:2 Def:3)"", ""url"": """"}]"
wnba,wnba_shot_pace,shot_pace,possessions,get-possessions,2025,Playoffs,team,"{'OffDef': 'Offense', 'FilterComparison': 'Exactly', 'FilterEvent': 'OnFloor', 'FilterValue': 5, 'StartType': 'All', 'Season': '2025', 'SeasonType': 'Playoffs', 'TeamId': '1611661328'}",shot_pace,1611661328,4Q/OT | margin -3..3 | 300..120,get-possessions__possessions__off_def-Offense__filter_comparison-Exactly__filter_event-OnFloor__filter_value-5__start_type-All__season-2025__season_type-Playoffs__team_id-1611661328__5fa46d3f,get-possessions,https://api.pbpstats.com/get-possessions/wnba?OffDef=Offense&FilterComparison=Exactly&FilterEvent=OnFloor&FilterValue=5&StartType=All&Season=2025&SeasonType=Playoffs&TeamId=1611661328,200,3,01:15,"MISS Ogwumike 24' 3PT Jump Shot
Williams REBOUND (Off:2 Def:4)
Diggins 25' 3PT Jump Shot (13 PTS) (Ogwumike 2 AST)
",0,0,2,1,2025-09-18,1042500113,0,1,LVA,4,0,-2,01:33,Off FT Make,0,"[{""description"": ""MISS Ogwumike 24' 3PT Jump Shot"", ""url"": """"}, {""description"": ""Williams REBOUND (Off:2 Def:4)"", ""url"": """"}, {""description"": ""Diggins 25' 3PT Jump Shot (13 PTS) (Ogwumike 2 AST)"", ""url"": """"}]"
wnba,wnba_shot_pace,shot_pace,possessions,get-possessions,2025,Playoffs,team,"{'OffDef': 'Offense', 'FilterComparison': 'Exactly', 'FilterEvent': 'OnFloor', 'FilterValue': 5, 'StartType': 'All', 'Season': '2025', 'SeasonType': 'Playoffs', 'TeamId': '1611661328'}",shot_pace,1611661328,4Q/OT | margin -3..3 | 300..120,get-possessions__possessions__off_def-Offense__filter_comparison-Exactly__filter_event-OnFloor__filter_value-5__start_type-All__season-2025__season_type-Playoffs__team_id-1611661328__5fa46d3f,get-possessions,https://api.pbpstats.com/get-possessions/wnba?OffDef=Offense&FilterComparison=Exactly&FilterEvent=OnFloor&FilterValue=5&StartType=All&Season=2025&SeasonType=Playoffs&TeamId=1611661328,200,4,01:52,"Gray BLOCK (2 BLK): MISS Ogwumike 4' Layup
Ogwumike REBOUND (Off:2 Def:7)
Young S.FOUL (P3.T4)
Ogwumike Free Throw 1 of 2 (15 PTS)
Ogwumike Free Throw 2 of 2 (16 PTS)
",1,0,0,0,2025-09-18,1042500113,0,1,LVA,4,1,-2,02:05,Off Short Mid-Range Make,0,"[{""description"": ""Gray BLOCK (2 BLK): MISS Ogwumike 4' Layup"", ""url"": """"}, {""description"": ""Ogwumike REBOUND (Off:2 Def:7)"", ""url"": """"}, {""description"": ""Young S.FOUL (P3.T4)"", ""url"": """"}, {""description"": ""Ogwumike Free Throw 1 of 2 (15 PTS)"", ""url"": """"}, {""description"": ""Ogwumike Free Throw 2 of 2 (16 PTS)"", ""url"": """"}]"
wnba,wnba_shot_pace,shot_pace,possessions,get-possessions,2025,Playoffs,team,"{'OffDef': 'Offense', 'FilterComparison': 'Exactly', 'FilterEvent': 'OnFloor', 'FilterValue': 5, 'StartType': 'All', 'Season': '2025', 'SeasonType': 'Playoffs', 'TeamId': '1611661328'}",shot_pace,1611661328,4Q/OT | margin -3..3 | 300..120,get-possessions__possessions__off_def-Offense__filter_comparison-Exactly__filter_event-OnFloor__filter_value-5__start_type-All__season-2025__season_type-Playoffs__team_id-1611661328__5fa46d3f,get-possessions,https://api.pbpstats.com/get-possessions/wnba?OffDef=Offense&FilterComparison=Exactly&FilterEvent=OnFloor&FilterValue=5&StartType=All&Season=2025&SeasonType=Playoffs&TeamId=1611661328,200,5,02:20,"Loyd S.FOUL (P2.T3)
Wheeler Free Throw 1 of 2 (13 PTS)
Wheeler Free Throw 2 of 2 (14 PTS)
",0,0,0,0,2025-09-18,1042500113,0,0,LVA,4,1,-2,02:30,Off Steal,0,"[{""description"": ""Loyd S.FOUL (P2.T3)"", ""url"": """"}, {""description"": ""Wheeler Free Throw 1 of 2 (13 PTS)"", ""url"": """"}, {""description"": ""Wheeler Free Throw 2 of 2 (14 PTS)"", ""url"": """"}]"
wnba,wnba_shot_pace,shot_pace,possessions,get-possessions,2025,Playoffs,team,"{'OffDef': 'Offense', 'FilterComparison': 'Exactly', 'FilterEvent': 'OnFloor', 'FilterValue': 5, 'StartType': 'All', 'Season': '2025', 'SeasonType': 'Playoffs', 'TeamId': '1611661328'}",shot_pace,1611661328,4Q/OT | margin -3..3 | 300..120,get-possessions__possessions__off_def-Offense__filter_comparison-Exactly__filter_event-OnFloor__filter_value-5__start_type-All__season-2025__season_type-Playoffs__team_id-1611661328__5fa46d3f,get-possessions,https://api.pbpstats.com/get-possessions/wnba?OffDef=Offense&FilterComparison=Exactly&FilterEvent=OnFloor&FilterValue=5&StartType=All&Season=2025&SeasonType=Playoffs&TeamId=1611661328,200,6,02:40,"Ogwumike 25' 3PT Jump Shot (14 PTS) (Wheeler 5 AST)
",0,0,1,1,2025-09-18,1042500113,0,0,LVA,4,0,-5,02:50,Off Long Mid-Range Miss,0,"[{""description"": ""Ogwumike 25' 3PT Jump Shot (14 PTS) (Wheeler 5 AST)"", ""url"": """"}]"
wnba,wnba_shot_pace,shot_pace,possessions,get-possessions,2025,Playoffs,team,"{'OffDef': 'Offense', 'FilterComparison': 'Exactly', 'FilterEvent': 'OnFloor', 'FilterValue': 5, 'StartType': 'All', 'Season': '2025', 'SeasonType': 'Playoffs', 'TeamId': '1611661328'}",shot_pace,1611661328,4Q/OT | margin -3..3 | 300..120,get-possessions__possessions__off_def-Offense__filter_comparison-Exactly__filter_event-OnFloor__filter_value-5__start_type-All__season-2025__season_type-Playoffs__team_id-1611661328__5fa46d3f,get-possessions,https://api.pbpstats.com/get-possessions/wnba?OffDef=Offense&FilterComparison=Exactly&FilterEvent=OnFloor&FilterValue=5&StartType=All&Season=2025&SeasonType=Playoffs&TeamId=1611661328,200,7,03:13,"MISS Wheeler 3PT Jump Shot
Bell REBOUND (Off:1 Def:6)
",0,0,1,0,2025-09-18,1042500113,0,0,LVA,4,0,-5,03:28,Off FT Make,0,"[{""description"": ""MISS Wheeler 3PT Jump Shot"", ""url"": """"}, {""description"": ""Bell REBOUND (Off:1 Def:6)"", ""url"": """"}]"
wnba,wnba_shot_pace,shot_pace,possessions,get-possessions,2025,Playoffs,team,"{'OffDef': 'Offense', 'FilterComparison': 'Exactly', 'FilterEvent': 'OnFloor', 'FilterValue': 5, 'StartType': 'All', 'Season': '2025', 'SeasonType': 'Playoffs', 'TeamId': '1611661328'}",shot_pace,1611661328,4Q/OT | margin -3..3 | 300..120,get-possessions__possessions__off_def-Offense__filter_comparison-Exactly__filter_event-OnFloor__filter_value-5__start_type-All__season-2025__season_type-Playoffs__team_id-1611661328__5fa46d3f,get-possessions,https://api.pbpstats.com/get-possessions/wnba?OffDef=Offense&FilterComparison=Exactly&FilterEvent=OnFloor&FilterValue=5&StartType=All&Season=2025&SeasonType=Playoffs&TeamId=1611661328,200,8,03:40,"Wheeler Offensive Charge Foul (P5)
Wheeler Offensive Foul Turnover (P3.T17)
",0,0,0,0,2025-09-18,1042500113,0,0,LVA,4,0,-4,03:47,Off At Rim Miss,1,"[{""description"": ""Wheeler Offensive Charge Foul (P5)"", ""url"": """"}, {""description"": ""Wheeler Offensive Foul Turnover (P3.T17)"", ""url"": """"}]"
wnba,wnba_shot_pace,shot_pace,possessions,get-possessions,2025,Playoffs,team,"{'OffDef': 'Offense', 'FilterComparison': 'Exactly', 'FilterEvent': 'OnFloor', 'FilterValue': 5, 'StartType': 'All', 'Season': '2025', 'SeasonType': 'Playoffs', 'TeamId': '1611661328'}",shot_pace,1611661328,4Q/OT | margin -3..3 | 300..120,get-possessions__possessions__off_def-Offense__filter_comparison-Exactly__filter_event-OnFloor__filter_value-5__start_type-All__season-2025__season_type-Playoffs__team_id-1611661328__5fa46d3f,get-possessions,https://api.pbpstats.com/get-possessions/wnba?OffDef=Offense&FilterComparison=Exactly&FilterEvent=OnFloor&FilterValue=5&StartType=All&Season=2025&SeasonType=Playoffs&TeamId=1611661328,200,9,04:12,"MISS Diggins 6' Driving Floating Jump Shot
Ogwumike REBOUND (Off:1 Def:5)
MISS Ogwumike 1' Tip Layup Shot
Loyd REBOUND (Off:1 Def:2)
",2,0,0,0,2025-09-18,1042500113,0,1,LVA,4,0,-4,04:31,Off Timeout,0,"[{""description"": ""MISS Diggins 6' Driving Floating Jump Shot"", ""url"": """"}, {""description"": ""Ogwumike REBOUND (Off:1 Def:5)"", ""url"": """"}, {""description"": ""MISS Ogwumike 1' Tip Layup Shot"", ""url"": """"}, {""description"": ""Loyd REBOUND (Off:1 Def:2)"", ""url"": """"}]"
wnba,wnba_shot_pace,shot_pace,possessions,get-possessions,2025,Playoffs,team,"{'OffDef': 'Offense', 'FilterComparison': 'Exactly', 'FilterEvent': 'OnFloor', 'FilterValue': 5, 'StartType': 'All', 'Season': '2025', 'SeasonType': 'Playoffs', 'TeamId': '1611661328'}",shot_pace,1611661328,4Q/OT | margin -3..3 | 300..120,get-possessions__possessions__off_def-Offense__filter_comparison-Exactly__filter_event-OnFloor__filter_value-5__start_type-All__season-2025__season_type-Playoffs__team_id-1611661328__5fa46d3f,get-possessions,https://api.pbpstats.com/get-possessions/wnba?OffDef=Offense&FilterComparison=Exactly&FilterEvent=OnFloor&FilterValue=5&StartType=All&Season=2025&SeasonType=Playoffs&TeamId=1611661328,200,10,04:46,"Young STEAL (4 STL): Sykes Bad Pass Turnover (P3.T16)
",0,0,0,0,2025-09-18,1042500113,0,0,LVA,4,0,-4,05:05,Off Short Mid-Range Make,1,"[{""description"": ""Young STEAL (4 STL): Sykes Bad Pass Turnover (P3.T16)"", ""url"": """"}]"
wnba,wnba_shot_pace,shot_pace,possessions,get-possessions,2025,Playoffs,team,"{'OffDef': 'Offense', 'FilterComparison': 'Exactly', 'FilterEvent': 'OnFloor', 'FilterValue': 5, 'StartType': 'All', 'Season': '2025', 'SeasonType': 'Playoffs', 'TeamId': '1611661328'}",shot_pace,1611661328,4Q/OT | margin -3..3 | 300..120,get-possessions__possessions__off_def-Offense__filter_comparison-Exactly__filter_event-OnFloor__filter_value-5__start_type-All__season-2025__season_type-Playoffs__team_id-1611661328__5fa46d3f,get-possessions,https://api.pbpstats.com/get-possessions/wnba?OffDef=Offense&FilterComparison=Exactly&FilterEvent=OnFloor&FilterValue=5&StartType=All&Season=2025&SeasonType=Playoffs&TeamId=1611661328,200,11,05:20,"Magbegor 5' Driving Layup (9 PTS) (Diggins 6 AST)
",1,1,0,0,2025-09-18,1042500113,0,0,LVA,4,0,-4,05:39,Off Long Mid-Range Make,0,"[{""description"": ""Magbegor 5' Driving Layup (9 PTS) (Diggins 6 AST)"", ""url"": """"}]"
wnba,wnba_shot_pace,shot_pace,possessions,get-possessions,2025,Playoffs,team,"{'OffDef': 'Offense', 'FilterComparison': 'Exactly', 'FilterEvent': 'OnFloor', 'FilterValue': 5, 'StartType': 'All', 'Season': '2025', 'SeasonType': 'Playoffs', 'TeamId': '1611661328'}",shot_pace,1611661328,4Q/OT | margin -3..3 | 300..120,get-possessions__possessions__off_def-Offense__filter_comparison-Exactly__filter_event-OnFloor__filter_value-5__start_type-All__season-2025__season_type-Playoffs__team_id-1611661328__5fa46d3f,get-possessions,https://api.pbpstats.com/get-possessions/wnba?OffDef=Offense&FilterComparison=Exactly&FilterEvent=OnFloor&FilterValue=5&StartType=All&Season=2025&SeasonType=Playoffs&TeamId=1611661328,200,12,05:53,"Ogwumike 9' Turnaround Jump Shot (11 PTS) (Diggins 5 AST)
",1,1,0,0,2025-09-18,1042500113,0,0,LVA,4,0,-4,06:06,Off FT Make,0,"[{""description"": ""Ogwumike 9' Turnaround Jump Shot (11 PTS) (Diggins 5 AST)"", ""url"": """"}]"
wnba,wnba_shot_pace,shot_pace,possessions,get-possessions,2025,Playoffs,team,"{'OffDef': 'Offense', 'FilterComparison': 'Exactly', 'FilterEvent': 'OnFloor', 'FilterValue': 5, 'StartType': 'All', 'Season': '2025', 'SeasonType': 'Playoffs', 'TeamId': '1611661328'}",shot_pace,1611661328,4Q/OT | margin -3..3 | 300..120,get-possessions__possessions__off_def-Offense__filter_comparison-Exactly__filter_event-OnFloor__filter_value-5__start_type-All__season-2025__season_type-Playoffs__team_id-1611661328__5fa46d3f,get-possessions,https://api.pbpstats.com/get-possessions/wnba?OffDef=Offense&FilterComparison=Exactly&FilterEvent=OnFloor&FilterValue=5&StartType=All&Season=2025&SeasonType=Playoffs&TeamId=1611661328,200,13,06:19,"MISS Wheeler 25' 3PT Jump Shot
Bell REBOUND (Off:1 Def:5)
",0,0,1,0,2025-09-18,1042500113,0,0,LVA,4,0,-1,06:35,Off Timeout,0,"[{""description"": ""MISS Wheeler 25' 3PT Jump Shot"", ""url"": """"}, {""description"": ""Bell REBOUND (Off:1 Def:5)"", ""url"": """"}]"
wnba,wnba_shot_pace,shot_pace,possessions,get-possessions,2025,Playoffs,team,"{'OffDef': 'Offense', 'FilterComparison': 'Exactly', 'FilterEvent': 'OnFloor', 'FilterValue': 5, 'StartType': 'All', 'Season': '2025', 'SeasonType': 'Playoffs', 'TeamId': '1611661328'}",shot_pace,1611661328,4Q/OT | margin -3..3 | 300..120,get-possessions__possessions__off_def-Offense__filter_comparison-Exactly__filter_event-OnFloor__filter_value-5__start_type-All__season-2025__season_type-Playoffs__team_id-1611661328__5fa46d3f,get-possessions,https://api.pbpstats.com/get-possessions/wnba?OffDef=Offense&FilterComparison=Exactly&FilterEvent=OnFloor&FilterValue=5&StartType=All&Season=2025&SeasonType=Playoffs&TeamId=1611661328,200,14,06:50,"Sykes 6' Driving Layup (8 PTS)
Smith S.FOUL (P5.T2)
Sykes Free Throw 1 of 1 (9 PTS)
",1,1,0,0,2025-09-18,1042500113,0,0,LVA,4,1,-4,07:13,Off Short Mid-Range Make,0,"[{""description"": ""Sykes 6' Driving Layup (8 PTS)"", ""url"": """"}, {""description"": ""Smith S.FOUL (P5.T2)"", ""url"": """"}, {""description"": ""Sykes Free Throw 1 of 1 (9 PTS)"", ""url"": """"}]"
wnba,wnba_shot_pace,shot_pace,possessions,get-possessions,2025,Playoffs,team,"{'OffDef': 'Offense', 'FilterComparison': 'Exactly', 'FilterEvent': 'OnFloor', 'FilterValue': 5, 'StartType': 'All', 'Season': '2025', 'SeasonType': 'Playoffs', 'TeamId': '1611661328'}",shot_pace,1611661328,4Q/OT | margin -3..3 | 300..120,get-possessions__possessions__off_def-Offense__filter_comparison-Exactly__filter_event-OnFloor__filter_value-5__start_type-All__season-2025__season_type-Playoffs__team_id-1611661328__5fa46d3f,get-possessions,https://api.pbpstats.com/get-possessions/wnba?OffDef=Offense&FilterComparison=Exactly&FilterEvent=OnFloor&FilterValue=5&StartType=All&Season=2025&SeasonType=Playoffs&TeamId=1611661328,200,15,07:25,"Gray P.FOUL (P3.T1)
Ogwumike 6' Driving Floating Bank Jump Shot (9 PTS)
",1,1,0,0,2025-09-18,1042500113,0,0,LVA,4,0,-4,07:58,Off Short Mid-Range Make,0,"[{""description"": ""Gray P.FOUL (P3.T1)"", ""url"": """"}, {""description"": ""Ogwumike 6' Driving Floating Bank Jump Shot (9 PTS)"", ""url"": """"}]"
wnba,wnba_shot_pace,shot_pace,possessions,get-possessions,2025,Playoffs,team,"{'OffDef': 'Offense', 'FilterComparison': 'Exactly', 'FilterEvent': 'OnFloor', 'FilterValue': 5, 'StartType': 'All', 'Season': '2025', 'SeasonType': 'Playoffs', 'TeamId': '1611661328'}",shot_pace,1611661328,4Q/OT | margin -3..3 | 300..120,get-possessions__possessions__off_def-Offense__filter_comparison-Exactly__filter_event-OnFloor__filter_value-5__start_type-All__season-2025__season_type-Playoffs__team_id-1611661328__5fa46d3f,get-possessions,https://api.pbpstats.com/get-possessions/wnba?OffDef=Offense&FilterComparison=Exactly&FilterEvent=OnFloor&FilterValue=5&StartType=All&Season=2025&SeasonType=Playoffs&TeamId=1611661328,200,16,08:13,"Sykes 17' Pullup Jump Shot (6 PTS) (Diggins 4 AST)
",1,1,0,0,2025-09-18,1042500113,0,0,LVA,4,0,-4,08:36,Off FT Make,0,"[{""description"": ""Sykes 17' Pullup Jump Shot (6 PTS) (Diggins 4 AST)"", ""url"": """"}]"
wnba,wnba_shot_pace,shot_pace,possessions,get-possessions,2025,Playoffs,team,"{'OffDef': 'Offense', 'FilterComparison': 'Exactly', 'FilterEvent': 'OnFloor', 'FilterValue': 5, 'StartType': 'All', 'Season': '2025', 'SeasonType': 'Playoffs', 'TeamId': '1611661328'}",shot_pace,1611661328,4Q/OT | margin -3..3 | 300..120,get-possessions__possessions__off_def-Offense__filter_comparison-Exactly__filter_event-OnFloor__filter_value-5__start_type-All__season-2025__season_type-Playoffs__team_id-1611661328__5fa46d3f,get-possessions,https://api.pbpstats.com/get-possessions/wnba?OffDef=Offense&FilterComparison=Exactly&FilterEvent=OnFloor&FilterValue=5&StartType=All&Season=2025&SeasonType=Playoffs&TeamId=1611661328,200,17,08:47,"MISS Wheeler 26' 3PT Running Pull-Up Jump Shot
Malonga REBOUND (Off:1 Def:3)
Wilson STEAL (3 STL): Williams Bad Pass Turnover (P2.T15)
",0,0,1,0,2025-09-18,1042500113,0,1,LVA,4,0,-2,09:05,Off Steal,1,"[{""description"": ""MISS Wheeler 26' 3PT Running Pull-Up Jump Shot"", ""url"": """"}, {""description"": ""Malonga REBOUND (Off:1 Def:3)"", ""url"": """"}, {""description"": ""Wilson STEAL (3 STL): Williams Bad Pass Turnover (P2.T15)"", ""url"": """"}]"
wnba,wnba_shot_pace,shot_pace,possessions,get-possessions,2025,Playoffs,team,"{'OffDef': 'Offense', 'FilterComparison': 'Exactly', 'FilterEvent': 'OnFloor', 'FilterValue': 5, 'StartType': 'All', 'Season': '2025', 'SeasonType': 'Playoffs', 'TeamId': '1611661328'}",shot_pace,1611661328,4Q/OT | margin -3..3 | 300..120,get-possessions__possessions__off_def-Offense__filter_comparison-Exactly__filter_event-OnFloor__filter_value-5__start_type-All__season-2025__season_type-Playoffs__team_id-1611661328__5fa46d3f,get-possessions,https://api.pbpstats.com/get-possessions/wnba?OffDef=Offense&FilterComparison=Exactly&FilterEvent=OnFloor&FilterValue=5&StartType=All&Season=2025&SeasonType=Playoffs&TeamId=1611661328,200,18,09:15,"Sykes 4' Driving Layup (4 PTS)
",1,1,0,0,2025-09-18,1042500113,0,0,LVA,4,0,-4,09:33,Off Steal,0,"[{""description"": ""Sykes 4' Driving Layup (4 PTS)"", ""url"": """"}]"
wnba,wnba_shot_pace,shot_pace,possessions,get-possessions,2025,Playoffs,team,"{'OffDef': 'Offense', 'FilterComparison': 'Exactly', 'FilterEvent': 'OnFloor', 'FilterValue': 5, 'StartType': 'All', 'Season': '2025', 'SeasonType': 'Playoffs', 'TeamId': '1611661328'}",shot_pace,1611661328,4Q/OT | margin -3..3 | 300..120,get-possessions__possessions__off_def-Offense__filter_comparison-Exactly__filter_event-OnFloor__filter_value-5__start_type-All__season-2025__season_type-Playoffs__team_id-1611661328__5fa46d3f,get-possessions,https://api.pbpstats.com/get-possessions/wnba?OffDef=Offense&FilterComparison=Exactly&FilterEvent=OnFloor&FilterValue=5&StartType=All&Season=2025&SeasonType=Playoffs&TeamId=1611661328,200,19,09:35,"Young STEAL (3 STL): Malonga Lost Ball Turnover (P3.T14)
",0,0,0,0,2025-09-18,1042500113,0,0,LVA,4,0,-4,09:35,Off Short Mid-Range Miss,1,"[{""description"": ""Young STEAL (3 STL): Malonga Lost Ball Turnover (P3.T14)"", ""url"": """"}]"
wnba,wnba_shot_pace,shot_pace,possessions,get-possessions,2025,Playoffs,team,"{'OffDef': 'Offense', 'FilterComparison': 'Exactly', 'FilterEvent': 'OnFloor', 'FilterValue': 5, 'StartType': 'All', 'Season': '2025', 'SeasonType': 'Playoffs', 'TeamId': '1611661328'}",shot_pace,1611661328,4Q/OT | margin -3..3 | 300..120,get-possessions__possessions__off_def-Offense__filter_comparison-Exactly__filter_event-OnFloor__filter_value-5__start_type-All__season-2025__season_type-Playoffs__team_id-1611661328__5fa46d3f,get-possessions,https://api.pbpstats.com/get-possessions/wnba?OffDef=Offense&FilterComparison=Exactly&FilterEvent=OnFloor&FilterValue=5&StartType=All&Season=2025&SeasonType=Playoffs&TeamId=1611661328,200,20,00:00,"Gray BLOCK (1 BLK): MISS Sykes 4' Running Layup
Magbegor REBOUND (Off:1 Def:4)
Magbegor 1' Tip Layup Shot (7 PTS)
Evans S.FOUL (P2.PN)
MISS Magbegor Free Throw 1 of 1
Parker-Tyus REBOUND (Off:0 Def:2)
",2,1,0,0,2025-09-18,1042500113,0,1,LVA,3,1,-6,00:07,Off At Rim Miss,0,"[{""description"": ""Gray BLOCK (1 BLK): MISS Sykes 4' Running Layup"", ""url"": """"}, {""description"": ""Magbegor REBOUND (Off:1 Def:4)"", ""url"": """"}, {""description"": ""Magbegor 1' Tip Layup Shot (7 PTS)"", ""url"": """"}, {""description"": ""Evans S.FOUL (P2.PN)"", ""url"": """"}, {""description"": ""MISS Magbegor Free Throw 1 of 1"", ""url"": """"}, {""description"": ""Parker-Tyus REBOUND (Off:0 Def:2)"", ""url"": """"}]"
wnba,wnba_shot_pace,shot_pace,possessions,get-possessions,2025,Playoffs,team,"{'OffDef': 'Offense', 'FilterComparison': 'Exactly', 'FilterEvent': 'OnFloor', 'FilterValue': 5, 'StartType': 'All', 'Season': '2025', 'SeasonType': 'Playoffs', 'TeamId': '1611661328'}",shot_pace,1611661328,4Q/OT | margin -3..3 | 300..120,get-possessions__possessions__off_def-Offense__filter_comparison-Exactly__filter_event-OnFloor__filter_value-5__start_type-All__season-2025__season_type-Playoffs__team_id-1611661328__5fa46d3f,get-possessions,https://api.pbpstats.com/get-possessions/wnba?OffDef=Offense&FilterComparison=Exactly&FilterEvent=OnFloor&FilterValue=5&StartType=All&Season=2025&SeasonType=Playoffs&TeamId=1611661328,200,21,00:29,"Wilson BLOCK (2 BLK): MISS Diggins 5' Driving Layup
ACES Rebound
",1,0,0,0,2025-09-18,1042500113,0,0,LVA,3,0,-6,00:41,Off Long Mid-Range Miss,0,"[{""description"": ""Wilson BLOCK (2 BLK): MISS Diggins 5' Driving Layup"", ""url"": """"}, {""description"": ""ACES Rebound"", ""url"": """"}]"
wnba,wnba_shot_pace,shot_pace,possessions,get-possessions,2025,Playoffs,team,"{'OffDef': 'Offense', 'FilterComparison': 'Exactly', 'FilterEvent': 'OnFloor', 'FilterValue': 5, 'StartType': 'All', 'Season': '2025', 'SeasonType': 'Playoffs', 'TeamId': '1611661328'}",shot_pace,1611661328,4Q/OT | margin -3..3 | 300..120,get-possessions__possessions__off_def-Offense__filter_comparison-Exactly__filter_event-OnFloor__filter_value-5__start_type-All__season-2025__season_type-Playoffs__team_id-1611661328__5fa46d3f,get-possessions,https://api.pbpstats.com/get-possessions/wnba?OffDef=Offense&FilterComparison=Exactly&FilterEvent=OnFloor&FilterValue=5&StartType=All&Season=2025&SeasonType=Playoffs&TeamId=1611661328,200,22,00:57,"Wheeler 3' Driving Layup (12 PTS)
",1,1,0,0,2025-09-18,1042500113,0,0,LVA,3,0,-8,01:10,Off FT Make,0,"[{""description"": ""Wheeler 3' Driving Layup (12 PTS)"", ""url"": """"}]"
wnba,wnba_shot_pace,shot_pace,possessions,get-possessions,2025,Playoffs,team,"{'OffDef': 'Offense', 'FilterComparison': 'Exactly', 'FilterEvent': 'OnFloor', 'FilterValue': 5, 'StartType': 'All', 'Season': '2025', 'SeasonType': 'Playoffs', 'TeamId': '1611661328'}",shot_pace,1611661328,4Q/OT | margin -3..3 | 300..120,get-possessions__possessions__off_def-Offense__filter_comparison-Exactly__filter_event-OnFloor__filter_value-5__start_type-All__season-2025__season_type-Playoffs__team_id-1611661328__5fa46d3f,get-possessions,https://api.pbpstats.com/get-possessions/wnba?OffDef=Offense&FilterComparison=Exactly&FilterEvent=OnFloor&FilterValue=5&StartType=All&Season=2025&SeasonType=Playoffs&TeamId=1611661328,200,23,01:19,"Malonga 5' Layup (3 PTS) (Wheeler 4 AST)
",1,1,0,0,2025-09-18,1042500113,0,0,LVA,3,0,-8,01:37,Off Short Mid-Range Make,0,"[{""description"": ""Malonga 5' Layup (3 PTS) (Wheeler 4 AST)"", ""url"": """"}]"
wnba,wnba_shot_pace,shot_pace,possessions,get-possessions,2025,Playoffs,team,"{'OffDef': 'Offense', 'FilterComparison': 'Exactly', 'FilterEvent': 'OnFloor', 'FilterValue': 5, 'StartType': 'All', 'Season': '2025', 'SeasonType': 'Playoffs', 'TeamId': '1611661328'}",shot_pace,1611661328,4Q/OT | margin -3..3 | 300..120,get-possessions__possessions__off_def-Offense__filter_comparison-Exactly__filter_event-OnFloor__filter_value-5__start_type-All__season-2025__season_type-Playoffs__team_id-1611661328__5fa46d3f,get-possessions,https://api.pbpstats.com/get-possessions/wnba?OffDef=Offense&FilterComparison=Exactly&FilterEvent=OnFloor&FilterValue=5&StartType=All&Season=2025&SeasonType=Playoffs&TeamId=1611661328,200,24,01:47,"Young STEAL (2 STL): Wheeler Bad Pass Turnover (P2.T13)
",0,0,0,0,2025-09-18,1042500113,0,0,LVA,3,0,-6,02:09,Off Arc 3 Make,1,"[{""description"": ""Young STEAL (2 STL): Wheeler Bad Pass Turnover (P2.T13)"", ""url"": """"}]"
wnba,wnba_shot_pace,shot_pace,possessions,get-possessions,2025,Playoffs,team,"{'OffDef': 'Offense', 'FilterComparison': 'Exactly', 'FilterEvent': 'OnFloor', 'FilterValue': 5, 'StartType': 'All', 'Season': '2025', 'SeasonType': 'Playoffs', 'TeamId': '1611661328'}",shot_pace,1611661328,4Q/OT | margin -3..3 | 300..120,get-possessions__possessions__off_def-Offense__filter_comparison-Exactly__filter_event-OnFloor__filter_value-5__start_type-All__season-2025__season_type-Playoffs__team_id-1611661328__5fa46d3f,get-possessions,https://api.pbpstats.com/get-possessions/wnba?OffDef=Offense&FilterComparison=Exactly&FilterEvent=OnFloor&FilterValue=5&StartType=All&Season=2025&SeasonType=Playoffs&TeamId=1611661328,200,25,02:17,"MISS Diggins 26' 3PT Running Jump Shot
Parker-Tyus REBOUND (Off:0 Def:1)
",0,0,1,0,2025-09-18,1042500113,0,0,LVA,3,0,-3,02:25,Off Corner 3 Miss,0,"[{""description"": ""MISS Diggins 26' 3PT Running Jump Shot"", ""url"": """"}, {""description"": ""Parker-Tyus REBOUND (Off:0 Def:1)"", ""url"": """"}]"
wnba,wnba_shot_pace,shot_pace,possessions,get-possessions,2025,Playoffs,team,"{'OffDef': 'Offense', 'FilterComparison': 'Exactly', 'FilterEvent': 'OnFloor', 'FilterValue': 5, 'StartType': 'All', 'Season': '2025', 'SeasonType': 'Playoffs', 'TeamId': '1611661328'}",shot_pace,1611661328,4Q/OT | margin -3..3 | 300..120,get-possessions__possessions__off_def-Offense__filter_comparison-Exactly__filter_event-OnFloor__filter_value-5__start_type-All__season-2025__season_type-Playoffs__team_id-1611661328__5fa46d3f,get-possessions,https://api.pbpstats.com/get-possessions/wnba?OffDef=Offense&FilterComparison=Exactly&FilterEvent=OnFloor&FilterValue=5&StartType=All&Season=2025&SeasonType=Playoffs&TeamId=1611661328,200,26,02:45,"Gray S.FOUL (P2.T4)
Ogwumike Free Throw 1 of 2 (6 PTS)
Ogwumike Free Throw 2 of 2 (7 PTS)
",0,0,0,0,2025-09-18,1042500113,0,0,LVA,3,1,-5,02:52,Off Block,0,"[{""description"": ""Gray S.FOUL (P2.T4)"", ""url"": """"}, {""description"": ""Ogwumike Free Throw 1 of 2 (6 PTS)"", ""url"": """"}, {""description"": ""Ogwumike Free Throw 2 of 2 (7 PTS)"", ""url"": """"}]"
wnba,wnba_shot_pace,shot_pace,possessions,get-possessions,2025,Playoffs,team,"{'OffDef': 'Offense', 'FilterComparison': 'Exactly', 'FilterEvent': 'OnFloor', 'FilterValue': 5, 'StartType': 'All', 'Season': '2025', 'SeasonType': 'Playoffs', 'TeamId': '1611661328'}",shot_pace,1611661328,4Q/OT | margin -3..3 | 300..120,get-possessions__possessions__off_def-Offense__filter_comparison-Exactly__filter_event-OnFloor__filter_value-5__start_type-All__season-2025__season_type-Playoffs__team_id-1611661328__5fa46d3f,get-possessions,https://api.pbpstats.com/get-possessions/wnba?OffDef=Offense&FilterComparison=Exactly&FilterEvent=OnFloor&FilterValue=5&StartType=All&Season=2025&SeasonType=Playoffs&TeamId=1611661328,200,27,03:10,"MISS Wheeler 8' Pullup Jump Shot
Wilson REBOUND (Off:0 Def:5)
",1,0,0,0,2025-09-18,1042500113,0,0,LVA,3,0,-5,03:27,Off Short Mid-Range Make,0,"[{""description"": ""MISS Wheeler 8' Pullup Jump Shot"", ""url"": """"}, {""description"": ""Wilson REBOUND (Off:0 Def:5)"", ""url"": """"}]"
wnba,wnba_shot_pace,shot_pace,possessions,get-possessions,2025,Playoffs,team,"{'OffDef': 'Offense', 'FilterComparison': 'Exactly', 'FilterEvent': 'OnFloor', 'FilterValue': 5, 'StartType': 'All', 'Season': '2025', 'SeasonType': 'Playoffs', 'TeamId': '1611661328'}",shot_pace,1611661328,4Q/OT | margin -3..3 | 300..120,get-possessions__possessions__off_def-Offense__filter_comparison-Exactly__filter_event-OnFloor__filter_value-5__start_type-All__season-2025__season_type-Playoffs__team_id-1611661328__5fa46d3f,get-possessions,https://api.pbpstats.com/get-possessions/wnba?OffDef=Offense&FilterComparison=Exactly&FilterEvent=OnFloor&FilterValue=5&StartType=All&Season=2025&SeasonType=Playoffs&TeamId=1611661328,200,28,03:50,"Wheeler 24' 3PT Jump Shot (10 PTS) (Williams 2 AST)
",0,0,1,1,2025-09-18,1042500113,0,0,LVA,3,0,-6,03:58,Off Short Mid-Range Miss,0,"[{""description"": ""Wheeler 24' 3PT Jump Shot (10 PTS) (Williams 2 AST)"", ""url"": """"}]"
wnba,wnba_shot_pace,shot_pace,possessions,get-possessions,2025,Playoffs,team,"{'OffDef': 'Offense', 'FilterComparison': 'Exactly', 'FilterEvent': 'OnFloor', 'FilterValue': 5, 'StartType': 'All', 'Season': '2025', 'SeasonType': 'Playoffs', 'TeamId': '1611661328'}",shot_pace,1611661328,4Q/OT | margin -3..3 | 300..120,get-possessions__possessions__off_def-Offense__filter_comparison-Exactly__filter_event-OnFloor__filter_value-5__start_type-All__season-2025__season_type-Playoffs__team_id-1611661328__5fa46d3f,get-possessions,https://api.pbpstats.com/get-possessions/wnba?OffDef=Offense&FilterComparison=Exactly&FilterEvent=OnFloor&FilterValue=5&StartType=All&Season=2025&SeasonType=Playoffs&TeamId=1611661328,200,29,04:11,"Gray P.FOUL (P1.T3)
MISS Ogwumike 8' Turnaround Fadeaway Shot
Gray REBOUND (Off:0 Def:2)
",1,0,0,0,2025-09-18,1042500113,0,0,LVA,3,0,-6,04:27,Off At Rim Make,0,"[{""description"": ""Gray P.FOUL (P1.T3)"", ""url"": """"}, {""description"": ""MISS Ogwumike 8' Turnaround Fadeaway Shot"", ""url"": """"}, {""description"": ""Gray REBOUND (Off:0 Def:2)"", ""url"": """"}]"
wnba,wnba_shot_pace,shot_pace,possessions,get-possessions,2025,Playoffs,team,"{'OffDef': 'Offense', 'FilterComparison': 'Exactly', 'FilterEvent': 'OnFloor', 'FilterValue': 5, 'StartType': 'All', 'Season': '2025', 'SeasonType': 'Playoffs', 'TeamId': '1611661328'}",shot_pace,1611661328,4Q/OT | margin -3..3 | 300..120,get-possessions__possessions__off_def-Offense__filter_comparison-Exactly__filter_event-OnFloor__filter_value-5__start_type-All__season-2025__season_type-Playoffs__team_id-1611661328__5fa46d3f,get-possessions,https://api.pbpstats.com/get-possessions/wnba?OffDef=Offense&FilterComparison=Exactly&FilterEvent=OnFloor&FilterValue=5&StartType=All&Season=2025&SeasonType=Playoffs&TeamId=1611661328,200,30,04:45,"Ogwumike 10' Fadeaway Jumper (5 PTS)
",1,1,0,0,2025-09-18,1042500113,0,0,LVA,3,0,-6,05:02,Off At Rim Make,0,"[{""description"": ""Ogwumike 10' Fadeaway Jumper (5 PTS)"", ""url"": """"}]"
wnba,wnba_shot_pace,shot_pace,possessions,get-possessions,2025,Playoffs,team,"{'OffDef': 'Offense', 'FilterComparison': 'Exactly', 'FilterEvent': 'OnFloor', 'FilterValue': 5, 'StartType': 'All', 'Season': '2025', 'SeasonType': 'Playoffs', 'TeamId': '1611661328'}",shot_pace,1611661328,4Q/OT | margin -3..3 | 300..120,get-possessions__possessions__off_def-Offense__filter_comparison-Exactly__filter_event-OnFloor__filter_value-5__start_type-All__season-2025__season_type-Playoffs__team_id-1611661328__5fa46d3f,get-possessions,https://api.pbpstats.com/get-possessions/wnba?OffDef=Offense&FilterComparison=Exactly&FilterEvent=OnFloor&FilterValue=5&StartType=All&Season=2025&SeasonType=Playoffs&TeamId=1611661328,200,31,05:17,"MISS Williams 16' Jump Shot
Bell REBOUND (Off:1 Def:4)
",1,0,0,0,2025-09-18,1042500113,0,0,LVA,3,0,-4,05:35,Off Dead Ball,0,"[{""description"": ""MISS Williams 16' Jump Shot"", ""url"": """"}, {""description"": ""Bell REBOUND (Off:1 Def:4)"", ""url"": """"}]"
wnba,wnba_shot_pace,shot_pace,possessions,get-possessions,2025,Playoffs,team,"{'OffDef': 'Offense', 'FilterComparison': 'Exactly', 'FilterEvent': 'OnFloor', 'FilterValue': 5, 'StartType': 'All', 'Season': '2025', 'SeasonType': 'Playoffs', 'TeamId': '1611661328'}",shot_pace,1611661328,4Q/OT | margin -3..3 | 300..120,get-possessions__possessions__off_def-Offense__filter_comparison-Exactly__filter_event-OnFloor__filter_value-5__start_type-All__season-2025__season_type-Playoffs__team_id-1611661328__5fa46d3f,get-possessions,https://api.pbpstats.com/get-possessions/wnba?OffDef=Offense&FilterComparison=Exactly&FilterEvent=OnFloor&FilterValue=5&StartType=All&Season=2025&SeasonType=Playoffs&TeamId=1611661328,200,32,05:53,"Young STEAL (1 STL): Ogwumike Lost Ball Turnover (P1.T12)
",0,0,0,0,2025-09-18,1042500113,0,0,LVA,3,0,-4,06:11,Off Short Mid-Range Miss,1,"[{""description"": ""Young STEAL (1 STL): Ogwumike Lost Ball Turnover (P1.T12)"", ""url"": """"}]"
wnba,wnba_shot_pace,shot_pace,possessions,get-possessions,2025,Playoffs,team,"{'OffDef': 'Offense', 'FilterComparison': 'Exactly', 'FilterEvent': 'OnFloor', 'FilterValue': 5, 'StartType': 'All', 'Season': '2025', 'SeasonType': 'Playoffs', 'TeamId': '1611661328'}",shot_pace,1611661328,4Q/OT | margin -3..3 | 300..120,get-possessions__possessions__off_def-Offense__filter_comparison-Exactly__filter_event-OnFloor__filter_value-5__start_type-All__season-2025__season_type-Playoffs__team_id-1611661328__5fa46d3f,get-possessions,https://api.pbpstats.com/get-possessions/wnba?OffDef=Offense&FilterComparison=Exactly&FilterEvent=OnFloor&FilterValue=5&StartType=All&Season=2025&SeasonType=Playoffs&TeamId=1611661328,200,33,06:23,"MISS Ogwumike 6' Hook Shot
Bell REBOUND (Off:1 Def:3)
",1,0,0,0,2025-09-18,1042500113,0,0,LVA,3,0,-4,06:30,Off Steal,0,"[{""description"": ""MISS Ogwumike 6' Hook Shot"", ""url"": """"}, {""description"": ""Bell REBOUND (Off:1 Def:3)"", ""url"": """"}]"
wnba,wnba_shot_pace,shot_pace,possessions,get-possessions,2025,Playoffs,team,"{'OffDef': 'Offense', 'FilterComparison': 'Exactly', 'FilterEvent': 'OnFloor', 'FilterValue': 5, 'StartType': 'All', 'Season': '2025', 'SeasonType': 'Playoffs', 'TeamId': '1611661328'}",shot_pace,1611661328,4Q/OT | margin -3..3 | 300..120,get-possessions__possessions__off_def-Offense__filter_comparison-Exactly__filter_event-OnFloor__filter_value-5__start_type-All__season-2025__season_type-Playoffs__team_id-1611661328__5fa46d3f,get-possessions,https://api.pbpstats.com/get-possessions/wnba?OffDef=Offense&FilterComparison=Exactly&FilterEvent=OnFloor&FilterValue=5&StartType=All&Season=2025&SeasonType=Playoffs&TeamId=1611661328,200,34,06:31,"MISS Diggins 5' Driving Layup
Bell REBOUND (Off:1 Def:2)
",1,0,0,0,2025-09-18,1042500113,0,0,LVA,3,0,-4,06:48,Off At Rim Make,0,"[{""description"": ""MISS Diggins 5' Driving Layup"", ""url"": """"}, {""description"": ""Bell REBOUND (Off:1 Def:2)"", ""url"": """"}]"
wnba,wnba_shot_pace,shot_pace,possessions,get-possessions,2025,Playoffs,team,"{'OffDef': 'Offense', 'FilterComparison': 'Exactly', 'FilterEvent': 'OnFloor', 'FilterValue': 5, 'StartType': 'All', 'Season': '2025', 'SeasonType': 'Playoffs', 'TeamId': '1611661328'}",shot_pace,1611661328,4Q/OT | margin -3..3 | 300..120,get-possessions__possessions__off_def-Offense__filter_comparison-Exactly__filter_event-OnFloor__filter_value-5__start_type-All__season-2025__season_type-Playoffs__team_id-1611661328__5fa46d3f,get-possessions,https://api.pbpstats.com/get-possessions/wnba?OffDef=Offense&FilterComparison=Exactly&FilterEvent=OnFloor&FilterValue=5&StartType=All&Season=2025&SeasonType=Playoffs&TeamId=1611661328,200,35,07:05,"Diggins 24' 3PT Running Jump Shot (10 PTS) (Williams 1 AST)
",0,0,1,1,2025-09-18,1042500113,0,0,LVA,3,0,-5,07:09,Off Short Mid-Range Miss,0,"[{""description"": ""Diggins 24' 3PT Running Jump Shot (10 PTS) (Williams 1 AST)"", ""url"": """"}]"
wnba,wnba_shot_pace,shot_pace,possessions,get-possessions,2025,Playoffs,team,"{'OffDef': 'Offense', 'FilterComparison': 'Exactly', 'FilterEvent': 'OnFloor', 'FilterValue': 5, 'StartType': 'All', 'Season': '2025', 'SeasonType': 'Playoffs', 'TeamId': '1611661328'}",shot_pace,1611661328,4Q/OT | margin -3..3 | 300..120,get-possessions__possessions__off_def-Offense__filter_comparison-Exactly__filter_event-OnFloor__filter_value-5__start_type-All__season-2025__season_type-Playoffs__team_id-1611661328__5fa46d3f,get-possessions,https://api.pbpstats.com/get-possessions/wnba?OffDef=Offense&FilterComparison=Exactly&FilterEvent=OnFloor&FilterValue=5&StartType=All&Season=2025&SeasonType=Playoffs&TeamId=1611661328,200,36,07:21,"Gray STEAL (2 STL): Williams Bad Pass Turnover (P1.T11)
",0,0,0,0,2025-09-18,1042500113,0,0,LVA,3,0,-5,07:34,Off FT Make,1,"[{""description"": ""Gray STEAL (2 STL): Williams Bad Pass Turnover (P1.T11)"", ""url"": """"}]"
wnba,wnba_shot_pace,shot_pace,possessions,get-possessions,2025,Playoffs,team,"{'OffDef': 'Offense', 'FilterComparison': 'Exactly', 'FilterEvent': 'OnFloor', 'FilterValue': 5, 'StartType': 'All', 'Season': '2025', 'SeasonType': 'Playoffs', 'TeamId': '1611661328'}",shot_pace,1611661328,4Q/OT | margin -3..3 | 300..120,get-possessions__possessions__off_def-Offense__filter_comparison-Exactly__filter_event-OnFloor__filter_value-5__start_type-All__season-2025__season_type-Playoffs__team_id-1611661328__5fa46d3f,get-possessions,https://api.pbpstats.com/get-possessions/wnba?OffDef=Offense&FilterComparison=Exactly&FilterEvent=OnFloor&FilterValue=5&StartType=All&Season=2025&SeasonType=Playoffs&TeamId=1611661328,200,37,07:47,"Smith P.FOUL (P4.T2)
Storm Turnover: Shot Clock (T#10)
",0,0,0,0,2025-09-18,1042500113,0,0,LVA,3,0,-3,08:11,Off Steal,1,"[{""description"": ""Smith P.FOUL (P4.T2)"", ""url"": """"}, {""description"": ""Storm Turnover: Shot Clock (T#10)"", ""url"": """"}]"
wnba,wnba_shot_pace,shot_pace,possessions,get-possessions,2025,Playoffs,team,"{'OffDef': 'Offense', 'FilterComparison': 'Exactly', 'FilterEvent': 'OnFloor', 'FilterValue': 5, 'StartType': 'All', 'Season': '2025', 'SeasonType': 'Playoffs', 'TeamId': '1611661328'}",shot_pace,1611661328,4Q/OT | margin -3..3 | 300..120,get-possessions__possessions__off_def-Offense__filter_comparison-Exactly__filter_event-OnFloor__filter_value-5__start_type-All__season-2025__season_type-Playoffs__team_id-1611661328__5fa46d3f,get-possessions,https://api.pbpstats.com/get-possessions/wnba?OffDef=Offense&FilterComparison=Exactly&FilterEvent=OnFloor&FilterValue=5&StartType=All&Season=2025&SeasonType=Playoffs&TeamId=1611661328,200,38,08:31,"Young S.FOUL (P2.T1)
MISS Ogwumike Free Throw 1 of 2
Storm Rebound
Ogwumike Free Throw 2 of 2 (3 PTS)
",0,0,0,0,2025-09-18,1042500113,0,0,LVA,3,1,-4,08:36,Off Steal,0,"[{""description"": ""Young S.FOUL (P2.T1)"", ""url"": """"}, {""description"": ""MISS Ogwumike Free Throw 1 of 2"", ""url"": """"}, {""description"": ""Storm Rebound"", ""url"": """"}, {""description"": ""Ogwumike Free Throw 2 of 2 (3 PTS)"", ""url"": """"}]"
wnba,wnba_shot_pace,shot_pace,possessions,get-possessions,2025,Playoffs,team,"{'OffDef': 'Offense', 'FilterComparison': 'Exactly', 'FilterEvent': 'OnFloor', 'FilterValue': 5, 'StartType': 'All', 'Season': '2025', 'SeasonType': 'Playoffs', 'TeamId': '1611661328'}",shot_pace,1611661328,4Q/OT | margin -3..3 | 300..120,get-possessions__possessions__off_def-Offense__filter_comparison-Exactly__filter_event-OnFloor__filter_value-5__start_type-All__season-2025__season_type-Playoffs__team_id-1611661328__5fa46d3f,get-possessions,https://api.pbpstats.com/get-possessions/wnba?OffDef=Offense&FilterComparison=Exactly&FilterEvent=OnFloor&FilterValue=5&StartType=All&Season=2025&SeasonType=Playoffs&TeamId=1611661328,200,39,08:57,"Diggins 13' Pullup Jump Shot (7 PTS)
",1,1,0,0,2025-09-18,1042500113,0,0,LVA,3,0,-6,09:15,Off FT Make,0,"[{""description"": ""Diggins 13' Pullup Jump Shot (7 PTS)"", ""url"": """"}]"
wnba,wnba_shot_pace,shot_pace,possessions,get-possessions,2025,Playoffs,team,"{'OffDef': 'Offense', 'FilterComparison': 'Exactly', 'FilterEvent': 'OnFloor', 'FilterValue': 5, 'StartType': 'All', 'Season': '2025', 'SeasonType': 'Playoffs', 'TeamId': '1611661328'}",shot_pace,1611661328,4Q/OT | margin -3..3 | 300..120,get-possessions__possessions__off_def-Offense__filter_comparison-Exactly__filter_event-OnFloor__filter_value-5__start_type-All__season-2025__season_type-Playoffs__team_id-1611661328__5fa46d3f,get-possessions,https://api.pbpstats.com/get-possessions/wnba?OffDef=Offense&FilterComparison=Exactly&FilterEvent=OnFloor&FilterValue=5&StartType=All&Season=2025&SeasonType=Playoffs&TeamId=1611661328,200,40,09:37,"Williams 25' 3PT Jump Shot (7 PTS) (Diggins 3 AST)
",0,0,1,1,2025-09-18,1042500113,0,0,LVA,3,0,-7,10:00,Off Dead Ball,0,"[{""description"": ""Williams 25' 3PT Jump Shot (7 PTS) (Diggins 3 AST)"", ""url"": """"}]"
wnba,wnba_shot_pace,shot_pace,possessions,get-possessions,2025,Playoffs,team,"{'OffDef': 'Offense', 'FilterComparison': 'Exactly', 'FilterEvent': 'OnFloor', 'FilterValue': 5, 'StartType': 'All', 'Season': '2025', 'SeasonType': 'Playoffs', 'TeamId': '1611661328'}",shot_pace,1611661328,4Q/OT | margin -3..3 | 300..120,get-possessions__possessions__off_def-Offense__filter_comparison-Exactly__filter_event-OnFloor__filter_value-5__start_type-All__season-2025__season_type-Playoffs__team_id-1611661328__5fa46d3f,get-possessions,https://api.pbpstats.com/get-possessions/wnba?OffDef=Offense&FilterComparison=Exactly&FilterEvent=OnFloor&FilterValue=5&StartType=All&Season=2025&SeasonType=Playoffs&TeamId=1611661328,200,41,00:00,"MISS Wheeler 10' Driving Floating Bank Jump Shot
Storm Rebound
",1,0,0,0,2025-09-18,1042500113,0,0,LVA,2,0,-7,00:08,Off Dead Ball,0,"[{""description"": ""MISS Wheeler 10' Driving Floating Bank Jump Shot"", ""url"": """"}, {""description"": ""Storm Rebound"", ""url"": """"}]"
wnba,wnba_shot_pace,shot_pace,possessions,get-possessions,2025,Playoffs,team,"{'OffDef': 'Offense', 'FilterComparison': 'Exactly', 'FilterEvent': 'OnFloor', 'FilterValue': 5, 'StartType': 'All', 'Season': '2025', 'SeasonType': 'Playoffs', 'TeamId': '1611661328'}",shot_pace,1611661328,4Q/OT | margin -3..3 | 300..120,get-possessions__possessions__off_def-Offense__filter_comparison-Exactly__filter_event-OnFloor__filter_value-5__start_type-All__season-2025__season_type-Playoffs__team_id-1611661328__5fa46d3f,get-possessions,https://api.pbpstats.com/get-possessions/wnba?OffDef=Offense&FilterComparison=Exactly&FilterEvent=OnFloor&FilterValue=5&StartType=All&Season=2025&SeasonType=Playoffs&TeamId=1611661328,200,42,00:26,"MISS Wheeler 12' Pullup Jump Shot
Storm Rebound
MISS Diggins 24' 3PT Jump Shot
ACES Rebound
",1,0,1,0,2025-09-18,1042500113,0,1,LVA,2,0,-7,00:49,Off FT Miss,0,"[{""description"": ""MISS Wheeler 12' Pullup Jump Shot"", ""url"": """"}, {""description"": ""Storm Rebound"", ""url"": """"}, {""description"": ""MISS Diggins 24' 3PT Jump Shot"", ""url"": """"}, {""description"": ""ACES Rebound"", ""url"": """"}]"
wnba,wnba_shot_pace,shot_pace,possessions,get-possessions,2025,Playoffs,team,"{'OffDef': 'Offense', 'FilterComparison': 'Exactly', 'FilterEvent': 'OnFloor', 'FilterValue': 5, 'StartType': 'All', 'Season': '2025', 'SeasonType': 'Playoffs', 'TeamId': '1611661328'}",shot_pace,1611661328,4Q/OT | margin -3..3 | 300..120,get-possessions__possessions__off_def-Offense__filter_comparison-Exactly__filter_event-OnFloor__filter_value-5__start_type-All__season-2025__season_type-Playoffs__team_id-1611661328__5fa46d3f,get-possessions,https://api.pbpstats.com/get-possessions/wnba?OffDef=Offense&FilterComparison=Exactly&FilterEvent=OnFloor&FilterValue=5&StartType=All&Season=2025&SeasonType=Playoffs&TeamId=1611661328,200,43,00:52,"MISS Malonga 6' Running Layup
Wilson REBOUND (Off:0 Def:4)
",1,0,0,0,2025-09-18,1042500113,0,0,LVA,2,0,-6,00:57,Off Arc 3 Miss,0,"[{""description"": ""MISS Malonga 6' Running Layup"", ""url"": """"}, {""description"": ""Wilson REBOUND (Off:0 Def:4)"", ""url"": """"}]"
wnba,wnba_shot_pace,shot_pace,possessions,get-possessions,2025,Playoffs,team,"{'OffDef': 'Offense', 'FilterComparison': 'Exactly', 'FilterEvent': 'OnFloor', 'FilterValue': 5, 'StartType': 'All', 'Season': '2025', 'SeasonType': 'Playoffs', 'TeamId': '1611661328'}",shot_pace,1611661328,4Q/OT | margin -3..3 | 300..120,get-possessions__possessions__off_def-Offense__filter_comparison-Exactly__filter_event-OnFloor__filter_value-5__start_type-All__season-2025__season_type-Playoffs__team_id-1611661328__5fa46d3f,get-possessions,https://api.pbpstats.com/get-possessions/wnba?OffDef=Offense&FilterComparison=Exactly&FilterEvent=OnFloor&FilterValue=5&StartType=All&Season=2025&SeasonType=Playoffs&TeamId=1611661328,200,44,01:22,"MISS Malonga 4' Driving Layup
Storm Rebound
MISS Wheeler 26' 3PT Jump Shot
Diggins REBOUND (Off:1 Def:0)
Loyd STEAL (2 STL): Diggins Bad Pass Turnover (P3.T9)
",1,0,1,0,2025-09-18,1042500113,0,2,LVA,2,0,-6,01:54,Off At Rim Make,1,"[{""description"": ""MISS Malonga 4' Driving Layup"", ""url"": """"}, {""description"": ""Storm Rebound"", ""url"": """"}, {""description"": ""MISS Wheeler 26' 3PT Jump Shot"", ""url"": """"}, {""description"": ""Diggins REBOUND (Off:1 Def:0)"", ""url"": """"}, {""description"": ""Loyd STEAL (2 STL): Diggins Bad Pass Turnover (P3.T9)"", ""url"": """"}]"
wnba,wnba_shot_pace,shot_pace,possessions,get-possessions,2025,Playoffs,team,"{'OffDef': 'Offense', 'FilterComparison': 'Exactly', 'FilterEvent': 'OnFloor', 'FilterValue': 5, 'StartType': 'All', 'Season': '2025', 'SeasonType': 'Playoffs', 'TeamId': '1611661328'}",shot_pace,1611661328,4Q/OT | margin -3..3 | 300..120,get-possessions__possessions__off_def-Offense__filter_comparison-Exactly__filter_event-OnFloor__filter_value-5__start_type-All__season-2025__season_type-Playoffs__team_id-1611661328__5fa46d3f,get-possessions,https://api.pbpstats.com/get-possessions/wnba?OffDef=Offense&FilterComparison=Exactly&FilterEvent=OnFloor&FilterValue=5&StartType=All&Season=2025&SeasonType=Playoffs&TeamId=1611661328,200,45,02:13,"Diggins Backcourt Turnover (P2.T8)
",0,0,0,0,2025-09-18,1042500113,0,0,LVA,2,0,-4,02:26,Off Short Mid-Range Make,1,"[{""description"": ""Diggins Backcourt Turnover (P2.T8)"", ""url"": """"}]"
wnba,wnba_shot_pace,shot_pace,possessions,get-possessions,2025,Playoffs,team,"{'OffDef': 'Offense', 'FilterComparison': 'Exactly', 'FilterEvent': 'OnFloor', 'FilterValue': 5, 'StartType': 'All', 'Season': '2025', 'SeasonType': 'Playoffs', 'TeamId': '1611661328'}",shot_pace,1611661328,4Q/OT | margin -3..3 | 300..120,get-possessions__possessions__off_def-Offense__filter_comparison-Exactly__filter_event-OnFloor__filter_value-5__start_type-All__season-2025__season_type-Playoffs__team_id-1611661328__5fa46d3f,get-possessions,https://api.pbpstats.com/get-possessions/wnba?OffDef=Offense&FilterComparison=Exactly&FilterEvent=OnFloor&FilterValue=5&StartType=All&Season=2025&SeasonType=Playoffs&TeamId=1611661328,200,46,02:34,"MISS Malonga 9' Turnaround Fadeaway Shot
Loyd REBOUND (Off:1 Def:1)
",1,0,0,0,2025-09-18,1042500113,0,0,LVA,2,0,-2,02:58,Off Corner 3 Miss,0,"[{""description"": ""MISS Malonga 9' Turnaround Fadeaway Shot"", ""url"": """"}, {""description"": ""Loyd REBOUND (Off:1 Def:1)"", ""url"": """"}]"
wnba,wnba_shot_pace,shot_pace,possessions,get-possessions,2025,Playoffs,team,"{'OffDef': 'Offense', 'FilterComparison': 'Exactly', 'FilterEvent': 'OnFloor', 'FilterValue': 5, 'StartType': 'All', 'Season': '2025', 'SeasonType': 'Playoffs', 'TeamId': '1611661328'}",shot_pace,1611661328,4Q/OT | margin -3..3 | 300..120,get-possessions__possessions__off_def-Offense__filter_comparison-Exactly__filter_event-OnFloor__filter_value-5__start_type-All__season-2025__season_type-Playoffs__team_id-1611661328__5fa46d3f,get-possessions,https://api.pbpstats.com/get-possessions/wnba?OffDef=Offense&FilterComparison=Exactly&FilterEvent=OnFloor&FilterValue=5&StartType=All&Season=2025&SeasonType=Playoffs&TeamId=1611661328,200,47,03:05,"MISS Ogwumike 8' Floating Jump Shot
Wilson REBOUND (Off:0 Def:3)
",1,0,0,0,2025-09-18,1042500113,0,0,LVA,2,0,-2,03:28,Off Short Mid-Range Make,0,"[{""description"": ""MISS Ogwumike 8' Floating Jump Shot"", ""url"": """"}, {""description"": ""Wilson REBOUND (Off:0 Def:3)"", ""url"": """"}]"
wnba,wnba_shot_pace,shot_pace,possessions,get-possessions,2025,Playoffs,team,"{'OffDef': 'Offense', 'FilterComparison': 'Exactly', 'FilterEvent': 'OnFloor', 'FilterValue': 5, 'StartType': 'All', 'Season': '2025', 'SeasonType': 'Playoffs', 'TeamId': '1611661328'}",shot_pace,1611661328,4Q/OT | margin -3..3 | 300..120,get-possessions__possessions__off_def-Offense__filter_comparison-Exactly__filter_event-OnFloor__filter_value-5__start_type-All__season-2025__season_type-Playoffs__team_id-1611661328__5fa46d3f,get-possessions,https://api.pbpstats.com/get-possessions/wnba?OffDef=Offense&FilterComparison=Exactly&FilterEvent=OnFloor&FilterValue=5&StartType=All&Season=2025&SeasonType=Playoffs&TeamId=1611661328,200,48,03:45,"Smith S.FOUL (P3.T4)
Ogwumike Free Throw 1 of 2 (1 PTS)
Ogwumike Free Throw 2 of 2 (2 PTS)
",0,0,0,0,2025-09-18,1042500113,0,0,LVA,2,1,-2,04:08,Off Timeout,0,"[{""description"": ""Smith S.FOUL (P3.T4)"", ""url"": """"}, {""description"": ""Ogwumike Free Throw 1 of 2 (1 PTS)"", ""url"": """"}, {""description"": ""Ogwumike Free Throw 2 of 2 (2 PTS)"", ""url"": """"}]"
wnba,wnba_shot_pace,shot_pace,possessions,get-possessions,2025,Playoffs,team,"{'OffDef': 'Offense', 'FilterComparison': 'Exactly', 'FilterEvent': 'OnFloor', 'FilterValue': 5, 'StartType': 'All', 'Season': '2025', 'SeasonType': 'Playoffs', 'TeamId': '1611661328'}",shot_pace,1611661328,4Q/OT | margin -3..3 | 300..120,get-possessions__possessions__off_def-Offense__filter_comparison-Exactly__filter_event-OnFloor__filter_value-5__start_type-All__season-2025__season_type-Playoffs__team_id-1611661328__5fa46d3f,get-possessions,https://api.pbpstats.com/get-possessions/wnba?OffDef=Offense&FilterComparison=Exactly&FilterEvent=OnFloor&FilterValue=5&StartType=All&Season=2025&SeasonType=Playoffs&TeamId=1611661328,200,49,04:25,"Wilson STEAL (2 STL): Wheeler Bad Pass Turnover (P1.T7)
",0,0,0,0,2025-09-18,1042500113,0,0,LVA,2,0,1,04:44,Off Dead Ball,1,"[{""description"": ""Wilson STEAL (2 STL): Wheeler Bad Pass Turnover (P1.T7)"", ""url"": """"}]"
wnba,wnba_shot_pace,shot_pace,possessions,get-possessions,2025,Playoffs,team,"{'OffDef': 'Offense', 'FilterComparison': 'Exactly', 'FilterEvent': 'OnFloor', 'FilterValue': 5, 'StartType': 'All', 'Season': '2025', 'SeasonType': 'Playoffs', 'TeamId': '1611661328'}",shot_pace,1611661328,4Q/OT | margin -3..3 | 300..120,get-possessions__possessions__off_def-Offense__filter_comparison-Exactly__filter_event-OnFloor__filter_value-5__start_type-All__season-2025__season_type-Playoffs__team_id-1611661328__5fa46d3f,get-possessions,https://api.pbpstats.com/get-possessions/wnba?OffDef=Offense&FilterComparison=Exactly&FilterEvent=OnFloor&FilterValue=5&StartType=All&Season=2025&SeasonType=Playoffs&TeamId=1611661328,200,50,05:13,"Young S.FOUL (P1.T3)
MISS Magbegor Free Throw 1 of 2
Storm Rebound
Magbegor Free Throw 2 of 2 (5 PTS)
",0,0,0,0,2025-09-18,1042500113,0,0,LVA,2,1,0,05:20,Off At Rim Make,0,"[{""description"": ""Young S.FOUL (P1.T3)"", ""url"": """"}, {""description"": ""MISS Magbegor Free Throw 1 of 2"", ""url"": """"}, {""description"": ""Storm Rebound"", ""url"": """"}, {""description"": ""Magbegor Free Throw 2 of 2 (5 PTS)"", ""url"": """"}]"
wnba,wnba_shot_pace,shot_pace,possessions,get-possessions,2025,Playoffs,team,"{'OffDef': 'Offense', 'FilterComparison': 'Exactly', 'FilterEvent': 'OnFloor', 'FilterValue': 5, 'StartType': 'All', 'Season': '2025', 'SeasonType': 'Playoffs', 'TeamId': '1611661328'}",shot_pace,1611661328,4Q/OT | margin -3..3 | 300..120,get-possessions__possessions__off_def-Offense__filter_comparison-Exactly__filter_event-OnFloor__filter_value-5__start_type-All__season-2025__season_type-Playoffs__team_id-1611661328__5fa46d3f,get-possessions,https://api.pbpstats.com/get-possessions/wnba?OffDef=Offense&FilterComparison=Exactly&FilterEvent=OnFloor&FilterValue=5&StartType=All&Season=2025&SeasonType=Playoffs&TeamId=1611661328,200,51,05:40,"Magbegor 5' Pullup Jump Shot (4 PTS) (Wheeler 3 AST)
",1,1,0,0,2025-09-18,1042500113,0,0,LVA,2,0,0,05:56,Off Timeout,0,"[{""description"": ""Magbegor 5' Pullup Jump Shot (4 PTS) (Wheeler 3 AST)"", ""url"": """"}]"
wnba,wnba_shot_pace,shot_pace,possessions,get-possessions,2025,Playoffs,team,"{'OffDef': 'Offense', 'FilterComparison': 'Exactly', 'FilterEvent': 'OnFloor', 'FilterValue': 5, 'StartType': 'All', 'Season': '2025', 'SeasonType': 'Playoffs', 'TeamId': '1611661328'}",shot_pace,1611661328,4Q/OT | margin -3..3 | 300..120,get-possessions__possessions__off_def-Offense__filter_comparison-Exactly__filter_event-OnFloor__filter_value-5__start_type-All__season-2025__season_type-Playoffs__team_id-1611661328__5fa46d3f,get-possessions,https://api.pbpstats.com/get-possessions/wnba?OffDef=Offense&FilterComparison=Exactly&FilterEvent=OnFloor&FilterValue=5&StartType=All&Season=2025&SeasonType=Playoffs&TeamId=1611661328,200,52,06:06,"Smith P.FOUL (P2.T2)
Sykes Traveling Turnover (P2.T6)
",0,0,0,0,2025-09-18,1042500113,0,0,LVA,2,0,0,06:28,Off Short Mid-Range Make,1,"[{""description"": ""Smith P.FOUL (P2.T2)"", ""url"": """"}, {""description"": ""Sykes Traveling Turnover (P2.T6)"", ""url"": """"}]"
wnba,wnba_shot_pace,shot_pace,possessions,get-possessions,2025,Playoffs,team,"{'OffDef': 'Offense', 'FilterComparison': 'Exactly', 'FilterEvent': 'OnFloor', 'FilterValue': 5, 'StartType': 'All', 'Season': '2025', 'SeasonType': 'Playoffs', 'TeamId': '1611661328'}",shot_pace,1611661328,4Q/OT | margin -3..3 | 300..120,get-possessions__possessions__off_def-Offense__filter_comparison-Exactly__filter_event-OnFloor__filter_value-5__start_type-All__season-2025__season_type-Playoffs__team_id-1611661328__5fa46d3f,get-possessions,https://api.pbpstats.com/get-possessions/wnba?OffDef=Offense&FilterComparison=Exactly&FilterEvent=OnFloor&FilterValue=5&StartType=All&Season=2025&SeasonType=Playoffs&TeamId=1611661328,200,53,06:39,"Wilson BLOCK (1 BLK): MISS Diggins 12' Pullup Jump Shot
Smith REBOUND (Off:0 Def:4)
",1,0,0,0,2025-09-18,1042500113,0,0,LVA,2,0,2,06:50,Off Steal,0,"[{""description"": ""Wilson BLOCK (1 BLK): MISS Diggins 12' Pullup Jump Shot"", ""url"": """"}, {""description"": ""Smith REBOUND (Off:0 Def:4)"", ""url"": """"}]"
wnba,wnba_shot_pace,shot_pace,possessions,get-possessions,2025,Playoffs,team,"{'OffDef': 'Offense', 'FilterComparison': 'Exactly', 'FilterEvent': 'OnFloor', 'FilterValue': 5, 'StartType': 'All', 'Season': '2025', 'SeasonType': 'Playoffs', 'TeamId': '1611661328'}",shot_pace,1611661328,4Q/OT | margin -3..3 | 300..120,get-possessions__possessions__off_def-Offense__filter_comparison-Exactly__filter_event-OnFloor__filter_value-5__start_type-All__season-2025__season_type-Playoffs__team_id-1611661328__5fa46d3f,get-possessions,https://api.pbpstats.com/get-possessions/wnba?OffDef=Offense&FilterComparison=Exactly&FilterEvent=OnFloor&FilterValue=5&StartType=All&Season=2025&SeasonType=Playoffs&TeamId=1611661328,200,54,07:12,"Evans P.FOUL (P1.T1)
Wheeler 4' Driving Finger Roll Layup (7 PTS) (Ogwumike 1 AST)
",1,1,0,0,2025-09-18,1042500113,0,0,LVA,2,0,0,07:28,Off Steal,0,"[{""description"": ""Evans P.FOUL (P1.T1)"", ""url"": """"}, {""description"": ""Wheeler 4' Driving Finger Roll Layup (7 PTS) (Ogwumike 1 AST)"", ""url"": """"}]"
wnba,wnba_shot_pace,shot_pace,possessions,get-possessions,2025,Playoffs,team,"{'OffDef': 'Offense', 'FilterComparison': 'Exactly', 'FilterEvent': 'OnFloor', 'FilterValue': 5, 'StartType': 'All', 'Season': '2025', 'SeasonType': 'Playoffs', 'TeamId': '1611661328'}",shot_pace,1611661328,4Q/OT | margin -3..3 | 300..120,get-possessions__possessions__off_def-Offense__filter_comparison-Exactly__filter_event-OnFloor__filter_value-5__start_type-All__season-2025__season_type-Playoffs__team_id-1611661328__5fa46d3f,get-possessions,https://api.pbpstats.com/get-possessions/wnba?OffDef=Offense&FilterComparison=Exactly&FilterEvent=OnFloor&FilterValue=5&StartType=All&Season=2025&SeasonType=Playoffs&TeamId=1611661328,200,55,08:05,"Magbegor Out of Bounds - Bad Pass Turnover Turnover (P1.T5)
",0,0,0,0,2025-09-18,1042500113,0,0,LVA,2,0,0,08:25,Off Short Mid-Range Make,1,"[{""description"": ""Magbegor Out of Bounds - Bad Pass Turnover Turnover (P1.T5)"", ""url"": """"}]"
wnba,wnba_shot_pace,shot_pace,possessions,get-possessions,2025,Playoffs,team,"{'OffDef': 'Offense', 'FilterComparison': 'Exactly', 'FilterEvent': 'OnFloor', 'FilterValue': 5, 'StartType': 'All', 'Season': '2025', 'SeasonType': 'Playoffs', 'TeamId': '1611661328'}",shot_pace,1611661328,4Q/OT | margin -3..3 | 300..120,get-possessions__possessions__off_def-Offense__filter_comparison-Exactly__filter_event-OnFloor__filter_value-5__start_type-All__season-2025__season_type-Playoffs__team_id-1611661328__5fa46d3f,get-possessions,https://api.pbpstats.com/get-possessions/wnba?OffDef=Offense&FilterComparison=Exactly&FilterEvent=OnFloor&FilterValue=5&StartType=All&Season=2025&SeasonType=Playoffs&TeamId=1611661328,200,56,08:45,"Gray STEAL (1 STL): Malonga Lost Ball Turnover (P2.T4)
",0,0,0,0,2025-09-18,1042500113,0,0,LVA,2,0,2,08:59,Off Arc 3 Make,1,"[{""description"": ""Gray STEAL (1 STL): Malonga Lost Ball Turnover (P2.T4)"", ""url"": """"}]"
wnba,wnba_shot_pace,shot_pace,possessions,get-possessions,2025,Playoffs,team,"{'OffDef': 'Offense', 'FilterComparison': 'Exactly', 'FilterEvent': 'OnFloor', 'FilterValue': 5, 'StartType': 'All', 'Season': '2025', 'SeasonType': 'Playoffs', 'TeamId': '1611661328'}",shot_pace,1611661328,4Q/OT | margin -3..3 | 300..120,get-possessions__possessions__off_def-Offense__filter_comparison-Exactly__filter_event-OnFloor__filter_value-5__start_type-All__season-2025__season_type-Playoffs__team_id-1611661328__5fa46d3f,get-possessions,https://api.pbpstats.com/get-possessions/wnba?OffDef=Offense&FilterComparison=Exactly&FilterEvent=OnFloor&FilterValue=5&StartType=All&Season=2025&SeasonType=Playoffs&TeamId=1611661328,200,57,09:06,"MISS Diggins 6' Driving Layup
Bell REBOUND (Off:0 Def:1)
",1,0,0,0,2025-09-18,1042500113,0,0,LVA,2,0,5,09:22,Off Dead Ball,0,"[{""description"": ""MISS Diggins 6' Driving Layup"", ""url"": """"}, {""description"": ""Bell REBOUND (Off:0 Def:1)"", ""url"": """"}]"
wnba,wnba_shot_pace,shot_pace,possessions,get-possessions,2025,Playoffs,team,"{'OffDef': 'Offense', 'FilterComparison': 'Exactly', 'FilterEvent': 'OnFloor', 'FilterValue': 5, 'StartType': 'All', 'Season': '2025', 'SeasonType': 'Playoffs', 'TeamId': '1611661328'}",shot_pace,1611661328,4Q/OT | margin -3..3 | 300..120,get-possessions__possessions__off_def-Offense__filter_comparison-Exactly__filter_event-OnFloor__filter_value-5__start_type-All__season-2025__season_type-Playoffs__team_id-1611661328__5fa46d3f,get-possessions,https://api.pbpstats.com/get-possessions/wnba?OffDef=Offense&FilterComparison=Exactly&FilterEvent=OnFloor&FilterValue=5&StartType=All&Season=2025&SeasonType=Playoffs&TeamId=1611661328,200,58,09:36,"MISS Malonga 11' Turnaround Fadeaway Shot
Smith REBOUND (Off:0 Def:3)
",1,0,0,0,2025-09-18,1042500113,0,0,LVA,2,0,5,10:00,Off Dead Ball,0,"[{""description"": ""MISS Malonga 11' Turnaround Fadeaway Shot"", ""url"": """"}, {""description"": ""Smith REBOUND (Off:0 Def:3)"", ""url"": """"}]"
wnba,wnba_shot_pace,shot_pace,possessions,get-possessions,2025,Playoffs,team,"{'OffDef': 'Offense', 'FilterComparison': 'Exactly', 'FilterEvent': 'OnFloor', 'FilterValue': 5, 'StartType': 'All', 'Season': '2025', 'SeasonType': 'Playoffs', 'TeamId': '1611661328'}",shot_pace,1611661328,4Q/OT | margin -3..3 | 300..120,get-possessions__possessions__off_def-Offense__filter_comparison-Exactly__filter_event-OnFloor__filter_value-5__start_type-All__season-2025__season_type-Playoffs__team_id-1611661328__5fa46d3f,get-possessions,https://api.pbpstats.com/get-possessions/wnba?OffDef=Offense&FilterComparison=Exactly&FilterEvent=OnFloor&FilterValue=5&StartType=All&Season=2025&SeasonType=Playoffs&TeamId=1611661328,200,59,00:00,"MISS Magbegor 47' 3PT Driving Floating Bank Jump Shot
Storm Rebound
",0,0,1,0,2025-09-18,1042500113,0,0,LVA,1,0,5,00:03,Off Long Mid-Range Miss,0,"[{""description"": ""MISS Magbegor 47' 3PT Driving Floating Bank Jump Shot"", ""url"": """"}, {""description"": ""Storm Rebound"", ""url"": """"}]"
wnba,wnba_shot_pace,shot_pace,possessions,get-possessions,2025,Playoffs,team,"{'OffDef': 'Offense', 'FilterComparison': 'Exactly', 'FilterEvent': 'OnFloor', 'FilterValue': 5, 'StartType': 'All', 'Season': '2025', 'SeasonType': 'Playoffs', 'TeamId': '1611661328'}",shot_pace,1611661328,4Q/OT | margin -3..3 | 300..120,get-possessions__possessions__off_def-Offense__filter_comparison-Exactly__filter_event-OnFloor__filter_value-5__start_type-All__season-2025__season_type-Playoffs__team_id-1611661328__5fa46d3f,get-possessions,https://api.pbpstats.com/get-possessions/wnba?OffDef=Offense&FilterComparison=Exactly&FilterEvent=OnFloor&FilterValue=5&StartType=All&Season=2025&SeasonType=Playoffs&TeamId=1611661328,200,60,00:32,"Wheeler 3PT Running Jump Shot (5 PTS) (Magbegor 2 AST)
",0,0,1,1,2025-09-18,1042500113,0,0,LVA,1,0,2,00:35,Off Short Mid-Range Miss,0,"[{""description"": ""Wheeler 3PT Running Jump Shot (5 PTS) (Magbegor 2 AST)"", ""url"": """"}]"
wnba,wnba_shot_pace,shot_pace,possessions,get-possessions,2025,Playoffs,team,"{'OffDef': 'Offense', 'FilterComparison': 'Exactly', 'FilterEvent': 'OnFloor', 'FilterValue': 5, 'StartType': 'All', 'Season': '2025', 'SeasonType': 'Playoffs', 'TeamId': '1611661328'}",shot_pace,1611661328,4Q/OT | margin -3..3 | 300..120,get-possessions__possessions__off_def-Offense__filter_comparison-Exactly__filter_event-OnFloor__filter_value-5__start_type-All__season-2025__season_type-Playoffs__team_id-1611661328__5fa46d3f,get-possessions,https://api.pbpstats.com/get-possessions/wnba?OffDef=Offense&FilterComparison=Exactly&FilterEvent=OnFloor&FilterValue=5&StartType=All&Season=2025&SeasonType=Playoffs&TeamId=1611661328,200,61,00:59,"Loyd S.FOUL (P1.T2)
Malonga Free Throw 1 of 2 (1 PTS)
MISS Malonga Free Throw 2 of 2
Wilson REBOUND (Off:0 Def:2)
",0,0,0,0,2025-09-18,1042500113,0,0,LVA,1,1,1,01:07,Off Block,0,"[{""description"": ""Loyd S.FOUL (P1.T2)"", ""url"": """"}, {""description"": ""Malonga Free Throw 1 of 2 (1 PTS)"", ""url"": """"}, {""description"": ""MISS Malonga Free Throw 2 of 2"", ""url"": """"}, {""description"": ""Wilson REBOUND (Off:0 Def:2)"", ""url"": """"}]"
wnba,wnba_shot_pace,shot_pace,possessions,get-possessions,2025,Playoffs,team,"{'OffDef': 'Offense', 'FilterComparison': 'Exactly', 'FilterEvent': 'OnFloor', 'FilterValue': 5, 'StartType': 'All', 'Season': '2025', 'SeasonType': 'Playoffs', 'TeamId': '1611661328'}",shot_pace,1611661328,4Q/OT | margin -3..3 | 300..120,get-possessions__possessions__off_def-Offense__filter_comparison-Exactly__filter_event-OnFloor__filter_value-5__start_type-All__season-2025__season_type-Playoffs__team_id-1611661328__5fa46d3f,get-possessions,https://api.pbpstats.com/get-possessions/wnba?OffDef=Offense&FilterComparison=Exactly&FilterEvent=OnFloor&FilterValue=5&StartType=All&Season=2025&SeasonType=Playoffs&TeamId=1611661328,200,62,01:30,"MISS Magbegor 4' Driving Layup
Storm Rebound
MISS Williams 25' 3PT Jump Shot
Sykes REBOUND (Off:1 Def:1)
MISS Magbegor 9' Jump Shot
Williams REBOUND (Off:1 Def:1)
Williams 4' Putback Layup (4 PTS)
",3,1,1,0,2025-09-18,1042500113,0,3,LVA,1,0,-1,01:57,Off Block,0,"[{""description"": ""MISS Magbegor 4' Driving Layup"", ""url"": """"}, {""description"": ""Storm Rebound"", ""url"": """"}, {""description"": ""MISS Williams 25' 3PT Jump Shot"", ""url"": """"}, {""description"": ""Sykes REBOUND (Off:1 Def:1)"", ""url"": """"}, {""description"": ""MISS Magbegor 9' Jump Shot"", ""url"": """"}, {""description"": ""Williams REBOUND (Off:1 Def:1)"", ""url"": """"}, {""description"": ""Williams 4' Putback Layup (4 PTS)"", ""url"": """"}]"
wnba,wnba_shot_pace,shot_pace,possessions,get-possessions,2025,Playoffs,team,"{'OffDef': 'Offense', 'FilterComparison': 'Exactly', 'FilterEvent': 'OnFloor', 'FilterValue': 5, 'StartType': 'All', 'Season': '2025', 'SeasonType': 'Playoffs', 'TeamId': '1611661328'}",shot_pace,1611661328,4Q/OT | margin -3..3 | 300..120,get-possessions__possessions__off_def-Offense__filter_comparison-Exactly__filter_event-OnFloor__filter_value-5__start_type-All__season-2025__season_type-Playoffs__team_id-1611661328__5fa46d3f,get-possessions,https://api.pbpstats.com/get-possessions/wnba?OffDef=Offense&FilterComparison=Exactly&FilterEvent=OnFloor&FilterValue=5&StartType=All&Season=2025&SeasonType=Playoffs&TeamId=1611661328,200,63,02:18,"Sykes 6' Driving Finger Roll Layup (2 PTS) (Magbegor 1 AST)
",1,1,0,0,2025-09-18,1042500113,0,0,LVA,1,0,-3,02:40,Off Long Mid-Range Make,0,"[{""description"": ""Sykes 6' Driving Finger Roll Layup (2 PTS) (Magbegor 1 AST)"", ""url"": """"}]"
wnba,wnba_shot_pace,shot_pace,possessions,get-possessions,2025,Playoffs,team,"{'OffDef': 'Offense', 'FilterComparison': 'Exactly', 'FilterEvent': 'OnFloor', 'FilterValue': 5, 'StartType': 'All', 'Season': '2025', 'SeasonType': 'Playoffs', 'TeamId': '1611661328'}",shot_pace,1611661328,4Q/OT | margin -3..3 | 300..120,get-possessions__possessions__off_def-Offense__filter_comparison-Exactly__filter_event-OnFloor__filter_value-5__start_type-All__season-2025__season_type-Playoffs__team_id-1611661328__5fa46d3f,get-possessions,https://api.pbpstats.com/get-possessions/wnba?OffDef=Offense&FilterComparison=Exactly&FilterEvent=OnFloor&FilterValue=5&StartType=All&Season=2025&SeasonType=Playoffs&TeamId=1611661328,200,64,03:13,"Diggins 28' 3PT Running Pull-Up Jump Shot (5 PTS) (Wheeler 2 AST)
",0,0,1,1,2025-09-18,1042500113,0,0,LVA,1,0,-4,03:18,Off At Rim Miss,0,"[{""description"": ""Diggins 28' 3PT Running Pull-Up Jump Shot (5 PTS) (Wheeler 2 AST)"", ""url"": """"}]"
wnba,wnba_shot_pace,shot_pace,possessions,get-possessions,2025,Playoffs,team,"{'OffDef': 'Offense', 'FilterComparison': 'Exactly', 'FilterEvent': 'OnFloor', 'FilterValue': 5, 'StartType': 'All', 'Season': '2025', 'SeasonType': 'Playoffs', 'TeamId': '1611661328'}",shot_pace,1611661328,4Q/OT | margin -3..3 | 300..120,get-possessions__possessions__off_def-Offense__filter_comparison-Exactly__filter_event-OnFloor__filter_value-5__start_type-All__season-2025__season_type-Playoffs__team_id-1611661328__5fa46d3f,get-possessions,https://api.pbpstats.com/get-possessions/wnba?OffDef=Offense&FilterComparison=Exactly&FilterEvent=OnFloor&FilterValue=5&StartType=All&Season=2025&SeasonType=Playoffs&TeamId=1611661328,200,65,03:29,"Loyd STEAL (1 STL): Malonga Bad Pass Turnover (P1.T3)
",0,0,0,0,2025-09-18,1042500113,0,0,LVA,1,0,-4,03:44,Off Short Mid-Range Make,1,"[{""description"": ""Loyd STEAL (1 STL): Malonga Bad Pass Turnover (P1.T3)"", ""url"": """"}]"
wnba,wnba_shot_pace,shot_pace,possessions,get-possessions,2025,Playoffs,team,"{'OffDef': 'Offense', 'FilterComparison': 'Exactly', 'FilterEvent': 'OnFloor', 'FilterValue': 5, 'StartType': 'All', 'Season': '2025', 'SeasonType': 'Playoffs', 'TeamId': '1611661328'}",shot_pace,1611661328,4Q/OT | margin -3..3 | 300..120,get-possessions__possessions__off_def-Offense__filter_comparison-Exactly__filter_event-OnFloor__filter_value-5__start_type-All__season-2025__season_type-Playoffs__team_id-1611661328__5fa46d3f,get-possessions,https://api.pbpstats.com/get-possessions/wnba?OffDef=Offense&FilterComparison=Exactly&FilterEvent=OnFloor&FilterValue=5&StartType=All&Season=2025&SeasonType=Playoffs&TeamId=1611661328,200,66,03:59,"Williams 19' Pullup Jump Shot (2 PTS) (Wheeler 1 AST)
",1,1,0,0,2025-09-18,1042500113,0,0,LVA,1,0,-4,04:24,Off Long Mid-Range Make,0,"[{""description"": ""Williams 19' Pullup Jump Shot (2 PTS) (Wheeler 1 AST)"", ""url"": """"}]"
wnba,wnba_shot_pace,shot_pace,possessions,get-possessions,2025,Playoffs,team,"{'OffDef': 'Offense', 'FilterComparison': 'Exactly', 'FilterEvent': 'OnFloor', 'FilterValue': 5, 'StartType': 'All', 'Season': '2025', 'SeasonType': 'Playoffs', 'TeamId': '1611661328'}",shot_pace,1611661328,4Q/OT | margin -3..3 | 300..120,get-possessions__possessions__off_def-Offense__filter_comparison-Exactly__filter_event-OnFloor__filter_value-5__start_type-All__season-2025__season_type-Playoffs__team_id-1611661328__5fa46d3f,get-possessions,https://api.pbpstats.com/get-possessions/wnba?OffDef=Offense&FilterComparison=Exactly&FilterEvent=OnFloor&FilterValue=5&StartType=All&Season=2025&SeasonType=Playoffs&TeamId=1611661328,200,67,04:44,"Loyd BLOCK (1 BLK): MISS Williams 3' Running Layup
Storm Rebound
MISS Wheeler 29' 3PT Jump Shot
Smith REBOUND (Off:0 Def:2)
",1,0,1,0,2025-09-18,1042500113,0,1,LVA,1,0,-2,04:56,Off Timeout,0,"[{""description"": ""Loyd BLOCK (1 BLK): MISS Williams 3' Running Layup"", ""url"": """"}, {""description"": ""Storm Rebound"", ""url"": """"}, {""description"": ""MISS Wheeler 29' 3PT Jump Shot"", ""url"": """"}, {""description"": ""Smith REBOUND (Off:0 Def:2)"", ""url"": """"}]"
wnba,wnba_shot_pace,shot_pace,possessions,get-possessions,2025,Playoffs,team,"{'OffDef': 'Offense', 'FilterComparison': 'Exactly', 'FilterEvent': 'OnFloor', 'FilterValue': 5, 'StartType': 'All', 'Season': '2025', 'SeasonType': 'Playoffs', 'TeamId': '1611661328'}",shot_pace,1611661328,4Q/OT | margin -3..3 | 300..120,get-possessions__possessions__off_def-Offense__filter_comparison-Exactly__filter_event-OnFloor__filter_value-5__start_type-All__season-2025__season_type-Playoffs__team_id-1611661328__5fa46d3f,get-possessions,https://api.pbpstats.com/get-possessions/wnba?OffDef=Offense&FilterComparison=Exactly&FilterEvent=OnFloor&FilterValue=5&StartType=All&Season=2025&SeasonType=Playoffs&TeamId=1611661328,200,68,05:17,"Magbegor 5' Cutting Layup Shot (2 PTS) (Diggins 2 AST)
",1,1,0,0,2025-09-18,1042500113,0,0,LVA,1,0,-4,05:25,Off Short Mid-Range Miss,0,"[{""description"": ""Magbegor 5' Cutting Layup Shot (2 PTS) (Diggins 2 AST)"", ""url"": """"}]"
wnba,wnba_shot_pace,shot_pace,possessions,get-possessions,2025,Playoffs,team,"{'OffDef': 'Offense', 'FilterComparison': 'Exactly', 'FilterEvent': 'OnFloor', 'FilterValue': 5, 'StartType': 'All', 'Season': '2025', 'SeasonType': 'Playoffs', 'TeamId': '1611661328'}",shot_pace,1611661328,4Q/OT | margin -3..3 | 300..120,get-possessions__possessions__off_def-Offense__filter_comparison-Exactly__filter_event-OnFloor__filter_value-5__start_type-All__season-2025__season_type-Playoffs__team_id-1611661328__5fa46d3f,get-possessions,https://api.pbpstats.com/get-possessions/wnba?OffDef=Offense&FilterComparison=Exactly&FilterEvent=OnFloor&FilterValue=5&StartType=All&Season=2025&SeasonType=Playoffs&TeamId=1611661328,200,69,05:35,"MISS Ogwumike 17' Pullup Jump Shot
Wilson REBOUND (Off:0 Def:1)
",1,0,0,0,2025-09-18,1042500113,0,0,LVA,1,0,-4,05:55,Off FT Make,0,"[{""description"": ""MISS Ogwumike 17' Pullup Jump Shot"", ""url"": """"}, {""description"": ""Wilson REBOUND (Off:0 Def:1)"", ""url"": """"}]"
wnba,wnba_shot_pace,shot_pace,possessions,get-possessions,2025,Playoffs,team,"{'OffDef': 'Offense', 'FilterComparison': 'Exactly', 'FilterEvent': 'OnFloor', 'FilterValue': 5, 'StartType': 'All', 'Season': '2025', 'SeasonType': 'Playoffs', 'TeamId': '1611661328'}",shot_pace,1611661328,4Q/OT | margin -3..3 | 300..120,get-possessions__possessions__off_def-Offense__filter_comparison-Exactly__filter_event-OnFloor__filter_value-5__start_type-All__season-2025__season_type-Playoffs__team_id-1611661328__5fa46d3f,get-possessions,https://api.pbpstats.com/get-possessions/wnba?OffDef=Offense&FilterComparison=Exactly&FilterEvent=OnFloor&FilterValue=5&StartType=All&Season=2025&SeasonType=Playoffs&TeamId=1611661328,200,70,06:15,"Wheeler 4' Running Layup (2 PTS) (Diggins 1 AST)
",1,1,0,0,2025-09-18,1042500113,0,0,LVA,1,0,-4,06:20,Off Steal,0,"[{""description"": ""Wheeler 4' Running Layup (2 PTS) (Diggins 1 AST)"", ""url"": """"}]"
wnba,wnba_shot_pace,shot_pace,possessions,get-possessions,2025,Playoffs,team,"{'OffDef': 'Offense', 'FilterComparison': 'Exactly', 'FilterEvent': 'OnFloor', 'FilterValue': 5, 'StartType': 'All', 'Season': '2025', 'SeasonType': 'Playoffs', 'TeamId': '1611661328'}",shot_pace,1611661328,4Q/OT | margin -3..3 | 300..120,get-possessions__possessions__off_def-Offense__filter_comparison-Exactly__filter_event-OnFloor__filter_value-5__start_type-All__season-2025__season_type-Playoffs__team_id-1611661328__5fa46d3f,get-possessions,https://api.pbpstats.com/get-possessions/wnba?OffDef=Offense&FilterComparison=Exactly&FilterEvent=OnFloor&FilterValue=5&StartType=All&Season=2025&SeasonType=Playoffs&TeamId=1611661328,200,71,06:25,"MISS Diggins 6' Driving Finger Roll Layup
Young REBOUND (Off:0 Def:1)
",1,0,0,0,2025-09-18,1042500113,0,0,LVA,1,0,-4,06:39,Off At Rim Miss,0,"[{""description"": ""MISS Diggins 6' Driving Finger Roll Layup"", ""url"": """"}, {""description"": ""Young REBOUND (Off:0 Def:1)"", ""url"": """"}]"
wnba,wnba_shot_pace,shot_pace,possessions,get-possessions,2025,Playoffs,team,"{'OffDef': 'Offense', 'FilterComparison': 'Exactly', 'FilterEvent': 'OnFloor', 'FilterValue': 5, 'StartType': 'All', 'Season': '2025', 'SeasonType': 'Playoffs', 'TeamId': '1611661328'}",shot_pace,1611661328,4Q/OT | margin -3..3 | 300..120,get-possessions__possessions__off_def-Offense__filter_comparison-Exactly__filter_event-OnFloor__filter_value-5__start_type-All__season-2025__season_type-Playoffs__team_id-1611661328__5fa46d3f,get-possessions,https://api.pbpstats.com/get-possessions/wnba?OffDef=Offense&FilterComparison=Exactly&FilterEvent=OnFloor&FilterValue=5&StartType=All&Season=2025&SeasonType=Playoffs&TeamId=1611661328,200,72,06:52,"MISS Wheeler 17' Pullup Jump Shot
Smith REBOUND (Off:0 Def:1)
",1,0,0,0,2025-09-18,1042500113,0,0,LVA,1,0,-4,07:12,Off Dead Ball,0,"[{""description"": ""MISS Wheeler 17' Pullup Jump Shot"", ""url"": """"}, {""description"": ""Smith REBOUND (Off:0 Def:1)"", ""url"": """"}]"
wnba,wnba_shot_pace,shot_pace,possessions,get-possessions,2025,Playoffs,team,"{'OffDef': 'Offense', 'FilterComparison': 'Exactly', 'FilterEvent': 'OnFloor', 'FilterValue': 5, 'StartType': 'All', 'Season': '2025', 'SeasonType': 'Playoffs', 'TeamId': '1611661328'}",shot_pace,1611661328,4Q/OT | margin -3..3 | 300..120,get-possessions__possessions__off_def-Offense__filter_comparison-Exactly__filter_event-OnFloor__filter_value-5__start_type-All__season-2025__season_type-Playoffs__team_id-1611661328__5fa46d3f,get-possessions,https://api.pbpstats.com/get-possessions/wnba?OffDef=Offense&FilterComparison=Exactly&FilterEvent=OnFloor&FilterValue=5&StartType=All&Season=2025&SeasonType=Playoffs&TeamId=1611661328,200,73,07:22,"MISS Ogwumike 27' 3PT Jump Shot
ACES Rebound
",0,0,1,0,2025-09-18,1042500113,0,0,LVA,1,0,-4,07:33,Off At Rim Make,0,"[{""description"": ""MISS Ogwumike 27' 3PT Jump Shot"", ""url"": """"}, {""description"": ""ACES Rebound"", ""url"": """"}]"
wnba,wnba_shot_pace,shot_pace,possessions,get-possessions,2025,Playoffs,team,"{'OffDef': 'Offense', 'FilterComparison': 'Exactly', 'FilterEvent': 'OnFloor', 'FilterValue': 5, 'StartType': 'All', 'Season': '2025', 'SeasonType': 'Playoffs', 'TeamId': '1611661328'}",shot_pace,1611661328,4Q/OT | margin -3..3 | 300..120,get-possessions__possessions__off_def-Offense__filter_comparison-Exactly__filter_event-OnFloor__filter_value-5__start_type-All__season-2025__season_type-Playoffs__team_id-1611661328__5fa46d3f,get-possessions,https://api.pbpstats.com/get-possessions/wnba?OffDef=Offense&FilterComparison=Exactly&FilterEvent=OnFloor&FilterValue=5&StartType=All&Season=2025&SeasonType=Playoffs&TeamId=1611661328,200,74,07:49,"Sykes Traveling Turnover (P1.T2)
",0,0,0,0,2025-09-18,1042500113,0,0,LVA,1,0,-2,07:56,Off Arc 3 Miss,1,"[{""description"": ""Sykes Traveling Turnover (P1.T2)"", ""url"": """"}]"
wnba,wnba_shot_pace,shot_pace,possessions,get-possessions,2025,Playoffs,team,"{'OffDef': 'Offense', 'FilterComparison': 'Exactly', 'FilterEvent': 'OnFloor', 'FilterValue': 5, 'StartType': 'All', 'Season': '2025', 'SeasonType': 'Playoffs', 'TeamId': '1611661328'}",shot_pace,1611661328,4Q/OT | margin -3..3 | 300..120,get-possessions__possessions__off_def-Offense__filter_comparison-Exactly__filter_event-OnFloor__filter_value-5__start_type-All__season-2025__season_type-Playoffs__team_id-1611661328__5fa46d3f,get-possessions,https://api.pbpstats.com/get-possessions/wnba?OffDef=Offense&FilterComparison=Exactly&FilterEvent=OnFloor&FilterValue=5&StartType=All&Season=2025&SeasonType=Playoffs&TeamId=1611661328,200,75,08:15,"Smith S.FOUL (P1.T1)
Diggins Free Throw 1 of 2 (1 PTS)
Diggins Free Throw 2 of 2 (2 PTS)
",0,0,0,0,2025-09-18,1042500113,0,0,LVA,1,1,-4,08:32,Off Dead Ball,0,"[{""description"": ""Smith S.FOUL (P1.T1)"", ""url"": """"}, {""description"": ""Diggins Free Throw 1 of 2 (1 PTS)"", ""url"": """"}, {""description"": ""Diggins Free Throw 2 of 2 (2 PTS)"", ""url"": """"}]"
wnba,wnba_shot_pace,shot_pace,possessions,get-possessions,2025,Playoffs,team,"{'OffDef': 'Offense', 'FilterComparison': 'Exactly', 'FilterEvent': 'OnFloor', 'FilterValue': 5, 'StartType': 'All', 'Season': '2025', 'SeasonType': 'Playoffs', 'TeamId': '1611661328'}",shot_pace,1611661328,4Q/OT | margin -3..3 | 300..120,get-possessions__possessions__off_def-Offense__filter_comparison-Exactly__filter_event-OnFloor__filter_value-5__start_type-All__season-2025__season_type-Playoffs__team_id-1611661328__5fa46d3f,get-possessions,https://api.pbpstats.com/get-possessions/wnba?OffDef=Offense&FilterComparison=Exactly&FilterEvent=OnFloor&FilterValue=5&StartType=All&Season=2025&SeasonType=Playoffs&TeamId=1611661328,200,76,08:53,"Wilson STEAL (1 STL): Diggins Bad Pass Turnover (P1.T1)
",0,0,0,0,2025-09-18,1042500113,0,0,LVA,1,0,-4,09:14,Off Short Mid-Range Make,1,"[{""description"": ""Wilson STEAL (1 STL): Diggins Bad Pass Turnover (P1.T1)"", ""url"": """"}]"
wnba,wnba_shot_pace,shot_pace,possessions,get-possessions,2025,Playoffs,team,"{'OffDef': 'Offense', 'FilterComparison': 'Exactly', 'FilterEvent': 'OnFloor', 'FilterValue': 5, 'StartType': 'All', 'Season': '2025', 'SeasonType': 'Playoffs', 'TeamId': '1611661328'}",shot_pace,1611661328,4Q/OT | margin -3..3 | 300..120,get-possessions__possessions__off_def-Offense__filter_comparison-Exactly__filter_event-OnFloor__filter_value-5__start_type-All__season-2025__season_type-Playoffs__team_id-1611661328__5fa46d3f,get-possessions,https://api.pbpstats.com/get-possessions/wnba?OffDef=Offense&FilterComparison=Exactly&FilterEvent=OnFloor&FilterValue=5&StartType=All&Season=2025&SeasonType=Playoffs&TeamId=1611661328,200,77,09:19,"MISS Ogwumike 11' Pullup Jump Shot
Gray REBOUND (Off:0 Def:1)
",1,0,0,0,2025-09-18,1042500113,0,0,LVA,1,0,-2,09:41,Off Short Mid-Range Make,0,"[{""description"": ""MISS Ogwumike 11' Pullup Jump Shot"", ""url"": """"}, {""description"": ""Gray REBOUND (Off:0 Def:1)"", ""url"": """"}]"
wnba,wnba_shot_pace,shot_pace,possessions,get-possessions,2025,Playoffs,team,"{'OffDef': 'Offense', 'FilterComparison': 'Exactly', 'FilterEvent': 'OnFloor', 'FilterValue': 5, 'StartType': 'All', 'Season': '2025', 'SeasonType': 'Playoffs', 'TeamId': '1611661328'}",shot_pace,1611661328,4Q/OT | margin -3..3 | 300..120,get-possessions__possessions__off_def-Offense__filter_comparison-Exactly__filter_event-OnFloor__filter_value-5__start_type-All__season-2025__season_type-Playoffs__team_id-1611661328__5fa46d3f,get-possessions,https://api.pbpstats.com/get-possessions/wnba?OffDef=Offense&FilterComparison=Exactly&FilterEvent=OnFloor&FilterValue=5&StartType=All&Season=2025&SeasonType=Playoffs&TeamId=1611661328,200,78,00:04,"Diggins 10' Pullup Jump Shot (26 PTS)
",1,1,0,0,2025-09-16,1042500112,0,0,LVA,4,0,1,00:27,Off Timeout,0,"[{""description"": ""Diggins 10' Pullup Jump Shot (26 PTS)"", ""url"": """"}]"
wnba,wnba_shot_pace,shot_pace,possessions,get-possessions,2025,Playoffs,team,"{'OffDef': 'Offense', 'FilterComparison': 'Exactly', 'FilterEvent': 'OnFloor', 'FilterValue': 5, 'StartType': 'All', 'Season': '2025', 'SeasonType': 'Playoffs', 'TeamId': '1611661328'}",shot_pace,1611661328,4Q/OT | margin -3..3 | 300..120,get-possessions__possessions__off_def-Offense__filter_comparison-Exactly__filter_event-OnFloor__filter_value-5__start_type-All__season-2025__season_type-Playoffs__team_id-1611661328__5fa46d3f,get-possessions,https://api.pbpstats.com/get-possessions/wnba?OffDef=Offense&FilterComparison=Exactly&FilterEvent=OnFloor&FilterValue=5&StartType=All&Season=2025&SeasonType=Playoffs&TeamId=1611661328,200,79,00:31,"Malonga 2' Running Layup (10 PTS) (Diggins 7 AST)
Gray S.FOUL (P2.PN)
Malonga Free Throw 1 of 1 (11 PTS)
",1,1,0,0,2025-09-16,1042500112,0,0,LVA,4,1,-2,00:32,Off Long Mid-Range Miss,0,"[{""description"": ""Malonga 2' Running Layup (10 PTS) (Diggins 7 AST)"", ""url"": """"}, {""description"": ""Gray S.FOUL (P2.PN)"", ""url"": """"}, {""description"": ""Malonga Free Throw 1 of 1 (11 PTS)"", ""url"": """"}]"
wnba,wnba_shot_pace,shot_pace,possessions,get-possessions,2025,Playoffs,team,"{'OffDef': 'Offense', 'FilterComparison': 'Exactly', 'FilterEvent': 'OnFloor', 'FilterValue': 5, 'StartType': 'All', 'Season': '2025', 'SeasonType': 'Playoffs', 'TeamId': '1611661328'}",shot_pace,1611661328,4Q/OT | margin -3..3 | 300..120,get-possessions__possessions__off_def-Offense__filter_comparison-Exactly__filter_event-OnFloor__filter_value-5__start_type-All__season-2025__season_type-Playoffs__team_id-1611661328__5fa46d3f,get-possessions,https://api.pbpstats.com/get-possessions/wnba?OffDef=Offense&FilterComparison=Exactly&FilterEvent=OnFloor&FilterValue=5&StartType=All&Season=2025&SeasonType=Playoffs&TeamId=1611661328,200,80,00:53,"Diggins 19' Pullup Jump Shot (24 PTS)
",1,1,0,0,2025-09-16,1042500112,0,0,LVA,4,0,-4,01:01,Off FT Miss,0,"[{""description"": ""Diggins 19' Pullup Jump Shot (24 PTS)"", ""url"": """"}]"
wnba,wnba_shot_pace,shot_pace,possessions,get-possessions,2025,Playoffs,team,"{'OffDef': 'Offense', 'FilterComparison': 'Exactly', 'FilterEvent': 'OnFloor', 'FilterValue': 5, 'StartType': 'All', 'Season': '2025', 'SeasonType': 'Playoffs', 'TeamId': '1611661328'}",shot_pace,1611661328,4Q/OT | margin -3..3 | 300..120,get-possessions__possessions__off_def-Offense__filter_comparison-Exactly__filter_event-OnFloor__filter_value-5__start_type-All__season-2025__season_type-Playoffs__team_id-1611661328__5fa46d3f,get-possessions,https://api.pbpstats.com/get-possessions/wnba?OffDef=Offense&FilterComparison=Exactly&FilterEvent=OnFloor&FilterValue=5&StartType=All&Season=2025&SeasonType=Playoffs&TeamId=1611661328,200,81,01:24,"Wheeler 19' Step Back Jump Shot (11 PTS)
",1,1,0,0,2025-09-16,1042500112,0,0,LVA,4,0,-5,01:47,Off FT Make,0,"[{""description"": ""Wheeler 19' Step Back Jump Shot (11 PTS)"", ""url"": """"}]"
wnba,wnba_shot_pace,shot_pace,possessions,get-possessions,2025,Playoffs,team,"{'OffDef': 'Offense', 'FilterComparison': 'Exactly', 'FilterEvent': 'OnFloor', 'FilterValue': 5, 'StartType': 'All', 'Season': '2025', 'SeasonType': 'Playoffs', 'TeamId': '1611661328'}",shot_pace,1611661328,4Q/OT | margin -3..3 | 300..120,get-possessions__possessions__off_def-Offense__filter_comparison-Exactly__filter_event-OnFloor__filter_value-5__start_type-All__season-2025__season_type-Playoffs__team_id-1611661328__5fa46d3f,get-possessions,https://api.pbpstats.com/get-possessions/wnba?OffDef=Offense&FilterComparison=Exactly&FilterEvent=OnFloor&FilterValue=5&StartType=All&Season=2025&SeasonType=Playoffs&TeamId=1611661328,200,82,02:08,"Gray Transition Take Foul (P1.PN)
Wheeler Free Throw 1 of 1 (9 PTS)
MISS Ogwumike 9' Pullup Jump Shot
Malonga REBOUND (Off:3 Def:6)
MISS Williams 7' Pullup Jump Shot
Wilson REBOUND (Off:1 Def:12)
",2,0,0,0,2025-09-16,1042500112,1,1,LVA,4,0,-3,02:35,Off Arc 3 Miss,0,"[{""description"": ""Gray Transition Take Foul (P1.PN)"", ""url"": """"}, {""description"": ""Wheeler Free Throw 1 of 1 (9 PTS)"", ""url"": """"}, {""description"": ""MISS Ogwumike 9' Pullup Jump Shot"", ""url"": """"}, {""description"": ""Malonga REBOUND (Off:3 Def:6)"", ""url"": """"}, {""description"": ""MISS Williams 7' Pullup Jump Shot"", ""url"": """"}, {""description"": ""Wilson REBOUND (Off:1 Def:12)"", ""url"": """"}]"
wnba,wnba_shot_pace,shot_pace,possessions,get-possessions,2025,Playoffs,team,"{'OffDef': 'Offense', 'FilterComparison': 'Exactly', 'FilterEvent': 'OnFloor', 'FilterValue': 5, 'StartType': 'All', 'Season': '2025', 'SeasonType': 'Playoffs', 'TeamId': '1611661328'}",shot_pace,1611661328,4Q/OT | margin -3..3 | 300..120,get-possessions__possessions__off_def-Offense__filter_comparison-Exactly__filter_event-OnFloor__filter_value-5__start_type-All__season-2025__season_type-Playoffs__team_id-1611661328__5fa46d3f,get-possessions,https://api.pbpstats.com/get-possessions/wnba?OffDef=Offense&FilterComparison=Exactly&FilterEvent=OnFloor&FilterValue=5&StartType=All&Season=2025&SeasonType=Playoffs&TeamId=1611661328,200,83,03:03,"Young P.FOUL (P4.T4)
MISS Diggins 20' Step Back Jump Shot
Ogwumike REBOUND (Off:2 Def:7)
Wheeler 24' 3PT Jump Shot (8 PTS) (Malonga 3 AST)
",1,0,1,1,2025-09-16,1042500112,0,1,LVA,4,0,-6,03:34,Off Dead Ball,0,"[{""description"": ""Young P.FOUL (P4.T4)"", ""url"": """"}, {""description"": ""MISS Diggins 20' Step Back Jump Shot"", ""url"": """"}, {""description"": ""Ogwumike REBOUND (Off:2 Def:7)"", ""url"": """"}, {""description"": ""Wheeler 24' 3PT Jump Shot (8 PTS) (Malonga 3 AST)"", ""url"": """"}]"
wnba,wnba_shot_pace,shot_pace,possessions,get-possessions,2025,Playoffs,team,"{'OffDef': 'Offense', 'FilterComparison': 'Exactly', 'FilterEvent': 'OnFloor', 'FilterValue': 5, 'StartType': 'All', 'Season': '2025', 'SeasonType': 'Playoffs', 'TeamId': '1611661328'}",shot_pace,1611661328,4Q/OT | margin -3..3 | 300..120,get-possessions__possessions__off_def-Offense__filter_comparison-Exactly__filter_event-OnFloor__filter_value-5__start_type-All__season-2025__season_type-Playoffs__team_id-1611661328__5fa46d3f,get-possessions,https://api.pbpstats.com/get-possessions/wnba?OffDef=Offense&FilterComparison=Exactly&FilterEvent=OnFloor&FilterValue=5&StartType=All&Season=2025&SeasonType=Playoffs&TeamId=1611661328,200,84,04:03,"Loyd P.FOUL (P2.T2)
Young P.FOUL (P3.T3)
Diggins 24' 3PT Pullup Jump Shot (22 PTS) (Wheeler 3 AST)
",0,0,1,1,2025-09-16,1042500112,0,0,LVA,4,0,-9,04:29,Off Block,0,"[{""description"": ""Loyd P.FOUL (P2.T2)"", ""url"": """"}, {""description"": ""Young P.FOUL (P3.T3)"", ""url"": """"}, {""description"": ""Diggins 24' 3PT Pullup Jump Shot (22 PTS) (Wheeler 3 AST)"", ""url"": """"}]"
wnba,wnba_shot_pace,shot_pace,possessions,get-possessions,2025,Playoffs,team,"{'OffDef': 'Offense', 'FilterComparison': 'Exactly', 'FilterEvent': 'OnFloor', 'FilterValue': 5, 'StartType': 'All', 'Season': '2025', 'SeasonType': 'Playoffs', 'TeamId': '1611661328'}",shot_pace,1611661328,4Q/OT | margin -3..3 | 300..120,get-possessions__possessions__off_def-Offense__filter_comparison-Exactly__filter_event-OnFloor__filter_value-5__start_type-All__season-2025__season_type-Playoffs__team_id-1611661328__5fa46d3f,get-possessions,https://api.pbpstats.com/get-possessions/wnba?OffDef=Offense&FilterComparison=Exactly&FilterEvent=OnFloor&FilterValue=5&StartType=All&Season=2025&SeasonType=Playoffs&TeamId=1611661328,200,85,04:40,"MISS Ogwumike 24' 3PT Pullup Jump Shot
Smith REBOUND (Off:1 Def:7)
",0,0,1,0,2025-09-16,1042500112,0,0,LVA,4,0,-9,04:50,Off FT Make,0,"[{""description"": ""MISS Ogwumike 24' 3PT Pullup Jump Shot"", ""url"": """"}, {""description"": ""Smith REBOUND (Off:1 Def:7)"", ""url"": """"}]"
wnba,wnba_shot_pace,shot_pace,possessions,get-possessions,2025,Playoffs,team,"{'OffDef': 'Offense', 'FilterComparison': 'Exactly', 'FilterEvent': 'OnFloor', 'FilterValue': 5, 'StartType': 'All', 'Season': '2025', 'SeasonType': 'Playoffs', 'TeamId': '1611661328'}",shot_pace,1611661328,4Q/OT | margin -3..3 | 300..120,get-possessions__possessions__off_def-Offense__filter_comparison-Exactly__filter_event-OnFloor__filter_value-5__start_type-All__season-2025__season_type-Playoffs__team_id-1611661328__5fa46d3f,get-possessions,https://api.pbpstats.com/get-possessions/wnba?OffDef=Offense&FilterComparison=Exactly&FilterEvent=OnFloor&FilterValue=5&StartType=All&Season=2025&SeasonType=Playoffs&TeamId=1611661328,200,86,05:01,"Wheeler 11' Pullup Jump Shot (5 PTS) (Malonga 2 AST)
",1,1,0,0,2025-09-16,1042500112,0,0,LVA,4,0,-9,05:20,Off At Rim Make,0,"[{""description"": ""Wheeler 11' Pullup Jump Shot (5 PTS) (Malonga 2 AST)"", ""url"": """"}]"
wnba,wnba_shot_pace,shot_pace,possessions,get-possessions,2025,Playoffs,team,"{'OffDef': 'Offense', 'FilterComparison': 'Exactly', 'FilterEvent': 'OnFloor', 'FilterValue': 5, 'StartType': 'All', 'Season': '2025', 'SeasonType': 'Playoffs', 'TeamId': '1611661328'}",shot_pace,1611661328,4Q/OT | margin -3..3 | 300..120,get-possessions__possessions__off_def-Offense__filter_comparison-Exactly__filter_event-OnFloor__filter_value-5__start_type-All__season-2025__season_type-Playoffs__team_id-1611661328__5fa46d3f,get-possessions,https://api.pbpstats.com/get-possessions/wnba?OffDef=Offense&FilterComparison=Exactly&FilterEvent=OnFloor&FilterValue=5&StartType=All&Season=2025&SeasonType=Playoffs&TeamId=1611661328,200,87,05:50,"Wheeler 26' 3PT Running Pull-Up Jump Shot (3 PTS)
",0,0,1,1,2025-09-16,1042500112,0,0,LVA,4,0,-10,05:53,Off Block,0,"[{""description"": ""Wheeler 26' 3PT Running Pull-Up Jump Shot (3 PTS)"", ""url"": """"}]"
wnba,wnba_shot_pace,shot_pace,possessions,get-possessions,2025,Playoffs,team,"{'OffDef': 'Offense', 'FilterComparison': 'Exactly', 'FilterEvent': 'OnFloor', 'FilterValue': 5, 'StartType': 'All', 'Season': '2025', 'SeasonType': 'Playoffs', 'TeamId': '1611661328'}",shot_pace,1611661328,4Q/OT | margin -3..3 | 300..120,get-possessions__possessions__off_def-Offense__filter_comparison-Exactly__filter_event-OnFloor__filter_value-5__start_type-All__season-2025__season_type-Playoffs__team_id-1611661328__5fa46d3f,get-possessions,https://api.pbpstats.com/get-possessions/wnba?OffDef=Offense&FilterComparison=Exactly&FilterEvent=OnFloor&FilterValue=5&StartType=All&Season=2025&SeasonType=Playoffs&TeamId=1611661328,200,88,06:24,"MISS Diggins 8' Pullup Jump Shot
Aces Rebound
",1,0,0,0,2025-09-16,1042500112,0,0,LVA,4,0,-10,06:36,Off Dead Ball,0,"[{""description"": ""MISS Diggins 8' Pullup Jump Shot"", ""url"": """"}, {""description"": ""Aces Rebound"", ""url"": """"}]"
wnba,wnba_shot_pace,shot_pace,possessions,get-possessions,2025,Playoffs,team,"{'OffDef': 'Offense', 'FilterComparison': 'Exactly', 'FilterEvent': 'OnFloor', 'FilterValue': 5, 'StartType': 'All', 'Season': '2025', 'SeasonType': 'Playoffs', 'TeamId': '1611661328'}",shot_pace,1611661328,4Q/OT | margin -3..3 | 300..120,get-possessions__possessions__off_def-Offense__filter_comparison-Exactly__filter_event-OnFloor__filter_value-5__start_type-All__season-2025__season_type-Playoffs__team_id-1611661328__5fa46d3f,get-possessions,https://api.pbpstats.com/get-possessions/wnba?OffDef=Offense&FilterComparison=Exactly&FilterEvent=OnFloor&FilterValue=5&StartType=All&Season=2025&SeasonType=Playoffs&TeamId=1611661328,200,89,06:50,"Diggins 7' Driving Floating Bank Jump Shot (19 PTS) (Magbegor 3 AST)
",1,1,0,0,2025-09-16,1042500112,0,0,LVA,4,0,-12,07:06,Off FT Miss,0,"[{""description"": ""Diggins 7' Driving Floating Bank Jump Shot (19 PTS) (Magbegor 3 AST)"", ""url"": """"}]"
wnba,wnba_shot_pace,shot_pace,possessions,get-possessions,2025,Playoffs,team,"{'OffDef': 'Offense', 'FilterComparison': 'Exactly', 'FilterEvent': 'OnFloor', 'FilterValue': 5, 'StartType': 'All', 'Season': '2025', 'SeasonType': 'Playoffs', 'TeamId': '1611661328'}",shot_pace,1611661328,4Q/OT | margin -3..3 | 300..120,get-possessions__possessions__off_def-Offense__filter_comparison-Exactly__filter_event-OnFloor__filter_value-5__start_type-All__season-2025__season_type-Playoffs__team_id-1611661328__5fa46d3f,get-possessions,https://api.pbpstats.com/get-possessions/wnba?OffDef=Offense&FilterComparison=Exactly&FilterEvent=OnFloor&FilterValue=5&StartType=All&Season=2025&SeasonType=Playoffs&TeamId=1611661328,200,90,07:19,"MISS Sykes 19' Turnaround Jump Shot
Aces Rebound
",1,0,0,0,2025-09-16,1042500112,0,0,LVA,4,0,-10,07:42,Off FT Make,0,"[{""description"": ""MISS Sykes 19' Turnaround Jump Shot"", ""url"": """"}, {""description"": ""Aces Rebound"", ""url"": """"}]"
wnba,wnba_shot_pace,shot_pace,possessions,get-possessions,2025,Playoffs,team,"{'OffDef': 'Offense', 'FilterComparison': 'Exactly', 'FilterEvent': 'OnFloor', 'FilterValue': 5, 'StartType': 'All', 'Season': '2025', 'SeasonType': 'Playoffs', 'TeamId': '1611661328'}",shot_pace,1611661328,4Q/OT | margin -3..3 | 300..120,get-possessions__possessions__off_def-Offense__filter_comparison-Exactly__filter_event-OnFloor__filter_value-5__start_type-All__season-2025__season_type-Playoffs__team_id-1611661328__5fa46d3f,get-possessions,https://api.pbpstats.com/get-possessions/wnba?OffDef=Offense&FilterComparison=Exactly&FilterEvent=OnFloor&FilterValue=5&StartType=All&Season=2025&SeasonType=Playoffs&TeamId=1611661328,200,91,07:50,"Ogwumike Lost Ball Turnover (P1.T10): Young STEAL (1 STL)
",0,0,0,0,2025-09-16,1042500112,0,0,LVA,4,0,-8,08:03,Off FT Miss,1,"[{""description"": ""Ogwumike Lost Ball Turnover (P1.T10): Young STEAL (1 STL)"", ""url"": """"}]"
wnba,wnba_shot_pace,shot_pace,possessions,get-possessions,2025,Playoffs,team,"{'OffDef': 'Offense', 'FilterComparison': 'Exactly', 'FilterEvent': 'OnFloor', 'FilterValue': 5, 'StartType': 'All', 'Season': '2025', 'SeasonType': 'Playoffs', 'TeamId': '1611661328'}",shot_pace,1611661328,4Q/OT | margin -3..3 | 300..120,get-possessions__possessions__off_def-Offense__filter_comparison-Exactly__filter_event-OnFloor__filter_value-5__start_type-All__season-2025__season_type-Playoffs__team_id-1611661328__5fa46d3f,get-possessions,https://api.pbpstats.com/get-possessions/wnba?OffDef=Offense&FilterComparison=Exactly&FilterEvent=OnFloor&FilterValue=5&StartType=All&Season=2025&SeasonType=Playoffs&TeamId=1611661328,200,92,08:19,"Magbegor Lost Ball Turnover (P1.T9): Smith STEAL (3 STL)
",0,0,0,0,2025-09-16,1042500112,0,0,LVA,4,0,-8,08:24,Off Long Mid-Range Miss,1,"[{""description"": ""Magbegor Lost Ball Turnover (P1.T9): Smith STEAL (3 STL)"", ""url"": """"}]"
wnba,wnba_shot_pace,shot_pace,possessions,get-possessions,2025,Playoffs,team,"{'OffDef': 'Offense', 'FilterComparison': 'Exactly', 'FilterEvent': 'OnFloor', 'FilterValue': 5, 'StartType': 'All', 'Season': '2025', 'SeasonType': 'Playoffs', 'TeamId': '1611661328'}",shot_pace,1611661328,4Q/OT | margin -3..3 | 300..120,get-possessions__possessions__off_def-Offense__filter_comparison-Exactly__filter_event-OnFloor__filter_value-5__start_type-All__season-2025__season_type-Playoffs__team_id-1611661328__5fa46d3f,get-possessions,https://api.pbpstats.com/get-possessions/wnba?OffDef=Offense&FilterComparison=Exactly&FilterEvent=OnFloor&FilterValue=5&StartType=All&Season=2025&SeasonType=Playoffs&TeamId=1611661328,200,93,08:50,"MISS Malonga 5' Turnaround Hook Shot
Aces Rebound
",1,0,0,0,2025-09-16,1042500112,0,0,LVA,4,0,-8,08:59,Off Long Mid-Range Miss,0,"[{""description"": ""MISS Malonga 5' Turnaround Hook Shot"", ""url"": """"}, {""description"": ""Aces Rebound"", ""url"": """"}]"
wnba,wnba_shot_pace,shot_pace,possessions,get-possessions,2025,Playoffs,team,"{'OffDef': 'Offense', 'FilterComparison': 'Exactly', 'FilterEvent': 'OnFloor', 'FilterValue': 5, 'StartType': 'All', 'Season': '2025', 'SeasonType': 'Playoffs', 'TeamId': '1611661328'}",shot_pace,1611661328,4Q/OT | margin -3..3 | 300..120,get-possessions__possessions__off_def-Offense__filter_comparison-Exactly__filter_event-OnFloor__filter_value-5__start_type-All__season-2025__season_type-Playoffs__team_id-1611661328__5fa46d3f,get-possessions,https://api.pbpstats.com/get-possessions/wnba?OffDef=Offense&FilterComparison=Exactly&FilterEvent=OnFloor&FilterValue=5&StartType=All&Season=2025&SeasonType=Playoffs&TeamId=1611661328,200,94,09:25,"Diggins 9' Driving Floating Jump Shot (17 PTS)
Evans S.FOUL (P2.T1)
MISS Diggins Free Throw 1 of 1
Smith REBOUND (Off:0 Def:6)
",1,1,0,0,2025-09-16,1042500112,0,0,LVA,4,1,-10,09:39,Off At Rim Make,0,"[{""description"": ""Diggins 9' Driving Floating Jump Shot (17 PTS)"", ""url"": """"}, {""description"": ""Evans S.FOUL (P2.T1)"", ""url"": """"}, {""description"": ""MISS Diggins Free Throw 1 of 1"", ""url"": """"}, {""description"": ""Smith REBOUND (Off:0 Def:6)"", ""url"": """"}]"
wnba,wnba_shot_pace,shot_pace,possessions,get-possessions,2025,Playoffs,team,"{'OffDef': 'Offense', 'FilterComparison': 'Exactly', 'FilterEvent': 'OnFloor', 'FilterValue': 5, 'StartType': 'All', 'Season': '2025', 'SeasonType': 'Playoffs', 'TeamId': '1611661328'}",shot_pace,1611661328,4Q/OT | margin -3..3 | 300..120,get-possessions__possessions__off_def-Offense__filter_comparison-Exactly__filter_event-OnFloor__filter_value-5__start_type-All__season-2025__season_type-Playoffs__team_id-1611661328__5fa46d3f,get-possessions,https://api.pbpstats.com/get-possessions/wnba?OffDef=Offense&FilterComparison=Exactly&FilterEvent=OnFloor&FilterValue=5&StartType=All&Season=2025&SeasonType=Playoffs&TeamId=1611661328,200,95,00:14,"Young P.FOUL (P2.PN)
Williams Free Throw 1 of 2 (5 PTS)
Williams Free Throw 2 of 2 (6 PTS)
",0,0,0,0,2025-09-16,1042500112,1,0,LVA,3,0,-8,00:27,Off Arc 3 Miss,0,"[{""description"": ""Young P.FOUL (P2.PN)"", ""url"": """"}, {""description"": ""Williams Free Throw 1 of 2 (5 PTS)"", ""url"": """"}, {""description"": ""Williams Free Throw 2 of 2 (6 PTS)"", ""url"": """"}]"
wnba,wnba_shot_pace,shot_pace,possessions,get-possessions,2025,Playoffs,team,"{'OffDef': 'Offense', 'FilterComparison': 'Exactly', 'FilterEvent': 'OnFloor', 'FilterValue': 5, 'StartType': 'All', 'Season': '2025', 'SeasonType': 'Playoffs', 'TeamId': '1611661328'}",shot_pace,1611661328,4Q/OT | margin -3..3 | 300..120,get-possessions__possessions__off_def-Offense__filter_comparison-Exactly__filter_event-OnFloor__filter_value-5__start_type-All__season-2025__season_type-Playoffs__team_id-1611661328__5fa46d3f,get-possessions,https://api.pbpstats.com/get-possessions/wnba?OffDef=Offense&FilterComparison=Exactly&FilterEvent=OnFloor&FilterValue=5&StartType=All&Season=2025&SeasonType=Playoffs&TeamId=1611661328,200,96,00:36,"MISS Ogwumike 11' Jump Shot
Wilson REBOUND (Off:1 Def:11)
",1,0,0,0,2025-09-16,1042500112,0,0,LVA,3,0,-8,00:57,Off Dead Ball,0,"[{""description"": ""MISS Ogwumike 11' Jump Shot"", ""url"": """"}, {""description"": ""Wilson REBOUND (Off:1 Def:11)"", ""url"": """"}]"
wnba,wnba_shot_pace,shot_pace,possessions,get-possessions,2025,Playoffs,team,"{'OffDef': 'Offense', 'FilterComparison': 'Exactly', 'FilterEvent': 'OnFloor', 'FilterValue': 5, 'StartType': 'All', 'Season': '2025', 'SeasonType': 'Playoffs', 'TeamId': '1611661328'}",shot_pace,1611661328,4Q/OT | margin -3..3 | 300..120,get-possessions__possessions__off_def-Offense__filter_comparison-Exactly__filter_event-OnFloor__filter_value-5__start_type-All__season-2025__season_type-Playoffs__team_id-1611661328__5fa46d3f,get-possessions,https://api.pbpstats.com/get-possessions/wnba?OffDef=Offense&FilterComparison=Exactly&FilterEvent=OnFloor&FilterValue=5&StartType=All&Season=2025&SeasonType=Playoffs&TeamId=1611661328,200,97,01:23,"Ogwumike 25' 3PT Running Jump Shot (24 PTS) (Wheeler 2 AST)
",0,0,1,1,2025-09-16,1042500112,0,0,LVA,3,0,-11,01:28,Off Steal,0,"[{""description"": ""Ogwumike 25' 3PT Running Jump Shot (24 PTS) (Wheeler 2 AST)"", ""url"": """"}]"
wnba,wnba_shot_pace,shot_pace,possessions,get-possessions,2025,Playoffs,team,"{'OffDef': 'Offense', 'FilterComparison': 'Exactly', 'FilterEvent': 'OnFloor', 'FilterValue': 5, 'StartType': 'All', 'Season': '2025', 'SeasonType': 'Playoffs', 'TeamId': '1611661328'}",shot_pace,1611661328,4Q/OT | margin -3..3 | 300..120,get-possessions__possessions__off_def-Offense__filter_comparison-Exactly__filter_event-OnFloor__filter_value-5__start_type-All__season-2025__season_type-Playoffs__team_id-1611661328__5fa46d3f,get-possessions,https://api.pbpstats.com/get-possessions/wnba?OffDef=Offense&FilterComparison=Exactly&FilterEvent=OnFloor&FilterValue=5&StartType=All&Season=2025&SeasonType=Playoffs&TeamId=1611661328,200,98,01:49,"Ogwumike 6' Driving Floating Bank Jump Shot (20 PTS) (Diggins 6 AST)
Young S.FOUL (P1.T1)
Ogwumike Free Throw 1 of 1 (21 PTS)
",1,1,0,0,2025-09-16,1042500112,0,0,LVA,3,1,-14,02:05,Off FT Make,0,"[{""description"": ""Ogwumike 6' Driving Floating Bank Jump Shot (20 PTS) (Diggins 6 AST)"", ""url"": """"}, {""description"": ""Young S.FOUL (P1.T1)"", ""url"": """"}, {""description"": ""Ogwumike Free Throw 1 of 1 (21 PTS)"", ""url"": """"}]"
wnba,wnba_shot_pace,shot_pace,possessions,get-possessions,2025,Playoffs,team,"{'OffDef': 'Offense', 'FilterComparison': 'Exactly', 'FilterEvent': 'OnFloor', 'FilterValue': 5, 'StartType': 'All', 'Season': '2025', 'SeasonType': 'Playoffs', 'TeamId': '1611661328'}",shot_pace,1611661328,4Q/OT | margin -3..3 | 300..120,get-possessions__possessions__off_def-Offense__filter_comparison-Exactly__filter_event-OnFloor__filter_value-5__start_type-All__season-2025__season_type-Playoffs__team_id-1611661328__5fa46d3f,get-possessions,https://api.pbpstats.com/get-possessions/wnba?OffDef=Offense&FilterComparison=Exactly&FilterEvent=OnFloor&FilterValue=5&StartType=All&Season=2025&SeasonType=Playoffs&TeamId=1611661328,200,99,02:14,"Diggins Backcourt Turnover (P4.T8)
",0,0,0,0,2025-09-16,1042500112,0,0,LVA,3,0,-13,02:32,Off Arc 3 Make,1,"[{""description"": ""Diggins Backcourt Turnover (P4.T8)"", ""url"": """"}]"
wnba,wnba_shot_pace,shot_pace,possessions,get-possessions,2025,Playoffs,team,"{'OffDef': 'Offense', 'FilterComparison': 'Exactly', 'FilterEvent': 'OnFloor', 'FilterValue': 5, 'StartType': 'All', 'Season': '2025', 'SeasonType': 'Playoffs', 'TeamId': '1611661328'}",shot_pace,1611661328,4Q/OT | margin -3..3 | 300..120,get-possessions__possessions__off_def-Offense__filter_comparison-Exactly__filter_event-OnFloor__filter_value-5__start_type-All__season-2025__season_type-Playoffs__team_id-1611661328__5fa46d3f,get-possessions,https://api.pbpstats.com/get-possessions/wnba?OffDef=Offense&FilterComparison=Exactly&FilterEvent=OnFloor&FilterValue=5&StartType=All&Season=2025&SeasonType=Playoffs&TeamId=1611661328,200,100,02:52,"Malonga 9' Fadeaway Jumper (8 PTS) (Wheeler 1 AST)
",1,1,0,0,2025-09-16,1042500112,0,0,LVA,3,0,-12,03:12,Off Timeout,0,"[{""description"": ""Malonga 9' Fadeaway Jumper (8 PTS) (Wheeler 1 AST)"", ""url"": """"}]"
wnba,wnba_shot_pace,shot_pace,possessions,get-possessions,2025,Playoffs,team,"{'OffDef': 'Offense', 'FilterComparison': 'Exactly', 'FilterEvent': 'OnFloor', 'FilterValue': 5, 'StartType': 'All', 'Season': '2025', 'SeasonType': 'Playoffs', 'TeamId': '1611661328'}",shot_pace,1611661328,4Q/OT | margin -3..3 | 300..120,get-possessions__possessions__off_def-Offense__filter_comparison-Exactly__filter_event-OnFloor__filter_value-5__start_type-All__season-2025__season_type-Playoffs__team_id-1611661328__5fa46d3f,get-possessions,https://api.pbpstats.com/get-possessions/wnba?OffDef=Offense&FilterComparison=Exactly&FilterEvent=OnFloor&FilterValue=5&StartType=All&Season=2025&SeasonType=Playoffs&TeamId=1611661328,200,101,03:20,"MISS Wheeler 14' Pullup Jump Shot
Gray REBOUND (Off:0 Def:1)
",1,0,0,0,2025-09-16,1042500112,0,0,LVA,3,0,-10,03:45,Off FT Make,0,"[{""description"": ""MISS Wheeler 14' Pullup Jump Shot"", ""url"": """"}, {""description"": ""Gray REBOUND (Off:0 Def:1)"", ""url"": """"}]"
wnba,wnba_shot_pace,shot_pace,possessions,get-possessions,2025,Playoffs,team,"{'OffDef': 'Offense', 'FilterComparison': 'Exactly', 'FilterEvent': 'OnFloor', 'FilterValue': 5, 'StartType': 'All', 'Season': '2025', 'SeasonType': 'Playoffs', 'TeamId': '1611661328'}",shot_pace,1611661328,4Q/OT | margin -3..3 | 300..120,get-possessions__possessions__off_def-Offense__filter_comparison-Exactly__filter_event-OnFloor__filter_value-5__start_type-All__season-2025__season_type-Playoffs__team_id-1611661328__5fa46d3f,get-possessions,https://api.pbpstats.com/get-possessions/wnba?OffDef=Offense&FilterComparison=Exactly&FilterEvent=OnFloor&FilterValue=5&StartType=All&Season=2025&SeasonType=Playoffs&TeamId=1611661328,200,102,04:09,"Ogwumike 24' 3PT Jump Shot (18 PTS) (Diggins 5 AST)
",0,0,1,1,2025-09-16,1042500112,0,0,LVA,3,0,-10,04:20,Off Block,0,"[{""description"": ""Ogwumike 24' 3PT Jump Shot (18 PTS) (Diggins 5 AST)"", ""url"": """"}]"
wnba,wnba_shot_pace,shot_pace,possessions,get-possessions,2025,Playoffs,team,"{'OffDef': 'Offense', 'FilterComparison': 'Exactly', 'FilterEvent': 'OnFloor', 'FilterValue': 5, 'StartType': 'All', 'Season': '2025', 'SeasonType': 'Playoffs', 'TeamId': '1611661328'}",shot_pace,1611661328,4Q/OT | margin -3..3 | 300..120,get-possessions__possessions__off_def-Offense__filter_comparison-Exactly__filter_event-OnFloor__filter_value-5__start_type-All__season-2025__season_type-Playoffs__team_id-1611661328__5fa46d3f,get-possessions,https://api.pbpstats.com/get-possessions/wnba?OffDef=Offense&FilterComparison=Exactly&FilterEvent=OnFloor&FilterValue=5&StartType=All&Season=2025&SeasonType=Playoffs&TeamId=1611661328,200,103,04:34,"MISS Wheeler 2' Driving Layup
Magbegor REBOUND (Off:2 Def:2)
MISS Sykes 3PT Jump Shot
Wheeler REBOUND (Off:1 Def:0)
MISS Wheeler 3PT Pullup Jump Shot
Young REBOUND (Off:1 Def:4)
",1,0,2,0,2025-09-16,1042500112,0,2,LVA,3,0,-10,05:07,Off Arc 3 Make,0,"[{""description"": ""MISS Wheeler 2' Driving Layup"", ""url"": """"}, {""description"": ""Magbegor REBOUND (Off:2 Def:2)"", ""url"": """"}, {""description"": ""MISS Sykes 3PT Jump Shot"", ""url"": """"}, {""description"": ""Wheeler REBOUND (Off:1 Def:0)"", ""url"": """"}, {""description"": ""MISS Wheeler 3PT Pullup Jump Shot"", ""url"": """"}, {""description"": ""Young REBOUND (Off:1 Def:4)"", ""url"": """"}]"
wnba,wnba_shot_pace,shot_pace,possessions,get-possessions,2025,Playoffs,team,"{'OffDef': 'Offense', 'FilterComparison': 'Exactly', 'FilterEvent': 'OnFloor', 'FilterValue': 5, 'StartType': 'All', 'Season': '2025', 'SeasonType': 'Playoffs', 'TeamId': '1611661328'}",shot_pace,1611661328,4Q/OT | margin -3..3 | 300..120,get-possessions__possessions__off_def-Offense__filter_comparison-Exactly__filter_event-OnFloor__filter_value-5__start_type-All__season-2025__season_type-Playoffs__team_id-1611661328__5fa46d3f,get-possessions,https://api.pbpstats.com/get-possessions/wnba?OffDef=Offense&FilterComparison=Exactly&FilterEvent=OnFloor&FilterValue=5&StartType=All&Season=2025&SeasonType=Playoffs&TeamId=1611661328,200,104,05:12,"MISS Ogwumike 4' Driving Layup: Wilson BLOCK (2 BLK)
Ogwumike REBOUND (Off:1 Def:4)
Ogwumike 3' Putback Layup (15 PTS)
",2,1,0,0,2025-09-16,1042500112,0,1,LVA,3,0,-9,05:40,Off Short Mid-Range Make,0,"[{""description"": ""MISS Ogwumike 4' Driving Layup: Wilson BLOCK (2 BLK)"", ""url"": """"}, {""description"": ""Ogwumike REBOUND (Off:1 Def:4)"", ""url"": """"}, {""description"": ""Ogwumike 3' Putback Layup (15 PTS)"", ""url"": """"}]"
wnba,wnba_shot_pace,shot_pace,possessions,get-possessions,2025,Playoffs,team,"{'OffDef': 'Offense', 'FilterComparison': 'Exactly', 'FilterEvent': 'OnFloor', 'FilterValue': 5, 'StartType': 'All', 'Season': '2025', 'SeasonType': 'Playoffs', 'TeamId': '1611661328'}",shot_pace,1611661328,4Q/OT | margin -3..3 | 300..120,get-possessions__possessions__off_def-Offense__filter_comparison-Exactly__filter_event-OnFloor__filter_value-5__start_type-All__season-2025__season_type-Playoffs__team_id-1611661328__5fa46d3f,get-possessions,https://api.pbpstats.com/get-possessions/wnba?OffDef=Offense&FilterComparison=Exactly&FilterEvent=OnFloor&FilterValue=5&StartType=All&Season=2025&SeasonType=Playoffs&TeamId=1611661328,200,105,05:48,"MISS Ogwumike 6' Turnaround Jump Shot: Wilson BLOCK (1 BLK)
Wilson REBOUND (Off:0 Def:10)
",1,0,0,0,2025-09-16,1042500112,0,0,LVA,3,0,-7,06:13,Off FT Make,0,"[{""description"": ""MISS Ogwumike 6' Turnaround Jump Shot: Wilson BLOCK (1 BLK)"", ""url"": """"}, {""description"": ""Wilson REBOUND (Off:0 Def:10)"", ""url"": """"}]"
wnba,wnba_shot_pace,shot_pace,possessions,get-possessions,2025,Playoffs,team,"{'OffDef': 'Offense', 'FilterComparison': 'Exactly', 'FilterEvent': 'OnFloor', 'FilterValue': 5, 'StartType': 'All', 'Season': '2025', 'SeasonType': 'Playoffs', 'TeamId': '1611661328'}",shot_pace,1611661328,4Q/OT | margin -3..3 | 300..120,get-possessions__possessions__off_def-Offense__filter_comparison-Exactly__filter_event-OnFloor__filter_value-5__start_type-All__season-2025__season_type-Playoffs__team_id-1611661328__5fa46d3f,get-possessions,https://api.pbpstats.com/get-possessions/wnba?OffDef=Offense&FilterComparison=Exactly&FilterEvent=OnFloor&FilterValue=5&StartType=All&Season=2025&SeasonType=Playoffs&TeamId=1611661328,200,106,06:22,"MISS Wheeler 24' 3PT Running Pull-Up Jump Shot
Wilson REBOUND (Off:0 Def:9)
",0,0,1,0,2025-09-16,1042500112,0,0,LVA,3,0,-5,06:28,Off Short Mid-Range Miss,0,"[{""description"": ""MISS Wheeler 24' 3PT Running Pull-Up Jump Shot"", ""url"": """"}, {""description"": ""Wilson REBOUND (Off:0 Def:9)"", ""url"": """"}]"
wnba,wnba_shot_pace,shot_pace,possessions,get-possessions,2025,Playoffs,team,"{'OffDef': 'Offense', 'FilterComparison': 'Exactly', 'FilterEvent': 'OnFloor', 'FilterValue': 5, 'StartType': 'All', 'Season': '2025', 'SeasonType': 'Playoffs', 'TeamId': '1611661328'}",shot_pace,1611661328,4Q/OT | margin -3..3 | 300..120,get-possessions__possessions__off_def-Offense__filter_comparison-Exactly__filter_event-OnFloor__filter_value-5__start_type-All__season-2025__season_type-Playoffs__team_id-1611661328__5fa46d3f,get-possessions,https://api.pbpstats.com/get-possessions/wnba?OffDef=Offense&FilterComparison=Exactly&FilterEvent=OnFloor&FilterValue=5&StartType=All&Season=2025&SeasonType=Playoffs&TeamId=1611661328,200,107,06:48,"MISS Ogwumike 7' Running Pull-Up Jump Shot: Gray BLOCK (1 BLK)
STORM Rebound
Williams Bad Pass Turnover (P1.T7): Wilson STEAL (1 STL)
",1,0,0,0,2025-09-16,1042500112,0,1,LVA,3,0,-5,06:56,Off Steal,1,"[{""description"": ""MISS Ogwumike 7' Running Pull-Up Jump Shot: Gray BLOCK (1 BLK)"", ""url"": """"}, {""description"": ""STORM Rebound"", ""url"": """"}, {""description"": ""Williams Bad Pass Turnover (P1.T7): Wilson STEAL (1 STL)"", ""url"": """"}]"
wnba,wnba_shot_pace,shot_pace,possessions,get-possessions,2025,Playoffs,team,"{'OffDef': 'Offense', 'FilterComparison': 'Exactly', 'FilterEvent': 'OnFloor', 'FilterValue': 5, 'StartType': 'All', 'Season': '2025', 'SeasonType': 'Playoffs', 'TeamId': '1611661328'}",shot_pace,1611661328,4Q/OT | margin -3..3 | 300..120,get-possessions__possessions__off_def-Offense__filter_comparison-Exactly__filter_event-OnFloor__filter_value-5__start_type-All__season-2025__season_type-Playoffs__team_id-1611661328__5fa46d3f,get-possessions,https://api.pbpstats.com/get-possessions/wnba?OffDef=Offense&FilterComparison=Exactly&FilterEvent=OnFloor&FilterValue=5&StartType=All&Season=2025&SeasonType=Playoffs&TeamId=1611661328,200,108,07:08,"MISS Williams 3' Driving Layup
Wilson REBOUND (Off:0 Def:8)
",1,0,0,0,2025-09-16,1042500112,0,0,LVA,3,0,-5,07:20,Off FT Make,0,"[{""description"": ""MISS Williams 3' Driving Layup"", ""url"": """"}, {""description"": ""Wilson REBOUND (Off:0 Def:8)"", ""url"": """"}]"
wnba,wnba_shot_pace,shot_pace,possessions,get-possessions,2025,Playoffs,team,"{'OffDef': 'Offense', 'FilterComparison': 'Exactly', 'FilterEvent': 'OnFloor', 'FilterValue': 5, 'StartType': 'All', 'Season': '2025', 'SeasonType': 'Playoffs', 'TeamId': '1611661328'}",shot_pace,1611661328,4Q/OT | margin -3..3 | 300..120,get-possessions__possessions__off_def-Offense__filter_comparison-Exactly__filter_event-OnFloor__filter_value-5__start_type-All__season-2025__season_type-Playoffs__team_id-1611661328__5fa46d3f,get-possessions,https://api.pbpstats.com/get-possessions/wnba?OffDef=Offense&FilterComparison=Exactly&FilterEvent=OnFloor&FilterValue=5&StartType=All&Season=2025&SeasonType=Playoffs&TeamId=1611661328,200,109,07:27,"MISS Diggins 3PT Jump Shot
Wilson REBOUND (Off:0 Def:7)
",0,0,1,0,2025-09-16,1042500112,0,0,LVA,3,0,-4,07:43,Off FT Make,0,"[{""description"": ""MISS Diggins 3PT Jump Shot"", ""url"": """"}, {""description"": ""Wilson REBOUND (Off:0 Def:7)"", ""url"": """"}]"
wnba,wnba_shot_pace,shot_pace,possessions,get-possessions,2025,Playoffs,team,"{'OffDef': 'Offense', 'FilterComparison': 'Exactly', 'FilterEvent': 'OnFloor', 'FilterValue': 5, 'StartType': 'All', 'Season': '2025', 'SeasonType': 'Playoffs', 'TeamId': '1611661328'}",shot_pace,1611661328,4Q/OT | margin -3..3 | 300..120,get-possessions__possessions__off_def-Offense__filter_comparison-Exactly__filter_event-OnFloor__filter_value-5__start_type-All__season-2025__season_type-Playoffs__team_id-1611661328__5fa46d3f,get-possessions,https://api.pbpstats.com/get-possessions/wnba?OffDef=Offense&FilterComparison=Exactly&FilterEvent=OnFloor&FilterValue=5&StartType=All&Season=2025&SeasonType=Playoffs&TeamId=1611661328,200,110,07:49,"MISS Ogwumike 11' Pullup Jump Shot
Smith REBOUND (Off:0 Def:5)
",1,0,0,0,2025-09-16,1042500112,0,0,LVA,3,0,-3,08:14,Off At Rim Make,0,"[{""description"": ""MISS Ogwumike 11' Pullup Jump Shot"", ""url"": """"}, {""description"": ""Smith REBOUND (Off:0 Def:5)"", ""url"": """"}]"
wnba,wnba_shot_pace,shot_pace,possessions,get-possessions,2025,Playoffs,team,"{'OffDef': 'Offense', 'FilterComparison': 'Exactly', 'FilterEvent': 'OnFloor', 'FilterValue': 5, 'StartType': 'All', 'Season': '2025', 'SeasonType': 'Playoffs', 'TeamId': '1611661328'}",shot_pace,1611661328,4Q/OT | margin -3..3 | 300..120,get-possessions__possessions__off_def-Offense__filter_comparison-Exactly__filter_event-OnFloor__filter_value-5__start_type-All__season-2025__season_type-Playoffs__team_id-1611661328__5fa46d3f,get-possessions,https://api.pbpstats.com/get-possessions/wnba?OffDef=Offense&FilterComparison=Exactly&FilterEvent=OnFloor&FilterValue=5&StartType=All&Season=2025&SeasonType=Playoffs&TeamId=1611661328,200,111,08:21,"MISS Sykes 4' Pullup Jump Shot
Young REBOUND (Off:0 Def:3)
",1,0,0,0,2025-09-16,1042500112,0,0,LVA,3,0,-1,08:32,Off Short Mid-Range Miss,0,"[{""description"": ""MISS Sykes 4' Pullup Jump Shot"", ""url"": """"}, {""description"": ""Young REBOUND (Off:0 Def:3)"", ""url"": """"}]"
wnba,wnba_shot_pace,shot_pace,possessions,get-possessions,2025,Playoffs,team,"{'OffDef': 'Offense', 'FilterComparison': 'Exactly', 'FilterEvent': 'OnFloor', 'FilterValue': 5, 'StartType': 'All', 'Season': '2025', 'SeasonType': 'Playoffs', 'TeamId': '1611661328'}",shot_pace,1611661328,4Q/OT | margin -3..3 | 300..120,get-possessions__possessions__off_def-Offense__filter_comparison-Exactly__filter_event-OnFloor__filter_value-5__start_type-All__season-2025__season_type-Playoffs__team_id-1611661328__5fa46d3f,get-possessions,https://api.pbpstats.com/get-possessions/wnba?OffDef=Offense&FilterComparison=Exactly&FilterEvent=OnFloor&FilterValue=5&StartType=All&Season=2025&SeasonType=Playoffs&TeamId=1611661328,200,112,08:50,"Sykes 2' Driving Layup (4 PTS) (Ogwumike 3 AST)
",1,1,0,0,2025-09-16,1042500112,0,0,LVA,3,0,-3,09:04,Off At Rim Make,0,"[{""description"": ""Sykes 2' Driving Layup (4 PTS) (Ogwumike 3 AST)"", ""url"": """"}]"
wnba,wnba_shot_pace,shot_pace,possessions,get-possessions,2025,Playoffs,team,"{'OffDef': 'Offense', 'FilterComparison': 'Exactly', 'FilterEvent': 'OnFloor', 'FilterValue': 5, 'StartType': 'All', 'Season': '2025', 'SeasonType': 'Playoffs', 'TeamId': '1611661328'}",shot_pace,1611661328,4Q/OT | margin -3..3 | 300..120,get-possessions__possessions__off_def-Offense__filter_comparison-Exactly__filter_event-OnFloor__filter_value-5__start_type-All__season-2025__season_type-Playoffs__team_id-1611661328__5fa46d3f,get-possessions,https://api.pbpstats.com/get-possessions/wnba?OffDef=Offense&FilterComparison=Exactly&FilterEvent=OnFloor&FilterValue=5&StartType=All&Season=2025&SeasonType=Playoffs&TeamId=1611661328,200,113,09:08,"MISS Diggins 2' Running Layup
Wilson REBOUND (Off:0 Def:6)
",1,0,0,0,2025-09-16,1042500112,0,0,LVA,3,0,-1,09:17,Off Steal,0,"[{""description"": ""MISS Diggins 2' Running Layup"", ""url"": """"}, {""description"": ""Wilson REBOUND (Off:0 Def:6)"", ""url"": """"}]"
wnba,wnba_shot_pace,shot_pace,possessions,get-possessions,2025,Playoffs,team,"{'OffDef': 'Offense', 'FilterComparison': 'Exactly', 'FilterEvent': 'OnFloor', 'FilterValue': 5, 'StartType': 'All', 'Season': '2025', 'SeasonType': 'Playoffs', 'TeamId': '1611661328'}",shot_pace,1611661328,4Q/OT | margin -3..3 | 300..120,get-possessions__possessions__off_def-Offense__filter_comparison-Exactly__filter_event-OnFloor__filter_value-5__start_type-All__season-2025__season_type-Playoffs__team_id-1611661328__5fa46d3f,get-possessions,https://api.pbpstats.com/get-possessions/wnba?OffDef=Offense&FilterComparison=Exactly&FilterEvent=OnFloor&FilterValue=5&StartType=All&Season=2025&SeasonType=Playoffs&TeamId=1611661328,200,114,09:37,"MISS Diggins 16' Pullup Jump Shot
Young REBOUND (Off:0 Def:2)
",1,0,0,0,2025-09-16,1042500112,0,0,LVA,3,0,-1,10:00,Off Dead Ball,0,"[{""description"": ""MISS Diggins 16' Pullup Jump Shot"", ""url"": """"}, {""description"": ""Young REBOUND (Off:0 Def:2)"", ""url"": """"}]"
wnba,wnba_shot_pace,shot_pace,possessions,get-possessions,2025,Playoffs,team,"{'OffDef': 'Offense', 'FilterComparison': 'Exactly', 'FilterEvent': 'OnFloor', 'FilterValue': 5, 'StartType': 'All', 'Season': '2025', 'SeasonType': 'Playoffs', 'TeamId': '1611661328'}",shot_pace,1611661328,4Q/OT | margin -3..3 | 300..120,get-possessions__possessions__off_def-Offense__filter_comparison-Exactly__filter_event-OnFloor__filter_value-5__start_type-All__season-2025__season_type-Playoffs__team_id-1611661328__5fa46d3f,get-possessions,https://api.pbpstats.com/get-possessions/wnba?OffDef=Offense&FilterComparison=Exactly&FilterEvent=OnFloor&FilterValue=5&StartType=All&Season=2025&SeasonType=Playoffs&TeamId=1611661328,200,115,00:00,"MISS Diggins 3PT Turnaround Jump Shot
STORM Rebound
",0,0,1,0,2025-09-16,1042500112,0,0,LVA,2,0,-1,00:09,Off At Rim Miss,0,"[{""description"": ""MISS Diggins 3PT Turnaround Jump Shot"", ""url"": """"}, {""description"": ""STORM Rebound"", ""url"": """"}]"
wnba,wnba_shot_pace,shot_pace,possessions,get-possessions,2025,Playoffs,team,"{'OffDef': 'Offense', 'FilterComparison': 'Exactly', 'FilterEvent': 'OnFloor', 'FilterValue': 5, 'StartType': 'All', 'Season': '2025', 'SeasonType': 'Playoffs', 'TeamId': '1611661328'}",shot_pace,1611661328,4Q/OT | margin -3..3 | 300..120,get-possessions__possessions__off_def-Offense__filter_comparison-Exactly__filter_event-OnFloor__filter_value-5__start_type-All__season-2025__season_type-Playoffs__team_id-1611661328__5fa46d3f,get-possessions,https://api.pbpstats.com/get-possessions/wnba?OffDef=Offense&FilterComparison=Exactly&FilterEvent=OnFloor&FilterValue=5&StartType=All&Season=2025&SeasonType=Playoffs&TeamId=1611661328,200,116,00:32,"Smith S.FOUL (P2.PN)
Diggins Free Throw 1 of 2 (14 PTS)
Diggins Free Throw 2 of 2 (15 PTS)
",0,0,0,0,2025-09-16,1042500112,0,0,LVA,2,1,-3,00:35,Off Arc 3 Miss,0,"[{""description"": ""Smith S.FOUL (P2.PN)"", ""url"": """"}, {""description"": ""Diggins Free Throw 1 of 2 (14 PTS)"", ""url"": """"}, {""description"": ""Diggins Free Throw 2 of 2 (15 PTS)"", ""url"": """"}]"
wnba,wnba_shot_pace,shot_pace,possessions,get-possessions,2025,Playoffs,team,"{'OffDef': 'Offense', 'FilterComparison': 'Exactly', 'FilterEvent': 'OnFloor', 'FilterValue': 5, 'StartType': 'All', 'Season': '2025', 'SeasonType': 'Playoffs', 'TeamId': '1611661328'}",shot_pace,1611661328,4Q/OT | margin -3..3 | 300..120,get-possessions__possessions__off_def-Offense__filter_comparison-Exactly__filter_event-OnFloor__filter_value-5__start_type-All__season-2025__season_type-Playoffs__team_id-1611661328__5fa46d3f,get-possessions,https://api.pbpstats.com/get-possessions/wnba?OffDef=Offense&FilterComparison=Exactly&FilterEvent=OnFloor&FilterValue=5&StartType=All&Season=2025&SeasonType=Playoffs&TeamId=1611661328,200,117,00:51,"Diggins 25' 3PT Pullup Jump Shot (13 PTS)
",0,0,1,1,2025-09-16,1042500112,0,0,LVA,2,0,-6,00:54,Off Steal,0,"[{""description"": ""Diggins 25' 3PT Pullup Jump Shot (13 PTS)"", ""url"": """"}]"
wnba,wnba_shot_pace,shot_pace,possessions,get-possessions,2025,Playoffs,team,"{'OffDef': 'Offense', 'FilterComparison': 'Exactly', 'FilterEvent': 'OnFloor', 'FilterValue': 5, 'StartType': 'All', 'Season': '2025', 'SeasonType': 'Playoffs', 'TeamId': '1611661328'}",shot_pace,1611661328,4Q/OT | margin -3..3 | 300..120,get-possessions__possessions__off_def-Offense__filter_comparison-Exactly__filter_event-OnFloor__filter_value-5__start_type-All__season-2025__season_type-Playoffs__team_id-1611661328__5fa46d3f,get-possessions,https://api.pbpstats.com/get-possessions/wnba?OffDef=Offense&FilterComparison=Exactly&FilterEvent=OnFloor&FilterValue=5&StartType=All&Season=2025&SeasonType=Playoffs&TeamId=1611661328,200,118,00:56,"Magbegor 7' Driving Floating Jump Shot (4 PTS) (Diggins 4 AST)
",1,1,0,0,2025-09-16,1042500112,0,0,LVA,2,0,-8,01:20,Off Arc 3 Make,0,"[{""description"": ""Magbegor 7' Driving Floating Jump Shot (4 PTS) (Diggins 4 AST)"", ""url"": """"}]"
wnba,wnba_shot_pace,shot_pace,possessions,get-possessions,2025,Playoffs,team,"{'OffDef': 'Offense', 'FilterComparison': 'Exactly', 'FilterEvent': 'OnFloor', 'FilterValue': 5, 'StartType': 'All', 'Season': '2025', 'SeasonType': 'Playoffs', 'TeamId': '1611661328'}",shot_pace,1611661328,4Q/OT | margin -3..3 | 300..120,get-possessions__possessions__off_def-Offense__filter_comparison-Exactly__filter_event-OnFloor__filter_value-5__start_type-All__season-2025__season_type-Playoffs__team_id-1611661328__5fa46d3f,get-possessions,https://api.pbpstats.com/get-possessions/wnba?OffDef=Offense&FilterComparison=Exactly&FilterEvent=OnFloor&FilterValue=5&StartType=All&Season=2025&SeasonType=Playoffs&TeamId=1611661328,200,119,01:34,"MISS Ogwumike 14' Pullup Jump Shot
Magbegor REBOUND (Off:1 Def:1)
Smith P.FOUL (P1.T3)
MISS Williams 26' 3PT Pullup Jump Shot
Aces Rebound
",1,0,1,0,2025-09-16,1042500112,0,1,LVA,2,0,-5,02:05,Off Short Mid-Range Make,0,"[{""description"": ""MISS Ogwumike 14' Pullup Jump Shot"", ""url"": """"}, {""description"": ""Magbegor REBOUND (Off:1 Def:1)"", ""url"": """"}, {""description"": ""Smith P.FOUL (P1.T3)"", ""url"": """"}, {""description"": ""MISS Williams 26' 3PT Pullup Jump Shot"", ""url"": """"}, {""description"": ""Aces Rebound"", ""url"": """"}]"
wnba,wnba_shot_pace,shot_pace,possessions,get-possessions,2025,Playoffs,team,"{'OffDef': 'Offense', 'FilterComparison': 'Exactly', 'FilterEvent': 'OnFloor', 'FilterValue': 5, 'StartType': 'All', 'Season': '2025', 'SeasonType': 'Playoffs', 'TeamId': '1611661328'}",shot_pace,1611661328,4Q/OT | margin -3..3 | 300..120,get-possessions__possessions__off_def-Offense__filter_comparison-Exactly__filter_event-OnFloor__filter_value-5__start_type-All__season-2025__season_type-Playoffs__team_id-1611661328__5fa46d3f,get-possessions,https://api.pbpstats.com/get-possessions/wnba?OffDef=Offense&FilterComparison=Exactly&FilterEvent=OnFloor&FilterValue=5&StartType=All&Season=2025&SeasonType=Playoffs&TeamId=1611661328,200,120,02:18,"Diggins Out of Bounds - Bad Pass Turnover Turnover (P3.T6)
",0,0,0,0,2025-09-16,1042500112,0,0,LVA,2,0,-3,02:33,Off Timeout,1,"[{""description"": ""Diggins Out of Bounds - Bad Pass Turnover Turnover (P3.T6)"", ""url"": """"}]"
wnba,wnba_shot_pace,shot_pace,possessions,get-possessions,2025,Playoffs,team,"{'OffDef': 'Offense', 'FilterComparison': 'Exactly', 'FilterEvent': 'OnFloor', 'FilterValue': 5, 'StartType': 'All', 'Season': '2025', 'SeasonType': 'Playoffs', 'TeamId': '1611661328'}",shot_pace,1611661328,4Q/OT | margin -3..3 | 300..120,get-possessions__possessions__off_def-Offense__filter_comparison-Exactly__filter_event-OnFloor__filter_value-5__start_type-All__season-2025__season_type-Playoffs__team_id-1611661328__5fa46d3f,get-possessions,https://api.pbpstats.com/get-possessions/wnba?OffDef=Offense&FilterComparison=Exactly&FilterEvent=OnFloor&FilterValue=5&StartType=All&Season=2025&SeasonType=Playoffs&TeamId=1611661328,200,121,02:40,"MISS Diggins 11' Driving Floating Jump Shot
Wilson REBOUND (Off:0 Def:5)
",1,0,0,0,2025-09-16,1042500112,0,0,LVA,2,0,-2,03:01,Off Arc 3 Make,0,"[{""description"": ""MISS Diggins 11' Driving Floating Jump Shot"", ""url"": """"}, {""description"": ""Wilson REBOUND (Off:0 Def:5)"", ""url"": """"}]"
wnba,wnba_shot_pace,shot_pace,possessions,get-possessions,2025,Playoffs,team,"{'OffDef': 'Offense', 'FilterComparison': 'Exactly', 'FilterEvent': 'OnFloor', 'FilterValue': 5, 'StartType': 'All', 'Season': '2025', 'SeasonType': 'Playoffs', 'TeamId': '1611661328'}",shot_pace,1611661328,4Q/OT | margin -3..3 | 300..120,get-possessions__possessions__off_def-Offense__filter_comparison-Exactly__filter_event-OnFloor__filter_value-5__start_type-All__season-2025__season_type-Playoffs__team_id-1611661328__5fa46d3f,get-possessions,https://api.pbpstats.com/get-possessions/wnba?OffDef=Offense&FilterComparison=Exactly&FilterEvent=OnFloor&FilterValue=5&StartType=All&Season=2025&SeasonType=Playoffs&TeamId=1611661328,200,122,03:23,"Diggins 26' 3PT Running Pull-Up Jump Shot (10 PTS) (Ogwumike 2 AST)
",0,0,1,1,2025-09-16,1042500112,0,0,LVA,2,0,-2,03:27,Off Corner 3 Miss,0,"[{""description"": ""Diggins 26' 3PT Running Pull-Up Jump Shot (10 PTS) (Ogwumike 2 AST)"", ""url"": """"}]"
wnba,wnba_shot_pace,shot_pace,possessions,get-possessions,2025,Playoffs,team,"{'OffDef': 'Offense', 'FilterComparison': 'Exactly', 'FilterEvent': 'OnFloor', 'FilterValue': 5, 'StartType': 'All', 'Season': '2025', 'SeasonType': 'Playoffs', 'TeamId': '1611661328'}",shot_pace,1611661328,4Q/OT | margin -3..3 | 300..120,get-possessions__possessions__off_def-Offense__filter_comparison-Exactly__filter_event-OnFloor__filter_value-5__start_type-All__season-2025__season_type-Playoffs__team_id-1611661328__5fa46d3f,get-possessions,https://api.pbpstats.com/get-possessions/wnba?OffDef=Offense&FilterComparison=Exactly&FilterEvent=OnFloor&FilterValue=5&StartType=All&Season=2025&SeasonType=Playoffs&TeamId=1611661328,200,123,04:08,"Diggins 27' 3PT Pullup Jump Shot (7 PTS) (Ogwumike 1 AST)
",0,0,1,1,2025-09-16,1042500112,0,0,LVA,2,0,-5,04:28,Off At Rim Make,0,"[{""description"": ""Diggins 27' 3PT Pullup Jump Shot (7 PTS) (Ogwumike 1 AST)"", ""url"": """"}]"
wnba,wnba_shot_pace,shot_pace,possessions,get-possessions,2025,Playoffs,team,"{'OffDef': 'Offense', 'FilterComparison': 'Exactly', 'FilterEvent': 'OnFloor', 'FilterValue': 5, 'StartType': 'All', 'Season': '2025', 'SeasonType': 'Playoffs', 'TeamId': '1611661328'}",shot_pace,1611661328,4Q/OT | margin -3..3 | 300..120,get-possessions__possessions__off_def-Offense__filter_comparison-Exactly__filter_event-OnFloor__filter_value-5__start_type-All__season-2025__season_type-Playoffs__team_id-1611661328__5fa46d3f,get-possessions,https://api.pbpstats.com/get-possessions/wnba?OffDef=Offense&FilterComparison=Exactly&FilterEvent=OnFloor&FilterValue=5&StartType=All&Season=2025&SeasonType=Playoffs&TeamId=1611661328,200,124,04:34,"Diggins Bad Pass Turnover (P2.T5): Smith STEAL (2 STL)
",0,0,0,0,2025-09-16,1042500112,0,0,LVA,2,0,-3,04:48,Off At Rim Make,1,"[{""description"": ""Diggins Bad Pass Turnover (P2.T5): Smith STEAL (2 STL)"", ""url"": """"}]"
wnba,wnba_shot_pace,shot_pace,possessions,get-possessions,2025,Playoffs,team,"{'OffDef': 'Offense', 'FilterComparison': 'Exactly', 'FilterEvent': 'OnFloor', 'FilterValue': 5, 'StartType': 'All', 'Season': '2025', 'SeasonType': 'Playoffs', 'TeamId': '1611661328'}",shot_pace,1611661328,4Q/OT | margin -3..3 | 300..120,get-possessions__possessions__off_def-Offense__filter_comparison-Exactly__filter_event-OnFloor__filter_value-5__start_type-All__season-2025__season_type-Playoffs__team_id-1611661328__5fa46d3f,get-possessions,https://api.pbpstats.com/get-possessions/wnba?OffDef=Offense&FilterComparison=Exactly&FilterEvent=OnFloor&FilterValue=5&StartType=All&Season=2025&SeasonType=Playoffs&TeamId=1611661328,200,125,05:06,"Sykes Lost Ball Turnover (P3.T4): Smith STEAL (1 STL)
",0,0,0,0,2025-09-16,1042500112,0,0,LVA,2,0,-1,05:14,Off Short Mid-Range Miss,1,"[{""description"": ""Sykes Lost Ball Turnover (P3.T4): Smith STEAL (1 STL)"", ""url"": """"}]"
wnba,wnba_shot_pace,shot_pace,possessions,get-possessions,2025,Playoffs,team,"{'OffDef': 'Offense', 'FilterComparison': 'Exactly', 'FilterEvent': 'OnFloor', 'FilterValue': 5, 'StartType': 'All', 'Season': '2025', 'SeasonType': 'Playoffs', 'TeamId': '1611661328'}",shot_pace,1611661328,4Q/OT | margin -3..3 | 300..120,get-possessions__possessions__off_def-Offense__filter_comparison-Exactly__filter_event-OnFloor__filter_value-5__start_type-All__season-2025__season_type-Playoffs__team_id-1611661328__5fa46d3f,get-possessions,https://api.pbpstats.com/get-possessions/wnba?OffDef=Offense&FilterComparison=Exactly&FilterEvent=OnFloor&FilterValue=5&StartType=All&Season=2025&SeasonType=Playoffs&TeamId=1611661328,200,126,05:31,"Evans P.FOUL (P1.T1)
Sykes 3' Driving Layup (2 PTS) (Diggins 3 AST)
Wilson S.FOUL (P1.T2)
MISS Sykes Free Throw 1 of 1
Wilson REBOUND (Off:0 Def:4)
",1,1,0,0,2025-09-16,1042500112,0,0,LVA,2,1,-3,06:04,Off Timeout,0,"[{""description"": ""Evans P.FOUL (P1.T1)"", ""url"": """"}, {""description"": ""Sykes 3' Driving Layup (2 PTS) (Diggins 3 AST)"", ""url"": """"}, {""description"": ""Wilson S.FOUL (P1.T2)"", ""url"": """"}, {""description"": ""MISS Sykes Free Throw 1 of 1"", ""url"": """"}, {""description"": ""Wilson REBOUND (Off:0 Def:4)"", ""url"": """"}]"
wnba,wnba_shot_pace,shot_pace,possessions,get-possessions,2025,Playoffs,team,"{'OffDef': 'Offense', 'FilterComparison': 'Exactly', 'FilterEvent': 'OnFloor', 'FilterValue': 5, 'StartType': 'All', 'Season': '2025', 'SeasonType': 'Playoffs', 'TeamId': '1611661328'}",shot_pace,1611661328,4Q/OT | margin -3..3 | 300..120,get-possessions__possessions__off_def-Offense__filter_comparison-Exactly__filter_event-OnFloor__filter_value-5__start_type-All__season-2025__season_type-Playoffs__team_id-1611661328__5fa46d3f,get-possessions,https://api.pbpstats.com/get-possessions/wnba?OffDef=Offense&FilterComparison=Exactly&FilterEvent=OnFloor&FilterValue=5&StartType=All&Season=2025&SeasonType=Playoffs&TeamId=1611661328,200,127,06:33,"Diggins 18' Pullup Jump Shot (4 PTS)
",1,1,0,0,2025-09-16,1042500112,0,0,LVA,2,0,-5,06:40,Off FT Miss,0,"[{""description"": ""Diggins 18' Pullup Jump Shot (4 PTS)"", ""url"": """"}]"
wnba,wnba_shot_pace,shot_pace,possessions,get-possessions,2025,Playoffs,team,"{'OffDef': 'Offense', 'FilterComparison': 'Exactly', 'FilterEvent': 'OnFloor', 'FilterValue': 5, 'StartType': 'All', 'Season': '2025', 'SeasonType': 'Playoffs', 'TeamId': '1611661328'}",shot_pace,1611661328,4Q/OT | margin -3..3 | 300..120,get-possessions__possessions__off_def-Offense__filter_comparison-Exactly__filter_event-OnFloor__filter_value-5__start_type-All__season-2025__season_type-Playoffs__team_id-1611661328__5fa46d3f,get-possessions,https://api.pbpstats.com/get-possessions/wnba?OffDef=Offense&FilterComparison=Exactly&FilterEvent=OnFloor&FilterValue=5&StartType=All&Season=2025&SeasonType=Playoffs&TeamId=1611661328,200,128,06:54,"Diggins 9' Driving Floating Jump Shot (2 PTS)
",1,1,0,0,2025-09-16,1042500112,0,0,LVA,2,0,-6,07:08,Off At Rim Make,0,"[{""description"": ""Diggins 9' Driving Floating Jump Shot (2 PTS)"", ""url"": """"}]"
wnba,wnba_shot_pace,shot_pace,possessions,get-possessions,2025,Playoffs,team,"{'OffDef': 'Offense', 'FilterComparison': 'Exactly', 'FilterEvent': 'OnFloor', 'FilterValue': 5, 'StartType': 'All', 'Season': '2025', 'SeasonType': 'Playoffs', 'TeamId': '1611661328'}",shot_pace,1611661328,4Q/OT | margin -3..3 | 300..120,get-possessions__possessions__off_def-Offense__filter_comparison-Exactly__filter_event-OnFloor__filter_value-5__start_type-All__season-2025__season_type-Playoffs__team_id-1611661328__5fa46d3f,get-possessions,https://api.pbpstats.com/get-possessions/wnba?OffDef=Offense&FilterComparison=Exactly&FilterEvent=OnFloor&FilterValue=5&StartType=All&Season=2025&SeasonType=Playoffs&TeamId=1611661328,200,129,07:28,"Ogwumike 15' Jump Shot (13 PTS) (Diggins 2 AST)
",1,1,0,0,2025-09-16,1042500112,0,0,LVA,2,0,-6,07:42,Off FT Make,0,"[{""description"": ""Ogwumike 15' Jump Shot (13 PTS) (Diggins 2 AST)"", ""url"": """"}]"
wnba,wnba_shot_pace,shot_pace,possessions,get-possessions,2025,Playoffs,team,"{'OffDef': 'Offense', 'FilterComparison': 'Exactly', 'FilterEvent': 'OnFloor', 'FilterValue': 5, 'StartType': 'All', 'Season': '2025', 'SeasonType': 'Playoffs', 'TeamId': '1611661328'}",shot_pace,1611661328,4Q/OT | margin -3..3 | 300..120,get-possessions__possessions__off_def-Offense__filter_comparison-Exactly__filter_event-OnFloor__filter_value-5__start_type-All__season-2025__season_type-Playoffs__team_id-1611661328__5fa46d3f,get-possessions,https://api.pbpstats.com/get-possessions/wnba?OffDef=Offense&FilterComparison=Exactly&FilterEvent=OnFloor&FilterValue=5&StartType=All&Season=2025&SeasonType=Playoffs&TeamId=1611661328,200,130,07:55,"MISS Williams 3' Driving Layup
Wilson REBOUND (Off:0 Def:3)
",1,0,0,0,2025-09-16,1042500112,0,0,LVA,2,0,-4,08:12,Off Arc 3 Make,0,"[{""description"": ""MISS Williams 3' Driving Layup"", ""url"": """"}, {""description"": ""Wilson REBOUND (Off:0 Def:3)"", ""url"": """"}]"
wnba,wnba_shot_pace,shot_pace,possessions,get-possessions,2025,Playoffs,team,"{'OffDef': 'Offense', 'FilterComparison': 'Exactly', 'FilterEvent': 'OnFloor', 'FilterValue': 5, 'StartType': 'All', 'Season': '2025', 'SeasonType': 'Playoffs', 'TeamId': '1611661328'}",shot_pace,1611661328,4Q/OT | margin -3..3 | 300..120,get-possessions__possessions__off_def-Offense__filter_comparison-Exactly__filter_event-OnFloor__filter_value-5__start_type-All__season-2025__season_type-Playoffs__team_id-1611661328__5fa46d3f,get-possessions,https://api.pbpstats.com/get-possessions/wnba?OffDef=Offense&FilterComparison=Exactly&FilterEvent=OnFloor&FilterValue=5&StartType=All&Season=2025&SeasonType=Playoffs&TeamId=1611661328,200,131,08:29,"Malonga 21' Jump Shot (6 PTS) (Magbegor 2 AST)
",1,1,0,0,2025-09-16,1042500112,0,0,LVA,2,0,-3,08:45,Off At Rim Make,0,"[{""description"": ""Malonga 21' Jump Shot (6 PTS) (Magbegor 2 AST)"", ""url"": """"}]"
wnba,wnba_shot_pace,shot_pace,possessions,get-possessions,2025,Playoffs,team,"{'OffDef': 'Offense', 'FilterComparison': 'Exactly', 'FilterEvent': 'OnFloor', 'FilterValue': 5, 'StartType': 'All', 'Season': '2025', 'SeasonType': 'Playoffs', 'TeamId': '1611661328'}",shot_pace,1611661328,4Q/OT | margin -3..3 | 300..120,get-possessions__possessions__off_def-Offense__filter_comparison-Exactly__filter_event-OnFloor__filter_value-5__start_type-All__season-2025__season_type-Playoffs__team_id-1611661328__5fa46d3f,get-possessions,https://api.pbpstats.com/get-possessions/wnba?OffDef=Offense&FilterComparison=Exactly&FilterEvent=OnFloor&FilterValue=5&StartType=All&Season=2025&SeasonType=Playoffs&TeamId=1611661328,200,132,09:02,"Sykes OFF.Foul (P1)
Sykes Offensive Foul Turnover (P2.T3)
",0,0,0,0,2025-09-16,1042500112,0,0,LVA,2,0,-1,09:12,Off Dead Ball,1,"[{""description"": ""Sykes OFF.Foul (P1)"", ""url"": """"}, {""description"": ""Sykes Offensive Foul Turnover (P2.T3)"", ""url"": """"}]"
wnba,wnba_shot_pace,shot_pace,possessions,get-possessions,2025,Playoffs,team,"{'OffDef': 'Offense', 'FilterComparison': 'Exactly', 'FilterEvent': 'OnFloor', 'FilterValue': 5, 'StartType': 'All', 'Season': '2025', 'SeasonType': 'Playoffs', 'TeamId': '1611661328'}",shot_pace,1611661328,4Q/OT | margin -3..3 | 300..120,get-possessions__possessions__off_def-Offense__filter_comparison-Exactly__filter_event-OnFloor__filter_value-5__start_type-All__season-2025__season_type-Playoffs__team_id-1611661328__5fa46d3f,get-possessions,https://api.pbpstats.com/get-possessions/wnba?OffDef=Offense&FilterComparison=Exactly&FilterEvent=OnFloor&FilterValue=5&StartType=All&Season=2025&SeasonType=Playoffs&TeamId=1611661328,200,133,09:30,"MISS Williams 10' Pullup Jump Shot
Malonga REBOUND (Off:2 Def:1)
MISS Wheeler 27' 3PT Pullup Jump Shot
Smith REBOUND (Off:0 Def:4)
",1,0,1,0,2025-09-16,1042500112,0,1,LVA,2,0,-1,10:00,Off Dead Ball,0,"[{""description"": ""MISS Williams 10' Pullup Jump Shot"", ""url"": """"}, {""description"": ""Malonga REBOUND (Off:2 Def:1)"", ""url"": """"}, {""description"": ""MISS Wheeler 27' 3PT Pullup Jump Shot"", ""url"": """"}, {""description"": ""Smith REBOUND (Off:0 Def:4)"", ""url"": """"}]"
wnba,wnba_shot_pace,shot_pace,possessions,get-possessions,2025,Playoffs,team,"{'OffDef': 'Offense', 'FilterComparison': 'Exactly', 'FilterEvent': 'OnFloor', 'FilterValue': 5, 'StartType': 'All', 'Season': '2025', 'SeasonType': 'Playoffs', 'TeamId': '1611661328'}",shot_pace,1611661328,4Q/OT | margin -3..3 | 300..120,get-possessions__possessions__off_def-Offense__filter_comparison-Exactly__filter_event-OnFloor__filter_value-5__start_type-All__season-2025__season_type-Playoffs__team_id-1611661328__5fa46d3f,get-possessions,https://api.pbpstats.com/get-possessions/wnba?OffDef=Offense&FilterComparison=Exactly&FilterEvent=OnFloor&FilterValue=5&StartType=All&Season=2025&SeasonType=Playoffs&TeamId=1611661328,200,134,00:28,"Sykes Out of Bounds Lost Ball Turnover (P1.T2)
",0,0,0,0,2025-09-16,1042500112,0,0,LVA,1,0,-1,00:35,Off Long Mid-Range Make,1,"[{""description"": ""Sykes Out of Bounds Lost Ball Turnover (P1.T2)"", ""url"": """"}]"
wnba,wnba_shot_pace,shot_pace,possessions,get-possessions,2025,Playoffs,team,"{'OffDef': 'Offense', 'FilterComparison': 'Exactly', 'FilterEvent': 'OnFloor', 'FilterValue': 5, 'StartType': 'All', 'Season': '2025', 'SeasonType': 'Playoffs', 'TeamId': '1611661328'}",shot_pace,1611661328,4Q/OT | margin -3..3 | 300..120,get-possessions__possessions__off_def-Offense__filter_comparison-Exactly__filter_event-OnFloor__filter_value-5__start_type-All__season-2025__season_type-Playoffs__team_id-1611661328__5fa46d3f,get-possessions,https://api.pbpstats.com/get-possessions/wnba?OffDef=Offense&FilterComparison=Exactly&FilterEvent=OnFloor&FilterValue=5&StartType=All&Season=2025&SeasonType=Playoffs&TeamId=1611661328,200,135,00:56,"Williams 3' Driving Layup (4 PTS) (Malonga 1 AST)
",1,1,0,0,2025-09-16,1042500112,0,0,LVA,1,0,-1,01:08,Off Dead Ball,0,"[{""description"": ""Williams 3' Driving Layup (4 PTS) (Malonga 1 AST)"", ""url"": """"}]"
wnba,wnba_shot_pace,shot_pace,possessions,get-possessions,2025,Playoffs,team,"{'OffDef': 'Offense', 'FilterComparison': 'Exactly', 'FilterEvent': 'OnFloor', 'FilterValue': 5, 'StartType': 'All', 'Season': '2025', 'SeasonType': 'Playoffs', 'TeamId': '1611661328'}",shot_pace,1611661328,4Q/OT | margin -3..3 | 300..120,get-possessions__possessions__off_def-Offense__filter_comparison-Exactly__filter_event-OnFloor__filter_value-5__start_type-All__season-2025__season_type-Playoffs__team_id-1611661328__5fa46d3f,get-possessions,https://api.pbpstats.com/get-possessions/wnba?OffDef=Offense&FilterComparison=Exactly&FilterEvent=OnFloor&FilterValue=5&StartType=All&Season=2025&SeasonType=Playoffs&TeamId=1611661328,200,136,01:18,"Parker-Tyus P.FOUL (P3.T3)
Malonga 3' Cutting Layup Shot (4 PTS) (Sykes 1 AST)
",1,1,0,0,2025-09-16,1042500112,0,0,LVA,1,0,-3,01:37,Off Dead Ball,0,"[{""description"": ""Parker-Tyus P.FOUL (P3.T3)"", ""url"": """"}, {""description"": ""Malonga 3' Cutting Layup Shot (4 PTS) (Sykes 1 AST)"", ""url"": """"}]"
wnba,wnba_shot_pace,shot_pace,possessions,get-possessions,2025,Playoffs,team,"{'OffDef': 'Offense', 'FilterComparison': 'Exactly', 'FilterEvent': 'OnFloor', 'FilterValue': 5, 'StartType': 'All', 'Season': '2025', 'SeasonType': 'Playoffs', 'TeamId': '1611661328'}",shot_pace,1611661328,4Q/OT | margin -3..3 | 300..120,get-possessions__possessions__off_def-Offense__filter_comparison-Exactly__filter_event-OnFloor__filter_value-5__start_type-All__season-2025__season_type-Playoffs__team_id-1611661328__5fa46d3f,get-possessions,https://api.pbpstats.com/get-possessions/wnba?OffDef=Offense&FilterComparison=Exactly&FilterEvent=OnFloor&FilterValue=5&StartType=All&Season=2025&SeasonType=Playoffs&TeamId=1611661328,200,137,01:53,"Magbegor 14' Jump Shot (2 PTS) (Williams 2 AST)
",1,1,0,0,2025-09-16,1042500112,0,0,LVA,1,0,-5,02:06,Off FT Make,0,"[{""description"": ""Magbegor 14' Jump Shot (2 PTS) (Williams 2 AST)"", ""url"": """"}]"
wnba,wnba_shot_pace,shot_pace,possessions,get-possessions,2025,Playoffs,team,"{'OffDef': 'Offense', 'FilterComparison': 'Exactly', 'FilterEvent': 'OnFloor', 'FilterValue': 5, 'StartType': 'All', 'Season': '2025', 'SeasonType': 'Playoffs', 'TeamId': '1611661328'}",shot_pace,1611661328,4Q/OT | margin -3..3 | 300..120,get-possessions__possessions__off_def-Offense__filter_comparison-Exactly__filter_event-OnFloor__filter_value-5__start_type-All__season-2025__season_type-Playoffs__team_id-1611661328__5fa46d3f,get-possessions,https://api.pbpstats.com/get-possessions/wnba?OffDef=Offense&FilterComparison=Exactly&FilterEvent=OnFloor&FilterValue=5&StartType=All&Season=2025&SeasonType=Playoffs&TeamId=1611661328,200,138,02:24,"Parker-Tyus S.FOUL (P1.T2)
Malonga Free Throw 1 of 2 (1 PTS)
Malonga Free Throw 2 of 2 (2 PTS)
",0,0,0,0,2025-09-16,1042500112,0,0,LVA,1,1,-5,02:55,Off Long Mid-Range Make,0,"[{""description"": ""Parker-Tyus S.FOUL (P1.T2)"", ""url"": """"}, {""description"": ""Malonga Free Throw 1 of 2 (1 PTS)"", ""url"": """"}, {""description"": ""Malonga Free Throw 2 of 2 (2 PTS)"", ""url"": """"}]"
wnba,wnba_shot_pace,shot_pace,possessions,get-possessions,2025,Playoffs,team,"{'OffDef': 'Offense', 'FilterComparison': 'Exactly', 'FilterEvent': 'OnFloor', 'FilterValue': 5, 'StartType': 'All', 'Season': '2025', 'SeasonType': 'Playoffs', 'TeamId': '1611661328'}",shot_pace,1611661328,4Q/OT | margin -3..3 | 300..120,get-possessions__possessions__off_def-Offense__filter_comparison-Exactly__filter_event-OnFloor__filter_value-5__start_type-All__season-2025__season_type-Playoffs__team_id-1611661328__5fa46d3f,get-possessions,https://api.pbpstats.com/get-possessions/wnba?OffDef=Offense&FilterComparison=Exactly&FilterEvent=OnFloor&FilterValue=5&StartType=All&Season=2025&SeasonType=Playoffs&TeamId=1611661328,200,139,03:14,"MISS Malonga 8' Fadeaway Jumper
Young REBOUND (Off:0 Def:1)
",1,0,0,0,2025-09-16,1042500112,0,0,LVA,1,0,-3,03:33,Off Arc 3 Make,0,"[{""description"": ""MISS Malonga 8' Fadeaway Jumper"", ""url"": """"}, {""description"": ""Young REBOUND (Off:0 Def:1)"", ""url"": """"}]"
wnba,wnba_shot_pace,shot_pace,possessions,get-possessions,2025,Playoffs,team,"{'OffDef': 'Offense', 'FilterComparison': 'Exactly', 'FilterEvent': 'OnFloor', 'FilterValue': 5, 'StartType': 'All', 'Season': '2025', 'SeasonType': 'Playoffs', 'TeamId': '1611661328'}",shot_pace,1611661328,4Q/OT | margin -3..3 | 300..120,get-possessions__possessions__off_def-Offense__filter_comparison-Exactly__filter_event-OnFloor__filter_value-5__start_type-All__season-2025__season_type-Playoffs__team_id-1611661328__5fa46d3f,get-possessions,https://api.pbpstats.com/get-possessions/wnba?OffDef=Offense&FilterComparison=Exactly&FilterEvent=OnFloor&FilterValue=5&StartType=All&Season=2025&SeasonType=Playoffs&TeamId=1611661328,200,140,03:47,"MISS Diggins 4' Driving Finger Roll Layup
Malonga REBOUND (Off:1 Def:0)
MISS Malonga 9' Fadeaway Jumper
Aces Rebound
",2,0,0,0,2025-09-16,1042500112,0,1,LVA,1,0,0,04:05,Off Timeout,0,"[{""description"": ""MISS Diggins 4' Driving Finger Roll Layup"", ""url"": """"}, {""description"": ""Malonga REBOUND (Off:1 Def:0)"", ""url"": """"}, {""description"": ""MISS Malonga 9' Fadeaway Jumper"", ""url"": """"}, {""description"": ""Aces Rebound"", ""url"": """"}]"
wnba,wnba_shot_pace,shot_pace,possessions,get-possessions,2025,Playoffs,team,"{'OffDef': 'Offense', 'FilterComparison': 'Exactly', 'FilterEvent': 'OnFloor', 'FilterValue': 5, 'StartType': 'All', 'Season': '2025', 'SeasonType': 'Playoffs', 'TeamId': '1611661328'}",shot_pace,1611661328,4Q/OT | margin -3..3 | 300..120,get-possessions__possessions__off_def-Offense__filter_comparison-Exactly__filter_event-OnFloor__filter_value-5__start_type-All__season-2025__season_type-Playoffs__team_id-1611661328__5fa46d3f,get-possessions,https://api.pbpstats.com/get-possessions/wnba?OffDef=Offense&FilterComparison=Exactly&FilterEvent=OnFloor&FilterValue=5&StartType=All&Season=2025&SeasonType=Playoffs&TeamId=1611661328,200,141,04:22,"MISS Williams 24' 3PT Jump Shot
Smith REBOUND (Off:0 Def:3)
",0,0,1,0,2025-09-16,1042500112,0,0,LVA,1,0,2,04:44,Off At Rim Make,0,"[{""description"": ""MISS Williams 24' 3PT Jump Shot"", ""url"": """"}, {""description"": ""Smith REBOUND (Off:0 Def:3)"", ""url"": """"}]"
wnba,wnba_shot_pace,shot_pace,possessions,get-possessions,2025,Playoffs,team,"{'OffDef': 'Offense', 'FilterComparison': 'Exactly', 'FilterEvent': 'OnFloor', 'FilterValue': 5, 'StartType': 'All', 'Season': '2025', 'SeasonType': 'Playoffs', 'TeamId': '1611661328'}",shot_pace,1611661328,4Q/OT | margin -3..3 | 300..120,get-possessions__possessions__off_def-Offense__filter_comparison-Exactly__filter_event-OnFloor__filter_value-5__start_type-All__season-2025__season_type-Playoffs__team_id-1611661328__5fa46d3f,get-possessions,https://api.pbpstats.com/get-possessions/wnba?OffDef=Offense&FilterComparison=Exactly&FilterEvent=OnFloor&FilterValue=5&StartType=All&Season=2025&SeasonType=Playoffs&TeamId=1611661328,200,142,04:53,"MISS Ogwumike 9' Driving Floating Bank Jump Shot
Smith REBOUND (Off:0 Def:2)
",1,0,0,0,2025-09-16,1042500112,0,0,LVA,1,0,4,05:11,Off Steal,0,"[{""description"": ""MISS Ogwumike 9' Driving Floating Bank Jump Shot"", ""url"": """"}, {""description"": ""Smith REBOUND (Off:0 Def:2)"", ""url"": """"}]"
wnba,wnba_shot_pace,shot_pace,possessions,get-possessions,2025,Playoffs,team,"{'OffDef': 'Offense', 'FilterComparison': 'Exactly', 'FilterEvent': 'OnFloor', 'FilterValue': 5, 'StartType': 'All', 'Season': '2025', 'SeasonType': 'Playoffs', 'TeamId': '1611661328'}",shot_pace,1611661328,4Q/OT | margin -3..3 | 300..120,get-possessions__possessions__off_def-Offense__filter_comparison-Exactly__filter_event-OnFloor__filter_value-5__start_type-All__season-2025__season_type-Playoffs__team_id-1611661328__5fa46d3f,get-possessions,https://api.pbpstats.com/get-possessions/wnba?OffDef=Offense&FilterComparison=Exactly&FilterEvent=OnFloor&FilterValue=5&StartType=All&Season=2025&SeasonType=Playoffs&TeamId=1611661328,200,143,05:23,"Diggins OFF.Foul (P1)
Diggins Offensive Foul Turnover (P1.T1)
",0,0,0,0,2025-09-16,1042500112,0,0,LVA,1,0,4,05:30,Off Arc 3 Miss,1,"[{""description"": ""Diggins OFF.Foul (P1)"", ""url"": """"}, {""description"": ""Diggins Offensive Foul Turnover (P1.T1)"", ""url"": """"}]"
wnba,wnba_shot_pace,shot_pace,possessions,get-possessions,2025,Playoffs,team,"{'OffDef': 'Offense', 'FilterComparison': 'Exactly', 'FilterEvent': 'OnFloor', 'FilterValue': 5, 'StartType': 'All', 'Season': '2025', 'SeasonType': 'Playoffs', 'TeamId': '1611661328'}",shot_pace,1611661328,4Q/OT | margin -3..3 | 300..120,get-possessions__possessions__off_def-Offense__filter_comparison-Exactly__filter_event-OnFloor__filter_value-5__start_type-All__season-2025__season_type-Playoffs__team_id-1611661328__5fa46d3f,get-possessions,https://api.pbpstats.com/get-possessions/wnba?OffDef=Offense&FilterComparison=Exactly&FilterEvent=OnFloor&FilterValue=5&StartType=All&Season=2025&SeasonType=Playoffs&TeamId=1611661328,200,144,05:46,"Ogwumike 25' 3PT Step Back Jump Shot (11 PTS)
",0,0,1,1,2025-09-16,1042500112,0,0,LVA,1,0,1,06:01,Off Long Mid-Range Make,0,"[{""description"": ""Ogwumike 25' 3PT Step Back Jump Shot (11 PTS)"", ""url"": """"}]"
wnba,wnba_shot_pace,shot_pace,possessions,get-possessions,2025,Playoffs,team,"{'OffDef': 'Offense', 'FilterComparison': 'Exactly', 'FilterEvent': 'OnFloor', 'FilterValue': 5, 'StartType': 'All', 'Season': '2025', 'SeasonType': 'Playoffs', 'TeamId': '1611661328'}",shot_pace,1611661328,4Q/OT | margin -3..3 | 300..120,get-possessions__possessions__off_def-Offense__filter_comparison-Exactly__filter_event-OnFloor__filter_value-5__start_type-All__season-2025__season_type-Playoffs__team_id-1611661328__5fa46d3f,get-possessions,https://api.pbpstats.com/get-possessions/wnba?OffDef=Offense&FilterComparison=Exactly&FilterEvent=OnFloor&FilterValue=5&StartType=All&Season=2025&SeasonType=Playoffs&TeamId=1611661328,200,145,06:19,"Williams 2' Cutting Layup Shot (2 PTS) (Magbegor 1 AST)
",1,1,0,0,2025-09-16,1042500112,0,0,LVA,1,0,1,06:26,Off Arc 3 Miss,0,"[{""description"": ""Williams 2' Cutting Layup Shot (2 PTS) (Magbegor 1 AST)"", ""url"": """"}]"
wnba,wnba_shot_pace,shot_pace,possessions,get-possessions,2025,Playoffs,team,"{'OffDef': 'Offense', 'FilterComparison': 'Exactly', 'FilterEvent': 'OnFloor', 'FilterValue': 5, 'StartType': 'All', 'Season': '2025', 'SeasonType': 'Playoffs', 'TeamId': '1611661328'}",shot_pace,1611661328,4Q/OT | margin -3..3 | 300..120,get-possessions__possessions__off_def-Offense__filter_comparison-Exactly__filter_event-OnFloor__filter_value-5__start_type-All__season-2025__season_type-Playoffs__team_id-1611661328__5fa46d3f,get-possessions,https://api.pbpstats.com/get-possessions/wnba?OffDef=Offense&FilterComparison=Exactly&FilterEvent=OnFloor&FilterValue=5&StartType=All&Season=2025&SeasonType=Playoffs&TeamId=1611661328,200,146,06:37,"MISS Sykes 2' Running Layup
Smith REBOUND (Off:0 Def:1)
",1,0,0,0,2025-09-16,1042500112,0,0,LVA,1,0,1,06:47,Off Arc 3 Miss,0,"[{""description"": ""MISS Sykes 2' Running Layup"", ""url"": """"}, {""description"": ""Smith REBOUND (Off:0 Def:1)"", ""url"": """"}]"
wnba,wnba_shot_pace,shot_pace,possessions,get-possessions,2025,Playoffs,team,"{'OffDef': 'Offense', 'FilterComparison': 'Exactly', 'FilterEvent': 'OnFloor', 'FilterValue': 5, 'StartType': 'All', 'Season': '2025', 'SeasonType': 'Playoffs', 'TeamId': '1611661328'}",shot_pace,1611661328,4Q/OT | margin -3..3 | 300..120,get-possessions__possessions__off_def-Offense__filter_comparison-Exactly__filter_event-OnFloor__filter_value-5__start_type-All__season-2025__season_type-Playoffs__team_id-1611661328__5fa46d3f,get-possessions,https://api.pbpstats.com/get-possessions/wnba?OffDef=Offense&FilterComparison=Exactly&FilterEvent=OnFloor&FilterValue=5&StartType=All&Season=2025&SeasonType=Playoffs&TeamId=1611661328,200,147,07:07,"Ogwumike 11' Turnaround Fadeaway (8 PTS)
",1,1,0,0,2025-09-16,1042500112,0,0,LVA,1,0,-1,07:26,Off Arc 3 Make,0,"[{""description"": ""Ogwumike 11' Turnaround Fadeaway (8 PTS)"", ""url"": """"}]"
wnba,wnba_shot_pace,shot_pace,possessions,get-possessions,2025,Playoffs,team,"{'OffDef': 'Offense', 'FilterComparison': 'Exactly', 'FilterEvent': 'OnFloor', 'FilterValue': 5, 'StartType': 'All', 'Season': '2025', 'SeasonType': 'Playoffs', 'TeamId': '1611661328'}",shot_pace,1611661328,4Q/OT | margin -3..3 | 300..120,get-possessions__possessions__off_def-Offense__filter_comparison-Exactly__filter_event-OnFloor__filter_value-5__start_type-All__season-2025__season_type-Playoffs__team_id-1611661328__5fa46d3f,get-possessions,https://api.pbpstats.com/get-possessions/wnba?OffDef=Offense&FilterComparison=Exactly&FilterEvent=OnFloor&FilterValue=5&StartType=All&Season=2025&SeasonType=Playoffs&TeamId=1611661328,200,148,07:40,"Ogwumike 3' Running Layup (6 PTS) (Diggins 1 AST)
",1,1,0,0,2025-09-16,1042500112,0,0,LVA,1,0,0,07:44,Off Long Mid-Range Miss,0,"[{""description"": ""Ogwumike 3' Running Layup (6 PTS) (Diggins 1 AST)"", ""url"": """"}]"
wnba,wnba_shot_pace,shot_pace,possessions,get-possessions,2025,Playoffs,team,"{'OffDef': 'Offense', 'FilterComparison': 'Exactly', 'FilterEvent': 'OnFloor', 'FilterValue': 5, 'StartType': 'All', 'Season': '2025', 'SeasonType': 'Playoffs', 'TeamId': '1611661328'}",shot_pace,1611661328,4Q/OT | margin -3..3 | 300..120,get-possessions__possessions__off_def-Offense__filter_comparison-Exactly__filter_event-OnFloor__filter_value-5__start_type-All__season-2025__season_type-Playoffs__team_id-1611661328__5fa46d3f,get-possessions,https://api.pbpstats.com/get-possessions/wnba?OffDef=Offense&FilterComparison=Exactly&FilterEvent=OnFloor&FilterValue=5&StartType=All&Season=2025&SeasonType=Playoffs&TeamId=1611661328,200,149,07:56,"MISS Diggins 3' Driving Layup
Sykes REBOUND (Off:1 Def:0)
MISS Magbegor 25' 3PT Jump Bank Shot
Wilson REBOUND (Off:0 Def:2)
",1,0,1,0,2025-09-16,1042500112,0,1,LVA,1,0,0,08:14,Off Dead Ball,0,"[{""description"": ""MISS Diggins 3' Driving Layup"", ""url"": """"}, {""description"": ""Sykes REBOUND (Off:1 Def:0)"", ""url"": """"}, {""description"": ""MISS Magbegor 25' 3PT Jump Bank Shot"", ""url"": """"}, {""description"": ""Wilson REBOUND (Off:0 Def:2)"", ""url"": """"}]"
wnba,wnba_shot_pace,shot_pace,possessions,get-possessions,2025,Playoffs,team,"{'OffDef': 'Offense', 'FilterComparison': 'Exactly', 'FilterEvent': 'OnFloor', 'FilterValue': 5, 'StartType': 'All', 'Season': '2025', 'SeasonType': 'Playoffs', 'TeamId': '1611661328'}",shot_pace,1611661328,4Q/OT | margin -3..3 | 300..120,get-possessions__possessions__off_def-Offense__filter_comparison-Exactly__filter_event-OnFloor__filter_value-5__start_type-All__season-2025__season_type-Playoffs__team_id-1611661328__5fa46d3f,get-possessions,https://api.pbpstats.com/get-possessions/wnba?OffDef=Offense&FilterComparison=Exactly&FilterEvent=OnFloor&FilterValue=5&StartType=All&Season=2025&SeasonType=Playoffs&TeamId=1611661328,200,150,08:39,"Bell Transition Take Foul (P1.T1)
Ogwumike Free Throw 1 of 1 (4 PTS)
MISS Diggins 2' Driving Layup
Aces Rebound
",1,0,0,0,2025-09-16,1042500112,1,0,LVA,1,0,-1,08:48,Off Steal,0,"[{""description"": ""Bell Transition Take Foul (P1.T1)"", ""url"": """"}, {""description"": ""Ogwumike Free Throw 1 of 1 (4 PTS)"", ""url"": """"}, {""description"": ""MISS Diggins 2' Driving Layup"", ""url"": """"}, {""description"": ""Aces Rebound"", ""url"": """"}]"
wnba,wnba_shot_pace,shot_pace,possessions,get-possessions,2025,Playoffs,team,"{'OffDef': 'Offense', 'FilterComparison': 'Exactly', 'FilterEvent': 'OnFloor', 'FilterValue': 5, 'StartType': 'All', 'Season': '2025', 'SeasonType': 'Playoffs', 'TeamId': '1611661328'}",shot_pace,1611661328,4Q/OT | margin -3..3 | 300..120,get-possessions__possessions__off_def-Offense__filter_comparison-Exactly__filter_event-OnFloor__filter_value-5__start_type-All__season-2025__season_type-Playoffs__team_id-1611661328__5fa46d3f,get-possessions,https://api.pbpstats.com/get-possessions/wnba?OffDef=Offense&FilterComparison=Exactly&FilterEvent=OnFloor&FilterValue=5&StartType=All&Season=2025&SeasonType=Playoffs&TeamId=1611661328,200,151,09:00,"Ogwumike 3PT Jump Shot (3 PTS) (Williams 1 AST)
",0,0,1,1,2025-09-16,1042500112,0,0,LVA,1,0,-4,09:17,Off Long Mid-Range Make,0,"[{""description"": ""Ogwumike 3PT Jump Shot (3 PTS) (Williams 1 AST)"", ""url"": """"}]"
wnba,wnba_shot_pace,shot_pace,possessions,get-possessions,2025,Playoffs,team,"{'OffDef': 'Offense', 'FilterComparison': 'Exactly', 'FilterEvent': 'OnFloor', 'FilterValue': 5, 'StartType': 'All', 'Season': '2025', 'SeasonType': 'Playoffs', 'TeamId': '1611661328'}",shot_pace,1611661328,4Q/OT | margin -3..3 | 300..120,get-possessions__possessions__off_def-Offense__filter_comparison-Exactly__filter_event-OnFloor__filter_value-5__start_type-All__season-2025__season_type-Playoffs__team_id-1611661328__5fa46d3f,get-possessions,https://api.pbpstats.com/get-possessions/wnba?OffDef=Offense&FilterComparison=Exactly&FilterEvent=OnFloor&FilterValue=5&StartType=All&Season=2025&SeasonType=Playoffs&TeamId=1611661328,200,152,09:27,"MISS Ogwumike 14' Fadeaway Jumper
Wilson REBOUND (Off:0 Def:1)
",1,0,0,0,2025-09-16,1042500112,0,0,LVA,1,0,-2,09:43,Off Long Mid-Range Make,0,"[{""description"": ""MISS Ogwumike 14' Fadeaway Jumper"", ""url"": """"}, {""description"": ""Wilson REBOUND (Off:0 Def:1)"", ""url"": """"}]"
wnba,wnba_shot_pace,shot_pace,possessions,get-possessions,2025,Playoffs,team,"{'OffDef': 'Offense', 'FilterComparison': 'Exactly', 'FilterEvent': 'OnFloor', 'FilterValue': 5, 'StartType': 'All', 'Season': '2025', 'SeasonType': 'Playoffs', 'TeamId': '1611661328'}",shot_pace,1611661328,4Q/OT | margin -3..3 | 300..120,get-possessions__possessions__off_def-Offense__filter_comparison-Exactly__filter_event-OnFloor__filter_value-5__start_type-All__season-2025__season_type-Playoffs__team_id-1611661328__5fa46d3f,get-possessions,https://api.pbpstats.com/get-possessions/wnba?OffDef=Offense&FilterComparison=Exactly&FilterEvent=OnFloor&FilterValue=5&StartType=All&Season=2025&SeasonType=Playoffs&TeamId=1611661328,200,153,00:00,,0,0,0,0,2025-09-14,1042500111,0,0,LVA,4,0,-25,00:19,Off Short Mid-Range Miss,0,[]
wnba,wnba_shot_pace,shot_pace,possessions,get-possessions,2025,Playoffs,team,"{'OffDef': 'Offense', 'FilterComparison': 'Exactly', 'FilterEvent': 'OnFloor', 'FilterValue': 5, 'StartType': 'All', 'Season': '2025', 'SeasonType': 'Playoffs', 'TeamId': '1611661328'}",shot_pace,1611661328,4Q/OT | margin -3..3 | 300..120,get-possessions__possessions__off_def-Offense__filter_comparison-Exactly__filter_event-OnFloor__filter_value-5__start_type-All__season-2025__season_type-Playoffs__team_id-1611661328__5fa46d3f,get-possessions,https://api.pbpstats.com/get-possessions/wnba?OffDef=Offense&FilterComparison=Exactly&FilterEvent=OnFloor&FilterValue=5&StartType=All&Season=2025&SeasonType=Playoffs&TeamId=1611661328,200,154,00:35,"Brown 5' Running Layup (5 PTS) (Cooke 1 AST)
",1,1,0,0,2025-09-14,1042500111,0,0,LVA,4,0,-27,00:40,Off Short Mid-Range Miss,0,"[{""description"": ""Brown 5' Running Layup (5 PTS) (Cooke 1 AST)"", ""url"": """"}]"
wnba,wnba_shot_pace,shot_pace,possessions,get-possessions,2025,Playoffs,team,"{'OffDef': 'Offense', 'FilterComparison': 'Exactly', 'FilterEvent': 'OnFloor', 'FilterValue': 5, 'StartType': 'All', 'Season': '2025', 'SeasonType': 'Playoffs', 'TeamId': '1611661328'}",shot_pace,1611661328,4Q/OT | margin -3..3 | 300..120,get-possessions__possessions__off_def-Offense__filter_comparison-Exactly__filter_event-OnFloor__filter_value-5__start_type-All__season-2025__season_type-Playoffs__team_id-1611661328__5fa46d3f,get-possessions,https://api.pbpstats.com/get-possessions/wnba?OffDef=Offense&FilterComparison=Exactly&FilterEvent=OnFloor&FilterValue=5&StartType=All&Season=2025&SeasonType=Playoffs&TeamId=1611661328,200,155,01:00,"Bell P.FOUL (P1.PN)
Mitchell Free Throw 1 of 2 (5 PTS)
Mitchell Free Throw 2 of 2 (6 PTS)
",0,0,0,0,2025-09-14,1042500111,1,0,LVA,4,0,-29,01:04,Off Corner 3 Miss,0,"[{""description"": ""Bell P.FOUL (P1.PN)"", ""url"": """"}, {""description"": ""Mitchell Free Throw 1 of 2 (5 PTS)"", ""url"": """"}, {""description"": ""Mitchell Free Throw 2 of 2 (6 PTS)"", ""url"": """"}]"
wnba,wnba_shot_pace,shot_pace,possessions,get-possessions,2025,Playoffs,team,"{'OffDef': 'Offense', 'FilterComparison': 'Exactly', 'FilterEvent': 'OnFloor', 'FilterValue': 5, 'StartType': 'All', 'Season': '2025', 'SeasonType': 'Playoffs', 'TeamId': '1611661328'}",shot_pace,1611661328,4Q/OT | margin -3..3 | 300..120,get-possessions__possessions__off_def-Offense__filter_comparison-Exactly__filter_event-OnFloor__filter_value-5__start_type-All__season-2025__season_type-Playoffs__team_id-1611661328__5fa46d3f,get-possessions,https://api.pbpstats.com/get-possessions/wnba?OffDef=Offense&FilterComparison=Exactly&FilterEvent=OnFloor&FilterValue=5&StartType=All&Season=2025&SeasonType=Playoffs&TeamId=1611661328,200,156,01:23,"Evans S.FOUL (P2.PN)
MISS Cooke Free Throw 1 of 2
Storm Rebound
Cooke Free Throw 2 of 2 (3 PTS)
",0,0,0,0,2025-09-14,1042500111,0,0,LVA,4,1,-30,01:37,Off Corner 3 Miss,0,"[{""description"": ""Evans S.FOUL (P2.PN)"", ""url"": """"}, {""description"": ""MISS Cooke Free Throw 1 of 2"", ""url"": """"}, {""description"": ""Storm Rebound"", ""url"": """"}, {""description"": ""Cooke Free Throw 2 of 2 (3 PTS)"", ""url"": """"}]"
wnba,wnba_shot_pace,shot_pace,possessions,get-possessions,2025,Playoffs,team,"{'OffDef': 'Offense', 'FilterComparison': 'Exactly', 'FilterEvent': 'OnFloor', 'FilterValue': 5, 'StartType': 'All', 'Season': '2025', 'SeasonType': 'Playoffs', 'TeamId': '1611661328'}",shot_pace,1611661328,4Q/OT | margin -3..3 | 300..120,get-possessions__possessions__off_def-Offense__filter_comparison-Exactly__filter_event-OnFloor__filter_value-5__start_type-All__season-2025__season_type-Playoffs__team_id-1611661328__5fa46d3f,get-possessions,https://api.pbpstats.com/get-possessions/wnba?OffDef=Offense&FilterComparison=Exactly&FilterEvent=OnFloor&FilterValue=5&StartType=All&Season=2025&SeasonType=Playoffs&TeamId=1611661328,200,157,01:54,"MISS Brown 26' 3PT Jump Shot
Nye REBOUND (Off:0 Def:1)
",0,0,1,0,2025-09-14,1042500111,0,0,LVA,4,0,-30,02:14,Off Arc 3 Make,0,"[{""description"": ""MISS Brown 26' 3PT Jump Shot"", ""url"": """"}, {""description"": ""Nye REBOUND (Off:0 Def:1)"", ""url"": """"}]"
wnba,wnba_shot_pace,shot_pace,possessions,get-possessions,2025,Playoffs,team,"{'OffDef': 'Offense', 'FilterComparison': 'Exactly', 'FilterEvent': 'OnFloor', 'FilterValue': 5, 'StartType': 'All', 'Season': '2025', 'SeasonType': 'Playoffs', 'TeamId': '1611661328'}",shot_pace,1611661328,4Q/OT | margin -3..3 | 300..120,get-possessions__possessions__off_def-Offense__filter_comparison-Exactly__filter_event-OnFloor__filter_value-5__start_type-All__season-2025__season_type-Playoffs__team_id-1611661328__5fa46d3f,get-possessions,https://api.pbpstats.com/get-possessions/wnba?OffDef=Offense&FilterComparison=Exactly&FilterEvent=OnFloor&FilterValue=5&StartType=All&Season=2025&SeasonType=Playoffs&TeamId=1611661328,200,158,02:20,"MISS Cooke 5' Running Layup
Gustafson REBOUND (Off:1 Def:1)
",1,0,0,0,2025-09-14,1042500111,0,0,LVA,4,0,-27,02:26,Off Block,0,"[{""description"": ""MISS Cooke 5' Running Layup"", ""url"": """"}, {""description"": ""Gustafson REBOUND (Off:1 Def:1)"", ""url"": """"}]"
wnba,wnba_shot_pace,shot_pace,possessions,get-possessions,2025,Playoffs,team,"{'OffDef': 'Offense', 'FilterComparison': 'Exactly', 'FilterEvent': 'OnFloor', 'FilterValue': 5, 'StartType': 'All', 'Season': '2025', 'SeasonType': 'Playoffs', 'TeamId': '1611661328'}",shot_pace,1611661328,4Q/OT | margin -3..3 | 300..120,get-possessions__possessions__off_def-Offense__filter_comparison-Exactly__filter_event-OnFloor__filter_value-5__start_type-All__season-2025__season_type-Playoffs__team_id-1611661328__5fa46d3f,get-possessions,https://api.pbpstats.com/get-possessions/wnba?OffDef=Offense&FilterComparison=Exactly&FilterEvent=OnFloor&FilterValue=5&StartType=All&Season=2025&SeasonType=Playoffs&TeamId=1611661328,200,159,02:54,"Cooke 2' Driving Finger Roll Layup (2 PTS)
",1,1,0,0,2025-09-14,1042500111,0,0,LVA,4,0,-29,03:11,Off Arc 3 Make,0,"[{""description"": ""Cooke 2' Driving Finger Roll Layup (2 PTS)"", ""url"": """"}]"
wnba,wnba_shot_pace,shot_pace,possessions,get-possessions,2025,Playoffs,team,"{'OffDef': 'Offense', 'FilterComparison': 'Exactly', 'FilterEvent': 'OnFloor', 'FilterValue': 5, 'StartType': 'All', 'Season': '2025', 'SeasonType': 'Playoffs', 'TeamId': '1611661328'}",shot_pace,1611661328,4Q/OT | margin -3..3 | 300..120,get-possessions__possessions__off_def-Offense__filter_comparison-Exactly__filter_event-OnFloor__filter_value-5__start_type-All__season-2025__season_type-Playoffs__team_id-1611661328__5fa46d3f,get-possessions,https://api.pbpstats.com/get-possessions/wnba?OffDef=Offense&FilterComparison=Exactly&FilterEvent=OnFloor&FilterValue=5&StartType=All&Season=2025&SeasonType=Playoffs&TeamId=1611661328,200,160,03:23,"Stokes S.FOUL (P1.PN)
Malonga Free Throw 1 of 2 (11 PTS)
Malonga Free Throw 2 of 2 (12 PTS)
",0,0,0,0,2025-09-14,1042500111,0,0,LVA,4,1,-28,03:35,Off Dead Ball,0,"[{""description"": ""Stokes S.FOUL (P1.PN)"", ""url"": """"}, {""description"": ""Malonga Free Throw 1 of 2 (11 PTS)"", ""url"": """"}, {""description"": ""Malonga Free Throw 2 of 2 (12 PTS)"", ""url"": """"}]"
wnba,wnba_shot_pace,shot_pace,possessions,get-possessions,2025,Playoffs,team,"{'OffDef': 'Offense', 'FilterComparison': 'Exactly', 'FilterEvent': 'OnFloor', 'FilterValue': 5, 'StartType': 'All', 'Season': '2025', 'SeasonType': 'Playoffs', 'TeamId': '1611661328'}",shot_pace,1611661328,4Q/OT | margin -3..3 | 300..120,get-possessions__possessions__off_def-Offense__filter_comparison-Exactly__filter_event-OnFloor__filter_value-5__start_type-All__season-2025__season_type-Playoffs__team_id-1611661328__5fa46d3f,get-possessions,https://api.pbpstats.com/get-possessions/wnba?OffDef=Offense&FilterComparison=Exactly&FilterEvent=OnFloor&FilterValue=5&StartType=All&Season=2025&SeasonType=Playoffs&TeamId=1611661328,200,161,04:03,"Malonga 24' 3PT Jump Shot (10 PTS) (Mitchell 2 AST)
",0,0,1,1,2025-09-14,1042500111,0,0,LVA,4,0,-31,04:21,Off At Rim Make,0,"[{""description"": ""Malonga 24' 3PT Jump Shot (10 PTS) (Mitchell 2 AST)"", ""url"": """"}]"
wnba,wnba_shot_pace,shot_pace,possessions,get-possessions,2025,Playoffs,team,"{'OffDef': 'Offense', 'FilterComparison': 'Exactly', 'FilterEvent': 'OnFloor', 'FilterValue': 5, 'StartType': 'All', 'Season': '2025', 'SeasonType': 'Playoffs', 'TeamId': '1611661328'}",shot_pace,1611661328,4Q/OT | margin -3..3 | 300..120,get-possessions__possessions__off_def-Offense__filter_comparison-Exactly__filter_event-OnFloor__filter_value-5__start_type-All__season-2025__season_type-Playoffs__team_id-1611661328__5fa46d3f,get-possessions,https://api.pbpstats.com/get-possessions/wnba?OffDef=Offense&FilterComparison=Exactly&FilterEvent=OnFloor&FilterValue=5&StartType=All&Season=2025&SeasonType=Playoffs&TeamId=1611661328,200,162,04:45,"Wilson P.FOUL (P4.T4)
Brown 25' 3PT Pullup Jump Shot (3 PTS) (Mitchell 1 AST)
",0,0,1,1,2025-09-14,1042500111,0,0,LVA,4,0,-32,05:08,Off Short Mid-Range Make,0,"[{""description"": ""Wilson P.FOUL (P4.T4)"", ""url"": """"}, {""description"": ""Brown 25' 3PT Pullup Jump Shot (3 PTS) (Mitchell 1 AST)"", ""url"": """"}]"
wnba,wnba_shot_pace,shot_pace,possessions,get-possessions,2025,Playoffs,team,"{'OffDef': 'Offense', 'FilterComparison': 'Exactly', 'FilterEvent': 'OnFloor', 'FilterValue': 5, 'StartType': 'All', 'Season': '2025', 'SeasonType': 'Playoffs', 'TeamId': '1611661328'}",shot_pace,1611661328,4Q/OT | margin -3..3 | 300..120,get-possessions__possessions__off_def-Offense__filter_comparison-Exactly__filter_event-OnFloor__filter_value-5__start_type-All__season-2025__season_type-Playoffs__team_id-1611661328__5fa46d3f,get-possessions,https://api.pbpstats.com/get-possessions/wnba?OffDef=Offense&FilterComparison=Exactly&FilterEvent=OnFloor&FilterValue=5&StartType=All&Season=2025&SeasonType=Playoffs&TeamId=1611661328,200,163,05:25,"Mitchell 22' Step Back Jump Shot (4 PTS)
",1,1,0,0,2025-09-14,1042500111,0,0,LVA,4,0,-32,05:33,Off Short Mid-Range Make,0,"[{""description"": ""Mitchell 22' Step Back Jump Shot (4 PTS)"", ""url"": """"}]"
wnba,wnba_shot_pace,shot_pace,possessions,get-possessions,2025,Playoffs,team,"{'OffDef': 'Offense', 'FilterComparison': 'Exactly', 'FilterEvent': 'OnFloor', 'FilterValue': 5, 'StartType': 'All', 'Season': '2025', 'SeasonType': 'Playoffs', 'TeamId': '1611661328'}",shot_pace,1611661328,4Q/OT | margin -3..3 | 300..120,get-possessions__possessions__off_def-Offense__filter_comparison-Exactly__filter_event-OnFloor__filter_value-5__start_type-All__season-2025__season_type-Playoffs__team_id-1611661328__5fa46d3f,get-possessions,https://api.pbpstats.com/get-possessions/wnba?OffDef=Offense&FilterComparison=Exactly&FilterEvent=OnFloor&FilterValue=5&StartType=All&Season=2025&SeasonType=Playoffs&TeamId=1611661328,200,164,05:46,"Mitchell 8' Turnaround Jump Shot (2 PTS)
",1,1,0,0,2025-09-14,1042500111,0,0,LVA,4,0,-32,05:52,Off Arc 3 Miss,0,"[{""description"": ""Mitchell 8' Turnaround Jump Shot (2 PTS)"", ""url"": """"}]"
wnba,wnba_shot_pace,shot_pace,possessions,get-possessions,2025,Playoffs,team,"{'OffDef': 'Offense', 'FilterComparison': 'Exactly', 'FilterEvent': 'OnFloor', 'FilterValue': 5, 'StartType': 'All', 'Season': '2025', 'SeasonType': 'Playoffs', 'TeamId': '1611661328'}",shot_pace,1611661328,4Q/OT | margin -3..3 | 300..120,get-possessions__possessions__off_def-Offense__filter_comparison-Exactly__filter_event-OnFloor__filter_value-5__start_type-All__season-2025__season_type-Playoffs__team_id-1611661328__5fa46d3f,get-possessions,https://api.pbpstats.com/get-possessions/wnba?OffDef=Offense&FilterComparison=Exactly&FilterEvent=OnFloor&FilterValue=5&StartType=All&Season=2025&SeasonType=Playoffs&TeamId=1611661328,200,165,06:04,"MISS Cooke 17' Pullup Jump Shot
Loyd REBOUND (Off:1 Def:2)
",1,0,0,0,2025-09-14,1042500111,0,0,LVA,4,0,-32,06:23,Off Corner 3 Make,0,"[{""description"": ""MISS Cooke 17' Pullup Jump Shot"", ""url"": """"}, {""description"": ""Loyd REBOUND (Off:1 Def:2)"", ""url"": """"}]"
wnba,wnba_shot_pace,shot_pace,possessions,get-possessions,2025,Playoffs,team,"{'OffDef': 'Offense', 'FilterComparison': 'Exactly', 'FilterEvent': 'OnFloor', 'FilterValue': 5, 'StartType': 'All', 'Season': '2025', 'SeasonType': 'Playoffs', 'TeamId': '1611661328'}",shot_pace,1611661328,4Q/OT | margin -3..3 | 300..120,get-possessions__possessions__off_def-Offense__filter_comparison-Exactly__filter_event-OnFloor__filter_value-5__start_type-All__season-2025__season_type-Playoffs__team_id-1611661328__5fa46d3f,get-possessions,https://api.pbpstats.com/get-possessions/wnba?OffDef=Offense&FilterComparison=Exactly&FilterEvent=OnFloor&FilterValue=5&StartType=All&Season=2025&SeasonType=Playoffs&TeamId=1611661328,200,166,06:35,"Magbegor 5' Running Layup (2 PTS)
Wilson S.FOUL (P3.T3)
MISS Magbegor Free Throw 1 of 1
Evans REBOUND (Off:0 Def:3)
",1,1,0,0,2025-09-14,1042500111,0,0,LVA,4,1,-31,06:42,Off At Rim Miss,0,"[{""description"": ""Magbegor 5' Running Layup (2 PTS)"", ""url"": """"}, {""description"": ""Wilson S.FOUL (P3.T3)"", ""url"": """"}, {""description"": ""MISS Magbegor Free Throw 1 of 1"", ""url"": """"}, {""description"": ""Evans REBOUND (Off:0 Def:3)"", ""url"": """"}]"
wnba,wnba_shot_pace,shot_pace,possessions,get-possessions,2025,Playoffs,team,"{'OffDef': 'Offense', 'FilterComparison': 'Exactly', 'FilterEvent': 'OnFloor', 'FilterValue': 5, 'StartType': 'All', 'Season': '2025', 'SeasonType': 'Playoffs', 'TeamId': '1611661328'}",shot_pace,1611661328,4Q/OT | margin -3..3 | 300..120,get-possessions__possessions__off_def-Offense__filter_comparison-Exactly__filter_event-OnFloor__filter_value-5__start_type-All__season-2025__season_type-Playoffs__team_id-1611661328__5fa46d3f,get-possessions,https://api.pbpstats.com/get-possessions/wnba?OffDef=Offense&FilterComparison=Exactly&FilterEvent=OnFloor&FilterValue=5&StartType=All&Season=2025&SeasonType=Playoffs&TeamId=1611661328,200,167,06:50,"MISS Wheeler 25' 3PT Pullup Jump Shot
Wilson REBOUND (Off:0 Def:8)
",0,0,1,0,2025-09-14,1042500111,0,0,LVA,4,0,-31,07:04,Off FT Make,0,"[{""description"": ""MISS Wheeler 25' 3PT Pullup Jump Shot"", ""url"": """"}, {""description"": ""Wilson REBOUND (Off:0 Def:8)"", ""url"": """"}]"
wnba,wnba_shot_pace,shot_pace,possessions,get-possessions,2025,Playoffs,team,"{'OffDef': 'Offense', 'FilterComparison': 'Exactly', 'FilterEvent': 'OnFloor', 'FilterValue': 5, 'StartType': 'All', 'Season': '2025', 'SeasonType': 'Playoffs', 'TeamId': '1611661328'}",shot_pace,1611661328,4Q/OT | margin -3..3 | 300..120,get-possessions__possessions__off_def-Offense__filter_comparison-Exactly__filter_event-OnFloor__filter_value-5__start_type-All__season-2025__season_type-Playoffs__team_id-1611661328__5fa46d3f,get-possessions,https://api.pbpstats.com/get-possessions/wnba?OffDef=Offense&FilterComparison=Exactly&FilterEvent=OnFloor&FilterValue=5&StartType=All&Season=2025&SeasonType=Playoffs&TeamId=1611661328,200,168,07:10,"Wilson STEAL (3 STL): Cooke Bad Pass Turnover (P1.T13)
",0,0,0,0,2025-09-14,1042500111,0,0,LVA,4,0,-29,07:25,Off FT Miss,1,"[{""description"": ""Wilson STEAL (3 STL): Cooke Bad Pass Turnover (P1.T13)"", ""url"": """"}]"
wnba,wnba_shot_pace,shot_pace,possessions,get-possessions,2025,Playoffs,team,"{'OffDef': 'Offense', 'FilterComparison': 'Exactly', 'FilterEvent': 'OnFloor', 'FilterValue': 5, 'StartType': 'All', 'Season': '2025', 'SeasonType': 'Playoffs', 'TeamId': '1611661328'}",shot_pace,1611661328,4Q/OT | margin -3..3 | 300..120,get-possessions__possessions__off_def-Offense__filter_comparison-Exactly__filter_event-OnFloor__filter_value-5__start_type-All__season-2025__season_type-Playoffs__team_id-1611661328__5fa46d3f,get-possessions,https://api.pbpstats.com/get-possessions/wnba?OffDef=Offense&FilterComparison=Exactly&FilterEvent=OnFloor&FilterValue=5&StartType=All&Season=2025&SeasonType=Playoffs&TeamId=1611661328,200,169,07:57,"Loyd P.FOUL (P2.T2)
Ogwumike T.FOUL (P2.T1)
Loyd Free Throw Technical (11 PTS)
Wheeler 3' Driving Layup (10 PTS)
",1,1,0,0,2025-09-14,1042500111,0,0,LVA,4,0,-29,08:17,Off Timeout,0,"[{""description"": ""Loyd P.FOUL (P2.T2)"", ""url"": """"}, {""description"": ""Ogwumike T.FOUL (P2.T1)"", ""url"": """"}, {""description"": ""Loyd Free Throw Technical (11 PTS)"", ""url"": """"}, {""description"": ""Wheeler 3' Driving Layup (10 PTS)"", ""url"": """"}]"
wnba,wnba_shot_pace,shot_pace,possessions,get-possessions,2025,Playoffs,team,"{'OffDef': 'Offense', 'FilterComparison': 'Exactly', 'FilterEvent': 'OnFloor', 'FilterValue': 5, 'StartType': 'All', 'Season': '2025', 'SeasonType': 'Playoffs', 'TeamId': '1611661328'}",shot_pace,1611661328,4Q/OT | margin -3..3 | 300..120,get-possessions__possessions__off_def-Offense__filter_comparison-Exactly__filter_event-OnFloor__filter_value-5__start_type-All__season-2025__season_type-Playoffs__team_id-1611661328__5fa46d3f,get-possessions,https://api.pbpstats.com/get-possessions/wnba?OffDef=Offense&FilterComparison=Exactly&FilterEvent=OnFloor&FilterValue=5&StartType=All&Season=2025&SeasonType=Playoffs&TeamId=1611661328,200,170,08:21,"Gray P.FOUL (P2.T1)
Gray STEAL (3 STL): Williams Lost Ball Turnover (P3.T12)
",0,0,0,0,2025-09-14,1042500111,0,0,LVA,4,0,-27,08:35,Off Timeout,1,"[{""description"": ""Gray P.FOUL (P2.T1)"", ""url"": """"}, {""description"": ""Gray STEAL (3 STL): Williams Lost Ball Turnover (P3.T12)"", ""url"": """"}]"
wnba,wnba_shot_pace,shot_pace,possessions,get-possessions,2025,Playoffs,team,"{'OffDef': 'Offense', 'FilterComparison': 'Exactly', 'FilterEvent': 'OnFloor', 'FilterValue': 5, 'StartType': 'All', 'Season': '2025', 'SeasonType': 'Playoffs', 'TeamId': '1611661328'}",shot_pace,1611661328,4Q/OT | margin -3..3 | 300..120,get-possessions__possessions__off_def-Offense__filter_comparison-Exactly__filter_event-OnFloor__filter_value-5__start_type-All__season-2025__season_type-Playoffs__team_id-1611661328__5fa46d3f,get-possessions,https://api.pbpstats.com/get-possessions/wnba?OffDef=Offense&FilterComparison=Exactly&FilterEvent=OnFloor&FilterValue=5&StartType=All&Season=2025&SeasonType=Playoffs&TeamId=1611661328,200,171,08:40,"MISS Mitchell 6' Driving Layup
Evans REBOUND (Off:0 Def:2)
",1,0,0,0,2025-09-14,1042500111,0,0,LVA,4,0,-25,08:58,Off Arc 3 Make,0,"[{""description"": ""MISS Mitchell 6' Driving Layup"", ""url"": """"}, {""description"": ""Evans REBOUND (Off:0 Def:2)"", ""url"": """"}]"
wnba,wnba_shot_pace,shot_pace,possessions,get-possessions,2025,Playoffs,team,"{'OffDef': 'Offense', 'FilterComparison': 'Exactly', 'FilterEvent': 'OnFloor', 'FilterValue': 5, 'StartType': 'All', 'Season': '2025', 'SeasonType': 'Playoffs', 'TeamId': '1611661328'}",shot_pace,1611661328,4Q/OT | margin -3..3 | 300..120,get-possessions__possessions__off_def-Offense__filter_comparison-Exactly__filter_event-OnFloor__filter_value-5__start_type-All__season-2025__season_type-Playoffs__team_id-1611661328__5fa46d3f,get-possessions,https://api.pbpstats.com/get-possessions/wnba?OffDef=Offense&FilterComparison=Exactly&FilterEvent=OnFloor&FilterValue=5&StartType=All&Season=2025&SeasonType=Playoffs&TeamId=1611661328,200,172,09:22,"Sykes OFF.Foul (P5)
Sykes Offensive Foul Turnover (P5.T11)
",0,0,0,0,2025-09-14,1042500111,0,0,LVA,4,0,-22,09:25,Off At Rim Miss,1,"[{""description"": ""Sykes OFF.Foul (P5)"", ""url"": """"}, {""description"": ""Sykes Offensive Foul Turnover (P5.T11)"", ""url"": """"}]"
wnba,wnba_shot_pace,shot_pace,possessions,get-possessions,2025,Playoffs,team,"{'OffDef': 'Offense', 'FilterComparison': 'Exactly', 'FilterEvent': 'OnFloor', 'FilterValue': 5, 'StartType': 'All', 'Season': '2025', 'SeasonType': 'Playoffs', 'TeamId': '1611661328'}",shot_pace,1611661328,4Q/OT | margin -3..3 | 300..120,get-possessions__possessions__off_def-Offense__filter_comparison-Exactly__filter_event-OnFloor__filter_value-5__start_type-All__season-2025__season_type-Playoffs__team_id-1611661328__5fa46d3f,get-possessions,https://api.pbpstats.com/get-possessions/wnba?OffDef=Offense&FilterComparison=Exactly&FilterEvent=OnFloor&FilterValue=5&StartType=All&Season=2025&SeasonType=Playoffs&TeamId=1611661328,200,173,09:45,"Malonga 3' Cutting Layup Shot (7 PTS) (Wheeler 1 AST)
",1,1,0,0,2025-09-14,1042500111,0,0,LVA,4,0,-24,10:00,Off Dead Ball,0,"[{""description"": ""Malonga 3' Cutting Layup Shot (7 PTS) (Wheeler 1 AST)"", ""url"": """"}]"
wnba,wnba_shot_pace,shot_pace,possessions,get-possessions,2025,Playoffs,team,"{'OffDef': 'Offense', 'FilterComparison': 'Exactly', 'FilterEvent': 'OnFloor', 'FilterValue': 5, 'StartType': 'All', 'Season': '2025', 'SeasonType': 'Playoffs', 'TeamId': '1611661328'}",shot_pace,1611661328,4Q/OT | margin -3..3 | 300..120,get-possessions__possessions__off_def-Offense__filter_comparison-Exactly__filter_event-OnFloor__filter_value-5__start_type-All__season-2025__season_type-Playoffs__team_id-1611661328__5fa46d3f,get-possessions,https://api.pbpstats.com/get-possessions/wnba?OffDef=Offense&FilterComparison=Exactly&FilterEvent=OnFloor&FilterValue=5&StartType=All&Season=2025&SeasonType=Playoffs&TeamId=1611661328,200,174,00:00,"MISS Diggins 19' Pullup Jump Shot
Storm Rebound
",1,0,0,0,2025-09-14,1042500111,0,0,LVA,3,0,-24,00:05,Off Dead Ball,0,"[{""description"": ""MISS Diggins 19' Pullup Jump Shot"", ""url"": """"}, {""description"": ""Storm Rebound"", ""url"": """"}]"
wnba,wnba_shot_pace,shot_pace,possessions,get-possessions,2025,Playoffs,team,"{'OffDef': 'Offense', 'FilterComparison': 'Exactly', 'FilterEvent': 'OnFloor', 'FilterValue': 5, 'StartType': 'All', 'Season': '2025', 'SeasonType': 'Playoffs', 'TeamId': '1611661328'}",shot_pace,1611661328,4Q/OT | margin -3..3 | 300..120,get-possessions__possessions__off_def-Offense__filter_comparison-Exactly__filter_event-OnFloor__filter_value-5__start_type-All__season-2025__season_type-Playoffs__team_id-1611661328__5fa46d3f,get-possessions,https://api.pbpstats.com/get-possessions/wnba?OffDef=Offense&FilterComparison=Exactly&FilterEvent=OnFloor&FilterValue=5&StartType=All&Season=2025&SeasonType=Playoffs&TeamId=1611661328,200,175,00:20,"Diggins 24' 3PT Running Jump Shot (12 PTS) (Magbegor 2 AST)
",0,0,1,1,2025-09-14,1042500111,0,0,LVA,3,0,-27,00:26,Off Steal,0,"[{""description"": ""Diggins 24' 3PT Running Jump Shot (12 PTS) (Magbegor 2 AST)"", ""url"": """"}]"
wnba,wnba_shot_pace,shot_pace,possessions,get-possessions,2025,Playoffs,team,"{'OffDef': 'Offense', 'FilterComparison': 'Exactly', 'FilterEvent': 'OnFloor', 'FilterValue': 5, 'StartType': 'All', 'Season': '2025', 'SeasonType': 'Playoffs', 'TeamId': '1611661328'}",shot_pace,1611661328,4Q/OT | margin -3..3 | 300..120,get-possessions__possessions__off_def-Offense__filter_comparison-Exactly__filter_event-OnFloor__filter_value-5__start_type-All__season-2025__season_type-Playoffs__team_id-1611661328__5fa46d3f,get-possessions,https://api.pbpstats.com/get-possessions/wnba?OffDef=Offense&FilterComparison=Exactly&FilterEvent=OnFloor&FilterValue=5&StartType=All&Season=2025&SeasonType=Playoffs&TeamId=1611661328,200,176,00:42,"MISS Williams 6' Floating Jump Shot
Wilson REBOUND (Off:0 Def:7)
",1,0,0,0,2025-09-14,1042500111,0,0,LVA,3,0,-27,01:03,Off Arc 3 Make,0,"[{""description"": ""MISS Williams 6' Floating Jump Shot"", ""url"": """"}, {""description"": ""Wilson REBOUND (Off:0 Def:7)"", ""url"": """"}]"
wnba,wnba_shot_pace,shot_pace,possessions,get-possessions,2025,Playoffs,team,"{'OffDef': 'Offense', 'FilterComparison': 'Exactly', 'FilterEvent': 'OnFloor', 'FilterValue': 5, 'StartType': 'All', 'Season': '2025', 'SeasonType': 'Playoffs', 'TeamId': '1611661328'}",shot_pace,1611661328,4Q/OT | margin -3..3 | 300..120,get-possessions__possessions__off_def-Offense__filter_comparison-Exactly__filter_event-OnFloor__filter_value-5__start_type-All__season-2025__season_type-Playoffs__team_id-1611661328__5fa46d3f,get-possessions,https://api.pbpstats.com/get-possessions/wnba?OffDef=Offense&FilterComparison=Exactly&FilterEvent=OnFloor&FilterValue=5&StartType=All&Season=2025&SeasonType=Playoffs&TeamId=1611661328,200,177,01:22,"Williams 5' Pullup Jump Shot (16 PTS)
",1,1,0,0,2025-09-14,1042500111,0,0,LVA,3,0,-26,01:36,Off At Rim Make,0,"[{""description"": ""Williams 5' Pullup Jump Shot (16 PTS)"", ""url"": """"}]"
wnba,wnba_shot_pace,shot_pace,possessions,get-possessions,2025,Playoffs,team,"{'OffDef': 'Offense', 'FilterComparison': 'Exactly', 'FilterEvent': 'OnFloor', 'FilterValue': 5, 'StartType': 'All', 'Season': '2025', 'SeasonType': 'Playoffs', 'TeamId': '1611661328'}",shot_pace,1611661328,4Q/OT | margin -3..3 | 300..120,get-possessions__possessions__off_def-Offense__filter_comparison-Exactly__filter_event-OnFloor__filter_value-5__start_type-All__season-2025__season_type-Playoffs__team_id-1611661328__5fa46d3f,get-possessions,https://api.pbpstats.com/get-possessions/wnba?OffDef=Offense&FilterComparison=Exactly&FilterEvent=OnFloor&FilterValue=5&StartType=All&Season=2025&SeasonType=Playoffs&TeamId=1611661328,200,178,02:01,"Malonga 26' 3PT Jump Shot (5 PTS) (Diggins 2 AST)
",0,0,1,1,2025-09-14,1042500111,0,0,LVA,3,0,-27,02:09,Off FT Make,0,"[{""description"": ""Malonga 26' 3PT Jump Shot (5 PTS) (Diggins 2 AST)"", ""url"": """"}]"
wnba,wnba_shot_pace,shot_pace,possessions,get-possessions,2025,Playoffs,team,"{'OffDef': 'Offense', 'FilterComparison': 'Exactly', 'FilterEvent': 'OnFloor', 'FilterValue': 5, 'StartType': 'All', 'Season': '2025', 'SeasonType': 'Playoffs', 'TeamId': '1611661328'}",shot_pace,1611661328,4Q/OT | margin -3..3 | 300..120,get-possessions__possessions__off_def-Offense__filter_comparison-Exactly__filter_event-OnFloor__filter_value-5__start_type-All__season-2025__season_type-Playoffs__team_id-1611661328__5fa46d3f,get-possessions,https://api.pbpstats.com/get-possessions/wnba?OffDef=Offense&FilterComparison=Exactly&FilterEvent=OnFloor&FilterValue=5&StartType=All&Season=2025&SeasonType=Playoffs&TeamId=1611661328,200,179,02:17,"Parker-Tyus P.FOUL (P4.T3)
Young S.FOUL (P3.T4)
MISS Diggins Free Throw 1 of 2
Storm Rebound
Diggins Free Throw 2 of 2 (9 PTS)
",0,0,0,0,2025-09-14,1042500111,0,0,LVA,3,1,-26,02:36,Off Arc 3 Make,0,"[{""description"": ""Parker-Tyus P.FOUL (P4.T3)"", ""url"": """"}, {""description"": ""Young S.FOUL (P3.T4)"", ""url"": """"}, {""description"": ""MISS Diggins Free Throw 1 of 2"", ""url"": """"}, {""description"": ""Storm Rebound"", ""url"": """"}, {""description"": ""Diggins Free Throw 2 of 2 (9 PTS)"", ""url"": """"}]"
wnba,wnba_shot_pace,shot_pace,possessions,get-possessions,2025,Playoffs,team,"{'OffDef': 'Offense', 'FilterComparison': 'Exactly', 'FilterEvent': 'OnFloor', 'FilterValue': 5, 'StartType': 'All', 'Season': '2025', 'SeasonType': 'Playoffs', 'TeamId': '1611661328'}",shot_pace,1611661328,4Q/OT | margin -3..3 | 300..120,get-possessions__possessions__off_def-Offense__filter_comparison-Exactly__filter_event-OnFloor__filter_value-5__start_type-All__season-2025__season_type-Playoffs__team_id-1611661328__5fa46d3f,get-possessions,https://api.pbpstats.com/get-possessions/wnba?OffDef=Offense&FilterComparison=Exactly&FilterEvent=OnFloor&FilterValue=5&StartType=All&Season=2025&SeasonType=Playoffs&TeamId=1611661328,200,180,02:39,"MISS Wheeler 4' Driving Layup
Evans REBOUND (Off:0 Def:1)
",1,0,0,0,2025-09-14,1042500111,0,0,LVA,3,0,-23,02:56,Off Arc 3 Make,0,"[{""description"": ""MISS Wheeler 4' Driving Layup"", ""url"": """"}, {""description"": ""Evans REBOUND (Off:0 Def:1)"", ""url"": """"}]"
wnba,wnba_shot_pace,shot_pace,possessions,get-possessions,2025,Playoffs,team,"{'OffDef': 'Offense', 'FilterComparison': 'Exactly', 'FilterEvent': 'OnFloor', 'FilterValue': 5, 'StartType': 'All', 'Season': '2025', 'SeasonType': 'Playoffs', 'TeamId': '1611661328'}",shot_pace,1611661328,4Q/OT | margin -3..3 | 300..120,get-possessions__possessions__off_def-Offense__filter_comparison-Exactly__filter_event-OnFloor__filter_value-5__start_type-All__season-2025__season_type-Playoffs__team_id-1611661328__5fa46d3f,get-possessions,https://api.pbpstats.com/get-possessions/wnba?OffDef=Offense&FilterComparison=Exactly&FilterEvent=OnFloor&FilterValue=5&StartType=All&Season=2025&SeasonType=Playoffs&TeamId=1611661328,200,181,03:13,"Ogwumike 4' Cutting Layup Shot (11 PTS) (Williams 2 AST)
",1,1,0,0,2025-09-14,1042500111,0,0,LVA,3,0,-22,03:31,Off Timeout,0,"[{""description"": ""Ogwumike 4' Cutting Layup Shot (11 PTS) (Williams 2 AST)"", ""url"": """"}]"
wnba,wnba_shot_pace,shot_pace,possessions,get-possessions,2025,Playoffs,team,"{'OffDef': 'Offense', 'FilterComparison': 'Exactly', 'FilterEvent': 'OnFloor', 'FilterValue': 5, 'StartType': 'All', 'Season': '2025', 'SeasonType': 'Playoffs', 'TeamId': '1611661328'}",shot_pace,1611661328,4Q/OT | margin -3..3 | 300..120,get-possessions__possessions__off_def-Offense__filter_comparison-Exactly__filter_event-OnFloor__filter_value-5__start_type-All__season-2025__season_type-Playoffs__team_id-1611661328__5fa46d3f,get-possessions,https://api.pbpstats.com/get-possessions/wnba?OffDef=Offense&FilterComparison=Exactly&FilterEvent=OnFloor&FilterValue=5&StartType=All&Season=2025&SeasonType=Playoffs&TeamId=1611661328,200,182,03:44,"MISS Williams 17' Pullup Jump Shot
Malonga REBOUND (Off:4 Def:2)
Parker-Tyus P.FOUL (P3.T2)
Young STEAL (4 STL): Williams Bad Pass Turnover (P2.T10)
",1,0,0,0,2025-09-14,1042500111,0,1,LVA,3,0,-20,04:23,Off Arc 3 Make,1,"[{""description"": ""MISS Williams 17' Pullup Jump Shot"", ""url"": """"}, {""description"": ""Malonga REBOUND (Off:4 Def:2)"", ""url"": """"}, {""description"": ""Parker-Tyus P.FOUL (P3.T2)"", ""url"": """"}, {""description"": ""Young STEAL (4 STL): Williams Bad Pass Turnover (P2.T10)"", ""url"": """"}]"
wnba,wnba_shot_pace,shot_pace,possessions,get-possessions,2025,Playoffs,team,"{'OffDef': 'Offense', 'FilterComparison': 'Exactly', 'FilterEvent': 'OnFloor', 'FilterValue': 5, 'StartType': 'All', 'Season': '2025', 'SeasonType': 'Playoffs', 'TeamId': '1611661328'}",shot_pace,1611661328,4Q/OT | margin -3..3 | 300..120,get-possessions__possessions__off_def-Offense__filter_comparison-Exactly__filter_event-OnFloor__filter_value-5__start_type-All__season-2025__season_type-Playoffs__team_id-1611661328__5fa46d3f,get-possessions,https://api.pbpstats.com/get-possessions/wnba?OffDef=Offense&FilterComparison=Exactly&FilterEvent=OnFloor&FilterValue=5&StartType=All&Season=2025&SeasonType=Playoffs&TeamId=1611661328,200,183,04:39,"Williams 5' Running Layup (14 PTS)
",1,1,0,0,2025-09-14,1042500111,0,0,LVA,3,0,-19,04:42,Off Steal,0,"[{""description"": ""Williams 5' Running Layup (14 PTS)"", ""url"": """"}]"
wnba,wnba_shot_pace,shot_pace,possessions,get-possessions,2025,Playoffs,team,"{'OffDef': 'Offense', 'FilterComparison': 'Exactly', 'FilterEvent': 'OnFloor', 'FilterValue': 5, 'StartType': 'All', 'Season': '2025', 'SeasonType': 'Playoffs', 'TeamId': '1611661328'}",shot_pace,1611661328,4Q/OT | margin -3..3 | 300..120,get-possessions__possessions__off_def-Offense__filter_comparison-Exactly__filter_event-OnFloor__filter_value-5__start_type-All__season-2025__season_type-Playoffs__team_id-1611661328__5fa46d3f,get-possessions,https://api.pbpstats.com/get-possessions/wnba?OffDef=Offense&FilterComparison=Exactly&FilterEvent=OnFloor&FilterValue=5&StartType=All&Season=2025&SeasonType=Playoffs&TeamId=1611661328,200,184,04:49,"Wilson BLOCK (2 BLK): MISS Williams 4' Driving Layup
Wilson REBOUND (Off:0 Def:6)
",1,0,0,0,2025-09-14,1042500111,0,0,LVA,3,0,-19,05:00,Off At Rim Miss,0,"[{""description"": ""Wilson BLOCK (2 BLK): MISS Williams 4' Driving Layup"", ""url"": """"}, {""description"": ""Wilson REBOUND (Off:0 Def:6)"", ""url"": """"}]"
wnba,wnba_shot_pace,shot_pace,possessions,get-possessions,2025,Playoffs,team,"{'OffDef': 'Offense', 'FilterComparison': 'Exactly', 'FilterEvent': 'OnFloor', 'FilterValue': 5, 'StartType': 'All', 'Season': '2025', 'SeasonType': 'Playoffs', 'TeamId': '1611661328'}",shot_pace,1611661328,4Q/OT | margin -3..3 | 300..120,get-possessions__possessions__off_def-Offense__filter_comparison-Exactly__filter_event-OnFloor__filter_value-5__start_type-All__season-2025__season_type-Playoffs__team_id-1611661328__5fa46d3f,get-possessions,https://api.pbpstats.com/get-possessions/wnba?OffDef=Offense&FilterComparison=Exactly&FilterEvent=OnFloor&FilterValue=5&StartType=All&Season=2025&SeasonType=Playoffs&TeamId=1611661328,200,185,05:15,"Diggins 4' Driving Finger Roll Layup (7 PTS) (Magbegor 1 AST)
Gray S.FOUL (P1.T1)
Diggins Free Throw 1 of 1 (8 PTS)
",1,1,0,0,2025-09-14,1042500111,0,0,LVA,3,1,-22,05:30,Off FT Make,0,"[{""description"": ""Diggins 4' Driving Finger Roll Layup (7 PTS) (Magbegor 1 AST)"", ""url"": """"}, {""description"": ""Gray S.FOUL (P1.T1)"", ""url"": """"}, {""description"": ""Diggins Free Throw 1 of 1 (8 PTS)"", ""url"": """"}]"
wnba,wnba_shot_pace,shot_pace,possessions,get-possessions,2025,Playoffs,team,"{'OffDef': 'Offense', 'FilterComparison': 'Exactly', 'FilterEvent': 'OnFloor', 'FilterValue': 5, 'StartType': 'All', 'Season': '2025', 'SeasonType': 'Playoffs', 'TeamId': '1611661328'}",shot_pace,1611661328,4Q/OT | margin -3..3 | 300..120,get-possessions__possessions__off_def-Offense__filter_comparison-Exactly__filter_event-OnFloor__filter_value-5__start_type-All__season-2025__season_type-Playoffs__team_id-1611661328__5fa46d3f,get-possessions,https://api.pbpstats.com/get-possessions/wnba?OffDef=Offense&FilterComparison=Exactly&FilterEvent=OnFloor&FilterValue=5&StartType=All&Season=2025&SeasonType=Playoffs&TeamId=1611661328,200,186,05:44,"MISS Sykes 6' Running Layup
Magbegor REBOUND (Off:1 Def:2)
MISS Williams 26' 3PT Jump Shot
ACES Rebound
",1,0,1,0,2025-09-14,1042500111,0,1,LVA,3,0,-20,05:54,Off Arc 3 Miss,0,"[{""description"": ""MISS Sykes 6' Running Layup"", ""url"": """"}, {""description"": ""Magbegor REBOUND (Off:1 Def:2)"", ""url"": """"}, {""description"": ""MISS Williams 26' 3PT Jump Shot"", ""url"": """"}, {""description"": ""ACES Rebound"", ""url"": """"}]"
wnba,wnba_shot_pace,shot_pace,possessions,get-possessions,2025,Playoffs,team,"{'OffDef': 'Offense', 'FilterComparison': 'Exactly', 'FilterEvent': 'OnFloor', 'FilterValue': 5, 'StartType': 'All', 'Season': '2025', 'SeasonType': 'Playoffs', 'TeamId': '1611661328'}",shot_pace,1611661328,4Q/OT | margin -3..3 | 300..120,get-possessions__possessions__off_def-Offense__filter_comparison-Exactly__filter_event-OnFloor__filter_value-5__start_type-All__season-2025__season_type-Playoffs__team_id-1611661328__5fa46d3f,get-possessions,https://api.pbpstats.com/get-possessions/wnba?OffDef=Offense&FilterComparison=Exactly&FilterEvent=OnFloor&FilterValue=5&StartType=All&Season=2025&SeasonType=Playoffs&TeamId=1611661328,200,187,06:02,"MISS Diggins 5' Driving Layup
Diggins REBOUND (Off:1 Def:0)
MISS Diggins 6' Putback Layup
Bell REBOUND (Off:0 Def:1)
",2,0,0,0,2025-09-14,1042500111,0,1,LVA,3,0,-20,06:26,Off At Rim Make,0,"[{""description"": ""MISS Diggins 5' Driving Layup"", ""url"": """"}, {""description"": ""Diggins REBOUND (Off:1 Def:0)"", ""url"": """"}, {""description"": ""MISS Diggins 6' Putback Layup"", ""url"": """"}, {""description"": ""Bell REBOUND (Off:0 Def:1)"", ""url"": """"}]"
wnba,wnba_shot_pace,shot_pace,possessions,get-possessions,2025,Playoffs,team,"{'OffDef': 'Offense', 'FilterComparison': 'Exactly', 'FilterEvent': 'OnFloor', 'FilterValue': 5, 'StartType': 'All', 'Season': '2025', 'SeasonType': 'Playoffs', 'TeamId': '1611661328'}",shot_pace,1611661328,4Q/OT | margin -3..3 | 300..120,get-possessions__possessions__off_def-Offense__filter_comparison-Exactly__filter_event-OnFloor__filter_value-5__start_type-All__season-2025__season_type-Playoffs__team_id-1611661328__5fa46d3f,get-possessions,https://api.pbpstats.com/get-possessions/wnba?OffDef=Offense&FilterComparison=Exactly&FilterEvent=OnFloor&FilterValue=5&StartType=All&Season=2025&SeasonType=Playoffs&TeamId=1611661328,200,188,06:38,"Williams 2' Cutting Layup Shot (12 PTS) (Ogwumike 3 AST)
",1,1,0,0,2025-09-14,1042500111,0,0,LVA,3,0,-20,06:53,Off Short Mid-Range Make,0,"[{""description"": ""Williams 2' Cutting Layup Shot (12 PTS) (Ogwumike 3 AST)"", ""url"": """"}]"
wnba,wnba_shot_pace,shot_pace,possessions,get-possessions,2025,Playoffs,team,"{'OffDef': 'Offense', 'FilterComparison': 'Exactly', 'FilterEvent': 'OnFloor', 'FilterValue': 5, 'StartType': 'All', 'Season': '2025', 'SeasonType': 'Playoffs', 'TeamId': '1611661328'}",shot_pace,1611661328,4Q/OT | margin -3..3 | 300..120,get-possessions__possessions__off_def-Offense__filter_comparison-Exactly__filter_event-OnFloor__filter_value-5__start_type-All__season-2025__season_type-Playoffs__team_id-1611661328__5fa46d3f,get-possessions,https://api.pbpstats.com/get-possessions/wnba?OffDef=Offense&FilterComparison=Exactly&FilterEvent=OnFloor&FilterValue=5&StartType=All&Season=2025&SeasonType=Playoffs&TeamId=1611661328,200,189,07:02,"Williams 20' Pullup Jump Shot (10 PTS)
",1,1,0,0,2025-09-14,1042500111,0,0,LVA,3,0,-20,07:16,Off Corner 3 Make,0,"[{""description"": ""Williams 20' Pullup Jump Shot (10 PTS)"", ""url"": """"}]"
wnba,wnba_shot_pace,shot_pace,possessions,get-possessions,2025,Playoffs,team,"{'OffDef': 'Offense', 'FilterComparison': 'Exactly', 'FilterEvent': 'OnFloor', 'FilterValue': 5, 'StartType': 'All', 'Season': '2025', 'SeasonType': 'Playoffs', 'TeamId': '1611661328'}",shot_pace,1611661328,4Q/OT | margin -3..3 | 300..120,get-possessions__possessions__off_def-Offense__filter_comparison-Exactly__filter_event-OnFloor__filter_value-5__start_type-All__season-2025__season_type-Playoffs__team_id-1611661328__5fa46d3f,get-possessions,https://api.pbpstats.com/get-possessions/wnba?OffDef=Offense&FilterComparison=Exactly&FilterEvent=OnFloor&FilterValue=5&StartType=All&Season=2025&SeasonType=Playoffs&TeamId=1611661328,200,190,07:28,"MISS Sykes 5' Running Layup
Smith REBOUND (Off:2 Def:6)
",1,0,0,0,2025-09-14,1042500111,0,0,LVA,3,0,-17,07:36,Off Arc 3 Miss,0,"[{""description"": ""MISS Sykes 5' Running Layup"", ""url"": """"}, {""description"": ""Smith REBOUND (Off:2 Def:6)"", ""url"": """"}]"
wnba,wnba_shot_pace,shot_pace,possessions,get-possessions,2025,Playoffs,team,"{'OffDef': 'Offense', 'FilterComparison': 'Exactly', 'FilterEvent': 'OnFloor', 'FilterValue': 5, 'StartType': 'All', 'Season': '2025', 'SeasonType': 'Playoffs', 'TeamId': '1611661328'}",shot_pace,1611661328,4Q/OT | margin -3..3 | 300..120,get-possessions__possessions__off_def-Offense__filter_comparison-Exactly__filter_event-OnFloor__filter_value-5__start_type-All__season-2025__season_type-Playoffs__team_id-1611661328__5fa46d3f,get-possessions,https://api.pbpstats.com/get-possessions/wnba?OffDef=Offense&FilterComparison=Exactly&FilterEvent=OnFloor&FilterValue=5&StartType=All&Season=2025&SeasonType=Playoffs&TeamId=1611661328,200,191,08:15,"Diggins 25' 3PT Pullup Jump Shot (5 PTS)
",0,0,1,1,2025-09-14,1042500111,0,0,LVA,3,0,-20,08:24,Off Short Mid-Range Make,0,"[{""description"": ""Diggins 25' 3PT Pullup Jump Shot (5 PTS)"", ""url"": """"}]"
wnba,wnba_shot_pace,shot_pace,possessions,get-possessions,2025,Playoffs,team,"{'OffDef': 'Offense', 'FilterComparison': 'Exactly', 'FilterEvent': 'OnFloor', 'FilterValue': 5, 'StartType': 'All', 'Season': '2025', 'SeasonType': 'Playoffs', 'TeamId': '1611661328'}",shot_pace,1611661328,4Q/OT | margin -3..3 | 300..120,get-possessions__possessions__off_def-Offense__filter_comparison-Exactly__filter_event-OnFloor__filter_value-5__start_type-All__season-2025__season_type-Playoffs__team_id-1611661328__5fa46d3f,get-possessions,https://api.pbpstats.com/get-possessions/wnba?OffDef=Offense&FilterComparison=Exactly&FilterEvent=OnFloor&FilterValue=5&StartType=All&Season=2025&SeasonType=Playoffs&TeamId=1611661328,200,192,08:46,"Williams 18' Pullup Jump Shot (8 PTS)
",1,1,0,0,2025-09-14,1042500111,0,0,LVA,3,0,-20,09:11,Off Short Mid-Range Make,0,"[{""description"": ""Williams 18' Pullup Jump Shot (8 PTS)"", ""url"": """"}]"
wnba,wnba_shot_pace,shot_pace,possessions,get-possessions,2025,Playoffs,team,"{'OffDef': 'Offense', 'FilterComparison': 'Exactly', 'FilterEvent': 'OnFloor', 'FilterValue': 5, 'StartType': 'All', 'Season': '2025', 'SeasonType': 'Playoffs', 'TeamId': '1611661328'}",shot_pace,1611661328,4Q/OT | margin -3..3 | 300..120,get-possessions__possessions__off_def-Offense__filter_comparison-Exactly__filter_event-OnFloor__filter_value-5__start_type-All__season-2025__season_type-Playoffs__team_id-1611661328__5fa46d3f,get-possessions,https://api.pbpstats.com/get-possessions/wnba?OffDef=Offense&FilterComparison=Exactly&FilterEvent=OnFloor&FilterValue=5&StartType=All&Season=2025&SeasonType=Playoffs&TeamId=1611661328,200,193,09:23,"Diggins 4' Running Layup (2 PTS) (Williams 1 AST)
",1,1,0,0,2025-09-14,1042500111,0,0,LVA,3,0,-20,09:32,Off At Rim Block,0,"[{""description"": ""Diggins 4' Running Layup (2 PTS) (Williams 1 AST)"", ""url"": """"}]"
wnba,wnba_shot_pace,shot_pace,possessions,get-possessions,2025,Playoffs,team,"{'OffDef': 'Offense', 'FilterComparison': 'Exactly', 'FilterEvent': 'OnFloor', 'FilterValue': 5, 'StartType': 'All', 'Season': '2025', 'SeasonType': 'Playoffs', 'TeamId': '1611661328'}",shot_pace,1611661328,4Q/OT | margin -3..3 | 300..120,get-possessions__possessions__off_def-Offense__filter_comparison-Exactly__filter_event-OnFloor__filter_value-5__start_type-All__season-2025__season_type-Playoffs__team_id-1611661328__5fa46d3f,get-possessions,https://api.pbpstats.com/get-possessions/wnba?OffDef=Offense&FilterComparison=Exactly&FilterEvent=OnFloor&FilterValue=5&StartType=All&Season=2025&SeasonType=Playoffs&TeamId=1611661328,200,194,00:13,"MISS Wheeler 14' Jump Shot
Smith REBOUND (Off:1 Def:5)
",1,0,0,0,2025-09-14,1042500111,0,0,LVA,2,0,-17,00:36,Off Dead Ball,0,"[{""description"": ""MISS Wheeler 14' Jump Shot"", ""url"": """"}, {""description"": ""Smith REBOUND (Off:1 Def:5)"", ""url"": """"}]"
wnba,wnba_shot_pace,shot_pace,possessions,get-possessions,2025,Playoffs,team,"{'OffDef': 'Offense', 'FilterComparison': 'Exactly', 'FilterEvent': 'OnFloor', 'FilterValue': 5, 'StartType': 'All', 'Season': '2025', 'SeasonType': 'Playoffs', 'TeamId': '1611661328'}",shot_pace,1611661328,4Q/OT | margin -3..3 | 300..120,get-possessions__possessions__off_def-Offense__filter_comparison-Exactly__filter_event-OnFloor__filter_value-5__start_type-All__season-2025__season_type-Playoffs__team_id-1611661328__5fa46d3f,get-possessions,https://api.pbpstats.com/get-possessions/wnba?OffDef=Offense&FilterComparison=Exactly&FilterEvent=OnFloor&FilterValue=5&StartType=All&Season=2025&SeasonType=Playoffs&TeamId=1611661328,200,195,00:45,"MISS Wheeler 26' 3PT Jump Shot
Malonga REBOUND (Off:3 Def:2)
MISS Malonga 4' Putback Layup
Smith REBOUND (Off:1 Def:4)
",1,0,1,0,2025-09-14,1042500111,0,1,LVA,2,0,-17,01:07,Off FT Miss,0,"[{""description"": ""MISS Wheeler 26' 3PT Jump Shot"", ""url"": """"}, {""description"": ""Malonga REBOUND (Off:3 Def:2)"", ""url"": """"}, {""description"": ""MISS Malonga 4' Putback Layup"", ""url"": """"}, {""description"": ""Smith REBOUND (Off:1 Def:4)"", ""url"": """"}]"
wnba,wnba_shot_pace,shot_pace,possessions,get-possessions,2025,Playoffs,team,"{'OffDef': 'Offense', 'FilterComparison': 'Exactly', 'FilterEvent': 'OnFloor', 'FilterValue': 5, 'StartType': 'All', 'Season': '2025', 'SeasonType': 'Playoffs', 'TeamId': '1611661328'}",shot_pace,1611661328,4Q/OT | margin -3..3 | 300..120,get-possessions__possessions__off_def-Offense__filter_comparison-Exactly__filter_event-OnFloor__filter_value-5__start_type-All__season-2025__season_type-Playoffs__team_id-1611661328__5fa46d3f,get-possessions,https://api.pbpstats.com/get-possessions/wnba?OffDef=Offense&FilterComparison=Exactly&FilterEvent=OnFloor&FilterValue=5&StartType=All&Season=2025&SeasonType=Playoffs&TeamId=1611661328,200,196,01:10,"Loyd BLOCK (1 BLK): MISS Wheeler 5' Driving Layup
Storm Rebound
MISS Malonga 5' Driving Layup
Wilson REBOUND (Off:0 Def:5)
",2,0,0,0,2025-09-14,1042500111,0,1,LVA,2,0,-16,01:29,Off At Rim Make,0,"[{""description"": ""Loyd BLOCK (1 BLK): MISS Wheeler 5' Driving Layup"", ""url"": """"}, {""description"": ""Storm Rebound"", ""url"": """"}, {""description"": ""MISS Malonga 5' Driving Layup"", ""url"": """"}, {""description"": ""Wilson REBOUND (Off:0 Def:5)"", ""url"": """"}]"
wnba,wnba_shot_pace,shot_pace,possessions,get-possessions,2025,Playoffs,team,"{'OffDef': 'Offense', 'FilterComparison': 'Exactly', 'FilterEvent': 'OnFloor', 'FilterValue': 5, 'StartType': 'All', 'Season': '2025', 'SeasonType': 'Playoffs', 'TeamId': '1611661328'}",shot_pace,1611661328,4Q/OT | margin -3..3 | 300..120,get-possessions__possessions__off_def-Offense__filter_comparison-Exactly__filter_event-OnFloor__filter_value-5__start_type-All__season-2025__season_type-Playoffs__team_id-1611661328__5fa46d3f,get-possessions,https://api.pbpstats.com/get-possessions/wnba?OffDef=Offense&FilterComparison=Exactly&FilterEvent=OnFloor&FilterValue=5&StartType=All&Season=2025&SeasonType=Playoffs&TeamId=1611661328,200,197,01:40,"Wilson STEAL (2 STL): Sykes Bad Pass Turnover (P4.T9)
",0,0,0,0,2025-09-14,1042500111,0,0,LVA,2,0,-14,01:47,Off Long Mid-Range Miss,1,"[{""description"": ""Wilson STEAL (2 STL): Sykes Bad Pass Turnover (P4.T9)"", ""url"": """"}]"
wnba,wnba_shot_pace,shot_pace,possessions,get-possessions,2025,Playoffs,team,"{'OffDef': 'Offense', 'FilterComparison': 'Exactly', 'FilterEvent': 'OnFloor', 'FilterValue': 5, 'StartType': 'All', 'Season': '2025', 'SeasonType': 'Playoffs', 'TeamId': '1611661328'}",shot_pace,1611661328,4Q/OT | margin -3..3 | 300..120,get-possessions__possessions__off_def-Offense__filter_comparison-Exactly__filter_event-OnFloor__filter_value-5__start_type-All__season-2025__season_type-Playoffs__team_id-1611661328__5fa46d3f,get-possessions,https://api.pbpstats.com/get-possessions/wnba?OffDef=Offense&FilterComparison=Exactly&FilterEvent=OnFloor&FilterValue=5&StartType=All&Season=2025&SeasonType=Playoffs&TeamId=1611661328,200,198,02:13,"Ogwumike 12' Turnaround Jump Shot (9 PTS) (Sykes 1 AST)
",1,1,0,0,2025-09-14,1042500111,0,0,LVA,2,0,-16,02:31,Off Timeout,0,"[{""description"": ""Ogwumike 12' Turnaround Jump Shot (9 PTS) (Sykes 1 AST)"", ""url"": """"}]"
wnba,wnba_shot_pace,shot_pace,possessions,get-possessions,2025,Playoffs,team,"{'OffDef': 'Offense', 'FilterComparison': 'Exactly', 'FilterEvent': 'OnFloor', 'FilterValue': 5, 'StartType': 'All', 'Season': '2025', 'SeasonType': 'Playoffs', 'TeamId': '1611661328'}",shot_pace,1611661328,4Q/OT | margin -3..3 | 300..120,get-possessions__possessions__off_def-Offense__filter_comparison-Exactly__filter_event-OnFloor__filter_value-5__start_type-All__season-2025__season_type-Playoffs__team_id-1611661328__5fa46d3f,get-possessions,https://api.pbpstats.com/get-possessions/wnba?OffDef=Offense&FilterComparison=Exactly&FilterEvent=OnFloor&FilterValue=5&StartType=All&Season=2025&SeasonType=Playoffs&TeamId=1611661328,200,199,02:39,"MISS Malonga 14' Turnaround Fadeaway Shot
Young REBOUND (Off:1 Def:3)
",1,0,0,0,2025-09-14,1042500111,0,0,LVA,2,0,-13,02:59,Off FT Miss,0,"[{""description"": ""MISS Malonga 14' Turnaround Fadeaway Shot"", ""url"": """"}, {""description"": ""Young REBOUND (Off:1 Def:3)"", ""url"": """"}]"
wnba,wnba_shot_pace,shot_pace,possessions,get-possessions,2025,Playoffs,team,"{'OffDef': 'Offense', 'FilterComparison': 'Exactly', 'FilterEvent': 'OnFloor', 'FilterValue': 5, 'StartType': 'All', 'Season': '2025', 'SeasonType': 'Playoffs', 'TeamId': '1611661328'}",shot_pace,1611661328,4Q/OT | margin -3..3 | 300..120,get-possessions__possessions__off_def-Offense__filter_comparison-Exactly__filter_event-OnFloor__filter_value-5__start_type-All__season-2025__season_type-Playoffs__team_id-1611661328__5fa46d3f,get-possessions,https://api.pbpstats.com/get-possessions/wnba?OffDef=Offense&FilterComparison=Exactly&FilterEvent=OnFloor&FilterValue=5&StartType=All&Season=2025&SeasonType=Playoffs&TeamId=1611661328,200,200,03:06,"MISS Wheeler 25' 3PT Step Back Jump Shot
Wilson REBOUND (Off:0 Def:4)
",0,0,1,0,2025-09-14,1042500111,0,0,LVA,2,0,-12,03:26,Off Arc 3 Miss,0,"[{""description"": ""MISS Wheeler 25' 3PT Step Back Jump Shot"", ""url"": """"}, {""description"": ""Wilson REBOUND (Off:0 Def:4)"", ""url"": """"}]"
wnba,wnba_shot_pace,shot_pace,possessions,get-possessions,2025,Playoffs,team,"{'OffDef': 'Offense', 'FilterComparison': 'Exactly', 'FilterEvent': 'OnFloor', 'FilterValue': 5, 'StartType': 'All', 'Season': '2025', 'SeasonType': 'Playoffs', 'TeamId': '1611661328'}",shot_pace,1611661328,4Q/OT | margin -3..3 | 300..120,get-possessions__possessions__off_def-Offense__filter_comparison-Exactly__filter_event-OnFloor__filter_value-5__start_type-All__season-2025__season_type-Playoffs__team_id-1611661328__5fa46d3f,get-possessions,https://api.pbpstats.com/get-possessions/wnba?OffDef=Offense&FilterComparison=Exactly&FilterEvent=OnFloor&FilterValue=5&StartType=All&Season=2025&SeasonType=Playoffs&TeamId=1611661328,200,201,03:43,"MISS Sykes 5' Driving Floating Jump Shot
Malonga REBOUND (Off:2 Def:1)
Malonga 4' Putback Layup (2 PTS)
",2,1,0,0,2025-09-14,1042500111,0,1,LVA,2,0,-14,04:05,Off FT Make,0,"[{""description"": ""MISS Sykes 5' Driving Floating Jump Shot"", ""url"": """"}, {""description"": ""Malonga REBOUND (Off:2 Def:1)"", ""url"": """"}, {""description"": ""Malonga 4' Putback Layup (2 PTS)"", ""url"": """"}]"
wnba,wnba_shot_pace,shot_pace,possessions,get-possessions,2025,Playoffs,team,"{'OffDef': 'Offense', 'FilterComparison': 'Exactly', 'FilterEvent': 'OnFloor', 'FilterValue': 5, 'StartType': 'All', 'Season': '2025', 'SeasonType': 'Playoffs', 'TeamId': '1611661328'}",shot_pace,1611661328,4Q/OT | margin -3..3 | 300..120,get-possessions__possessions__off_def-Offense__filter_comparison-Exactly__filter_event-OnFloor__filter_value-5__start_type-All__season-2025__season_type-Playoffs__team_id-1611661328__5fa46d3f,get-possessions,https://api.pbpstats.com/get-possessions/wnba?OffDef=Offense&FilterComparison=Exactly&FilterEvent=OnFloor&FilterValue=5&StartType=All&Season=2025&SeasonType=Playoffs&TeamId=1611661328,200,202,04:27,"Wheeler 11' Pullup Jump Shot (8 PTS)
",1,1,0,0,2025-09-14,1042500111,0,0,LVA,2,0,-14,04:50,Off At Rim Make,0,"[{""description"": ""Wheeler 11' Pullup Jump Shot (8 PTS)"", ""url"": """"}]"
wnba,wnba_shot_pace,shot_pace,possessions,get-possessions,2025,Playoffs,team,"{'OffDef': 'Offense', 'FilterComparison': 'Exactly', 'FilterEvent': 'OnFloor', 'FilterValue': 5, 'StartType': 'All', 'Season': '2025', 'SeasonType': 'Playoffs', 'TeamId': '1611661328'}",shot_pace,1611661328,4Q/OT | margin -3..3 | 300..120,get-possessions__possessions__off_def-Offense__filter_comparison-Exactly__filter_event-OnFloor__filter_value-5__start_type-All__season-2025__season_type-Playoffs__team_id-1611661328__5fa46d3f,get-possessions,https://api.pbpstats.com/get-possessions/wnba?OffDef=Offense&FilterComparison=Exactly&FilterEvent=OnFloor&FilterValue=5&StartType=All&Season=2025&SeasonType=Playoffs&TeamId=1611661328,200,203,05:09,"MISS Ogwumike 3' Reverse Layup
ACES Rebound
",1,0,0,0,2025-09-14,1042500111,0,0,LVA,2,0,-12,05:16,Off Short Mid-Range Miss,0,"[{""description"": ""MISS Ogwumike 3' Reverse Layup"", ""url"": """"}, {""description"": ""ACES Rebound"", ""url"": """"}]"
wnba,wnba_shot_pace,shot_pace,possessions,get-possessions,2025,Playoffs,team,"{'OffDef': 'Offense', 'FilterComparison': 'Exactly', 'FilterEvent': 'OnFloor', 'FilterValue': 5, 'StartType': 'All', 'Season': '2025', 'SeasonType': 'Playoffs', 'TeamId': '1611661328'}",shot_pace,1611661328,4Q/OT | margin -3..3 | 300..120,get-possessions__possessions__off_def-Offense__filter_comparison-Exactly__filter_event-OnFloor__filter_value-5__start_type-All__season-2025__season_type-Playoffs__team_id-1611661328__5fa46d3f,get-possessions,https://api.pbpstats.com/get-possessions/wnba?OffDef=Offense&FilterComparison=Exactly&FilterEvent=OnFloor&FilterValue=5&StartType=All&Season=2025&SeasonType=Playoffs&TeamId=1611661328,200,204,05:39,"Williams 4' Cutting Layup Shot (6 PTS) (Ogwumike 2 AST)
",1,1,0,0,2025-09-14,1042500111,0,0,LVA,2,0,-14,05:56,Off Short Mid-Range Make,0,"[{""description"": ""Williams 4' Cutting Layup Shot (6 PTS) (Ogwumike 2 AST)"", ""url"": """"}]"
wnba,wnba_shot_pace,shot_pace,possessions,get-possessions,2025,Playoffs,team,"{'OffDef': 'Offense', 'FilterComparison': 'Exactly', 'FilterEvent': 'OnFloor', 'FilterValue': 5, 'StartType': 'All', 'Season': '2025', 'SeasonType': 'Playoffs', 'TeamId': '1611661328'}",shot_pace,1611661328,4Q/OT | margin -3..3 | 300..120,get-possessions__possessions__off_def-Offense__filter_comparison-Exactly__filter_event-OnFloor__filter_value-5__start_type-All__season-2025__season_type-Playoffs__team_id-1611661328__5fa46d3f,get-possessions,https://api.pbpstats.com/get-possessions/wnba?OffDef=Offense&FilterComparison=Exactly&FilterEvent=OnFloor&FilterValue=5&StartType=All&Season=2025&SeasonType=Playoffs&TeamId=1611661328,200,205,06:09,"Wilson STEAL (1 STL): Ogwumike Bad Pass Turnover (P3.T8)
",0,0,0,0,2025-09-14,1042500111,0,0,LVA,2,0,-12,06:37,Off Arc 3 Make,1,"[{""description"": ""Wilson STEAL (1 STL): Ogwumike Bad Pass Turnover (P3.T8)"", ""url"": """"}]"
wnba,wnba_shot_pace,shot_pace,possessions,get-possessions,2025,Playoffs,team,"{'OffDef': 'Offense', 'FilterComparison': 'Exactly', 'FilterEvent': 'OnFloor', 'FilterValue': 5, 'StartType': 'All', 'Season': '2025', 'SeasonType': 'Playoffs', 'TeamId': '1611661328'}",shot_pace,1611661328,4Q/OT | margin -3..3 | 300..120,get-possessions__possessions__off_def-Offense__filter_comparison-Exactly__filter_event-OnFloor__filter_value-5__start_type-All__season-2025__season_type-Playoffs__team_id-1611661328__5fa46d3f,get-possessions,https://api.pbpstats.com/get-possessions/wnba?OffDef=Offense&FilterComparison=Exactly&FilterEvent=OnFloor&FilterValue=5&StartType=All&Season=2025&SeasonType=Playoffs&TeamId=1611661328,200,206,06:46,"MISS Ogwumike 24' 3PT Jump Shot
Young REBOUND (Off:0 Def:2)
",0,0,1,0,2025-09-14,1042500111,0,0,LVA,2,0,-9,07:07,Off At Rim Make,0,"[{""description"": ""MISS Ogwumike 24' 3PT Jump Shot"", ""url"": """"}, {""description"": ""Young REBOUND (Off:0 Def:2)"", ""url"": """"}]"
wnba,wnba_shot_pace,shot_pace,possessions,get-possessions,2025,Playoffs,team,"{'OffDef': 'Offense', 'FilterComparison': 'Exactly', 'FilterEvent': 'OnFloor', 'FilterValue': 5, 'StartType': 'All', 'Season': '2025', 'SeasonType': 'Playoffs', 'TeamId': '1611661328'}",shot_pace,1611661328,4Q/OT | margin -3..3 | 300..120,get-possessions__possessions__off_def-Offense__filter_comparison-Exactly__filter_event-OnFloor__filter_value-5__start_type-All__season-2025__season_type-Playoffs__team_id-1611661328__5fa46d3f,get-possessions,https://api.pbpstats.com/get-possessions/wnba?OffDef=Offense&FilterComparison=Exactly&FilterEvent=OnFloor&FilterValue=5&StartType=All&Season=2025&SeasonType=Playoffs&TeamId=1611661328,200,207,07:17,"Young STEAL (3 STL): Williams Bad Pass Turnover (P1.T7)
",0,0,0,0,2025-09-14,1042500111,0,0,LVA,2,0,-7,07:24,Off Short Mid-Range Miss,1,"[{""description"": ""Young STEAL (3 STL): Williams Bad Pass Turnover (P1.T7)"", ""url"": """"}]"
wnba,wnba_shot_pace,shot_pace,possessions,get-possessions,2025,Playoffs,team,"{'OffDef': 'Offense', 'FilterComparison': 'Exactly', 'FilterEvent': 'OnFloor', 'FilterValue': 5, 'StartType': 'All', 'Season': '2025', 'SeasonType': 'Playoffs', 'TeamId': '1611661328'}",shot_pace,1611661328,4Q/OT | margin -3..3 | 300..120,get-possessions__possessions__off_def-Offense__filter_comparison-Exactly__filter_event-OnFloor__filter_value-5__start_type-All__season-2025__season_type-Playoffs__team_id-1611661328__5fa46d3f,get-possessions,https://api.pbpstats.com/get-possessions/wnba?OffDef=Offense&FilterComparison=Exactly&FilterEvent=OnFloor&FilterValue=5&StartType=All&Season=2025&SeasonType=Playoffs&TeamId=1611661328,200,208,07:45,"MISS Diggins 24' 3PT Pullup Jump Shot
Gray REBOUND (Off:0 Def:3)
",0,0,1,0,2025-09-14,1042500111,0,0,LVA,2,0,-7,07:59,Off Short Mid-Range Make,0,"[{""description"": ""MISS Diggins 24' 3PT Pullup Jump Shot"", ""url"": """"}, {""description"": ""Gray REBOUND (Off:0 Def:3)"", ""url"": """"}]"
wnba,wnba_shot_pace,shot_pace,possessions,get-possessions,2025,Playoffs,team,"{'OffDef': 'Offense', 'FilterComparison': 'Exactly', 'FilterEvent': 'OnFloor', 'FilterValue': 5, 'StartType': 'All', 'Season': '2025', 'SeasonType': 'Playoffs', 'TeamId': '1611661328'}",shot_pace,1611661328,4Q/OT | margin -3..3 | 300..120,get-possessions__possessions__off_def-Offense__filter_comparison-Exactly__filter_event-OnFloor__filter_value-5__start_type-All__season-2025__season_type-Playoffs__team_id-1611661328__5fa46d3f,get-possessions,https://api.pbpstats.com/get-possessions/wnba?OffDef=Offense&FilterComparison=Exactly&FilterEvent=OnFloor&FilterValue=5&StartType=All&Season=2025&SeasonType=Playoffs&TeamId=1611661328,200,209,08:16,"Wilson P.FOUL (P1.T1)
MISS Magbegor 4' Driving Layup
Young REBOUND (Off:0 Def:1)
",1,0,0,0,2025-09-14,1042500111,0,0,LVA,2,0,-5,08:40,Off Short Mid-Range Miss,0,"[{""description"": ""Wilson P.FOUL (P1.T1)"", ""url"": """"}, {""description"": ""MISS Magbegor 4' Driving Layup"", ""url"": """"}, {""description"": ""Young REBOUND (Off:0 Def:1)"", ""url"": """"}]"
wnba,wnba_shot_pace,shot_pace,possessions,get-possessions,2025,Playoffs,team,"{'OffDef': 'Offense', 'FilterComparison': 'Exactly', 'FilterEvent': 'OnFloor', 'FilterValue': 5, 'StartType': 'All', 'Season': '2025', 'SeasonType': 'Playoffs', 'TeamId': '1611661328'}",shot_pace,1611661328,4Q/OT | margin -3..3 | 300..120,get-possessions__possessions__off_def-Offense__filter_comparison-Exactly__filter_event-OnFloor__filter_value-5__start_type-All__season-2025__season_type-Playoffs__team_id-1611661328__5fa46d3f,get-possessions,https://api.pbpstats.com/get-possessions/wnba?OffDef=Offense&FilterComparison=Exactly&FilterEvent=OnFloor&FilterValue=5&StartType=All&Season=2025&SeasonType=Playoffs&TeamId=1611661328,200,210,09:04,"Wheeler 26' 3PT Running Pull-Up Jump Shot (6 PTS)
",0,0,1,1,2025-09-14,1042500111,0,0,LVA,2,0,-8,09:08,Off Short Mid-Range Miss,0,"[{""description"": ""Wheeler 26' 3PT Running Pull-Up Jump Shot (6 PTS)"", ""url"": """"}]"
wnba,wnba_shot_pace,shot_pace,possessions,get-possessions,2025,Playoffs,team,"{'OffDef': 'Offense', 'FilterComparison': 'Exactly', 'FilterEvent': 'OnFloor', 'FilterValue': 5, 'StartType': 'All', 'Season': '2025', 'SeasonType': 'Playoffs', 'TeamId': '1611661328'}",shot_pace,1611661328,4Q/OT | margin -3..3 | 300..120,get-possessions__possessions__off_def-Offense__filter_comparison-Exactly__filter_event-OnFloor__filter_value-5__start_type-All__season-2025__season_type-Playoffs__team_id-1611661328__5fa46d3f,get-possessions,https://api.pbpstats.com/get-possessions/wnba?OffDef=Offense&FilterComparison=Exactly&FilterEvent=OnFloor&FilterValue=5&StartType=All&Season=2025&SeasonType=Playoffs&TeamId=1611661328,200,211,09:32,"Ogwumike 15' Jump Shot (7 PTS) (Diggins 1 AST)
",1,1,0,0,2025-09-14,1042500111,0,0,LVA,2,0,-10,09:46,Off Dead Ball,0,"[{""description"": ""Ogwumike 15' Jump Shot (7 PTS) (Diggins 1 AST)"", ""url"": """"}]"
wnba,wnba_shot_pace,shot_pace,possessions,get-possessions,2025,Playoffs,team,"{'OffDef': 'Offense', 'FilterComparison': 'Exactly', 'FilterEvent': 'OnFloor', 'FilterValue': 5, 'StartType': 'All', 'Season': '2025', 'SeasonType': 'Playoffs', 'TeamId': '1611661328'}",shot_pace,1611661328,4Q/OT | margin -3..3 | 300..120,get-possessions__possessions__off_def-Offense__filter_comparison-Exactly__filter_event-OnFloor__filter_value-5__start_type-All__season-2025__season_type-Playoffs__team_id-1611661328__5fa46d3f,get-possessions,https://api.pbpstats.com/get-possessions/wnba?OffDef=Offense&FilterComparison=Exactly&FilterEvent=OnFloor&FilterValue=5&StartType=All&Season=2025&SeasonType=Playoffs&TeamId=1611661328,200,212,00:04,"Williams 12' Fadeaway Jumper (4 PTS)
",1,1,0,0,2025-09-14,1042500111,0,0,LVA,1,0,-12,00:19,Off Long Mid-Range Miss,0,"[{""description"": ""Williams 12' Fadeaway Jumper (4 PTS)"", ""url"": """"}]"
wnba,wnba_shot_pace,shot_pace,possessions,get-possessions,2025,Playoffs,team,"{'OffDef': 'Offense', 'FilterComparison': 'Exactly', 'FilterEvent': 'OnFloor', 'FilterValue': 5, 'StartType': 'All', 'Season': '2025', 'SeasonType': 'Playoffs', 'TeamId': '1611661328'}",shot_pace,1611661328,4Q/OT | margin -3..3 | 300..120,get-possessions__possessions__off_def-Offense__filter_comparison-Exactly__filter_event-OnFloor__filter_value-5__start_type-All__season-2025__season_type-Playoffs__team_id-1611661328__5fa46d3f,get-possessions,https://api.pbpstats.com/get-possessions/wnba?OffDef=Offense&FilterComparison=Exactly&FilterEvent=OnFloor&FilterValue=5&StartType=All&Season=2025&SeasonType=Playoffs&TeamId=1611661328,200,213,00:42,"Parker-Tyus BLOCK (1 BLK): MISS Diggins 14' Pullup Jump Shot
Wheeler REBOUND (Off:1 Def:0)
MISS Wheeler 26' 3PT Jump Shot
Malonga REBOUND (Off:1 Def:0)
MISS Malonga 5' Jump Shot
Smith REBOUND (Off:0 Def:3)
",2,0,1,0,2025-09-14,1042500111,0,2,LVA,1,0,-12,01:06,Off FT Miss,0,"[{""description"": ""Parker-Tyus BLOCK (1 BLK): MISS Diggins 14' Pullup Jump Shot"", ""url"": """"}, {""description"": ""Wheeler REBOUND (Off:1 Def:0)"", ""url"": """"}, {""description"": ""MISS Wheeler 26' 3PT Jump Shot"", ""url"": """"}, {""description"": ""Malonga REBOUND (Off:1 Def:0)"", ""url"": """"}, {""description"": ""MISS Malonga 5' Jump Shot"", ""url"": """"}, {""description"": ""Smith REBOUND (Off:0 Def:3)"", ""url"": """"}]"
wnba,wnba_shot_pace,shot_pace,possessions,get-possessions,2025,Playoffs,team,"{'OffDef': 'Offense', 'FilterComparison': 'Exactly', 'FilterEvent': 'OnFloor', 'FilterValue': 5, 'StartType': 'All', 'Season': '2025', 'SeasonType': 'Playoffs', 'TeamId': '1611661328'}",shot_pace,1611661328,4Q/OT | margin -3..3 | 300..120,get-possessions__possessions__off_def-Offense__filter_comparison-Exactly__filter_event-OnFloor__filter_value-5__start_type-All__season-2025__season_type-Playoffs__team_id-1611661328__5fa46d3f,get-possessions,https://api.pbpstats.com/get-possessions/wnba?OffDef=Offense&FilterComparison=Exactly&FilterEvent=OnFloor&FilterValue=5&StartType=All&Season=2025&SeasonType=Playoffs&TeamId=1611661328,200,214,01:18,"Smith BLOCK (2 BLK): MISS Malonga 6' Cutting Layup Shot
Gray REBOUND (Off:0 Def:2)
",1,0,0,0,2025-09-14,1042500111,0,0,LVA,1,0,-12,01:31,Off Arc 3 Make,0,"[{""description"": ""Smith BLOCK (2 BLK): MISS Malonga 6' Cutting Layup Shot"", ""url"": """"}, {""description"": ""Gray REBOUND (Off:0 Def:2)"", ""url"": """"}]"
wnba,wnba_shot_pace,shot_pace,possessions,get-possessions,2025,Playoffs,team,"{'OffDef': 'Offense', 'FilterComparison': 'Exactly', 'FilterEvent': 'OnFloor', 'FilterValue': 5, 'StartType': 'All', 'Season': '2025', 'SeasonType': 'Playoffs', 'TeamId': '1611661328'}",shot_pace,1611661328,4Q/OT | margin -3..3 | 300..120,get-possessions__possessions__off_def-Offense__filter_comparison-Exactly__filter_event-OnFloor__filter_value-5__start_type-All__season-2025__season_type-Playoffs__team_id-1611661328__5fa46d3f,get-possessions,https://api.pbpstats.com/get-possessions/wnba?OffDef=Offense&FilterComparison=Exactly&FilterEvent=OnFloor&FilterValue=5&StartType=All&Season=2025&SeasonType=Playoffs&TeamId=1611661328,200,215,01:46,"Wheeler 6' Driving Layup (2 PTS) (Malonga 1 AST)
Parker-Tyus S.FOUL (P2.T4)
Wheeler Free Throw 1 of 1 (3 PTS)
",1,1,0,0,2025-09-14,1042500111,0,0,LVA,1,1,-12,01:57,Off Dead Ball,0,"[{""description"": ""Wheeler 6' Driving Layup (2 PTS) (Malonga 1 AST)"", ""url"": """"}, {""description"": ""Parker-Tyus S.FOUL (P2.T4)"", ""url"": """"}, {""description"": ""Wheeler Free Throw 1 of 1 (3 PTS)"", ""url"": """"}]"
wnba,wnba_shot_pace,shot_pace,possessions,get-possessions,2025,Playoffs,team,"{'OffDef': 'Offense', 'FilterComparison': 'Exactly', 'FilterEvent': 'OnFloor', 'FilterValue': 5, 'StartType': 'All', 'Season': '2025', 'SeasonType': 'Playoffs', 'TeamId': '1611661328'}",shot_pace,1611661328,4Q/OT | margin -3..3 | 300..120,get-possessions__possessions__off_def-Offense__filter_comparison-Exactly__filter_event-OnFloor__filter_value-5__start_type-All__season-2025__season_type-Playoffs__team_id-1611661328__5fa46d3f,get-possessions,https://api.pbpstats.com/get-possessions/wnba?OffDef=Offense&FilterComparison=Exactly&FilterEvent=OnFloor&FilterValue=5&StartType=All&Season=2025&SeasonType=Playoffs&TeamId=1611661328,200,216,02:12,"MISS Mitchell 25' 3PT Jump Shot
Wilson REBOUND (Off:0 Def:3)
",0,0,1,0,2025-09-14,1042500111,0,0,LVA,1,0,-12,02:33,Off FT Make,0,"[{""description"": ""MISS Mitchell 25' 3PT Jump Shot"", ""url"": """"}, {""description"": ""Wilson REBOUND (Off:0 Def:3)"", ""url"": """"}]"
wnba,wnba_shot_pace,shot_pace,possessions,get-possessions,2025,Playoffs,team,"{'OffDef': 'Offense', 'FilterComparison': 'Exactly', 'FilterEvent': 'OnFloor', 'FilterValue': 5, 'StartType': 'All', 'Season': '2025', 'SeasonType': 'Playoffs', 'TeamId': '1611661328'}",shot_pace,1611661328,4Q/OT | margin -3..3 | 300..120,get-possessions__possessions__off_def-Offense__filter_comparison-Exactly__filter_event-OnFloor__filter_value-5__start_type-All__season-2025__season_type-Playoffs__team_id-1611661328__5fa46d3f,get-possessions,https://api.pbpstats.com/get-possessions/wnba?OffDef=Offense&FilterComparison=Exactly&FilterEvent=OnFloor&FilterValue=5&StartType=All&Season=2025&SeasonType=Playoffs&TeamId=1611661328,200,217,02:35,"Wilson BLOCK (1 BLK): MISS Malonga 3' Running Layup
Loyd REBOUND (Off:1 Def:1)
",1,0,0,0,2025-09-14,1042500111,0,0,LVA,1,0,-10,02:45,Off Arc 3 Miss,0,"[{""description"": ""Wilson BLOCK (1 BLK): MISS Malonga 3' Running Layup"", ""url"": """"}, {""description"": ""Loyd REBOUND (Off:1 Def:1)"", ""url"": """"}]"
wnba,wnba_shot_pace,shot_pace,possessions,get-possessions,2025,Playoffs,team,"{'OffDef': 'Offense', 'FilterComparison': 'Exactly', 'FilterEvent': 'OnFloor', 'FilterValue': 5, 'StartType': 'All', 'Season': '2025', 'SeasonType': 'Playoffs', 'TeamId': '1611661328'}",shot_pace,1611661328,4Q/OT | margin -3..3 | 300..120,get-possessions__possessions__off_def-Offense__filter_comparison-Exactly__filter_event-OnFloor__filter_value-5__start_type-All__season-2025__season_type-Playoffs__team_id-1611661328__5fa46d3f,get-possessions,https://api.pbpstats.com/get-possessions/wnba?OffDef=Offense&FilterComparison=Exactly&FilterEvent=OnFloor&FilterValue=5&StartType=All&Season=2025&SeasonType=Playoffs&TeamId=1611661328,200,218,03:01,"MISS Ogwumike 14' Jump Shot
Wilson REBOUND (Off:0 Def:2)
",1,0,0,0,2025-09-14,1042500111,0,0,LVA,1,0,-10,03:14,Off Steal,0,"[{""description"": ""MISS Ogwumike 14' Jump Shot"", ""url"": """"}, {""description"": ""Wilson REBOUND (Off:0 Def:2)"", ""url"": """"}]"
wnba,wnba_shot_pace,shot_pace,possessions,get-possessions,2025,Playoffs,team,"{'OffDef': 'Offense', 'FilterComparison': 'Exactly', 'FilterEvent': 'OnFloor', 'FilterValue': 5, 'StartType': 'All', 'Season': '2025', 'SeasonType': 'Playoffs', 'TeamId': '1611661328'}",shot_pace,1611661328,4Q/OT | margin -3..3 | 300..120,get-possessions__possessions__off_def-Offense__filter_comparison-Exactly__filter_event-OnFloor__filter_value-5__start_type-All__season-2025__season_type-Playoffs__team_id-1611661328__5fa46d3f,get-possessions,https://api.pbpstats.com/get-possessions/wnba?OffDef=Offense&FilterComparison=Exactly&FilterEvent=OnFloor&FilterValue=5&StartType=All&Season=2025&SeasonType=Playoffs&TeamId=1611661328,200,219,03:27,"Evans P.FOUL (P1.T3)
Ogwumike 3' Driving Layup (5 PTS)
",1,1,0,0,2025-09-14,1042500111,0,0,LVA,1,0,-12,03:52,Off Short Mid-Range Make,0,"[{""description"": ""Evans P.FOUL (P1.T3)"", ""url"": """"}, {""description"": ""Ogwumike 3' Driving Layup (5 PTS)"", ""url"": """"}]"
wnba,wnba_shot_pace,shot_pace,possessions,get-possessions,2025,Playoffs,team,"{'OffDef': 'Offense', 'FilterComparison': 'Exactly', 'FilterEvent': 'OnFloor', 'FilterValue': 5, 'StartType': 'All', 'Season': '2025', 'SeasonType': 'Playoffs', 'TeamId': '1611661328'}",shot_pace,1611661328,4Q/OT | margin -3..3 | 300..120,get-possessions__possessions__off_def-Offense__filter_comparison-Exactly__filter_event-OnFloor__filter_value-5__start_type-All__season-2025__season_type-Playoffs__team_id-1611661328__5fa46d3f,get-possessions,https://api.pbpstats.com/get-possessions/wnba?OffDef=Offense&FilterComparison=Exactly&FilterEvent=OnFloor&FilterValue=5&StartType=All&Season=2025&SeasonType=Playoffs&TeamId=1611661328,200,220,04:00,"MISS Malonga 4' Running Layup
Smith REBOUND (Off:0 Def:2)
",1,0,0,0,2025-09-14,1042500111,0,0,LVA,1,0,-10,04:07,Off Steal,0,"[{""description"": ""MISS Malonga 4' Running Layup"", ""url"": """"}, {""description"": ""Smith REBOUND (Off:0 Def:2)"", ""url"": """"}]"
wnba,wnba_shot_pace,shot_pace,possessions,get-possessions,2025,Playoffs,team,"{'OffDef': 'Offense', 'FilterComparison': 'Exactly', 'FilterEvent': 'OnFloor', 'FilterValue': 5, 'StartType': 'All', 'Season': '2025', 'SeasonType': 'Playoffs', 'TeamId': '1611661328'}",shot_pace,1611661328,4Q/OT | margin -3..3 | 300..120,get-possessions__possessions__off_def-Offense__filter_comparison-Exactly__filter_event-OnFloor__filter_value-5__start_type-All__season-2025__season_type-Playoffs__team_id-1611661328__5fa46d3f,get-possessions,https://api.pbpstats.com/get-possessions/wnba?OffDef=Offense&FilterComparison=Exactly&FilterEvent=OnFloor&FilterValue=5&StartType=All&Season=2025&SeasonType=Playoffs&TeamId=1611661328,200,221,04:27,"Young L.B.FOUL (P1.T1)
Loyd P.FOUL (P1.T2)
Smith BLOCK (1 BLK): MISS Ogwumike 8' Driving Layup
Storm Rebound
Storm Turnover: Shot Clock (T#6)
",1,0,0,0,2025-09-14,1042500111,0,0,LVA,1,0,-10,04:52,Off Dead Ball,1,"[{""description"": ""Young L.B.FOUL (P1.T1)"", ""url"": """"}, {""description"": ""Loyd P.FOUL (P1.T2)"", ""url"": """"}, {""description"": ""Smith BLOCK (1 BLK): MISS Ogwumike 8' Driving Layup"", ""url"": """"}, {""description"": ""Storm Rebound"", ""url"": """"}, {""description"": ""Storm Turnover: Shot Clock (T#6)"", ""url"": """"}]"
wnba,wnba_shot_pace,shot_pace,possessions,get-possessions,2025,Playoffs,team,"{'OffDef': 'Offense', 'FilterComparison': 'Exactly', 'FilterEvent': 'OnFloor', 'FilterValue': 5, 'StartType': 'All', 'Season': '2025', 'SeasonType': 'Playoffs', 'TeamId': '1611661328'}",shot_pace,1611661328,4Q/OT | margin -3..3 | 300..120,get-possessions__possessions__off_def-Offense__filter_comparison-Exactly__filter_event-OnFloor__filter_value-5__start_type-All__season-2025__season_type-Playoffs__team_id-1611661328__5fa46d3f,get-possessions,https://api.pbpstats.com/get-possessions/wnba?OffDef=Offense&FilterComparison=Exactly&FilterEvent=OnFloor&FilterValue=5&StartType=All&Season=2025&SeasonType=Playoffs&TeamId=1611661328,200,222,04:58,"MISS Ogwumike 24' 3PT Jump Shot
Gray REBOUND (Off:0 Def:1)
",0,0,1,0,2025-09-14,1042500111,0,0,LVA,1,0,-10,05:27,Off Short Mid-Range Make,0,"[{""description"": ""MISS Ogwumike 24' 3PT Jump Shot"", ""url"": """"}, {""description"": ""Gray REBOUND (Off:0 Def:1)"", ""url"": """"}]"
wnba,wnba_shot_pace,shot_pace,possessions,get-possessions,2025,Playoffs,team,"{'OffDef': 'Offense', 'FilterComparison': 'Exactly', 'FilterEvent': 'OnFloor', 'FilterValue': 5, 'StartType': 'All', 'Season': '2025', 'SeasonType': 'Playoffs', 'TeamId': '1611661328'}",shot_pace,1611661328,4Q/OT | margin -3..3 | 300..120,get-possessions__possessions__off_def-Offense__filter_comparison-Exactly__filter_event-OnFloor__filter_value-5__start_type-All__season-2025__season_type-Playoffs__team_id-1611661328__5fa46d3f,get-possessions,https://api.pbpstats.com/get-possessions/wnba?OffDef=Offense&FilterComparison=Exactly&FilterEvent=OnFloor&FilterValue=5&StartType=All&Season=2025&SeasonType=Playoffs&TeamId=1611661328,200,223,05:33,"Young STEAL (2 STL): Sykes Bad Pass Turnover (P3.T5)
",0,0,0,0,2025-09-14,1042500111,0,0,LVA,1,0,-8,05:47,Off Timeout,1,"[{""description"": ""Young STEAL (2 STL): Sykes Bad Pass Turnover (P3.T5)"", ""url"": """"}]"
wnba,wnba_shot_pace,shot_pace,possessions,get-possessions,2025,Playoffs,team,"{'OffDef': 'Offense', 'FilterComparison': 'Exactly', 'FilterEvent': 'OnFloor', 'FilterValue': 5, 'StartType': 'All', 'Season': '2025', 'SeasonType': 'Playoffs', 'TeamId': '1611661328'}",shot_pace,1611661328,4Q/OT | margin -3..3 | 300..120,get-possessions__possessions__off_def-Offense__filter_comparison-Exactly__filter_event-OnFloor__filter_value-5__start_type-All__season-2025__season_type-Playoffs__team_id-1611661328__5fa46d3f,get-possessions,https://api.pbpstats.com/get-possessions/wnba?OffDef=Offense&FilterComparison=Exactly&FilterEvent=OnFloor&FilterValue=5&StartType=All&Season=2025&SeasonType=Playoffs&TeamId=1611661328,200,224,06:00,"MISS Williams 24' 3PT Jump Shot
Smith REBOUND (Off:0 Def:1)
",0,0,1,0,2025-09-14,1042500111,0,0,LVA,1,0,-5,06:19,Off Long Mid-Range Make,0,"[{""description"": ""MISS Williams 24' 3PT Jump Shot"", ""url"": """"}, {""description"": ""Smith REBOUND (Off:0 Def:1)"", ""url"": """"}]"
wnba,wnba_shot_pace,shot_pace,possessions,get-possessions,2025,Playoffs,team,"{'OffDef': 'Offense', 'FilterComparison': 'Exactly', 'FilterEvent': 'OnFloor', 'FilterValue': 5, 'StartType': 'All', 'Season': '2025', 'SeasonType': 'Playoffs', 'TeamId': '1611661328'}",shot_pace,1611661328,4Q/OT | margin -3..3 | 300..120,get-possessions__possessions__off_def-Offense__filter_comparison-Exactly__filter_event-OnFloor__filter_value-5__start_type-All__season-2025__season_type-Playoffs__team_id-1611661328__5fa46d3f,get-possessions,https://api.pbpstats.com/get-possessions/wnba?OffDef=Offense&FilterComparison=Exactly&FilterEvent=OnFloor&FilterValue=5&StartType=All&Season=2025&SeasonType=Playoffs&TeamId=1611661328,200,225,06:38,"Sykes Out of Bounds - Bad Pass Turnover Turnover (P2.T4)
",0,0,0,0,2025-09-14,1042500111,0,0,LVA,1,0,-3,06:48,Off At Rim Make,1,"[{""description"": ""Sykes Out of Bounds - Bad Pass Turnover Turnover (P2.T4)"", ""url"": """"}]"
wnba,wnba_shot_pace,shot_pace,possessions,get-possessions,2025,Playoffs,team,"{'OffDef': 'Offense', 'FilterComparison': 'Exactly', 'FilterEvent': 'OnFloor', 'FilterValue': 5, 'StartType': 'All', 'Season': '2025', 'SeasonType': 'Playoffs', 'TeamId': '1611661328'}",shot_pace,1611661328,4Q/OT | margin -3..3 | 300..120,get-possessions__possessions__off_def-Offense__filter_comparison-Exactly__filter_event-OnFloor__filter_value-5__start_type-All__season-2025__season_type-Playoffs__team_id-1611661328__5fa46d3f,get-possessions,https://api.pbpstats.com/get-possessions/wnba?OffDef=Offense&FilterComparison=Exactly&FilterEvent=OnFloor&FilterValue=5&StartType=All&Season=2025&SeasonType=Playoffs&TeamId=1611661328,200,226,07:24,"Ogwumike 26' 3PT Pullup Jump Shot (3 PTS)
",0,0,1,1,2025-09-14,1042500111,0,0,LVA,1,0,-4,07:31,Off At Rim Miss,0,"[{""description"": ""Ogwumike 26' 3PT Pullup Jump Shot (3 PTS)"", ""url"": """"}]"
wnba,wnba_shot_pace,shot_pace,possessions,get-possessions,2025,Playoffs,team,"{'OffDef': 'Offense', 'FilterComparison': 'Exactly', 'FilterEvent': 'OnFloor', 'FilterValue': 5, 'StartType': 'All', 'Season': '2025', 'SeasonType': 'Playoffs', 'TeamId': '1611661328'}",shot_pace,1611661328,4Q/OT | margin -3..3 | 300..120,get-possessions__possessions__off_def-Offense__filter_comparison-Exactly__filter_event-OnFloor__filter_value-5__start_type-All__season-2025__season_type-Playoffs__team_id-1611661328__5fa46d3f,get-possessions,https://api.pbpstats.com/get-possessions/wnba?OffDef=Offense&FilterComparison=Exactly&FilterEvent=OnFloor&FilterValue=5&StartType=All&Season=2025&SeasonType=Playoffs&TeamId=1611661328,200,227,07:41,"Gray STEAL (2 STL): Ogwumike Lost Ball Turnover (P2.T3)
",0,0,0,0,2025-09-14,1042500111,0,0,LVA,1,0,-4,07:45,Off Corner 3 Miss,1,"[{""description"": ""Gray STEAL (2 STL): Ogwumike Lost Ball Turnover (P2.T3)"", ""url"": """"}]"
wnba,wnba_shot_pace,shot_pace,possessions,get-possessions,2025,Playoffs,team,"{'OffDef': 'Offense', 'FilterComparison': 'Exactly', 'FilterEvent': 'OnFloor', 'FilterValue': 5, 'StartType': 'All', 'Season': '2025', 'SeasonType': 'Playoffs', 'TeamId': '1611661328'}",shot_pace,1611661328,4Q/OT | margin -3..3 | 300..120,get-possessions__possessions__off_def-Offense__filter_comparison-Exactly__filter_event-OnFloor__filter_value-5__start_type-All__season-2025__season_type-Playoffs__team_id-1611661328__5fa46d3f,get-possessions,https://api.pbpstats.com/get-possessions/wnba?OffDef=Offense&FilterComparison=Exactly&FilterEvent=OnFloor&FilterValue=5&StartType=All&Season=2025&SeasonType=Playoffs&TeamId=1611661328,200,228,07:57,"MISS Diggins 6' Driving Floating Bank Jump Shot
Ogwumike REBOUND (Off:1 Def:0)
Gray STEAL (1 STL): Ogwumike Lost Ball Turnover (P1.T2)
",1,0,0,0,2025-09-14,1042500111,0,1,LVA,1,0,-4,08:30,Off Short Mid-Range Make,1,"[{""description"": ""MISS Diggins 6' Driving Floating Bank Jump Shot"", ""url"": """"}, {""description"": ""Ogwumike REBOUND (Off:1 Def:0)"", ""url"": """"}, {""description"": ""Gray STEAL (1 STL): Ogwumike Lost Ball Turnover (P1.T2)"", ""url"": """"}]"
wnba,wnba_shot_pace,shot_pace,possessions,get-possessions,2025,Playoffs,team,"{'OffDef': 'Offense', 'FilterComparison': 'Exactly', 'FilterEvent': 'OnFloor', 'FilterValue': 5, 'StartType': 'All', 'Season': '2025', 'SeasonType': 'Playoffs', 'TeamId': '1611661328'}",shot_pace,1611661328,4Q/OT | margin -3..3 | 300..120,get-possessions__possessions__off_def-Offense__filter_comparison-Exactly__filter_event-OnFloor__filter_value-5__start_type-All__season-2025__season_type-Playoffs__team_id-1611661328__5fa46d3f,get-possessions,https://api.pbpstats.com/get-possessions/wnba?OffDef=Offense&FilterComparison=Exactly&FilterEvent=OnFloor&FilterValue=5&StartType=All&Season=2025&SeasonType=Playoffs&TeamId=1611661328,200,229,08:45,"Williams 5' Cutting Layup Shot (2 PTS) (Ogwumike 1 AST)
",1,1,0,0,2025-09-14,1042500111,0,0,LVA,1,0,-4,08:58,Off At Rim Make,0,"[{""description"": ""Williams 5' Cutting Layup Shot (2 PTS) (Ogwumike 1 AST)"", ""url"": """"}]"
wnba,wnba_shot_pace,shot_pace,possessions,get-possessions,2025,Playoffs,team,"{'OffDef': 'Offense', 'FilterComparison': 'Exactly', 'FilterEvent': 'OnFloor', 'FilterValue': 5, 'StartType': 'All', 'Season': '2025', 'SeasonType': 'Playoffs', 'TeamId': '1611661328'}",shot_pace,1611661328,4Q/OT | margin -3..3 | 300..120,get-possessions__possessions__off_def-Offense__filter_comparison-Exactly__filter_event-OnFloor__filter_value-5__start_type-All__season-2025__season_type-Playoffs__team_id-1611661328__5fa46d3f,get-possessions,https://api.pbpstats.com/get-possessions/wnba?OffDef=Offense&FilterComparison=Exactly&FilterEvent=OnFloor&FilterValue=5&StartType=All&Season=2025&SeasonType=Playoffs&TeamId=1611661328,200,230,09:04,"MISS Diggins 7' Driving Layup
Wilson REBOUND (Off:0 Def:1)
",1,0,0,0,2025-09-14,1042500111,0,0,LVA,1,0,-2,09:30,Off Short Mid-Range Make,0,"[{""description"": ""MISS Diggins 7' Driving Layup"", ""url"": """"}, {""description"": ""Wilson REBOUND (Off:0 Def:1)"", ""url"": """"}]"
wnba,wnba_shot_pace,shot_pace,possessions,get-possessions,2025,Playoffs,team,"{'OffDef': 'Offense', 'FilterComparison': 'Exactly', 'FilterEvent': 'OnFloor', 'FilterValue': 5, 'StartType': 'All', 'Season': '2025', 'SeasonType': 'Playoffs', 'TeamId': '1611661328'}",shot_pace,1611661328,4Q/OT | margin -3..3 | 300..120,get-possessions__possessions__off_def-Offense__filter_comparison-Exactly__filter_event-OnFloor__filter_value-5__start_type-All__season-2025__season_type-Playoffs__team_id-1611661328__5fa46d3f,get-possessions,https://api.pbpstats.com/get-possessions/wnba?OffDef=Offense&FilterComparison=Exactly&FilterEvent=OnFloor&FilterValue=5&StartType=All&Season=2025&SeasonType=Playoffs&TeamId=1611661328,200,231,09:37,"Young STEAL (1 STL): Sykes Bad Pass Turnover (P1.T1)
",0,0,0,0,2025-09-14,1042500111,0,0,LVA,1,0,0,10:00,Off Dead Ball,1,"[{""description"": ""Young STEAL (1 STL): Sykes Bad Pass Turnover (P1.T1)"", ""url"": """"}]"
