league,job_id,job_family,variant,endpoint,season,season_type,scope,request_params,source,team_id,clutch_window,request_id,request_table,request_url,request_status,request_row_index,end_time,events,fg2a,fg2m,fg3a,fg3m,game_date,game_id,non_shooting_fouls_that_resulted_in_fts,offensive_rebounds,opponent,period,shooting_fouls_drawn,start_score_differential,start_time,start_type,turnovers,video_urls
wnba,wnba_shot_pace,shot_pace,possessions,get-possessions,2025,Regular Season,team,"{'OffDef': 'Offense', 'Season': '2025', 'SeasonType': 'Regular Season', 'TeamId': '1611661319'}",shot_pace,1611661319,4Q/OT | margin -3..3 | 300..120,get-possessions__possessions__off_def-Offense__season-2025__season_type-Regular_Season__team_id-1611661319__9cf2cba8,get-possessions,https://api.pbpstats.com/get-possessions/wnba?OffDef=Offense&Season=2025&SeasonType=Regular+Season&TeamId=1611661319,200,0,00:00,"Aces Turnover: Shot Clock (T#13)
",0,0,0,0,2025-09-11,1022500286,0,0,LAS,4,0,28,00:25,Off FT Make,1,"[{""description"": ""Aces Turnover: Shot Clock (T#13)"", ""url"": """"}]"
wnba,wnba_shot_pace,shot_pace,possessions,get-possessions,2025,Regular Season,team,"{'OffDef': 'Offense', 'Season': '2025', 'SeasonType': 'Regular Season', 'TeamId': '1611661319'}",shot_pace,1611661319,4Q/OT | margin -3..3 | 300..120,get-possessions__possessions__off_def-Offense__season-2025__season_type-Regular_Season__team_id-1611661319__9cf2cba8,get-possessions,https://api.pbpstats.com/get-possessions/wnba?OffDef=Offense&Season=2025&SeasonType=Regular+Season&TeamId=1611661319,200,1,00:29,"Barker STEAL (1 STL): Evans Bad Pass Turnover (P5.T12)
",0,0,0,0,2025-09-11,1022500286,0,0,LAS,4,0,31,00:38,Off At Rim Make,1,"[{""description"": ""Barker STEAL (1 STL): Evans Bad Pass Turnover (P5.T12)"", ""url"": """"}]"
wnba,wnba_shot_pace,shot_pace,possessions,get-possessions,2025,Regular Season,team,"{'OffDef': 'Offense', 'Season': '2025', 'SeasonType': 'Regular Season', 'TeamId': '1611661319'}",shot_pace,1611661319,4Q/OT | margin -3..3 | 300..120,get-possessions__possessions__off_def-Offense__season-2025__season_type-Regular_Season__team_id-1611661319__9cf2cba8,get-possessions,https://api.pbpstats.com/get-possessions/wnba?OffDef=Offense&Season=2025&SeasonType=Regular+Season&TeamId=1611661319,200,2,00:47,"Gustafson 27' 3PT Jump Shot (3 PTS) (Evans 5 AST)
",0,0,1,1,2025-09-11,1022500286,0,0,LAS,4,0,30,00:57,Off Arc 3 Miss,0,"[{""description"": ""Gustafson 27' 3PT Jump Shot (3 PTS) (Evans 5 AST)"", ""url"": """"}]"
wnba,wnba_shot_pace,shot_pace,possessions,get-possessions,2025,Regular Season,team,"{'OffDef': 'Offense', 'Season': '2025', 'SeasonType': 'Regular Season', 'TeamId': '1611661319'}",shot_pace,1611661319,4Q/OT | margin -3..3 | 300..120,get-possessions__possessions__off_def-Offense__season-2025__season_type-Regular_Season__team_id-1611661319__9cf2cba8,get-possessions,https://api.pbpstats.com/get-possessions/wnba?OffDef=Offense&Season=2025&SeasonType=Regular+Season&TeamId=1611661319,200,3,01:09,"Feagin S.FOUL (P3.T4)
Parker-Tyus Free Throw 1 of 2 (7 PTS)
Parker-Tyus Free Throw 2 of 2 (8 PTS)
",0,0,0,0,2025-09-11,1022500286,0,0,LAS,4,1,28,01:23,Off At Rim Make,0,"[{""description"": ""Feagin S.FOUL (P3.T4)"", ""url"": """"}, {""description"": ""Parker-Tyus Free Throw 1 of 2 (7 PTS)"", ""url"": """"}, {""description"": ""Parker-Tyus Free Throw 2 of 2 (8 PTS)"", ""url"": """"}]"
wnba,wnba_shot_pace,shot_pace,possessions,get-possessions,2025,Regular Season,team,"{'OffDef': 'Offense', 'Season': '2025', 'SeasonType': 'Regular Season', 'TeamId': '1611661319'}",shot_pace,1611661319,4Q/OT | margin -3..3 | 300..120,get-possessions__possessions__off_def-Offense__season-2025__season_type-Regular_Season__team_id-1611661319__9cf2cba8,get-possessions,https://api.pbpstats.com/get-possessions/wnba?OffDef=Offense&Season=2025&SeasonType=Regular+Season&TeamId=1611661319,200,4,01:29,"MISS Nye 24' 3PT Jump Shot
Stokes REBOUND (Off:1 Def:0)
Cannon STEAL (1 STL): Evans Bad Pass Turnover (P4.T11)
",0,0,1,0,2025-09-11,1022500286,0,1,LAS,4,0,30,01:53,Off At Rim Make,1,"[{""description"": ""MISS Nye 24' 3PT Jump Shot"", ""url"": """"}, {""description"": ""Stokes REBOUND (Off:1 Def:0)"", ""url"": """"}, {""description"": ""Cannon STEAL (1 STL): Evans Bad Pass Turnover (P4.T11)"", ""url"": """"}]"
wnba,wnba_shot_pace,shot_pace,possessions,get-possessions,2025,Regular Season,team,"{'OffDef': 'Offense', 'Season': '2025', 'SeasonType': 'Regular Season', 'TeamId': '1611661319'}",shot_pace,1611661319,4Q/OT | margin -3..3 | 300..120,get-possessions__possessions__off_def-Offense__season-2025__season_type-Regular_Season__team_id-1611661319__9cf2cba8,get-possessions,https://api.pbpstats.com/get-possessions/wnba?OffDef=Offense&Season=2025&SeasonType=Regular+Season&TeamId=1611661319,200,5,02:06,"Young 24' 3PT Pullup Jump Shot (17 PTS) (Gray 10 AST)
",0,0,1,1,2025-09-11,1022500286,0,0,LAS,4,0,29,02:23,Off Arc 3 Miss,0,"[{""description"": ""Young 24' 3PT Pullup Jump Shot (17 PTS) (Gray 10 AST)"", ""url"": """"}]"
wnba,wnba_shot_pace,shot_pace,possessions,get-possessions,2025,Regular Season,team,"{'OffDef': 'Offense', 'Season': '2025', 'SeasonType': 'Regular Season', 'TeamId': '1611661319'}",shot_pace,1611661319,4Q/OT | margin -3..3 | 300..120,get-possessions__possessions__off_def-Offense__season-2025__season_type-Regular_Season__team_id-1611661319__9cf2cba8,get-possessions,https://api.pbpstats.com/get-possessions/wnba?OffDef=Offense&Season=2025&SeasonType=Regular+Season&TeamId=1611661319,200,6,02:33,"MISS Smith 3' Reverse Layup
Smith REBOUND (Off:1 Def:1)
Smith 1' Putback Layup (10 PTS)
",2,1,0,0,2025-09-11,1022500286,0,1,LAS,4,0,27,02:50,Off Arc 3 Miss,0,"[{""description"": ""MISS Smith 3' Reverse Layup"", ""url"": """"}, {""description"": ""Smith REBOUND (Off:1 Def:1)"", ""url"": """"}, {""description"": ""Smith 1' Putback Layup (10 PTS)"", ""url"": """"}]"
wnba,wnba_shot_pace,shot_pace,possessions,get-possessions,2025,Regular Season,team,"{'OffDef': 'Offense', 'Season': '2025', 'SeasonType': 'Regular Season', 'TeamId': '1611661319'}",shot_pace,1611661319,4Q/OT | margin -3..3 | 300..120,get-possessions__possessions__off_def-Offense__season-2025__season_type-Regular_Season__team_id-1611661319__9cf2cba8,get-possessions,https://api.pbpstats.com/get-possessions/wnba?OffDef=Offense&Season=2025&SeasonType=Regular+Season&TeamId=1611661319,200,7,03:12,"Stevens P.FOUL (P1.T3)
Wilson 24' 3PT Jump Shot (23 PTS) (Young 12 AST)
",0,0,1,1,2025-09-11,1022500286,0,0,LAS,4,0,24,03:35,Off At Rim Block,0,"[{""description"": ""Stevens P.FOUL (P1.T3)"", ""url"": """"}, {""description"": ""Wilson 24' 3PT Jump Shot (23 PTS) (Young 12 AST)"", ""url"": """"}]"
wnba,wnba_shot_pace,shot_pace,possessions,get-possessions,2025,Regular Season,team,"{'OffDef': 'Offense', 'Season': '2025', 'SeasonType': 'Regular Season', 'TeamId': '1611661319'}",shot_pace,1611661319,4Q/OT | margin -3..3 | 300..120,get-possessions__possessions__off_def-Offense__season-2025__season_type-Regular_Season__team_id-1611661319__9cf2cba8,get-possessions,https://api.pbpstats.com/get-possessions/wnba?OffDef=Offense&Season=2025&SeasonType=Regular+Season&TeamId=1611661319,200,8,03:39,"MISS Young 24' 3PT Running Pull-Up Jump Shot
Wilson REBOUND (Off:5 Def:12)
MISS Loyd 3PT Jump Shot
Stevens REBOUND (Off:1 Def:11)
",0,0,2,0,2025-09-11,1022500286,0,1,LAS,4,0,24,03:53,Off Steal,0,"[{""description"": ""MISS Young 24' 3PT Running Pull-Up Jump Shot"", ""url"": """"}, {""description"": ""Wilson REBOUND (Off:5 Def:12)"", ""url"": """"}, {""description"": ""MISS Loyd 3PT Jump Shot"", ""url"": """"}, {""description"": ""Stevens REBOUND (Off:1 Def:11)"", ""url"": """"}]"
wnba,wnba_shot_pace,shot_pace,possessions,get-possessions,2025,Regular Season,team,"{'OffDef': 'Offense', 'Season': '2025', 'SeasonType': 'Regular Season', 'TeamId': '1611661319'}",shot_pace,1611661319,4Q/OT | margin -3..3 | 300..120,get-possessions__possessions__off_def-Offense__season-2025__season_type-Regular_Season__team_id-1611661319__9cf2cba8,get-possessions,https://api.pbpstats.com/get-possessions/wnba?OffDef=Offense&Season=2025&SeasonType=Regular+Season&TeamId=1611661319,200,9,04:02,"Loyd 3PT Jump Shot (21 PTS) (Gray 9 AST)
",0,0,1,1,2025-09-11,1022500286,0,0,LAS,4,0,21,04:18,Off At Rim Make,0,"[{""description"": ""Loyd 3PT Jump Shot (21 PTS) (Gray 9 AST)"", ""url"": """"}]"
wnba,wnba_shot_pace,shot_pace,possessions,get-possessions,2025,Regular Season,team,"{'OffDef': 'Offense', 'Season': '2025', 'SeasonType': 'Regular Season', 'TeamId': '1611661319'}",shot_pace,1611661319,4Q/OT | margin -3..3 | 300..120,get-possessions__possessions__off_def-Offense__season-2025__season_type-Regular_Season__team_id-1611661319__9cf2cba8,get-possessions,https://api.pbpstats.com/get-possessions/wnba?OffDef=Offense&Season=2025&SeasonType=Regular+Season&TeamId=1611661319,200,10,04:42,"Loyd 3PT Jump Shot (18 PTS) (Gray 8 AST)
",0,0,1,1,2025-09-11,1022500286,0,0,LAS,4,0,20,04:54,Off At Rim Make,0,"[{""description"": ""Loyd 3PT Jump Shot (18 PTS) (Gray 8 AST)"", ""url"": """"}]"
wnba,wnba_shot_pace,shot_pace,possessions,get-possessions,2025,Regular Season,team,"{'OffDef': 'Offense', 'Season': '2025', 'SeasonType': 'Regular Season', 'TeamId': '1611661319'}",shot_pace,1611661319,4Q/OT | margin -3..3 | 300..120,get-possessions__possessions__off_def-Offense__season-2025__season_type-Regular_Season__team_id-1611661319__9cf2cba8,get-possessions,https://api.pbpstats.com/get-possessions/wnba?OffDef=Offense&Season=2025&SeasonType=Regular+Season&TeamId=1611661319,200,11,05:11,"MISS Smith 5' Turnaround Hook Shot
Wilson REBOUND (Off:4 Def:12)
MISS Wilson 2' Turnaround Hook Shot
Hamby REBOUND (Off:1 Def:5)
",2,0,0,0,2025-09-11,1022500286,0,1,LAS,4,0,22,05:31,Off Dead Ball,0,"[{""description"": ""MISS Smith 5' Turnaround Hook Shot"", ""url"": """"}, {""description"": ""Wilson REBOUND (Off:4 Def:12)"", ""url"": """"}, {""description"": ""MISS Wilson 2' Turnaround Hook Shot"", ""url"": """"}, {""description"": ""Hamby REBOUND (Off:1 Def:5)"", ""url"": """"}]"
wnba,wnba_shot_pace,shot_pace,possessions,get-possessions,2025,Regular Season,team,"{'OffDef': 'Offense', 'Season': '2025', 'SeasonType': 'Regular Season', 'TeamId': '1611661319'}",shot_pace,1611661319,4Q/OT | margin -3..3 | 300..120,get-possessions__possessions__off_def-Offense__season-2025__season_type-Regular_Season__team_id-1611661319__9cf2cba8,get-possessions,https://api.pbpstats.com/get-possessions/wnba?OffDef=Offense&Season=2025&SeasonType=Regular+Season&TeamId=1611661319,200,12,05:35,"Hamby STEAL (3 STL): Wilson Lost Ball Turnover (P1.T10)
",0,0,0,0,2025-09-11,1022500286,0,0,LAS,4,0,22,05:44,Off Arc 3 Miss,1,"[{""description"": ""Hamby STEAL (3 STL): Wilson Lost Ball Turnover (P1.T10)"", ""url"": """"}]"
wnba,wnba_shot_pace,shot_pace,possessions,get-possessions,2025,Regular Season,team,"{'OffDef': 'Offense', 'Season': '2025', 'SeasonType': 'Regular Season', 'TeamId': '1611661319'}",shot_pace,1611661319,4Q/OT | margin -3..3 | 300..120,get-possessions__possessions__off_def-Offense__season-2025__season_type-Regular_Season__team_id-1611661319__9cf2cba8,get-possessions,https://api.pbpstats.com/get-possessions/wnba?OffDef=Offense&Season=2025&SeasonType=Regular+Season&TeamId=1611661319,200,13,05:55,"MISS Loyd 3' Driving Layup
Stevens REBOUND (Off:1 Def:10)
",1,0,0,0,2025-09-11,1022500286,0,0,LAS,4,0,22,06:08,Off Arc 3 Miss,0,"[{""description"": ""MISS Loyd 3' Driving Layup"", ""url"": """"}, {""description"": ""Stevens REBOUND (Off:1 Def:10)"", ""url"": """"}]"
wnba,wnba_shot_pace,shot_pace,possessions,get-possessions,2025,Regular Season,team,"{'OffDef': 'Offense', 'Season': '2025', 'SeasonType': 'Regular Season', 'TeamId': '1611661319'}",shot_pace,1611661319,4Q/OT | margin -3..3 | 300..120,get-possessions__possessions__off_def-Offense__season-2025__season_type-Regular_Season__team_id-1611661319__9cf2cba8,get-possessions,https://api.pbpstats.com/get-possessions/wnba?OffDef=Offense&Season=2025&SeasonType=Regular+Season&TeamId=1611661319,200,14,06:25,"Gray 26' 3PT Jump Shot (15 PTS) (Smith 2 AST)
",0,0,1,1,2025-09-11,1022500286,0,0,LAS,4,0,19,06:42,Off Timeout,0,"[{""description"": ""Gray 26' 3PT Jump Shot (15 PTS) (Smith 2 AST)"", ""url"": """"}]"
wnba,wnba_shot_pace,shot_pace,possessions,get-possessions,2025,Regular Season,team,"{'OffDef': 'Offense', 'Season': '2025', 'SeasonType': 'Regular Season', 'TeamId': '1611661319'}",shot_pace,1611661319,4Q/OT | margin -3..3 | 300..120,get-possessions__possessions__off_def-Offense__season-2025__season_type-Regular_Season__team_id-1611661319__9cf2cba8,get-possessions,https://api.pbpstats.com/get-possessions/wnba?OffDef=Offense&Season=2025&SeasonType=Regular+Season&TeamId=1611661319,200,15,06:50,"MISS Nye 24' 3PT Running Jump Shot
Wilson REBOUND (Off:3 Def:10)
MISS Nye 24' 3PT Jump Shot
Stevens REBOUND (Off:1 Def:9)
",0,0,2,0,2025-09-11,1022500286,0,1,LAS,4,0,21,06:59,Off Steal,0,"[{""description"": ""MISS Nye 24' 3PT Running Jump Shot"", ""url"": """"}, {""description"": ""Wilson REBOUND (Off:3 Def:10)"", ""url"": """"}, {""description"": ""MISS Nye 24' 3PT Jump Shot"", ""url"": """"}, {""description"": ""Stevens REBOUND (Off:1 Def:9)"", ""url"": """"}]"
wnba,wnba_shot_pace,shot_pace,possessions,get-possessions,2025,Regular Season,team,"{'OffDef': 'Offense', 'Season': '2025', 'SeasonType': 'Regular Season', 'TeamId': '1611661319'}",shot_pace,1611661319,4Q/OT | margin -3..3 | 300..120,get-possessions__possessions__off_def-Offense__season-2025__season_type-Regular_Season__team_id-1611661319__9cf2cba8,get-possessions,https://api.pbpstats.com/get-possessions/wnba?OffDef=Offense&Season=2025&SeasonType=Regular+Season&TeamId=1611661319,200,16,07:15,"MISS Evans 22' Step Back Jump Shot
Gray REBOUND (Off:2 Def:3)
MISS Wilson 15' Jump Shot
Wilson REBOUND (Off:2 Def:10)
MISS Loyd 3PT Jump Shot
Plum REBOUND (Off:1 Def:3)
",2,0,1,0,2025-09-11,1022500286,0,2,LAS,4,0,21,07:41,Off Arc 3 Miss,0,"[{""description"": ""MISS Evans 22' Step Back Jump Shot"", ""url"": """"}, {""description"": ""Gray REBOUND (Off:2 Def:3)"", ""url"": """"}, {""description"": ""MISS Wilson 15' Jump Shot"", ""url"": """"}, {""description"": ""Wilson REBOUND (Off:2 Def:10)"", ""url"": """"}, {""description"": ""MISS Loyd 3PT Jump Shot"", ""url"": """"}, {""description"": ""Plum REBOUND (Off:1 Def:3)"", ""url"": """"}]"
wnba,wnba_shot_pace,shot_pace,possessions,get-possessions,2025,Regular Season,team,"{'OffDef': 'Offense', 'Season': '2025', 'SeasonType': 'Regular Season', 'TeamId': '1611661319'}",shot_pace,1611661319,4Q/OT | margin -3..3 | 300..120,get-possessions__possessions__off_def-Offense__season-2025__season_type-Regular_Season__team_id-1611661319__9cf2cba8,get-possessions,https://api.pbpstats.com/get-possessions/wnba?OffDef=Offense&Season=2025&SeasonType=Regular+Season&TeamId=1611661319,200,17,07:58,"Vanloo P.FOUL (P2.T2)
Hamby STEAL (2 STL): Evans Bad Pass Turnover (P3.T9)
",0,0,0,0,2025-09-11,1022500286,0,0,LAS,4,0,21,08:21,Off At Rim Miss,1,"[{""description"": ""Vanloo P.FOUL (P2.T2)"", ""url"": """"}, {""description"": ""Hamby STEAL (2 STL): Evans Bad Pass Turnover (P3.T9)"", ""url"": """"}]"
wnba,wnba_shot_pace,shot_pace,possessions,get-possessions,2025,Regular Season,team,"{'OffDef': 'Offense', 'Season': '2025', 'SeasonType': 'Regular Season', 'TeamId': '1611661319'}",shot_pace,1611661319,4Q/OT | margin -3..3 | 300..120,get-possessions__possessions__off_def-Offense__season-2025__season_type-Regular_Season__team_id-1611661319__9cf2cba8,get-possessions,https://api.pbpstats.com/get-possessions/wnba?OffDef=Offense&Season=2025&SeasonType=Regular+Season&TeamId=1611661319,200,18,08:35,"Feagin S.FOUL (P2.T1)
MISS Parker-Tyus Free Throw 1 of 2
Aces Rebound
Parker-Tyus Free Throw 2 of 2 (6 PTS)
",0,0,0,0,2025-09-11,1022500286,0,0,LAS,4,1,20,08:42,Off At Rim Miss,0,"[{""description"": ""Feagin S.FOUL (P2.T1)"", ""url"": """"}, {""description"": ""MISS Parker-Tyus Free Throw 1 of 2"", ""url"": """"}, {""description"": ""Aces Rebound"", ""url"": """"}, {""description"": ""Parker-Tyus Free Throw 2 of 2 (6 PTS)"", ""url"": """"}]"
wnba,wnba_shot_pace,shot_pace,possessions,get-possessions,2025,Regular Season,team,"{'OffDef': 'Offense', 'Season': '2025', 'SeasonType': 'Regular Season', 'TeamId': '1611661319'}",shot_pace,1611661319,4Q/OT | margin -3..3 | 300..120,get-possessions__possessions__off_def-Offense__season-2025__season_type-Regular_Season__team_id-1611661319__9cf2cba8,get-possessions,https://api.pbpstats.com/get-possessions/wnba?OffDef=Offense&Season=2025&SeasonType=Regular+Season&TeamId=1611661319,200,19,09:09,"Nye 25' 3PT Jump Shot (6 PTS) (Evans 4 AST)
",0,0,1,1,2025-09-11,1022500286,0,0,LAS,4,0,17,09:19,Off At Rim Make,0,"[{""description"": ""Nye 25' 3PT Jump Shot (6 PTS) (Evans 4 AST)"", ""url"": """"}]"
wnba,wnba_shot_pace,shot_pace,possessions,get-possessions,2025,Regular Season,team,"{'OffDef': 'Offense', 'Season': '2025', 'SeasonType': 'Regular Season', 'TeamId': '1611661319'}",shot_pace,1611661319,4Q/OT | margin -3..3 | 300..120,get-possessions__possessions__off_def-Offense__season-2025__season_type-Regular_Season__team_id-1611661319__9cf2cba8,get-possessions,https://api.pbpstats.com/get-possessions/wnba?OffDef=Offense&Season=2025&SeasonType=Regular+Season&TeamId=1611661319,200,20,09:29,"MISS Loyd 3PT Jump Shot
Vanloo REBOUND (Off:0 Def:2)
",0,0,1,0,2025-09-11,1022500286,0,0,LAS,4,0,19,10:00,Off Dead Ball,0,"[{""description"": ""MISS Loyd 3PT Jump Shot"", ""url"": """"}, {""description"": ""Vanloo REBOUND (Off:0 Def:2)"", ""url"": """"}]"
wnba,wnba_shot_pace,shot_pace,possessions,get-possessions,2025,Regular Season,team,"{'OffDef': 'Offense', 'Season': '2025', 'SeasonType': 'Regular Season', 'TeamId': '1611661319'}",shot_pace,1611661319,4Q/OT | margin -3..3 | 300..120,get-possessions__possessions__off_def-Offense__season-2025__season_type-Regular_Season__team_id-1611661319__9cf2cba8,get-possessions,https://api.pbpstats.com/get-possessions/wnba?OffDef=Offense&Season=2025&SeasonType=Regular+Season&TeamId=1611661319,200,21,00:12,"Parker-Tyus 24' 3PT Jump Bank Shot (5 PTS) (Wilson 4 AST)
",0,0,1,1,2025-09-11,1022500286,0,0,LAS,3,0,19,00:28,Off At Rim Make,0,"[{""description"": ""Parker-Tyus 24' 3PT Jump Bank Shot (5 PTS) (Wilson 4 AST)"", ""url"": """"}]"
wnba,wnba_shot_pace,shot_pace,possessions,get-possessions,2025,Regular Season,team,"{'OffDef': 'Offense', 'Season': '2025', 'SeasonType': 'Regular Season', 'TeamId': '1611661319'}",shot_pace,1611661319,4Q/OT | margin -3..3 | 300..120,get-possessions__possessions__off_def-Offense__season-2025__season_type-Regular_Season__team_id-1611661319__9cf2cba8,get-possessions,https://api.pbpstats.com/get-possessions/wnba?OffDef=Offense&Season=2025&SeasonType=Regular+Season&TeamId=1611661319,200,22,00:54,"Evans Out of Bounds - Bad Pass Turnover Turnover (P2.T8)
",0,0,0,0,2025-09-11,1022500286,0,0,LAS,3,0,21,01:11,Off FT Make,1,"[{""description"": ""Evans Out of Bounds - Bad Pass Turnover Turnover (P2.T8)"", ""url"": """"}]"
wnba,wnba_shot_pace,shot_pace,possessions,get-possessions,2025,Regular Season,team,"{'OffDef': 'Offense', 'Season': '2025', 'SeasonType': 'Regular Season', 'TeamId': '1611661319'}",shot_pace,1611661319,4Q/OT | margin -3..3 | 300..120,get-possessions__possessions__off_def-Offense__season-2025__season_type-Regular_Season__team_id-1611661319__9cf2cba8,get-possessions,https://api.pbpstats.com/get-possessions/wnba?OffDef=Offense&Season=2025&SeasonType=Regular+Season&TeamId=1611661319,200,23,01:24,"Parker-Tyus 2' Driving Layup (2 PTS) (Young 11 AST)
",1,1,0,0,2025-09-11,1022500286,0,0,LAS,3,0,22,01:38,Off Arc 3 Miss,0,"[{""description"": ""Parker-Tyus 2' Driving Layup (2 PTS) (Young 11 AST)"", ""url"": """"}]"
wnba,wnba_shot_pace,shot_pace,possessions,get-possessions,2025,Regular Season,team,"{'OffDef': 'Offense', 'Season': '2025', 'SeasonType': 'Regular Season', 'TeamId': '1611661319'}",shot_pace,1611661319,4Q/OT | margin -3..3 | 300..120,get-possessions__possessions__off_def-Offense__season-2025__season_type-Regular_Season__team_id-1611661319__9cf2cba8,get-possessions,https://api.pbpstats.com/get-possessions/wnba?OffDef=Offense&Season=2025&SeasonType=Regular+Season&TeamId=1611661319,200,24,01:43,"Vanloo P.FOUL (P1.T2)
MISS Loyd 3PT Jump Shot
Vanloo REBOUND (Off:0 Def:1)
",0,0,1,0,2025-09-11,1022500286,0,0,LAS,3,0,22,01:57,Off At Rim Miss,0,"[{""description"": ""Vanloo P.FOUL (P1.T2)"", ""url"": """"}, {""description"": ""MISS Loyd 3PT Jump Shot"", ""url"": """"}, {""description"": ""Vanloo REBOUND (Off:0 Def:1)"", ""url"": """"}]"
wnba,wnba_shot_pace,shot_pace,possessions,get-possessions,2025,Regular Season,team,"{'OffDef': 'Offense', 'Season': '2025', 'SeasonType': 'Regular Season', 'TeamId': '1611661319'}",shot_pace,1611661319,4Q/OT | margin -3..3 | 300..120,get-possessions__possessions__off_def-Offense__season-2025__season_type-Regular_Season__team_id-1611661319__9cf2cba8,get-possessions,https://api.pbpstats.com/get-possessions/wnba?OffDef=Offense&Season=2025&SeasonType=Regular+Season&TeamId=1611661319,200,25,02:06,"Pili BLOCK (1 BLK): MISS Wilson 4' Layup
Aces Rebound
MISS Parker-Tyus 13' Jump Shot
Plum REBOUND (Off:1 Def:2)
",2,0,0,0,2025-09-11,1022500286,0,1,LAS,3,0,22,02:28,Off Timeout,0,"[{""description"": ""Pili BLOCK (1 BLK): MISS Wilson 4' Layup"", ""url"": """"}, {""description"": ""Aces Rebound"", ""url"": """"}, {""description"": ""MISS Parker-Tyus 13' Jump Shot"", ""url"": """"}, {""description"": ""Plum REBOUND (Off:1 Def:2)"", ""url"": """"}]"
wnba,wnba_shot_pace,shot_pace,possessions,get-possessions,2025,Regular Season,team,"{'OffDef': 'Offense', 'Season': '2025', 'SeasonType': 'Regular Season', 'TeamId': '1611661319'}",shot_pace,1611661319,4Q/OT | margin -3..3 | 300..120,get-possessions__possessions__off_def-Offense__season-2025__season_type-Regular_Season__team_id-1611661319__9cf2cba8,get-possessions,https://api.pbpstats.com/get-possessions/wnba?OffDef=Offense&Season=2025&SeasonType=Regular+Season&TeamId=1611661319,200,26,02:31,"MISS Evans 3PT Jump Shot
Pili REBOUND (Off:0 Def:1)
",0,0,1,0,2025-09-11,1022500286,0,0,LAS,3,0,24,02:39,Off Arc 3 Miss,0,"[{""description"": ""MISS Evans 3PT Jump Shot"", ""url"": """"}, {""description"": ""Pili REBOUND (Off:0 Def:1)"", ""url"": """"}]"
wnba,wnba_shot_pace,shot_pace,possessions,get-possessions,2025,Regular Season,team,"{'OffDef': 'Offense', 'Season': '2025', 'SeasonType': 'Regular Season', 'TeamId': '1611661319'}",shot_pace,1611661319,4Q/OT | margin -3..3 | 300..120,get-possessions__possessions__off_def-Offense__season-2025__season_type-Regular_Season__team_id-1611661319__9cf2cba8,get-possessions,https://api.pbpstats.com/get-possessions/wnba?OffDef=Offense&Season=2025&SeasonType=Regular+Season&TeamId=1611661319,200,27,03:11,"MISS Loyd 25' 3PT Jump Shot
Evans REBOUND (Off:2 Def:0)
Wilson 18' Jump Shot (20 PTS) (Evans 3 AST)
",1,1,1,0,2025-09-11,1022500286,0,1,LAS,3,0,22,03:48,Off At Rim Make,0,"[{""description"": ""MISS Loyd 25' 3PT Jump Shot"", ""url"": """"}, {""description"": ""Evans REBOUND (Off:2 Def:0)"", ""url"": """"}, {""description"": ""Wilson 18' Jump Shot (20 PTS) (Evans 3 AST)"", ""url"": """"}]"
wnba,wnba_shot_pace,shot_pace,possessions,get-possessions,2025,Regular Season,team,"{'OffDef': 'Offense', 'Season': '2025', 'SeasonType': 'Regular Season', 'TeamId': '1611661319'}",shot_pace,1611661319,4Q/OT | margin -3..3 | 300..120,get-possessions__possessions__off_def-Offense__season-2025__season_type-Regular_Season__team_id-1611661319__9cf2cba8,get-possessions,https://api.pbpstats.com/get-possessions/wnba?OffDef=Offense&Season=2025&SeasonType=Regular+Season&TeamId=1611661319,200,28,04:06,"Wilson 2' Running Layup (18 PTS) (Young 10 AST)
",1,1,0,0,2025-09-11,1022500286,0,0,LAS,3,0,22,04:12,Off Steal,0,"[{""description"": ""Wilson 2' Running Layup (18 PTS) (Young 10 AST)"", ""url"": """"}]"
wnba,wnba_shot_pace,shot_pace,possessions,get-possessions,2025,Regular Season,team,"{'OffDef': 'Offense', 'Season': '2025', 'SeasonType': 'Regular Season', 'TeamId': '1611661319'}",shot_pace,1611661319,4Q/OT | margin -3..3 | 300..120,get-possessions__possessions__off_def-Offense__season-2025__season_type-Regular_Season__team_id-1611661319__9cf2cba8,get-possessions,https://api.pbpstats.com/get-possessions/wnba?OffDef=Offense&Season=2025&SeasonType=Regular+Season&TeamId=1611661319,200,29,04:15,"MISS Gray 24' 3PT Jump Shot
Stevens REBOUND (Off:1 Def:8)
",0,0,1,0,2025-09-11,1022500286,0,0,LAS,3,0,22,04:34,Off At Rim Make,0,"[{""description"": ""MISS Gray 24' 3PT Jump Shot"", ""url"": """"}, {""description"": ""Stevens REBOUND (Off:1 Def:8)"", ""url"": """"}]"
wnba,wnba_shot_pace,shot_pace,possessions,get-possessions,2025,Regular Season,team,"{'OffDef': 'Offense', 'Season': '2025', 'SeasonType': 'Regular Season', 'TeamId': '1611661319'}",shot_pace,1611661319,4Q/OT | margin -3..3 | 300..120,get-possessions__possessions__off_def-Offense__season-2025__season_type-Regular_Season__team_id-1611661319__9cf2cba8,get-possessions,https://api.pbpstats.com/get-possessions/wnba?OffDef=Offense&Season=2025&SeasonType=Regular+Season&TeamId=1611661319,200,30,04:44,"Stevens STEAL (2 STL): Gray Bad Pass Turnover (P2.T7)
",0,0,0,0,2025-09-11,1022500286,0,0,LAS,3,0,24,05:00,Off Long Mid-Range Make,1,"[{""description"": ""Stevens STEAL (2 STL): Gray Bad Pass Turnover (P2.T7)"", ""url"": """"}]"
wnba,wnba_shot_pace,shot_pace,possessions,get-possessions,2025,Regular Season,team,"{'OffDef': 'Offense', 'Season': '2025', 'SeasonType': 'Regular Season', 'TeamId': '1611661319'}",shot_pace,1611661319,4Q/OT | margin -3..3 | 300..120,get-possessions__possessions__off_def-Offense__season-2025__season_type-Regular_Season__team_id-1611661319__9cf2cba8,get-possessions,https://api.pbpstats.com/get-possessions/wnba?OffDef=Offense&Season=2025&SeasonType=Regular+Season&TeamId=1611661319,200,31,05:20,"Loyd 24' 3PT Running Pull-Up Jump Shot (15 PTS) (Gray 7 AST)
",0,0,1,1,2025-09-11,1022500286,0,0,LAS,3,0,23,05:24,Off At Rim Miss,0,"[{""description"": ""Loyd 24' 3PT Running Pull-Up Jump Shot (15 PTS) (Gray 7 AST)"", ""url"": """"}]"
wnba,wnba_shot_pace,shot_pace,possessions,get-possessions,2025,Regular Season,team,"{'OffDef': 'Offense', 'Season': '2025', 'SeasonType': 'Regular Season', 'TeamId': '1611661319'}",shot_pace,1611661319,4Q/OT | margin -3..3 | 300..120,get-possessions__possessions__off_def-Offense__season-2025__season_type-Regular_Season__team_id-1611661319__9cf2cba8,get-possessions,https://api.pbpstats.com/get-possessions/wnba?OffDef=Offense&Season=2025&SeasonType=Regular+Season&TeamId=1611661319,200,32,05:36,"MISS Wilson 11' Turnaround Fadeaway Shot
Hamby REBOUND (Off:0 Def:4)
",1,0,0,0,2025-09-11,1022500286,0,0,LAS,3,0,23,05:58,Off At Rim Make,0,"[{""description"": ""MISS Wilson 11' Turnaround Fadeaway Shot"", ""url"": """"}, {""description"": ""Hamby REBOUND (Off:0 Def:4)"", ""url"": """"}]"
wnba,wnba_shot_pace,shot_pace,possessions,get-possessions,2025,Regular Season,team,"{'OffDef': 'Offense', 'Season': '2025', 'SeasonType': 'Regular Season', 'TeamId': '1611661319'}",shot_pace,1611661319,4Q/OT | margin -3..3 | 300..120,get-possessions__possessions__off_def-Offense__season-2025__season_type-Regular_Season__team_id-1611661319__9cf2cba8,get-possessions,https://api.pbpstats.com/get-possessions/wnba?OffDef=Offense&Season=2025&SeasonType=Regular+Season&TeamId=1611661319,200,33,06:15,"Wilson 24' 3PT Jump Shot (16 PTS) (Young 9 AST)
",0,0,1,1,2025-09-11,1022500286,0,0,LAS,3,0,22,06:23,Off Corner 3 Miss,0,"[{""description"": ""Wilson 24' 3PT Jump Shot (16 PTS) (Young 9 AST)"", ""url"": """"}]"
wnba,wnba_shot_pace,shot_pace,possessions,get-possessions,2025,Regular Season,team,"{'OffDef': 'Offense', 'Season': '2025', 'SeasonType': 'Regular Season', 'TeamId': '1611661319'}",shot_pace,1611661319,4Q/OT | margin -3..3 | 300..120,get-possessions__possessions__off_def-Offense__season-2025__season_type-Regular_Season__team_id-1611661319__9cf2cba8,get-possessions,https://api.pbpstats.com/get-possessions/wnba?OffDef=Offense&Season=2025&SeasonType=Regular+Season&TeamId=1611661319,200,34,06:38,"MISS Nye 24' 3PT Jump Shot
Hamby REBOUND (Off:0 Def:3)
",0,0,1,0,2025-09-11,1022500286,0,0,LAS,3,0,22,06:52,Off At Rim Make,0,"[{""description"": ""MISS Nye 24' 3PT Jump Shot"", ""url"": """"}, {""description"": ""Hamby REBOUND (Off:0 Def:3)"", ""url"": """"}]"
wnba,wnba_shot_pace,shot_pace,possessions,get-possessions,2025,Regular Season,team,"{'OffDef': 'Offense', 'Season': '2025', 'SeasonType': 'Regular Season', 'TeamId': '1611661319'}",shot_pace,1611661319,4Q/OT | margin -3..3 | 300..120,get-possessions__possessions__off_def-Offense__season-2025__season_type-Regular_Season__team_id-1611661319__9cf2cba8,get-possessions,https://api.pbpstats.com/get-possessions/wnba?OffDef=Offense&Season=2025&SeasonType=Regular+Season&TeamId=1611661319,200,35,07:09,"Wilson 6' Floating Jump Shot (13 PTS) (Young 8 AST)
",1,1,0,0,2025-09-11,1022500286,0,0,LAS,3,0,22,07:17,Off Arc 3 Miss,0,"[{""description"": ""Wilson 6' Floating Jump Shot (13 PTS) (Young 8 AST)"", ""url"": """"}]"
wnba,wnba_shot_pace,shot_pace,possessions,get-possessions,2025,Regular Season,team,"{'OffDef': 'Offense', 'Season': '2025', 'SeasonType': 'Regular Season', 'TeamId': '1611661319'}",shot_pace,1611661319,4Q/OT | margin -3..3 | 300..120,get-possessions__possessions__off_def-Offense__season-2025__season_type-Regular_Season__team_id-1611661319__9cf2cba8,get-possessions,https://api.pbpstats.com/get-possessions/wnba?OffDef=Offense&Season=2025&SeasonType=Regular+Season&TeamId=1611661319,200,36,07:26,"Plum L.B.FOUL (P3.T1)
Wilson 25' 3PT Jump Shot (11 PTS) (Gray 6 AST)
",0,0,1,1,2025-09-11,1022500286,0,0,LAS,3,0,19,07:36,Off Steal,0,"[{""description"": ""Plum L.B.FOUL (P3.T1)"", ""url"": """"}, {""description"": ""Wilson 25' 3PT Jump Shot (11 PTS) (Gray 6 AST)"", ""url"": """"}]"
wnba,wnba_shot_pace,shot_pace,possessions,get-possessions,2025,Regular Season,team,"{'OffDef': 'Offense', 'Season': '2025', 'SeasonType': 'Regular Season', 'TeamId': '1611661319'}",shot_pace,1611661319,4Q/OT | margin -3..3 | 300..120,get-possessions__possessions__off_def-Offense__season-2025__season_type-Regular_Season__team_id-1611661319__9cf2cba8,get-possessions,https://api.pbpstats.com/get-possessions/wnba?OffDef=Offense&Season=2025&SeasonType=Regular+Season&TeamId=1611661319,200,37,07:48,"Wilson 5' Turnaround Hook Shot (8 PTS) (Gray 5 AST)
",1,1,0,0,2025-09-11,1022500286,0,0,LAS,3,0,17,07:59,Off Steal,0,"[{""description"": ""Wilson 5' Turnaround Hook Shot (8 PTS) (Gray 5 AST)"", ""url"": """"}]"
wnba,wnba_shot_pace,shot_pace,possessions,get-possessions,2025,Regular Season,team,"{'OffDef': 'Offense', 'Season': '2025', 'SeasonType': 'Regular Season', 'TeamId': '1611661319'}",shot_pace,1611661319,4Q/OT | margin -3..3 | 300..120,get-possessions__possessions__off_def-Offense__season-2025__season_type-Regular_Season__team_id-1611661319__9cf2cba8,get-possessions,https://api.pbpstats.com/get-possessions/wnba?OffDef=Offense&Season=2025&SeasonType=Regular+Season&TeamId=1611661319,200,38,08:08,"MISS Smith 24' 3PT Jump Shot
Barker REBOUND (Off:0 Def:2)
",0,0,1,0,2025-09-11,1022500286,0,0,LAS,3,0,17,08:17,Off Arc 3 Miss,0,"[{""description"": ""MISS Smith 24' 3PT Jump Shot"", ""url"": """"}, {""description"": ""Barker REBOUND (Off:0 Def:2)"", ""url"": """"}]"
wnba,wnba_shot_pace,shot_pace,possessions,get-possessions,2025,Regular Season,team,"{'OffDef': 'Offense', 'Season': '2025', 'SeasonType': 'Regular Season', 'TeamId': '1611661319'}",shot_pace,1611661319,4Q/OT | margin -3..3 | 300..120,get-possessions__possessions__off_def-Offense__season-2025__season_type-Regular_Season__team_id-1611661319__9cf2cba8,get-possessions,https://api.pbpstats.com/get-possessions/wnba?OffDef=Offense&Season=2025&SeasonType=Regular+Season&TeamId=1611661319,200,39,08:28,"MISS Young 26' 3PT Jump Shot
Stevens REBOUND (Off:1 Def:7)
",0,0,1,0,2025-09-11,1022500286,0,0,LAS,3,0,17,08:49,Off At Rim Make,0,"[{""description"": ""MISS Young 26' 3PT Jump Shot"", ""url"": """"}, {""description"": ""Stevens REBOUND (Off:1 Def:7)"", ""url"": """"}]"
wnba,wnba_shot_pace,shot_pace,possessions,get-possessions,2025,Regular Season,team,"{'OffDef': 'Offense', 'Season': '2025', 'SeasonType': 'Regular Season', 'TeamId': '1611661319'}",shot_pace,1611661319,4Q/OT | margin -3..3 | 300..120,get-possessions__possessions__off_def-Offense__season-2025__season_type-Regular_Season__team_id-1611661319__9cf2cba8,get-possessions,https://api.pbpstats.com/get-possessions/wnba?OffDef=Offense&Season=2025&SeasonType=Regular+Season&TeamId=1611661319,200,40,08:58,"MISS Nye 25' 3PT Jump Shot
Gray REBOUND (Off:1 Def:2)
MISS Gray 19' Jump Shot
Stevens REBOUND (Off:1 Def:6)
",1,0,1,0,2025-09-11,1022500286,0,1,LAS,3,0,19,09:25,Off FT Make,0,"[{""description"": ""MISS Nye 25' 3PT Jump Shot"", ""url"": """"}, {""description"": ""Gray REBOUND (Off:1 Def:2)"", ""url"": """"}, {""description"": ""MISS Gray 19' Jump Shot"", ""url"": """"}, {""description"": ""Stevens REBOUND (Off:1 Def:6)"", ""url"": """"}]"
wnba,wnba_shot_pace,shot_pace,possessions,get-possessions,2025,Regular Season,team,"{'OffDef': 'Offense', 'Season': '2025', 'SeasonType': 'Regular Season', 'TeamId': '1611661319'}",shot_pace,1611661319,4Q/OT | margin -3..3 | 300..120,get-possessions__possessions__off_def-Offense__season-2025__season_type-Regular_Season__team_id-1611661319__9cf2cba8,get-possessions,https://api.pbpstats.com/get-possessions/wnba?OffDef=Offense&Season=2025&SeasonType=Regular+Season&TeamId=1611661319,200,41,09:39,"Smith 2' Running Layup (8 PTS) (Young 7 AST)
",1,1,0,0,2025-09-11,1022500286,0,0,LAS,3,0,19,09:45,Off Steal,0,"[{""description"": ""Smith 2' Running Layup (8 PTS) (Young 7 AST)"", ""url"": """"}]"
wnba,wnba_shot_pace,shot_pace,possessions,get-possessions,2025,Regular Season,team,"{'OffDef': 'Offense', 'Season': '2025', 'SeasonType': 'Regular Season', 'TeamId': '1611661319'}",shot_pace,1611661319,4Q/OT | margin -3..3 | 300..120,get-possessions__possessions__off_def-Offense__season-2025__season_type-Regular_Season__team_id-1611661319__9cf2cba8,get-possessions,https://api.pbpstats.com/get-possessions/wnba?OffDef=Offense&Season=2025&SeasonType=Regular+Season&TeamId=1611661319,200,42,00:00,,0,0,0,0,2025-09-11,1022500286,0,0,LAS,2,0,19,00:07,Off At Rim Make,0,[]
wnba,wnba_shot_pace,shot_pace,possessions,get-possessions,2025,Regular Season,team,"{'OffDef': 'Offense', 'Season': '2025', 'SeasonType': 'Regular Season', 'TeamId': '1611661319'}",shot_pace,1611661319,4Q/OT | margin -3..3 | 300..120,get-possessions__possessions__off_def-Offense__season-2025__season_type-Regular_Season__team_id-1611661319__9cf2cba8,get-possessions,https://api.pbpstats.com/get-possessions/wnba?OffDef=Offense&Season=2025&SeasonType=Regular+Season&TeamId=1611661319,200,43,00:29,"Gray 25' 3PT Jump Shot (12 PTS) (Young 6 AST)
",0,0,1,1,2025-09-11,1022500286,0,0,LAS,2,0,18,00:36,Off At Rim Miss,0,"[{""description"": ""Gray 25' 3PT Jump Shot (12 PTS) (Young 6 AST)"", ""url"": """"}]"
wnba,wnba_shot_pace,shot_pace,possessions,get-possessions,2025,Regular Season,team,"{'OffDef': 'Offense', 'Season': '2025', 'SeasonType': 'Regular Season', 'TeamId': '1611661319'}",shot_pace,1611661319,4Q/OT | margin -3..3 | 300..120,get-possessions__possessions__off_def-Offense__season-2025__season_type-Regular_Season__team_id-1611661319__9cf2cba8,get-possessions,https://api.pbpstats.com/get-possessions/wnba?OffDef=Offense&Season=2025&SeasonType=Regular+Season&TeamId=1611661319,200,44,00:45,"Feagin S.FOUL (P1.T4)
Wilson Free Throw 1 of 2 (5 PTS)
Wilson Free Throw 2 of 2 (6 PTS)
",0,0,0,0,2025-09-11,1022500286,0,0,LAS,2,1,16,01:06,Off Corner 3 Make,0,"[{""description"": ""Feagin S.FOUL (P1.T4)"", ""url"": """"}, {""description"": ""Wilson Free Throw 1 of 2 (5 PTS)"", ""url"": """"}, {""description"": ""Wilson Free Throw 2 of 2 (6 PTS)"", ""url"": """"}]"
wnba,wnba_shot_pace,shot_pace,possessions,get-possessions,2025,Regular Season,team,"{'OffDef': 'Offense', 'Season': '2025', 'SeasonType': 'Regular Season', 'TeamId': '1611661319'}",shot_pace,1611661319,4Q/OT | margin -3..3 | 300..120,get-possessions__possessions__off_def-Offense__season-2025__season_type-Regular_Season__team_id-1611661319__9cf2cba8,get-possessions,https://api.pbpstats.com/get-possessions/wnba?OffDef=Offense&Season=2025&SeasonType=Regular+Season&TeamId=1611661319,200,45,01:19,"MISS Loyd 24' 3PT Running Jump Shot
Stevens REBOUND (Off:1 Def:5)
",0,0,1,0,2025-09-11,1022500286,0,0,LAS,2,0,19,01:26,Off Arc 3 Miss,0,"[{""description"": ""MISS Loyd 24' 3PT Running Jump Shot"", ""url"": """"}, {""description"": ""Stevens REBOUND (Off:1 Def:5)"", ""url"": """"}]"
wnba,wnba_shot_pace,shot_pace,possessions,get-possessions,2025,Regular Season,team,"{'OffDef': 'Offense', 'Season': '2025', 'SeasonType': 'Regular Season', 'TeamId': '1611661319'}",shot_pace,1611661319,4Q/OT | margin -3..3 | 300..120,get-possessions__possessions__off_def-Offense__season-2025__season_type-Regular_Season__team_id-1611661319__9cf2cba8,get-possessions,https://api.pbpstats.com/get-possessions/wnba?OffDef=Offense&Season=2025&SeasonType=Regular+Season&TeamId=1611661319,200,46,01:42,"Young Step Out of Bounds Turnover (P3.T6)
",0,0,0,0,2025-09-11,1022500286,0,0,LAS,2,0,19,01:48,Off FT Make,1,"[{""description"": ""Young Step Out of Bounds Turnover (P3.T6)"", ""url"": """"}]"
wnba,wnba_shot_pace,shot_pace,possessions,get-possessions,2025,Regular Season,team,"{'OffDef': 'Offense', 'Season': '2025', 'SeasonType': 'Regular Season', 'TeamId': '1611661319'}",shot_pace,1611661319,4Q/OT | margin -3..3 | 300..120,get-possessions__possessions__off_def-Offense__season-2025__season_type-Regular_Season__team_id-1611661319__9cf2cba8,get-possessions,https://api.pbpstats.com/get-possessions/wnba?OffDef=Offense&Season=2025&SeasonType=Regular+Season&TeamId=1611661319,200,47,01:58,"MISS Loyd 3PT Jump Shot
Wilson REBOUND (Off:1 Def:8)
Barker P.FOUL (P1.T3)
Wilson 17' Jump Shot (4 PTS) (Young 5 AST)
",1,1,1,0,2025-09-11,1022500286,0,1,LAS,2,0,19,02:20,Off Arc 3 Miss,0,"[{""description"": ""MISS Loyd 3PT Jump Shot"", ""url"": """"}, {""description"": ""Wilson REBOUND (Off:1 Def:8)"", ""url"": """"}, {""description"": ""Barker P.FOUL (P1.T3)"", ""url"": """"}, {""description"": ""Wilson 17' Jump Shot (4 PTS) (Young 5 AST)"", ""url"": """"}]"
wnba,wnba_shot_pace,shot_pace,possessions,get-possessions,2025,Regular Season,team,"{'OffDef': 'Offense', 'Season': '2025', 'SeasonType': 'Regular Season', 'TeamId': '1611661319'}",shot_pace,1611661319,4Q/OT | margin -3..3 | 300..120,get-possessions__possessions__off_def-Offense__season-2025__season_type-Regular_Season__team_id-1611661319__9cf2cba8,get-possessions,https://api.pbpstats.com/get-possessions/wnba?OffDef=Offense&Season=2025&SeasonType=Regular+Season&TeamId=1611661319,200,48,02:41,"MISS Wilson 3' Running Layup
Stevens REBOUND (Off:1 Def:4)
",1,0,0,0,2025-09-11,1022500286,0,0,LAS,2,0,19,02:50,Off At Rim Block,0,"[{""description"": ""MISS Wilson 3' Running Layup"", ""url"": """"}, {""description"": ""Stevens REBOUND (Off:1 Def:4)"", ""url"": """"}]"
wnba,wnba_shot_pace,shot_pace,possessions,get-possessions,2025,Regular Season,team,"{'OffDef': 'Offense', 'Season': '2025', 'SeasonType': 'Regular Season', 'TeamId': '1611661319'}",shot_pace,1611661319,4Q/OT | margin -3..3 | 300..120,get-possessions__possessions__off_def-Offense__season-2025__season_type-Regular_Season__team_id-1611661319__9cf2cba8,get-possessions,https://api.pbpstats.com/get-possessions/wnba?OffDef=Offense&Season=2025&SeasonType=Regular+Season&TeamId=1611661319,200,49,03:02,"MISS Wilson 5' Turnaround Hook Shot
Hamby REBOUND (Off:0 Def:2)
",1,0,0,0,2025-09-11,1022500286,0,0,LAS,2,0,19,03:30,Off Arc 3 Make,0,"[{""description"": ""MISS Wilson 5' Turnaround Hook Shot"", ""url"": """"}, {""description"": ""Hamby REBOUND (Off:0 Def:2)"", ""url"": """"}]"
wnba,wnba_shot_pace,shot_pace,possessions,get-possessions,2025,Regular Season,team,"{'OffDef': 'Offense', 'Season': '2025', 'SeasonType': 'Regular Season', 'TeamId': '1611661319'}",shot_pace,1611661319,4Q/OT | margin -3..3 | 300..120,get-possessions__possessions__off_def-Offense__season-2025__season_type-Regular_Season__team_id-1611661319__9cf2cba8,get-possessions,https://api.pbpstats.com/get-possessions/wnba?OffDef=Offense&Season=2025&SeasonType=Regular+Season&TeamId=1611661319,200,50,03:44,"Loyd 24' 3PT Jump Shot (12 PTS) (Nye 2 AST)
",0,0,1,1,2025-09-11,1022500286,0,0,LAS,2,0,19,03:56,Off At Rim Make,0,"[{""description"": ""Loyd 24' 3PT Jump Shot (12 PTS) (Nye 2 AST)"", ""url"": """"}]"
wnba,wnba_shot_pace,shot_pace,possessions,get-possessions,2025,Regular Season,team,"{'OffDef': 'Offense', 'Season': '2025', 'SeasonType': 'Regular Season', 'TeamId': '1611661319'}",shot_pace,1611661319,4Q/OT | margin -3..3 | 300..120,get-possessions__possessions__off_def-Offense__season-2025__season_type-Regular_Season__team_id-1611661319__9cf2cba8,get-possessions,https://api.pbpstats.com/get-possessions/wnba?OffDef=Offense&Season=2025&SeasonType=Regular+Season&TeamId=1611661319,200,51,04:06,"Stevens STEAL (1 STL): Gray Bad Pass Turnover (P1.T5)
",0,0,0,0,2025-09-11,1022500286,0,0,LAS,2,0,21,04:16,Off Arc 3 Miss,1,"[{""description"": ""Stevens STEAL (1 STL): Gray Bad Pass Turnover (P1.T5)"", ""url"": """"}]"
wnba,wnba_shot_pace,shot_pace,possessions,get-possessions,2025,Regular Season,team,"{'OffDef': 'Offense', 'Season': '2025', 'SeasonType': 'Regular Season', 'TeamId': '1611661319'}",shot_pace,1611661319,4Q/OT | margin -3..3 | 300..120,get-possessions__possessions__off_def-Offense__season-2025__season_type-Regular_Season__team_id-1611661319__9cf2cba8,get-possessions,https://api.pbpstats.com/get-possessions/wnba?OffDef=Offense&Season=2025&SeasonType=Regular+Season&TeamId=1611661319,200,52,04:36,"Plum P.FOUL (P2.T2)
Young 9' Driving Floating Jump Shot (14 PTS) (Wilson 3 AST)
",1,1,0,0,2025-09-11,1022500286,0,0,LAS,2,0,19,04:55,Off Block,0,"[{""description"": ""Plum P.FOUL (P2.T2)"", ""url"": """"}, {""description"": ""Young 9' Driving Floating Jump Shot (14 PTS) (Wilson 3 AST)"", ""url"": """"}]"
wnba,wnba_shot_pace,shot_pace,possessions,get-possessions,2025,Regular Season,team,"{'OffDef': 'Offense', 'Season': '2025', 'SeasonType': 'Regular Season', 'TeamId': '1611661319'}",shot_pace,1611661319,4Q/OT | margin -3..3 | 300..120,get-possessions__possessions__off_def-Offense__season-2025__season_type-Regular_Season__team_id-1611661319__9cf2cba8,get-possessions,https://api.pbpstats.com/get-possessions/wnba?OffDef=Offense&Season=2025&SeasonType=Regular+Season&TeamId=1611661319,200,53,05:03,"Hamby STEAL (1 STL): Young Bad Pass Turnover (P2.T4)
",0,0,0,0,2025-09-11,1022500286,0,0,LAS,2,0,19,05:11,Off Arc 3 Miss,1,"[{""description"": ""Hamby STEAL (1 STL): Young Bad Pass Turnover (P2.T4)"", ""url"": """"}]"
wnba,wnba_shot_pace,shot_pace,possessions,get-possessions,2025,Regular Season,team,"{'OffDef': 'Offense', 'Season': '2025', 'SeasonType': 'Regular Season', 'TeamId': '1611661319'}",shot_pace,1611661319,4Q/OT | margin -3..3 | 300..120,get-possessions__possessions__off_def-Offense__season-2025__season_type-Regular_Season__team_id-1611661319__9cf2cba8,get-possessions,https://api.pbpstats.com/get-possessions/wnba?OffDef=Offense&Season=2025&SeasonType=Regular+Season&TeamId=1611661319,200,54,05:25,"Nye 24' 3PT Jump Shot (3 PTS) (Young 4 AST)
",0,0,1,1,2025-09-11,1022500286,0,0,LAS,2,0,16,05:36,Off At Rim Miss,0,"[{""description"": ""Nye 24' 3PT Jump Shot (3 PTS) (Young 4 AST)"", ""url"": """"}]"
wnba,wnba_shot_pace,shot_pace,possessions,get-possessions,2025,Regular Season,team,"{'OffDef': 'Offense', 'Season': '2025', 'SeasonType': 'Regular Season', 'TeamId': '1611661319'}",shot_pace,1611661319,4Q/OT | margin -3..3 | 300..120,get-possessions__possessions__off_def-Offense__season-2025__season_type-Regular_Season__team_id-1611661319__9cf2cba8,get-possessions,https://api.pbpstats.com/get-possessions/wnba?OffDef=Offense&Season=2025&SeasonType=Regular+Season&TeamId=1611661319,200,55,05:59,"Smith 3' Layup (6 PTS) (Gray 4 AST)
",1,1,0,0,2025-09-11,1022500286,0,0,LAS,2,0,14,06:20,Off FT Make,0,"[{""description"": ""Smith 3' Layup (6 PTS) (Gray 4 AST)"", ""url"": """"}]"
wnba,wnba_shot_pace,shot_pace,possessions,get-possessions,2025,Regular Season,team,"{'OffDef': 'Offense', 'Season': '2025', 'SeasonType': 'Regular Season', 'TeamId': '1611661319'}",shot_pace,1611661319,4Q/OT | margin -3..3 | 300..120,get-possessions__possessions__off_def-Offense__season-2025__season_type-Regular_Season__team_id-1611661319__9cf2cba8,get-possessions,https://api.pbpstats.com/get-possessions/wnba?OffDef=Offense&Season=2025&SeasonType=Regular+Season&TeamId=1611661319,200,56,06:41,"Gray 25' 3PT Jump Shot (9 PTS) (Nye 1 AST)
",0,0,1,1,2025-09-11,1022500286,0,0,LAS,2,0,13,06:48,Off At Rim Make,0,"[{""description"": ""Gray 25' 3PT Jump Shot (9 PTS) (Nye 1 AST)"", ""url"": """"}]"
wnba,wnba_shot_pace,shot_pace,possessions,get-possessions,2025,Regular Season,team,"{'OffDef': 'Offense', 'Season': '2025', 'SeasonType': 'Regular Season', 'TeamId': '1611661319'}",shot_pace,1611661319,4Q/OT | margin -3..3 | 300..120,get-possessions__possessions__off_def-Offense__season-2025__season_type-Regular_Season__team_id-1611661319__9cf2cba8,get-possessions,https://api.pbpstats.com/get-possessions/wnba?OffDef=Offense&Season=2025&SeasonType=Regular+Season&TeamId=1611661319,200,57,07:10,"Brink P.FOUL (P1.T1)
Gray 15' Step Back Jump Shot (6 PTS) (Evans 2 AST)
",1,1,0,0,2025-09-11,1022500286,0,0,LAS,2,0,13,07:30,Off Steal,0,"[{""description"": ""Brink P.FOUL (P1.T1)"", ""url"": """"}, {""description"": ""Gray 15' Step Back Jump Shot (6 PTS) (Evans 2 AST)"", ""url"": """"}]"
wnba,wnba_shot_pace,shot_pace,possessions,get-possessions,2025,Regular Season,team,"{'OffDef': 'Offense', 'Season': '2025', 'SeasonType': 'Regular Season', 'TeamId': '1611661319'}",shot_pace,1611661319,4Q/OT | margin -3..3 | 300..120,get-possessions__possessions__off_def-Offense__season-2025__season_type-Regular_Season__team_id-1611661319__9cf2cba8,get-possessions,https://api.pbpstats.com/get-possessions/wnba?OffDef=Offense&Season=2025&SeasonType=Regular+Season&TeamId=1611661319,200,58,07:46,"MISS Evans 4' Driving Layup
Cannon REBOUND (Off:0 Def:1)
",1,0,0,0,2025-09-11,1022500286,0,0,LAS,2,0,13,08:05,Off Timeout,0,"[{""description"": ""MISS Evans 4' Driving Layup"", ""url"": """"}, {""description"": ""Cannon REBOUND (Off:0 Def:1)"", ""url"": """"}]"
wnba,wnba_shot_pace,shot_pace,possessions,get-possessions,2025,Regular Season,team,"{'OffDef': 'Offense', 'Season': '2025', 'SeasonType': 'Regular Season', 'TeamId': '1611661319'}",shot_pace,1611661319,4Q/OT | margin -3..3 | 300..120,get-possessions__possessions__off_def-Offense__season-2025__season_type-Regular_Season__team_id-1611661319__9cf2cba8,get-possessions,https://api.pbpstats.com/get-possessions/wnba?OffDef=Offense&Season=2025&SeasonType=Regular+Season&TeamId=1611661319,200,59,08:35,"Gray 16' Pullup Jump Shot (4 PTS) (Evans 1 AST)
",1,1,0,0,2025-09-11,1022500286,0,0,LAS,2,0,14,08:51,Off Arc 3 Miss,0,"[{""description"": ""Gray 16' Pullup Jump Shot (4 PTS) (Evans 1 AST)"", ""url"": """"}]"
wnba,wnba_shot_pace,shot_pace,possessions,get-possessions,2025,Regular Season,team,"{'OffDef': 'Offense', 'Season': '2025', 'SeasonType': 'Regular Season', 'TeamId': '1611661319'}",shot_pace,1611661319,4Q/OT | margin -3..3 | 300..120,get-possessions__possessions__off_def-Offense__season-2025__season_type-Regular_Season__team_id-1611661319__9cf2cba8,get-possessions,https://api.pbpstats.com/get-possessions/wnba?OffDef=Offense&Season=2025&SeasonType=Regular+Season&TeamId=1611661319,200,60,09:07,"MISS Loyd 24' 3PT Jump Shot
Evans REBOUND (Off:1 Def:0)
MISS Evans 3' Driving Layup
Brink REBOUND (Off:0 Def:1)
",1,0,1,0,2025-09-11,1022500286,0,1,LAS,2,0,14,09:39,Off At Rim Make,0,"[{""description"": ""MISS Loyd 24' 3PT Jump Shot"", ""url"": """"}, {""description"": ""Evans REBOUND (Off:1 Def:0)"", ""url"": """"}, {""description"": ""MISS Evans 3' Driving Layup"", ""url"": """"}, {""description"": ""Brink REBOUND (Off:0 Def:1)"", ""url"": """"}]"
wnba,wnba_shot_pace,shot_pace,possessions,get-possessions,2025,Regular Season,team,"{'OffDef': 'Offense', 'Season': '2025', 'SeasonType': 'Regular Season', 'TeamId': '1611661319'}",shot_pace,1611661319,4Q/OT | margin -3..3 | 300..120,get-possessions__possessions__off_def-Offense__season-2025__season_type-Regular_Season__team_id-1611661319__9cf2cba8,get-possessions,https://api.pbpstats.com/get-possessions/wnba?OffDef=Offense&Season=2025&SeasonType=Regular+Season&TeamId=1611661319,200,61,00:19,"Plum P.FOUL (P1.T1)
MISS Young 24' 3PT Step Back Jump Shot
Barker REBOUND (Off:0 Def:1)
",0,0,1,0,2025-09-11,1022500286,0,0,LAS,1,0,16,00:38,Off Short Mid-Range Miss,0,"[{""description"": ""Plum P.FOUL (P1.T1)"", ""url"": """"}, {""description"": ""MISS Young 24' 3PT Step Back Jump Shot"", ""url"": """"}, {""description"": ""Barker REBOUND (Off:0 Def:1)"", ""url"": """"}]"
wnba,wnba_shot_pace,shot_pace,possessions,get-possessions,2025,Regular Season,team,"{'OffDef': 'Offense', 'Season': '2025', 'SeasonType': 'Regular Season', 'TeamId': '1611661319'}",shot_pace,1611661319,4Q/OT | margin -3..3 | 300..120,get-possessions__possessions__off_def-Offense__season-2025__season_type-Regular_Season__team_id-1611661319__9cf2cba8,get-possessions,https://api.pbpstats.com/get-possessions/wnba?OffDef=Offense&Season=2025&SeasonType=Regular+Season&TeamId=1611661319,200,62,00:54,"Young 24' 3PT Running Pull-Up Jump Shot (12 PTS)
",0,0,1,1,2025-09-11,1022500286,0,0,LAS,1,0,13,00:57,Off Arc 3 Miss,0,"[{""description"": ""Young 24' 3PT Running Pull-Up Jump Shot (12 PTS)"", ""url"": """"}]"
wnba,wnba_shot_pace,shot_pace,possessions,get-possessions,2025,Regular Season,team,"{'OffDef': 'Offense', 'Season': '2025', 'SeasonType': 'Regular Season', 'TeamId': '1611661319'}",shot_pace,1611661319,4Q/OT | margin -3..3 | 300..120,get-possessions__possessions__off_def-Offense__season-2025__season_type-Regular_Season__team_id-1611661319__9cf2cba8,get-possessions,https://api.pbpstats.com/get-possessions/wnba?OffDef=Offense&Season=2025&SeasonType=Regular+Season&TeamId=1611661319,200,63,01:15,"Loyd 3PT Jump Shot (9 PTS) (Young 3 AST)
",0,0,1,1,2025-09-11,1022500286,0,0,LAS,1,0,10,01:37,Off At Rim Make,0,"[{""description"": ""Loyd 3PT Jump Shot (9 PTS) (Young 3 AST)"", ""url"": """"}]"
wnba,wnba_shot_pace,shot_pace,possessions,get-possessions,2025,Regular Season,team,"{'OffDef': 'Offense', 'Season': '2025', 'SeasonType': 'Regular Season', 'TeamId': '1611661319'}",shot_pace,1611661319,4Q/OT | margin -3..3 | 300..120,get-possessions__possessions__off_def-Offense__season-2025__season_type-Regular_Season__team_id-1611661319__9cf2cba8,get-possessions,https://api.pbpstats.com/get-possessions/wnba?OffDef=Offense&Season=2025&SeasonType=Regular+Season&TeamId=1611661319,200,64,01:41,"Plum STEAL (2 STL): Evans Bad Pass Turnover (P1.T3)
",0,0,0,0,2025-09-11,1022500286,0,0,LAS,1,0,12,02:00,Off Steal,1,"[{""description"": ""Plum STEAL (2 STL): Evans Bad Pass Turnover (P1.T3)"", ""url"": """"}]"
wnba,wnba_shot_pace,shot_pace,possessions,get-possessions,2025,Regular Season,team,"{'OffDef': 'Offense', 'Season': '2025', 'SeasonType': 'Regular Season', 'TeamId': '1611661319'}",shot_pace,1611661319,4Q/OT | margin -3..3 | 300..120,get-possessions__possessions__off_def-Offense__season-2025__season_type-Regular_Season__team_id-1611661319__9cf2cba8,get-possessions,https://api.pbpstats.com/get-possessions/wnba?OffDef=Offense&Season=2025&SeasonType=Regular+Season&TeamId=1611661319,200,65,02:15,"Young 24' 3PT Jump Shot (9 PTS) (Wilson 2 AST)
",0,0,1,1,2025-09-11,1022500286,0,0,LAS,1,0,9,02:25,Off Steal,0,"[{""description"": ""Young 24' 3PT Jump Shot (9 PTS) (Wilson 2 AST)"", ""url"": """"}]"
wnba,wnba_shot_pace,shot_pace,possessions,get-possessions,2025,Regular Season,team,"{'OffDef': 'Offense', 'Season': '2025', 'SeasonType': 'Regular Season', 'TeamId': '1611661319'}",shot_pace,1611661319,4Q/OT | margin -3..3 | 300..120,get-possessions__possessions__off_def-Offense__season-2025__season_type-Regular_Season__team_id-1611661319__9cf2cba8,get-possessions,https://api.pbpstats.com/get-possessions/wnba?OffDef=Offense&Season=2025&SeasonType=Regular+Season&TeamId=1611661319,200,66,02:32,"MISS Loyd 25' 3PT Jump Shot
Plum REBOUND (Off:0 Def:1)
",0,0,1,0,2025-09-11,1022500286,0,0,LAS,1,0,9,02:51,Off At Rim Make,0,"[{""description"": ""MISS Loyd 25' 3PT Jump Shot"", ""url"": """"}, {""description"": ""Plum REBOUND (Off:0 Def:1)"", ""url"": """"}]"
wnba,wnba_shot_pace,shot_pace,possessions,get-possessions,2025,Regular Season,team,"{'OffDef': 'Offense', 'Season': '2025', 'SeasonType': 'Regular Season', 'TeamId': '1611661319'}",shot_pace,1611661319,4Q/OT | margin -3..3 | 300..120,get-possessions__possessions__off_def-Offense__season-2025__season_type-Regular_Season__team_id-1611661319__9cf2cba8,get-possessions,https://api.pbpstats.com/get-possessions/wnba?OffDef=Offense&Season=2025&SeasonType=Regular+Season&TeamId=1611661319,200,67,03:01,"MISS Wilson 4' Driving Layup
Stevens REBOUND (Off:0 Def:3)
",1,0,0,0,2025-09-11,1022500286,0,0,LAS,1,0,11,03:25,Off Arc 3 Miss,0,"[{""description"": ""MISS Wilson 4' Driving Layup"", ""url"": """"}, {""description"": ""Stevens REBOUND (Off:0 Def:3)"", ""url"": """"}]"
wnba,wnba_shot_pace,shot_pace,possessions,get-possessions,2025,Regular Season,team,"{'OffDef': 'Offense', 'Season': '2025', 'SeasonType': 'Regular Season', 'TeamId': '1611661319'}",shot_pace,1611661319,4Q/OT | margin -3..3 | 300..120,get-possessions__possessions__off_def-Offense__season-2025__season_type-Regular_Season__team_id-1611661319__9cf2cba8,get-possessions,https://api.pbpstats.com/get-possessions/wnba?OffDef=Offense&Season=2025&SeasonType=Regular+Season&TeamId=1611661319,200,68,03:49,"Loyd 3PT Running Jump Shot (6 PTS) (Young 2 AST)
",0,0,1,1,2025-09-11,1022500286,0,0,LAS,1,0,8,03:54,Off Steal,0,"[{""description"": ""Loyd 3PT Running Jump Shot (6 PTS) (Young 2 AST)"", ""url"": """"}]"
wnba,wnba_shot_pace,shot_pace,possessions,get-possessions,2025,Regular Season,team,"{'OffDef': 'Offense', 'Season': '2025', 'SeasonType': 'Regular Season', 'TeamId': '1611661319'}",shot_pace,1611661319,4Q/OT | margin -3..3 | 300..120,get-possessions__possessions__off_def-Offense__season-2025__season_type-Regular_Season__team_id-1611661319__9cf2cba8,get-possessions,https://api.pbpstats.com/get-possessions/wnba?OffDef=Offense&Season=2025&SeasonType=Regular+Season&TeamId=1611661319,200,69,04:04,"Wilson 3' Cutting Layup Shot (2 PTS) (Gray 3 AST)
",1,1,0,0,2025-09-11,1022500286,0,0,LAS,1,0,6,04:21,Off At Rim Make,0,"[{""description"": ""Wilson 3' Cutting Layup Shot (2 PTS) (Gray 3 AST)"", ""url"": """"}]"
wnba,wnba_shot_pace,shot_pace,possessions,get-possessions,2025,Regular Season,team,"{'OffDef': 'Offense', 'Season': '2025', 'SeasonType': 'Regular Season', 'TeamId': '1611661319'}",shot_pace,1611661319,4Q/OT | margin -3..3 | 300..120,get-possessions__possessions__off_def-Offense__season-2025__season_type-Regular_Season__team_id-1611661319__9cf2cba8,get-possessions,https://api.pbpstats.com/get-possessions/wnba?OffDef=Offense&Season=2025&SeasonType=Regular+Season&TeamId=1611661319,200,70,04:42,"Loyd 3PT Running Jump Shot (3 PTS) (Gray 2 AST)
",0,0,1,1,2025-09-11,1022500286,0,0,LAS,1,0,5,04:47,Off At Rim Miss,0,"[{""description"": ""Loyd 3PT Running Jump Shot (3 PTS) (Gray 2 AST)"", ""url"": """"}]"
wnba,wnba_shot_pace,shot_pace,possessions,get-possessions,2025,Regular Season,team,"{'OffDef': 'Offense', 'Season': '2025', 'SeasonType': 'Regular Season', 'TeamId': '1611661319'}",shot_pace,1611661319,4Q/OT | margin -3..3 | 300..120,get-possessions__possessions__off_def-Offense__season-2025__season_type-Regular_Season__team_id-1611661319__9cf2cba8,get-possessions,https://api.pbpstats.com/get-possessions/wnba?OffDef=Offense&Season=2025&SeasonType=Regular+Season&TeamId=1611661319,200,71,05:04,"MISS Young 3PT Running Pull-Up Jump Shot
Burrell REBOUND (Off:0 Def:1)
",0,0,1,0,2025-09-11,1022500286,0,0,LAS,1,0,5,05:13,Off Steal,0,"[{""description"": ""MISS Young 3PT Running Pull-Up Jump Shot"", ""url"": """"}, {""description"": ""Burrell REBOUND (Off:0 Def:1)"", ""url"": """"}]"
wnba,wnba_shot_pace,shot_pace,possessions,get-possessions,2025,Regular Season,team,"{'OffDef': 'Offense', 'Season': '2025', 'SeasonType': 'Regular Season', 'TeamId': '1611661319'}",shot_pace,1611661319,4Q/OT | margin -3..3 | 300..120,get-possessions__possessions__off_def-Offense__season-2025__season_type-Regular_Season__team_id-1611661319__9cf2cba8,get-possessions,https://api.pbpstats.com/get-possessions/wnba?OffDef=Offense&Season=2025&SeasonType=Regular+Season&TeamId=1611661319,200,72,05:28,"Smith 3' Driving Layup (4 PTS) (Young 1 AST)
",1,1,0,0,2025-09-11,1022500286,0,0,LAS,1,0,3,05:33,Off Arc 3 Miss,0,"[{""description"": ""Smith 3' Driving Layup (4 PTS) (Young 1 AST)"", ""url"": """"}]"
wnba,wnba_shot_pace,shot_pace,possessions,get-possessions,2025,Regular Season,team,"{'OffDef': 'Offense', 'Season': '2025', 'SeasonType': 'Regular Season', 'TeamId': '1611661319'}",shot_pace,1611661319,4Q/OT | margin -3..3 | 300..120,get-possessions__possessions__off_def-Offense__season-2025__season_type-Regular_Season__team_id-1611661319__9cf2cba8,get-possessions,https://api.pbpstats.com/get-possessions/wnba?OffDef=Offense&Season=2025&SeasonType=Regular+Season&TeamId=1611661319,200,73,05:40,"MISS Gray 3PT Jump Shot
Hamby REBOUND (Off:0 Def:1)
",0,0,1,0,2025-09-11,1022500286,0,0,LAS,1,0,3,06:01,Off FT Make,0,"[{""description"": ""MISS Gray 3PT Jump Shot"", ""url"": """"}, {""description"": ""Hamby REBOUND (Off:0 Def:1)"", ""url"": """"}]"
wnba,wnba_shot_pace,shot_pace,possessions,get-possessions,2025,Regular Season,team,"{'OffDef': 'Offense', 'Season': '2025', 'SeasonType': 'Regular Season', 'TeamId': '1611661319'}",shot_pace,1611661319,4Q/OT | margin -3..3 | 300..120,get-possessions__possessions__off_def-Offense__season-2025__season_type-Regular_Season__team_id-1611661319__9cf2cba8,get-possessions,https://api.pbpstats.com/get-possessions/wnba?OffDef=Offense&Season=2025&SeasonType=Regular+Season&TeamId=1611661319,200,74,06:11,"Gray 2' Running Layup (2 PTS)
",1,1,0,0,2025-09-11,1022500286,0,0,LAS,1,0,2,06:15,Off Steal,0,"[{""description"": ""Gray 2' Running Layup (2 PTS)"", ""url"": """"}]"
wnba,wnba_shot_pace,shot_pace,possessions,get-possessions,2025,Regular Season,team,"{'OffDef': 'Offense', 'Season': '2025', 'SeasonType': 'Regular Season', 'TeamId': '1611661319'}",shot_pace,1611661319,4Q/OT | margin -3..3 | 300..120,get-possessions__possessions__off_def-Offense__season-2025__season_type-Regular_Season__team_id-1611661319__9cf2cba8,get-possessions,https://api.pbpstats.com/get-possessions/wnba?OffDef=Offense&Season=2025&SeasonType=Regular+Season&TeamId=1611661319,200,75,06:30,"MISS Young 3PT Pullup Jump Shot
SPARKS Rebound
",0,0,1,0,2025-09-11,1022500286,0,0,LAS,1,0,2,06:40,Off At Rim Make,0,"[{""description"": ""MISS Young 3PT Pullup Jump Shot"", ""url"": """"}, {""description"": ""SPARKS Rebound"", ""url"": """"}]"
wnba,wnba_shot_pace,shot_pace,possessions,get-possessions,2025,Regular Season,team,"{'OffDef': 'Offense', 'Season': '2025', 'SeasonType': 'Regular Season', 'TeamId': '1611661319'}",shot_pace,1611661319,4Q/OT | margin -3..3 | 300..120,get-possessions__possessions__off_def-Offense__season-2025__season_type-Regular_Season__team_id-1611661319__9cf2cba8,get-possessions,https://api.pbpstats.com/get-possessions/wnba?OffDef=Offense&Season=2025&SeasonType=Regular+Season&TeamId=1611661319,200,76,06:54,"Young 3PT Running Pull-Up Jump Shot (6 PTS) (Gray 1 AST)
",0,0,1,1,2025-09-11,1022500286,0,0,LAS,1,0,1,07:02,Off Steal,0,"[{""description"": ""Young 3PT Running Pull-Up Jump Shot (6 PTS) (Gray 1 AST)"", ""url"": """"}]"
wnba,wnba_shot_pace,shot_pace,possessions,get-possessions,2025,Regular Season,team,"{'OffDef': 'Offense', 'Season': '2025', 'SeasonType': 'Regular Season', 'TeamId': '1611661319'}",shot_pace,1611661319,4Q/OT | margin -3..3 | 300..120,get-possessions__possessions__off_def-Offense__season-2025__season_type-Regular_Season__team_id-1611661319__9cf2cba8,get-possessions,https://api.pbpstats.com/get-possessions/wnba?OffDef=Offense&Season=2025&SeasonType=Regular+Season&TeamId=1611661319,200,77,07:10,"Young 24' 3PT Jump Shot (3 PTS) (Smith 1 AST)
",0,0,1,1,2025-09-11,1022500286,0,0,LAS,1,0,-2,07:21,Off At Rim Miss,0,"[{""description"": ""Young 24' 3PT Jump Shot (3 PTS) (Smith 1 AST)"", ""url"": """"}]"
wnba,wnba_shot_pace,shot_pace,possessions,get-possessions,2025,Regular Season,team,"{'OffDef': 'Offense', 'Season': '2025', 'SeasonType': 'Regular Season', 'TeamId': '1611661319'}",shot_pace,1611661319,4Q/OT | margin -3..3 | 300..120,get-possessions__possessions__off_def-Offense__season-2025__season_type-Regular_Season__team_id-1611661319__9cf2cba8,get-possessions,https://api.pbpstats.com/get-possessions/wnba?OffDef=Offense&Season=2025&SeasonType=Regular+Season&TeamId=1611661319,200,78,07:36,"Aces Turnover: Shot Clock (T#2)
",0,0,0,0,2025-09-11,1022500286,0,0,LAS,1,0,-2,08:02,Off At Rim Make,1,"[{""description"": ""Aces Turnover: Shot Clock (T#2)"", ""url"": """"}]"
wnba,wnba_shot_pace,shot_pace,possessions,get-possessions,2025,Regular Season,team,"{'OffDef': 'Offense', 'Season': '2025', 'SeasonType': 'Regular Season', 'TeamId': '1611661319'}",shot_pace,1611661319,4Q/OT | margin -3..3 | 300..120,get-possessions__possessions__off_def-Offense__season-2025__season_type-Regular_Season__team_id-1611661319__9cf2cba8,get-possessions,https://api.pbpstats.com/get-possessions/wnba?OffDef=Offense&Season=2025&SeasonType=Regular+Season&TeamId=1611661319,200,79,08:09,"MISS Gray 18' Pullup Jump Shot
Stevens REBOUND (Off:0 Def:2)
",1,0,0,0,2025-09-11,1022500286,0,0,LAS,1,0,0,08:29,Off Corner 3 Miss,0,"[{""description"": ""MISS Gray 18' Pullup Jump Shot"", ""url"": """"}, {""description"": ""Stevens REBOUND (Off:0 Def:2)"", ""url"": """"}]"
wnba,wnba_shot_pace,shot_pace,possessions,get-possessions,2025,Regular Season,team,"{'OffDef': 'Offense', 'Season': '2025', 'SeasonType': 'Regular Season', 'TeamId': '1611661319'}",shot_pace,1611661319,4Q/OT | margin -3..3 | 300..120,get-possessions__possessions__off_def-Offense__season-2025__season_type-Regular_Season__team_id-1611661319__9cf2cba8,get-possessions,https://api.pbpstats.com/get-possessions/wnba?OffDef=Offense&Season=2025&SeasonType=Regular+Season&TeamId=1611661319,200,80,08:41,"MISS Wilson 16' Jump Shot
Stevens REBOUND (Off:0 Def:1)
",1,0,0,0,2025-09-11,1022500286,0,0,LAS,1,0,0,08:59,Off At Rim Make,0,"[{""description"": ""MISS Wilson 16' Jump Shot"", ""url"": """"}, {""description"": ""Stevens REBOUND (Off:0 Def:1)"", ""url"": """"}]"
wnba,wnba_shot_pace,shot_pace,possessions,get-possessions,2025,Regular Season,team,"{'OffDef': 'Offense', 'Season': '2025', 'SeasonType': 'Regular Season', 'TeamId': '1611661319'}",shot_pace,1611661319,4Q/OT | margin -3..3 | 300..120,get-possessions__possessions__off_def-Offense__season-2025__season_type-Regular_Season__team_id-1611661319__9cf2cba8,get-possessions,https://api.pbpstats.com/get-possessions/wnba?OffDef=Offense&Season=2025&SeasonType=Regular+Season&TeamId=1611661319,200,81,09:08,"Plum STEAL (1 STL): Young Bad Pass Turnover (P1.T1)
",0,0,0,0,2025-09-11,1022500286,0,0,LAS,1,0,2,09:16,Off At Rim Miss,1,"[{""description"": ""Plum STEAL (1 STL): Young Bad Pass Turnover (P1.T1)"", ""url"": """"}]"
wnba,wnba_shot_pace,shot_pace,possessions,get-possessions,2025,Regular Season,team,"{'OffDef': 'Offense', 'Season': '2025', 'SeasonType': 'Regular Season', 'TeamId': '1611661319'}",shot_pace,1611661319,4Q/OT | margin -3..3 | 300..120,get-possessions__possessions__off_def-Offense__season-2025__season_type-Regular_Season__team_id-1611661319__9cf2cba8,get-possessions,https://api.pbpstats.com/get-possessions/wnba?OffDef=Offense&Season=2025&SeasonType=Regular+Season&TeamId=1611661319,200,82,09:39,"Smith 6' Floating Jump Shot (2 PTS) (Wilson 1 AST)
",1,1,0,0,2025-09-11,1022500286,0,0,LAS,1,0,0,10:00,Off Dead Ball,0,"[{""description"": ""Smith 6' Floating Jump Shot (2 PTS) (Wilson 1 AST)"", ""url"": """"}]"
wnba,wnba_shot_pace,shot_pace,possessions,get-possessions,2025,Regular Season,team,"{'OffDef': 'Offense', 'Season': '2025', 'SeasonType': 'Regular Season', 'TeamId': '1611661319'}",shot_pace,1611661319,4Q/OT | margin -3..3 | 300..120,get-possessions__possessions__off_def-Offense__season-2025__season_type-Regular_Season__team_id-1611661319__9cf2cba8,get-possessions,https://api.pbpstats.com/get-possessions/wnba?OffDef=Offense&Season=2025&SeasonType=Regular+Season&TeamId=1611661319,200,83,00:00,,0,0,0,0,2025-09-09,1022500279,0,0,CHI,4,0,31,00:21,Off FT Make,0,[]
wnba,wnba_shot_pace,shot_pace,possessions,get-possessions,2025,Regular Season,team,"{'OffDef': 'Offense', 'Season': '2025', 'SeasonType': 'Regular Season', 'TeamId': '1611661319'}",shot_pace,1611661319,4Q/OT | margin -3..3 | 300..120,get-possessions__possessions__off_def-Offense__season-2025__season_type-Regular_Season__team_id-1611661319__9cf2cba8,get-possessions,https://api.pbpstats.com/get-possessions/wnba?OffDef=Offense&Season=2025&SeasonType=Regular+Season&TeamId=1611661319,200,84,00:26,"MISS Gustafson 24' 3PT Jump Shot
Banham REBOUND (Off:0 Def:3)
",0,0,1,0,2025-09-09,1022500279,0,0,CHI,4,0,33,00:46,Off FT Make,0,"[{""description"": ""MISS Gustafson 24' 3PT Jump Shot"", ""url"": """"}, {""description"": ""Banham REBOUND (Off:0 Def:3)"", ""url"": """"}]"
wnba,wnba_shot_pace,shot_pace,possessions,get-possessions,2025,Regular Season,team,"{'OffDef': 'Offense', 'Season': '2025', 'SeasonType': 'Regular Season', 'TeamId': '1611661319'}",shot_pace,1611661319,4Q/OT | margin -3..3 | 300..120,get-possessions__possessions__off_def-Offense__season-2025__season_type-Regular_Season__team_id-1611661319__9cf2cba8,get-possessions,https://api.pbpstats.com/get-possessions/wnba?OffDef=Offense&Season=2025&SeasonType=Regular+Season&TeamId=1611661319,200,85,00:59,"MISS Gustafson 26' 3PT Jump Shot
Sky Rebound
",0,0,1,0,2025-09-09,1022500279,0,0,CHI,4,0,35,01:19,Off Dead Ball,0,"[{""description"": ""MISS Gustafson 26' 3PT Jump Shot"", ""url"": """"}, {""description"": ""Sky Rebound"", ""url"": """"}]"
wnba,wnba_shot_pace,shot_pace,possessions,get-possessions,2025,Regular Season,team,"{'OffDef': 'Offense', 'Season': '2025', 'SeasonType': 'Regular Season', 'TeamId': '1611661319'}",shot_pace,1611661319,4Q/OT | margin -3..3 | 300..120,get-possessions__possessions__off_def-Offense__season-2025__season_type-Regular_Season__team_id-1611661319__9cf2cba8,get-possessions,https://api.pbpstats.com/get-possessions/wnba?OffDef=Offense&Season=2025&SeasonType=Regular+Season&TeamId=1611661319,200,86,01:30,"Gustafson 5' Layup (5 PTS) (Loyd 1 AST)
",1,1,0,0,2025-09-09,1022500279,0,0,CHI,4,0,33,01:35,Off Arc 3 Miss,0,"[{""description"": ""Gustafson 5' Layup (5 PTS) (Loyd 1 AST)"", ""url"": """"}]"
wnba,wnba_shot_pace,shot_pace,possessions,get-possessions,2025,Regular Season,team,"{'OffDef': 'Offense', 'Season': '2025', 'SeasonType': 'Regular Season', 'TeamId': '1611661319'}",shot_pace,1611661319,4Q/OT | margin -3..3 | 300..120,get-possessions__possessions__off_def-Offense__season-2025__season_type-Regular_Season__team_id-1611661319__9cf2cba8,get-possessions,https://api.pbpstats.com/get-possessions/wnba?OffDef=Offense&Season=2025&SeasonType=Regular+Season&TeamId=1611661319,200,87,01:54,"Evans 17' Step Back Jump Shot (13 PTS)
",1,1,0,0,2025-09-09,1022500279,0,0,CHI,4,0,31,02:16,Off Short Mid-Range Make,0,"[{""description"": ""Evans 17' Step Back Jump Shot (13 PTS)"", ""url"": """"}]"
wnba,wnba_shot_pace,shot_pace,possessions,get-possessions,2025,Regular Season,team,"{'OffDef': 'Offense', 'Season': '2025', 'SeasonType': 'Regular Season', 'TeamId': '1611661319'}",shot_pace,1611661319,4Q/OT | margin -3..3 | 300..120,get-possessions__possessions__off_def-Offense__season-2025__season_type-Regular_Season__team_id-1611661319__9cf2cba8,get-possessions,https://api.pbpstats.com/get-possessions/wnba?OffDef=Offense&Season=2025&SeasonType=Regular+Season&TeamId=1611661319,200,88,02:20,"Nye Bad Pass Turnover (P1.T8): Westbeld STEAL (3 STL)
",0,0,0,0,2025-09-09,1022500279,0,0,CHI,4,0,33,02:33,Off Dead Ball,1,"[{""description"": ""Nye Bad Pass Turnover (P1.T8): Westbeld STEAL (3 STL)"", ""url"": """"}]"
wnba,wnba_shot_pace,shot_pace,possessions,get-possessions,2025,Regular Season,team,"{'OffDef': 'Offense', 'Season': '2025', 'SeasonType': 'Regular Season', 'TeamId': '1611661319'}",shot_pace,1611661319,4Q/OT | margin -3..3 | 300..120,get-possessions__possessions__off_def-Offense__season-2025__season_type-Regular_Season__team_id-1611661319__9cf2cba8,get-possessions,https://api.pbpstats.com/get-possessions/wnba?OffDef=Offense&Season=2025&SeasonType=Regular+Season&TeamId=1611661319,200,89,03:01,"Gustafson 25' 3PT Jump Shot (3 PTS) (Evans 6 AST)
",0,0,1,1,2025-09-09,1022500279,0,0,CHI,4,0,30,03:07,Off Short Mid-Range Miss,0,"[{""description"": ""Gustafson 25' 3PT Jump Shot (3 PTS) (Evans 6 AST)"", ""url"": """"}]"
wnba,wnba_shot_pace,shot_pace,possessions,get-possessions,2025,Regular Season,team,"{'OffDef': 'Offense', 'Season': '2025', 'SeasonType': 'Regular Season', 'TeamId': '1611661319'}",shot_pace,1611661319,4Q/OT | margin -3..3 | 300..120,get-possessions__possessions__off_def-Offense__season-2025__season_type-Regular_Season__team_id-1611661319__9cf2cba8,get-possessions,https://api.pbpstats.com/get-possessions/wnba?OffDef=Offense&Season=2025&SeasonType=Regular+Season&TeamId=1611661319,200,90,03:33,"Smith 4' Cutting Layup Shot (13 PTS) (Evans 5 AST)
",1,1,0,0,2025-09-09,1022500279,0,0,CHI,4,0,28,03:47,Off Corner 3 Miss,0,"[{""description"": ""Smith 4' Cutting Layup Shot (13 PTS) (Evans 5 AST)"", ""url"": """"}]"
wnba,wnba_shot_pace,shot_pace,possessions,get-possessions,2025,Regular Season,team,"{'OffDef': 'Offense', 'Season': '2025', 'SeasonType': 'Regular Season', 'TeamId': '1611661319'}",shot_pace,1611661319,4Q/OT | margin -3..3 | 300..120,get-possessions__possessions__off_def-Offense__season-2025__season_type-Regular_Season__team_id-1611661319__9cf2cba8,get-possessions,https://api.pbpstats.com/get-possessions/wnba?OffDef=Offense&Season=2025&SeasonType=Regular+Season&TeamId=1611661319,200,91,04:18,"Loyd 3PT Jump Shot (15 PTS) (Evans 4 AST)
",0,0,1,1,2025-09-09,1022500279,0,0,CHI,4,0,25,04:40,Off Timeout,0,"[{""description"": ""Loyd 3PT Jump Shot (15 PTS) (Evans 4 AST)"", ""url"": """"}]"
wnba,wnba_shot_pace,shot_pace,possessions,get-possessions,2025,Regular Season,team,"{'OffDef': 'Offense', 'Season': '2025', 'SeasonType': 'Regular Season', 'TeamId': '1611661319'}",shot_pace,1611661319,4Q/OT | margin -3..3 | 300..120,get-possessions__possessions__off_def-Offense__season-2025__season_type-Regular_Season__team_id-1611661319__9cf2cba8,get-possessions,https://api.pbpstats.com/get-possessions/wnba?OffDef=Offense&Season=2025&SeasonType=Regular+Season&TeamId=1611661319,200,92,05:09,"MISS Nye 26' 3PT Jump Shot
Loyd REBOUND (Off:1 Def:2)
Evans 26' 3PT Pullup Jump Shot (11 PTS)
",0,0,2,1,2025-09-09,1022500279,0,1,CHI,4,0,25,05:31,Off Dead Ball,0,"[{""description"": ""MISS Nye 26' 3PT Jump Shot"", ""url"": """"}, {""description"": ""Loyd REBOUND (Off:1 Def:2)"", ""url"": """"}, {""description"": ""Evans 26' 3PT Pullup Jump Shot (11 PTS)"", ""url"": """"}]"
wnba,wnba_shot_pace,shot_pace,possessions,get-possessions,2025,Regular Season,team,"{'OffDef': 'Offense', 'Season': '2025', 'SeasonType': 'Regular Season', 'TeamId': '1611661319'}",shot_pace,1611661319,4Q/OT | margin -3..3 | 300..120,get-possessions__possessions__off_def-Offense__season-2025__season_type-Regular_Season__team_id-1611661319__9cf2cba8,get-possessions,https://api.pbpstats.com/get-possessions/wnba?OffDef=Offense&Season=2025&SeasonType=Regular+Season&TeamId=1611661319,200,93,05:31,"MISS Parker-Tyus 24' 3PT Jump Shot
Banham REBOUND (Off:0 Def:2)
",0,0,1,0,2025-09-09,1022500279,0,0,CHI,4,0,25,05:43,Off Arc 3 Miss,0,"[{""description"": ""MISS Parker-Tyus 24' 3PT Jump Shot"", ""url"": """"}, {""description"": ""Banham REBOUND (Off:0 Def:2)"", ""url"": """"}]"
wnba,wnba_shot_pace,shot_pace,possessions,get-possessions,2025,Regular Season,team,"{'OffDef': 'Offense', 'Season': '2025', 'SeasonType': 'Regular Season', 'TeamId': '1611661319'}",shot_pace,1611661319,4Q/OT | margin -3..3 | 300..120,get-possessions__possessions__off_def-Offense__season-2025__season_type-Regular_Season__team_id-1611661319__9cf2cba8,get-possessions,https://api.pbpstats.com/get-possessions/wnba?OffDef=Offense&Season=2025&SeasonType=Regular+Season&TeamId=1611661319,200,94,06:07,"Evans 26' 3PT Pullup Jump Shot (8 PTS)
",0,0,1,1,2025-09-09,1022500279,0,0,CHI,4,0,22,06:15,Off At Rim Miss,0,"[{""description"": ""Evans 26' 3PT Pullup Jump Shot (8 PTS)"", ""url"": """"}]"
wnba,wnba_shot_pace,shot_pace,possessions,get-possessions,2025,Regular Season,team,"{'OffDef': 'Offense', 'Season': '2025', 'SeasonType': 'Regular Season', 'TeamId': '1611661319'}",shot_pace,1611661319,4Q/OT | margin -3..3 | 300..120,get-possessions__possessions__off_def-Offense__season-2025__season_type-Regular_Season__team_id-1611661319__9cf2cba8,get-possessions,https://api.pbpstats.com/get-possessions/wnba?OffDef=Offense&Season=2025&SeasonType=Regular+Season&TeamId=1611661319,200,95,06:24,"MISS Parker-Tyus 14' Jump Shot
Cardoso REBOUND (Off:2 Def:10)
",1,0,0,0,2025-09-09,1022500279,0,0,CHI,4,0,22,06:47,Off Dead Ball,0,"[{""description"": ""MISS Parker-Tyus 14' Jump Shot"", ""url"": """"}, {""description"": ""Cardoso REBOUND (Off:2 Def:10)"", ""url"": """"}]"
wnba,wnba_shot_pace,shot_pace,possessions,get-possessions,2025,Regular Season,team,"{'OffDef': 'Offense', 'Season': '2025', 'SeasonType': 'Regular Season', 'TeamId': '1611661319'}",shot_pace,1611661319,4Q/OT | margin -3..3 | 300..120,get-possessions__possessions__off_def-Offense__season-2025__season_type-Regular_Season__team_id-1611661319__9cf2cba8,get-possessions,https://api.pbpstats.com/get-possessions/wnba?OffDef=Offense&Season=2025&SeasonType=Regular+Season&TeamId=1611661319,200,96,07:06,"Smith 6' Turnaround Fadeaway (11 PTS) (Evans 3 AST)
",1,1,0,0,2025-09-09,1022500279,0,0,CHI,4,0,20,07:24,Off Arc 3 Miss,0,"[{""description"": ""Smith 6' Turnaround Fadeaway (11 PTS) (Evans 3 AST)"", ""url"": """"}]"
wnba,wnba_shot_pace,shot_pace,possessions,get-possessions,2025,Regular Season,team,"{'OffDef': 'Offense', 'Season': '2025', 'SeasonType': 'Regular Season', 'TeamId': '1611661319'}",shot_pace,1611661319,4Q/OT | margin -3..3 | 300..120,get-possessions__possessions__off_def-Offense__season-2025__season_type-Regular_Season__team_id-1611661319__9cf2cba8,get-possessions,https://api.pbpstats.com/get-possessions/wnba?OffDef=Offense&Season=2025&SeasonType=Regular+Season&TeamId=1611661319,200,97,07:45,"MISS Nye 3' Driving Layup: Banham BLOCK (1 BLK)
ACES Rebound
Parker-Tyus 17' Jump Shot (8 PTS) (Evans 2 AST)
",2,1,0,0,2025-09-09,1022500279,0,1,CHI,4,0,18,08:00,Off Timeout,0,"[{""description"": ""MISS Nye 3' Driving Layup: Banham BLOCK (1 BLK)"", ""url"": """"}, {""description"": ""ACES Rebound"", ""url"": """"}, {""description"": ""Parker-Tyus 17' Jump Shot (8 PTS) (Evans 2 AST)"", ""url"": """"}]"
wnba,wnba_shot_pace,shot_pace,possessions,get-possessions,2025,Regular Season,team,"{'OffDef': 'Offense', 'Season': '2025', 'SeasonType': 'Regular Season', 'TeamId': '1611661319'}",shot_pace,1611661319,4Q/OT | margin -3..3 | 300..120,get-possessions__possessions__off_def-Offense__season-2025__season_type-Regular_Season__team_id-1611661319__9cf2cba8,get-possessions,https://api.pbpstats.com/get-possessions/wnba?OffDef=Offense&Season=2025&SeasonType=Regular+Season&TeamId=1611661319,200,98,08:11,"Parker-Tyus 5' Layup (6 PTS) (Evans 1 AST)
",1,1,0,0,2025-09-09,1022500279,0,0,CHI,4,0,18,08:26,Off FT Make,0,"[{""description"": ""Parker-Tyus 5' Layup (6 PTS) (Evans 1 AST)"", ""url"": """"}]"
wnba,wnba_shot_pace,shot_pace,possessions,get-possessions,2025,Regular Season,team,"{'OffDef': 'Offense', 'Season': '2025', 'SeasonType': 'Regular Season', 'TeamId': '1611661319'}",shot_pace,1611661319,4Q/OT | margin -3..3 | 300..120,get-possessions__possessions__off_def-Offense__season-2025__season_type-Regular_Season__team_id-1611661319__9cf2cba8,get-possessions,https://api.pbpstats.com/get-possessions/wnba?OffDef=Offense&Season=2025&SeasonType=Regular+Season&TeamId=1611661319,200,99,08:41,"Allen S.FOUL (P1.T1)
Parker-Tyus Free Throw 1 of 2 (3 PTS)
Parker-Tyus Free Throw 2 of 2 (4 PTS)
",0,0,0,0,2025-09-09,1022500279,0,0,CHI,4,1,18,08:55,Off Dead Ball,0,"[{""description"": ""Allen S.FOUL (P1.T1)"", ""url"": """"}, {""description"": ""Parker-Tyus Free Throw 1 of 2 (3 PTS)"", ""url"": """"}, {""description"": ""Parker-Tyus Free Throw 2 of 2 (4 PTS)"", ""url"": """"}]"
wnba,wnba_shot_pace,shot_pace,possessions,get-possessions,2025,Regular Season,team,"{'OffDef': 'Offense', 'Season': '2025', 'SeasonType': 'Regular Season', 'TeamId': '1611661319'}",shot_pace,1611661319,4Q/OT | margin -3..3 | 300..120,get-possessions__possessions__off_def-Offense__season-2025__season_type-Regular_Season__team_id-1611661319__9cf2cba8,get-possessions,https://api.pbpstats.com/get-possessions/wnba?OffDef=Offense&Season=2025&SeasonType=Regular+Season&TeamId=1611661319,200,100,09:21,"ACES Turnover: Shot Clock (T#7)
",0,0,0,0,2025-09-09,1022500279,0,0,CHI,4,0,18,09:45,Off FT Make,1,"[{""description"": ""ACES Turnover: Shot Clock (T#7)"", ""url"": """"}]"
wnba,wnba_shot_pace,shot_pace,possessions,get-possessions,2025,Regular Season,team,"{'OffDef': 'Offense', 'Season': '2025', 'SeasonType': 'Regular Season', 'TeamId': '1611661319'}",shot_pace,1611661319,4Q/OT | margin -3..3 | 300..120,get-possessions__possessions__off_def-Offense__season-2025__season_type-Regular_Season__team_id-1611661319__9cf2cba8,get-possessions,https://api.pbpstats.com/get-possessions/wnba?OffDef=Offense&Season=2025&SeasonType=Regular+Season&TeamId=1611661319,200,101,00:00,"MISS Evans 26' 3PT Jump Shot
ACES Rebound
",0,0,1,0,2025-09-09,1022500279,0,0,CHI,3,0,20,00:16,Off FT Make,0,"[{""description"": ""MISS Evans 26' 3PT Jump Shot"", ""url"": """"}, {""description"": ""ACES Rebound"", ""url"": """"}]"
wnba,wnba_shot_pace,shot_pace,possessions,get-possessions,2025,Regular Season,team,"{'OffDef': 'Offense', 'Season': '2025', 'SeasonType': 'Regular Season', 'TeamId': '1611661319'}",shot_pace,1611661319,4Q/OT | margin -3..3 | 300..120,get-possessions__possessions__off_def-Offense__season-2025__season_type-Regular_Season__team_id-1611661319__9cf2cba8,get-possessions,https://api.pbpstats.com/get-possessions/wnba?OffDef=Offense&Season=2025&SeasonType=Regular+Season&TeamId=1611661319,200,102,00:38,"Wilson 14' Jump Shot (11 PTS) (Young 7 AST)
",1,1,0,0,2025-09-09,1022500279,0,0,CHI,3,0,20,00:51,Off FT Make,0,"[{""description"": ""Wilson 14' Jump Shot (11 PTS) (Young 7 AST)"", ""url"": """"}]"
wnba,wnba_shot_pace,shot_pace,possessions,get-possessions,2025,Regular Season,team,"{'OffDef': 'Offense', 'Season': '2025', 'SeasonType': 'Regular Season', 'TeamId': '1611661319'}",shot_pace,1611661319,4Q/OT | margin -3..3 | 300..120,get-possessions__possessions__off_def-Offense__season-2025__season_type-Regular_Season__team_id-1611661319__9cf2cba8,get-possessions,https://api.pbpstats.com/get-possessions/wnba?OffDef=Offense&Season=2025&SeasonType=Regular+Season&TeamId=1611661319,200,103,01:18,"Young 4' Running Layup (15 PTS) (Gray 5 AST)
",1,1,0,0,2025-09-09,1022500279,0,0,CHI,3,0,20,01:22,Off Arc 3 Miss,0,"[{""description"": ""Young 4' Running Layup (15 PTS) (Gray 5 AST)"", ""url"": """"}]"
wnba,wnba_shot_pace,shot_pace,possessions,get-possessions,2025,Regular Season,team,"{'OffDef': 'Offense', 'Season': '2025', 'SeasonType': 'Regular Season', 'TeamId': '1611661319'}",shot_pace,1611661319,4Q/OT | margin -3..3 | 300..120,get-possessions__possessions__off_def-Offense__season-2025__season_type-Regular_Season__team_id-1611661319__9cf2cba8,get-possessions,https://api.pbpstats.com/get-possessions/wnba?OffDef=Offense&Season=2025&SeasonType=Regular+Season&TeamId=1611661319,200,104,01:39,"Uzun S.FOUL (P2.PN)
Wilson Free Throw 1 of 2 (8 PTS)
Wilson Free Throw 2 of 2 (9 PTS)
",0,0,0,0,2025-09-09,1022500279,0,0,CHI,3,1,18,01:54,Off Corner 3 Miss,0,"[{""description"": ""Uzun S.FOUL (P2.PN)"", ""url"": """"}, {""description"": ""Wilson Free Throw 1 of 2 (8 PTS)"", ""url"": """"}, {""description"": ""Wilson Free Throw 2 of 2 (9 PTS)"", ""url"": """"}]"
wnba,wnba_shot_pace,shot_pace,possessions,get-possessions,2025,Regular Season,team,"{'OffDef': 'Offense', 'Season': '2025', 'SeasonType': 'Regular Season', 'TeamId': '1611661319'}",shot_pace,1611661319,4Q/OT | margin -3..3 | 300..120,get-possessions__possessions__off_def-Offense__season-2025__season_type-Regular_Season__team_id-1611661319__9cf2cba8,get-possessions,https://api.pbpstats.com/get-possessions/wnba?OffDef=Offense&Season=2025&SeasonType=Regular+Season&TeamId=1611661319,200,105,02:25,"Onyenwere P.FOUL (P4.T4)
Young 8' Turnaround Fadeaway (13 PTS)
",1,1,0,0,2025-09-09,1022500279,0,0,CHI,3,0,16,02:45,Off Short Mid-Range Miss,0,"[{""description"": ""Onyenwere P.FOUL (P4.T4)"", ""url"": """"}, {""description"": ""Young 8' Turnaround Fadeaway (13 PTS)"", ""url"": """"}]"
wnba,wnba_shot_pace,shot_pace,possessions,get-possessions,2025,Regular Season,team,"{'OffDef': 'Offense', 'Season': '2025', 'SeasonType': 'Regular Season', 'TeamId': '1611661319'}",shot_pace,1611661319,4Q/OT | margin -3..3 | 300..120,get-possessions__possessions__off_def-Offense__season-2025__season_type-Regular_Season__team_id-1611661319__9cf2cba8,get-possessions,https://api.pbpstats.com/get-possessions/wnba?OffDef=Offense&Season=2025&SeasonType=Regular+Season&TeamId=1611661319,200,106,03:00,"Cardoso P.FOUL (P2.T3)
MISS Wilson 19' Jump Shot
Banham REBOUND (Off:0 Def:1)
",1,0,0,0,2025-09-09,1022500279,0,0,CHI,3,0,16,03:27,Off FT Make,0,"[{""description"": ""Cardoso P.FOUL (P2.T3)"", ""url"": """"}, {""description"": ""MISS Wilson 19' Jump Shot"", ""url"": """"}, {""description"": ""Banham REBOUND (Off:0 Def:1)"", ""url"": """"}]"
wnba,wnba_shot_pace,shot_pace,possessions,get-possessions,2025,Regular Season,team,"{'OffDef': 'Offense', 'Season': '2025', 'SeasonType': 'Regular Season', 'TeamId': '1611661319'}",shot_pace,1611661319,4Q/OT | margin -3..3 | 300..120,get-possessions__possessions__off_def-Offense__season-2025__season_type-Regular_Season__team_id-1611661319__9cf2cba8,get-possessions,https://api.pbpstats.com/get-possessions/wnba?OffDef=Offense&Season=2025&SeasonType=Regular+Season&TeamId=1611661319,200,107,03:42,"Uzun S.FOUL (P1.T2)
MISS Young Free Throw 1 of 2
ACES Rebound
Young Free Throw 2 of 2 (11 PTS)
",0,0,0,0,2025-09-09,1022500279,0,0,CHI,3,1,17,04:07,Off Short Mid-Range Make,0,"[{""description"": ""Uzun S.FOUL (P1.T2)"", ""url"": """"}, {""description"": ""MISS Young Free Throw 1 of 2"", ""url"": """"}, {""description"": ""ACES Rebound"", ""url"": """"}, {""description"": ""Young Free Throw 2 of 2 (11 PTS)"", ""url"": """"}]"
wnba,wnba_shot_pace,shot_pace,possessions,get-possessions,2025,Regular Season,team,"{'OffDef': 'Offense', 'Season': '2025', 'SeasonType': 'Regular Season', 'TeamId': '1611661319'}",shot_pace,1611661319,4Q/OT | margin -3..3 | 300..120,get-possessions__possessions__off_def-Offense__season-2025__season_type-Regular_Season__team_id-1611661319__9cf2cba8,get-possessions,https://api.pbpstats.com/get-possessions/wnba?OffDef=Offense&Season=2025&SeasonType=Regular+Season&TeamId=1611661319,200,108,04:36,"Young 25' 3PT Running Pull-Up Jump Shot (10 PTS) (Wilson 4 AST)
",0,0,1,1,2025-09-09,1022500279,0,0,CHI,3,0,16,04:39,Off Block,0,"[{""description"": ""Young 25' 3PT Running Pull-Up Jump Shot (10 PTS) (Wilson 4 AST)"", ""url"": """"}]"
wnba,wnba_shot_pace,shot_pace,possessions,get-possessions,2025,Regular Season,team,"{'OffDef': 'Offense', 'Season': '2025', 'SeasonType': 'Regular Season', 'TeamId': '1611661319'}",shot_pace,1611661319,4Q/OT | margin -3..3 | 300..120,get-possessions__possessions__off_def-Offense__season-2025__season_type-Regular_Season__team_id-1611661319__9cf2cba8,get-possessions,https://api.pbpstats.com/get-possessions/wnba?OffDef=Offense&Season=2025&SeasonType=Regular+Season&TeamId=1611661319,200,109,04:59,"Loyd 24' 3PT Jump Shot (12 PTS) (Gray 4 AST)
",0,0,1,1,2025-09-09,1022500279,0,0,CHI,3,0,13,05:21,Off Long Mid-Range Miss,0,"[{""description"": ""Loyd 24' 3PT Jump Shot (12 PTS) (Gray 4 AST)"", ""url"": """"}]"
wnba,wnba_shot_pace,shot_pace,possessions,get-possessions,2025,Regular Season,team,"{'OffDef': 'Offense', 'Season': '2025', 'SeasonType': 'Regular Season', 'TeamId': '1611661319'}",shot_pace,1611661319,4Q/OT | margin -3..3 | 300..120,get-possessions__possessions__off_def-Offense__season-2025__season_type-Regular_Season__team_id-1611661319__9cf2cba8,get-possessions,https://api.pbpstats.com/get-possessions/wnba?OffDef=Offense&Season=2025&SeasonType=Regular+Season&TeamId=1611661319,200,110,05:39,"Loyd 26' 3PT Running Jump Shot (9 PTS) (Young 6 AST)
",0,0,1,1,2025-09-09,1022500279,0,0,CHI,3,0,10,05:45,Off Steal,0,"[{""description"": ""Loyd 26' 3PT Running Jump Shot (9 PTS) (Young 6 AST)"", ""url"": """"}]"
wnba,wnba_shot_pace,shot_pace,possessions,get-possessions,2025,Regular Season,team,"{'OffDef': 'Offense', 'Season': '2025', 'SeasonType': 'Regular Season', 'TeamId': '1611661319'}",shot_pace,1611661319,4Q/OT | margin -3..3 | 300..120,get-possessions__possessions__off_def-Offense__season-2025__season_type-Regular_Season__team_id-1611661319__9cf2cba8,get-possessions,https://api.pbpstats.com/get-possessions/wnba?OffDef=Offense&Season=2025&SeasonType=Regular+Season&TeamId=1611661319,200,111,05:50,"Young 5' Driving Layup (7 PTS) (Nye 2 AST)
",1,1,0,0,2025-09-09,1022500279,0,0,CHI,3,0,8,06:11,Off Steal,0,"[{""description"": ""Young 5' Driving Layup (7 PTS) (Nye 2 AST)"", ""url"": """"}]"
wnba,wnba_shot_pace,shot_pace,possessions,get-possessions,2025,Regular Season,team,"{'OffDef': 'Offense', 'Season': '2025', 'SeasonType': 'Regular Season', 'TeamId': '1611661319'}",shot_pace,1611661319,4Q/OT | margin -3..3 | 300..120,get-possessions__possessions__off_def-Offense__season-2025__season_type-Regular_Season__team_id-1611661319__9cf2cba8,get-possessions,https://api.pbpstats.com/get-possessions/wnba?OffDef=Offense&Season=2025&SeasonType=Regular+Season&TeamId=1611661319,200,112,06:30,"MISS Wilson 9' Turnaround Jump Shot: Cardoso BLOCK (2 BLK)
Cardoso REBOUND (Off:2 Def:9)
",1,0,0,0,2025-09-09,1022500279,0,0,CHI,3,0,8,06:49,Off Timeout,0,"[{""description"": ""MISS Wilson 9' Turnaround Jump Shot: Cardoso BLOCK (2 BLK)"", ""url"": """"}, {""description"": ""Cardoso REBOUND (Off:2 Def:9)"", ""url"": """"}]"
wnba,wnba_shot_pace,shot_pace,possessions,get-possessions,2025,Regular Season,team,"{'OffDef': 'Offense', 'Season': '2025', 'SeasonType': 'Regular Season', 'TeamId': '1611661319'}",shot_pace,1611661319,4Q/OT | margin -3..3 | 300..120,get-possessions__possessions__off_def-Offense__season-2025__season_type-Regular_Season__team_id-1611661319__9cf2cba8,get-possessions,https://api.pbpstats.com/get-possessions/wnba?OffDef=Offense&Season=2025&SeasonType=Regular+Season&TeamId=1611661319,200,113,06:53,"MISS Gray 15' Pullup Jump Shot
Cardoso REBOUND (Off:2 Def:8)
",1,0,0,0,2025-09-09,1022500279,0,0,CHI,3,0,8,07:21,Off Arc 3 Make,0,"[{""description"": ""MISS Gray 15' Pullup Jump Shot"", ""url"": """"}, {""description"": ""Cardoso REBOUND (Off:2 Def:8)"", ""url"": """"}]"
wnba,wnba_shot_pace,shot_pace,possessions,get-possessions,2025,Regular Season,team,"{'OffDef': 'Offense', 'Season': '2025', 'SeasonType': 'Regular Season', 'TeamId': '1611661319'}",shot_pace,1611661319,4Q/OT | margin -3..3 | 300..120,get-possessions__possessions__off_def-Offense__season-2025__season_type-Regular_Season__team_id-1611661319__9cf2cba8,get-possessions,https://api.pbpstats.com/get-possessions/wnba?OffDef=Offense&Season=2025&SeasonType=Regular+Season&TeamId=1611661319,200,114,07:34,"MISS Wilson 13' Jump Shot
Westbeld REBOUND (Off:0 Def:2)
",1,0,0,0,2025-09-09,1022500279,0,0,CHI,3,0,11,07:44,Off Steal,0,"[{""description"": ""MISS Wilson 13' Jump Shot"", ""url"": """"}, {""description"": ""Westbeld REBOUND (Off:0 Def:2)"", ""url"": """"}]"
wnba,wnba_shot_pace,shot_pace,possessions,get-possessions,2025,Regular Season,team,"{'OffDef': 'Offense', 'Season': '2025', 'SeasonType': 'Regular Season', 'TeamId': '1611661319'}",shot_pace,1611661319,4Q/OT | margin -3..3 | 300..120,get-possessions__possessions__off_def-Offense__season-2025__season_type-Regular_Season__team_id-1611661319__9cf2cba8,get-possessions,https://api.pbpstats.com/get-possessions/wnba?OffDef=Offense&Season=2025&SeasonType=Regular+Season&TeamId=1611661319,200,115,07:48,"MISS Smith 3PT Jump Shot
Cardoso REBOUND (Off:2 Def:7)
",0,0,1,0,2025-09-09,1022500279,0,0,CHI,3,0,11,08:02,Off Dead Ball,0,"[{""description"": ""MISS Smith 3PT Jump Shot"", ""url"": """"}, {""description"": ""Cardoso REBOUND (Off:2 Def:7)"", ""url"": """"}]"
wnba,wnba_shot_pace,shot_pace,possessions,get-possessions,2025,Regular Season,team,"{'OffDef': 'Offense', 'Season': '2025', 'SeasonType': 'Regular Season', 'TeamId': '1611661319'}",shot_pace,1611661319,4Q/OT | margin -3..3 | 300..120,get-possessions__possessions__off_def-Offense__season-2025__season_type-Regular_Season__team_id-1611661319__9cf2cba8,get-possessions,https://api.pbpstats.com/get-possessions/wnba?OffDef=Offense&Season=2025&SeasonType=Regular+Season&TeamId=1611661319,200,116,08:57,"Gray 3PT Jump Shot (10 PTS) (Young 5 AST)
",0,0,1,1,2025-09-09,1022500279,0,0,CHI,3,0,8,09:23,Off Dead Ball,0,"[{""description"": ""Gray 3PT Jump Shot (10 PTS) (Young 5 AST)"", ""url"": """"}]"
wnba,wnba_shot_pace,shot_pace,possessions,get-possessions,2025,Regular Season,team,"{'OffDef': 'Offense', 'Season': '2025', 'SeasonType': 'Regular Season', 'TeamId': '1611661319'}",shot_pace,1611661319,4Q/OT | margin -3..3 | 300..120,get-possessions__possessions__off_def-Offense__season-2025__season_type-Regular_Season__team_id-1611661319__9cf2cba8,get-possessions,https://api.pbpstats.com/get-possessions/wnba?OffDef=Offense&Season=2025&SeasonType=Regular+Season&TeamId=1611661319,200,117,09:31,"Onyenwere P.FOUL (P3.T1)
MISS Smith 5' Layup: Westbeld BLOCK (1 BLK)
Smith REBOUND (Off:1 Def:2)
MISS Gray 25' 3PT Jump Shot
Sky Rebound
",1,0,1,0,2025-09-09,1022500279,0,1,CHI,3,0,8,10:00,Off Dead Ball,0,"[{""description"": ""Onyenwere P.FOUL (P3.T1)"", ""url"": """"}, {""description"": ""MISS Smith 5' Layup: Westbeld BLOCK (1 BLK)"", ""url"": """"}, {""description"": ""Smith REBOUND (Off:1 Def:2)"", ""url"": """"}, {""description"": ""MISS Gray 25' 3PT Jump Shot"", ""url"": """"}, {""description"": ""Sky Rebound"", ""url"": """"}]"
wnba,wnba_shot_pace,shot_pace,possessions,get-possessions,2025,Regular Season,team,"{'OffDef': 'Offense', 'Season': '2025', 'SeasonType': 'Regular Season', 'TeamId': '1611661319'}",shot_pace,1611661319,4Q/OT | margin -3..3 | 300..120,get-possessions__possessions__off_def-Offense__season-2025__season_type-Regular_Season__team_id-1611661319__9cf2cba8,get-possessions,https://api.pbpstats.com/get-possessions/wnba?OffDef=Offense&Season=2025&SeasonType=Regular+Season&TeamId=1611661319,200,118,00:12,"Loyd 26' 3PT Jump Shot (6 PTS) (Gray 3 AST)
",0,0,1,1,2025-09-09,1022500279,0,0,CHI,2,0,5,00:34,Off Short Mid-Range Make,0,"[{""description"": ""Loyd 26' 3PT Jump Shot (6 PTS) (Gray 3 AST)"", ""url"": """"}]"
wnba,wnba_shot_pace,shot_pace,possessions,get-possessions,2025,Regular Season,team,"{'OffDef': 'Offense', 'Season': '2025', 'SeasonType': 'Regular Season', 'TeamId': '1611661319'}",shot_pace,1611661319,4Q/OT | margin -3..3 | 300..120,get-possessions__possessions__off_def-Offense__season-2025__season_type-Regular_Season__team_id-1611661319__9cf2cba8,get-possessions,https://api.pbpstats.com/get-possessions/wnba?OffDef=Offense&Season=2025&SeasonType=Regular+Season&TeamId=1611661319,200,119,00:47,"Westbeld S.FOUL (P2.PN)
Smith Free Throw 1 of 2 (9 PTS)
MISS Smith Free Throw 2 of 2
Cardoso REBOUND (Off:1 Def:6)
",0,0,0,0,2025-09-09,1022500279,0,0,CHI,2,1,6,00:59,Off Timeout,0,"[{""description"": ""Westbeld S.FOUL (P2.PN)"", ""url"": """"}, {""description"": ""Smith Free Throw 1 of 2 (9 PTS)"", ""url"": """"}, {""description"": ""MISS Smith Free Throw 2 of 2"", ""url"": """"}, {""description"": ""Cardoso REBOUND (Off:1 Def:6)"", ""url"": """"}]"
wnba,wnba_shot_pace,shot_pace,possessions,get-possessions,2025,Regular Season,team,"{'OffDef': 'Offense', 'Season': '2025', 'SeasonType': 'Regular Season', 'TeamId': '1611661319'}",shot_pace,1611661319,4Q/OT | margin -3..3 | 300..120,get-possessions__possessions__off_def-Offense__season-2025__season_type-Regular_Season__team_id-1611661319__9cf2cba8,get-possessions,https://api.pbpstats.com/get-possessions/wnba?OffDef=Offense&Season=2025&SeasonType=Regular+Season&TeamId=1611661319,200,120,01:24,"Smith 15' Jump Shot (8 PTS) (Young 4 AST)
",1,1,0,0,2025-09-09,1022500279,0,0,CHI,2,0,4,01:50,Off Arc 3 Make,0,"[{""description"": ""Smith 15' Jump Shot (8 PTS) (Young 4 AST)"", ""url"": """"}]"
wnba,wnba_shot_pace,shot_pace,possessions,get-possessions,2025,Regular Season,team,"{'OffDef': 'Offense', 'Season': '2025', 'SeasonType': 'Regular Season', 'TeamId': '1611661319'}",shot_pace,1611661319,4Q/OT | margin -3..3 | 300..120,get-possessions__possessions__off_def-Offense__season-2025__season_type-Regular_Season__team_id-1611661319__9cf2cba8,get-possessions,https://api.pbpstats.com/get-possessions/wnba?OffDef=Offense&Season=2025&SeasonType=Regular+Season&TeamId=1611661319,200,121,02:07,"MISS Loyd 6' Driving Floating Jump Shot: Cardoso BLOCK (1 BLK)
Cardoso REBOUND (Off:1 Def:5)
",1,0,0,0,2025-09-09,1022500279,0,0,CHI,2,0,7,02:23,Off Corner 3 Make,0,"[{""description"": ""MISS Loyd 6' Driving Floating Jump Shot: Cardoso BLOCK (1 BLK)"", ""url"": """"}, {""description"": ""Cardoso REBOUND (Off:1 Def:5)"", ""url"": """"}]"
wnba,wnba_shot_pace,shot_pace,possessions,get-possessions,2025,Regular Season,team,"{'OffDef': 'Offense', 'Season': '2025', 'SeasonType': 'Regular Season', 'TeamId': '1611661319'}",shot_pace,1611661319,4Q/OT | margin -3..3 | 300..120,get-possessions__possessions__off_def-Offense__season-2025__season_type-Regular_Season__team_id-1611661319__9cf2cba8,get-possessions,https://api.pbpstats.com/get-possessions/wnba?OffDef=Offense&Season=2025&SeasonType=Regular+Season&TeamId=1611661319,200,122,02:32,"Young Bad Pass Turnover (P1.T6): Westbeld STEAL (2 STL)
",0,0,0,0,2025-09-09,1022500279,0,0,CHI,2,0,10,02:47,Off FT Make,1,"[{""description"": ""Young Bad Pass Turnover (P1.T6): Westbeld STEAL (2 STL)"", ""url"": """"}]"
wnba,wnba_shot_pace,shot_pace,possessions,get-possessions,2025,Regular Season,team,"{'OffDef': 'Offense', 'Season': '2025', 'SeasonType': 'Regular Season', 'TeamId': '1611661319'}",shot_pace,1611661319,4Q/OT | margin -3..3 | 300..120,get-possessions__possessions__off_def-Offense__season-2025__season_type-Regular_Season__team_id-1611661319__9cf2cba8,get-possessions,https://api.pbpstats.com/get-possessions/wnba?OffDef=Offense&Season=2025&SeasonType=Regular+Season&TeamId=1611661319,200,123,02:56,"MISS Young 26' 3PT Pullup Jump Shot
Westbeld REBOUND (Off:0 Def:1)
",0,0,1,0,2025-09-09,1022500279,0,0,CHI,2,0,12,03:24,Off Dead Ball,0,"[{""description"": ""MISS Young 26' 3PT Pullup Jump Shot"", ""url"": """"}, {""description"": ""Westbeld REBOUND (Off:0 Def:1)"", ""url"": """"}]"
wnba,wnba_shot_pace,shot_pace,possessions,get-possessions,2025,Regular Season,team,"{'OffDef': 'Offense', 'Season': '2025', 'SeasonType': 'Regular Season', 'TeamId': '1611661319'}",shot_pace,1611661319,4Q/OT | margin -3..3 | 300..120,get-possessions__possessions__off_def-Offense__season-2025__season_type-Regular_Season__team_id-1611661319__9cf2cba8,get-possessions,https://api.pbpstats.com/get-possessions/wnba?OffDef=Offense&Season=2025&SeasonType=Regular+Season&TeamId=1611661319,200,124,03:37,"Onyenwere P.FOUL (P2.T4)
MISS Gray 12' Pullup Jump Shot
Sky Rebound
",1,0,0,0,2025-09-09,1022500279,0,0,CHI,2,0,12,04:07,Off Short Mid-Range Make,0,"[{""description"": ""Onyenwere P.FOUL (P2.T4)"", ""url"": """"}, {""description"": ""MISS Gray 12' Pullup Jump Shot"", ""url"": """"}, {""description"": ""Sky Rebound"", ""url"": """"}]"
wnba,wnba_shot_pace,shot_pace,possessions,get-possessions,2025,Regular Season,team,"{'OffDef': 'Offense', 'Season': '2025', 'SeasonType': 'Regular Season', 'TeamId': '1611661319'}",shot_pace,1611661319,4Q/OT | margin -3..3 | 300..120,get-possessions__possessions__off_def-Offense__season-2025__season_type-Regular_Season__team_id-1611661319__9cf2cba8,get-possessions,https://api.pbpstats.com/get-possessions/wnba?OffDef=Offense&Season=2025&SeasonType=Regular+Season&TeamId=1611661319,200,125,04:28,"Gray 11' Pullup Jump Shot (7 PTS)
",1,1,0,0,2025-09-09,1022500279,0,0,CHI,2,0,12,04:44,Off Short Mid-Range Make,0,"[{""description"": ""Gray 11' Pullup Jump Shot (7 PTS)"", ""url"": """"}]"
wnba,wnba_shot_pace,shot_pace,possessions,get-possessions,2025,Regular Season,team,"{'OffDef': 'Offense', 'Season': '2025', 'SeasonType': 'Regular Season', 'TeamId': '1611661319'}",shot_pace,1611661319,4Q/OT | margin -3..3 | 300..120,get-possessions__possessions__off_def-Offense__season-2025__season_type-Regular_Season__team_id-1611661319__9cf2cba8,get-possessions,https://api.pbpstats.com/get-possessions/wnba?OffDef=Offense&Season=2025&SeasonType=Regular+Season&TeamId=1611661319,200,126,04:51,"Smith 2' Running Layup (6 PTS) (Gray 2 AST)
",1,1,0,0,2025-09-09,1022500279,0,0,CHI,2,0,12,04:55,Off Steal,0,"[{""description"": ""Smith 2' Running Layup (6 PTS) (Gray 2 AST)"", ""url"": """"}]"
wnba,wnba_shot_pace,shot_pace,possessions,get-possessions,2025,Regular Season,team,"{'OffDef': 'Offense', 'Season': '2025', 'SeasonType': 'Regular Season', 'TeamId': '1611661319'}",shot_pace,1611661319,4Q/OT | margin -3..3 | 300..120,get-possessions__possessions__off_def-Offense__season-2025__season_type-Regular_Season__team_id-1611661319__9cf2cba8,get-possessions,https://api.pbpstats.com/get-possessions/wnba?OffDef=Offense&Season=2025&SeasonType=Regular+Season&TeamId=1611661319,200,127,04:57,"Onyenwere P.FOUL (P1.T1)
Banham P.FOUL (P2.T2)
Cardoso P.FOUL (P1.T3)
MISS Gray 4' Fadeaway Jumper
Williams REBOUND (Off:2 Def:2)
",1,0,0,0,2025-09-09,1022500279,0,0,CHI,2,0,12,05:45,Off Long Mid-Range Make,0,"[{""description"": ""Onyenwere P.FOUL (P1.T1)"", ""url"": """"}, {""description"": ""Banham P.FOUL (P2.T2)"", ""url"": """"}, {""description"": ""Cardoso P.FOUL (P1.T3)"", ""url"": """"}, {""description"": ""MISS Gray 4' Fadeaway Jumper"", ""url"": """"}, {""description"": ""Williams REBOUND (Off:2 Def:2)"", ""url"": """"}]"
wnba,wnba_shot_pace,shot_pace,possessions,get-possessions,2025,Regular Season,team,"{'OffDef': 'Offense', 'Season': '2025', 'SeasonType': 'Regular Season', 'TeamId': '1611661319'}",shot_pace,1611661319,4Q/OT | margin -3..3 | 300..120,get-possessions__possessions__off_def-Offense__season-2025__season_type-Regular_Season__team_id-1611661319__9cf2cba8,get-possessions,https://api.pbpstats.com/get-possessions/wnba?OffDef=Offense&Season=2025&SeasonType=Regular+Season&TeamId=1611661319,200,128,06:11,"MISS Wilson 12' Turnaround Jump Shot
Cardoso REBOUND (Off:1 Def:4)
",1,0,0,0,2025-09-09,1022500279,0,0,CHI,2,0,14,06:21,Off FT Miss,0,"[{""description"": ""MISS Wilson 12' Turnaround Jump Shot"", ""url"": """"}, {""description"": ""Cardoso REBOUND (Off:1 Def:4)"", ""url"": """"}]"
wnba,wnba_shot_pace,shot_pace,possessions,get-possessions,2025,Regular Season,team,"{'OffDef': 'Offense', 'Season': '2025', 'SeasonType': 'Regular Season', 'TeamId': '1611661319'}",shot_pace,1611661319,4Q/OT | margin -3..3 | 300..120,get-possessions__possessions__off_def-Offense__season-2025__season_type-Regular_Season__team_id-1611661319__9cf2cba8,get-possessions,https://api.pbpstats.com/get-possessions/wnba?OffDef=Offense&Season=2025&SeasonType=Regular+Season&TeamId=1611661319,200,129,06:54,"MISS Evans 24' 3PT Jump Shot
Gray REBOUND (Off:1 Def:1)
Gray 24' 3PT Step Back Jump Shot (5 PTS)
",0,0,2,1,2025-09-09,1022500279,0,1,CHI,2,0,12,07:14,Off Steal,0,"[{""description"": ""MISS Evans 24' 3PT Jump Shot"", ""url"": """"}, {""description"": ""Gray REBOUND (Off:1 Def:1)"", ""url"": """"}, {""description"": ""Gray 24' 3PT Step Back Jump Shot (5 PTS)"", ""url"": """"}]"
wnba,wnba_shot_pace,shot_pace,possessions,get-possessions,2025,Regular Season,team,"{'OffDef': 'Offense', 'Season': '2025', 'SeasonType': 'Regular Season', 'TeamId': '1611661319'}",shot_pace,1611661319,4Q/OT | margin -3..3 | 300..120,get-possessions__possessions__off_def-Offense__season-2025__season_type-Regular_Season__team_id-1611661319__9cf2cba8,get-possessions,https://api.pbpstats.com/get-possessions/wnba?OffDef=Offense&Season=2025&SeasonType=Regular+Season&TeamId=1611661319,200,130,07:32,"Gray 14' Pullup Jump Shot (2 PTS) (Wilson 3 AST)
",1,1,0,0,2025-09-09,1022500279,0,0,CHI,2,0,10,07:47,Off Timeout,0,"[{""description"": ""Gray 14' Pullup Jump Shot (2 PTS) (Wilson 3 AST)"", ""url"": """"}]"
wnba,wnba_shot_pace,shot_pace,possessions,get-possessions,2025,Regular Season,team,"{'OffDef': 'Offense', 'Season': '2025', 'SeasonType': 'Regular Season', 'TeamId': '1611661319'}",shot_pace,1611661319,4Q/OT | margin -3..3 | 300..120,get-possessions__possessions__off_def-Offense__season-2025__season_type-Regular_Season__team_id-1611661319__9cf2cba8,get-possessions,https://api.pbpstats.com/get-possessions/wnba?OffDef=Offense&Season=2025&SeasonType=Regular+Season&TeamId=1611661319,200,131,08:01,"MISS Loyd 25' 3PT Jump Shot
Allen REBOUND (Off:0 Def:2)
",0,0,1,0,2025-09-09,1022500279,0,0,CHI,2,0,12,08:20,Off Dead Ball,0,"[{""description"": ""MISS Loyd 25' 3PT Jump Shot"", ""url"": """"}, {""description"": ""Allen REBOUND (Off:0 Def:2)"", ""url"": """"}]"
wnba,wnba_shot_pace,shot_pace,possessions,get-possessions,2025,Regular Season,team,"{'OffDef': 'Offense', 'Season': '2025', 'SeasonType': 'Regular Season', 'TeamId': '1611661319'}",shot_pace,1611661319,4Q/OT | margin -3..3 | 300..120,get-possessions__possessions__off_def-Offense__season-2025__season_type-Regular_Season__team_id-1611661319__9cf2cba8,get-possessions,https://api.pbpstats.com/get-possessions/wnba?OffDef=Offense&Season=2025&SeasonType=Regular+Season&TeamId=1611661319,200,132,08:45,"Gray Bad Pass Turnover (P2.T5): Westbeld STEAL (1 STL)
",0,0,0,0,2025-09-09,1022500279,0,0,CHI,2,0,12,09:07,Off Short Mid-Range Make,1,"[{""description"": ""Gray Bad Pass Turnover (P2.T5): Westbeld STEAL (1 STL)"", ""url"": """"}]"
wnba,wnba_shot_pace,shot_pace,possessions,get-possessions,2025,Regular Season,team,"{'OffDef': 'Offense', 'Season': '2025', 'SeasonType': 'Regular Season', 'TeamId': '1611661319'}",shot_pace,1611661319,4Q/OT | margin -3..3 | 300..120,get-possessions__possessions__off_def-Offense__season-2025__season_type-Regular_Season__team_id-1611661319__9cf2cba8,get-possessions,https://api.pbpstats.com/get-possessions/wnba?OffDef=Offense&Season=2025&SeasonType=Regular+Season&TeamId=1611661319,200,133,09:16,"MISS Nye 1' Driving Reverse Layup
Williams REBOUND (Off:0 Def:1)
",1,0,0,0,2025-09-09,1022500279,0,0,CHI,2,0,14,09:25,Off Long Mid-Range Miss,0,"[{""description"": ""MISS Nye 1' Driving Reverse Layup"", ""url"": """"}, {""description"": ""Williams REBOUND (Off:0 Def:1)"", ""url"": """"}]"
wnba,wnba_shot_pace,shot_pace,possessions,get-possessions,2025,Regular Season,team,"{'OffDef': 'Offense', 'Season': '2025', 'SeasonType': 'Regular Season', 'TeamId': '1611661319'}",shot_pace,1611661319,4Q/OT | margin -3..3 | 300..120,get-possessions__possessions__off_def-Offense__season-2025__season_type-Regular_Season__team_id-1611661319__9cf2cba8,get-possessions,https://api.pbpstats.com/get-possessions/wnba?OffDef=Offense&Season=2025&SeasonType=Regular+Season&TeamId=1611661319,200,134,09:46,"Gray Out of Bounds - Bad Pass Turnover Turnover (P1.T4)
",0,0,0,0,2025-09-09,1022500279,0,0,CHI,2,0,14,10:00,Off Dead Ball,1,"[{""description"": ""Gray Out of Bounds - Bad Pass Turnover Turnover (P1.T4)"", ""url"": """"}]"
wnba,wnba_shot_pace,shot_pace,possessions,get-possessions,2025,Regular Season,team,"{'OffDef': 'Offense', 'Season': '2025', 'SeasonType': 'Regular Season', 'TeamId': '1611661319'}",shot_pace,1611661319,4Q/OT | margin -3..3 | 300..120,get-possessions__possessions__off_def-Offense__season-2025__season_type-Regular_Season__team_id-1611661319__9cf2cba8,get-possessions,https://api.pbpstats.com/get-possessions/wnba?OffDef=Offense&Season=2025&SeasonType=Regular+Season&TeamId=1611661319,200,135,00:00,"Evans 19' Pullup Jump Shot (5 PTS) (Young 3 AST)
",1,1,0,0,2025-09-09,1022500279,0,0,CHI,1,0,12,00:19,Off Arc 3 Miss,0,"[{""description"": ""Evans 19' Pullup Jump Shot (5 PTS) (Young 3 AST)"", ""url"": """"}]"
wnba,wnba_shot_pace,shot_pace,possessions,get-possessions,2025,Regular Season,team,"{'OffDef': 'Offense', 'Season': '2025', 'SeasonType': 'Regular Season', 'TeamId': '1611661319'}",shot_pace,1611661319,4Q/OT | margin -3..3 | 300..120,get-possessions__possessions__off_def-Offense__season-2025__season_type-Regular_Season__team_id-1611661319__9cf2cba8,get-possessions,https://api.pbpstats.com/get-possessions/wnba?OffDef=Offense&Season=2025&SeasonType=Regular+Season&TeamId=1611661319,200,136,00:36,"MISS Gray 26' 3PT Jump Shot
Nurse REBOUND (Off:0 Def:1)
",0,0,1,0,2025-09-09,1022500279,0,0,CHI,1,0,12,00:45,Off Short Mid-Range Make,0,"[{""description"": ""MISS Gray 26' 3PT Jump Shot"", ""url"": """"}, {""description"": ""Nurse REBOUND (Off:0 Def:1)"", ""url"": """"}]"
wnba,wnba_shot_pace,shot_pace,possessions,get-possessions,2025,Regular Season,team,"{'OffDef': 'Offense', 'Season': '2025', 'SeasonType': 'Regular Season', 'TeamId': '1611661319'}",shot_pace,1611661319,4Q/OT | margin -3..3 | 300..120,get-possessions__possessions__off_def-Offense__season-2025__season_type-Regular_Season__team_id-1611661319__9cf2cba8,get-possessions,https://api.pbpstats.com/get-possessions/wnba?OffDef=Offense&Season=2025&SeasonType=Regular+Season&TeamId=1611661319,200,137,01:06,"MISS Loyd 25' 3PT Pullup Jump Shot
Cardoso REBOUND (Off:1 Def:3)
",0,0,1,0,2025-09-09,1022500279,0,0,CHI,1,0,14,01:17,Off Short Mid-Range Make,0,"[{""description"": ""MISS Loyd 25' 3PT Pullup Jump Shot"", ""url"": """"}, {""description"": ""Cardoso REBOUND (Off:1 Def:3)"", ""url"": """"}]"
wnba,wnba_shot_pace,shot_pace,possessions,get-possessions,2025,Regular Season,team,"{'OffDef': 'Offense', 'Season': '2025', 'SeasonType': 'Regular Season', 'TeamId': '1611661319'}",shot_pace,1611661319,4Q/OT | margin -3..3 | 300..120,get-possessions__possessions__off_def-Offense__season-2025__season_type-Regular_Season__team_id-1611661319__9cf2cba8,get-possessions,https://api.pbpstats.com/get-possessions/wnba?OffDef=Offense&Season=2025&SeasonType=Regular+Season&TeamId=1611661319,200,138,01:28,"Parker-Tyus 5' Layup (2 PTS) (Young 2 AST)
",1,1,0,0,2025-09-09,1022500279,0,0,CHI,1,0,14,01:32,Off Steal,0,"[{""description"": ""Parker-Tyus 5' Layup (2 PTS) (Young 2 AST)"", ""url"": """"}]"
wnba,wnba_shot_pace,shot_pace,possessions,get-possessions,2025,Regular Season,team,"{'OffDef': 'Offense', 'Season': '2025', 'SeasonType': 'Regular Season', 'TeamId': '1611661319'}",shot_pace,1611661319,4Q/OT | margin -3..3 | 300..120,get-possessions__possessions__off_def-Offense__season-2025__season_type-Regular_Season__team_id-1611661319__9cf2cba8,get-possessions,https://api.pbpstats.com/get-possessions/wnba?OffDef=Offense&Season=2025&SeasonType=Regular+Season&TeamId=1611661319,200,139,01:36,"Parker-Tyus Bad Pass Turnover (P1.T3): Uzun STEAL (1 STL)
",0,0,0,0,2025-09-09,1022500279,0,0,CHI,1,0,14,01:46,Off Short Mid-Range Make,1,"[{""description"": ""Parker-Tyus Bad Pass Turnover (P1.T3): Uzun STEAL (1 STL)"", ""url"": """"}]"
wnba,wnba_shot_pace,shot_pace,possessions,get-possessions,2025,Regular Season,team,"{'OffDef': 'Offense', 'Season': '2025', 'SeasonType': 'Regular Season', 'TeamId': '1611661319'}",shot_pace,1611661319,4Q/OT | margin -3..3 | 300..120,get-possessions__possessions__off_def-Offense__season-2025__season_type-Regular_Season__team_id-1611661319__9cf2cba8,get-possessions,https://api.pbpstats.com/get-possessions/wnba?OffDef=Offense&Season=2025&SeasonType=Regular+Season&TeamId=1611661319,200,140,02:13,"Westbeld P.FOUL (P1.T4)
Loyd 3PT Jump Shot (3 PTS) (Gray 1 AST)
",0,0,1,1,2025-09-09,1022500279,0,0,CHI,1,0,13,02:37,Off Dead Ball,0,"[{""description"": ""Westbeld P.FOUL (P1.T4)"", ""url"": """"}, {""description"": ""Loyd 3PT Jump Shot (3 PTS) (Gray 1 AST)"", ""url"": """"}]"
wnba,wnba_shot_pace,shot_pace,possessions,get-possessions,2025,Regular Season,team,"{'OffDef': 'Offense', 'Season': '2025', 'SeasonType': 'Regular Season', 'TeamId': '1611661319'}",shot_pace,1611661319,4Q/OT | margin -3..3 | 300..120,get-possessions__possessions__off_def-Offense__season-2025__season_type-Regular_Season__team_id-1611661319__9cf2cba8,get-possessions,https://api.pbpstats.com/get-possessions/wnba?OffDef=Offense&Season=2025&SeasonType=Regular+Season&TeamId=1611661319,200,141,02:50,"Young 25' 3PT Pullup Jump Shot (5 PTS)
",0,0,1,1,2025-09-09,1022500279,0,0,CHI,1,0,10,02:59,Off Steal,0,"[{""description"": ""Young 25' 3PT Pullup Jump Shot (5 PTS)"", ""url"": """"}]"
wnba,wnba_shot_pace,shot_pace,possessions,get-possessions,2025,Regular Season,team,"{'OffDef': 'Offense', 'Season': '2025', 'SeasonType': 'Regular Season', 'TeamId': '1611661319'}",shot_pace,1611661319,4Q/OT | margin -3..3 | 300..120,get-possessions__possessions__off_def-Offense__season-2025__season_type-Regular_Season__team_id-1611661319__9cf2cba8,get-possessions,https://api.pbpstats.com/get-possessions/wnba?OffDef=Offense&Season=2025&SeasonType=Regular+Season&TeamId=1611661319,200,142,03:19,"Evans 3PT Jump Shot (3 PTS) (Smith 1 AST)
",0,0,1,1,2025-09-09,1022500279,0,0,CHI,1,0,7,03:25,Off Short Mid-Range Miss,0,"[{""description"": ""Evans 3PT Jump Shot (3 PTS) (Smith 1 AST)"", ""url"": """"}]"
wnba,wnba_shot_pace,shot_pace,possessions,get-possessions,2025,Regular Season,team,"{'OffDef': 'Offense', 'Season': '2025', 'SeasonType': 'Regular Season', 'TeamId': '1611661319'}",shot_pace,1611661319,4Q/OT | margin -3..3 | 300..120,get-possessions__possessions__off_def-Offense__season-2025__season_type-Regular_Season__team_id-1611661319__9cf2cba8,get-possessions,https://api.pbpstats.com/get-possessions/wnba?OffDef=Offense&Season=2025&SeasonType=Regular+Season&TeamId=1611661319,200,143,03:40,"MISS Loyd 15' Pullup Jump Shot
Cardoso REBOUND (Off:0 Def:2)
",1,0,0,0,2025-09-09,1022500279,0,0,CHI,1,0,7,03:52,Off Steal,0,"[{""description"": ""MISS Loyd 15' Pullup Jump Shot"", ""url"": """"}, {""description"": ""Cardoso REBOUND (Off:0 Def:2)"", ""url"": """"}]"
wnba,wnba_shot_pace,shot_pace,possessions,get-possessions,2025,Regular Season,team,"{'OffDef': 'Offense', 'Season': '2025', 'SeasonType': 'Regular Season', 'TeamId': '1611661319'}",shot_pace,1611661319,4Q/OT | margin -3..3 | 300..120,get-possessions__possessions__off_def-Offense__season-2025__season_type-Regular_Season__team_id-1611661319__9cf2cba8,get-possessions,https://api.pbpstats.com/get-possessions/wnba?OffDef=Offense&Season=2025&SeasonType=Regular+Season&TeamId=1611661319,200,144,04:08,"Wilson 6' Driving Layup (7 PTS)
",1,1,0,0,2025-09-09,1022500279,0,0,CHI,1,0,5,04:27,Off Short Mid-Range Miss,0,"[{""description"": ""Wilson 6' Driving Layup (7 PTS)"", ""url"": """"}]"
wnba,wnba_shot_pace,shot_pace,possessions,get-possessions,2025,Regular Season,team,"{'OffDef': 'Offense', 'Season': '2025', 'SeasonType': 'Regular Season', 'TeamId': '1611661319'}",shot_pace,1611661319,4Q/OT | margin -3..3 | 300..120,get-possessions__possessions__off_def-Offense__season-2025__season_type-Regular_Season__team_id-1611661319__9cf2cba8,get-possessions,https://api.pbpstats.com/get-possessions/wnba?OffDef=Offense&Season=2025&SeasonType=Regular+Season&TeamId=1611661319,200,145,04:48,"Williams S.FOUL (P2.T3)
Wilson Free Throw 1 of 2 (4 PTS)
Wilson Free Throw 2 of 2 (5 PTS)
",0,0,0,0,2025-09-09,1022500279,0,0,CHI,1,1,3,04:52,Off Short Mid-Range Miss,0,"[{""description"": ""Williams S.FOUL (P2.T3)"", ""url"": """"}, {""description"": ""Wilson Free Throw 1 of 2 (4 PTS)"", ""url"": """"}, {""description"": ""Wilson Free Throw 2 of 2 (5 PTS)"", ""url"": """"}]"
wnba,wnba_shot_pace,shot_pace,possessions,get-possessions,2025,Regular Season,team,"{'OffDef': 'Offense', 'Season': '2025', 'SeasonType': 'Regular Season', 'TeamId': '1611661319'}",shot_pace,1611661319,4Q/OT | margin -3..3 | 300..120,get-possessions__possessions__off_def-Offense__season-2025__season_type-Regular_Season__team_id-1611661319__9cf2cba8,get-possessions,https://api.pbpstats.com/get-possessions/wnba?OffDef=Offense&Season=2025&SeasonType=Regular+Season&TeamId=1611661319,200,146,05:13,"Young 4' Driving Layup (2 PTS) (Wilson 2 AST)
",1,1,0,0,2025-09-09,1022500279,0,0,CHI,1,0,1,05:28,Off FT Make,0,"[{""description"": ""Young 4' Driving Layup (2 PTS) (Wilson 2 AST)"", ""url"": """"}]"
wnba,wnba_shot_pace,shot_pace,possessions,get-possessions,2025,Regular Season,team,"{'OffDef': 'Offense', 'Season': '2025', 'SeasonType': 'Regular Season', 'TeamId': '1611661319'}",shot_pace,1611661319,4Q/OT | margin -3..3 | 300..120,get-possessions__possessions__off_def-Offense__season-2025__season_type-Regular_Season__team_id-1611661319__9cf2cba8,get-possessions,https://api.pbpstats.com/get-possessions/wnba?OffDef=Offense&Season=2025&SeasonType=Regular+Season&TeamId=1611661319,200,147,05:39,"MISS Gray 25' 3PT Jump Shot
Cardoso REBOUND (Off:0 Def:1)
",0,0,1,0,2025-09-09,1022500279,0,0,CHI,1,0,3,05:55,Off At Rim Make,0,"[{""description"": ""MISS Gray 25' 3PT Jump Shot"", ""url"": """"}, {""description"": ""Cardoso REBOUND (Off:0 Def:1)"", ""url"": """"}]"
wnba,wnba_shot_pace,shot_pace,possessions,get-possessions,2025,Regular Season,team,"{'OffDef': 'Offense', 'Season': '2025', 'SeasonType': 'Regular Season', 'TeamId': '1611661319'}",shot_pace,1611661319,4Q/OT | margin -3..3 | 300..120,get-possessions__possessions__off_def-Offense__season-2025__season_type-Regular_Season__team_id-1611661319__9cf2cba8,get-possessions,https://api.pbpstats.com/get-possessions/wnba?OffDef=Offense&Season=2025&SeasonType=Regular+Season&TeamId=1611661319,200,148,06:02,"Smith Bad Pass Turnover (P1.T2): Onyenwere STEAL (1 STL)
",0,0,0,0,2025-09-09,1022500279,0,0,CHI,1,0,5,06:19,Off At Rim Miss,1,"[{""description"": ""Smith Bad Pass Turnover (P1.T2): Onyenwere STEAL (1 STL)"", ""url"": """"}]"
wnba,wnba_shot_pace,shot_pace,possessions,get-possessions,2025,Regular Season,team,"{'OffDef': 'Offense', 'Season': '2025', 'SeasonType': 'Regular Season', 'TeamId': '1611661319'}",shot_pace,1611661319,4Q/OT | margin -3..3 | 300..120,get-possessions__possessions__off_def-Offense__season-2025__season_type-Regular_Season__team_id-1611661319__9cf2cba8,get-possessions,https://api.pbpstats.com/get-possessions/wnba?OffDef=Offense&Season=2025&SeasonType=Regular+Season&TeamId=1611661319,200,149,06:36,"Williams S.FOUL (P1.T2)
MISS Smith Free Throw 1 of 2
ACES Rebound
Smith Free Throw 2 of 2 (4 PTS)
",0,0,0,0,2025-09-09,1022500279,0,0,CHI,1,1,4,07:01,Off Short Mid-Range Make,0,"[{""description"": ""Williams S.FOUL (P1.T2)"", ""url"": """"}, {""description"": ""MISS Smith Free Throw 1 of 2"", ""url"": """"}, {""description"": ""ACES Rebound"", ""url"": """"}, {""description"": ""Smith Free Throw 2 of 2 (4 PTS)"", ""url"": """"}]"
wnba,wnba_shot_pace,shot_pace,possessions,get-possessions,2025,Regular Season,team,"{'OffDef': 'Offense', 'Season': '2025', 'SeasonType': 'Regular Season', 'TeamId': '1611661319'}",shot_pace,1611661319,4Q/OT | margin -3..3 | 300..120,get-possessions__possessions__off_def-Offense__season-2025__season_type-Regular_Season__team_id-1611661319__9cf2cba8,get-possessions,https://api.pbpstats.com/get-possessions/wnba?OffDef=Offense&Season=2025&SeasonType=Regular+Season&TeamId=1611661319,200,150,07:16,"MISS Smith 14' Jump Shot
Allen REBOUND (Off:0 Def:1)
",1,0,0,0,2025-09-09,1022500279,0,0,CHI,1,0,6,07:26,Off Block,0,"[{""description"": ""MISS Smith 14' Jump Shot"", ""url"": """"}, {""description"": ""Allen REBOUND (Off:0 Def:1)"", ""url"": """"}]"
wnba,wnba_shot_pace,shot_pace,possessions,get-possessions,2025,Regular Season,team,"{'OffDef': 'Offense', 'Season': '2025', 'SeasonType': 'Regular Season', 'TeamId': '1611661319'}",shot_pace,1611661319,4Q/OT | margin -3..3 | 300..120,get-possessions__possessions__off_def-Offense__season-2025__season_type-Regular_Season__team_id-1611661319__9cf2cba8,get-possessions,https://api.pbpstats.com/get-possessions/wnba?OffDef=Offense&Season=2025&SeasonType=Regular+Season&TeamId=1611661319,200,151,07:42,"Banham P.FOUL (P1.T1)
Nye 2' Driving Finger Roll Layup (2 PTS) (Wilson 1 AST)
",1,1,0,0,2025-09-09,1022500279,0,0,CHI,1,0,4,07:55,Off At Rim Miss,0,"[{""description"": ""Banham P.FOUL (P1.T1)"", ""url"": """"}, {""description"": ""Nye 2' Driving Finger Roll Layup (2 PTS) (Wilson 1 AST)"", ""url"": """"}]"
wnba,wnba_shot_pace,shot_pace,possessions,get-possessions,2025,Regular Season,team,"{'OffDef': 'Offense', 'Season': '2025', 'SeasonType': 'Regular Season', 'TeamId': '1611661319'}",shot_pace,1611661319,4Q/OT | margin -3..3 | 300..120,get-possessions__possessions__off_def-Offense__season-2025__season_type-Regular_Season__team_id-1611661319__9cf2cba8,get-possessions,https://api.pbpstats.com/get-possessions/wnba?OffDef=Offense&Season=2025&SeasonType=Regular+Season&TeamId=1611661319,200,152,08:17,"Wilson 24' 3PT Jump Shot (3 PTS) (Nye 1 AST)
",0,0,1,1,2025-09-09,1022500279,0,0,CHI,1,0,1,08:42,Off Dead Ball,0,"[{""description"": ""Wilson 24' 3PT Jump Shot (3 PTS) (Nye 1 AST)"", ""url"": """"}]"
wnba,wnba_shot_pace,shot_pace,possessions,get-possessions,2025,Regular Season,team,"{'OffDef': 'Offense', 'Season': '2025', 'SeasonType': 'Regular Season', 'TeamId': '1611661319'}",shot_pace,1611661319,4Q/OT | margin -3..3 | 300..120,get-possessions__possessions__off_def-Offense__season-2025__season_type-Regular_Season__team_id-1611661319__9cf2cba8,get-possessions,https://api.pbpstats.com/get-possessions/wnba?OffDef=Offense&Season=2025&SeasonType=Regular+Season&TeamId=1611661319,200,153,08:58,"Smith 25' 3PT Jump Shot (3 PTS) (Young 1 AST)
",0,0,1,1,2025-09-09,1022500279,0,0,CHI,1,0,-2,09:05,Off Arc 3 Miss,0,"[{""description"": ""Smith 25' 3PT Jump Shot (3 PTS) (Young 1 AST)"", ""url"": """"}]"
wnba,wnba_shot_pace,shot_pace,possessions,get-possessions,2025,Regular Season,team,"{'OffDef': 'Offense', 'Season': '2025', 'SeasonType': 'Regular Season', 'TeamId': '1611661319'}",shot_pace,1611661319,4Q/OT | margin -3..3 | 300..120,get-possessions__possessions__off_def-Offense__season-2025__season_type-Regular_Season__team_id-1611661319__9cf2cba8,get-possessions,https://api.pbpstats.com/get-possessions/wnba?OffDef=Offense&Season=2025&SeasonType=Regular+Season&TeamId=1611661319,200,154,09:19,"MISS Nye 25' 3PT Jump Shot: Allen BLOCK (1 BLK)
Wilson REBOUND (Off:1 Def:0)
Wilson Bad Pass Turnover (P1.T1): Allen STEAL (1 STL)
",0,0,1,0,2025-09-09,1022500279,0,1,CHI,1,0,-2,09:42,Off At Rim Make,1,"[{""description"": ""MISS Nye 25' 3PT Jump Shot: Allen BLOCK (1 BLK)"", ""url"": """"}, {""description"": ""Wilson REBOUND (Off:1 Def:0)"", ""url"": """"}, {""description"": ""Wilson Bad Pass Turnover (P1.T1): Allen STEAL (1 STL)"", ""url"": """"}]"
wnba,wnba_shot_pace,shot_pace,possessions,get-possessions,2025,Regular Season,team,"{'OffDef': 'Offense', 'Season': '2025', 'SeasonType': 'Regular Season', 'TeamId': '1611661319'}",shot_pace,1611661319,4Q/OT | margin -3..3 | 300..120,get-possessions__possessions__off_def-Offense__season-2025__season_type-Regular_Season__team_id-1611661319__9cf2cba8,get-possessions,https://api.pbpstats.com/get-possessions/wnba?OffDef=Offense&Season=2025&SeasonType=Regular+Season&TeamId=1611661319,200,155,00:00,,0,0,0,0,2025-09-07,1022500275,0,0,CHI,4,0,14,00:21,Off Arc 3 Miss,0,[]
wnba,wnba_shot_pace,shot_pace,possessions,get-possessions,2025,Regular Season,team,"{'OffDef': 'Offense', 'Season': '2025', 'SeasonType': 'Regular Season', 'TeamId': '1611661319'}",shot_pace,1611661319,4Q/OT | margin -3..3 | 300..120,get-possessions__possessions__off_def-Offense__season-2025__season_type-Regular_Season__team_id-1611661319__9cf2cba8,get-possessions,https://api.pbpstats.com/get-possessions/wnba?OffDef=Offense&Season=2025&SeasonType=Regular+Season&TeamId=1611661319,200,156,00:47,"MISS Evans 25' 3PT Pullup Jump Shot
Westbeld REBOUND (Off:1 Def:2)
",0,0,1,0,2025-09-07,1022500275,0,0,CHI,4,0,14,01:15,Off Long Mid-Range Make,0,"[{""description"": ""MISS Evans 25' 3PT Pullup Jump Shot"", ""url"": """"}, {""description"": ""Westbeld REBOUND (Off:1 Def:2)"", ""url"": """"}]"
wnba,wnba_shot_pace,shot_pace,possessions,get-possessions,2025,Regular Season,team,"{'OffDef': 'Offense', 'Season': '2025', 'SeasonType': 'Regular Season', 'TeamId': '1611661319'}",shot_pace,1611661319,4Q/OT | margin -3..3 | 300..120,get-possessions__possessions__off_def-Offense__season-2025__season_type-Regular_Season__team_id-1611661319__9cf2cba8,get-possessions,https://api.pbpstats.com/get-possessions/wnba?OffDef=Offense&Season=2025&SeasonType=Regular+Season&TeamId=1611661319,200,157,01:33,"Bell Bad Pass Turnover (P3.T10): Williams STEAL (2 STL)
",0,0,0,0,2025-09-07,1022500275,0,0,CHI,4,0,16,01:49,Off Timeout,1,"[{""description"": ""Bell Bad Pass Turnover (P3.T10): Williams STEAL (2 STL)"", ""url"": """"}]"
wnba,wnba_shot_pace,shot_pace,possessions,get-possessions,2025,Regular Season,team,"{'OffDef': 'Offense', 'Season': '2025', 'SeasonType': 'Regular Season', 'TeamId': '1611661319'}",shot_pace,1611661319,4Q/OT | margin -3..3 | 300..120,get-possessions__possessions__off_def-Offense__season-2025__season_type-Regular_Season__team_id-1611661319__9cf2cba8,get-possessions,https://api.pbpstats.com/get-possessions/wnba?OffDef=Offense&Season=2025&SeasonType=Regular+Season&TeamId=1611661319,200,158,02:09,"MISS Wilson 16' Step Back Jump Shot
Nurse REBOUND (Off:0 Def:3)
",1,0,0,0,2025-09-07,1022500275,0,0,CHI,4,0,18,02:32,Off Short Mid-Range Make,0,"[{""description"": ""MISS Wilson 16' Step Back Jump Shot"", ""url"": """"}, {""description"": ""Nurse REBOUND (Off:0 Def:3)"", ""url"": """"}]"
wnba,wnba_shot_pace,shot_pace,possessions,get-possessions,2025,Regular Season,team,"{'OffDef': 'Offense', 'Season': '2025', 'SeasonType': 'Regular Season', 'TeamId': '1611661319'}",shot_pace,1611661319,4Q/OT | margin -3..3 | 300..120,get-possessions__possessions__off_def-Offense__season-2025__season_type-Regular_Season__team_id-1611661319__9cf2cba8,get-possessions,https://api.pbpstats.com/get-possessions/wnba?OffDef=Offense&Season=2025&SeasonType=Regular+Season&TeamId=1611661319,200,159,02:57,"Young 3PT Jump Shot (20 PTS) (Evans 3 AST)
",0,0,1,1,2025-09-07,1022500275,0,0,CHI,4,0,17,03:14,Off Long Mid-Range Make,0,"[{""description"": ""Young 3PT Jump Shot (20 PTS) (Evans 3 AST)"", ""url"": """"}]"
wnba,wnba_shot_pace,shot_pace,possessions,get-possessions,2025,Regular Season,team,"{'OffDef': 'Offense', 'Season': '2025', 'SeasonType': 'Regular Season', 'TeamId': '1611661319'}",shot_pace,1611661319,4Q/OT | margin -3..3 | 300..120,get-possessions__possessions__off_def-Offense__season-2025__season_type-Regular_Season__team_id-1611661319__9cf2cba8,get-possessions,https://api.pbpstats.com/get-possessions/wnba?OffDef=Offense&Season=2025&SeasonType=Regular+Season&TeamId=1611661319,200,160,03:36,"MISS Loyd 3PT Jump Shot
Cardoso REBOUND (Off:7 Def:8)
",0,0,1,0,2025-09-07,1022500275,0,0,CHI,4,0,19,03:56,Off At Rim Miss,0,"[{""description"": ""MISS Loyd 3PT Jump Shot"", ""url"": """"}, {""description"": ""Cardoso REBOUND (Off:7 Def:8)"", ""url"": """"}]"
wnba,wnba_shot_pace,shot_pace,possessions,get-possessions,2025,Regular Season,team,"{'OffDef': 'Offense', 'Season': '2025', 'SeasonType': 'Regular Season', 'TeamId': '1611661319'}",shot_pace,1611661319,4Q/OT | margin -3..3 | 300..120,get-possessions__possessions__off_def-Offense__season-2025__season_type-Regular_Season__team_id-1611661319__9cf2cba8,get-possessions,https://api.pbpstats.com/get-possessions/wnba?OffDef=Offense&Season=2025&SeasonType=Regular+Season&TeamId=1611661319,200,161,04:08,"Gray Out of Bounds - Bad Pass Turnover Turnover (P3.T9)
",0,0,0,0,2025-09-07,1022500275,0,0,CHI,4,0,19,04:24,Off Arc 3 Miss,1,"[{""description"": ""Gray Out of Bounds - Bad Pass Turnover Turnover (P3.T9)"", ""url"": """"}]"
wnba,wnba_shot_pace,shot_pace,possessions,get-possessions,2025,Regular Season,team,"{'OffDef': 'Offense', 'Season': '2025', 'SeasonType': 'Regular Season', 'TeamId': '1611661319'}",shot_pace,1611661319,4Q/OT | margin -3..3 | 300..120,get-possessions__possessions__off_def-Offense__season-2025__season_type-Regular_Season__team_id-1611661319__9cf2cba8,get-possessions,https://api.pbpstats.com/get-possessions/wnba?OffDef=Offense&Season=2025&SeasonType=Regular+Season&TeamId=1611661319,200,162,04:46,"MISS Wilson 6' Driving Layup: Cardoso BLOCK (1 BLK)
ACES Rebound
Wilson 5' Turnaround Hook Shot (31 PTS) (Evans 2 AST)
",2,1,0,0,2025-09-07,1022500275,0,1,CHI,4,0,17,05:02,Off Timeout,0,"[{""description"": ""MISS Wilson 6' Driving Layup: Cardoso BLOCK (1 BLK)"", ""url"": """"}, {""description"": ""ACES Rebound"", ""url"": """"}, {""description"": ""Wilson 5' Turnaround Hook Shot (31 PTS) (Evans 2 AST)"", ""url"": """"}]"
wnba,wnba_shot_pace,shot_pace,possessions,get-possessions,2025,Regular Season,team,"{'OffDef': 'Offense', 'Season': '2025', 'SeasonType': 'Regular Season', 'TeamId': '1611661319'}",shot_pace,1611661319,4Q/OT | margin -3..3 | 300..120,get-possessions__possessions__off_def-Offense__season-2025__season_type-Regular_Season__team_id-1611661319__9cf2cba8,get-possessions,https://api.pbpstats.com/get-possessions/wnba?OffDef=Offense&Season=2025&SeasonType=Regular+Season&TeamId=1611661319,200,163,05:18,"MISS Wilson 13' Pullup Jump Shot
Onyenwere REBOUND (Off:0 Def:2)
",1,0,0,0,2025-09-07,1022500275,0,0,CHI,4,0,17,05:33,Off At Rim Miss,0,"[{""description"": ""MISS Wilson 13' Pullup Jump Shot"", ""url"": """"}, {""description"": ""Onyenwere REBOUND (Off:0 Def:2)"", ""url"": """"}]"
wnba,wnba_shot_pace,shot_pace,possessions,get-possessions,2025,Regular Season,team,"{'OffDef': 'Offense', 'Season': '2025', 'SeasonType': 'Regular Season', 'TeamId': '1611661319'}",shot_pace,1611661319,4Q/OT | margin -3..3 | 300..120,get-possessions__possessions__off_def-Offense__season-2025__season_type-Regular_Season__team_id-1611661319__9cf2cba8,get-possessions,https://api.pbpstats.com/get-possessions/wnba?OffDef=Offense&Season=2025&SeasonType=Regular+Season&TeamId=1611661319,200,164,05:42,"MISS Wilson 6' Fadeaway Jumper
Uzun REBOUND (Off:0 Def:3)
",1,0,0,0,2025-09-07,1022500275,0,0,CHI,4,0,17,05:55,Off Steal,0,"[{""description"": ""MISS Wilson 6' Fadeaway Jumper"", ""url"": """"}, {""description"": ""Uzun REBOUND (Off:0 Def:3)"", ""url"": """"}]"
wnba,wnba_shot_pace,shot_pace,possessions,get-possessions,2025,Regular Season,team,"{'OffDef': 'Offense', 'Season': '2025', 'SeasonType': 'Regular Season', 'TeamId': '1611661319'}",shot_pace,1611661319,4Q/OT | margin -3..3 | 300..120,get-possessions__possessions__off_def-Offense__season-2025__season_type-Regular_Season__team_id-1611661319__9cf2cba8,get-possessions,https://api.pbpstats.com/get-possessions/wnba?OffDef=Offense&Season=2025&SeasonType=Regular+Season&TeamId=1611661319,200,165,06:10,"MISS Young 5' Cutting Layup Shot
Young REBOUND (Off:1 Def:3)
MISS Young 26' 3PT Jump Shot
Banham REBOUND (Off:0 Def:4)
",1,0,1,0,2025-09-07,1022500275,0,1,CHI,4,0,17,06:38,Off FT Make,0,"[{""description"": ""MISS Young 5' Cutting Layup Shot"", ""url"": """"}, {""description"": ""Young REBOUND (Off:1 Def:3)"", ""url"": """"}, {""description"": ""MISS Young 26' 3PT Jump Shot"", ""url"": """"}, {""description"": ""Banham REBOUND (Off:0 Def:4)"", ""url"": """"}]"
wnba,wnba_shot_pace,shot_pace,possessions,get-possessions,2025,Regular Season,team,"{'OffDef': 'Offense', 'Season': '2025', 'SeasonType': 'Regular Season', 'TeamId': '1611661319'}",shot_pace,1611661319,4Q/OT | margin -3..3 | 300..120,get-possessions__possessions__off_def-Offense__season-2025__season_type-Regular_Season__team_id-1611661319__9cf2cba8,get-possessions,https://api.pbpstats.com/get-possessions/wnba?OffDef=Offense&Season=2025&SeasonType=Regular+Season&TeamId=1611661319,200,166,06:51,"Wilson 5' Running Layup (29 PTS) (Gray 4 AST)
",1,1,0,0,2025-09-07,1022500275,0,0,CHI,4,0,17,06:56,Off Short Mid-Range Miss,0,"[{""description"": ""Wilson 5' Running Layup (29 PTS) (Gray 4 AST)"", ""url"": """"}]"
wnba,wnba_shot_pace,shot_pace,possessions,get-possessions,2025,Regular Season,team,"{'OffDef': 'Offense', 'Season': '2025', 'SeasonType': 'Regular Season', 'TeamId': '1611661319'}",shot_pace,1611661319,4Q/OT | margin -3..3 | 300..120,get-possessions__possessions__off_def-Offense__season-2025__season_type-Regular_Season__team_id-1611661319__9cf2cba8,get-possessions,https://api.pbpstats.com/get-possessions/wnba?OffDef=Offense&Season=2025&SeasonType=Regular+Season&TeamId=1611661319,200,167,07:05,"MISS Loyd 25' 3PT Running Jump Shot
Onyenwere REBOUND (Off:0 Def:1)
",0,0,1,0,2025-09-07,1022500275,0,0,CHI,4,0,17,07:12,Off Arc 3 Miss,0,"[{""description"": ""MISS Loyd 25' 3PT Running Jump Shot"", ""url"": """"}, {""description"": ""Onyenwere REBOUND (Off:0 Def:1)"", ""url"": """"}]"
wnba,wnba_shot_pace,shot_pace,possessions,get-possessions,2025,Regular Season,team,"{'OffDef': 'Offense', 'Season': '2025', 'SeasonType': 'Regular Season', 'TeamId': '1611661319'}",shot_pace,1611661319,4Q/OT | margin -3..3 | 300..120,get-possessions__possessions__off_def-Offense__season-2025__season_type-Regular_Season__team_id-1611661319__9cf2cba8,get-possessions,https://api.pbpstats.com/get-possessions/wnba?OffDef=Offense&Season=2025&SeasonType=Regular+Season&TeamId=1611661319,200,168,07:28,"MISS Evans 25' 3PT Jump Shot
Wilson REBOUND (Off:3 Def:5)
Gray Out of Bounds - Bad Pass Turnover Turnover (P2.T8)
",0,0,1,0,2025-09-07,1022500275,0,1,CHI,4,0,17,07:52,Off FT Make,1,"[{""description"": ""MISS Evans 25' 3PT Jump Shot"", ""url"": """"}, {""description"": ""Wilson REBOUND (Off:3 Def:5)"", ""url"": """"}, {""description"": ""Gray Out of Bounds - Bad Pass Turnover Turnover (P2.T8)"", ""url"": """"}]"
wnba,wnba_shot_pace,shot_pace,possessions,get-possessions,2025,Regular Season,team,"{'OffDef': 'Offense', 'Season': '2025', 'SeasonType': 'Regular Season', 'TeamId': '1611661319'}",shot_pace,1611661319,4Q/OT | margin -3..3 | 300..120,get-possessions__possessions__off_def-Offense__season-2025__season_type-Regular_Season__team_id-1611661319__9cf2cba8,get-possessions,https://api.pbpstats.com/get-possessions/wnba?OffDef=Offense&Season=2025&SeasonType=Regular+Season&TeamId=1611661319,200,169,07:59,"MISS Nye 25' 3PT Jump Shot
Nurse REBOUND (Off:0 Def:2)
",0,0,1,0,2025-09-07,1022500275,0,0,CHI,4,0,19,08:21,Off Dead Ball,0,"[{""description"": ""MISS Nye 25' 3PT Jump Shot"", ""url"": """"}, {""description"": ""Nurse REBOUND (Off:0 Def:2)"", ""url"": """"}]"
wnba,wnba_shot_pace,shot_pace,possessions,get-possessions,2025,Regular Season,team,"{'OffDef': 'Offense', 'Season': '2025', 'SeasonType': 'Regular Season', 'TeamId': '1611661319'}",shot_pace,1611661319,4Q/OT | margin -3..3 | 300..120,get-possessions__possessions__off_def-Offense__season-2025__season_type-Regular_Season__team_id-1611661319__9cf2cba8,get-possessions,https://api.pbpstats.com/get-possessions/wnba?OffDef=Offense&Season=2025&SeasonType=Regular+Season&TeamId=1611661319,200,170,08:41,"MISS Wilson 7' Jump Shot
Uzun REBOUND (Off:0 Def:2)
",1,0,0,0,2025-09-07,1022500275,0,0,CHI,4,0,19,09:01,Off Short Mid-Range Make,0,"[{""description"": ""MISS Wilson 7' Jump Shot"", ""url"": """"}, {""description"": ""Uzun REBOUND (Off:0 Def:2)"", ""url"": """"}]"
wnba,wnba_shot_pace,shot_pace,possessions,get-possessions,2025,Regular Season,team,"{'OffDef': 'Offense', 'Season': '2025', 'SeasonType': 'Regular Season', 'TeamId': '1611661319'}",shot_pace,1611661319,4Q/OT | margin -3..3 | 300..120,get-possessions__possessions__off_def-Offense__season-2025__season_type-Regular_Season__team_id-1611661319__9cf2cba8,get-possessions,https://api.pbpstats.com/get-possessions/wnba?OffDef=Offense&Season=2025&SeasonType=Regular+Season&TeamId=1611661319,200,171,09:28,"Loyd 3PT Jump Shot (6 PTS) (Gray 3 AST)
",0,0,1,1,2025-09-07,1022500275,0,0,CHI,4,0,18,09:43,Off Short Mid-Range Make,0,"[{""description"": ""Loyd 3PT Jump Shot (6 PTS) (Gray 3 AST)"", ""url"": """"}]"
wnba,wnba_shot_pace,shot_pace,possessions,get-possessions,2025,Regular Season,team,"{'OffDef': 'Offense', 'Season': '2025', 'SeasonType': 'Regular Season', 'TeamId': '1611661319'}",shot_pace,1611661319,4Q/OT | margin -3..3 | 300..120,get-possessions__possessions__off_def-Offense__season-2025__season_type-Regular_Season__team_id-1611661319__9cf2cba8,get-possessions,https://api.pbpstats.com/get-possessions/wnba?OffDef=Offense&Season=2025&SeasonType=Regular+Season&TeamId=1611661319,200,172,00:00,"MISS Evans 26' 3PT Step Back Jump Shot: Williams BLOCK (2 BLK)
ACES Rebound
",0,0,1,0,2025-09-07,1022500275,0,0,CHI,3,0,20,00:17,Off Arc 3 Make,0,"[{""description"": ""MISS Evans 26' 3PT Step Back Jump Shot: Williams BLOCK (2 BLK)"", ""url"": """"}, {""description"": ""ACES Rebound"", ""url"": """"}]"
wnba,wnba_shot_pace,shot_pace,possessions,get-possessions,2025,Regular Season,team,"{'OffDef': 'Offense', 'Season': '2025', 'SeasonType': 'Regular Season', 'TeamId': '1611661319'}",shot_pace,1611661319,4Q/OT | margin -3..3 | 300..120,get-possessions__possessions__off_def-Offense__season-2025__season_type-Regular_Season__team_id-1611661319__9cf2cba8,get-possessions,https://api.pbpstats.com/get-possessions/wnba?OffDef=Offense&Season=2025&SeasonType=Regular+Season&TeamId=1611661319,200,173,00:36,"MISS Young 25' 3PT Pullup Jump Shot
Allen REBOUND (Off:1 Def:2)
",0,0,1,0,2025-09-07,1022500275,0,0,CHI,3,0,23,00:58,Off Short Mid-Range Make,0,"[{""description"": ""MISS Young 25' 3PT Pullup Jump Shot"", ""url"": """"}, {""description"": ""Allen REBOUND (Off:1 Def:2)"", ""url"": """"}]"
wnba,wnba_shot_pace,shot_pace,possessions,get-possessions,2025,Regular Season,team,"{'OffDef': 'Offense', 'Season': '2025', 'SeasonType': 'Regular Season', 'TeamId': '1611661319'}",shot_pace,1611661319,4Q/OT | margin -3..3 | 300..120,get-possessions__possessions__off_def-Offense__season-2025__season_type-Regular_Season__team_id-1611661319__9cf2cba8,get-possessions,https://api.pbpstats.com/get-possessions/wnba?OffDef=Offense&Season=2025&SeasonType=Regular+Season&TeamId=1611661319,200,174,01:21,"Young 24' 3PT Pullup Jump Shot (17 PTS)
",0,0,1,1,2025-09-07,1022500275,0,0,CHI,3,0,22,01:36,Off Timeout,0,"[{""description"": ""Young 24' 3PT Pullup Jump Shot (17 PTS)"", ""url"": """"}]"
wnba,wnba_shot_pace,shot_pace,possessions,get-possessions,2025,Regular Season,team,"{'OffDef': 'Offense', 'Season': '2025', 'SeasonType': 'Regular Season', 'TeamId': '1611661319'}",shot_pace,1611661319,4Q/OT | margin -3..3 | 300..120,get-possessions__possessions__off_def-Offense__season-2025__season_type-Regular_Season__team_id-1611661319__9cf2cba8,get-possessions,https://api.pbpstats.com/get-possessions/wnba?OffDef=Offense&Season=2025&SeasonType=Regular+Season&TeamId=1611661319,200,175,01:57,"Young 3' Driving Layup (14 PTS)
",1,1,0,0,2025-09-07,1022500275,0,0,CHI,3,0,23,02:18,Off Short Mid-Range Make,0,"[{""description"": ""Young 3' Driving Layup (14 PTS)"", ""url"": """"}]"
wnba,wnba_shot_pace,shot_pace,possessions,get-possessions,2025,Regular Season,team,"{'OffDef': 'Offense', 'Season': '2025', 'SeasonType': 'Regular Season', 'TeamId': '1611661319'}",shot_pace,1611661319,4Q/OT | margin -3..3 | 300..120,get-possessions__possessions__off_def-Offense__season-2025__season_type-Regular_Season__team_id-1611661319__9cf2cba8,get-possessions,https://api.pbpstats.com/get-possessions/wnba?OffDef=Offense&Season=2025&SeasonType=Regular+Season&TeamId=1611661319,200,176,02:36,"Loyd 24' 3PT Running Jump Shot (3 PTS) (Young 9 AST)
",0,0,1,1,2025-09-07,1022500275,0,0,CHI,3,0,22,02:40,Off Long Mid-Range Miss,0,"[{""description"": ""Loyd 24' 3PT Running Jump Shot (3 PTS) (Young 9 AST)"", ""url"": """"}]"
wnba,wnba_shot_pace,shot_pace,possessions,get-possessions,2025,Regular Season,team,"{'OffDef': 'Offense', 'Season': '2025', 'SeasonType': 'Regular Season', 'TeamId': '1611661319'}",shot_pace,1611661319,4Q/OT | margin -3..3 | 300..120,get-possessions__possessions__off_def-Offense__season-2025__season_type-Regular_Season__team_id-1611661319__9cf2cba8,get-possessions,https://api.pbpstats.com/get-possessions/wnba?OffDef=Offense&Season=2025&SeasonType=Regular+Season&TeamId=1611661319,200,177,02:58,"MISS Stokes 3PT Jump Shot
Wilson REBOUND (Off:2 Def:5)
Gray 27' 3PT Jump Shot (13 PTS) (Stokes 1 AST)
",0,0,2,1,2025-09-07,1022500275,0,1,CHI,3,0,19,03:15,Off Short Mid-Range Miss,0,"[{""description"": ""MISS Stokes 3PT Jump Shot"", ""url"": """"}, {""description"": ""Wilson REBOUND (Off:2 Def:5)"", ""url"": """"}, {""description"": ""Gray 27' 3PT Jump Shot (13 PTS) (Stokes 1 AST)"", ""url"": """"}]"
wnba,wnba_shot_pace,shot_pace,possessions,get-possessions,2025,Regular Season,team,"{'OffDef': 'Offense', 'Season': '2025', 'SeasonType': 'Regular Season', 'TeamId': '1611661319'}",shot_pace,1611661319,4Q/OT | margin -3..3 | 300..120,get-possessions__possessions__off_def-Offense__season-2025__season_type-Regular_Season__team_id-1611661319__9cf2cba8,get-possessions,https://api.pbpstats.com/get-possessions/wnba?OffDef=Offense&Season=2025&SeasonType=Regular+Season&TeamId=1611661319,200,178,03:31,"Stokes 5' Running Layup (2 PTS) (Young 8 AST)
",1,1,0,0,2025-09-07,1022500275,0,0,CHI,3,0,17,03:38,Off Steal,0,"[{""description"": ""Stokes 5' Running Layup (2 PTS) (Young 8 AST)"", ""url"": """"}]"
wnba,wnba_shot_pace,shot_pace,possessions,get-possessions,2025,Regular Season,team,"{'OffDef': 'Offense', 'Season': '2025', 'SeasonType': 'Regular Season', 'TeamId': '1611661319'}",shot_pace,1611661319,4Q/OT | margin -3..3 | 300..120,get-possessions__possessions__off_def-Offense__season-2025__season_type-Regular_Season__team_id-1611661319__9cf2cba8,get-possessions,https://api.pbpstats.com/get-possessions/wnba?OffDef=Offense&Season=2025&SeasonType=Regular+Season&TeamId=1611661319,200,179,03:44,"Gray Bad Pass Turnover (P1.T7): Banham STEAL (2 STL)
",0,0,0,0,2025-09-07,1022500275,0,0,CHI,3,0,17,04:07,Off Short Mid-Range Make,1,"[{""description"": ""Gray Bad Pass Turnover (P1.T7): Banham STEAL (2 STL)"", ""url"": """"}]"
wnba,wnba_shot_pace,shot_pace,possessions,get-possessions,2025,Regular Season,team,"{'OffDef': 'Offense', 'Season': '2025', 'SeasonType': 'Regular Season', 'TeamId': '1611661319'}",shot_pace,1611661319,4Q/OT | margin -3..3 | 300..120,get-possessions__possessions__off_def-Offense__season-2025__season_type-Regular_Season__team_id-1611661319__9cf2cba8,get-possessions,https://api.pbpstats.com/get-possessions/wnba?OffDef=Offense&Season=2025&SeasonType=Regular+Season&TeamId=1611661319,200,180,04:32,"Westbeld S.FOUL (P1.T1)
Wilson Free Throw 1 of 2 (26 PTS)
Wilson Free Throw 2 of 2 (27 PTS)
",0,0,0,0,2025-09-07,1022500275,0,0,CHI,3,1,17,04:53,Off Timeout,0,"[{""description"": ""Westbeld S.FOUL (P1.T1)"", ""url"": """"}, {""description"": ""Wilson Free Throw 1 of 2 (26 PTS)"", ""url"": """"}, {""description"": ""Wilson Free Throw 2 of 2 (27 PTS)"", ""url"": """"}]"
wnba,wnba_shot_pace,shot_pace,possessions,get-possessions,2025,Regular Season,team,"{'OffDef': 'Offense', 'Season': '2025', 'SeasonType': 'Regular Season', 'TeamId': '1611661319'}",shot_pace,1611661319,4Q/OT | margin -3..3 | 300..120,get-possessions__possessions__off_def-Offense__season-2025__season_type-Regular_Season__team_id-1611661319__9cf2cba8,get-possessions,https://api.pbpstats.com/get-possessions/wnba?OffDef=Offense&Season=2025&SeasonType=Regular+Season&TeamId=1611661319,200,181,05:06,"Wilson 5' Running Layup (25 PTS) (Gray 2 AST)
",1,1,0,0,2025-09-07,1022500275,0,0,CHI,3,0,15,05:12,Off At Rim Miss,0,"[{""description"": ""Wilson 5' Running Layup (25 PTS) (Gray 2 AST)"", ""url"": """"}]"
wnba,wnba_shot_pace,shot_pace,possessions,get-possessions,2025,Regular Season,team,"{'OffDef': 'Offense', 'Season': '2025', 'SeasonType': 'Regular Season', 'TeamId': '1611661319'}",shot_pace,1611661319,4Q/OT | margin -3..3 | 300..120,get-possessions__possessions__off_def-Offense__season-2025__season_type-Regular_Season__team_id-1611661319__9cf2cba8,get-possessions,https://api.pbpstats.com/get-possessions/wnba?OffDef=Offense&Season=2025&SeasonType=Regular+Season&TeamId=1611661319,200,182,05:37,"Wilson 26' 3PT Jump Shot (23 PTS) (Young 7 AST)
",0,0,1,1,2025-09-07,1022500275,0,0,CHI,3,0,12,05:57,Off FT Make,0,"[{""description"": ""Wilson 26' 3PT Jump Shot (23 PTS) (Young 7 AST)"", ""url"": """"}]"
wnba,wnba_shot_pace,shot_pace,possessions,get-possessions,2025,Regular Season,team,"{'OffDef': 'Offense', 'Season': '2025', 'SeasonType': 'Regular Season', 'TeamId': '1611661319'}",shot_pace,1611661319,4Q/OT | margin -3..3 | 300..120,get-possessions__possessions__off_def-Offense__season-2025__season_type-Regular_Season__team_id-1611661319__9cf2cba8,get-possessions,https://api.pbpstats.com/get-possessions/wnba?OffDef=Offense&Season=2025&SeasonType=Regular+Season&TeamId=1611661319,200,183,06:00,"Bell Lost Ball Turnover (P2.T6): Onyenwere STEAL (1 STL)
",0,0,0,0,2025-09-07,1022500275,0,0,CHI,3,0,15,06:12,Off At Rim Make,1,"[{""description"": ""Bell Lost Ball Turnover (P2.T6): Onyenwere STEAL (1 STL)"", ""url"": """"}]"
wnba,wnba_shot_pace,shot_pace,possessions,get-possessions,2025,Regular Season,team,"{'OffDef': 'Offense', 'Season': '2025', 'SeasonType': 'Regular Season', 'TeamId': '1611661319'}",shot_pace,1611661319,4Q/OT | margin -3..3 | 300..120,get-possessions__possessions__off_def-Offense__season-2025__season_type-Regular_Season__team_id-1611661319__9cf2cba8,get-possessions,https://api.pbpstats.com/get-possessions/wnba?OffDef=Offense&Season=2025&SeasonType=Regular+Season&TeamId=1611661319,200,184,06:17,"MISS Young 26' 3PT Step Back Jump Shot
Banham REBOUND (Off:0 Def:3)
",0,0,1,0,2025-09-07,1022500275,0,0,CHI,3,0,17,06:37,Off Dead Ball,0,"[{""description"": ""MISS Young 26' 3PT Step Back Jump Shot"", ""url"": """"}, {""description"": ""Banham REBOUND (Off:0 Def:3)"", ""url"": """"}]"
wnba,wnba_shot_pace,shot_pace,possessions,get-possessions,2025,Regular Season,team,"{'OffDef': 'Offense', 'Season': '2025', 'SeasonType': 'Regular Season', 'TeamId': '1611661319'}",shot_pace,1611661319,4Q/OT | margin -3..3 | 300..120,get-possessions__possessions__off_def-Offense__season-2025__season_type-Regular_Season__team_id-1611661319__9cf2cba8,get-possessions,https://api.pbpstats.com/get-possessions/wnba?OffDef=Offense&Season=2025&SeasonType=Regular+Season&TeamId=1611661319,200,185,06:44,"MISS Stokes 26' 3PT Running Jump Shot
Cardoso REBOUND (Off:7 Def:7)
",0,0,1,0,2025-09-07,1022500275,0,0,CHI,3,0,17,06:54,Off Short Mid-Range Miss,0,"[{""description"": ""MISS Stokes 26' 3PT Running Jump Shot"", ""url"": """"}, {""description"": ""Cardoso REBOUND (Off:7 Def:7)"", ""url"": """"}]"
wnba,wnba_shot_pace,shot_pace,possessions,get-possessions,2025,Regular Season,team,"{'OffDef': 'Offense', 'Season': '2025', 'SeasonType': 'Regular Season', 'TeamId': '1611661319'}",shot_pace,1611661319,4Q/OT | margin -3..3 | 300..120,get-possessions__possessions__off_def-Offense__season-2025__season_type-Regular_Season__team_id-1611661319__9cf2cba8,get-possessions,https://api.pbpstats.com/get-possessions/wnba?OffDef=Offense&Season=2025&SeasonType=Regular+Season&TeamId=1611661319,200,186,07:00,"Bell Bad Pass Turnover (P1.T5): Uzun STEAL (1 STL)
",0,0,0,0,2025-09-07,1022500275,0,0,CHI,3,0,17,07:03,Off Steal,1,"[{""description"": ""Bell Bad Pass Turnover (P1.T5): Uzun STEAL (1 STL)"", ""url"": """"}]"
wnba,wnba_shot_pace,shot_pace,possessions,get-possessions,2025,Regular Season,team,"{'OffDef': 'Offense', 'Season': '2025', 'SeasonType': 'Regular Season', 'TeamId': '1611661319'}",shot_pace,1611661319,4Q/OT | margin -3..3 | 300..120,get-possessions__possessions__off_def-Offense__season-2025__season_type-Regular_Season__team_id-1611661319__9cf2cba8,get-possessions,https://api.pbpstats.com/get-possessions/wnba?OffDef=Offense&Season=2025&SeasonType=Regular+Season&TeamId=1611661319,200,187,07:21,"Wilson 14' Running Pull-Up Jump Shot (20 PTS)
",1,1,0,0,2025-09-07,1022500275,0,0,CHI,3,0,15,07:27,Off FT Miss,0,"[{""description"": ""Wilson 14' Running Pull-Up Jump Shot (20 PTS)"", ""url"": """"}]"
wnba,wnba_shot_pace,shot_pace,possessions,get-possessions,2025,Regular Season,team,"{'OffDef': 'Offense', 'Season': '2025', 'SeasonType': 'Regular Season', 'TeamId': '1611661319'}",shot_pace,1611661319,4Q/OT | margin -3..3 | 300..120,get-possessions__possessions__off_def-Offense__season-2025__season_type-Regular_Season__team_id-1611661319__9cf2cba8,get-possessions,https://api.pbpstats.com/get-possessions/wnba?OffDef=Offense&Season=2025&SeasonType=Regular+Season&TeamId=1611661319,200,188,07:56,"Wilson 25' 3PT Running Jump Shot (18 PTS) (Young 6 AST)
",0,0,1,1,2025-09-07,1022500275,0,0,CHI,3,0,13,08:02,Off Arc 3 Miss,0,"[{""description"": ""Wilson 25' 3PT Running Jump Shot (18 PTS) (Young 6 AST)"", ""url"": """"}]"
wnba,wnba_shot_pace,shot_pace,possessions,get-possessions,2025,Regular Season,team,"{'OffDef': 'Offense', 'Season': '2025', 'SeasonType': 'Regular Season', 'TeamId': '1611661319'}",shot_pace,1611661319,4Q/OT | margin -3..3 | 300..120,get-possessions__possessions__off_def-Offense__season-2025__season_type-Regular_Season__team_id-1611661319__9cf2cba8,get-possessions,https://api.pbpstats.com/get-possessions/wnba?OffDef=Offense&Season=2025&SeasonType=Regular+Season&TeamId=1611661319,200,189,08:10,"MISS Gustafson 19' Running Jump Shot
Banham REBOUND (Off:0 Def:2)
",1,0,0,0,2025-09-07,1022500275,0,0,CHI,3,0,13,08:20,Off Short Mid-Range Miss,0,"[{""description"": ""MISS Gustafson 19' Running Jump Shot"", ""url"": """"}, {""description"": ""Banham REBOUND (Off:0 Def:2)"", ""url"": """"}]"
wnba,wnba_shot_pace,shot_pace,possessions,get-possessions,2025,Regular Season,team,"{'OffDef': 'Offense', 'Season': '2025', 'SeasonType': 'Regular Season', 'TeamId': '1611661319'}",shot_pace,1611661319,4Q/OT | margin -3..3 | 300..120,get-possessions__possessions__off_def-Offense__season-2025__season_type-Regular_Season__team_id-1611661319__9cf2cba8,get-possessions,https://api.pbpstats.com/get-possessions/wnba?OffDef=Offense&Season=2025&SeasonType=Regular+Season&TeamId=1611661319,200,190,09:02,"Young 5' Driving Layup (12 PTS)
",1,1,0,0,2025-09-07,1022500275,0,0,CHI,3,0,11,09:11,Off Short Mid-Range Make,0,"[{""description"": ""Young 5' Driving Layup (12 PTS)"", ""url"": """"}]"
wnba,wnba_shot_pace,shot_pace,possessions,get-possessions,2025,Regular Season,team,"{'OffDef': 'Offense', 'Season': '2025', 'SeasonType': 'Regular Season', 'TeamId': '1611661319'}",shot_pace,1611661319,4Q/OT | margin -3..3 | 300..120,get-possessions__possessions__off_def-Offense__season-2025__season_type-Regular_Season__team_id-1611661319__9cf2cba8,get-possessions,https://api.pbpstats.com/get-possessions/wnba?OffDef=Offense&Season=2025&SeasonType=Regular+Season&TeamId=1611661319,200,191,09:32,"MISS Bell 26' 3PT Pullup Jump Shot
Cardoso REBOUND (Off:6 Def:6)
",0,0,1,0,2025-09-07,1022500275,0,0,CHI,3,0,13,10:00,Off Dead Ball,0,"[{""description"": ""MISS Bell 26' 3PT Pullup Jump Shot"", ""url"": """"}, {""description"": ""Cardoso REBOUND (Off:6 Def:6)"", ""url"": """"}]"
wnba,wnba_shot_pace,shot_pace,possessions,get-possessions,2025,Regular Season,team,"{'OffDef': 'Offense', 'Season': '2025', 'SeasonType': 'Regular Season', 'TeamId': '1611661319'}",shot_pace,1611661319,4Q/OT | margin -3..3 | 300..120,get-possessions__possessions__off_def-Offense__season-2025__season_type-Regular_Season__team_id-1611661319__9cf2cba8,get-possessions,https://api.pbpstats.com/get-possessions/wnba?OffDef=Offense&Season=2025&SeasonType=Regular+Season&TeamId=1611661319,200,192,00:03,"MISS Young 27' 3PT Pullup Jump Shot
Cardoso REBOUND (Off:6 Def:5)
",0,0,1,0,2025-09-07,1022500275,0,0,CHI,2,0,13,00:10,Off Arc 3 Make,0,"[{""description"": ""MISS Young 27' 3PT Pullup Jump Shot"", ""url"": """"}, {""description"": ""Cardoso REBOUND (Off:6 Def:5)"", ""url"": """"}]"
wnba,wnba_shot_pace,shot_pace,possessions,get-possessions,2025,Regular Season,team,"{'OffDef': 'Offense', 'Season': '2025', 'SeasonType': 'Regular Season', 'TeamId': '1611661319'}",shot_pace,1611661319,4Q/OT | margin -3..3 | 300..120,get-possessions__possessions__off_def-Offense__season-2025__season_type-Regular_Season__team_id-1611661319__9cf2cba8,get-possessions,https://api.pbpstats.com/get-possessions/wnba?OffDef=Offense&Season=2025&SeasonType=Regular+Season&TeamId=1611661319,200,193,00:34,"MISS Gray 26' 3PT Running Jump Shot
Sky Rebound
",0,0,1,0,2025-09-07,1022500275,0,0,CHI,2,0,16,00:42,Off Short Mid-Range Miss,0,"[{""description"": ""MISS Gray 26' 3PT Running Jump Shot"", ""url"": """"}, {""description"": ""Sky Rebound"", ""url"": """"}]"
wnba,wnba_shot_pace,shot_pace,possessions,get-possessions,2025,Regular Season,team,"{'OffDef': 'Offense', 'Season': '2025', 'SeasonType': 'Regular Season', 'TeamId': '1611661319'}",shot_pace,1611661319,4Q/OT | margin -3..3 | 300..120,get-possessions__possessions__off_def-Offense__season-2025__season_type-Regular_Season__team_id-1611661319__9cf2cba8,get-possessions,https://api.pbpstats.com/get-possessions/wnba?OffDef=Offense&Season=2025&SeasonType=Regular+Season&TeamId=1611661319,200,194,01:15,"Wilson 5' Running Layup (15 PTS) (Young 5 AST)
",1,1,0,0,2025-09-07,1022500275,0,0,CHI,2,0,14,01:21,Off Steal,0,"[{""description"": ""Wilson 5' Running Layup (15 PTS) (Young 5 AST)"", ""url"": """"}]"
wnba,wnba_shot_pace,shot_pace,possessions,get-possessions,2025,Regular Season,team,"{'OffDef': 'Offense', 'Season': '2025', 'SeasonType': 'Regular Season', 'TeamId': '1611661319'}",shot_pace,1611661319,4Q/OT | margin -3..3 | 300..120,get-possessions__possessions__off_def-Offense__season-2025__season_type-Regular_Season__team_id-1611661319__9cf2cba8,get-possessions,https://api.pbpstats.com/get-possessions/wnba?OffDef=Offense&Season=2025&SeasonType=Regular+Season&TeamId=1611661319,200,195,01:27,"MISS Wilson 15' Turnaround Jump Shot
Westbeld REBOUND (Off:1 Def:1)
",1,0,0,0,2025-09-07,1022500275,0,0,CHI,2,0,14,01:55,Off Dead Ball,0,"[{""description"": ""MISS Wilson 15' Turnaround Jump Shot"", ""url"": """"}, {""description"": ""Westbeld REBOUND (Off:1 Def:1)"", ""url"": """"}]"
wnba,wnba_shot_pace,shot_pace,possessions,get-possessions,2025,Regular Season,team,"{'OffDef': 'Offense', 'Season': '2025', 'SeasonType': 'Regular Season', 'TeamId': '1611661319'}",shot_pace,1611661319,4Q/OT | margin -3..3 | 300..120,get-possessions__possessions__off_def-Offense__season-2025__season_type-Regular_Season__team_id-1611661319__9cf2cba8,get-possessions,https://api.pbpstats.com/get-possessions/wnba?OffDef=Offense&Season=2025&SeasonType=Regular+Season&TeamId=1611661319,200,196,02:10,"MISS Loyd 3PT Jump Shot
Gustafson REBOUND (Off:1 Def:0)
Gustafson 2' Putback Layup (4 PTS)
",1,1,1,0,2025-09-07,1022500275,0,1,CHI,2,0,12,02:29,Off Short Mid-Range Make,0,"[{""description"": ""MISS Loyd 3PT Jump Shot"", ""url"": """"}, {""description"": ""Gustafson REBOUND (Off:1 Def:0)"", ""url"": """"}, {""description"": ""Gustafson 2' Putback Layup (4 PTS)"", ""url"": """"}]"
wnba,wnba_shot_pace,shot_pace,possessions,get-possessions,2025,Regular Season,team,"{'OffDef': 'Offense', 'Season': '2025', 'SeasonType': 'Regular Season', 'TeamId': '1611661319'}",shot_pace,1611661319,4Q/OT | margin -3..3 | 300..120,get-possessions__possessions__off_def-Offense__season-2025__season_type-Regular_Season__team_id-1611661319__9cf2cba8,get-possessions,https://api.pbpstats.com/get-possessions/wnba?OffDef=Offense&Season=2025&SeasonType=Regular+Season&TeamId=1611661319,200,197,02:57,"Gray 26' 3PT Running Jump Shot (10 PTS) (Young 4 AST)
",0,0,1,1,2025-09-07,1022500275,0,0,CHI,2,0,11,03:04,Off Steal,0,"[{""description"": ""Gray 26' 3PT Running Jump Shot (10 PTS) (Young 4 AST)"", ""url"": """"}]"
wnba,wnba_shot_pace,shot_pace,possessions,get-possessions,2025,Regular Season,team,"{'OffDef': 'Offense', 'Season': '2025', 'SeasonType': 'Regular Season', 'TeamId': '1611661319'}",shot_pace,1611661319,4Q/OT | margin -3..3 | 300..120,get-possessions__possessions__off_def-Offense__season-2025__season_type-Regular_Season__team_id-1611661319__9cf2cba8,get-possessions,https://api.pbpstats.com/get-possessions/wnba?OffDef=Offense&Season=2025&SeasonType=Regular+Season&TeamId=1611661319,200,198,03:12,"Onyenwere T.FOUL (P2.T4)
MISS Loyd Free Throw Technical
ACES Rebound
Gustafson OFF.Foul (P2)
Gustafson Offensive Foul Turnover (P1.T4)
",0,0,0,0,2025-09-07,1022500275,0,0,CHI,2,0,11,03:26,Off Dead Ball,1,"[{""description"": ""Onyenwere T.FOUL (P2.T4)"", ""url"": """"}, {""description"": ""MISS Loyd Free Throw Technical"", ""url"": """"}, {""description"": ""ACES Rebound"", ""url"": """"}, {""description"": ""Gustafson OFF.Foul (P2)"", ""url"": """"}, {""description"": ""Gustafson Offensive Foul Turnover (P1.T4)"", ""url"": """"}]"
wnba,wnba_shot_pace,shot_pace,possessions,get-possessions,2025,Regular Season,team,"{'OffDef': 'Offense', 'Season': '2025', 'SeasonType': 'Regular Season', 'TeamId': '1611661319'}",shot_pace,1611661319,4Q/OT | margin -3..3 | 300..120,get-possessions__possessions__off_def-Offense__season-2025__season_type-Regular_Season__team_id-1611661319__9cf2cba8,get-possessions,https://api.pbpstats.com/get-possessions/wnba?OffDef=Offense&Season=2025&SeasonType=Regular+Season&TeamId=1611661319,200,199,03:40,"Banham P.FOUL (P1.T4)
Gustafson 4' Layup (2 PTS) (Young 3 AST)
",1,1,0,0,2025-09-07,1022500275,0,0,CHI,2,0,9,03:53,Off At Rim Make,0,"[{""description"": ""Banham P.FOUL (P1.T4)"", ""url"": """"}, {""description"": ""Gustafson 4' Layup (2 PTS) (Young 3 AST)"", ""url"": """"}]"
wnba,wnba_shot_pace,shot_pace,possessions,get-possessions,2025,Regular Season,team,"{'OffDef': 'Offense', 'Season': '2025', 'SeasonType': 'Regular Season', 'TeamId': '1611661319'}",shot_pace,1611661319,4Q/OT | margin -3..3 | 300..120,get-possessions__possessions__off_def-Offense__season-2025__season_type-Regular_Season__team_id-1611661319__9cf2cba8,get-possessions,https://api.pbpstats.com/get-possessions/wnba?OffDef=Offense&Season=2025&SeasonType=Regular+Season&TeamId=1611661319,200,200,04:19,"Wilson 8' Turnaround Fadeaway (12 PTS)
Cardoso S.FOUL (P2.T3)
Wilson Free Throw 1 of 1 (13 PTS)
",1,1,0,0,2025-09-07,1022500275,0,0,CHI,2,1,8,04:22,Off Short Mid-Range Make,0,"[{""description"": ""Wilson 8' Turnaround Fadeaway (12 PTS)"", ""url"": """"}, {""description"": ""Cardoso S.FOUL (P2.T3)"", ""url"": """"}, {""description"": ""Wilson Free Throw 1 of 1 (13 PTS)"", ""url"": """"}]"
wnba,wnba_shot_pace,shot_pace,possessions,get-possessions,2025,Regular Season,team,"{'OffDef': 'Offense', 'Season': '2025', 'SeasonType': 'Regular Season', 'TeamId': '1611661319'}",shot_pace,1611661319,4Q/OT | margin -3..3 | 300..120,get-possessions__possessions__off_def-Offense__season-2025__season_type-Regular_Season__team_id-1611661319__9cf2cba8,get-possessions,https://api.pbpstats.com/get-possessions/wnba?OffDef=Offense&Season=2025&SeasonType=Regular+Season&TeamId=1611661319,200,201,04:41,"MISS Gray 3PT Jump Shot
Williams REBOUND (Off:1 Def:4)
",0,0,1,0,2025-09-07,1022500275,0,0,CHI,2,0,10,04:55,Off Dead Ball,0,"[{""description"": ""MISS Gray 3PT Jump Shot"", ""url"": """"}, {""description"": ""Williams REBOUND (Off:1 Def:4)"", ""url"": """"}]"
wnba,wnba_shot_pace,shot_pace,possessions,get-possessions,2025,Regular Season,team,"{'OffDef': 'Offense', 'Season': '2025', 'SeasonType': 'Regular Season', 'TeamId': '1611661319'}",shot_pace,1611661319,4Q/OT | margin -3..3 | 300..120,get-possessions__possessions__off_def-Offense__season-2025__season_type-Regular_Season__team_id-1611661319__9cf2cba8,get-possessions,https://api.pbpstats.com/get-possessions/wnba?OffDef=Offense&Season=2025&SeasonType=Regular+Season&TeamId=1611661319,200,202,05:15,"MISS Young 3' Driving Finger Roll Layup: Williams BLOCK (1 BLK)
Banham REBOUND (Off:0 Def:1)
",1,0,0,0,2025-09-07,1022500275,0,0,CHI,2,0,10,05:36,Off Short Mid-Range Make,0,"[{""description"": ""MISS Young 3' Driving Finger Roll Layup: Williams BLOCK (1 BLK)"", ""url"": """"}, {""description"": ""Banham REBOUND (Off:0 Def:1)"", ""url"": """"}]"
wnba,wnba_shot_pace,shot_pace,possessions,get-possessions,2025,Regular Season,team,"{'OffDef': 'Offense', 'Season': '2025', 'SeasonType': 'Regular Season', 'TeamId': '1611661319'}",shot_pace,1611661319,4Q/OT | margin -3..3 | 300..120,get-possessions__possessions__off_def-Offense__season-2025__season_type-Regular_Season__team_id-1611661319__9cf2cba8,get-possessions,https://api.pbpstats.com/get-possessions/wnba?OffDef=Offense&Season=2025&SeasonType=Regular+Season&TeamId=1611661319,200,203,05:51,"Wilson Out of Bounds - Bad Pass Turnover Turnover (P1.T3)
",0,0,0,0,2025-09-07,1022500275,0,0,CHI,2,0,12,05:58,Off Long Mid-Range Miss,1,"[{""description"": ""Wilson Out of Bounds - Bad Pass Turnover Turnover (P1.T3)"", ""url"": """"}]"
wnba,wnba_shot_pace,shot_pace,possessions,get-possessions,2025,Regular Season,team,"{'OffDef': 'Offense', 'Season': '2025', 'SeasonType': 'Regular Season', 'TeamId': '1611661319'}",shot_pace,1611661319,4Q/OT | margin -3..3 | 300..120,get-possessions__possessions__off_def-Offense__season-2025__season_type-Regular_Season__team_id-1611661319__9cf2cba8,get-possessions,https://api.pbpstats.com/get-possessions/wnba?OffDef=Offense&Season=2025&SeasonType=Regular+Season&TeamId=1611661319,200,204,06:21,"Young 6' Pullup Jump Shot (9 PTS)
Nurse S.FOUL (P2.T2)
Young Free Throw 1 of 1 (10 PTS)
",1,1,0,0,2025-09-07,1022500275,0,0,CHI,2,1,9,06:41,Off Dead Ball,0,"[{""description"": ""Young 6' Pullup Jump Shot (9 PTS)"", ""url"": """"}, {""description"": ""Nurse S.FOUL (P2.T2)"", ""url"": """"}, {""description"": ""Young Free Throw 1 of 1 (10 PTS)"", ""url"": """"}]"
wnba,wnba_shot_pace,shot_pace,possessions,get-possessions,2025,Regular Season,team,"{'OffDef': 'Offense', 'Season': '2025', 'SeasonType': 'Regular Season', 'TeamId': '1611661319'}",shot_pace,1611661319,4Q/OT | margin -3..3 | 300..120,get-possessions__possessions__off_def-Offense__season-2025__season_type-Regular_Season__team_id-1611661319__9cf2cba8,get-possessions,https://api.pbpstats.com/get-possessions/wnba?OffDef=Offense&Season=2025&SeasonType=Regular+Season&TeamId=1611661319,200,205,06:51,"MISS Wilson 16' Pullup Jump Shot
Cardoso REBOUND (Off:3 Def:4)
",1,0,0,0,2025-09-07,1022500275,0,0,CHI,2,0,9,07:10,Off Arc 3 Miss,0,"[{""description"": ""MISS Wilson 16' Pullup Jump Shot"", ""url"": """"}, {""description"": ""Cardoso REBOUND (Off:3 Def:4)"", ""url"": """"}]"
wnba,wnba_shot_pace,shot_pace,possessions,get-possessions,2025,Regular Season,team,"{'OffDef': 'Offense', 'Season': '2025', 'SeasonType': 'Regular Season', 'TeamId': '1611661319'}",shot_pace,1611661319,4Q/OT | margin -3..3 | 300..120,get-possessions__possessions__off_def-Offense__season-2025__season_type-Regular_Season__team_id-1611661319__9cf2cba8,get-possessions,https://api.pbpstats.com/get-possessions/wnba?OffDef=Offense&Season=2025&SeasonType=Regular+Season&TeamId=1611661319,200,206,07:23,"MISS Gustafson 24' 3PT Jump Shot
Nurse REBOUND (Off:0 Def:1)
",0,0,1,0,2025-09-07,1022500275,0,0,CHI,2,0,9,07:39,Off Short Mid-Range Make,0,"[{""description"": ""MISS Gustafson 24' 3PT Jump Shot"", ""url"": """"}, {""description"": ""Nurse REBOUND (Off:0 Def:1)"", ""url"": """"}]"
wnba,wnba_shot_pace,shot_pace,possessions,get-possessions,2025,Regular Season,team,"{'OffDef': 'Offense', 'Season': '2025', 'SeasonType': 'Regular Season', 'TeamId': '1611661319'}",shot_pace,1611661319,4Q/OT | margin -3..3 | 300..120,get-possessions__possessions__off_def-Offense__season-2025__season_type-Regular_Season__team_id-1611661319__9cf2cba8,get-possessions,https://api.pbpstats.com/get-possessions/wnba?OffDef=Offense&Season=2025&SeasonType=Regular+Season&TeamId=1611661319,200,207,07:54,"MISS Evans 4' Driving Layup
Stokes REBOUND (Off:1 Def:0)
MISS Gray 17' Pullup Jump Shot
ACES Rebound
Williams S.FOUL (P1.T1)
Wilson Free Throw 1 of 2 (9 PTS)
Wilson Free Throw 2 of 2 (10 PTS)
",2,0,0,0,2025-09-07,1022500275,0,2,CHI,2,1,9,08:21,Off Arc 3 Miss,0,"[{""description"": ""MISS Evans 4' Driving Layup"", ""url"": """"}, {""description"": ""Stokes REBOUND (Off:1 Def:0)"", ""url"": """"}, {""description"": ""MISS Gray 17' Pullup Jump Shot"", ""url"": """"}, {""description"": ""ACES Rebound"", ""url"": """"}, {""description"": ""Williams S.FOUL (P1.T1)"", ""url"": """"}, {""description"": ""Wilson Free Throw 1 of 2 (9 PTS)"", ""url"": """"}, {""description"": ""Wilson Free Throw 2 of 2 (10 PTS)"", ""url"": """"}]"
wnba,wnba_shot_pace,shot_pace,possessions,get-possessions,2025,Regular Season,team,"{'OffDef': 'Offense', 'Season': '2025', 'SeasonType': 'Regular Season', 'TeamId': '1611661319'}",shot_pace,1611661319,4Q/OT | margin -3..3 | 300..120,get-possessions__possessions__off_def-Offense__season-2025__season_type-Regular_Season__team_id-1611661319__9cf2cba8,get-possessions,https://api.pbpstats.com/get-possessions/wnba?OffDef=Offense&Season=2025&SeasonType=Regular+Season&TeamId=1611661319,200,208,08:42,"MISS Nye 24' 3PT Jump Shot
Cardoso REBOUND (Off:3 Def:3)
",0,0,1,0,2025-09-07,1022500275,0,0,CHI,2,0,9,09:05,Off Long Mid-Range Make,0,"[{""description"": ""MISS Nye 24' 3PT Jump Shot"", ""url"": """"}, {""description"": ""Cardoso REBOUND (Off:3 Def:3)"", ""url"": """"}]"
wnba,wnba_shot_pace,shot_pace,possessions,get-possessions,2025,Regular Season,team,"{'OffDef': 'Offense', 'Season': '2025', 'SeasonType': 'Regular Season', 'TeamId': '1611661319'}",shot_pace,1611661319,4Q/OT | margin -3..3 | 300..120,get-possessions__possessions__off_def-Offense__season-2025__season_type-Regular_Season__team_id-1611661319__9cf2cba8,get-possessions,https://api.pbpstats.com/get-possessions/wnba?OffDef=Offense&Season=2025&SeasonType=Regular+Season&TeamId=1611661319,200,209,09:18,"Gray 15' Pullup Jump Shot (7 PTS)
",1,1,0,0,2025-09-07,1022500275,0,0,CHI,2,0,9,09:32,Off Steal,0,"[{""description"": ""Gray 15' Pullup Jump Shot (7 PTS)"", ""url"": """"}]"
wnba,wnba_shot_pace,shot_pace,possessions,get-possessions,2025,Regular Season,team,"{'OffDef': 'Offense', 'Season': '2025', 'SeasonType': 'Regular Season', 'TeamId': '1611661319'}",shot_pace,1611661319,4Q/OT | margin -3..3 | 300..120,get-possessions__possessions__off_def-Offense__season-2025__season_type-Regular_Season__team_id-1611661319__9cf2cba8,get-possessions,https://api.pbpstats.com/get-possessions/wnba?OffDef=Offense&Season=2025&SeasonType=Regular+Season&TeamId=1611661319,200,210,09:42,"MISS Nye 25' 3PT Jump Shot
Allen REBOUND (Off:0 Def:1)
",0,0,1,0,2025-09-07,1022500275,0,0,CHI,2,0,9,10:00,Off Dead Ball,0,"[{""description"": ""MISS Nye 25' 3PT Jump Shot"", ""url"": """"}, {""description"": ""Allen REBOUND (Off:0 Def:1)"", ""url"": """"}]"
wnba,wnba_shot_pace,shot_pace,possessions,get-possessions,2025,Regular Season,team,"{'OffDef': 'Offense', 'Season': '2025', 'SeasonType': 'Regular Season', 'TeamId': '1611661319'}",shot_pace,1611661319,4Q/OT | margin -3..3 | 300..120,get-possessions__possessions__off_def-Offense__season-2025__season_type-Regular_Season__team_id-1611661319__9cf2cba8,get-possessions,https://api.pbpstats.com/get-possessions/wnba?OffDef=Offense&Season=2025&SeasonType=Regular+Season&TeamId=1611661319,200,211,00:24,"Evans 5' Driving Layup (4 PTS)
",1,1,0,0,2025-09-07,1022500275,0,0,CHI,1,0,7,00:43,Off Dead Ball,0,"[{""description"": ""Evans 5' Driving Layup (4 PTS)"", ""url"": """"}]"
wnba,wnba_shot_pace,shot_pace,possessions,get-possessions,2025,Regular Season,team,"{'OffDef': 'Offense', 'Season': '2025', 'SeasonType': 'Regular Season', 'TeamId': '1611661319'}",shot_pace,1611661319,4Q/OT | margin -3..3 | 300..120,get-possessions__possessions__off_def-Offense__season-2025__season_type-Regular_Season__team_id-1611661319__9cf2cba8,get-possessions,https://api.pbpstats.com/get-possessions/wnba?OffDef=Offense&Season=2025&SeasonType=Regular+Season&TeamId=1611661319,200,212,00:52,"MISS Evans 11' Floating Jump Shot
Williams REBOUND (Off:0 Def:3)
",1,0,0,0,2025-09-07,1022500275,0,0,CHI,1,0,7,01:12,Off Arc 3 Make,0,"[{""description"": ""MISS Evans 11' Floating Jump Shot"", ""url"": """"}, {""description"": ""Williams REBOUND (Off:0 Def:3)"", ""url"": """"}]"
wnba,wnba_shot_pace,shot_pace,possessions,get-possessions,2025,Regular Season,team,"{'OffDef': 'Offense', 'Season': '2025', 'SeasonType': 'Regular Season', 'TeamId': '1611661319'}",shot_pace,1611661319,4Q/OT | margin -3..3 | 300..120,get-possessions__possessions__off_def-Offense__season-2025__season_type-Regular_Season__team_id-1611661319__9cf2cba8,get-possessions,https://api.pbpstats.com/get-possessions/wnba?OffDef=Offense&Season=2025&SeasonType=Regular+Season&TeamId=1611661319,200,213,01:21,"MISS Loyd 26' 3PT Jump Shot
Williams REBOUND (Off:0 Def:2)
",0,0,1,0,2025-09-07,1022500275,0,0,CHI,1,0,10,01:35,Off Steal,0,"[{""description"": ""MISS Loyd 26' 3PT Jump Shot"", ""url"": """"}, {""description"": ""Williams REBOUND (Off:0 Def:2)"", ""url"": """"}]"
wnba,wnba_shot_pace,shot_pace,possessions,get-possessions,2025,Regular Season,team,"{'OffDef': 'Offense', 'Season': '2025', 'SeasonType': 'Regular Season', 'TeamId': '1611661319'}",shot_pace,1611661319,4Q/OT | margin -3..3 | 300..120,get-possessions__possessions__off_def-Offense__season-2025__season_type-Regular_Season__team_id-1611661319__9cf2cba8,get-possessions,https://api.pbpstats.com/get-possessions/wnba?OffDef=Offense&Season=2025&SeasonType=Regular+Season&TeamId=1611661319,200,214,02:07,"MISS Loyd 24' 3PT Running Jump Shot
Williams REBOUND (Off:0 Def:1)
",0,0,1,0,2025-09-07,1022500275,0,0,CHI,1,0,10,02:15,Off Steal,0,"[{""description"": ""MISS Loyd 24' 3PT Running Jump Shot"", ""url"": """"}, {""description"": ""Williams REBOUND (Off:0 Def:1)"", ""url"": """"}]"
wnba,wnba_shot_pace,shot_pace,possessions,get-possessions,2025,Regular Season,team,"{'OffDef': 'Offense', 'Season': '2025', 'SeasonType': 'Regular Season', 'TeamId': '1611661319'}",shot_pace,1611661319,4Q/OT | margin -3..3 | 300..120,get-possessions__possessions__off_def-Offense__season-2025__season_type-Regular_Season__team_id-1611661319__9cf2cba8,get-possessions,https://api.pbpstats.com/get-possessions/wnba?OffDef=Offense&Season=2025&SeasonType=Regular+Season&TeamId=1611661319,200,215,02:32,"Onyenwere P.FOUL (P1.T2)
Evans 13' Driving Floating Jump Shot (2 PTS) (Nye 1 AST)
",1,1,0,0,2025-09-07,1022500275,0,0,CHI,1,0,8,02:57,Off At Rim Make,0,"[{""description"": ""Onyenwere P.FOUL (P1.T2)"", ""url"": """"}, {""description"": ""Evans 13' Driving Floating Jump Shot (2 PTS) (Nye 1 AST)"", ""url"": """"}]"
wnba,wnba_shot_pace,shot_pace,possessions,get-possessions,2025,Regular Season,team,"{'OffDef': 'Offense', 'Season': '2025', 'SeasonType': 'Regular Season', 'TeamId': '1611661319'}",shot_pace,1611661319,4Q/OT | margin -3..3 | 300..120,get-possessions__possessions__off_def-Offense__season-2025__season_type-Regular_Season__team_id-1611661319__9cf2cba8,get-possessions,https://api.pbpstats.com/get-possessions/wnba?OffDef=Offense&Season=2025&SeasonType=Regular+Season&TeamId=1611661319,200,216,03:05,"MISS Loyd 26' 3PT Running Jump Shot
Cardoso REBOUND (Off:3 Def:2)
",0,0,1,0,2025-09-07,1022500275,0,0,CHI,1,0,10,03:16,Off Steal,0,"[{""description"": ""MISS Loyd 26' 3PT Running Jump Shot"", ""url"": """"}, {""description"": ""Cardoso REBOUND (Off:3 Def:2)"", ""url"": """"}]"
wnba,wnba_shot_pace,shot_pace,possessions,get-possessions,2025,Regular Season,team,"{'OffDef': 'Offense', 'Season': '2025', 'SeasonType': 'Regular Season', 'TeamId': '1611661319'}",shot_pace,1611661319,4Q/OT | margin -3..3 | 300..120,get-possessions__possessions__off_def-Offense__season-2025__season_type-Regular_Season__team_id-1611661319__9cf2cba8,get-possessions,https://api.pbpstats.com/get-possessions/wnba?OffDef=Offense&Season=2025&SeasonType=Regular+Season&TeamId=1611661319,200,217,03:37,"Wilson 15' Jump Shot (8 PTS) (Young 2 AST)
",1,1,0,0,2025-09-07,1022500275,0,0,CHI,1,0,8,03:47,Off Short Mid-Range Miss,0,"[{""description"": ""Wilson 15' Jump Shot (8 PTS) (Young 2 AST)"", ""url"": """"}]"
wnba,wnba_shot_pace,shot_pace,possessions,get-possessions,2025,Regular Season,team,"{'OffDef': 'Offense', 'Season': '2025', 'SeasonType': 'Regular Season', 'TeamId': '1611661319'}",shot_pace,1611661319,4Q/OT | margin -3..3 | 300..120,get-possessions__possessions__off_def-Offense__season-2025__season_type-Regular_Season__team_id-1611661319__9cf2cba8,get-possessions,https://api.pbpstats.com/get-possessions/wnba?OffDef=Offense&Season=2025&SeasonType=Regular+Season&TeamId=1611661319,200,218,04:03,"Wilson 5' Driving Layup (6 PTS) (Evans 1 AST)
",1,1,0,0,2025-09-07,1022500275,0,0,CHI,1,0,6,04:28,Off Short Mid-Range Make,0,"[{""description"": ""Wilson 5' Driving Layup (6 PTS) (Evans 1 AST)"", ""url"": """"}]"
wnba,wnba_shot_pace,shot_pace,possessions,get-possessions,2025,Regular Season,team,"{'OffDef': 'Offense', 'Season': '2025', 'SeasonType': 'Regular Season', 'TeamId': '1611661319'}",shot_pace,1611661319,4Q/OT | margin -3..3 | 300..120,get-possessions__possessions__off_def-Offense__season-2025__season_type-Regular_Season__team_id-1611661319__9cf2cba8,get-possessions,https://api.pbpstats.com/get-possessions/wnba?OffDef=Offense&Season=2025&SeasonType=Regular+Season&TeamId=1611661319,200,219,04:37,"MISS Gray 25' 3PT Pullup Jump Shot
Cardoso REBOUND (Off:3 Def:1)
",0,0,1,0,2025-09-07,1022500275,0,0,CHI,1,0,8,04:50,Off Short Mid-Range Make,0,"[{""description"": ""MISS Gray 25' 3PT Pullup Jump Shot"", ""url"": """"}, {""description"": ""Cardoso REBOUND (Off:3 Def:1)"", ""url"": """"}]"
wnba,wnba_shot_pace,shot_pace,possessions,get-possessions,2025,Regular Season,team,"{'OffDef': 'Offense', 'Season': '2025', 'SeasonType': 'Regular Season', 'TeamId': '1611661319'}",shot_pace,1611661319,4Q/OT | margin -3..3 | 300..120,get-possessions__possessions__off_def-Offense__season-2025__season_type-Regular_Season__team_id-1611661319__9cf2cba8,get-possessions,https://api.pbpstats.com/get-possessions/wnba?OffDef=Offense&Season=2025&SeasonType=Regular+Season&TeamId=1611661319,200,220,05:04,"Loyd Bad Pass Turnover (P1.T2): Banham STEAL (1 STL)
",0,0,0,0,2025-09-07,1022500275,0,0,CHI,1,0,10,05:10,Off Short Mid-Range Miss,1,"[{""description"": ""Loyd Bad Pass Turnover (P1.T2): Banham STEAL (1 STL)"", ""url"": """"}]"
wnba,wnba_shot_pace,shot_pace,possessions,get-possessions,2025,Regular Season,team,"{'OffDef': 'Offense', 'Season': '2025', 'SeasonType': 'Regular Season', 'TeamId': '1611661319'}",shot_pace,1611661319,4Q/OT | margin -3..3 | 300..120,get-possessions__possessions__off_def-Offense__season-2025__season_type-Regular_Season__team_id-1611661319__9cf2cba8,get-possessions,https://api.pbpstats.com/get-possessions/wnba?OffDef=Offense&Season=2025&SeasonType=Regular+Season&TeamId=1611661319,200,221,05:26,"Cardoso P.FOUL (P1.T1)
Young 13' Pullup Jump Shot (7 PTS) (Wilson 2 AST)
",1,1,0,0,2025-09-07,1022500275,0,0,CHI,1,0,8,05:38,Off Steal,0,"[{""description"": ""Cardoso P.FOUL (P1.T1)"", ""url"": """"}, {""description"": ""Young 13' Pullup Jump Shot (7 PTS) (Wilson 2 AST)"", ""url"": """"}]"
wnba,wnba_shot_pace,shot_pace,possessions,get-possessions,2025,Regular Season,team,"{'OffDef': 'Offense', 'Season': '2025', 'SeasonType': 'Regular Season', 'TeamId': '1611661319'}",shot_pace,1611661319,4Q/OT | margin -3..3 | 300..120,get-possessions__possessions__off_def-Offense__season-2025__season_type-Regular_Season__team_id-1611661319__9cf2cba8,get-possessions,https://api.pbpstats.com/get-possessions/wnba?OffDef=Offense&Season=2025&SeasonType=Regular+Season&TeamId=1611661319,200,222,05:57,"MISS Gustafson 24' 3PT Jump Shot
Uzun REBOUND (Off:0 Def:1)
",0,0,1,0,2025-09-07,1022500275,0,0,CHI,1,0,8,06:16,Off Dead Ball,0,"[{""description"": ""MISS Gustafson 24' 3PT Jump Shot"", ""url"": """"}, {""description"": ""Uzun REBOUND (Off:0 Def:1)"", ""url"": """"}]"
wnba,wnba_shot_pace,shot_pace,possessions,get-possessions,2025,Regular Season,team,"{'OffDef': 'Offense', 'Season': '2025', 'SeasonType': 'Regular Season', 'TeamId': '1611661319'}",shot_pace,1611661319,4Q/OT | margin -3..3 | 300..120,get-possessions__possessions__off_def-Offense__season-2025__season_type-Regular_Season__team_id-1611661319__9cf2cba8,get-possessions,https://api.pbpstats.com/get-possessions/wnba?OffDef=Offense&Season=2025&SeasonType=Regular+Season&TeamId=1611661319,200,223,06:21,"Young 24' 3PT Pullup Jump Shot (5 PTS)
",0,0,1,1,2025-09-07,1022500275,0,0,CHI,1,0,5,06:34,Off Corner 3 Make,0,"[{""description"": ""Young 24' 3PT Pullup Jump Shot (5 PTS)"", ""url"": """"}]"
wnba,wnba_shot_pace,shot_pace,possessions,get-possessions,2025,Regular Season,team,"{'OffDef': 'Offense', 'Season': '2025', 'SeasonType': 'Regular Season', 'TeamId': '1611661319'}",shot_pace,1611661319,4Q/OT | margin -3..3 | 300..120,get-possessions__possessions__off_def-Offense__season-2025__season_type-Regular_Season__team_id-1611661319__9cf2cba8,get-possessions,https://api.pbpstats.com/get-possessions/wnba?OffDef=Offense&Season=2025&SeasonType=Regular+Season&TeamId=1611661319,200,224,06:41,"Young Bad Pass Turnover (P1.T1): Williams STEAL (1 STL)
",0,0,0,0,2025-09-07,1022500275,0,0,CHI,1,0,8,06:50,Off Arc 3 Make,1,"[{""description"": ""Young Bad Pass Turnover (P1.T1): Williams STEAL (1 STL)"", ""url"": """"}]"
wnba,wnba_shot_pace,shot_pace,possessions,get-possessions,2025,Regular Season,team,"{'OffDef': 'Offense', 'Season': '2025', 'SeasonType': 'Regular Season', 'TeamId': '1611661319'}",shot_pace,1611661319,4Q/OT | margin -3..3 | 300..120,get-possessions__possessions__off_def-Offense__season-2025__season_type-Regular_Season__team_id-1611661319__9cf2cba8,get-possessions,https://api.pbpstats.com/get-possessions/wnba?OffDef=Offense&Season=2025&SeasonType=Regular+Season&TeamId=1611661319,200,225,07:04,"Gray 28' 3PT Running Jump Shot (5 PTS) (Young 1 AST)
",0,0,1,1,2025-09-07,1022500275,0,0,CHI,1,0,8,07:08,Off Block,0,"[{""description"": ""Gray 28' 3PT Running Jump Shot (5 PTS) (Young 1 AST)"", ""url"": """"}]"
wnba,wnba_shot_pace,shot_pace,possessions,get-possessions,2025,Regular Season,team,"{'OffDef': 'Offense', 'Season': '2025', 'SeasonType': 'Regular Season', 'TeamId': '1611661319'}",shot_pace,1611661319,4Q/OT | margin -3..3 | 300..120,get-possessions__possessions__off_def-Offense__season-2025__season_type-Regular_Season__team_id-1611661319__9cf2cba8,get-possessions,https://api.pbpstats.com/get-possessions/wnba?OffDef=Offense&Season=2025&SeasonType=Regular+Season&TeamId=1611661319,200,226,07:28,"Young 3' Running Layup (2 PTS) (Wilson 1 AST)
",1,1,0,0,2025-09-07,1022500275,0,0,CHI,1,0,6,07:34,Off Steal,0,"[{""description"": ""Young 3' Running Layup (2 PTS) (Wilson 1 AST)"", ""url"": """"}]"
wnba,wnba_shot_pace,shot_pace,possessions,get-possessions,2025,Regular Season,team,"{'OffDef': 'Offense', 'Season': '2025', 'SeasonType': 'Regular Season', 'TeamId': '1611661319'}",shot_pace,1611661319,4Q/OT | margin -3..3 | 300..120,get-possessions__possessions__off_def-Offense__season-2025__season_type-Regular_Season__team_id-1611661319__9cf2cba8,get-possessions,https://api.pbpstats.com/get-possessions/wnba?OffDef=Offense&Season=2025&SeasonType=Regular+Season&TeamId=1611661319,200,227,07:48,"Wilson 16' Pullup Jump Shot (4 PTS) (Gray 1 AST)
",1,1,0,0,2025-09-07,1022500275,0,0,CHI,1,0,4,07:59,Off Dead Ball,0,"[{""description"": ""Wilson 16' Pullup Jump Shot (4 PTS) (Gray 1 AST)"", ""url"": """"}]"
wnba,wnba_shot_pace,shot_pace,possessions,get-possessions,2025,Regular Season,team,"{'OffDef': 'Offense', 'Season': '2025', 'SeasonType': 'Regular Season', 'TeamId': '1611661319'}",shot_pace,1611661319,4Q/OT | margin -3..3 | 300..120,get-possessions__possessions__off_def-Offense__season-2025__season_type-Regular_Season__team_id-1611661319__9cf2cba8,get-possessions,https://api.pbpstats.com/get-possessions/wnba?OffDef=Offense&Season=2025&SeasonType=Regular+Season&TeamId=1611661319,200,228,08:35,"Gray 16' Pullup Jump Shot (2 PTS)
",1,1,0,0,2025-09-07,1022500275,0,0,CHI,1,0,2,08:54,Off At Rim Miss,0,"[{""description"": ""Gray 16' Pullup Jump Shot (2 PTS)"", ""url"": """"}]"
wnba,wnba_shot_pace,shot_pace,possessions,get-possessions,2025,Regular Season,team,"{'OffDef': 'Offense', 'Season': '2025', 'SeasonType': 'Regular Season', 'TeamId': '1611661319'}",shot_pace,1611661319,4Q/OT | margin -3..3 | 300..120,get-possessions__possessions__off_def-Offense__season-2025__season_type-Regular_Season__team_id-1611661319__9cf2cba8,get-possessions,https://api.pbpstats.com/get-possessions/wnba?OffDef=Offense&Season=2025&SeasonType=Regular+Season&TeamId=1611661319,200,229,09:20,"MISS Wilson 5' Running Layup
Wilson REBOUND (Off:1 Def:0)
Wilson 4' Putback Layup (2 PTS)
",2,1,0,0,2025-09-07,1022500275,0,1,CHI,1,0,0,09:28,Off Steal,0,"[{""description"": ""MISS Wilson 5' Running Layup"", ""url"": """"}, {""description"": ""Wilson REBOUND (Off:1 Def:0)"", ""url"": """"}, {""description"": ""Wilson 4' Putback Layup (2 PTS)"", ""url"": """"}]"
wnba,wnba_shot_pace,shot_pace,possessions,get-possessions,2025,Regular Season,team,"{'OffDef': 'Offense', 'Season': '2025', 'SeasonType': 'Regular Season', 'TeamId': '1611661319'}",shot_pace,1611661319,4Q/OT | margin -3..3 | 300..120,get-possessions__possessions__off_def-Offense__season-2025__season_type-Regular_Season__team_id-1611661319__9cf2cba8,get-possessions,https://api.pbpstats.com/get-possessions/wnba?OffDef=Offense&Season=2025&SeasonType=Regular+Season&TeamId=1611661319,200,230,00:17,"MISS Loyd 24' 3PT Pullup Jump Shot
Taylor REBOUND (Off:0 Def:1)
",0,0,1,0,2025-09-04,1022500267,0,0,MIN,4,0,10,00:40,Off Block,0,"[{""description"": ""MISS Loyd 24' 3PT Pullup Jump Shot"", ""url"": """"}, {""description"": ""Taylor REBOUND (Off:0 Def:1)"", ""url"": """"}]"
wnba,wnba_shot_pace,shot_pace,possessions,get-possessions,2025,Regular Season,team,"{'OffDef': 'Offense', 'Season': '2025', 'SeasonType': 'Regular Season', 'TeamId': '1611661319'}",shot_pace,1611661319,4Q/OT | margin -3..3 | 300..120,get-possessions__possessions__off_def-Offense__season-2025__season_type-Regular_Season__team_id-1611661319__9cf2cba8,get-possessions,https://api.pbpstats.com/get-possessions/wnba?OffDef=Offense&Season=2025&SeasonType=Regular+Season&TeamId=1611661319,200,231,01:03,"Kliundikova P.FOUL (P2.T2)
MISS Nye 3PT Jump Shot
Loyd REBOUND (Off:2 Def:3)
Young 2' Layup (20 PTS) (Wilson 2 AST)
",1,1,1,0,2025-09-04,1022500267,0,1,MIN,4,0,8,01:18,Off Timeout,0,"[{""description"": ""Kliundikova P.FOUL (P2.T2)"", ""url"": """"}, {""description"": ""MISS Nye 3PT Jump Shot"", ""url"": """"}, {""description"": ""Loyd REBOUND (Off:2 Def:3)"", ""url"": """"}, {""description"": ""Young 2' Layup (20 PTS) (Wilson 2 AST)"", ""url"": """"}]"
wnba,wnba_shot_pace,shot_pace,possessions,get-possessions,2025,Regular Season,team,"{'OffDef': 'Offense', 'Season': '2025', 'SeasonType': 'Regular Season', 'TeamId': '1611661319'}",shot_pace,1611661319,4Q/OT | margin -3..3 | 300..120,get-possessions__possessions__off_def-Offense__season-2025__season_type-Regular_Season__team_id-1611661319__9cf2cba8,get-possessions,https://api.pbpstats.com/get-possessions/wnba?OffDef=Offense&Season=2025&SeasonType=Regular+Season&TeamId=1611661319,200,232,01:29,"Gray 24' 3PT Jump Shot (13 PTS) (Wilson 1 AST)
",0,0,1,1,2025-09-04,1022500267,0,0,MIN,4,0,6,01:42,Off Arc 3 Make,0,"[{""description"": ""Gray 24' 3PT Jump Shot (13 PTS) (Wilson 1 AST)"", ""url"": """"}]"
wnba,wnba_shot_pace,shot_pace,possessions,get-possessions,2025,Regular Season,team,"{'OffDef': 'Offense', 'Season': '2025', 'SeasonType': 'Regular Season', 'TeamId': '1611661319'}",shot_pace,1611661319,4Q/OT | margin -3..3 | 300..120,get-possessions__possessions__off_def-Offense__season-2025__season_type-Regular_Season__team_id-1611661319__9cf2cba8,get-possessions,https://api.pbpstats.com/get-possessions/wnba?OffDef=Offense&Season=2025&SeasonType=Regular+Season&TeamId=1611661319,200,233,01:50,"Wilson 11' Turnaround Fadeaway (31 PTS)
",1,1,0,0,2025-09-04,1022500267,0,0,MIN,4,0,7,02:09,Off FT Make,0,"[{""description"": ""Wilson 11' Turnaround Fadeaway (31 PTS)"", ""url"": """"}]"
wnba,wnba_shot_pace,shot_pace,possessions,get-possessions,2025,Regular Season,team,"{'OffDef': 'Offense', 'Season': '2025', 'SeasonType': 'Regular Season', 'TeamId': '1611661319'}",shot_pace,1611661319,4Q/OT | margin -3..3 | 300..120,get-possessions__possessions__off_def-Offense__season-2025__season_type-Regular_Season__team_id-1611661319__9cf2cba8,get-possessions,https://api.pbpstats.com/get-possessions/wnba?OffDef=Offense&Season=2025&SeasonType=Regular+Season&TeamId=1611661319,200,234,02:20,"Nye 24' 3PT Jump Shot (6 PTS) (Young 5 AST)
",0,0,1,1,2025-09-04,1022500267,0,0,MIN,4,0,7,02:43,Off Short Mid-Range Make,0,"[{""description"": ""Nye 24' 3PT Jump Shot (6 PTS) (Young 5 AST)"", ""url"": """"}]"
wnba,wnba_shot_pace,shot_pace,possessions,get-possessions,2025,Regular Season,team,"{'OffDef': 'Offense', 'Season': '2025', 'SeasonType': 'Regular Season', 'TeamId': '1611661319'}",shot_pace,1611661319,4Q/OT | margin -3..3 | 300..120,get-possessions__possessions__off_def-Offense__season-2025__season_type-Regular_Season__team_id-1611661319__9cf2cba8,get-possessions,https://api.pbpstats.com/get-possessions/wnba?OffDef=Offense&Season=2025&SeasonType=Regular+Season&TeamId=1611661319,200,235,02:52,"MISS Young 25' 3PT Step Back Jump Shot
Hiedeman REBOUND (Off:2 Def:4)
",0,0,1,0,2025-09-04,1022500267,0,0,MIN,4,0,9,03:15,Off Short Mid-Range Make,0,"[{""description"": ""MISS Young 25' 3PT Step Back Jump Shot"", ""url"": """"}, {""description"": ""Hiedeman REBOUND (Off:2 Def:4)"", ""url"": """"}]"
wnba,wnba_shot_pace,shot_pace,possessions,get-possessions,2025,Regular Season,team,"{'OffDef': 'Offense', 'Season': '2025', 'SeasonType': 'Regular Season', 'TeamId': '1611661319'}",shot_pace,1611661319,4Q/OT | margin -3..3 | 300..120,get-possessions__possessions__off_def-Offense__season-2025__season_type-Regular_Season__team_id-1611661319__9cf2cba8,get-possessions,https://api.pbpstats.com/get-possessions/wnba?OffDef=Offense&Season=2025&SeasonType=Regular+Season&TeamId=1611661319,200,236,03:27,"MISS Gray 28' 3PT Step Back Jump Shot
ACES Rebound
ACES Turnover: Shot Clock (T#12)
",0,0,1,0,2025-09-04,1022500267,0,0,MIN,4,0,11,03:56,Off Long Mid-Range Make,1,"[{""description"": ""MISS Gray 28' 3PT Step Back Jump Shot"", ""url"": """"}, {""description"": ""ACES Rebound"", ""url"": """"}, {""description"": ""ACES Turnover: Shot Clock (T#12)"", ""url"": """"}]"
wnba,wnba_shot_pace,shot_pace,possessions,get-possessions,2025,Regular Season,team,"{'OffDef': 'Offense', 'Season': '2025', 'SeasonType': 'Regular Season', 'TeamId': '1611661319'}",shot_pace,1611661319,4Q/OT | margin -3..3 | 300..120,get-possessions__possessions__off_def-Offense__season-2025__season_type-Regular_Season__team_id-1611661319__9cf2cba8,get-possessions,https://api.pbpstats.com/get-possessions/wnba?OffDef=Offense&Season=2025&SeasonType=Regular+Season&TeamId=1611661319,200,237,04:06,"Smith 8' Jump Shot (10 PTS) (Gray 10 AST)
",1,1,0,0,2025-09-04,1022500267,0,0,MIN,4,0,11,04:23,Off At Rim Make,0,"[{""description"": ""Smith 8' Jump Shot (10 PTS) (Gray 10 AST)"", ""url"": """"}]"
wnba,wnba_shot_pace,shot_pace,possessions,get-possessions,2025,Regular Season,team,"{'OffDef': 'Offense', 'Season': '2025', 'SeasonType': 'Regular Season', 'TeamId': '1611661319'}",shot_pace,1611661319,4Q/OT | margin -3..3 | 300..120,get-possessions__possessions__off_def-Offense__season-2025__season_type-Regular_Season__team_id-1611661319__9cf2cba8,get-possessions,https://api.pbpstats.com/get-possessions/wnba?OffDef=Offense&Season=2025&SeasonType=Regular+Season&TeamId=1611661319,200,238,04:43,"Evans 4' Driving Layup (6 PTS)
",1,1,0,0,2025-09-04,1022500267,0,0,MIN,4,0,11,04:52,Off Dead Ball,0,"[{""description"": ""Evans 4' Driving Layup (6 PTS)"", ""url"": """"}]"
wnba,wnba_shot_pace,shot_pace,possessions,get-possessions,2025,Regular Season,team,"{'OffDef': 'Offense', 'Season': '2025', 'SeasonType': 'Regular Season', 'TeamId': '1611661319'}",shot_pace,1611661319,4Q/OT | margin -3..3 | 300..120,get-possessions__possessions__off_def-Offense__season-2025__season_type-Regular_Season__team_id-1611661319__9cf2cba8,get-possessions,https://api.pbpstats.com/get-possessions/wnba?OffDef=Offense&Season=2025&SeasonType=Regular+Season&TeamId=1611661319,200,239,05:07,"Gray 4' Driving Layup (10 PTS) (Young 4 AST)
",1,1,0,0,2025-09-04,1022500267,0,0,MIN,4,0,9,05:30,Off FT Make,0,"[{""description"": ""Gray 4' Driving Layup (10 PTS) (Young 4 AST)"", ""url"": """"}]"
wnba,wnba_shot_pace,shot_pace,possessions,get-possessions,2025,Regular Season,team,"{'OffDef': 'Offense', 'Season': '2025', 'SeasonType': 'Regular Season', 'TeamId': '1611661319'}",shot_pace,1611661319,4Q/OT | margin -3..3 | 300..120,get-possessions__possessions__off_def-Offense__season-2025__season_type-Regular_Season__team_id-1611661319__9cf2cba8,get-possessions,https://api.pbpstats.com/get-possessions/wnba?OffDef=Offense&Season=2025&SeasonType=Regular+Season&TeamId=1611661319,200,240,05:39,"Wilson 25' 3PT Jump Shot (29 PTS) (Evans 3 AST)
",0,0,1,1,2025-09-04,1022500267,0,0,MIN,4,0,7,05:47,Off Arc 3 Miss,0,"[{""description"": ""Wilson 25' 3PT Jump Shot (29 PTS) (Evans 3 AST)"", ""url"": """"}]"
wnba,wnba_shot_pace,shot_pace,possessions,get-possessions,2025,Regular Season,team,"{'OffDef': 'Offense', 'Season': '2025', 'SeasonType': 'Regular Season', 'TeamId': '1611661319'}",shot_pace,1611661319,4Q/OT | margin -3..3 | 300..120,get-possessions__possessions__off_def-Offense__season-2025__season_type-Regular_Season__team_id-1611661319__9cf2cba8,get-possessions,https://api.pbpstats.com/get-possessions/wnba?OffDef=Offense&Season=2025&SeasonType=Regular+Season&TeamId=1611661319,200,241,06:08,"Smith 11' Jump Shot (8 PTS) (Evans 2 AST)
",1,1,0,0,2025-09-04,1022500267,0,0,MIN,4,0,5,06:27,Off At Rim Make,0,"[{""description"": ""Smith 11' Jump Shot (8 PTS) (Evans 2 AST)"", ""url"": """"}]"
wnba,wnba_shot_pace,shot_pace,possessions,get-possessions,2025,Regular Season,team,"{'OffDef': 'Offense', 'Season': '2025', 'SeasonType': 'Regular Season', 'TeamId': '1611661319'}",shot_pace,1611661319,4Q/OT | margin -3..3 | 300..120,get-possessions__possessions__off_def-Offense__season-2025__season_type-Regular_Season__team_id-1611661319__9cf2cba8,get-possessions,https://api.pbpstats.com/get-possessions/wnba?OffDef=Offense&Season=2025&SeasonType=Regular+Season&TeamId=1611661319,200,242,06:34,"Evans Bad Pass Turnover (P1.T11): Hiedeman STEAL (4 STL)
",0,0,0,0,2025-09-04,1022500267,0,0,MIN,4,0,7,06:51,Off Arc 3 Miss,1,"[{""description"": ""Evans Bad Pass Turnover (P1.T11): Hiedeman STEAL (4 STL)"", ""url"": """"}]"
wnba,wnba_shot_pace,shot_pace,possessions,get-possessions,2025,Regular Season,team,"{'OffDef': 'Offense', 'Season': '2025', 'SeasonType': 'Regular Season', 'TeamId': '1611661319'}",shot_pace,1611661319,4Q/OT | margin -3..3 | 300..120,get-possessions__possessions__off_def-Offense__season-2025__season_type-Regular_Season__team_id-1611661319__9cf2cba8,get-possessions,https://api.pbpstats.com/get-possessions/wnba?OffDef=Offense&Season=2025&SeasonType=Regular+Season&TeamId=1611661319,200,243,07:05,"MISS Nye 3PT Jump Shot
Williams REBOUND (Off:0 Def:4)
",0,0,1,0,2025-09-04,1022500267,0,0,MIN,4,0,7,07:29,Off Arc 3 Make,0,"[{""description"": ""MISS Nye 3PT Jump Shot"", ""url"": """"}, {""description"": ""Williams REBOUND (Off:0 Def:4)"", ""url"": """"}]"
wnba,wnba_shot_pace,shot_pace,possessions,get-possessions,2025,Regular Season,team,"{'OffDef': 'Offense', 'Season': '2025', 'SeasonType': 'Regular Season', 'TeamId': '1611661319'}",shot_pace,1611661319,4Q/OT | margin -3..3 | 300..120,get-possessions__possessions__off_def-Offense__season-2025__season_type-Regular_Season__team_id-1611661319__9cf2cba8,get-possessions,https://api.pbpstats.com/get-possessions/wnba?OffDef=Offense&Season=2025&SeasonType=Regular+Season&TeamId=1611661319,200,244,07:38,"Smith 4' Cutting Layup Shot (6 PTS) (Loyd 3 AST)
",1,1,0,0,2025-09-04,1022500267,0,0,MIN,4,0,8,07:48,Off Long Mid-Range Miss,0,"[{""description"": ""Smith 4' Cutting Layup Shot (6 PTS) (Loyd 3 AST)"", ""url"": """"}]"
wnba,wnba_shot_pace,shot_pace,possessions,get-possessions,2025,Regular Season,team,"{'OffDef': 'Offense', 'Season': '2025', 'SeasonType': 'Regular Season', 'TeamId': '1611661319'}",shot_pace,1611661319,4Q/OT | margin -3..3 | 300..120,get-possessions__possessions__off_def-Offense__season-2025__season_type-Regular_Season__team_id-1611661319__9cf2cba8,get-possessions,https://api.pbpstats.com/get-possessions/wnba?OffDef=Offense&Season=2025&SeasonType=Regular+Season&TeamId=1611661319,200,245,08:05,"Hiedeman S.FOUL (P1.T1)
Evans Free Throw 1 of 2 (3 PTS)
Evans Free Throw 2 of 2 (4 PTS)
",0,0,0,0,2025-09-04,1022500267,0,0,MIN,4,1,6,08:19,Off Steal,0,"[{""description"": ""Hiedeman S.FOUL (P1.T1)"", ""url"": """"}, {""description"": ""Evans Free Throw 1 of 2 (3 PTS)"", ""url"": """"}, {""description"": ""Evans Free Throw 2 of 2 (4 PTS)"", ""url"": """"}]"
wnba,wnba_shot_pace,shot_pace,possessions,get-possessions,2025,Regular Season,team,"{'OffDef': 'Offense', 'Season': '2025', 'SeasonType': 'Regular Season', 'TeamId': '1611661319'}",shot_pace,1611661319,4Q/OT | margin -3..3 | 300..120,get-possessions__possessions__off_def-Offense__season-2025__season_type-Regular_Season__team_id-1611661319__9cf2cba8,get-possessions,https://api.pbpstats.com/get-possessions/wnba?OffDef=Offense&Season=2025&SeasonType=Regular+Season&TeamId=1611661319,200,246,08:36,"Wilson 4' Running Layup (26 PTS)
",1,1,0,0,2025-09-04,1022500267,0,0,MIN,4,0,4,08:40,Off Steal,0,"[{""description"": ""Wilson 4' Running Layup (26 PTS)"", ""url"": """"}]"
wnba,wnba_shot_pace,shot_pace,possessions,get-possessions,2025,Regular Season,team,"{'OffDef': 'Offense', 'Season': '2025', 'SeasonType': 'Regular Season', 'TeamId': '1611661319'}",shot_pace,1611661319,4Q/OT | margin -3..3 | 300..120,get-possessions__possessions__off_def-Offense__season-2025__season_type-Regular_Season__team_id-1611661319__9cf2cba8,get-possessions,https://api.pbpstats.com/get-possessions/wnba?OffDef=Offense&Season=2025&SeasonType=Regular+Season&TeamId=1611661319,200,247,09:01,"Loyd Out of Bounds - Bad Pass Turnover Turnover (P2.T10)
",0,0,0,0,2025-09-04,1022500267,0,0,MIN,4,0,4,09:13,Off Dead Ball,1,"[{""description"": ""Loyd Out of Bounds - Bad Pass Turnover Turnover (P2.T10)"", ""url"": """"}]"
wnba,wnba_shot_pace,shot_pace,possessions,get-possessions,2025,Regular Season,team,"{'OffDef': 'Offense', 'Season': '2025', 'SeasonType': 'Regular Season', 'TeamId': '1611661319'}",shot_pace,1611661319,4Q/OT | margin -3..3 | 300..120,get-possessions__possessions__off_def-Offense__season-2025__season_type-Regular_Season__team_id-1611661319__9cf2cba8,get-possessions,https://api.pbpstats.com/get-possessions/wnba?OffDef=Offense&Season=2025&SeasonType=Regular+Season&TeamId=1611661319,200,248,09:22,"MISS Evans 27' 3PT Jump Shot
Carleton REBOUND (Off:1 Def:2)
",0,0,1,0,2025-09-04,1022500267,0,0,MIN,4,0,4,09:42,Off Arc 3 Miss,0,"[{""description"": ""MISS Evans 27' 3PT Jump Shot"", ""url"": """"}, {""description"": ""Carleton REBOUND (Off:1 Def:2)"", ""url"": """"}]"
wnba,wnba_shot_pace,shot_pace,possessions,get-possessions,2025,Regular Season,team,"{'OffDef': 'Offense', 'Season': '2025', 'SeasonType': 'Regular Season', 'TeamId': '1611661319'}",shot_pace,1611661319,4Q/OT | margin -3..3 | 300..120,get-possessions__possessions__off_def-Offense__season-2025__season_type-Regular_Season__team_id-1611661319__9cf2cba8,get-possessions,https://api.pbpstats.com/get-possessions/wnba?OffDef=Offense&Season=2025&SeasonType=Regular+Season&TeamId=1611661319,200,249,00:00,"Gray 4' Driving Layup (8 PTS)
",1,1,0,0,2025-09-04,1022500267,0,0,MIN,3,0,2,00:10,Off At Rim Make,0,"[{""description"": ""Gray 4' Driving Layup (8 PTS)"", ""url"": """"}]"
wnba,wnba_shot_pace,shot_pace,possessions,get-possessions,2025,Regular Season,team,"{'OffDef': 'Offense', 'Season': '2025', 'SeasonType': 'Regular Season', 'TeamId': '1611661319'}",shot_pace,1611661319,4Q/OT | margin -3..3 | 300..120,get-possessions__possessions__off_def-Offense__season-2025__season_type-Regular_Season__team_id-1611661319__9cf2cba8,get-possessions,https://api.pbpstats.com/get-possessions/wnba?OffDef=Offense&Season=2025&SeasonType=Regular+Season&TeamId=1611661319,200,250,00:30,"Smith P.FOUL (P4.T4)
Young 26' 3PT Jump Shot (18 PTS) (Loyd 2 AST)
",0,0,1,1,2025-09-04,1022500267,0,0,MIN,3,0,1,00:56,Off FT Miss,0,"[{""description"": ""Smith P.FOUL (P4.T4)"", ""url"": """"}, {""description"": ""Young 26' 3PT Jump Shot (18 PTS) (Loyd 2 AST)"", ""url"": """"}]"
wnba,wnba_shot_pace,shot_pace,possessions,get-possessions,2025,Regular Season,team,"{'OffDef': 'Offense', 'Season': '2025', 'SeasonType': 'Regular Season', 'TeamId': '1611661319'}",shot_pace,1611661319,4Q/OT | margin -3..3 | 300..120,get-possessions__possessions__off_def-Offense__season-2025__season_type-Regular_Season__team_id-1611661319__9cf2cba8,get-possessions,https://api.pbpstats.com/get-possessions/wnba?OffDef=Offense&Season=2025&SeasonType=Regular+Season&TeamId=1611661319,200,251,01:02,"MISS Gray 3PT Jump Shot
Carleton REBOUND (Off:1 Def:1)
",0,0,1,0,2025-09-04,1022500267,0,0,MIN,3,0,1,01:23,Off At Rim Make,0,"[{""description"": ""MISS Gray 3PT Jump Shot"", ""url"": """"}, {""description"": ""Carleton REBOUND (Off:1 Def:1)"", ""url"": """"}]"
wnba,wnba_shot_pace,shot_pace,possessions,get-possessions,2025,Regular Season,team,"{'OffDef': 'Offense', 'Season': '2025', 'SeasonType': 'Regular Season', 'TeamId': '1611661319'}",shot_pace,1611661319,4Q/OT | margin -3..3 | 300..120,get-possessions__possessions__off_def-Offense__season-2025__season_type-Regular_Season__team_id-1611661319__9cf2cba8,get-possessions,https://api.pbpstats.com/get-possessions/wnba?OffDef=Offense&Season=2025&SeasonType=Regular+Season&TeamId=1611661319,200,252,01:38,"MISS Evans 4' Running Layup
Wilson REBOUND (Off:1 Def:4)
Wilson 3' Putback Layup (24 PTS)
",2,1,0,0,2025-09-04,1022500267,0,1,MIN,3,0,1,01:47,Off Long Mid-Range Miss,0,"[{""description"": ""MISS Evans 4' Running Layup"", ""url"": """"}, {""description"": ""Wilson REBOUND (Off:1 Def:4)"", ""url"": """"}, {""description"": ""Wilson 3' Putback Layup (24 PTS)"", ""url"": """"}]"
wnba,wnba_shot_pace,shot_pace,possessions,get-possessions,2025,Regular Season,team,"{'OffDef': 'Offense', 'Season': '2025', 'SeasonType': 'Regular Season', 'TeamId': '1611661319'}",shot_pace,1611661319,4Q/OT | margin -3..3 | 300..120,get-possessions__possessions__off_def-Offense__season-2025__season_type-Regular_Season__team_id-1611661319__9cf2cba8,get-possessions,https://api.pbpstats.com/get-possessions/wnba?OffDef=Offense&Season=2025&SeasonType=Regular+Season&TeamId=1611661319,200,253,02:14,"MISS Young 11' Pullup Jump Shot
Smith REBOUND (Off:0 Def:4)
",1,0,0,0,2025-09-04,1022500267,0,0,MIN,3,0,1,02:30,Off Timeout,0,"[{""description"": ""MISS Young 11' Pullup Jump Shot"", ""url"": """"}, {""description"": ""Smith REBOUND (Off:0 Def:4)"", ""url"": """"}]"
wnba,wnba_shot_pace,shot_pace,possessions,get-possessions,2025,Regular Season,team,"{'OffDef': 'Offense', 'Season': '2025', 'SeasonType': 'Regular Season', 'TeamId': '1611661319'}",shot_pace,1611661319,4Q/OT | margin -3..3 | 300..120,get-possessions__possessions__off_def-Offense__season-2025__season_type-Regular_Season__team_id-1611661319__9cf2cba8,get-possessions,https://api.pbpstats.com/get-possessions/wnba?OffDef=Offense&Season=2025&SeasonType=Regular+Season&TeamId=1611661319,200,254,02:47,"MISS Evans 18' Pullup Jump Shot
Williams REBOUND (Off:0 Def:3)
",1,0,0,0,2025-09-04,1022500267,0,0,MIN,3,0,4,03:16,Off At Rim Make,0,"[{""description"": ""MISS Evans 18' Pullup Jump Shot"", ""url"": """"}, {""description"": ""Williams REBOUND (Off:0 Def:3)"", ""url"": """"}]"
wnba,wnba_shot_pace,shot_pace,possessions,get-possessions,2025,Regular Season,team,"{'OffDef': 'Offense', 'Season': '2025', 'SeasonType': 'Regular Season', 'TeamId': '1611661319'}",shot_pace,1611661319,4Q/OT | margin -3..3 | 300..120,get-possessions__possessions__off_def-Offense__season-2025__season_type-Regular_Season__team_id-1611661319__9cf2cba8,get-possessions,https://api.pbpstats.com/get-possessions/wnba?OffDef=Offense&Season=2025&SeasonType=Regular+Season&TeamId=1611661319,200,255,03:20,"Smith P.FOUL (P3.T3)
Gray Bad Pass Turnover (P4.T9): Hiedeman STEAL (3 STL)
",0,0,0,0,2025-09-04,1022500267,0,0,MIN,3,0,6,03:42,Off At Rim Make,1,"[{""description"": ""Smith P.FOUL (P3.T3)"", ""url"": """"}, {""description"": ""Gray Bad Pass Turnover (P4.T9): Hiedeman STEAL (3 STL)"", ""url"": """"}]"
wnba,wnba_shot_pace,shot_pace,possessions,get-possessions,2025,Regular Season,team,"{'OffDef': 'Offense', 'Season': '2025', 'SeasonType': 'Regular Season', 'TeamId': '1611661319'}",shot_pace,1611661319,4Q/OT | margin -3..3 | 300..120,get-possessions__possessions__off_def-Offense__season-2025__season_type-Regular_Season__team_id-1611661319__9cf2cba8,get-possessions,https://api.pbpstats.com/get-possessions/wnba?OffDef=Offense&Season=2025&SeasonType=Regular+Season&TeamId=1611661319,200,256,04:00,"MISS Wilson 5' Driving Layup
Collier REBOUND (Off:1 Def:5)
",1,0,0,0,2025-09-04,1022500267,0,0,MIN,3,0,8,04:20,Off Dead Ball,0,"[{""description"": ""MISS Wilson 5' Driving Layup"", ""url"": """"}, {""description"": ""Collier REBOUND (Off:1 Def:5)"", ""url"": """"}]"
wnba,wnba_shot_pace,shot_pace,possessions,get-possessions,2025,Regular Season,team,"{'OffDef': 'Offense', 'Season': '2025', 'SeasonType': 'Regular Season', 'TeamId': '1611661319'}",shot_pace,1611661319,4Q/OT | margin -3..3 | 300..120,get-possessions__possessions__off_def-Offense__season-2025__season_type-Regular_Season__team_id-1611661319__9cf2cba8,get-possessions,https://api.pbpstats.com/get-possessions/wnba?OffDef=Offense&Season=2025&SeasonType=Regular+Season&TeamId=1611661319,200,257,04:28,"MISS Gray 16' Pullup Jump Shot
Smith REBOUND (Off:0 Def:3)
",1,0,0,0,2025-09-04,1022500267,0,0,MIN,3,0,8,04:49,Off Short Mid-Range Miss,0,"[{""description"": ""MISS Gray 16' Pullup Jump Shot"", ""url"": """"}, {""description"": ""Smith REBOUND (Off:0 Def:3)"", ""url"": """"}]"
wnba,wnba_shot_pace,shot_pace,possessions,get-possessions,2025,Regular Season,team,"{'OffDef': 'Offense', 'Season': '2025', 'SeasonType': 'Regular Season', 'TeamId': '1611661319'}",shot_pace,1611661319,4Q/OT | margin -3..3 | 300..120,get-possessions__possessions__off_def-Offense__season-2025__season_type-Regular_Season__team_id-1611661319__9cf2cba8,get-possessions,https://api.pbpstats.com/get-possessions/wnba?OffDef=Offense&Season=2025&SeasonType=Regular+Season&TeamId=1611661319,200,258,05:01,"Young 3PT Jump Shot (15 PTS) (Gray 9 AST)
",0,0,1,1,2025-09-04,1022500267,0,0,MIN,3,0,5,05:08,Off Short Mid-Range Make,0,"[{""description"": ""Young 3PT Jump Shot (15 PTS) (Gray 9 AST)"", ""url"": """"}]"
wnba,wnba_shot_pace,shot_pace,possessions,get-possessions,2025,Regular Season,team,"{'OffDef': 'Offense', 'Season': '2025', 'SeasonType': 'Regular Season', 'TeamId': '1611661319'}",shot_pace,1611661319,4Q/OT | margin -3..3 | 300..120,get-possessions__possessions__off_def-Offense__season-2025__season_type-Regular_Season__team_id-1611661319__9cf2cba8,get-possessions,https://api.pbpstats.com/get-possessions/wnba?OffDef=Offense&Season=2025&SeasonType=Regular+Season&TeamId=1611661319,200,259,05:26,"Loyd 25' 3PT Jump Shot (6 PTS) (Gray 8 AST)
",0,0,1,1,2025-09-04,1022500267,0,0,MIN,3,0,4,05:43,Off Long Mid-Range Make,0,"[{""description"": ""Loyd 25' 3PT Jump Shot (6 PTS) (Gray 8 AST)"", ""url"": """"}]"
wnba,wnba_shot_pace,shot_pace,possessions,get-possessions,2025,Regular Season,team,"{'OffDef': 'Offense', 'Season': '2025', 'SeasonType': 'Regular Season', 'TeamId': '1611661319'}",shot_pace,1611661319,4Q/OT | margin -3..3 | 300..120,get-possessions__possessions__off_def-Offense__season-2025__season_type-Regular_Season__team_id-1611661319__9cf2cba8,get-possessions,https://api.pbpstats.com/get-possessions/wnba?OffDef=Offense&Season=2025&SeasonType=Regular+Season&TeamId=1611661319,200,260,06:02,"Wilson 5' Driving Layup (21 PTS) (Bell 2 AST)
Collier S.FOUL (P2.T2)
Wilson Free Throw 1 of 1 (22 PTS)
",1,1,0,0,2025-09-04,1022500267,0,0,MIN,3,1,3,06:12,Off Short Mid-Range Miss,0,"[{""description"": ""Wilson 5' Driving Layup (21 PTS) (Bell 2 AST)"", ""url"": """"}, {""description"": ""Collier S.FOUL (P2.T2)"", ""url"": """"}, {""description"": ""Wilson Free Throw 1 of 1 (22 PTS)"", ""url"": """"}]"
wnba,wnba_shot_pace,shot_pace,possessions,get-possessions,2025,Regular Season,team,"{'OffDef': 'Offense', 'Season': '2025', 'SeasonType': 'Regular Season', 'TeamId': '1611661319'}",shot_pace,1611661319,4Q/OT | margin -3..3 | 300..120,get-possessions__possessions__off_def-Offense__season-2025__season_type-Regular_Season__team_id-1611661319__9cf2cba8,get-possessions,https://api.pbpstats.com/get-possessions/wnba?OffDef=Offense&Season=2025&SeasonType=Regular+Season&TeamId=1611661319,200,261,06:29,"MISS Gray 17' Pullup Jump Shot
Collier REBOUND (Off:1 Def:4)
",1,0,0,0,2025-09-04,1022500267,0,0,MIN,3,0,3,06:40,Off Steal,0,"[{""description"": ""MISS Gray 17' Pullup Jump Shot"", ""url"": """"}, {""description"": ""Collier REBOUND (Off:1 Def:4)"", ""url"": """"}]"
wnba,wnba_shot_pace,shot_pace,possessions,get-possessions,2025,Regular Season,team,"{'OffDef': 'Offense', 'Season': '2025', 'SeasonType': 'Regular Season', 'TeamId': '1611661319'}",shot_pace,1611661319,4Q/OT | margin -3..3 | 300..120,get-possessions__possessions__off_def-Offense__season-2025__season_type-Regular_Season__team_id-1611661319__9cf2cba8,get-possessions,https://api.pbpstats.com/get-possessions/wnba?OffDef=Offense&Season=2025&SeasonType=Regular+Season&TeamId=1611661319,200,262,07:02,"Carleton S.FOUL (P2.T1)
Wilson Free Throw 1 of 2 (18 PTS)
Wilson Free Throw 2 of 2 (19 PTS)
",0,0,0,0,2025-09-04,1022500267,0,0,MIN,3,1,1,07:05,Off Steal,0,"[{""description"": ""Carleton S.FOUL (P2.T1)"", ""url"": """"}, {""description"": ""Wilson Free Throw 1 of 2 (18 PTS)"", ""url"": """"}, {""description"": ""Wilson Free Throw 2 of 2 (19 PTS)"", ""url"": """"}]"
wnba,wnba_shot_pace,shot_pace,possessions,get-possessions,2025,Regular Season,team,"{'OffDef': 'Offense', 'Season': '2025', 'SeasonType': 'Regular Season', 'TeamId': '1611661319'}",shot_pace,1611661319,4Q/OT | margin -3..3 | 300..120,get-possessions__possessions__off_def-Offense__season-2025__season_type-Regular_Season__team_id-1611661319__9cf2cba8,get-possessions,https://api.pbpstats.com/get-possessions/wnba?OffDef=Offense&Season=2025&SeasonType=Regular+Season&TeamId=1611661319,200,263,07:10,"Gray Bad Pass Turnover (P3.T8): McBride STEAL (2 STL)
",0,0,0,0,2025-09-04,1022500267,0,0,MIN,3,0,1,07:24,Off Long Mid-Range Make,1,"[{""description"": ""Gray Bad Pass Turnover (P3.T8): McBride STEAL (2 STL)"", ""url"": """"}]"
wnba,wnba_shot_pace,shot_pace,possessions,get-possessions,2025,Regular Season,team,"{'OffDef': 'Offense', 'Season': '2025', 'SeasonType': 'Regular Season', 'TeamId': '1611661319'}",shot_pace,1611661319,4Q/OT | margin -3..3 | 300..120,get-possessions__possessions__off_def-Offense__season-2025__season_type-Regular_Season__team_id-1611661319__9cf2cba8,get-possessions,https://api.pbpstats.com/get-possessions/wnba?OffDef=Offense&Season=2025&SeasonType=Regular+Season&TeamId=1611661319,200,264,07:48,"Bell 3PT Jump Shot (5 PTS) (Gray 7 AST)
",0,0,1,1,2025-09-04,1022500267,0,0,MIN,3,0,0,08:01,Off Arc 3 Make,0,"[{""description"": ""Bell 3PT Jump Shot (5 PTS) (Gray 7 AST)"", ""url"": """"}]"
wnba,wnba_shot_pace,shot_pace,possessions,get-possessions,2025,Regular Season,team,"{'OffDef': 'Offense', 'Season': '2025', 'SeasonType': 'Regular Season', 'TeamId': '1611661319'}",shot_pace,1611661319,4Q/OT | margin -3..3 | 300..120,get-possessions__possessions__off_def-Offense__season-2025__season_type-Regular_Season__team_id-1611661319__9cf2cba8,get-possessions,https://api.pbpstats.com/get-possessions/wnba?OffDef=Offense&Season=2025&SeasonType=Regular+Season&TeamId=1611661319,200,265,08:09,"Smith Bad Pass Turnover (P1.T7): Carleton STEAL (1 STL)
",0,0,0,0,2025-09-04,1022500267,0,0,MIN,3,0,3,08:22,Off Timeout,1,"[{""description"": ""Smith Bad Pass Turnover (P1.T7): Carleton STEAL (1 STL)"", ""url"": """"}]"
wnba,wnba_shot_pace,shot_pace,possessions,get-possessions,2025,Regular Season,team,"{'OffDef': 'Offense', 'Season': '2025', 'SeasonType': 'Regular Season', 'TeamId': '1611661319'}",shot_pace,1611661319,4Q/OT | margin -3..3 | 300..120,get-possessions__possessions__off_def-Offense__season-2025__season_type-Regular_Season__team_id-1611661319__9cf2cba8,get-possessions,https://api.pbpstats.com/get-possessions/wnba?OffDef=Offense&Season=2025&SeasonType=Regular+Season&TeamId=1611661319,200,266,08:42,"Smith 6' Driving Floating Jump Shot (4 PTS) (Gray 6 AST)
",1,1,0,0,2025-09-04,1022500267,0,0,MIN,3,0,1,08:58,Off Long Mid-Range Miss,0,"[{""description"": ""Smith 6' Driving Floating Jump Shot (4 PTS) (Gray 6 AST)"", ""url"": """"}]"
wnba,wnba_shot_pace,shot_pace,possessions,get-possessions,2025,Regular Season,team,"{'OffDef': 'Offense', 'Season': '2025', 'SeasonType': 'Regular Season', 'TeamId': '1611661319'}",shot_pace,1611661319,4Q/OT | margin -3..3 | 300..120,get-possessions__possessions__off_def-Offense__season-2025__season_type-Regular_Season__team_id-1611661319__9cf2cba8,get-possessions,https://api.pbpstats.com/get-possessions/wnba?OffDef=Offense&Season=2025&SeasonType=Regular+Season&TeamId=1611661319,200,267,09:09,"MISS Bell 17' Pullup Jump Shot
Smith REBOUND (Off:0 Def:2)
",1,0,0,0,2025-09-04,1022500267,0,0,MIN,3,0,1,09:40,Off Long Mid-Range Make,0,"[{""description"": ""MISS Bell 17' Pullup Jump Shot"", ""url"": """"}, {""description"": ""Smith REBOUND (Off:0 Def:2)"", ""url"": """"}]"
wnba,wnba_shot_pace,shot_pace,possessions,get-possessions,2025,Regular Season,team,"{'OffDef': 'Offense', 'Season': '2025', 'SeasonType': 'Regular Season', 'TeamId': '1611661319'}",shot_pace,1611661319,4Q/OT | margin -3..3 | 300..120,get-possessions__possessions__off_def-Offense__season-2025__season_type-Regular_Season__team_id-1611661319__9cf2cba8,get-possessions,https://api.pbpstats.com/get-possessions/wnba?OffDef=Offense&Season=2025&SeasonType=Regular+Season&TeamId=1611661319,200,268,09:42,"MISS Bell 17' Pullup Jump Shot
Williams REBOUND (Off:0 Def:2)
",1,0,0,0,2025-09-04,1022500267,0,0,MIN,3,0,3,10:00,Off Dead Ball,0,"[{""description"": ""MISS Bell 17' Pullup Jump Shot"", ""url"": """"}, {""description"": ""Williams REBOUND (Off:0 Def:2)"", ""url"": """"}]"
wnba,wnba_shot_pace,shot_pace,possessions,get-possessions,2025,Regular Season,team,"{'OffDef': 'Offense', 'Season': '2025', 'SeasonType': 'Regular Season', 'TeamId': '1611661319'}",shot_pace,1611661319,4Q/OT | margin -3..3 | 300..120,get-possessions__possessions__off_def-Offense__season-2025__season_type-Regular_Season__team_id-1611661319__9cf2cba8,get-possessions,https://api.pbpstats.com/get-possessions/wnba?OffDef=Offense&Season=2025&SeasonType=Regular+Season&TeamId=1611661319,200,269,00:03,"MISS Gray 12' Step Back Jump Shot
Collier REBOUND (Off:1 Def:3)
",1,0,0,0,2025-09-04,1022500267,0,0,MIN,2,0,3,00:09,Off Dead Ball,0,"[{""description"": ""MISS Gray 12' Step Back Jump Shot"", ""url"": """"}, {""description"": ""Collier REBOUND (Off:1 Def:3)"", ""url"": """"}]"
wnba,wnba_shot_pace,shot_pace,possessions,get-possessions,2025,Regular Season,team,"{'OffDef': 'Offense', 'Season': '2025', 'SeasonType': 'Regular Season', 'TeamId': '1611661319'}",shot_pace,1611661319,4Q/OT | margin -3..3 | 300..120,get-possessions__possessions__off_def-Offense__season-2025__season_type-Regular_Season__team_id-1611661319__9cf2cba8,get-possessions,https://api.pbpstats.com/get-possessions/wnba?OffDef=Offense&Season=2025&SeasonType=Regular+Season&TeamId=1611661319,200,270,00:29,"McBride P.FOUL (P1.PN)
Wilson Free Throw 1 of 2 (16 PTS)
Wilson Free Throw 2 of 2 (17 PTS)
",0,0,0,0,2025-09-04,1022500267,1,0,MIN,2,0,1,00:38,Off Short Mid-Range Make,0,"[{""description"": ""McBride P.FOUL (P1.PN)"", ""url"": """"}, {""description"": ""Wilson Free Throw 1 of 2 (16 PTS)"", ""url"": """"}, {""description"": ""Wilson Free Throw 2 of 2 (17 PTS)"", ""url"": """"}]"
wnba,wnba_shot_pace,shot_pace,possessions,get-possessions,2025,Regular Season,team,"{'OffDef': 'Offense', 'Season': '2025', 'SeasonType': 'Regular Season', 'TeamId': '1611661319'}",shot_pace,1611661319,4Q/OT | margin -3..3 | 300..120,get-possessions__possessions__off_def-Offense__season-2025__season_type-Regular_Season__team_id-1611661319__9cf2cba8,get-possessions,https://api.pbpstats.com/get-possessions/wnba?OffDef=Offense&Season=2025&SeasonType=Regular+Season&TeamId=1611661319,200,271,00:49,"Young 25' 3PT Pullup Jump Shot (12 PTS)
",0,0,1,1,2025-09-04,1022500267,0,0,MIN,2,0,0,01:05,Off Dead Ball,0,"[{""description"": ""Young 25' 3PT Pullup Jump Shot (12 PTS)"", ""url"": """"}]"
wnba,wnba_shot_pace,shot_pace,possessions,get-possessions,2025,Regular Season,team,"{'OffDef': 'Offense', 'Season': '2025', 'SeasonType': 'Regular Season', 'TeamId': '1611661319'}",shot_pace,1611661319,4Q/OT | margin -3..3 | 300..120,get-possessions__possessions__off_def-Offense__season-2025__season_type-Regular_Season__team_id-1611661319__9cf2cba8,get-possessions,https://api.pbpstats.com/get-possessions/wnba?OffDef=Offense&Season=2025&SeasonType=Regular+Season&TeamId=1611661319,200,272,01:17,"Carleton P.FOUL (P1.T4)
MISS Evans 6' Driving Floating Jump Shot
Collier REBOUND (Off:1 Def:2)
",1,0,0,0,2025-09-04,1022500267,0,0,MIN,2,0,0,01:42,Off Long Mid-Range Make,0,"[{""description"": ""Carleton P.FOUL (P1.T4)"", ""url"": """"}, {""description"": ""MISS Evans 6' Driving Floating Jump Shot"", ""url"": """"}, {""description"": ""Collier REBOUND (Off:1 Def:2)"", ""url"": """"}]"
wnba,wnba_shot_pace,shot_pace,possessions,get-possessions,2025,Regular Season,team,"{'OffDef': 'Offense', 'Season': '2025', 'SeasonType': 'Regular Season', 'TeamId': '1611661319'}",shot_pace,1611661319,4Q/OT | margin -3..3 | 300..120,get-possessions__possessions__off_def-Offense__season-2025__season_type-Regular_Season__team_id-1611661319__9cf2cba8,get-possessions,https://api.pbpstats.com/get-possessions/wnba?OffDef=Offense&Season=2025&SeasonType=Regular+Season&TeamId=1611661319,200,273,01:57,"Gray Out of Bounds - Bad Pass Turnover Turnover (P2.T6)
",0,0,0,0,2025-09-04,1022500267,0,0,MIN,2,0,2,02:08,Off Dead Ball,1,"[{""description"": ""Gray Out of Bounds - Bad Pass Turnover Turnover (P2.T6)"", ""url"": """"}]"
wnba,wnba_shot_pace,shot_pace,possessions,get-possessions,2025,Regular Season,team,"{'OffDef': 'Offense', 'Season': '2025', 'SeasonType': 'Regular Season', 'TeamId': '1611661319'}",shot_pace,1611661319,4Q/OT | margin -3..3 | 300..120,get-possessions__possessions__off_def-Offense__season-2025__season_type-Regular_Season__team_id-1611661319__9cf2cba8,get-possessions,https://api.pbpstats.com/get-possessions/wnba?OffDef=Offense&Season=2025&SeasonType=Regular+Season&TeamId=1611661319,200,274,02:31,"Kliundikova S.FOUL (P1.T3)
MISS Wilson Free Throw 1 of 2
ACES Rebound
Wilson Free Throw 2 of 2 (15 PTS)
",0,0,0,0,2025-09-04,1022500267,0,0,MIN,2,1,1,02:48,Off At Rim Make,0,"[{""description"": ""Kliundikova S.FOUL (P1.T3)"", ""url"": """"}, {""description"": ""MISS Wilson Free Throw 1 of 2"", ""url"": """"}, {""description"": ""ACES Rebound"", ""url"": """"}, {""description"": ""Wilson Free Throw 2 of 2 (15 PTS)"", ""url"": """"}]"
wnba,wnba_shot_pace,shot_pace,possessions,get-possessions,2025,Regular Season,team,"{'OffDef': 'Offense', 'Season': '2025', 'SeasonType': 'Regular Season', 'TeamId': '1611661319'}",shot_pace,1611661319,4Q/OT | margin -3..3 | 300..120,get-possessions__possessions__off_def-Offense__season-2025__season_type-Regular_Season__team_id-1611661319__9cf2cba8,get-possessions,https://api.pbpstats.com/get-possessions/wnba?OffDef=Offense&Season=2025&SeasonType=Regular+Season&TeamId=1611661319,200,275,03:06,"Young 17' Pullup Jump Shot (9 PTS) (Gray 5 AST)
",1,1,0,0,2025-09-04,1022500267,0,0,MIN,2,0,1,03:28,Off Long Mid-Range Miss,0,"[{""description"": ""Young 17' Pullup Jump Shot (9 PTS) (Gray 5 AST)"", ""url"": """"}]"
wnba,wnba_shot_pace,shot_pace,possessions,get-possessions,2025,Regular Season,team,"{'OffDef': 'Offense', 'Season': '2025', 'SeasonType': 'Regular Season', 'TeamId': '1611661319'}",shot_pace,1611661319,4Q/OT | margin -3..3 | 300..120,get-possessions__possessions__off_def-Offense__season-2025__season_type-Regular_Season__team_id-1611661319__9cf2cba8,get-possessions,https://api.pbpstats.com/get-possessions/wnba?OffDef=Offense&Season=2025&SeasonType=Regular+Season&TeamId=1611661319,200,276,03:35,"MISS Gray 24' 3PT Jump Shot
Hiedeman REBOUND (Off:1 Def:3)
",0,0,1,0,2025-09-04,1022500267,0,0,MIN,2,0,1,03:51,Off At Rim Make,0,"[{""description"": ""MISS Gray 24' 3PT Jump Shot"", ""url"": """"}, {""description"": ""Hiedeman REBOUND (Off:1 Def:3)"", ""url"": """"}]"
wnba,wnba_shot_pace,shot_pace,possessions,get-possessions,2025,Regular Season,team,"{'OffDef': 'Offense', 'Season': '2025', 'SeasonType': 'Regular Season', 'TeamId': '1611661319'}",shot_pace,1611661319,4Q/OT | margin -3..3 | 300..120,get-possessions__possessions__off_def-Offense__season-2025__season_type-Regular_Season__team_id-1611661319__9cf2cba8,get-possessions,https://api.pbpstats.com/get-possessions/wnba?OffDef=Offense&Season=2025&SeasonType=Regular+Season&TeamId=1611661319,200,277,03:56,"MISS Smith 7' Driving Hook Shot
Collier REBOUND (Off:1 Def:1)
",1,0,0,0,2025-09-04,1022500267,0,0,MIN,2,0,3,04:09,Off FT Miss,0,"[{""description"": ""MISS Smith 7' Driving Hook Shot"", ""url"": """"}, {""description"": ""Collier REBOUND (Off:1 Def:1)"", ""url"": """"}]"
wnba,wnba_shot_pace,shot_pace,possessions,get-possessions,2025,Regular Season,team,"{'OffDef': 'Offense', 'Season': '2025', 'SeasonType': 'Regular Season', 'TeamId': '1611661319'}",shot_pace,1611661319,4Q/OT | margin -3..3 | 300..120,get-possessions__possessions__off_def-Offense__season-2025__season_type-Regular_Season__team_id-1611661319__9cf2cba8,get-possessions,https://api.pbpstats.com/get-possessions/wnba?OffDef=Offense&Season=2025&SeasonType=Regular+Season&TeamId=1611661319,200,278,04:26,"Gray 16' Pullup Jump Shot (6 PTS)
",1,1,0,0,2025-09-04,1022500267,0,0,MIN,2,0,2,04:48,Off At Rim Make,0,"[{""description"": ""Gray 16' Pullup Jump Shot (6 PTS)"", ""url"": """"}]"
wnba,wnba_shot_pace,shot_pace,possessions,get-possessions,2025,Regular Season,team,"{'OffDef': 'Offense', 'Season': '2025', 'SeasonType': 'Regular Season', 'TeamId': '1611661319'}",shot_pace,1611661319,4Q/OT | margin -3..3 | 300..120,get-possessions__possessions__off_def-Offense__season-2025__season_type-Regular_Season__team_id-1611661319__9cf2cba8,get-possessions,https://api.pbpstats.com/get-possessions/wnba?OffDef=Offense&Season=2025&SeasonType=Regular+Season&TeamId=1611661319,200,279,05:02,"Nye 24' 3PT Running Jump Shot (3 PTS) (Young 3 AST)
",0,0,1,1,2025-09-04,1022500267,0,0,MIN,2,0,1,05:06,Off Block,0,"[{""description"": ""Nye 24' 3PT Running Jump Shot (3 PTS) (Young 3 AST)"", ""url"": """"}]"
wnba,wnba_shot_pace,shot_pace,possessions,get-possessions,2025,Regular Season,team,"{'OffDef': 'Offense', 'Season': '2025', 'SeasonType': 'Regular Season', 'TeamId': '1611661319'}",shot_pace,1611661319,4Q/OT | margin -3..3 | 300..120,get-possessions__possessions__off_def-Offense__season-2025__season_type-Regular_Season__team_id-1611661319__9cf2cba8,get-possessions,https://api.pbpstats.com/get-possessions/wnba?OffDef=Offense&Season=2025&SeasonType=Regular+Season&TeamId=1611661319,200,280,05:26,"Gray 3' Driving Layup (4 PTS)
",1,1,0,0,2025-09-04,1022500267,0,0,MIN,2,0,-1,05:33,Off Arc 3 Miss,0,"[{""description"": ""Gray 3' Driving Layup (4 PTS)"", ""url"": """"}]"
wnba,wnba_shot_pace,shot_pace,possessions,get-possessions,2025,Regular Season,team,"{'OffDef': 'Offense', 'Season': '2025', 'SeasonType': 'Regular Season', 'TeamId': '1611661319'}",shot_pace,1611661319,4Q/OT | margin -3..3 | 300..120,get-possessions__possessions__off_def-Offense__season-2025__season_type-Regular_Season__team_id-1611661319__9cf2cba8,get-possessions,https://api.pbpstats.com/get-possessions/wnba?OffDef=Offense&Season=2025&SeasonType=Regular+Season&TeamId=1611661319,200,281,05:50,"MISS Young 12' Jump Shot
McBride REBOUND (Off:1 Def:2)
",1,0,0,0,2025-09-04,1022500267,0,0,MIN,2,0,-1,06:00,Off Arc 3 Miss,0,"[{""description"": ""MISS Young 12' Jump Shot"", ""url"": """"}, {""description"": ""McBride REBOUND (Off:1 Def:2)"", ""url"": """"}]"
wnba,wnba_shot_pace,shot_pace,possessions,get-possessions,2025,Regular Season,team,"{'OffDef': 'Offense', 'Season': '2025', 'SeasonType': 'Regular Season', 'TeamId': '1611661319'}",shot_pace,1611661319,4Q/OT | margin -3..3 | 300..120,get-possessions__possessions__off_def-Offense__season-2025__season_type-Regular_Season__team_id-1611661319__9cf2cba8,get-possessions,https://api.pbpstats.com/get-possessions/wnba?OffDef=Offense&Season=2025&SeasonType=Regular+Season&TeamId=1611661319,200,282,06:11,"Wilson Bad Pass Turnover (P1.T5): Hiedeman STEAL (2 STL)
",0,0,0,0,2025-09-04,1022500267,0,0,MIN,2,0,-1,06:30,Off At Rim Make,1,"[{""description"": ""Wilson Bad Pass Turnover (P1.T5): Hiedeman STEAL (2 STL)"", ""url"": """"}]"
wnba,wnba_shot_pace,shot_pace,possessions,get-possessions,2025,Regular Season,team,"{'OffDef': 'Offense', 'Season': '2025', 'SeasonType': 'Regular Season', 'TeamId': '1611661319'}",shot_pace,1611661319,4Q/OT | margin -3..3 | 300..120,get-possessions__possessions__off_def-Offense__season-2025__season_type-Regular_Season__team_id-1611661319__9cf2cba8,get-possessions,https://api.pbpstats.com/get-possessions/wnba?OffDef=Offense&Season=2025&SeasonType=Regular+Season&TeamId=1611661319,200,283,06:49,"Smith P.FOUL (P2.T2)
Wilson 9' Turnaround Jump Shot (14 PTS) (Gray 4 AST)
",1,1,0,0,2025-09-04,1022500267,0,0,MIN,2,0,-1,07:12,Off Arc 3 Make,0,"[{""description"": ""Smith P.FOUL (P2.T2)"", ""url"": """"}, {""description"": ""Wilson 9' Turnaround Jump Shot (14 PTS) (Gray 4 AST)"", ""url"": """"}]"
wnba,wnba_shot_pace,shot_pace,possessions,get-possessions,2025,Regular Season,team,"{'OffDef': 'Offense', 'Season': '2025', 'SeasonType': 'Regular Season', 'TeamId': '1611661319'}",shot_pace,1611661319,4Q/OT | margin -3..3 | 300..120,get-possessions__possessions__off_def-Offense__season-2025__season_type-Regular_Season__team_id-1611661319__9cf2cba8,get-possessions,https://api.pbpstats.com/get-possessions/wnba?OffDef=Offense&Season=2025&SeasonType=Regular+Season&TeamId=1611661319,200,284,07:37,"Wilson 3' Driving Layup (12 PTS) (Evans 1 AST)
",1,1,0,0,2025-09-04,1022500267,0,0,MIN,2,0,0,07:46,Off Arc 3 Miss,0,"[{""description"": ""Wilson 3' Driving Layup (12 PTS) (Evans 1 AST)"", ""url"": """"}]"
wnba,wnba_shot_pace,shot_pace,possessions,get-possessions,2025,Regular Season,team,"{'OffDef': 'Offense', 'Season': '2025', 'SeasonType': 'Regular Season', 'TeamId': '1611661319'}",shot_pace,1611661319,4Q/OT | margin -3..3 | 300..120,get-possessions__possessions__off_def-Offense__season-2025__season_type-Regular_Season__team_id-1611661319__9cf2cba8,get-possessions,https://api.pbpstats.com/get-possessions/wnba?OffDef=Offense&Season=2025&SeasonType=Regular+Season&TeamId=1611661319,200,285,07:53,"MISS Wilson 13' Turnaround Jump Shot
Williams REBOUND (Off:0 Def:1)
",1,0,0,0,2025-09-04,1022500267,0,0,MIN,2,0,0,08:09,Off Short Mid-Range Make,0,"[{""description"": ""MISS Wilson 13' Turnaround Jump Shot"", ""url"": """"}, {""description"": ""Williams REBOUND (Off:0 Def:1)"", ""url"": """"}]"
wnba,wnba_shot_pace,shot_pace,possessions,get-possessions,2025,Regular Season,team,"{'OffDef': 'Offense', 'Season': '2025', 'SeasonType': 'Regular Season', 'TeamId': '1611661319'}",shot_pace,1611661319,4Q/OT | margin -3..3 | 300..120,get-possessions__possessions__off_def-Offense__season-2025__season_type-Regular_Season__team_id-1611661319__9cf2cba8,get-possessions,https://api.pbpstats.com/get-possessions/wnba?OffDef=Offense&Season=2025&SeasonType=Regular+Season&TeamId=1611661319,200,286,08:28,"Smith S.FOUL (P1.T1)
Gray Free Throw 1 of 2 (1 PTS)
Gray Free Throw 2 of 2 (2 PTS)
",0,0,0,0,2025-09-04,1022500267,0,0,MIN,2,1,0,08:37,Off Short Mid-Range Make,0,"[{""description"": ""Smith S.FOUL (P1.T1)"", ""url"": """"}, {""description"": ""Gray Free Throw 1 of 2 (1 PTS)"", ""url"": """"}, {""description"": ""Gray Free Throw 2 of 2 (2 PTS)"", ""url"": """"}]"
wnba,wnba_shot_pace,shot_pace,possessions,get-possessions,2025,Regular Season,team,"{'OffDef': 'Offense', 'Season': '2025', 'SeasonType': 'Regular Season', 'TeamId': '1611661319'}",shot_pace,1611661319,4Q/OT | margin -3..3 | 300..120,get-possessions__possessions__off_def-Offense__season-2025__season_type-Regular_Season__team_id-1611661319__9cf2cba8,get-possessions,https://api.pbpstats.com/get-possessions/wnba?OffDef=Offense&Season=2025&SeasonType=Regular+Season&TeamId=1611661319,200,287,08:48,"MISS Stokes 3PT Jump Shot
Hiedeman REBOUND (Off:0 Def:2)
",0,0,1,0,2025-09-04,1022500267,0,0,MIN,2,0,2,09:00,Off Corner 3 Miss,0,"[{""description"": ""MISS Stokes 3PT Jump Shot"", ""url"": """"}, {""description"": ""Hiedeman REBOUND (Off:0 Def:2)"", ""url"": """"}]"
wnba,wnba_shot_pace,shot_pace,possessions,get-possessions,2025,Regular Season,team,"{'OffDef': 'Offense', 'Season': '2025', 'SeasonType': 'Regular Season', 'TeamId': '1611661319'}",shot_pace,1611661319,4Q/OT | margin -3..3 | 300..120,get-possessions__possessions__off_def-Offense__season-2025__season_type-Regular_Season__team_id-1611661319__9cf2cba8,get-possessions,https://api.pbpstats.com/get-possessions/wnba?OffDef=Offense&Season=2025&SeasonType=Regular+Season&TeamId=1611661319,200,288,09:17,"MISS Loyd 3PT Jump Shot
Stokes REBOUND (Off:1 Def:0)
Bell Traveling Turnover (P1.T4)
",0,0,1,0,2025-09-04,1022500267,0,1,MIN,2,0,2,09:30,Off Arc 3 Miss,1,"[{""description"": ""MISS Loyd 3PT Jump Shot"", ""url"": """"}, {""description"": ""Stokes REBOUND (Off:1 Def:0)"", ""url"": """"}, {""description"": ""Bell Traveling Turnover (P1.T4)"", ""url"": """"}]"
wnba,wnba_shot_pace,shot_pace,possessions,get-possessions,2025,Regular Season,team,"{'OffDef': 'Offense', 'Season': '2025', 'SeasonType': 'Regular Season', 'TeamId': '1611661319'}",shot_pace,1611661319,4Q/OT | margin -3..3 | 300..120,get-possessions__possessions__off_def-Offense__season-2025__season_type-Regular_Season__team_id-1611661319__9cf2cba8,get-possessions,https://api.pbpstats.com/get-possessions/wnba?OffDef=Offense&Season=2025&SeasonType=Regular+Season&TeamId=1611661319,200,289,09:43,"MISS Loyd 5' Driving Layup: Shepard BLOCK (1 BLK)
Shepard REBOUND (Off:0 Def:1)
",1,0,0,0,2025-09-04,1022500267,0,0,MIN,2,0,2,10:00,Off Dead Ball,0,"[{""description"": ""MISS Loyd 5' Driving Layup: Shepard BLOCK (1 BLK)"", ""url"": """"}, {""description"": ""Shepard REBOUND (Off:0 Def:1)"", ""url"": """"}]"
wnba,wnba_shot_pace,shot_pace,possessions,get-possessions,2025,Regular Season,team,"{'OffDef': 'Offense', 'Season': '2025', 'SeasonType': 'Regular Season', 'TeamId': '1611661319'}",shot_pace,1611661319,4Q/OT | margin -3..3 | 300..120,get-possessions__possessions__off_def-Offense__season-2025__season_type-Regular_Season__team_id-1611661319__9cf2cba8,get-possessions,https://api.pbpstats.com/get-possessions/wnba?OffDef=Offense&Season=2025&SeasonType=Regular+Season&TeamId=1611661319,200,290,00:00,"MISS Bell 27' 3PT Pullup Jump Shot
ACES Rebound
",0,0,1,0,2025-09-04,1022500267,0,0,MIN,1,0,2,00:11,Off Dead Ball,0,"[{""description"": ""MISS Bell 27' 3PT Pullup Jump Shot"", ""url"": """"}, {""description"": ""ACES Rebound"", ""url"": """"}]"
wnba,wnba_shot_pace,shot_pace,possessions,get-possessions,2025,Regular Season,team,"{'OffDef': 'Offense', 'Season': '2025', 'SeasonType': 'Regular Season', 'TeamId': '1611661319'}",shot_pace,1611661319,4Q/OT | margin -3..3 | 300..120,get-possessions__possessions__off_def-Offense__season-2025__season_type-Regular_Season__team_id-1611661319__9cf2cba8,get-possessions,https://api.pbpstats.com/get-possessions/wnba?OffDef=Offense&Season=2025&SeasonType=Regular+Season&TeamId=1611661319,200,291,00:27,"Evans 19' Pullup Jump Shot (2 PTS)
",1,1,0,0,2025-09-04,1022500267,0,0,MIN,1,0,0,00:41,Off Steal,0,"[{""description"": ""Evans 19' Pullup Jump Shot (2 PTS)"", ""url"": """"}]"
wnba,wnba_shot_pace,shot_pace,possessions,get-possessions,2025,Regular Season,team,"{'OffDef': 'Offense', 'Season': '2025', 'SeasonType': 'Regular Season', 'TeamId': '1611661319'}",shot_pace,1611661319,4Q/OT | margin -3..3 | 300..120,get-possessions__possessions__off_def-Offense__season-2025__season_type-Regular_Season__team_id-1611661319__9cf2cba8,get-possessions,https://api.pbpstats.com/get-possessions/wnba?OffDef=Offense&Season=2025&SeasonType=Regular+Season&TeamId=1611661319,200,292,00:48,"MISS Young 3PT Jump Shot
ACES Rebound
Shepard L.B.FOUL (P1.T1)
MISS Wilson 17' Pullup Jump Shot
Hiedeman REBOUND (Off:0 Def:1)
",1,0,1,0,2025-09-04,1022500267,0,1,MIN,1,0,0,01:16,Off Short Mid-Range Miss,0,"[{""description"": ""MISS Young 3PT Jump Shot"", ""url"": """"}, {""description"": ""ACES Rebound"", ""url"": """"}, {""description"": ""Shepard L.B.FOUL (P1.T1)"", ""url"": """"}, {""description"": ""MISS Wilson 17' Pullup Jump Shot"", ""url"": """"}, {""description"": ""Hiedeman REBOUND (Off:0 Def:1)"", ""url"": """"}]"
wnba,wnba_shot_pace,shot_pace,possessions,get-possessions,2025,Regular Season,team,"{'OffDef': 'Offense', 'Season': '2025', 'SeasonType': 'Regular Season', 'TeamId': '1611661319'}",shot_pace,1611661319,4Q/OT | margin -3..3 | 300..120,get-possessions__possessions__off_def-Offense__season-2025__season_type-Regular_Season__team_id-1611661319__9cf2cba8,get-possessions,https://api.pbpstats.com/get-possessions/wnba?OffDef=Offense&Season=2025&SeasonType=Regular+Season&TeamId=1611661319,200,293,01:29,"Young Lost Ball Turnover (P1.T3): Hiedeman STEAL (1 STL)
",0,0,0,0,2025-09-04,1022500267,0,0,MIN,1,0,0,01:49,Off Timeout,1,"[{""description"": ""Young Lost Ball Turnover (P1.T3): Hiedeman STEAL (1 STL)"", ""url"": """"}]"
wnba,wnba_shot_pace,shot_pace,possessions,get-possessions,2025,Regular Season,team,"{'OffDef': 'Offense', 'Season': '2025', 'SeasonType': 'Regular Season', 'TeamId': '1611661319'}",shot_pace,1611661319,4Q/OT | margin -3..3 | 300..120,get-possessions__possessions__off_def-Offense__season-2025__season_type-Regular_Season__team_id-1611661319__9cf2cba8,get-possessions,https://api.pbpstats.com/get-possessions/wnba?OffDef=Offense&Season=2025&SeasonType=Regular+Season&TeamId=1611661319,200,294,02:04,"Loyd Bad Pass Turnover (P1.T2): Williams STEAL (1 STL)
",0,0,0,0,2025-09-04,1022500267,0,0,MIN,1,0,2,02:25,Off Long Mid-Range Make,1,"[{""description"": ""Loyd Bad Pass Turnover (P1.T2): Williams STEAL (1 STL)"", ""url"": """"}]"
wnba,wnba_shot_pace,shot_pace,possessions,get-possessions,2025,Regular Season,team,"{'OffDef': 'Offense', 'Season': '2025', 'SeasonType': 'Regular Season', 'TeamId': '1611661319'}",shot_pace,1611661319,4Q/OT | margin -3..3 | 300..120,get-possessions__possessions__off_def-Offense__season-2025__season_type-Regular_Season__team_id-1611661319__9cf2cba8,get-possessions,https://api.pbpstats.com/get-possessions/wnba?OffDef=Offense&Season=2025&SeasonType=Regular+Season&TeamId=1611661319,200,295,02:36,"Young 3' Driving Layup (7 PTS) (Loyd 1 AST)
",1,1,0,0,2025-09-04,1022500267,0,0,MIN,1,0,2,02:47,Off Arc 3 Miss,0,"[{""description"": ""Young 3' Driving Layup (7 PTS) (Loyd 1 AST)"", ""url"": """"}]"
wnba,wnba_shot_pace,shot_pace,possessions,get-possessions,2025,Regular Season,team,"{'OffDef': 'Offense', 'Season': '2025', 'SeasonType': 'Regular Season', 'TeamId': '1611661319'}",shot_pace,1611661319,4Q/OT | margin -3..3 | 300..120,get-possessions__possessions__off_def-Offense__season-2025__season_type-Regular_Season__team_id-1611661319__9cf2cba8,get-possessions,https://api.pbpstats.com/get-possessions/wnba?OffDef=Offense&Season=2025&SeasonType=Regular+Season&TeamId=1611661319,200,296,03:03,"Young 26' 3PT Pullup Jump Shot (5 PTS)
",0,0,1,1,2025-09-04,1022500267,0,0,MIN,1,0,-1,03:17,Off At Rim Make,0,"[{""description"": ""Young 26' 3PT Pullup Jump Shot (5 PTS)"", ""url"": """"}]"
wnba,wnba_shot_pace,shot_pace,possessions,get-possessions,2025,Regular Season,team,"{'OffDef': 'Offense', 'Season': '2025', 'SeasonType': 'Regular Season', 'TeamId': '1611661319'}",shot_pace,1611661319,4Q/OT | margin -3..3 | 300..120,get-possessions__possessions__off_def-Offense__season-2025__season_type-Regular_Season__team_id-1611661319__9cf2cba8,get-possessions,https://api.pbpstats.com/get-possessions/wnba?OffDef=Offense&Season=2025&SeasonType=Regular+Season&TeamId=1611661319,200,297,03:22,"Gray Bad Pass Turnover (P1.T1): McBride STEAL (1 STL)
",0,0,0,0,2025-09-04,1022500267,0,0,MIN,1,0,1,03:42,Off At Rim Make,1,"[{""description"": ""Gray Bad Pass Turnover (P1.T1): McBride STEAL (1 STL)"", ""url"": """"}]"
wnba,wnba_shot_pace,shot_pace,possessions,get-possessions,2025,Regular Season,team,"{'OffDef': 'Offense', 'Season': '2025', 'SeasonType': 'Regular Season', 'TeamId': '1611661319'}",shot_pace,1611661319,4Q/OT | margin -3..3 | 300..120,get-possessions__possessions__off_def-Offense__season-2025__season_type-Regular_Season__team_id-1611661319__9cf2cba8,get-possessions,https://api.pbpstats.com/get-possessions/wnba?OffDef=Offense&Season=2025&SeasonType=Regular+Season&TeamId=1611661319,200,298,04:01,"Young 4' Running Layup (2 PTS)
",1,1,0,0,2025-09-04,1022500267,0,0,MIN,1,0,1,04:06,Off Corner 3 Miss,0,"[{""description"": ""Young 4' Running Layup (2 PTS)"", ""url"": """"}]"
wnba,wnba_shot_pace,shot_pace,possessions,get-possessions,2025,Regular Season,team,"{'OffDef': 'Offense', 'Season': '2025', 'SeasonType': 'Regular Season', 'TeamId': '1611661319'}",shot_pace,1611661319,4Q/OT | margin -3..3 | 300..120,get-possessions__possessions__off_def-Offense__season-2025__season_type-Regular_Season__team_id-1611661319__9cf2cba8,get-possessions,https://api.pbpstats.com/get-possessions/wnba?OffDef=Offense&Season=2025&SeasonType=Regular+Season&TeamId=1611661319,200,299,04:31,"Loyd 24' 3PT Running Jump Shot (3 PTS) (Gray 3 AST)
",0,0,1,1,2025-09-04,1022500267,0,0,MIN,1,0,-2,04:37,Off Steal,0,"[{""description"": ""Loyd 24' 3PT Running Jump Shot (3 PTS) (Gray 3 AST)"", ""url"": """"}]"
wnba,wnba_shot_pace,shot_pace,possessions,get-possessions,2025,Regular Season,team,"{'OffDef': 'Offense', 'Season': '2025', 'SeasonType': 'Regular Season', 'TeamId': '1611661319'}",shot_pace,1611661319,4Q/OT | margin -3..3 | 300..120,get-possessions__possessions__off_def-Offense__season-2025__season_type-Regular_Season__team_id-1611661319__9cf2cba8,get-possessions,https://api.pbpstats.com/get-possessions/wnba?OffDef=Offense&Season=2025&SeasonType=Regular+Season&TeamId=1611661319,200,300,04:48,"MISS Gray 15' Pullup Jump Shot
Loyd REBOUND (Off:1 Def:0)
Wilson 12' Turnaround Fadeaway (10 PTS) (Young 2 AST)
",2,1,0,0,2025-09-04,1022500267,0,1,MIN,1,0,-4,05:16,Off Long Mid-Range Make,0,"[{""description"": ""MISS Gray 15' Pullup Jump Shot"", ""url"": """"}, {""description"": ""Loyd REBOUND (Off:1 Def:0)"", ""url"": """"}, {""description"": ""Wilson 12' Turnaround Fadeaway (10 PTS) (Young 2 AST)"", ""url"": """"}]"
wnba,wnba_shot_pace,shot_pace,possessions,get-possessions,2025,Regular Season,team,"{'OffDef': 'Offense', 'Season': '2025', 'SeasonType': 'Regular Season', 'TeamId': '1611661319'}",shot_pace,1611661319,4Q/OT | margin -3..3 | 300..120,get-possessions__possessions__off_def-Offense__season-2025__season_type-Regular_Season__team_id-1611661319__9cf2cba8,get-possessions,https://api.pbpstats.com/get-possessions/wnba?OffDef=Offense&Season=2025&SeasonType=Regular+Season&TeamId=1611661319,200,301,05:30,"Wilson 14' Turnaround Jump Shot (8 PTS)
",1,1,0,0,2025-09-04,1022500267,0,0,MIN,1,0,-4,05:50,Off Long Mid-Range Make,0,"[{""description"": ""Wilson 14' Turnaround Jump Shot (8 PTS)"", ""url"": """"}]"
wnba,wnba_shot_pace,shot_pace,possessions,get-possessions,2025,Regular Season,team,"{'OffDef': 'Offense', 'Season': '2025', 'SeasonType': 'Regular Season', 'TeamId': '1611661319'}",shot_pace,1611661319,4Q/OT | margin -3..3 | 300..120,get-possessions__possessions__off_def-Offense__season-2025__season_type-Regular_Season__team_id-1611661319__9cf2cba8,get-possessions,https://api.pbpstats.com/get-possessions/wnba?OffDef=Offense&Season=2025&SeasonType=Regular+Season&TeamId=1611661319,200,302,06:00,"MISS Gray 27' 3PT Step Back Jump Shot
Bell REBOUND (Off:1 Def:1)
Bell 8' Jump Bank Shot (2 PTS)
",1,1,1,0,2025-09-04,1022500267,0,1,MIN,1,0,-4,06:29,Off Arc 3 Make,0,"[{""description"": ""MISS Gray 27' 3PT Step Back Jump Shot"", ""url"": """"}, {""description"": ""Bell REBOUND (Off:1 Def:1)"", ""url"": """"}, {""description"": ""Bell 8' Jump Bank Shot (2 PTS)"", ""url"": """"}]"
wnba,wnba_shot_pace,shot_pace,possessions,get-possessions,2025,Regular Season,team,"{'OffDef': 'Offense', 'Season': '2025', 'SeasonType': 'Regular Season', 'TeamId': '1611661319'}",shot_pace,1611661319,4Q/OT | margin -3..3 | 300..120,get-possessions__possessions__off_def-Offense__season-2025__season_type-Regular_Season__team_id-1611661319__9cf2cba8,get-possessions,https://api.pbpstats.com/get-possessions/wnba?OffDef=Offense&Season=2025&SeasonType=Regular+Season&TeamId=1611661319,200,303,06:46,"Smith 2' Driving Layup (2 PTS) (Young 1 AST)
",1,1,0,0,2025-09-04,1022500267,0,0,MIN,1,0,-3,06:55,Off Short Mid-Range Miss,0,"[{""description"": ""Smith 2' Driving Layup (2 PTS) (Young 1 AST)"", ""url"": """"}]"
wnba,wnba_shot_pace,shot_pace,possessions,get-possessions,2025,Regular Season,team,"{'OffDef': 'Offense', 'Season': '2025', 'SeasonType': 'Regular Season', 'TeamId': '1611661319'}",shot_pace,1611661319,4Q/OT | margin -3..3 | 300..120,get-possessions__possessions__off_def-Offense__season-2025__season_type-Regular_Season__team_id-1611661319__9cf2cba8,get-possessions,https://api.pbpstats.com/get-possessions/wnba?OffDef=Offense&Season=2025&SeasonType=Regular+Season&TeamId=1611661319,200,304,07:22,"Wilson 14' Pullup Jump Shot (6 PTS) (Bell 1 AST)
",1,1,0,0,2025-09-04,1022500267,0,0,MIN,1,0,-5,07:37,Off Corner 3 Make,0,"[{""description"": ""Wilson 14' Pullup Jump Shot (6 PTS) (Bell 1 AST)"", ""url"": """"}]"
wnba,wnba_shot_pace,shot_pace,possessions,get-possessions,2025,Regular Season,team,"{'OffDef': 'Offense', 'Season': '2025', 'SeasonType': 'Regular Season', 'TeamId': '1611661319'}",shot_pace,1611661319,4Q/OT | margin -3..3 | 300..120,get-possessions__possessions__off_def-Offense__season-2025__season_type-Regular_Season__team_id-1611661319__9cf2cba8,get-possessions,https://api.pbpstats.com/get-possessions/wnba?OffDef=Offense&Season=2025&SeasonType=Regular+Season&TeamId=1611661319,200,305,07:56,"Wilson 6' Jump Shot (4 PTS) (Gray 2 AST)
",1,1,0,0,2025-09-04,1022500267,0,0,MIN,1,0,-4,08:08,Off Steal,0,"[{""description"": ""Wilson 6' Jump Shot (4 PTS) (Gray 2 AST)"", ""url"": """"}]"
wnba,wnba_shot_pace,shot_pace,possessions,get-possessions,2025,Regular Season,team,"{'OffDef': 'Offense', 'Season': '2025', 'SeasonType': 'Regular Season', 'TeamId': '1611661319'}",shot_pace,1611661319,4Q/OT | margin -3..3 | 300..120,get-possessions__possessions__off_def-Offense__season-2025__season_type-Regular_Season__team_id-1611661319__9cf2cba8,get-possessions,https://api.pbpstats.com/get-possessions/wnba?OffDef=Offense&Season=2025&SeasonType=Regular+Season&TeamId=1611661319,200,306,08:11,"MISS Smith 3' Cutting Layup Shot
Smith REBOUND (Off:0 Def:1)
",1,0,0,0,2025-09-04,1022500267,0,0,MIN,1,0,-4,08:34,Off Corner 3 Make,0,"[{""description"": ""MISS Smith 3' Cutting Layup Shot"", ""url"": """"}, {""description"": ""Smith REBOUND (Off:0 Def:1)"", ""url"": """"}]"
wnba,wnba_shot_pace,shot_pace,possessions,get-possessions,2025,Regular Season,team,"{'OffDef': 'Offense', 'Season': '2025', 'SeasonType': 'Regular Season', 'TeamId': '1611661319'}",shot_pace,1611661319,4Q/OT | margin -3..3 | 300..120,get-possessions__possessions__off_def-Offense__season-2025__season_type-Regular_Season__team_id-1611661319__9cf2cba8,get-possessions,https://api.pbpstats.com/get-possessions/wnba?OffDef=Offense&Season=2025&SeasonType=Regular+Season&TeamId=1611661319,200,307,08:39,"MISS Smith 5' Driving Layup
McBride REBOUND (Off:0 Def:1)
",1,0,0,0,2025-09-04,1022500267,0,0,MIN,1,0,-1,08:52,Off Short Mid-Range Miss,0,"[{""description"": ""MISS Smith 5' Driving Layup"", ""url"": """"}, {""description"": ""McBride REBOUND (Off:0 Def:1)"", ""url"": """"}]"
wnba,wnba_shot_pace,shot_pace,possessions,get-possessions,2025,Regular Season,team,"{'OffDef': 'Offense', 'Season': '2025', 'SeasonType': 'Regular Season', 'TeamId': '1611661319'}",shot_pace,1611661319,4Q/OT | margin -3..3 | 300..120,get-possessions__possessions__off_def-Offense__season-2025__season_type-Regular_Season__team_id-1611661319__9cf2cba8,get-possessions,https://api.pbpstats.com/get-possessions/wnba?OffDef=Offense&Season=2025&SeasonType=Regular+Season&TeamId=1611661319,200,308,09:17,"Wilson 7' Turnaround Jump Shot (2 PTS) (Gray 1 AST)
",1,1,0,0,2025-09-04,1022500267,0,0,MIN,1,0,-3,09:41,Off Arc 3 Make,0,"[{""description"": ""Wilson 7' Turnaround Jump Shot (2 PTS) (Gray 1 AST)"", ""url"": """"}]"
wnba,wnba_shot_pace,shot_pace,possessions,get-possessions,2025,Regular Season,team,"{'OffDef': 'Offense', 'Season': '2025', 'SeasonType': 'Regular Season', 'TeamId': '1611661319'}",shot_pace,1611661319,4Q/OT | margin -3..3 | 300..120,get-possessions__possessions__off_def-Offense__season-2025__season_type-Regular_Season__team_id-1611661319__9cf2cba8,get-possessions,https://api.pbpstats.com/get-possessions/wnba?OffDef=Offense&Season=2025&SeasonType=Regular+Season&TeamId=1611661319,200,309,00:08,"Hillmon Personal Take Foul (P1.PN)
Wilson Free Throw 1 of 2 (33 PTS)
Wilson Free Throw 2 of 2 (34 PTS)
",0,0,0,0,2025-08-27,1022500245,1,0,ATL,4,0,4,00:10,Off Timeout,0,"[{""description"": ""Hillmon Personal Take Foul (P1.PN)"", ""url"": """"}, {""description"": ""Wilson Free Throw 1 of 2 (33 PTS)"", ""url"": """"}, {""description"": ""Wilson Free Throw 2 of 2 (34 PTS)"", ""url"": """"}]"
wnba,wnba_shot_pace,shot_pace,possessions,get-possessions,2025,Regular Season,team,"{'OffDef': 'Offense', 'Season': '2025', 'SeasonType': 'Regular Season', 'TeamId': '1611661319'}",shot_pace,1611661319,4Q/OT | margin -3..3 | 300..120,get-possessions__possessions__off_def-Offense__season-2025__season_type-Regular_Season__team_id-1611661319__9cf2cba8,get-possessions,https://api.pbpstats.com/get-possessions/wnba?OffDef=Offense&Season=2025&SeasonType=Regular+Season&TeamId=1611661319,200,310,00:25,"Gray 24' 3PT Jump Shot (14 PTS) (Loyd 3 AST)
",0,0,1,1,2025-08-27,1022500245,0,0,ATL,4,0,4,00:45,Off Long Mid-Range Make,0,"[{""description"": ""Gray 24' 3PT Jump Shot (14 PTS) (Loyd 3 AST)"", ""url"": """"}]"
wnba,wnba_shot_pace,shot_pace,possessions,get-possessions,2025,Regular Season,team,"{'OffDef': 'Offense', 'Season': '2025', 'SeasonType': 'Regular Season', 'TeamId': '1611661319'}",shot_pace,1611661319,4Q/OT | margin -3..3 | 300..120,get-possessions__possessions__off_def-Offense__season-2025__season_type-Regular_Season__team_id-1611661319__9cf2cba8,get-possessions,https://api.pbpstats.com/get-possessions/wnba?OffDef=Offense&Season=2025&SeasonType=Regular+Season&TeamId=1611661319,200,311,00:51,"Loyd 24' 3PT Jump Shot (14 PTS) (Young 10 AST)
",0,0,1,1,2025-08-27,1022500245,0,0,ATL,4,0,3,01:07,Off Corner 3 Make,0,"[{""description"": ""Loyd 24' 3PT Jump Shot (14 PTS) (Young 10 AST)"", ""url"": """"}]"
wnba,wnba_shot_pace,shot_pace,possessions,get-possessions,2025,Regular Season,team,"{'OffDef': 'Offense', 'Season': '2025', 'SeasonType': 'Regular Season', 'TeamId': '1611661319'}",shot_pace,1611661319,4Q/OT | margin -3..3 | 300..120,get-possessions__possessions__off_def-Offense__season-2025__season_type-Regular_Season__team_id-1611661319__9cf2cba8,get-possessions,https://api.pbpstats.com/get-possessions/wnba?OffDef=Offense&Season=2025&SeasonType=Regular+Season&TeamId=1611661319,200,312,01:09,"Gray Out of Bounds - Bad Pass Turnover Turnover (P2.T7)
",0,0,0,0,2025-08-27,1022500245,0,0,ATL,4,0,6,01:29,Off At Rim Make,1,"[{""description"": ""Gray Out of Bounds - Bad Pass Turnover Turnover (P2.T7)"", ""url"": """"}]"
wnba,wnba_shot_pace,shot_pace,possessions,get-possessions,2025,Regular Season,team,"{'OffDef': 'Offense', 'Season': '2025', 'SeasonType': 'Regular Season', 'TeamId': '1611661319'}",shot_pace,1611661319,4Q/OT | margin -3..3 | 300..120,get-possessions__possessions__off_def-Offense__season-2025__season_type-Regular_Season__team_id-1611661319__9cf2cba8,get-possessions,https://api.pbpstats.com/get-possessions/wnba?OffDef=Offense&Season=2025&SeasonType=Regular+Season&TeamId=1611661319,200,313,01:37,"MISS Gray 17' Pullup Jump Shot
Loyd REBOUND (Off:1 Def:1)
Jones P.FOUL (P3.T3)
Jones STEAL (2 STL): Young Lost Ball Turnover (P1.T6)
",1,0,0,0,2025-08-27,1022500245,0,1,ATL,4,0,8,02:09,Off Steal,1,"[{""description"": ""MISS Gray 17' Pullup Jump Shot"", ""url"": """"}, {""description"": ""Loyd REBOUND (Off:1 Def:1)"", ""url"": """"}, {""description"": ""Jones P.FOUL (P3.T3)"", ""url"": """"}, {""description"": ""Jones STEAL (2 STL): Young Lost Ball Turnover (P1.T6)"", ""url"": """"}]"
wnba,wnba_shot_pace,shot_pace,possessions,get-possessions,2025,Regular Season,team,"{'OffDef': 'Offense', 'Season': '2025', 'SeasonType': 'Regular Season', 'TeamId': '1611661319'}",shot_pace,1611661319,4Q/OT | margin -3..3 | 300..120,get-possessions__possessions__off_def-Offense__season-2025__season_type-Regular_Season__team_id-1611661319__9cf2cba8,get-possessions,https://api.pbpstats.com/get-possessions/wnba?OffDef=Offense&Season=2025&SeasonType=Regular+Season&TeamId=1611661319,200,314,02:31,"Jones BLOCK (1 BLK): MISS Wilson 2' Layup
Young REBOUND (Off:2 Def:9)
Howard S.FOUL (P2.T2)
MISS Wilson Free Throw 1 of 2
Aces Rebound
Wilson Free Throw 2 of 2 (32 PTS)
",1,0,0,0,2025-08-27,1022500245,0,1,ATL,4,1,7,02:55,Off Timeout,0,"[{""description"": ""Jones BLOCK (1 BLK): MISS Wilson 2' Layup"", ""url"": """"}, {""description"": ""Young REBOUND (Off:2 Def:9)"", ""url"": """"}, {""description"": ""Howard S.FOUL (P2.T2)"", ""url"": """"}, {""description"": ""MISS Wilson Free Throw 1 of 2"", ""url"": """"}, {""description"": ""Aces Rebound"", ""url"": """"}, {""description"": ""Wilson Free Throw 2 of 2 (32 PTS)"", ""url"": """"}]"
wnba,wnba_shot_pace,shot_pace,possessions,get-possessions,2025,Regular Season,team,"{'OffDef': 'Offense', 'Season': '2025', 'SeasonType': 'Regular Season', 'TeamId': '1611661319'}",shot_pace,1611661319,4Q/OT | margin -3..3 | 300..120,get-possessions__possessions__off_def-Offense__season-2025__season_type-Regular_Season__team_id-1611661319__9cf2cba8,get-possessions,https://api.pbpstats.com/get-possessions/wnba?OffDef=Offense&Season=2025&SeasonType=Regular+Season&TeamId=1611661319,200,315,03:03,"MISS Young 24' 3PT Pullup Jump Shot
Hillmon REBOUND (Off:2 Def:11)
",0,0,1,0,2025-08-27,1022500245,0,0,ATL,4,0,9,03:34,Off Short Mid-Range Make,0,"[{""description"": ""MISS Young 24' 3PT Pullup Jump Shot"", ""url"": """"}, {""description"": ""Hillmon REBOUND (Off:2 Def:11)"", ""url"": """"}]"
wnba,wnba_shot_pace,shot_pace,possessions,get-possessions,2025,Regular Season,team,"{'OffDef': 'Offense', 'Season': '2025', 'SeasonType': 'Regular Season', 'TeamId': '1611661319'}",shot_pace,1611661319,4Q/OT | margin -3..3 | 300..120,get-possessions__possessions__off_def-Offense__season-2025__season_type-Regular_Season__team_id-1611661319__9cf2cba8,get-possessions,https://api.pbpstats.com/get-possessions/wnba?OffDef=Offense&Season=2025&SeasonType=Regular+Season&TeamId=1611661319,200,316,03:59,"Young 12' Pullup Jump Shot (10 PTS)
",1,1,0,0,2025-08-27,1022500245,0,0,ATL,4,0,9,04:15,Off FT Make,0,"[{""description"": ""Young 12' Pullup Jump Shot (10 PTS)"", ""url"": """"}]"
wnba,wnba_shot_pace,shot_pace,possessions,get-possessions,2025,Regular Season,team,"{'OffDef': 'Offense', 'Season': '2025', 'SeasonType': 'Regular Season', 'TeamId': '1611661319'}",shot_pace,1611661319,4Q/OT | margin -3..3 | 300..120,get-possessions__possessions__off_def-Offense__season-2025__season_type-Regular_Season__team_id-1611661319__9cf2cba8,get-possessions,https://api.pbpstats.com/get-possessions/wnba?OffDef=Offense&Season=2025&SeasonType=Regular+Season&TeamId=1611661319,200,317,04:16,"Griner BLOCK (1 BLK): MISS Wilson 2' Running Layup
Gray REBOUND (Off:1 Def:3)
",1,0,0,0,2025-08-27,1022500245,0,0,ATL,4,0,11,04:27,Off At Rim Miss,0,"[{""description"": ""Griner BLOCK (1 BLK): MISS Wilson 2' Running Layup"", ""url"": """"}, {""description"": ""Gray REBOUND (Off:1 Def:3)"", ""url"": """"}]"
wnba,wnba_shot_pace,shot_pace,possessions,get-possessions,2025,Regular Season,team,"{'OffDef': 'Offense', 'Season': '2025', 'SeasonType': 'Regular Season', 'TeamId': '1611661319'}",shot_pace,1611661319,4Q/OT | margin -3..3 | 300..120,get-possessions__possessions__off_def-Offense__season-2025__season_type-Regular_Season__team_id-1611661319__9cf2cba8,get-possessions,https://api.pbpstats.com/get-possessions/wnba?OffDef=Offense&Season=2025&SeasonType=Regular+Season&TeamId=1611661319,200,318,04:33,"MISS Evans 3PT Running Jump Shot
Howard REBOUND (Off:0 Def:4)
",0,0,1,0,2025-08-27,1022500245,0,0,ATL,4,0,11,04:42,Off At Rim Block,0,"[{""description"": ""MISS Evans 3PT Running Jump Shot"", ""url"": """"}, {""description"": ""Howard REBOUND (Off:0 Def:4)"", ""url"": """"}]"
wnba,wnba_shot_pace,shot_pace,possessions,get-possessions,2025,Regular Season,team,"{'OffDef': 'Offense', 'Season': '2025', 'SeasonType': 'Regular Season', 'TeamId': '1611661319'}",shot_pace,1611661319,4Q/OT | margin -3..3 | 300..120,get-possessions__possessions__off_def-Offense__season-2025__season_type-Regular_Season__team_id-1611661319__9cf2cba8,get-possessions,https://api.pbpstats.com/get-possessions/wnba?OffDef=Offense&Season=2025&SeasonType=Regular+Season&TeamId=1611661319,200,319,05:02,"Wilson 8' Jump Shot (31 PTS) (Gray 5 AST)
",1,1,0,0,2025-08-27,1022500245,0,0,ATL,4,0,9,05:15,Off Timeout,0,"[{""description"": ""Wilson 8' Jump Shot (31 PTS) (Gray 5 AST)"", ""url"": """"}]"
wnba,wnba_shot_pace,shot_pace,possessions,get-possessions,2025,Regular Season,team,"{'OffDef': 'Offense', 'Season': '2025', 'SeasonType': 'Regular Season', 'TeamId': '1611661319'}",shot_pace,1611661319,4Q/OT | margin -3..3 | 300..120,get-possessions__possessions__off_def-Offense__season-2025__season_type-Regular_Season__team_id-1611661319__9cf2cba8,get-possessions,https://api.pbpstats.com/get-possessions/wnba?OffDef=Offense&Season=2025&SeasonType=Regular+Season&TeamId=1611661319,200,320,05:21,"MISS Young 3' Driving Layup
Hillmon REBOUND (Off:2 Def:10)
",1,0,0,0,2025-08-27,1022500245,0,0,ATL,4,0,9,05:42,Off Arc 3 Make,0,"[{""description"": ""MISS Young 3' Driving Layup"", ""url"": """"}, {""description"": ""Hillmon REBOUND (Off:2 Def:10)"", ""url"": """"}]"
wnba,wnba_shot_pace,shot_pace,possessions,get-possessions,2025,Regular Season,team,"{'OffDef': 'Offense', 'Season': '2025', 'SeasonType': 'Regular Season', 'TeamId': '1611661319'}",shot_pace,1611661319,4Q/OT | margin -3..3 | 300..120,get-possessions__possessions__off_def-Offense__season-2025__season_type-Regular_Season__team_id-1611661319__9cf2cba8,get-possessions,https://api.pbpstats.com/get-possessions/wnba?OffDef=Offense&Season=2025&SeasonType=Regular+Season&TeamId=1611661319,200,321,05:48,"MISS Gray 3' Driving Layup
Hillmon REBOUND (Off:2 Def:9)
",1,0,0,0,2025-08-27,1022500245,0,0,ATL,4,0,12,05:58,Off At Rim Miss,0,"[{""description"": ""MISS Gray 3' Driving Layup"", ""url"": """"}, {""description"": ""Hillmon REBOUND (Off:2 Def:9)"", ""url"": """"}]"
wnba,wnba_shot_pace,shot_pace,possessions,get-possessions,2025,Regular Season,team,"{'OffDef': 'Offense', 'Season': '2025', 'SeasonType': 'Regular Season', 'TeamId': '1611661319'}",shot_pace,1611661319,4Q/OT | margin -3..3 | 300..120,get-possessions__possessions__off_def-Offense__season-2025__season_type-Regular_Season__team_id-1611661319__9cf2cba8,get-possessions,https://api.pbpstats.com/get-possessions/wnba?OffDef=Offense&Season=2025&SeasonType=Regular+Season&TeamId=1611661319,200,322,06:28,"Jones S.FOUL (P2.T1)
Wilson Free Throw 1 of 2 (29 PTS)
MISS Wilson Free Throw 2 of 2
Griner REBOUND (Off:2 Def:3)
",0,0,0,0,2025-08-27,1022500245,0,0,ATL,4,1,11,06:41,Off Arc 3 Miss,0,"[{""description"": ""Jones S.FOUL (P2.T1)"", ""url"": """"}, {""description"": ""Wilson Free Throw 1 of 2 (29 PTS)"", ""url"": """"}, {""description"": ""MISS Wilson Free Throw 2 of 2"", ""url"": """"}, {""description"": ""Griner REBOUND (Off:2 Def:3)"", ""url"": """"}]"
wnba,wnba_shot_pace,shot_pace,possessions,get-possessions,2025,Regular Season,team,"{'OffDef': 'Offense', 'Season': '2025', 'SeasonType': 'Regular Season', 'TeamId': '1611661319'}",shot_pace,1611661319,4Q/OT | margin -3..3 | 300..120,get-possessions__possessions__off_def-Offense__season-2025__season_type-Regular_Season__team_id-1611661319__9cf2cba8,get-possessions,https://api.pbpstats.com/get-possessions/wnba?OffDef=Offense&Season=2025&SeasonType=Regular+Season&TeamId=1611661319,200,323,06:59,"Wilson 12' Turnaround Jump Shot (28 PTS) (Evans 4 AST)
",1,1,0,0,2025-08-27,1022500245,0,0,ATL,4,0,9,07:17,Off At Rim Make,0,"[{""description"": ""Wilson 12' Turnaround Jump Shot (28 PTS) (Evans 4 AST)"", ""url"": """"}]"
wnba,wnba_shot_pace,shot_pace,possessions,get-possessions,2025,Regular Season,team,"{'OffDef': 'Offense', 'Season': '2025', 'SeasonType': 'Regular Season', 'TeamId': '1611661319'}",shot_pace,1611661319,4Q/OT | margin -3..3 | 300..120,get-possessions__possessions__off_def-Offense__season-2025__season_type-Regular_Season__team_id-1611661319__9cf2cba8,get-possessions,https://api.pbpstats.com/get-possessions/wnba?OffDef=Offense&Season=2025&SeasonType=Regular+Season&TeamId=1611661319,200,324,07:29,"Wilson 3' Driving Layup (26 PTS) (Evans 3 AST)
",1,1,0,0,2025-08-27,1022500245,0,0,ATL,4,0,9,07:45,Off Short Mid-Range Make,0,"[{""description"": ""Wilson 3' Driving Layup (26 PTS) (Evans 3 AST)"", ""url"": """"}]"
wnba,wnba_shot_pace,shot_pace,possessions,get-possessions,2025,Regular Season,team,"{'OffDef': 'Offense', 'Season': '2025', 'SeasonType': 'Regular Season', 'TeamId': '1611661319'}",shot_pace,1611661319,4Q/OT | margin -3..3 | 300..120,get-possessions__possessions__off_def-Offense__season-2025__season_type-Regular_Season__team_id-1611661319__9cf2cba8,get-possessions,https://api.pbpstats.com/get-possessions/wnba?OffDef=Offense&Season=2025&SeasonType=Regular+Season&TeamId=1611661319,200,325,08:03,"MISS Bell 5' Driving Layup
Caldwell REBOUND (Off:1 Def:3)
",1,0,0,0,2025-08-27,1022500245,0,0,ATL,4,0,11,08:11,Off At Rim Miss,0,"[{""description"": ""MISS Bell 5' Driving Layup"", ""url"": """"}, {""description"": ""Caldwell REBOUND (Off:1 Def:3)"", ""url"": """"}]"
wnba,wnba_shot_pace,shot_pace,possessions,get-possessions,2025,Regular Season,team,"{'OffDef': 'Offense', 'Season': '2025', 'SeasonType': 'Regular Season', 'TeamId': '1611661319'}",shot_pace,1611661319,4Q/OT | margin -3..3 | 300..120,get-possessions__possessions__off_def-Offense__season-2025__season_type-Regular_Season__team_id-1611661319__9cf2cba8,get-possessions,https://api.pbpstats.com/get-possessions/wnba?OffDef=Offense&Season=2025&SeasonType=Regular+Season&TeamId=1611661319,200,326,08:30,"Bell 1' Cutting Layup Shot (5 PTS) (Evans 2 AST)
",1,1,0,0,2025-08-27,1022500245,0,0,ATL,4,0,9,08:52,Off At Rim Make,0,"[{""description"": ""Bell 1' Cutting Layup Shot (5 PTS) (Evans 2 AST)"", ""url"": """"}]"
wnba,wnba_shot_pace,shot_pace,possessions,get-possessions,2025,Regular Season,team,"{'OffDef': 'Offense', 'Season': '2025', 'SeasonType': 'Regular Season', 'TeamId': '1611661319'}",shot_pace,1611661319,4Q/OT | margin -3..3 | 300..120,get-possessions__possessions__off_def-Offense__season-2025__season_type-Regular_Season__team_id-1611661319__9cf2cba8,get-possessions,https://api.pbpstats.com/get-possessions/wnba?OffDef=Offense&Season=2025&SeasonType=Regular+Season&TeamId=1611661319,200,327,09:10,"MISS Bell 25' 3PT Jump Shot
Caldwell REBOUND (Off:1 Def:2)
",0,0,1,0,2025-08-27,1022500245,0,0,ATL,4,0,11,09:40,Off At Rim Make,0,"[{""description"": ""MISS Bell 25' 3PT Jump Shot"", ""url"": """"}, {""description"": ""Caldwell REBOUND (Off:1 Def:2)"", ""url"": """"}]"
wnba,wnba_shot_pace,shot_pace,possessions,get-possessions,2025,Regular Season,team,"{'OffDef': 'Offense', 'Season': '2025', 'SeasonType': 'Regular Season', 'TeamId': '1611661319'}",shot_pace,1611661319,4Q/OT | margin -3..3 | 300..120,get-possessions__possessions__off_def-Offense__season-2025__season_type-Regular_Season__team_id-1611661319__9cf2cba8,get-possessions,https://api.pbpstats.com/get-possessions/wnba?OffDef=Offense&Season=2025&SeasonType=Regular+Season&TeamId=1611661319,200,328,00:07,"Loyd 19' Driving Floating Jump Shot (11 PTS) (Young 9 AST)
",1,1,0,0,2025-08-27,1022500245,0,0,ATL,3,0,11,00:30,Off Arc 3 Miss,0,"[{""description"": ""Loyd 19' Driving Floating Jump Shot (11 PTS) (Young 9 AST)"", ""url"": """"}]"
wnba,wnba_shot_pace,shot_pace,possessions,get-possessions,2025,Regular Season,team,"{'OffDef': 'Offense', 'Season': '2025', 'SeasonType': 'Regular Season', 'TeamId': '1611661319'}",shot_pace,1611661319,4Q/OT | margin -3..3 | 300..120,get-possessions__possessions__off_def-Offense__season-2025__season_type-Regular_Season__team_id-1611661319__9cf2cba8,get-possessions,https://api.pbpstats.com/get-possessions/wnba?OffDef=Offense&Season=2025&SeasonType=Regular+Season&TeamId=1611661319,200,329,00:55,"Loyd 24' 3PT Running Jump Shot (9 PTS) (Bell 3 AST)
",0,0,1,1,2025-08-27,1022500245,0,0,ATL,3,0,8,00:56,Off Block,0,"[{""description"": ""Loyd 24' 3PT Running Jump Shot (9 PTS) (Bell 3 AST)"", ""url"": """"}]"
wnba,wnba_shot_pace,shot_pace,possessions,get-possessions,2025,Regular Season,team,"{'OffDef': 'Offense', 'Season': '2025', 'SeasonType': 'Regular Season', 'TeamId': '1611661319'}",shot_pace,1611661319,4Q/OT | margin -3..3 | 300..120,get-possessions__possessions__off_def-Offense__season-2025__season_type-Regular_Season__team_id-1611661319__9cf2cba8,get-possessions,https://api.pbpstats.com/get-possessions/wnba?OffDef=Offense&Season=2025&SeasonType=Regular+Season&TeamId=1611661319,200,330,01:03,"Howard STEAL (2 STL): Wilson Bad Pass Turnover (P1.T5)
",0,0,0,0,2025-08-27,1022500245,0,0,ATL,3,0,8,01:05,Off At Rim Miss,1,"[{""description"": ""Howard STEAL (2 STL): Wilson Bad Pass Turnover (P1.T5)"", ""url"": """"}]"
wnba,wnba_shot_pace,shot_pace,possessions,get-possessions,2025,Regular Season,team,"{'OffDef': 'Offense', 'Season': '2025', 'SeasonType': 'Regular Season', 'TeamId': '1611661319'}",shot_pace,1611661319,4Q/OT | margin -3..3 | 300..120,get-possessions__possessions__off_def-Offense__season-2025__season_type-Regular_Season__team_id-1611661319__9cf2cba8,get-possessions,https://api.pbpstats.com/get-possessions/wnba?OffDef=Offense&Season=2025&SeasonType=Regular+Season&TeamId=1611661319,200,331,01:15,"MISS Bell 24' 3PT Running Jump Shot
Hillmon REBOUND (Off:2 Def:8)
",0,0,1,0,2025-08-27,1022500245,0,0,ATL,3,0,8,01:26,Off Short Mid-Range Miss,0,"[{""description"": ""MISS Bell 24' 3PT Running Jump Shot"", ""url"": """"}, {""description"": ""Hillmon REBOUND (Off:2 Def:8)"", ""url"": """"}]"
wnba,wnba_shot_pace,shot_pace,possessions,get-possessions,2025,Regular Season,team,"{'OffDef': 'Offense', 'Season': '2025', 'SeasonType': 'Regular Season', 'TeamId': '1611661319'}",shot_pace,1611661319,4Q/OT | margin -3..3 | 300..120,get-possessions__possessions__off_def-Offense__season-2025__season_type-Regular_Season__team_id-1611661319__9cf2cba8,get-possessions,https://api.pbpstats.com/get-possessions/wnba?OffDef=Offense&Season=2025&SeasonType=Regular+Season&TeamId=1611661319,200,332,01:43,"Gray P.FOUL (P3.T3)
Wilson 9' Jump Shot (24 PTS) (Evans 1 AST)
",1,1,0,0,2025-08-27,1022500245,0,0,ATL,3,0,6,02:05,Off Dead Ball,0,"[{""description"": ""Gray P.FOUL (P3.T3)"", ""url"": """"}, {""description"": ""Wilson 9' Jump Shot (24 PTS) (Evans 1 AST)"", ""url"": """"}]"
wnba,wnba_shot_pace,shot_pace,possessions,get-possessions,2025,Regular Season,team,"{'OffDef': 'Offense', 'Season': '2025', 'SeasonType': 'Regular Season', 'TeamId': '1611661319'}",shot_pace,1611661319,4Q/OT | margin -3..3 | 300..120,get-possessions__possessions__off_def-Offense__season-2025__season_type-Regular_Season__team_id-1611661319__9cf2cba8,get-possessions,https://api.pbpstats.com/get-possessions/wnba?OffDef=Offense&Season=2025&SeasonType=Regular+Season&TeamId=1611661319,200,333,02:30,"Wilson 24' 3PT Running Pull-Up Jump Shot (22 PTS) (Young 8 AST)
",0,0,1,1,2025-08-27,1022500245,0,0,ATL,3,0,3,02:36,Off Steal,0,"[{""description"": ""Wilson 24' 3PT Running Pull-Up Jump Shot (22 PTS) (Young 8 AST)"", ""url"": """"}]"
wnba,wnba_shot_pace,shot_pace,possessions,get-possessions,2025,Regular Season,team,"{'OffDef': 'Offense', 'Season': '2025', 'SeasonType': 'Regular Season', 'TeamId': '1611661319'}",shot_pace,1611661319,4Q/OT | margin -3..3 | 300..120,get-possessions__possessions__off_def-Offense__season-2025__season_type-Regular_Season__team_id-1611661319__9cf2cba8,get-possessions,https://api.pbpstats.com/get-possessions/wnba?OffDef=Offense&Season=2025&SeasonType=Regular+Season&TeamId=1611661319,200,334,02:55,"Wilson 25' 3PT Jump Shot (19 PTS) (Young 7 AST)
",0,0,1,1,2025-08-27,1022500245,0,0,ATL,3,0,0,03:13,Off Dead Ball,0,"[{""description"": ""Wilson 25' 3PT Jump Shot (19 PTS) (Young 7 AST)"", ""url"": """"}]"
wnba,wnba_shot_pace,shot_pace,possessions,get-possessions,2025,Regular Season,team,"{'OffDef': 'Offense', 'Season': '2025', 'SeasonType': 'Regular Season', 'TeamId': '1611661319'}",shot_pace,1611661319,4Q/OT | margin -3..3 | 300..120,get-possessions__possessions__off_def-Offense__season-2025__season_type-Regular_Season__team_id-1611661319__9cf2cba8,get-possessions,https://api.pbpstats.com/get-possessions/wnba?OffDef=Offense&Season=2025&SeasonType=Regular+Season&TeamId=1611661319,200,335,03:16,"MISS Bell 11' Driving Floating Jump Shot
Caldwell REBOUND (Off:0 Def:1)
",1,0,0,0,2025-08-27,1022500245,0,0,ATL,3,0,0,03:30,Off Short Mid-Range Miss,0,"[{""description"": ""MISS Bell 11' Driving Floating Jump Shot"", ""url"": """"}, {""description"": ""Caldwell REBOUND (Off:0 Def:1)"", ""url"": """"}]"
wnba,wnba_shot_pace,shot_pace,possessions,get-possessions,2025,Regular Season,team,"{'OffDef': 'Offense', 'Season': '2025', 'SeasonType': 'Regular Season', 'TeamId': '1611661319'}",shot_pace,1611661319,4Q/OT | margin -3..3 | 300..120,get-possessions__possessions__off_def-Offense__season-2025__season_type-Regular_Season__team_id-1611661319__9cf2cba8,get-possessions,https://api.pbpstats.com/get-possessions/wnba?OffDef=Offense&Season=2025&SeasonType=Regular+Season&TeamId=1611661319,200,336,03:57,"Evans 2' Driving Layup (2 PTS) (Young 6 AST)
",1,1,0,0,2025-08-27,1022500245,0,0,ATL,3,0,-2,04:16,Off FT Make,0,"[{""description"": ""Evans 2' Driving Layup (2 PTS) (Young 6 AST)"", ""url"": """"}]"
wnba,wnba_shot_pace,shot_pace,possessions,get-possessions,2025,Regular Season,team,"{'OffDef': 'Offense', 'Season': '2025', 'SeasonType': 'Regular Season', 'TeamId': '1611661319'}",shot_pace,1611661319,4Q/OT | margin -3..3 | 300..120,get-possessions__possessions__off_def-Offense__season-2025__season_type-Regular_Season__team_id-1611661319__9cf2cba8,get-possessions,https://api.pbpstats.com/get-possessions/wnba?OffDef=Offense&Season=2025&SeasonType=Regular+Season&TeamId=1611661319,200,337,04:24,"MISS Gray 24' 3PT Jump Shot
Hillmon REBOUND (Off:2 Def:7)
",0,0,1,0,2025-08-27,1022500245,0,0,ATL,3,0,-1,04:40,Off Corner 3 Miss,0,"[{""description"": ""MISS Gray 24' 3PT Jump Shot"", ""url"": """"}, {""description"": ""Hillmon REBOUND (Off:2 Def:7)"", ""url"": """"}]"
wnba,wnba_shot_pace,shot_pace,possessions,get-possessions,2025,Regular Season,team,"{'OffDef': 'Offense', 'Season': '2025', 'SeasonType': 'Regular Season', 'TeamId': '1611661319'}",shot_pace,1611661319,4Q/OT | margin -3..3 | 300..120,get-possessions__possessions__off_def-Offense__season-2025__season_type-Regular_Season__team_id-1611661319__9cf2cba8,get-possessions,https://api.pbpstats.com/get-possessions/wnba?OffDef=Offense&Season=2025&SeasonType=Regular+Season&TeamId=1611661319,200,338,05:04,"MISS Wilson 11' Turnaround Jump Shot
Jones REBOUND (Off:3 Def:2)
",1,0,0,0,2025-08-27,1022500245,0,0,ATL,3,0,-1,05:18,Off At Rim Miss,0,"[{""description"": ""MISS Wilson 11' Turnaround Jump Shot"", ""url"": """"}, {""description"": ""Jones REBOUND (Off:3 Def:2)"", ""url"": """"}]"
wnba,wnba_shot_pace,shot_pace,possessions,get-possessions,2025,Regular Season,team,"{'OffDef': 'Offense', 'Season': '2025', 'SeasonType': 'Regular Season', 'TeamId': '1611661319'}",shot_pace,1611661319,4Q/OT | margin -3..3 | 300..120,get-possessions__possessions__off_def-Offense__season-2025__season_type-Regular_Season__team_id-1611661319__9cf2cba8,get-possessions,https://api.pbpstats.com/get-possessions/wnba?OffDef=Offense&Season=2025&SeasonType=Regular+Season&TeamId=1611661319,200,339,05:31,"MISS Loyd 24' 3PT Jump Shot
Howard REBOUND (Off:0 Def:3)
",0,0,1,0,2025-08-27,1022500245,0,0,ATL,3,0,-1,05:53,Off Corner 3 Miss,0,"[{""description"": ""MISS Loyd 24' 3PT Jump Shot"", ""url"": """"}, {""description"": ""Howard REBOUND (Off:0 Def:3)"", ""url"": """"}]"
wnba,wnba_shot_pace,shot_pace,possessions,get-possessions,2025,Regular Season,team,"{'OffDef': 'Offense', 'Season': '2025', 'SeasonType': 'Regular Season', 'TeamId': '1611661319'}",shot_pace,1611661319,4Q/OT | margin -3..3 | 300..120,get-possessions__possessions__off_def-Offense__season-2025__season_type-Regular_Season__team_id-1611661319__9cf2cba8,get-possessions,https://api.pbpstats.com/get-possessions/wnba?OffDef=Offense&Season=2025&SeasonType=Regular+Season&TeamId=1611661319,200,340,06:06,"Jones STEAL (1 STL): Loyd Lost Ball Turnover (P2.T4)
",0,0,0,0,2025-08-27,1022500245,0,0,ATL,3,0,-1,06:28,Off At Rim Make,1,"[{""description"": ""Jones STEAL (1 STL): Loyd Lost Ball Turnover (P2.T4)"", ""url"": """"}]"
wnba,wnba_shot_pace,shot_pace,possessions,get-possessions,2025,Regular Season,team,"{'OffDef': 'Offense', 'Season': '2025', 'SeasonType': 'Regular Season', 'TeamId': '1611661319'}",shot_pace,1611661319,4Q/OT | margin -3..3 | 300..120,get-possessions__possessions__off_def-Offense__season-2025__season_type-Regular_Season__team_id-1611661319__9cf2cba8,get-possessions,https://api.pbpstats.com/get-possessions/wnba?OffDef=Offense&Season=2025&SeasonType=Regular+Season&TeamId=1611661319,200,341,06:36,"MISS Gray 8' Turnaround Jump Shot
Gray REBOUND (Off:0 Def:2)
",1,0,0,0,2025-08-27,1022500245,0,0,ATL,3,0,1,07:03,Off FT Miss,0,"[{""description"": ""MISS Gray 8' Turnaround Jump Shot"", ""url"": """"}, {""description"": ""Gray REBOUND (Off:0 Def:2)"", ""url"": """"}]"
wnba,wnba_shot_pace,shot_pace,possessions,get-possessions,2025,Regular Season,team,"{'OffDef': 'Offense', 'Season': '2025', 'SeasonType': 'Regular Season', 'TeamId': '1611661319'}",shot_pace,1611661319,4Q/OT | margin -3..3 | 300..120,get-possessions__possessions__off_def-Offense__season-2025__season_type-Regular_Season__team_id-1611661319__9cf2cba8,get-possessions,https://api.pbpstats.com/get-possessions/wnba?OffDef=Offense&Season=2025&SeasonType=Regular+Season&TeamId=1611661319,200,342,07:27,"Gray 3PT Jump Shot (10 PTS) (Wilson 1 AST)
Gray S.FOUL (P2.T2)
Gray Free Throw 1 of 1 (11 PTS)
",0,0,1,1,2025-08-27,1022500245,0,0,ATL,3,1,-2,07:45,Off Arc 3 Miss,0,"[{""description"": ""Gray 3PT Jump Shot (10 PTS) (Wilson 1 AST)"", ""url"": """"}, {""description"": ""Gray S.FOUL (P2.T2)"", ""url"": """"}, {""description"": ""Gray Free Throw 1 of 1 (11 PTS)"", ""url"": """"}]"
wnba,wnba_shot_pace,shot_pace,possessions,get-possessions,2025,Regular Season,team,"{'OffDef': 'Offense', 'Season': '2025', 'SeasonType': 'Regular Season', 'TeamId': '1611661319'}",shot_pace,1611661319,4Q/OT | margin -3..3 | 300..120,get-possessions__possessions__off_def-Offense__season-2025__season_type-Regular_Season__team_id-1611661319__9cf2cba8,get-possessions,https://api.pbpstats.com/get-possessions/wnba?OffDef=Offense&Season=2025&SeasonType=Regular+Season&TeamId=1611661319,200,343,08:18,"Howard P.FOUL (P1.T1)
MISS Smith 9' Driving Floating Jump Shot
Hillmon REBOUND (Off:1 Def:6)
",1,0,0,0,2025-08-27,1022500245,0,0,ATL,3,0,-2,08:50,Off Short Mid-Range Make,0,"[{""description"": ""Howard P.FOUL (P1.T1)"", ""url"": """"}, {""description"": ""MISS Smith 9' Driving Floating Jump Shot"", ""url"": """"}, {""description"": ""Hillmon REBOUND (Off:1 Def:6)"", ""url"": """"}]"
wnba,wnba_shot_pace,shot_pace,possessions,get-possessions,2025,Regular Season,team,"{'OffDef': 'Offense', 'Season': '2025', 'SeasonType': 'Regular Season', 'TeamId': '1611661319'}",shot_pace,1611661319,4Q/OT | margin -3..3 | 300..120,get-possessions__possessions__off_def-Offense__season-2025__season_type-Regular_Season__team_id-1611661319__9cf2cba8,get-possessions,https://api.pbpstats.com/get-possessions/wnba?OffDef=Offense&Season=2025&SeasonType=Regular+Season&TeamId=1611661319,200,344,09:05,"MISS Gray 25' 3PT Running Pull-Up Jump Shot
Jones REBOUND (Off:2 Def:1)
",0,0,1,0,2025-08-27,1022500245,0,0,ATL,3,0,0,09:11,Off Long Mid-Range Miss,0,"[{""description"": ""MISS Gray 25' 3PT Running Pull-Up Jump Shot"", ""url"": """"}, {""description"": ""Jones REBOUND (Off:2 Def:1)"", ""url"": """"}]"
wnba,wnba_shot_pace,shot_pace,possessions,get-possessions,2025,Regular Season,team,"{'OffDef': 'Offense', 'Season': '2025', 'SeasonType': 'Regular Season', 'TeamId': '1611661319'}",shot_pace,1611661319,4Q/OT | margin -3..3 | 300..120,get-possessions__possessions__off_def-Offense__season-2025__season_type-Regular_Season__team_id-1611661319__9cf2cba8,get-possessions,https://api.pbpstats.com/get-possessions/wnba?OffDef=Offense&Season=2025&SeasonType=Regular+Season&TeamId=1611661319,200,345,09:44,"Young 11' Driving Floating Jump Shot (8 PTS) (Bell 2 AST)
",1,1,0,0,2025-08-27,1022500245,0,0,ATL,3,0,-2,10:00,Off Dead Ball,0,"[{""description"": ""Young 11' Driving Floating Jump Shot (8 PTS) (Bell 2 AST)"", ""url"": """"}]"
wnba,wnba_shot_pace,shot_pace,possessions,get-possessions,2025,Regular Season,team,"{'OffDef': 'Offense', 'Season': '2025', 'SeasonType': 'Regular Season', 'TeamId': '1611661319'}",shot_pace,1611661319,4Q/OT | margin -3..3 | 300..120,get-possessions__possessions__off_def-Offense__season-2025__season_type-Regular_Season__team_id-1611661319__9cf2cba8,get-possessions,https://api.pbpstats.com/get-possessions/wnba?OffDef=Offense&Season=2025&SeasonType=Regular+Season&TeamId=1611661319,200,346,00:26,"Loyd 2' Cutting Layup Shot (6 PTS) (Young 5 AST)
",1,1,0,0,2025-08-27,1022500245,0,0,ATL,2,0,-4,00:38,Off Dead Ball,0,"[{""description"": ""Loyd 2' Cutting Layup Shot (6 PTS) (Young 5 AST)"", ""url"": """"}]"
wnba,wnba_shot_pace,shot_pace,possessions,get-possessions,2025,Regular Season,team,"{'OffDef': 'Offense', 'Season': '2025', 'SeasonType': 'Regular Season', 'TeamId': '1611661319'}",shot_pace,1611661319,4Q/OT | margin -3..3 | 300..120,get-possessions__possessions__off_def-Offense__season-2025__season_type-Regular_Season__team_id-1611661319__9cf2cba8,get-possessions,https://api.pbpstats.com/get-possessions/wnba?OffDef=Offense&Season=2025&SeasonType=Regular+Season&TeamId=1611661319,200,347,01:01,"Wilson 11' Pullup Jump Shot (16 PTS) (Young 4 AST)
",1,1,0,0,2025-08-27,1022500245,0,0,ATL,2,0,-6,01:23,Off FT Make,0,"[{""description"": ""Wilson 11' Pullup Jump Shot (16 PTS) (Young 4 AST)"", ""url"": """"}]"
wnba,wnba_shot_pace,shot_pace,possessions,get-possessions,2025,Regular Season,team,"{'OffDef': 'Offense', 'Season': '2025', 'SeasonType': 'Regular Season', 'TeamId': '1611661319'}",shot_pace,1611661319,4Q/OT | margin -3..3 | 300..120,get-possessions__possessions__off_def-Offense__season-2025__season_type-Regular_Season__team_id-1611661319__9cf2cba8,get-possessions,https://api.pbpstats.com/get-possessions/wnba?OffDef=Offense&Season=2025&SeasonType=Regular+Season&TeamId=1611661319,200,348,01:27,"Howard STEAL (1 STL): Loyd Lost Ball Turnover (P1.T3)
",0,0,0,0,2025-08-27,1022500245,0,0,ATL,2,0,-4,01:43,Off At Rim Make,1,"[{""description"": ""Howard STEAL (1 STL): Loyd Lost Ball Turnover (P1.T3)"", ""url"": """"}]"
wnba,wnba_shot_pace,shot_pace,possessions,get-possessions,2025,Regular Season,team,"{'OffDef': 'Offense', 'Season': '2025', 'SeasonType': 'Regular Season', 'TeamId': '1611661319'}",shot_pace,1611661319,4Q/OT | margin -3..3 | 300..120,get-possessions__possessions__off_def-Offense__season-2025__season_type-Regular_Season__team_id-1611661319__9cf2cba8,get-possessions,https://api.pbpstats.com/get-possessions/wnba?OffDef=Offense&Season=2025&SeasonType=Regular+Season&TeamId=1611661319,200,349,01:59,"Wilson 11' Pullup Jump Shot (14 PTS) (Loyd 2 AST)
",1,1,0,0,2025-08-27,1022500245,0,0,ATL,2,0,-4,02:11,Off At Rim Miss,0,"[{""description"": ""Wilson 11' Pullup Jump Shot (14 PTS) (Loyd 2 AST)"", ""url"": """"}]"
wnba,wnba_shot_pace,shot_pace,possessions,get-possessions,2025,Regular Season,team,"{'OffDef': 'Offense', 'Season': '2025', 'SeasonType': 'Regular Season', 'TeamId': '1611661319'}",shot_pace,1611661319,4Q/OT | margin -3..3 | 300..120,get-possessions__possessions__off_def-Offense__season-2025__season_type-Regular_Season__team_id-1611661319__9cf2cba8,get-possessions,https://api.pbpstats.com/get-possessions/wnba?OffDef=Offense&Season=2025&SeasonType=Regular+Season&TeamId=1611661319,200,350,02:32,"MISS Young 4' Driving Floating Jump Shot
Smith REBOUND (Off:1 Def:1)
MISS Gray 20' Pullup Jump Shot
Coffey REBOUND (Off:0 Def:2)
",2,0,0,0,2025-08-27,1022500245,0,1,ATL,2,0,-4,02:57,Off Timeout,0,"[{""description"": ""MISS Young 4' Driving Floating Jump Shot"", ""url"": """"}, {""description"": ""Smith REBOUND (Off:1 Def:1)"", ""url"": """"}, {""description"": ""MISS Gray 20' Pullup Jump Shot"", ""url"": """"}, {""description"": ""Coffey REBOUND (Off:0 Def:2)"", ""url"": """"}]"
wnba,wnba_shot_pace,shot_pace,possessions,get-possessions,2025,Regular Season,team,"{'OffDef': 'Offense', 'Season': '2025', 'SeasonType': 'Regular Season', 'TeamId': '1611661319'}",shot_pace,1611661319,4Q/OT | margin -3..3 | 300..120,get-possessions__possessions__off_def-Offense__season-2025__season_type-Regular_Season__team_id-1611661319__9cf2cba8,get-possessions,https://api.pbpstats.com/get-possessions/wnba?OffDef=Offense&Season=2025&SeasonType=Regular+Season&TeamId=1611661319,200,351,03:09,"Caldwell P.FOUL (P1.T3)
MISS Smith 2' Cutting Layup Shot
Gray REBOUND (Off:0 Def:1)
",1,0,0,0,2025-08-27,1022500245,0,0,ATL,2,0,-4,03:32,Off At Rim Make,0,"[{""description"": ""Caldwell P.FOUL (P1.T3)"", ""url"": """"}, {""description"": ""MISS Smith 2' Cutting Layup Shot"", ""url"": """"}, {""description"": ""Gray REBOUND (Off:0 Def:1)"", ""url"": """"}]"
wnba,wnba_shot_pace,shot_pace,possessions,get-possessions,2025,Regular Season,team,"{'OffDef': 'Offense', 'Season': '2025', 'SeasonType': 'Regular Season', 'TeamId': '1611661319'}",shot_pace,1611661319,4Q/OT | margin -3..3 | 300..120,get-possessions__possessions__off_def-Offense__season-2025__season_type-Regular_Season__team_id-1611661319__9cf2cba8,get-possessions,https://api.pbpstats.com/get-possessions/wnba?OffDef=Offense&Season=2025&SeasonType=Regular+Season&TeamId=1611661319,200,352,03:48,"Young 7' Driving Floating Jump Shot (6 PTS) (Gray 4 AST)
",1,1,0,0,2025-08-27,1022500245,0,0,ATL,2,0,-4,04:02,Off Long Mid-Range Miss,0,"[{""description"": ""Young 7' Driving Floating Jump Shot (6 PTS) (Gray 4 AST)"", ""url"": """"}]"
wnba,wnba_shot_pace,shot_pace,possessions,get-possessions,2025,Regular Season,team,"{'OffDef': 'Offense', 'Season': '2025', 'SeasonType': 'Regular Season', 'TeamId': '1611661319'}",shot_pace,1611661319,4Q/OT | margin -3..3 | 300..120,get-possessions__possessions__off_def-Offense__season-2025__season_type-Regular_Season__team_id-1611661319__9cf2cba8,get-possessions,https://api.pbpstats.com/get-possessions/wnba?OffDef=Offense&Season=2025&SeasonType=Regular+Season&TeamId=1611661319,200,353,04:13,"Young 2' Driving Layup (4 PTS) (Gray 3 AST)
",1,1,0,0,2025-08-27,1022500245,0,0,ATL,2,0,-6,04:26,Off FT Make,0,"[{""description"": ""Young 2' Driving Layup (4 PTS) (Gray 3 AST)"", ""url"": """"}]"
wnba,wnba_shot_pace,shot_pace,possessions,get-possessions,2025,Regular Season,team,"{'OffDef': 'Offense', 'Season': '2025', 'SeasonType': 'Regular Season', 'TeamId': '1611661319'}",shot_pace,1611661319,4Q/OT | margin -3..3 | 300..120,get-possessions__possessions__off_def-Offense__season-2025__season_type-Regular_Season__team_id-1611661319__9cf2cba8,get-possessions,https://api.pbpstats.com/get-possessions/wnba?OffDef=Offense&Season=2025&SeasonType=Regular+Season&TeamId=1611661319,200,354,04:41,"Gray S.FOUL (P1.T2)
Loyd Free Throw 1 of 2 (3 PTS)
Loyd Free Throw 2 of 2 (4 PTS)
",0,0,0,0,2025-08-27,1022500245,0,0,ATL,2,1,-6,04:53,Off Long Mid-Range Make,0,"[{""description"": ""Gray S.FOUL (P1.T2)"", ""url"": """"}, {""description"": ""Loyd Free Throw 1 of 2 (3 PTS)"", ""url"": """"}, {""description"": ""Loyd Free Throw 2 of 2 (4 PTS)"", ""url"": """"}]"
wnba,wnba_shot_pace,shot_pace,possessions,get-possessions,2025,Regular Season,team,"{'OffDef': 'Offense', 'Season': '2025', 'SeasonType': 'Regular Season', 'TeamId': '1611661319'}",shot_pace,1611661319,4Q/OT | margin -3..3 | 300..120,get-possessions__possessions__off_def-Offense__season-2025__season_type-Regular_Season__team_id-1611661319__9cf2cba8,get-possessions,https://api.pbpstats.com/get-possessions/wnba?OffDef=Offense&Season=2025&SeasonType=Regular+Season&TeamId=1611661319,200,355,05:20,"Gray 1' Driving Layup (7 PTS)
",1,1,0,0,2025-08-27,1022500245,0,0,ATL,2,0,-6,05:28,Off Arc 3 Miss,0,"[{""description"": ""Gray 1' Driving Layup (7 PTS)"", ""url"": """"}]"
wnba,wnba_shot_pace,shot_pace,possessions,get-possessions,2025,Regular Season,team,"{'OffDef': 'Offense', 'Season': '2025', 'SeasonType': 'Regular Season', 'TeamId': '1611661319'}",shot_pace,1611661319,4Q/OT | margin -3..3 | 300..120,get-possessions__possessions__off_def-Offense__season-2025__season_type-Regular_Season__team_id-1611661319__9cf2cba8,get-possessions,https://api.pbpstats.com/get-possessions/wnba?OffDef=Offense&Season=2025&SeasonType=Regular+Season&TeamId=1611661319,200,356,05:36,"MISS Wilson 12' Turnaround Jump Shot
Paopao REBOUND (Off:0 Def:2)
",1,0,0,0,2025-08-27,1022500245,0,0,ATL,2,0,-6,06:01,Off Short Mid-Range Make,0,"[{""description"": ""MISS Wilson 12' Turnaround Jump Shot"", ""url"": """"}, {""description"": ""Paopao REBOUND (Off:0 Def:2)"", ""url"": """"}]"
wnba,wnba_shot_pace,shot_pace,possessions,get-possessions,2025,Regular Season,team,"{'OffDef': 'Offense', 'Season': '2025', 'SeasonType': 'Regular Season', 'TeamId': '1611661319'}",shot_pace,1611661319,4Q/OT | margin -3..3 | 300..120,get-possessions__possessions__off_def-Offense__season-2025__season_type-Regular_Season__team_id-1611661319__9cf2cba8,get-possessions,https://api.pbpstats.com/get-possessions/wnba?OffDef=Offense&Season=2025&SeasonType=Regular+Season&TeamId=1611661319,200,357,06:20,"Wilson Cutting Layup Shot (12 PTS) (Loyd 1 AST)
",1,1,0,0,2025-08-27,1022500245,0,0,ATL,2,0,-6,06:37,Off Timeout,0,"[{""description"": ""Wilson Cutting Layup Shot (12 PTS) (Loyd 1 AST)"", ""url"": """"}]"
wnba,wnba_shot_pace,shot_pace,possessions,get-possessions,2025,Regular Season,team,"{'OffDef': 'Offense', 'Season': '2025', 'SeasonType': 'Regular Season', 'TeamId': '1611661319'}",shot_pace,1611661319,4Q/OT | margin -3..3 | 300..120,get-possessions__possessions__off_def-Offense__season-2025__season_type-Regular_Season__team_id-1611661319__9cf2cba8,get-possessions,https://api.pbpstats.com/get-possessions/wnba?OffDef=Offense&Season=2025&SeasonType=Regular+Season&TeamId=1611661319,200,358,06:52,"Wilson 6' Turnaround Jump Shot (10 PTS)
",1,1,0,0,2025-08-27,1022500245,0,0,ATL,2,0,-6,07:13,Off Short Mid-Range Make,0,"[{""description"": ""Wilson 6' Turnaround Jump Shot (10 PTS)"", ""url"": """"}]"
wnba,wnba_shot_pace,shot_pace,possessions,get-possessions,2025,Regular Season,team,"{'OffDef': 'Offense', 'Season': '2025', 'SeasonType': 'Regular Season', 'TeamId': '1611661319'}",shot_pace,1611661319,4Q/OT | margin -3..3 | 300..120,get-possessions__possessions__off_def-Offense__season-2025__season_type-Regular_Season__team_id-1611661319__9cf2cba8,get-possessions,https://api.pbpstats.com/get-possessions/wnba?OffDef=Offense&Season=2025&SeasonType=Regular+Season&TeamId=1611661319,200,359,07:24,"Gray 1' Running Layup (5 PTS)
",1,1,0,0,2025-08-27,1022500245,0,0,ATL,2,0,-6,07:31,Off Steal,0,"[{""description"": ""Gray 1' Running Layup (5 PTS)"", ""url"": """"}]"
wnba,wnba_shot_pace,shot_pace,possessions,get-possessions,2025,Regular Season,team,"{'OffDef': 'Offense', 'Season': '2025', 'SeasonType': 'Regular Season', 'TeamId': '1611661319'}",shot_pace,1611661319,4Q/OT | margin -3..3 | 300..120,get-possessions__possessions__off_def-Offense__season-2025__season_type-Regular_Season__team_id-1611661319__9cf2cba8,get-possessions,https://api.pbpstats.com/get-possessions/wnba?OffDef=Offense&Season=2025&SeasonType=Regular+Season&TeamId=1611661319,200,360,07:40,"MISS Loyd 16' Pullup Jump Shot
Hillmon REBOUND (Off:0 Def:5)
",1,0,0,0,2025-08-27,1022500245,0,0,ATL,2,0,-6,07:49,Off At Rim Block,0,"[{""description"": ""MISS Loyd 16' Pullup Jump Shot"", ""url"": """"}, {""description"": ""Hillmon REBOUND (Off:0 Def:5)"", ""url"": """"}]"
wnba,wnba_shot_pace,shot_pace,possessions,get-possessions,2025,Regular Season,team,"{'OffDef': 'Offense', 'Season': '2025', 'SeasonType': 'Regular Season', 'TeamId': '1611661319'}",shot_pace,1611661319,4Q/OT | margin -3..3 | 300..120,get-possessions__possessions__off_def-Offense__season-2025__season_type-Regular_Season__team_id-1611661319__9cf2cba8,get-possessions,https://api.pbpstats.com/get-possessions/wnba?OffDef=Offense&Season=2025&SeasonType=Regular+Season&TeamId=1611661319,200,361,08:04,"Jones S.FOUL (P1.T1)
Wilson Free Throw 1 of 2 (7 PTS)
Wilson Free Throw 2 of 2 (8 PTS)
",0,0,0,0,2025-08-27,1022500245,0,0,ATL,2,1,-8,08:14,Off FT Make,0,"[{""description"": ""Jones S.FOUL (P1.T1)"", ""url"": """"}, {""description"": ""Wilson Free Throw 1 of 2 (7 PTS)"", ""url"": """"}, {""description"": ""Wilson Free Throw 2 of 2 (8 PTS)"", ""url"": """"}]"
wnba,wnba_shot_pace,shot_pace,possessions,get-possessions,2025,Regular Season,team,"{'OffDef': 'Offense', 'Season': '2025', 'SeasonType': 'Regular Season', 'TeamId': '1611661319'}",shot_pace,1611661319,4Q/OT | margin -3..3 | 300..120,get-possessions__possessions__off_def-Offense__season-2025__season_type-Regular_Season__team_id-1611661319__9cf2cba8,get-possessions,https://api.pbpstats.com/get-possessions/wnba?OffDef=Offense&Season=2025&SeasonType=Regular+Season&TeamId=1611661319,200,362,08:28,"MISS Loyd 24' 3PT Pullup Jump Shot
Coffey REBOUND (Off:0 Def:1)
",0,0,1,0,2025-08-27,1022500245,0,0,ATL,2,0,-5,08:57,Off At Rim Make,0,"[{""description"": ""MISS Loyd 24' 3PT Pullup Jump Shot"", ""url"": """"}, {""description"": ""Coffey REBOUND (Off:0 Def:1)"", ""url"": """"}]"
wnba,wnba_shot_pace,shot_pace,possessions,get-possessions,2025,Regular Season,team,"{'OffDef': 'Offense', 'Season': '2025', 'SeasonType': 'Regular Season', 'TeamId': '1611661319'}",shot_pace,1611661319,4Q/OT | margin -3..3 | 300..120,get-possessions__possessions__off_def-Offense__season-2025__season_type-Regular_Season__team_id-1611661319__9cf2cba8,get-possessions,https://api.pbpstats.com/get-possessions/wnba?OffDef=Offense&Season=2025&SeasonType=Regular+Season&TeamId=1611661319,200,363,09:17,"MISS Evans 10' Pullup Jump Shot
Paopao REBOUND (Off:0 Def:1)
",1,0,0,0,2025-08-27,1022500245,0,0,ATL,2,0,-3,09:35,Off At Rim Make,0,"[{""description"": ""MISS Evans 10' Pullup Jump Shot"", ""url"": """"}, {""description"": ""Paopao REBOUND (Off:0 Def:1)"", ""url"": """"}]"
wnba,wnba_shot_pace,shot_pace,possessions,get-possessions,2025,Regular Season,team,"{'OffDef': 'Offense', 'Season': '2025', 'SeasonType': 'Regular Season', 'TeamId': '1611661319'}",shot_pace,1611661319,4Q/OT | margin -3..3 | 300..120,get-possessions__possessions__off_def-Offense__season-2025__season_type-Regular_Season__team_id-1611661319__9cf2cba8,get-possessions,https://api.pbpstats.com/get-possessions/wnba?OffDef=Offense&Season=2025&SeasonType=Regular+Season&TeamId=1611661319,200,364,09:44,"Loyd 4' Driving Layup (2 PTS)
",1,1,0,0,2025-08-27,1022500245,0,0,ATL,2,0,-3,10:00,Off Dead Ball,0,"[{""description"": ""Loyd 4' Driving Layup (2 PTS)"", ""url"": """"}]"
wnba,wnba_shot_pace,shot_pace,possessions,get-possessions,2025,Regular Season,team,"{'OffDef': 'Offense', 'Season': '2025', 'SeasonType': 'Regular Season', 'TeamId': '1611661319'}",shot_pace,1611661319,4Q/OT | margin -3..3 | 300..120,get-possessions__possessions__off_def-Offense__season-2025__season_type-Regular_Season__team_id-1611661319__9cf2cba8,get-possessions,https://api.pbpstats.com/get-possessions/wnba?OffDef=Offense&Season=2025&SeasonType=Regular+Season&TeamId=1611661319,200,365,00:02,"MISS Evans 24' 3PT Pullup Jump Shot
Bell REBOUND (Off:1 Def:0)
MISS Bell 6' Pullup Jump Shot
Howard REBOUND (Off:0 Def:2)
",1,0,1,0,2025-08-27,1022500245,0,1,ATL,1,0,-3,00:31,Off Arc 3 Miss,0,"[{""description"": ""MISS Evans 24' 3PT Pullup Jump Shot"", ""url"": """"}, {""description"": ""Bell REBOUND (Off:1 Def:0)"", ""url"": """"}, {""description"": ""MISS Bell 6' Pullup Jump Shot"", ""url"": """"}, {""description"": ""Howard REBOUND (Off:0 Def:2)"", ""url"": """"}]"
wnba,wnba_shot_pace,shot_pace,possessions,get-possessions,2025,Regular Season,team,"{'OffDef': 'Offense', 'Season': '2025', 'SeasonType': 'Regular Season', 'TeamId': '1611661319'}",shot_pace,1611661319,4Q/OT | margin -3..3 | 300..120,get-possessions__possessions__off_def-Offense__season-2025__season_type-Regular_Season__team_id-1611661319__9cf2cba8,get-possessions,https://api.pbpstats.com/get-possessions/wnba?OffDef=Offense&Season=2025&SeasonType=Regular+Season&TeamId=1611661319,200,366,00:55,"MISS Young 24' 3PT Running Pull-Up Jump Shot
DREAM Rebound
",0,0,1,0,2025-08-27,1022500245,0,0,ATL,1,0,-3,00:59,Off At Rim Miss,0,"[{""description"": ""MISS Young 24' 3PT Running Pull-Up Jump Shot"", ""url"": """"}, {""description"": ""DREAM Rebound"", ""url"": """"}]"
wnba,wnba_shot_pace,shot_pace,possessions,get-possessions,2025,Regular Season,team,"{'OffDef': 'Offense', 'Season': '2025', 'SeasonType': 'Regular Season', 'TeamId': '1611661319'}",shot_pace,1611661319,4Q/OT | margin -3..3 | 300..120,get-possessions__possessions__off_def-Offense__season-2025__season_type-Regular_Season__team_id-1611661319__9cf2cba8,get-possessions,https://api.pbpstats.com/get-possessions/wnba?OffDef=Offense&Season=2025&SeasonType=Regular+Season&TeamId=1611661319,200,367,01:19,"Bell Out of Bounds - Bad Pass Turnover Turnover (P1.T2)
",0,0,0,0,2025-08-27,1022500245,0,0,ATL,1,0,-3,01:22,Off At Rim Block,1,"[{""description"": ""Bell Out of Bounds - Bad Pass Turnover Turnover (P1.T2)"", ""url"": """"}]"
wnba,wnba_shot_pace,shot_pace,possessions,get-possessions,2025,Regular Season,team,"{'OffDef': 'Offense', 'Season': '2025', 'SeasonType': 'Regular Season', 'TeamId': '1611661319'}",shot_pace,1611661319,4Q/OT | margin -3..3 | 300..120,get-possessions__possessions__off_def-Offense__season-2025__season_type-Regular_Season__team_id-1611661319__9cf2cba8,get-possessions,https://api.pbpstats.com/get-possessions/wnba?OffDef=Offense&Season=2025&SeasonType=Regular+Season&TeamId=1611661319,200,368,01:38,"MISS Wilson 24' 3PT Jump Shot
Griner REBOUND (Off:0 Def:2)
",0,0,1,0,2025-08-27,1022500245,0,0,ATL,1,0,-3,01:55,Off At Rim Make,0,"[{""description"": ""MISS Wilson 24' 3PT Jump Shot"", ""url"": """"}, {""description"": ""Griner REBOUND (Off:0 Def:2)"", ""url"": """"}]"
wnba,wnba_shot_pace,shot_pace,possessions,get-possessions,2025,Regular Season,team,"{'OffDef': 'Offense', 'Season': '2025', 'SeasonType': 'Regular Season', 'TeamId': '1611661319'}",shot_pace,1611661319,4Q/OT | margin -3..3 | 300..120,get-possessions__possessions__off_def-Offense__season-2025__season_type-Regular_Season__team_id-1611661319__9cf2cba8,get-possessions,https://api.pbpstats.com/get-possessions/wnba?OffDef=Offense&Season=2025&SeasonType=Regular+Season&TeamId=1611661319,200,369,02:14,"Wilson 16' Jump Shot (6 PTS) (Bell 1 AST)
",1,1,0,0,2025-08-27,1022500245,0,0,ATL,1,0,-3,02:28,Off At Rim Make,0,"[{""description"": ""Wilson 16' Jump Shot (6 PTS) (Bell 1 AST)"", ""url"": """"}]"
wnba,wnba_shot_pace,shot_pace,possessions,get-possessions,2025,Regular Season,team,"{'OffDef': 'Offense', 'Season': '2025', 'SeasonType': 'Regular Season', 'TeamId': '1611661319'}",shot_pace,1611661319,4Q/OT | margin -3..3 | 300..120,get-possessions__possessions__off_def-Offense__season-2025__season_type-Regular_Season__team_id-1611661319__9cf2cba8,get-possessions,https://api.pbpstats.com/get-possessions/wnba?OffDef=Offense&Season=2025&SeasonType=Regular+Season&TeamId=1611661319,200,370,02:49,"Bell 3PT Jump Shot (3 PTS) (Young 3 AST)
",0,0,1,1,2025-08-27,1022500245,0,0,ATL,1,0,-4,03:07,Off At Rim Make,0,"[{""description"": ""Bell 3PT Jump Shot (3 PTS) (Young 3 AST)"", ""url"": """"}]"
wnba,wnba_shot_pace,shot_pace,possessions,get-possessions,2025,Regular Season,team,"{'OffDef': 'Offense', 'Season': '2025', 'SeasonType': 'Regular Season', 'TeamId': '1611661319'}",shot_pace,1611661319,4Q/OT | margin -3..3 | 300..120,get-possessions__possessions__off_def-Offense__season-2025__season_type-Regular_Season__team_id-1611661319__9cf2cba8,get-possessions,https://api.pbpstats.com/get-possessions/wnba?OffDef=Offense&Season=2025&SeasonType=Regular+Season&TeamId=1611661319,200,371,03:15,"MISS Loyd 3PT Jump Shot
Griner REBOUND (Off:0 Def:1)
",0,0,1,0,2025-08-27,1022500245,0,0,ATL,1,0,-2,03:34,Off Dead Ball,0,"[{""description"": ""MISS Loyd 3PT Jump Shot"", ""url"": """"}, {""description"": ""Griner REBOUND (Off:0 Def:1)"", ""url"": """"}]"
wnba,wnba_shot_pace,shot_pace,possessions,get-possessions,2025,Regular Season,team,"{'OffDef': 'Offense', 'Season': '2025', 'SeasonType': 'Regular Season', 'TeamId': '1611661319'}",shot_pace,1611661319,4Q/OT | margin -3..3 | 300..120,get-possessions__possessions__off_def-Offense__season-2025__season_type-Regular_Season__team_id-1611661319__9cf2cba8,get-possessions,https://api.pbpstats.com/get-possessions/wnba?OffDef=Offense&Season=2025&SeasonType=Regular+Season&TeamId=1611661319,200,372,03:58,"Gray Out of Bounds - Bad Pass Turnover Turnover (P1.T1)
",0,0,0,0,2025-08-27,1022500245,0,0,ATL,1,0,-2,04:13,Off At Rim Make,1,"[{""description"": ""Gray Out of Bounds - Bad Pass Turnover Turnover (P1.T1)"", ""url"": """"}]"
wnba,wnba_shot_pace,shot_pace,possessions,get-possessions,2025,Regular Season,team,"{'OffDef': 'Offense', 'Season': '2025', 'SeasonType': 'Regular Season', 'TeamId': '1611661319'}",shot_pace,1611661319,4Q/OT | margin -3..3 | 300..120,get-possessions__possessions__off_def-Offense__season-2025__season_type-Regular_Season__team_id-1611661319__9cf2cba8,get-possessions,https://api.pbpstats.com/get-possessions/wnba?OffDef=Offense&Season=2025&SeasonType=Regular+Season&TeamId=1611661319,200,373,04:33,"Smith 2' Cutting Layup Shot (2 PTS) (Gray 2 AST)
",1,1,0,0,2025-08-27,1022500245,0,0,ATL,1,0,-2,04:38,Off Arc 3 Miss,0,"[{""description"": ""Smith 2' Cutting Layup Shot (2 PTS) (Gray 2 AST)"", ""url"": """"}]"
wnba,wnba_shot_pace,shot_pace,possessions,get-possessions,2025,Regular Season,team,"{'OffDef': 'Offense', 'Season': '2025', 'SeasonType': 'Regular Season', 'TeamId': '1611661319'}",shot_pace,1611661319,4Q/OT | margin -3..3 | 300..120,get-possessions__possessions__off_def-Offense__season-2025__season_type-Regular_Season__team_id-1611661319__9cf2cba8,get-possessions,https://api.pbpstats.com/get-possessions/wnba?OffDef=Offense&Season=2025&SeasonType=Regular+Season&TeamId=1611661319,200,374,04:51,"Hillmon BLOCK (1 BLK): MISS Young 3' Driving Layup
Howard REBOUND (Off:0 Def:1)
",1,0,0,0,2025-08-27,1022500245,0,0,ATL,1,0,-2,05:14,Off FT Make,0,"[{""description"": ""Hillmon BLOCK (1 BLK): MISS Young 3' Driving Layup"", ""url"": """"}, {""description"": ""Howard REBOUND (Off:0 Def:1)"", ""url"": """"}]"
wnba,wnba_shot_pace,shot_pace,possessions,get-possessions,2025,Regular Season,team,"{'OffDef': 'Offense', 'Season': '2025', 'SeasonType': 'Regular Season', 'TeamId': '1611661319'}",shot_pace,1611661319,4Q/OT | margin -3..3 | 300..120,get-possessions__possessions__off_def-Offense__season-2025__season_type-Regular_Season__team_id-1611661319__9cf2cba8,get-possessions,https://api.pbpstats.com/get-possessions/wnba?OffDef=Offense&Season=2025&SeasonType=Regular+Season&TeamId=1611661319,200,375,05:30,"Gray 24' 3PT Jump Shot (3 PTS) (Young 2 AST)
",0,0,1,1,2025-08-27,1022500245,0,0,ATL,1,0,-3,05:59,Off At Rim Make,0,"[{""description"": ""Gray 24' 3PT Jump Shot (3 PTS) (Young 2 AST)"", ""url"": """"}]"
wnba,wnba_shot_pace,shot_pace,possessions,get-possessions,2025,Regular Season,team,"{'OffDef': 'Offense', 'Season': '2025', 'SeasonType': 'Regular Season', 'TeamId': '1611661319'}",shot_pace,1611661319,4Q/OT | margin -3..3 | 300..120,get-possessions__possessions__off_def-Offense__season-2025__season_type-Regular_Season__team_id-1611661319__9cf2cba8,get-possessions,https://api.pbpstats.com/get-possessions/wnba?OffDef=Offense&Season=2025&SeasonType=Regular+Season&TeamId=1611661319,200,376,06:08,"Young 4' Driving Floating Bank Jump Shot (2 PTS)
",1,1,0,0,2025-08-27,1022500245,0,0,ATL,1,0,-3,06:22,Off Arc 3 Make,0,"[{""description"": ""Young 4' Driving Floating Bank Jump Shot (2 PTS)"", ""url"": """"}]"
wnba,wnba_shot_pace,shot_pace,possessions,get-possessions,2025,Regular Season,team,"{'OffDef': 'Offense', 'Season': '2025', 'SeasonType': 'Regular Season', 'TeamId': '1611661319'}",shot_pace,1611661319,4Q/OT | margin -3..3 | 300..120,get-possessions__possessions__off_def-Offense__season-2025__season_type-Regular_Season__team_id-1611661319__9cf2cba8,get-possessions,https://api.pbpstats.com/get-possessions/wnba?OffDef=Offense&Season=2025&SeasonType=Regular+Season&TeamId=1611661319,200,377,06:43,"MISS Wilson 6' Turnaround Jump Shot
Hillmon REBOUND (Off:0 Def:4)
",1,0,0,0,2025-08-27,1022500245,0,0,ATL,1,0,0,06:51,Off Long Mid-Range Miss,0,"[{""description"": ""MISS Wilson 6' Turnaround Jump Shot"", ""url"": """"}, {""description"": ""Hillmon REBOUND (Off:0 Def:4)"", ""url"": """"}]"
wnba,wnba_shot_pace,shot_pace,possessions,get-possessions,2025,Regular Season,team,"{'OffDef': 'Offense', 'Season': '2025', 'SeasonType': 'Regular Season', 'TeamId': '1611661319'}",shot_pace,1611661319,4Q/OT | margin -3..3 | 300..120,get-possessions__possessions__off_def-Offense__season-2025__season_type-Regular_Season__team_id-1611661319__9cf2cba8,get-possessions,https://api.pbpstats.com/get-possessions/wnba?OffDef=Offense&Season=2025&SeasonType=Regular+Season&TeamId=1611661319,200,378,07:11,"Wilson 1' Running Layup (4 PTS) (Gray 1 AST)
",1,1,0,0,2025-08-27,1022500245,0,0,ATL,1,0,-2,07:18,Off Steal,0,"[{""description"": ""Wilson 1' Running Layup (4 PTS) (Gray 1 AST)"", ""url"": """"}]"
wnba,wnba_shot_pace,shot_pace,possessions,get-possessions,2025,Regular Season,team,"{'OffDef': 'Offense', 'Season': '2025', 'SeasonType': 'Regular Season', 'TeamId': '1611661319'}",shot_pace,1611661319,4Q/OT | margin -3..3 | 300..120,get-possessions__possessions__off_def-Offense__season-2025__season_type-Regular_Season__team_id-1611661319__9cf2cba8,get-possessions,https://api.pbpstats.com/get-possessions/wnba?OffDef=Offense&Season=2025&SeasonType=Regular+Season&TeamId=1611661319,200,379,07:31,"MISS Smith 25' 3PT Jump Shot
Young REBOUND (Off:1 Def:1)
Wilson 9' Pullup Jump Shot (2 PTS) (Young 1 AST)
",1,1,1,0,2025-08-27,1022500245,0,1,ATL,1,0,-4,07:45,Off Arc 3 Miss,0,"[{""description"": ""MISS Smith 25' 3PT Jump Shot"", ""url"": """"}, {""description"": ""Young REBOUND (Off:1 Def:1)"", ""url"": """"}, {""description"": ""Wilson 9' Pullup Jump Shot (2 PTS) (Young 1 AST)"", ""url"": """"}]"
wnba,wnba_shot_pace,shot_pace,possessions,get-possessions,2025,Regular Season,team,"{'OffDef': 'Offense', 'Season': '2025', 'SeasonType': 'Regular Season', 'TeamId': '1611661319'}",shot_pace,1611661319,4Q/OT | margin -3..3 | 300..120,get-possessions__possessions__off_def-Offense__season-2025__season_type-Regular_Season__team_id-1611661319__9cf2cba8,get-possessions,https://api.pbpstats.com/get-possessions/wnba?OffDef=Offense&Season=2025&SeasonType=Regular+Season&TeamId=1611661319,200,380,07:56,"MISS Smith 6' Turnaround Jump Shot
Hillmon REBOUND (Off:0 Def:3)
",1,0,0,0,2025-08-27,1022500245,0,0,ATL,1,0,-4,08:23,Off At Rim Make,0,"[{""description"": ""MISS Smith 6' Turnaround Jump Shot"", ""url"": """"}, {""description"": ""Hillmon REBOUND (Off:0 Def:3)"", ""url"": """"}]"
wnba,wnba_shot_pace,shot_pace,possessions,get-possessions,2025,Regular Season,team,"{'OffDef': 'Offense', 'Season': '2025', 'SeasonType': 'Regular Season', 'TeamId': '1611661319'}",shot_pace,1611661319,4Q/OT | margin -3..3 | 300..120,get-possessions__possessions__off_def-Offense__season-2025__season_type-Regular_Season__team_id-1611661319__9cf2cba8,get-possessions,https://api.pbpstats.com/get-possessions/wnba?OffDef=Offense&Season=2025&SeasonType=Regular+Season&TeamId=1611661319,200,381,08:33,"MISS Wilson 5' Driving Floating Jump Shot
Hillmon REBOUND (Off:0 Def:2)
",1,0,0,0,2025-08-27,1022500245,0,0,ATL,1,0,-2,08:46,Off Arc 3 Miss,0,"[{""description"": ""MISS Wilson 5' Driving Floating Jump Shot"", ""url"": """"}, {""description"": ""Hillmon REBOUND (Off:0 Def:2)"", ""url"": """"}]"
wnba,wnba_shot_pace,shot_pace,possessions,get-possessions,2025,Regular Season,team,"{'OffDef': 'Offense', 'Season': '2025', 'SeasonType': 'Regular Season', 'TeamId': '1611661319'}",shot_pace,1611661319,4Q/OT | margin -3..3 | 300..120,get-possessions__possessions__off_def-Offense__season-2025__season_type-Regular_Season__team_id-1611661319__9cf2cba8,get-possessions,https://api.pbpstats.com/get-possessions/wnba?OffDef=Offense&Season=2025&SeasonType=Regular+Season&TeamId=1611661319,200,382,09:04,"MISS Wilson 11' Turnaround Jump Shot
Hillmon REBOUND (Off:0 Def:1)
",1,0,0,0,2025-08-27,1022500245,0,0,ATL,1,0,-2,09:34,Off Short Mid-Range Make,0,"[{""description"": ""MISS Wilson 11' Turnaround Jump Shot"", ""url"": """"}, {""description"": ""Hillmon REBOUND (Off:0 Def:1)"", ""url"": """"}]"
wnba,wnba_shot_pace,shot_pace,possessions,get-possessions,2025,Regular Season,team,"{'OffDef': 'Offense', 'Season': '2025', 'SeasonType': 'Regular Season', 'TeamId': '1611661319'}",shot_pace,1611661319,4Q/OT | margin -3..3 | 300..120,get-possessions__possessions__off_def-Offense__season-2025__season_type-Regular_Season__team_id-1611661319__9cf2cba8,get-possessions,https://api.pbpstats.com/get-possessions/wnba?OffDef=Offense&Season=2025&SeasonType=Regular+Season&TeamId=1611661319,200,383,00:00,,0,0,0,0,2025-08-25,1022500242,0,0,CHI,4,0,5,00:05,Off Short Mid-Range Miss,0,[]
wnba,wnba_shot_pace,shot_pace,possessions,get-possessions,2025,Regular Season,team,"{'OffDef': 'Offense', 'Season': '2025', 'SeasonType': 'Regular Season', 'TeamId': '1611661319'}",shot_pace,1611661319,4Q/OT | margin -3..3 | 300..120,get-possessions__possessions__off_def-Offense__season-2025__season_type-Regular_Season__team_id-1611661319__9cf2cba8,get-possessions,https://api.pbpstats.com/get-possessions/wnba?OffDef=Offense&Season=2025&SeasonType=Regular+Season&TeamId=1611661319,200,384,00:18,"Atkins Personal Take Foul (P4.PN)
Wilson Free Throw 1 of 2 (18 PTS)
MISS Wilson Free Throw 2 of 2
Cardoso REBOUND (Off:3 Def:7)
",0,0,0,0,2025-08-25,1022500242,1,0,CHI,4,0,4,00:19,Off Timeout,0,"[{""description"": ""Atkins Personal Take Foul (P4.PN)"", ""url"": """"}, {""description"": ""Wilson Free Throw 1 of 2 (18 PTS)"", ""url"": """"}, {""description"": ""MISS Wilson Free Throw 2 of 2"", ""url"": """"}, {""description"": ""Cardoso REBOUND (Off:3 Def:7)"", ""url"": """"}]"
wnba,wnba_shot_pace,shot_pace,possessions,get-possessions,2025,Regular Season,team,"{'OffDef': 'Offense', 'Season': '2025', 'SeasonType': 'Regular Season', 'TeamId': '1611661319'}",shot_pace,1611661319,4Q/OT | margin -3..3 | 300..120,get-possessions__possessions__off_def-Offense__season-2025__season_type-Regular_Season__team_id-1611661319__9cf2cba8,get-possessions,https://api.pbpstats.com/get-possessions/wnba?OffDef=Offense&Season=2025&SeasonType=Regular+Season&TeamId=1611661319,200,385,00:34,"Gray OFF.Foul (P3)
Gray Offensive Foul Turnover (P4.T12)
",0,0,0,0,2025-08-25,1022500242,0,0,CHI,4,0,4,00:50,Off Short Mid-Range Miss,1,"[{""description"": ""Gray OFF.Foul (P3)"", ""url"": """"}, {""description"": ""Gray Offensive Foul Turnover (P4.T12)"", ""url"": """"}]"
wnba,wnba_shot_pace,shot_pace,possessions,get-possessions,2025,Regular Season,team,"{'OffDef': 'Offense', 'Season': '2025', 'SeasonType': 'Regular Season', 'TeamId': '1611661319'}",shot_pace,1611661319,4Q/OT | margin -3..3 | 300..120,get-possessions__possessions__off_def-Offense__season-2025__season_type-Regular_Season__team_id-1611661319__9cf2cba8,get-possessions,https://api.pbpstats.com/get-possessions/wnba?OffDef=Offense&Season=2025&SeasonType=Regular+Season&TeamId=1611661319,200,386,01:11,"Atkins P.FOUL (P3.T4)
Wilson 19' Jump Shot (17 PTS) (Gray 7 AST)
",1,1,0,0,2025-08-25,1022500242,0,0,CHI,4,0,2,01:18,Off Block,0,"[{""description"": ""Atkins P.FOUL (P3.T4)"", ""url"": """"}, {""description"": ""Wilson 19' Jump Shot (17 PTS) (Gray 7 AST)"", ""url"": """"}]"
wnba,wnba_shot_pace,shot_pace,possessions,get-possessions,2025,Regular Season,team,"{'OffDef': 'Offense', 'Season': '2025', 'SeasonType': 'Regular Season', 'TeamId': '1611661319'}",shot_pace,1611661319,4Q/OT | margin -3..3 | 300..120,get-possessions__possessions__off_def-Offense__season-2025__season_type-Regular_Season__team_id-1611661319__9cf2cba8,get-possessions,https://api.pbpstats.com/get-possessions/wnba?OffDef=Offense&Season=2025&SeasonType=Regular+Season&TeamId=1611661319,200,387,01:35,"Gray 27' 3PT Jump Shot (14 PTS) (Wilson 3 AST)
",0,0,1,1,2025-08-25,1022500242,0,0,CHI,4,0,-1,01:54,Off Dead Ball,0,"[{""description"": ""Gray 27' 3PT Jump Shot (14 PTS) (Wilson 3 AST)"", ""url"": """"}]"
wnba,wnba_shot_pace,shot_pace,possessions,get-possessions,2025,Regular Season,team,"{'OffDef': 'Offense', 'Season': '2025', 'SeasonType': 'Regular Season', 'TeamId': '1611661319'}",shot_pace,1611661319,4Q/OT | margin -3..3 | 300..120,get-possessions__possessions__off_def-Offense__season-2025__season_type-Regular_Season__team_id-1611661319__9cf2cba8,get-possessions,https://api.pbpstats.com/get-possessions/wnba?OffDef=Offense&Season=2025&SeasonType=Regular+Season&TeamId=1611661319,200,388,02:14,"MISS Smith 6' Driving Floating Jump Shot
Reese REBOUND (Off:4 Def:12)
",1,0,0,0,2025-08-25,1022500242,0,0,CHI,4,0,-1,02:37,Off At Rim Make,0,"[{""description"": ""MISS Smith 6' Driving Floating Jump Shot"", ""url"": """"}, {""description"": ""Reese REBOUND (Off:4 Def:12)"", ""url"": """"}]"
wnba,wnba_shot_pace,shot_pace,possessions,get-possessions,2025,Regular Season,team,"{'OffDef': 'Offense', 'Season': '2025', 'SeasonType': 'Regular Season', 'TeamId': '1611661319'}",shot_pace,1611661319,4Q/OT | margin -3..3 | 300..120,get-possessions__possessions__off_def-Offense__season-2025__season_type-Regular_Season__team_id-1611661319__9cf2cba8,get-possessions,https://api.pbpstats.com/get-possessions/wnba?OffDef=Offense&Season=2025&SeasonType=Regular+Season&TeamId=1611661319,200,389,02:39,"MISS Wilson 14' Pullup Jump Shot
Atkins REBOUND (Off:1 Def:3)
",1,0,0,0,2025-08-25,1022500242,0,0,CHI,4,0,1,03:00,Off At Rim Make,0,"[{""description"": ""MISS Wilson 14' Pullup Jump Shot"", ""url"": """"}, {""description"": ""Atkins REBOUND (Off:1 Def:3)"", ""url"": """"}]"
wnba,wnba_shot_pace,shot_pace,possessions,get-possessions,2025,Regular Season,team,"{'OffDef': 'Offense', 'Season': '2025', 'SeasonType': 'Regular Season', 'TeamId': '1611661319'}",shot_pace,1611661319,4Q/OT | margin -3..3 | 300..120,get-possessions__possessions__off_def-Offense__season-2025__season_type-Regular_Season__team_id-1611661319__9cf2cba8,get-possessions,https://api.pbpstats.com/get-possessions/wnba?OffDef=Offense&Season=2025&SeasonType=Regular+Season&TeamId=1611661319,200,390,03:21,"MISS Gray 19' Pullup Jump Shot
Cardoso REBOUND (Off:3 Def:6)
",1,0,0,0,2025-08-25,1022500242,0,0,CHI,4,0,3,03:47,Off Timeout,0,"[{""description"": ""MISS Gray 19' Pullup Jump Shot"", ""url"": """"}, {""description"": ""Cardoso REBOUND (Off:3 Def:6)"", ""url"": """"}]"
wnba,wnba_shot_pace,shot_pace,possessions,get-possessions,2025,Regular Season,team,"{'OffDef': 'Offense', 'Season': '2025', 'SeasonType': 'Regular Season', 'TeamId': '1611661319'}",shot_pace,1611661319,4Q/OT | margin -3..3 | 300..120,get-possessions__possessions__off_def-Offense__season-2025__season_type-Regular_Season__team_id-1611661319__9cf2cba8,get-possessions,https://api.pbpstats.com/get-possessions/wnba?OffDef=Offense&Season=2025&SeasonType=Regular+Season&TeamId=1611661319,200,391,04:02,"Wilson 2' Driving Layup (15 PTS) (Gray 6 AST)
",1,1,0,0,2025-08-25,1022500242,0,0,CHI,4,0,3,04:17,Off Short Mid-Range Make,0,"[{""description"": ""Wilson 2' Driving Layup (15 PTS) (Gray 6 AST)"", ""url"": """"}]"
wnba,wnba_shot_pace,shot_pace,possessions,get-possessions,2025,Regular Season,team,"{'OffDef': 'Offense', 'Season': '2025', 'SeasonType': 'Regular Season', 'TeamId': '1611661319'}",shot_pace,1611661319,4Q/OT | margin -3..3 | 300..120,get-possessions__possessions__off_def-Offense__season-2025__season_type-Regular_Season__team_id-1611661319__9cf2cba8,get-possessions,https://api.pbpstats.com/get-possessions/wnba?OffDef=Offense&Season=2025&SeasonType=Regular+Season&TeamId=1611661319,200,392,04:39,"Smith 2' Cutting Layup Shot (10 PTS) (Young 7 AST)
",1,1,0,0,2025-08-25,1022500242,0,0,CHI,4,0,3,04:51,Off Dead Ball,0,"[{""description"": ""Smith 2' Cutting Layup Shot (10 PTS) (Young 7 AST)"", ""url"": """"}]"
wnba,wnba_shot_pace,shot_pace,possessions,get-possessions,2025,Regular Season,team,"{'OffDef': 'Offense', 'Season': '2025', 'SeasonType': 'Regular Season', 'TeamId': '1611661319'}",shot_pace,1611661319,4Q/OT | margin -3..3 | 300..120,get-possessions__possessions__off_def-Offense__season-2025__season_type-Regular_Season__team_id-1611661319__9cf2cba8,get-possessions,https://api.pbpstats.com/get-possessions/wnba?OffDef=Offense&Season=2025&SeasonType=Regular+Season&TeamId=1611661319,200,393,05:06,"Wilson 5' Turnaround Jump Shot (13 PTS) (Gray 5 AST)
",1,1,0,0,2025-08-25,1022500242,0,0,CHI,4,0,1,05:18,Off Dead Ball,0,"[{""description"": ""Wilson 5' Turnaround Jump Shot (13 PTS) (Gray 5 AST)"", ""url"": """"}]"
wnba,wnba_shot_pace,shot_pace,possessions,get-possessions,2025,Regular Season,team,"{'OffDef': 'Offense', 'Season': '2025', 'SeasonType': 'Regular Season', 'TeamId': '1611661319'}",shot_pace,1611661319,4Q/OT | margin -3..3 | 300..120,get-possessions__possessions__off_def-Offense__season-2025__season_type-Regular_Season__team_id-1611661319__9cf2cba8,get-possessions,https://api.pbpstats.com/get-possessions/wnba?OffDef=Offense&Season=2025&SeasonType=Regular+Season&TeamId=1611661319,200,394,05:37,"Becky Hammon Foul:T.FOUL
MISS Banham Free Throw Technical
Aces Rebound
MISS Loyd 3' Driving Layup
Cardoso REBOUND (Off:3 Def:5)
",1,0,0,0,2025-08-25,1022500242,0,0,CHI,4,0,1,05:54,Off Timeout,0,"[{""description"": ""Becky Hammon Foul:T.FOUL"", ""url"": """"}, {""description"": ""MISS Banham Free Throw Technical"", ""url"": """"}, {""description"": ""Aces Rebound"", ""url"": """"}, {""description"": ""MISS Loyd 3' Driving Layup"", ""url"": """"}, {""description"": ""Cardoso REBOUND (Off:3 Def:5)"", ""url"": """"}]"
wnba,wnba_shot_pace,shot_pace,possessions,get-possessions,2025,Regular Season,team,"{'OffDef': 'Offense', 'Season': '2025', 'SeasonType': 'Regular Season', 'TeamId': '1611661319'}",shot_pace,1611661319,4Q/OT | margin -3..3 | 300..120,get-possessions__possessions__off_def-Offense__season-2025__season_type-Regular_Season__team_id-1611661319__9cf2cba8,get-possessions,https://api.pbpstats.com/get-possessions/wnba?OffDef=Offense&Season=2025&SeasonType=Regular+Season&TeamId=1611661319,200,395,06:01,"Atkins P.FOUL (P2.T3)
Cardoso BLOCK (1 BLK): MISS Wilson 4' Driving Floating Jump Shot
Cardoso REBOUND (Off:3 Def:4)
",1,0,0,0,2025-08-25,1022500242,0,0,CHI,4,0,4,06:21,Off Steal,0,"[{""description"": ""Atkins P.FOUL (P2.T3)"", ""url"": """"}, {""description"": ""Cardoso BLOCK (1 BLK): MISS Wilson 4' Driving Floating Jump Shot"", ""url"": """"}, {""description"": ""Cardoso REBOUND (Off:3 Def:4)"", ""url"": """"}]"
wnba,wnba_shot_pace,shot_pace,possessions,get-possessions,2025,Regular Season,team,"{'OffDef': 'Offense', 'Season': '2025', 'SeasonType': 'Regular Season', 'TeamId': '1611661319'}",shot_pace,1611661319,4Q/OT | margin -3..3 | 300..120,get-possessions__possessions__off_def-Offense__season-2025__season_type-Regular_Season__team_id-1611661319__9cf2cba8,get-possessions,https://api.pbpstats.com/get-possessions/wnba?OffDef=Offense&Season=2025&SeasonType=Regular+Season&TeamId=1611661319,200,396,06:33,"MISS Wilson 12' Jump Shot
Reese REBOUND (Off:4 Def:11)
",1,0,0,0,2025-08-25,1022500242,0,0,CHI,4,0,4,06:49,Off Timeout,0,"[{""description"": ""MISS Wilson 12' Jump Shot"", ""url"": """"}, {""description"": ""Reese REBOUND (Off:4 Def:11)"", ""url"": """"}]"
wnba,wnba_shot_pace,shot_pace,possessions,get-possessions,2025,Regular Season,team,"{'OffDef': 'Offense', 'Season': '2025', 'SeasonType': 'Regular Season', 'TeamId': '1611661319'}",shot_pace,1611661319,4Q/OT | margin -3..3 | 300..120,get-possessions__possessions__off_def-Offense__season-2025__season_type-Regular_Season__team_id-1611661319__9cf2cba8,get-possessions,https://api.pbpstats.com/get-possessions/wnba?OffDef=Offense&Season=2025&SeasonType=Regular+Season&TeamId=1611661319,200,397,07:05,"Evans 2' Driving Layup (8 PTS)
",1,1,0,0,2025-08-25,1022500242,0,0,CHI,4,0,2,07:19,Off FT Make,0,"[{""description"": ""Evans 2' Driving Layup (8 PTS)"", ""url"": """"}]"
wnba,wnba_shot_pace,shot_pace,possessions,get-possessions,2025,Regular Season,team,"{'OffDef': 'Offense', 'Season': '2025', 'SeasonType': 'Regular Season', 'TeamId': '1611661319'}",shot_pace,1611661319,4Q/OT | margin -3..3 | 300..120,get-possessions__possessions__off_def-Offense__season-2025__season_type-Regular_Season__team_id-1611661319__9cf2cba8,get-possessions,https://api.pbpstats.com/get-possessions/wnba?OffDef=Offense&Season=2025&SeasonType=Regular+Season&TeamId=1611661319,200,398,07:24,"Reese STEAL (3 STL): Gray Lost Ball Turnover (P3.T11)
",0,0,0,0,2025-08-25,1022500242,0,0,CHI,4,0,5,07:31,Off Arc 3 Miss,1,"[{""description"": ""Reese STEAL (3 STL): Gray Lost Ball Turnover (P3.T11)"", ""url"": """"}]"
wnba,wnba_shot_pace,shot_pace,possessions,get-possessions,2025,Regular Season,team,"{'OffDef': 'Offense', 'Season': '2025', 'SeasonType': 'Regular Season', 'TeamId': '1611661319'}",shot_pace,1611661319,4Q/OT | margin -3..3 | 300..120,get-possessions__possessions__off_def-Offense__season-2025__season_type-Regular_Season__team_id-1611661319__9cf2cba8,get-possessions,https://api.pbpstats.com/get-possessions/wnba?OffDef=Offense&Season=2025&SeasonType=Regular+Season&TeamId=1611661319,200,399,07:52,"Evans 2' Driving Layup (5 PTS)
Uzun S.FOUL (P1.T2)
Evans Free Throw 1 of 1 (6 PTS)
",1,1,0,0,2025-08-25,1022500242,0,0,CHI,4,1,2,08:13,Off At Rim Make,0,"[{""description"": ""Evans 2' Driving Layup (5 PTS)"", ""url"": """"}, {""description"": ""Uzun S.FOUL (P1.T2)"", ""url"": """"}, {""description"": ""Evans Free Throw 1 of 1 (6 PTS)"", ""url"": """"}]"
wnba,wnba_shot_pace,shot_pace,possessions,get-possessions,2025,Regular Season,team,"{'OffDef': 'Offense', 'Season': '2025', 'SeasonType': 'Regular Season', 'TeamId': '1611661319'}",shot_pace,1611661319,4Q/OT | margin -3..3 | 300..120,get-possessions__possessions__off_def-Offense__season-2025__season_type-Regular_Season__team_id-1611661319__9cf2cba8,get-possessions,https://api.pbpstats.com/get-possessions/wnba?OffDef=Offense&Season=2025&SeasonType=Regular+Season&TeamId=1611661319,200,400,08:23,"MISS Young 25' 3PT Step Back Jump Shot
Reese REBOUND (Off:4 Def:10)
",0,0,1,0,2025-08-25,1022500242,0,0,CHI,4,0,4,08:51,Off Dead Ball,0,"[{""description"": ""MISS Young 25' 3PT Step Back Jump Shot"", ""url"": """"}, {""description"": ""Reese REBOUND (Off:4 Def:10)"", ""url"": """"}]"
wnba,wnba_shot_pace,shot_pace,possessions,get-possessions,2025,Regular Season,team,"{'OffDef': 'Offense', 'Season': '2025', 'SeasonType': 'Regular Season', 'TeamId': '1611661319'}",shot_pace,1611661319,4Q/OT | margin -3..3 | 300..120,get-possessions__possessions__off_def-Offense__season-2025__season_type-Regular_Season__team_id-1611661319__9cf2cba8,get-possessions,https://api.pbpstats.com/get-possessions/wnba?OffDef=Offense&Season=2025&SeasonType=Regular+Season&TeamId=1611661319,200,401,09:05,"Young 2' Driving Layup (22 PTS)
Williams S.FOUL (P1.T1)
MISS Young Free Throw 1 of 1
Nurse REBOUND (Off:0 Def:1)
",1,1,0,0,2025-08-25,1022500242,0,0,CHI,4,1,2,09:28,Off FT Make,0,"[{""description"": ""Young 2' Driving Layup (22 PTS)"", ""url"": """"}, {""description"": ""Williams S.FOUL (P1.T1)"", ""url"": """"}, {""description"": ""MISS Young Free Throw 1 of 1"", ""url"": """"}, {""description"": ""Nurse REBOUND (Off:0 Def:1)"", ""url"": """"}]"
wnba,wnba_shot_pace,shot_pace,possessions,get-possessions,2025,Regular Season,team,"{'OffDef': 'Offense', 'Season': '2025', 'SeasonType': 'Regular Season', 'TeamId': '1611661319'}",shot_pace,1611661319,4Q/OT | margin -3..3 | 300..120,get-possessions__possessions__off_def-Offense__season-2025__season_type-Regular_Season__team_id-1611661319__9cf2cba8,get-possessions,https://api.pbpstats.com/get-possessions/wnba?OffDef=Offense&Season=2025&SeasonType=Regular+Season&TeamId=1611661319,200,402,00:06,"Gray 3PT Jump Shot (11 PTS) (Young 6 AST)
",0,0,1,1,2025-08-25,1022500242,0,0,CHI,3,0,1,00:22,Off FT Make,0,"[{""description"": ""Gray 3PT Jump Shot (11 PTS) (Young 6 AST)"", ""url"": """"}]"
wnba,wnba_shot_pace,shot_pace,possessions,get-possessions,2025,Regular Season,team,"{'OffDef': 'Offense', 'Season': '2025', 'SeasonType': 'Regular Season', 'TeamId': '1611661319'}",shot_pace,1611661319,4Q/OT | margin -3..3 | 300..120,get-possessions__possessions__off_def-Offense__season-2025__season_type-Regular_Season__team_id-1611661319__9cf2cba8,get-possessions,https://api.pbpstats.com/get-possessions/wnba?OffDef=Offense&Season=2025&SeasonType=Regular+Season&TeamId=1611661319,200,403,00:36,"Cardoso S.FOUL (P4.PN)
Smith Free Throw 1 of 2 (7 PTS)
Smith Free Throw 2 of 2 (8 PTS)
",0,0,0,0,2025-08-25,1022500242,0,0,CHI,3,1,2,00:44,Off At Rim Miss,0,"[{""description"": ""Cardoso S.FOUL (P4.PN)"", ""url"": """"}, {""description"": ""Smith Free Throw 1 of 2 (7 PTS)"", ""url"": """"}, {""description"": ""Smith Free Throw 2 of 2 (8 PTS)"", ""url"": """"}]"
wnba,wnba_shot_pace,shot_pace,possessions,get-possessions,2025,Regular Season,team,"{'OffDef': 'Offense', 'Season': '2025', 'SeasonType': 'Regular Season', 'TeamId': '1611661319'}",shot_pace,1611661319,4Q/OT | margin -3..3 | 300..120,get-possessions__possessions__off_def-Offense__season-2025__season_type-Regular_Season__team_id-1611661319__9cf2cba8,get-possessions,https://api.pbpstats.com/get-possessions/wnba?OffDef=Offense&Season=2025&SeasonType=Regular+Season&TeamId=1611661319,200,404,01:02,"Atkins BLOCK (1 BLK): MISS Smith 3' Driving Layup
SKY Rebound
",1,0,0,0,2025-08-25,1022500242,0,0,CHI,3,0,2,01:15,Off Dead Ball,0,"[{""description"": ""Atkins BLOCK (1 BLK): MISS Smith 3' Driving Layup"", ""url"": """"}, {""description"": ""SKY Rebound"", ""url"": """"}]"
wnba,wnba_shot_pace,shot_pace,possessions,get-possessions,2025,Regular Season,team,"{'OffDef': 'Offense', 'Season': '2025', 'SeasonType': 'Regular Season', 'TeamId': '1611661319'}",shot_pace,1611661319,4Q/OT | margin -3..3 | 300..120,get-possessions__possessions__off_def-Offense__season-2025__season_type-Regular_Season__team_id-1611661319__9cf2cba8,get-possessions,https://api.pbpstats.com/get-possessions/wnba?OffDef=Offense&Season=2025&SeasonType=Regular+Season&TeamId=1611661319,200,405,01:23,"Reese P.FOUL (P3.T4)
MISS Wilson 16' Jump Shot
Williams REBOUND (Off:0 Def:4)
",1,0,0,0,2025-08-25,1022500242,0,0,CHI,3,0,2,01:44,Off At Rim Make,0,"[{""description"": ""Reese P.FOUL (P3.T4)"", ""url"": """"}, {""description"": ""MISS Wilson 16' Jump Shot"", ""url"": """"}, {""description"": ""Williams REBOUND (Off:0 Def:4)"", ""url"": """"}]"
wnba,wnba_shot_pace,shot_pace,possessions,get-possessions,2025,Regular Season,team,"{'OffDef': 'Offense', 'Season': '2025', 'SeasonType': 'Regular Season', 'TeamId': '1611661319'}",shot_pace,1611661319,4Q/OT | margin -3..3 | 300..120,get-possessions__possessions__off_def-Offense__season-2025__season_type-Regular_Season__team_id-1611661319__9cf2cba8,get-possessions,https://api.pbpstats.com/get-possessions/wnba?OffDef=Offense&Season=2025&SeasonType=Regular+Season&TeamId=1611661319,200,406,02:02,"Wilson 12' Jump Shot (11 PTS) (Gray 4 AST)
",1,1,0,0,2025-08-25,1022500242,0,0,CHI,3,0,2,02:18,Off FT Miss,0,"[{""description"": ""Wilson 12' Jump Shot (11 PTS) (Gray 4 AST)"", ""url"": """"}]"
wnba,wnba_shot_pace,shot_pace,possessions,get-possessions,2025,Regular Season,team,"{'OffDef': 'Offense', 'Season': '2025', 'SeasonType': 'Regular Season', 'TeamId': '1611661319'}",shot_pace,1611661319,4Q/OT | margin -3..3 | 300..120,get-possessions__possessions__off_def-Offense__season-2025__season_type-Regular_Season__team_id-1611661319__9cf2cba8,get-possessions,https://api.pbpstats.com/get-possessions/wnba?OffDef=Offense&Season=2025&SeasonType=Regular+Season&TeamId=1611661319,200,407,02:23,"MISS Loyd 24' 3PT Jump Shot
Reese REBOUND (Off:4 Def:9)
",0,0,1,0,2025-08-25,1022500242,0,0,CHI,3,0,3,02:41,Off FT Make,0,"[{""description"": ""MISS Loyd 24' 3PT Jump Shot"", ""url"": """"}, {""description"": ""Reese REBOUND (Off:4 Def:9)"", ""url"": """"}]"
wnba,wnba_shot_pace,shot_pace,possessions,get-possessions,2025,Regular Season,team,"{'OffDef': 'Offense', 'Season': '2025', 'SeasonType': 'Regular Season', 'TeamId': '1611661319'}",shot_pace,1611661319,4Q/OT | margin -3..3 | 300..120,get-possessions__possessions__off_def-Offense__season-2025__season_type-Regular_Season__team_id-1611661319__9cf2cba8,get-possessions,https://api.pbpstats.com/get-possessions/wnba?OffDef=Offense&Season=2025&SeasonType=Regular+Season&TeamId=1611661319,200,408,03:05,"Banham S.FOUL (P2.T3)
Loyd Free Throw 1 of 2 (1 PTS)
Loyd Free Throw 2 of 2 (2 PTS)
",0,0,0,0,2025-08-25,1022500242,0,0,CHI,3,1,2,03:09,Off Steal,0,"[{""description"": ""Banham S.FOUL (P2.T3)"", ""url"": """"}, {""description"": ""Loyd Free Throw 1 of 2 (1 PTS)"", ""url"": """"}, {""description"": ""Loyd Free Throw 2 of 2 (2 PTS)"", ""url"": """"}]"
wnba,wnba_shot_pace,shot_pace,possessions,get-possessions,2025,Regular Season,team,"{'OffDef': 'Offense', 'Season': '2025', 'SeasonType': 'Regular Season', 'TeamId': '1611661319'}",shot_pace,1611661319,4Q/OT | margin -3..3 | 300..120,get-possessions__possessions__off_def-Offense__season-2025__season_type-Regular_Season__team_id-1611661319__9cf2cba8,get-possessions,https://api.pbpstats.com/get-possessions/wnba?OffDef=Offense&Season=2025&SeasonType=Regular+Season&TeamId=1611661319,200,409,03:23,"MISS Young 7' Driving Floating Jump Shot
Reese REBOUND (Off:4 Def:8)
",1,0,0,0,2025-08-25,1022500242,0,0,CHI,3,0,2,03:43,Off Short Mid-Range Make,0,"[{""description"": ""MISS Young 7' Driving Floating Jump Shot"", ""url"": """"}, {""description"": ""Reese REBOUND (Off:4 Def:8)"", ""url"": """"}]"
wnba,wnba_shot_pace,shot_pace,possessions,get-possessions,2025,Regular Season,team,"{'OffDef': 'Offense', 'Season': '2025', 'SeasonType': 'Regular Season', 'TeamId': '1611661319'}",shot_pace,1611661319,4Q/OT | margin -3..3 | 300..120,get-possessions__possessions__off_def-Offense__season-2025__season_type-Regular_Season__team_id-1611661319__9cf2cba8,get-possessions,https://api.pbpstats.com/get-possessions/wnba?OffDef=Offense&Season=2025&SeasonType=Regular+Season&TeamId=1611661319,200,410,03:48,"MISS Gustafson 3PT Jump Shot
Banham REBOUND (Off:0 Def:3)
",0,0,1,0,2025-08-25,1022500242,0,0,CHI,3,0,4,04:07,Off Dead Ball,0,"[{""description"": ""MISS Gustafson 3PT Jump Shot"", ""url"": """"}, {""description"": ""Banham REBOUND (Off:0 Def:3)"", ""url"": """"}]"
wnba,wnba_shot_pace,shot_pace,possessions,get-possessions,2025,Regular Season,team,"{'OffDef': 'Offense', 'Season': '2025', 'SeasonType': 'Regular Season', 'TeamId': '1611661319'}",shot_pace,1611661319,4Q/OT | margin -3..3 | 300..120,get-possessions__possessions__off_def-Offense__season-2025__season_type-Regular_Season__team_id-1611661319__9cf2cba8,get-possessions,https://api.pbpstats.com/get-possessions/wnba?OffDef=Offense&Season=2025&SeasonType=Regular+Season&TeamId=1611661319,200,411,04:12,"MISS Evans 19' Step Back Jump Shot
Reese REBOUND (Off:4 Def:7)
",1,0,0,0,2025-08-25,1022500242,0,0,CHI,3,0,4,04:34,Off FT Make,0,"[{""description"": ""MISS Evans 19' Step Back Jump Shot"", ""url"": """"}, {""description"": ""Reese REBOUND (Off:4 Def:7)"", ""url"": """"}]"
wnba,wnba_shot_pace,shot_pace,possessions,get-possessions,2025,Regular Season,team,"{'OffDef': 'Offense', 'Season': '2025', 'SeasonType': 'Regular Season', 'TeamId': '1611661319'}",shot_pace,1611661319,4Q/OT | margin -3..3 | 300..120,get-possessions__possessions__off_def-Offense__season-2025__season_type-Regular_Season__team_id-1611661319__9cf2cba8,get-possessions,https://api.pbpstats.com/get-possessions/wnba?OffDef=Offense&Season=2025&SeasonType=Regular+Season&TeamId=1611661319,200,412,04:51,"Nurse P.FOUL (P1.T2)
MISS Gray 8' Turnaround Fadeaway Shot
Reese REBOUND (Off:4 Def:6)
",1,0,0,0,2025-08-25,1022500242,0,0,CHI,3,0,6,05:27,Off Arc 3 Make,0,"[{""description"": ""Nurse P.FOUL (P1.T2)"", ""url"": """"}, {""description"": ""MISS Gray 8' Turnaround Fadeaway Shot"", ""url"": """"}, {""description"": ""Reese REBOUND (Off:4 Def:6)"", ""url"": """"}]"
wnba,wnba_shot_pace,shot_pace,possessions,get-possessions,2025,Regular Season,team,"{'OffDef': 'Offense', 'Season': '2025', 'SeasonType': 'Regular Season', 'TeamId': '1611661319'}",shot_pace,1611661319,4Q/OT | margin -3..3 | 300..120,get-possessions__possessions__off_def-Offense__season-2025__season_type-Regular_Season__team_id-1611661319__9cf2cba8,get-possessions,https://api.pbpstats.com/get-possessions/wnba?OffDef=Offense&Season=2025&SeasonType=Regular+Season&TeamId=1611661319,200,413,05:33,"Banham P.FOUL (P1.T1)
MISS Wilson 7' Turnaround Fadeaway Shot
Cardoso REBOUND (Off:2 Def:3)
",1,0,0,0,2025-08-25,1022500242,0,0,CHI,3,0,9,05:54,Off FT Make,0,"[{""description"": ""Banham P.FOUL (P1.T1)"", ""url"": """"}, {""description"": ""MISS Wilson 7' Turnaround Fadeaway Shot"", ""url"": """"}, {""description"": ""Cardoso REBOUND (Off:2 Def:3)"", ""url"": """"}]"
wnba,wnba_shot_pace,shot_pace,possessions,get-possessions,2025,Regular Season,team,"{'OffDef': 'Offense', 'Season': '2025', 'SeasonType': 'Regular Season', 'TeamId': '1611661319'}",shot_pace,1611661319,4Q/OT | margin -3..3 | 300..120,get-possessions__possessions__off_def-Offense__season-2025__season_type-Regular_Season__team_id-1611661319__9cf2cba8,get-possessions,https://api.pbpstats.com/get-possessions/wnba?OffDef=Offense&Season=2025&SeasonType=Regular+Season&TeamId=1611661319,200,414,06:05,"Wilson 26' 3PT Jump Shot (9 PTS) (Gustafson 1 AST)
",0,0,1,1,2025-08-25,1022500242,0,0,CHI,3,0,8,06:15,Off Steal,0,"[{""description"": ""Wilson 26' 3PT Jump Shot (9 PTS) (Gustafson 1 AST)"", ""url"": """"}]"
wnba,wnba_shot_pace,shot_pace,possessions,get-possessions,2025,Regular Season,team,"{'OffDef': 'Offense', 'Season': '2025', 'SeasonType': 'Regular Season', 'TeamId': '1611661319'}",shot_pace,1611661319,4Q/OT | margin -3..3 | 300..120,get-possessions__possessions__off_def-Offense__season-2025__season_type-Regular_Season__team_id-1611661319__9cf2cba8,get-possessions,https://api.pbpstats.com/get-possessions/wnba?OffDef=Offense&Season=2025&SeasonType=Regular+Season&TeamId=1611661319,200,415,06:29,"MISS Bell 26' 3PT Jump Shot
Cardoso REBOUND (Off:2 Def:2)
",0,0,1,0,2025-08-25,1022500242,0,0,CHI,3,0,8,06:50,Off At Rim Make,0,"[{""description"": ""MISS Bell 26' 3PT Jump Shot"", ""url"": """"}, {""description"": ""Cardoso REBOUND (Off:2 Def:2)"", ""url"": """"}]"
wnba,wnba_shot_pace,shot_pace,possessions,get-possessions,2025,Regular Season,team,"{'OffDef': 'Offense', 'Season': '2025', 'SeasonType': 'Regular Season', 'TeamId': '1611661319'}",shot_pace,1611661319,4Q/OT | margin -3..3 | 300..120,get-possessions__possessions__off_def-Offense__season-2025__season_type-Regular_Season__team_id-1611661319__9cf2cba8,get-possessions,https://api.pbpstats.com/get-possessions/wnba?OffDef=Offense&Season=2025&SeasonType=Regular+Season&TeamId=1611661319,200,416,06:54,"MISS Wilson 2' Driving Layup
Atkins REBOUND (Off:1 Def:2)
",1,0,0,0,2025-08-25,1022500242,0,0,CHI,3,0,10,07:06,Off At Rim Make,0,"[{""description"": ""MISS Wilson 2' Driving Layup"", ""url"": """"}, {""description"": ""Atkins REBOUND (Off:1 Def:2)"", ""url"": """"}]"
wnba,wnba_shot_pace,shot_pace,possessions,get-possessions,2025,Regular Season,team,"{'OffDef': 'Offense', 'Season': '2025', 'SeasonType': 'Regular Season', 'TeamId': '1611661319'}",shot_pace,1611661319,4Q/OT | margin -3..3 | 300..120,get-possessions__possessions__off_def-Offense__season-2025__season_type-Regular_Season__team_id-1611661319__9cf2cba8,get-possessions,https://api.pbpstats.com/get-possessions/wnba?OffDef=Offense&Season=2025&SeasonType=Regular+Season&TeamId=1611661319,200,417,07:19,"MISS Smith 18' Jump Shot
Atkins REBOUND (Off:0 Def:1)
",1,0,0,0,2025-08-25,1022500242,0,0,CHI,3,0,12,07:32,Off At Rim Make,0,"[{""description"": ""MISS Smith 18' Jump Shot"", ""url"": """"}, {""description"": ""Atkins REBOUND (Off:0 Def:1)"", ""url"": """"}]"
wnba,wnba_shot_pace,shot_pace,possessions,get-possessions,2025,Regular Season,team,"{'OffDef': 'Offense', 'Season': '2025', 'SeasonType': 'Regular Season', 'TeamId': '1611661319'}",shot_pace,1611661319,4Q/OT | margin -3..3 | 300..120,get-possessions__possessions__off_def-Offense__season-2025__season_type-Regular_Season__team_id-1611661319__9cf2cba8,get-possessions,https://api.pbpstats.com/get-possessions/wnba?OffDef=Offense&Season=2025&SeasonType=Regular+Season&TeamId=1611661319,200,418,07:45,"MISS Bell 25' 3PT Jump Shot
Young REBOUND (Off:1 Def:1)
Bell 2' Reverse Layup (2 PTS) (Young 5 AST)
",1,1,1,0,2025-08-25,1022500242,0,1,CHI,3,0,12,08:07,Off FT Make,0,"[{""description"": ""MISS Bell 25' 3PT Jump Shot"", ""url"": """"}, {""description"": ""Young REBOUND (Off:1 Def:1)"", ""url"": """"}, {""description"": ""Bell 2' Reverse Layup (2 PTS) (Young 5 AST)"", ""url"": """"}]"
wnba,wnba_shot_pace,shot_pace,possessions,get-possessions,2025,Regular Season,team,"{'OffDef': 'Offense', 'Season': '2025', 'SeasonType': 'Regular Season', 'TeamId': '1611661319'}",shot_pace,1611661319,4Q/OT | margin -3..3 | 300..120,get-possessions__possessions__off_def-Offense__season-2025__season_type-Regular_Season__team_id-1611661319__9cf2cba8,get-possessions,https://api.pbpstats.com/get-possessions/wnba?OffDef=Offense&Season=2025&SeasonType=Regular+Season&TeamId=1611661319,200,419,08:25,"MISS Bell 21' Step Back Jump Shot
Reese REBOUND (Off:4 Def:5)
",1,0,0,0,2025-08-25,1022500242,0,0,CHI,3,0,14,08:46,Off Dead Ball,0,"[{""description"": ""MISS Bell 21' Step Back Jump Shot"", ""url"": """"}, {""description"": ""Reese REBOUND (Off:4 Def:5)"", ""url"": """"}]"
wnba,wnba_shot_pace,shot_pace,possessions,get-possessions,2025,Regular Season,team,"{'OffDef': 'Offense', 'Season': '2025', 'SeasonType': 'Regular Season', 'TeamId': '1611661319'}",shot_pace,1611661319,4Q/OT | margin -3..3 | 300..120,get-possessions__possessions__off_def-Offense__season-2025__season_type-Regular_Season__team_id-1611661319__9cf2cba8,get-possessions,https://api.pbpstats.com/get-possessions/wnba?OffDef=Offense&Season=2025&SeasonType=Regular+Season&TeamId=1611661319,200,420,08:51,"Reese STEAL (2 STL): Young Bad Pass Turnover (P2.T10)
",0,0,0,0,2025-08-25,1022500242,0,0,CHI,3,0,14,09:01,Off Long Mid-Range Miss,1,"[{""description"": ""Reese STEAL (2 STL): Young Bad Pass Turnover (P2.T10)"", ""url"": """"}]"
wnba,wnba_shot_pace,shot_pace,possessions,get-possessions,2025,Regular Season,team,"{'OffDef': 'Offense', 'Season': '2025', 'SeasonType': 'Regular Season', 'TeamId': '1611661319'}",shot_pace,1611661319,4Q/OT | margin -3..3 | 300..120,get-possessions__possessions__off_def-Offense__season-2025__season_type-Regular_Season__team_id-1611661319__9cf2cba8,get-possessions,https://api.pbpstats.com/get-possessions/wnba?OffDef=Offense&Season=2025&SeasonType=Regular+Season&TeamId=1611661319,200,421,09:42,"Wilson 2' Layup (6 PTS) (Gray 3 AST)
",1,1,0,0,2025-08-25,1022500242,0,0,CHI,3,0,12,10:00,Off Dead Ball,0,"[{""description"": ""Wilson 2' Layup (6 PTS) (Gray 3 AST)"", ""url"": """"}]"
wnba,wnba_shot_pace,shot_pace,possessions,get-possessions,2025,Regular Season,team,"{'OffDef': 'Offense', 'Season': '2025', 'SeasonType': 'Regular Season', 'TeamId': '1611661319'}",shot_pace,1611661319,4Q/OT | margin -3..3 | 300..120,get-possessions__possessions__off_def-Offense__season-2025__season_type-Regular_Season__team_id-1611661319__9cf2cba8,get-possessions,https://api.pbpstats.com/get-possessions/wnba?OffDef=Offense&Season=2025&SeasonType=Regular+Season&TeamId=1611661319,200,422,00:00,"MISS Gray 8' Pullup Jump Shot
Loyd REBOUND (Off:1 Def:1)
Young 24' 3PT Pullup Jump Shot (20 PTS) (Loyd 1 AST)
",1,0,1,1,2025-08-25,1022500242,0,1,CHI,2,0,9,00:26,Off Arc 3 Miss,0,"[{""description"": ""MISS Gray 8' Pullup Jump Shot"", ""url"": """"}, {""description"": ""Loyd REBOUND (Off:1 Def:1)"", ""url"": """"}, {""description"": ""Young 24' 3PT Pullup Jump Shot (20 PTS) (Loyd 1 AST)"", ""url"": """"}]"
wnba,wnba_shot_pace,shot_pace,possessions,get-possessions,2025,Regular Season,team,"{'OffDef': 'Offense', 'Season': '2025', 'SeasonType': 'Regular Season', 'TeamId': '1611661319'}",shot_pace,1611661319,4Q/OT | margin -3..3 | 300..120,get-possessions__possessions__off_def-Offense__season-2025__season_type-Regular_Season__team_id-1611661319__9cf2cba8,get-possessions,https://api.pbpstats.com/get-possessions/wnba?OffDef=Offense&Season=2025&SeasonType=Regular+Season&TeamId=1611661319,200,423,00:38,"Young 2' Driving Finger Roll Layup (17 PTS)
",1,1,0,0,2025-08-25,1022500242,0,0,CHI,2,0,7,00:57,Off FT Make,0,"[{""description"": ""Young 2' Driving Finger Roll Layup (17 PTS)"", ""url"": """"}]"
wnba,wnba_shot_pace,shot_pace,possessions,get-possessions,2025,Regular Season,team,"{'OffDef': 'Offense', 'Season': '2025', 'SeasonType': 'Regular Season', 'TeamId': '1611661319'}",shot_pace,1611661319,4Q/OT | margin -3..3 | 300..120,get-possessions__possessions__off_def-Offense__season-2025__season_type-Regular_Season__team_id-1611661319__9cf2cba8,get-possessions,https://api.pbpstats.com/get-possessions/wnba?OffDef=Offense&Season=2025&SeasonType=Regular+Season&TeamId=1611661319,200,424,01:19,"Allen P.FOUL (P1.T3)
Young 20' Pullup Jump Shot (15 PTS)
",1,1,0,0,2025-08-25,1022500242,0,0,CHI,2,0,7,01:38,Off Dead Ball,0,"[{""description"": ""Allen P.FOUL (P1.T3)"", ""url"": """"}, {""description"": ""Young 20' Pullup Jump Shot (15 PTS)"", ""url"": """"}]"
wnba,wnba_shot_pace,shot_pace,possessions,get-possessions,2025,Regular Season,team,"{'OffDef': 'Offense', 'Season': '2025', 'SeasonType': 'Regular Season', 'TeamId': '1611661319'}",shot_pace,1611661319,4Q/OT | margin -3..3 | 300..120,get-possessions__possessions__off_def-Offense__season-2025__season_type-Regular_Season__team_id-1611661319__9cf2cba8,get-possessions,https://api.pbpstats.com/get-possessions/wnba?OffDef=Offense&Season=2025&SeasonType=Regular+Season&TeamId=1611661319,200,425,02:06,"Young 25' 3PT Running Pull-Up Jump Shot (13 PTS)
",0,0,1,1,2025-08-25,1022500242,0,0,CHI,2,0,4,02:10,Off Steal,0,"[{""description"": ""Young 25' 3PT Running Pull-Up Jump Shot (13 PTS)"", ""url"": """"}]"
wnba,wnba_shot_pace,shot_pace,possessions,get-possessions,2025,Regular Season,team,"{'OffDef': 'Offense', 'Season': '2025', 'SeasonType': 'Regular Season', 'TeamId': '1611661319'}",shot_pace,1611661319,4Q/OT | margin -3..3 | 300..120,get-possessions__possessions__off_def-Offense__season-2025__season_type-Regular_Season__team_id-1611661319__9cf2cba8,get-possessions,https://api.pbpstats.com/get-possessions/wnba?OffDef=Offense&Season=2025&SeasonType=Regular+Season&TeamId=1611661319,200,426,02:24,"Young 10' Driving Floating Jump Shot (10 PTS)
",1,1,0,0,2025-08-25,1022500242,0,0,CHI,2,0,2,02:43,Off Arc 3 Make,0,"[{""description"": ""Young 10' Driving Floating Jump Shot (10 PTS)"", ""url"": """"}]"
wnba,wnba_shot_pace,shot_pace,possessions,get-possessions,2025,Regular Season,team,"{'OffDef': 'Offense', 'Season': '2025', 'SeasonType': 'Regular Season', 'TeamId': '1611661319'}",shot_pace,1611661319,4Q/OT | margin -3..3 | 300..120,get-possessions__possessions__off_def-Offense__season-2025__season_type-Regular_Season__team_id-1611661319__9cf2cba8,get-possessions,https://api.pbpstats.com/get-possessions/wnba?OffDef=Offense&Season=2025&SeasonType=Regular+Season&TeamId=1611661319,200,427,03:02,"Cardoso S.FOUL (P3.T2)
Wilson Free Throw 1 of 2 (3 PTS)
Wilson Free Throw 2 of 2 (4 PTS)
",0,0,0,0,2025-08-25,1022500242,0,0,CHI,2,1,3,03:07,Off At Rim Block,0,"[{""description"": ""Cardoso S.FOUL (P3.T2)"", ""url"": """"}, {""description"": ""Wilson Free Throw 1 of 2 (3 PTS)"", ""url"": """"}, {""description"": ""Wilson Free Throw 2 of 2 (4 PTS)"", ""url"": """"}]"
wnba,wnba_shot_pace,shot_pace,possessions,get-possessions,2025,Regular Season,team,"{'OffDef': 'Offense', 'Season': '2025', 'SeasonType': 'Regular Season', 'TeamId': '1611661319'}",shot_pace,1611661319,4Q/OT | margin -3..3 | 300..120,get-possessions__possessions__off_def-Offense__season-2025__season_type-Regular_Season__team_id-1611661319__9cf2cba8,get-possessions,https://api.pbpstats.com/get-possessions/wnba?OffDef=Offense&Season=2025&SeasonType=Regular+Season&TeamId=1611661319,200,428,03:23,"Gray Out of Bounds - Bad Pass Turnover Turnover (P2.T9)
",0,0,0,0,2025-08-25,1022500242,0,0,CHI,2,0,3,03:33,Off Long Mid-Range Make,1,"[{""description"": ""Gray Out of Bounds - Bad Pass Turnover Turnover (P2.T9)"", ""url"": """"}]"
wnba,wnba_shot_pace,shot_pace,possessions,get-possessions,2025,Regular Season,team,"{'OffDef': 'Offense', 'Season': '2025', 'SeasonType': 'Regular Season', 'TeamId': '1611661319'}",shot_pace,1611661319,4Q/OT | margin -3..3 | 300..120,get-possessions__possessions__off_def-Offense__season-2025__season_type-Regular_Season__team_id-1611661319__9cf2cba8,get-possessions,https://api.pbpstats.com/get-possessions/wnba?OffDef=Offense&Season=2025&SeasonType=Regular+Season&TeamId=1611661319,200,429,03:50,"Reese P.FOUL (P1.T1)
MISS Wilson 24' 3PT Jump Shot
Cardoso REBOUND (Off:1 Def:1)
",0,0,1,0,2025-08-25,1022500242,0,0,CHI,2,0,5,04:20,Off Arc 3 Make,0,"[{""description"": ""Reese P.FOUL (P1.T1)"", ""url"": """"}, {""description"": ""MISS Wilson 24' 3PT Jump Shot"", ""url"": """"}, {""description"": ""Cardoso REBOUND (Off:1 Def:1)"", ""url"": """"}]"
wnba,wnba_shot_pace,shot_pace,possessions,get-possessions,2025,Regular Season,team,"{'OffDef': 'Offense', 'Season': '2025', 'SeasonType': 'Regular Season', 'TeamId': '1611661319'}",shot_pace,1611661319,4Q/OT | margin -3..3 | 300..120,get-possessions__possessions__off_def-Offense__season-2025__season_type-Regular_Season__team_id-1611661319__9cf2cba8,get-possessions,https://api.pbpstats.com/get-possessions/wnba?OffDef=Offense&Season=2025&SeasonType=Regular+Season&TeamId=1611661319,200,430,04:34,"MISS Wilson 2' Driving Layup
Reese REBOUND (Off:2 Def:4)
",1,0,0,0,2025-08-25,1022500242,0,0,CHI,2,0,8,04:58,Off Long Mid-Range Make,0,"[{""description"": ""MISS Wilson 2' Driving Layup"", ""url"": """"}, {""description"": ""Reese REBOUND (Off:2 Def:4)"", ""url"": """"}]"
wnba,wnba_shot_pace,shot_pace,possessions,get-possessions,2025,Regular Season,team,"{'OffDef': 'Offense', 'Season': '2025', 'SeasonType': 'Regular Season', 'TeamId': '1611661319'}",shot_pace,1611661319,4Q/OT | margin -3..3 | 300..120,get-possessions__possessions__off_def-Offense__season-2025__season_type-Regular_Season__team_id-1611661319__9cf2cba8,get-possessions,https://api.pbpstats.com/get-possessions/wnba?OffDef=Offense&Season=2025&SeasonType=Regular+Season&TeamId=1611661319,200,431,05:07,"MISS Young 4' Driving Floating Jump Shot
Wilson REBOUND (Off:1 Def:4)
MISS Evans 13' Driving Floating Jump Shot
Reese REBOUND (Off:2 Def:3)
",2,0,0,0,2025-08-25,1022500242,0,1,CHI,2,0,10,05:38,Off Dead Ball,0,"[{""description"": ""MISS Young 4' Driving Floating Jump Shot"", ""url"": """"}, {""description"": ""Wilson REBOUND (Off:1 Def:4)"", ""url"": """"}, {""description"": ""MISS Evans 13' Driving Floating Jump Shot"", ""url"": """"}, {""description"": ""Reese REBOUND (Off:2 Def:3)"", ""url"": """"}]"
wnba,wnba_shot_pace,shot_pace,possessions,get-possessions,2025,Regular Season,team,"{'OffDef': 'Offense', 'Season': '2025', 'SeasonType': 'Regular Season', 'TeamId': '1611661319'}",shot_pace,1611661319,4Q/OT | margin -3..3 | 300..120,get-possessions__possessions__off_def-Offense__season-2025__season_type-Regular_Season__team_id-1611661319__9cf2cba8,get-possessions,https://api.pbpstats.com/get-possessions/wnba?OffDef=Offense&Season=2025&SeasonType=Regular+Season&TeamId=1611661319,200,432,05:53,"Wilson OFF.Foul (P1)
Wilson Offensive Foul Turnover (P4.T8)
",0,0,0,0,2025-08-25,1022500242,0,0,CHI,2,0,10,06:04,Off Timeout,1,"[{""description"": ""Wilson OFF.Foul (P1)"", ""url"": """"}, {""description"": ""Wilson Offensive Foul Turnover (P4.T8)"", ""url"": """"}]"
wnba,wnba_shot_pace,shot_pace,possessions,get-possessions,2025,Regular Season,team,"{'OffDef': 'Offense', 'Season': '2025', 'SeasonType': 'Regular Season', 'TeamId': '1611661319'}",shot_pace,1611661319,4Q/OT | margin -3..3 | 300..120,get-possessions__possessions__off_def-Offense__season-2025__season_type-Regular_Season__team_id-1611661319__9cf2cba8,get-possessions,https://api.pbpstats.com/get-possessions/wnba?OffDef=Offense&Season=2025&SeasonType=Regular+Season&TeamId=1611661319,200,433,06:20,"Young 24' 3PT Jump Shot (8 PTS) (Wilson 2 AST)
",0,0,1,1,2025-08-25,1022500242,0,0,CHI,2,0,9,06:34,Off At Rim Make,0,"[{""description"": ""Young 24' 3PT Jump Shot (8 PTS) (Wilson 2 AST)"", ""url"": """"}]"
wnba,wnba_shot_pace,shot_pace,possessions,get-possessions,2025,Regular Season,team,"{'OffDef': 'Offense', 'Season': '2025', 'SeasonType': 'Regular Season', 'TeamId': '1611661319'}",shot_pace,1611661319,4Q/OT | margin -3..3 | 300..120,get-possessions__possessions__off_def-Offense__season-2025__season_type-Regular_Season__team_id-1611661319__9cf2cba8,get-possessions,https://api.pbpstats.com/get-possessions/wnba?OffDef=Offense&Season=2025&SeasonType=Regular+Season&TeamId=1611661319,200,434,06:57,"Evans 24' 3PT Running Jump Shot (3 PTS) (Young 4 AST)
",0,0,1,1,2025-08-25,1022500242,0,0,CHI,2,0,8,07:01,Off Long Mid-Range Miss,0,"[{""description"": ""Evans 24' 3PT Running Jump Shot (3 PTS) (Young 4 AST)"", ""url"": """"}]"
wnba,wnba_shot_pace,shot_pace,possessions,get-possessions,2025,Regular Season,team,"{'OffDef': 'Offense', 'Season': '2025', 'SeasonType': 'Regular Season', 'TeamId': '1611661319'}",shot_pace,1611661319,4Q/OT | margin -3..3 | 300..120,get-possessions__possessions__off_def-Offense__season-2025__season_type-Regular_Season__team_id-1611661319__9cf2cba8,get-possessions,https://api.pbpstats.com/get-possessions/wnba?OffDef=Offense&Season=2025&SeasonType=Regular+Season&TeamId=1611661319,200,435,07:30,"Smith 2' Layup (6 PTS) (Evans 1 AST)
",1,1,0,0,2025-08-25,1022500242,0,0,CHI,2,0,6,07:46,Off Arc 3 Miss,0,"[{""description"": ""Smith 2' Layup (6 PTS) (Evans 1 AST)"", ""url"": """"}]"
wnba,wnba_shot_pace,shot_pace,possessions,get-possessions,2025,Regular Season,team,"{'OffDef': 'Offense', 'Season': '2025', 'SeasonType': 'Regular Season', 'TeamId': '1611661319'}",shot_pace,1611661319,4Q/OT | margin -3..3 | 300..120,get-possessions__possessions__off_def-Offense__season-2025__season_type-Regular_Season__team_id-1611661319__9cf2cba8,get-possessions,https://api.pbpstats.com/get-possessions/wnba?OffDef=Offense&Season=2025&SeasonType=Regular+Season&TeamId=1611661319,200,436,08:13,"Gray 19' Pullup Jump Shot (8 PTS)
",1,1,0,0,2025-08-25,1022500242,0,0,CHI,2,0,4,08:30,Off Dead Ball,0,"[{""description"": ""Gray 19' Pullup Jump Shot (8 PTS)"", ""url"": """"}]"
wnba,wnba_shot_pace,shot_pace,possessions,get-possessions,2025,Regular Season,team,"{'OffDef': 'Offense', 'Season': '2025', 'SeasonType': 'Regular Season', 'TeamId': '1611661319'}",shot_pace,1611661319,4Q/OT | margin -3..3 | 300..120,get-possessions__possessions__off_def-Offense__season-2025__season_type-Regular_Season__team_id-1611661319__9cf2cba8,get-possessions,https://api.pbpstats.com/get-possessions/wnba?OffDef=Offense&Season=2025&SeasonType=Regular+Season&TeamId=1611661319,200,437,08:46,"MISS Evans 26' 3PT Pullup Jump Shot
Gray REBOUND (Off:1 Def:1)
Gray Out of Bounds - Bad Pass Turnover Turnover (P1.T7)
",0,0,1,0,2025-08-25,1022500242,0,1,CHI,2,0,4,09:05,Off Arc 3 Miss,1,"[{""description"": ""MISS Evans 26' 3PT Pullup Jump Shot"", ""url"": """"}, {""description"": ""Gray REBOUND (Off:1 Def:1)"", ""url"": """"}, {""description"": ""Gray Out of Bounds - Bad Pass Turnover Turnover (P1.T7)"", ""url"": """"}]"
wnba,wnba_shot_pace,shot_pace,possessions,get-possessions,2025,Regular Season,team,"{'OffDef': 'Offense', 'Season': '2025', 'SeasonType': 'Regular Season', 'TeamId': '1611661319'}",shot_pace,1611661319,4Q/OT | margin -3..3 | 300..120,get-possessions__possessions__off_def-Offense__season-2025__season_type-Regular_Season__team_id-1611661319__9cf2cba8,get-possessions,https://api.pbpstats.com/get-possessions/wnba?OffDef=Offense&Season=2025&SeasonType=Regular+Season&TeamId=1611661319,200,438,09:15,"MISS Loyd 26' 3PT Jump Shot
Banham REBOUND (Off:0 Def:2)
",0,0,1,0,2025-08-25,1022500242,0,0,CHI,2,0,4,09:33,Off At Rim Make,0,"[{""description"": ""MISS Loyd 26' 3PT Jump Shot"", ""url"": """"}, {""description"": ""Banham REBOUND (Off:0 Def:2)"", ""url"": """"}]"
wnba,wnba_shot_pace,shot_pace,possessions,get-possessions,2025,Regular Season,team,"{'OffDef': 'Offense', 'Season': '2025', 'SeasonType': 'Regular Season', 'TeamId': '1611661319'}",shot_pace,1611661319,4Q/OT | margin -3..3 | 300..120,get-possessions__possessions__off_def-Offense__season-2025__season_type-Regular_Season__team_id-1611661319__9cf2cba8,get-possessions,https://api.pbpstats.com/get-possessions/wnba?OffDef=Offense&Season=2025&SeasonType=Regular+Season&TeamId=1611661319,200,439,09:41,"MISS Loyd 24' 3PT Jump Shot
Reese REBOUND (Off:2 Def:2)
",0,0,1,0,2025-08-25,1022500242,0,0,CHI,2,0,6,10:00,Off Dead Ball,0,"[{""description"": ""MISS Loyd 24' 3PT Jump Shot"", ""url"": """"}, {""description"": ""Reese REBOUND (Off:2 Def:2)"", ""url"": """"}]"
wnba,wnba_shot_pace,shot_pace,possessions,get-possessions,2025,Regular Season,team,"{'OffDef': 'Offense', 'Season': '2025', 'SeasonType': 'Regular Season', 'TeamId': '1611661319'}",shot_pace,1611661319,4Q/OT | margin -3..3 | 300..120,get-possessions__possessions__off_def-Offense__season-2025__season_type-Regular_Season__team_id-1611661319__9cf2cba8,get-possessions,https://api.pbpstats.com/get-possessions/wnba?OffDef=Offense&Season=2025&SeasonType=Regular+Season&TeamId=1611661319,200,440,00:09,"Gustafson 24' 3PT Jump Shot (3 PTS) (Wilson 1 AST)
",0,0,1,1,2025-08-25,1022500242,0,0,CHI,1,0,3,00:27,Off At Rim Make,0,"[{""description"": ""Gustafson 24' 3PT Jump Shot (3 PTS) (Wilson 1 AST)"", ""url"": """"}]"
wnba,wnba_shot_pace,shot_pace,possessions,get-possessions,2025,Regular Season,team,"{'OffDef': 'Offense', 'Season': '2025', 'SeasonType': 'Regular Season', 'TeamId': '1611661319'}",shot_pace,1611661319,4Q/OT | margin -3..3 | 300..120,get-possessions__possessions__off_def-Offense__season-2025__season_type-Regular_Season__team_id-1611661319__9cf2cba8,get-possessions,https://api.pbpstats.com/get-possessions/wnba?OffDef=Offense&Season=2025&SeasonType=Regular+Season&TeamId=1611661319,200,441,00:37,"MISS Evans 9' Driving Floating Jump Shot
Williams REBOUND (Off:0 Def:3)
",1,0,0,0,2025-08-25,1022500242,0,0,CHI,1,0,5,00:47,Off Long Mid-Range Miss,0,"[{""description"": ""MISS Evans 9' Driving Floating Jump Shot"", ""url"": """"}, {""description"": ""Williams REBOUND (Off:0 Def:3)"", ""url"": """"}]"
wnba,wnba_shot_pace,shot_pace,possessions,get-possessions,2025,Regular Season,team,"{'OffDef': 'Offense', 'Season': '2025', 'SeasonType': 'Regular Season', 'TeamId': '1611661319'}",shot_pace,1611661319,4Q/OT | margin -3..3 | 300..120,get-possessions__possessions__off_def-Offense__season-2025__season_type-Regular_Season__team_id-1611661319__9cf2cba8,get-possessions,https://api.pbpstats.com/get-possessions/wnba?OffDef=Offense&Season=2025&SeasonType=Regular+Season&TeamId=1611661319,200,442,01:01,"Wilson 17' Turnaround Jump Shot (2 PTS) (Gray 2 AST)
",1,1,0,0,2025-08-25,1022500242,0,0,CHI,1,0,3,01:17,Off Short Mid-Range Miss,0,"[{""description"": ""Wilson 17' Turnaround Jump Shot (2 PTS) (Gray 2 AST)"", ""url"": """"}]"
wnba,wnba_shot_pace,shot_pace,possessions,get-possessions,2025,Regular Season,team,"{'OffDef': 'Offense', 'Season': '2025', 'SeasonType': 'Regular Season', 'TeamId': '1611661319'}",shot_pace,1611661319,4Q/OT | margin -3..3 | 300..120,get-possessions__possessions__off_def-Offense__season-2025__season_type-Regular_Season__team_id-1611661319__9cf2cba8,get-possessions,https://api.pbpstats.com/get-possessions/wnba?OffDef=Offense&Season=2025&SeasonType=Regular+Season&TeamId=1611661319,200,443,01:27,"MISS Gray 24' 3PT Jump Shot
Williams REBOUND (Off:0 Def:2)
",0,0,1,0,2025-08-25,1022500242,0,0,CHI,1,0,3,01:52,Off Long Mid-Range Miss,0,"[{""description"": ""MISS Gray 24' 3PT Jump Shot"", ""url"": """"}, {""description"": ""Williams REBOUND (Off:0 Def:2)"", ""url"": """"}]"
wnba,wnba_shot_pace,shot_pace,possessions,get-possessions,2025,Regular Season,team,"{'OffDef': 'Offense', 'Season': '2025', 'SeasonType': 'Regular Season', 'TeamId': '1611661319'}",shot_pace,1611661319,4Q/OT | margin -3..3 | 300..120,get-possessions__possessions__off_def-Offense__season-2025__season_type-Regular_Season__team_id-1611661319__9cf2cba8,get-possessions,https://api.pbpstats.com/get-possessions/wnba?OffDef=Offense&Season=2025&SeasonType=Regular+Season&TeamId=1611661319,200,444,02:06,"Banham BLOCK (1 BLK): MISS Evans 5' Driving Floating Jump Shot
Aces Rebound
MISS Wilson 16' Jump Shot
Williams REBOUND (Off:0 Def:1)
",2,0,0,0,2025-08-25,1022500242,0,1,CHI,1,0,3,02:23,Off Dead Ball,0,"[{""description"": ""Banham BLOCK (1 BLK): MISS Evans 5' Driving Floating Jump Shot"", ""url"": """"}, {""description"": ""Aces Rebound"", ""url"": """"}, {""description"": ""MISS Wilson 16' Jump Shot"", ""url"": """"}, {""description"": ""Williams REBOUND (Off:0 Def:1)"", ""url"": """"}]"
wnba,wnba_shot_pace,shot_pace,possessions,get-possessions,2025,Regular Season,team,"{'OffDef': 'Offense', 'Season': '2025', 'SeasonType': 'Regular Season', 'TeamId': '1611661319'}",shot_pace,1611661319,4Q/OT | margin -3..3 | 300..120,get-possessions__possessions__off_def-Offense__season-2025__season_type-Regular_Season__team_id-1611661319__9cf2cba8,get-possessions,https://api.pbpstats.com/get-possessions/wnba?OffDef=Offense&Season=2025&SeasonType=Regular+Season&TeamId=1611661319,200,445,02:28,"MISS Wilson 19' Jump Shot
Banham REBOUND (Off:0 Def:1)
",1,0,0,0,2025-08-25,1022500242,0,0,CHI,1,0,3,02:43,Off FT Make,0,"[{""description"": ""MISS Wilson 19' Jump Shot"", ""url"": """"}, {""description"": ""Banham REBOUND (Off:0 Def:1)"", ""url"": """"}]"
wnba,wnba_shot_pace,shot_pace,possessions,get-possessions,2025,Regular Season,team,"{'OffDef': 'Offense', 'Season': '2025', 'SeasonType': 'Regular Season', 'TeamId': '1611661319'}",shot_pace,1611661319,4Q/OT | margin -3..3 | 300..120,get-possessions__possessions__off_def-Offense__season-2025__season_type-Regular_Season__team_id-1611661319__9cf2cba8,get-possessions,https://api.pbpstats.com/get-possessions/wnba?OffDef=Offense&Season=2025&SeasonType=Regular+Season&TeamId=1611661319,200,446,02:44,"MISS Loyd 25' 3PT Jump Shot
Allen REBOUND (Off:0 Def:1)
",0,0,1,0,2025-08-25,1022500242,0,0,CHI,1,0,4,02:52,Off Steal,0,"[{""description"": ""MISS Loyd 25' 3PT Jump Shot"", ""url"": """"}, {""description"": ""Allen REBOUND (Off:0 Def:1)"", ""url"": """"}]"
wnba,wnba_shot_pace,shot_pace,possessions,get-possessions,2025,Regular Season,team,"{'OffDef': 'Offense', 'Season': '2025', 'SeasonType': 'Regular Season', 'TeamId': '1611661319'}",shot_pace,1611661319,4Q/OT | margin -3..3 | 300..120,get-possessions__possessions__off_def-Offense__season-2025__season_type-Regular_Season__team_id-1611661319__9cf2cba8,get-possessions,https://api.pbpstats.com/get-possessions/wnba?OffDef=Offense&Season=2025&SeasonType=Regular+Season&TeamId=1611661319,200,447,02:54,"Allen STEAL (1 STL): Young Bad Pass Turnover (P1.T6)
",0,0,0,0,2025-08-25,1022500242,0,0,CHI,1,0,4,03:03,Off Block,1,"[{""description"": ""Allen STEAL (1 STL): Young Bad Pass Turnover (P1.T6)"", ""url"": """"}]"
wnba,wnba_shot_pace,shot_pace,possessions,get-possessions,2025,Regular Season,team,"{'OffDef': 'Offense', 'Season': '2025', 'SeasonType': 'Regular Season', 'TeamId': '1611661319'}",shot_pace,1611661319,4Q/OT | margin -3..3 | 300..120,get-possessions__possessions__off_def-Offense__season-2025__season_type-Regular_Season__team_id-1611661319__9cf2cba8,get-possessions,https://api.pbpstats.com/get-possessions/wnba?OffDef=Offense&Season=2025&SeasonType=Regular+Season&TeamId=1611661319,200,448,03:24,"Evans Out of Bounds - Bad Pass Turnover Turnover (P1.T5)
",0,0,0,0,2025-08-25,1022500242,0,0,CHI,1,0,4,03:29,Off Steal,1,"[{""description"": ""Evans Out of Bounds - Bad Pass Turnover Turnover (P1.T5)"", ""url"": """"}]"
wnba,wnba_shot_pace,shot_pace,possessions,get-possessions,2025,Regular Season,team,"{'OffDef': 'Offense', 'Season': '2025', 'SeasonType': 'Regular Season', 'TeamId': '1611661319'}",shot_pace,1611661319,4Q/OT | margin -3..3 | 300..120,get-possessions__possessions__off_def-Offense__season-2025__season_type-Regular_Season__team_id-1611661319__9cf2cba8,get-possessions,https://api.pbpstats.com/get-possessions/wnba?OffDef=Offense&Season=2025&SeasonType=Regular+Season&TeamId=1611661319,200,449,03:44,"Wilson 3 Second Violation Turnover (P3.T4)
",0,0,0,0,2025-08-25,1022500242,0,0,CHI,1,0,4,03:51,Off Steal,1,"[{""description"": ""Wilson 3 Second Violation Turnover (P3.T4)"", ""url"": """"}]"
wnba,wnba_shot_pace,shot_pace,possessions,get-possessions,2025,Regular Season,team,"{'OffDef': 'Offense', 'Season': '2025', 'SeasonType': 'Regular Season', 'TeamId': '1611661319'}",shot_pace,1611661319,4Q/OT | margin -3..3 | 300..120,get-possessions__possessions__off_def-Offense__season-2025__season_type-Regular_Season__team_id-1611661319__9cf2cba8,get-possessions,https://api.pbpstats.com/get-possessions/wnba?OffDef=Offense&Season=2025&SeasonType=Regular+Season&TeamId=1611661319,200,450,04:12,"MISS Gray 14' Step Back Jump Shot
Reese REBOUND (Off:1 Def:1)
",1,0,0,0,2025-08-25,1022500242,0,0,CHI,1,0,4,04:28,Off Short Mid-Range Make,0,"[{""description"": ""MISS Gray 14' Step Back Jump Shot"", ""url"": """"}, {""description"": ""Reese REBOUND (Off:1 Def:1)"", ""url"": """"}]"
wnba,wnba_shot_pace,shot_pace,possessions,get-possessions,2025,Regular Season,team,"{'OffDef': 'Offense', 'Season': '2025', 'SeasonType': 'Regular Season', 'TeamId': '1611661319'}",shot_pace,1611661319,4Q/OT | margin -3..3 | 300..120,get-possessions__possessions__off_def-Offense__season-2025__season_type-Regular_Season__team_id-1611661319__9cf2cba8,get-possessions,https://api.pbpstats.com/get-possessions/wnba?OffDef=Offense&Season=2025&SeasonType=Regular+Season&TeamId=1611661319,200,451,04:55,"Cardoso L.B.FOUL (P2.T2)
Gray 3PT Jump Shot (6 PTS) (Young 3 AST)
",0,0,1,1,2025-08-25,1022500242,0,0,CHI,1,0,3,05:11,Off Dead Ball,0,"[{""description"": ""Cardoso L.B.FOUL (P2.T2)"", ""url"": """"}, {""description"": ""Gray 3PT Jump Shot (6 PTS) (Young 3 AST)"", ""url"": """"}]"
wnba,wnba_shot_pace,shot_pace,possessions,get-possessions,2025,Regular Season,team,"{'OffDef': 'Offense', 'Season': '2025', 'SeasonType': 'Regular Season', 'TeamId': '1611661319'}",shot_pace,1611661319,4Q/OT | margin -3..3 | 300..120,get-possessions__possessions__off_def-Offense__season-2025__season_type-Regular_Season__team_id-1611661319__9cf2cba8,get-possessions,https://api.pbpstats.com/get-possessions/wnba?OffDef=Offense&Season=2025&SeasonType=Regular+Season&TeamId=1611661319,200,452,05:14,"MISS Young 25' 3PT Running Pull-Up Jump Shot
Uzun REBOUND (Off:0 Def:1)
",0,0,1,0,2025-08-25,1022500242,0,0,CHI,1,0,3,05:24,Off Steal,0,"[{""description"": ""MISS Young 25' 3PT Running Pull-Up Jump Shot"", ""url"": """"}, {""description"": ""Uzun REBOUND (Off:0 Def:1)"", ""url"": """"}]"
wnba,wnba_shot_pace,shot_pace,possessions,get-possessions,2025,Regular Season,team,"{'OffDef': 'Offense', 'Season': '2025', 'SeasonType': 'Regular Season', 'TeamId': '1611661319'}",shot_pace,1611661319,4Q/OT | margin -3..3 | 300..120,get-possessions__possessions__off_def-Offense__season-2025__season_type-Regular_Season__team_id-1611661319__9cf2cba8,get-possessions,https://api.pbpstats.com/get-possessions/wnba?OffDef=Offense&Season=2025&SeasonType=Regular+Season&TeamId=1611661319,200,453,05:43,"Smith 1' Reverse Layup (4 PTS) (Gray 1 AST)
",1,1,0,0,2025-08-25,1022500242,0,0,CHI,1,0,1,05:51,Off At Rim Make,0,"[{""description"": ""Smith 1' Reverse Layup (4 PTS) (Gray 1 AST)"", ""url"": """"}]"
wnba,wnba_shot_pace,shot_pace,possessions,get-possessions,2025,Regular Season,team,"{'OffDef': 'Offense', 'Season': '2025', 'SeasonType': 'Regular Season', 'TeamId': '1611661319'}",shot_pace,1611661319,4Q/OT | margin -3..3 | 300..120,get-possessions__possessions__off_def-Offense__season-2025__season_type-Regular_Season__team_id-1611661319__9cf2cba8,get-possessions,https://api.pbpstats.com/get-possessions/wnba?OffDef=Offense&Season=2025&SeasonType=Regular+Season&TeamId=1611661319,200,454,06:07,"Smith 2' Running Layup (2 PTS) (Young 2 AST)
",1,1,0,0,2025-08-25,1022500242,0,0,CHI,1,0,1,06:10,Off At Rim Block,0,"[{""description"": ""Smith 2' Running Layup (2 PTS) (Young 2 AST)"", ""url"": """"}]"
wnba,wnba_shot_pace,shot_pace,possessions,get-possessions,2025,Regular Season,team,"{'OffDef': 'Offense', 'Season': '2025', 'SeasonType': 'Regular Season', 'TeamId': '1611661319'}",shot_pace,1611661319,4Q/OT | margin -3..3 | 300..120,get-possessions__possessions__off_def-Offense__season-2025__season_type-Regular_Season__team_id-1611661319__9cf2cba8,get-possessions,https://api.pbpstats.com/get-possessions/wnba?OffDef=Offense&Season=2025&SeasonType=Regular+Season&TeamId=1611661319,200,455,06:32,"Young 25' 3PT Pullup Jump Shot (5 PTS)
",0,0,1,1,2025-08-25,1022500242,0,0,CHI,1,0,-2,06:43,Off Dead Ball,0,"[{""description"": ""Young 25' 3PT Pullup Jump Shot (5 PTS)"", ""url"": """"}]"
wnba,wnba_shot_pace,shot_pace,possessions,get-possessions,2025,Regular Season,team,"{'OffDef': 'Offense', 'Season': '2025', 'SeasonType': 'Regular Season', 'TeamId': '1611661319'}",shot_pace,1611661319,4Q/OT | margin -3..3 | 300..120,get-possessions__possessions__off_def-Offense__season-2025__season_type-Regular_Season__team_id-1611661319__9cf2cba8,get-possessions,https://api.pbpstats.com/get-possessions/wnba?OffDef=Offense&Season=2025&SeasonType=Regular+Season&TeamId=1611661319,200,456,06:57,"Cardoso L.B.FOUL (P1.T1)
Young 17' Pullup Jump Shot (2 PTS)
",1,1,0,0,2025-08-25,1022500242,0,0,CHI,1,0,-4,07:13,Off Dead Ball,0,"[{""description"": ""Cardoso L.B.FOUL (P1.T1)"", ""url"": """"}, {""description"": ""Young 17' Pullup Jump Shot (2 PTS)"", ""url"": """"}]"
wnba,wnba_shot_pace,shot_pace,possessions,get-possessions,2025,Regular Season,team,"{'OffDef': 'Offense', 'Season': '2025', 'SeasonType': 'Regular Season', 'TeamId': '1611661319'}",shot_pace,1611661319,4Q/OT | margin -3..3 | 300..120,get-possessions__possessions__off_def-Offense__season-2025__season_type-Regular_Season__team_id-1611661319__9cf2cba8,get-possessions,https://api.pbpstats.com/get-possessions/wnba?OffDef=Offense&Season=2025&SeasonType=Regular+Season&TeamId=1611661319,200,457,07:25,"Reese BLOCK (1 BLK): MISS Wilson 15' Pullup Jump Shot
SKY Rebound
",1,0,0,0,2025-08-25,1022500242,0,0,CHI,1,0,-4,07:31,Off Block,0,"[{""description"": ""Reese BLOCK (1 BLK): MISS Wilson 15' Pullup Jump Shot"", ""url"": """"}, {""description"": ""SKY Rebound"", ""url"": """"}]"
wnba,wnba_shot_pace,shot_pace,possessions,get-possessions,2025,Regular Season,team,"{'OffDef': 'Offense', 'Season': '2025', 'SeasonType': 'Regular Season', 'TeamId': '1611661319'}",shot_pace,1611661319,4Q/OT | margin -3..3 | 300..120,get-possessions__possessions__off_def-Offense__season-2025__season_type-Regular_Season__team_id-1611661319__9cf2cba8,get-possessions,https://api.pbpstats.com/get-possessions/wnba?OffDef=Offense&Season=2025&SeasonType=Regular+Season&TeamId=1611661319,200,458,08:00,"Reese STEAL (1 STL): Wilson Bad Pass Turnover (P2.T3)
",0,0,0,0,2025-08-25,1022500242,0,0,CHI,1,0,-4,08:05,Off Steal,1,"[{""description"": ""Reese STEAL (1 STL): Wilson Bad Pass Turnover (P2.T3)"", ""url"": """"}]"
wnba,wnba_shot_pace,shot_pace,possessions,get-possessions,2025,Regular Season,team,"{'OffDef': 'Offense', 'Season': '2025', 'SeasonType': 'Regular Season', 'TeamId': '1611661319'}",shot_pace,1611661319,4Q/OT | margin -3..3 | 300..120,get-possessions__possessions__off_def-Offense__season-2025__season_type-Regular_Season__team_id-1611661319__9cf2cba8,get-possessions,https://api.pbpstats.com/get-possessions/wnba?OffDef=Offense&Season=2025&SeasonType=Regular+Season&TeamId=1611661319,200,459,08:18,"Smith Out of Bounds Lost Ball Turnover (P1.T2)
",0,0,0,0,2025-08-25,1022500242,0,0,CHI,1,0,-4,08:28,Off FT Make,1,"[{""description"": ""Smith Out of Bounds Lost Ball Turnover (P1.T2)"", ""url"": """"}]"
wnba,wnba_shot_pace,shot_pace,possessions,get-possessions,2025,Regular Season,team,"{'OffDef': 'Offense', 'Season': '2025', 'SeasonType': 'Regular Season', 'TeamId': '1611661319'}",shot_pace,1611661319,4Q/OT | margin -3..3 | 300..120,get-possessions__possessions__off_def-Offense__season-2025__season_type-Regular_Season__team_id-1611661319__9cf2cba8,get-possessions,https://api.pbpstats.com/get-possessions/wnba?OffDef=Offense&Season=2025&SeasonType=Regular+Season&TeamId=1611661319,200,460,08:43,"Wilson Out of Bounds - Bad Pass Turnover Turnover (P1.T1)
",0,0,0,0,2025-08-25,1022500242,0,0,CHI,1,0,-2,08:59,Off Short Mid-Range Make,1,"[{""description"": ""Wilson Out of Bounds - Bad Pass Turnover Turnover (P1.T1)"", ""url"": """"}]"
wnba,wnba_shot_pace,shot_pace,possessions,get-possessions,2025,Regular Season,team,"{'OffDef': 'Offense', 'Season': '2025', 'SeasonType': 'Regular Season', 'TeamId': '1611661319'}",shot_pace,1611661319,4Q/OT | margin -3..3 | 300..120,get-possessions__possessions__off_def-Offense__season-2025__season_type-Regular_Season__team_id-1611661319__9cf2cba8,get-possessions,https://api.pbpstats.com/get-possessions/wnba?OffDef=Offense&Season=2025&SeasonType=Regular+Season&TeamId=1611661319,200,461,09:19,"Gray 26' 3PT Jump Shot (3 PTS) (Young 1 AST)
",0,0,1,1,2025-08-25,1022500242,0,0,CHI,1,0,-3,09:38,Off Arc 3 Make,0,"[{""description"": ""Gray 26' 3PT Jump Shot (3 PTS) (Young 1 AST)"", ""url"": """"}]"
wnba,wnba_shot_pace,shot_pace,possessions,get-possessions,2025,Regular Season,team,"{'OffDef': 'Offense', 'Season': '2025', 'SeasonType': 'Regular Season', 'TeamId': '1611661319'}",shot_pace,1611661319,4Q/OT | margin -3..3 | 300..120,get-possessions__possessions__off_def-Offense__season-2025__season_type-Regular_Season__team_id-1611661319__9cf2cba8,get-possessions,https://api.pbpstats.com/get-possessions/wnba?OffDef=Offense&Season=2025&SeasonType=Regular+Season&TeamId=1611661319,200,462,00:00,,0,0,0,0,2025-08-23,1022500236,0,0,WAS,4,0,10,00:17,Off Long Mid-Range Make,0,[]
wnba,wnba_shot_pace,shot_pace,possessions,get-possessions,2025,Regular Season,team,"{'OffDef': 'Offense', 'Season': '2025', 'SeasonType': 'Regular Season', 'TeamId': '1611661319'}",shot_pace,1611661319,4Q/OT | margin -3..3 | 300..120,get-possessions__possessions__off_def-Offense__season-2025__season_type-Regular_Season__team_id-1611661319__9cf2cba8,get-possessions,https://api.pbpstats.com/get-possessions/wnba?OffDef=Offense&Season=2025&SeasonType=Regular+Season&TeamId=1611661319,200,463,00:27,"Scott STEAL (1 STL): Bell Bad Pass Turnover (P1.T12)
",0,0,0,0,2025-08-23,1022500236,0,0,WAS,4,0,12,00:46,Off At Rim Make,1,"[{""description"": ""Scott STEAL (1 STL): Bell Bad Pass Turnover (P1.T12)"", ""url"": """"}]"
wnba,wnba_shot_pace,shot_pace,possessions,get-possessions,2025,Regular Season,team,"{'OffDef': 'Offense', 'Season': '2025', 'SeasonType': 'Regular Season', 'TeamId': '1611661319'}",shot_pace,1611661319,4Q/OT | margin -3..3 | 300..120,get-possessions__possessions__off_def-Offense__season-2025__season_type-Regular_Season__team_id-1611661319__9cf2cba8,get-possessions,https://api.pbpstats.com/get-possessions/wnba?OffDef=Offense&Season=2025&SeasonType=Regular+Season&TeamId=1611661319,200,464,01:02,"Nye OFF.Foul (P1)
Nye Offensive Foul Turnover (P1.T11)
",0,0,0,0,2025-08-23,1022500236,0,0,WAS,4,0,14,01:09,Off FT Make,1,"[{""description"": ""Nye OFF.Foul (P1)"", ""url"": """"}, {""description"": ""Nye Offensive Foul Turnover (P1.T11)"", ""url"": """"}]"
wnba,wnba_shot_pace,shot_pace,possessions,get-possessions,2025,Regular Season,team,"{'OffDef': 'Offense', 'Season': '2025', 'SeasonType': 'Regular Season', 'TeamId': '1611661319'}",shot_pace,1611661319,4Q/OT | margin -3..3 | 300..120,get-possessions__possessions__off_def-Offense__season-2025__season_type-Regular_Season__team_id-1611661319__9cf2cba8,get-possessions,https://api.pbpstats.com/get-possessions/wnba?OffDef=Offense&Season=2025&SeasonType=Regular+Season&TeamId=1611661319,200,465,01:10,"MISS Evans 9' Driving Layup
Melbourne REBOUND (Off:0 Def:1)
",1,0,0,0,2025-08-23,1022500236,0,0,WAS,4,0,16,01:26,Off Long Mid-Range Make,0,"[{""description"": ""MISS Evans 9' Driving Layup"", ""url"": """"}, {""description"": ""Melbourne REBOUND (Off:0 Def:1)"", ""url"": """"}]"
wnba,wnba_shot_pace,shot_pace,possessions,get-possessions,2025,Regular Season,team,"{'OffDef': 'Offense', 'Season': '2025', 'SeasonType': 'Regular Season', 'TeamId': '1611661319'}",shot_pace,1611661319,4Q/OT | margin -3..3 | 300..120,get-possessions__possessions__off_def-Offense__season-2025__season_type-Regular_Season__team_id-1611661319__9cf2cba8,get-possessions,https://api.pbpstats.com/get-possessions/wnba?OffDef=Offense&Season=2025&SeasonType=Regular+Season&TeamId=1611661319,200,466,01:44,"Wilson 1' Layup (36 PTS) (Gray 8 AST)
",1,1,0,0,2025-08-23,1022500236,0,0,WAS,4,0,16,01:59,Off At Rim Make,0,"[{""description"": ""Wilson 1' Layup (36 PTS) (Gray 8 AST)"", ""url"": """"}]"
wnba,wnba_shot_pace,shot_pace,possessions,get-possessions,2025,Regular Season,team,"{'OffDef': 'Offense', 'Season': '2025', 'SeasonType': 'Regular Season', 'TeamId': '1611661319'}",shot_pace,1611661319,4Q/OT | margin -3..3 | 300..120,get-possessions__possessions__off_def-Offense__season-2025__season_type-Regular_Season__team_id-1611661319__9cf2cba8,get-possessions,https://api.pbpstats.com/get-possessions/wnba?OffDef=Offense&Season=2025&SeasonType=Regular+Season&TeamId=1611661319,200,467,02:11,"Scott S.FOUL (P1.T4)
Wilson Free Throw 1 of 2 (33 PTS)
Wilson Free Throw 2 of 2 (34 PTS)
",0,0,0,0,2025-08-23,1022500236,0,0,WAS,4,1,16,02:24,Off Short Mid-Range Miss,0,"[{""description"": ""Scott S.FOUL (P1.T4)"", ""url"": """"}, {""description"": ""Wilson Free Throw 1 of 2 (33 PTS)"", ""url"": """"}, {""description"": ""Wilson Free Throw 2 of 2 (34 PTS)"", ""url"": """"}]"
wnba,wnba_shot_pace,shot_pace,possessions,get-possessions,2025,Regular Season,team,"{'OffDef': 'Offense', 'Season': '2025', 'SeasonType': 'Regular Season', 'TeamId': '1611661319'}",shot_pace,1611661319,4Q/OT | margin -3..3 | 300..120,get-possessions__possessions__off_def-Offense__season-2025__season_type-Regular_Season__team_id-1611661319__9cf2cba8,get-possessions,https://api.pbpstats.com/get-possessions/wnba?OffDef=Offense&Season=2025&SeasonType=Regular+Season&TeamId=1611661319,200,468,02:41,"Evans 28' 3PT Jump Shot (21 PTS) (Gray 7 AST)
",0,0,1,1,2025-08-23,1022500236,0,0,WAS,4,0,13,02:54,Off Long Mid-Range Make,0,"[{""description"": ""Evans 28' 3PT Jump Shot (21 PTS) (Gray 7 AST)"", ""url"": """"}]"
wnba,wnba_shot_pace,shot_pace,possessions,get-possessions,2025,Regular Season,team,"{'OffDef': 'Offense', 'Season': '2025', 'SeasonType': 'Regular Season', 'TeamId': '1611661319'}",shot_pace,1611661319,4Q/OT | margin -3..3 | 300..120,get-possessions__possessions__off_def-Offense__season-2025__season_type-Regular_Season__team_id-1611661319__9cf2cba8,get-possessions,https://api.pbpstats.com/get-possessions/wnba?OffDef=Offense&Season=2025&SeasonType=Regular+Season&TeamId=1611661319,200,469,03:09,"Young 26' 3PT Jump Shot (10 PTS) (Gray 6 AST)
",0,0,1,1,2025-08-23,1022500236,0,0,WAS,4,0,12,03:20,Off Timeout,0,"[{""description"": ""Young 26' 3PT Jump Shot (10 PTS) (Gray 6 AST)"", ""url"": """"}]"
wnba,wnba_shot_pace,shot_pace,possessions,get-possessions,2025,Regular Season,team,"{'OffDef': 'Offense', 'Season': '2025', 'SeasonType': 'Regular Season', 'TeamId': '1611661319'}",shot_pace,1611661319,4Q/OT | margin -3..3 | 300..120,get-possessions__possessions__off_def-Offense__season-2025__season_type-Regular_Season__team_id-1611661319__9cf2cba8,get-possessions,https://api.pbpstats.com/get-possessions/wnba?OffDef=Offense&Season=2025&SeasonType=Regular+Season&TeamId=1611661319,200,470,03:23,"MISS Loyd 24' 3PT Jump Shot
Engstler REBOUND (Off:0 Def:3)
",0,0,1,0,2025-08-23,1022500236,0,0,WAS,4,0,15,03:46,Off Long Mid-Range Miss,0,"[{""description"": ""MISS Loyd 24' 3PT Jump Shot"", ""url"": """"}, {""description"": ""Engstler REBOUND (Off:0 Def:3)"", ""url"": """"}]"
wnba,wnba_shot_pace,shot_pace,possessions,get-possessions,2025,Regular Season,team,"{'OffDef': 'Offense', 'Season': '2025', 'SeasonType': 'Regular Season', 'TeamId': '1611661319'}",shot_pace,1611661319,4Q/OT | margin -3..3 | 300..120,get-possessions__possessions__off_def-Offense__season-2025__season_type-Regular_Season__team_id-1611661319__9cf2cba8,get-possessions,https://api.pbpstats.com/get-possessions/wnba?OffDef=Offense&Season=2025&SeasonType=Regular+Season&TeamId=1611661319,200,471,03:55,"MISS Loyd 24' 3PT Jump Shot
Engstler REBOUND (Off:0 Def:2)
",0,0,1,0,2025-08-23,1022500236,0,0,WAS,4,0,15,04:08,Off Corner 3 Miss,0,"[{""description"": ""MISS Loyd 24' 3PT Jump Shot"", ""url"": """"}, {""description"": ""Engstler REBOUND (Off:0 Def:2)"", ""url"": """"}]"
wnba,wnba_shot_pace,shot_pace,possessions,get-possessions,2025,Regular Season,team,"{'OffDef': 'Offense', 'Season': '2025', 'SeasonType': 'Regular Season', 'TeamId': '1611661319'}",shot_pace,1611661319,4Q/OT | margin -3..3 | 300..120,get-possessions__possessions__off_def-Offense__season-2025__season_type-Regular_Season__team_id-1611661319__9cf2cba8,get-possessions,https://api.pbpstats.com/get-possessions/wnba?OffDef=Offense&Season=2025&SeasonType=Regular+Season&TeamId=1611661319,200,472,04:32,"Evans 16' Pullup Jump Shot (18 PTS) (Gray 5 AST)
",1,1,0,0,2025-08-23,1022500236,0,0,WAS,4,0,13,04:51,Off Short Mid-Range Miss,0,"[{""description"": ""Evans 16' Pullup Jump Shot (18 PTS) (Gray 5 AST)"", ""url"": """"}]"
wnba,wnba_shot_pace,shot_pace,possessions,get-possessions,2025,Regular Season,team,"{'OffDef': 'Offense', 'Season': '2025', 'SeasonType': 'Regular Season', 'TeamId': '1611661319'}",shot_pace,1611661319,4Q/OT | margin -3..3 | 300..120,get-possessions__possessions__off_def-Offense__season-2025__season_type-Regular_Season__team_id-1611661319__9cf2cba8,get-possessions,https://api.pbpstats.com/get-possessions/wnba?OffDef=Offense&Season=2025&SeasonType=Regular+Season&TeamId=1611661319,200,473,05:15,"Clark P.FOUL (P1.T3)
MISS Loyd 24' 3PT Jump Shot
Clark REBOUND (Off:0 Def:5)
",0,0,1,0,2025-08-23,1022500236,0,0,WAS,4,0,13,05:42,Off Timeout,0,"[{""description"": ""Clark P.FOUL (P1.T3)"", ""url"": """"}, {""description"": ""MISS Loyd 24' 3PT Jump Shot"", ""url"": """"}, {""description"": ""Clark REBOUND (Off:0 Def:5)"", ""url"": """"}]"
wnba,wnba_shot_pace,shot_pace,possessions,get-possessions,2025,Regular Season,team,"{'OffDef': 'Offense', 'Season': '2025', 'SeasonType': 'Regular Season', 'TeamId': '1611661319'}",shot_pace,1611661319,4Q/OT | margin -3..3 | 300..120,get-possessions__possessions__off_def-Offense__season-2025__season_type-Regular_Season__team_id-1611661319__9cf2cba8,get-possessions,https://api.pbpstats.com/get-possessions/wnba?OffDef=Offense&Season=2025&SeasonType=Regular+Season&TeamId=1611661319,200,474,06:07,"Wilson 1' Driving Layup (32 PTS)
Austin S.FOUL (P4.T2)
MISS Wilson Free Throw 1 of 1
MYSTICS Rebound
",1,1,0,0,2025-08-23,1022500236,0,0,WAS,4,1,11,06:09,Off FT Miss,0,"[{""description"": ""Wilson 1' Driving Layup (32 PTS)"", ""url"": """"}, {""description"": ""Austin S.FOUL (P4.T2)"", ""url"": """"}, {""description"": ""MISS Wilson Free Throw 1 of 1"", ""url"": """"}, {""description"": ""MYSTICS Rebound"", ""url"": """"}]"
wnba,wnba_shot_pace,shot_pace,possessions,get-possessions,2025,Regular Season,team,"{'OffDef': 'Offense', 'Season': '2025', 'SeasonType': 'Regular Season', 'TeamId': '1611661319'}",shot_pace,1611661319,4Q/OT | margin -3..3 | 300..120,get-possessions__possessions__off_def-Offense__season-2025__season_type-Regular_Season__team_id-1611661319__9cf2cba8,get-possessions,https://api.pbpstats.com/get-possessions/wnba?OffDef=Offense&Season=2025&SeasonType=Regular+Season&TeamId=1611661319,200,475,06:24,"MISS Loyd 4' Driving Layup
Wilson REBOUND (Off:3 Def:5)
MISS Wilson 3' Layup
Austin REBOUND (Off:1 Def:3)
",2,0,0,0,2025-08-23,1022500236,0,1,WAS,4,0,13,06:49,Off FT Miss,0,"[{""description"": ""MISS Loyd 4' Driving Layup"", ""url"": """"}, {""description"": ""Wilson REBOUND (Off:3 Def:5)"", ""url"": """"}, {""description"": ""MISS Wilson 3' Layup"", ""url"": """"}, {""description"": ""Austin REBOUND (Off:1 Def:3)"", ""url"": """"}]"
wnba,wnba_shot_pace,shot_pace,possessions,get-possessions,2025,Regular Season,team,"{'OffDef': 'Offense', 'Season': '2025', 'SeasonType': 'Regular Season', 'TeamId': '1611661319'}",shot_pace,1611661319,4Q/OT | margin -3..3 | 300..120,get-possessions__possessions__off_def-Offense__season-2025__season_type-Regular_Season__team_id-1611661319__9cf2cba8,get-possessions,https://api.pbpstats.com/get-possessions/wnba?OffDef=Offense&Season=2025&SeasonType=Regular+Season&TeamId=1611661319,200,476,07:04,"Wilson 1' Driving Layup (29 PTS)
Austin S.FOUL (P3.T1)
Wilson Free Throw 1 of 1 (30 PTS)
",1,1,0,0,2025-08-23,1022500236,0,0,WAS,4,1,11,07:25,Off FT Miss,0,"[{""description"": ""Wilson 1' Driving Layup (29 PTS)"", ""url"": """"}, {""description"": ""Austin S.FOUL (P3.T1)"", ""url"": """"}, {""description"": ""Wilson Free Throw 1 of 1 (30 PTS)"", ""url"": """"}]"
wnba,wnba_shot_pace,shot_pace,possessions,get-possessions,2025,Regular Season,team,"{'OffDef': 'Offense', 'Season': '2025', 'SeasonType': 'Regular Season', 'TeamId': '1611661319'}",shot_pace,1611661319,4Q/OT | margin -3..3 | 300..120,get-possessions__possessions__off_def-Offense__season-2025__season_type-Regular_Season__team_id-1611661319__9cf2cba8,get-possessions,https://api.pbpstats.com/get-possessions/wnba?OffDef=Offense&Season=2025&SeasonType=Regular+Season&TeamId=1611661319,200,477,07:48,"Smith 6' Turnaround Fadeaway (8 PTS) (Gray 4 AST)
",1,1,0,0,2025-08-23,1022500236,0,0,WAS,4,0,11,07:55,Off Short Mid-Range Miss,0,"[{""description"": ""Smith 6' Turnaround Fadeaway (8 PTS) (Gray 4 AST)"", ""url"": """"}]"
wnba,wnba_shot_pace,shot_pace,possessions,get-possessions,2025,Regular Season,team,"{'OffDef': 'Offense', 'Season': '2025', 'SeasonType': 'Regular Season', 'TeamId': '1611661319'}",shot_pace,1611661319,4Q/OT | margin -3..3 | 300..120,get-possessions__possessions__off_def-Offense__season-2025__season_type-Regular_Season__team_id-1611661319__9cf2cba8,get-possessions,https://api.pbpstats.com/get-possessions/wnba?OffDef=Offense&Season=2025&SeasonType=Regular+Season&TeamId=1611661319,200,478,08:25,"Smith 2' Cutting Layup Shot (6 PTS) (Gray 3 AST)
",1,1,0,0,2025-08-23,1022500236,0,0,WAS,4,0,9,08:43,Off Arc 3 Miss,0,"[{""description"": ""Smith 2' Cutting Layup Shot (6 PTS) (Gray 3 AST)"", ""url"": """"}]"
wnba,wnba_shot_pace,shot_pace,possessions,get-possessions,2025,Regular Season,team,"{'OffDef': 'Offense', 'Season': '2025', 'SeasonType': 'Regular Season', 'TeamId': '1611661319'}",shot_pace,1611661319,4Q/OT | margin -3..3 | 300..120,get-possessions__possessions__off_def-Offense__season-2025__season_type-Regular_Season__team_id-1611661319__9cf2cba8,get-possessions,https://api.pbpstats.com/get-possessions/wnba?OffDef=Offense&Season=2025&SeasonType=Regular+Season&TeamId=1611661319,200,479,08:55,"MISS Bell 25' 3PT Pullup Jump Shot
Iriafen REBOUND (Off:3 Def:9)
",0,0,1,0,2025-08-23,1022500236,0,0,WAS,4,0,9,09:13,Off Dead Ball,0,"[{""description"": ""MISS Bell 25' 3PT Pullup Jump Shot"", ""url"": """"}, {""description"": ""Iriafen REBOUND (Off:3 Def:9)"", ""url"": """"}]"
wnba,wnba_shot_pace,shot_pace,possessions,get-possessions,2025,Regular Season,team,"{'OffDef': 'Offense', 'Season': '2025', 'SeasonType': 'Regular Season', 'TeamId': '1611661319'}",shot_pace,1611661319,4Q/OT | margin -3..3 | 300..120,get-possessions__possessions__off_def-Offense__season-2025__season_type-Regular_Season__team_id-1611661319__9cf2cba8,get-possessions,https://api.pbpstats.com/get-possessions/wnba?OffDef=Offense&Season=2025&SeasonType=Regular+Season&TeamId=1611661319,200,480,09:40,"Loyd 17' Pullup Jump Shot (8 PTS)
",1,1,0,0,2025-08-23,1022500236,0,0,WAS,4,0,7,10:00,Off Dead Ball,0,"[{""description"": ""Loyd 17' Pullup Jump Shot (8 PTS)"", ""url"": """"}]"
wnba,wnba_shot_pace,shot_pace,possessions,get-possessions,2025,Regular Season,team,"{'OffDef': 'Offense', 'Season': '2025', 'SeasonType': 'Regular Season', 'TeamId': '1611661319'}",shot_pace,1611661319,4Q/OT | margin -3..3 | 300..120,get-possessions__possessions__off_def-Offense__season-2025__season_type-Regular_Season__team_id-1611661319__9cf2cba8,get-possessions,https://api.pbpstats.com/get-possessions/wnba?OffDef=Offense&Season=2025&SeasonType=Regular+Season&TeamId=1611661319,200,481,00:00,"MISS Young 11' Step Back Jump Shot
Iriafen REBOUND (Off:3 Def:8)
",1,0,0,0,2025-08-23,1022500236,0,0,WAS,3,0,7,00:26,Off Short Mid-Range Make,0,"[{""description"": ""MISS Young 11' Step Back Jump Shot"", ""url"": """"}, {""description"": ""Iriafen REBOUND (Off:3 Def:8)"", ""url"": """"}]"
wnba,wnba_shot_pace,shot_pace,possessions,get-possessions,2025,Regular Season,team,"{'OffDef': 'Offense', 'Season': '2025', 'SeasonType': 'Regular Season', 'TeamId': '1611661319'}",shot_pace,1611661319,4Q/OT | margin -3..3 | 300..120,get-possessions__possessions__off_def-Offense__season-2025__season_type-Regular_Season__team_id-1611661319__9cf2cba8,get-possessions,https://api.pbpstats.com/get-possessions/wnba?OffDef=Offense&Season=2025&SeasonType=Regular+Season&TeamId=1611661319,200,482,00:43,"Wilson Traveling Turnover (P3.T10)
",0,0,0,0,2025-08-23,1022500236,0,0,WAS,3,0,9,00:54,Off Short Mid-Range Make,1,"[{""description"": ""Wilson Traveling Turnover (P3.T10)"", ""url"": """"}]"
wnba,wnba_shot_pace,shot_pace,possessions,get-possessions,2025,Regular Season,team,"{'OffDef': 'Offense', 'Season': '2025', 'SeasonType': 'Regular Season', 'TeamId': '1611661319'}",shot_pace,1611661319,4Q/OT | margin -3..3 | 300..120,get-possessions__possessions__off_def-Offense__season-2025__season_type-Regular_Season__team_id-1611661319__9cf2cba8,get-possessions,https://api.pbpstats.com/get-possessions/wnba?OffDef=Offense&Season=2025&SeasonType=Regular+Season&TeamId=1611661319,200,483,01:07,"Loyd 24' 3PT Jump Shot (6 PTS) (Young 8 AST)
",0,0,1,1,2025-08-23,1022500236,0,0,WAS,3,0,8,01:17,Off Long Mid-Range Miss,0,"[{""description"": ""Loyd 24' 3PT Jump Shot (6 PTS) (Young 8 AST)"", ""url"": """"}]"
wnba,wnba_shot_pace,shot_pace,possessions,get-possessions,2025,Regular Season,team,"{'OffDef': 'Offense', 'Season': '2025', 'SeasonType': 'Regular Season', 'TeamId': '1611661319'}",shot_pace,1611661319,4Q/OT | margin -3..3 | 300..120,get-possessions__possessions__off_def-Offense__season-2025__season_type-Regular_Season__team_id-1611661319__9cf2cba8,get-possessions,https://api.pbpstats.com/get-possessions/wnba?OffDef=Offense&Season=2025&SeasonType=Regular+Season&TeamId=1611661319,200,484,01:31,"Austin S.FOUL (P2.T4)
Wilson Free Throw 1 of 2 (26 PTS)
Wilson Free Throw 2 of 2 (27 PTS)
",0,0,0,0,2025-08-23,1022500236,0,0,WAS,3,1,6,01:45,Off FT Make,0,"[{""description"": ""Austin S.FOUL (P2.T4)"", ""url"": """"}, {""description"": ""Wilson Free Throw 1 of 2 (26 PTS)"", ""url"": """"}, {""description"": ""Wilson Free Throw 2 of 2 (27 PTS)"", ""url"": """"}]"
wnba,wnba_shot_pace,shot_pace,possessions,get-possessions,2025,Regular Season,team,"{'OffDef': 'Offense', 'Season': '2025', 'SeasonType': 'Regular Season', 'TeamId': '1611661319'}",shot_pace,1611661319,4Q/OT | margin -3..3 | 300..120,get-possessions__possessions__off_def-Offense__season-2025__season_type-Regular_Season__team_id-1611661319__9cf2cba8,get-possessions,https://api.pbpstats.com/get-possessions/wnba?OffDef=Offense&Season=2025&SeasonType=Regular+Season&TeamId=1611661319,200,485,01:59,"Wilson 9' Step Back Bank Jump Shot (25 PTS) (Evans 3 AST)
",1,1,0,0,2025-08-23,1022500236,0,0,WAS,3,0,6,02:11,Off Short Mid-Range Miss,0,"[{""description"": ""Wilson 9' Step Back Bank Jump Shot (25 PTS) (Evans 3 AST)"", ""url"": """"}]"
wnba,wnba_shot_pace,shot_pace,possessions,get-possessions,2025,Regular Season,team,"{'OffDef': 'Offense', 'Season': '2025', 'SeasonType': 'Regular Season', 'TeamId': '1611661319'}",shot_pace,1611661319,4Q/OT | margin -3..3 | 300..120,get-possessions__possessions__off_def-Offense__season-2025__season_type-Regular_Season__team_id-1611661319__9cf2cba8,get-possessions,https://api.pbpstats.com/get-possessions/wnba?OffDef=Offense&Season=2025&SeasonType=Regular+Season&TeamId=1611661319,200,486,02:35,"Wilson OFF.Foul (P2)
Wilson Offensive Foul Turnover (P2.T9)
",0,0,0,0,2025-08-23,1022500236,0,0,WAS,3,0,6,02:46,Off Block,1,"[{""description"": ""Wilson OFF.Foul (P2)"", ""url"": """"}, {""description"": ""Wilson Offensive Foul Turnover (P2.T9)"", ""url"": """"}]"
wnba,wnba_shot_pace,shot_pace,possessions,get-possessions,2025,Regular Season,team,"{'OffDef': 'Offense', 'Season': '2025', 'SeasonType': 'Regular Season', 'TeamId': '1611661319'}",shot_pace,1611661319,4Q/OT | margin -3..3 | 300..120,get-possessions__possessions__off_def-Offense__season-2025__season_type-Regular_Season__team_id-1611661319__9cf2cba8,get-possessions,https://api.pbpstats.com/get-possessions/wnba?OffDef=Offense&Season=2025&SeasonType=Regular+Season&TeamId=1611661319,200,487,03:04,"Evans 26' 3PT Jump Shot (16 PTS) (Young 7 AST)
",0,0,1,1,2025-08-23,1022500236,0,0,WAS,3,0,3,03:12,Off At Rim Make,0,"[{""description"": ""Evans 26' 3PT Jump Shot (16 PTS) (Young 7 AST)"", ""url"": """"}]"
wnba,wnba_shot_pace,shot_pace,possessions,get-possessions,2025,Regular Season,team,"{'OffDef': 'Offense', 'Season': '2025', 'SeasonType': 'Regular Season', 'TeamId': '1611661319'}",shot_pace,1611661319,4Q/OT | margin -3..3 | 300..120,get-possessions__possessions__off_def-Offense__season-2025__season_type-Regular_Season__team_id-1611661319__9cf2cba8,get-possessions,https://api.pbpstats.com/get-possessions/wnba?OffDef=Offense&Season=2025&SeasonType=Regular+Season&TeamId=1611661319,200,488,03:31,"Evans 24' 3PT Jump Shot (13 PTS) (Loyd 3 AST)
",0,0,1,1,2025-08-23,1022500236,0,0,WAS,3,0,2,03:39,Off Arc 3 Miss,0,"[{""description"": ""Evans 24' 3PT Jump Shot (13 PTS) (Loyd 3 AST)"", ""url"": """"}]"
wnba,wnba_shot_pace,shot_pace,possessions,get-possessions,2025,Regular Season,team,"{'OffDef': 'Offense', 'Season': '2025', 'SeasonType': 'Regular Season', 'TeamId': '1611661319'}",shot_pace,1611661319,4Q/OT | margin -3..3 | 300..120,get-possessions__possessions__off_def-Offense__season-2025__season_type-Regular_Season__team_id-1611661319__9cf2cba8,get-possessions,https://api.pbpstats.com/get-possessions/wnba?OffDef=Offense&Season=2025&SeasonType=Regular+Season&TeamId=1611661319,200,489,03:59,"Evans 4' Floating Jump Shot (10 PTS) (Young 6 AST)
",1,1,0,0,2025-08-23,1022500236,0,0,WAS,3,0,0,04:14,Off FT Miss,0,"[{""description"": ""Evans 4' Floating Jump Shot (10 PTS) (Young 6 AST)"", ""url"": """"}]"
wnba,wnba_shot_pace,shot_pace,possessions,get-possessions,2025,Regular Season,team,"{'OffDef': 'Offense', 'Season': '2025', 'SeasonType': 'Regular Season', 'TeamId': '1611661319'}",shot_pace,1611661319,4Q/OT | margin -3..3 | 300..120,get-possessions__possessions__off_def-Offense__season-2025__season_type-Regular_Season__team_id-1611661319__9cf2cba8,get-possessions,https://api.pbpstats.com/get-possessions/wnba?OffDef=Offense&Season=2025&SeasonType=Regular+Season&TeamId=1611661319,200,490,04:21,"MISS Young 20' Pullup Jump Shot
Austin REBOUND (Off:1 Def:2)
",1,0,0,0,2025-08-23,1022500236,0,0,WAS,3,0,2,04:34,Off Short Mid-Range Miss,0,"[{""description"": ""MISS Young 20' Pullup Jump Shot"", ""url"": """"}, {""description"": ""Austin REBOUND (Off:1 Def:2)"", ""url"": """"}]"
wnba,wnba_shot_pace,shot_pace,possessions,get-possessions,2025,Regular Season,team,"{'OffDef': 'Offense', 'Season': '2025', 'SeasonType': 'Regular Season', 'TeamId': '1611661319'}",shot_pace,1611661319,4Q/OT | margin -3..3 | 300..120,get-possessions__possessions__off_def-Offense__season-2025__season_type-Regular_Season__team_id-1611661319__9cf2cba8,get-possessions,https://api.pbpstats.com/get-possessions/wnba?OffDef=Offense&Season=2025&SeasonType=Regular+Season&TeamId=1611661319,200,491,04:53,"MISS Wilson 14' Pullup Jump Shot
MYSTICS Rebound
",1,0,0,0,2025-08-23,1022500236,0,0,WAS,3,0,2,05:00,Off Short Mid-Range Miss,0,"[{""description"": ""MISS Wilson 14' Pullup Jump Shot"", ""url"": """"}, {""description"": ""MYSTICS Rebound"", ""url"": """"}]"
wnba,wnba_shot_pace,shot_pace,possessions,get-possessions,2025,Regular Season,team,"{'OffDef': 'Offense', 'Season': '2025', 'SeasonType': 'Regular Season', 'TeamId': '1611661319'}",shot_pace,1611661319,4Q/OT | margin -3..3 | 300..120,get-possessions__possessions__off_def-Offense__season-2025__season_type-Regular_Season__team_id-1611661319__9cf2cba8,get-possessions,https://api.pbpstats.com/get-possessions/wnba?OffDef=Offense&Season=2025&SeasonType=Regular+Season&TeamId=1611661319,200,492,05:07,"Olsen STEAL (1 STL): Smith Bad Pass Turnover (P1.T8)
",0,0,0,0,2025-08-23,1022500236,0,0,WAS,3,0,2,05:13,Off Long Mid-Range Make,1,"[{""description"": ""Olsen STEAL (1 STL): Smith Bad Pass Turnover (P1.T8)"", ""url"": """"}]"
wnba,wnba_shot_pace,shot_pace,possessions,get-possessions,2025,Regular Season,team,"{'OffDef': 'Offense', 'Season': '2025', 'SeasonType': 'Regular Season', 'TeamId': '1611661319'}",shot_pace,1611661319,4Q/OT | margin -3..3 | 300..120,get-possessions__possessions__off_def-Offense__season-2025__season_type-Regular_Season__team_id-1611661319__9cf2cba8,get-possessions,https://api.pbpstats.com/get-possessions/wnba?OffDef=Offense&Season=2025&SeasonType=Regular+Season&TeamId=1611661319,200,493,05:25,"MISS Loyd 3PT Jump Shot
Iriafen REBOUND (Off:3 Def:7)
",0,0,1,0,2025-08-23,1022500236,0,0,WAS,3,0,4,05:53,Off Long Mid-Range Make,0,"[{""description"": ""MISS Loyd 3PT Jump Shot"", ""url"": """"}, {""description"": ""Iriafen REBOUND (Off:3 Def:7)"", ""url"": """"}]"
wnba,wnba_shot_pace,shot_pace,possessions,get-possessions,2025,Regular Season,team,"{'OffDef': 'Offense', 'Season': '2025', 'SeasonType': 'Regular Season', 'TeamId': '1611661319'}",shot_pace,1611661319,4Q/OT | margin -3..3 | 300..120,get-possessions__possessions__off_def-Offense__season-2025__season_type-Regular_Season__team_id-1611661319__9cf2cba8,get-possessions,https://api.pbpstats.com/get-possessions/wnba?OffDef=Offense&Season=2025&SeasonType=Regular+Season&TeamId=1611661319,200,494,06:13,"Sutton FLAGRANT.FOUL.TYPE1 (P1.T2)
MISS Gray Free Throw Flagrant 1 of 2
Aces Rebound
Gray Free Throw Flagrant 2 of 2 (5 PTS)
Dolson S.FOUL (P1.T3)
Young Free Throw 1 of 2 (6 PTS)
Young Free Throw 2 of 2 (7 PTS)
",0,0,0,0,2025-08-23,1022500236,0,0,WAS,3,1,3,06:32,Off Arc 3 Miss,0,"[{""description"": ""Sutton FLAGRANT.FOUL.TYPE1 (P1.T2)"", ""url"": """"}, {""description"": ""MISS Gray Free Throw Flagrant 1 of 2"", ""url"": """"}, {""description"": ""Aces Rebound"", ""url"": """"}, {""description"": ""Gray Free Throw Flagrant 2 of 2 (5 PTS)"", ""url"": """"}, {""description"": ""Dolson S.FOUL (P1.T3)"", ""url"": """"}, {""description"": ""Young Free Throw 1 of 2 (6 PTS)"", ""url"": """"}, {""description"": ""Young Free Throw 2 of 2 (7 PTS)"", ""url"": """"}]"
wnba,wnba_shot_pace,shot_pace,possessions,get-possessions,2025,Regular Season,team,"{'OffDef': 'Offense', 'Season': '2025', 'SeasonType': 'Regular Season', 'TeamId': '1611661319'}",shot_pace,1611661319,4Q/OT | margin -3..3 | 300..120,get-possessions__possessions__off_def-Offense__season-2025__season_type-Regular_Season__team_id-1611661319__9cf2cba8,get-possessions,https://api.pbpstats.com/get-possessions/wnba?OffDef=Offense&Season=2025&SeasonType=Regular+Season&TeamId=1611661319,200,495,06:39,"Citron STEAL (1 STL): Wilson Bad Pass Turnover (P1.T7)
",0,0,0,0,2025-08-23,1022500236,0,0,WAS,3,0,3,06:45,Off At Rim Make,1,"[{""description"": ""Citron STEAL (1 STL): Wilson Bad Pass Turnover (P1.T7)"", ""url"": """"}]"
wnba,wnba_shot_pace,shot_pace,possessions,get-possessions,2025,Regular Season,team,"{'OffDef': 'Offense', 'Season': '2025', 'SeasonType': 'Regular Season', 'TeamId': '1611661319'}",shot_pace,1611661319,4Q/OT | margin -3..3 | 300..120,get-possessions__possessions__off_def-Offense__season-2025__season_type-Regular_Season__team_id-1611661319__9cf2cba8,get-possessions,https://api.pbpstats.com/get-possessions/wnba?OffDef=Offense&Season=2025&SeasonType=Regular+Season&TeamId=1611661319,200,496,07:02,"Wilson 1' Driving Layup (23 PTS) (Bell 2 AST)
",1,1,0,0,2025-08-23,1022500236,0,0,WAS,3,0,3,07:16,Off Arc 3 Make,0,"[{""description"": ""Wilson 1' Driving Layup (23 PTS) (Bell 2 AST)"", ""url"": """"}]"
wnba,wnba_shot_pace,shot_pace,possessions,get-possessions,2025,Regular Season,team,"{'OffDef': 'Offense', 'Season': '2025', 'SeasonType': 'Regular Season', 'TeamId': '1611661319'}",shot_pace,1611661319,4Q/OT | margin -3..3 | 300..120,get-possessions__possessions__off_def-Offense__season-2025__season_type-Regular_Season__team_id-1611661319__9cf2cba8,get-possessions,https://api.pbpstats.com/get-possessions/wnba?OffDef=Offense&Season=2025&SeasonType=Regular+Season&TeamId=1611661319,200,497,07:33,"Wilson 3' Running Layup (21 PTS) (Gray 2 AST)
",1,1,0,0,2025-08-23,1022500236,0,0,WAS,3,0,4,07:40,Off Steal,0,"[{""description"": ""Wilson 3' Running Layup (21 PTS) (Gray 2 AST)"", ""url"": """"}]"
wnba,wnba_shot_pace,shot_pace,possessions,get-possessions,2025,Regular Season,team,"{'OffDef': 'Offense', 'Season': '2025', 'SeasonType': 'Regular Season', 'TeamId': '1611661319'}",shot_pace,1611661319,4Q/OT | margin -3..3 | 300..120,get-possessions__possessions__off_def-Offense__season-2025__season_type-Regular_Season__team_id-1611661319__9cf2cba8,get-possessions,https://api.pbpstats.com/get-possessions/wnba?OffDef=Offense&Season=2025&SeasonType=Regular+Season&TeamId=1611661319,200,498,07:46,"MISS Wilson 25' 3PT Jump Shot
Clark REBOUND (Off:0 Def:4)
",0,0,1,0,2025-08-23,1022500236,0,0,WAS,3,0,4,07:56,Off Short Mid-Range Miss,0,"[{""description"": ""MISS Wilson 25' 3PT Jump Shot"", ""url"": """"}, {""description"": ""Clark REBOUND (Off:0 Def:4)"", ""url"": """"}]"
wnba,wnba_shot_pace,shot_pace,possessions,get-possessions,2025,Regular Season,team,"{'OffDef': 'Offense', 'Season': '2025', 'SeasonType': 'Regular Season', 'TeamId': '1611661319'}",shot_pace,1611661319,4Q/OT | margin -3..3 | 300..120,get-possessions__possessions__off_def-Offense__season-2025__season_type-Regular_Season__team_id-1611661319__9cf2cba8,get-possessions,https://api.pbpstats.com/get-possessions/wnba?OffDef=Offense&Season=2025&SeasonType=Regular+Season&TeamId=1611661319,200,499,08:27,"Wilson 2' Layup (19 PTS) (Young 5 AST)
",1,1,0,0,2025-08-23,1022500236,0,0,WAS,3,0,2,08:45,Off Short Mid-Range Miss,0,"[{""description"": ""Wilson 2' Layup (19 PTS) (Young 5 AST)"", ""url"": """"}]"
