league,job_id,job_family,variant,endpoint,season,season_type,scope,request_params,source,team_id,clutch_window,request_id,request_table,request_url,request_status,request_row_index,assist_player,assist_player_id,assisted,block_player,block_player_id,blocked,dtid,end_time,event_num,game_date,gid,lineup_id,made,opponent,opponent_lineup_id,oreb_rebound_player,oreb_rebound_player_id,oreb_shot_player,oreb_shot_player_id,oreb_shot_type,otid,period,player,player_id,poss_num,possession_start_time,previous_poss_end_rebound_pid,previous_poss_end_rebound_player,previous_poss_end_shooter_pid,previous_poss_end_shooter_player,previous_poss_end_steal_pid,previous_poss_end_steal_player,previous_poss_end_turnover_pid,previous_poss_end_turnover_player,putback,score_margin,seconds_since_oreb,shot_distance,shot_quality,shot_time,shot_type,shot_value,start_time,start_type,team,time,url,x,y
wnba,wnba_shot_pace,shot_pace,shots,get-shots,2024,Regular Season,team,"{'EntityType': 'Team', 'StartType': 'All', 'Blocked': False, 'Season': '2024', 'SeasonType': 'Regular Season', 'EntityId': '1611661325'}",shot_pace,1611661325,4Q/OT | margin -3..3 | 300..120,get-shots__shots__entity_type-Team__start_type-All__blocked-False__season-2024__season_type-Regular_Season__entity_id-1611661325__c4f64243,get-shots,https://api.pbpstats.com/get-shots/wnba?EntityType=Team&StartType=All&Blocked=False&Season=2024&SeasonType=Regular+Season&EntityId=1611661325,200,0,,,,,,False,1611661322,0.0,539,2024-09-19,1022400237,1628929-1629478-1641658-1641687-204365,False,WAS,1628278-1630134-1631021-1631083-1631141,Grace Berger,1641658.0,Katie Lou Samuelson,1629478.0,LongMidRange,1611661325,4,Grace Berger,1641658,43,00:22,1629478,Katie Lou Samuelson,1631141,Jade Melbourne,0,,0,,False,-1,4.0,18.8,0.1726,0.0,LongMidRange,2,22.0,OffShortMidRangeMiss,IND,00:00,https://videos.nba.com/wnba/pbp/media/2024/09/19/1022400237/539/2f34ba63-d378-7253-1e2e-853afc55f121_960x540.mp4,-12,188
wnba,wnba_shot_pace,shot_pace,shots,get-shots,2024,Regular Season,team,"{'EntityType': 'Team', 'StartType': 'All', 'Blocked': False, 'Season': '2024', 'SeasonType': 'Regular Season', 'EntityId': '1611661325'}",shot_pace,1611661325,4Q/OT | margin -3..3 | 300..120,get-shots__shots__entity_type-Team__start_type-All__blocked-False__season-2024__season_type-Regular_Season__entity_id-1611661325__c4f64243,get-shots,https://api.pbpstats.com/get-shots/wnba?EntityType=Team&StartType=All&Blocked=False&Season=2024&SeasonType=Regular+Season&EntityId=1611661325,200,1,,,,,,False,1611661322,0.0,537,2024-09-19,1022400237,1628929-1629478-1641658-1641687-204365,False,WAS,1628278-1630134-1631021-1631083-1631141,,,,,,1611661325,4,Katie Lou Samuelson,1629478,43,00:22,1629478,Katie Lou Samuelson,1631141,Jade Melbourne,0,,0,,False,-1,,17.7,0.2821,7.0,LongMidRange,2,22.0,OffShortMidRangeMiss,IND,00:07,https://videos.nba.com/wnba/pbp/media/2024/09/19/1022400237/537/07cc552f-de7a-fbfd-1a51-2c3e67fe8b97_960x540.mp4,-124,126
wnba,wnba_shot_pace,shot_pace,shots,get-shots,2024,Regular Season,team,"{'EntityType': 'Team', 'StartType': 'All', 'Blocked': False, 'Season': '2024', 'SeasonType': 'Regular Season', 'EntityId': '1611661325'}",shot_pace,1611661325,4Q/OT | margin -3..3 | 300..120,get-shots__shots__entity_type-Team__start_type-All__blocked-False__season-2024__season_type-Regular_Season__entity_id-1611661325__c4f64243,get-shots,https://api.pbpstats.com/get-shots/wnba?EntityType=Team&StartType=All&Blocked=False&Season=2024&SeasonType=Regular+Season&EntityId=1611661325,200,2,,,,,,False,1611661322,40.0,531,2024-09-19,1022400237,1628929-1629478-1641658-1641687-204365,False,WAS,1628278-1630134-1631021-1631083-1631141,,,,,,1611661325,4,Victaria Saxton,1641687,41,00:53,0,,0,,204365,Erica Wheeler,1628278,Shatori Walker-Kimbrough,False,-1,,6.4,0.4051,43.0,ShortMidRange,2,53.0,OffLiveBallTurnover,IND,00:43,https://videos.nba.com/wnba/pbp/media/2024/09/19/1022400237/531/1abaab4a-4123-eab3-9169-db033767fd16_960x540.mp4,-61,18
wnba,wnba_shot_pace,shot_pace,shots,get-shots,2024,Regular Season,team,"{'EntityType': 'Team', 'StartType': 'All', 'Blocked': False, 'Season': '2024', 'SeasonType': 'Regular Season', 'EntityId': '1611661325'}",shot_pace,1611661325,4Q/OT | margin -3..3 | 300..120,get-shots__shots__entity_type-Team__start_type-All__blocked-False__season-2024__season_type-Regular_Season__entity_id-1611661325__c4f64243,get-shots,https://api.pbpstats.com/get-shots/wnba?EntityType=Team&StartType=All&Blocked=False&Season=2024&SeasonType=Regular+Season&EntityId=1611661325,200,3,,,,,,False,1611661322,245.0,488,2024-09-19,1022400237,1628929-1629478-1641658-1641687-204365,False,WAS,1628278-1628317-1630134-1631021-1631141,,,,,,1611661325,4,Kristy Wallace,1628929,27,04:19,0,,0,,0,,0,,False,-10,,20.2,0.3575,252.0,LongMidRange,2,259.0,OffTimeout,IND,04:12,https://videos.nba.com/wnba/pbp/media/2024/09/19/1022400237/488/7d49a8f1-e71a-1b86-11ef-0b625c133ccb_960x540.mp4,201,17
wnba,wnba_shot_pace,shot_pace,shots,get-shots,2024,Regular Season,team,"{'EntityType': 'Team', 'StartType': 'All', 'Blocked': False, 'Season': '2024', 'SeasonType': 'Regular Season', 'EntityId': '1611661325'}",shot_pace,1611661325,4Q/OT | margin -3..3 | 300..120,get-shots__shots__entity_type-Team__start_type-All__blocked-False__season-2024__season_type-Regular_Season__entity_id-1611661325__c4f64243,get-shots,https://api.pbpstats.com/get-shots/wnba?EntityType=Team&StartType=All&Blocked=False&Season=2024&SeasonType=Regular+Season&EntityId=1611661325,200,4,,,,,,False,1611661322,269.0,480,2024-09-19,1022400237,1628929-1629478-1641658-1641687-204365,False,WAS,1628279-1628878-1631083-1642210-203828,,,,,,1611661325,4,Katie Lou Samuelson,1629478,25,04:55,0,,1631083,Emily Engstler,0,,0,,False,-10,,28.1,0.2173,272.0,Arc3,3,295.0,OffArc3Make,IND,04:32,https://videos.nba.com/wnba/pbp/media/2024/09/19/1022400237/480/0c19120b-7879-fa31-a293-6cb409938b21_960x540.mp4,-176,219
wnba,wnba_shot_pace,shot_pace,shots,get-shots,2024,Regular Season,team,"{'EntityType': 'Team', 'StartType': 'All', 'Blocked': False, 'Season': '2024', 'SeasonType': 'Regular Season', 'EntityId': '1611661325'}",shot_pace,1611661325,4Q/OT | margin -3..3 | 300..120,get-shots__shots__entity_type-Team__start_type-All__blocked-False__season-2024__season_type-Regular_Season__entity_id-1611661325__c4f64243,get-shots,https://api.pbpstats.com/get-shots/wnba?EntityType=Team&StartType=All&Blocked=False&Season=2024&SeasonType=Regular+Season&EntityId=1611661325,200,5,,,,,,False,1611661322,327.0,463,2024-09-19,1022400237,1628929-1629478-1641658-203024-204365,False,WAS,1628279-1628878-1631083-1642210-203828,,,,,,1611661325,4,Damiris Dantas,203024,21,05:44,0,,0,,0,,0,,False,-7,,25.4,0.2729,331.0,Arc3,3,344.0,OffDeadball,IND,05:31,https://videos.nba.com/wnba/pbp/media/2024/09/19/1022400237/463/ca60e81c-afe5-f38c-9f15-e5f962174b65_960x540.mp4,-12,254
wnba,wnba_shot_pace,shot_pace,shots,get-shots,2024,Regular Season,team,"{'EntityType': 'Team', 'StartType': 'All', 'Blocked': False, 'Season': '2024', 'SeasonType': 'Regular Season', 'EntityId': '1611661325'}",shot_pace,1611661325,4Q/OT | margin -3..3 | 300..120,get-shots__shots__entity_type-Team__start_type-All__blocked-False__season-2024__season_type-Regular_Season__entity_id-1611661325__c4f64243,get-shots,https://api.pbpstats.com/get-shots/wnba?EntityType=Team&StartType=All&Blocked=False&Season=2024&SeasonType=Regular+Season&EntityId=1611661325,200,6,,,,,,False,1611661322,424.0,447,2024-09-19,1022400237,1628929-1629478-1641658-203024-204365,False,WAS,1628279-1628878-1631083-1642210-203828,,,,,,1611661325,4,Damiris Dantas,203024,15,07:18,0,,0,,0,,0,,False,-13,,24.9,0.3422,428.0,Arc3,3,438.0,OffDeadball,IND,07:08,https://videos.nba.com/wnba/pbp/media/2024/09/19/1022400237/447/120fd7d0-ee72-cc18-d534-0ddd44bc3399_960x540.mp4,-40,246
wnba,wnba_shot_pace,shot_pace,shots,get-shots,2024,Regular Season,team,"{'EntityType': 'Team', 'StartType': 'All', 'Blocked': False, 'Season': '2024', 'SeasonType': 'Regular Season', 'EntityId': '1611661325'}",shot_pace,1611661325,4Q/OT | margin -3..3 | 300..120,get-shots__shots__entity_type-Team__start_type-All__blocked-False__season-2024__season_type-Regular_Season__entity_id-1611661325__c4f64243,get-shots,https://api.pbpstats.com/get-shots/wnba?EntityType=Team&StartType=All&Blocked=False&Season=2024&SeasonType=Regular+Season&EntityId=1611661325,200,7,,,,,,False,1611661322,499.0,418,2024-09-19,1022400237,1627701-1628929-1629478-1641658-203024,False,WAS,1628278-1628317-1630134-1631021-1631141,,,,,,1611661325,4,Kristy Wallace,1628929,7,08:26,1641658,Grace Berger,1630134,Sug Sutton,0,,0,,False,-15,,23.8,0.4002,502.0,Corner3,3,506.0,OffArc3Miss,IND,08:22,https://videos.nba.com/wnba/pbp/media/2024/09/19/1022400237/418/fbd40905-eadd-351f-91d1-a3a7f3f48f69_960x540.mp4,-238,6
wnba,wnba_shot_pace,shot_pace,shots,get-shots,2024,Regular Season,team,"{'EntityType': 'Team', 'StartType': 'All', 'Blocked': False, 'Season': '2024', 'SeasonType': 'Regular Season', 'EntityId': '1611661325'}",shot_pace,1611661325,4Q/OT | margin -3..3 | 300..120,get-shots__shots__entity_type-Team__start_type-All__blocked-False__season-2024__season_type-Regular_Season__entity_id-1611661325__c4f64243,get-shots,https://api.pbpstats.com/get-shots/wnba?EntityType=Team&StartType=All&Blocked=False&Season=2024&SeasonType=Regular+Season&EntityId=1611661325,200,8,,,,,,False,1611661322,553.0,405,2024-09-19,1022400237,1627701-1628929-1629478-1641658-203024,False,WAS,1628278-1628317-1630134-1631021-1631141,,,,,,1611661325,4,Grace Berger,1641658,3,09:37,0,,0,,1629478,Katie Lou Samuelson,1630134,Sug Sutton,False,-16,,21.9,0.2457,557.0,LongMidRange,2,577.0,OffLiveBallTurnover,IND,09:17,https://videos.nba.com/wnba/pbp/media/2024/09/19/1022400237/405/12b67400-6447-27f7-0258-f99e3b69bca6_960x540.mp4,44,215
wnba,wnba_shot_pace,shot_pace,shots,get-shots,2024,Regular Season,team,"{'EntityType': 'Team', 'StartType': 'All', 'Blocked': False, 'Season': '2024', 'SeasonType': 'Regular Season', 'EntityId': '1611661325'}",shot_pace,1611661325,4Q/OT | margin -3..3 | 300..120,get-shots__shots__entity_type-Team__start_type-All__blocked-False__season-2024__season_type-Regular_Season__entity_id-1611661325__c4f64243,get-shots,https://api.pbpstats.com/get-shots/wnba?EntityType=Team&StartType=All&Blocked=False&Season=2024&SeasonType=Regular+Season&EntityId=1611661325,200,9,,,,,,False,1611661322,84.0,368,2024-09-19,1022400237,1627701-1628929-1629478-203024-204365,False,WAS,1628278-1628317-1630134-1631021-1631141,,,,,,1611661325,3,Temi Fagbenle,1627701,32,01:59,0,,1628278,Shatori Walker-Kimbrough,0,,0,,False,-15,,4.5,0.4233,95.0,ShortMidRange,2,119.0,OffAtRimMake,IND,01:35,https://videos.nba.com/wnba/pbp/media/2024/09/19/1022400237/368/a0491560-25f7-ca5d-47ea-b487c319b02f_960x540.mp4,33,30
wnba,wnba_shot_pace,shot_pace,shots,get-shots,2024,Regular Season,team,"{'EntityType': 'Team', 'StartType': 'All', 'Blocked': False, 'Season': '2024', 'SeasonType': 'Regular Season', 'EntityId': '1611661325'}",shot_pace,1611661325,4Q/OT | margin -3..3 | 300..120,get-shots__shots__entity_type-Team__start_type-All__blocked-False__season-2024__season_type-Regular_Season__entity_id-1611661325__c4f64243,get-shots,https://api.pbpstats.com/get-shots/wnba?EntityType=Team&StartType=All&Blocked=False&Season=2024&SeasonType=Regular+Season&EntityId=1611661325,200,10,,,,,,False,1611661322,198.0,340,2024-09-19,1022400237,1627701-1628929-1631019-1631086-204365,False,WAS,1628278-1628279-1628317-1631021-1631083,,,,,,1611661325,3,NaLyssa Smith,1631019,26,03:36,0,,1631021,Sika Koné,0,,0,,False,-14,,23.5,0.3615,199.0,Arc3,3,216.0,OffAtRimMake,IND,03:19,https://videos.nba.com/wnba/pbp/media/2024/09/19/1022400237/340/7eef27cc-1322-090a-32c6-528765235123_960x540.mp4,138,190
wnba,wnba_shot_pace,shot_pace,shots,get-shots,2024,Regular Season,team,"{'EntityType': 'Team', 'StartType': 'All', 'Blocked': False, 'Season': '2024', 'SeasonType': 'Regular Season', 'EntityId': '1611661325'}",shot_pace,1611661325,4Q/OT | margin -3..3 | 300..120,get-shots__shots__entity_type-Team__start_type-All__blocked-False__season-2024__season_type-Regular_Season__entity_id-1611661325__c4f64243,get-shots,https://api.pbpstats.com/get-shots/wnba?EntityType=Team&StartType=All&Blocked=False&Season=2024&SeasonType=Regular+Season&EntityId=1611661325,200,11,,,,,,False,1611661322,224.0,331,2024-09-19,1022400237,1627701-1628929-1631019-1631086-204365,False,WAS,1628278-1628279-1628317-1631021-1631083,,,,,,1611661325,3,Temi Fagbenle,1627701,24,03:49,1631019,NaLyssa Smith,1631021,Sika Koné,0,,0,,False,-12,,3.5,0.6798,227.0,AtRim,2,229.0,OffAtRimMiss,IND,03:47,https://videos.nba.com/wnba/pbp/media/2024/09/19/1022400237/331/ad05cbfc-cb0f-991a-8529-12e3ccdea810_960x540.mp4,-33,12
wnba,wnba_shot_pace,shot_pace,shots,get-shots,2024,Regular Season,team,"{'EntityType': 'Team', 'StartType': 'All', 'Blocked': False, 'Season': '2024', 'SeasonType': 'Regular Season', 'EntityId': '1611661325'}",shot_pace,1611661325,4Q/OT | margin -3..3 | 300..120,get-shots__shots__entity_type-Team__start_type-All__blocked-False__season-2024__season_type-Regular_Season__entity_id-1611661325__c4f64243,get-shots,https://api.pbpstats.com/get-shots/wnba?EntityType=Team&StartType=All&Blocked=False&Season=2024&SeasonType=Regular+Season&EntityId=1611661325,200,12,,,,,,False,1611661322,279.0,319,2024-09-19,1022400237,1627701-1628929-1631019-1631086-204365,False,WAS,1628279-1628878-1631083-1642210-203828,,,,,,1611661325,3,Temi Fagbenle,1627701,20,04:58,0,,0,,0,,0,,False,-11,,18.7,0.3961,283.0,LongMidRange,2,298.0,OffFTMake,IND,04:43,https://videos.nba.com/wnba/pbp/media/2024/09/19/1022400237/319/b9e98612-594c-96e9-a1db-46c176b3d55c_960x540.mp4,-57,178
wnba,wnba_shot_pace,shot_pace,shots,get-shots,2024,Regular Season,team,"{'EntityType': 'Team', 'StartType': 'All', 'Blocked': False, 'Season': '2024', 'SeasonType': 'Regular Season', 'EntityId': '1611661325'}",shot_pace,1611661325,4Q/OT | margin -3..3 | 300..120,get-shots__shots__entity_type-Team__start_type-All__blocked-False__season-2024__season_type-Regular_Season__entity_id-1611661325__c4f64243,get-shots,https://api.pbpstats.com/get-shots/wnba?EntityType=Team&StartType=All&Blocked=False&Season=2024&SeasonType=Regular+Season&EntityId=1611661325,200,13,,,,,,False,1611661322,556.0,274,2024-09-19,1022400237,1631019-1631086-1641648-1642286-204365,False,WAS,1628279-1628878-1631083-1642210-203828,,,,,,1611661325,3,Erica Wheeler,204365,4,09:29,0,,1631083,Emily Engstler,0,,0,,False,-9,,6.0,0.4115,559.0,ShortMidRange,2,569.0,OffAtRimMake,IND,09:19,https://videos.nba.com/wnba/pbp/media/2024/09/19/1022400237/274/5bb2a02c-9899-5807-f82b-db4692a787d2_960x540.mp4,58,15
wnba,wnba_shot_pace,shot_pace,shots,get-shots,2024,Regular Season,team,"{'EntityType': 'Team', 'StartType': 'All', 'Blocked': False, 'Season': '2024', 'SeasonType': 'Regular Season', 'EntityId': '1611661325'}",shot_pace,1611661325,4Q/OT | margin -3..3 | 300..120,get-shots__shots__entity_type-Team__start_type-All__blocked-False__season-2024__season_type-Regular_Season__entity_id-1611661325__c4f64243,get-shots,https://api.pbpstats.com/get-shots/wnba?EntityType=Team&StartType=All&Blocked=False&Season=2024&SeasonType=Regular+Season&EntityId=1611661325,200,14,,,,,,False,1611661322,0.0,260,2024-09-19,1022400237,1627701-1628929-1631019-1631086-1642286,False,WAS,1628279-1628878-1631083-1642210-203828,,,,,,1611661325,2,Lexie Hull,1631086,38,00:15,1631019,NaLyssa Smith,1628878,Ariel Atkins,0,,0,,False,-7,,23.9,0.2456,1.0,Corner3,3,15.0,OffShortMidRangeMiss,IND,00:01,https://videos.nba.com/wnba/pbp/media/2024/09/19/1022400237/260/1349c325-bd65-cb22-705f-aa8b5cc7752b_960x540.mp4,-238,23
wnba,wnba_shot_pace,shot_pace,shots,get-shots,2024,Regular Season,team,"{'EntityType': 'Team', 'StartType': 'All', 'Blocked': False, 'Season': '2024', 'SeasonType': 'Regular Season', 'EntityId': '1611661325'}",shot_pace,1611661325,4Q/OT | margin -3..3 | 300..120,get-shots__shots__entity_type-Team__start_type-All__blocked-False__season-2024__season_type-Regular_Season__entity_id-1611661325__c4f64243,get-shots,https://api.pbpstats.com/get-shots/wnba?EntityType=Team&StartType=All&Blocked=False&Season=2024&SeasonType=Regular+Season&EntityId=1611661325,200,15,,,,,,False,1611661322,32.0,256,2024-09-19,1022400237,1627701-1628929-1631019-1631086-1642286,False,WAS,1628279-1628878-1631083-1642210-203828,,,,,,1611661325,2,Caitlin Clark,1642286,36,00:46,0,,1628878,Ariel Atkins,0,,0,,False,-7,,21.1,0.3427,37.0,LongMidRange,2,46.0,OffArc3Make,IND,00:37,https://videos.nba.com/wnba/pbp/media/2024/09/19/1022400237/256/68671669-dd53-c54d-ac84-6fb9342893fe_960x540.mp4,-21,210
wnba,wnba_shot_pace,shot_pace,shots,get-shots,2024,Regular Season,team,"{'EntityType': 'Team', 'StartType': 'All', 'Blocked': False, 'Season': '2024', 'SeasonType': 'Regular Season', 'EntityId': '1611661325'}",shot_pace,1611661325,4Q/OT | margin -3..3 | 300..120,get-shots__shots__entity_type-Team__start_type-All__blocked-False__season-2024__season_type-Regular_Season__entity_id-1611661325__c4f64243,get-shots,https://api.pbpstats.com/get-shots/wnba?EntityType=Team&StartType=All&Blocked=False&Season=2024&SeasonType=Regular+Season&EntityId=1611661325,200,16,,,,,,False,1611661322,291.0,189,2024-09-19,1022400237,1628929-1629478-1641648-1642286-203024,False,WAS,1628278-1628317-1628878-1631021-1631141,,,,,,1611661325,2,Katie Lou Samuelson,1629478,16,05:18,203024,Damiris Dantas,1631141,Jade Melbourne,0,,0,,False,-3,,16.9,0.3316,292.0,LongMidRange,2,318.0,OffArc3Miss,IND,04:52,https://videos.nba.com/wnba/pbp/media/2024/09/19/1022400237/189/89e90150-4831-12a8-4f0d-d06cb29daaa8_960x540.mp4,26,167
wnba,wnba_shot_pace,shot_pace,shots,get-shots,2024,Regular Season,team,"{'EntityType': 'Team', 'StartType': 'All', 'Blocked': False, 'Season': '2024', 'SeasonType': 'Regular Season', 'EntityId': '1611661325'}",shot_pace,1611661325,4Q/OT | margin -3..3 | 300..120,get-shots__shots__entity_type-Team__start_type-All__blocked-False__season-2024__season_type-Regular_Season__entity_id-1611661325__c4f64243,get-shots,https://api.pbpstats.com/get-shots/wnba?EntityType=Team&StartType=All&Blocked=False&Season=2024&SeasonType=Regular+Season&EntityId=1611661325,200,17,,,,,,False,1611661322,380.0,171,2024-09-19,1022400237,1628929-1629478-1641648-1642286-203024,False,WAS,1628278-1628317-1631021-1631083-1631141,,,,,,1611661325,2,Damiris Dantas,203024,12,06:40,1628929,Kristy Wallace,1628278,Shatori Walker-Kimbrough,0,,0,,False,-2,,11.6,0.3947,384.0,ShortMidRange,2,400.0,OffArc3Miss,IND,06:24,https://videos.nba.com/wnba/pbp/media/2024/09/19/1022400237/171/098b7b84-5dea-26f1-d616-79990d2f4a5b_960x540.mp4,-110,36
wnba,wnba_shot_pace,shot_pace,shots,get-shots,2024,Regular Season,team,"{'EntityType': 'Team', 'StartType': 'All', 'Blocked': False, 'Season': '2024', 'SeasonType': 'Regular Season', 'EntityId': '1611661325'}",shot_pace,1611661325,4Q/OT | margin -3..3 | 300..120,get-shots__shots__entity_type-Team__start_type-All__blocked-False__season-2024__season_type-Regular_Season__entity_id-1611661325__c4f64243,get-shots,https://api.pbpstats.com/get-shots/wnba?EntityType=Team&StartType=All&Blocked=False&Season=2024&SeasonType=Regular+Season&EntityId=1611661325,200,18,,,,,,False,1611661322,415.0,161,2024-09-19,1022400237,1628929-1629478-1641648-203024-204365,False,WAS,1628278-1628317-1631021-1631083-1631141,,,,,,1611661325,2,Damiris Dantas,203024,10,07:08,203024,Damiris Dantas,1631083,Emily Engstler,0,,0,,False,-2,,25.8,0.3365,417.0,Arc3,3,428.0,OffShortMidRangeMiss,IND,06:57,https://videos.nba.com/wnba/pbp/media/2024/09/19/1022400237/161/b766fb7b-f76b-26b7-da86-4110a6089c17_960x540.mp4,-22,257
wnba,wnba_shot_pace,shot_pace,shots,get-shots,2024,Regular Season,team,"{'EntityType': 'Team', 'StartType': 'All', 'Blocked': False, 'Season': '2024', 'SeasonType': 'Regular Season', 'EntityId': '1611661325'}",shot_pace,1611661325,4Q/OT | margin -3..3 | 300..120,get-shots__shots__entity_type-Team__start_type-All__blocked-False__season-2024__season_type-Regular_Season__entity_id-1611661325__c4f64243,get-shots,https://api.pbpstats.com/get-shots/wnba?EntityType=Team&StartType=All&Blocked=False&Season=2024&SeasonType=Regular+Season&EntityId=1611661325,200,19,,,,,,False,1611661322,519.0,149,2024-09-19,1022400237,1628929-1629478-1641648-203024-204365,False,WAS,1628278-1628317-1631021-1631083-1631141,,,,,,1611661325,2,Katie Lou Samuelson,1629478,4,08:59,0,,1631083,Emily Engstler,0,,0,,False,0,,20.7,0.39,524.0,LongMidRange,2,539.0,OffAtRimMake,IND,08:44,https://videos.nba.com/wnba/pbp/media/2024/09/19/1022400237/149/48d88790-41b1-42ad-7805-d67cc4bfec3d_960x540.mp4,109,176
wnba,wnba_shot_pace,shot_pace,shots,get-shots,2024,Regular Season,team,"{'EntityType': 'Team', 'StartType': 'All', 'Blocked': False, 'Season': '2024', 'SeasonType': 'Regular Season', 'EntityId': '1611661325'}",shot_pace,1611661325,4Q/OT | margin -3..3 | 300..120,get-shots__shots__entity_type-Team__start_type-All__blocked-False__season-2024__season_type-Regular_Season__entity_id-1611661325__c4f64243,get-shots,https://api.pbpstats.com/get-shots/wnba?EntityType=Team&StartType=All&Blocked=False&Season=2024&SeasonType=Regular+Season&EntityId=1611661325,200,20,,,,,,False,1611661322,0.0,135,2024-09-19,1022400237,1627701-1629478-1631086-203024-204365,False,WAS,1628278-1628317-1631021-1631083-1631141,,,,,,1611661325,1,Erica Wheeler,204365,45,00:03,0,,1631083,Emily Engstler,0,,0,,False,2,,45.3,0.0,0.0,Arc3,3,3.0,OffArc3Make,IND,00:00,https://videos.nba.com/wnba/pbp/media/2024/09/19/1022400237/135/c95971dd-eff1-a793-20de-16b5349424f5_960x540.mp4,6,453
wnba,wnba_shot_pace,shot_pace,shots,get-shots,2024,Regular Season,team,"{'EntityType': 'Team', 'StartType': 'All', 'Blocked': False, 'Season': '2024', 'SeasonType': 'Regular Season', 'EntityId': '1611661325'}",shot_pace,1611661325,4Q/OT | margin -3..3 | 300..120,get-shots__shots__entity_type-Team__start_type-All__blocked-False__season-2024__season_type-Regular_Season__entity_id-1611661325__c4f64243,get-shots,https://api.pbpstats.com/get-shots/wnba?EntityType=Team&StartType=All&Blocked=False&Season=2024&SeasonType=Regular+Season&EntityId=1611661325,200,21,,,,,,False,1611661322,50.0,128,2024-09-19,1022400237,1627701-1629478-1631086-203024-204365,False,WAS,1628278-1628317-1631021-1631083-1631141,,,,,,1611661325,1,Damiris Dantas,203024,41,01:04,0,,1628278,Shatori Walker-Kimbrough,0,,0,,False,7,,5.6,0.4055,52.0,ShortMidRange,2,64.0,OffArc3Make,IND,00:52,https://videos.nba.com/wnba/pbp/media/2024/09/19/1022400237/128/26901948-a049-a0d1-4a0d-29c622ded09c_960x540.mp4,26,50
wnba,wnba_shot_pace,shot_pace,shots,get-shots,2024,Regular Season,team,"{'EntityType': 'Team', 'StartType': 'All', 'Blocked': False, 'Season': '2024', 'SeasonType': 'Regular Season', 'EntityId': '1611661325'}",shot_pace,1611661325,4Q/OT | margin -3..3 | 300..120,get-shots__shots__entity_type-Team__start_type-All__blocked-False__season-2024__season_type-Regular_Season__entity_id-1611661325__c4f64243,get-shots,https://api.pbpstats.com/get-shots/wnba?EntityType=Team&StartType=All&Blocked=False&Season=2024&SeasonType=Regular+Season&EntityId=1611661325,200,22,,,,,,False,1611661322,103.0,110,2024-09-19,1022400237,1627701-1631019-1631086-1642286-204365,False,WAS,1628278-1628317-1631021-1631141-203828,,,,,,1611661325,1,Erica Wheeler,204365,37,02:02,0,,1628278,Shatori Walker-Kimbrough,0,,0,,False,10,,24.0,0.3691,105.0,Arc3,3,122.0,OffLongMidRangeMake,IND,01:45,https://videos.nba.com/wnba/pbp/media/2024/09/19/1022400237/110/fd48b0c5-f51b-fb52-0cf5-f1f79b03fe8a_960x540.mp4,132,200
wnba,wnba_shot_pace,shot_pace,shots,get-shots,2024,Regular Season,team,"{'EntityType': 'Team', 'StartType': 'All', 'Blocked': False, 'Season': '2024', 'SeasonType': 'Regular Season', 'EntityId': '1611661325'}",shot_pace,1611661325,4Q/OT | margin -3..3 | 300..120,get-shots__shots__entity_type-Team__start_type-All__blocked-False__season-2024__season_type-Regular_Season__entity_id-1611661325__c4f64243,get-shots,https://api.pbpstats.com/get-shots/wnba?EntityType=Team&StartType=All&Blocked=False&Season=2024&SeasonType=Regular+Season&EntityId=1611661325,200,23,,,,,,False,1611661322,166.0,102,2024-09-19,1022400237,1627701-1631019-1631086-1642286-204365,False,WAS,1628278-1628317-1631021-1631141-203828,,,,,,1611661325,1,Lexie Hull,1631086,33,02:53,0,,0,,1631086,Lexie Hull,1631141,Jade Melbourne,False,13,,2.0,0.7972,171.0,AtRim,2,173.0,OffLiveBallTurnover,IND,02:51,https://videos.nba.com/wnba/pbp/media/2024/09/19/1022400237/102/bed9db3a-6635-6616-b340-445948adce2a_960x540.mp4,-13,15
wnba,wnba_shot_pace,shot_pace,shots,get-shots,2024,Regular Season,team,"{'EntityType': 'Team', 'StartType': 'All', 'Blocked': False, 'Season': '2024', 'SeasonType': 'Regular Season', 'EntityId': '1611661325'}",shot_pace,1611661325,4Q/OT | margin -3..3 | 300..120,get-shots__shots__entity_type-Team__start_type-All__blocked-False__season-2024__season_type-Regular_Season__entity_id-1611661325__c4f64243,get-shots,https://api.pbpstats.com/get-shots/wnba?EntityType=Team&StartType=All&Blocked=False&Season=2024&SeasonType=Regular+Season&EntityId=1611661325,200,24,,,,,,False,1611661322,183.0,98,2024-09-19,1022400237,1627701-1631019-1631086-1642286-204365,False,WAS,1628278-1628317-1631021-1631141-203828,,,,,,1611661325,1,NaLyssa Smith,1631019,31,03:24,1631019,NaLyssa Smith,1628317,Karlie Samuelson,0,,0,,False,13,,16.2,0.373,187.0,LongMidRange,2,204.0,OffArc3Miss,IND,03:07,https://videos.nba.com/wnba/pbp/media/2024/09/19/1022400237/98/708c2c20-8286-4344-971a-417762b3c303_960x540.mp4,-161,20
wnba,wnba_shot_pace,shot_pace,shots,get-shots,2024,Regular Season,team,"{'EntityType': 'Team', 'StartType': 'All', 'Blocked': False, 'Season': '2024', 'SeasonType': 'Regular Season', 'EntityId': '1611661325'}",shot_pace,1611661325,4Q/OT | margin -3..3 | 300..120,get-shots__shots__entity_type-Team__start_type-All__blocked-False__season-2024__season_type-Regular_Season__entity_id-1611661325__c4f64243,get-shots,https://api.pbpstats.com/get-shots/wnba?EntityType=Team&StartType=All&Blocked=False&Season=2024&SeasonType=Regular+Season&EntityId=1611661325,200,25,,,,,,False,1611661322,218.0,94,2024-09-19,1022400237,1627701-1631019-1631086-1642286-204365,False,WAS,1628278-1628317-1631021-1631141-203828,,,,,,1611661325,1,NaLyssa Smith,1631019,29,03:52,0,,0,,1642286,Caitlin Clark,1628278,Shatori Walker-Kimbrough,False,13,,14.9,0.4349,220.0,LongMidRange,2,232.0,OffLiveBallTurnover,IND,03:40,https://videos.nba.com/wnba/pbp/media/2024/09/19/1022400237/94/b6b95177-848b-cfab-7d72-f56a1f6ce1bc_960x540.mp4,-57,138
wnba,wnba_shot_pace,shot_pace,shots,get-shots,2024,Regular Season,team,"{'EntityType': 'Team', 'StartType': 'All', 'Blocked': False, 'Season': '2024', 'SeasonType': 'Regular Season', 'EntityId': '1611661325'}",shot_pace,1611661325,4Q/OT | margin -3..3 | 300..120,get-shots__shots__entity_type-Team__start_type-All__blocked-False__season-2024__season_type-Regular_Season__entity_id-1611661325__c4f64243,get-shots,https://api.pbpstats.com/get-shots/wnba?EntityType=Team&StartType=All&Blocked=False&Season=2024&SeasonType=Regular+Season&EntityId=1611661325,200,26,,,,,,False,1611661322,240.0,90,2024-09-19,1022400237,1627701-1631019-1631086-1642286-204365,False,WAS,1628278-1628317-1631021-1631141-203828,,,,,,1611661325,1,Caitlin Clark,1642286,27,04:14,0,,1631141,Jade Melbourne,0,,0,,False,13,,27.8,0.3797,243.0,Arc3,3,254.0,OffAtRimMake,IND,04:03,https://videos.nba.com/wnba/pbp/media/2024/09/19/1022400237/90/5d870139-8432-0d91-2ce4-ebcc0de416e0_960x540.mp4,10,278
wnba,wnba_shot_pace,shot_pace,shots,get-shots,2024,Regular Season,team,"{'EntityType': 'Team', 'StartType': 'All', 'Blocked': False, 'Season': '2024', 'SeasonType': 'Regular Season', 'EntityId': '1611661325'}",shot_pace,1611661325,4Q/OT | margin -3..3 | 300..120,get-shots__shots__entity_type-Team__start_type-All__blocked-False__season-2024__season_type-Regular_Season__entity_id-1611661325__c4f64243,get-shots,https://api.pbpstats.com/get-shots/wnba?EntityType=Team&StartType=All&Blocked=False&Season=2024&SeasonType=Regular+Season&EntityId=1611661325,200,27,,,,,,False,1611661322,499.0,22,2024-09-19,1022400237,1628909-1631019-1631086-1641648-1642286,False,WAS,1628279-1628878-1631083-1642210-203828,,,,,,1611661325,1,Aliyah Boston,1641648,7,08:31,1641648,Aliyah Boston,203828,Stefanie Dolson,0,,0,,False,4,,14.4,0.3987,502.0,LongMidRange,2,511.0,OffArc3Miss,IND,08:22,https://videos.nba.com/wnba/pbp/media/2024/09/19/1022400237/22/3c8e8d01-1989-0816-7170-c80760837f39_960x540.mp4,-97,106
wnba,wnba_shot_pace,shot_pace,shots,get-shots,2024,Regular Season,team,"{'EntityType': 'Team', 'StartType': 'All', 'Blocked': False, 'Season': '2024', 'SeasonType': 'Regular Season', 'EntityId': '1611661325'}",shot_pace,1611661325,4Q/OT | margin -3..3 | 300..120,get-shots__shots__entity_type-Team__start_type-All__blocked-False__season-2024__season_type-Regular_Season__entity_id-1611661325__c4f64243,get-shots,https://api.pbpstats.com/get-shots/wnba?EntityType=Team&StartType=All&Blocked=False&Season=2024&SeasonType=Regular+Season&EntityId=1611661325,200,28,,,,,,False,1611661322,535.0,17,2024-09-19,1022400237,1628909-1631019-1631086-1641648-1642286,False,WAS,1628279-1628878-1631083-1642210-203828,,,,,,1611661325,1,Caitlin Clark,1642286,5,09:03,0,,0,,1641648,Aliyah Boston,203828,Stefanie Dolson,False,4,,4.7,0.5477,535.0,ShortMidRange,2,543.0,OffLiveBallTurnover,IND,08:55,https://videos.nba.com/wnba/pbp/media/2024/09/19/1022400237/17/f4191aee-6750-be12-cab3-bfd916ea2a10_960x540.mp4,46,10
wnba,wnba_shot_pace,shot_pace,shots,get-shots,2024,Regular Season,team,"{'EntityType': 'Team', 'StartType': 'All', 'Blocked': False, 'Season': '2024', 'SeasonType': 'Regular Season', 'EntityId': '1611661325'}",shot_pace,1611661325,4Q/OT | margin -3..3 | 300..120,get-shots__shots__entity_type-Team__start_type-All__blocked-False__season-2024__season_type-Regular_Season__entity_id-1611661325__c4f64243,get-shots,https://api.pbpstats.com/get-shots/wnba?EntityType=Team&StartType=All&Blocked=False&Season=2024&SeasonType=Regular+Season&EntityId=1611661325,200,29,,,,,,False,1611661321,179.0,504,2024-09-15,1022400224,1628909-1631086-1641648-1642286-203024,False,DAL,1629479-1629481-1630149-1642292-203827,,,,,,1611661325,4,Aliyah Boston,1641648,27,03:16,0,,0,,0,,0,,False,5,,1.6,0.5931,181.0,AtRim,2,196.0,OffTimeout,IND,03:01,https://videos.nba.com/wnba/pbp/media/2024/09/15/1022400224/504/934a3092-72c0-635e-e472-7b5f4bf647e0_960x540.mp4,-4,16
wnba,wnba_shot_pace,shot_pace,shots,get-shots,2024,Regular Season,team,"{'EntityType': 'Team', 'StartType': 'All', 'Blocked': False, 'Season': '2024', 'SeasonType': 'Regular Season', 'EntityId': '1611661325'}",shot_pace,1611661325,4Q/OT | margin -3..3 | 300..120,get-shots__shots__entity_type-Team__start_type-All__blocked-False__season-2024__season_type-Regular_Season__entity_id-1611661325__c4f64243,get-shots,https://api.pbpstats.com/get-shots/wnba?EntityType=Team&StartType=All&Blocked=False&Season=2024&SeasonType=Regular+Season&EntityId=1611661325,200,30,,,,,,False,1611661321,207.0,493,2024-09-15,1022400224,1627701-1631086-1642286-203024-204365,False,DAL,1629479-1629481-1630149-1642292-203827,,,,,,1611661325,4,Caitlin Clark,1642286,25,03:46,0,,1629481,Arike Ogunbowale,0,,0,,False,7,,26.4,0.3227,207.0,Arc3,3,226.0,OffShortMidRangeMake,IND,03:27,https://videos.nba.com/wnba/pbp/media/2024/09/15/1022400224/493/b1b7123c-bc13-be5f-13c9-cc29c82e52e6_960x540.mp4,-95,246
wnba,wnba_shot_pace,shot_pace,shots,get-shots,2024,Regular Season,team,"{'EntityType': 'Team', 'StartType': 'All', 'Blocked': False, 'Season': '2024', 'SeasonType': 'Regular Season', 'EntityId': '1611661325'}",shot_pace,1611661325,4Q/OT | margin -3..3 | 300..120,get-shots__shots__entity_type-Team__start_type-All__blocked-False__season-2024__season_type-Regular_Season__entity_id-1611661325__c4f64243,get-shots,https://api.pbpstats.com/get-shots/wnba?EntityType=Team&StartType=All&Blocked=False&Season=2024&SeasonType=Regular+Season&EntityId=1611661325,200,31,,,,,,False,1611661321,231.0,490,2024-09-15,1022400224,1627701-1631086-1642286-203024-204365,False,DAL,1629479-1629481-1630149-1642292-203827,,,,,,1611661325,4,Lexie Hull,1631086,23,04:03,203024,Damiris Dantas,203827,Natasha Howard,0,,0,,False,9,,18.7,0.4042,235.0,LongMidRange,2,243.0,OffArc3Miss,IND,03:55,https://videos.nba.com/wnba/pbp/media/2024/09/15/1022400224/490/ebbaf030-fd45-7b19-f8ed-c3d9e45772c8_960x540.mp4,187,7
wnba,wnba_shot_pace,shot_pace,shots,get-shots,2024,Regular Season,team,"{'EntityType': 'Team', 'StartType': 'All', 'Blocked': False, 'Season': '2024', 'SeasonType': 'Regular Season', 'EntityId': '1611661325'}",shot_pace,1611661325,4Q/OT | margin -3..3 | 300..120,get-shots__shots__entity_type-Team__start_type-All__blocked-False__season-2024__season_type-Regular_Season__entity_id-1611661325__c4f64243,get-shots,https://api.pbpstats.com/get-shots/wnba?EntityType=Team&StartType=All&Blocked=False&Season=2024&SeasonType=Regular+Season&EntityId=1611661325,200,32,,,,,,False,1611661321,310.0,472,2024-09-15,1022400224,1627701-1631086-1642286-203024-204365,False,DAL,1629479-1629481-1630149-1642244-203827,,,,,,1611661325,4,Lexie Hull,1631086,17,05:18,1642286,Caitlin Clark,1630149,Satou Sabally,0,,0,,False,2,,24.2,0.422,313.0,Corner3,3,318.0,OffShortMidRangeMiss,IND,05:13,https://videos.nba.com/wnba/pbp/media/2024/09/15/1022400224/472/84a675dd-c916-1b7d-f9e4-da1810089b74_960x540.mp4,-238,-43
wnba,wnba_shot_pace,shot_pace,shots,get-shots,2024,Regular Season,team,"{'EntityType': 'Team', 'StartType': 'All', 'Blocked': False, 'Season': '2024', 'SeasonType': 'Regular Season', 'EntityId': '1611661325'}",shot_pace,1611661325,4Q/OT | margin -3..3 | 300..120,get-shots__shots__entity_type-Team__start_type-All__blocked-False__season-2024__season_type-Regular_Season__entity_id-1611661325__c4f64243,get-shots,https://api.pbpstats.com/get-shots/wnba?EntityType=Team&StartType=All&Blocked=False&Season=2024&SeasonType=Regular+Season&EntityId=1611661325,200,33,,,,,,False,1611661321,340.0,468,2024-09-15,1022400224,1627701-1631086-1642286-203024-204365,False,DAL,1629479-1629481-1630149-1642244-203827,,,,,,1611661325,4,Erica Wheeler,204365,15,06:14,0,,1629479,Teaira McCowan,0,,0,,False,2,,21.1,0.3256,344.0,LongMidRange,2,374.0,OffAtRimMake,IND,05:44,https://videos.nba.com/wnba/pbp/media/2024/09/15/1022400224/468/1a6e7fe5-3b37-cb01-add6-7f1f54dd6508_960x540.mp4,-104,184
wnba,wnba_shot_pace,shot_pace,shots,get-shots,2024,Regular Season,team,"{'EntityType': 'Team', 'StartType': 'All', 'Blocked': False, 'Season': '2024', 'SeasonType': 'Regular Season', 'EntityId': '1611661325'}",shot_pace,1611661325,4Q/OT | margin -3..3 | 300..120,get-shots__shots__entity_type-Team__start_type-All__blocked-False__season-2024__season_type-Regular_Season__entity_id-1611661325__c4f64243,get-shots,https://api.pbpstats.com/get-shots/wnba?EntityType=Team&StartType=All&Blocked=False&Season=2024&SeasonType=Regular+Season&EntityId=1611661325,200,34,,,,,,False,1611661321,457.0,457,2024-09-15,1022400224,1627701-1631086-1642286-203024-204365,False,DAL,1629479-1629481-1630149-1642244-203827,,,,,,1611661325,4,Temi Fagbenle,1627701,9,08:03,0,,0,,0,,0,,False,0,,11.8,0.2942,460.0,ShortMidRange,2,483.0,OffDeadball,IND,07:40,https://videos.nba.com/wnba/pbp/media/2024/09/15/1022400224/457/511c3119-5897-535b-57d2-d23fd862b6f0_960x540.mp4,65,99
wnba,wnba_shot_pace,shot_pace,shots,get-shots,2024,Regular Season,team,"{'EntityType': 'Team', 'StartType': 'All', 'Blocked': False, 'Season': '2024', 'SeasonType': 'Regular Season', 'EntityId': '1611661325'}",shot_pace,1611661325,4Q/OT | margin -3..3 | 300..120,get-shots__shots__entity_type-Team__start_type-All__blocked-False__season-2024__season_type-Regular_Season__entity_id-1611661325__c4f64243,get-shots,https://api.pbpstats.com/get-shots/wnba?EntityType=Team&StartType=All&Blocked=False&Season=2024&SeasonType=Regular+Season&EntityId=1611661325,200,35,,,,,,False,1611661321,495.0,454,2024-09-15,1022400224,1627701-1631086-1642286-203024-204365,False,DAL,1629479-1629481-1630149-1642244-203827,,,,,,1611661325,4,Caitlin Clark,1642286,7,08:31,1627701,Temi Fagbenle,1629481,Arike Ogunbowale,0,,0,,False,0,,25.2,0.2812,498.0,Arc3,3,511.0,OffFTMiss,IND,08:18,https://videos.nba.com/wnba/pbp/media/2024/09/15/1022400224/454/2906c3a5-e4ab-0363-46d2-22754e75da6e_960x540.mp4,-111,226
wnba,wnba_shot_pace,shot_pace,shots,get-shots,2024,Regular Season,team,"{'EntityType': 'Team', 'StartType': 'All', 'Blocked': False, 'Season': '2024', 'SeasonType': 'Regular Season', 'EntityId': '1611661325'}",shot_pace,1611661325,4Q/OT | margin -3..3 | 300..120,get-shots__shots__entity_type-Team__start_type-All__blocked-False__season-2024__season_type-Regular_Season__entity_id-1611661325__c4f64243,get-shots,https://api.pbpstats.com/get-shots/wnba?EntityType=Team&StartType=All&Blocked=False&Season=2024&SeasonType=Regular+Season&EntityId=1611661325,200,36,,,,,,False,1611661321,575.0,431,2024-09-15,1022400224,1627701-1631086-1641648-1642286-204365,False,DAL,1629479-1629481-1630149-1642292-203827,,,,,,1611661325,4,Temi Fagbenle,1627701,1,10:00,0,,0,,0,,0,,False,1,,17.4,0.3833,581.0,LongMidRange,2,600.0,OffDeadball,IND,09:41,https://videos.nba.com/wnba/pbp/media/2024/09/15/1022400224/431/8b26f51b-a38b-e173-f54e-9d85dab8fe05_960x540.mp4,-62,163
wnba,wnba_shot_pace,shot_pace,shots,get-shots,2024,Regular Season,team,"{'EntityType': 'Team', 'StartType': 'All', 'Blocked': False, 'Season': '2024', 'SeasonType': 'Regular Season', 'EntityId': '1611661325'}",shot_pace,1611661325,4Q/OT | margin -3..3 | 300..120,get-shots__shots__entity_type-Team__start_type-All__blocked-False__season-2024__season_type-Regular_Season__entity_id-1611661325__c4f64243,get-shots,https://api.pbpstats.com/get-shots/wnba?EntityType=Team&StartType=All&Blocked=False&Season=2024&SeasonType=Regular+Season&EntityId=1611661325,200,37,,,,,,False,1611661321,2.0,425,2024-09-15,1022400224,1627701-1628909-1631086-1641648-1642286,False,DAL,1629479-1629481-1630149-1642292-203827,,,,,,1611661325,3,Lexie Hull,1631086,36,00:11,0,,1629481,Arike Ogunbowale,0,,0,,False,1,,1.0,0.7783,5.0,AtRim,2,11.0,OffArc3Make,IND,00:05,https://videos.nba.com/wnba/pbp/media/2024/09/15/1022400224/425/26314160-3155-7b3e-3f08-5f103e26eaa4_960x540.mp4,3,10
wnba,wnba_shot_pace,shot_pace,shots,get-shots,2024,Regular Season,team,"{'EntityType': 'Team', 'StartType': 'All', 'Blocked': False, 'Season': '2024', 'SeasonType': 'Regular Season', 'EntityId': '1611661325'}",shot_pace,1611661325,4Q/OT | margin -3..3 | 300..120,get-shots__shots__entity_type-Team__start_type-All__blocked-False__season-2024__season_type-Regular_Season__entity_id-1611661325__c4f64243,get-shots,https://api.pbpstats.com/get-shots/wnba?EntityType=Team&StartType=All&Blocked=False&Season=2024&SeasonType=Regular+Season&EntityId=1611661325,200,38,,,,,,False,1611661321,47.0,408,2024-09-15,1022400224,1627701-1628909-1631086-1641648-1642286,False,DAL,1629480-1641652-1642244-1642292-203827,,,,,,1611661325,3,Caitlin Clark,1642286,32,01:03,0,,0,,0,,0,,False,2,,23.5,0.3408,50.0,Arc3,3,63.0,OffDeadball,IND,00:50,https://videos.nba.com/wnba/pbp/media/2024/09/15/1022400224/408/e95e60ac-6357-f3d4-7e17-8e4b152073a6_960x540.mp4,-197,129
wnba,wnba_shot_pace,shot_pace,shots,get-shots,2024,Regular Season,team,"{'EntityType': 'Team', 'StartType': 'All', 'Blocked': False, 'Season': '2024', 'SeasonType': 'Regular Season', 'EntityId': '1611661325'}",shot_pace,1611661325,4Q/OT | margin -3..3 | 300..120,get-shots__shots__entity_type-Team__start_type-All__blocked-False__season-2024__season_type-Regular_Season__entity_id-1611661325__c4f64243,get-shots,https://api.pbpstats.com/get-shots/wnba?EntityType=Team&StartType=All&Blocked=False&Season=2024&SeasonType=Regular+Season&EntityId=1611661325,200,39,,,,,,False,1611661321,130.0,382,2024-09-15,1022400224,1627701-1628909-1631086-1641648-1642286,False,DAL,1629480-1629481-1630149-1641652-1642244,,,,,,1611661325,3,Caitlin Clark,1642286,26,02:26,0,,1641652,Maddy Siegrist,0,,0,,False,-2,,24.1,0.362,134.0,Arc3,3,146.0,OffShortMidRangeMake,IND,02:14,https://videos.nba.com/wnba/pbp/media/2024/09/15/1022400224/382/6e17b482-9533-390b-5988-637c5c084c77_960x540.mp4,-162,178
wnba,wnba_shot_pace,shot_pace,shots,get-shots,2024,Regular Season,team,"{'EntityType': 'Team', 'StartType': 'All', 'Blocked': False, 'Season': '2024', 'SeasonType': 'Regular Season', 'EntityId': '1611661325'}",shot_pace,1611661325,4Q/OT | margin -3..3 | 300..120,get-shots__shots__entity_type-Team__start_type-All__blocked-False__season-2024__season_type-Regular_Season__entity_id-1611661325__c4f64243,get-shots,https://api.pbpstats.com/get-shots/wnba?EntityType=Team&StartType=All&Blocked=False&Season=2024&SeasonType=Regular+Season&EntityId=1611661325,200,40,,,,,,False,1611661321,238.0,361,2024-09-15,1022400224,1627701-1628909-1631086-1641648-1642286,False,DAL,1629480-1629481-1630149-1642244-203827,,,,,,1611661325,3,Kelsey Mitchell,1628909,20,04:22,0,,0,,0,,0,,False,-2,,20.5,0.3848,245.0,LongMidRange,2,262.0,OffFTMake,IND,04:05,https://videos.nba.com/wnba/pbp/media/2024/09/15/1022400224/361/f2bf2fda-af82-43e4-9bc6-58b28b35d579_960x540.mp4,117,168
wnba,wnba_shot_pace,shot_pace,shots,get-shots,2024,Regular Season,team,"{'EntityType': 'Team', 'StartType': 'All', 'Blocked': False, 'Season': '2024', 'SeasonType': 'Regular Season', 'EntityId': '1611661325'}",shot_pace,1611661325,4Q/OT | margin -3..3 | 300..120,get-shots__shots__entity_type-Team__start_type-All__blocked-False__season-2024__season_type-Regular_Season__entity_id-1611661325__c4f64243,get-shots,https://api.pbpstats.com/get-shots/wnba?EntityType=Team&StartType=All&Blocked=False&Season=2024&SeasonType=Regular+Season&EntityId=1611661325,200,41,,,,,,False,1611661321,364.0,331,2024-09-15,1022400224,1628909-1631019-1631086-1641648-1642286,False,DAL,1629479-1629481-1630149-1642292-203827,,,,,,1611661325,3,Aliyah Boston,1641648,12,06:31,0,,0,,0,,0,,False,1,,7.3,0.3621,373.0,ShortMidRange,2,391.0,OffDeadball,IND,06:13,https://videos.nba.com/wnba/pbp/media/2024/09/15/1022400224/331/02ae0d71-40e8-3ad4-1e65-409b04520bfe_960x540.mp4,44,58
wnba,wnba_shot_pace,shot_pace,shots,get-shots,2024,Regular Season,team,"{'EntityType': 'Team', 'StartType': 'All', 'Blocked': False, 'Season': '2024', 'SeasonType': 'Regular Season', 'EntityId': '1611661325'}",shot_pace,1611661325,4Q/OT | margin -3..3 | 300..120,get-shots__shots__entity_type-Team__start_type-All__blocked-False__season-2024__season_type-Regular_Season__entity_id-1611661325__c4f64243,get-shots,https://api.pbpstats.com/get-shots/wnba?EntityType=Team&StartType=All&Blocked=False&Season=2024&SeasonType=Regular+Season&EntityId=1611661325,200,42,,,,,,False,1611661321,404.0,325,2024-09-15,1022400224,1628909-1631019-1631086-1641648-1642286,False,DAL,1629479-1629481-1630149-1642292-203827,Aliyah Boston,1641648.0,Kelsey Mitchell,1628909.0,Arc3,1611661325,3,NaLyssa Smith,1631019,10,07:26,0,,1629479,Teaira McCowan,0,,0,,False,1,15.0,16.6,0.4134,405.0,LongMidRange,2,446.0,OffAtRimMake,IND,06:45,https://videos.nba.com/wnba/pbp/media/2024/09/15/1022400224/325/217e6884-51c3-b1ad-c628-9517fb118fc9_960x540.mp4,166,1
wnba,wnba_shot_pace,shot_pace,shots,get-shots,2024,Regular Season,team,"{'EntityType': 'Team', 'StartType': 'All', 'Blocked': False, 'Season': '2024', 'SeasonType': 'Regular Season', 'EntityId': '1611661325'}",shot_pace,1611661325,4Q/OT | margin -3..3 | 300..120,get-shots__shots__entity_type-Team__start_type-All__blocked-False__season-2024__season_type-Regular_Season__entity_id-1611661325__c4f64243,get-shots,https://api.pbpstats.com/get-shots/wnba?EntityType=Team&StartType=All&Blocked=False&Season=2024&SeasonType=Regular+Season&EntityId=1611661325,200,43,,,,,,False,1611661321,404.0,323,2024-09-15,1022400224,1628909-1631019-1631086-1641648-1642286,False,DAL,1629479-1629481-1630149-1642292-203827,,,,,,1611661325,3,Kelsey Mitchell,1628909,10,07:26,0,,1629479,Teaira McCowan,0,,0,,False,1,,27.1,0.3298,423.0,Arc3,3,446.0,OffAtRimMake,IND,07:03,https://videos.nba.com/wnba/pbp/media/2024/09/15/1022400224/323/0cf7ce7c-5b7c-9e4a-134f-5fe8515a1668_960x540.mp4,189,194
wnba,wnba_shot_pace,shot_pace,shots,get-shots,2024,Regular Season,team,"{'EntityType': 'Team', 'StartType': 'All', 'Blocked': False, 'Season': '2024', 'SeasonType': 'Regular Season', 'EntityId': '1611661325'}",shot_pace,1611661325,4Q/OT | margin -3..3 | 300..120,get-shots__shots__entity_type-Team__start_type-All__blocked-False__season-2024__season_type-Regular_Season__entity_id-1611661325__c4f64243,get-shots,https://api.pbpstats.com/get-shots/wnba?EntityType=Team&StartType=All&Blocked=False&Season=2024&SeasonType=Regular+Season&EntityId=1611661325,200,44,,,,,,False,1611661321,463.0,312,2024-09-15,1022400224,1628909-1631019-1631086-1641648-1642286,False,DAL,1629479-1629481-1630149-1642292-203827,,,,,,1611661325,3,Caitlin Clark,1642286,8,08:01,1631019,NaLyssa Smith,1630149,Satou Sabally,0,,0,,False,0,,25.4,0.3829,472.0,Arc3,3,481.0,OffArc3Miss,IND,07:52,https://videos.nba.com/wnba/pbp/media/2024/09/15/1022400224/312/35e99b8d-f51e-6e84-e883-5b345958a16e_960x540.mp4,-183,176
wnba,wnba_shot_pace,shot_pace,shots,get-shots,2024,Regular Season,team,"{'EntityType': 'Team', 'StartType': 'All', 'Blocked': False, 'Season': '2024', 'SeasonType': 'Regular Season', 'EntityId': '1611661325'}",shot_pace,1611661325,4Q/OT | margin -3..3 | 300..120,get-shots__shots__entity_type-Team__start_type-All__blocked-False__season-2024__season_type-Regular_Season__entity_id-1611661325__c4f64243,get-shots,https://api.pbpstats.com/get-shots/wnba?EntityType=Team&StartType=All&Blocked=False&Season=2024&SeasonType=Regular+Season&EntityId=1611661325,200,45,,,,,,False,1611661321,0.0,285,2024-09-15,1022400224,1628909-1629478-1631019-1641648-1642286,False,DAL,1629480-1629481-1630149-1642240-1642244,,,,,,1611661325,2,Kelsey Mitchell,1628909,46,00:03,0,,0,,0,,0,,False,-2,,34.3,0.2526,0.0,Arc3,3,3.0,OffFTMake,IND,00:00,https://videos.nba.com/wnba/pbp/media/2024/09/15/1022400224/285/d3a6476d-a086-3ef1-f122-b8d1a7fdd086_960x540.mp4,-174,296
wnba,wnba_shot_pace,shot_pace,shots,get-shots,2024,Regular Season,team,"{'EntityType': 'Team', 'StartType': 'All', 'Blocked': False, 'Season': '2024', 'SeasonType': 'Regular Season', 'EntityId': '1611661325'}",shot_pace,1611661325,4Q/OT | margin -3..3 | 300..120,get-shots__shots__entity_type-Team__start_type-All__blocked-False__season-2024__season_type-Regular_Season__entity_id-1611661325__c4f64243,get-shots,https://api.pbpstats.com/get-shots/wnba?EntityType=Team&StartType=All&Blocked=False&Season=2024&SeasonType=Regular+Season&EntityId=1611661325,200,46,,,,,,False,1611661321,20.0,279,2024-09-15,1022400224,1628909-1629478-1631019-1641648-1642286,False,DAL,1629480-1629481-1630149-1642240-1642244,,,,,,1611661325,2,Caitlin Clark,1642286,44,00:37,0,,0,,0,,0,,False,0,,26.3,0.2819,24.0,Arc3,3,37.0,OffDeadball,IND,00:24,https://videos.nba.com/wnba/pbp/media/2024/09/15/1022400224/279/f8f9ce7b-11f5-d5ab-2d09-7e5222f6722f_960x540.mp4,-207,163
wnba,wnba_shot_pace,shot_pace,shots,get-shots,2024,Regular Season,team,"{'EntityType': 'Team', 'StartType': 'All', 'Blocked': False, 'Season': '2024', 'SeasonType': 'Regular Season', 'EntityId': '1611661325'}",shot_pace,1611661325,4Q/OT | margin -3..3 | 300..120,get-shots__shots__entity_type-Team__start_type-All__blocked-False__season-2024__season_type-Regular_Season__entity_id-1611661325__c4f64243,get-shots,https://api.pbpstats.com/get-shots/wnba?EntityType=Team&StartType=All&Blocked=False&Season=2024&SeasonType=Regular+Season&EntityId=1611661325,200,47,,,,,,False,1611661321,62.0,264,2024-09-15,1022400224,1628909-1629478-1631019-1641648-204365,False,DAL,1629480-1629481-1630149-1642240-1642292,,,,,,1611661325,2,Kelsey Mitchell,1628909,40,01:22,0,,1629480,Kalani Brown,0,,0,,False,0,,26.9,0.3303,64.0,Arc3,3,82.0,OffAtRimMake,IND,01:04,https://videos.nba.com/wnba/pbp/media/2024/09/15/1022400224/264/85ade49d-f95a-eeca-4e10-cefc3c53bfc1_960x540.mp4,-104,248
wnba,wnba_shot_pace,shot_pace,shots,get-shots,2024,Regular Season,team,"{'EntityType': 'Team', 'StartType': 'All', 'Blocked': False, 'Season': '2024', 'SeasonType': 'Regular Season', 'EntityId': '1611661325'}",shot_pace,1611661325,4Q/OT | margin -3..3 | 300..120,get-shots__shots__entity_type-Team__start_type-All__blocked-False__season-2024__season_type-Regular_Season__entity_id-1611661325__c4f64243,get-shots,https://api.pbpstats.com/get-shots/wnba?EntityType=Team&StartType=All&Blocked=False&Season=2024&SeasonType=Regular+Season&EntityId=1611661325,200,48,,,,,,False,1611661321,94.0,254,2024-09-15,1022400224,1628909-1629478-1631019-1641648-1642286,False,DAL,1629480-1629481-1630149-1642292-203827,,,,,,1611661325,2,Caitlin Clark,1642286,38,01:54,0,,1630149,Satou Sabally,0,,0,,False,2,,0.8,0.6461,96.0,AtRim,2,114.0,OffArc3Make,IND,01:36,https://videos.nba.com/wnba/pbp/media/2024/09/15/1022400224/254/0c3c5254-b462-1be4-f0b5-fb76be110679_960x540.mp4,-1,8
wnba,wnba_shot_pace,shot_pace,shots,get-shots,2024,Regular Season,team,"{'EntityType': 'Team', 'StartType': 'All', 'Blocked': False, 'Season': '2024', 'SeasonType': 'Regular Season', 'EntityId': '1611661325'}",shot_pace,1611661325,4Q/OT | margin -3..3 | 300..120,get-shots__shots__entity_type-Team__start_type-All__blocked-False__season-2024__season_type-Regular_Season__entity_id-1611661325__c4f64243,get-shots,https://api.pbpstats.com/get-shots/wnba?EntityType=Team&StartType=All&Blocked=False&Season=2024&SeasonType=Regular+Season&EntityId=1611661325,200,49,,,,,,False,1611661321,177.0,242,2024-09-15,1022400224,1628909-1629478-1631019-1641648-1642286,False,DAL,1629480-1629481-1630149-1642292-203827,,,,,,1611661325,2,Aliyah Boston,1641648,32,03:15,0,,0,,0,,0,,False,3,,2.7,0.5715,181.0,AtRim,2,195.0,OffDeadball,IND,03:01,https://videos.nba.com/wnba/pbp/media/2024/09/15/1022400224/242/1500581f-af16-1d4f-99c6-2e2fad5abe41_960x540.mp4,2,27
wnba,wnba_shot_pace,shot_pace,shots,get-shots,2024,Regular Season,team,"{'EntityType': 'Team', 'StartType': 'All', 'Blocked': False, 'Season': '2024', 'SeasonType': 'Regular Season', 'EntityId': '1611661325'}",shot_pace,1611661325,4Q/OT | margin -3..3 | 300..120,get-shots__shots__entity_type-Team__start_type-All__blocked-False__season-2024__season_type-Regular_Season__entity_id-1611661325__c4f64243,get-shots,https://api.pbpstats.com/get-shots/wnba?EntityType=Team&StartType=All&Blocked=False&Season=2024&SeasonType=Regular+Season&EntityId=1611661325,200,50,,,,,,False,1611661321,296.0,212,2024-09-15,1022400224,1628909-1629478-1631019-1641648-1642286,False,DAL,1629479-1629481-1630149-1642292-203827,,,,,,1611661325,2,Katie Lou Samuelson,1629478,24,05:14,1631019,NaLyssa Smith,1629481,Arike Ogunbowale,0,,0,,False,-2,,22.8,0.3728,302.0,Corner3,3,314.0,OffLongMidRangeMiss,IND,05:02,https://videos.nba.com/wnba/pbp/media/2024/09/15/1022400224/212/bdeea746-902d-7576-05fb-6fdbfe977835_960x540.mp4,-227,25
wnba,wnba_shot_pace,shot_pace,shots,get-shots,2024,Regular Season,team,"{'EntityType': 'Team', 'StartType': 'All', 'Blocked': False, 'Season': '2024', 'SeasonType': 'Regular Season', 'EntityId': '1611661325'}",shot_pace,1611661325,4Q/OT | margin -3..3 | 300..120,get-shots__shots__entity_type-Team__start_type-All__blocked-False__season-2024__season_type-Regular_Season__entity_id-1611661325__c4f64243,get-shots,https://api.pbpstats.com/get-shots/wnba?EntityType=Team&StartType=All&Blocked=False&Season=2024&SeasonType=Regular+Season&EntityId=1611661325,200,51,,,,,,False,1611661321,321.0,208,2024-09-15,1022400224,1628909-1629478-1631019-1641648-1642286,False,DAL,1629479-1629481-1630149-1642292-203827,,,,,,1611661325,2,Aliyah Boston,1641648,22,05:40,0,,0,,0,,0,,False,-2,,18.1,0.3922,325.0,LongMidRange,2,340.0,OffDeadball,IND,05:25,https://videos.nba.com/wnba/pbp/media/2024/09/15/1022400224/208/a2bd518e-203d-ac31-c8ed-8ecb5fc82143_960x540.mp4,-90,157
wnba,wnba_shot_pace,shot_pace,shots,get-shots,2024,Regular Season,team,"{'EntityType': 'Team', 'StartType': 'All', 'Blocked': False, 'Season': '2024', 'SeasonType': 'Regular Season', 'EntityId': '1611661325'}",shot_pace,1611661325,4Q/OT | margin -3..3 | 300..120,get-shots__shots__entity_type-Team__start_type-All__blocked-False__season-2024__season_type-Regular_Season__entity_id-1611661325__c4f64243,get-shots,https://api.pbpstats.com/get-shots/wnba?EntityType=Team&StartType=All&Blocked=False&Season=2024&SeasonType=Regular+Season&EntityId=1611661325,200,52,,,,,,False,1611661321,386.0,195,2024-09-15,1022400224,1628909-1629478-1631019-1641648-1642286,False,DAL,1629479-1629481-1630149-1642292-203827,,,,,,1611661325,2,Caitlin Clark,1642286,16,06:37,0,,0,,1642286,Caitlin Clark,1642292,Jacy Sheldon,False,-3,,3.8,0.5542,390.0,AtRim,2,397.0,OffLiveBallTurnover,IND,06:30,https://videos.nba.com/wnba/pbp/media/2024/09/15/1022400224/195/5d8414af-c7e4-07b8-12fa-f9130b629c13_960x540.mp4,-3,38
wnba,wnba_shot_pace,shot_pace,shots,get-shots,2024,Regular Season,team,"{'EntityType': 'Team', 'StartType': 'All', 'Blocked': False, 'Season': '2024', 'SeasonType': 'Regular Season', 'EntityId': '1611661325'}",shot_pace,1611661325,4Q/OT | margin -3..3 | 300..120,get-shots__shots__entity_type-Team__start_type-All__blocked-False__season-2024__season_type-Regular_Season__entity_id-1611661325__c4f64243,get-shots,https://api.pbpstats.com/get-shots/wnba?EntityType=Team&StartType=All&Blocked=False&Season=2024&SeasonType=Regular+Season&EntityId=1611661325,200,53,,,,,,False,1611661321,459.0,174,2024-09-15,1022400224,1627701-1629478-1642286-203024-204365,False,DAL,1629480-1629481-1630149-1642292-203827,,,,,,1611661325,2,Temi Fagbenle,1627701,10,07:58,0,,0,,0,,0,,False,-6,,23.7,0.3662,462.0,Corner3,3,478.0,OffFTMake,IND,07:42,https://videos.nba.com/wnba/pbp/media/2024/09/15/1022400224/174/45098f14-ab5d-ac30-0b5a-7e5994a01208_960x540.mp4,232,49
wnba,wnba_shot_pace,shot_pace,shots,get-shots,2024,Regular Season,team,"{'EntityType': 'Team', 'StartType': 'All', 'Blocked': False, 'Season': '2024', 'SeasonType': 'Regular Season', 'EntityId': '1611661325'}",shot_pace,1611661325,4Q/OT | margin -3..3 | 300..120,get-shots__shots__entity_type-Team__start_type-All__blocked-False__season-2024__season_type-Regular_Season__entity_id-1611661325__c4f64243,get-shots,https://api.pbpstats.com/get-shots/wnba?EntityType=Team&StartType=All&Blocked=False&Season=2024&SeasonType=Regular+Season&EntityId=1611661325,200,54,,,,,,False,1611661321,566.0,148,2024-09-15,1022400224,1627701-1629478-1642286-203024-204365,False,DAL,1629480-1629481-1630149-1642292-203827,,,,,,1611661325,2,Erica Wheeler,204365,2,09:34,1627701,Temi Fagbenle,1630149,Satou Sabally,0,,0,,False,-8,,25.3,0.4684,570.0,Arc3,3,574.0,OffLongMidRangeMiss,IND,09:30,https://videos.nba.com/wnba/pbp/media/2024/09/15/1022400224/148/bd77b066-503b-7ec4-ef94-30bbd4b8c3c3_960x540.mp4,149,205
wnba,wnba_shot_pace,shot_pace,shots,get-shots,2024,Regular Season,team,"{'EntityType': 'Team', 'StartType': 'All', 'Blocked': False, 'Season': '2024', 'SeasonType': 'Regular Season', 'EntityId': '1611661325'}",shot_pace,1611661325,4Q/OT | margin -3..3 | 300..120,get-shots__shots__entity_type-Team__start_type-All__blocked-False__season-2024__season_type-Regular_Season__entity_id-1611661325__c4f64243,get-shots,https://api.pbpstats.com/get-shots/wnba?EntityType=Team&StartType=All&Blocked=False&Season=2024&SeasonType=Regular+Season&EntityId=1611661325,200,55,,,,,,False,1611661321,0.0,128,2024-09-15,1022400224,1627701-1628909-1629478-1641648-204365,False,DAL,1629479-1641652-1641661-1642240-1642244,Katie Lou Samuelson,1629478.0,Kelsey Mitchell,1628909.0,Arc3,1611661325,1,Kelsey Mitchell,1628909,37,00:18,0,,1629479,Teaira McCowan,0,,0,,False,-8,1.0,29.5,0.1005,1.0,Arc3,3,18.0,OffShortMidRangeMake,IND,00:01,https://videos.nba.com/wnba/pbp/media/2024/09/15/1022400224/128/eaa29fb3-80cb-f886-2432-9abae33825d2_960x540.mp4,-166,244
wnba,wnba_shot_pace,shot_pace,shots,get-shots,2024,Regular Season,team,"{'EntityType': 'Team', 'StartType': 'All', 'Blocked': False, 'Season': '2024', 'SeasonType': 'Regular Season', 'EntityId': '1611661325'}",shot_pace,1611661325,4Q/OT | margin -3..3 | 300..120,get-shots__shots__entity_type-Team__start_type-All__blocked-False__season-2024__season_type-Regular_Season__entity_id-1611661325__c4f64243,get-shots,https://api.pbpstats.com/get-shots/wnba?EntityType=Team&StartType=All&Blocked=False&Season=2024&SeasonType=Regular+Season&EntityId=1611661325,200,56,,,,,,False,1611661321,0.0,126,2024-09-15,1022400224,1627701-1628909-1629478-1641648-204365,False,DAL,1629479-1641652-1641661-1642240-1642244,,,,,,1611661325,1,Kelsey Mitchell,1628909,37,00:18,0,,1629479,Teaira McCowan,0,,0,,False,-8,,27.1,0.2725,5.0,Arc3,3,18.0,OffShortMidRangeMake,IND,00:05,https://videos.nba.com/wnba/pbp/media/2024/09/15/1022400224/126/4158839d-3395-320c-407c-1e3e6de840d0_960x540.mp4,-62,264
wnba,wnba_shot_pace,shot_pace,shots,get-shots,2024,Regular Season,team,"{'EntityType': 'Team', 'StartType': 'All', 'Blocked': False, 'Season': '2024', 'SeasonType': 'Regular Season', 'EntityId': '1611661325'}",shot_pace,1611661325,4Q/OT | margin -3..3 | 300..120,get-shots__shots__entity_type-Team__start_type-All__blocked-False__season-2024__season_type-Regular_Season__entity_id-1611661325__c4f64243,get-shots,https://api.pbpstats.com/get-shots/wnba?EntityType=Team&StartType=All&Blocked=False&Season=2024&SeasonType=Regular+Season&EntityId=1611661325,200,57,,,,,,False,1611661321,33.0,115,2024-09-15,1022400224,1627701-1628909-1629478-1641648-204365,False,DAL,1629479-1629481-1641652-1642240-1642244,,,,,,1611661325,1,Kelsey Mitchell,1628909,35,00:54,0,,0,,0,,0,,False,-8,,18.5,0.4015,43.0,LongMidRange,2,54.0,OffFTMake,IND,00:43,https://videos.nba.com/wnba/pbp/media/2024/09/15/1022400224/115/867976c0-fc9e-24f6-7ec1-efc6ccd0b65b_960x540.mp4,-20,184
wnba,wnba_shot_pace,shot_pace,shots,get-shots,2024,Regular Season,team,"{'EntityType': 'Team', 'StartType': 'All', 'Blocked': False, 'Season': '2024', 'SeasonType': 'Regular Season', 'EntityId': '1611661325'}",shot_pace,1611661325,4Q/OT | margin -3..3 | 300..120,get-shots__shots__entity_type-Team__start_type-All__blocked-False__season-2024__season_type-Regular_Season__entity_id-1611661325__c4f64243,get-shots,https://api.pbpstats.com/get-shots/wnba?EntityType=Team&StartType=All&Blocked=False&Season=2024&SeasonType=Regular+Season&EntityId=1611661325,200,58,,,,,,False,1611661321,80.0,99,2024-09-15,1022400224,1627701-1628909-1631086-1641648-204365,False,DAL,1629479-1629481-1641652-1642244-203827,,,,,,1611661325,1,Lexie Hull,1631086,33,01:44,0,,0,,0,,0,,False,-9,,2.3,0.5635,86.0,AtRim,2,104.0,OffDeadball,IND,01:26,https://videos.nba.com/wnba/pbp/media/2024/09/15/1022400224/99/de6c345d-84be-a688-b0e2-2c02075d9089_960x540.mp4,21,9
wnba,wnba_shot_pace,shot_pace,shots,get-shots,2024,Regular Season,team,"{'EntityType': 'Team', 'StartType': 'All', 'Blocked': False, 'Season': '2024', 'SeasonType': 'Regular Season', 'EntityId': '1611661325'}",shot_pace,1611661325,4Q/OT | margin -3..3 | 300..120,get-shots__shots__entity_type-Team__start_type-All__blocked-False__season-2024__season_type-Regular_Season__entity_id-1611661325__c4f64243,get-shots,https://api.pbpstats.com/get-shots/wnba?EntityType=Team&StartType=All&Blocked=False&Season=2024&SeasonType=Regular+Season&EntityId=1611661325,200,59,,,,,,False,1611661321,274.0,60,2024-09-15,1022400224,1628909-1631019-1631086-1641648-1642286,False,DAL,1629479-1629481-1630149-1642292-203827,,,,,,1611661325,1,Kelsey Mitchell,1628909,21,05:01,0,,1629481,Arike Ogunbowale,0,,0,,False,-11,,26.1,0.2871,280.0,Arc3,3,301.0,OffArc3Make,IND,04:40,https://videos.nba.com/wnba/pbp/media/2024/09/15/1022400224/60/1262aeb1-c23d-389c-e8fa-def4a0c36dd1_960x540.mp4,-155,210
wnba,wnba_shot_pace,shot_pace,shots,get-shots,2024,Regular Season,team,"{'EntityType': 'Team', 'StartType': 'All', 'Blocked': False, 'Season': '2024', 'SeasonType': 'Regular Season', 'EntityId': '1611661325'}",shot_pace,1611661325,4Q/OT | margin -3..3 | 300..120,get-shots__shots__entity_type-Team__start_type-All__blocked-False__season-2024__season_type-Regular_Season__entity_id-1611661325__c4f64243,get-shots,https://api.pbpstats.com/get-shots/wnba?EntityType=Team&StartType=All&Blocked=False&Season=2024&SeasonType=Regular+Season&EntityId=1611661325,200,60,,,,,,False,1611661321,306.0,57,2024-09-15,1022400224,1628909-1631019-1631086-1641648-1642286,False,DAL,1629479-1629481-1630149-1642292-203827,,,,,,1611661325,1,Kelsey Mitchell,1628909,19,05:20,0,,1630149,Satou Sabally,0,,0,,False,-8,,0.8,0.7318,307.0,AtRim,2,320.0,OffAtRimMake,IND,05:07,https://videos.nba.com/wnba/pbp/media/2024/09/15/1022400224/57/feea551c-20c1-5382-52f6-a11e874d5d6e_960x540.mp4,4,7
wnba,wnba_shot_pace,shot_pace,shots,get-shots,2024,Regular Season,team,"{'EntityType': 'Team', 'StartType': 'All', 'Blocked': False, 'Season': '2024', 'SeasonType': 'Regular Season', 'EntityId': '1611661325'}",shot_pace,1611661325,4Q/OT | margin -3..3 | 300..120,get-shots__shots__entity_type-Team__start_type-All__blocked-False__season-2024__season_type-Regular_Season__entity_id-1611661325__c4f64243,get-shots,https://api.pbpstats.com/get-shots/wnba?EntityType=Team&StartType=All&Blocked=False&Season=2024&SeasonType=Regular+Season&EntityId=1611661325,200,61,,,,,,False,1611661321,363.0,50,2024-09-15,1022400224,1628909-1631019-1631086-1641648-1642286,False,DAL,1629479-1629481-1630149-1642292-203827,,,,,,1611661325,1,Caitlin Clark,1642286,15,06:14,0,,203827,Natasha Howard,0,,0,,False,-6,,24.6,0.3774,365.0,Arc3,3,374.0,OffShortMidRangeMake,IND,06:05,https://videos.nba.com/wnba/pbp/media/2024/09/15/1022400224/50/1e2726d4-5d0e-1232-a232-77d55c3361de_960x540.mp4,105,222
wnba,wnba_shot_pace,shot_pace,shots,get-shots,2024,Regular Season,team,"{'EntityType': 'Team', 'StartType': 'All', 'Blocked': False, 'Season': '2024', 'SeasonType': 'Regular Season', 'EntityId': '1611661325'}",shot_pace,1611661325,4Q/OT | margin -3..3 | 300..120,get-shots__shots__entity_type-Team__start_type-All__blocked-False__season-2024__season_type-Regular_Season__entity_id-1611661325__c4f64243,get-shots,https://api.pbpstats.com/get-shots/wnba?EntityType=Team&StartType=All&Blocked=False&Season=2024&SeasonType=Regular+Season&EntityId=1611661325,200,62,,,,,,False,1611661321,412.0,39,2024-09-15,1022400224,1628909-1631019-1631086-1641648-1642286,False,DAL,1629479-1629481-1630149-1642292-203827,,,,,,1611661325,1,Caitlin Clark,1642286,11,07:05,0,,1629479,Teaira McCowan,0,,0,,False,-4,,2.6,0.584,414.0,AtRim,2,425.0,OffAtRimMake,IND,06:54,https://videos.nba.com/wnba/pbp/media/2024/09/15/1022400224/39/1fb8afda-506b-9567-281a-e454c7559125_960x540.mp4,17,20
wnba,wnba_shot_pace,shot_pace,shots,get-shots,2024,Regular Season,team,"{'EntityType': 'Team', 'StartType': 'All', 'Blocked': False, 'Season': '2024', 'SeasonType': 'Regular Season', 'EntityId': '1611661325'}",shot_pace,1611661325,4Q/OT | margin -3..3 | 300..120,get-shots__shots__entity_type-Team__start_type-All__blocked-False__season-2024__season_type-Regular_Season__entity_id-1611661325__c4f64243,get-shots,https://api.pbpstats.com/get-shots/wnba?EntityType=Team&StartType=All&Blocked=False&Season=2024&SeasonType=Regular+Season&EntityId=1611661325,200,63,,,,,,False,1611661321,543.0,12,2024-09-15,1022400224,1628909-1631019-1631086-1641648-1642286,False,DAL,1629479-1629481-1630149-1642292-203827,,,,,,1611661325,1,Caitlin Clark,1642286,3,09:20,0,,203827,Natasha Howard,0,,0,,False,0,,25.9,0.3481,546.0,Arc3,3,560.0,OffAtRimMake,IND,09:06,https://videos.nba.com/wnba/pbp/media/2024/09/15/1022400224/12/10df5de0-a9be-6cfb-e4a7-476387a7625f_960x540.mp4,38,256
wnba,wnba_shot_pace,shot_pace,shots,get-shots,2024,Regular Season,team,"{'EntityType': 'Team', 'StartType': 'All', 'Blocked': False, 'Season': '2024', 'SeasonType': 'Regular Season', 'EntityId': '1611661325'}",shot_pace,1611661325,4Q/OT | margin -3..3 | 300..120,get-shots__shots__entity_type-Team__start_type-All__blocked-False__season-2024__season_type-Regular_Season__entity_id-1611661325__c4f64243,get-shots,https://api.pbpstats.com/get-shots/wnba?EntityType=Team&StartType=All&Blocked=False&Season=2024&SeasonType=Regular+Season&EntityId=1611661325,200,64,,,,,,False,1611661319,13.0,524,2024-09-13,1022400220,1628909-1631086-1641648-1642286-203024,False,LVA,1628932-1629498-202252-203833-204329,,,,,,1611661325,4,Aliyah Boston,1641648,37,00:23,0,,0,,0,,0,,False,-3,,24.0,0.2812,16.0,Corner3,3,23.0,OffTimeout,IND,00:16,https://videos.nba.com/wnba/pbp/media/2024/09/13/1022400220/524/1c9f0d8e-e3f1-6d7f-db3a-028c419c1d88_960x540.mp4,-240,13
wnba,wnba_shot_pace,shot_pace,shots,get-shots,2024,Regular Season,team,"{'EntityType': 'Team', 'StartType': 'All', 'Blocked': False, 'Season': '2024', 'SeasonType': 'Regular Season', 'EntityId': '1611661325'}",shot_pace,1611661325,4Q/OT | margin -3..3 | 300..120,get-shots__shots__entity_type-Team__start_type-All__blocked-False__season-2024__season_type-Regular_Season__entity_id-1611661325__c4f64243,get-shots,https://api.pbpstats.com/get-shots/wnba?EntityType=Team&StartType=All&Blocked=False&Season=2024&SeasonType=Regular+Season&EntityId=1611661325,200,65,,,,,,False,1611661319,74.0,503,2024-09-13,1022400220,1628909-1631086-1641648-1642286-203024,False,LVA,1628276-1628932-1629498-202252-203833,,,,,,1611661325,4,Caitlin Clark,1642286,33,01:27,1641648,Aliyah Boston,1628276,Kelsey Plum,0,,0,,False,-2,,31.1,0.2054,77.0,Arc3,3,87.0,OffShortMidRangeMiss,IND,01:17,https://videos.nba.com/wnba/pbp/media/2024/09/13/1022400220/503/bf960c12-4d7a-2244-b365-59d2d1010735_960x540.mp4,-163,265
wnba,wnba_shot_pace,shot_pace,shots,get-shots,2024,Regular Season,team,"{'EntityType': 'Team', 'StartType': 'All', 'Blocked': False, 'Season': '2024', 'SeasonType': 'Regular Season', 'EntityId': '1611661325'}",shot_pace,1611661325,4Q/OT | margin -3..3 | 300..120,get-shots__shots__entity_type-Team__start_type-All__blocked-False__season-2024__season_type-Regular_Season__entity_id-1611661325__c4f64243,get-shots,https://api.pbpstats.com/get-shots/wnba?EntityType=Team&StartType=All&Blocked=False&Season=2024&SeasonType=Regular+Season&EntityId=1611661325,200,66,,,,,,False,1611661319,230.0,470,2024-09-13,1022400220,1628909-1631086-1641648-1642286-203024,False,LVA,1628276-1628932-1629498-203833-204329,,,,,,1611661325,4,Kelsey Mitchell,1628909,23,04:02,0,,1628932,A'ja Wilson,0,,0,,False,-7,,7.9,0.4144,231.0,ShortMidRange,2,242.0,OffShortMidRangeMake,IND,03:51,https://videos.nba.com/wnba/pbp/media/2024/09/13/1022400220/470/bc627e76-2026-350e-ef41-73b213f139c9_960x540.mp4,-29,73
wnba,wnba_shot_pace,shot_pace,shots,get-shots,2024,Regular Season,team,"{'EntityType': 'Team', 'StartType': 'All', 'Blocked': False, 'Season': '2024', 'SeasonType': 'Regular Season', 'EntityId': '1611661325'}",shot_pace,1611661325,4Q/OT | margin -3..3 | 300..120,get-shots__shots__entity_type-Team__start_type-All__blocked-False__season-2024__season_type-Regular_Season__entity_id-1611661325__c4f64243,get-shots,https://api.pbpstats.com/get-shots/wnba?EntityType=Team&StartType=All&Blocked=False&Season=2024&SeasonType=Regular+Season&EntityId=1611661325,200,67,,,,,,False,1611661319,291.0,457,2024-09-13,1022400220,1628909-1631086-1641648-1642286-203024,False,LVA,1628276-1628932-1629498-203833-204329,,,,,,1611661325,4,Aliyah Boston,1641648,19,05:20,0,,203833,Chelsea Gray,0,,0,,False,-6,,13.5,0.335,293.0,ShortMidRange,2,320.0,OffLongMidRangeMake,IND,04:53,https://videos.nba.com/wnba/pbp/media/2024/09/13/1022400220/457/6d461b47-f354-4733-c56f-c8bbedd1d9a0_960x540.mp4,54,124
wnba,wnba_shot_pace,shot_pace,shots,get-shots,2024,Regular Season,team,"{'EntityType': 'Team', 'StartType': 'All', 'Blocked': False, 'Season': '2024', 'SeasonType': 'Regular Season', 'EntityId': '1611661325'}",shot_pace,1611661325,4Q/OT | margin -3..3 | 300..120,get-shots__shots__entity_type-Team__start_type-All__blocked-False__season-2024__season_type-Regular_Season__entity_id-1611661325__c4f64243,get-shots,https://api.pbpstats.com/get-shots/wnba?EntityType=Team&StartType=All&Blocked=False&Season=2024&SeasonType=Regular+Season&EntityId=1611661325,200,68,,,,,,False,1611661319,355.0,444,2024-09-13,1022400220,1628909-1631086-1641648-1642286-203024,False,LVA,1628276-1628932-1629498-203833-204329,,,,,,1611661325,4,Damiris Dantas,203024,15,06:05,1628909,Kelsey Mitchell,204329,Kiah Stokes,0,,0,,False,-5,,16.6,0.4163,356.0,LongMidRange,2,365.0,OffCorner3Miss,IND,05:56,https://videos.nba.com/wnba/pbp/media/2024/09/13/1022400220/444/80d34fc8-6106-1efc-87bd-5f44893d3dc2_960x540.mp4,-50,158
wnba,wnba_shot_pace,shot_pace,shots,get-shots,2024,Regular Season,team,"{'EntityType': 'Team', 'StartType': 'All', 'Blocked': False, 'Season': '2024', 'SeasonType': 'Regular Season', 'EntityId': '1611661325'}",shot_pace,1611661325,4Q/OT | margin -3..3 | 300..120,get-shots__shots__entity_type-Team__start_type-All__blocked-False__season-2024__season_type-Regular_Season__entity_id-1611661325__c4f64243,get-shots,https://api.pbpstats.com/get-shots/wnba?EntityType=Team&StartType=All&Blocked=False&Season=2024&SeasonType=Regular+Season&EntityId=1611661325,200,69,,,,,,False,1611661319,386.0,434,2024-09-13,1022400220,1628909-1631086-1641648-1642286-203024,False,LVA,1628276-1628932-1629498-203833-204329,,,,,,1611661325,4,Aliyah Boston,1641648,13,06:38,1642286,Caitlin Clark,1629498,Jackie Young,0,,0,,False,-5,,19.7,0.413,389.0,LongMidRange,2,398.0,OffShortMidRangeMiss,IND,06:29,https://videos.nba.com/wnba/pbp/media/2024/09/13/1022400220/434/5b45f726-db61-bfe0-b5ee-ad4a20f9d247_960x540.mp4,-35,194
wnba,wnba_shot_pace,shot_pace,shots,get-shots,2024,Regular Season,team,"{'EntityType': 'Team', 'StartType': 'All', 'Blocked': False, 'Season': '2024', 'SeasonType': 'Regular Season', 'EntityId': '1611661325'}",shot_pace,1611661325,4Q/OT | margin -3..3 | 300..120,get-shots__shots__entity_type-Team__start_type-All__blocked-False__season-2024__season_type-Regular_Season__entity_id-1611661325__c4f64243,get-shots,https://api.pbpstats.com/get-shots/wnba?EntityType=Team&StartType=All&Blocked=False&Season=2024&SeasonType=Regular+Season&EntityId=1611661325,200,70,,,,,,False,1611661319,468.0,403,2024-09-13,1022400220,1627701-1628909-1631086-1642286-203024,False,LVA,1628276-202252-203026-203833-204329,,,,,,1611661325,4,Damiris Dantas,203024,7,08:26,0,,203833,Chelsea Gray,0,,0,,False,-2,,14.1,0.3372,477.0,LongMidRange,2,506.0,OffAtRimMake,IND,07:57,https://videos.nba.com/wnba/pbp/media/2024/09/13/1022400220/403/41f8de57-8d59-c935-9a0f-e6b5a69fc94b_960x540.mp4,-61,127
wnba,wnba_shot_pace,shot_pace,shots,get-shots,2024,Regular Season,team,"{'EntityType': 'Team', 'StartType': 'All', 'Blocked': False, 'Season': '2024', 'SeasonType': 'Regular Season', 'EntityId': '1611661325'}",shot_pace,1611661325,4Q/OT | margin -3..3 | 300..120,get-shots__shots__entity_type-Team__start_type-All__blocked-False__season-2024__season_type-Regular_Season__entity_id-1611661325__c4f64243,get-shots,https://api.pbpstats.com/get-shots/wnba?EntityType=Team&StartType=All&Blocked=False&Season=2024&SeasonType=Regular+Season&EntityId=1611661325,200,71,,,,,,False,1611661319,543.0,392,2024-09-13,1022400220,1627701-1631086-1642286-203024-204365,False,LVA,1628276-202252-203026-203833-204329,,,,,,1611661325,4,Caitlin Clark,1642286,3,09:14,1627701,Temi Fagbenle,203833,Chelsea Gray,0,,0,,False,0,,26.6,0.2964,545.0,Arc3,3,554.0,OffArc3Miss,IND,09:05,https://videos.nba.com/wnba/pbp/media/2024/09/13/1022400220/392/e524bd22-122d-69db-515e-f9caba052838_960x540.mp4,-21,265
wnba,wnba_shot_pace,shot_pace,shots,get-shots,2024,Regular Season,team,"{'EntityType': 'Team', 'StartType': 'All', 'Blocked': False, 'Season': '2024', 'SeasonType': 'Regular Season', 'EntityId': '1611661325'}",shot_pace,1611661325,4Q/OT | margin -3..3 | 300..120,get-shots__shots__entity_type-Team__start_type-All__blocked-False__season-2024__season_type-Regular_Season__entity_id-1611661325__c4f64243,get-shots,https://api.pbpstats.com/get-shots/wnba?EntityType=Team&StartType=All&Blocked=False&Season=2024&SeasonType=Regular+Season&EntityId=1611661325,200,72,,,,,,False,1611661319,210.0,334,2024-09-13,1022400220,1628909-1631019-1631086-1641648-1642286,False,LVA,1628276-1628932-1629498-202252-203026,,,,,,1611661325,3,Kelsey Mitchell,1628909,26,03:42,1631019,NaLyssa Smith,1629498,Jackie Young,0,,0,,False,-10,,23.9,0.3852,213.0,Arc3,3,222.0,OffArc3Miss,IND,03:33,https://videos.nba.com/wnba/pbp/media/2024/09/13/1022400220/334/f5cb429c-dcf7-262e-dc16-ce77e9ef632f_960x540.mp4,197,135
wnba,wnba_shot_pace,shot_pace,shots,get-shots,2024,Regular Season,team,"{'EntityType': 'Team', 'StartType': 'All', 'Blocked': False, 'Season': '2024', 'SeasonType': 'Regular Season', 'EntityId': '1611661325'}",shot_pace,1611661325,4Q/OT | margin -3..3 | 300..120,get-shots__shots__entity_type-Team__start_type-All__blocked-False__season-2024__season_type-Regular_Season__entity_id-1611661325__c4f64243,get-shots,https://api.pbpstats.com/get-shots/wnba?EntityType=Team&StartType=All&Blocked=False&Season=2024&SeasonType=Regular+Season&EntityId=1611661325,200,73,,,,,,False,1611661319,233.0,330,2024-09-13,1022400220,1628909-1631019-1631086-1641648-1642286,False,LVA,1628276-1628932-1629498-202252-203026,,,,,,1611661325,3,Caitlin Clark,1642286,24,04:14,1631086,Lexie Hull,202252,Alysha Clark,0,,0,,False,-10,,8.2,0.3853,235.0,ShortMidRange,2,254.0,OffCorner3Miss,IND,03:55,https://videos.nba.com/wnba/pbp/media/2024/09/13/1022400220/330/d408cdd8-2d27-5fa5-1fa3-d1e75641ee17_960x540.mp4,-4,82
wnba,wnba_shot_pace,shot_pace,shots,get-shots,2024,Regular Season,team,"{'EntityType': 'Team', 'StartType': 'All', 'Blocked': False, 'Season': '2024', 'SeasonType': 'Regular Season', 'EntityId': '1611661325'}",shot_pace,1611661325,4Q/OT | margin -3..3 | 300..120,get-shots__shots__entity_type-Team__start_type-All__blocked-False__season-2024__season_type-Regular_Season__entity_id-1611661325__c4f64243,get-shots,https://api.pbpstats.com/get-shots/wnba?EntityType=Team&StartType=All&Blocked=False&Season=2024&SeasonType=Regular+Season&EntityId=1611661325,200,74,,,,,,False,1611661319,355.0,312,2024-09-13,1022400220,1628909-1631019-1631086-1641648-1642286,False,LVA,1628276-1628932-1629498-203833-204329,,,,,,1611661325,3,Caitlin Clark,1642286,16,06:12,0,,0,,0,,0,,False,-10,,25.6,0.2993,358.0,Arc3,3,372.0,OffDeadball,IND,05:58,https://videos.nba.com/wnba/pbp/media/2024/09/13/1022400220/312/716c083d-c675-9aa1-1db5-b604fb466710_960x540.mp4,-16,256
wnba,wnba_shot_pace,shot_pace,shots,get-shots,2024,Regular Season,team,"{'EntityType': 'Team', 'StartType': 'All', 'Blocked': False, 'Season': '2024', 'SeasonType': 'Regular Season', 'EntityId': '1611661325'}",shot_pace,1611661325,4Q/OT | margin -3..3 | 300..120,get-shots__shots__entity_type-Team__start_type-All__blocked-False__season-2024__season_type-Regular_Season__entity_id-1611661325__c4f64243,get-shots,https://api.pbpstats.com/get-shots/wnba?EntityType=Team&StartType=All&Blocked=False&Season=2024&SeasonType=Regular+Season&EntityId=1611661325,200,75,,,,,,False,1611661319,388.0,309,2024-09-13,1022400220,1628909-1631019-1631086-1641648-1642286,False,LVA,1628276-1628932-1629498-203833-204329,,,,,,1611661325,3,NaLyssa Smith,1631019,14,06:44,0,,0,,1631019,NaLyssa Smith,204329,Kiah Stokes,False,-10,,1.5,0.6593,391.0,AtRim,2,404.0,OffLiveBallTurnover,IND,06:31,https://videos.nba.com/wnba/pbp/media/2024/09/13/1022400220/309/adf3cac0-d128-c82f-4917-c93a306fd768_960x540.mp4,13,8
wnba,wnba_shot_pace,shot_pace,shots,get-shots,2024,Regular Season,team,"{'EntityType': 'Team', 'StartType': 'All', 'Blocked': False, 'Season': '2024', 'SeasonType': 'Regular Season', 'EntityId': '1611661325'}",shot_pace,1611661325,4Q/OT | margin -3..3 | 300..120,get-shots__shots__entity_type-Team__start_type-All__blocked-False__season-2024__season_type-Regular_Season__entity_id-1611661325__c4f64243,get-shots,https://api.pbpstats.com/get-shots/wnba?EntityType=Team&StartType=All&Blocked=False&Season=2024&SeasonType=Regular+Season&EntityId=1611661325,200,76,,,,,,False,1611661319,544.0,281,2024-09-13,1022400220,1628909-1631019-1631086-1641648-1642286,False,LVA,1628276-1628932-1629498-203833-204329,,,,,,1611661325,3,Caitlin Clark,1642286,4,09:19,1641648,Aliyah Boston,1628932,A'ja Wilson,0,,0,,False,-10,,26.0,0.2893,546.0,Arc3,3,559.0,OffShortMidRangeMiss,IND,09:06,https://videos.nba.com/wnba/pbp/media/2024/09/13/1022400220/281/c9cade65-98ec-18f9-06e6-b57c15a6bb78_960x540.mp4,23,259
wnba,wnba_shot_pace,shot_pace,shots,get-shots,2024,Regular Season,team,"{'EntityType': 'Team', 'StartType': 'All', 'Blocked': False, 'Season': '2024', 'SeasonType': 'Regular Season', 'EntityId': '1611661325'}",shot_pace,1611661325,4Q/OT | margin -3..3 | 300..120,get-shots__shots__entity_type-Team__start_type-All__blocked-False__season-2024__season_type-Regular_Season__entity_id-1611661325__c4f64243,get-shots,https://api.pbpstats.com/get-shots/wnba?EntityType=Team&StartType=All&Blocked=False&Season=2024&SeasonType=Regular+Season&EntityId=1611661325,200,77,,,,,,False,1611661319,0.0,268,2024-09-13,1022400220,1628909-1631019-1631086-1641648-204365,False,LVA,1628276-1628932-1629498-202252-203833,,,,,,1611661325,2,Aliyah Boston,1641648,42,00:13,0,,1628932,A'ja Wilson,0,,0,,False,-8,,25.8,0.2152,1.0,Arc3,3,13.0,OffAtRimMake,IND,00:01,https://videos.nba.com/wnba/pbp/media/2024/09/13/1022400220/268/89123ba4-9865-35b5-6c19-6d9ade4df1c9_960x540.mp4,84,244
wnba,wnba_shot_pace,shot_pace,shots,get-shots,2024,Regular Season,team,"{'EntityType': 'Team', 'StartType': 'All', 'Blocked': False, 'Season': '2024', 'SeasonType': 'Regular Season', 'EntityId': '1611661325'}",shot_pace,1611661325,4Q/OT | margin -3..3 | 300..120,get-shots__shots__entity_type-Team__start_type-All__blocked-False__season-2024__season_type-Regular_Season__entity_id-1611661325__c4f64243,get-shots,https://api.pbpstats.com/get-shots/wnba?EntityType=Team&StartType=All&Blocked=False&Season=2024&SeasonType=Regular+Season&EntityId=1611661325,200,78,,,,,,False,1611661319,73.0,247,2024-09-13,1022400220,1628909-1631019-1631086-1641648-204365,False,LVA,1628276-1628932-1629498-203833-204329,,,,,,1611661325,2,Erica Wheeler,204365,36,01:50,0,,1628932,A'ja Wilson,0,,0,,False,-8,,25.9,0.2835,87.0,Arc3,3,110.0,OffAtRimMake,IND,01:27,https://videos.nba.com/wnba/pbp/media/2024/09/13/1022400220/247/87abafd8-d956-2eac-ffe5-2879879ba4cf_960x540.mp4,139,219
wnba,wnba_shot_pace,shot_pace,shots,get-shots,2024,Regular Season,team,"{'EntityType': 'Team', 'StartType': 'All', 'Blocked': False, 'Season': '2024', 'SeasonType': 'Regular Season', 'EntityId': '1611661325'}",shot_pace,1611661325,4Q/OT | margin -3..3 | 300..120,get-shots__shots__entity_type-Team__start_type-All__blocked-False__season-2024__season_type-Regular_Season__entity_id-1611661325__c4f64243,get-shots,https://api.pbpstats.com/get-shots/wnba?EntityType=Team&StartType=All&Blocked=False&Season=2024&SeasonType=Regular+Season&EntityId=1611661325,200,79,,,,,,False,1611661319,183.0,228,2024-09-13,1022400220,1628909-1631019-1631086-1641648-1642286,False,LVA,1628276-1628932-1629498-203833-204329,,,,,,1611661325,2,Kelsey Mitchell,1628909,30,03:19,0,,0,,0,,0,,False,-6,,1.4,0.7206,187.0,AtRim,2,199.0,OffFTMake,IND,03:07,https://videos.nba.com/wnba/pbp/media/2024/09/13/1022400220/228/af31adf7-c763-c88d-ee79-96c653f79dd0_960x540.mp4,13,5
wnba,wnba_shot_pace,shot_pace,shots,get-shots,2024,Regular Season,team,"{'EntityType': 'Team', 'StartType': 'All', 'Blocked': False, 'Season': '2024', 'SeasonType': 'Regular Season', 'EntityId': '1611661325'}",shot_pace,1611661325,4Q/OT | margin -3..3 | 300..120,get-shots__shots__entity_type-Team__start_type-All__blocked-False__season-2024__season_type-Regular_Season__entity_id-1611661325__c4f64243,get-shots,https://api.pbpstats.com/get-shots/wnba?EntityType=Team&StartType=All&Blocked=False&Season=2024&SeasonType=Regular+Season&EntityId=1611661325,200,80,,,,,,False,1611661319,270.0,210,2024-09-13,1022400220,1627701-1628909-1631086-1641648-1642286,False,LVA,1628276-1628932-1629498-203833-204329,,,,,,1611661325,2,Caitlin Clark,1642286,24,04:42,0,,203833,Chelsea Gray,0,,0,,False,-5,,19.3,0.4052,272.0,LongMidRange,2,282.0,OffAtRimMake,IND,04:32,https://videos.nba.com/wnba/pbp/media/2024/09/13/1022400220/210/5e313e8d-719f-8b4a-3e30-fa7547973176_960x540.mp4,46,187
wnba,wnba_shot_pace,shot_pace,shots,get-shots,2024,Regular Season,team,"{'EntityType': 'Team', 'StartType': 'All', 'Blocked': False, 'Season': '2024', 'SeasonType': 'Regular Season', 'EntityId': '1611661325'}",shot_pace,1611661325,4Q/OT | margin -3..3 | 300..120,get-shots__shots__entity_type-Team__start_type-All__blocked-False__season-2024__season_type-Regular_Season__entity_id-1611661325__c4f64243,get-shots,https://api.pbpstats.com/get-shots/wnba?EntityType=Team&StartType=All&Blocked=False&Season=2024&SeasonType=Regular+Season&EntityId=1611661325,200,81,,,,,,False,1611661319,327.0,190,2024-09-13,1022400220,1627701-1628909-1642286-203024-204365,False,LVA,1628276-1628932-1629484-203026-203833,,,,,,1611661325,2,Erica Wheeler,204365,20,05:39,203024,Damiris Dantas,1628932,A'ja Wilson,0,,0,,False,-8,,25.0,0.4004,332.0,Arc3,3,339.0,OffShortMidRangeMiss,IND,05:32,https://videos.nba.com/wnba/pbp/media/2024/09/13/1022400220/190/4a95098c-d742-e1d7-5339-9c10b6ae41c0_960x540.mp4,209,138
wnba,wnba_shot_pace,shot_pace,shots,get-shots,2024,Regular Season,team,"{'EntityType': 'Team', 'StartType': 'All', 'Blocked': False, 'Season': '2024', 'SeasonType': 'Regular Season', 'EntityId': '1611661325'}",shot_pace,1611661325,4Q/OT | margin -3..3 | 300..120,get-shots__shots__entity_type-Team__start_type-All__blocked-False__season-2024__season_type-Regular_Season__entity_id-1611661325__c4f64243,get-shots,https://api.pbpstats.com/get-shots/wnba?EntityType=Team&StartType=All&Blocked=False&Season=2024&SeasonType=Regular+Season&EntityId=1611661325,200,82,,,,,,False,1611661319,348.0,186,2024-09-13,1022400220,1627701-1628909-1642286-203024-204365,False,LVA,1628276-1628932-1629484-203026-203833,,,,,,1611661325,2,Kelsey Mitchell,1628909,18,05:59,0,,0,,0,,0,,False,-8,,25.5,0.3496,350.0,Arc3,3,359.0,OffDeadball,IND,05:50,https://videos.nba.com/wnba/pbp/media/2024/09/13/1022400220/186/7e2a4696-41f0-f763-eca2-5666c390ec40_960x540.mp4,-188,172
wnba,wnba_shot_pace,shot_pace,shots,get-shots,2024,Regular Season,team,"{'EntityType': 'Team', 'StartType': 'All', 'Blocked': False, 'Season': '2024', 'SeasonType': 'Regular Season', 'EntityId': '1611661325'}",shot_pace,1611661325,4Q/OT | margin -3..3 | 300..120,get-shots__shots__entity_type-Team__start_type-All__blocked-False__season-2024__season_type-Regular_Season__entity_id-1611661325__c4f64243,get-shots,https://api.pbpstats.com/get-shots/wnba?EntityType=Team&StartType=All&Blocked=False&Season=2024&SeasonType=Regular+Season&EntityId=1611661325,200,83,,,,,,False,1611661319,412.0,167,2024-09-13,1022400220,1627701-1628909-1642286-203024-204365,False,LVA,1628276-1628932-1629484-203026-203833,,,,,,1611661325,2,Caitlin Clark,1642286,14,07:06,0,,203833,Chelsea Gray,0,,0,,False,-4,,6.1,0.448,415.0,ShortMidRange,2,426.0,OffAtRimMake,IND,06:55,https://videos.nba.com/wnba/pbp/media/2024/09/13/1022400220/167/243d682e-db23-6a4b-3c82-2641d4dbf042_960x540.mp4,-5,61
wnba,wnba_shot_pace,shot_pace,shots,get-shots,2024,Regular Season,team,"{'EntityType': 'Team', 'StartType': 'All', 'Blocked': False, 'Season': '2024', 'SeasonType': 'Regular Season', 'EntityId': '1611661325'}",shot_pace,1611661325,4Q/OT | margin -3..3 | 300..120,get-shots__shots__entity_type-Team__start_type-All__blocked-False__season-2024__season_type-Regular_Season__entity_id-1611661325__c4f64243,get-shots,https://api.pbpstats.com/get-shots/wnba?EntityType=Team&StartType=All&Blocked=False&Season=2024&SeasonType=Regular+Season&EntityId=1611661325,200,84,,,,,,False,1611661319,472.0,157,2024-09-13,1022400220,1627701-1628909-1642286-203024-204365,False,LVA,1628276-1628932-1629484-203026-203833,,,,,,1611661325,2,Temi Fagbenle,1627701,8,08:06,0,,1628276,Kelsey Plum,0,,0,,False,-2,,0.3,0.7207,474.0,AtRim,2,486.0,OffArc3Make,IND,07:54,https://videos.nba.com/wnba/pbp/media/2024/09/13/1022400220/157/ea4b4b83-ccd8-a521-c0ad-4f722b62f528_960x540.mp4,0,-3
wnba,wnba_shot_pace,shot_pace,shots,get-shots,2024,Regular Season,team,"{'EntityType': 'Team', 'StartType': 'All', 'Blocked': False, 'Season': '2024', 'SeasonType': 'Regular Season', 'EntityId': '1611661325'}",shot_pace,1611661325,4Q/OT | margin -3..3 | 300..120,get-shots__shots__entity_type-Team__start_type-All__blocked-False__season-2024__season_type-Regular_Season__entity_id-1611661325__c4f64243,get-shots,https://api.pbpstats.com/get-shots/wnba?EntityType=Team&StartType=All&Blocked=False&Season=2024&SeasonType=Regular+Season&EntityId=1611661325,200,85,,,,,,False,1611661319,2.0,122,2024-09-13,1022400220,1628909-1631019-1631086-203024-204365,False,LVA,1628932-1629498-202252-202641-203026,,,,,,1611661325,1,Kelsey Mitchell,1628909,39,00:21,1631086,Lexie Hull,202252,Alysha Clark,0,,0,,False,-6,,1.1,0.7807,4.0,AtRim,2,21.0,OffCorner3Miss,IND,00:04,https://videos.nba.com/wnba/pbp/media/2024/09/13/1022400220/122/e6b4177f-2f3d-54ca-2849-2e0e32efbed4_960x540.mp4,3,11
wnba,wnba_shot_pace,shot_pace,shots,get-shots,2024,Regular Season,team,"{'EntityType': 'Team', 'StartType': 'All', 'Blocked': False, 'Season': '2024', 'SeasonType': 'Regular Season', 'EntityId': '1611661325'}",shot_pace,1611661325,4Q/OT | margin -3..3 | 300..120,get-shots__shots__entity_type-Team__start_type-All__blocked-False__season-2024__season_type-Regular_Season__entity_id-1611661325__c4f64243,get-shots,https://api.pbpstats.com/get-shots/wnba?EntityType=Team&StartType=All&Blocked=False&Season=2024&SeasonType=Regular+Season&EntityId=1611661325,200,86,,,,,,False,1611661319,41.0,118,2024-09-13,1022400220,1628909-1631019-1631086-203024-204365,False,LVA,1628932-1629498-202252-202641-203026,,,,,,1611661325,1,NaLyssa Smith,1631019,37,00:54,1628909,Kelsey Mitchell,1629498,Jackie Young,0,,0,,False,-6,,19.4,0.3547,46.0,LongMidRange,2,54.0,OffArc3Miss,IND,00:46,https://videos.nba.com/wnba/pbp/media/2024/09/13/1022400220/118/73b6b1a4-473f-9594-6e66-e776eafb6be5_960x540.mp4,194,4
wnba,wnba_shot_pace,shot_pace,shots,get-shots,2024,Regular Season,team,"{'EntityType': 'Team', 'StartType': 'All', 'Blocked': False, 'Season': '2024', 'SeasonType': 'Regular Season', 'EntityId': '1611661325'}",shot_pace,1611661325,4Q/OT | margin -3..3 | 300..120,get-shots__shots__entity_type-Team__start_type-All__blocked-False__season-2024__season_type-Regular_Season__entity_id-1611661325__c4f64243,get-shots,https://api.pbpstats.com/get-shots/wnba?EntityType=Team&StartType=All&Blocked=False&Season=2024&SeasonType=Regular+Season&EntityId=1611661325,200,87,,,,,,False,1611661319,65.0,114,2024-09-13,1022400220,1628909-1631019-1631086-203024-204365,False,LVA,1628932-1629498-202252-202641-203026,,,,,,1611661325,1,Lexie Hull,1631086,35,01:22,0,,0,,0,,0,,False,-6,,24.2,0.3714,69.0,Corner3,3,82.0,OffDeadball,IND,01:09,https://videos.nba.com/wnba/pbp/media/2024/09/13/1022400220/114/910ba2a6-e34f-29b3-ef10-be9eac0e5e7c_960x540.mp4,-227,83
wnba,wnba_shot_pace,shot_pace,shots,get-shots,2024,Regular Season,team,"{'EntityType': 'Team', 'StartType': 'All', 'Blocked': False, 'Season': '2024', 'SeasonType': 'Regular Season', 'EntityId': '1611661325'}",shot_pace,1611661325,4Q/OT | margin -3..3 | 300..120,get-shots__shots__entity_type-Team__start_type-All__blocked-False__season-2024__season_type-Regular_Season__entity_id-1611661325__c4f64243,get-shots,https://api.pbpstats.com/get-shots/wnba?EntityType=Team&StartType=All&Blocked=False&Season=2024&SeasonType=Regular+Season&EntityId=1611661325,200,88,,,,,,False,1611661319,217.0,89,2024-09-13,1022400220,1628909-1631019-1631086-1641648-204365,False,LVA,1628276-1628932-1629498-202252-203026,,0.0,Kelsey Mitchell,1628909.0,TeamBlocked,1611661325,1,NaLyssa Smith,1631019,27,03:58,0,,0,,0,,0,,False,-4,11.0,8.3,0.3334,221.0,ShortMidRange,2,238.0,OffTimeout,IND,03:41,https://videos.nba.com/wnba/pbp/media/2024/09/13/1022400220/89/62b7bd27-bc53-feec-1594-ffb9bf9c9bd9_960x540.mp4,48,68
wnba,wnba_shot_pace,shot_pace,shots,get-shots,2024,Regular Season,team,"{'EntityType': 'Team', 'StartType': 'All', 'Blocked': False, 'Season': '2024', 'SeasonType': 'Regular Season', 'EntityId': '1611661325'}",shot_pace,1611661325,4Q/OT | margin -3..3 | 300..120,get-shots__shots__entity_type-Team__start_type-All__blocked-False__season-2024__season_type-Regular_Season__entity_id-1611661325__c4f64243,get-shots,https://api.pbpstats.com/get-shots/wnba?EntityType=Team&StartType=All&Blocked=False&Season=2024&SeasonType=Regular+Season&EntityId=1611661325,200,89,,,,,,False,1611661319,283.0,70,2024-09-13,1022400220,1628909-1631019-1631086-1641648-1642286,False,LVA,1628276-1628932-1629498-203026-204329,,,,,,1611661325,1,Caitlin Clark,1642286,23,04:59,0,,1628932,A'ja Wilson,0,,0,,False,-1,,6.6,0.4009,284.0,ShortMidRange,2,299.0,OffShortMidRangeMake,IND,04:44,https://videos.nba.com/wnba/pbp/media/2024/09/13/1022400220/70/bce2f905-874d-36a1-be11-8cfcac72fa62_960x540.mp4,-2,66
wnba,wnba_shot_pace,shot_pace,shots,get-shots,2024,Regular Season,team,"{'EntityType': 'Team', 'StartType': 'All', 'Blocked': False, 'Season': '2024', 'SeasonType': 'Regular Season', 'EntityId': '1611661325'}",shot_pace,1611661325,4Q/OT | margin -3..3 | 300..120,get-shots__shots__entity_type-Team__start_type-All__blocked-False__season-2024__season_type-Regular_Season__entity_id-1611661325__c4f64243,get-shots,https://api.pbpstats.com/get-shots/wnba?EntityType=Team&StartType=All&Blocked=False&Season=2024&SeasonType=Regular+Season&EntityId=1611661325,200,90,,,,,,False,1611661319,438.0,29,2024-09-13,1022400220,1628909-1631019-1631086-1641648-1642286,False,LVA,1628276-1628932-1629498-203833-204329,,,,,,1611661325,1,Caitlin Clark,1642286,11,07:35,0,,0,,0,,0,,False,0,,23.5,0.3878,440.0,Arc3,3,455.0,OffDeadball,IND,07:20,https://videos.nba.com/wnba/pbp/media/2024/09/13/1022400220/29/b28d3f13-584e-2917-0122-bed0bcf2ad78_960x540.mp4,-205,115
wnba,wnba_shot_pace,shot_pace,shots,get-shots,2024,Regular Season,team,"{'EntityType': 'Team', 'StartType': 'All', 'Blocked': False, 'Season': '2024', 'SeasonType': 'Regular Season', 'EntityId': '1611661325'}",shot_pace,1611661325,4Q/OT | margin -3..3 | 300..120,get-shots__shots__entity_type-Team__start_type-All__blocked-False__season-2024__season_type-Regular_Season__entity_id-1611661325__c4f64243,get-shots,https://api.pbpstats.com/get-shots/wnba?EntityType=Team&StartType=All&Blocked=False&Season=2024&SeasonType=Regular+Season&EntityId=1611661325,200,91,,,,,,False,1611661319,500.0,20,2024-09-13,1022400220,1628909-1631019-1631086-1641648-1642286,False,LVA,1628276-1628932-1629498-203833-204329,,,,,,1611661325,1,NaLyssa Smith,1631019,7,08:32,0,,1628932,A'ja Wilson,0,,0,,False,-2,,25.1,0.387,504.0,Arc3,3,512.0,OffAtRimMake,IND,08:24,https://videos.nba.com/wnba/pbp/media/2024/09/13/1022400220/20/4d47128d-d998-3530-8b76-bedf7a72219d_960x540.mp4,-139,209
wnba,wnba_shot_pace,shot_pace,shots,get-shots,2024,Regular Season,team,"{'EntityType': 'Team', 'StartType': 'All', 'Blocked': False, 'Season': '2024', 'SeasonType': 'Regular Season', 'EntityId': '1611661325'}",shot_pace,1611661325,4Q/OT | margin -3..3 | 300..120,get-shots__shots__entity_type-Team__start_type-All__blocked-False__season-2024__season_type-Regular_Season__entity_id-1611661325__c4f64243,get-shots,https://api.pbpstats.com/get-shots/wnba?EntityType=Team&StartType=All&Blocked=False&Season=2024&SeasonType=Regular+Season&EntityId=1611661325,200,92,,,,,,False,1611661319,528.0,17,2024-09-13,1022400220,1628909-1631019-1631086-1641648-1642286,False,LVA,1628276-1628932-1629498-203833-204329,,,,,,1611661325,1,Kelsey Mitchell,1628909,5,09:03,0,,1628932,A'ja Wilson,0,,0,,False,0,,24.5,0.3588,531.0,Arc3,3,543.0,OffAtRimMake,IND,08:51,https://videos.nba.com/wnba/pbp/media/2024/09/13/1022400220/17/0d328f11-0e2f-548d-707a-6cd1be6ac88d_960x540.mp4,38,242
wnba,wnba_shot_pace,shot_pace,shots,get-shots,2024,Regular Season,team,"{'EntityType': 'Team', 'StartType': 'All', 'Blocked': False, 'Season': '2024', 'SeasonType': 'Regular Season', 'EntityId': '1611661325'}",shot_pace,1611661325,4Q/OT | margin -3..3 | 300..120,get-shots__shots__entity_type-Team__start_type-All__blocked-False__season-2024__season_type-Regular_Season__entity_id-1611661325__c4f64243,get-shots,https://api.pbpstats.com/get-shots/wnba?EntityType=Team&StartType=All&Blocked=False&Season=2024&SeasonType=Regular+Season&EntityId=1611661325,200,93,,,,,,False,1611661319,582.0,7,2024-09-13,1022400220,1628909-1631019-1631086-1641648-1642286,False,LVA,1628276-1628932-1629498-203833-204329,,,,,,1611661325,1,Caitlin Clark,1642286,1,10:00,0,,0,,0,,0,,False,0,,27.2,0.3798,586.0,Arc3,3,600.0,OffDeadball,IND,09:46,https://videos.nba.com/wnba/pbp/media/2024/09/13/1022400220/7/62d9f1ee-b8c5-8bd4-798c-52ef9e2545b9_960x540.mp4,195,190
wnba,wnba_shot_pace,shot_pace,shots,get-shots,2024,Regular Season,team,"{'EntityType': 'Team', 'StartType': 'All', 'Blocked': False, 'Season': '2024', 'SeasonType': 'Regular Season', 'EntityId': '1611661325'}",shot_pace,1611661325,4Q/OT | margin -3..3 | 300..120,get-shots__shots__entity_type-Team__start_type-All__blocked-False__season-2024__season_type-Regular_Season__entity_id-1611661325__c4f64243,get-shots,https://api.pbpstats.com/get-shots/wnba?EntityType=Team&StartType=All&Blocked=False&Season=2024&SeasonType=Regular+Season&EntityId=1611661325,200,94,,,,,,False,1611661319,86.0,526,2024-09-11,1022400215,1627701-1628909-1631086-1641648-1642286,False,LVA,1628276-1628932-1629498-202252-203833,Temi Fagbenle,1627701.0,Kelsey Mitchell,1628909.0,ShortMidRange,1611661325,4,Caitlin Clark,1642286,33,01:46,0,,0,,0,,0,,False,-7,3.0,28.6,0.3739,89.0,Arc3,3,106.0,OffDeadball,IND,01:29,,134,253
wnba,wnba_shot_pace,shot_pace,shots,get-shots,2024,Regular Season,team,"{'EntityType': 'Team', 'StartType': 'All', 'Blocked': False, 'Season': '2024', 'SeasonType': 'Regular Season', 'EntityId': '1611661325'}",shot_pace,1611661325,4Q/OT | margin -3..3 | 300..120,get-shots__shots__entity_type-Team__start_type-All__blocked-False__season-2024__season_type-Regular_Season__entity_id-1611661325__c4f64243,get-shots,https://api.pbpstats.com/get-shots/wnba?EntityType=Team&StartType=All&Blocked=False&Season=2024&SeasonType=Regular+Season&EntityId=1611661325,200,95,,,,,,False,1611661319,86.0,524,2024-09-11,1022400215,1627701-1628909-1631086-1641648-1642286,False,LVA,1628276-1628932-1629498-202252-203833,,,,,,1611661325,4,Kelsey Mitchell,1628909,33,01:46,0,,0,,0,,0,,False,-7,,9.2,0.3896,94.0,ShortMidRange,2,106.0,OffDeadball,IND,01:34,,73,56
wnba,wnba_shot_pace,shot_pace,shots,get-shots,2024,Regular Season,team,"{'EntityType': 'Team', 'StartType': 'All', 'Blocked': False, 'Season': '2024', 'SeasonType': 'Regular Season', 'EntityId': '1611661325'}",shot_pace,1611661325,4Q/OT | margin -3..3 | 300..120,get-shots__shots__entity_type-Team__start_type-All__blocked-False__season-2024__season_type-Regular_Season__entity_id-1611661325__c4f64243,get-shots,https://api.pbpstats.com/get-shots/wnba?EntityType=Team&StartType=All&Blocked=False&Season=2024&SeasonType=Regular+Season&EntityId=1611661325,200,96,,,,,,False,1611661319,174.0,507,2024-09-11,1022400215,1627701-1628909-1631086-1641648-1642286,False,LVA,1628932-1629498-202252-203026-203833,,,,,,1611661325,4,Caitlin Clark,1642286,29,03:00,1627701,Temi Fagbenle,1628932,A'ja Wilson,0,,0,,False,-7,,24.6,0.3925,174.0,Arc3,3,180.0,OffLongMidRangeMiss,IND,02:54,,102,224
wnba,wnba_shot_pace,shot_pace,shots,get-shots,2024,Regular Season,team,"{'EntityType': 'Team', 'StartType': 'All', 'Blocked': False, 'Season': '2024', 'SeasonType': 'Regular Season', 'EntityId': '1611661325'}",shot_pace,1611661325,4Q/OT | margin -3..3 | 300..120,get-shots__shots__entity_type-Team__start_type-All__blocked-False__season-2024__season_type-Regular_Season__entity_id-1611661325__c4f64243,get-shots,https://api.pbpstats.com/get-shots/wnba?EntityType=Team&StartType=All&Blocked=False&Season=2024&SeasonType=Regular+Season&EntityId=1611661325,200,97,,,,,,False,1611661319,200.0,497,2024-09-11,1022400215,1627701-1628909-1629478-1631086-1642286,False,LVA,1628932-1629498-202252-203026-203833,,,,,,1611661325,4,Katie Lou Samuelson,1629478,27,03:30,1627701,Temi Fagbenle,203833,Chelsea Gray,0,,0,,False,-7,,18.9,0.3779,201.0,LongMidRange,2,210.0,OffAtRimMiss,IND,03:21,,-112,152
wnba,wnba_shot_pace,shot_pace,shots,get-shots,2024,Regular Season,team,"{'EntityType': 'Team', 'StartType': 'All', 'Blocked': False, 'Season': '2024', 'SeasonType': 'Regular Season', 'EntityId': '1611661325'}",shot_pace,1611661325,4Q/OT | margin -3..3 | 300..120,get-shots__shots__entity_type-Team__start_type-All__blocked-False__season-2024__season_type-Regular_Season__entity_id-1611661325__c4f64243,get-shots,https://api.pbpstats.com/get-shots/wnba?EntityType=Team&StartType=All&Blocked=False&Season=2024&SeasonType=Regular+Season&EntityId=1611661325,200,98,,,,,,False,1611661319,333.0,479,2024-09-11,1022400215,1627701-1628909-1629478-1631086-1642286,False,LVA,1628932-1629498-202252-203026-203833,,,,,,1611661325,4,Caitlin Clark,1642286,19,05:49,0,,1628932,A'ja Wilson,0,,0,,False,-8,,31.3,0.2207,335.0,Arc3,3,349.0,OffShortMidRangeMake,IND,05:35,,-218,224
wnba,wnba_shot_pace,shot_pace,shots,get-shots,2024,Regular Season,team,"{'EntityType': 'Team', 'StartType': 'All', 'Blocked': False, 'Season': '2024', 'SeasonType': 'Regular Season', 'EntityId': '1611661325'}",shot_pace,1611661325,4Q/OT | margin -3..3 | 300..120,get-shots__shots__entity_type-Team__start_type-All__blocked-False__season-2024__season_type-Regular_Season__entity_id-1611661325__c4f64243,get-shots,https://api.pbpstats.com/get-shots/wnba?EntityType=Team&StartType=All&Blocked=False&Season=2024&SeasonType=Regular+Season&EntityId=1611661325,200,99,,,,,,False,1611661319,359.0,476,2024-09-11,1022400215,1627701-1628909-1629478-1631086-1642286,False,LVA,1628932-1629498-202252-203026-203833,,,,,,1611661325,4,Kelsey Mitchell,1628909,17,06:10,1642286,Caitlin Clark,1629498,Jackie Young,0,,0,,False,-6,,15.3,0.434,362.0,LongMidRange,2,370.0,OffCorner3Miss,IND,06:02,,-17,152
wnba,wnba_shot_pace,shot_pace,shots,get-shots,2024,Regular Season,team,"{'EntityType': 'Team', 'StartType': 'All', 'Blocked': False, 'Season': '2024', 'SeasonType': 'Regular Season', 'EntityId': '1611661325'}",shot_pace,1611661325,4Q/OT | margin -3..3 | 300..120,get-shots__shots__entity_type-Team__start_type-All__blocked-False__season-2024__season_type-Regular_Season__entity_id-1611661325__c4f64243,get-shots,https://api.pbpstats.com/get-shots/wnba?EntityType=Team&StartType=All&Blocked=False&Season=2024&SeasonType=Regular+Season&EntityId=1611661325,200,100,,,,,,False,1611661319,525.0,439,2024-09-11,1022400215,1627701-1628909-1631019-1631086-1642286,False,LVA,202252-202641-203026-203833-204329,,,,,,1611661325,4,Caitlin Clark,1642286,5,09:04,0,,203026,Tiffany Hayes,0,,0,,False,-9,,25.4,0.3281,530.0,Arc3,3,544.0,OffArc3Make,IND,08:50,,169,190
wnba,wnba_shot_pace,shot_pace,shots,get-shots,2024,Regular Season,team,"{'EntityType': 'Team', 'StartType': 'All', 'Blocked': False, 'Season': '2024', 'SeasonType': 'Regular Season', 'EntityId': '1611661325'}",shot_pace,1611661325,4Q/OT | margin -3..3 | 300..120,get-shots__shots__entity_type-Team__start_type-All__blocked-False__season-2024__season_type-Regular_Season__entity_id-1611661325__c4f64243,get-shots,https://api.pbpstats.com/get-shots/wnba?EntityType=Team&StartType=All&Blocked=False&Season=2024&SeasonType=Regular+Season&EntityId=1611661325,200,101,,,,,,False,1611661319,0.0,422,2024-09-11,1022400215,1627701-1628909-1631019-1631086-1642286,False,LVA,1628932-202252-202641-203026-203833,,,,,,1611661325,3,Kelsey Mitchell,1628909,36,00:07,1628909,Kelsey Mitchell,203026,Tiffany Hayes,0,,0,,False,-9,,0.9,0.7834,1.0,AtRim,2,7.0,OffAtRimMiss,IND,00:01,,-1,9
wnba,wnba_shot_pace,shot_pace,shots,get-shots,2024,Regular Season,team,"{'EntityType': 'Team', 'StartType': 'All', 'Blocked': False, 'Season': '2024', 'SeasonType': 'Regular Season', 'EntityId': '1611661325'}",shot_pace,1611661325,4Q/OT | margin -3..3 | 300..120,get-shots__shots__entity_type-Team__start_type-All__blocked-False__season-2024__season_type-Regular_Season__entity_id-1611661325__c4f64243,get-shots,https://api.pbpstats.com/get-shots/wnba?EntityType=Team&StartType=All&Blocked=False&Season=2024&SeasonType=Regular+Season&EntityId=1611661325,200,102,,,,,,False,1611661319,93.0,393,2024-09-11,1022400215,1628909-1631019-1631086-1641648-1642286,False,LVA,1628276-1628932-202252-202641-203026,,,,,,1611661325,3,Lexie Hull,1631086,30,01:49,0,,0,,0,,0,,False,-5,,23.0,0.3215,98.0,Corner3,3,109.0,OffTimeout,IND,01:38,,-229,22
wnba,wnba_shot_pace,shot_pace,shots,get-shots,2024,Regular Season,team,"{'EntityType': 'Team', 'StartType': 'All', 'Blocked': False, 'Season': '2024', 'SeasonType': 'Regular Season', 'EntityId': '1611661325'}",shot_pace,1611661325,4Q/OT | margin -3..3 | 300..120,get-shots__shots__entity_type-Team__start_type-All__blocked-False__season-2024__season_type-Regular_Season__entity_id-1611661325__c4f64243,get-shots,https://api.pbpstats.com/get-shots/wnba?EntityType=Team&StartType=All&Blocked=False&Season=2024&SeasonType=Regular+Season&EntityId=1611661325,200,103,,,,,,False,1611661319,218.0,366,2024-09-11,1022400215,1628909-1631019-1631086-1641648-1642286,False,LVA,1628276-1628932-202252-202641-203026,,,,,,1611661325,3,Caitlin Clark,1642286,24,03:55,0,,0,,0,,0,,False,-3,,14.9,0.4104,222.0,LongMidRange,2,235.0,OffDeadball,IND,03:42,,-15,148
wnba,wnba_shot_pace,shot_pace,shots,get-shots,2024,Regular Season,team,"{'EntityType': 'Team', 'StartType': 'All', 'Blocked': False, 'Season': '2024', 'SeasonType': 'Regular Season', 'EntityId': '1611661325'}",shot_pace,1611661325,4Q/OT | margin -3..3 | 300..120,get-shots__shots__entity_type-Team__start_type-All__blocked-False__season-2024__season_type-Regular_Season__entity_id-1611661325__c4f64243,get-shots,https://api.pbpstats.com/get-shots/wnba?EntityType=Team&StartType=All&Blocked=False&Season=2024&SeasonType=Regular+Season&EntityId=1611661325,200,104,,,,,,False,1611661319,251.0,347,2024-09-11,1022400215,1628909-1631019-1631086-1641648-1642286,False,LVA,1628276-1628932-1629498-202252-203026,,0.0,Caitlin Clark,1642286.0,Team,1611661325,3,Kelsey Mitchell,1628909,22,04:29,0,,1628932,A'ja Wilson,0,,0,,False,-3,2.0,1.1,0.8069,255.0,AtRim,2,269.0,OffLongMidRangeMake,IND,04:15,,-9,7
wnba,wnba_shot_pace,shot_pace,shots,get-shots,2024,Regular Season,team,"{'EntityType': 'Team', 'StartType': 'All', 'Blocked': False, 'Season': '2024', 'SeasonType': 'Regular Season', 'EntityId': '1611661325'}",shot_pace,1611661325,4Q/OT | margin -3..3 | 300..120,get-shots__shots__entity_type-Team__start_type-All__blocked-False__season-2024__season_type-Regular_Season__entity_id-1611661325__c4f64243,get-shots,https://api.pbpstats.com/get-shots/wnba?EntityType=Team&StartType=All&Blocked=False&Season=2024&SeasonType=Regular+Season&EntityId=1611661325,200,105,,,,,,False,1611661319,251.0,342,2024-09-11,1022400215,1628909-1631019-1631086-1641648-1642286,False,LVA,1628276-1628932-1629498-202252-203026,,,,,,1611661325,3,Caitlin Clark,1642286,22,04:29,0,,1628932,A'ja Wilson,0,,0,,False,-3,,1.0,0.7318,257.0,AtRim,2,269.0,OffLongMidRangeMake,IND,04:17,,-4,9
wnba,wnba_shot_pace,shot_pace,shots,get-shots,2024,Regular Season,team,"{'EntityType': 'Team', 'StartType': 'All', 'Blocked': False, 'Season': '2024', 'SeasonType': 'Regular Season', 'EntityId': '1611661325'}",shot_pace,1611661325,4Q/OT | margin -3..3 | 300..120,get-shots__shots__entity_type-Team__start_type-All__blocked-False__season-2024__season_type-Regular_Season__entity_id-1611661325__c4f64243,get-shots,https://api.pbpstats.com/get-shots/wnba?EntityType=Team&StartType=All&Blocked=False&Season=2024&SeasonType=Regular+Season&EntityId=1611661325,200,106,,,,,,False,1611661319,354.0,321,2024-09-11,1022400215,1628909-1631019-1631086-1641648-1642286,False,LVA,1628276-1628932-1629498-203833-204329,,,,,,1611661325,3,NaLyssa Smith,1631019,16,06:12,1641648,Aliyah Boston,1629498,Jackie Young,0,,0,,False,-6,,25.5,0.3522,358.0,Arc3,3,372.0,OffShortMidRangeMiss,IND,05:58,,-163,196
wnba,wnba_shot_pace,shot_pace,shots,get-shots,2024,Regular Season,team,"{'EntityType': 'Team', 'StartType': 'All', 'Blocked': False, 'Season': '2024', 'SeasonType': 'Regular Season', 'EntityId': '1611661325'}",shot_pace,1611661325,4Q/OT | margin -3..3 | 300..120,get-shots__shots__entity_type-Team__start_type-All__blocked-False__season-2024__season_type-Regular_Season__entity_id-1611661325__c4f64243,get-shots,https://api.pbpstats.com/get-shots/wnba?EntityType=Team&StartType=All&Blocked=False&Season=2024&SeasonType=Regular+Season&EntityId=1611661325,200,107,,,,,,False,1611661319,427.0,310,2024-09-11,1022400215,1628909-1631019-1631086-1641648-1642286,False,LVA,1628276-1628932-1629498-203833-204329,,0.0,Caitlin Clark,1642286.0,TeamBlocked,1611661325,3,Aliyah Boston,1641648,12,07:27,0,,1629498,Jackie Young,0,,0,,False,-8,9.0,15.7,0.3845,431.0,LongMidRange,2,447.0,OffAtRimMake,IND,07:11,,-6,157
wnba,wnba_shot_pace,shot_pace,shots,get-shots,2024,Regular Season,team,"{'EntityType': 'Team', 'StartType': 'All', 'Blocked': False, 'Season': '2024', 'SeasonType': 'Regular Season', 'EntityId': '1611661325'}",shot_pace,1611661325,4Q/OT | margin -3..3 | 300..120,get-shots__shots__entity_type-Team__start_type-All__blocked-False__season-2024__season_type-Regular_Season__entity_id-1611661325__c4f64243,get-shots,https://api.pbpstats.com/get-shots/wnba?EntityType=Team&StartType=All&Blocked=False&Season=2024&SeasonType=Regular+Season&EntityId=1611661325,200,108,,,,,,False,1611661319,503.0,294,2024-09-11,1022400215,1628909-1631019-1631086-1641648-1642286,False,LVA,1628276-1628932-1629498-203833-204329,,,,,,1611661325,3,Caitlin Clark,1642286,8,08:36,0,,1628276,Kelsey Plum,0,,0,,False,-9,,27.2,0.3012,505.0,Arc3,3,516.0,OffAtRimMake,IND,08:25,,-15,272
wnba,wnba_shot_pace,shot_pace,shots,get-shots,2024,Regular Season,team,"{'EntityType': 'Team', 'StartType': 'All', 'Blocked': False, 'Season': '2024', 'SeasonType': 'Regular Season', 'EntityId': '1611661325'}",shot_pace,1611661325,4Q/OT | margin -3..3 | 300..120,get-shots__shots__entity_type-Team__start_type-All__blocked-False__season-2024__season_type-Regular_Season__entity_id-1611661325__c4f64243,get-shots,https://api.pbpstats.com/get-shots/wnba?EntityType=Team&StartType=All&Blocked=False&Season=2024&SeasonType=Regular+Season&EntityId=1611661325,200,109,,,,,,False,1611661319,42.0,260,2024-09-11,1022400215,1628909-1629478-1631019-1641648-1642286,False,LVA,1628276-1628932-1629498-202252-203833,NaLyssa Smith,1631019.0,NaLyssa Smith,1631019.0,FT,1611661325,2,Caitlin Clark,1642286,34,00:56,1641648,Aliyah Boston,203833,Chelsea Gray,0,,0,,False,-9,2.0,27.4,0.257,46.0,Arc3,3,56.0,OffLongMidRangeMiss,IND,00:46,,-111,251
wnba,wnba_shot_pace,shot_pace,shots,get-shots,2024,Regular Season,team,"{'EntityType': 'Team', 'StartType': 'All', 'Blocked': False, 'Season': '2024', 'SeasonType': 'Regular Season', 'EntityId': '1611661325'}",shot_pace,1611661325,4Q/OT | margin -3..3 | 300..120,get-shots__shots__entity_type-Team__start_type-All__blocked-False__season-2024__season_type-Regular_Season__entity_id-1611661325__c4f64243,get-shots,https://api.pbpstats.com/get-shots/wnba?EntityType=Team&StartType=All&Blocked=False&Season=2024&SeasonType=Regular+Season&EntityId=1611661325,200,110,,,,,,False,1611661319,84.0,248,2024-09-11,1022400215,1628909-1629478-1631019-1641648-1642286,False,LVA,1628276-1628932-1629498-202252-203833,,,,,,1611661325,2,Aliyah Boston,1641648,32,01:47,0,,202252,Alysha Clark,0,,0,,False,-12,,3.5,0.5686,85.0,AtRim,2,107.0,OffCorner3Make,IND,01:25,,22,27
wnba,wnba_shot_pace,shot_pace,shots,get-shots,2024,Regular Season,team,"{'EntityType': 'Team', 'StartType': 'All', 'Blocked': False, 'Season': '2024', 'SeasonType': 'Regular Season', 'EntityId': '1611661325'}",shot_pace,1611661325,4Q/OT | margin -3..3 | 300..120,get-shots__shots__entity_type-Team__start_type-All__blocked-False__season-2024__season_type-Regular_Season__entity_id-1611661325__c4f64243,get-shots,https://api.pbpstats.com/get-shots/wnba?EntityType=Team&StartType=All&Blocked=False&Season=2024&SeasonType=Regular+Season&EntityId=1611661325,200,111,,,,,,False,1611661319,121.0,241,2024-09-11,1022400215,1628909-1629478-1631019-1641648-1642286,False,LVA,1628276-1628932-1629498-202252-203833,,,,,,1611661325,2,Katie Lou Samuelson,1629478,30,02:13,1631019,NaLyssa Smith,1628932,A'ja Wilson,0,,0,,False,-8,,23.4,0.4087,122.0,Corner3,3,133.0,OffLongMidRangeMiss,IND,02:02,,-233,-25
wnba,wnba_shot_pace,shot_pace,shots,get-shots,2024,Regular Season,team,"{'EntityType': 'Team', 'StartType': 'All', 'Blocked': False, 'Season': '2024', 'SeasonType': 'Regular Season', 'EntityId': '1611661325'}",shot_pace,1611661325,4Q/OT | margin -3..3 | 300..120,get-shots__shots__entity_type-Team__start_type-All__blocked-False__season-2024__season_type-Regular_Season__entity_id-1611661325__c4f64243,get-shots,https://api.pbpstats.com/get-shots/wnba?EntityType=Team&StartType=All&Blocked=False&Season=2024&SeasonType=Regular+Season&EntityId=1611661325,200,112,,,,,,False,1611661319,151.0,231,2024-09-11,1022400215,1628929-1629478-1631019-1641648-1642286,False,LVA,1628276-1628932-1629498-202252-204329,,,,,,1611661325,2,Caitlin Clark,1642286,28,02:50,0,,202252,Alysha Clark,0,,0,,False,-8,,6.1,0.4147,153.0,ShortMidRange,2,170.0,OffArc3Make,IND,02:33,,15,59
wnba,wnba_shot_pace,shot_pace,shots,get-shots,2024,Regular Season,team,"{'EntityType': 'Team', 'StartType': 'All', 'Blocked': False, 'Season': '2024', 'SeasonType': 'Regular Season', 'EntityId': '1611661325'}",shot_pace,1611661325,4Q/OT | margin -3..3 | 300..120,get-shots__shots__entity_type-Team__start_type-All__blocked-False__season-2024__season_type-Regular_Season__entity_id-1611661325__c4f64243,get-shots,https://api.pbpstats.com/get-shots/wnba?EntityType=Team&StartType=All&Blocked=False&Season=2024&SeasonType=Regular+Season&EntityId=1611661325,200,113,,,,,,False,1611661319,262.0,212,2024-09-11,1022400215,1628909-1628929-1629478-1641648-1642286,False,LVA,1628276-1628932-1629498-202252-204329,,0.0,Aliyah Boston,1641648.0,TeamBlocked,1611661325,2,Kristy Wallace,1628929,22,04:42,0,,0,,1628909,Kelsey Mitchell,203833,Chelsea Gray,False,-5,7.0,24.6,0.3213,262.0,Arc3,3,282.0,OffLiveBallTurnover,IND,04:22,,63,238
wnba,wnba_shot_pace,shot_pace,shots,get-shots,2024,Regular Season,team,"{'EntityType': 'Team', 'StartType': 'All', 'Blocked': False, 'Season': '2024', 'SeasonType': 'Regular Season', 'EntityId': '1611661325'}",shot_pace,1611661325,4Q/OT | margin -3..3 | 300..120,get-shots__shots__entity_type-Team__start_type-All__blocked-False__season-2024__season_type-Regular_Season__entity_id-1611661325__c4f64243,get-shots,https://api.pbpstats.com/get-shots/wnba?EntityType=Team&StartType=All&Blocked=False&Season=2024&SeasonType=Regular+Season&EntityId=1611661325,200,114,,,,,,False,1611661319,392.0,176,2024-09-11,1022400215,1628909-1631086-1641648-1642286-203024,False,LVA,1628276-1628932-202252-203026-203833,Lexie Hull,1631086.0,Kelsey Mitchell,1628909.0,LongMidRange,1611661325,2,Caitlin Clark,1642286,14,06:56,0,,0,,0,,0,,False,-9,3.0,30.4,0.3235,393.0,Arc3,3,416.0,OffDeadball,IND,06:33,,142,269
wnba,wnba_shot_pace,shot_pace,shots,get-shots,2024,Regular Season,team,"{'EntityType': 'Team', 'StartType': 'All', 'Blocked': False, 'Season': '2024', 'SeasonType': 'Regular Season', 'EntityId': '1611661325'}",shot_pace,1611661325,4Q/OT | margin -3..3 | 300..120,get-shots__shots__entity_type-Team__start_type-All__blocked-False__season-2024__season_type-Regular_Season__entity_id-1611661325__c4f64243,get-shots,https://api.pbpstats.com/get-shots/wnba?EntityType=Team&StartType=All&Blocked=False&Season=2024&SeasonType=Regular+Season&EntityId=1611661325,200,115,,,,,,False,1611661319,392.0,174,2024-09-11,1022400215,1628909-1631086-1641648-1642286-203024,False,LVA,1628276-1628932-202252-203026-203833,,0.0,Damiris Dantas,203024.0,Team,1611661325,2,Kelsey Mitchell,1628909,14,06:56,0,,0,,0,,0,,False,-9,3.0,18.2,0.3879,397.0,LongMidRange,2,416.0,OffDeadball,IND,06:37,,182,10
wnba,wnba_shot_pace,shot_pace,shots,get-shots,2024,Regular Season,team,"{'EntityType': 'Team', 'StartType': 'All', 'Blocked': False, 'Season': '2024', 'SeasonType': 'Regular Season', 'EntityId': '1611661325'}",shot_pace,1611661325,4Q/OT | margin -3..3 | 300..120,get-shots__shots__entity_type-Team__start_type-All__blocked-False__season-2024__season_type-Regular_Season__entity_id-1611661325__c4f64243,get-shots,https://api.pbpstats.com/get-shots/wnba?EntityType=Team&StartType=All&Blocked=False&Season=2024&SeasonType=Regular+Season&EntityId=1611661325,200,116,,,,,,False,1611661319,392.0,169,2024-09-11,1022400215,1628909-1631086-1641648-1642286-203024,False,LVA,1628276-1629484-202252-203026-203833,,,,,,1611661325,2,Damiris Dantas,203024,14,06:56,0,,0,,0,,0,,False,-9,,24.3,0.3482,402.0,Corner3,3,416.0,OffDeadball,IND,06:42,,238,50
wnba,wnba_shot_pace,shot_pace,shots,get-shots,2024,Regular Season,team,"{'EntityType': 'Team', 'StartType': 'All', 'Blocked': False, 'Season': '2024', 'SeasonType': 'Regular Season', 'EntityId': '1611661325'}",shot_pace,1611661325,4Q/OT | margin -3..3 | 300..120,get-shots__shots__entity_type-Team__start_type-All__blocked-False__season-2024__season_type-Regular_Season__entity_id-1611661325__c4f64243,get-shots,https://api.pbpstats.com/get-shots/wnba?EntityType=Team&StartType=All&Blocked=False&Season=2024&SeasonType=Regular+Season&EntityId=1611661325,200,117,,,,,,False,1611661319,450.0,156,2024-09-11,1022400215,1627701-1628909-1631086-1642286-203024,False,LVA,1629484-202252-202641-203026-203833,,,,,,1611661325,2,Damiris Dantas,203024,10,07:38,0,,203833,Chelsea Gray,0,,0,,False,-6,,1.9,0.6946,452.0,AtRim,2,458.0,OffAtRimMake,IND,07:32,,10,16
wnba,wnba_shot_pace,shot_pace,shots,get-shots,2024,Regular Season,team,"{'EntityType': 'Team', 'StartType': 'All', 'Blocked': False, 'Season': '2024', 'SeasonType': 'Regular Season', 'EntityId': '1611661325'}",shot_pace,1611661325,4Q/OT | margin -3..3 | 300..120,get-shots__shots__entity_type-Team__start_type-All__blocked-False__season-2024__season_type-Regular_Season__entity_id-1611661325__c4f64243,get-shots,https://api.pbpstats.com/get-shots/wnba?EntityType=Team&StartType=All&Blocked=False&Season=2024&SeasonType=Regular+Season&EntityId=1611661325,200,118,,,,,,False,1611661319,564.0,134,2024-09-11,1022400215,1627701-1628909-1642286-203024-204365,False,LVA,1629484-202252-202641-203026-203833,,,,,,1611661325,2,Erica Wheeler,204365,2,09:48,0,,1629484,Megan Gustafson,0,,0,,False,-4,,23.9,0.2886,566.0,Arc3,3,588.0,OffShortMidRangeMake,IND,09:26,,-79,226
wnba,wnba_shot_pace,shot_pace,shots,get-shots,2024,Regular Season,team,"{'EntityType': 'Team', 'StartType': 'All', 'Blocked': False, 'Season': '2024', 'SeasonType': 'Regular Season', 'EntityId': '1611661325'}",shot_pace,1611661325,4Q/OT | margin -3..3 | 300..120,get-shots__shots__entity_type-Team__start_type-All__blocked-False__season-2024__season_type-Regular_Season__entity_id-1611661325__c4f64243,get-shots,https://api.pbpstats.com/get-shots/wnba?EntityType=Team&StartType=All&Blocked=False&Season=2024&SeasonType=Regular+Season&EntityId=1611661325,200,119,,,,,,False,1611661319,1.0,122,2024-09-11,1022400215,1627701-1628909-1641648-1642286-204365,False,LVA,1628932-1629484-1629498-202641-203026,,,,,,1611661325,1,Caitlin Clark,1642286,43,00:18,0,,0,,0,,0,,False,-2,,13.3,0.2935,1.0,ShortMidRange,2,18.0,OffDeadball,IND,00:01,,121,54
wnba,wnba_shot_pace,shot_pace,shots,get-shots,2024,Regular Season,team,"{'EntityType': 'Team', 'StartType': 'All', 'Blocked': False, 'Season': '2024', 'SeasonType': 'Regular Season', 'EntityId': '1611661325'}",shot_pace,1611661325,4Q/OT | margin -3..3 | 300..120,get-shots__shots__entity_type-Team__start_type-All__blocked-False__season-2024__season_type-Regular_Season__entity_id-1611661325__c4f64243,get-shots,https://api.pbpstats.com/get-shots/wnba?EntityType=Team&StartType=All&Blocked=False&Season=2024&SeasonType=Regular+Season&EntityId=1611661325,200,120,,,,,,False,1611661319,49.0,112,2024-09-11,1022400215,1627701-1628909-1641648-1642286-204365,False,LVA,1628932-1629484-1629498-202641-203026,,,,,,1611661325,1,Caitlin Clark,1642286,39,01:03,0,,0,,0,,0,,False,1,,23.4,0.3561,52.0,Corner3,3,63.0,OffDeadball,IND,00:52,,-228,54
wnba,wnba_shot_pace,shot_pace,shots,get-shots,2024,Regular Season,team,"{'EntityType': 'Team', 'StartType': 'All', 'Blocked': False, 'Season': '2024', 'SeasonType': 'Regular Season', 'EntityId': '1611661325'}",shot_pace,1611661325,4Q/OT | margin -3..3 | 300..120,get-shots__shots__entity_type-Team__start_type-All__blocked-False__season-2024__season_type-Regular_Season__entity_id-1611661325__c4f64243,get-shots,https://api.pbpstats.com/get-shots/wnba?EntityType=Team&StartType=All&Blocked=False&Season=2024&SeasonType=Regular+Season&EntityId=1611661325,200,121,,,,,,False,1611661319,128.0,96,2024-09-11,1022400215,1627701-1628909-1631086-1641648-204365,False,LVA,1628932-1629498-202641-203026-204329,,,,,,1611661325,1,Kelsey Mitchell,1628909,33,02:21,204365,Erica Wheeler,1628932,A'ja Wilson,0,,0,,False,0,,24.7,0.3866,130.0,Arc3,3,141.0,OffLongMidRangeMiss,IND,02:10,,-71,237
wnba,wnba_shot_pace,shot_pace,shots,get-shots,2024,Regular Season,team,"{'EntityType': 'Team', 'StartType': 'All', 'Blocked': False, 'Season': '2024', 'SeasonType': 'Regular Season', 'EntityId': '1611661325'}",shot_pace,1611661325,4Q/OT | margin -3..3 | 300..120,get-shots__shots__entity_type-Team__start_type-All__blocked-False__season-2024__season_type-Regular_Season__entity_id-1611661325__c4f64243,get-shots,https://api.pbpstats.com/get-shots/wnba?EntityType=Team&StartType=All&Blocked=False&Season=2024&SeasonType=Regular+Season&EntityId=1611661325,200,122,,,,,,False,1611661319,152.0,92,2024-09-11,1022400215,1627701-1628909-1631086-1641648-204365,False,LVA,1628932-1629498-202641-203026-204329,,,,,,1611661325,1,Aliyah Boston,1641648,31,02:56,0,,203026,Tiffany Hayes,0,,0,,False,0,,26.1,0.333,156.0,Arc3,3,176.0,OffCorner3Make,IND,02:36,,113,235
wnba,wnba_shot_pace,shot_pace,shots,get-shots,2024,Regular Season,team,"{'EntityType': 'Team', 'StartType': 'All', 'Blocked': False, 'Season': '2024', 'SeasonType': 'Regular Season', 'EntityId': '1611661325'}",shot_pace,1611661325,4Q/OT | margin -3..3 | 300..120,get-shots__shots__entity_type-Team__start_type-All__blocked-False__season-2024__season_type-Regular_Season__entity_id-1611661325__c4f64243,get-shots,https://api.pbpstats.com/get-shots/wnba?EntityType=Team&StartType=All&Blocked=False&Season=2024&SeasonType=Regular+Season&EntityId=1611661325,200,123,,,,,,False,1611661319,185.0,88,2024-09-11,1022400215,1627701-1628909-1631086-1641648-204365,False,LVA,1628932-1629498-202641-203026-204329,,,,,,1611661325,1,Kelsey Mitchell,1628909,29,03:19,0,,0,,0,,0,,False,3,,14.3,0.4366,187.0,LongMidRange,2,199.0,OffFTMake,IND,03:07,,34,139
wnba,wnba_shot_pace,shot_pace,shots,get-shots,2024,Regular Season,team,"{'EntityType': 'Team', 'StartType': 'All', 'Blocked': False, 'Season': '2024', 'SeasonType': 'Regular Season', 'EntityId': '1611661325'}",shot_pace,1611661325,4Q/OT | margin -3..3 | 300..120,get-shots__shots__entity_type-Team__start_type-All__blocked-False__season-2024__season_type-Regular_Season__entity_id-1611661325__c4f64243,get-shots,https://api.pbpstats.com/get-shots/wnba?EntityType=Team&StartType=All&Blocked=False&Season=2024&SeasonType=Regular+Season&EntityId=1611661325,200,124,,,,,,False,1611661319,209.0,78,2024-09-11,1022400215,1628909-1631019-1631086-1641648-204365,False,LVA,1628276-1628932-1629498-203026-204329,,,,,,1611661325,1,Kelsey Mitchell,1628909,27,03:39,0,,0,,1631019,NaLyssa Smith,1628276,Kelsey Plum,False,5,,26.8,0.3985,213.0,Arc3,3,219.0,OffLiveBallTurnover,IND,03:33,,151,222
wnba,wnba_shot_pace,shot_pace,shots,get-shots,2024,Regular Season,team,"{'EntityType': 'Team', 'StartType': 'All', 'Blocked': False, 'Season': '2024', 'SeasonType': 'Regular Season', 'EntityId': '1611661325'}",shot_pace,1611661325,4Q/OT | margin -3..3 | 300..120,get-shots__shots__entity_type-Team__start_type-All__blocked-False__season-2024__season_type-Regular_Season__entity_id-1611661325__c4f64243,get-shots,https://api.pbpstats.com/get-shots/wnba?EntityType=Team&StartType=All&Blocked=False&Season=2024&SeasonType=Regular+Season&EntityId=1611661325,200,125,,,,,,False,1611661319,265.0,67,2024-09-11,1022400215,1628909-1631019-1631086-1641648-1642286,False,LVA,1628276-1628932-1629498-203026-204329,,,,,,1611661325,1,Kelsey Mitchell,1628909,23,04:33,1631086,Lexie Hull,203026,Tiffany Hayes,0,,0,,False,5,,0.8,0.7048,268.0,AtRim,2,273.0,OffAtRimMiss,IND,04:28,,7,-3
wnba,wnba_shot_pace,shot_pace,shots,get-shots,2024,Regular Season,team,"{'EntityType': 'Team', 'StartType': 'All', 'Blocked': False, 'Season': '2024', 'SeasonType': 'Regular Season', 'EntityId': '1611661325'}",shot_pace,1611661325,4Q/OT | margin -3..3 | 300..120,get-shots__shots__entity_type-Team__start_type-All__blocked-False__season-2024__season_type-Regular_Season__entity_id-1611661325__c4f64243,get-shots,https://api.pbpstats.com/get-shots/wnba?EntityType=Team&StartType=All&Blocked=False&Season=2024&SeasonType=Regular+Season&EntityId=1611661325,200,126,,,,,,False,1611661319,355.0,51,2024-09-11,1022400215,1628909-1631019-1631086-1641648-1642286,False,LVA,1628276-1628932-1629498-203833-204329,,,,,,1611661325,1,Caitlin Clark,1642286,17,06:02,1631086,Lexie Hull,1629498,Jackie Young,0,,0,,False,3,,28.5,0.3549,357.0,Arc3,3,362.0,OffAtRimMiss,IND,05:57,,-112,262
wnba,wnba_shot_pace,shot_pace,shots,get-shots,2024,Regular Season,team,"{'EntityType': 'Team', 'StartType': 'All', 'Blocked': False, 'Season': '2024', 'SeasonType': 'Regular Season', 'EntityId': '1611661325'}",shot_pace,1611661325,4Q/OT | margin -3..3 | 300..120,get-shots__shots__entity_type-Team__start_type-All__blocked-False__season-2024__season_type-Regular_Season__entity_id-1611661325__c4f64243,get-shots,https://api.pbpstats.com/get-shots/wnba?EntityType=Team&StartType=All&Blocked=False&Season=2024&SeasonType=Regular+Season&EntityId=1611661325,200,127,,,,,,False,1611661319,367.0,47,2024-09-11,1022400215,1628909-1631019-1631086-1641648-1642286,False,LVA,1628276-1628932-1629498-203833-204329,,,,,,1611661325,1,Aliyah Boston,1641648,15,06:37,0,,1628932,A'ja Wilson,0,,0,,False,3,,7.5,0.3156,370.0,ShortMidRange,2,397.0,OffLongMidRangeMake,IND,06:10,,68,31
wnba,wnba_shot_pace,shot_pace,shots,get-shots,2024,Regular Season,team,"{'EntityType': 'Team', 'StartType': 'All', 'Blocked': False, 'Season': '2024', 'SeasonType': 'Regular Season', 'EntityId': '1611661325'}",shot_pace,1611661325,4Q/OT | margin -3..3 | 300..120,get-shots__shots__entity_type-Team__start_type-All__blocked-False__season-2024__season_type-Regular_Season__entity_id-1611661325__c4f64243,get-shots,https://api.pbpstats.com/get-shots/wnba?EntityType=Team&StartType=All&Blocked=False&Season=2024&SeasonType=Regular+Season&EntityId=1611661325,200,128,,,,,,False,1611661319,404.0,43,2024-09-11,1022400215,1628909-1631019-1631086-1641648-1642286,False,LVA,1628276-1628932-1629498-203833-204329,,,,,,1611661325,1,Caitlin Clark,1642286,13,07:10,0,,1628932,A'ja Wilson,0,,0,,False,5,,5.9,0.401,407.0,ShortMidRange,2,430.0,OffLongMidRangeMake,IND,06:47,,22,55
wnba,wnba_shot_pace,shot_pace,shots,get-shots,2024,Regular Season,team,"{'EntityType': 'Team', 'StartType': 'All', 'Blocked': False, 'Season': '2024', 'SeasonType': 'Regular Season', 'EntityId': '1611661325'}",shot_pace,1611661325,4Q/OT | margin -3..3 | 300..120,get-shots__shots__entity_type-Team__start_type-All__blocked-False__season-2024__season_type-Regular_Season__entity_id-1611661325__c4f64243,get-shots,https://api.pbpstats.com/get-shots/wnba?EntityType=Team&StartType=All&Blocked=False&Season=2024&SeasonType=Regular+Season&EntityId=1611661325,200,129,,,,,,False,1611661319,436.0,39,2024-09-11,1022400215,1628909-1631019-1631086-1641648-1642286,False,LVA,1628276-1628932-1629498-203833-204329,,,,,,1611661325,1,NaLyssa Smith,1631019,11,07:32,1631086,Lexie Hull,1628932,A'ja Wilson,0,,0,,False,7,,2.0,0.6127,438.0,AtRim,2,452.0,OffAtRimMiss,IND,07:18,,-4,20
wnba,wnba_shot_pace,shot_pace,shots,get-shots,2024,Regular Season,team,"{'EntityType': 'Team', 'StartType': 'All', 'Blocked': False, 'Season': '2024', 'SeasonType': 'Regular Season', 'EntityId': '1611661325'}",shot_pace,1611661325,4Q/OT | margin -3..3 | 300..120,get-shots__shots__entity_type-Team__start_type-All__blocked-False__season-2024__season_type-Regular_Season__entity_id-1611661325__c4f64243,get-shots,https://api.pbpstats.com/get-shots/wnba?EntityType=Team&StartType=All&Blocked=False&Season=2024&SeasonType=Regular+Season&EntityId=1611661325,200,130,,,,,,False,1611661319,469.0,33,2024-09-11,1022400215,1628909-1631019-1631086-1641648-1642286,False,LVA,1628276-1628932-1629498-203833-204329,Aliyah Boston,1641648.0,Aliyah Boston,1641648.0,AtRimBlocked,1611661325,1,Aliyah Boston,1641648,9,08:06,1641648,Aliyah Boston,203833,Chelsea Gray,0,,0,,True,7,0.0,0.6,0.6775,470.0,AtRim,2,486.0,OffAtRimMiss,IND,07:50,,0,-6
wnba,wnba_shot_pace,shot_pace,shots,get-shots,2024,Regular Season,team,"{'EntityType': 'Team', 'StartType': 'All', 'Blocked': False, 'Season': '2024', 'SeasonType': 'Regular Season', 'EntityId': '1611661325'}",shot_pace,1611661325,4Q/OT | margin -3..3 | 300..120,get-shots__shots__entity_type-Team__start_type-All__blocked-False__season-2024__season_type-Regular_Season__entity_id-1611661325__c4f64243,get-shots,https://api.pbpstats.com/get-shots/wnba?EntityType=Team&StartType=All&Blocked=False&Season=2024&SeasonType=Regular+Season&EntityId=1611661325,200,131,,,,,,False,1611661319,500.0,26,2024-09-11,1022400215,1628909-1631019-1631086-1641648-1642286,False,LVA,1628276-1628932-1629498-203833-204329,,,,,,1611661325,1,Caitlin Clark,1642286,7,08:33,1641648,Aliyah Boston,203833,Chelsea Gray,0,,0,,False,7,,11.9,0.3998,502.0,ShortMidRange,2,513.0,OffArc3Miss,IND,08:22,,107,53
wnba,wnba_shot_pace,shot_pace,shots,get-shots,2024,Regular Season,team,"{'EntityType': 'Team', 'StartType': 'All', 'Blocked': False, 'Season': '2024', 'SeasonType': 'Regular Season', 'EntityId': '1611661325'}",shot_pace,1611661325,4Q/OT | margin -3..3 | 300..120,get-shots__shots__entity_type-Team__start_type-All__blocked-False__season-2024__season_type-Regular_Season__entity_id-1611661325__c4f64243,get-shots,https://api.pbpstats.com/get-shots/wnba?EntityType=Team&StartType=All&Blocked=False&Season=2024&SeasonType=Regular+Season&EntityId=1611661325,200,132,,,,,,False,1611661330,99.0,564,2024-09-08,1022400208,1627701-1628909-1631086-1641648-1642286,False,ATL,1628277-1628886-1631009-1631032-202250,,,,,,1611661325,5,Kelsey Mitchell,1628909,13,01:53,0,,1631009,Rhyne Howard,0,,0,,False,-2,,1.6,0.6452,100.0,AtRim,2,113.0,OffShortMidRangeMake,IND,01:40,https://videos.nba.com/wnba/pbp/media/2024/09/08/1022400208/564/e86381f7-3221-92bf-1572-c34c4d32df7d_960x540.mp4,-15,-5
wnba,wnba_shot_pace,shot_pace,shots,get-shots,2024,Regular Season,team,"{'EntityType': 'Team', 'StartType': 'All', 'Blocked': False, 'Season': '2024', 'SeasonType': 'Regular Season', 'EntityId': '1611661325'}",shot_pace,1611661325,4Q/OT | margin -3..3 | 300..120,get-shots__shots__entity_type-Team__start_type-All__blocked-False__season-2024__season_type-Regular_Season__entity_id-1611661325__c4f64243,get-shots,https://api.pbpstats.com/get-shots/wnba?EntityType=Team&StartType=All&Blocked=False&Season=2024&SeasonType=Regular+Season&EntityId=1611661325,200,133,,,,,,False,1611661330,247.0,535,2024-09-08,1022400208,1627701-1628909-1631086-1641648-1642286,False,ATL,1628277-1628886-1631009-1631032-202250,,,,,,1611661325,5,Caitlin Clark,1642286,3,04:19,1641648,Aliyah Boston,1628886,Jordin Canada,0,,0,,False,2,,29.2,0.322,250.0,Arc3,3,259.0,OffArc3Miss,IND,04:10,https://videos.nba.com/wnba/pbp/media/2024/09/08/1022400208/535/dbf1fcb7-99d1-8cc0-7a11-4fe22019d9fc_960x540.mp4,6,292
wnba,wnba_shot_pace,shot_pace,shots,get-shots,2024,Regular Season,team,"{'EntityType': 'Team', 'StartType': 'All', 'Blocked': False, 'Season': '2024', 'SeasonType': 'Regular Season', 'EntityId': '1611661325'}",shot_pace,1611661325,4Q/OT | margin -3..3 | 300..120,get-shots__shots__entity_type-Team__start_type-All__blocked-False__season-2024__season_type-Regular_Season__entity_id-1611661325__c4f64243,get-shots,https://api.pbpstats.com/get-shots/wnba?EntityType=Team&StartType=All&Blocked=False&Season=2024&SeasonType=Regular+Season&EntityId=1611661325,200,134,,,,,,False,1611661330,49.0,500,2024-09-08,1022400208,1627701-1628909-1631086-1641648-1642286,False,ATL,1628277-1628886-1631009-1631044-202250,,,,,,1611661325,4,Caitlin Clark,1642286,35,01:06,1628909,Kelsey Mitchell,1631009,Rhyne Howard,0,,0,,False,0,,26.6,0.3007,52.0,Arc3,3,66.0,OffArc3Miss,IND,00:52,https://videos.nba.com/wnba/pbp/media/2024/09/08/1022400208/500/8067aede-2262-49ae-5e9d-5330bbf93106_960x540.mp4,-107,244
wnba,wnba_shot_pace,shot_pace,shots,get-shots,2024,Regular Season,team,"{'EntityType': 'Team', 'StartType': 'All', 'Blocked': False, 'Season': '2024', 'SeasonType': 'Regular Season', 'EntityId': '1611661325'}",shot_pace,1611661325,4Q/OT | margin -3..3 | 300..120,get-shots__shots__entity_type-Team__start_type-All__blocked-False__season-2024__season_type-Regular_Season__entity_id-1611661325__c4f64243,get-shots,https://api.pbpstats.com/get-shots/wnba?EntityType=Team&StartType=All&Blocked=False&Season=2024&SeasonType=Regular+Season&EntityId=1611661325,200,135,,,,,,False,1611661330,323.0,449,2024-09-08,1022400208,1627701-1628909-1631086-1641648-1642286,False,ATL,1628277-1631009-1631032-1631044-1641650,,,,,,1611661325,4,Caitlin Clark,1642286,19,05:31,1641648,Aliyah Boston,1628277,Allisha Gray,0,,0,,False,-9,,31.7,0.1615,327.0,Arc3,3,331.0,OffShortMidRangeMiss,IND,05:27,https://videos.nba.com/wnba/pbp/media/2024/09/08/1022400208/449/7ac3b5c8-f026-85dd-9003-77b13b0f846c_960x540.mp4,-184,258
wnba,wnba_shot_pace,shot_pace,shots,get-shots,2024,Regular Season,team,"{'EntityType': 'Team', 'StartType': 'All', 'Blocked': False, 'Season': '2024', 'SeasonType': 'Regular Season', 'EntityId': '1611661325'}",shot_pace,1611661325,4Q/OT | margin -3..3 | 300..120,get-shots__shots__entity_type-Team__start_type-All__blocked-False__season-2024__season_type-Regular_Season__entity_id-1611661325__c4f64243,get-shots,https://api.pbpstats.com/get-shots/wnba?EntityType=Team&StartType=All&Blocked=False&Season=2024&SeasonType=Regular+Season&EntityId=1611661325,200,136,,,,,,False,1611661330,348.0,445,2024-09-08,1022400208,1627701-1628909-1631086-1641648-1642286,False,ATL,1628277-1631009-1631032-1631044-1641650,,,,,,1611661325,4,Kelsey Mitchell,1628909,17,05:58,0,,1628277,Allisha Gray,0,,0,,False,-9,,14.2,0.4666,352.0,LongMidRange,2,358.0,OffAtRimMake,IND,05:52,https://videos.nba.com/wnba/pbp/media/2024/09/08/1022400208/445/d770e182-2a47-902f-6f57-9970e62a6be9_960x540.mp4,-138,34
wnba,wnba_shot_pace,shot_pace,shots,get-shots,2024,Regular Season,team,"{'EntityType': 'Team', 'StartType': 'All', 'Blocked': False, 'Season': '2024', 'SeasonType': 'Regular Season', 'EntityId': '1611661325'}",shot_pace,1611661325,4Q/OT | margin -3..3 | 300..120,get-shots__shots__entity_type-Team__start_type-All__blocked-False__season-2024__season_type-Regular_Season__entity_id-1611661325__c4f64243,get-shots,https://api.pbpstats.com/get-shots/wnba?EntityType=Team&StartType=All&Blocked=False&Season=2024&SeasonType=Regular+Season&EntityId=1611661325,200,137,,,,,,False,1611661330,376.0,440,2024-09-08,1022400208,1627701-1628909-1631086-1641648-1642286,False,ATL,1628277-1631009-1631032-1631044-1641650,,,,,,1611661325,4,Lexie Hull,1631086,15,06:36,0,,0,,0,,0,,False,-7,,27.5,0.3291,380.0,Arc3,3,396.0,OffFTMake,IND,06:20,https://videos.nba.com/wnba/pbp/media/2024/09/08/1022400208/440/4f0f4aa8-db66-d7ab-6aa5-b2c57a5415b9_960x540.mp4,-195,194
wnba,wnba_shot_pace,shot_pace,shots,get-shots,2024,Regular Season,team,"{'EntityType': 'Team', 'StartType': 'All', 'Blocked': False, 'Season': '2024', 'SeasonType': 'Regular Season', 'EntityId': '1611661325'}",shot_pace,1611661325,4Q/OT | margin -3..3 | 300..120,get-shots__shots__entity_type-Team__start_type-All__blocked-False__season-2024__season_type-Regular_Season__entity_id-1611661325__c4f64243,get-shots,https://api.pbpstats.com/get-shots/wnba?EntityType=Team&StartType=All&Blocked=False&Season=2024&SeasonType=Regular+Season&EntityId=1611661325,200,138,,,,,,False,1611661330,530.0,409,2024-09-08,1022400208,1627701-1628909-1631086-1641648-1642286,False,ATL,1628277-1628886-1631009-1631044-202250,,,,,,1611661325,4,Kelsey Mitchell,1628909,5,09:08,0,,0,,0,,0,,False,-2,,26.7,0.253,534.0,Arc3,3,548.0,OffFTMake,IND,08:54,https://videos.nba.com/wnba/pbp/media/2024/09/08/1022400208/409/c7ae500f-b9d1-7ca8-03aa-35ab8eb9e5d9_960x540.mp4,-23,266
wnba,wnba_shot_pace,shot_pace,shots,get-shots,2024,Regular Season,team,"{'EntityType': 'Team', 'StartType': 'All', 'Blocked': False, 'Season': '2024', 'SeasonType': 'Regular Season', 'EntityId': '1611661325'}",shot_pace,1611661325,4Q/OT | margin -3..3 | 300..120,get-shots__shots__entity_type-Team__start_type-All__blocked-False__season-2024__season_type-Regular_Season__entity_id-1611661325__c4f64243,get-shots,https://api.pbpstats.com/get-shots/wnba?EntityType=Team&StartType=All&Blocked=False&Season=2024&SeasonType=Regular+Season&EntityId=1611661325,200,139,,,,,,False,1611661330,556.0,403,2024-09-08,1022400208,1627701-1628909-1631086-1641648-1642286,False,ATL,1628277-1628886-1631009-1631044-202250,,,,,,1611661325,4,Caitlin Clark,1642286,3,09:23,1641648,Aliyah Boston,1631009,Rhyne Howard,0,,0,,False,0,,29.8,0.3086,559.0,Arc3,3,563.0,OffShortMidRangeMiss,IND,09:19,https://videos.nba.com/wnba/pbp/media/2024/09/08/1022400208/403/97162b3f-e41b-8df1-b10c-10939cc3ee28_960x540.mp4,-15,298
wnba,wnba_shot_pace,shot_pace,shots,get-shots,2024,Regular Season,team,"{'EntityType': 'Team', 'StartType': 'All', 'Blocked': False, 'Season': '2024', 'SeasonType': 'Regular Season', 'EntityId': '1611661325'}",shot_pace,1611661325,4Q/OT | margin -3..3 | 300..120,get-shots__shots__entity_type-Team__start_type-All__blocked-False__season-2024__season_type-Regular_Season__entity_id-1611661325__c4f64243,get-shots,https://api.pbpstats.com/get-shots/wnba?EntityType=Team&StartType=All&Blocked=False&Season=2024&SeasonType=Regular+Season&EntityId=1611661325,200,140,,,,,,False,1611661330,215.0,354,2024-09-08,1022400208,1627701-1628909-1631086-1641648-1642286,False,ATL,1628277-1628886-1631009-1631044-202250,,0.0,Lexie Hull,1631086.0,TeamBlocked,1611661325,3,Kelsey Mitchell,1628909,26,03:57,0,,0,,0,,0,,False,-11,2.0,24.3,0.3119,218.0,Corner3,3,237.0,OffDeadball,IND,03:38,https://videos.nba.com/wnba/pbp/media/2024/09/08/1022400208/354/2dc650a6-658e-4adc-7f2d-78d20a41caa3_960x540.mp4,232,72
wnba,wnba_shot_pace,shot_pace,shots,get-shots,2024,Regular Season,team,"{'EntityType': 'Team', 'StartType': 'All', 'Blocked': False, 'Season': '2024', 'SeasonType': 'Regular Season', 'EntityId': '1611661325'}",shot_pace,1611661325,4Q/OT | margin -3..3 | 300..120,get-shots__shots__entity_type-Team__start_type-All__blocked-False__season-2024__season_type-Regular_Season__entity_id-1611661325__c4f64243,get-shots,https://api.pbpstats.com/get-shots/wnba?EntityType=Team&StartType=All&Blocked=False&Season=2024&SeasonType=Regular+Season&EntityId=1611661325,200,141,,,,,,False,1611661330,259.0,342,2024-09-08,1022400208,1627701-1628909-1631086-1641648-1642286,False,ATL,1628269-1628277-1628886-1631009-1631032,Lexie Hull,1631086.0,Caitlin Clark,1642286.0,Arc3,1611661325,3,Kelsey Mitchell,1628909,24,04:46,0,,0,,0,,0,,False,-11,6.0,23.2,0.4159,264.0,Corner3,3,286.0,OffDeadball,IND,04:24,https://videos.nba.com/wnba/pbp/media/2024/09/08/1022400208/342/afbc31fa-680f-0c3b-6d68-c1a96734f098_960x540.mp4,227,50
wnba,wnba_shot_pace,shot_pace,shots,get-shots,2024,Regular Season,team,"{'EntityType': 'Team', 'StartType': 'All', 'Blocked': False, 'Season': '2024', 'SeasonType': 'Regular Season', 'EntityId': '1611661325'}",shot_pace,1611661325,4Q/OT | margin -3..3 | 300..120,get-shots__shots__entity_type-Team__start_type-All__blocked-False__season-2024__season_type-Regular_Season__entity_id-1611661325__c4f64243,get-shots,https://api.pbpstats.com/get-shots/wnba?EntityType=Team&StartType=All&Blocked=False&Season=2024&SeasonType=Regular+Season&EntityId=1611661325,200,142,,,,,,False,1611661330,259.0,340,2024-09-08,1022400208,1627701-1628909-1631086-1641648-1642286,False,ATL,1628269-1628277-1628886-1631009-1631032,,,,,,1611661325,3,Caitlin Clark,1642286,24,04:46,0,,0,,0,,0,,False,-11,,30.2,0.3051,272.0,Arc3,3,286.0,OffDeadball,IND,04:32,https://videos.nba.com/wnba/pbp/media/2024/09/08/1022400208/340/279f066b-4ea4-8c75-f8aa-c715970c6f67_960x540.mp4,-4,302
wnba,wnba_shot_pace,shot_pace,shots,get-shots,2024,Regular Season,team,"{'EntityType': 'Team', 'StartType': 'All', 'Blocked': False, 'Season': '2024', 'SeasonType': 'Regular Season', 'EntityId': '1611661325'}",shot_pace,1611661325,4Q/OT | margin -3..3 | 300..120,get-shots__shots__entity_type-Team__start_type-All__blocked-False__season-2024__season_type-Regular_Season__entity_id-1611661325__c4f64243,get-shots,https://api.pbpstats.com/get-shots/wnba?EntityType=Team&StartType=All&Blocked=False&Season=2024&SeasonType=Regular+Season&EntityId=1611661325,200,143,,,,,,False,1611661330,371.0,319,2024-09-08,1022400208,1627701-1628909-1631086-1641648-1642286,False,ATL,1628269-1628277-1628886-1631009-202250,,,,,,1611661325,3,Aliyah Boston,1641648,16,06:26,1641648,Aliyah Boston,202250,Tina Charles,0,,0,,False,-16,,0.4,0.7431,376.0,AtRim,2,386.0,OffShortMidRangeMiss,IND,06:16,https://videos.nba.com/wnba/pbp/media/2024/09/08/1022400208/319/f164ea50-13a3-c368-9167-2c1497940762_960x540.mp4,-4,1
wnba,wnba_shot_pace,shot_pace,shots,get-shots,2024,Regular Season,team,"{'EntityType': 'Team', 'StartType': 'All', 'Blocked': False, 'Season': '2024', 'SeasonType': 'Regular Season', 'EntityId': '1611661325'}",shot_pace,1611661325,4Q/OT | margin -3..3 | 300..120,get-shots__shots__entity_type-Team__start_type-All__blocked-False__season-2024__season_type-Regular_Season__entity_id-1611661325__c4f64243,get-shots,https://api.pbpstats.com/get-shots/wnba?EntityType=Team&StartType=All&Blocked=False&Season=2024&SeasonType=Regular+Season&EntityId=1611661325,200,144,,,,,,False,1611661330,395.0,315,2024-09-08,1022400208,1627701-1628909-1631086-1641648-1642286,False,ATL,1628269-1628277-1628886-1631009-202250,Aliyah Boston,1641648.0,Caitlin Clark,1642286.0,AtRim,1611661325,3,Aliyah Boston,1641648,14,06:56,0,,0,,0,,0,,True,-16,0.0,0.6,0.6643,398.0,AtRim,2,416.0,OffFTMake,IND,06:38,https://videos.nba.com/wnba/pbp/media/2024/09/08/1022400208/315/ea8162be-591d-e7c8-7986-672de1e30b8b_960x540.mp4,0,-6
wnba,wnba_shot_pace,shot_pace,shots,get-shots,2024,Regular Season,team,"{'EntityType': 'Team', 'StartType': 'All', 'Blocked': False, 'Season': '2024', 'SeasonType': 'Regular Season', 'EntityId': '1611661325'}",shot_pace,1611661325,4Q/OT | margin -3..3 | 300..120,get-shots__shots__entity_type-Team__start_type-All__blocked-False__season-2024__season_type-Regular_Season__entity_id-1611661325__c4f64243,get-shots,https://api.pbpstats.com/get-shots/wnba?EntityType=Team&StartType=All&Blocked=False&Season=2024&SeasonType=Regular+Season&EntityId=1611661325,200,145,,,,,,False,1611661330,395.0,313,2024-09-08,1022400208,1627701-1628909-1631086-1641648-1642286,False,ATL,1628269-1628277-1628886-1631009-202250,,,,,,1611661325,3,Caitlin Clark,1642286,14,06:56,0,,0,,0,,0,,False,-16,,1.2,0.754,400.0,AtRim,2,416.0,OffFTMake,IND,06:40,https://videos.nba.com/wnba/pbp/media/2024/09/08/1022400208/313/8598a8a2-2de9-6423-e38e-16114bcbc9bd_960x540.mp4,8,-9
wnba,wnba_shot_pace,shot_pace,shots,get-shots,2024,Regular Season,team,"{'EntityType': 'Team', 'StartType': 'All', 'Blocked': False, 'Season': '2024', 'SeasonType': 'Regular Season', 'EntityId': '1611661325'}",shot_pace,1611661325,4Q/OT | margin -3..3 | 300..120,get-shots__shots__entity_type-Team__start_type-All__blocked-False__season-2024__season_type-Regular_Season__entity_id-1611661325__c4f64243,get-shots,https://api.pbpstats.com/get-shots/wnba?EntityType=Team&StartType=All&Blocked=False&Season=2024&SeasonType=Regular+Season&EntityId=1611661325,200,146,,,,,,False,1611661330,423.0,301,2024-09-08,1022400208,1628909-1631019-1631086-1641648-1642286,False,ATL,1628277-1628886-1631009-1631044-202250,,,,,,1611661325,3,Kelsey Mitchell,1628909,12,07:23,0,,1631044,Naz Hillmon,0,,0,,False,-13,,23.7,0.3649,425.0,Arc3,3,443.0,OffAtRimMake,IND,07:05,https://videos.nba.com/wnba/pbp/media/2024/09/08/1022400208/301/10ee9f17-a763-49ad-9702-a4a060d8177f_960x540.mp4,191,141
wnba,wnba_shot_pace,shot_pace,shots,get-shots,2024,Regular Season,team,"{'EntityType': 'Team', 'StartType': 'All', 'Blocked': False, 'Season': '2024', 'SeasonType': 'Regular Season', 'EntityId': '1611661325'}",shot_pace,1611661325,4Q/OT | margin -3..3 | 300..120,get-shots__shots__entity_type-Team__start_type-All__blocked-False__season-2024__season_type-Regular_Season__entity_id-1611661325__c4f64243,get-shots,https://api.pbpstats.com/get-shots/wnba?EntityType=Team&StartType=All&Blocked=False&Season=2024&SeasonType=Regular+Season&EntityId=1611661325,200,147,,,,,,False,1611661330,551.0,276,2024-09-08,1022400208,1628909-1631019-1631086-1641648-1642286,False,ATL,1628277-1628886-1631009-1631044-202250,,,,,,1611661325,3,Caitlin Clark,1642286,4,09:26,0,,1631009,Rhyne Howard,0,,0,,False,-9,,27.9,0.3127,554.0,Arc3,3,566.0,OffLongMidRangeMake,IND,09:14,https://videos.nba.com/wnba/pbp/media/2024/09/08/1022400208/276/d8dc11e3-d5cc-a379-e76c-c6810d20f243_960x540.mp4,-95,262
wnba,wnba_shot_pace,shot_pace,shots,get-shots,2024,Regular Season,team,"{'EntityType': 'Team', 'StartType': 'All', 'Blocked': False, 'Season': '2024', 'SeasonType': 'Regular Season', 'EntityId': '1611661325'}",shot_pace,1611661325,4Q/OT | margin -3..3 | 300..120,get-shots__shots__entity_type-Team__start_type-All__blocked-False__season-2024__season_type-Regular_Season__entity_id-1611661325__c4f64243,get-shots,https://api.pbpstats.com/get-shots/wnba?EntityType=Team&StartType=All&Blocked=False&Season=2024&SeasonType=Regular+Season&EntityId=1611661325,200,148,,,,,,False,1611661330,572.0,273,2024-09-08,1022400208,1628909-1631019-1631086-1641648-1642286,False,ATL,1628277-1628886-1631009-1631044-202250,,,,,,1611661325,3,NaLyssa Smith,1631019,2,09:46,0,,0,,0,,0,,False,-7,,12.1,0.368,575.0,ShortMidRange,2,586.0,OffFTMake,IND,09:35,https://videos.nba.com/wnba/pbp/media/2024/09/08/1022400208/273/36cbef39-bfe7-814e-dd34-369f7f7d6f5f_960x540.mp4,-109,52
wnba,wnba_shot_pace,shot_pace,shots,get-shots,2024,Regular Season,team,"{'EntityType': 'Team', 'StartType': 'All', 'Blocked': False, 'Season': '2024', 'SeasonType': 'Regular Season', 'EntityId': '1611661325'}",shot_pace,1611661325,4Q/OT | margin -3..3 | 300..120,get-shots__shots__entity_type-Team__start_type-All__blocked-False__season-2024__season_type-Regular_Season__entity_id-1611661325__c4f64243,get-shots,https://api.pbpstats.com/get-shots/wnba?EntityType=Team&StartType=All&Blocked=False&Season=2024&SeasonType=Regular+Season&EntityId=1611661325,200,149,,,,,,False,1611661330,94.0,240,2024-09-08,1022400208,1628909-1631019-1631086-1641648-1642286,False,ATL,1628277-1628886-1631009-1631032-1631044,,,,,,1611661325,2,Kelsey Mitchell,1628909,36,01:58,0,,0,,0,,0,,False,-4,,27.7,0.3524,103.0,Arc3,3,118.0,OffFTMake,IND,01:43,https://videos.nba.com/wnba/pbp/media/2024/09/08/1022400208/240/94c1a777-3c17-eafc-7e47-01a066982c8b_960x540.mp4,145,236
wnba,wnba_shot_pace,shot_pace,shots,get-shots,2024,Regular Season,team,"{'EntityType': 'Team', 'StartType': 'All', 'Blocked': False, 'Season': '2024', 'SeasonType': 'Regular Season', 'EntityId': '1611661325'}",shot_pace,1611661325,4Q/OT | margin -3..3 | 300..120,get-shots__shots__entity_type-Team__start_type-All__blocked-False__season-2024__season_type-Regular_Season__entity_id-1611661325__c4f64243,get-shots,https://api.pbpstats.com/get-shots/wnba?EntityType=Team&StartType=All&Blocked=False&Season=2024&SeasonType=Regular+Season&EntityId=1611661325,200,150,,,,,,False,1611661330,353.0,178,2024-09-08,1022400208,1627701-1628909-1631086-1642286-203024,False,ATL,1628269-1628277-1628886-1631009-202250,,,,,,1611661325,2,Temi Fagbenle,1627701,16,06:12,0,,1628269,Nia Coffey,0,,0,,False,-2,,19.2,0.3848,353.0,LongMidRange,2,372.0,OffAtRimMake,IND,05:53,https://videos.nba.com/wnba/pbp/media/2024/09/08/1022400208/178/b7f67aa4-144e-f2ae-1fa7-f0b338da295a_960x540.mp4,76,176
wnba,wnba_shot_pace,shot_pace,shots,get-shots,2024,Regular Season,team,"{'EntityType': 'Team', 'StartType': 'All', 'Blocked': False, 'Season': '2024', 'SeasonType': 'Regular Season', 'EntityId': '1611661325'}",shot_pace,1611661325,4Q/OT | margin -3..3 | 300..120,get-shots__shots__entity_type-Team__start_type-All__blocked-False__season-2024__season_type-Regular_Season__entity_id-1611661325__c4f64243,get-shots,https://api.pbpstats.com/get-shots/wnba?EntityType=Team&StartType=All&Blocked=False&Season=2024&SeasonType=Regular+Season&EntityId=1611661325,200,151,,,,,,False,1611661330,384.0,175,2024-09-08,1022400208,1627701-1628909-1631086-1642286-203024,False,ATL,1628269-1628277-1628886-1631009-202250,,,,,,1611661325,2,Temi Fagbenle,1627701,14,06:41,0,,202250,Tina Charles,0,,0,,False,0,,17.2,0.4291,386.0,LongMidRange,2,401.0,OffShortMidRangeMake,IND,06:26,https://videos.nba.com/wnba/pbp/media/2024/09/08/1022400208/175/55779ba0-7a57-09c7-09fd-61f3fa0226d7_960x540.mp4,172,2
wnba,wnba_shot_pace,shot_pace,shots,get-shots,2024,Regular Season,team,"{'EntityType': 'Team', 'StartType': 'All', 'Blocked': False, 'Season': '2024', 'SeasonType': 'Regular Season', 'EntityId': '1611661325'}",shot_pace,1611661325,4Q/OT | margin -3..3 | 300..120,get-shots__shots__entity_type-Team__start_type-All__blocked-False__season-2024__season_type-Regular_Season__entity_id-1611661325__c4f64243,get-shots,https://api.pbpstats.com/get-shots/wnba?EntityType=Team&StartType=All&Blocked=False&Season=2024&SeasonType=Regular+Season&EntityId=1611661325,200,152,,,,,,False,1611661330,478.0,149,2024-09-08,1022400208,1627701-1629478-1642286-203024-204365,False,ATL,1628269-1628277-1630471-1631032-1641650,,,,,,1611661325,2,Caitlin Clark,1642286,8,08:15,0,,1628269,Nia Coffey,0,,0,,False,-2,,24.9,0.3696,481.0,Arc3,3,495.0,OffArc3Make,IND,08:01,https://videos.nba.com/wnba/pbp/media/2024/09/08/1022400208/149/e18e6f24-3bc8-2c28-035f-2de4c0dbeb67_960x540.mp4,-89,233
wnba,wnba_shot_pace,shot_pace,shots,get-shots,2024,Regular Season,team,"{'EntityType': 'Team', 'StartType': 'All', 'Blocked': False, 'Season': '2024', 'SeasonType': 'Regular Season', 'EntityId': '1611661325'}",shot_pace,1611661325,4Q/OT | margin -3..3 | 300..120,get-shots__shots__entity_type-Team__start_type-All__blocked-False__season-2024__season_type-Regular_Season__entity_id-1611661325__c4f64243,get-shots,https://api.pbpstats.com/get-shots/wnba?EntityType=Team&StartType=All&Blocked=False&Season=2024&SeasonType=Regular+Season&EntityId=1611661325,200,153,,,,,,False,1611661330,529.0,136,2024-09-08,1022400208,1627701-1629478-1641648-1642286-204365,False,ATL,1628269-1628277-1630471-1631032-1641650,,,,,,1611661325,2,Erica Wheeler,204365,4,09:05,0,,0,,0,,0,,False,-1,,6.4,0.3658,531.0,ShortMidRange,2,545.0,OffDeadball,IND,08:51,https://videos.nba.com/wnba/pbp/media/2024/09/08/1022400208/136/d6d19e6c-5382-213c-02e6-e822941cfedd_960x540.mp4,0,64
wnba,wnba_shot_pace,shot_pace,shots,get-shots,2024,Regular Season,team,"{'EntityType': 'Team', 'StartType': 'All', 'Blocked': False, 'Season': '2024', 'SeasonType': 'Regular Season', 'EntityId': '1611661325'}",shot_pace,1611661325,4Q/OT | margin -3..3 | 300..120,get-shots__shots__entity_type-Team__start_type-All__blocked-False__season-2024__season_type-Regular_Season__entity_id-1611661325__c4f64243,get-shots,https://api.pbpstats.com/get-shots/wnba?EntityType=Team&StartType=All&Blocked=False&Season=2024&SeasonType=Regular+Season&EntityId=1611661325,200,154,,,,,,False,1611661330,201.0,82,2024-09-08,1022400208,1628909-1631019-1631086-1641648-1642286,False,ATL,1628277-1628886-1631009-1631044-202250,,,,,,1611661325,1,Caitlin Clark,1642286,27,03:37,1641648,Aliyah Boston,1631009,Rhyne Howard,0,,0,,False,-3,,30.0,0.2318,203.0,Arc3,3,217.0,OffArc3Miss,IND,03:23,https://videos.nba.com/wnba/pbp/media/2024/09/08/1022400208/82/3e46f5e5-b2e6-cf6d-80b9-fc2a63a6c214_960x540.mp4,213,211
wnba,wnba_shot_pace,shot_pace,shots,get-shots,2024,Regular Season,team,"{'EntityType': 'Team', 'StartType': 'All', 'Blocked': False, 'Season': '2024', 'SeasonType': 'Regular Season', 'EntityId': '1611661325'}",shot_pace,1611661325,4Q/OT | margin -3..3 | 300..120,get-shots__shots__entity_type-Team__start_type-All__blocked-False__season-2024__season_type-Regular_Season__entity_id-1611661325__c4f64243,get-shots,https://api.pbpstats.com/get-shots/wnba?EntityType=Team&StartType=All&Blocked=False&Season=2024&SeasonType=Regular+Season&EntityId=1611661325,200,155,,,,,,False,1611661330,290.0,63,2024-09-08,1022400208,1628909-1631019-1631086-1641648-1642286,False,ATL,1628277-1628886-1631009-1631044-202250,,,,,,1611661325,1,NaLyssa Smith,1631019,21,05:16,0,,1631009,Rhyne Howard,0,,0,,False,0,,1.4,0.5995,291.0,AtRim,2,316.0,OffArc3Make,IND,04:51,https://videos.nba.com/wnba/pbp/media/2024/09/08/1022400208/63/0d3c23cb-2aff-4ba4-1542-cb2aeb2fcb2e_960x540.mp4,-5,13
wnba,wnba_shot_pace,shot_pace,shots,get-shots,2024,Regular Season,team,"{'EntityType': 'Team', 'StartType': 'All', 'Blocked': False, 'Season': '2024', 'SeasonType': 'Regular Season', 'EntityId': '1611661325'}",shot_pace,1611661325,4Q/OT | margin -3..3 | 300..120,get-shots__shots__entity_type-Team__start_type-All__blocked-False__season-2024__season_type-Regular_Season__entity_id-1611661325__c4f64243,get-shots,https://api.pbpstats.com/get-shots/wnba?EntityType=Team&StartType=All&Blocked=False&Season=2024&SeasonType=Regular+Season&EntityId=1611661325,200,156,,,,,,False,1611661330,427.0,36,2024-09-08,1022400208,1628909-1631019-1631086-1641648-1642286,False,ATL,1628277-1628886-1631009-1631044-202250,,,,,,1611661325,1,Caitlin Clark,1642286,11,07:18,0,,0,,1631019,NaLyssa Smith,1631009,Rhyne Howard,False,3,,28.8,0.3603,431.0,Arc3,3,438.0,OffLiveBallTurnover,IND,07:11,https://videos.nba.com/wnba/pbp/media/2024/09/08/1022400208/36/997ff7a9-9b37-59d7-2120-2a8cdafc0754_960x540.mp4,105,268
wnba,wnba_shot_pace,shot_pace,shots,get-shots,2024,Regular Season,team,"{'EntityType': 'Team', 'StartType': 'All', 'Blocked': False, 'Season': '2024', 'SeasonType': 'Regular Season', 'EntityId': '1611661325'}",shot_pace,1611661325,4Q/OT | margin -3..3 | 300..120,get-shots__shots__entity_type-Team__start_type-All__blocked-False__season-2024__season_type-Regular_Season__entity_id-1611661325__c4f64243,get-shots,https://api.pbpstats.com/get-shots/wnba?EntityType=Team&StartType=All&Blocked=False&Season=2024&SeasonType=Regular+Season&EntityId=1611661325,200,157,,,,,,False,1611661330,513.0,17,2024-09-08,1022400208,1628909-1631019-1631086-1641648-1642286,False,ATL,1628277-1628886-1631009-1631044-202250,,,,,,1611661325,1,Aliyah Boston,1641648,5,08:46,1642286,Caitlin Clark,1628277,Allisha Gray,0,,0,,False,5,,19.0,0.3864,516.0,LongMidRange,2,526.0,OffArc3Miss,IND,08:36,https://videos.nba.com/wnba/pbp/media/2024/09/08/1022400208/17/c1853915-2b2a-4bd5-df46-e4b353404d7a_960x540.mp4,143,125
wnba,wnba_shot_pace,shot_pace,shots,get-shots,2024,Regular Season,team,"{'EntityType': 'Team', 'StartType': 'All', 'Blocked': False, 'Season': '2024', 'SeasonType': 'Regular Season', 'EntityId': '1611661325'}",shot_pace,1611661325,4Q/OT | margin -3..3 | 300..120,get-shots__shots__entity_type-Team__start_type-All__blocked-False__season-2024__season_type-Regular_Season__entity_id-1611661325__c4f64243,get-shots,https://api.pbpstats.com/get-shots/wnba?EntityType=Team&StartType=All&Blocked=False&Season=2024&SeasonType=Regular+Season&EntityId=1611661325,200,158,,,,,,False,1611661324,25.0,567,2024-09-06,1022400204,1627701-1628909-1629478-1641648-1642286,False,MIN,1627675-1629501-1629524-1629567-1641657,,,,,,1611661325,4,Temi Fagbenle,1627701,35,00:33,0,,0,,0,,0,,False,-11,,23.8,0.2445,29.0,Corner3,3,33.0,OffTimeout,IND,00:29,https://videos.nba.com/wnba/pbp/media/2024/09/06/1022400204/567/505ca257-1e96-a721-cb98-a8aac6c47610_960x540.mp4,-236,-31
wnba,wnba_shot_pace,shot_pace,shots,get-shots,2024,Regular Season,team,"{'EntityType': 'Team', 'StartType': 'All', 'Blocked': False, 'Season': '2024', 'SeasonType': 'Regular Season', 'EntityId': '1611661325'}",shot_pace,1611661325,4Q/OT | margin -3..3 | 300..120,get-shots__shots__entity_type-Team__start_type-All__blocked-False__season-2024__season_type-Regular_Season__entity_id-1611661325__c4f64243,get-shots,https://api.pbpstats.com/get-shots/wnba?EntityType=Team&StartType=All&Blocked=False&Season=2024&SeasonType=Regular+Season&EntityId=1611661325,200,159,,,,,,False,1611661324,83.0,539,2024-09-06,1022400204,1627701-1628909-1631086-1641648-1642286,False,MIN,1627675-1629483-1629501-1629524-1629567,Temi Fagbenle,1627701.0,Caitlin Clark,1642286.0,LongMidRange,1611661325,4,Aliyah Boston,1641648,29,01:46,0,,0,,0,,0,,False,-8,5.0,26.2,0.3669,86.0,Arc3,3,106.0,OffFTMake,IND,01:26,https://videos.nba.com/wnba/pbp/media/2024/09/06/1022400204/539/d6c57418-419d-cef0-9f74-60219b2f1fef_960x540.mp4,-105,240
wnba,wnba_shot_pace,shot_pace,shots,get-shots,2024,Regular Season,team,"{'EntityType': 'Team', 'StartType': 'All', 'Blocked': False, 'Season': '2024', 'SeasonType': 'Regular Season', 'EntityId': '1611661325'}",shot_pace,1611661325,4Q/OT | margin -3..3 | 300..120,get-shots__shots__entity_type-Team__start_type-All__blocked-False__season-2024__season_type-Regular_Season__entity_id-1611661325__c4f64243,get-shots,https://api.pbpstats.com/get-shots/wnba?EntityType=Team&StartType=All&Blocked=False&Season=2024&SeasonType=Regular+Season&EntityId=1611661325,200,160,,,,,,False,1611661324,83.0,537,2024-09-06,1022400204,1627701-1628909-1631086-1641648-1642286,False,MIN,1627675-1629483-1629501-1629524-1629567,,,,,,1611661325,4,Caitlin Clark,1642286,29,01:46,0,,0,,0,,0,,False,-8,,17.0,0.4053,95.0,LongMidRange,2,106.0,OffFTMake,IND,01:35,https://videos.nba.com/wnba/pbp/media/2024/09/06/1022400204/537/56a2b716-f346-952f-4181-5bb3f31b3583_960x540.mp4,-57,160
wnba,wnba_shot_pace,shot_pace,shots,get-shots,2024,Regular Season,team,"{'EntityType': 'Team', 'StartType': 'All', 'Blocked': False, 'Season': '2024', 'SeasonType': 'Regular Season', 'EntityId': '1611661325'}",shot_pace,1611661325,4Q/OT | margin -3..3 | 300..120,get-shots__shots__entity_type-Team__start_type-All__blocked-False__season-2024__season_type-Regular_Season__entity_id-1611661325__c4f64243,get-shots,https://api.pbpstats.com/get-shots/wnba?EntityType=Team&StartType=All&Blocked=False&Season=2024&SeasonType=Regular+Season&EntityId=1611661325,200,161,,,,,,False,1611661324,123.0,525,2024-09-06,1022400204,1628909-1629478-1631019-1641648-1642286,False,MIN,1627675-1629483-1629501-1629524-1629567,,,,,,1611661325,4,Caitlin Clark,1642286,27,02:30,0,,1627675,Courtney Williams,0,,0,,False,-8,,20.2,0.349,129.0,LongMidRange,2,150.0,OffArc3Make,IND,02:09,https://videos.nba.com/wnba/pbp/media/2024/09/06/1022400204/525/1122e88d-7bc8-622c-9bdd-77bdf16923d5_960x540.mp4,98,177
wnba,wnba_shot_pace,shot_pace,shots,get-shots,2024,Regular Season,team,"{'EntityType': 'Team', 'StartType': 'All', 'Blocked': False, 'Season': '2024', 'SeasonType': 'Regular Season', 'EntityId': '1611661325'}",shot_pace,1611661325,4Q/OT | margin -3..3 | 300..120,get-shots__shots__entity_type-Team__start_type-All__blocked-False__season-2024__season_type-Regular_Season__entity_id-1611661325__c4f64243,get-shots,https://api.pbpstats.com/get-shots/wnba?EntityType=Team&StartType=All&Blocked=False&Season=2024&SeasonType=Regular+Season&EntityId=1611661325,200,162,,,,,,False,1611661324,193.0,514,2024-09-06,1022400204,1628909-1629478-1631019-1641648-1642286,False,MIN,1627675-1629483-1629501-1629524-1629567,,0.0,Caitlin Clark,1642286.0,Team,1611661325,4,Kelsey Mitchell,1628909,23,03:36,0,,0,,0,,0,,False,-4,7.0,23.7,0.2684,196.0,Arc3,3,216.0,OffTimeout,IND,03:16,https://videos.nba.com/wnba/pbp/media/2024/09/06/1022400204/514/94ca74e8-2fe2-315b-9989-2c8bf4e9be2a_960x540.mp4,1,237
wnba,wnba_shot_pace,shot_pace,shots,get-shots,2024,Regular Season,team,"{'EntityType': 'Team', 'StartType': 'All', 'Blocked': False, 'Season': '2024', 'SeasonType': 'Regular Season', 'EntityId': '1611661325'}",shot_pace,1611661325,4Q/OT | margin -3..3 | 300..120,get-shots__shots__entity_type-Team__start_type-All__blocked-False__season-2024__season_type-Regular_Season__entity_id-1611661325__c4f64243,get-shots,https://api.pbpstats.com/get-shots/wnba?EntityType=Team&StartType=All&Blocked=False&Season=2024&SeasonType=Regular+Season&EntityId=1611661325,200,163,,,,,,False,1611661324,193.0,505,2024-09-06,1022400204,1628909-1629478-1631019-1641648-1642286,False,MIN,1627675-1628899-1629483-1629524-1629567,,,,,,1611661325,4,Caitlin Clark,1642286,23,03:36,0,,0,,0,,0,,False,-4,,25.9,0.3006,204.0,Arc3,3,216.0,OffTimeout,IND,03:24,https://videos.nba.com/wnba/pbp/media/2024/09/06/1022400204/505/8b5fe8ea-f914-03c7-73b4-ac95f84b9d98_960x540.mp4,-161,203
wnba,wnba_shot_pace,shot_pace,shots,get-shots,2024,Regular Season,team,"{'EntityType': 'Team', 'StartType': 'All', 'Blocked': False, 'Season': '2024', 'SeasonType': 'Regular Season', 'EntityId': '1611661325'}",shot_pace,1611661325,4Q/OT | margin -3..3 | 300..120,get-shots__shots__entity_type-Team__start_type-All__blocked-False__season-2024__season_type-Regular_Season__entity_id-1611661325__c4f64243,get-shots,https://api.pbpstats.com/get-shots/wnba?EntityType=Team&StartType=All&Blocked=False&Season=2024&SeasonType=Regular+Season&EntityId=1611661325,200,164,,,,,,False,1611661324,277.0,486,2024-09-06,1022400204,1627701-1628909-1629478-1641648-1642286,False,MIN,1627675-1629483-1629501-1629567-1641657,,,,,,1611661325,4,Katie Lou Samuelson,1629478,19,05:02,0,,1627675,Courtney Williams,0,,0,,False,-4,,23.7,0.3369,279.0,Corner3,3,302.0,OffArc3Make,IND,04:39,https://videos.nba.com/wnba/pbp/media/2024/09/06/1022400204/486/4d06dd9f-2d80-4067-5311-223bf04981b6_960x540.mp4,-233,-44
wnba,wnba_shot_pace,shot_pace,shots,get-shots,2024,Regular Season,team,"{'EntityType': 'Team', 'StartType': 'All', 'Blocked': False, 'Season': '2024', 'SeasonType': 'Regular Season', 'EntityId': '1611661325'}",shot_pace,1611661325,4Q/OT | margin -3..3 | 300..120,get-shots__shots__entity_type-Team__start_type-All__blocked-False__season-2024__season_type-Regular_Season__entity_id-1611661325__c4f64243,get-shots,https://api.pbpstats.com/get-shots/wnba?EntityType=Team&StartType=All&Blocked=False&Season=2024&SeasonType=Regular+Season&EntityId=1611661325,200,165,,,,,,False,1611661324,450.0,439,2024-09-06,1022400204,1627701-1628909-1631086-1641648-1642286,False,MIN,1628899-1629483-1629524-1629567-1641657,Lexie Hull,1631086.0,Kelsey Mitchell,1628909.0,LongMidRange,1611661325,4,Kelsey Mitchell,1628909,9,07:51,1627701,Temi Fagbenle,1629524,Bridget Carleton,0,,0,,False,-6,1.0,23.8,0.3936,453.0,Corner3,3,471.0,OffArc3Miss,IND,07:33,https://videos.nba.com/wnba/pbp/media/2024/09/06/1022400204/439/32a8f3d3-99fc-eb98-5208-adf821849666_960x540.mp4,237,23
wnba,wnba_shot_pace,shot_pace,shots,get-shots,2024,Regular Season,team,"{'EntityType': 'Team', 'StartType': 'All', 'Blocked': False, 'Season': '2024', 'SeasonType': 'Regular Season', 'EntityId': '1611661325'}",shot_pace,1611661325,4Q/OT | margin -3..3 | 300..120,get-shots__shots__entity_type-Team__start_type-All__blocked-False__season-2024__season_type-Regular_Season__entity_id-1611661325__c4f64243,get-shots,https://api.pbpstats.com/get-shots/wnba?EntityType=Team&StartType=All&Blocked=False&Season=2024&SeasonType=Regular+Season&EntityId=1611661325,200,166,,,,,,False,1611661324,450.0,437,2024-09-06,1022400204,1627701-1628909-1631086-1641648-1642286,False,MIN,1628899-1629483-1629524-1629567-1641657,,,,,,1611661325,4,Kelsey Mitchell,1628909,9,07:51,1627701,Temi Fagbenle,1629524,Bridget Carleton,0,,0,,False,-6,,18.8,0.3457,457.0,LongMidRange,2,471.0,OffArc3Miss,IND,07:37,https://videos.nba.com/wnba/pbp/media/2024/09/06/1022400204/437/a5d769e0-0583-a4c5-9ea9-043b3eeff18a_960x540.mp4,160,99
wnba,wnba_shot_pace,shot_pace,shots,get-shots,2024,Regular Season,team,"{'EntityType': 'Team', 'StartType': 'All', 'Blocked': False, 'Season': '2024', 'SeasonType': 'Regular Season', 'EntityId': '1611661325'}",shot_pace,1611661325,4Q/OT | margin -3..3 | 300..120,get-shots__shots__entity_type-Team__start_type-All__blocked-False__season-2024__season_type-Regular_Season__entity_id-1611661325__c4f64243,get-shots,https://api.pbpstats.com/get-shots/wnba?EntityType=Team&StartType=All&Blocked=False&Season=2024&SeasonType=Regular+Season&EntityId=1611661325,200,167,,,,,,False,1611661324,547.0,419,2024-09-06,1022400204,1627701-1628909-1631086-1641648-1642286,False,MIN,1628899-1629483-1629524-1629567-1641657,,,,,,1611661325,4,Caitlin Clark,1642286,3,09:20,0,,1629483,Napheesa Collier,0,,0,,False,-12,,5.9,0.393,550.0,ShortMidRange,2,560.0,OffAtRimMake,IND,09:10,https://videos.nba.com/wnba/pbp/media/2024/09/06/1022400204/419/062eb2bd-23a6-b3c6-995a-5a536c70a8df_960x540.mp4,-34,48
wnba,wnba_shot_pace,shot_pace,shots,get-shots,2024,Regular Season,team,"{'EntityType': 'Team', 'StartType': 'All', 'Blocked': False, 'Season': '2024', 'SeasonType': 'Regular Season', 'EntityId': '1611661325'}",shot_pace,1611661325,4Q/OT | margin -3..3 | 300..120,get-shots__shots__entity_type-Team__start_type-All__blocked-False__season-2024__season_type-Regular_Season__entity_id-1611661325__c4f64243,get-shots,https://api.pbpstats.com/get-shots/wnba?EntityType=Team&StartType=All&Blocked=False&Season=2024&SeasonType=Regular+Season&EntityId=1611661325,200,168,,,,,,False,1611661324,63.0,386,2024-09-06,1022400204,1627701-1628909-1631086-1641648-204365,False,MIN,1628899-1629483-1629501-1629524-1629567,Aliyah Boston,1641648.0,Lexie Hull,1631086.0,LongMidRange,1611661325,3,Aliyah Boston,1641648,38,01:31,0,,1628899,Myisha Hines-Allen,0,,0,,True,-12,2.0,1.0,0.6795,64.0,AtRim,2,91.0,OffAtRimMake,IND,01:04,https://videos.nba.com/wnba/pbp/media/2024/09/06/1022400204/386/852946f7-0710-6334-b3d5-ed80aa764a2b_960x540.mp4,-10,2
wnba,wnba_shot_pace,shot_pace,shots,get-shots,2024,Regular Season,team,"{'EntityType': 'Team', 'StartType': 'All', 'Blocked': False, 'Season': '2024', 'SeasonType': 'Regular Season', 'EntityId': '1611661325'}",shot_pace,1611661325,4Q/OT | margin -3..3 | 300..120,get-shots__shots__entity_type-Team__start_type-All__blocked-False__season-2024__season_type-Regular_Season__entity_id-1611661325__c4f64243,get-shots,https://api.pbpstats.com/get-shots/wnba?EntityType=Team&StartType=All&Blocked=False&Season=2024&SeasonType=Regular+Season&EntityId=1611661325,200,169,,,,,,False,1611661324,63.0,384,2024-09-06,1022400204,1627701-1628909-1631086-1641648-204365,False,MIN,1628899-1629483-1629501-1629524-1629567,,,,,,1611661325,3,Lexie Hull,1631086,38,01:31,0,,1628899,Myisha Hines-Allen,0,,0,,False,-12,,16.2,0.3389,68.0,LongMidRange,2,91.0,OffAtRimMake,IND,01:08,https://videos.nba.com/wnba/pbp/media/2024/09/06/1022400204/384/47839f52-8654-35e3-db89-846b24eb34c4_960x540.mp4,-162,0
wnba,wnba_shot_pace,shot_pace,shots,get-shots,2024,Regular Season,team,"{'EntityType': 'Team', 'StartType': 'All', 'Blocked': False, 'Season': '2024', 'SeasonType': 'Regular Season', 'EntityId': '1611661325'}",shot_pace,1611661325,4Q/OT | margin -3..3 | 300..120,get-shots__shots__entity_type-Team__start_type-All__blocked-False__season-2024__season_type-Regular_Season__entity_id-1611661325__c4f64243,get-shots,https://api.pbpstats.com/get-shots/wnba?EntityType=Team&StartType=All&Blocked=False&Season=2024&SeasonType=Regular+Season&EntityId=1611661325,200,170,,,,,,False,1611661324,104.0,380,2024-09-06,1022400204,1627701-1628909-1631086-1641648-204365,False,MIN,1628899-1629483-1629501-1629524-1629567,,,,,,1611661325,3,Kelsey Mitchell,1628909,36,02:10,0,,1627675,Courtney Williams,0,,0,,False,-10,,22.3,0.2432,106.0,LongMidRange,2,130.0,OffLongMidRangeMake,IND,01:46,https://videos.nba.com/wnba/pbp/media/2024/09/06/1022400204/380/938c4ddf-6027-017f-0665-fa3ca621c744_960x540.mp4,129,182
wnba,wnba_shot_pace,shot_pace,shots,get-shots,2024,Regular Season,team,"{'EntityType': 'Team', 'StartType': 'All', 'Blocked': False, 'Season': '2024', 'SeasonType': 'Regular Season', 'EntityId': '1611661325'}",shot_pace,1611661325,4Q/OT | margin -3..3 | 300..120,get-shots__shots__entity_type-Team__start_type-All__blocked-False__season-2024__season_type-Regular_Season__entity_id-1611661325__c4f64243,get-shots,https://api.pbpstats.com/get-shots/wnba?EntityType=Team&StartType=All&Blocked=False&Season=2024&SeasonType=Regular+Season&EntityId=1611661325,200,171,,,,,,False,1611661324,270.0,342,2024-09-06,1022400204,1628909-1631019-1631086-1641648-1642286,False,MIN,1627675-1629483-1629501-1629524-203825,,,,,,1611661325,3,Kelsey Mitchell,1628909,24,04:48,0,,1629501,Alanna Smith,0,,0,,False,-2,,20.7,0.387,274.0,LongMidRange,2,288.0,OffAtRimMake,IND,04:34,https://videos.nba.com/wnba/pbp/media/2024/09/06/1022400204/342/7b9b79d4-7d65-9926-93d4-d987d48ff6d0_960x540.mp4,109,176
wnba,wnba_shot_pace,shot_pace,shots,get-shots,2024,Regular Season,team,"{'EntityType': 'Team', 'StartType': 'All', 'Blocked': False, 'Season': '2024', 'SeasonType': 'Regular Season', 'EntityId': '1611661325'}",shot_pace,1611661325,4Q/OT | margin -3..3 | 300..120,get-shots__shots__entity_type-Team__start_type-All__blocked-False__season-2024__season_type-Regular_Season__entity_id-1611661325__c4f64243,get-shots,https://api.pbpstats.com/get-shots/wnba?EntityType=Team&StartType=All&Blocked=False&Season=2024&SeasonType=Regular+Season&EntityId=1611661325,200,172,,,,,,False,1611661324,350.0,329,2024-09-06,1022400204,1628909-1631019-1631086-1641648-1642286,False,MIN,1627675-1629483-1629501-1629524-203825,,,,,,1611661325,3,Kelsey Mitchell,1628909,18,06:03,0,,0,,1631086,Lexie Hull,1629501,Alanna Smith,False,-1,,16.3,0.4025,352.0,LongMidRange,2,363.0,OffLiveBallTurnover,IND,05:52,https://videos.nba.com/wnba/pbp/media/2024/09/06/1022400204/329/a729301f-e672-5cc1-2e49-c87486fdb0d8_960x540.mp4,-160,33
wnba,wnba_shot_pace,shot_pace,shots,get-shots,2024,Regular Season,team,"{'EntityType': 'Team', 'StartType': 'All', 'Blocked': False, 'Season': '2024', 'SeasonType': 'Regular Season', 'EntityId': '1611661325'}",shot_pace,1611661325,4Q/OT | margin -3..3 | 300..120,get-shots__shots__entity_type-Team__start_type-All__blocked-False__season-2024__season_type-Regular_Season__entity_id-1611661325__c4f64243,get-shots,https://api.pbpstats.com/get-shots/wnba?EntityType=Team&StartType=All&Blocked=False&Season=2024&SeasonType=Regular+Season&EntityId=1611661325,200,173,,,,,,False,1611661324,447.0,313,2024-09-06,1022400204,1628909-1631019-1631086-1641648-1642286,False,MIN,1627675-1629483-1629501-1629524-203825,,,,,,1611661325,3,Caitlin Clark,1642286,10,07:38,1631086,Lexie Hull,1629483,Napheesa Collier,0,,0,,False,0,,19.3,0.4089,450.0,LongMidRange,2,458.0,OffAtRimMiss,IND,07:30,https://videos.nba.com/wnba/pbp/media/2024/09/06/1022400204/313/0afc33a9-7e5c-0d34-b969-3e5d249f451d_960x540.mp4,7,193
wnba,wnba_shot_pace,shot_pace,shots,get-shots,2024,Regular Season,team,"{'EntityType': 'Team', 'StartType': 'All', 'Blocked': False, 'Season': '2024', 'SeasonType': 'Regular Season', 'EntityId': '1611661325'}",shot_pace,1611661325,4Q/OT | margin -3..3 | 300..120,get-shots__shots__entity_type-Team__start_type-All__blocked-False__season-2024__season_type-Regular_Season__entity_id-1611661325__c4f64243,get-shots,https://api.pbpstats.com/get-shots/wnba?EntityType=Team&StartType=All&Blocked=False&Season=2024&SeasonType=Regular+Season&EntityId=1611661325,200,174,,,,,,False,1611661324,490.0,303,2024-09-06,1022400204,1628909-1631019-1631086-1641648-1642286,False,MIN,1627675-1629483-1629501-1629524-203825,,,,,,1611661325,3,Caitlin Clark,1642286,6,08:24,0,,1629501,Alanna Smith,0,,0,,False,0,,13.8,0.3903,491.0,ShortMidRange,2,504.0,OffAtRimMake,IND,08:11,https://videos.nba.com/wnba/pbp/media/2024/09/06/1022400204/303/8e8af027-bdf0-6bbf-1c50-96004c0a097e_960x540.mp4,-129,50
wnba,wnba_shot_pace,shot_pace,shots,get-shots,2024,Regular Season,team,"{'EntityType': 'Team', 'StartType': 'All', 'Blocked': False, 'Season': '2024', 'SeasonType': 'Regular Season', 'EntityId': '1611661325'}",shot_pace,1611661325,4Q/OT | margin -3..3 | 300..120,get-shots__shots__entity_type-Team__start_type-All__blocked-False__season-2024__season_type-Regular_Season__entity_id-1611661325__c4f64243,get-shots,https://api.pbpstats.com/get-shots/wnba?EntityType=Team&StartType=All&Blocked=False&Season=2024&SeasonType=Regular+Season&EntityId=1611661325,200,175,,,,,,False,1611661324,521.0,295,2024-09-06,1022400204,1628909-1631019-1631086-1641648-1642286,False,MIN,1627675-1629483-1629501-1629524-203825,,,,,,1611661325,3,Aliyah Boston,1641648,4,08:50,1631019,NaLyssa Smith,1629501,Alanna Smith,0,,0,,False,2,,1.3,0.6904,522.0,AtRim,2,530.0,OffArc3Miss,IND,08:42,https://videos.nba.com/wnba/pbp/media/2024/09/06/1022400204/295/cb2a07fd-02e7-c5f7-2f3f-324f6f9befa5_960x540.mp4,0,13
wnba,wnba_shot_pace,shot_pace,shots,get-shots,2024,Regular Season,team,"{'EntityType': 'Team', 'StartType': 'All', 'Blocked': False, 'Season': '2024', 'SeasonType': 'Regular Season', 'EntityId': '1611661325'}",shot_pace,1611661325,4Q/OT | margin -3..3 | 300..120,get-shots__shots__entity_type-Team__start_type-All__blocked-False__season-2024__season_type-Regular_Season__entity_id-1611661325__c4f64243,get-shots,https://api.pbpstats.com/get-shots/wnba?EntityType=Team&StartType=All&Blocked=False&Season=2024&SeasonType=Regular+Season&EntityId=1611661325,200,176,,,,,,False,1611661324,541.0,291,2024-09-06,1022400204,1628909-1631019-1631086-1641648-1642286,False,MIN,1627675-1629483-1629501-1629524-203825,NaLyssa Smith,1631019.0,Aliyah Boston,1641648.0,ShortMidRange,1611661325,3,NaLyssa Smith,1631019,2,09:43,0,,1629501,Alanna Smith,0,,0,,False,2,9.0,2.4,0.5945,543.0,AtRim,2,583.0,OffArc3Make,IND,09:03,https://videos.nba.com/wnba/pbp/media/2024/09/06/1022400204/291/8747bac4-8989-f805-ef0a-7c379046fabb_960x540.mp4,6,23
wnba,wnba_shot_pace,shot_pace,shots,get-shots,2024,Regular Season,team,"{'EntityType': 'Team', 'StartType': 'All', 'Blocked': False, 'Season': '2024', 'SeasonType': 'Regular Season', 'EntityId': '1611661325'}",shot_pace,1611661325,4Q/OT | margin -3..3 | 300..120,get-shots__shots__entity_type-Team__start_type-All__blocked-False__season-2024__season_type-Regular_Season__entity_id-1611661325__c4f64243,get-shots,https://api.pbpstats.com/get-shots/wnba?EntityType=Team&StartType=All&Blocked=False&Season=2024&SeasonType=Regular+Season&EntityId=1611661325,200,177,,,,,,False,1611661324,541.0,286,2024-09-06,1022400204,1628909-1631019-1631086-1641648-1642286,False,MIN,1627675-1629483-1629501-1629524-203825,,,,,,1611661325,3,Aliyah Boston,1641648,2,09:43,0,,1629501,Alanna Smith,0,,0,,False,2,,10.3,0.34,555.0,ShortMidRange,2,583.0,OffArc3Make,IND,09:15,https://videos.nba.com/wnba/pbp/media/2024/09/06/1022400204/286/8cdbb3a2-7b2b-cccd-ee13-a694bb171b97_960x540.mp4,102,15
wnba,wnba_shot_pace,shot_pace,shots,get-shots,2024,Regular Season,team,"{'EntityType': 'Team', 'StartType': 'All', 'Blocked': False, 'Season': '2024', 'SeasonType': 'Regular Season', 'EntityId': '1611661325'}",shot_pace,1611661325,4Q/OT | margin -3..3 | 300..120,get-shots__shots__entity_type-Team__start_type-All__blocked-False__season-2024__season_type-Regular_Season__entity_id-1611661325__c4f64243,get-shots,https://api.pbpstats.com/get-shots/wnba?EntityType=Team&StartType=All&Blocked=False&Season=2024&SeasonType=Regular+Season&EntityId=1611661325,200,178,,,,,,False,1611661324,1.0,275,2024-09-06,1022400204,1628909-1631019-1631086-1641648-1642286,False,MIN,1627675-1628899-1629483-1629524-1641657,,,,,,1611661325,2,NaLyssa Smith,1631019,40,00:08,0,,1629524,Bridget Carleton,0,,0,,False,5,,1.2,0.7381,1.0,AtRim,2,8.0,OffArc3Make,IND,00:01,https://videos.nba.com/wnba/pbp/media/2024/09/06/1022400204/275/b4da5ff8-2bbe-3946-b6af-dcd662b74a35_960x540.mp4,11,4
wnba,wnba_shot_pace,shot_pace,shots,get-shots,2024,Regular Season,team,"{'EntityType': 'Team', 'StartType': 'All', 'Blocked': False, 'Season': '2024', 'SeasonType': 'Regular Season', 'EntityId': '1611661325'}",shot_pace,1611661325,4Q/OT | margin -3..3 | 300..120,get-shots__shots__entity_type-Team__start_type-All__blocked-False__season-2024__season_type-Regular_Season__entity_id-1611661325__c4f64243,get-shots,https://api.pbpstats.com/get-shots/wnba?EntityType=Team&StartType=All&Blocked=False&Season=2024&SeasonType=Regular+Season&EntityId=1611661325,200,179,,,,,,False,1611661324,27.0,271,2024-09-06,1022400204,1628909-1631019-1631086-1641648-1642286,False,MIN,1627675-1628899-1629483-1629524-1641657,,,,,,1611661325,2,Caitlin Clark,1642286,38,00:47,0,,0,,0,,0,,False,8,,15.8,0.3523,30.0,LongMidRange,2,47.0,OffFTMake,IND,00:30,https://videos.nba.com/wnba/pbp/media/2024/09/06/1022400204/271/af1af757-69f1-2073-61cc-48d0d93fa1af_960x540.mp4,113,111
wnba,wnba_shot_pace,shot_pace,shots,get-shots,2024,Regular Season,team,"{'EntityType': 'Team', 'StartType': 'All', 'Blocked': False, 'Season': '2024', 'SeasonType': 'Regular Season', 'EntityId': '1611661325'}",shot_pace,1611661325,4Q/OT | margin -3..3 | 300..120,get-shots__shots__entity_type-Team__start_type-All__blocked-False__season-2024__season_type-Regular_Season__entity_id-1611661325__c4f64243,get-shots,https://api.pbpstats.com/get-shots/wnba?EntityType=Team&StartType=All&Blocked=False&Season=2024&SeasonType=Regular+Season&EntityId=1611661325,200,180,,,,,,False,1611661324,231.0,221,2024-09-06,1022400204,1628909-1629478-1631019-1641648-1642286,False,MIN,1627675-1628508-1628899-1629483-1629501,,,,,,1611661325,2,Caitlin Clark,1642286,24,04:13,0,,0,,0,,0,,False,5,,31.9,0.2349,233.0,Arc3,3,253.0,OffDeadball,IND,03:53,https://videos.nba.com/wnba/pbp/media/2024/09/06/1022400204/221/26497fd5-7c40-bc5f-33c9-adb642f784d6_960x540.mp4,-205,244
wnba,wnba_shot_pace,shot_pace,shots,get-shots,2024,Regular Season,team,"{'EntityType': 'Team', 'StartType': 'All', 'Blocked': False, 'Season': '2024', 'SeasonType': 'Regular Season', 'EntityId': '1611661325'}",shot_pace,1611661325,4Q/OT | margin -3..3 | 300..120,get-shots__shots__entity_type-Team__start_type-All__blocked-False__season-2024__season_type-Regular_Season__entity_id-1611661325__c4f64243,get-shots,https://api.pbpstats.com/get-shots/wnba?EntityType=Team&StartType=All&Blocked=False&Season=2024&SeasonType=Regular+Season&EntityId=1611661325,200,181,,,,,,False,1611661324,267.0,208,2024-09-06,1022400204,1628909-1629478-1631019-1641648-1642286,False,MIN,1627675-1628508-1628899-1641657-203825,NaLyssa Smith,1631019.0,Kelsey Mitchell,1628909.0,AtRim,1611661325,2,NaLyssa Smith,1631019,20,04:43,1641648,Aliyah Boston,1627675,Courtney Williams,0,,0,,True,3,0.0,0.6,0.6896,269.0,AtRim,2,283.0,OffLongMidRangeMiss,IND,04:29,https://videos.nba.com/wnba/pbp/media/2024/09/06/1022400204/208/800008af-d359-c98a-2232-b32dc1cb6527_960x540.mp4,0,-6
wnba,wnba_shot_pace,shot_pace,shots,get-shots,2024,Regular Season,team,"{'EntityType': 'Team', 'StartType': 'All', 'Blocked': False, 'Season': '2024', 'SeasonType': 'Regular Season', 'EntityId': '1611661325'}",shot_pace,1611661325,4Q/OT | margin -3..3 | 300..120,get-shots__shots__entity_type-Team__start_type-All__blocked-False__season-2024__season_type-Regular_Season__entity_id-1611661325__c4f64243,get-shots,https://api.pbpstats.com/get-shots/wnba?EntityType=Team&StartType=All&Blocked=False&Season=2024&SeasonType=Regular+Season&EntityId=1611661325,200,182,,,,,,False,1611661324,267.0,206,2024-09-06,1022400204,1628909-1629478-1631019-1641648-1642286,False,MIN,1627675-1628508-1628899-1641657-203825,,,,,,1611661325,2,Kelsey Mitchell,1628909,20,04:43,1641648,Aliyah Boston,1627675,Courtney Williams,0,,0,,False,3,,0.4,0.7448,273.0,AtRim,2,283.0,OffLongMidRangeMiss,IND,04:33,https://videos.nba.com/wnba/pbp/media/2024/09/06/1022400204/206/0fa2eba0-df83-2a67-9e8b-eba16e5175f0_960x540.mp4,-1,4
wnba,wnba_shot_pace,shot_pace,shots,get-shots,2024,Regular Season,team,"{'EntityType': 'Team', 'StartType': 'All', 'Blocked': False, 'Season': '2024', 'SeasonType': 'Regular Season', 'EntityId': '1611661325'}",shot_pace,1611661325,4Q/OT | margin -3..3 | 300..120,get-shots__shots__entity_type-Team__start_type-All__blocked-False__season-2024__season_type-Regular_Season__entity_id-1611661325__c4f64243,get-shots,https://api.pbpstats.com/get-shots/wnba?EntityType=Team&StartType=All&Blocked=False&Season=2024&SeasonType=Regular+Season&EntityId=1611661325,200,183,,,,,,False,1611661324,330.0,199,2024-09-06,1022400204,1628909-1629478-1631019-1641648-1642286,False,MIN,1627675-1628508-1628899-1641657-203825,,,,,,1611661325,2,NaLyssa Smith,1631019,16,05:56,0,,0,,0,,0,,False,1,,16.3,0.3172,334.0,LongMidRange,2,356.0,OffTimeout,IND,05:34,https://videos.nba.com/wnba/pbp/media/2024/09/06/1022400204/199/7c67f9ca-e7f0-e14d-8dff-49e01eb8d6f4_960x540.mp4,163,2
wnba,wnba_shot_pace,shot_pace,shots,get-shots,2024,Regular Season,team,"{'EntityType': 'Team', 'StartType': 'All', 'Blocked': False, 'Season': '2024', 'SeasonType': 'Regular Season', 'EntityId': '1611661325'}",shot_pace,1611661325,4Q/OT | margin -3..3 | 300..120,get-shots__shots__entity_type-Team__start_type-All__blocked-False__season-2024__season_type-Regular_Season__entity_id-1611661325__c4f64243,get-shots,https://api.pbpstats.com/get-shots/wnba?EntityType=Team&StartType=All&Blocked=False&Season=2024&SeasonType=Regular+Season&EntityId=1611661325,200,184,,,,,,False,1611661324,360.0,189,2024-09-06,1022400204,1628909-1629478-1631019-1641648-204365,False,MIN,1627675-1628508-1628899-1641657-203825,,,,,,1611661325,2,Aliyah Boston,1641648,14,06:26,0,,1628508,Cecilia Zandalasini,0,,0,,False,2,,26.1,0.3278,364.0,Arc3,3,386.0,OffShortMidRangeMake,IND,06:04,https://videos.nba.com/wnba/pbp/media/2024/09/06/1022400204/189/1ac9fbd9-1fd8-ae5a-82a3-0501e473b1f0_960x540.mp4,-1,261
wnba,wnba_shot_pace,shot_pace,shots,get-shots,2024,Regular Season,team,"{'EntityType': 'Team', 'StartType': 'All', 'Blocked': False, 'Season': '2024', 'SeasonType': 'Regular Season', 'EntityId': '1611661325'}",shot_pace,1611661325,4Q/OT | margin -3..3 | 300..120,get-shots__shots__entity_type-Team__start_type-All__blocked-False__season-2024__season_type-Regular_Season__entity_id-1611661325__c4f64243,get-shots,https://api.pbpstats.com/get-shots/wnba?EntityType=Team&StartType=All&Blocked=False&Season=2024&SeasonType=Regular+Season&EntityId=1611661325,200,185,,,,,,False,1611661324,558.0,146,2024-09-06,1022400204,1627701-1631086-1642286-203024-204365,False,MIN,1628508-1628899-1629483-1629567-1641657,,,,,,1611661325,2,Temi Fagbenle,1627701,2,09:47,0,,1629483,Napheesa Collier,0,,0,,False,6,,24.0,0.3234,563.0,Arc3,3,587.0,OffShortMidRangeMake,IND,09:23,https://videos.nba.com/wnba/pbp/media/2024/09/06/1022400204/146/3a85e9dc-d4fb-3e26-6848-1b27887a681e_960x540.mp4,-12,240
wnba,wnba_shot_pace,shot_pace,shots,get-shots,2024,Regular Season,team,"{'EntityType': 'Team', 'StartType': 'All', 'Blocked': False, 'Season': '2024', 'SeasonType': 'Regular Season', 'EntityId': '1611661325'}",shot_pace,1611661325,4Q/OT | margin -3..3 | 300..120,get-shots__shots__entity_type-Team__start_type-All__blocked-False__season-2024__season_type-Regular_Season__entity_id-1611661325__c4f64243,get-shots,https://api.pbpstats.com/get-shots/wnba?EntityType=Team&StartType=All&Blocked=False&Season=2024&SeasonType=Regular+Season&EntityId=1611661325,200,186,,,,,,False,1611661324,1.0,139,2024-09-06,1022400204,1627701-1628909-1631086-1642286-203024,False,MIN,1628508-1628899-1629483-1629567-1641657,,,,,,1611661325,1,Kelsey Mitchell,1628909,43,00:29,0,,0,,0,,0,,False,8,,17.3,0.2996,6.0,LongMidRange,2,29.0,OffDeadball,IND,00:06,https://videos.nba.com/wnba/pbp/media/2024/09/06/1022400204/139/2d2a57b3-6502-2fda-badd-4ccfe82a2577_960x540.mp4,69,159
wnba,wnba_shot_pace,shot_pace,shots,get-shots,2024,Regular Season,team,"{'EntityType': 'Team', 'StartType': 'All', 'Blocked': False, 'Season': '2024', 'SeasonType': 'Regular Season', 'EntityId': '1611661325'}",shot_pace,1611661325,4Q/OT | margin -3..3 | 300..120,get-shots__shots__entity_type-Team__start_type-All__blocked-False__season-2024__season_type-Regular_Season__entity_id-1611661325__c4f64243,get-shots,https://api.pbpstats.com/get-shots/wnba?EntityType=Team&StartType=All&Blocked=False&Season=2024&SeasonType=Regular+Season&EntityId=1611661325,200,187,,,,,,False,1611661324,41.0,132,2024-09-06,1022400204,1627701-1628909-1631086-1642286-203024,False,MIN,1628508-1629483-1629524-1629567-1641657,,,,,,1611661325,1,Damiris Dantas,203024,41,00:59,0,,1628508,Cecilia Zandalasini,0,,0,,False,8,,27.3,0.3075,45.0,Arc3,3,59.0,OffArc3Make,IND,00:45,https://videos.nba.com/wnba/pbp/media/2024/09/06/1022400204/132/6be09b3a-115b-de28-e425-f3132e532ff8_960x540.mp4,122,244
wnba,wnba_shot_pace,shot_pace,shots,get-shots,2024,Regular Season,team,"{'EntityType': 'Team', 'StartType': 'All', 'Blocked': False, 'Season': '2024', 'SeasonType': 'Regular Season', 'EntityId': '1611661325'}",shot_pace,1611661325,4Q/OT | margin -3..3 | 300..120,get-shots__shots__entity_type-Team__start_type-All__blocked-False__season-2024__season_type-Regular_Season__entity_id-1611661325__c4f64243,get-shots,https://api.pbpstats.com/get-shots/wnba?EntityType=Team&StartType=All&Blocked=False&Season=2024&SeasonType=Regular+Season&EntityId=1611661325,200,188,,,,,,False,1611661324,84.0,125,2024-09-06,1022400204,1627701-1628909-1631086-1642286-203024,False,MIN,1628508-1629483-1629524-1629567-1641657,Temi Fagbenle,1627701.0,Lexie Hull,1631086.0,AtRimBlocked,1611661325,1,Kelsey Mitchell,1628909,39,01:39,0,,0,,1631086,Lexie Hull,1629524,Bridget Carleton,False,9,3.0,25.5,0.39,89.0,Arc3,3,99.0,OffLiveBallTurnover,IND,01:29,https://videos.nba.com/wnba/pbp/media/2024/09/06/1022400204/125/9c3c8e2e-90eb-2e0a-f64b-ec4aa2fba11c_960x540.mp4,186,174
wnba,wnba_shot_pace,shot_pace,shots,get-shots,2024,Regular Season,team,"{'EntityType': 'Team', 'StartType': 'All', 'Blocked': False, 'Season': '2024', 'SeasonType': 'Regular Season', 'EntityId': '1611661325'}",shot_pace,1611661325,4Q/OT | margin -3..3 | 300..120,get-shots__shots__entity_type-Team__start_type-All__blocked-False__season-2024__season_type-Regular_Season__entity_id-1611661325__c4f64243,get-shots,https://api.pbpstats.com/get-shots/wnba?EntityType=Team&StartType=All&Blocked=False&Season=2024&SeasonType=Regular+Season&EntityId=1611661325,200,189,,,,,,False,1611661324,122.0,106,2024-09-06,1022400204,1628909-1631019-1631086-1642286-203024,False,MIN,1629483-1629524-1629567-1641657-203825,,,,,,1611661325,1,Caitlin Clark,1642286,35,02:13,0,,1629567,Natisha Hiedeman,0,,0,,False,6,,26.5,0.3475,124.0,Arc3,3,133.0,OffAtRimMake,IND,02:04,https://videos.nba.com/wnba/pbp/media/2024/09/06/1022400204/106/c03ec724-d8f7-8949-0b70-697d17151667_960x540.mp4,-191,184
wnba,wnba_shot_pace,shot_pace,shots,get-shots,2024,Regular Season,team,"{'EntityType': 'Team', 'StartType': 'All', 'Blocked': False, 'Season': '2024', 'SeasonType': 'Regular Season', 'EntityId': '1611661325'}",shot_pace,1611661325,4Q/OT | margin -3..3 | 300..120,get-shots__shots__entity_type-Team__start_type-All__blocked-False__season-2024__season_type-Regular_Season__entity_id-1611661325__c4f64243,get-shots,https://api.pbpstats.com/get-shots/wnba?EntityType=Team&StartType=All&Blocked=False&Season=2024&SeasonType=Regular+Season&EntityId=1611661325,200,190,,,,,,False,1611661324,230.0,80,2024-09-06,1022400204,1628909-1631019-1631086-1641648-1642286,False,MIN,1627675-1629483-1629501-1629524-203825,,,,,,1611661325,1,Caitlin Clark,1642286,27,04:02,0,,1629483,Napheesa Collier,0,,0,,False,1,,29.0,0.3395,233.0,Arc3,3,242.0,OffAtRimMake,IND,03:53,https://videos.nba.com/wnba/pbp/media/2024/09/06/1022400204/80/31b96b33-2dae-b51c-d6c8-cd8abd4d1b2e_960x540.mp4,-149,249
wnba,wnba_shot_pace,shot_pace,shots,get-shots,2024,Regular Season,team,"{'EntityType': 'Team', 'StartType': 'All', 'Blocked': False, 'Season': '2024', 'SeasonType': 'Regular Season', 'EntityId': '1611661325'}",shot_pace,1611661325,4Q/OT | margin -3..3 | 300..120,get-shots__shots__entity_type-Team__start_type-All__blocked-False__season-2024__season_type-Regular_Season__entity_id-1611661325__c4f64243,get-shots,https://api.pbpstats.com/get-shots/wnba?EntityType=Team&StartType=All&Blocked=False&Season=2024&SeasonType=Regular+Season&EntityId=1611661325,200,191,,,,,,False,1611661324,397.0,40,2024-09-06,1022400204,1628909-1631019-1631086-1641648-1642286,False,MIN,1627675-1629483-1629501-1629524-203825,Lexie Hull,1631086.0,Kelsey Mitchell,1628909.0,LongMidRange,1611661325,1,NaLyssa Smith,1631019,13,07:17,0,,1629501,Alanna Smith,0,,0,,False,-1,7.0,25.7,0.3682,406.0,Arc3,3,437.0,OffArc3Make,IND,06:46,https://videos.nba.com/wnba/pbp/media/2024/09/06/1022400204/40/8c703ac0-79eb-eda6-fce2-034ef4741968_960x540.mp4,225,125
wnba,wnba_shot_pace,shot_pace,shots,get-shots,2024,Regular Season,team,"{'EntityType': 'Team', 'StartType': 'All', 'Blocked': False, 'Season': '2024', 'SeasonType': 'Regular Season', 'EntityId': '1611661325'}",shot_pace,1611661325,4Q/OT | margin -3..3 | 300..120,get-shots__shots__entity_type-Team__start_type-All__blocked-False__season-2024__season_type-Regular_Season__entity_id-1611661325__c4f64243,get-shots,https://api.pbpstats.com/get-shots/wnba?EntityType=Team&StartType=All&Blocked=False&Season=2024&SeasonType=Regular+Season&EntityId=1611661325,200,192,,,,,,False,1611661324,397.0,38,2024-09-06,1022400204,1628909-1631019-1631086-1641648-1642286,False,MIN,1627675-1629483-1629501-1629524-203825,,,,,,1611661325,1,Kelsey Mitchell,1628909,13,07:17,0,,1629501,Alanna Smith,0,,0,,False,-1,,20.2,0.4222,415.0,LongMidRange,2,437.0,OffArc3Make,IND,06:55,https://videos.nba.com/wnba/pbp/media/2024/09/06/1022400204/38/4ab23bf6-c7fe-3381-50ea-85d7b5d9ff08_960x540.mp4,-23,201
wnba,wnba_shot_pace,shot_pace,shots,get-shots,2024,Regular Season,team,"{'EntityType': 'Team', 'StartType': 'All', 'Blocked': False, 'Season': '2024', 'SeasonType': 'Regular Season', 'EntityId': '1611661325'}",shot_pace,1611661325,4Q/OT | margin -3..3 | 300..120,get-shots__shots__entity_type-Team__start_type-All__blocked-False__season-2024__season_type-Regular_Season__entity_id-1611661325__c4f64243,get-shots,https://api.pbpstats.com/get-shots/wnba?EntityType=Team&StartType=All&Blocked=False&Season=2024&SeasonType=Regular+Season&EntityId=1611661325,200,193,,,,,,False,1611661324,445.0,28,2024-09-06,1022400204,1628909-1631019-1631086-1641648-1642286,False,MIN,1627675-1629483-1629501-1629524-203825,,,,,,1611661325,1,Caitlin Clark,1642286,11,07:42,0,,0,,0,,0,,False,2,,30.5,0.325,451.0,Arc3,3,462.0,OffFTMake,IND,07:31,https://videos.nba.com/wnba/pbp/media/2024/09/06/1022400204/28/acb8a530-3658-20ca-1aa3-3da980e10470_960x540.mp4,68,297
wnba,wnba_shot_pace,shot_pace,shots,get-shots,2024,Regular Season,team,"{'EntityType': 'Team', 'StartType': 'All', 'Blocked': False, 'Season': '2024', 'SeasonType': 'Regular Season', 'EntityId': '1611661325'}",shot_pace,1611661325,4Q/OT | margin -3..3 | 300..120,get-shots__shots__entity_type-Team__start_type-All__blocked-False__season-2024__season_type-Regular_Season__entity_id-1611661325__c4f64243,get-shots,https://api.pbpstats.com/get-shots/wnba?EntityType=Team&StartType=All&Blocked=False&Season=2024&SeasonType=Regular+Season&EntityId=1611661325,200,194,,,,,,False,1611661324,472.0,22,2024-09-06,1022400204,1628909-1631019-1631086-1641648-1642286,False,MIN,1627675-1629483-1629501-1629524-203825,,,,,,1611661325,1,Kelsey Mitchell,1628909,9,08:17,1642286,Caitlin Clark,1629524,Bridget Carleton,0,,0,,False,4,,27.2,0.3484,477.0,Arc3,3,497.0,OffCorner3Miss,IND,07:57,https://videos.nba.com/wnba/pbp/media/2024/09/06/1022400204/22/5c574c8b-2660-d2f3-ced6-459313e618a4_960x540.mp4,185,200
wnba,wnba_shot_pace,shot_pace,shots,get-shots,2024,Regular Season,team,"{'EntityType': 'Team', 'StartType': 'All', 'Blocked': False, 'Season': '2024', 'SeasonType': 'Regular Season', 'EntityId': '1611661325'}",shot_pace,1611661325,4Q/OT | margin -3..3 | 300..120,get-shots__shots__entity_type-Team__start_type-All__blocked-False__season-2024__season_type-Regular_Season__entity_id-1611661325__c4f64243,get-shots,https://api.pbpstats.com/get-shots/wnba?EntityType=Team&StartType=All&Blocked=False&Season=2024&SeasonType=Regular+Season&EntityId=1611661325,200,195,,,,,,False,1611661324,508.0,18,2024-09-06,1022400204,1628909-1631019-1631086-1641648-1642286,False,MIN,1627675-1629483-1629501-1629524-203825,,,,,,1611661325,1,Caitlin Clark,1642286,7,08:42,1631019,NaLyssa Smith,1627675,Courtney Williams,0,,0,,False,4,,7.7,0.402,511.0,ShortMidRange,2,522.0,OffLongMidRangeMiss,IND,08:31,https://videos.nba.com/wnba/pbp/media/2024/09/06/1022400204/18/f7f48606-f436-bf19-9eee-71bff3a9723b_960x540.mp4,-21,74
wnba,wnba_shot_pace,shot_pace,shots,get-shots,2024,Regular Season,team,"{'EntityType': 'Team', 'StartType': 'All', 'Blocked': False, 'Season': '2024', 'SeasonType': 'Regular Season', 'EntityId': '1611661325'}",shot_pace,1611661325,4Q/OT | margin -3..3 | 300..120,get-shots__shots__entity_type-Team__start_type-All__blocked-False__season-2024__season_type-Regular_Season__entity_id-1611661325__c4f64243,get-shots,https://api.pbpstats.com/get-shots/wnba?EntityType=Team&StartType=All&Blocked=False&Season=2024&SeasonType=Regular+Season&EntityId=1611661325,200,196,,,,,,False,1611661324,556.0,10,2024-09-06,1022400204,1628909-1631019-1631086-1641648-1642286,False,MIN,1627675-1629483-1629501-1629524-203825,,,,,,1611661325,1,Kelsey Mitchell,1628909,3,09:30,0,,0,,0,,0,,False,2,,18.8,0.4057,559.0,LongMidRange,2,570.0,OffDeadball,IND,09:19,https://videos.nba.com/wnba/pbp/media/2024/09/06/1022400204/10/aa391e5d-0322-bfe3-1307-d419c3422e63_960x540.mp4,-72,174
wnba,wnba_shot_pace,shot_pace,shots,get-shots,2024,Regular Season,team,"{'EntityType': 'Team', 'StartType': 'All', 'Blocked': False, 'Season': '2024', 'SeasonType': 'Regular Season', 'EntityId': '1611661325'}",shot_pace,1611661325,4Q/OT | margin -3..3 | 300..120,get-shots__shots__entity_type-Team__start_type-All__blocked-False__season-2024__season_type-Regular_Season__entity_id-1611661325__c4f64243,get-shots,https://api.pbpstats.com/get-shots/wnba?EntityType=Team&StartType=All&Blocked=False&Season=2024&SeasonType=Regular+Season&EntityId=1611661325,200,197,,,,,,False,1611661320,55.0,513,2024-09-04,1022400199,1628909-1631019-1631086-1641648-1642286,False,LAS,1628915-1628922-1630996-203824-204324,,,,,,1611661325,4,Kelsey Mitchell,1628909,37,01:19,1641648,Aliyah Boston,1628915,Kia Nurse,0,,0,,False,3,,25.3,0.2532,58.0,Arc3,3,79.0,OffArc3Miss,IND,00:58,https://videos.nba.com/wnba/pbp/media/2024/09/04/1022400199/513/71096c1e-f9da-9092-2c05-80242e086961_960x540.mp4,-132,216
wnba,wnba_shot_pace,shot_pace,shots,get-shots,2024,Regular Season,team,"{'EntityType': 'Team', 'StartType': 'All', 'Blocked': False, 'Season': '2024', 'SeasonType': 'Regular Season', 'EntityId': '1611661325'}",shot_pace,1611661325,4Q/OT | margin -3..3 | 300..120,get-shots__shots__entity_type-Team__start_type-All__blocked-False__season-2024__season_type-Regular_Season__entity_id-1611661325__c4f64243,get-shots,https://api.pbpstats.com/get-shots/wnba?EntityType=Team&StartType=All&Blocked=False&Season=2024&SeasonType=Regular+Season&EntityId=1611661325,200,198,,,,,,False,1611661320,86.0,509,2024-09-04,1022400199,1628909-1631019-1631086-1641648-1642286,False,LAS,1628915-1628922-1630996-203824-204324,,0.0,Kelsey Mitchell,1628909.0,TeamBlocked,1611661325,4,Aliyah Boston,1641648,35,01:51,0,,0,,0,,0,,False,3,8.0,24.9,0.5331,87.0,Arc3,3,111.0,OffFTMake,IND,01:27,https://videos.nba.com/wnba/pbp/media/2024/09/04/1022400199/509/71d819de-c943-9b36-41dd-7af4161df0ea_960x540.mp4,-5,249
wnba,wnba_shot_pace,shot_pace,shots,get-shots,2024,Regular Season,team,"{'EntityType': 'Team', 'StartType': 'All', 'Blocked': False, 'Season': '2024', 'SeasonType': 'Regular Season', 'EntityId': '1611661325'}",shot_pace,1611661325,4Q/OT | margin -3..3 | 300..120,get-shots__shots__entity_type-Team__start_type-All__blocked-False__season-2024__season_type-Regular_Season__entity_id-1611661325__c4f64243,get-shots,https://api.pbpstats.com/get-shots/wnba?EntityType=Team&StartType=All&Blocked=False&Season=2024&SeasonType=Regular+Season&EntityId=1611661325,200,199,,,,,,False,1611661320,175.0,474,2024-09-04,1022400199,1628909-1631019-1631086-1641648-1642286,False,LAS,1628922-1630996-203824-203855-204324,,,,,,1611661325,4,Caitlin Clark,1642286,29,03:17,0,,203824,Odyssey Sims,0,,0,,False,3,,28.7,0.2627,176.0,Arc3,3,197.0,OffAtRimMake,IND,02:56,https://videos.nba.com/wnba/pbp/media/2024/09/04/1022400199/474/4b5b7bd0-26a2-ef4d-36a4-985d809f9db9_960x540.mp4,-89,273
wnba,wnba_shot_pace,shot_pace,shots,get-shots,2024,Regular Season,team,"{'EntityType': 'Team', 'StartType': 'All', 'Blocked': False, 'Season': '2024', 'SeasonType': 'Regular Season', 'EntityId': '1611661325'}",shot_pace,1611661325,4Q/OT | margin -3..3 | 300..120,get-shots__shots__entity_type-Team__start_type-All__blocked-False__season-2024__season_type-Regular_Season__entity_id-1611661325__c4f64243,get-shots,https://api.pbpstats.com/get-shots/wnba?EntityType=Team&StartType=All&Blocked=False&Season=2024&SeasonType=Regular+Season&EntityId=1611661325,200,200,,,,,,False,1611661320,276.0,455,2024-09-04,1022400199,1628909-1631019-1631086-1641648-1642286,False,LAS,1628922-1630996-203824-203855-204324,,,,,,1611661325,4,Kelsey Mitchell,1628909,21,05:04,0,,0,,0,,0,,False,4,,23.6,0.3389,280.0,Corner3,3,304.0,OffFTMake,IND,04:40,https://videos.nba.com/wnba/pbp/media/2024/09/04/1022400199/455/d2c0bc32-e96b-aed6-e1fa-0243013695ab_960x540.mp4,-222,79
wnba,wnba_shot_pace,shot_pace,shots,get-shots,2024,Regular Season,team,"{'EntityType': 'Team', 'StartType': 'All', 'Blocked': False, 'Season': '2024', 'SeasonType': 'Regular Season', 'EntityId': '1611661325'}",shot_pace,1611661325,4Q/OT | margin -3..3 | 300..120,get-shots__shots__entity_type-Team__start_type-All__blocked-False__season-2024__season_type-Regular_Season__entity_id-1611661325__c4f64243,get-shots,https://api.pbpstats.com/get-shots/wnba?EntityType=Team&StartType=All&Blocked=False&Season=2024&SeasonType=Regular+Season&EntityId=1611661325,200,201,,,,,,False,1611661320,349.0,442,2024-09-04,1022400199,1628909-1631019-1631086-1641648-1642286,False,LAS,1628915-1628922-1630996-203824-204324,,,,,,1611661325,4,Lexie Hull,1631086,17,05:59,1641648,Aliyah Boston,203824,Odyssey Sims,0,,0,,False,6,,23.7,0.4106,353.0,Corner3,3,359.0,OffAtRimMiss,IND,05:53,https://videos.nba.com/wnba/pbp/media/2024/09/04/1022400199/442/386f6835-c032-70b4-9362-4375db24fbfb_960x540.mp4,232,50
wnba,wnba_shot_pace,shot_pace,shots,get-shots,2024,Regular Season,team,"{'EntityType': 'Team', 'StartType': 'All', 'Blocked': False, 'Season': '2024', 'SeasonType': 'Regular Season', 'EntityId': '1611661325'}",shot_pace,1611661325,4Q/OT | margin -3..3 | 300..120,get-shots__shots__entity_type-Team__start_type-All__blocked-False__season-2024__season_type-Regular_Season__entity_id-1611661325__c4f64243,get-shots,https://api.pbpstats.com/get-shots/wnba?EntityType=Team&StartType=All&Blocked=False&Season=2024&SeasonType=Regular+Season&EntityId=1611661325,200,202,,,,,,False,1611661320,401.0,430,2024-09-04,1022400199,1628909-1631019-1631086-1641648-1642286,False,LAS,1628915-1628922-1630996-203824-204324,,,,,,1611661325,4,Kelsey Mitchell,1628909,13,06:55,0,,0,,0,,0,,False,8,,17.4,0.3767,404.0,LongMidRange,2,415.0,OffTimeout,IND,06:44,https://videos.nba.com/wnba/pbp/media/2024/09/04/1022400199/430/e43ff5d1-e59a-7d73-8a01-1545704a8794_960x540.mp4,1,174
wnba,wnba_shot_pace,shot_pace,shots,get-shots,2024,Regular Season,team,"{'EntityType': 'Team', 'StartType': 'All', 'Blocked': False, 'Season': '2024', 'SeasonType': 'Regular Season', 'EntityId': '1611661325'}",shot_pace,1611661325,4Q/OT | margin -3..3 | 300..120,get-shots__shots__entity_type-Team__start_type-All__blocked-False__season-2024__season_type-Regular_Season__entity_id-1611661325__c4f64243,get-shots,https://api.pbpstats.com/get-shots/wnba?EntityType=Team&StartType=All&Blocked=False&Season=2024&SeasonType=Regular+Season&EntityId=1611661325,200,203,,,,,,False,1611661320,550.0,388,2024-09-04,1022400199,1629478-1641648-1642286-203024-204365,False,LAS,1628915-1629574-1630462-1630996-204324,,,,,,1611661325,4,Caitlin Clark,1642286,3,09:24,1641648,Aliyah Boston,1630996,Rae Burrell,0,,0,,False,4,,0.4,0.6984,553.0,AtRim,2,564.0,OffAtRimMiss,IND,09:13,https://videos.nba.com/wnba/pbp/media/2024/09/04/1022400199/388/a386c07e-d4c0-84a0-93bb-e2df0c623678_960x540.mp4,3,2
wnba,wnba_shot_pace,shot_pace,shots,get-shots,2024,Regular Season,team,"{'EntityType': 'Team', 'StartType': 'All', 'Blocked': False, 'Season': '2024', 'SeasonType': 'Regular Season', 'EntityId': '1611661325'}",shot_pace,1611661325,4Q/OT | margin -3..3 | 300..120,get-shots__shots__entity_type-Team__start_type-All__blocked-False__season-2024__season_type-Regular_Season__entity_id-1611661325__c4f64243,get-shots,https://api.pbpstats.com/get-shots/wnba?EntityType=Team&StartType=All&Blocked=False&Season=2024&SeasonType=Regular+Season&EntityId=1611661325,200,204,,,,,,False,1611661320,576.0,383,2024-09-04,1022400199,1629478-1641648-1642286-203024-204365,False,LAS,1628915-1629574-1630462-1630996-204324,,,,,,1611661325,4,Damiris Dantas,203024,1,10:00,0,,0,,0,,0,,False,4,,12.8,0.2905,576.0,ShortMidRange,2,600.0,OffDeadball,IND,09:36,https://videos.nba.com/wnba/pbp/media/2024/09/04/1022400199/383/c838500d-2d7f-964c-b724-501357d1ddff_960x540.mp4,-127,-15
wnba,wnba_shot_pace,shot_pace,shots,get-shots,2024,Regular Season,team,"{'EntityType': 'Team', 'StartType': 'All', 'Blocked': False, 'Season': '2024', 'SeasonType': 'Regular Season', 'EntityId': '1611661325'}",shot_pace,1611661325,4Q/OT | margin -3..3 | 300..120,get-shots__shots__entity_type-Team__start_type-All__blocked-False__season-2024__season_type-Regular_Season__entity_id-1611661325__c4f64243,get-shots,https://api.pbpstats.com/get-shots/wnba?EntityType=Team&StartType=All&Blocked=False&Season=2024&SeasonType=Regular+Season&EntityId=1611661325,200,205,,,,,,False,1611661320,31.0,373,2024-09-04,1022400199,1629478-1641648-1642286-203024-204365,False,LAS,1628915-1629574-1630996-203824-204324,,,,,,1611661325,3,Caitlin Clark,1642286,38,00:46,0,,0,,0,,0,,False,4,,26.4,0.2679,34.0,Arc3,3,46.0,OffDeadball,IND,00:34,https://videos.nba.com/wnba/pbp/media/2024/09/04/1022400199/373/1ca17954-dcd5-c4bb-a084-a52b122c46af_960x540.mp4,-94,247
wnba,wnba_shot_pace,shot_pace,shots,get-shots,2024,Regular Season,team,"{'EntityType': 'Team', 'StartType': 'All', 'Blocked': False, 'Season': '2024', 'SeasonType': 'Regular Season', 'EntityId': '1611661325'}",shot_pace,1611661325,4Q/OT | margin -3..3 | 300..120,get-shots__shots__entity_type-Team__start_type-All__blocked-False__season-2024__season_type-Regular_Season__entity_id-1611661325__c4f64243,get-shots,https://api.pbpstats.com/get-shots/wnba?EntityType=Team&StartType=All&Blocked=False&Season=2024&SeasonType=Regular+Season&EntityId=1611661325,200,206,,,,,,False,1611661320,52.0,370,2024-09-04,1022400199,1629478-1641648-1642286-203024-204365,False,LAS,1628915-1629574-1630996-203824-204324,,,,,,1611661325,3,Damiris Dantas,203024,36,01:09,0,,0,,0,,0,,False,4,,20.3,0.3862,55.0,LongMidRange,2,69.0,OffFTMake,IND,00:55,https://videos.nba.com/wnba/pbp/media/2024/09/04/1022400199/370/75b4f38c-36e0-7d0c-9730-da3f95f75e3c_960x540.mp4,-33,200
wnba,wnba_shot_pace,shot_pace,shots,get-shots,2024,Regular Season,team,"{'EntityType': 'Team', 'StartType': 'All', 'Blocked': False, 'Season': '2024', 'SeasonType': 'Regular Season', 'EntityId': '1611661325'}",shot_pace,1611661325,4Q/OT | margin -3..3 | 300..120,get-shots__shots__entity_type-Team__start_type-All__blocked-False__season-2024__season_type-Regular_Season__entity_id-1611661325__c4f64243,get-shots,https://api.pbpstats.com/get-shots/wnba?EntityType=Team&StartType=All&Blocked=False&Season=2024&SeasonType=Regular+Season&EntityId=1611661325,200,207,,,,,,False,1611661320,146.0,341,2024-09-04,1022400199,1628909-1631019-1642286-203024-204365,False,LAS,1628915-1628922-1629574-1642288-203824,,,,,,1611661325,3,NaLyssa Smith,1631019,30,02:53,0,,1628922,Azurá Stevens,0,,0,,False,1,,14.9,0.3139,150.0,LongMidRange,2,173.0,OffAtRimMake,IND,02:30,https://videos.nba.com/wnba/pbp/media/2024/09/04/1022400199/341/a67a794b-e815-e963-e9ee-55f7030885a7_960x540.mp4,-122,85
wnba,wnba_shot_pace,shot_pace,shots,get-shots,2024,Regular Season,team,"{'EntityType': 'Team', 'StartType': 'All', 'Blocked': False, 'Season': '2024', 'SeasonType': 'Regular Season', 'EntityId': '1611661325'}",shot_pace,1611661325,4Q/OT | margin -3..3 | 300..120,get-shots__shots__entity_type-Team__start_type-All__blocked-False__season-2024__season_type-Regular_Season__entity_id-1611661325__c4f64243,get-shots,https://api.pbpstats.com/get-shots/wnba?EntityType=Team&StartType=All&Blocked=False&Season=2024&SeasonType=Regular+Season&EntityId=1611661325,200,208,,,,,,False,1611661320,190.0,337,2024-09-04,1022400199,1628909-1631019-1642286-203024-204365,False,LAS,1628915-1628922-1629574-1642288-203824,,,,,,1611661325,3,Caitlin Clark,1642286,28,03:33,0,,0,,0,,0,,False,3,,29.7,0.2697,195.0,Arc3,3,213.0,OffDeadball,IND,03:15,https://videos.nba.com/wnba/pbp/media/2024/09/04/1022400199/337/e514dadd-0028-e9a9-93d1-2d5595a5251b_960x540.mp4,211,209
wnba,wnba_shot_pace,shot_pace,shots,get-shots,2024,Regular Season,team,"{'EntityType': 'Team', 'StartType': 'All', 'Blocked': False, 'Season': '2024', 'SeasonType': 'Regular Season', 'EntityId': '1611661325'}",shot_pace,1611661325,4Q/OT | margin -3..3 | 300..120,get-shots__shots__entity_type-Team__start_type-All__blocked-False__season-2024__season_type-Regular_Season__entity_id-1611661325__c4f64243,get-shots,https://api.pbpstats.com/get-shots/wnba?EntityType=Team&StartType=All&Blocked=False&Season=2024&SeasonType=Regular+Season&EntityId=1611661325,200,209,,,,,,False,1611661320,277.0,320,2024-09-04,1022400199,1628909-1631019-1631086-1641648-1642286,False,LAS,1628915-1628922-1629574-1642288-203824,,,,,,1611661325,3,Kelsey Mitchell,1628909,24,04:53,0,,0,,0,,0,,False,3,,17.3,0.3682,280.0,LongMidRange,2,293.0,OffDeadball,IND,04:40,https://videos.nba.com/wnba/pbp/media/2024/09/04/1022400199/320/2205a42c-0575-b828-19d1-c620164f955c_960x540.mp4,98,142
wnba,wnba_shot_pace,shot_pace,shots,get-shots,2024,Regular Season,team,"{'EntityType': 'Team', 'StartType': 'All', 'Blocked': False, 'Season': '2024', 'SeasonType': 'Regular Season', 'EntityId': '1611661325'}",shot_pace,1611661325,4Q/OT | margin -3..3 | 300..120,get-shots__shots__entity_type-Team__start_type-All__blocked-False__season-2024__season_type-Regular_Season__entity_id-1611661325__c4f64243,get-shots,https://api.pbpstats.com/get-shots/wnba?EntityType=Team&StartType=All&Blocked=False&Season=2024&SeasonType=Regular+Season&EntityId=1611661325,200,210,,,,,,False,1611661320,324.0,309,2024-09-04,1022400199,1628909-1631019-1631086-1641648-1642286,False,LAS,1628915-1628922-1642288-203824-204324,,,,,,1611661325,3,Aliyah Boston,1641648,20,05:36,1642286,Caitlin Clark,1642288,Rickea Jackson,0,,0,,False,5,,5.7,0.4419,327.0,ShortMidRange,2,336.0,OffShortMidRangeMiss,IND,05:27,https://videos.nba.com/wnba/pbp/media/2024/09/04/1022400199/309/526e01df-3556-2a33-f8b0-35aa7f498dfb_960x540.mp4,-8,56
wnba,wnba_shot_pace,shot_pace,shots,get-shots,2024,Regular Season,team,"{'EntityType': 'Team', 'StartType': 'All', 'Blocked': False, 'Season': '2024', 'SeasonType': 'Regular Season', 'EntityId': '1611661325'}",shot_pace,1611661325,4Q/OT | margin -3..3 | 300..120,get-shots__shots__entity_type-Team__start_type-All__blocked-False__season-2024__season_type-Regular_Season__entity_id-1611661325__c4f64243,get-shots,https://api.pbpstats.com/get-shots/wnba?EntityType=Team&StartType=All&Blocked=False&Season=2024&SeasonType=Regular+Season&EntityId=1611661325,200,211,,,,,,False,1611661320,402.0,293,2024-09-04,1022400199,1628909-1631019-1631086-1641648-1642286,False,LAS,1628915-1628922-1642288-203824-204324,,,,,,1611661325,3,Aliyah Boston,1641648,14,07:02,0,,0,,0,,0,,False,-2,,1.3,0.6707,408.0,AtRim,2,422.0,OffDeadball,IND,06:48,https://videos.nba.com/wnba/pbp/media/2024/09/04/1022400199/293/052fdeff-8d27-9ddf-17e2-ef57dcdfdcac_960x540.mp4,-5,12
wnba,wnba_shot_pace,shot_pace,shots,get-shots,2024,Regular Season,team,"{'EntityType': 'Team', 'StartType': 'All', 'Blocked': False, 'Season': '2024', 'SeasonType': 'Regular Season', 'EntityId': '1611661325'}",shot_pace,1611661325,4Q/OT | margin -3..3 | 300..120,get-shots__shots__entity_type-Team__start_type-All__blocked-False__season-2024__season_type-Regular_Season__entity_id-1611661325__c4f64243,get-shots,https://api.pbpstats.com/get-shots/wnba?EntityType=Team&StartType=All&Blocked=False&Season=2024&SeasonType=Regular+Season&EntityId=1611661325,200,212,,,,,,False,1611661320,433.0,288,2024-09-04,1022400199,1628909-1631019-1631086-1641648-1642286,False,LAS,1628915-1628922-1642288-203824-204324,,,,,,1611661325,3,NaLyssa Smith,1631019,12,07:34,0,,203824,Odyssey Sims,0,,0,,False,-2,,17.6,0.3507,436.0,LongMidRange,2,454.0,OffAtRimMake,IND,07:16,https://videos.nba.com/wnba/pbp/media/2024/09/04/1022400199/288/38a543f8-97e8-860e-2f5c-c6667673ee0b_960x540.mp4,143,103
wnba,wnba_shot_pace,shot_pace,shots,get-shots,2024,Regular Season,team,"{'EntityType': 'Team', 'StartType': 'All', 'Blocked': False, 'Season': '2024', 'SeasonType': 'Regular Season', 'EntityId': '1611661325'}",shot_pace,1611661325,4Q/OT | margin -3..3 | 300..120,get-shots__shots__entity_type-Team__start_type-All__blocked-False__season-2024__season_type-Regular_Season__entity_id-1611661325__c4f64243,get-shots,https://api.pbpstats.com/get-shots/wnba?EntityType=Team&StartType=All&Blocked=False&Season=2024&SeasonType=Regular+Season&EntityId=1611661325,200,213,,,,,,False,1611661320,465.0,284,2024-09-04,1022400199,1628909-1631019-1631086-1641648-1642286,False,LAS,1628915-1628922-1642288-203824-204324,,,,,,1611661325,3,Aliyah Boston,1641648,10,07:59,1641648,Aliyah Boston,1628922,Azurá Stevens,0,,0,,False,-2,,16.2,0.4023,469.0,LongMidRange,2,479.0,OffArc3Miss,IND,07:49,https://videos.nba.com/wnba/pbp/media/2024/09/04/1022400199/284/7c1dc7c5-42c1-c935-0db5-7d1dec7c9722_960x540.mp4,6,162
wnba,wnba_shot_pace,shot_pace,shots,get-shots,2024,Regular Season,team,"{'EntityType': 'Team', 'StartType': 'All', 'Blocked': False, 'Season': '2024', 'SeasonType': 'Regular Season', 'EntityId': '1611661325'}",shot_pace,1611661325,4Q/OT | margin -3..3 | 300..120,get-shots__shots__entity_type-Team__start_type-All__blocked-False__season-2024__season_type-Regular_Season__entity_id-1611661325__c4f64243,get-shots,https://api.pbpstats.com/get-shots/wnba?EntityType=Team&StartType=All&Blocked=False&Season=2024&SeasonType=Regular+Season&EntityId=1611661325,200,214,,,,,,False,1611661320,159.0,220,2024-09-04,1022400199,1628909-1631086-1641648-1642286-203024,False,LAS,1628922-1630996-1642288-203824-203855,,,,,,1611661325,2,Kelsey Mitchell,1628909,30,02:47,1628909,Kelsey Mitchell,1628922,Azurá Stevens,0,,0,,False,-5,,26.3,0.3805,162.0,Arc3,3,167.0,OffLongMidRangeMiss,IND,02:42,https://videos.nba.com/wnba/pbp/media/2024/09/04/1022400199/220/6d018913-2e09-ece5-8f70-a2f4e096c784_960x540.mp4,162,207
wnba,wnba_shot_pace,shot_pace,shots,get-shots,2024,Regular Season,team,"{'EntityType': 'Team', 'StartType': 'All', 'Blocked': False, 'Season': '2024', 'SeasonType': 'Regular Season', 'EntityId': '1611661325'}",shot_pace,1611661325,4Q/OT | margin -3..3 | 300..120,get-shots__shots__entity_type-Team__start_type-All__blocked-False__season-2024__season_type-Regular_Season__entity_id-1611661325__c4f64243,get-shots,https://api.pbpstats.com/get-shots/wnba?EntityType=Team&StartType=All&Blocked=False&Season=2024&SeasonType=Regular+Season&EntityId=1611661325,200,215,,,,,,False,1611661320,229.0,207,2024-09-04,1022400199,1628909-1631086-1641648-1642286-203024,False,LAS,1628922-1630996-1642288-203824-203855,,,,,,1611661325,2,Aliyah Boston,1641648,24,04:01,0,,1628922,Azurá Stevens,0,,0,,False,-6,,0.4,0.7213,231.0,AtRim,2,241.0,OffArc3Make,IND,03:51,https://videos.nba.com/wnba/pbp/media/2024/09/04/1022400199/207/a0f74d70-fd05-3ce5-05b8-8065e1de66db_960x540.mp4,-3,2
wnba,wnba_shot_pace,shot_pace,shots,get-shots,2024,Regular Season,team,"{'EntityType': 'Team', 'StartType': 'All', 'Blocked': False, 'Season': '2024', 'SeasonType': 'Regular Season', 'EntityId': '1611661325'}",shot_pace,1611661325,4Q/OT | margin -3..3 | 300..120,get-shots__shots__entity_type-Team__start_type-All__blocked-False__season-2024__season_type-Regular_Season__entity_id-1611661325__c4f64243,get-shots,https://api.pbpstats.com/get-shots/wnba?EntityType=Team&StartType=All&Blocked=False&Season=2024&SeasonType=Regular+Season&EntityId=1611661325,200,216,,,,,,False,1611661320,338.0,181,2024-09-04,1022400199,1628909-1631019-1631086-1642286-203024,False,LAS,1628915-1628922-1630996-1642288-203824,,,,,,1611661325,2,Damiris Dantas,203024,16,05:53,1631086,Lexie Hull,1628915,Kia Nurse,0,,0,,False,-1,,15.4,0.3966,342.0,LongMidRange,2,353.0,OffArc3Miss,IND,05:42,https://videos.nba.com/wnba/pbp/media/2024/09/04/1022400199/181/ced943bf-75b9-1ff8-03c5-57094de93622_960x540.mp4,-150,34
wnba,wnba_shot_pace,shot_pace,shots,get-shots,2024,Regular Season,team,"{'EntityType': 'Team', 'StartType': 'All', 'Blocked': False, 'Season': '2024', 'SeasonType': 'Regular Season', 'EntityId': '1611661325'}",shot_pace,1611661325,4Q/OT | margin -3..3 | 300..120,get-shots__shots__entity_type-Team__start_type-All__blocked-False__season-2024__season_type-Regular_Season__entity_id-1611661325__c4f64243,get-shots,https://api.pbpstats.com/get-shots/wnba?EntityType=Team&StartType=All&Blocked=False&Season=2024&SeasonType=Regular+Season&EntityId=1611661325,200,217,,,,,,False,1611661320,371.0,177,2024-09-04,1022400199,1628909-1631019-1631086-1642286-203024,False,LAS,1628915-1628922-1630996-1642288-203824,,0.0,Caitlin Clark,1642286.0,Team,1611661325,2,Kelsey Mitchell,1628909,14,06:51,0,,204324,Dearica Hamby,0,,0,,False,-1,5.0,20.8,0.3852,376.0,LongMidRange,2,411.0,OffAtRimMake,IND,06:16,https://videos.nba.com/wnba/pbp/media/2024/09/04/1022400199/177/79e6d809-f1ef-f6df-c8e3-bc0a6b516a6a_960x540.mp4,-162,130
wnba,wnba_shot_pace,shot_pace,shots,get-shots,2024,Regular Season,team,"{'EntityType': 'Team', 'StartType': 'All', 'Blocked': False, 'Season': '2024', 'SeasonType': 'Regular Season', 'EntityId': '1611661325'}",shot_pace,1611661325,4Q/OT | margin -3..3 | 300..120,get-shots__shots__entity_type-Team__start_type-All__blocked-False__season-2024__season_type-Regular_Season__entity_id-1611661325__c4f64243,get-shots,https://api.pbpstats.com/get-shots/wnba?EntityType=Team&StartType=All&Blocked=False&Season=2024&SeasonType=Regular+Season&EntityId=1611661325,200,218,,,,,,False,1611661320,371.0,167,2024-09-04,1022400199,1628909-1631019-1631086-1642286-203024,False,LAS,1628915-1629574-1630462-1630996-204324,Lexie Hull,1631086.0,Kelsey Mitchell,1628909.0,Arc3,1611661325,2,Caitlin Clark,1642286,14,06:51,0,,204324,Dearica Hamby,0,,0,,False,-1,6.0,27.0,0.3865,383.0,Arc3,3,411.0,OffAtRimMake,IND,06:23,https://videos.nba.com/wnba/pbp/media/2024/09/04/1022400199/167/7dbefd85-0d14-3bd0-c863-50ddd44d9244_960x540.mp4,-112,246
wnba,wnba_shot_pace,shot_pace,shots,get-shots,2024,Regular Season,team,"{'EntityType': 'Team', 'StartType': 'All', 'Blocked': False, 'Season': '2024', 'SeasonType': 'Regular Season', 'EntityId': '1611661325'}",shot_pace,1611661325,4Q/OT | margin -3..3 | 300..120,get-shots__shots__entity_type-Team__start_type-All__blocked-False__season-2024__season_type-Regular_Season__entity_id-1611661325__c4f64243,get-shots,https://api.pbpstats.com/get-shots/wnba?EntityType=Team&StartType=All&Blocked=False&Season=2024&SeasonType=Regular+Season&EntityId=1611661325,200,219,,,,,,False,1611661320,371.0,165,2024-09-04,1022400199,1628909-1631019-1631086-1642286-203024,False,LAS,1628915-1629574-1630462-1630996-204324,,,,,,1611661325,2,Kelsey Mitchell,1628909,14,06:51,0,,204324,Dearica Hamby,0,,0,,False,-1,,24.5,0.3671,391.0,Arc3,3,411.0,OffAtRimMake,IND,06:31,https://videos.nba.com/wnba/pbp/media/2024/09/04/1022400199/165/b0ce8010-e110-2b6c-1c47-87c6dc11c783_960x540.mp4,175,172
wnba,wnba_shot_pace,shot_pace,shots,get-shots,2024,Regular Season,team,"{'EntityType': 'Team', 'StartType': 'All', 'Blocked': False, 'Season': '2024', 'SeasonType': 'Regular Season', 'EntityId': '1611661325'}",shot_pace,1611661325,4Q/OT | margin -3..3 | 300..120,get-shots__shots__entity_type-Team__start_type-All__blocked-False__season-2024__season_type-Regular_Season__entity_id-1611661325__c4f64243,get-shots,https://api.pbpstats.com/get-shots/wnba?EntityType=Team&StartType=All&Blocked=False&Season=2024&SeasonType=Regular+Season&EntityId=1611661325,200,220,,,,,,False,1611661320,438.0,159,2024-09-04,1022400199,1628909-1631019-1631086-1642286-203024,False,LAS,1628915-1629574-1630462-1630996-204324,,,,,,1611661325,2,Kelsey Mitchell,1628909,10,07:27,1628909,Kelsey Mitchell,1630462,Aari McDonald,0,,0,,False,3,,25.6,0.4031,442.0,Arc3,3,447.0,OffAtRimMiss,IND,07:22,https://videos.nba.com/wnba/pbp/media/2024/09/04/1022400199/159/d690b655-328e-d490-e32d-75eabc2a9888_960x540.mp4,188,174
wnba,wnba_shot_pace,shot_pace,shots,get-shots,2024,Regular Season,team,"{'EntityType': 'Team', 'StartType': 'All', 'Blocked': False, 'Season': '2024', 'SeasonType': 'Regular Season', 'EntityId': '1611661325'}",shot_pace,1611661325,4Q/OT | margin -3..3 | 300..120,get-shots__shots__entity_type-Team__start_type-All__blocked-False__season-2024__season_type-Regular_Season__entity_id-1611661325__c4f64243,get-shots,https://api.pbpstats.com/get-shots/wnba?EntityType=Team&StartType=All&Blocked=False&Season=2024&SeasonType=Regular+Season&EntityId=1611661325,200,221,,,,,,False,1611661320,458.0,151,2024-09-04,1022400199,1628909-1631019-1631086-1642286-203024,False,LAS,1628915-1629574-1630462-1630996-204324,,,,,,1611661325,2,Caitlin Clark,1642286,8,08:08,0,,1628915,Kia Nurse,0,,0,,False,1,,8.9,0.3983,467.0,ShortMidRange,2,488.0,OffArc3Make,IND,07:47,https://videos.nba.com/wnba/pbp/media/2024/09/04/1022400199/151/7903b845-10f6-30b0-5468-a2d2734c42f6_960x540.mp4,24,86
wnba,wnba_shot_pace,shot_pace,shots,get-shots,2024,Regular Season,team,"{'EntityType': 'Team', 'StartType': 'All', 'Blocked': False, 'Season': '2024', 'SeasonType': 'Regular Season', 'EntityId': '1611661325'}",shot_pace,1611661325,4Q/OT | margin -3..3 | 300..120,get-shots__shots__entity_type-Team__start_type-All__blocked-False__season-2024__season_type-Regular_Season__entity_id-1611661325__c4f64243,get-shots,https://api.pbpstats.com/get-shots/wnba?EntityType=Team&StartType=All&Blocked=False&Season=2024&SeasonType=Regular+Season&EntityId=1611661325,200,222,,,,,,False,1611661320,0.0,122,2024-09-04,1022400199,1628909-1629478-1641648-1642286-204365,False,LAS,1628915-1629574-1630462-1630996-204324,,,,,,1611661325,1,Caitlin Clark,1642286,47,00:13,0,,0,,0,,0,,False,4,,31.5,0.2417,1.0,Arc3,3,13.0,OffFTMake,IND,00:01,https://videos.nba.com/wnba/pbp/media/2024/09/04/1022400199/122/c18352d7-9cb0-cfce-439a-12f5bd9246e0_960x540.mp4,-35,313
wnba,wnba_shot_pace,shot_pace,shots,get-shots,2024,Regular Season,team,"{'EntityType': 'Team', 'StartType': 'All', 'Blocked': False, 'Season': '2024', 'SeasonType': 'Regular Season', 'EntityId': '1611661325'}",shot_pace,1611661325,4Q/OT | margin -3..3 | 300..120,get-shots__shots__entity_type-Team__start_type-All__blocked-False__season-2024__season_type-Regular_Season__entity_id-1611661325__c4f64243,get-shots,https://api.pbpstats.com/get-shots/wnba?EntityType=Team&StartType=All&Blocked=False&Season=2024&SeasonType=Regular+Season&EntityId=1611661325,200,223,,,,,,False,1611661320,75.0,104,2024-09-04,1022400199,1628909-1629478-1641648-1642286-204365,False,LAS,1628915-1629574-1630462-1642288-204324,,,,,,1611661325,1,Kelsey Mitchell,1628909,41,01:23,1628909,Kelsey Mitchell,204324,Dearica Hamby,0,,0,,False,6,,2.2,0.641,79.0,AtRim,2,83.0,OffShortMidRangeMiss,IND,01:19,https://videos.nba.com/wnba/pbp/media/2024/09/04/1022400199/104/d87d288d-f178-10cd-8c41-b9a0e04309a0_960x540.mp4,-3,22
wnba,wnba_shot_pace,shot_pace,shots,get-shots,2024,Regular Season,team,"{'EntityType': 'Team', 'StartType': 'All', 'Blocked': False, 'Season': '2024', 'SeasonType': 'Regular Season', 'EntityId': '1611661325'}",shot_pace,1611661325,4Q/OT | margin -3..3 | 300..120,get-shots__shots__entity_type-Team__start_type-All__blocked-False__season-2024__season_type-Regular_Season__entity_id-1611661325__c4f64243,get-shots,https://api.pbpstats.com/get-shots/wnba?EntityType=Team&StartType=All&Blocked=False&Season=2024&SeasonType=Regular+Season&EntityId=1611661325,200,224,,,,,,False,1611661320,113.0,95,2024-09-04,1022400199,1628909-1629478-1641648-1642286-204365,False,LAS,1628915-1629574-1630462-1642288-204324,,,,,,1611661325,1,Erica Wheeler,204365,37,02:05,1629478,Katie Lou Samuelson,1629574,Li Yueru,0,,0,,False,6,,26.3,0.3477,117.0,Arc3,3,125.0,OffLongMidRangeMiss,IND,01:57,https://videos.nba.com/wnba/pbp/media/2024/09/04/1022400199/95/b6dbd956-d1c0-7e57-708f-b0d5cca106d6_960x540.mp4,-17,262
wnba,wnba_shot_pace,shot_pace,shots,get-shots,2024,Regular Season,team,"{'EntityType': 'Team', 'StartType': 'All', 'Blocked': False, 'Season': '2024', 'SeasonType': 'Regular Season', 'EntityId': '1611661325'}",shot_pace,1611661325,4Q/OT | margin -3..3 | 300..120,get-shots__shots__entity_type-Team__start_type-All__blocked-False__season-2024__season_type-Regular_Season__entity_id-1611661325__c4f64243,get-shots,https://api.pbpstats.com/get-shots/wnba?EntityType=Team&StartType=All&Blocked=False&Season=2024&SeasonType=Regular+Season&EntityId=1611661325,200,225,,,,,,False,1611661320,324.0,48,2024-09-04,1022400199,1628909-1631019-1631086-1641648-1642286,False,LAS,1628915-1628922-1642288-203824-204324,,,,,,1611661325,1,NaLyssa Smith,1631019,21,05:42,0,,0,,0,,0,,False,2,,26.1,0.3488,326.0,Arc3,3,342.0,OffFTMake,IND,05:26,https://videos.nba.com/wnba/pbp/media/2024/09/04/1022400199/48/6ac21221-2b99-911e-9ab7-814137438069_960x540.mp4,174,194
wnba,wnba_shot_pace,shot_pace,shots,get-shots,2024,Regular Season,team,"{'EntityType': 'Team', 'StartType': 'All', 'Blocked': False, 'Season': '2024', 'SeasonType': 'Regular Season', 'EntityId': '1611661325'}",shot_pace,1611661325,4Q/OT | margin -3..3 | 300..120,get-shots__shots__entity_type-Team__start_type-All__blocked-False__season-2024__season_type-Regular_Season__entity_id-1611661325__c4f64243,get-shots,https://api.pbpstats.com/get-shots/wnba?EntityType=Team&StartType=All&Blocked=False&Season=2024&SeasonType=Regular+Season&EntityId=1611661325,200,226,,,,,,False,1611661320,345.0,40,2024-09-04,1022400199,1628909-1631019-1631086-1641648-1642286,False,LAS,1628922-1642288-203824-203855-204324,,,,,,1611661325,1,Caitlin Clark,1642286,19,05:55,1642286,Caitlin Clark,204324,Dearica Hamby,0,,0,,False,5,,1.3,0.6851,348.0,AtRim,2,355.0,OffArc3Miss,IND,05:48,https://videos.nba.com/wnba/pbp/media/2024/09/04/1022400199/40/99f5cbf9-a704-0972-3c3d-01855d8d7a49_960x540.mp4,-5,12
wnba,wnba_shot_pace,shot_pace,shots,get-shots,2024,Regular Season,team,"{'EntityType': 'Team', 'StartType': 'All', 'Blocked': False, 'Season': '2024', 'SeasonType': 'Regular Season', 'EntityId': '1611661325'}",shot_pace,1611661325,4Q/OT | margin -3..3 | 300..120,get-shots__shots__entity_type-Team__start_type-All__blocked-False__season-2024__season_type-Regular_Season__entity_id-1611661325__c4f64243,get-shots,https://api.pbpstats.com/get-shots/wnba?EntityType=Team&StartType=All&Blocked=False&Season=2024&SeasonType=Regular+Season&EntityId=1611661325,200,227,,,,,,False,1611661320,578.0,7,2024-09-04,1022400199,1628909-1631019-1631086-1641648-1642286,False,LAS,1628922-1642288-203824-203855-204324,,,,,,1611661325,1,Caitlin Clark,1642286,1,10:00,0,,0,,0,,0,,False,0,,28.6,0.3133,581.0,Arc3,3,600.0,OffDeadball,IND,09:41,https://videos.nba.com/wnba/pbp/media/2024/09/04/1022400199/7/aed6ba3b-1c73-169b-e0f8-47c062fafb2e_960x540.mp4,-160,237
wnba,wnba_shot_pace,shot_pace,shots,get-shots,2024,Regular Season,team,"{'EntityType': 'Team', 'StartType': 'All', 'Blocked': False, 'Season': '2024', 'SeasonType': 'Regular Season', 'EntityId': '1611661325'}",shot_pace,1611661325,4Q/OT | margin -3..3 | 300..120,get-shots__shots__entity_type-Team__start_type-All__blocked-False__season-2024__season_type-Regular_Season__entity_id-1611661325__c4f64243,get-shots,https://api.pbpstats.com/get-shots/wnba?EntityType=Team&StartType=All&Blocked=False&Season=2024&SeasonType=Regular+Season&EntityId=1611661325,200,228,,,,,,False,1611661321,44.0,572,2024-09-01,1022400192,1628909-1631086-1641648-1642286-203024,False,DAL,1629479-1629481-1630149-1642292-203827,,,,,,1611661325,4,Lexie Hull,1631086,38,01:05,0,,0,,0,,0,,False,6,,23.7,0.3001,46.0,Arc3,3,65.0,OffDeadball,IND,00:46,https://videos.nba.com/wnba/pbp/media/2024/09/01/1022400192/572/4d2cded6-2114-fab0-d582-5014f21ee65c_960x540.mp4,-206,118
wnba,wnba_shot_pace,shot_pace,shots,get-shots,2024,Regular Season,team,"{'EntityType': 'Team', 'StartType': 'All', 'Blocked': False, 'Season': '2024', 'SeasonType': 'Regular Season', 'EntityId': '1611661325'}",shot_pace,1611661325,4Q/OT | margin -3..3 | 300..120,get-shots__shots__entity_type-Team__start_type-All__blocked-False__season-2024__season_type-Regular_Season__entity_id-1611661325__c4f64243,get-shots,https://api.pbpstats.com/get-shots/wnba?EntityType=Team&StartType=All&Blocked=False&Season=2024&SeasonType=Regular+Season&EntityId=1611661325,200,229,,,,,,False,1611661321,277.0,516,2024-09-01,1022400192,1628909-1631086-1641648-1642286-203024,False,DAL,1629480-1629481-1630149-1642292-203827,,,,,,1611661325,4,Damiris Dantas,203024,20,05:02,0,,1629481,Arike Ogunbowale,0,,0,,False,0,,26.3,0.3072,281.0,Arc3,3,302.0,OffArc3Make,IND,04:41,https://videos.nba.com/wnba/pbp/media/2024/09/01/1022400192/516/63cd2b6f-d425-a46d-b7f5-b8b6fbc7cf0a_960x540.mp4,155,213
wnba,wnba_shot_pace,shot_pace,shots,get-shots,2024,Regular Season,team,"{'EntityType': 'Team', 'StartType': 'All', 'Blocked': False, 'Season': '2024', 'SeasonType': 'Regular Season', 'EntityId': '1611661325'}",shot_pace,1611661325,4Q/OT | margin -3..3 | 300..120,get-shots__shots__entity_type-Team__start_type-All__blocked-False__season-2024__season_type-Regular_Season__entity_id-1611661325__c4f64243,get-shots,https://api.pbpstats.com/get-shots/wnba?EntityType=Team&StartType=All&Blocked=False&Season=2024&SeasonType=Regular+Season&EntityId=1611661325,200,230,,,,,,False,1611661321,357.0,503,2024-09-01,1022400192,1628909-1631086-1641648-1642286-203024,False,DAL,1629480-1629481-1630149-1642292-203827,,,,,,1611661325,4,Caitlin Clark,1642286,16,06:04,1642286,Caitlin Clark,1629480,Kalani Brown,0,,0,,False,2,,24.3,0.403,359.0,Arc3,3,364.0,OffLongMidRangeMiss,IND,05:59,https://videos.nba.com/wnba/pbp/media/2024/09/01/1022400192/503/1d6b2b62-7017-2154-5a77-39fe904215e4_960x540.mp4,-75,231
wnba,wnba_shot_pace,shot_pace,shots,get-shots,2024,Regular Season,team,"{'EntityType': 'Team', 'StartType': 'All', 'Blocked': False, 'Season': '2024', 'SeasonType': 'Regular Season', 'EntityId': '1611661325'}",shot_pace,1611661325,4Q/OT | margin -3..3 | 300..120,get-shots__shots__entity_type-Team__start_type-All__blocked-False__season-2024__season_type-Regular_Season__entity_id-1611661325__c4f64243,get-shots,https://api.pbpstats.com/get-shots/wnba?EntityType=Team&StartType=All&Blocked=False&Season=2024&SeasonType=Regular+Season&EntityId=1611661325,200,231,,,,,,False,1611661321,0.0,442,2024-09-01,1022400192,1627701-1628909-1629478-1642286-203024,False,DAL,1629480-1629481-1641652-1642292-203827,,,,,,1611661325,3,Caitlin Clark,1642286,43,00:10,0,,1629480,Kalani Brown,0,,0,,False,-6,,25.2,0.2339,0.0,Arc3,3,10.0,OffShortMidRangeMake,IND,00:00,https://videos.nba.com/wnba/pbp/media/2024/09/01/1022400192/442/f088d297-d5c9-60de-c660-6b2ac0f14ded_960x540.mp4,15,252
wnba,wnba_shot_pace,shot_pace,shots,get-shots,2024,Regular Season,team,"{'EntityType': 'Team', 'StartType': 'All', 'Blocked': False, 'Season': '2024', 'SeasonType': 'Regular Season', 'EntityId': '1611661325'}",shot_pace,1611661325,4Q/OT | margin -3..3 | 300..120,get-shots__shots__entity_type-Team__start_type-All__blocked-False__season-2024__season_type-Regular_Season__entity_id-1611661325__c4f64243,get-shots,https://api.pbpstats.com/get-shots/wnba?EntityType=Team&StartType=All&Blocked=False&Season=2024&SeasonType=Regular+Season&EntityId=1611661325,200,232,,,,,,False,1611661321,59.0,426,2024-09-01,1022400192,1627701-1628909-1629478-1642286-203024,False,DAL,1629480-1629481-1630149-1642292-203827,,,,,,1611661325,3,Damiris Dantas,203024,37,01:17,0,,0,,0,,0,,False,-4,,8.2,0.3683,62.0,ShortMidRange,2,77.0,OffDeadball,IND,01:02,https://videos.nba.com/wnba/pbp/media/2024/09/01/1022400192/426/a9f5329b-8d4f-1efd-365e-8ffc868c8747_960x540.mp4,11,81
wnba,wnba_shot_pace,shot_pace,shots,get-shots,2024,Regular Season,team,"{'EntityType': 'Team', 'StartType': 'All', 'Blocked': False, 'Season': '2024', 'SeasonType': 'Regular Season', 'EntityId': '1611661325'}",shot_pace,1611661325,4Q/OT | margin -3..3 | 300..120,get-shots__shots__entity_type-Team__start_type-All__blocked-False__season-2024__season_type-Regular_Season__entity_id-1611661325__c4f64243,get-shots,https://api.pbpstats.com/get-shots/wnba?EntityType=Team&StartType=All&Blocked=False&Season=2024&SeasonType=Regular+Season&EntityId=1611661325,200,233,,,,,,False,1611661321,189.0,387,2024-09-01,1022400192,1628909-1629478-1631019-1641648-1642286,False,DAL,1629479-1629481-1630149-1642292-203827,,,,,,1611661325,3,Kelsey Mitchell,1628909,27,03:22,0,,0,,0,,0,,False,-3,,2.7,0.5548,191.0,AtRim,2,202.0,OffDeadball,IND,03:11,https://videos.nba.com/wnba/pbp/media/2024/09/01/1022400192/387/83a20f33-287e-785a-7302-e455535a21ae_960x540.mp4,15,23
wnba,wnba_shot_pace,shot_pace,shots,get-shots,2024,Regular Season,team,"{'EntityType': 'Team', 'StartType': 'All', 'Blocked': False, 'Season': '2024', 'SeasonType': 'Regular Season', 'EntityId': '1611661325'}",shot_pace,1611661325,4Q/OT | margin -3..3 | 300..120,get-shots__shots__entity_type-Team__start_type-All__blocked-False__season-2024__season_type-Regular_Season__entity_id-1611661325__c4f64243,get-shots,https://api.pbpstats.com/get-shots/wnba?EntityType=Team&StartType=All&Blocked=False&Season=2024&SeasonType=Regular+Season&EntityId=1611661325,200,234,,,,,,False,1611661321,304.0,342,2024-09-01,1022400192,1628909-1631019-1631086-1641648-1642286,False,DAL,1629479-1629481-1630149-1642292-203827,,,,,,1611661325,3,Aliyah Boston,1641648,19,05:33,0,,0,,0,,0,,False,-9,,21.7,0.19,307.0,LongMidRange,2,333.0,OffTimeout,IND,05:07,https://videos.nba.com/wnba/pbp/media/2024/09/01/1022400192/342/845d0514-90fc-a38a-e5b0-71d533fb6e47_960x540.mp4,199,86
wnba,wnba_shot_pace,shot_pace,shots,get-shots,2024,Regular Season,team,"{'EntityType': 'Team', 'StartType': 'All', 'Blocked': False, 'Season': '2024', 'SeasonType': 'Regular Season', 'EntityId': '1611661325'}",shot_pace,1611661325,4Q/OT | margin -3..3 | 300..120,get-shots__shots__entity_type-Team__start_type-All__blocked-False__season-2024__season_type-Regular_Season__entity_id-1611661325__c4f64243,get-shots,https://api.pbpstats.com/get-shots/wnba?EntityType=Team&StartType=All&Blocked=False&Season=2024&SeasonType=Regular+Season&EntityId=1611661325,200,235,,,,,,False,1611661321,337.0,335,2024-09-01,1022400192,1628909-1631019-1631086-1641648-1642286,False,DAL,1629479-1629481-1630149-1642292-203827,,,,,,1611661325,3,Caitlin Clark,1642286,17,06:02,0,,0,,0,,0,,False,-7,,9.9,0.3853,341.0,ShortMidRange,2,362.0,OffFTMake,IND,05:41,https://videos.nba.com/wnba/pbp/media/2024/09/01/1022400192/335/e079ac2f-a8ae-7712-f76e-f477023985c2_960x540.mp4,-23,96
wnba,wnba_shot_pace,shot_pace,shots,get-shots,2024,Regular Season,team,"{'EntityType': 'Team', 'StartType': 'All', 'Blocked': False, 'Season': '2024', 'SeasonType': 'Regular Season', 'EntityId': '1611661325'}",shot_pace,1611661325,4Q/OT | margin -3..3 | 300..120,get-shots__shots__entity_type-Team__start_type-All__blocked-False__season-2024__season_type-Regular_Season__entity_id-1611661325__c4f64243,get-shots,https://api.pbpstats.com/get-shots/wnba?EntityType=Team&StartType=All&Blocked=False&Season=2024&SeasonType=Regular+Season&EntityId=1611661325,200,236,,,,,,False,1611661321,473.0,315,2024-09-01,1022400192,1628909-1631019-1631086-1641648-1642286,False,DAL,1629479-1629481-1630149-1642292-203827,,,,,,1611661325,3,Caitlin Clark,1642286,9,08:08,0,,1630149,Satou Sabally,0,,0,,False,-2,,6.0,0.3816,473.0,ShortMidRange,2,488.0,OffArc3Make,IND,07:53,https://videos.nba.com/wnba/pbp/media/2024/09/01/1022400192/315/5aa611ee-1bb6-2aa1-633e-22890168f00f_960x540.mp4,43,42
wnba,wnba_shot_pace,shot_pace,shots,get-shots,2024,Regular Season,team,"{'EntityType': 'Team', 'StartType': 'All', 'Blocked': False, 'Season': '2024', 'SeasonType': 'Regular Season', 'EntityId': '1611661325'}",shot_pace,1611661325,4Q/OT | margin -3..3 | 300..120,get-shots__shots__entity_type-Team__start_type-All__blocked-False__season-2024__season_type-Regular_Season__entity_id-1611661325__c4f64243,get-shots,https://api.pbpstats.com/get-shots/wnba?EntityType=Team&StartType=All&Blocked=False&Season=2024&SeasonType=Regular+Season&EntityId=1611661325,200,237,,,,,,False,1611661321,503.0,310,2024-09-01,1022400192,1628909-1631019-1631086-1641648-1642286,False,DAL,1629479-1629481-1630149-1642292-203827,,,,,,1611661325,3,Kelsey Mitchell,1628909,7,08:33,1641648,Aliyah Boston,1629481,Arike Ogunbowale,0,,0,,False,-1,,23.8,0.4265,508.0,Arc3,3,513.0,OffArc3Miss,IND,08:28,https://videos.nba.com/wnba/pbp/media/2024/09/01/1022400192/310/1327c1e9-e524-c220-09ed-b183a910632a_960x540.mp4,-195,136
wnba,wnba_shot_pace,shot_pace,shots,get-shots,2024,Regular Season,team,"{'EntityType': 'Team', 'StartType': 'All', 'Blocked': False, 'Season': '2024', 'SeasonType': 'Regular Season', 'EntityId': '1611661325'}",shot_pace,1611661325,4Q/OT | margin -3..3 | 300..120,get-shots__shots__entity_type-Team__start_type-All__blocked-False__season-2024__season_type-Regular_Season__entity_id-1611661325__c4f64243,get-shots,https://api.pbpstats.com/get-shots/wnba?EntityType=Team&StartType=All&Blocked=False&Season=2024&SeasonType=Regular+Season&EntityId=1611661325,200,238,,,,,,False,1611661321,540.0,297,2024-09-01,1022400192,1628909-1631019-1631086-1641648-1642286,False,DAL,1629479-1629481-1630149-1642292-203827,,,,,,1611661325,3,Aliyah Boston,1641648,3,09:20,0,,1630149,Satou Sabally,0,,0,,False,-4,,2.7,0.5675,540.0,AtRim,2,560.0,OffArc3Make,IND,09:00,https://videos.nba.com/wnba/pbp/media/2024/09/01/1022400192/297/0606d8e1-1a18-5dca-2df9-dad744abba3a_960x540.mp4,15,22
wnba,wnba_shot_pace,shot_pace,shots,get-shots,2024,Regular Season,team,"{'EntityType': 'Team', 'StartType': 'All', 'Blocked': False, 'Season': '2024', 'SeasonType': 'Regular Season', 'EntityId': '1611661325'}",shot_pace,1611661325,4Q/OT | margin -3..3 | 300..120,get-shots__shots__entity_type-Team__start_type-All__blocked-False__season-2024__season_type-Regular_Season__entity_id-1611661325__c4f64243,get-shots,https://api.pbpstats.com/get-shots/wnba?EntityType=Team&StartType=All&Blocked=False&Season=2024&SeasonType=Regular+Season&EntityId=1611661325,200,239,,,,,,False,1611661321,5.0,284,2024-09-01,1022400192,1628909-1629478-1631019-1641648-1642286,False,DAL,1629479-1629481-1630149-1642244-203827,,,,,,1611661325,2,Caitlin Clark,1642286,41,00:29,0,,1629479,Teaira McCowan,0,,0,,False,1,,25.1,0.2796,8.0,Arc3,3,29.0,OffAtRimMake,IND,00:08,https://videos.nba.com/wnba/pbp/media/2024/09/01/1022400192/284/2c637510-df34-8ecb-c76a-2db8af2c31b1_960x540.mp4,155,197
wnba,wnba_shot_pace,shot_pace,shots,get-shots,2024,Regular Season,team,"{'EntityType': 'Team', 'StartType': 'All', 'Blocked': False, 'Season': '2024', 'SeasonType': 'Regular Season', 'EntityId': '1611661325'}",shot_pace,1611661325,4Q/OT | margin -3..3 | 300..120,get-shots__shots__entity_type-Team__start_type-All__blocked-False__season-2024__season_type-Regular_Season__entity_id-1611661325__c4f64243,get-shots,https://api.pbpstats.com/get-shots/wnba?EntityType=Team&StartType=All&Blocked=False&Season=2024&SeasonType=Regular+Season&EntityId=1611661325,200,240,,,,,,False,1611661321,228.0,239,2024-09-01,1022400192,1628909-1631019-1631086-1641648-204365,False,DAL,1629479-1629481-1630149-1641652-1642292,,,,,,1611661325,2,Kelsey Mitchell,1628909,27,04:15,0,,1629481,Arike Ogunbowale,0,,0,,False,-4,,21.0,0.3185,232.0,LongMidRange,2,255.0,OffShortMidRangeMake,IND,03:52,https://videos.nba.com/wnba/pbp/media/2024/09/01/1022400192/239/62953425-8c0d-8ca2-0c65-053cbc31e172_960x540.mp4,-92,189
wnba,wnba_shot_pace,shot_pace,shots,get-shots,2024,Regular Season,team,"{'EntityType': 'Team', 'StartType': 'All', 'Blocked': False, 'Season': '2024', 'SeasonType': 'Regular Season', 'EntityId': '1611661325'}",shot_pace,1611661325,4Q/OT | margin -3..3 | 300..120,get-shots__shots__entity_type-Team__start_type-All__blocked-False__season-2024__season_type-Regular_Season__entity_id-1611661325__c4f64243,get-shots,https://api.pbpstats.com/get-shots/wnba?EntityType=Team&StartType=All&Blocked=False&Season=2024&SeasonType=Regular+Season&EntityId=1611661325,200,241,,,,,,False,1611661321,261.0,236,2024-09-01,1022400192,1628909-1631019-1631086-1641648-204365,False,DAL,1629479-1629481-1630149-1641652-1642292,,,,,,1611661325,2,NaLyssa Smith,1631019,25,04:38,0,,1629479,Teaira McCowan,0,,0,,False,-2,,2.3,0.6149,263.0,AtRim,2,278.0,OffAtRimMake,IND,04:23,https://videos.nba.com/wnba/pbp/media/2024/09/01/1022400192/236/1cd5fc3a-ef44-f445-5660-4585ff55265d_960x540.mp4,18,14
wnba,wnba_shot_pace,shot_pace,shots,get-shots,2024,Regular Season,team,"{'EntityType': 'Team', 'StartType': 'All', 'Blocked': False, 'Season': '2024', 'SeasonType': 'Regular Season', 'EntityId': '1611661325'}",shot_pace,1611661325,4Q/OT | margin -3..3 | 300..120,get-shots__shots__entity_type-Team__start_type-All__blocked-False__season-2024__season_type-Regular_Season__entity_id-1611661325__c4f64243,get-shots,https://api.pbpstats.com/get-shots/wnba?EntityType=Team&StartType=All&Blocked=False&Season=2024&SeasonType=Regular+Season&EntityId=1611661325,200,242,,,,,,False,1611661321,335.0,222,2024-09-01,1022400192,1628909-1631019-1631086-1641648-204365,False,DAL,1629479-1629481-1630149-1642292-203827,,,,,,1611661325,2,Kelsey Mitchell,1628909,19,05:49,1631019,NaLyssa Smith,1629480,Kalani Brown,0,,0,,False,0,,24.1,0.3963,338.0,Arc3,3,349.0,OffLongMidRangeMiss,IND,05:38,https://videos.nba.com/wnba/pbp/media/2024/09/01/1022400192/222/f3b7b110-c76c-e59c-f480-1b441c7d3096_960x540.mp4,89,224
wnba,wnba_shot_pace,shot_pace,shots,get-shots,2024,Regular Season,team,"{'EntityType': 'Team', 'StartType': 'All', 'Blocked': False, 'Season': '2024', 'SeasonType': 'Regular Season', 'EntityId': '1611661325'}",shot_pace,1611661325,4Q/OT | margin -3..3 | 300..120,get-shots__shots__entity_type-Team__start_type-All__blocked-False__season-2024__season_type-Regular_Season__entity_id-1611661325__c4f64243,get-shots,https://api.pbpstats.com/get-shots/wnba?EntityType=Team&StartType=All&Blocked=False&Season=2024&SeasonType=Regular+Season&EntityId=1611661325,200,243,,,,,,False,1611661321,449.0,188,2024-09-01,1022400192,1627701-1628909-1631086-1642286-203024,False,DAL,1629480-1629481-1630149-1642292-203827,,,,,,1611661325,2,Temi Fagbenle,1627701,11,07:50,0,,1629481,Arike Ogunbowale,0,,0,,False,-1,,2.5,0.5432,452.0,AtRim,2,470.0,OffAtRimMake,IND,07:32,https://videos.nba.com/wnba/pbp/media/2024/09/01/1022400192/188/634af86c-e631-ef29-d08f-eb36faf4a8b4_960x540.mp4,7,24
wnba,wnba_shot_pace,shot_pace,shots,get-shots,2024,Regular Season,team,"{'EntityType': 'Team', 'StartType': 'All', 'Blocked': False, 'Season': '2024', 'SeasonType': 'Regular Season', 'EntityId': '1611661325'}",shot_pace,1611661325,4Q/OT | margin -3..3 | 300..120,get-shots__shots__entity_type-Team__start_type-All__blocked-False__season-2024__season_type-Regular_Season__entity_id-1611661325__c4f64243,get-shots,https://api.pbpstats.com/get-shots/wnba?EntityType=Team&StartType=All&Blocked=False&Season=2024&SeasonType=Regular+Season&EntityId=1611661325,200,244,,,,,,False,1611661321,507.0,175,2024-09-01,1022400192,1627701-1628909-1631086-1642286-203024,False,DAL,1629480-1629481-1630149-1642292-203827,,,,,,1611661325,2,Lexie Hull,1631086,7,08:35,203024,Damiris Dantas,1630149,Satou Sabally,0,,0,,False,-2,,2.7,0.6308,512.0,AtRim,2,515.0,OffArc3Block,IND,08:32,https://videos.nba.com/wnba/pbp/media/2024/09/01/1022400192/175/611e0a27-16d4-497a-ee03-e2d1c8e58de7_960x540.mp4,16,22
wnba,wnba_shot_pace,shot_pace,shots,get-shots,2024,Regular Season,team,"{'EntityType': 'Team', 'StartType': 'All', 'Blocked': False, 'Season': '2024', 'SeasonType': 'Regular Season', 'EntityId': '1611661325'}",shot_pace,1611661325,4Q/OT | margin -3..3 | 300..120,get-shots__shots__entity_type-Team__start_type-All__blocked-False__season-2024__season_type-Regular_Season__entity_id-1611661325__c4f64243,get-shots,https://api.pbpstats.com/get-shots/wnba?EntityType=Team&StartType=All&Blocked=False&Season=2024&SeasonType=Regular+Season&EntityId=1611661325,200,245,,,,,,False,1611661321,0.0,150,2024-09-01,1022400192,1627701-1628909-1631086-1642286-203024,False,DAL,1629480-1630149-1641652-1642244-203827,,,,,,1611661325,1,Kelsey Mitchell,1628909,46,00:05,0,,0,,0,,0,,False,-4,,17.4,0.2417,0.0,LongMidRange,2,5.0,OffFTMake,IND,00:00,https://videos.nba.com/wnba/pbp/media/2024/09/01/1022400192/150/f973717d-df8b-9bbb-3a0e-4e1b90c190dc_960x540.mp4,-134,111
wnba,wnba_shot_pace,shot_pace,shots,get-shots,2024,Regular Season,team,"{'EntityType': 'Team', 'StartType': 'All', 'Blocked': False, 'Season': '2024', 'SeasonType': 'Regular Season', 'EntityId': '1611661325'}",shot_pace,1611661325,4Q/OT | margin -3..3 | 300..120,get-shots__shots__entity_type-Team__start_type-All__blocked-False__season-2024__season_type-Regular_Season__entity_id-1611661325__c4f64243,get-shots,https://api.pbpstats.com/get-shots/wnba?EntityType=Team&StartType=All&Blocked=False&Season=2024&SeasonType=Regular+Season&EntityId=1611661325,200,246,,,,,,False,1611661321,10.0,140,2024-09-01,1022400192,1627701-1628909-1631086-1642286-203024,False,DAL,1629480-1629481-1630149-1642244-203827,Kelsey Mitchell,1628909.0,Kelsey Mitchell,1628909.0,AtRim,1611661325,1,Kelsey Mitchell,1628909,44,00:34,0,,0,,0,,0,,True,-2,2.0,11.3,0.3054,13.0,ShortMidRange,2,34.0,OffDeadball,IND,00:13,https://videos.nba.com/wnba/pbp/media/2024/09/01/1022400192/140/e6006ff4-66da-7e9a-5d64-c3debcefdaad_960x540.mp4,-4,113
wnba,wnba_shot_pace,shot_pace,shots,get-shots,2024,Regular Season,team,"{'EntityType': 'Team', 'StartType': 'All', 'Blocked': False, 'Season': '2024', 'SeasonType': 'Regular Season', 'EntityId': '1611661325'}",shot_pace,1611661325,4Q/OT | margin -3..3 | 300..120,get-shots__shots__entity_type-Team__start_type-All__blocked-False__season-2024__season_type-Regular_Season__entity_id-1611661325__c4f64243,get-shots,https://api.pbpstats.com/get-shots/wnba?EntityType=Team&StartType=All&Blocked=False&Season=2024&SeasonType=Regular+Season&EntityId=1611661325,200,247,,,,,,False,1611661321,10.0,138,2024-09-01,1022400192,1627701-1628909-1631086-1642286-203024,False,DAL,1629480-1629481-1630149-1642244-203827,,,,,,1611661325,1,Kelsey Mitchell,1628909,44,00:34,0,,0,,0,,0,,False,-2,,2.7,0.5527,17.0,AtRim,2,34.0,OffDeadball,IND,00:17,https://videos.nba.com/wnba/pbp/media/2024/09/01/1022400192/138/6b18b1c3-442e-f5c7-8e84-cdfda71391cf_960x540.mp4,21,17
wnba,wnba_shot_pace,shot_pace,shots,get-shots,2024,Regular Season,team,"{'EntityType': 'Team', 'StartType': 'All', 'Blocked': False, 'Season': '2024', 'SeasonType': 'Regular Season', 'EntityId': '1611661325'}",shot_pace,1611661325,4Q/OT | margin -3..3 | 300..120,get-shots__shots__entity_type-Team__start_type-All__blocked-False__season-2024__season_type-Regular_Season__entity_id-1611661325__c4f64243,get-shots,https://api.pbpstats.com/get-shots/wnba?EntityType=Team&StartType=All&Blocked=False&Season=2024&SeasonType=Regular+Season&EntityId=1611661325,200,248,,,,,,False,1611661321,62.0,122,2024-09-01,1022400192,1627701-1628909-1631086-1642286-203024,False,DAL,1629480-1629481-1630149-1642244-203827,,,,,,1611661325,1,Damiris Dantas,203024,40,01:31,0,,1629481,Arike Ogunbowale,0,,0,,False,-2,,7.5,0.3364,66.0,ShortMidRange,2,91.0,OffArc3Make,IND,01:06,https://videos.nba.com/wnba/pbp/media/2024/09/01/1022400192/122/24cc2d67-8e59-ce63-90db-27e969157675_960x540.mp4,-17,73
wnba,wnba_shot_pace,shot_pace,shots,get-shots,2024,Regular Season,team,"{'EntityType': 'Team', 'StartType': 'All', 'Blocked': False, 'Season': '2024', 'SeasonType': 'Regular Season', 'EntityId': '1611661325'}",shot_pace,1611661325,4Q/OT | margin -3..3 | 300..120,get-shots__shots__entity_type-Team__start_type-All__blocked-False__season-2024__season_type-Regular_Season__entity_id-1611661325__c4f64243,get-shots,https://api.pbpstats.com/get-shots/wnba?EntityType=Team&StartType=All&Blocked=False&Season=2024&SeasonType=Regular+Season&EntityId=1611661325,200,249,,,,,,False,1611661321,219.0,78,2024-09-01,1022400192,1628909-1631019-1631086-1641648-1642286,False,DAL,1629479-1629481-1641652-1642292-203827,,,,,,1611661325,1,Caitlin Clark,1642286,28,04:05,0,,1629481,Arike Ogunbowale,0,,0,,False,-5,,3.2,0.522,222.0,AtRim,2,245.0,OffArc3Make,IND,03:42,https://videos.nba.com/wnba/pbp/media/2024/09/01/1022400192/78/9ce4a2e5-56a0-0aeb-8254-acc74738d64f_960x540.mp4,27,18
wnba,wnba_shot_pace,shot_pace,shots,get-shots,2024,Regular Season,team,"{'EntityType': 'Team', 'StartType': 'All', 'Blocked': False, 'Season': '2024', 'SeasonType': 'Regular Season', 'EntityId': '1611661325'}",shot_pace,1611661325,4Q/OT | margin -3..3 | 300..120,get-shots__shots__entity_type-Team__start_type-All__blocked-False__season-2024__season_type-Regular_Season__entity_id-1611661325__c4f64243,get-shots,https://api.pbpstats.com/get-shots/wnba?EntityType=Team&StartType=All&Blocked=False&Season=2024&SeasonType=Regular+Season&EntityId=1611661325,200,250,,,,,,False,1611661321,262.0,72,2024-09-01,1022400192,1628909-1631019-1631086-1641648-1642286,False,DAL,1629479-1629481-1641652-1642292-203827,,,,,,1611661325,1,Kelsey Mitchell,1628909,26,04:37,1641648,Aliyah Boston,1629481,Arike Ogunbowale,0,,0,,False,-2,,2.2,0.6119,265.0,AtRim,2,277.0,OffArc3Miss,IND,04:25,https://videos.nba.com/wnba/pbp/media/2024/09/01/1022400192/72/3bee7e78-f38c-b6d8-39cd-9ed30a220f3d_960x540.mp4,-10,20
wnba,wnba_shot_pace,shot_pace,shots,get-shots,2024,Regular Season,team,"{'EntityType': 'Team', 'StartType': 'All', 'Blocked': False, 'Season': '2024', 'SeasonType': 'Regular Season', 'EntityId': '1611661325'}",shot_pace,1611661325,4Q/OT | margin -3..3 | 300..120,get-shots__shots__entity_type-Team__start_type-All__blocked-False__season-2024__season_type-Regular_Season__entity_id-1611661325__c4f64243,get-shots,https://api.pbpstats.com/get-shots/wnba?EntityType=Team&StartType=All&Blocked=False&Season=2024&SeasonType=Regular+Season&EntityId=1611661325,200,251,,,,,,False,1611661321,293.0,68,2024-09-01,1022400192,1628909-1631019-1631086-1641648-1642286,False,DAL,1629479-1629481-1641652-1642292-203827,NaLyssa Smith,1631019.0,NaLyssa Smith,1631019.0,LongMidRange,1611661325,1,NaLyssa Smith,1631019,24,05:17,0,,0,,0,,0,,True,-2,2.0,3.4,0.4899,295.0,AtRim,2,317.0,OffDeadball,IND,04:55,https://videos.nba.com/wnba/pbp/media/2024/09/01/1022400192/68/eaf4d8ae-98f0-be60-a98b-6e87884f0a99_960x540.mp4,15,31
wnba,wnba_shot_pace,shot_pace,shots,get-shots,2024,Regular Season,team,"{'EntityType': 'Team', 'StartType': 'All', 'Blocked': False, 'Season': '2024', 'SeasonType': 'Regular Season', 'EntityId': '1611661325'}",shot_pace,1611661325,4Q/OT | margin -3..3 | 300..120,get-shots__shots__entity_type-Team__start_type-All__blocked-False__season-2024__season_type-Regular_Season__entity_id-1611661325__c4f64243,get-shots,https://api.pbpstats.com/get-shots/wnba?EntityType=Team&StartType=All&Blocked=False&Season=2024&SeasonType=Regular+Season&EntityId=1611661325,200,252,,,,,,False,1611661321,293.0,66,2024-09-01,1022400192,1628909-1631019-1631086-1641648-1642286,False,DAL,1629479-1629481-1641652-1642292-203827,,,,,,1611661325,1,NaLyssa Smith,1631019,24,05:17,0,,0,,0,,0,,False,-2,,14.0,0.4125,299.0,LongMidRange,2,317.0,OffDeadball,IND,04:59,https://videos.nba.com/wnba/pbp/media/2024/09/01/1022400192/66/64350213-8599-436f-44a3-7dc100aef8c6_960x540.mp4,-4,140
wnba,wnba_shot_pace,shot_pace,shots,get-shots,2024,Regular Season,team,"{'EntityType': 'Team', 'StartType': 'All', 'Blocked': False, 'Season': '2024', 'SeasonType': 'Regular Season', 'EntityId': '1611661325'}",shot_pace,1611661325,4Q/OT | margin -3..3 | 300..120,get-shots__shots__entity_type-Team__start_type-All__blocked-False__season-2024__season_type-Regular_Season__entity_id-1611661325__c4f64243,get-shots,https://api.pbpstats.com/get-shots/wnba?EntityType=Team&StartType=All&Blocked=False&Season=2024&SeasonType=Regular+Season&EntityId=1611661325,200,253,,,,,,False,1611661321,319.0,59,2024-09-01,1022400192,1628909-1631019-1631086-1641648-1642286,False,DAL,1629479-1629481-1630149-1642292-203827,,,,,,1611661325,1,Caitlin Clark,1642286,22,05:36,0,,1629481,Arike Ogunbowale,0,,0,,False,-2,,26.1,0.3459,322.0,Arc3,3,336.0,OffArc3Make,IND,05:22,https://videos.nba.com/wnba/pbp/media/2024/09/01/1022400192/59/df851144-a1ae-8d0d-10c2-b850cc9dd839_960x540.mp4,-33,259
wnba,wnba_shot_pace,shot_pace,shots,get-shots,2024,Regular Season,team,"{'EntityType': 'Team', 'StartType': 'All', 'Blocked': False, 'Season': '2024', 'SeasonType': 'Regular Season', 'EntityId': '1611661325'}",shot_pace,1611661325,4Q/OT | margin -3..3 | 300..120,get-shots__shots__entity_type-Team__start_type-All__blocked-False__season-2024__season_type-Regular_Season__entity_id-1611661325__c4f64243,get-shots,https://api.pbpstats.com/get-shots/wnba?EntityType=Team&StartType=All&Blocked=False&Season=2024&SeasonType=Regular+Season&EntityId=1611661325,200,254,,,,,,False,1611661321,341.0,56,2024-09-01,1022400192,1628909-1631019-1631086-1641648-1642286,False,DAL,1629479-1629481-1630149-1642292-203827,NaLyssa Smith,1631019.0,Kelsey Mitchell,1628909.0,AtRim,1611661325,1,NaLyssa Smith,1631019,20,06:09,0,,203827,Natasha Howard,0,,0,,True,1,1.0,3.6,0.4616,343.0,AtRim,2,369.0,OffAtRimMake,IND,05:43,https://videos.nba.com/wnba/pbp/media/2024/09/01/1022400192/56/8575a4cb-899d-3c06-780b-96ac5760a615_960x540.mp4,7,35
wnba,wnba_shot_pace,shot_pace,shots,get-shots,2024,Regular Season,team,"{'EntityType': 'Team', 'StartType': 'All', 'Blocked': False, 'Season': '2024', 'SeasonType': 'Regular Season', 'EntityId': '1611661325'}",shot_pace,1611661325,4Q/OT | margin -3..3 | 300..120,get-shots__shots__entity_type-Team__start_type-All__blocked-False__season-2024__season_type-Regular_Season__entity_id-1611661325__c4f64243,get-shots,https://api.pbpstats.com/get-shots/wnba?EntityType=Team&StartType=All&Blocked=False&Season=2024&SeasonType=Regular+Season&EntityId=1611661325,200,255,,,,,,False,1611661321,341.0,54,2024-09-01,1022400192,1628909-1631019-1631086-1641648-1642286,False,DAL,1629479-1629481-1630149-1642292-203827,,,,,,1611661325,1,Kelsey Mitchell,1628909,20,06:09,0,,203827,Natasha Howard,0,,0,,False,1,,2.1,0.5591,345.0,AtRim,2,369.0,OffAtRimMake,IND,05:45,https://videos.nba.com/wnba/pbp/media/2024/09/01/1022400192/54/ff40d57a-29e1-484d-bc15-bdbb90b0b5ca_960x540.mp4,-5,20
wnba,wnba_shot_pace,shot_pace,shots,get-shots,2024,Regular Season,team,"{'EntityType': 'Team', 'StartType': 'All', 'Blocked': False, 'Season': '2024', 'SeasonType': 'Regular Season', 'EntityId': '1611661325'}",shot_pace,1611661325,4Q/OT | margin -3..3 | 300..120,get-shots__shots__entity_type-Team__start_type-All__blocked-False__season-2024__season_type-Regular_Season__entity_id-1611661325__c4f64243,get-shots,https://api.pbpstats.com/get-shots/wnba?EntityType=Team&StartType=All&Blocked=False&Season=2024&SeasonType=Regular+Season&EntityId=1611661325,200,256,,,,,,False,1611661321,427.0,37,2024-09-01,1022400192,1628909-1631019-1631086-1641648-1642286,False,DAL,1629479-1629481-1630149-1642292-203827,,,,,,1611661325,1,NaLyssa Smith,1631019,14,07:23,0,,0,,1631086,Lexie Hull,1630149,Satou Sabally,False,0,,24.3,0.3604,431.0,Arc3,3,443.0,OffLiveBallTurnover,IND,07:11,https://videos.nba.com/wnba/pbp/media/2024/09/01/1022400192/37/55d84f49-6d57-a7cc-edda-569d5d0ffb15_960x540.mp4,-49,238
wnba,wnba_shot_pace,shot_pace,shots,get-shots,2024,Regular Season,team,"{'EntityType': 'Team', 'StartType': 'All', 'Blocked': False, 'Season': '2024', 'SeasonType': 'Regular Season', 'EntityId': '1611661325'}",shot_pace,1611661325,4Q/OT | margin -3..3 | 300..120,get-shots__shots__entity_type-Team__start_type-All__blocked-False__season-2024__season_type-Regular_Season__entity_id-1611661325__c4f64243,get-shots,https://api.pbpstats.com/get-shots/wnba?EntityType=Team&StartType=All&Blocked=False&Season=2024&SeasonType=Regular+Season&EntityId=1611661325,200,257,,,,,,False,1611661321,485.0,25,2024-09-01,1022400192,1628909-1631019-1631086-1641648-1642286,False,DAL,1629479-1629481-1630149-1642292-203827,,,,,,1611661325,1,Caitlin Clark,1642286,8,08:20,0,,1630149,Satou Sabally,0,,0,,False,-2,,27.4,0.3401,488.0,Arc3,3,500.0,OffArc3Make,IND,08:08,https://videos.nba.com/wnba/pbp/media/2024/09/01/1022400192/25/e0a186a5-3ea6-8e71-f351-3647e16a41ed_960x540.mp4,-190,197
wnba,wnba_shot_pace,shot_pace,shots,get-shots,2024,Regular Season,team,"{'EntityType': 'Team', 'StartType': 'All', 'Blocked': False, 'Season': '2024', 'SeasonType': 'Regular Season', 'EntityId': '1611661325'}",shot_pace,1611661325,4Q/OT | margin -3..3 | 300..120,get-shots__shots__entity_type-Team__start_type-All__blocked-False__season-2024__season_type-Regular_Season__entity_id-1611661325__c4f64243,get-shots,https://api.pbpstats.com/get-shots/wnba?EntityType=Team&StartType=All&Blocked=False&Season=2024&SeasonType=Regular+Season&EntityId=1611661325,200,258,,,,,,False,1611661321,541.0,18,2024-09-01,1022400192,1628909-1631019-1631086-1641648-1642286,False,DAL,1629479-1629481-1630149-1642292-203827,,,,,,1611661325,1,Caitlin Clark,1642286,4,09:17,0,,1629481,Arike Ogunbowale,0,,0,,False,-1,,29.6,0.2817,544.0,Arc3,3,557.0,OffArc3Make,IND,09:04,https://videos.nba.com/wnba/pbp/media/2024/09/01/1022400192/18/45935f9b-733e-c21d-f041-245998ad1e6e_960x540.mp4,-38,294
wnba,wnba_shot_pace,shot_pace,shots,get-shots,2024,Regular Season,team,"{'EntityType': 'Team', 'StartType': 'All', 'Blocked': False, 'Season': '2024', 'SeasonType': 'Regular Season', 'EntityId': '1611661325'}",shot_pace,1611661325,4Q/OT | margin -3..3 | 300..120,get-shots__shots__entity_type-Team__start_type-All__blocked-False__season-2024__season_type-Regular_Season__entity_id-1611661325__c4f64243,get-shots,https://api.pbpstats.com/get-shots/wnba?EntityType=Team&StartType=All&Blocked=False&Season=2024&SeasonType=Regular+Season&EntityId=1611661325,200,259,,,,,,False,1611661329,16.0,582,2024-08-30,1022400185,1628929-1641658-1641687-203024-204365,False,CHI,1627669-1627671-1629488-1630446-1642291,,,,,,1611661325,4,Grace Berger,1641658,35,00:27,0,,0,,1628929,Kristy Wallace,1642291,Angel Reese,False,19,,22.7,0.3178,21.0,Corner3,3,27.0,OffLiveBallTurnover,IND,00:21,https://videos.nba.com/wnba/pbp/media/2024/08/30/1022400185/582/61f50bad-d096-c1b8-218e-45ba3c9bbde0_960x540.mp4,-227,4
wnba,wnba_shot_pace,shot_pace,shots,get-shots,2024,Regular Season,team,"{'EntityType': 'Team', 'StartType': 'All', 'Blocked': False, 'Season': '2024', 'SeasonType': 'Regular Season', 'EntityId': '1611661325'}",shot_pace,1611661325,4Q/OT | margin -3..3 | 300..120,get-shots__shots__entity_type-Team__start_type-All__blocked-False__season-2024__season_type-Regular_Season__entity_id-1611661325__c4f64243,get-shots,https://api.pbpstats.com/get-shots/wnba?EntityType=Team&StartType=All&Blocked=False&Season=2024&SeasonType=Regular+Season&EntityId=1611661325,200,260,,,,,,False,1611661329,67.0,567,2024-08-30,1022400185,1628929-1641658-1641687-203024-204365,False,CHI,1627669-1627671-1629488-1630446-1642291,,,,,,1611661325,4,Victaria Saxton,1641687,31,01:32,0,,1642291,Angel Reese,0,,0,,False,20,,22.5,0.5143,71.0,Corner3,3,92.0,OffAtRimMake,IND,01:11,https://videos.nba.com/wnba/pbp/media/2024/08/30/1022400185/567/185bdf0e-d925-1ff3-b1da-76dbfb787d5b_960x540.mp4,-225,-11
wnba,wnba_shot_pace,shot_pace,shots,get-shots,2024,Regular Season,team,"{'EntityType': 'Team', 'StartType': 'All', 'Blocked': False, 'Season': '2024', 'SeasonType': 'Regular Season', 'EntityId': '1611661325'}",shot_pace,1611661325,4Q/OT | margin -3..3 | 300..120,get-shots__shots__entity_type-Team__start_type-All__blocked-False__season-2024__season_type-Regular_Season__entity_id-1611661325__c4f64243,get-shots,https://api.pbpstats.com/get-shots/wnba?EntityType=Team&StartType=All&Blocked=False&Season=2024&SeasonType=Regular+Season&EntityId=1611661325,200,261,,,,,,False,1611661329,105.0,563,2024-08-30,1022400185,1628929-1641658-1641687-203024-204365,False,CHI,1627669-1627671-1629488-1630446-1642291,,,,,,1611661325,4,Erica Wheeler,204365,29,02:13,0,,1630446,Michaela Onyenwere,0,,0,,False,22,,20.8,0.3167,106.0,LongMidRange,2,133.0,OffAtRimMake,IND,01:46,https://videos.nba.com/wnba/pbp/media/2024/08/30/1022400185/563/df5e0b26-5f51-d361-6cd4-13742a71619d_960x540.mp4,149,145
wnba,wnba_shot_pace,shot_pace,shots,get-shots,2024,Regular Season,team,"{'EntityType': 'Team', 'StartType': 'All', 'Blocked': False, 'Season': '2024', 'SeasonType': 'Regular Season', 'EntityId': '1611661325'}",shot_pace,1611661325,4Q/OT | margin -3..3 | 300..120,get-shots__shots__entity_type-Team__start_type-All__blocked-False__season-2024__season_type-Regular_Season__entity_id-1611661325__c4f64243,get-shots,https://api.pbpstats.com/get-shots/wnba?EntityType=Team&StartType=All&Blocked=False&Season=2024&SeasonType=Regular+Season&EntityId=1611661325,200,262,,,,,,False,1611661329,139.0,559,2024-08-30,1022400185,1628929-1641658-1641687-203024-204365,False,CHI,1627669-1627671-1629488-1630446-1642291,,,,,,1611661325,4,Victaria Saxton,1641687,27,02:41,0,,0,,0,,0,,False,24,,23.9,0.3917,142.0,Corner3,3,161.0,OffTimeout,IND,02:22,https://videos.nba.com/wnba/pbp/media/2024/08/30/1022400185/559/e5bcc3db-d44b-48c3-2101-49d21cbec925_960x540.mp4,239,2
wnba,wnba_shot_pace,shot_pace,shots,get-shots,2024,Regular Season,team,"{'EntityType': 'Team', 'StartType': 'All', 'Blocked': False, 'Season': '2024', 'SeasonType': 'Regular Season', 'EntityId': '1611661325'}",shot_pace,1611661325,4Q/OT | margin -3..3 | 300..120,get-shots__shots__entity_type-Team__start_type-All__blocked-False__season-2024__season_type-Regular_Season__entity_id-1611661325__c4f64243,get-shots,https://api.pbpstats.com/get-shots/wnba?EntityType=Team&StartType=All&Blocked=False&Season=2024&SeasonType=Regular+Season&EntityId=1611661325,200,263,,,,,,False,1611661329,181.0,543,2024-08-30,1022400185,1627701-1628929-1631086-203024-204365,False,CHI,1627669-1627671-1630446-1642289-1642291,,,,,,1611661325,4,Damiris Dantas,203024,25,03:23,0,,1642291,Angel Reese,0,,0,,False,25,,13.6,0.4335,181.0,ShortMidRange,2,203.0,OffAtRimMake,IND,03:01,https://videos.nba.com/wnba/pbp/media/2024/08/30/1022400185/543/0b5bde7e-1793-7a53-75f8-305544989f9b_960x540.mp4,-66,119
wnba,wnba_shot_pace,shot_pace,shots,get-shots,2024,Regular Season,team,"{'EntityType': 'Team', 'StartType': 'All', 'Blocked': False, 'Season': '2024', 'SeasonType': 'Regular Season', 'EntityId': '1611661325'}",shot_pace,1611661325,4Q/OT | margin -3..3 | 300..120,get-shots__shots__entity_type-Team__start_type-All__blocked-False__season-2024__season_type-Regular_Season__entity_id-1611661325__c4f64243,get-shots,https://api.pbpstats.com/get-shots/wnba?EntityType=Team&StartType=All&Blocked=False&Season=2024&SeasonType=Regular+Season&EntityId=1611661325,200,264,,,,,,False,1611661329,217.0,539,2024-08-30,1022400185,1627701-1628929-1631086-203024-204365,False,CHI,1627669-1627671-1630446-1642289-1642291,,,,,,1611661325,4,Damiris Dantas,203024,23,03:52,0,,0,,1641648,Aliyah Boston,1627669,Moriah Jefferson,False,27,,19.5,0.4106,222.0,LongMidRange,2,232.0,OffLiveBallTurnover,IND,03:42,https://videos.nba.com/wnba/pbp/media/2024/08/30/1022400185/539/12316f9d-e4d3-2929-8eca-ae2d6bdfcd6a_960x540.mp4,84,176
wnba,wnba_shot_pace,shot_pace,shots,get-shots,2024,Regular Season,team,"{'EntityType': 'Team', 'StartType': 'All', 'Blocked': False, 'Season': '2024', 'SeasonType': 'Regular Season', 'EntityId': '1611661325'}",shot_pace,1611661325,4Q/OT | margin -3..3 | 300..120,get-shots__shots__entity_type-Team__start_type-All__blocked-False__season-2024__season_type-Regular_Season__entity_id-1611661325__c4f64243,get-shots,https://api.pbpstats.com/get-shots/wnba?EntityType=Team&StartType=All&Blocked=False&Season=2024&SeasonType=Regular+Season&EntityId=1611661325,200,265,,,,,,False,1611661329,263.0,518,2024-08-30,1022400185,1627701-1631086-1641648-1642286-204365,False,CHI,1627669-1627671-1628890-1642289-1642291,,,,,,1611661325,4,Caitlin Clark,1642286,19,04:39,0,,0,,1641648,Aliyah Boston,1630446,Michaela Onyenwere,False,25,,26.4,0.3617,264.0,Arc3,3,279.0,OffLiveBallTurnover,IND,04:24,https://videos.nba.com/wnba/pbp/media/2024/08/30/1022400185/518/dc0b604c-5d7c-7092-3597-d673a1673789_960x540.mp4,-5,264
wnba,wnba_shot_pace,shot_pace,shots,get-shots,2024,Regular Season,team,"{'EntityType': 'Team', 'StartType': 'All', 'Blocked': False, 'Season': '2024', 'SeasonType': 'Regular Season', 'EntityId': '1611661325'}",shot_pace,1611661325,4Q/OT | margin -3..3 | 300..120,get-shots__shots__entity_type-Team__start_type-All__blocked-False__season-2024__season_type-Regular_Season__entity_id-1611661325__c4f64243,get-shots,https://api.pbpstats.com/get-shots/wnba?EntityType=Team&StartType=All&Blocked=False&Season=2024&SeasonType=Regular+Season&EntityId=1611661325,200,266,,,,,,False,1611661329,304.0,498,2024-08-30,1022400185,1627701-1631086-1641648-1642286-204365,False,CHI,1627669-1627671-1630446-1642289-1642291,,,,,,1611661325,4,Erica Wheeler,204365,15,05:30,0,,0,,0,,0,,False,19,,24.3,0.2981,307.0,Arc3,3,330.0,OffDeadball,IND,05:07,https://videos.nba.com/wnba/pbp/media/2024/08/30/1022400185/498/059dc6d5-cd28-0696-ef80-196049bb6ace_960x540.mp4,206,129
wnba,wnba_shot_pace,shot_pace,shots,get-shots,2024,Regular Season,team,"{'EntityType': 'Team', 'StartType': 'All', 'Blocked': False, 'Season': '2024', 'SeasonType': 'Regular Season', 'EntityId': '1611661325'}",shot_pace,1611661325,4Q/OT | margin -3..3 | 300..120,get-shots__shots__entity_type-Team__start_type-All__blocked-False__season-2024__season_type-Regular_Season__entity_id-1611661325__c4f64243,get-shots,https://api.pbpstats.com/get-shots/wnba?EntityType=Team&StartType=All&Blocked=False&Season=2024&SeasonType=Regular+Season&EntityId=1611661325,200,267,,,,,,False,1611661329,382.0,482,2024-08-30,1022400185,1627701-1631086-1641648-1642286-204365,False,CHI,1627669-1627671-1630446-1642289-1642291,,,,,,1611661325,4,Temi Fagbenle,1627701,11,06:48,1627701,Temi Fagbenle,1627669,Moriah Jefferson,0,,0,,False,18,,18.0,0.2983,391.0,LongMidRange,2,408.0,OffLongMidRangeBlock,IND,06:31,https://videos.nba.com/wnba/pbp/media/2024/08/30/1022400185/482/f5676fc6-4b41-e6b7-f7ed-ef66e6e596db_960x540.mp4,107,145
wnba,wnba_shot_pace,shot_pace,shots,get-shots,2024,Regular Season,team,"{'EntityType': 'Team', 'StartType': 'All', 'Blocked': False, 'Season': '2024', 'SeasonType': 'Regular Season', 'EntityId': '1611661325'}",shot_pace,1611661325,4Q/OT | margin -3..3 | 300..120,get-shots__shots__entity_type-Team__start_type-All__blocked-False__season-2024__season_type-Regular_Season__entity_id-1611661325__c4f64243,get-shots,https://api.pbpstats.com/get-shots/wnba?EntityType=Team&StartType=All&Blocked=False&Season=2024&SeasonType=Regular+Season&EntityId=1611661325,200,268,,,,,,False,1611661329,493.0,464,2024-08-30,1022400185,1627701-1631086-1641648-1642286-204365,False,CHI,1627671-1628263-1630446-1642289-1642291,,,,,,1611661325,4,Temi Fagbenle,1627701,5,08:46,0,,0,,0,,0,,False,16,,2.3,0.5276,500.0,AtRim,2,526.0,OffDeadball,IND,08:20,https://videos.nba.com/wnba/pbp/media/2024/08/30/1022400185/464/5baad258-5669-0610-f223-e33a8174a0b7_960x540.mp4,17,15
wnba,wnba_shot_pace,shot_pace,shots,get-shots,2024,Regular Season,team,"{'EntityType': 'Team', 'StartType': 'All', 'Blocked': False, 'Season': '2024', 'SeasonType': 'Regular Season', 'EntityId': '1611661325'}",shot_pace,1611661325,4Q/OT | margin -3..3 | 300..120,get-shots__shots__entity_type-Team__start_type-All__blocked-False__season-2024__season_type-Regular_Season__entity_id-1611661325__c4f64243,get-shots,https://api.pbpstats.com/get-shots/wnba?EntityType=Team&StartType=All&Blocked=False&Season=2024&SeasonType=Regular+Season&EntityId=1611661325,200,269,,,,,,False,1611661329,575.0,451,2024-08-30,1022400185,1627701-1628909-1631086-1642286-203024,False,CHI,1627671-1628263-1630446-1642289-1642291,,,,,,1611661325,4,Temi Fagbenle,1627701,1,10:00,0,,0,,0,,0,,False,14,,1.2,0.781,577.0,AtRim,2,600.0,OffDeadball,IND,09:37,https://videos.nba.com/wnba/pbp/media/2024/08/30/1022400185/451/7b1fe49d-55cf-bdeb-5998-25e4a3b18c6e_960x540.mp4,6,10
wnba,wnba_shot_pace,shot_pace,shots,get-shots,2024,Regular Season,team,"{'EntityType': 'Team', 'StartType': 'All', 'Blocked': False, 'Season': '2024', 'SeasonType': 'Regular Season', 'EntityId': '1611661325'}",shot_pace,1611661325,4Q/OT | margin -3..3 | 300..120,get-shots__shots__entity_type-Team__start_type-All__blocked-False__season-2024__season_type-Regular_Season__entity_id-1611661325__c4f64243,get-shots,https://api.pbpstats.com/get-shots/wnba?EntityType=Team&StartType=All&Blocked=False&Season=2024&SeasonType=Regular+Season&EntityId=1611661325,200,270,,,,,,False,1611661329,0.0,434,2024-08-30,1022400185,1627701-1628909-1631086-1642286-203024,False,CHI,1627669-1628890-1630389-1642289-204330,,,,,,1611661325,3,Kelsey Mitchell,1628909,42,00:10,1627701,Temi Fagbenle,1630389,Dana Evans,0,,0,,False,12,,24.7,0.2964,1.0,Arc3,3,10.0,OffArc3Miss,IND,00:01,https://videos.nba.com/wnba/pbp/media/2024/08/30/1022400185/434/f601d159-4bd6-6427-e61e-d82e9d4724ab_960x540.mp4,121,215
wnba,wnba_shot_pace,shot_pace,shots,get-shots,2024,Regular Season,team,"{'EntityType': 'Team', 'StartType': 'All', 'Blocked': False, 'Season': '2024', 'SeasonType': 'Regular Season', 'EntityId': '1611661325'}",shot_pace,1611661325,4Q/OT | margin -3..3 | 300..120,get-shots__shots__entity_type-Team__start_type-All__blocked-False__season-2024__season_type-Regular_Season__entity_id-1611661325__c4f64243,get-shots,https://api.pbpstats.com/get-shots/wnba?EntityType=Team&StartType=All&Blocked=False&Season=2024&SeasonType=Regular+Season&EntityId=1611661325,200,271,,,,,,False,1611661329,136.0,398,2024-08-30,1022400185,1628909-1631019-1631086-203024-204365,False,CHI,1627669-1628890-1630389-1642289-204330,,,,,,1611661325,3,Lexie Hull,1631086,32,02:28,204365,Erica Wheeler,1627669,Moriah Jefferson,0,,0,,False,11,,2.6,0.6618,138.0,AtRim,2,148.0,OffCorner3Miss,IND,02:18,https://videos.nba.com/wnba/pbp/media/2024/08/30/1022400185/398/14436604-5dcf-886d-3507-b8acc9fc9851_960x540.mp4,-19,18
wnba,wnba_shot_pace,shot_pace,shots,get-shots,2024,Regular Season,team,"{'EntityType': 'Team', 'StartType': 'All', 'Blocked': False, 'Season': '2024', 'SeasonType': 'Regular Season', 'EntityId': '1611661325'}",shot_pace,1611661325,4Q/OT | margin -3..3 | 300..120,get-shots__shots__entity_type-Team__start_type-All__blocked-False__season-2024__season_type-Regular_Season__entity_id-1611661325__c4f64243,get-shots,https://api.pbpstats.com/get-shots/wnba?EntityType=Team&StartType=All&Blocked=False&Season=2024&SeasonType=Regular+Season&EntityId=1611661325,200,272,,,,,,False,1611661329,265.0,366,2024-08-30,1022400185,1628909-1631019-1631086-1642286-203024,False,CHI,1628263-1628890-1630389-1642289-204330,,,,,,1611661325,3,Caitlin Clark,1642286,22,04:50,0,,0,,0,,0,,False,9,,28.3,0.2472,269.0,Arc3,3,290.0,OffFTMake,IND,04:29,https://videos.nba.com/wnba/pbp/media/2024/08/30/1022400185/366/3d243c8b-c3a1-a7d9-6efc-935436e2ee9a_960x540.mp4,105,263
wnba,wnba_shot_pace,shot_pace,shots,get-shots,2024,Regular Season,team,"{'EntityType': 'Team', 'StartType': 'All', 'Blocked': False, 'Season': '2024', 'SeasonType': 'Regular Season', 'EntityId': '1611661325'}",shot_pace,1611661325,4Q/OT | margin -3..3 | 300..120,get-shots__shots__entity_type-Team__start_type-All__blocked-False__season-2024__season_type-Regular_Season__entity_id-1611661325__c4f64243,get-shots,https://api.pbpstats.com/get-shots/wnba?EntityType=Team&StartType=All&Blocked=False&Season=2024&SeasonType=Regular+Season&EntityId=1611661325,200,273,,,,,,False,1611661329,369.0,329,2024-08-30,1022400185,1628909-1631019-1631086-1641648-1642286,False,CHI,1627671-1628263-1630446-1642289-1642291,,,,,,1611661325,3,NaLyssa Smith,1631019,16,06:30,0,,1628263,Lindsay Allen,0,,0,,False,7,,2.2,0.6447,371.0,AtRim,2,390.0,OffArc3Make,IND,06:11,https://videos.nba.com/wnba/pbp/media/2024/08/30/1022400185/329/1f35edc4-3aa3-6450-eccc-9816d18847fe_960x540.mp4,3,22
wnba,wnba_shot_pace,shot_pace,shots,get-shots,2024,Regular Season,team,"{'EntityType': 'Team', 'StartType': 'All', 'Blocked': False, 'Season': '2024', 'SeasonType': 'Regular Season', 'EntityId': '1611661325'}",shot_pace,1611661325,4Q/OT | margin -3..3 | 300..120,get-shots__shots__entity_type-Team__start_type-All__blocked-False__season-2024__season_type-Regular_Season__entity_id-1611661325__c4f64243,get-shots,https://api.pbpstats.com/get-shots/wnba?EntityType=Team&StartType=All&Blocked=False&Season=2024&SeasonType=Regular+Season&EntityId=1611661325,200,274,,,,,,False,1611661329,435.0,314,2024-08-30,1022400185,1628909-1631019-1631086-1641648-1642286,False,CHI,1627671-1628263-1630446-1642289-1642291,,,,,,1611661325,3,Lexie Hull,1631086,12,07:37,0,,1630446,Michaela Onyenwere,0,,0,,False,8,,24.8,0.3691,439.0,Arc3,3,457.0,OffArc3Make,IND,07:19,https://videos.nba.com/wnba/pbp/media/2024/08/30/1022400185/314/72752c21-c85a-f81c-377c-442c48f24bc6_960x540.mp4,131,210
wnba,wnba_shot_pace,shot_pace,shots,get-shots,2024,Regular Season,team,"{'EntityType': 'Team', 'StartType': 'All', 'Blocked': False, 'Season': '2024', 'SeasonType': 'Regular Season', 'EntityId': '1611661325'}",shot_pace,1611661325,4Q/OT | margin -3..3 | 300..120,get-shots__shots__entity_type-Team__start_type-All__blocked-False__season-2024__season_type-Regular_Season__entity_id-1611661325__c4f64243,get-shots,https://api.pbpstats.com/get-shots/wnba?EntityType=Team&StartType=All&Blocked=False&Season=2024&SeasonType=Regular+Season&EntityId=1611661325,200,275,,,,,,False,1611661329,470.0,310,2024-08-30,1022400185,1628909-1631019-1631086-1641648-1642286,False,CHI,1627671-1628263-1630446-1642289-1642291,,,,,,1611661325,3,Caitlin Clark,1642286,10,08:00,1631019,NaLyssa Smith,1627671,Rachel Banham,0,,0,,False,11,,20.9,0.3893,472.0,LongMidRange,2,480.0,OffLongMidRangeMiss,IND,07:52,https://videos.nba.com/wnba/pbp/media/2024/08/30/1022400185/310/66856c59-1c6b-c4a2-c6e2-fa53190979de_960x540.mp4,82,192
wnba,wnba_shot_pace,shot_pace,shots,get-shots,2024,Regular Season,team,"{'EntityType': 'Team', 'StartType': 'All', 'Blocked': False, 'Season': '2024', 'SeasonType': 'Regular Season', 'EntityId': '1611661325'}",shot_pace,1611661325,4Q/OT | margin -3..3 | 300..120,get-shots__shots__entity_type-Team__start_type-All__blocked-False__season-2024__season_type-Regular_Season__entity_id-1611661325__c4f64243,get-shots,https://api.pbpstats.com/get-shots/wnba?EntityType=Team&StartType=All&Blocked=False&Season=2024&SeasonType=Regular+Season&EntityId=1611661325,200,276,,,,,,False,1611661329,489.0,306,2024-08-30,1022400185,1628909-1631019-1631086-1641648-1642286,False,CHI,1627671-1628263-1630446-1642289-1642291,,,,,,1611661325,3,NaLyssa Smith,1631019,8,08:17,1631019,NaLyssa Smith,1642289,Kamilla Cardoso,0,,0,,False,11,,3.4,0.6018,491.0,AtRim,2,497.0,OffAtRimMiss,IND,08:11,https://videos.nba.com/wnba/pbp/media/2024/08/30/1022400185/306/9eed99ef-7d29-0265-0c61-7579cfe5a3aa_960x540.mp4,-29,18
wnba,wnba_shot_pace,shot_pace,shots,get-shots,2024,Regular Season,team,"{'EntityType': 'Team', 'StartType': 'All', 'Blocked': False, 'Season': '2024', 'SeasonType': 'Regular Season', 'EntityId': '1611661325'}",shot_pace,1611661325,4Q/OT | margin -3..3 | 300..120,get-shots__shots__entity_type-Team__start_type-All__blocked-False__season-2024__season_type-Regular_Season__entity_id-1611661325__c4f64243,get-shots,https://api.pbpstats.com/get-shots/wnba?EntityType=Team&StartType=All&Blocked=False&Season=2024&SeasonType=Regular+Season&EntityId=1611661325,200,277,,,,,,False,1611661329,1.0,271,2024-08-30,1022400185,1628909-1631019-1631086-1641648-1642286,False,CHI,1627671-1628263-1630446-1642289-1642291,,,,,,1611661325,2,Aliyah Boston,1641648,42,00:24,0,,0,,0,,0,,False,5,,2.6,0.4681,1.0,AtRim,2,24.0,OffFTMake,IND,00:01,https://videos.nba.com/wnba/pbp/media/2024/08/30/1022400185/271/6fb8de43-d0e0-79bc-a9e3-76cc3a609775_960x540.mp4,24,9
wnba,wnba_shot_pace,shot_pace,shots,get-shots,2024,Regular Season,team,"{'EntityType': 'Team', 'StartType': 'All', 'Blocked': False, 'Season': '2024', 'SeasonType': 'Regular Season', 'EntityId': '1611661325'}",shot_pace,1611661325,4Q/OT | margin -3..3 | 300..120,get-shots__shots__entity_type-Team__start_type-All__blocked-False__season-2024__season_type-Regular_Season__entity_id-1611661325__c4f64243,get-shots,https://api.pbpstats.com/get-shots/wnba?EntityType=Team&StartType=All&Blocked=False&Season=2024&SeasonType=Regular+Season&EntityId=1611661325,200,278,,,,,,False,1611661329,70.0,255,2024-08-30,1022400185,1631019-1631086-1641648-1642286-204365,False,CHI,1627671-1628263-1630446-1642289-1642291,,,,,,1611661325,2,Erica Wheeler,204365,36,01:29,1641648,Aliyah Boston,1627671,Rachel Banham,0,,0,,False,7,,24.8,0.3586,74.0,Arc3,3,89.0,OffLongMidRangeMiss,IND,01:14,https://videos.nba.com/wnba/pbp/media/2024/08/30/1022400185/255/ab72b1ec-c4a8-2a69-b7c3-7e986c980931_960x540.mp4,-32,246
wnba,wnba_shot_pace,shot_pace,shots,get-shots,2024,Regular Season,team,"{'EntityType': 'Team', 'StartType': 'All', 'Blocked': False, 'Season': '2024', 'SeasonType': 'Regular Season', 'EntityId': '1611661325'}",shot_pace,1611661325,4Q/OT | margin -3..3 | 300..120,get-shots__shots__entity_type-Team__start_type-All__blocked-False__season-2024__season_type-Regular_Season__entity_id-1611661325__c4f64243,get-shots,https://api.pbpstats.com/get-shots/wnba?EntityType=Team&StartType=All&Blocked=False&Season=2024&SeasonType=Regular+Season&EntityId=1611661325,200,279,,,,,,False,1611661329,123.0,246,2024-08-30,1022400185,1631019-1631086-1641648-1642286-204365,False,CHI,1627671-1628263-1630446-1642289-1642291,,,,,,1611661325,2,Lexie Hull,1631086,32,02:14,0,,1628263,Lindsay Allen,0,,0,,False,7,,2.4,0.6672,123.0,AtRim,2,134.0,OffShortMidRangeMake,IND,02:03,https://videos.nba.com/wnba/pbp/media/2024/08/30/1022400185/246/686253be-26d1-d78c-14fc-bd03ed4856ca_960x540.mp4,21,12
wnba,wnba_shot_pace,shot_pace,shots,get-shots,2024,Regular Season,team,"{'EntityType': 'Team', 'StartType': 'All', 'Blocked': False, 'Season': '2024', 'SeasonType': 'Regular Season', 'EntityId': '1611661325'}",shot_pace,1611661325,4Q/OT | margin -3..3 | 300..120,get-shots__shots__entity_type-Team__start_type-All__blocked-False__season-2024__season_type-Regular_Season__entity_id-1611661325__c4f64243,get-shots,https://api.pbpstats.com/get-shots/wnba?EntityType=Team&StartType=All&Blocked=False&Season=2024&SeasonType=Regular+Season&EntityId=1611661325,200,280,,,,,,False,1611661329,180.0,223,2024-08-30,1022400185,1628909-1631019-1631086-203024-204365,False,CHI,1627671-1628263-1630446-1642289-1642291,,,,,,1611661325,2,Damiris Dantas,203024,28,03:18,1631019,NaLyssa Smith,1642291,Angel Reese,0,,0,,False,10,,24.7,0.3538,180.0,Arc3,3,198.0,OffLongMidRangeMiss,IND,03:00,https://videos.nba.com/wnba/pbp/media/2024/08/30/1022400185/223/08ccbd05-2ba3-4f09-d7d2-f0a4281b45e7_960x540.mp4,79,234
wnba,wnba_shot_pace,shot_pace,shots,get-shots,2024,Regular Season,team,"{'EntityType': 'Team', 'StartType': 'All', 'Blocked': False, 'Season': '2024', 'SeasonType': 'Regular Season', 'EntityId': '1611661325'}",shot_pace,1611661325,4Q/OT | margin -3..3 | 300..120,get-shots__shots__entity_type-Team__start_type-All__blocked-False__season-2024__season_type-Regular_Season__entity_id-1611661325__c4f64243,get-shots,https://api.pbpstats.com/get-shots/wnba?EntityType=Team&StartType=All&Blocked=False&Season=2024&SeasonType=Regular+Season&EntityId=1611661325,200,281,,,,,,False,1611661329,263.0,206,2024-08-30,1022400185,1628909-1631019-1642286-203024-204365,False,CHI,1628263-1630389-1630446-1642289-204330,,,,,,1611661325,2,Erica Wheeler,204365,22,04:45,1631019,NaLyssa Smith,1630389,Dana Evans,0,,0,,False,4,,23.0,0.3765,269.0,Corner3,3,285.0,OffArc3Miss,IND,04:29,https://videos.nba.com/wnba/pbp/media/2024/08/30/1022400185/206/093eb14e-ce3d-67ab-8e17-557c11a845d6_960x540.mp4,-230,7
wnba,wnba_shot_pace,shot_pace,shots,get-shots,2024,Regular Season,team,"{'EntityType': 'Team', 'StartType': 'All', 'Blocked': False, 'Season': '2024', 'SeasonType': 'Regular Season', 'EntityId': '1611661325'}",shot_pace,1611661325,4Q/OT | margin -3..3 | 300..120,get-shots__shots__entity_type-Team__start_type-All__blocked-False__season-2024__season_type-Regular_Season__entity_id-1611661325__c4f64243,get-shots,https://api.pbpstats.com/get-shots/wnba?EntityType=Team&StartType=All&Blocked=False&Season=2024&SeasonType=Regular+Season&EntityId=1611661325,200,282,,,,,,False,1611661329,428.0,177,2024-08-30,1022400185,1627701-1628909-1642286-203024-204365,False,CHI,1628263-1630389-1630446-1642291-204330,,,,,,1611661325,2,Caitlin Clark,1642286,12,07:24,0,,1630446,Michaela Onyenwere,0,,0,,False,1,,29.6,0.2781,433.0,Arc3,3,444.0,OffLongMidRangeMake,IND,07:13,https://videos.nba.com/wnba/pbp/media/2024/08/30/1022400185/177/ccd40745-0aab-ab7e-8325-f6c112f92c67_960x540.mp4,49,292
wnba,wnba_shot_pace,shot_pace,shots,get-shots,2024,Regular Season,team,"{'EntityType': 'Team', 'StartType': 'All', 'Blocked': False, 'Season': '2024', 'SeasonType': 'Regular Season', 'EntityId': '1611661325'}",shot_pace,1611661325,4Q/OT | margin -3..3 | 300..120,get-shots__shots__entity_type-Team__start_type-All__blocked-False__season-2024__season_type-Regular_Season__entity_id-1611661325__c4f64243,get-shots,https://api.pbpstats.com/get-shots/wnba?EntityType=Team&StartType=All&Blocked=False&Season=2024&SeasonType=Regular+Season&EntityId=1611661325,200,283,,,,,,False,1611661329,0.0,126,2024-08-30,1022400185,1627701-1628909-1631086-1641648-1642286,False,CHI,1627669-1628890-1630389-1642289-1642291,,,,,,1611661325,1,Temi Fagbenle,1627701,39,00:16,1642286,Caitlin Clark,1642289,Kamilla Cardoso,0,,0,,False,-3,,22.5,0.1811,0.0,Corner3,3,16.0,OffShortMidRangeBlock,IND,00:00,https://videos.nba.com/wnba/pbp/media/2024/08/30/1022400185/126/8168ec5e-812e-2086-07c8-f4cc6362a481_960x540.mp4,225,-15
wnba,wnba_shot_pace,shot_pace,shots,get-shots,2024,Regular Season,team,"{'EntityType': 'Team', 'StartType': 'All', 'Blocked': False, 'Season': '2024', 'SeasonType': 'Regular Season', 'EntityId': '1611661325'}",shot_pace,1611661325,4Q/OT | margin -3..3 | 300..120,get-shots__shots__entity_type-Team__start_type-All__blocked-False__season-2024__season_type-Regular_Season__entity_id-1611661325__c4f64243,get-shots,https://api.pbpstats.com/get-shots/wnba?EntityType=Team&StartType=All&Blocked=False&Season=2024&SeasonType=Regular+Season&EntityId=1611661325,200,284,,,,,,False,1611661329,96.0,108,2024-08-30,1022400185,1627701-1628909-1631086-1641648-1642286,False,CHI,1628263-1628890-1630389-1642289-1642291,,,,,,1611661325,1,Kelsey Mitchell,1628909,33,01:56,1631086,Lexie Hull,1630389,Dana Evans,0,,0,,False,-6,,2.5,0.5619,98.0,AtRim,2,116.0,OffArc3Miss,IND,01:38,https://videos.nba.com/wnba/pbp/media/2024/08/30/1022400185/108/cfb21e96-49c1-a989-1c15-a7f3ac498c0a_960x540.mp4,5,25
wnba,wnba_shot_pace,shot_pace,shots,get-shots,2024,Regular Season,team,"{'EntityType': 'Team', 'StartType': 'All', 'Blocked': False, 'Season': '2024', 'SeasonType': 'Regular Season', 'EntityId': '1611661325'}",shot_pace,1611661325,4Q/OT | margin -3..3 | 300..120,get-shots__shots__entity_type-Team__start_type-All__blocked-False__season-2024__season_type-Regular_Season__entity_id-1611661325__c4f64243,get-shots,https://api.pbpstats.com/get-shots/wnba?EntityType=Team&StartType=All&Blocked=False&Season=2024&SeasonType=Regular+Season&EntityId=1611661325,200,285,,,,,,False,1611661329,162.0,100,2024-08-30,1022400185,1627701-1628909-1631086-1641648-1642286,False,CHI,1628263-1628890-1630389-1642289-1642291,,,,,,1611661325,1,Kelsey Mitchell,1628909,29,03:00,0,,0,,0,,0,,False,-9,,18.9,0.4048,167.0,LongMidRange,2,180.0,OffFTMake,IND,02:47,https://videos.nba.com/wnba/pbp/media/2024/08/30/1022400185/100/7373b8bf-632b-11db-19be-1853e3010c4a_960x540.mp4,-16,188
wnba,wnba_shot_pace,shot_pace,shots,get-shots,2024,Regular Season,team,"{'EntityType': 'Team', 'StartType': 'All', 'Blocked': False, 'Season': '2024', 'SeasonType': 'Regular Season', 'EntityId': '1611661325'}",shot_pace,1611661325,4Q/OT | margin -3..3 | 300..120,get-shots__shots__entity_type-Team__start_type-All__blocked-False__season-2024__season_type-Regular_Season__entity_id-1611661325__c4f64243,get-shots,https://api.pbpstats.com/get-shots/wnba?EntityType=Team&StartType=All&Blocked=False&Season=2024&SeasonType=Regular+Season&EntityId=1611661325,200,286,,,,,,False,1611661329,279.0,63,2024-08-30,1022400185,1628909-1631019-1631086-1641648-1642286,False,CHI,1627671-1628263-1630446-1642289-1642291,,,,,,1611661325,1,NaLyssa Smith,1631019,21,05:04,0,,1642291,Angel Reese,0,,0,,False,-10,,24.9,0.3504,284.0,Arc3,3,304.0,OffAtRimMake,IND,04:44,https://videos.nba.com/wnba/pbp/media/2024/08/30/1022400185/63/dc61438c-2cca-9cc5-f423-7093c0164b68_960x540.mp4,73,238
wnba,wnba_shot_pace,shot_pace,shots,get-shots,2024,Regular Season,team,"{'EntityType': 'Team', 'StartType': 'All', 'Blocked': False, 'Season': '2024', 'SeasonType': 'Regular Season', 'EntityId': '1611661325'}",shot_pace,1611661325,4Q/OT | margin -3..3 | 300..120,get-shots__shots__entity_type-Team__start_type-All__blocked-False__season-2024__season_type-Regular_Season__entity_id-1611661325__c4f64243,get-shots,https://api.pbpstats.com/get-shots/wnba?EntityType=Team&StartType=All&Blocked=False&Season=2024&SeasonType=Regular+Season&EntityId=1611661325,200,287,,,,,,False,1611661329,342.0,52,2024-08-30,1022400185,1628909-1631019-1631086-1641648-1642286,False,CHI,1627671-1628263-1630446-1642289-1642291,,,,,,1611661325,1,Caitlin Clark,1642286,17,06:08,0,,1630446,Michaela Onyenwere,0,,0,,False,-9,,24.0,0.3016,344.0,Arc3,3,368.0,OffArc3Make,IND,05:44,https://videos.nba.com/wnba/pbp/media/2024/08/30/1022400185/52/5b66a8a3-c4ea-f9a9-98f1-5af2005e7768_960x540.mp4,122,207
wnba,wnba_shot_pace,shot_pace,shots,get-shots,2024,Regular Season,team,"{'EntityType': 'Team', 'StartType': 'All', 'Blocked': False, 'Season': '2024', 'SeasonType': 'Regular Season', 'EntityId': '1611661325'}",shot_pace,1611661325,4Q/OT | margin -3..3 | 300..120,get-shots__shots__entity_type-Team__start_type-All__blocked-False__season-2024__season_type-Regular_Season__entity_id-1611661325__c4f64243,get-shots,https://api.pbpstats.com/get-shots/wnba?EntityType=Team&StartType=All&Blocked=False&Season=2024&SeasonType=Regular+Season&EntityId=1611661325,200,288,,,,,,False,1611661329,386.0,47,2024-08-30,1022400185,1628909-1631019-1631086-1641648-1642286,False,CHI,1627671-1628263-1630446-1642289-1642291,Aliyah Boston,1641648.0,Aliyah Boston,1641648.0,ShortMidRange,1611661325,1,Aliyah Boston,1641648,15,06:38,0,,1628263,Lindsay Allen,0,,0,,False,-6,3.0,0.6,0.7095,386.0,AtRim,2,398.0,OffShortMidRangeMake,IND,06:26,https://videos.nba.com/wnba/pbp/media/2024/08/30/1022400185/47/ac4768c6-2746-4c3c-9556-1b9755aeb18f_960x540.mp4,0,-6
wnba,wnba_shot_pace,shot_pace,shots,get-shots,2024,Regular Season,team,"{'EntityType': 'Team', 'StartType': 'All', 'Blocked': False, 'Season': '2024', 'SeasonType': 'Regular Season', 'EntityId': '1611661325'}",shot_pace,1611661325,4Q/OT | margin -3..3 | 300..120,get-shots__shots__entity_type-Team__start_type-All__blocked-False__season-2024__season_type-Regular_Season__entity_id-1611661325__c4f64243,get-shots,https://api.pbpstats.com/get-shots/wnba?EntityType=Team&StartType=All&Blocked=False&Season=2024&SeasonType=Regular+Season&EntityId=1611661325,200,289,,,,,,False,1611661329,386.0,45,2024-08-30,1022400185,1628909-1631019-1631086-1641648-1642286,False,CHI,1627671-1628263-1630446-1642289-1642291,,,,,,1611661325,1,Aliyah Boston,1641648,15,06:38,0,,1628263,Lindsay Allen,0,,0,,False,-6,,4.1,0.4756,389.0,ShortMidRange,2,398.0,OffShortMidRangeMake,IND,06:29,https://videos.nba.com/wnba/pbp/media/2024/08/30/1022400185/45/3b02c835-c77f-54e8-c005-1083baa1aeb0_960x540.mp4,-4,41
wnba,wnba_shot_pace,shot_pace,shots,get-shots,2024,Regular Season,team,"{'EntityType': 'Team', 'StartType': 'All', 'Blocked': False, 'Season': '2024', 'SeasonType': 'Regular Season', 'EntityId': '1611661325'}",shot_pace,1611661325,4Q/OT | margin -3..3 | 300..120,get-shots__shots__entity_type-Team__start_type-All__blocked-False__season-2024__season_type-Regular_Season__entity_id-1611661325__c4f64243,get-shots,https://api.pbpstats.com/get-shots/wnba?EntityType=Team&StartType=All&Blocked=False&Season=2024&SeasonType=Regular+Season&EntityId=1611661325,200,290,,,,,,False,1611661329,405.0,42,2024-08-30,1022400185,1628909-1631019-1631086-1641648-1642286,False,CHI,1627671-1628263-1630446-1642289-1642291,,,,,,1611661325,1,Kelsey Mitchell,1628909,13,07:05,0,,1628263,Lindsay Allen,0,,0,,False,-4,,24.6,0.3644,407.0,Arc3,3,425.0,OffArc3Make,IND,06:47,https://videos.nba.com/wnba/pbp/media/2024/08/30/1022400185/42/9bf5c6ce-bb08-10bc-607a-09e1662a9d24_960x540.mp4,-139,203
wnba,wnba_shot_pace,shot_pace,shots,get-shots,2024,Regular Season,team,"{'EntityType': 'Team', 'StartType': 'All', 'Blocked': False, 'Season': '2024', 'SeasonType': 'Regular Season', 'EntityId': '1611661325'}",shot_pace,1611661325,4Q/OT | margin -3..3 | 300..120,get-shots__shots__entity_type-Team__start_type-All__blocked-False__season-2024__season_type-Regular_Season__entity_id-1611661325__c4f64243,get-shots,https://api.pbpstats.com/get-shots/wnba?EntityType=Team&StartType=All&Blocked=False&Season=2024&SeasonType=Regular+Season&EntityId=1611661325,200,291,,,,,,False,1611661329,525.0,15,2024-08-30,1022400185,1628909-1631019-1631086-1641648-1642286,False,CHI,1627671-1628263-1630446-1642289-1642291,,,,,,1611661325,1,Caitlin Clark,1642286,5,09:03,0,,1642289,Kamilla Cardoso,0,,0,,False,0,,11.5,0.4225,528.0,ShortMidRange,2,543.0,OffAtRimMake,IND,08:48,https://videos.nba.com/wnba/pbp/media/2024/08/30/1022400185/15/97ce4253-b7fd-1e18-f4fd-eb76fc19df65_960x540.mp4,45,106
wnba,wnba_shot_pace,shot_pace,shots,get-shots,2024,Regular Season,team,"{'EntityType': 'Team', 'StartType': 'All', 'Blocked': False, 'Season': '2024', 'SeasonType': 'Regular Season', 'EntityId': '1611661325'}",shot_pace,1611661325,4Q/OT | margin -3..3 | 300..120,get-shots__shots__entity_type-Team__start_type-All__blocked-False__season-2024__season_type-Regular_Season__entity_id-1611661325__c4f64243,get-shots,https://api.pbpstats.com/get-shots/wnba?EntityType=Team&StartType=All&Blocked=False&Season=2024&SeasonType=Regular+Season&EntityId=1611661325,200,292,,,,,,False,1611661323,45.0,502,2024-08-28,1022400180,1627701-1628909-1631086-1641648-1642286,False,CON,1628280-1629497-1630096-1631007-203826,,,,,,1611661325,4,Caitlin Clark,1642286,30,01:05,1641648,Aliyah Boston,1628280,Brionna Jones,0,,0,,False,2,,26.2,0.2843,49.0,Arc3,3,65.0,OffShortMidRangeMiss,IND,00:49,https://videos.nba.com/wnba/pbp/media/2024/08/28/1022400180/502/9c331b0f-c570-63f9-9b1c-a6de499c1c41_960x540.mp4,-35,260
wnba,wnba_shot_pace,shot_pace,shots,get-shots,2024,Regular Season,team,"{'EntityType': 'Team', 'StartType': 'All', 'Blocked': False, 'Season': '2024', 'SeasonType': 'Regular Season', 'EntityId': '1611661325'}",shot_pace,1611661325,4Q/OT | margin -3..3 | 300..120,get-shots__shots__entity_type-Team__start_type-All__blocked-False__season-2024__season_type-Regular_Season__entity_id-1611661325__c4f64243,get-shots,https://api.pbpstats.com/get-shots/wnba?EntityType=Team&StartType=All&Blocked=False&Season=2024&SeasonType=Regular+Season&EntityId=1611661325,200,293,,,,,,False,1611661323,242.0,474,2024-08-28,1022400180,1628909-1631019-1631086-1641648-1642286,False,CON,1628280-1629497-1630096-1631007-203826,,,,,,1611661325,4,Aliyah Boston,1641648,18,04:23,1631086,Lexie Hull,1628280,Brionna Jones,0,,0,,False,2,,2.6,0.5405,246.0,AtRim,2,263.0,OffAtRimMiss,IND,04:06,https://videos.nba.com/wnba/pbp/media/2024/08/28/1022400180/474/7e562217-3c6b-77cc-12bd-7e71b54a587a_960x540.mp4,13,23
wnba,wnba_shot_pace,shot_pace,shots,get-shots,2024,Regular Season,team,"{'EntityType': 'Team', 'StartType': 'All', 'Blocked': False, 'Season': '2024', 'SeasonType': 'Regular Season', 'EntityId': '1611661325'}",shot_pace,1611661325,4Q/OT | margin -3..3 | 300..120,get-shots__shots__entity_type-Team__start_type-All__blocked-False__season-2024__season_type-Regular_Season__entity_id-1611661325__c4f64243,get-shots,https://api.pbpstats.com/get-shots/wnba?EntityType=Team&StartType=All&Blocked=False&Season=2024&SeasonType=Regular+Season&EntityId=1611661325,200,294,,,,,,False,1611661323,317.0,468,2024-08-28,1022400180,1628909-1631019-1631086-1641648-1642286,False,CON,1628280-1629497-1630096-1631007-203826,,0.0,NaLyssa Smith,1631019.0,Team,1611661325,4,Caitlin Clark,1642286,14,05:59,0,,0,,0,,0,,False,2,12.0,0.4,0.687,321.0,AtRim,2,359.0,OffTimeout,IND,05:21,https://videos.nba.com/wnba/pbp/media/2024/08/28/1022400180/468/b0e8e886-9463-8089-fdd2-1cc90a9e3bb7_960x540.mp4,0,4
wnba,wnba_shot_pace,shot_pace,shots,get-shots,2024,Regular Season,team,"{'EntityType': 'Team', 'StartType': 'All', 'Blocked': False, 'Season': '2024', 'SeasonType': 'Regular Season', 'EntityId': '1611661325'}",shot_pace,1611661325,4Q/OT | margin -3..3 | 300..120,get-shots__shots__entity_type-Team__start_type-All__blocked-False__season-2024__season_type-Regular_Season__entity_id-1611661325__c4f64243,get-shots,https://api.pbpstats.com/get-shots/wnba?EntityType=Team&StartType=All&Blocked=False&Season=2024&SeasonType=Regular+Season&EntityId=1611661325,200,295,,,,,,False,1611661323,317.0,463,2024-08-28,1022400180,1628909-1631019-1631086-1641648-1642286,False,CON,1628280-1629497-1630096-1631007-203826,Aliyah Boston,1641648.0,Lexie Hull,1631086.0,Arc3,1611661325,4,NaLyssa Smith,1631019,14,05:59,0,,0,,0,,0,,False,2,12.0,0.4,0.7657,335.0,AtRim,2,359.0,OffTimeout,IND,05:35,https://videos.nba.com/wnba/pbp/media/2024/08/28/1022400180/463/3b8d6419-af30-d6eb-cb96-0f4901a9cb67_960x540.mp4,-2,4
wnba,wnba_shot_pace,shot_pace,shots,get-shots,2024,Regular Season,team,"{'EntityType': 'Team', 'StartType': 'All', 'Blocked': False, 'Season': '2024', 'SeasonType': 'Regular Season', 'EntityId': '1611661325'}",shot_pace,1611661325,4Q/OT | margin -3..3 | 300..120,get-shots__shots__entity_type-Team__start_type-All__blocked-False__season-2024__season_type-Regular_Season__entity_id-1611661325__c4f64243,get-shots,https://api.pbpstats.com/get-shots/wnba?EntityType=Team&StartType=All&Blocked=False&Season=2024&SeasonType=Regular+Season&EntityId=1611661325,200,296,,,,,,False,1611661323,317.0,458,2024-08-28,1022400180,1628909-1631019-1631086-1641648-1642286,False,CON,1628280-1629497-1630096-1631007-203826,,,,,,1611661325,4,Lexie Hull,1631086,14,05:59,0,,0,,0,,0,,False,2,,25.5,0.2975,349.0,Arc3,3,359.0,OffTimeout,IND,05:49,https://videos.nba.com/wnba/pbp/media/2024/08/28/1022400180/458/bb14938e-c785-40b7-3834-428810e0b091_960x540.mp4,179,181
wnba,wnba_shot_pace,shot_pace,shots,get-shots,2024,Regular Season,team,"{'EntityType': 'Team', 'StartType': 'All', 'Blocked': False, 'Season': '2024', 'SeasonType': 'Regular Season', 'EntityId': '1611661325'}",shot_pace,1611661325,4Q/OT | margin -3..3 | 300..120,get-shots__shots__entity_type-Team__start_type-All__blocked-False__season-2024__season_type-Regular_Season__entity_id-1611661325__c4f64243,get-shots,https://api.pbpstats.com/get-shots/wnba?EntityType=Team&StartType=All&Blocked=False&Season=2024&SeasonType=Regular+Season&EntityId=1611661325,200,297,,,,,,False,1611661323,376.0,453,2024-08-28,1022400180,1628909-1631019-1631086-1641648-1642286,False,CON,1628280-1629497-1630096-1631007-203826,,,,,,1611661325,4,NaLyssa Smith,1631019,12,06:43,0,,1630096,DiJonai Carrington,0,,0,,False,2,,6.8,0.3965,380.0,ShortMidRange,2,403.0,OffAtRimMake,IND,06:20,https://videos.nba.com/wnba/pbp/media/2024/08/28/1022400180/453/4e1f0f0e-f4fe-b7df-703c-64f104e3e973_960x540.mp4,5,68
wnba,wnba_shot_pace,shot_pace,shots,get-shots,2024,Regular Season,team,"{'EntityType': 'Team', 'StartType': 'All', 'Blocked': False, 'Season': '2024', 'SeasonType': 'Regular Season', 'EntityId': '1611661325'}",shot_pace,1611661325,4Q/OT | margin -3..3 | 300..120,get-shots__shots__entity_type-Team__start_type-All__blocked-False__season-2024__season_type-Regular_Season__entity_id-1611661325__c4f64243,get-shots,https://api.pbpstats.com/get-shots/wnba?EntityType=Team&StartType=All&Blocked=False&Season=2024&SeasonType=Regular+Season&EntityId=1611661325,200,298,,,,,,False,1611661323,422.0,449,2024-08-28,1022400180,1628909-1631019-1631086-1641648-1642286,False,CON,1628280-1629497-1630096-1631007-203826,,0.0,Lexie Hull,1631086.0,TeamBlocked,1611661325,4,Kelsey Mitchell,1628909,10,07:17,0,,0,,0,,0,,False,4,1.0,17.4,0.362,425.0,LongMidRange,2,437.0,OffTimeout,IND,07:05,https://videos.nba.com/wnba/pbp/media/2024/08/28/1022400180/449/756b2fb6-e0f2-054d-d4eb-305a4d954601_960x540.mp4,144,97
wnba,wnba_shot_pace,shot_pace,shots,get-shots,2024,Regular Season,team,"{'EntityType': 'Team', 'StartType': 'All', 'Blocked': False, 'Season': '2024', 'SeasonType': 'Regular Season', 'EntityId': '1611661325'}",shot_pace,1611661325,4Q/OT | margin -3..3 | 300..120,get-shots__shots__entity_type-Team__start_type-All__blocked-False__season-2024__season_type-Regular_Season__entity_id-1611661325__c4f64243,get-shots,https://api.pbpstats.com/get-shots/wnba?EntityType=Team&StartType=All&Blocked=False&Season=2024&SeasonType=Regular+Season&EntityId=1611661325,200,299,,,,,,False,1611661323,482.0,429,2024-08-28,1022400180,1628909-1631019-1631086-1641648-1642286,False,CON,1629497-1630096-1631007-1631135-203826,,,,,,1611661325,4,Caitlin Clark,1642286,6,08:18,1631019,NaLyssa Smith,1631007,Veronica Burton,0,,0,,False,2,,25.0,0.3443,486.0,Arc3,3,498.0,OffArc3Miss,IND,08:06,https://videos.nba.com/wnba/pbp/media/2024/08/28/1022400180/429/2c319fd9-9661-0638-9a2e-19b97d215a36_960x540.mp4,-78,237
wnba,wnba_shot_pace,shot_pace,shots,get-shots,2024,Regular Season,team,"{'EntityType': 'Team', 'StartType': 'All', 'Blocked': False, 'Season': '2024', 'SeasonType': 'Regular Season', 'EntityId': '1611661325'}",shot_pace,1611661325,4Q/OT | margin -3..3 | 300..120,get-shots__shots__entity_type-Team__start_type-All__blocked-False__season-2024__season_type-Regular_Season__entity_id-1611661325__c4f64243,get-shots,https://api.pbpstats.com/get-shots/wnba?EntityType=Team&StartType=All&Blocked=False&Season=2024&SeasonType=Regular+Season&EntityId=1611661325,200,300,,,,,,False,1611661323,1.0,407,2024-08-28,1022400180,1627701-1628909-1641648-1642286-204365,False,CON,1629497-1630096-1631007-1631135-203826,,,,,,1611661325,3,Aliyah Boston,1641648,39,00:28,0,,1631007,Veronica Burton,0,,0,,False,3,,26.1,0.257,4.0,Arc3,3,28.0,OffShortMidRangeMake,IND,00:04,https://videos.nba.com/wnba/pbp/media/2024/08/28/1022400180/407/80cce916-9bf8-412d-5342-1f7df642c3ab_960x540.mp4,157,208
wnba,wnba_shot_pace,shot_pace,shots,get-shots,2024,Regular Season,team,"{'EntityType': 'Team', 'StartType': 'All', 'Blocked': False, 'Season': '2024', 'SeasonType': 'Regular Season', 'EntityId': '1611661325'}",shot_pace,1611661325,4Q/OT | margin -3..3 | 300..120,get-shots__shots__entity_type-Team__start_type-All__blocked-False__season-2024__season_type-Regular_Season__entity_id-1611661325__c4f64243,get-shots,https://api.pbpstats.com/get-shots/wnba?EntityType=Team&StartType=All&Blocked=False&Season=2024&SeasonType=Regular+Season&EntityId=1611661325,200,301,,,,,,False,1611661323,93.0,392,2024-08-28,1022400180,1627701-1628909-1641648-1642286-204365,False,CON,1629497-1630096-1631135-201886-203826,,,,,,1611661325,3,Kelsey Mitchell,1628909,33,01:53,0,,1629497,Marina Mabrey,0,,0,,False,5,,19.9,0.3305,94.0,LongMidRange,2,113.0,OffArc3Make,IND,01:34,https://videos.nba.com/wnba/pbp/media/2024/08/28/1022400180/392/5ac70f57-6dd6-a960-0b0d-14bf85f53ee9_960x540.mp4,156,123
wnba,wnba_shot_pace,shot_pace,shots,get-shots,2024,Regular Season,team,"{'EntityType': 'Team', 'StartType': 'All', 'Blocked': False, 'Season': '2024', 'SeasonType': 'Regular Season', 'EntityId': '1611661325'}",shot_pace,1611661325,4Q/OT | margin -3..3 | 300..120,get-shots__shots__entity_type-Team__start_type-All__blocked-False__season-2024__season_type-Regular_Season__entity_id-1611661325__c4f64243,get-shots,https://api.pbpstats.com/get-shots/wnba?EntityType=Team&StartType=All&Blocked=False&Season=2024&SeasonType=Regular+Season&EntityId=1611661325,200,302,,,,,,False,1611661323,151.0,383,2024-08-28,1022400180,1627701-1628909-1641648-1642286-204365,False,CON,1629497-1630096-1631135-201886-203826,,,,,,1611661325,3,Temi Fagbenle,1627701,29,02:45,0,,0,,0,,0,,False,5,,2.0,0.6177,153.0,AtRim,2,165.0,OffDeadball,IND,02:33,https://videos.nba.com/wnba/pbp/media/2024/08/28/1022400180/383/7331b9ad-2e55-74d5-7c2f-d02ce70cf740_960x540.mp4,-11,-17
wnba,wnba_shot_pace,shot_pace,shots,get-shots,2024,Regular Season,team,"{'EntityType': 'Team', 'StartType': 'All', 'Blocked': False, 'Season': '2024', 'SeasonType': 'Regular Season', 'EntityId': '1611661325'}",shot_pace,1611661325,4Q/OT | margin -3..3 | 300..120,get-shots__shots__entity_type-Team__start_type-All__blocked-False__season-2024__season_type-Regular_Season__entity_id-1611661325__c4f64243,get-shots,https://api.pbpstats.com/get-shots/wnba?EntityType=Team&StartType=All&Blocked=False&Season=2024&SeasonType=Regular+Season&EntityId=1611661325,200,303,,,,,,False,1611661323,188.0,373,2024-08-28,1022400180,1627701-1628909-1641648-1642286-204365,False,CON,1629497-1630096-1631135-201886-203826,,,,,,1611661325,3,Kelsey Mitchell,1628909,27,03:29,0,,0,,0,,0,,False,5,,24.6,0.356,191.0,Arc3,3,209.0,OffDeadball,IND,03:11,https://videos.nba.com/wnba/pbp/media/2024/08/28/1022400180/373/62693ed9-03fc-c878-84d9-98dd72972624_960x540.mp4,-72,235
wnba,wnba_shot_pace,shot_pace,shots,get-shots,2024,Regular Season,team,"{'EntityType': 'Team', 'StartType': 'All', 'Blocked': False, 'Season': '2024', 'SeasonType': 'Regular Season', 'EntityId': '1611661325'}",shot_pace,1611661325,4Q/OT | margin -3..3 | 300..120,get-shots__shots__entity_type-Team__start_type-All__blocked-False__season-2024__season_type-Regular_Season__entity_id-1611661325__c4f64243,get-shots,https://api.pbpstats.com/get-shots/wnba?EntityType=Team&StartType=All&Blocked=False&Season=2024&SeasonType=Regular+Season&EntityId=1611661325,200,304,,,,,,False,1611661323,242.0,354,2024-08-28,1022400180,1627701-1628909-1631086-1641648-1642286,False,CON,1628280-1630096-1630112-201886-203826,Lexie Hull,1631086.0,Aliyah Boston,1641648.0,LongMidRange,1611661325,3,Caitlin Clark,1642286,23,04:45,0,,1628280,Brionna Jones,0,,0,,False,3,9.0,25.1,0.3791,256.0,Arc3,3,285.0,OffLongMidRangeMake,IND,04:16,https://videos.nba.com/wnba/pbp/media/2024/08/28/1022400180/354/53aee8b1-abf6-905a-ea1c-cf10497969d4_960x540.mp4,172,183
wnba,wnba_shot_pace,shot_pace,shots,get-shots,2024,Regular Season,team,"{'EntityType': 'Team', 'StartType': 'All', 'Blocked': False, 'Season': '2024', 'SeasonType': 'Regular Season', 'EntityId': '1611661325'}",shot_pace,1611661325,4Q/OT | margin -3..3 | 300..120,get-shots__shots__entity_type-Team__start_type-All__blocked-False__season-2024__season_type-Regular_Season__entity_id-1611661325__c4f64243,get-shots,https://api.pbpstats.com/get-shots/wnba?EntityType=Team&StartType=All&Blocked=False&Season=2024&SeasonType=Regular+Season&EntityId=1611661325,200,305,,,,,,False,1611661323,242.0,352,2024-08-28,1022400180,1627701-1628909-1631086-1641648-1642286,False,CON,1628280-1630096-1630112-201886-203826,,,,,,1611661325,3,Aliyah Boston,1641648,23,04:45,0,,1628280,Brionna Jones,0,,0,,False,3,,17.3,0.3661,268.0,LongMidRange,2,285.0,OffLongMidRangeMake,IND,04:28,https://videos.nba.com/wnba/pbp/media/2024/08/28/1022400180/352/91f700e8-a21c-b461-d4c2-cf5f673deef5_960x540.mp4,129,115
wnba,wnba_shot_pace,shot_pace,shots,get-shots,2024,Regular Season,team,"{'EntityType': 'Team', 'StartType': 'All', 'Blocked': False, 'Season': '2024', 'SeasonType': 'Regular Season', 'EntityId': '1611661325'}",shot_pace,1611661325,4Q/OT | margin -3..3 | 300..120,get-shots__shots__entity_type-Team__start_type-All__blocked-False__season-2024__season_type-Regular_Season__entity_id-1611661325__c4f64243,get-shots,https://api.pbpstats.com/get-shots/wnba?EntityType=Team&StartType=All&Blocked=False&Season=2024&SeasonType=Regular+Season&EntityId=1611661325,200,306,,,,,,False,1611661323,323.0,344,2024-08-28,1022400180,1627701-1628909-1631086-1641648-1642286,False,CON,1628280-1630096-1630112-201886-203826,,,,,,1611661325,3,Aliyah Boston,1641648,19,05:46,0,,0,,0,,0,,False,3,,25.4,0.337,326.0,Arc3,3,346.0,OffDeadball,IND,05:26,https://videos.nba.com/wnba/pbp/media/2024/08/28/1022400180/344/3c349aa6-dd7c-8e8b-d61e-4645481f1fd9_960x540.mp4,26,253
wnba,wnba_shot_pace,shot_pace,shots,get-shots,2024,Regular Season,team,"{'EntityType': 'Team', 'StartType': 'All', 'Blocked': False, 'Season': '2024', 'SeasonType': 'Regular Season', 'EntityId': '1611661325'}",shot_pace,1611661325,4Q/OT | margin -3..3 | 300..120,get-shots__shots__entity_type-Team__start_type-All__blocked-False__season-2024__season_type-Regular_Season__entity_id-1611661325__c4f64243,get-shots,https://api.pbpstats.com/get-shots/wnba?EntityType=Team&StartType=All&Blocked=False&Season=2024&SeasonType=Regular+Season&EntityId=1611661325,200,307,,,,,,False,1611661323,457.0,311,2024-08-28,1022400180,1628909-1631019-1631086-1641648-1642286,False,CON,1628280-1630096-1630112-201886-203826,,,,,,1611661325,3,Caitlin Clark,1642286,11,07:47,1641648,Aliyah Boston,1630096,DiJonai Carrington,0,,0,,False,1,,27.5,0.3995,462.0,Arc3,3,467.0,OffAtRimMiss,IND,07:42,https://videos.nba.com/wnba/pbp/media/2024/08/28/1022400180/311/86e7c3e8-6227-b3fa-e7e5-78da664341ba_960x540.mp4,-171,216
wnba,wnba_shot_pace,shot_pace,shots,get-shots,2024,Regular Season,team,"{'EntityType': 'Team', 'StartType': 'All', 'Blocked': False, 'Season': '2024', 'SeasonType': 'Regular Season', 'EntityId': '1611661325'}",shot_pace,1611661325,4Q/OT | margin -3..3 | 300..120,get-shots__shots__entity_type-Team__start_type-All__blocked-False__season-2024__season_type-Regular_Season__entity_id-1611661325__c4f64243,get-shots,https://api.pbpstats.com/get-shots/wnba?EntityType=Team&StartType=All&Blocked=False&Season=2024&SeasonType=Regular+Season&EntityId=1611661325,200,308,,,,,,False,1611661323,576.0,279,2024-08-28,1022400180,1628909-1631019-1631086-1641648-1642286,False,CON,1628280-1630096-1630112-201886-203826,,,,,,1611661325,3,NaLyssa Smith,1631019,1,10:00,0,,0,,0,,0,,False,9,,0.5,0.6812,579.0,AtRim,2,600.0,OffDeadball,IND,09:39,https://videos.nba.com/wnba/pbp/media/2024/08/28/1022400180/279/84c114a7-ea6f-f211-4243-aaf76687e64c_960x540.mp4,0,5
wnba,wnba_shot_pace,shot_pace,shots,get-shots,2024,Regular Season,team,"{'EntityType': 'Team', 'StartType': 'All', 'Blocked': False, 'Season': '2024', 'SeasonType': 'Regular Season', 'EntityId': '1611661325'}",shot_pace,1611661325,4Q/OT | margin -3..3 | 300..120,get-shots__shots__entity_type-Team__start_type-All__blocked-False__season-2024__season_type-Regular_Season__entity_id-1611661325__c4f64243,get-shots,https://api.pbpstats.com/get-shots/wnba?EntityType=Team&StartType=All&Blocked=False&Season=2024&SeasonType=Regular+Season&EntityId=1611661325,200,309,,,,,,False,1611661323,24.0,269,2024-08-28,1022400180,1627701-1628909-1641648-1642286-204365,False,CON,1628280-1630096-1630112-201886-203826,,,,,,1611661325,2,Kelsey Mitchell,1628909,39,00:33,1627701,Temi Fagbenle,201886,DeWanna Bonner,0,,0,,False,9,,25.5,0.4136,27.0,Arc3,3,33.0,OffShortMidRangeMiss,IND,00:27,https://videos.nba.com/wnba/pbp/media/2024/08/28/1022400180/269/7ff1c929-354f-5949-fdff-aeddc0e3e791_960x540.mp4,-232,105
wnba,wnba_shot_pace,shot_pace,shots,get-shots,2024,Regular Season,team,"{'EntityType': 'Team', 'StartType': 'All', 'Blocked': False, 'Season': '2024', 'SeasonType': 'Regular Season', 'EntityId': '1611661325'}",shot_pace,1611661325,4Q/OT | margin -3..3 | 300..120,get-shots__shots__entity_type-Team__start_type-All__blocked-False__season-2024__season_type-Regular_Season__entity_id-1611661325__c4f64243,get-shots,https://api.pbpstats.com/get-shots/wnba?EntityType=Team&StartType=All&Blocked=False&Season=2024&SeasonType=Regular+Season&EntityId=1611661325,200,310,,,,,,False,1611661323,80.0,254,2024-08-28,1022400180,1628909-1631019-1641648-1642286-204365,False,CON,1628280-1629497-1630112-201886-203826,,,,,,1611661325,2,Caitlin Clark,1642286,35,01:28,204365,Erica Wheeler,1629497,Marina Mabrey,0,,0,,False,9,,31.4,0.2498,82.0,Arc3,3,88.0,OffCorner3Miss,IND,01:22,https://videos.nba.com/wnba/pbp/media/2024/08/28/1022400180/254/ea9b354b-f89c-4752-9bcd-875655542118_960x540.mp4,-117,291
wnba,wnba_shot_pace,shot_pace,shots,get-shots,2024,Regular Season,team,"{'EntityType': 'Team', 'StartType': 'All', 'Blocked': False, 'Season': '2024', 'SeasonType': 'Regular Season', 'EntityId': '1611661325'}",shot_pace,1611661325,4Q/OT | margin -3..3 | 300..120,get-shots__shots__entity_type-Team__start_type-All__blocked-False__season-2024__season_type-Regular_Season__entity_id-1611661325__c4f64243,get-shots,https://api.pbpstats.com/get-shots/wnba?EntityType=Team&StartType=All&Blocked=False&Season=2024&SeasonType=Regular+Season&EntityId=1611661325,200,311,,,,,,False,1611661323,278.0,217,2024-08-28,1022400180,1627701-1628909-1631086-1641648-1642286,False,CON,1628280-1629497-1630112-1631007-203826,,,,,,1611661325,2,Caitlin Clark,1642286,21,04:59,0,,0,,0,,0,,False,1,,24.9,0.3652,282.0,Arc3,3,299.0,OffFTMake,IND,04:42,https://videos.nba.com/wnba/pbp/media/2024/08/28/1022400180/217/38354b45-e5f4-b575-526f-6507757eccec_960x540.mp4,196,154
wnba,wnba_shot_pace,shot_pace,shots,get-shots,2024,Regular Season,team,"{'EntityType': 'Team', 'StartType': 'All', 'Blocked': False, 'Season': '2024', 'SeasonType': 'Regular Season', 'EntityId': '1611661325'}",shot_pace,1611661325,4Q/OT | margin -3..3 | 300..120,get-shots__shots__entity_type-Team__start_type-All__blocked-False__season-2024__season_type-Regular_Season__entity_id-1611661325__c4f64243,get-shots,https://api.pbpstats.com/get-shots/wnba?EntityType=Team&StartType=All&Blocked=False&Season=2024&SeasonType=Regular+Season&EntityId=1611661325,200,312,,,,,,False,1611661323,302.0,210,2024-08-28,1022400180,1627701-1628909-1631086-1641648-1642286,False,CON,1628280-1629497-1630112-1631007-203826,,,,,,1611661325,2,Temi Fagbenle,1627701,19,05:17,1627701,Temi Fagbenle,1631007,Veronica Burton,0,,0,,False,2,,12.9,0.4027,306.0,ShortMidRange,2,317.0,OffLongMidRangeMiss,IND,05:06,https://videos.nba.com/wnba/pbp/media/2024/08/28/1022400180/210/8716e11f-6976-bea9-3b9b-6e7d4c8b2d2b_960x540.mp4,-95,87
wnba,wnba_shot_pace,shot_pace,shots,get-shots,2024,Regular Season,team,"{'EntityType': 'Team', 'StartType': 'All', 'Blocked': False, 'Season': '2024', 'SeasonType': 'Regular Season', 'EntityId': '1611661325'}",shot_pace,1611661325,4Q/OT | margin -3..3 | 300..120,get-shots__shots__entity_type-Team__start_type-All__blocked-False__season-2024__season_type-Regular_Season__entity_id-1611661325__c4f64243,get-shots,https://api.pbpstats.com/get-shots/wnba?EntityType=Team&StartType=All&Blocked=False&Season=2024&SeasonType=Regular+Season&EntityId=1611661325,200,313,,,,,,False,1611661323,359.0,193,2024-08-28,1022400180,1631086-1641648-1642286-203024-204365,False,CON,1628280-1629497-1630112-1631007-203826,Lexie Hull,1631086.0,Damiris Dantas,203024.0,Arc3,1611661325,2,Caitlin Clark,1642286,15,06:24,203024,Damiris Dantas,1628280,Brionna Jones,0,,0,,False,3,9.0,27.0,0.3401,364.0,Arc3,3,384.0,OffAtRimMiss,IND,06:04,https://videos.nba.com/wnba/pbp/media/2024/08/28/1022400180/193/f116cef6-582f-69b0-ce8d-0792fd31a3a6_960x540.mp4,58,264
wnba,wnba_shot_pace,shot_pace,shots,get-shots,2024,Regular Season,team,"{'EntityType': 'Team', 'StartType': 'All', 'Blocked': False, 'Season': '2024', 'SeasonType': 'Regular Season', 'EntityId': '1611661325'}",shot_pace,1611661325,4Q/OT | margin -3..3 | 300..120,get-shots__shots__entity_type-Team__start_type-All__blocked-False__season-2024__season_type-Regular_Season__entity_id-1611661325__c4f64243,get-shots,https://api.pbpstats.com/get-shots/wnba?EntityType=Team&StartType=All&Blocked=False&Season=2024&SeasonType=Regular+Season&EntityId=1611661325,200,314,,,,,,False,1611661323,359.0,191,2024-08-28,1022400180,1631086-1641648-1642286-203024-204365,False,CON,1628280-1629497-1630112-1631007-203826,,,,,,1611661325,2,Damiris Dantas,203024,15,06:24,203024,Damiris Dantas,1628280,Brionna Jones,0,,0,,False,3,,27.6,0.3749,375.0,Arc3,3,384.0,OffAtRimMiss,IND,06:15,https://videos.nba.com/wnba/pbp/media/2024/08/28/1022400180/191/e278b1b4-d5fe-1f00-3768-0aae90220e05_960x540.mp4,-170,217
wnba,wnba_shot_pace,shot_pace,shots,get-shots,2024,Regular Season,team,"{'EntityType': 'Team', 'StartType': 'All', 'Blocked': False, 'Season': '2024', 'SeasonType': 'Regular Season', 'EntityId': '1611661325'}",shot_pace,1611661325,4Q/OT | margin -3..3 | 300..120,get-shots__shots__entity_type-Team__start_type-All__blocked-False__season-2024__season_type-Regular_Season__entity_id-1611661325__c4f64243,get-shots,https://api.pbpstats.com/get-shots/wnba?EntityType=Team&StartType=All&Blocked=False&Season=2024&SeasonType=Regular+Season&EntityId=1611661325,200,315,,,,,,False,1611661323,398.0,187,2024-08-28,1022400180,1631086-1641648-1642286-203024-204365,False,CON,1628280-1629497-1630112-1631007-203826,,,,,,1611661325,2,Lexie Hull,1631086,13,06:57,0,,1630112,Tyasha Harris,0,,0,,False,3,,23.4,0.3948,402.0,Corner3,3,417.0,OffArc3Make,IND,06:42,https://videos.nba.com/wnba/pbp/media/2024/08/28/1022400180/187/91686209-f1fe-46f8-3662-b3a52f0f6c56_960x540.mp4,-234,12
wnba,wnba_shot_pace,shot_pace,shots,get-shots,2024,Regular Season,team,"{'EntityType': 'Team', 'StartType': 'All', 'Blocked': False, 'Season': '2024', 'SeasonType': 'Regular Season', 'EntityId': '1611661325'}",shot_pace,1611661325,4Q/OT | margin -3..3 | 300..120,get-shots__shots__entity_type-Team__start_type-All__blocked-False__season-2024__season_type-Regular_Season__entity_id-1611661325__c4f64243,get-shots,https://api.pbpstats.com/get-shots/wnba?EntityType=Team&StartType=All&Blocked=False&Season=2024&SeasonType=Regular+Season&EntityId=1611661325,200,316,,,,,,False,1611661323,503.0,168,2024-08-28,1022400180,1628909-1641648-1642286-203024-204365,False,CON,1629497-1630112-1631007-1631135-201886,,,,,,1611661325,2,Aliyah Boston,1641648,5,08:41,0,,1631135,Olivia Nelson-Ododa,0,,0,,False,7,,2.5,0.5939,505.0,AtRim,2,521.0,OffAtRimMake,IND,08:25,https://videos.nba.com/wnba/pbp/media/2024/08/28/1022400180/168/17a33cff-d134-30ed-e5af-213b62caf4bf_960x540.mp4,-10,23
wnba,wnba_shot_pace,shot_pace,shots,get-shots,2024,Regular Season,team,"{'EntityType': 'Team', 'StartType': 'All', 'Blocked': False, 'Season': '2024', 'SeasonType': 'Regular Season', 'EntityId': '1611661325'}",shot_pace,1611661325,4Q/OT | margin -3..3 | 300..120,get-shots__shots__entity_type-Team__start_type-All__blocked-False__season-2024__season_type-Regular_Season__entity_id-1611661325__c4f64243,get-shots,https://api.pbpstats.com/get-shots/wnba?EntityType=Team&StartType=All&Blocked=False&Season=2024&SeasonType=Regular+Season&EntityId=1611661325,200,317,,,,,,False,1611661323,575.0,160,2024-08-28,1022400180,1628909-1641648-1642286-203024-204365,False,CON,1629497-1630112-1631007-1631135-201886,,,,,,1611661325,2,Aliyah Boston,1641648,1,10:00,0,,0,,0,,0,,False,7,,1.7,0.5242,578.0,AtRim,2,600.0,OffDeadball,IND,09:38,https://videos.nba.com/wnba/pbp/media/2024/08/28/1022400180/160/42f25287-3318-8410-d48d-5e36af847806_960x540.mp4,-4,17
wnba,wnba_shot_pace,shot_pace,shots,get-shots,2024,Regular Season,team,"{'EntityType': 'Team', 'StartType': 'All', 'Blocked': False, 'Season': '2024', 'SeasonType': 'Regular Season', 'EntityId': '1611661325'}",shot_pace,1611661325,4Q/OT | margin -3..3 | 300..120,get-shots__shots__entity_type-Team__start_type-All__blocked-False__season-2024__season_type-Regular_Season__entity_id-1611661325__c4f64243,get-shots,https://api.pbpstats.com/get-shots/wnba?EntityType=Team&StartType=All&Blocked=False&Season=2024&SeasonType=Regular+Season&EntityId=1611661325,200,318,,,,,,False,1611661323,19.0,147,2024-08-28,1022400180,1628909-1631019-1631086-203024-204365,False,CON,1629497-1630096-1631007-1631135-201886,,,,,,1611661325,1,Damiris Dantas,203024,46,00:38,0,,0,,0,,0,,False,7,,1.2,0.7229,21.0,AtRim,2,38.0,OffDeadball,IND,00:21,https://videos.nba.com/wnba/pbp/media/2024/08/28/1022400180/147/2f763acc-0d83-60d2-c7dd-05782c69a6b6_960x540.mp4,-3,12
wnba,wnba_shot_pace,shot_pace,shots,get-shots,2024,Regular Season,team,"{'EntityType': 'Team', 'StartType': 'All', 'Blocked': False, 'Season': '2024', 'SeasonType': 'Regular Season', 'EntityId': '1611661325'}",shot_pace,1611661325,4Q/OT | margin -3..3 | 300..120,get-shots__shots__entity_type-Team__start_type-All__blocked-False__season-2024__season_type-Regular_Season__entity_id-1611661325__c4f64243,get-shots,https://api.pbpstats.com/get-shots/wnba?EntityType=Team&StartType=All&Blocked=False&Season=2024&SeasonType=Regular+Season&EntityId=1611661325,200,319,,,,,,False,1611661323,161.0,108,2024-08-28,1022400180,1628909-1631019-1631086-1641648-1642286,False,CON,1628280-1629497-1630096-201886-203826,,,,,,1611661325,1,Kelsey Mitchell,1628909,38,03:11,0,,1629497,Marina Mabrey,0,,0,,False,5,,26.6,0.3434,174.0,Arc3,3,191.0,OffAtRimMake,IND,02:54,https://videos.nba.com/wnba/pbp/media/2024/08/28/1022400180/108/bb89c209-fba6-c60e-242c-0676d377c095_960x540.mp4,-182,194
wnba,wnba_shot_pace,shot_pace,shots,get-shots,2024,Regular Season,team,"{'EntityType': 'Team', 'StartType': 'All', 'Blocked': False, 'Season': '2024', 'SeasonType': 'Regular Season', 'EntityId': '1611661325'}",shot_pace,1611661325,4Q/OT | margin -3..3 | 300..120,get-shots__shots__entity_type-Team__start_type-All__blocked-False__season-2024__season_type-Regular_Season__entity_id-1611661325__c4f64243,get-shots,https://api.pbpstats.com/get-shots/wnba?EntityType=Team&StartType=All&Blocked=False&Season=2024&SeasonType=Regular+Season&EntityId=1611661325,200,320,,,,,,False,1611661323,307.0,75,2024-08-28,1022400180,1627701-1628909-1631086-1641648-1642286,False,CON,1628280-1629497-1630096-201886-203826,Lexie Hull,1631086.0,Caitlin Clark,1642286.0,Arc3,1611661325,1,Lexie Hull,1631086,26,05:29,0,,1630096,DiJonai Carrington,0,,0,,True,0,2.0,2.2,0.6441,313.0,AtRim,2,329.0,OffAtRimMake,IND,05:13,https://videos.nba.com/wnba/pbp/media/2024/08/28/1022400180/75/90cee769-4732-3a52-395e-8423c6a85bf3_960x540.mp4,-18,13
wnba,wnba_shot_pace,shot_pace,shots,get-shots,2024,Regular Season,team,"{'EntityType': 'Team', 'StartType': 'All', 'Blocked': False, 'Season': '2024', 'SeasonType': 'Regular Season', 'EntityId': '1611661325'}",shot_pace,1611661325,4Q/OT | margin -3..3 | 300..120,get-shots__shots__entity_type-Team__start_type-All__blocked-False__season-2024__season_type-Regular_Season__entity_id-1611661325__c4f64243,get-shots,https://api.pbpstats.com/get-shots/wnba?EntityType=Team&StartType=All&Blocked=False&Season=2024&SeasonType=Regular+Season&EntityId=1611661325,200,321,,,,,,False,1611661323,307.0,73,2024-08-28,1022400180,1627701-1628909-1631086-1641648-1642286,False,CON,1628280-1629497-1630096-201886-203826,,,,,,1611661325,1,Caitlin Clark,1642286,26,05:29,0,,1630096,DiJonai Carrington,0,,0,,False,0,,25.8,0.3575,316.0,Arc3,3,329.0,OffAtRimMake,IND,05:16,https://videos.nba.com/wnba/pbp/media/2024/08/28/1022400180/73/096517d3-d2fa-91d4-9afe-2c04a72d286b_960x540.mp4,200,163
wnba,wnba_shot_pace,shot_pace,shots,get-shots,2024,Regular Season,team,"{'EntityType': 'Team', 'StartType': 'All', 'Blocked': False, 'Season': '2024', 'SeasonType': 'Regular Season', 'EntityId': '1611661325'}",shot_pace,1611661325,4Q/OT | margin -3..3 | 300..120,get-shots__shots__entity_type-Team__start_type-All__blocked-False__season-2024__season_type-Regular_Season__entity_id-1611661325__c4f64243,get-shots,https://api.pbpstats.com/get-shots/wnba?EntityType=Team&StartType=All&Blocked=False&Season=2024&SeasonType=Regular+Season&EntityId=1611661325,200,322,,,,,,False,1611661323,516.0,20,2024-08-28,1022400180,1628909-1631019-1631086-1641648-1642286,False,CON,1628280-1630096-1630112-201886-203826,,,,,,1611661325,1,Caitlin Clark,1642286,6,08:55,1631019,NaLyssa Smith,1630112,Tyasha Harris,0,,0,,False,-2,,28.7,0.3584,520.0,Arc3,3,535.0,OffFTMiss,IND,08:40,https://videos.nba.com/wnba/pbp/media/2024/08/28/1022400180/20/3d3bce28-3337-9b19-aca9-593afe83fec7_960x540.mp4,134,254
wnba,wnba_shot_pace,shot_pace,shots,get-shots,2024,Regular Season,team,"{'EntityType': 'Team', 'StartType': 'All', 'Blocked': False, 'Season': '2024', 'SeasonType': 'Regular Season', 'EntityId': '1611661325'}",shot_pace,1611661325,4Q/OT | margin -3..3 | 300..120,get-shots__shots__entity_type-Team__start_type-All__blocked-False__season-2024__season_type-Regular_Season__entity_id-1611661325__c4f64243,get-shots,https://api.pbpstats.com/get-shots/wnba?EntityType=Team&StartType=All&Blocked=False&Season=2024&SeasonType=Regular+Season&EntityId=1611661325,200,323,,,,,,False,1611661330,34.0,527,2024-08-26,1022400176,1627701-1628909-1631086-1641648-1642286,False,ATL,1628269-1628886-1630471-1631009-202250,,,,,,1611661325,4,Kelsey Mitchell,1628909,35,00:53,0,,1628269,Nia Coffey,0,,0,,False,3,,24.3,0.2894,38.0,Arc3,3,53.0,OffCorner3Make,IND,00:38,https://videos.nba.com/wnba/pbp/media/2024/08/26/1022400176/527/8630eecb-f527-ebd9-7a2e-22166800c94a_960x540.mp4,110,217
wnba,wnba_shot_pace,shot_pace,shots,get-shots,2024,Regular Season,team,"{'EntityType': 'Team', 'StartType': 'All', 'Blocked': False, 'Season': '2024', 'SeasonType': 'Regular Season', 'EntityId': '1611661325'}",shot_pace,1611661325,4Q/OT | margin -3..3 | 300..120,get-shots__shots__entity_type-Team__start_type-All__blocked-False__season-2024__season_type-Regular_Season__entity_id-1611661325__c4f64243,get-shots,https://api.pbpstats.com/get-shots/wnba?EntityType=Team&StartType=All&Blocked=False&Season=2024&SeasonType=Regular+Season&EntityId=1611661325,200,324,,,,,,False,1611661330,92.0,513,2024-08-26,1022400176,1627701-1628909-1631086-1641648-1642286,False,ATL,1628886-1630471-1631009-1631044-202250,,,,,,1611661325,4,Kelsey Mitchell,1628909,31,01:58,0,,0,,1642286,Caitlin Clark,1628886,Jordin Canada,False,5,,22.3,0.3638,95.0,Corner3,3,118.0,OffLiveBallTurnover,IND,01:35,https://videos.nba.com/wnba/pbp/media/2024/08/26/1022400176/513/d0dc4dce-fd94-2c4c-d4a6-7e4089d39416_960x540.mp4,-221,32
wnba,wnba_shot_pace,shot_pace,shots,get-shots,2024,Regular Season,team,"{'EntityType': 'Team', 'StartType': 'All', 'Blocked': False, 'Season': '2024', 'SeasonType': 'Regular Season', 'EntityId': '1611661325'}",shot_pace,1611661325,4Q/OT | margin -3..3 | 300..120,get-shots__shots__entity_type-Team__start_type-All__blocked-False__season-2024__season_type-Regular_Season__entity_id-1611661325__c4f64243,get-shots,https://api.pbpstats.com/get-shots/wnba?EntityType=Team&StartType=All&Blocked=False&Season=2024&SeasonType=Regular+Season&EntityId=1611661325,200,325,,,,,,False,1611661330,128.0,506,2024-08-26,1022400176,1627701-1628909-1631086-1641648-1642286,False,ATL,1628886-1630471-1631009-1631044-202250,,,,,,1611661325,4,Kelsey Mitchell,1628909,29,02:20,0,,0,,1627701,Temi Fagbenle,1631009,Rhyne Howard,False,5,,24.1,0.4088,133.0,Arc3,3,140.0,OffLiveBallTurnover,IND,02:13,https://videos.nba.com/wnba/pbp/media/2024/08/26/1022400176/506/9cf645ca-2202-f1be-aed4-3635efd3b915_960x540.mp4,-162,178
wnba,wnba_shot_pace,shot_pace,shots,get-shots,2024,Regular Season,team,"{'EntityType': 'Team', 'StartType': 'All', 'Blocked': False, 'Season': '2024', 'SeasonType': 'Regular Season', 'EntityId': '1611661325'}",shot_pace,1611661325,4Q/OT | margin -3..3 | 300..120,get-shots__shots__entity_type-Team__start_type-All__blocked-False__season-2024__season_type-Regular_Season__entity_id-1611661325__c4f64243,get-shots,https://api.pbpstats.com/get-shots/wnba?EntityType=Team&StartType=All&Blocked=False&Season=2024&SeasonType=Regular+Season&EntityId=1611661325,200,326,,,,,,False,1611661330,141.0,502,2024-08-26,1022400176,1627701-1628909-1631086-1641648-1642286,False,ATL,1628886-1630471-1631009-1631044-202250,,,,,,1611661325,4,Kelsey Mitchell,1628909,27,02:53,0,,202250,Tina Charles,0,,0,,False,5,,19.9,0.2722,148.0,LongMidRange,2,173.0,OffShortMidRangeMake,IND,02:28,https://videos.nba.com/wnba/pbp/media/2024/08/26/1022400176/502/093fcec2-7efe-86ac-a016-97a8f3985b75_960x540.mp4,-173,99
wnba,wnba_shot_pace,shot_pace,shots,get-shots,2024,Regular Season,team,"{'EntityType': 'Team', 'StartType': 'All', 'Blocked': False, 'Season': '2024', 'SeasonType': 'Regular Season', 'EntityId': '1611661325'}",shot_pace,1611661325,4Q/OT | margin -3..3 | 300..120,get-shots__shots__entity_type-Team__start_type-All__blocked-False__season-2024__season_type-Regular_Season__entity_id-1611661325__c4f64243,get-shots,https://api.pbpstats.com/get-shots/wnba?EntityType=Team&StartType=All&Blocked=False&Season=2024&SeasonType=Regular+Season&EntityId=1611661325,200,327,,,,,,False,1611661330,186.0,487,2024-08-26,1022400176,1627701-1628909-1631086-1641648-1642286,False,ATL,1628886-1630471-1631009-1631044-202250,,,,,,1611661325,4,Temi Fagbenle,1627701,25,03:24,1631086,Lexie Hull,202250,Tina Charles,0,,0,,False,2,,0.9,0.8021,201.0,AtRim,2,204.0,OffLongMidRangeMiss,IND,03:21,https://videos.nba.com/wnba/pbp/media/2024/08/26/1022400176/487/d7bb5832-f416-02f2-b295-6268048de55d_960x540.mp4,-1,9
wnba,wnba_shot_pace,shot_pace,shots,get-shots,2024,Regular Season,team,"{'EntityType': 'Team', 'StartType': 'All', 'Blocked': False, 'Season': '2024', 'SeasonType': 'Regular Season', 'EntityId': '1611661325'}",shot_pace,1611661325,4Q/OT | margin -3..3 | 300..120,get-shots__shots__entity_type-Team__start_type-All__blocked-False__season-2024__season_type-Regular_Season__entity_id-1611661325__c4f64243,get-shots,https://api.pbpstats.com/get-shots/wnba?EntityType=Team&StartType=All&Blocked=False&Season=2024&SeasonType=Regular+Season&EntityId=1611661325,200,328,,,,,,False,1611661330,222.0,483,2024-08-26,1022400176,1627701-1628909-1631086-1641648-1642286,False,ATL,1628886-1630471-1631009-1631044-202250,,,,,,1611661325,4,Kelsey Mitchell,1628909,23,04:13,0,,1631009,Rhyne Howard,0,,0,,False,2,,16.2,0.3728,225.0,LongMidRange,2,253.0,OffArc3Make,IND,03:45,https://videos.nba.com/wnba/pbp/media/2024/08/26/1022400176/483/31f532e1-9b58-f7bb-0f8b-ac80b3def00e_960x540.mp4,24,160
wnba,wnba_shot_pace,shot_pace,shots,get-shots,2024,Regular Season,team,"{'EntityType': 'Team', 'StartType': 'All', 'Blocked': False, 'Season': '2024', 'SeasonType': 'Regular Season', 'EntityId': '1611661325'}",shot_pace,1611661325,4Q/OT | margin -3..3 | 300..120,get-shots__shots__entity_type-Team__start_type-All__blocked-False__season-2024__season_type-Regular_Season__entity_id-1611661325__c4f64243,get-shots,https://api.pbpstats.com/get-shots/wnba?EntityType=Team&StartType=All&Blocked=False&Season=2024&SeasonType=Regular+Season&EntityId=1611661325,200,329,,,,,,False,1611661330,265.0,474,2024-08-26,1022400176,1627701-1628909-1631086-1641648-1642286,False,ATL,1628269-1630471-1631009-1641650-202250,,,,,,1611661325,4,Temi Fagbenle,1627701,21,04:45,0,,0,,0,,0,,False,5,,1.3,0.6715,268.0,AtRim,2,285.0,OffDeadball,IND,04:28,https://videos.nba.com/wnba/pbp/media/2024/08/26/1022400176/474/66f807a6-006c-200b-0441-dd199e381204_960x540.mp4,-2,13
wnba,wnba_shot_pace,shot_pace,shots,get-shots,2024,Regular Season,team,"{'EntityType': 'Team', 'StartType': 'All', 'Blocked': False, 'Season': '2024', 'SeasonType': 'Regular Season', 'EntityId': '1611661325'}",shot_pace,1611661325,4Q/OT | margin -3..3 | 300..120,get-shots__shots__entity_type-Team__start_type-All__blocked-False__season-2024__season_type-Regular_Season__entity_id-1611661325__c4f64243,get-shots,https://api.pbpstats.com/get-shots/wnba?EntityType=Team&StartType=All&Blocked=False&Season=2024&SeasonType=Regular+Season&EntityId=1611661325,200,330,,,,,,False,1611661330,307.0,469,2024-08-26,1022400176,1628909-1631019-1631086-1641648-1642286,False,ATL,1628269-1630471-1631009-1641650-202250,,,,,,1611661325,4,Kelsey Mitchell,1628909,19,05:28,1642286,Caitlin Clark,1628269,Nia Coffey,0,,0,,False,5,,24.4,0.3924,311.0,Arc3,3,328.0,OffArc3Miss,IND,05:11,https://videos.nba.com/wnba/pbp/media/2024/08/26/1022400176/469/86fc2fd9-6121-ae7e-2917-40e733625307_960x540.mp4,-134,204
wnba,wnba_shot_pace,shot_pace,shots,get-shots,2024,Regular Season,team,"{'EntityType': 'Team', 'StartType': 'All', 'Blocked': False, 'Season': '2024', 'SeasonType': 'Regular Season', 'EntityId': '1611661325'}",shot_pace,1611661325,4Q/OT | margin -3..3 | 300..120,get-shots__shots__entity_type-Team__start_type-All__blocked-False__season-2024__season_type-Regular_Season__entity_id-1611661325__c4f64243,get-shots,https://api.pbpstats.com/get-shots/wnba?EntityType=Team&StartType=All&Blocked=False&Season=2024&SeasonType=Regular+Season&EntityId=1611661325,200,331,,,,,,False,1611661330,346.0,463,2024-08-26,1022400176,1628909-1631019-1631086-1641648-1642286,False,ATL,1628269-1630471-1631009-1641650-202250,,,,,,1611661325,4,Caitlin Clark,1642286,17,06:10,0,,202250,Tina Charles,0,,0,,False,5,,24.4,0.3354,351.0,Arc3,3,370.0,OffAtRimMake,IND,05:51,https://videos.nba.com/wnba/pbp/media/2024/08/26/1022400176/463/07d95311-8681-1ce5-bb68-02c6a7190c32_960x540.mp4,-113,216
wnba,wnba_shot_pace,shot_pace,shots,get-shots,2024,Regular Season,team,"{'EntityType': 'Team', 'StartType': 'All', 'Blocked': False, 'Season': '2024', 'SeasonType': 'Regular Season', 'EntityId': '1611661325'}",shot_pace,1611661325,4Q/OT | margin -3..3 | 300..120,get-shots__shots__entity_type-Team__start_type-All__blocked-False__season-2024__season_type-Regular_Season__entity_id-1611661325__c4f64243,get-shots,https://api.pbpstats.com/get-shots/wnba?EntityType=Team&StartType=All&Blocked=False&Season=2024&SeasonType=Regular+Season&EntityId=1611661325,200,332,,,,,,False,1611661330,378.0,459,2024-08-26,1022400176,1628909-1631019-1631086-1641648-1642286,False,ATL,1628269-1630471-1631009-1641650-202250,,,,,,1611661325,4,Kelsey Mitchell,1628909,15,06:29,1641648,Aliyah Boston,1628269,Nia Coffey,0,,0,,False,7,,1.5,0.6687,380.0,AtRim,2,389.0,OffAtRimMiss,IND,06:20,https://videos.nba.com/wnba/pbp/media/2024/08/26/1022400176/459/453449ff-5990-2345-e1b9-a3e8793f7189_960x540.mp4,-8,13
wnba,wnba_shot_pace,shot_pace,shots,get-shots,2024,Regular Season,team,"{'EntityType': 'Team', 'StartType': 'All', 'Blocked': False, 'Season': '2024', 'SeasonType': 'Regular Season', 'EntityId': '1611661325'}",shot_pace,1611661325,4Q/OT | margin -3..3 | 300..120,get-shots__shots__entity_type-Team__start_type-All__blocked-False__season-2024__season_type-Regular_Season__entity_id-1611661325__c4f64243,get-shots,https://api.pbpstats.com/get-shots/wnba?EntityType=Team&StartType=All&Blocked=False&Season=2024&SeasonType=Regular+Season&EntityId=1611661325,200,333,,,,,,False,1611661330,432.0,440,2024-08-26,1022400176,1628909-1631019-1631086-1641648-1642286,False,ATL,1628269-1630471-1631009-1641650-202250,,,,,,1611661325,4,Kelsey Mitchell,1628909,11,07:33,0,,1631009,Rhyne Howard,0,,0,,False,9,,23.2,0.3603,436.0,Arc3,3,453.0,OffArc3Make,IND,07:16,https://videos.nba.com/wnba/pbp/media/2024/08/26/1022400176/440/09dfa78c-e022-2097-be94-f493a7b7fd8c_960x540.mp4,-30,230
wnba,wnba_shot_pace,shot_pace,shots,get-shots,2024,Regular Season,team,"{'EntityType': 'Team', 'StartType': 'All', 'Blocked': False, 'Season': '2024', 'SeasonType': 'Regular Season', 'EntityId': '1611661325'}",shot_pace,1611661325,4Q/OT | margin -3..3 | 300..120,get-shots__shots__entity_type-Team__start_type-All__blocked-False__season-2024__season_type-Regular_Season__entity_id-1611661325__c4f64243,get-shots,https://api.pbpstats.com/get-shots/wnba?EntityType=Team&StartType=All&Blocked=False&Season=2024&SeasonType=Regular+Season&EntityId=1611661325,200,334,,,,,,False,1611661330,464.0,436,2024-08-26,1022400176,1628909-1631019-1631086-1641648-1642286,False,ATL,1628269-1630471-1631009-1641650-202250,,,,,,1611661325,4,Lexie Hull,1631086,9,08:06,0,,0,,0,,0,,False,12,,25.1,0.3317,468.0,Arc3,3,486.0,OffFTMake,IND,07:48,https://videos.nba.com/wnba/pbp/media/2024/08/26/1022400176/436/f4be5c52-b5a4-9bc0-72fc-1312e0c4e5a9_960x540.mp4,88,235
wnba,wnba_shot_pace,shot_pace,shots,get-shots,2024,Regular Season,team,"{'EntityType': 'Team', 'StartType': 'All', 'Blocked': False, 'Season': '2024', 'SeasonType': 'Regular Season', 'EntityId': '1611661325'}",shot_pace,1611661325,4Q/OT | margin -3..3 | 300..120,get-shots__shots__entity_type-Team__start_type-All__blocked-False__season-2024__season_type-Regular_Season__entity_id-1611661325__c4f64243,get-shots,https://api.pbpstats.com/get-shots/wnba?EntityType=Team&StartType=All&Blocked=False&Season=2024&SeasonType=Regular+Season&EntityId=1611661325,200,335,,,,,,False,1611661330,544.0,418,2024-08-26,1022400176,1628909-1631019-1631086-1642286-203024,False,ATL,1628269-1630471-1631009-1641650-202250,,,,,,1611661325,4,Damiris Dantas,203024,3,09:19,0,,1628269,Nia Coffey,0,,0,,False,9,,24.3,0.3279,549.0,Arc3,3,559.0,OffAtRimMake,IND,09:09,https://videos.nba.com/wnba/pbp/media/2024/08/26/1022400176/418/a2e3998d-4f82-7e07-b057-cfd0758a88c3_960x540.mp4,7,243
wnba,wnba_shot_pace,shot_pace,shots,get-shots,2024,Regular Season,team,"{'EntityType': 'Team', 'StartType': 'All', 'Blocked': False, 'Season': '2024', 'SeasonType': 'Regular Season', 'EntityId': '1611661325'}",shot_pace,1611661325,4Q/OT | margin -3..3 | 300..120,get-shots__shots__entity_type-Team__start_type-All__blocked-False__season-2024__season_type-Regular_Season__entity_id-1611661325__c4f64243,get-shots,https://api.pbpstats.com/get-shots/wnba?EntityType=Team&StartType=All&Blocked=False&Season=2024&SeasonType=Regular+Season&EntityId=1611661325,200,336,,,,,,False,1611661330,572.0,414,2024-08-26,1022400176,1628909-1631019-1631086-1642286-203024,False,ATL,1628269-1630471-1631009-1641650-202250,,,,,,1611661325,4,NaLyssa Smith,1631019,1,10:00,0,,0,,0,,0,,False,11,,4.5,0.4957,578.0,ShortMidRange,2,600.0,OffDeadball,IND,09:38,https://videos.nba.com/wnba/pbp/media/2024/08/26/1022400176/414/79aea209-6038-82c6-f487-8c273c9c1d5f_960x540.mp4,-36,27
wnba,wnba_shot_pace,shot_pace,shots,get-shots,2024,Regular Season,team,"{'EntityType': 'Team', 'StartType': 'All', 'Blocked': False, 'Season': '2024', 'SeasonType': 'Regular Season', 'EntityId': '1611661325'}",shot_pace,1611661325,4Q/OT | margin -3..3 | 300..120,get-shots__shots__entity_type-Team__start_type-All__blocked-False__season-2024__season_type-Regular_Season__entity_id-1611661325__c4f64243,get-shots,https://api.pbpstats.com/get-shots/wnba?EntityType=Team&StartType=All&Blocked=False&Season=2024&SeasonType=Regular+Season&EntityId=1611661325,200,337,,,,,,False,1611661330,75.0,395,2024-08-26,1022400176,1628909-1631019-1631086-1642286-203024,False,ATL,1628269-1628886-1630471-1631009-202250,,,,,,1611661325,3,NaLyssa Smith,1631019,36,01:41,0,,1631009,Rhyne Howard,0,,0,,False,14,,12.2,0.3397,78.0,ShortMidRange,2,101.0,OffArc3Make,IND,01:18,https://videos.nba.com/wnba/pbp/media/2024/08/26/1022400176/395/8cd15f9f-9cda-bc28-7a64-518a5a56cddf_960x540.mp4,3,122
wnba,wnba_shot_pace,shot_pace,shots,get-shots,2024,Regular Season,team,"{'EntityType': 'Team', 'StartType': 'All', 'Blocked': False, 'Season': '2024', 'SeasonType': 'Regular Season', 'EntityId': '1611661325'}",shot_pace,1611661325,4Q/OT | margin -3..3 | 300..120,get-shots__shots__entity_type-Team__start_type-All__blocked-False__season-2024__season_type-Regular_Season__entity_id-1611661325__c4f64243,get-shots,https://api.pbpstats.com/get-shots/wnba?EntityType=Team&StartType=All&Blocked=False&Season=2024&SeasonType=Regular+Season&EntityId=1611661325,200,338,,,,,,False,1611661330,164.0,370,2024-08-26,1022400176,1627701-1628909-1631086-1641648-1642286,False,ATL,1628269-1628886-1630471-1631009-202250,,,,,,1611661325,3,Aliyah Boston,1641648,30,03:05,1627701,Temi Fagbenle,1628269,Nia Coffey,0,,0,,False,15,,16.8,0.4024,167.0,LongMidRange,2,185.0,OffArc3Miss,IND,02:47,https://videos.nba.com/wnba/pbp/media/2024/08/26/1022400176/370/8e696a93-e065-9d36-de6f-7bebbd1244a8_960x540.mp4,46,162
wnba,wnba_shot_pace,shot_pace,shots,get-shots,2024,Regular Season,team,"{'EntityType': 'Team', 'StartType': 'All', 'Blocked': False, 'Season': '2024', 'SeasonType': 'Regular Season', 'EntityId': '1611661325'}",shot_pace,1611661325,4Q/OT | margin -3..3 | 300..120,get-shots__shots__entity_type-Team__start_type-All__blocked-False__season-2024__season_type-Regular_Season__entity_id-1611661325__c4f64243,get-shots,https://api.pbpstats.com/get-shots/wnba?EntityType=Team&StartType=All&Blocked=False&Season=2024&SeasonType=Regular+Season&EntityId=1611661325,200,339,,,,,,False,1611661330,218.0,362,2024-08-26,1022400176,1627701-1628909-1631086-1641648-1642286,False,ATL,1628269-1628886-1630471-1631009-202250,,,,,,1611661325,3,Temi Fagbenle,1627701,26,04:03,0,,1631009,Rhyne Howard,0,,0,,False,12,,12.5,0.3808,221.0,ShortMidRange,2,243.0,OffLongMidRangeMake,IND,03:41,https://videos.nba.com/wnba/pbp/media/2024/08/26/1022400176/362/5af63c74-0537-1e58-f61b-f13fe6852447_960x540.mp4,124,16
wnba,wnba_shot_pace,shot_pace,shots,get-shots,2024,Regular Season,team,"{'EntityType': 'Team', 'StartType': 'All', 'Blocked': False, 'Season': '2024', 'SeasonType': 'Regular Season', 'EntityId': '1611661325'}",shot_pace,1611661325,4Q/OT | margin -3..3 | 300..120,get-shots__shots__entity_type-Team__start_type-All__blocked-False__season-2024__season_type-Regular_Season__entity_id-1611661325__c4f64243,get-shots,https://api.pbpstats.com/get-shots/wnba?EntityType=Team&StartType=All&Blocked=False&Season=2024&SeasonType=Regular+Season&EntityId=1611661325,200,340,,,,,,False,1611661330,254.0,347,2024-08-26,1022400176,1627701-1628909-1631086-1641648-1642286,False,ATL,1628269-1628277-1628886-1631009-202250,,,,,,1611661325,3,Caitlin Clark,1642286,24,04:28,1628909,Kelsey Mitchell,1628886,Jordin Canada,0,,0,,False,15,,23.2,0.3882,260.0,Arc3,3,268.0,OffCorner3Miss,IND,04:20,https://videos.nba.com/wnba/pbp/media/2024/08/26/1022400176/347/0a6ab913-8887-184a-867c-5de293396a57_960x540.mp4,-110,204
wnba,wnba_shot_pace,shot_pace,shots,get-shots,2024,Regular Season,team,"{'EntityType': 'Team', 'StartType': 'All', 'Blocked': False, 'Season': '2024', 'SeasonType': 'Regular Season', 'EntityId': '1611661325'}",shot_pace,1611661325,4Q/OT | margin -3..3 | 300..120,get-shots__shots__entity_type-Team__start_type-All__blocked-False__season-2024__season_type-Regular_Season__entity_id-1611661325__c4f64243,get-shots,https://api.pbpstats.com/get-shots/wnba?EntityType=Team&StartType=All&Blocked=False&Season=2024&SeasonType=Regular+Season&EntityId=1611661325,200,341,,,,,,False,1611661330,350.0,326,2024-08-26,1022400176,1628909-1631019-1631086-1641648-1642286,False,ATL,1628277-1628886-1631009-1631044-202250,,,,,,1611661325,3,Kelsey Mitchell,1628909,18,05:56,1631019,NaLyssa Smith,1631009,Rhyne Howard,0,,0,,False,13,,14.5,0.4525,351.0,LongMidRange,2,356.0,OffArc3Miss,IND,05:51,https://videos.nba.com/wnba/pbp/media/2024/08/26/1022400176/326/f363ad68-d489-9098-b83c-e041a59b75f6_960x540.mp4,145,-10
wnba,wnba_shot_pace,shot_pace,shots,get-shots,2024,Regular Season,team,"{'EntityType': 'Team', 'StartType': 'All', 'Blocked': False, 'Season': '2024', 'SeasonType': 'Regular Season', 'EntityId': '1611661325'}",shot_pace,1611661325,4Q/OT | margin -3..3 | 300..120,get-shots__shots__entity_type-Team__start_type-All__blocked-False__season-2024__season_type-Regular_Season__entity_id-1611661325__c4f64243,get-shots,https://api.pbpstats.com/get-shots/wnba?EntityType=Team&StartType=All&Blocked=False&Season=2024&SeasonType=Regular+Season&EntityId=1611661325,200,342,,,,,,False,1611661330,1.0,266,2024-08-26,1022400176,1628909-1631019-1631086-1641648-1642286,False,ATL,1628277-1628886-1631009-1631044-202250,,,,,,1611661325,2,Caitlin Clark,1642286,42,00:19,1641648,Aliyah Boston,202250,Tina Charles,0,,0,,False,12,,4.8,0.378,3.0,ShortMidRange,2,19.0,OffAtRimMiss,IND,00:03,https://videos.nba.com/wnba/pbp/media/2024/08/26/1022400176/266/693e7219-29c4-04a7-a7f2-7f1f0afe66a9_960x540.mp4,39,28
wnba,wnba_shot_pace,shot_pace,shots,get-shots,2024,Regular Season,team,"{'EntityType': 'Team', 'StartType': 'All', 'Blocked': False, 'Season': '2024', 'SeasonType': 'Regular Season', 'EntityId': '1611661325'}",shot_pace,1611661325,4Q/OT | margin -3..3 | 300..120,get-shots__shots__entity_type-Team__start_type-All__blocked-False__season-2024__season_type-Regular_Season__entity_id-1611661325__c4f64243,get-shots,https://api.pbpstats.com/get-shots/wnba?EntityType=Team&StartType=All&Blocked=False&Season=2024&SeasonType=Regular+Season&EntityId=1611661325,200,343,,,,,,False,1611661330,34.0,259,2024-08-26,1022400176,1631019-1631086-1641648-1642286-204365,False,ATL,1628277-1628886-1631009-1631044-202250,,,,,,1611661325,2,NaLyssa Smith,1631019,40,00:40,0,,1628277,Allisha Gray,0,,0,,False,12,,1.4,0.6933,35.0,AtRim,2,40.0,OffArc3Make,IND,00:35,https://videos.nba.com/wnba/pbp/media/2024/08/26/1022400176/259/5658956c-95ed-852b-0a5f-80dbe0ee9e0b_960x540.mp4,5,13
wnba,wnba_shot_pace,shot_pace,shots,get-shots,2024,Regular Season,team,"{'EntityType': 'Team', 'StartType': 'All', 'Blocked': False, 'Season': '2024', 'SeasonType': 'Regular Season', 'EntityId': '1611661325'}",shot_pace,1611661325,4Q/OT | margin -3..3 | 300..120,get-shots__shots__entity_type-Team__start_type-All__blocked-False__season-2024__season_type-Regular_Season__entity_id-1611661325__c4f64243,get-shots,https://api.pbpstats.com/get-shots/wnba?EntityType=Team&StartType=All&Blocked=False&Season=2024&SeasonType=Regular+Season&EntityId=1611661325,200,344,,,,,,False,1611661330,68.0,253,2024-08-26,1022400176,1631019-1631086-1641648-1642286-204365,False,ATL,1628277-1628886-1631009-1631044-202250,,,,,,1611661325,2,Caitlin Clark,1642286,38,01:17,204365,Erica Wheeler,1631009,Rhyne Howard,0,,0,,False,12,,26.6,0.3757,72.0,Arc3,3,77.0,OffCorner3Miss,IND,01:12,https://videos.nba.com/wnba/pbp/media/2024/08/26/1022400176/253/64d980b8-471c-8783-bc2c-2a21c8109f3c_960x540.mp4,66,258
wnba,wnba_shot_pace,shot_pace,shots,get-shots,2024,Regular Season,team,"{'EntityType': 'Team', 'StartType': 'All', 'Blocked': False, 'Season': '2024', 'SeasonType': 'Regular Season', 'EntityId': '1611661325'}",shot_pace,1611661325,4Q/OT | margin -3..3 | 300..120,get-shots__shots__entity_type-Team__start_type-All__blocked-False__season-2024__season_type-Regular_Season__entity_id-1611661325__c4f64243,get-shots,https://api.pbpstats.com/get-shots/wnba?EntityType=Team&StartType=All&Blocked=False&Season=2024&SeasonType=Regular+Season&EntityId=1611661325,200,345,,,,,,False,1611661330,120.0,245,2024-08-26,1022400176,1631019-1631086-1641648-1642286-204365,False,ATL,1628277-1628886-1631009-1631044-202250,,,,,,1611661325,2,Erica Wheeler,204365,34,02:19,204365,Erica Wheeler,1631044,Naz Hillmon,0,,0,,False,10,,23.8,0.3709,123.0,Arc3,3,139.0,OffAtRimMiss,IND,02:03,https://videos.nba.com/wnba/pbp/media/2024/08/26/1022400176/245/ec3261fb-e4d7-2202-41b3-0ab59298b3e3_960x540.mp4,-217,97
wnba,wnba_shot_pace,shot_pace,shots,get-shots,2024,Regular Season,team,"{'EntityType': 'Team', 'StartType': 'All', 'Blocked': False, 'Season': '2024', 'SeasonType': 'Regular Season', 'EntityId': '1611661325'}",shot_pace,1611661325,4Q/OT | margin -3..3 | 300..120,get-shots__shots__entity_type-Team__start_type-All__blocked-False__season-2024__season_type-Regular_Season__entity_id-1611661325__c4f64243,get-shots,https://api.pbpstats.com/get-shots/wnba?EntityType=Team&StartType=All&Blocked=False&Season=2024&SeasonType=Regular+Season&EntityId=1611661325,200,346,,,,,,False,1611661330,240.0,212,2024-08-26,1022400176,1628909-1631019-1642286-203024-204365,False,ATL,1628277-1628886-1630471-1631044-202250,,,,,,1611661325,2,NaLyssa Smith,1631019,26,04:23,0,,202250,Tina Charles,0,,0,,False,9,,6.9,0.3873,245.0,ShortMidRange,2,263.0,OffShortMidRangeMake,IND,04:05,https://videos.nba.com/wnba/pbp/media/2024/08/26/1022400176/212/7847e999-8249-9136-9eac-9cad11393d6d_960x540.mp4,32,61
wnba,wnba_shot_pace,shot_pace,shots,get-shots,2024,Regular Season,team,"{'EntityType': 'Team', 'StartType': 'All', 'Blocked': False, 'Season': '2024', 'SeasonType': 'Regular Season', 'EntityId': '1611661325'}",shot_pace,1611661325,4Q/OT | margin -3..3 | 300..120,get-shots__shots__entity_type-Team__start_type-All__blocked-False__season-2024__season_type-Regular_Season__entity_id-1611661325__c4f64243,get-shots,https://api.pbpstats.com/get-shots/wnba?EntityType=Team&StartType=All&Blocked=False&Season=2024&SeasonType=Regular+Season&EntityId=1611661325,200,347,,,,,,False,1611661330,325.0,195,2024-08-26,1022400176,1628909-1641648-1642286-203024-204365,False,ATL,1628277-1628886-1630471-1631044-202250,,,,,,1611661325,2,Caitlin Clark,1642286,20,05:41,0,,1630471,Maya Caldwell,0,,0,,False,7,,0.9,0.7971,328.0,AtRim,2,341.0,OffArc3Make,IND,05:28,https://videos.nba.com/wnba/pbp/media/2024/08/26/1022400176/195/faf71b6e-069a-49c8-ff1d-b6f536005d50_960x540.mp4,1,9
wnba,wnba_shot_pace,shot_pace,shots,get-shots,2024,Regular Season,team,"{'EntityType': 'Team', 'StartType': 'All', 'Blocked': False, 'Season': '2024', 'SeasonType': 'Regular Season', 'EntityId': '1611661325'}",shot_pace,1611661325,4Q/OT | margin -3..3 | 300..120,get-shots__shots__entity_type-Team__start_type-All__blocked-False__season-2024__season_type-Regular_Season__entity_id-1611661325__c4f64243,get-shots,https://api.pbpstats.com/get-shots/wnba?EntityType=Team&StartType=All&Blocked=False&Season=2024&SeasonType=Regular+Season&EntityId=1611661325,200,348,,,,,,False,1611661330,493.0,159,2024-08-26,1022400176,1628909-1631086-1641648-1642286-203024,False,ATL,1630471-1631009-1631044-1641650-202250,,,,,,1611661325,2,Kelsey Mitchell,1628909,8,08:29,203024,Damiris Dantas,1641650,Haley Jones,0,,0,,False,5,,20.9,0.3447,496.0,LongMidRange,2,509.0,OffShortMidRangeMiss,IND,08:16,https://videos.nba.com/wnba/pbp/media/2024/08/26/1022400176/159/2d1ef8d5-d4b0-ed3e-8d30-7dfeb8a89701_960x540.mp4,125,168
wnba,wnba_shot_pace,shot_pace,shots,get-shots,2024,Regular Season,team,"{'EntityType': 'Team', 'StartType': 'All', 'Blocked': False, 'Season': '2024', 'SeasonType': 'Regular Season', 'EntityId': '1611661325'}",shot_pace,1611661325,4Q/OT | margin -3..3 | 300..120,get-shots__shots__entity_type-Team__start_type-All__blocked-False__season-2024__season_type-Regular_Season__entity_id-1611661325__c4f64243,get-shots,https://api.pbpstats.com/get-shots/wnba?EntityType=Team&StartType=All&Blocked=False&Season=2024&SeasonType=Regular+Season&EntityId=1611661325,200,349,,,,,,False,1611661330,517.0,155,2024-08-26,1022400176,1628909-1631086-1641648-1642286-203024,False,ATL,1630471-1631009-1631044-1641650-202250,,,,,,1611661325,2,Caitlin Clark,1642286,6,08:53,0,,202250,Tina Charles,0,,0,,False,5,,26.0,0.3339,521.0,Arc3,3,533.0,OffLongMidRangeMake,IND,08:41,https://videos.nba.com/wnba/pbp/media/2024/08/26/1022400176/155/e8404f29-de76-d935-fc60-94aaa5275f1f_960x540.mp4,-94,242
wnba,wnba_shot_pace,shot_pace,shots,get-shots,2024,Regular Season,team,"{'EntityType': 'Team', 'StartType': 'All', 'Blocked': False, 'Season': '2024', 'SeasonType': 'Regular Season', 'EntityId': '1611661325'}",shot_pace,1611661325,4Q/OT | margin -3..3 | 300..120,get-shots__shots__entity_type-Team__start_type-All__blocked-False__season-2024__season_type-Regular_Season__entity_id-1611661325__c4f64243,get-shots,https://api.pbpstats.com/get-shots/wnba?EntityType=Team&StartType=All&Blocked=False&Season=2024&SeasonType=Regular+Season&EntityId=1611661325,200,350,,,,,,False,1611661330,0.0,134,2024-08-26,1022400176,1627701-1628909-1631019-1631086-204365,False,ATL,1628269-1630471-1631009-1631032-1641650,,,,,,1611661325,1,Kelsey Mitchell,1628909,39,00:15,1628909,Kelsey Mitchell,1631009,Rhyne Howard,0,,0,,False,5,,25.2,0.2376,0.0,Arc3,3,15.0,OffLongMidRangeMiss,IND,00:00,https://videos.nba.com/wnba/pbp/media/2024/08/26/1022400176/134/069d0fd0-6d1b-306f-4fef-6e682bf1f09d_960x540.mp4,101,231
wnba,wnba_shot_pace,shot_pace,shots,get-shots,2024,Regular Season,team,"{'EntityType': 'Team', 'StartType': 'All', 'Blocked': False, 'Season': '2024', 'SeasonType': 'Regular Season', 'EntityId': '1611661325'}",shot_pace,1611661325,4Q/OT | margin -3..3 | 300..120,get-shots__shots__entity_type-Team__start_type-All__blocked-False__season-2024__season_type-Regular_Season__entity_id-1611661325__c4f64243,get-shots,https://api.pbpstats.com/get-shots/wnba?EntityType=Team&StartType=All&Blocked=False&Season=2024&SeasonType=Regular+Season&EntityId=1611661325,200,351,,,,,,False,1611661330,25.0,130,2024-08-26,1022400176,1627701-1628909-1631019-1631086-204365,False,ATL,1628269-1630471-1631009-1631032-1641650,Lexie Hull,1631086.0,NaLyssa Smith,1631019.0,Arc3,1611661325,1,Lexie Hull,1631086,37,01:03,0,,1631009,Rhyne Howard,0,,0,,True,5,0.0,0.6,0.7195,26.0,AtRim,2,63.0,OffCorner3Make,IND,00:26,https://videos.nba.com/wnba/pbp/media/2024/08/26/1022400176/130/1d25ec62-e80f-a673-0afc-e90827f15fed_960x540.mp4,0,-6
wnba,wnba_shot_pace,shot_pace,shots,get-shots,2024,Regular Season,team,"{'EntityType': 'Team', 'StartType': 'All', 'Blocked': False, 'Season': '2024', 'SeasonType': 'Regular Season', 'EntityId': '1611661325'}",shot_pace,1611661325,4Q/OT | margin -3..3 | 300..120,get-shots__shots__entity_type-Team__start_type-All__blocked-False__season-2024__season_type-Regular_Season__entity_id-1611661325__c4f64243,get-shots,https://api.pbpstats.com/get-shots/wnba?EntityType=Team&StartType=All&Blocked=False&Season=2024&SeasonType=Regular+Season&EntityId=1611661325,200,352,,,,,,False,1611661330,25.0,128,2024-08-26,1022400176,1627701-1628909-1631019-1631086-204365,False,ATL,1628269-1630471-1631009-1631032-1641650,Kelsey Mitchell,1628909.0,Kelsey Mitchell,1628909.0,ShortMidRange,1611661325,1,NaLyssa Smith,1631019,37,01:03,0,,1631009,Rhyne Howard,0,,0,,False,5,6.0,23.8,0.3854,33.0,Arc3,3,63.0,OffCorner3Make,IND,00:33,https://videos.nba.com/wnba/pbp/media/2024/08/26/1022400176/128/4ab3169c-9fc9-1d62-fb53-9544872f541a_960x540.mp4,116,208
wnba,wnba_shot_pace,shot_pace,shots,get-shots,2024,Regular Season,team,"{'EntityType': 'Team', 'StartType': 'All', 'Blocked': False, 'Season': '2024', 'SeasonType': 'Regular Season', 'EntityId': '1611661325'}",shot_pace,1611661325,4Q/OT | margin -3..3 | 300..120,get-shots__shots__entity_type-Team__start_type-All__blocked-False__season-2024__season_type-Regular_Season__entity_id-1611661325__c4f64243,get-shots,https://api.pbpstats.com/get-shots/wnba?EntityType=Team&StartType=All&Blocked=False&Season=2024&SeasonType=Regular+Season&EntityId=1611661325,200,353,,,,,,False,1611661330,25.0,126,2024-08-26,1022400176,1627701-1628909-1631019-1631086-204365,False,ATL,1628269-1630471-1631009-1631032-1641650,,,,,,1611661325,1,Kelsey Mitchell,1628909,37,01:03,0,,1631009,Rhyne Howard,0,,0,,False,5,,6.4,0.3361,43.0,ShortMidRange,2,63.0,OffCorner3Make,IND,00:43,https://videos.nba.com/wnba/pbp/media/2024/08/26/1022400176/126/76926403-778d-b363-b673-6b9860a871ce_960x540.mp4,-46,44
wnba,wnba_shot_pace,shot_pace,shots,get-shots,2024,Regular Season,team,"{'EntityType': 'Team', 'StartType': 'All', 'Blocked': False, 'Season': '2024', 'SeasonType': 'Regular Season', 'EntityId': '1611661325'}",shot_pace,1611661325,4Q/OT | margin -3..3 | 300..120,get-shots__shots__entity_type-Team__start_type-All__blocked-False__season-2024__season_type-Regular_Season__entity_id-1611661325__c4f64243,get-shots,https://api.pbpstats.com/get-shots/wnba?EntityType=Team&StartType=All&Blocked=False&Season=2024&SeasonType=Regular+Season&EntityId=1611661325,200,354,,,,,,False,1611661330,101.0,114,2024-08-26,1022400176,1627701-1628909-1631019-1631086-204365,False,ATL,1628269-1628277-1628886-1631009-1631032,,,,,,1611661325,1,Kelsey Mitchell,1628909,33,01:55,1631019,NaLyssa Smith,1628277,Allisha Gray,0,,0,,False,6,,23.9,0.39,107.0,Arc3,3,115.0,OffArc3Miss,IND,01:47,https://videos.nba.com/wnba/pbp/media/2024/08/26/1022400176/114/ac3a8046-18d1-cf6f-dfe7-d4e9f08a25a0_960x540.mp4,190,145
wnba,wnba_shot_pace,shot_pace,shots,get-shots,2024,Regular Season,team,"{'EntityType': 'Team', 'StartType': 'All', 'Blocked': False, 'Season': '2024', 'SeasonType': 'Regular Season', 'EntityId': '1611661325'}",shot_pace,1611661325,4Q/OT | margin -3..3 | 300..120,get-shots__shots__entity_type-Team__start_type-All__blocked-False__season-2024__season_type-Regular_Season__entity_id-1611661325__c4f64243,get-shots,https://api.pbpstats.com/get-shots/wnba?EntityType=Team&StartType=All&Blocked=False&Season=2024&SeasonType=Regular+Season&EntityId=1611661325,200,355,,,,,,False,1611661330,130.0,110,2024-08-26,1022400176,1627701-1628909-1631019-1631086-204365,False,ATL,1628269-1628277-1628886-1631009-1631032,,,,,,1611661325,1,Erica Wheeler,204365,31,02:23,1631019,NaLyssa Smith,1631032,Lorela Cubaj,0,,0,,False,6,,18.4,0.4194,133.0,LongMidRange,2,143.0,OffAtRimMiss,IND,02:13,https://videos.nba.com/wnba/pbp/media/2024/08/26/1022400176/110/53ea381a-2e39-cb65-46a1-abb4eb39a89d_960x540.mp4,96,157
wnba,wnba_shot_pace,shot_pace,shots,get-shots,2024,Regular Season,team,"{'EntityType': 'Team', 'StartType': 'All', 'Blocked': False, 'Season': '2024', 'SeasonType': 'Regular Season', 'EntityId': '1611661325'}",shot_pace,1611661325,4Q/OT | margin -3..3 | 300..120,get-shots__shots__entity_type-Team__start_type-All__blocked-False__season-2024__season_type-Regular_Season__entity_id-1611661325__c4f64243,get-shots,https://api.pbpstats.com/get-shots/wnba?EntityType=Team&StartType=All&Blocked=False&Season=2024&SeasonType=Regular+Season&EntityId=1611661325,200,356,,,,,,False,1611661330,239.0,78,2024-08-26,1022400176,1628909-1629478-1631019-1641648-1642286,False,ATL,1628269-1628277-1628886-1631009-1631032,,0.0,Aliyah Boston,1641648.0,TeamBlocked,1611661325,1,Katie Lou Samuelson,1629478,25,04:39,0,,0,,0,,0,,False,2,11.0,23.3,0.2992,240.0,Corner3,3,279.0,OffTimeout,IND,04:00,https://videos.nba.com/wnba/pbp/media/2024/08/26/1022400176/78/59fad62c-a772-31f3-d796-4e9cf1718639_960x540.mp4,-232,-26
wnba,wnba_shot_pace,shot_pace,shots,get-shots,2024,Regular Season,team,"{'EntityType': 'Team', 'StartType': 'All', 'Blocked': False, 'Season': '2024', 'SeasonType': 'Regular Season', 'EntityId': '1611661325'}",shot_pace,1611661325,4Q/OT | margin -3..3 | 300..120,get-shots__shots__entity_type-Team__start_type-All__blocked-False__season-2024__season_type-Regular_Season__entity_id-1611661325__c4f64243,get-shots,https://api.pbpstats.com/get-shots/wnba?EntityType=Team&StartType=All&Blocked=False&Season=2024&SeasonType=Regular+Season&EntityId=1611661325,200,357,,,,,,False,1611661330,239.0,72,2024-08-26,1022400176,1628909-1629478-1631019-1641648-1642286,False,ATL,1628269-1628277-1628886-1631009-1631032,,,,,,1611661325,1,Aliyah Boston,1641648,25,04:39,0,,0,,0,,0,,False,2,,9.3,0.2748,255.0,ShortMidRange,2,279.0,OffTimeout,IND,04:15,https://videos.nba.com/wnba/pbp/media/2024/08/26/1022400176/72/9c208aec-731c-8105-2a16-c5d503677ad7_960x540.mp4,81,45
wnba,wnba_shot_pace,shot_pace,shots,get-shots,2024,Regular Season,team,"{'EntityType': 'Team', 'StartType': 'All', 'Blocked': False, 'Season': '2024', 'SeasonType': 'Regular Season', 'EntityId': '1611661325'}",shot_pace,1611661325,4Q/OT | margin -3..3 | 300..120,get-shots__shots__entity_type-Team__start_type-All__blocked-False__season-2024__season_type-Regular_Season__entity_id-1611661325__c4f64243,get-shots,https://api.pbpstats.com/get-shots/wnba?EntityType=Team&StartType=All&Blocked=False&Season=2024&SeasonType=Regular+Season&EntityId=1611661325,200,358,,,,,,False,1611661330,282.0,62,2024-08-26,1022400176,1628909-1629478-1631019-1641648-1642286,False,ATL,1628277-1628886-1631009-1631032-1631044,,,,,,1611661325,1,Aliyah Boston,1641648,23,05:10,0,,1628886,Jordin Canada,0,,0,,False,4,,0.9,0.68,285.0,AtRim,2,310.0,OffArc3Make,IND,04:45,https://videos.nba.com/wnba/pbp/media/2024/08/26/1022400176/62/0e1a34bb-f2fb-8f48-0d91-7f731075e521_960x540.mp4,-5,7
wnba,wnba_shot_pace,shot_pace,shots,get-shots,2024,Regular Season,team,"{'EntityType': 'Team', 'StartType': 'All', 'Blocked': False, 'Season': '2024', 'SeasonType': 'Regular Season', 'EntityId': '1611661325'}",shot_pace,1611661325,4Q/OT | margin -3..3 | 300..120,get-shots__shots__entity_type-Team__start_type-All__blocked-False__season-2024__season_type-Regular_Season__entity_id-1611661325__c4f64243,get-shots,https://api.pbpstats.com/get-shots/wnba?EntityType=Team&StartType=All&Blocked=False&Season=2024&SeasonType=Regular+Season&EntityId=1611661325,200,359,,,,,,False,1611661330,317.0,58,2024-08-26,1022400176,1628909-1629478-1631019-1641648-1642286,False,ATL,1628277-1628886-1631009-1631032-1631044,,,,,,1611661325,1,Aliyah Boston,1641648,21,05:35,1631019,NaLyssa Smith,1631009,Rhyne Howard,0,,0,,False,7,,3.5,0.5617,322.0,AtRim,2,335.0,OffArc3Miss,IND,05:22,https://videos.nba.com/wnba/pbp/media/2024/08/26/1022400176/58/41e719ec-ce52-cdd4-7c7b-0c028655821b_960x540.mp4,21,28
wnba,wnba_shot_pace,shot_pace,shots,get-shots,2024,Regular Season,team,"{'EntityType': 'Team', 'StartType': 'All', 'Blocked': False, 'Season': '2024', 'SeasonType': 'Regular Season', 'EntityId': '1611661325'}",shot_pace,1611661325,4Q/OT | margin -3..3 | 300..120,get-shots__shots__entity_type-Team__start_type-All__blocked-False__season-2024__season_type-Regular_Season__entity_id-1611661325__c4f64243,get-shots,https://api.pbpstats.com/get-shots/wnba?EntityType=Team&StartType=All&Blocked=False&Season=2024&SeasonType=Regular+Season&EntityId=1611661325,200,360,,,,,,False,1611661330,357.0,46,2024-08-26,1022400176,1628909-1629478-1631019-1641648-1642286,False,ATL,1628277-1628886-1631009-1631044-202250,,,,,,1611661325,1,NaLyssa Smith,1631019,17,06:12,0,,0,,0,,0,,False,7,,17.6,0.4045,362.0,LongMidRange,2,372.0,OffDeadball,IND,06:02,https://videos.nba.com/wnba/pbp/media/2024/08/26/1022400176/46/3b2b3bbf-ce3a-eb0f-1b45-39615b74c3c6_960x540.mp4,-117,132
wnba,wnba_shot_pace,shot_pace,shots,get-shots,2024,Regular Season,team,"{'EntityType': 'Team', 'StartType': 'All', 'Blocked': False, 'Season': '2024', 'SeasonType': 'Regular Season', 'EntityId': '1611661325'}",shot_pace,1611661325,4Q/OT | margin -3..3 | 300..120,get-shots__shots__entity_type-Team__start_type-All__blocked-False__season-2024__season_type-Regular_Season__entity_id-1611661325__c4f64243,get-shots,https://api.pbpstats.com/get-shots/wnba?EntityType=Team&StartType=All&Blocked=False&Season=2024&SeasonType=Regular+Season&EntityId=1611661325,200,361,,,,,,False,1611661330,428.0,31,2024-08-26,1022400176,1628909-1629478-1631019-1641648-1642286,False,ATL,1628277-1628886-1631009-1631044-202250,,,,,,1611661325,1,Caitlin Clark,1642286,11,07:21,0,,0,,0,,0,,False,6,,24.5,0.3795,432.0,Arc3,3,441.0,OffFTMake,IND,07:12,https://videos.nba.com/wnba/pbp/media/2024/08/26/1022400176/31/5f74801a-cc84-fc59-689a-3ae3f7c17380_960x540.mp4,110,219
wnba,wnba_shot_pace,shot_pace,shots,get-shots,2024,Regular Season,team,"{'EntityType': 'Team', 'StartType': 'All', 'Blocked': False, 'Season': '2024', 'SeasonType': 'Regular Season', 'EntityId': '1611661325'}",shot_pace,1611661325,4Q/OT | margin -3..3 | 300..120,get-shots__shots__entity_type-Team__start_type-All__blocked-False__season-2024__season_type-Regular_Season__entity_id-1611661325__c4f64243,get-shots,https://api.pbpstats.com/get-shots/wnba?EntityType=Team&StartType=All&Blocked=False&Season=2024&SeasonType=Regular+Season&EntityId=1611661325,200,362,,,,,,False,1611661330,546.0,10,2024-08-26,1022400176,1628909-1629478-1631019-1641648-1642286,False,ATL,1628277-1628886-1631009-1631044-202250,,,,,,1611661325,1,Aliyah Boston,1641648,3,09:23,1641648,Aliyah Boston,1628277,Allisha Gray,0,,0,,False,2,,3.6,0.4475,551.0,AtRim,2,563.0,OffShortMidRangeMiss,IND,09:11,https://videos.nba.com/wnba/pbp/media/2024/08/26/1022400176/10/ecc79929-81d8-5b26-34dc-9506e48b84c1_960x540.mp4,1,36
wnba,wnba_shot_pace,shot_pace,shots,get-shots,2024,Regular Season,team,"{'EntityType': 'Team', 'StartType': 'All', 'Blocked': False, 'Season': '2024', 'SeasonType': 'Regular Season', 'EntityId': '1611661325'}",shot_pace,1611661325,4Q/OT | margin -3..3 | 300..120,get-shots__shots__entity_type-Team__start_type-All__blocked-False__season-2024__season_type-Regular_Season__entity_id-1611661325__c4f64243,get-shots,https://api.pbpstats.com/get-shots/wnba?EntityType=Team&StartType=All&Blocked=False&Season=2024&SeasonType=Regular+Season&EntityId=1611661325,200,363,,,,,,False,1611661324,25.0,497,2024-08-24,1022400173,1628909-1631086-1641648-1642286-203024,False,MIN,1627675-1628899-1629483-1629501-203825,,,,,,1611661325,4,Kelsey Mitchell,1628909,37,00:42,0,,0,,0,,0,,False,-10,,8.8,0.2956,29.0,ShortMidRange,2,42.0,OffTimeout,IND,00:29,https://videos.nba.com/wnba/pbp/media/2024/08/24/1022400173/497/76338a0b-f659-d8d7-c777-e76aa0ff2b5e_960x540.mp4,85,21
wnba,wnba_shot_pace,shot_pace,shots,get-shots,2024,Regular Season,team,"{'EntityType': 'Team', 'StartType': 'All', 'Blocked': False, 'Season': '2024', 'SeasonType': 'Regular Season', 'EntityId': '1611661325'}",shot_pace,1611661325,4Q/OT | margin -3..3 | 300..120,get-shots__shots__entity_type-Team__start_type-All__blocked-False__season-2024__season_type-Regular_Season__entity_id-1611661325__c4f64243,get-shots,https://api.pbpstats.com/get-shots/wnba?EntityType=Team&StartType=All&Blocked=False&Season=2024&SeasonType=Regular+Season&EntityId=1611661325,200,364,,,,,,False,1611661324,73.0,480,2024-08-24,1022400173,1628909-1631086-1641648-1642286-203024,False,MIN,1627675-1628899-1629483-1629501-203825,,,,,,1611661325,4,Damiris Dantas,203024,33,01:34,0,,1627675,Courtney Williams,0,,0,,False,-15,,22.8,0.339,80.0,Corner3,3,94.0,OffLongMidRangeMake,IND,01:20,https://videos.nba.com/wnba/pbp/media/2024/08/24/1022400173/480/987e19ec-a6ac-31f6-a3c5-13bcf181fac9_960x540.mp4,226,31
wnba,wnba_shot_pace,shot_pace,shots,get-shots,2024,Regular Season,team,"{'EntityType': 'Team', 'StartType': 'All', 'Blocked': False, 'Season': '2024', 'SeasonType': 'Regular Season', 'EntityId': '1611661325'}",shot_pace,1611661325,4Q/OT | margin -3..3 | 300..120,get-shots__shots__entity_type-Team__start_type-All__blocked-False__season-2024__season_type-Regular_Season__entity_id-1611661325__c4f64243,get-shots,https://api.pbpstats.com/get-shots/wnba?EntityType=Team&StartType=All&Blocked=False&Season=2024&SeasonType=Regular+Season&EntityId=1611661325,200,365,,,,,,False,1611661324,128.0,472,2024-08-24,1022400173,1628909-1631086-1641648-1642286-203024,False,MIN,1627675-1628899-1629483-1629501-203825,,,,,,1611661325,4,Damiris Dantas,203024,31,02:24,0,,0,,0,,0,,False,-12,,22.2,0.2859,131.0,Corner3,3,144.0,OffDeadball,IND,02:11,https://videos.nba.com/wnba/pbp/media/2024/08/24/1022400173/472/2281e15e-444c-ad4d-e354-30c90c1f5bd5_960x540.mp4,213,63
wnba,wnba_shot_pace,shot_pace,shots,get-shots,2024,Regular Season,team,"{'EntityType': 'Team', 'StartType': 'All', 'Blocked': False, 'Season': '2024', 'SeasonType': 'Regular Season', 'EntityId': '1611661325'}",shot_pace,1611661325,4Q/OT | margin -3..3 | 300..120,get-shots__shots__entity_type-Team__start_type-All__blocked-False__season-2024__season_type-Regular_Season__entity_id-1611661325__c4f64243,get-shots,https://api.pbpstats.com/get-shots/wnba?EntityType=Team&StartType=All&Blocked=False&Season=2024&SeasonType=Regular+Season&EntityId=1611661325,200,366,,,,,,False,1611661324,158.0,468,2024-08-24,1022400173,1628909-1631086-1641648-1642286-203024,False,MIN,1627675-1628899-1629483-1629501-203825,,,,,,1611661325,4,Kelsey Mitchell,1628909,29,02:47,1641648,Aliyah Boston,203825,Kayla McBride,0,,0,,False,-12,,24.8,0.3292,160.0,Arc3,3,167.0,OffAtRimMiss,IND,02:40,https://videos.nba.com/wnba/pbp/media/2024/08/24/1022400173/468/81a0df81-0be5-dc42-75d5-a2dbc336564e_960x540.mp4,-26,247
wnba,wnba_shot_pace,shot_pace,shots,get-shots,2024,Regular Season,team,"{'EntityType': 'Team', 'StartType': 'All', 'Blocked': False, 'Season': '2024', 'SeasonType': 'Regular Season', 'EntityId': '1611661325'}",shot_pace,1611661325,4Q/OT | margin -3..3 | 300..120,get-shots__shots__entity_type-Team__start_type-All__blocked-False__season-2024__season_type-Regular_Season__entity_id-1611661325__c4f64243,get-shots,https://api.pbpstats.com/get-shots/wnba?EntityType=Team&StartType=All&Blocked=False&Season=2024&SeasonType=Regular+Season&EntityId=1611661325,200,367,,,,,,False,1611661324,223.0,457,2024-08-24,1022400173,1628909-1631086-1641648-1642286-203024,False,MIN,1627675-1628899-1629483-1629501-203825,,,,,,1611661325,4,Kelsey Mitchell,1628909,25,03:56,0,,1629483,Napheesa Collier,0,,0,,False,-13,,25.8,0.3508,227.0,Arc3,3,236.0,OffShortMidRangeMake,IND,03:47,https://videos.nba.com/wnba/pbp/media/2024/08/24/1022400173/457/393f3be1-afc3-d54e-0306-2fd2c9dc1e58_960x540.mp4,129,224
wnba,wnba_shot_pace,shot_pace,shots,get-shots,2024,Regular Season,team,"{'EntityType': 'Team', 'StartType': 'All', 'Blocked': False, 'Season': '2024', 'SeasonType': 'Regular Season', 'EntityId': '1611661325'}",shot_pace,1611661325,4Q/OT | margin -3..3 | 300..120,get-shots__shots__entity_type-Team__start_type-All__blocked-False__season-2024__season_type-Regular_Season__entity_id-1611661325__c4f64243,get-shots,https://api.pbpstats.com/get-shots/wnba?EntityType=Team&StartType=All&Blocked=False&Season=2024&SeasonType=Regular+Season&EntityId=1611661325,200,368,,,,,,False,1611661324,247.0,451,2024-08-24,1022400173,1628909-1631086-1641648-1642286-203024,False,MIN,1627675-1628899-1629483-1629501-203825,,,,,,1611661325,4,Damiris Dantas,203024,23,04:27,1628909,Kelsey Mitchell,203825,Kayla McBride,0,,0,,False,-11,,10.2,0.3934,250.0,ShortMidRange,2,267.0,OffFTMiss,IND,04:10,https://videos.nba.com/wnba/pbp/media/2024/08/24/1022400173/451/ae5fed20-340f-8856-87c4-e87ce22ed0a4_960x540.mp4,32,97
wnba,wnba_shot_pace,shot_pace,shots,get-shots,2024,Regular Season,team,"{'EntityType': 'Team', 'StartType': 'All', 'Blocked': False, 'Season': '2024', 'SeasonType': 'Regular Season', 'EntityId': '1611661325'}",shot_pace,1611661325,4Q/OT | margin -3..3 | 300..120,get-shots__shots__entity_type-Team__start_type-All__blocked-False__season-2024__season_type-Regular_Season__entity_id-1611661325__c4f64243,get-shots,https://api.pbpstats.com/get-shots/wnba?EntityType=Team&StartType=All&Blocked=False&Season=2024&SeasonType=Regular+Season&EntityId=1611661325,200,369,,,,,,False,1611661324,325.0,434,2024-08-24,1022400173,1627701-1628909-1631086-1642286-203024,False,MIN,1627675-1628899-1629483-1629501-203825,,,,,,1611661325,4,Damiris Dantas,203024,19,05:43,0,,1627675,Courtney Williams,0,,0,,False,-5,,23.7,0.3474,328.0,Arc3,3,343.0,OffLongMidRangeMake,IND,05:28,https://videos.nba.com/wnba/pbp/media/2024/08/24/1022400173/434/e172d62f-fda4-a51d-e6dd-b55d84f0e5d9_960x540.mp4,-86,221
wnba,wnba_shot_pace,shot_pace,shots,get-shots,2024,Regular Season,team,"{'EntityType': 'Team', 'StartType': 'All', 'Blocked': False, 'Season': '2024', 'SeasonType': 'Regular Season', 'EntityId': '1611661325'}",shot_pace,1611661325,4Q/OT | margin -3..3 | 300..120,get-shots__shots__entity_type-Team__start_type-All__blocked-False__season-2024__season_type-Regular_Season__entity_id-1611661325__c4f64243,get-shots,https://api.pbpstats.com/get-shots/wnba?EntityType=Team&StartType=All&Blocked=False&Season=2024&SeasonType=Regular+Season&EntityId=1611661325,200,370,,,,,,False,1611661324,406.0,419,2024-08-24,1022400173,1627701-1628909-1631086-1642286-203024,False,MIN,1628899-1629483-1629501-1629524-1629567,,,,,,1611661325,4,Damiris Dantas,203024,13,06:54,0,,0,,1628909,Kelsey Mitchell,1628899,Myisha Hines-Allen,False,-5,,24.0,0.3408,408.0,Arc3,3,414.0,OffLiveBallTurnover,IND,06:48,https://videos.nba.com/wnba/pbp/media/2024/08/24/1022400173/419/37f09f4d-ce65-b74e-b04b-b7632f148a49_960x540.mp4,-11,240
wnba,wnba_shot_pace,shot_pace,shots,get-shots,2024,Regular Season,team,"{'EntityType': 'Team', 'StartType': 'All', 'Blocked': False, 'Season': '2024', 'SeasonType': 'Regular Season', 'EntityId': '1611661325'}",shot_pace,1611661325,4Q/OT | margin -3..3 | 300..120,get-shots__shots__entity_type-Team__start_type-All__blocked-False__season-2024__season_type-Regular_Season__entity_id-1611661325__c4f64243,get-shots,https://api.pbpstats.com/get-shots/wnba?EntityType=Team&StartType=All&Blocked=False&Season=2024&SeasonType=Regular+Season&EntityId=1611661325,200,371,,,,,,False,1611661324,530.0,393,2024-08-24,1022400173,1627701-1628909-1631086-1641648-1642286,False,MIN,1628899-1629483-1629524-1629567-1641649,,,,,,1611661325,4,Caitlin Clark,1642286,5,08:58,1631086,Lexie Hull,1641649,Diamond Miller,0,,0,,False,-7,,23.9,0.3906,533.0,Arc3,3,538.0,OffAtRimMiss,IND,08:53,https://videos.nba.com/wnba/pbp/media/2024/08/24/1022400173/393/2733e264-9087-a29d-9db7-60aac1578bd7_960x540.mp4,-168,170
wnba,wnba_shot_pace,shot_pace,shots,get-shots,2024,Regular Season,team,"{'EntityType': 'Team', 'StartType': 'All', 'Blocked': False, 'Season': '2024', 'SeasonType': 'Regular Season', 'EntityId': '1611661325'}",shot_pace,1611661325,4Q/OT | margin -3..3 | 300..120,get-shots__shots__entity_type-Team__start_type-All__blocked-False__season-2024__season_type-Regular_Season__entity_id-1611661325__c4f64243,get-shots,https://api.pbpstats.com/get-shots/wnba?EntityType=Team&StartType=All&Blocked=False&Season=2024&SeasonType=Regular+Season&EntityId=1611661325,200,372,,,,,,False,1611661324,560.0,389,2024-08-24,1022400173,1627701-1628909-1631086-1641648-1642286,False,MIN,1628899-1629483-1629524-1629567-1641649,,,,,,1611661325,4,Aliyah Boston,1641648,3,09:39,0,,0,,0,,0,,False,-7,,17.2,0.3714,563.0,LongMidRange,2,579.0,OffDeadball,IND,09:23,https://videos.nba.com/wnba/pbp/media/2024/08/24/1022400173/389/568517b1-39ac-8959-21d8-19da96ab1178_960x540.mp4,-40,167
wnba,wnba_shot_pace,shot_pace,shots,get-shots,2024,Regular Season,team,"{'EntityType': 'Team', 'StartType': 'All', 'Blocked': False, 'Season': '2024', 'SeasonType': 'Regular Season', 'EntityId': '1611661325'}",shot_pace,1611661325,4Q/OT | margin -3..3 | 300..120,get-shots__shots__entity_type-Team__start_type-All__blocked-False__season-2024__season_type-Regular_Season__entity_id-1611661325__c4f64243,get-shots,https://api.pbpstats.com/get-shots/wnba?EntityType=Team&StartType=All&Blocked=False&Season=2024&SeasonType=Regular+Season&EntityId=1611661325,200,373,,,,,,False,1611661324,189.0,341,2024-08-24,1022400173,1627701-1628909-1631086-1641648-1642286,False,MIN,1627675-1628899-1629483-1629524-203825,,,,,,1611661325,3,Aliyah Boston,1641648,20,03:42,0,,0,,0,,0,,False,-12,,0.9,0.7107,205.0,AtRim,2,222.0,OffFTMake,IND,03:25,https://videos.nba.com/wnba/pbp/media/2024/08/24/1022400173/341/581a3b53-18f9-ad7c-6cdb-d6137eabb094_960x540.mp4,7,5
wnba,wnba_shot_pace,shot_pace,shots,get-shots,2024,Regular Season,team,"{'EntityType': 'Team', 'StartType': 'All', 'Blocked': False, 'Season': '2024', 'SeasonType': 'Regular Season', 'EntityId': '1611661325'}",shot_pace,1611661325,4Q/OT | margin -3..3 | 300..120,get-shots__shots__entity_type-Team__start_type-All__blocked-False__season-2024__season_type-Regular_Season__entity_id-1611661325__c4f64243,get-shots,https://api.pbpstats.com/get-shots/wnba?EntityType=Team&StartType=All&Blocked=False&Season=2024&SeasonType=Regular+Season&EntityId=1611661325,200,374,,,,,,False,1611661324,231.0,331,2024-08-24,1022400173,1627701-1628909-1629478-1641648-1642286,False,MIN,1627675-1629483-1629501-1629524-203825,Temi Fagbenle,1627701.0,Temi Fagbenle,1627701.0,Corner3,1611661325,3,Kelsey Mitchell,1628909,18,05:17,0,,1629524,Bridget Carleton,0,,0,,False,-10,8.0,23.9,0.3825,234.0,Arc3,3,317.0,OffArc3Make,IND,03:54,https://videos.nba.com/wnba/pbp/media/2024/08/24/1022400173/331/c34ca754-b5e5-1de3-db95-3784998bc6bf_960x540.mp4,-166,172
wnba,wnba_shot_pace,shot_pace,shots,get-shots,2024,Regular Season,team,"{'EntityType': 'Team', 'StartType': 'All', 'Blocked': False, 'Season': '2024', 'SeasonType': 'Regular Season', 'EntityId': '1611661325'}",shot_pace,1611661325,4Q/OT | margin -3..3 | 300..120,get-shots__shots__entity_type-Team__start_type-All__blocked-False__season-2024__season_type-Regular_Season__entity_id-1611661325__c4f64243,get-shots,https://api.pbpstats.com/get-shots/wnba?EntityType=Team&StartType=All&Blocked=False&Season=2024&SeasonType=Regular+Season&EntityId=1611661325,200,375,,,,,,False,1611661324,231.0,329,2024-08-24,1022400173,1627701-1628909-1629478-1641648-1642286,False,MIN,1627675-1629483-1629501-1629524-203825,Temi Fagbenle,1627701.0,Kelsey Mitchell,1628909.0,Arc3,1611661325,3,Temi Fagbenle,1627701,18,05:17,0,,1629524,Bridget Carleton,0,,0,,False,-10,10.0,23.7,0.3969,245.0,Corner3,3,317.0,OffArc3Make,IND,04:05,https://videos.nba.com/wnba/pbp/media/2024/08/24/1022400173/329/25a4a2b6-853e-9905-754a-d6c66149b822_960x540.mp4,-235,29
wnba,wnba_shot_pace,shot_pace,shots,get-shots,2024,Regular Season,team,"{'EntityType': 'Team', 'StartType': 'All', 'Blocked': False, 'Season': '2024', 'SeasonType': 'Regular Season', 'EntityId': '1611661325'}",shot_pace,1611661325,4Q/OT | margin -3..3 | 300..120,get-shots__shots__entity_type-Team__start_type-All__blocked-False__season-2024__season_type-Regular_Season__entity_id-1611661325__c4f64243,get-shots,https://api.pbpstats.com/get-shots/wnba?EntityType=Team&StartType=All&Blocked=False&Season=2024&SeasonType=Regular+Season&EntityId=1611661325,200,376,,,,,,False,1611661324,231.0,325,2024-08-24,1022400173,1627701-1628909-1629478-1641648-1642286,False,MIN,1627675-1629483-1629501-1629524-203825,Aliyah Boston,1641648.0,NaLyssa Smith,1631019.0,AtRimBlocked,1611661325,3,Kelsey Mitchell,1628909,18,05:17,0,,1629524,Bridget Carleton,0,,0,,False,-10,14.0,24.1,0.4061,260.0,Arc3,3,317.0,OffArc3Make,IND,04:20,https://videos.nba.com/wnba/pbp/media/2024/08/24/1022400173/325/a2eab801-c5b8-8435-a46e-1606031dcaa8_960x540.mp4,81,227
wnba,wnba_shot_pace,shot_pace,shots,get-shots,2024,Regular Season,team,"{'EntityType': 'Team', 'StartType': 'All', 'Blocked': False, 'Season': '2024', 'SeasonType': 'Regular Season', 'EntityId': '1611661325'}",shot_pace,1611661325,4Q/OT | margin -3..3 | 300..120,get-shots__shots__entity_type-Team__start_type-All__blocked-False__season-2024__season_type-Regular_Season__entity_id-1611661325__c4f64243,get-shots,https://api.pbpstats.com/get-shots/wnba?EntityType=Team&StartType=All&Blocked=False&Season=2024&SeasonType=Regular+Season&EntityId=1611661325,200,377,,,,,,False,1611661324,231.0,316,2024-08-24,1022400173,1628909-1629478-1631019-1641648-1642286,False,MIN,1627675-1629483-1629501-1629524-203825,Kelsey Mitchell,1628909.0,NaLyssa Smith,1631019.0,FT,1611661325,3,Kelsey Mitchell,1628909,18,05:17,0,,1629524,Bridget Carleton,0,,0,,False,-10,0.0,23.4,0.2671,285.0,Corner3,3,317.0,OffArc3Make,IND,04:45,https://videos.nba.com/wnba/pbp/media/2024/08/24/1022400173/316/8bdfb1e5-3baf-466d-36a6-2622ce189dba_960x540.mp4,-232,34
wnba,wnba_shot_pace,shot_pace,shots,get-shots,2024,Regular Season,team,"{'EntityType': 'Team', 'StartType': 'All', 'Blocked': False, 'Season': '2024', 'SeasonType': 'Regular Season', 'EntityId': '1611661325'}",shot_pace,1611661325,4Q/OT | margin -3..3 | 300..120,get-shots__shots__entity_type-Team__start_type-All__blocked-False__season-2024__season_type-Regular_Season__entity_id-1611661325__c4f64243,get-shots,https://api.pbpstats.com/get-shots/wnba?EntityType=Team&StartType=All&Blocked=False&Season=2024&SeasonType=Regular+Season&EntityId=1611661325,200,378,,,,,,False,1611661324,396.0,297,2024-08-24,1022400173,1628909-1629478-1631019-1641648-1642286,False,MIN,1627675-1629483-1629501-1629524-203825,,,,,,1611661325,3,Caitlin Clark,1642286,12,06:50,1641648,Aliyah Boston,203825,Kayla McBride,0,,0,,False,-10,,27.9,0.3282,399.0,Arc3,3,410.0,OffShortMidRangeMiss,IND,06:39,https://videos.nba.com/wnba/pbp/media/2024/08/24/1022400173/297/da5f85d3-afe3-b9f4-73cb-a811c705e9eb_960x540.mp4,126,249
wnba,wnba_shot_pace,shot_pace,shots,get-shots,2024,Regular Season,team,"{'EntityType': 'Team', 'StartType': 'All', 'Blocked': False, 'Season': '2024', 'SeasonType': 'Regular Season', 'EntityId': '1611661325'}",shot_pace,1611661325,4Q/OT | margin -3..3 | 300..120,get-shots__shots__entity_type-Team__start_type-All__blocked-False__season-2024__season_type-Regular_Season__entity_id-1611661325__c4f64243,get-shots,https://api.pbpstats.com/get-shots/wnba?EntityType=Team&StartType=All&Blocked=False&Season=2024&SeasonType=Regular+Season&EntityId=1611661325,200,379,,,,,,False,1611661324,429.0,292,2024-08-24,1022400173,1628909-1629478-1631019-1641648-1642286,False,MIN,1627675-1629483-1629501-1629524-203825,,,,,,1611661325,3,Aliyah Boston,1641648,10,07:18,0,,1629483,Napheesa Collier,0,,0,,False,-10,,2.3,0.6312,430.0,AtRim,2,438.0,OffShortMidRangeMake,IND,07:10,https://videos.nba.com/wnba/pbp/media/2024/08/24/1022400173/292/3ca5fe12-7848-78b5-5976-f0d4fd19b4a5_960x540.mp4,-23,4
wnba,wnba_shot_pace,shot_pace,shots,get-shots,2024,Regular Season,team,"{'EntityType': 'Team', 'StartType': 'All', 'Blocked': False, 'Season': '2024', 'SeasonType': 'Regular Season', 'EntityId': '1611661325'}",shot_pace,1611661325,4Q/OT | margin -3..3 | 300..120,get-shots__shots__entity_type-Team__start_type-All__blocked-False__season-2024__season_type-Regular_Season__entity_id-1611661325__c4f64243,get-shots,https://api.pbpstats.com/get-shots/wnba?EntityType=Team&StartType=All&Blocked=False&Season=2024&SeasonType=Regular+Season&EntityId=1611661325,200,380,,,,,,False,1611661324,445.0,288,2024-08-24,1022400173,1628909-1629478-1631019-1641648-1642286,False,MIN,1627675-1629483-1629501-1629524-203825,,,,,,1611661325,3,Kelsey Mitchell,1628909,8,07:45,0,,0,,0,,0,,False,-8,,23.1,0.3346,450.0,Arc3,3,465.0,OffTimeout,IND,07:30,https://videos.nba.com/wnba/pbp/media/2024/08/24/1022400173/288/3bd07792-fe58-789d-67e4-de905cdd93dc_960x540.mp4,163,163
wnba,wnba_shot_pace,shot_pace,shots,get-shots,2024,Regular Season,team,"{'EntityType': 'Team', 'StartType': 'All', 'Blocked': False, 'Season': '2024', 'SeasonType': 'Regular Season', 'EntityId': '1611661325'}",shot_pace,1611661325,4Q/OT | margin -3..3 | 300..120,get-shots__shots__entity_type-Team__start_type-All__blocked-False__season-2024__season_type-Regular_Season__entity_id-1611661325__c4f64243,get-shots,https://api.pbpstats.com/get-shots/wnba?EntityType=Team&StartType=All&Blocked=False&Season=2024&SeasonType=Regular+Season&EntityId=1611661325,200,381,,,,,,False,1611661324,469.0,284,2024-08-24,1022400173,1628909-1629478-1631019-1641648-1642286,False,MIN,1627675-1629483-1629501-1629524-203825,Aliyah Boston,1641648.0,NaLyssa Smith,1631019.0,AtRim,1611661325,3,Aliyah Boston,1641648,6,08:25,0,,203825,Kayla McBride,0,,0,,True,-6,1.0,1.1,0.6182,470.0,AtRim,2,505.0,OffCorner3Make,IND,07:50,https://videos.nba.com/wnba/pbp/media/2024/08/24/1022400173/284/08e26c16-bf83-ad6d-e6d4-4ca71e437ecb_960x540.mp4,5,10
wnba,wnba_shot_pace,shot_pace,shots,get-shots,2024,Regular Season,team,"{'EntityType': 'Team', 'StartType': 'All', 'Blocked': False, 'Season': '2024', 'SeasonType': 'Regular Season', 'EntityId': '1611661325'}",shot_pace,1611661325,4Q/OT | margin -3..3 | 300..120,get-shots__shots__entity_type-Team__start_type-All__blocked-False__season-2024__season_type-Regular_Season__entity_id-1611661325__c4f64243,get-shots,https://api.pbpstats.com/get-shots/wnba?EntityType=Team&StartType=All&Blocked=False&Season=2024&SeasonType=Regular+Season&EntityId=1611661325,200,382,,,,,,False,1611661324,469.0,282,2024-08-24,1022400173,1628909-1629478-1631019-1641648-1642286,False,MIN,1627675-1629483-1629501-1629524-203825,NaLyssa Smith,1631019.0,NaLyssa Smith,1631019.0,AtRimBlocked,1611661325,3,NaLyssa Smith,1631019,6,08:25,0,,203825,Kayla McBride,0,,0,,True,-6,1.0,2.2,0.663,474.0,AtRim,2,505.0,OffCorner3Make,IND,07:54,https://videos.nba.com/wnba/pbp/media/2024/08/24/1022400173/282/6a34990d-3ec3-6cfa-34a3-478eac9b2579_960x540.mp4,16,15
wnba,wnba_shot_pace,shot_pace,shots,get-shots,2024,Regular Season,team,"{'EntityType': 'Team', 'StartType': 'All', 'Blocked': False, 'Season': '2024', 'SeasonType': 'Regular Season', 'EntityId': '1611661325'}",shot_pace,1611661325,4Q/OT | margin -3..3 | 300..120,get-shots__shots__entity_type-Team__start_type-All__blocked-False__season-2024__season_type-Regular_Season__entity_id-1611661325__c4f64243,get-shots,https://api.pbpstats.com/get-shots/wnba?EntityType=Team&StartType=All&Blocked=False&Season=2024&SeasonType=Regular+Season&EntityId=1611661325,200,383,,,,,,False,1611661324,568.0,269,2024-08-24,1022400173,1628909-1629478-1631019-1641648-1642286,False,MIN,1627675-1629483-1629501-1629524-203825,,,,,,1611661325,3,Katie Lou Samuelson,1629478,2,09:47,0,,0,,0,,0,,False,-3,,15.4,0.3633,571.0,LongMidRange,2,587.0,OffFTMake,IND,09:31,https://videos.nba.com/wnba/pbp/media/2024/08/24/1022400173/269/3e3a5073-3460-5f6a-bf90-b04166b3c4c9_960x540.mp4,-151,32
wnba,wnba_shot_pace,shot_pace,shots,get-shots,2024,Regular Season,team,"{'EntityType': 'Team', 'StartType': 'All', 'Blocked': False, 'Season': '2024', 'SeasonType': 'Regular Season', 'EntityId': '1611661325'}",shot_pace,1611661325,4Q/OT | margin -3..3 | 300..120,get-shots__shots__entity_type-Team__start_type-All__blocked-False__season-2024__season_type-Regular_Season__entity_id-1611661325__c4f64243,get-shots,https://api.pbpstats.com/get-shots/wnba?EntityType=Team&StartType=All&Blocked=False&Season=2024&SeasonType=Regular+Season&EntityId=1611661325,200,384,,,,,,False,1611661324,37.0,247,2024-08-24,1022400173,1631086-1641648-1642286-203024-204365,False,MIN,1629483-1629501-1629524-1629567-203825,,,,,,1611661325,2,Lexie Hull,1631086,38,00:50,0,,0,,0,,0,,False,-4,,23.9,0.3598,40.0,Arc3,3,50.0,OffFTMake,IND,00:40,https://videos.nba.com/wnba/pbp/media/2024/08/24/1022400173/247/eb3fec23-686f-ceb3-0d83-53836880d9b9_960x540.mp4,-129,201
wnba,wnba_shot_pace,shot_pace,shots,get-shots,2024,Regular Season,team,"{'EntityType': 'Team', 'StartType': 'All', 'Blocked': False, 'Season': '2024', 'SeasonType': 'Regular Season', 'EntityId': '1611661325'}",shot_pace,1611661325,4Q/OT | margin -3..3 | 300..120,get-shots__shots__entity_type-Team__start_type-All__blocked-False__season-2024__season_type-Regular_Season__entity_id-1611661325__c4f64243,get-shots,https://api.pbpstats.com/get-shots/wnba?EntityType=Team&StartType=All&Blocked=False&Season=2024&SeasonType=Regular+Season&EntityId=1611661325,200,385,,,,,,False,1611661324,68.0,240,2024-08-24,1022400173,1631086-1641648-1642286-203024-204365,False,MIN,1629483-1629501-1629524-1629567-203825,,0.0,Damiris Dantas,203024.0,Team,1611661325,2,Erica Wheeler,204365,36,01:33,0,,0,,0,,0,,False,-4,5.0,9.5,0.4217,71.0,ShortMidRange,2,93.0,OffDeadball,IND,01:11,https://videos.nba.com/wnba/pbp/media/2024/08/24/1022400173/240/02796cce-08cd-2afe-ea23-d4c572f04150_960x540.mp4,-29,90
wnba,wnba_shot_pace,shot_pace,shots,get-shots,2024,Regular Season,team,"{'EntityType': 'Team', 'StartType': 'All', 'Blocked': False, 'Season': '2024', 'SeasonType': 'Regular Season', 'EntityId': '1611661325'}",shot_pace,1611661325,4Q/OT | margin -3..3 | 300..120,get-shots__shots__entity_type-Team__start_type-All__blocked-False__season-2024__season_type-Regular_Season__entity_id-1611661325__c4f64243,get-shots,https://api.pbpstats.com/get-shots/wnba?EntityType=Team&StartType=All&Blocked=False&Season=2024&SeasonType=Regular+Season&EntityId=1611661325,200,386,,,,,,False,1611661324,68.0,236,2024-08-24,1022400173,1631086-1641648-1642286-203024-204365,False,MIN,1629483-1629501-1629524-1629567-203825,,,,,,1611661325,2,Damiris Dantas,203024,36,01:33,0,,0,,0,,0,,False,-4,,23.7,0.3327,79.0,Arc3,3,93.0,OffDeadball,IND,01:19,https://videos.nba.com/wnba/pbp/media/2024/08/24/1022400173/236/02a8dcd5-d033-8c0c-c702-e06a9e951bb3_960x540.mp4,2,237
wnba,wnba_shot_pace,shot_pace,shots,get-shots,2024,Regular Season,team,"{'EntityType': 'Team', 'StartType': 'All', 'Blocked': False, 'Season': '2024', 'SeasonType': 'Regular Season', 'EntityId': '1611661325'}",shot_pace,1611661325,4Q/OT | margin -3..3 | 300..120,get-shots__shots__entity_type-Team__start_type-All__blocked-False__season-2024__season_type-Regular_Season__entity_id-1611661325__c4f64243,get-shots,https://api.pbpstats.com/get-shots/wnba?EntityType=Team&StartType=All&Blocked=False&Season=2024&SeasonType=Regular+Season&EntityId=1611661325,200,387,,,,,,False,1611661324,192.0,209,2024-08-24,1022400173,1631086-1641648-1642286-203024-204365,False,MIN,1627675-1629483-1629501-1629524-203825,Aliyah Boston,1641648.0,Erica Wheeler,204365.0,LongMidRange,1611661325,2,Aliyah Boston,1641648,28,03:35,0,,0,,0,,0,,False,-5,4.0,1.8,0.6904,194.0,AtRim,2,215.0,OffTimeout,IND,03:14,https://videos.nba.com/wnba/pbp/media/2024/08/24/1022400173/209/aa53da0a-0d3d-47c8-114a-ae1fd238eb95_960x540.mp4,18,3
wnba,wnba_shot_pace,shot_pace,shots,get-shots,2024,Regular Season,team,"{'EntityType': 'Team', 'StartType': 'All', 'Blocked': False, 'Season': '2024', 'SeasonType': 'Regular Season', 'EntityId': '1611661325'}",shot_pace,1611661325,4Q/OT | margin -3..3 | 300..120,get-shots__shots__entity_type-Team__start_type-All__blocked-False__season-2024__season_type-Regular_Season__entity_id-1611661325__c4f64243,get-shots,https://api.pbpstats.com/get-shots/wnba?EntityType=Team&StartType=All&Blocked=False&Season=2024&SeasonType=Regular+Season&EntityId=1611661325,200,388,,,,,,False,1611661324,192.0,207,2024-08-24,1022400173,1631086-1641648-1642286-203024-204365,False,MIN,1627675-1629483-1629501-1629524-203825,,,,,,1611661325,2,Erica Wheeler,204365,28,03:35,0,,0,,0,,0,,False,-5,,14.9,0.3654,201.0,LongMidRange,2,215.0,OffTimeout,IND,03:21,https://videos.nba.com/wnba/pbp/media/2024/08/24/1022400173/207/f4f731ea-4328-3064-ea10-9a8470d33659_960x540.mp4,-10,149
wnba,wnba_shot_pace,shot_pace,shots,get-shots,2024,Regular Season,team,"{'EntityType': 'Team', 'StartType': 'All', 'Blocked': False, 'Season': '2024', 'SeasonType': 'Regular Season', 'EntityId': '1611661325'}",shot_pace,1611661325,4Q/OT | margin -3..3 | 300..120,get-shots__shots__entity_type-Team__start_type-All__blocked-False__season-2024__season_type-Regular_Season__entity_id-1611661325__c4f64243,get-shots,https://api.pbpstats.com/get-shots/wnba?EntityType=Team&StartType=All&Blocked=False&Season=2024&SeasonType=Regular+Season&EntityId=1611661325,200,389,,,,,,False,1611661324,0.0,122,2024-08-24,1022400173,1627701-1628909-1631086-1641648-1642286,False,MIN,1628508-1628899-1629524-1629567-1641657,,0.0,Caitlin Clark,1642286.0,Team,1611661325,1,Temi Fagbenle,1627701,37,00:26,0,,1629524,Bridget Carleton,0,,0,,False,-13,2.0,13.6,0.2181,0.0,ShortMidRange,2,26.0,OffCorner3Make,IND,00:00,https://videos.nba.com/wnba/pbp/media/2024/08/24/1022400173/122/72d06b0d-aaa5-d7da-6e26-16e2097f73e8_960x540.mp4,76,113
wnba,wnba_shot_pace,shot_pace,shots,get-shots,2024,Regular Season,team,"{'EntityType': 'Team', 'StartType': 'All', 'Blocked': False, 'Season': '2024', 'SeasonType': 'Regular Season', 'EntityId': '1611661325'}",shot_pace,1611661325,4Q/OT | margin -3..3 | 300..120,get-shots__shots__entity_type-Team__start_type-All__blocked-False__season-2024__season_type-Regular_Season__entity_id-1611661325__c4f64243,get-shots,https://api.pbpstats.com/get-shots/wnba?EntityType=Team&StartType=All&Blocked=False&Season=2024&SeasonType=Regular+Season&EntityId=1611661325,200,390,,,,,,False,1611661324,0.0,116,2024-08-24,1022400173,1627701-1628909-1631086-1641648-1642286,False,MIN,1628508-1628899-1629524-1629567-1641657,,,,,,1611661325,1,Caitlin Clark,1642286,37,00:26,0,,1629524,Bridget Carleton,0,,0,,False,-13,,24.2,0.2417,2.0,Arc3,3,26.0,OffCorner3Make,IND,00:02,https://videos.nba.com/wnba/pbp/media/2024/08/24/1022400173/116/624c5f10-d10e-80af-cbe4-2d31ba3c05db_960x540.mp4,45,238
wnba,wnba_shot_pace,shot_pace,shots,get-shots,2024,Regular Season,team,"{'EntityType': 'Team', 'StartType': 'All', 'Blocked': False, 'Season': '2024', 'SeasonType': 'Regular Season', 'EntityId': '1611661325'}",shot_pace,1611661325,4Q/OT | margin -3..3 | 300..120,get-shots__shots__entity_type-Team__start_type-All__blocked-False__season-2024__season_type-Regular_Season__entity_id-1611661325__c4f64243,get-shots,https://api.pbpstats.com/get-shots/wnba?EntityType=Team&StartType=All&Blocked=False&Season=2024&SeasonType=Regular+Season&EntityId=1611661325,200,391,,,,,,False,1611661324,151.0,90,2024-08-24,1022400173,1627701-1628909-1629478-1641648-1642286,False,MIN,1629501-1629524-1629567-1641657-203825,,,,,,1611661325,1,Katie Lou Samuelson,1629478,29,02:38,1628909,Kelsey Mitchell,1629567,Natisha Hiedeman,0,,0,,False,-6,,1.2,0.7588,154.0,AtRim,2,158.0,OffAtRimMiss,IND,02:34,https://videos.nba.com/wnba/pbp/media/2024/08/24/1022400173/90/961fd9df-f4a3-1cc9-d385-a72ccec066de_960x540.mp4,-12,3
wnba,wnba_shot_pace,shot_pace,shots,get-shots,2024,Regular Season,team,"{'EntityType': 'Team', 'StartType': 'All', 'Blocked': False, 'Season': '2024', 'SeasonType': 'Regular Season', 'EntityId': '1611661325'}",shot_pace,1611661325,4Q/OT | margin -3..3 | 300..120,get-shots__shots__entity_type-Team__start_type-All__blocked-False__season-2024__season_type-Regular_Season__entity_id-1611661325__c4f64243,get-shots,https://api.pbpstats.com/get-shots/wnba?EntityType=Team&StartType=All&Blocked=False&Season=2024&SeasonType=Regular+Season&EntityId=1611661325,200,392,,,,,,False,1611661324,166.0,84,2024-08-24,1022400173,1627701-1628909-1629478-1641648-1642286,False,MIN,1629501-1629524-1629567-1641657-203825,,,,,,1611661325,1,Aliyah Boston,1641648,27,03:10,1641648,Aliyah Boston,203825,Kayla McBride,0,,0,,False,-6,,9.6,0.4224,182.0,ShortMidRange,2,190.0,OffArc3Miss,IND,03:02,https://videos.nba.com/wnba/pbp/media/2024/08/24/1022400173/84/ac6f529d-d183-5bc5-4321-a1840c12c2fc_960x540.mp4,-18,94
wnba,wnba_shot_pace,shot_pace,shots,get-shots,2024,Regular Season,team,"{'EntityType': 'Team', 'StartType': 'All', 'Blocked': False, 'Season': '2024', 'SeasonType': 'Regular Season', 'EntityId': '1611661325'}",shot_pace,1611661325,4Q/OT | margin -3..3 | 300..120,get-shots__shots__entity_type-Team__start_type-All__blocked-False__season-2024__season_type-Regular_Season__entity_id-1611661325__c4f64243,get-shots,https://api.pbpstats.com/get-shots/wnba?EntityType=Team&StartType=All&Blocked=False&Season=2024&SeasonType=Regular+Season&EntityId=1611661325,200,393,,,,,,False,1611661324,205.0,73,2024-08-24,1022400173,1627701-1628909-1629478-1641648-1642286,False,MIN,1627675-1629483-1629501-1629524-203825,,,,,,1611661325,1,Kelsey Mitchell,1628909,25,03:39,1629478,Katie Lou Samuelson,1629483,Napheesa Collier,0,,0,,False,-6,,24.1,0.356,207.0,Arc3,3,219.0,OffArc3Miss,IND,03:27,https://videos.nba.com/wnba/pbp/media/2024/08/24/1022400173/73/4dc2836e-35fe-6529-634d-07cbe4c3f8ba_960x540.mp4,-187,152
wnba,wnba_shot_pace,shot_pace,shots,get-shots,2024,Regular Season,team,"{'EntityType': 'Team', 'StartType': 'All', 'Blocked': False, 'Season': '2024', 'SeasonType': 'Regular Season', 'EntityId': '1611661325'}",shot_pace,1611661325,4Q/OT | margin -3..3 | 300..120,get-shots__shots__entity_type-Team__start_type-All__blocked-False__season-2024__season_type-Regular_Season__entity_id-1611661325__c4f64243,get-shots,https://api.pbpstats.com/get-shots/wnba?EntityType=Team&StartType=All&Blocked=False&Season=2024&SeasonType=Regular+Season&EntityId=1611661325,200,394,,,,,,False,1611661324,230.0,69,2024-08-24,1022400173,1627701-1628909-1629478-1641648-1642286,False,MIN,1627675-1629483-1629501-1629524-203825,,,,,,1611661325,1,Caitlin Clark,1642286,23,04:01,1627701,Temi Fagbenle,203825,Kayla McBride,0,,0,,False,-6,,16.9,0.4256,233.0,LongMidRange,2,241.0,OffArc3Miss,IND,03:53,https://videos.nba.com/wnba/pbp/media/2024/08/24/1022400173/69/1cdbff5e-6035-1fff-b3c8-cd9132873a03_960x540.mp4,23,167
wnba,wnba_shot_pace,shot_pace,shots,get-shots,2024,Regular Season,team,"{'EntityType': 'Team', 'StartType': 'All', 'Blocked': False, 'Season': '2024', 'SeasonType': 'Regular Season', 'EntityId': '1611661325'}",shot_pace,1611661325,4Q/OT | margin -3..3 | 300..120,get-shots__shots__entity_type-Team__start_type-All__blocked-False__season-2024__season_type-Regular_Season__entity_id-1611661325__c4f64243,get-shots,https://api.pbpstats.com/get-shots/wnba?EntityType=Team&StartType=All&Blocked=False&Season=2024&SeasonType=Regular+Season&EntityId=1611661325,200,395,,,,,,False,1611661324,296.0,59,2024-08-24,1022400173,1627701-1628909-1629478-1641648-1642286,False,MIN,1627675-1629483-1629501-1629524-203825,,,,,,1611661325,1,Caitlin Clark,1642286,19,05:24,0,,0,,0,,0,,False,-7,,1.7,0.6989,311.0,AtRim,2,324.0,OffFTMake,IND,05:11,https://videos.nba.com/wnba/pbp/media/2024/08/24/1022400173/59/4f17864a-414f-f3b0-f817-dc12618637a3_960x540.mp4,15,9
wnba,wnba_shot_pace,shot_pace,shots,get-shots,2024,Regular Season,team,"{'EntityType': 'Team', 'StartType': 'All', 'Blocked': False, 'Season': '2024', 'SeasonType': 'Regular Season', 'EntityId': '1611661325'}",shot_pace,1611661325,4Q/OT | margin -3..3 | 300..120,get-shots__shots__entity_type-Team__start_type-All__blocked-False__season-2024__season_type-Regular_Season__entity_id-1611661325__c4f64243,get-shots,https://api.pbpstats.com/get-shots/wnba?EntityType=Team&StartType=All&Blocked=False&Season=2024&SeasonType=Regular+Season&EntityId=1611661325,200,396,,,,,,False,1611661324,338.0,46,2024-08-24,1022400173,1628909-1629478-1631019-1641648-1642286,False,MIN,1627675-1629483-1629501-1629524-203825,Kelsey Mitchell,1628909.0,Caitlin Clark,1642286.0,Arc3,1611661325,1,Katie Lou Samuelson,1629478,17,06:17,0,,1629483,Napheesa Collier,0,,0,,False,-4,8.0,24.4,0.389,342.0,Arc3,3,377.0,OffArc3Make,IND,05:42,https://videos.nba.com/wnba/pbp/media/2024/08/24/1022400173/46/f2e3a4e1-d7ee-d312-8ed6-f7cd812fcfa9_960x540.mp4,177,168
wnba,wnba_shot_pace,shot_pace,shots,get-shots,2024,Regular Season,team,"{'EntityType': 'Team', 'StartType': 'All', 'Blocked': False, 'Season': '2024', 'SeasonType': 'Regular Season', 'EntityId': '1611661325'}",shot_pace,1611661325,4Q/OT | margin -3..3 | 300..120,get-shots__shots__entity_type-Team__start_type-All__blocked-False__season-2024__season_type-Regular_Season__entity_id-1611661325__c4f64243,get-shots,https://api.pbpstats.com/get-shots/wnba?EntityType=Team&StartType=All&Blocked=False&Season=2024&SeasonType=Regular+Season&EntityId=1611661325,200,397,,,,,,False,1611661324,338.0,44,2024-08-24,1022400173,1628909-1629478-1631019-1641648-1642286,False,MIN,1627675-1629483-1629501-1629524-203825,,,,,,1611661325,1,Caitlin Clark,1642286,17,06:17,0,,1629483,Napheesa Collier,0,,0,,False,-4,,27.5,0.3052,353.0,Arc3,3,377.0,OffArc3Make,IND,05:53,https://videos.nba.com/wnba/pbp/media/2024/08/24/1022400173/44/5d3fa28b-d3af-d540-fc26-76e24f854e2c_960x540.mp4,-45,271
wnba,wnba_shot_pace,shot_pace,shots,get-shots,2024,Regular Season,team,"{'EntityType': 'Team', 'StartType': 'All', 'Blocked': False, 'Season': '2024', 'SeasonType': 'Regular Season', 'EntityId': '1611661325'}",shot_pace,1611661325,4Q/OT | margin -3..3 | 300..120,get-shots__shots__entity_type-Team__start_type-All__blocked-False__season-2024__season_type-Regular_Season__entity_id-1611661325__c4f64243,get-shots,https://api.pbpstats.com/get-shots/wnba?EntityType=Team&StartType=All&Blocked=False&Season=2024&SeasonType=Regular+Season&EntityId=1611661325,200,398,,,,,,False,1611661324,446.0,33,2024-08-24,1022400173,1628909-1629478-1631019-1641648-1642286,False,MIN,1627675-1629483-1629501-1629524-203825,,,,,,1611661325,1,Katie Lou Samuelson,1629478,11,07:33,1642286,Caitlin Clark,1629483,Napheesa Collier,0,,0,,False,0,,23.6,0.3707,449.0,Arc3,3,453.0,OffAtRimMiss,IND,07:29,https://videos.nba.com/wnba/pbp/media/2024/08/24/1022400173/33/40b24b9b-d73a-429b-c639-6e35e5fadd02_960x540.mp4,183,149
wnba,wnba_shot_pace,shot_pace,shots,get-shots,2024,Regular Season,team,"{'EntityType': 'Team', 'StartType': 'All', 'Blocked': False, 'Season': '2024', 'SeasonType': 'Regular Season', 'EntityId': '1611661325'}",shot_pace,1611661325,4Q/OT | margin -3..3 | 300..120,get-shots__shots__entity_type-Team__start_type-All__blocked-False__season-2024__season_type-Regular_Season__entity_id-1611661325__c4f64243,get-shots,https://api.pbpstats.com/get-shots/wnba?EntityType=Team&StartType=All&Blocked=False&Season=2024&SeasonType=Regular+Season&EntityId=1611661325,200,399,,,,,,False,1611661324,515.0,21,2024-08-24,1022400173,1628909-1629478-1631019-1641648-1642286,False,MIN,1627675-1629483-1629501-1629524-203825,,0.0,Kelsey Mitchell,1628909.0,Team,1611661325,1,Caitlin Clark,1642286,5,08:59,1631019,NaLyssa Smith,1627675,Courtney Williams,0,,0,,False,0,9.0,16.3,0.3162,518.0,LongMidRange,2,539.0,OffArc3Miss,IND,08:38,https://videos.nba.com/wnba/pbp/media/2024/08/24/1022400173/21/81f6423f-c9a8-6c65-ab1e-9c46999c3d4d_960x540.mp4,138,87
wnba,wnba_shot_pace,shot_pace,shots,get-shots,2024,Regular Season,team,"{'EntityType': 'Team', 'StartType': 'All', 'Blocked': False, 'Season': '2024', 'SeasonType': 'Regular Season', 'EntityId': '1611661325'}",shot_pace,1611661325,4Q/OT | margin -3..3 | 300..120,get-shots__shots__entity_type-Team__start_type-All__blocked-False__season-2024__season_type-Regular_Season__entity_id-1611661325__c4f64243,get-shots,https://api.pbpstats.com/get-shots/wnba?EntityType=Team&StartType=All&Blocked=False&Season=2024&SeasonType=Regular+Season&EntityId=1611661325,200,400,,,,,,False,1611661324,515.0,18,2024-08-24,1022400173,1628909-1629478-1631019-1641648-1642286,False,MIN,1627675-1629483-1629501-1629524-203825,,,,,,1611661325,1,Kelsey Mitchell,1628909,5,08:59,1631019,NaLyssa Smith,1627675,Courtney Williams,0,,0,,False,0,,22.5,0.3821,529.0,Arc3,3,539.0,OffArc3Miss,IND,08:49,https://videos.nba.com/wnba/pbp/media/2024/08/24/1022400173/18/da4a93a1-6274-4d77-cb7a-5507a9153556_960x540.mp4,199,104
wnba,wnba_shot_pace,shot_pace,shots,get-shots,2024,Regular Season,team,"{'EntityType': 'Team', 'StartType': 'All', 'Blocked': False, 'Season': '2024', 'SeasonType': 'Regular Season', 'EntityId': '1611661325'}",shot_pace,1611661325,4Q/OT | margin -3..3 | 300..120,get-shots__shots__entity_type-Team__start_type-All__blocked-False__season-2024__season_type-Regular_Season__entity_id-1611661325__c4f64243,get-shots,https://api.pbpstats.com/get-shots/wnba?EntityType=Team&StartType=All&Blocked=False&Season=2024&SeasonType=Regular+Season&EntityId=1611661325,200,401,,,,,,False,1611661324,577.0,9,2024-08-24,1022400173,1628909-1629478-1631019-1641648-1642286,False,MIN,1627675-1629483-1629501-1629524-203825,,,,,,1611661325,1,Caitlin Clark,1642286,1,10:00,0,,0,,0,,0,,False,0,,25.1,0.3981,579.0,Arc3,3,600.0,OffDeadball,IND,09:39,https://videos.nba.com/wnba/pbp/media/2024/08/24/1022400173/9/0215c8c5-46fd-f66d-fd35-9d24709b2b11_960x540.mp4,11,251
wnba,wnba_shot_pace,shot_pace,shots,get-shots,2024,Regular Season,team,"{'EntityType': 'Team', 'StartType': 'All', 'Blocked': False, 'Season': '2024', 'SeasonType': 'Regular Season', 'EntityId': '1611661325'}",shot_pace,1611661325,4Q/OT | margin -3..3 | 300..120,get-shots__shots__entity_type-Team__start_type-All__blocked-False__season-2024__season_type-Regular_Season__entity_id-1611661325__c4f64243,get-shots,https://api.pbpstats.com/get-shots/wnba?EntityType=Team&StartType=All&Blocked=False&Season=2024&SeasonType=Regular+Season&EntityId=1611661325,200,402,,,,,,False,1611661328,49.0,517,2024-08-18,1022400160,1628929-1641658-1641687-203024-204365,False,SEA,1628244-1628920-1628927-1630115-1642299,,,,,,1611661325,4,Damiris Dantas,203024,38,01:10,1641658,Grace Berger,1628920,Mercedes Russell,0,,0,,False,17,,5.5,0.3173,52.0,ShortMidRange,2,70.0,OffFTMiss,IND,00:52,https://videos.nba.com/wnba/pbp/media/2024/08/18/1022400160/517/bd265e45-4c64-4cf4-e9b3-ba1d6d45b264_960x540.mp4,-20,51
wnba,wnba_shot_pace,shot_pace,shots,get-shots,2024,Regular Season,team,"{'EntityType': 'Team', 'StartType': 'All', 'Blocked': False, 'Season': '2024', 'SeasonType': 'Regular Season', 'EntityId': '1611661325'}",shot_pace,1611661325,4Q/OT | margin -3..3 | 300..120,get-shots__shots__entity_type-Team__start_type-All__blocked-False__season-2024__season_type-Regular_Season__entity_id-1611661325__c4f64243,get-shots,https://api.pbpstats.com/get-shots/wnba?EntityType=Team&StartType=All&Blocked=False&Season=2024&SeasonType=Regular+Season&EntityId=1611661325,200,403,,,,,,False,1611661328,107.0,486,2024-08-18,1022400160,1628909-1631086-1641648-1642286-203024,False,SEA,1629496-1641651-203014-203400-204319,,,,,,1611661325,4,Damiris Dantas,203024,34,02:13,0,,204319,Jewell Loyd,0,,0,,False,16,,25.6,0.2791,111.0,Arc3,3,133.0,OffArc3Make,IND,01:51,https://videos.nba.com/wnba/pbp/media/2024/08/18/1022400160/486/74dfc6ff-6779-060e-8e18-622c9ce7cd85_960x540.mp4,-116,228
wnba,wnba_shot_pace,shot_pace,shots,get-shots,2024,Regular Season,team,"{'EntityType': 'Team', 'StartType': 'All', 'Blocked': False, 'Season': '2024', 'SeasonType': 'Regular Season', 'EntityId': '1611661325'}",shot_pace,1611661325,4Q/OT | margin -3..3 | 300..120,get-shots__shots__entity_type-Team__start_type-All__blocked-False__season-2024__season_type-Regular_Season__entity_id-1611661325__c4f64243,get-shots,https://api.pbpstats.com/get-shots/wnba?EntityType=Team&StartType=All&Blocked=False&Season=2024&SeasonType=Regular+Season&EntityId=1611661325,200,404,,,,,,False,1611661328,451.0,420,2024-08-18,1022400160,1631086-1641648-1642286-203024-204365,False,SEA,1628920-1628927-203014-203400-204319,,,,,,1611661325,4,Damiris Dantas,203024,10,07:42,1642286,Caitlin Clark,204319,Jewell Loyd,0,,0,,False,6,,26.2,0.3812,454.0,Arc3,3,462.0,OffArc3Miss,IND,07:34,https://videos.nba.com/wnba/pbp/media/2024/08/18/1022400160/420/024b4f9c-8e63-262f-033e-b5538620bf2c_960x540.mp4,-159,208
wnba,wnba_shot_pace,shot_pace,shots,get-shots,2024,Regular Season,team,"{'EntityType': 'Team', 'StartType': 'All', 'Blocked': False, 'Season': '2024', 'SeasonType': 'Regular Season', 'EntityId': '1611661325'}",shot_pace,1611661325,4Q/OT | margin -3..3 | 300..120,get-shots__shots__entity_type-Team__start_type-All__blocked-False__season-2024__season_type-Regular_Season__entity_id-1611661325__c4f64243,get-shots,https://api.pbpstats.com/get-shots/wnba?EntityType=Team&StartType=All&Blocked=False&Season=2024&SeasonType=Regular+Season&EntityId=1611661325,200,405,,,,,,False,1611661328,4.0,376,2024-08-18,1022400160,1628909-1629478-1631019-1642286-203024,False,SEA,1628244-1628920-1629496-1641651-204319,,,,,,1611661325,3,Kelsey Mitchell,1628909,43,00:26,0,,204319,Jewell Loyd,0,,0,,False,1,,0.3,0.7269,6.0,AtRim,2,26.0,OffAtRimMake,IND,00:06,https://videos.nba.com/wnba/pbp/media/2024/08/18/1022400160/376/f17d7920-fee5-338c-afbb-098e76ff7c92_960x540.mp4,1,3
wnba,wnba_shot_pace,shot_pace,shots,get-shots,2024,Regular Season,team,"{'EntityType': 'Team', 'StartType': 'All', 'Blocked': False, 'Season': '2024', 'SeasonType': 'Regular Season', 'EntityId': '1611661325'}",shot_pace,1611661325,4Q/OT | margin -3..3 | 300..120,get-shots__shots__entity_type-Team__start_type-All__blocked-False__season-2024__season_type-Regular_Season__entity_id-1611661325__c4f64243,get-shots,https://api.pbpstats.com/get-shots/wnba?EntityType=Team&StartType=All&Blocked=False&Season=2024&SeasonType=Regular+Season&EntityId=1611661325,200,406,,,,,,False,1611661328,49.0,367,2024-08-18,1022400160,1628909-1629478-1631019-1642286-203024,False,SEA,1628244-1628920-1629496-1641651-204319,,,,,,1611661325,3,Kelsey Mitchell,1628909,39,01:01,1629478,Katie Lou Samuelson,1628244,Sami Whitcomb,0,,0,,False,3,,21.2,0.3841,52.0,LongMidRange,2,61.0,OffArc3Miss,IND,00:52,https://videos.nba.com/wnba/pbp/media/2024/08/18/1022400160/367/007b6cd0-f97a-d26d-3361-1ebc13d55c1c_960x540.mp4,40,208
wnba,wnba_shot_pace,shot_pace,shots,get-shots,2024,Regular Season,team,"{'EntityType': 'Team', 'StartType': 'All', 'Blocked': False, 'Season': '2024', 'SeasonType': 'Regular Season', 'EntityId': '1611661325'}",shot_pace,1611661325,4Q/OT | margin -3..3 | 300..120,get-shots__shots__entity_type-Team__start_type-All__blocked-False__season-2024__season_type-Regular_Season__entity_id-1611661325__c4f64243,get-shots,https://api.pbpstats.com/get-shots/wnba?EntityType=Team&StartType=All&Blocked=False&Season=2024&SeasonType=Regular+Season&EntityId=1611661325,200,407,,,,,,False,1611661328,188.0,338,2024-08-18,1022400160,1628909-1629478-1631019-1641648-1642286,False,SEA,1629496-1641651-203014-203400-204319,,,,,,1611661325,3,Kelsey Mitchell,1628909,27,03:35,0,,204319,Jewell Loyd,0,,0,,False,0,,23.0,0.3412,190.0,Corner3,3,215.0,OffLongMidRangeMake,IND,03:10,https://videos.nba.com/wnba/pbp/media/2024/08/18/1022400160/338/70f2f7cd-3c44-25e5-76b8-6ed00e8a8c73_960x540.mp4,227,35
wnba,wnba_shot_pace,shot_pace,shots,get-shots,2024,Regular Season,team,"{'EntityType': 'Team', 'StartType': 'All', 'Blocked': False, 'Season': '2024', 'SeasonType': 'Regular Season', 'EntityId': '1611661325'}",shot_pace,1611661325,4Q/OT | margin -3..3 | 300..120,get-shots__shots__entity_type-Team__start_type-All__blocked-False__season-2024__season_type-Regular_Season__entity_id-1611661325__c4f64243,get-shots,https://api.pbpstats.com/get-shots/wnba?EntityType=Team&StartType=All&Blocked=False&Season=2024&SeasonType=Regular+Season&EntityId=1611661325,200,408,,,,,,False,1611661328,223.0,334,2024-08-18,1022400160,1628909-1629478-1631019-1641648-1642286,False,SEA,1629496-1641651-203014-203400-204319,NaLyssa Smith,1631019.0,Aliyah Boston,1641648.0,ShortMidRange,1611661325,3,NaLyssa Smith,1631019,25,04:16,0,,203400,Skylar Diggins-Smith,0,,0,,True,0,0.0,0.6,0.6814,224.0,AtRim,2,256.0,OffArc3Make,IND,03:44,https://videos.nba.com/wnba/pbp/media/2024/08/18/1022400160/334/f283dba8-5136-de9e-71a3-a90326491dd2_960x540.mp4,0,-6
wnba,wnba_shot_pace,shot_pace,shots,get-shots,2024,Regular Season,team,"{'EntityType': 'Team', 'StartType': 'All', 'Blocked': False, 'Season': '2024', 'SeasonType': 'Regular Season', 'EntityId': '1611661325'}",shot_pace,1611661325,4Q/OT | margin -3..3 | 300..120,get-shots__shots__entity_type-Team__start_type-All__blocked-False__season-2024__season_type-Regular_Season__entity_id-1611661325__c4f64243,get-shots,https://api.pbpstats.com/get-shots/wnba?EntityType=Team&StartType=All&Blocked=False&Season=2024&SeasonType=Regular+Season&EntityId=1611661325,200,409,,,,,,False,1611661328,223.0,332,2024-08-18,1022400160,1628909-1629478-1631019-1641648-1642286,False,SEA,1629496-1641651-203014-203400-204319,,,,,,1611661325,3,Aliyah Boston,1641648,25,04:16,0,,203400,Skylar Diggins-Smith,0,,0,,False,0,,5.1,0.3924,228.0,ShortMidRange,2,256.0,OffArc3Make,IND,03:48,https://videos.nba.com/wnba/pbp/media/2024/08/18/1022400160/332/a385f07e-9883-92aa-9c8c-bd0c51a3e9ad_960x540.mp4,-1,51
wnba,wnba_shot_pace,shot_pace,shots,get-shots,2024,Regular Season,team,"{'EntityType': 'Team', 'StartType': 'All', 'Blocked': False, 'Season': '2024', 'SeasonType': 'Regular Season', 'EntityId': '1611661325'}",shot_pace,1611661325,4Q/OT | margin -3..3 | 300..120,get-shots__shots__entity_type-Team__start_type-All__blocked-False__season-2024__season_type-Regular_Season__entity_id-1611661325__c4f64243,get-shots,https://api.pbpstats.com/get-shots/wnba?EntityType=Team&StartType=All&Blocked=False&Season=2024&SeasonType=Regular+Season&EntityId=1611661325,200,410,,,,,,False,1611661328,260.0,328,2024-08-18,1022400160,1628909-1629478-1631019-1641648-1642286,False,SEA,1629496-1641651-203014-203400-204319,Katie Lou Samuelson,1629478.0,NaLyssa Smith,1631019.0,AtRim,1611661325,3,Kelsey Mitchell,1628909,23,04:44,0,,1629496,Ezi Magbegor,0,,0,,False,3,5.0,1.9,0.6699,261.0,AtRim,2,284.0,OffLongMidRangeMake,IND,04:21,https://videos.nba.com/wnba/pbp/media/2024/08/18/1022400160/328/6599c6ce-3a2b-37b9-48c8-56ee705a10e8_960x540.mp4,-16,11
wnba,wnba_shot_pace,shot_pace,shots,get-shots,2024,Regular Season,team,"{'EntityType': 'Team', 'StartType': 'All', 'Blocked': False, 'Season': '2024', 'SeasonType': 'Regular Season', 'EntityId': '1611661325'}",shot_pace,1611661325,4Q/OT | margin -3..3 | 300..120,get-shots__shots__entity_type-Team__start_type-All__blocked-False__season-2024__season_type-Regular_Season__entity_id-1611661325__c4f64243,get-shots,https://api.pbpstats.com/get-shots/wnba?EntityType=Team&StartType=All&Blocked=False&Season=2024&SeasonType=Regular+Season&EntityId=1611661325,200,411,,,,,,False,1611661328,260.0,326,2024-08-18,1022400160,1628909-1629478-1631019-1641648-1642286,False,SEA,1629496-1641651-203014-203400-204319,,,,,,1611661325,3,NaLyssa Smith,1631019,23,04:44,0,,1629496,Ezi Magbegor,0,,0,,False,3,,2.2,0.5667,267.0,AtRim,2,284.0,OffLongMidRangeMake,IND,04:27,https://videos.nba.com/wnba/pbp/media/2024/08/18/1022400160/326/0ff683a8-9817-1daa-22a4-d1ecd9bf53cb_960x540.mp4,-4,22
wnba,wnba_shot_pace,shot_pace,shots,get-shots,2024,Regular Season,team,"{'EntityType': 'Team', 'StartType': 'All', 'Blocked': False, 'Season': '2024', 'SeasonType': 'Regular Season', 'EntityId': '1611661325'}",shot_pace,1611661325,4Q/OT | margin -3..3 | 300..120,get-shots__shots__entity_type-Team__start_type-All__blocked-False__season-2024__season_type-Regular_Season__entity_id-1611661325__c4f64243,get-shots,https://api.pbpstats.com/get-shots/wnba?EntityType=Team&StartType=All&Blocked=False&Season=2024&SeasonType=Regular+Season&EntityId=1611661325,200,412,,,,,,False,1611661328,329.0,315,2024-08-18,1022400160,1628909-1629478-1631019-1641648-1642286,False,SEA,1629496-1641651-203014-203400-204319,,,,,,1611661325,3,NaLyssa Smith,1631019,19,05:50,0,,203014,Nneka Ogwumike,0,,0,,False,4,,5.6,0.4231,331.0,ShortMidRange,2,350.0,OffAtRimMake,IND,05:31,https://videos.nba.com/wnba/pbp/media/2024/08/18/1022400160/315/68eeaf70-b033-76d3-8f97-b8c4f4bfdb06_960x540.mp4,-12,55
wnba,wnba_shot_pace,shot_pace,shots,get-shots,2024,Regular Season,team,"{'EntityType': 'Team', 'StartType': 'All', 'Blocked': False, 'Season': '2024', 'SeasonType': 'Regular Season', 'EntityId': '1611661325'}",shot_pace,1611661325,4Q/OT | margin -3..3 | 300..120,get-shots__shots__entity_type-Team__start_type-All__blocked-False__season-2024__season_type-Regular_Season__entity_id-1611661325__c4f64243,get-shots,https://api.pbpstats.com/get-shots/wnba?EntityType=Team&StartType=All&Blocked=False&Season=2024&SeasonType=Regular+Season&EntityId=1611661325,200,413,,,,,,False,1611661328,359.0,312,2024-08-18,1022400160,1628909-1629478-1631019-1641648-1642286,False,SEA,1629496-1641651-203014-203400-204319,,,,,,1611661325,3,Kelsey Mitchell,1628909,17,06:12,1629478,Katie Lou Samuelson,204319,Jewell Loyd,0,,0,,False,6,,0.7,0.7246,363.0,AtRim,2,372.0,OffShortMidRangeMiss,IND,06:03,https://videos.nba.com/wnba/pbp/media/2024/08/18/1022400160/312/9b4ec769-cd2e-cfe2-923c-ec1d6b42a2fc_960x540.mp4,0,-7
wnba,wnba_shot_pace,shot_pace,shots,get-shots,2024,Regular Season,team,"{'EntityType': 'Team', 'StartType': 'All', 'Blocked': False, 'Season': '2024', 'SeasonType': 'Regular Season', 'EntityId': '1611661325'}",shot_pace,1611661325,4Q/OT | margin -3..3 | 300..120,get-shots__shots__entity_type-Team__start_type-All__blocked-False__season-2024__season_type-Regular_Season__entity_id-1611661325__c4f64243,get-shots,https://api.pbpstats.com/get-shots/wnba?EntityType=Team&StartType=All&Blocked=False&Season=2024&SeasonType=Regular+Season&EntityId=1611661325,200,414,,,,,,False,1611661328,384.0,305,2024-08-18,1022400160,1628909-1629478-1631019-1641648-1642286,False,SEA,1629496-1641651-203014-203400-204319,,0.0,Katie Lou Samuelson,1629478.0,TeamBlocked,1611661325,3,Aliyah Boston,1641648,15,06:42,1641648,Aliyah Boston,203400,Skylar Diggins-Smith,0,,0,,False,6,11.0,1.4,0.5791,386.0,AtRim,2,402.0,OffAtRimMiss,IND,06:26,https://videos.nba.com/wnba/pbp/media/2024/08/18/1022400160/305/6c899219-f827-1a12-1a2d-26558e30315c_960x540.mp4,2,14
wnba,wnba_shot_pace,shot_pace,shots,get-shots,2024,Regular Season,team,"{'EntityType': 'Team', 'StartType': 'All', 'Blocked': False, 'Season': '2024', 'SeasonType': 'Regular Season', 'EntityId': '1611661325'}",shot_pace,1611661325,4Q/OT | margin -3..3 | 300..120,get-shots__shots__entity_type-Team__start_type-All__blocked-False__season-2024__season_type-Regular_Season__entity_id-1611661325__c4f64243,get-shots,https://api.pbpstats.com/get-shots/wnba?EntityType=Team&StartType=All&Blocked=False&Season=2024&SeasonType=Regular+Season&EntityId=1611661325,200,415,,,,,,False,1611661328,440.0,292,2024-08-18,1022400160,1628909-1629478-1631019-1641648-1642286,False,SEA,1629496-1641651-203014-203400-204319,,,,,,1611661325,3,Caitlin Clark,1642286,11,07:30,0,,0,,0,,0,,False,5,,29.1,0.4249,445.0,Arc3,3,450.0,OffFTMake,IND,07:25,https://videos.nba.com/wnba/pbp/media/2024/08/18/1022400160/292/9100a64f-233e-8b3c-d5bd-b4a33a0675ca_960x540.mp4,141,255
wnba,wnba_shot_pace,shot_pace,shots,get-shots,2024,Regular Season,team,"{'EntityType': 'Team', 'StartType': 'All', 'Blocked': False, 'Season': '2024', 'SeasonType': 'Regular Season', 'EntityId': '1611661325'}",shot_pace,1611661325,4Q/OT | margin -3..3 | 300..120,get-shots__shots__entity_type-Team__start_type-All__blocked-False__season-2024__season_type-Regular_Season__entity_id-1611661325__c4f64243,get-shots,https://api.pbpstats.com/get-shots/wnba?EntityType=Team&StartType=All&Blocked=False&Season=2024&SeasonType=Regular+Season&EntityId=1611661325,200,416,,,,,,False,1611661328,464.0,284,2024-08-18,1022400160,1628909-1629478-1631019-1641648-1642286,False,SEA,1629496-1641651-203014-203400-204319,,,,,,1611661325,3,Katie Lou Samuelson,1629478,9,07:55,1631019,NaLyssa Smith,203400,Skylar Diggins-Smith,0,,0,,False,4,,23.2,0.3988,469.0,Corner3,3,475.0,OffFTMiss,IND,07:49,https://videos.nba.com/wnba/pbp/media/2024/08/18/1022400160/284/bbe7a82c-2a91-ec9e-843d-67c5f7f62986_960x540.mp4,-230,30
wnba,wnba_shot_pace,shot_pace,shots,get-shots,2024,Regular Season,team,"{'EntityType': 'Team', 'StartType': 'All', 'Blocked': False, 'Season': '2024', 'SeasonType': 'Regular Season', 'EntityId': '1611661325'}",shot_pace,1611661325,4Q/OT | margin -3..3 | 300..120,get-shots__shots__entity_type-Team__start_type-All__blocked-False__season-2024__season_type-Regular_Season__entity_id-1611661325__c4f64243,get-shots,https://api.pbpstats.com/get-shots/wnba?EntityType=Team&StartType=All&Blocked=False&Season=2024&SeasonType=Regular+Season&EntityId=1611661325,200,417,,,,,,False,1611661328,479.0,277,2024-08-18,1022400160,1628909-1629478-1631019-1641648-1642286,False,SEA,1629496-1641651-203014-203400-204319,,,,,,1611661325,3,Caitlin Clark,1642286,7,08:09,1641648,Aliyah Boston,203014,Nneka Ogwumike,0,,0,,False,6,,30.5,0.3797,484.0,Arc3,3,489.0,OffAtRimMiss,IND,08:04,https://videos.nba.com/wnba/pbp/media/2024/08/18/1022400160/277/5f2a8cf6-69c6-b55f-e8c9-61c9dcda7a34_960x540.mp4,-182,245
wnba,wnba_shot_pace,shot_pace,shots,get-shots,2024,Regular Season,team,"{'EntityType': 'Team', 'StartType': 'All', 'Blocked': False, 'Season': '2024', 'SeasonType': 'Regular Season', 'EntityId': '1611661325'}",shot_pace,1611661325,4Q/OT | margin -3..3 | 300..120,get-shots__shots__entity_type-Team__start_type-All__blocked-False__season-2024__season_type-Regular_Season__entity_id-1611661325__c4f64243,get-shots,https://api.pbpstats.com/get-shots/wnba?EntityType=Team&StartType=All&Blocked=False&Season=2024&SeasonType=Regular+Season&EntityId=1611661325,200,418,,,,,,False,1611661328,570.0,249,2024-08-18,1022400160,1628909-1629478-1631019-1641648-1642286,False,SEA,1629496-1641651-203014-203400-204319,,,,,,1611661325,3,Katie Lou Samuelson,1629478,1,10:00,0,,0,,0,,0,,False,1,,11.5,0.3652,580.0,ShortMidRange,2,600.0,OffDeadball,IND,09:40,https://videos.nba.com/wnba/pbp/media/2024/08/18/1022400160/249/cb4c4a11-cb92-b365-9959-e0dde1820158_960x540.mp4,-104,49
wnba,wnba_shot_pace,shot_pace,shots,get-shots,2024,Regular Season,team,"{'EntityType': 'Team', 'StartType': 'All', 'Blocked': False, 'Season': '2024', 'SeasonType': 'Regular Season', 'EntityId': '1611661325'}",shot_pace,1611661325,4Q/OT | margin -3..3 | 300..120,get-shots__shots__entity_type-Team__start_type-All__blocked-False__season-2024__season_type-Regular_Season__entity_id-1611661325__c4f64243,get-shots,https://api.pbpstats.com/get-shots/wnba?EntityType=Team&StartType=All&Blocked=False&Season=2024&SeasonType=Regular+Season&EntityId=1611661325,200,419,,,,,,False,1611661328,18.0,239,2024-08-18,1022400160,1628909-1629478-1631086-1641648-1642286,False,SEA,1629496-1641651-203014-203400-204319,Katie Lou Samuelson,1629478.0,Lexie Hull,1631086.0,Arc3,1611661325,2,Caitlin Clark,1642286,37,00:37,1641648,Aliyah Boston,203014,Nneka Ogwumike,0,,0,,False,3,7.0,3.9,0.5839,21.0,AtRim,2,37.0,OffAtRimMiss,IND,00:21,https://videos.nba.com/wnba/pbp/media/2024/08/18/1022400160/239/14f06879-8803-c98f-7b59-aa8b41ec0c87_960x540.mp4,-10,38
wnba,wnba_shot_pace,shot_pace,shots,get-shots,2024,Regular Season,team,"{'EntityType': 'Team', 'StartType': 'All', 'Blocked': False, 'Season': '2024', 'SeasonType': 'Regular Season', 'EntityId': '1611661325'}",shot_pace,1611661325,4Q/OT | margin -3..3 | 300..120,get-shots__shots__entity_type-Team__start_type-All__blocked-False__season-2024__season_type-Regular_Season__entity_id-1611661325__c4f64243,get-shots,https://api.pbpstats.com/get-shots/wnba?EntityType=Team&StartType=All&Blocked=False&Season=2024&SeasonType=Regular+Season&EntityId=1611661325,200,420,,,,,,False,1611661328,18.0,237,2024-08-18,1022400160,1628909-1629478-1631086-1641648-1642286,False,SEA,1629496-1641651-203014-203400-204319,,,,,,1611661325,2,Lexie Hull,1631086,37,00:37,1641648,Aliyah Boston,203014,Nneka Ogwumike,0,,0,,False,3,,23.2,0.393,31.0,Arc3,3,37.0,OffAtRimMiss,IND,00:31,https://videos.nba.com/wnba/pbp/media/2024/08/18/1022400160/237/c17e1671-d34e-192b-17b2-ef8e62bc44b6_960x540.mp4,-174,154
wnba,wnba_shot_pace,shot_pace,shots,get-shots,2024,Regular Season,team,"{'EntityType': 'Team', 'StartType': 'All', 'Blocked': False, 'Season': '2024', 'SeasonType': 'Regular Season', 'EntityId': '1611661325'}",shot_pace,1611661325,4Q/OT | margin -3..3 | 300..120,get-shots__shots__entity_type-Team__start_type-All__blocked-False__season-2024__season_type-Regular_Season__entity_id-1611661325__c4f64243,get-shots,https://api.pbpstats.com/get-shots/wnba?EntityType=Team&StartType=All&Blocked=False&Season=2024&SeasonType=Regular+Season&EntityId=1611661325,200,421,,,,,,False,1611661328,124.0,219,2024-08-18,1022400160,1628909-1629478-1631086-1641648-1642286,False,SEA,1628244-1629496-1641651-203014-204319,,,,,,1611661325,2,Caitlin Clark,1642286,29,02:22,1631086,Lexie Hull,1629496,Ezi Magbegor,0,,0,,False,-1,,22.9,0.3811,129.0,Corner3,3,142.0,OffShortMidRangeMiss,IND,02:09,https://videos.nba.com/wnba/pbp/media/2024/08/18/1022400160/219/a73b4bce-2519-1056-4681-80fbdb3c4507_960x540.mp4,-228,22
wnba,wnba_shot_pace,shot_pace,shots,get-shots,2024,Regular Season,team,"{'EntityType': 'Team', 'StartType': 'All', 'Blocked': False, 'Season': '2024', 'SeasonType': 'Regular Season', 'EntityId': '1611661325'}",shot_pace,1611661325,4Q/OT | margin -3..3 | 300..120,get-shots__shots__entity_type-Team__start_type-All__blocked-False__season-2024__season_type-Regular_Season__entity_id-1611661325__c4f64243,get-shots,https://api.pbpstats.com/get-shots/wnba?EntityType=Team&StartType=All&Blocked=False&Season=2024&SeasonType=Regular+Season&EntityId=1611661325,200,422,,,,,,False,1611661328,250.0,189,2024-08-18,1022400160,1631086-1641648-1642286-203024-204365,False,SEA,1628927-1629496-203014-203400-204319,,,,,,1611661325,2,Caitlin Clark,1642286,21,04:23,1641648,Aliyah Boston,203014,Nneka Ogwumike,0,,0,,False,-4,,28.5,0.3119,254.0,Arc3,3,263.0,OffArc3Miss,IND,04:14,https://videos.nba.com/wnba/pbp/media/2024/08/18/1022400160/189/29be0759-5c46-ffe4-1dbc-d01750e9ae58_960x540.mp4,-63,278
wnba,wnba_shot_pace,shot_pace,shots,get-shots,2024,Regular Season,team,"{'EntityType': 'Team', 'StartType': 'All', 'Blocked': False, 'Season': '2024', 'SeasonType': 'Regular Season', 'EntityId': '1611661325'}",shot_pace,1611661325,4Q/OT | margin -3..3 | 300..120,get-shots__shots__entity_type-Team__start_type-All__blocked-False__season-2024__season_type-Regular_Season__entity_id-1611661325__c4f64243,get-shots,https://api.pbpstats.com/get-shots/wnba?EntityType=Team&StartType=All&Blocked=False&Season=2024&SeasonType=Regular+Season&EntityId=1611661325,200,423,,,,,,False,1611661328,443.0,152,2024-08-18,1022400160,1628909-1631086-1641648-203024-204365,False,SEA,1628244-1628927-1629496-203014-203400,,,,,,1611661325,2,Lexie Hull,1631086,7,07:47,0,,0,,0,,0,,False,-5,,0.8,0.6402,446.0,AtRim,2,467.0,OffDeadball,IND,07:26,https://videos.nba.com/wnba/pbp/media/2024/08/18/1022400160/152/8eeb8727-68a7-df9a-f896-aa52b35b62ed_960x540.mp4,4,7
wnba,wnba_shot_pace,shot_pace,shots,get-shots,2024,Regular Season,team,"{'EntityType': 'Team', 'StartType': 'All', 'Blocked': False, 'Season': '2024', 'SeasonType': 'Regular Season', 'EntityId': '1611661325'}",shot_pace,1611661325,4Q/OT | margin -3..3 | 300..120,get-shots__shots__entity_type-Team__start_type-All__blocked-False__season-2024__season_type-Regular_Season__entity_id-1611661325__c4f64243,get-shots,https://api.pbpstats.com/get-shots/wnba?EntityType=Team&StartType=All&Blocked=False&Season=2024&SeasonType=Regular+Season&EntityId=1611661325,200,424,,,,,,False,1611661328,490.0,146,2024-08-18,1022400160,1628909-1631019-1631086-203024-204365,False,SEA,1628244-1628927-1629496-203014-203400,,,,,,1611661325,2,Damiris Dantas,203024,5,08:31,0,,1628244,Sami Whitcomb,0,,0,,False,-7,,0.9,0.6952,493.0,AtRim,2,511.0,OffArc3Make,IND,08:13,https://videos.nba.com/wnba/pbp/media/2024/08/18/1022400160/146/dbfa393d-562e-b818-9f53-9f776abcf64b_960x540.mp4,-8,5
wnba,wnba_shot_pace,shot_pace,shots,get-shots,2024,Regular Season,team,"{'EntityType': 'Team', 'StartType': 'All', 'Blocked': False, 'Season': '2024', 'SeasonType': 'Regular Season', 'EntityId': '1611661325'}",shot_pace,1611661325,4Q/OT | margin -3..3 | 300..120,get-shots__shots__entity_type-Team__start_type-All__blocked-False__season-2024__season_type-Regular_Season__entity_id-1611661325__c4f64243,get-shots,https://api.pbpstats.com/get-shots/wnba?EntityType=Team&StartType=All&Blocked=False&Season=2024&SeasonType=Regular+Season&EntityId=1611661325,200,425,,,,,,False,1611661328,529.0,133,2024-08-18,1022400160,1628909-1631019-1631086-1642286-203024,False,SEA,1628244-1628920-1628927-1629496-203400,,,,,,1611661325,2,Caitlin Clark,1642286,3,09:13,0,,0,,0,,0,,False,-5,,19.0,0.3724,535.0,LongMidRange,2,553.0,OffFTMake,IND,08:55,https://videos.nba.com/wnba/pbp/media/2024/08/18/1022400160/133/cb2cb04b-0dcc-c3ae-fa0e-97d8b2adbfbf_960x540.mp4,3,190
wnba,wnba_shot_pace,shot_pace,shots,get-shots,2024,Regular Season,team,"{'EntityType': 'Team', 'StartType': 'All', 'Blocked': False, 'Season': '2024', 'SeasonType': 'Regular Season', 'EntityId': '1611661325'}",shot_pace,1611661325,4Q/OT | margin -3..3 | 300..120,get-shots__shots__entity_type-Team__start_type-All__blocked-False__season-2024__season_type-Regular_Season__entity_id-1611661325__c4f64243,get-shots,https://api.pbpstats.com/get-shots/wnba?EntityType=Team&StartType=All&Blocked=False&Season=2024&SeasonType=Regular+Season&EntityId=1611661325,200,426,,,,,,False,1611661328,576.0,126,2024-08-18,1022400160,1628909-1631019-1631086-1642286-203024,False,SEA,1628244-1628920-1628927-1629496-203400,,,,,,1611661325,2,NaLyssa Smith,1631019,1,10:00,0,,0,,0,,0,,False,-4,,12.8,0.3612,578.0,ShortMidRange,2,600.0,OffDeadball,IND,09:38,https://videos.nba.com/wnba/pbp/media/2024/08/18/1022400160/126/8dc39f13-76ac-75c9-4bdc-27c826912af3_960x540.mp4,-127,-14
wnba,wnba_shot_pace,shot_pace,shots,get-shots,2024,Regular Season,team,"{'EntityType': 'Team', 'StartType': 'All', 'Blocked': False, 'Season': '2024', 'SeasonType': 'Regular Season', 'EntityId': '1611661325'}",shot_pace,1611661325,4Q/OT | margin -3..3 | 300..120,get-shots__shots__entity_type-Team__start_type-All__blocked-False__season-2024__season_type-Regular_Season__entity_id-1611661325__c4f64243,get-shots,https://api.pbpstats.com/get-shots/wnba?EntityType=Team&StartType=All&Blocked=False&Season=2024&SeasonType=Regular+Season&EntityId=1611661325,200,427,,,,,,False,1611661328,0.0,118,2024-08-18,1022400160,1628909-1631086-1641648-1642286-203024,False,SEA,1628244-1628920-1628927-1629496-204319,,,,,,1611661325,1,Caitlin Clark,1642286,42,00:06,0,,204319,Jewell Loyd,0,,0,,False,-4,,30.6,0.1047,1.0,Arc3,3,6.0,OffCorner3Make,IND,00:01,https://videos.nba.com/wnba/pbp/media/2024/08/18/1022400160/118/650478b3-f245-b99a-3750-5494b66a2997_960x540.mp4,190,240
wnba,wnba_shot_pace,shot_pace,shots,get-shots,2024,Regular Season,team,"{'EntityType': 'Team', 'StartType': 'All', 'Blocked': False, 'Season': '2024', 'SeasonType': 'Regular Season', 'EntityId': '1611661325'}",shot_pace,1611661325,4Q/OT | margin -3..3 | 300..120,get-shots__shots__entity_type-Team__start_type-All__blocked-False__season-2024__season_type-Regular_Season__entity_id-1611661325__c4f64243,get-shots,https://api.pbpstats.com/get-shots/wnba?EntityType=Team&StartType=All&Blocked=False&Season=2024&SeasonType=Regular+Season&EntityId=1611661325,200,428,,,,,,False,1611661328,143.0,82,2024-08-18,1022400160,1628909-1629478-1631019-1641648-1642286,False,SEA,1628920-1641651-203014-203400-204319,,,,,,1611661325,1,Katie Lou Samuelson,1629478,30,02:42,0,,203014,Nneka Ogwumike,0,,0,,False,-2,,23.2,0.4158,145.0,Corner3,3,162.0,OffAtRimMake,IND,02:25,https://videos.nba.com/wnba/pbp/media/2024/08/18/1022400160/82/0f58635b-7f44-e09b-77d7-8e631f96aa62_960x540.mp4,232,15
wnba,wnba_shot_pace,shot_pace,shots,get-shots,2024,Regular Season,team,"{'EntityType': 'Team', 'StartType': 'All', 'Blocked': False, 'Season': '2024', 'SeasonType': 'Regular Season', 'EntityId': '1611661325'}",shot_pace,1611661325,4Q/OT | margin -3..3 | 300..120,get-shots__shots__entity_type-Team__start_type-All__blocked-False__season-2024__season_type-Regular_Season__entity_id-1611661325__c4f64243,get-shots,https://api.pbpstats.com/get-shots/wnba?EntityType=Team&StartType=All&Blocked=False&Season=2024&SeasonType=Regular+Season&EntityId=1611661325,200,429,,,,,,False,1611661328,249.0,71,2024-08-18,1022400160,1628909-1629478-1631019-1641648-1642286,False,SEA,1628920-1641651-203014-203400-204319,,,,,,1611661325,1,Kelsey Mitchell,1628909,24,04:29,1631019,NaLyssa Smith,203014,Nneka Ogwumike,0,,0,,False,-4,,23.9,0.386,253.0,Corner3,3,269.0,OffLongMidRangeMiss,IND,04:13,https://videos.nba.com/wnba/pbp/media/2024/08/18/1022400160/71/77963dad-8a15-2a68-df42-bb1804650a07_960x540.mp4,-239,9
wnba,wnba_shot_pace,shot_pace,shots,get-shots,2024,Regular Season,team,"{'EntityType': 'Team', 'StartType': 'All', 'Blocked': False, 'Season': '2024', 'SeasonType': 'Regular Season', 'EntityId': '1611661325'}",shot_pace,1611661325,4Q/OT | margin -3..3 | 300..120,get-shots__shots__entity_type-Team__start_type-All__blocked-False__season-2024__season_type-Regular_Season__entity_id-1611661325__c4f64243,get-shots,https://api.pbpstats.com/get-shots/wnba?EntityType=Team&StartType=All&Blocked=False&Season=2024&SeasonType=Regular+Season&EntityId=1611661325,200,430,,,,,,False,1611661328,382.0,45,2024-08-18,1022400160,1628909-1629478-1631019-1641648-1642286,False,SEA,1629496-1641651-203014-203400-204319,,,,,,1611661325,1,Kelsey Mitchell,1628909,16,06:39,0,,203014,Nneka Ogwumike,0,,0,,False,-5,,1.1,0.6937,384.0,AtRim,2,399.0,OffArc3Make,IND,06:24,https://videos.nba.com/wnba/pbp/media/2024/08/18/1022400160/45/3d48df4d-3896-6faa-a9cf-0f6df9801b1b_960x540.mp4,-7,-9
wnba,wnba_shot_pace,shot_pace,shots,get-shots,2024,Regular Season,team,"{'EntityType': 'Team', 'StartType': 'All', 'Blocked': False, 'Season': '2024', 'SeasonType': 'Regular Season', 'EntityId': '1611661325'}",shot_pace,1611661325,4Q/OT | margin -3..3 | 300..120,get-shots__shots__entity_type-Team__start_type-All__blocked-False__season-2024__season_type-Regular_Season__entity_id-1611661325__c4f64243,get-shots,https://api.pbpstats.com/get-shots/wnba?EntityType=Team&StartType=All&Blocked=False&Season=2024&SeasonType=Regular+Season&EntityId=1611661325,200,431,,,,,,False,1611661328,440.0,34,2024-08-18,1022400160,1628909-1629478-1631019-1641648-1642286,False,SEA,1629496-1641651-203014-203400-204319,,,,,,1611661325,1,Kelsey Mitchell,1628909,12,07:37,0,,0,,1631019,NaLyssa Smith,204319,Jewell Loyd,False,-4,,1.2,0.7645,451.0,AtRim,2,457.0,OffLiveBallTurnover,IND,07:31,https://videos.nba.com/wnba/pbp/media/2024/08/18/1022400160/34/7e5ed9f9-a703-89de-9dd1-746d237b9b7f_960x540.mp4,0,12
wnba,wnba_shot_pace,shot_pace,shots,get-shots,2024,Regular Season,team,"{'EntityType': 'Team', 'StartType': 'All', 'Blocked': False, 'Season': '2024', 'SeasonType': 'Regular Season', 'EntityId': '1611661325'}",shot_pace,1611661325,4Q/OT | margin -3..3 | 300..120,get-shots__shots__entity_type-Team__start_type-All__blocked-False__season-2024__season_type-Regular_Season__entity_id-1611661325__c4f64243,get-shots,https://api.pbpstats.com/get-shots/wnba?EntityType=Team&StartType=All&Blocked=False&Season=2024&SeasonType=Regular+Season&EntityId=1611661325,200,432,,,,,,False,1611661328,469.0,29,2024-08-18,1022400160,1628909-1629478-1631019-1641648-1642286,False,SEA,1629496-1641651-203014-203400-204319,,,,,,1611661325,1,Caitlin Clark,1642286,10,08:03,0,,204319,Jewell Loyd,0,,0,,False,-4,,30.6,0.3156,471.0,Arc3,3,483.0,OffLongMidRangeMake,IND,07:51,https://videos.nba.com/wnba/pbp/media/2024/08/18/1022400160/29/36105223-0eaa-e49c-2249-4282a971e367_960x540.mp4,134,275
wnba,wnba_shot_pace,shot_pace,shots,get-shots,2024,Regular Season,team,"{'EntityType': 'Team', 'StartType': 'All', 'Blocked': False, 'Season': '2024', 'SeasonType': 'Regular Season', 'EntityId': '1611661325'}",shot_pace,1611661325,4Q/OT | margin -3..3 | 300..120,get-shots__shots__entity_type-Team__start_type-All__blocked-False__season-2024__season_type-Regular_Season__entity_id-1611661325__c4f64243,get-shots,https://api.pbpstats.com/get-shots/wnba?EntityType=Team&StartType=All&Blocked=False&Season=2024&SeasonType=Regular+Season&EntityId=1611661325,200,433,,,,,,False,1611661328,550.0,15,2024-08-18,1022400160,1628909-1629478-1631019-1641648-1642286,False,SEA,1629496-1641651-203014-203400-204319,,,,,,1611661325,1,Caitlin Clark,1642286,4,09:18,1631019,NaLyssa Smith,203400,Skylar Diggins-Smith,0,,0,,False,0,,24.4,0.3844,553.0,Arc3,3,558.0,OffAtRimMiss,IND,09:13,https://videos.nba.com/wnba/pbp/media/2024/08/18/1022400160/15/d71643ba-d54b-d5a3-7c1e-ee5a88e63221_960x540.mp4,-15,244
wnba,wnba_shot_pace,shot_pace,shots,get-shots,2024,Regular Season,team,"{'EntityType': 'Team', 'StartType': 'All', 'Blocked': False, 'Season': '2024', 'SeasonType': 'Regular Season', 'EntityId': '1611661325'}",shot_pace,1611661325,4Q/OT | margin -3..3 | 300..120,get-shots__shots__entity_type-Team__start_type-All__blocked-False__season-2024__season_type-Regular_Season__entity_id-1611661325__c4f64243,get-shots,https://api.pbpstats.com/get-shots/wnba?EntityType=Team&StartType=All&Blocked=False&Season=2024&SeasonType=Regular+Season&EntityId=1611661325,200,434,,,,,,False,1611661328,571.0,9,2024-08-18,1022400160,1628909-1629478-1631019-1641648-1642286,False,SEA,1629496-1641651-203014-203400-204319,,,,,,1611661325,1,Kelsey Mitchell,1628909,2,09:46,1641648,Aliyah Boston,203014,Nneka Ogwumike,0,,0,,False,0,,26.3,0.3845,574.0,Arc3,3,586.0,OffLongMidRangeMiss,IND,09:34,https://videos.nba.com/wnba/pbp/media/2024/08/18/1022400160/9/45bb8c3e-f8f3-360a-8fff-873761788fbe_960x540.mp4,185,187
wnba,wnba_shot_pace,shot_pace,shots,get-shots,2024,Regular Season,team,"{'EntityType': 'Team', 'StartType': 'All', 'Blocked': False, 'Season': '2024', 'SeasonType': 'Regular Season', 'EntityId': '1611661325'}",shot_pace,1611661325,4Q/OT | margin -3..3 | 300..120,get-shots__shots__entity_type-Team__start_type-All__blocked-False__season-2024__season_type-Regular_Season__entity_id-1611661325__c4f64243,get-shots,https://api.pbpstats.com/get-shots/wnba?EntityType=Team&StartType=All&Blocked=False&Season=2024&SeasonType=Regular+Season&EntityId=1611661325,200,435,,,,,,False,1611661317,53.0,506,2024-08-16,1022400153,1628909-1631019-1631086-1641648-1642286,False,PHO,100940-1627674-1629482-203398-204333,,,,,,1611661325,4,Kelsey Mitchell,1628909,31,01:16,1631019,NaLyssa Smith,1627674,Kahleah Copper,0,,0,,False,7,,25.6,0.3278,64.0,Arc3,3,76.0,OffShortMidRangeMiss,IND,01:04,,-130,221
wnba,wnba_shot_pace,shot_pace,shots,get-shots,2024,Regular Season,team,"{'EntityType': 'Team', 'StartType': 'All', 'Blocked': False, 'Season': '2024', 'SeasonType': 'Regular Season', 'EntityId': '1611661325'}",shot_pace,1611661325,4Q/OT | margin -3..3 | 300..120,get-shots__shots__entity_type-Team__start_type-All__blocked-False__season-2024__season_type-Regular_Season__entity_id-1611661325__c4f64243,get-shots,https://api.pbpstats.com/get-shots/wnba?EntityType=Team&StartType=All&Blocked=False&Season=2024&SeasonType=Regular+Season&EntityId=1611661325,200,436,,,,,,False,1611661317,86.0,502,2024-08-16,1022400153,1628909-1631019-1631086-1641648-1642286,False,PHO,100940-1627674-1629482-203398-204333,,,,,,1611661325,4,NaLyssa Smith,1631019,29,01:51,0,,0,,0,,0,,False,7,,23.5,0.3925,90.0,Corner3,3,111.0,OffFTMake,IND,01:30,,235,-9
wnba,wnba_shot_pace,shot_pace,shots,get-shots,2024,Regular Season,team,"{'EntityType': 'Team', 'StartType': 'All', 'Blocked': False, 'Season': '2024', 'SeasonType': 'Regular Season', 'EntityId': '1611661325'}",shot_pace,1611661325,4Q/OT | margin -3..3 | 300..120,get-shots__shots__entity_type-Team__start_type-All__blocked-False__season-2024__season_type-Regular_Season__entity_id-1611661325__c4f64243,get-shots,https://api.pbpstats.com/get-shots/wnba?EntityType=Team&StartType=All&Blocked=False&Season=2024&SeasonType=Regular+Season&EntityId=1611661325,200,437,,,,,,False,1611661317,216.0,477,2024-08-16,1022400153,1628909-1631019-1631086-1641648-1642286,False,PHO,100940-1627674-1629482-203398-204333,,,,,,1611661325,4,Kelsey Mitchell,1628909,21,03:56,0,,1629482,Sophie Cunningham,0,,0,,False,10,,24.7,0.3864,228.0,Arc3,3,236.0,OffArc3Make,IND,03:48,,-161,187
wnba,wnba_shot_pace,shot_pace,shots,get-shots,2024,Regular Season,team,"{'EntityType': 'Team', 'StartType': 'All', 'Blocked': False, 'Season': '2024', 'SeasonType': 'Regular Season', 'EntityId': '1611661325'}",shot_pace,1611661325,4Q/OT | margin -3..3 | 300..120,get-shots__shots__entity_type-Team__start_type-All__blocked-False__season-2024__season_type-Regular_Season__entity_id-1611661325__c4f64243,get-shots,https://api.pbpstats.com/get-shots/wnba?EntityType=Team&StartType=All&Blocked=False&Season=2024&SeasonType=Regular+Season&EntityId=1611661325,200,438,,,,,,False,1611661317,284.0,463,2024-08-16,1022400153,1628909-1631019-1631086-1641648-1642286,False,PHO,100940-1627674-1629482-203398-204333,,,,,,1611661325,4,Kelsey Mitchell,1628909,17,05:01,1631086,Lexie Hull,1627674,Kahleah Copper,0,,0,,False,9,,28.2,0.3622,294.0,Arc3,3,301.0,OffShortMidRangeBlock,IND,04:54,,-110,260
wnba,wnba_shot_pace,shot_pace,shots,get-shots,2024,Regular Season,team,"{'EntityType': 'Team', 'StartType': 'All', 'Blocked': False, 'Season': '2024', 'SeasonType': 'Regular Season', 'EntityId': '1611661325'}",shot_pace,1611661325,4Q/OT | margin -3..3 | 300..120,get-shots__shots__entity_type-Team__start_type-All__blocked-False__season-2024__season_type-Regular_Season__entity_id-1611661325__c4f64243,get-shots,https://api.pbpstats.com/get-shots/wnba?EntityType=Team&StartType=All&Blocked=False&Season=2024&SeasonType=Regular+Season&EntityId=1611661325,200,439,,,,,,False,1611661317,312.0,458,2024-08-16,1022400153,1628909-1631019-1631086-1641648-1642286,False,PHO,100940-1627674-1629482-203398-204333,,,,,,1611661325,4,NaLyssa Smith,1631019,15,05:28,0,,0,,0,,0,,False,9,,23.4,0.3603,316.0,Arc3,3,328.0,OffDeadball,IND,05:16,,-195,129
wnba,wnba_shot_pace,shot_pace,shots,get-shots,2024,Regular Season,team,"{'EntityType': 'Team', 'StartType': 'All', 'Blocked': False, 'Season': '2024', 'SeasonType': 'Regular Season', 'EntityId': '1611661325'}",shot_pace,1611661325,4Q/OT | margin -3..3 | 300..120,get-shots__shots__entity_type-Team__start_type-All__blocked-False__season-2024__season_type-Regular_Season__entity_id-1611661325__c4f64243,get-shots,https://api.pbpstats.com/get-shots/wnba?EntityType=Team&StartType=All&Blocked=False&Season=2024&SeasonType=Regular+Season&EntityId=1611661325,200,440,,,,,,False,1611661317,331.0,453,2024-08-16,1022400153,1628909-1631019-1631086-1641648-1642286,False,PHO,100940-1627674-1629482-1630442-204333,,,,,,1611661325,4,Kelsey Mitchell,1628909,13,05:51,1641648,Aliyah Boston,100940,Diana Taurasi,0,,0,,False,9,,3.1,0.4797,332.0,AtRim,2,351.0,OffCorner3Miss,IND,05:32,,0,31
wnba,wnba_shot_pace,shot_pace,shots,get-shots,2024,Regular Season,team,"{'EntityType': 'Team', 'StartType': 'All', 'Blocked': False, 'Season': '2024', 'SeasonType': 'Regular Season', 'EntityId': '1611661325'}",shot_pace,1611661325,4Q/OT | margin -3..3 | 300..120,get-shots__shots__entity_type-Team__start_type-All__blocked-False__season-2024__season_type-Regular_Season__entity_id-1611661325__c4f64243,get-shots,https://api.pbpstats.com/get-shots/wnba?EntityType=Team&StartType=All&Blocked=False&Season=2024&SeasonType=Regular+Season&EntityId=1611661325,200,441,,,,,,False,1611661317,419.0,435,2024-08-16,1022400153,1628909-1629478-1631086-1641648-1642286,False,PHO,100940-1627674-1629482-203398-204333,Aliyah Boston,1641648.0,Caitlin Clark,1642286.0,Arc3,1611661325,4,Katie Lou Samuelson,1629478,9,07:31,0,,100940,Diana Taurasi,0,,0,,False,5,3.0,24.9,0.3781,428.0,Arc3,3,451.0,OffCorner3Make,IND,07:08,,109,224
wnba,wnba_shot_pace,shot_pace,shots,get-shots,2024,Regular Season,team,"{'EntityType': 'Team', 'StartType': 'All', 'Blocked': False, 'Season': '2024', 'SeasonType': 'Regular Season', 'EntityId': '1611661325'}",shot_pace,1611661325,4Q/OT | margin -3..3 | 300..120,get-shots__shots__entity_type-Team__start_type-All__blocked-False__season-2024__season_type-Regular_Season__entity_id-1611661325__c4f64243,get-shots,https://api.pbpstats.com/get-shots/wnba?EntityType=Team&StartType=All&Blocked=False&Season=2024&SeasonType=Regular+Season&EntityId=1611661325,200,442,,,,,,False,1611661317,419.0,433,2024-08-16,1022400153,1628909-1629478-1631086-1641648-1642286,False,PHO,100940-1627674-1629482-203398-204333,,,,,,1611661325,4,Caitlin Clark,1642286,9,07:31,0,,100940,Diana Taurasi,0,,0,,False,5,,28.7,0.3178,435.0,Arc3,3,451.0,OffCorner3Make,IND,07:15,,-202,204
wnba,wnba_shot_pace,shot_pace,shots,get-shots,2024,Regular Season,team,"{'EntityType': 'Team', 'StartType': 'All', 'Blocked': False, 'Season': '2024', 'SeasonType': 'Regular Season', 'EntityId': '1611661325'}",shot_pace,1611661325,4Q/OT | margin -3..3 | 300..120,get-shots__shots__entity_type-Team__start_type-All__blocked-False__season-2024__season_type-Regular_Season__entity_id-1611661325__c4f64243,get-shots,https://api.pbpstats.com/get-shots/wnba?EntityType=Team&StartType=All&Blocked=False&Season=2024&SeasonType=Regular+Season&EntityId=1611661325,200,443,,,,,,False,1611661317,464.0,427,2024-08-16,1022400153,1628909-1629478-1631086-1641648-1642286,False,PHO,100940-1627674-1629482-203398-204333,,,,,,1611661325,4,Katie Lou Samuelson,1629478,7,08:08,0,,0,,0,,0,,False,8,,24.0,0.3722,468.0,Corner3,3,488.0,OffFTMake,IND,07:48,,-240,-5
wnba,wnba_shot_pace,shot_pace,shots,get-shots,2024,Regular Season,team,"{'EntityType': 'Team', 'StartType': 'All', 'Blocked': False, 'Season': '2024', 'SeasonType': 'Regular Season', 'EntityId': '1611661325'}",shot_pace,1611661325,4Q/OT | margin -3..3 | 300..120,get-shots__shots__entity_type-Team__start_type-All__blocked-False__season-2024__season_type-Regular_Season__entity_id-1611661325__c4f64243,get-shots,https://api.pbpstats.com/get-shots/wnba?EntityType=Team&StartType=All&Blocked=False&Season=2024&SeasonType=Regular+Season&EntityId=1611661325,200,444,,,,,,False,1611661317,502.0,420,2024-08-16,1022400153,1628909-1629478-1631086-1641648-1642286,False,PHO,100940-1627674-1629482-203398-204333,,,,,,1611661325,4,Caitlin Clark,1642286,5,08:35,1642286,Caitlin Clark,1627674,Kahleah Copper,0,,0,,False,10,,26.1,0.3611,503.0,Arc3,3,515.0,OffArc3Miss,IND,08:23,,202,166
wnba,wnba_shot_pace,shot_pace,shots,get-shots,2024,Regular Season,team,"{'EntityType': 'Team', 'StartType': 'All', 'Blocked': False, 'Season': '2024', 'SeasonType': 'Regular Season', 'EntityId': '1611661325'}",shot_pace,1611661325,4Q/OT | margin -3..3 | 300..120,get-shots__shots__entity_type-Team__start_type-All__blocked-False__season-2024__season_type-Regular_Season__entity_id-1611661325__c4f64243,get-shots,https://api.pbpstats.com/get-shots/wnba?EntityType=Team&StartType=All&Blocked=False&Season=2024&SeasonType=Regular+Season&EntityId=1611661325,200,445,,,,,,False,1611661317,575.0,408,2024-08-16,1022400153,1628909-1629478-1631086-1641648-1642286,False,PHO,100940-1627674-1629482-203398-204333,,,,,,1611661325,4,Kelsey Mitchell,1628909,1,10:00,0,,0,,0,,0,,False,8,,15.7,0.3101,578.0,LongMidRange,2,600.0,OffDeadball,IND,09:38,,152,40
wnba,wnba_shot_pace,shot_pace,shots,get-shots,2024,Regular Season,team,"{'EntityType': 'Team', 'StartType': 'All', 'Blocked': False, 'Season': '2024', 'SeasonType': 'Regular Season', 'EntityId': '1611661325'}",shot_pace,1611661325,4Q/OT | margin -3..3 | 300..120,get-shots__shots__entity_type-Team__start_type-All__blocked-False__season-2024__season_type-Regular_Season__entity_id-1611661325__c4f64243,get-shots,https://api.pbpstats.com/get-shots/wnba?EntityType=Team&StartType=All&Blocked=False&Season=2024&SeasonType=Regular+Season&EntityId=1611661325,200,446,,,,,,False,1611661317,97.0,379,2024-08-16,1022400153,1628909-1629478-1631086-1641648-1642286,False,PHO,100940-1627674-1630114-1630442-204333,,,,,,1611661325,3,Caitlin Clark,1642286,38,01:57,0,,0,,0,,0,,False,2,,26.5,0.3411,101.0,Arc3,3,117.0,OffDeadball,IND,01:41,,196,178
wnba,wnba_shot_pace,shot_pace,shots,get-shots,2024,Regular Season,team,"{'EntityType': 'Team', 'StartType': 'All', 'Blocked': False, 'Season': '2024', 'SeasonType': 'Regular Season', 'EntityId': '1611661325'}",shot_pace,1611661325,4Q/OT | margin -3..3 | 300..120,get-shots__shots__entity_type-Team__start_type-All__blocked-False__season-2024__season_type-Regular_Season__entity_id-1611661325__c4f64243,get-shots,https://api.pbpstats.com/get-shots/wnba?EntityType=Team&StartType=All&Blocked=False&Season=2024&SeasonType=Regular+Season&EntityId=1611661325,200,447,,,,,,False,1611661317,210.0,349,2024-08-16,1022400153,1628909-1629478-1631019-203024-204365,False,PHO,1627674-1629482-1630114-203398-204333,,,,,,1611661325,3,Kelsey Mitchell,1628909,30,03:52,0,,1629482,Sophie Cunningham,0,,0,,False,7,,3.6,0.5076,214.0,AtRim,2,232.0,OffCorner3Make,IND,03:34,,15,33
wnba,wnba_shot_pace,shot_pace,shots,get-shots,2024,Regular Season,team,"{'EntityType': 'Team', 'StartType': 'All', 'Blocked': False, 'Season': '2024', 'SeasonType': 'Regular Season', 'EntityId': '1611661325'}",shot_pace,1611661325,4Q/OT | margin -3..3 | 300..120,get-shots__shots__entity_type-Team__start_type-All__blocked-False__season-2024__season_type-Regular_Season__entity_id-1611661325__c4f64243,get-shots,https://api.pbpstats.com/get-shots/wnba?EntityType=Team&StartType=All&Blocked=False&Season=2024&SeasonType=Regular+Season&EntityId=1611661325,200,448,,,,,,False,1611661317,243.0,345,2024-08-16,1022400153,1628909-1629478-1631019-203024-204365,False,PHO,1627674-1629482-1630114-203398-204333,,,,,,1611661325,3,Kelsey Mitchell,1628909,28,04:18,203024,Damiris Dantas,204333,Natasha Cloud,0,,0,,False,10,,18.9,0.3729,245.0,LongMidRange,2,258.0,OffArc3Miss,IND,04:05,,-158,104
wnba,wnba_shot_pace,shot_pace,shots,get-shots,2024,Regular Season,team,"{'EntityType': 'Team', 'StartType': 'All', 'Blocked': False, 'Season': '2024', 'SeasonType': 'Regular Season', 'EntityId': '1611661325'}",shot_pace,1611661325,4Q/OT | margin -3..3 | 300..120,get-shots__shots__entity_type-Team__start_type-All__blocked-False__season-2024__season_type-Regular_Season__entity_id-1611661325__c4f64243,get-shots,https://api.pbpstats.com/get-shots/wnba?EntityType=Team&StartType=All&Blocked=False&Season=2024&SeasonType=Regular+Season&EntityId=1611661325,200,449,,,,,,False,1611661317,355.0,315,2024-08-16,1022400153,1628909-1629478-1631019-1641648-1642286,False,PHO,100940-1627674-1629482-203398-204333,,,,,,1611661325,3,Aliyah Boston,1641648,20,06:13,0,,100940,Diana Taurasi,0,,0,,False,10,,16.2,0.3923,358.0,LongMidRange,2,373.0,OffAtRimMake,IND,05:58,,115,114
wnba,wnba_shot_pace,shot_pace,shots,get-shots,2024,Regular Season,team,"{'EntityType': 'Team', 'StartType': 'All', 'Blocked': False, 'Season': '2024', 'SeasonType': 'Regular Season', 'EntityId': '1611661325'}",shot_pace,1611661325,4Q/OT | margin -3..3 | 300..120,get-shots__shots__entity_type-Team__start_type-All__blocked-False__season-2024__season_type-Regular_Season__entity_id-1611661325__c4f64243,get-shots,https://api.pbpstats.com/get-shots/wnba?EntityType=Team&StartType=All&Blocked=False&Season=2024&SeasonType=Regular+Season&EntityId=1611661325,200,450,,,,,,False,1611661317,495.0,290,2024-08-16,1022400153,1628909-1629478-1631019-1641648-1642286,False,PHO,100940-1627674-1629482-203398-204333,,,,,,1611661325,3,Caitlin Clark,1642286,8,08:29,0,,0,,0,,0,,False,13,,24.0,0.3361,499.0,Arc3,3,509.0,OffDeadball,IND,08:19,,-4,240
wnba,wnba_shot_pace,shot_pace,shots,get-shots,2024,Regular Season,team,"{'EntityType': 'Team', 'StartType': 'All', 'Blocked': False, 'Season': '2024', 'SeasonType': 'Regular Season', 'EntityId': '1611661325'}",shot_pace,1611661325,4Q/OT | margin -3..3 | 300..120,get-shots__shots__entity_type-Team__start_type-All__blocked-False__season-2024__season_type-Regular_Season__entity_id-1611661325__c4f64243,get-shots,https://api.pbpstats.com/get-shots/wnba?EntityType=Team&StartType=All&Blocked=False&Season=2024&SeasonType=Regular+Season&EntityId=1611661325,200,451,,,,,,False,1611661317,511.0,287,2024-08-16,1022400153,1628909-1629478-1631019-1641648-1642286,False,PHO,100940-1627674-1629482-203398-204333,,,,,,1611661325,3,Aliyah Boston,1641648,6,08:50,0,,0,,1641648,Aliyah Boston,100940,Diana Taurasi,False,13,,4.9,0.4099,513.0,ShortMidRange,2,530.0,OffLiveBallTurnover,IND,08:33,,39,29
wnba,wnba_shot_pace,shot_pace,shots,get-shots,2024,Regular Season,team,"{'EntityType': 'Team', 'StartType': 'All', 'Blocked': False, 'Season': '2024', 'SeasonType': 'Regular Season', 'EntityId': '1611661325'}",shot_pace,1611661325,4Q/OT | margin -3..3 | 300..120,get-shots__shots__entity_type-Team__start_type-All__blocked-False__season-2024__season_type-Regular_Season__entity_id-1611661325__c4f64243,get-shots,https://api.pbpstats.com/get-shots/wnba?EntityType=Team&StartType=All&Blocked=False&Season=2024&SeasonType=Regular+Season&EntityId=1611661325,200,452,,,,,,False,1611661317,562.0,273,2024-08-16,1022400153,1628909-1629478-1631019-1641648-1642286,False,PHO,100940-1627674-1629482-203398-204333,,,,,,1611661325,3,Kelsey Mitchell,1628909,2,09:51,0,,1627674,Kahleah Copper,0,,0,,False,15,,23.4,0.3352,564.0,Corner3,3,591.0,OffAtRimMake,IND,09:24,,-234,-1
wnba,wnba_shot_pace,shot_pace,shots,get-shots,2024,Regular Season,team,"{'EntityType': 'Team', 'StartType': 'All', 'Blocked': False, 'Season': '2024', 'SeasonType': 'Regular Season', 'EntityId': '1611661325'}",shot_pace,1611661325,4Q/OT | margin -3..3 | 300..120,get-shots__shots__entity_type-Team__start_type-All__blocked-False__season-2024__season_type-Regular_Season__entity_id-1611661325__c4f64243,get-shots,https://api.pbpstats.com/get-shots/wnba?EntityType=Team&StartType=All&Blocked=False&Season=2024&SeasonType=Regular+Season&EntityId=1611661325,200,453,,,,,,False,1611661317,27.0,254,2024-08-16,1022400153,1628909-1629478-1631086-1642286-203024,False,PHO,100940-1627674-1630114-1630442-204333,,,,,,1611661325,2,Damiris Dantas,203024,38,00:41,203024,Damiris Dantas,100940,Diana Taurasi,0,,0,,False,17,,8.7,0.3975,30.0,ShortMidRange,2,41.0,OffArc3Miss,IND,00:30,,-13,86
wnba,wnba_shot_pace,shot_pace,shots,get-shots,2024,Regular Season,team,"{'EntityType': 'Team', 'StartType': 'All', 'Blocked': False, 'Season': '2024', 'SeasonType': 'Regular Season', 'EntityId': '1611661325'}",shot_pace,1611661325,4Q/OT | margin -3..3 | 300..120,get-shots__shots__entity_type-Team__start_type-All__blocked-False__season-2024__season_type-Regular_Season__entity_id-1611661325__c4f64243,get-shots,https://api.pbpstats.com/get-shots/wnba?EntityType=Team&StartType=All&Blocked=False&Season=2024&SeasonType=Regular+Season&EntityId=1611661325,200,454,,,,,,False,1611661317,52.0,250,2024-08-16,1022400153,1628909-1629478-1631086-1642286-203024,False,PHO,100940-1627674-1630114-1630442-204333,,,,,,1611661325,2,Damiris Dantas,203024,36,01:07,0,,100940,Diana Taurasi,0,,0,,False,17,,16.1,0.4147,54.0,LongMidRange,2,67.0,OffCorner3Make,IND,00:54,,78,141
wnba,wnba_shot_pace,shot_pace,shots,get-shots,2024,Regular Season,team,"{'EntityType': 'Team', 'StartType': 'All', 'Blocked': False, 'Season': '2024', 'SeasonType': 'Regular Season', 'EntityId': '1611661325'}",shot_pace,1611661325,4Q/OT | margin -3..3 | 300..120,get-shots__shots__entity_type-Team__start_type-All__blocked-False__season-2024__season_type-Regular_Season__entity_id-1611661325__c4f64243,get-shots,https://api.pbpstats.com/get-shots/wnba?EntityType=Team&StartType=All&Blocked=False&Season=2024&SeasonType=Regular+Season&EntityId=1611661325,200,455,,,,,,False,1611661317,104.0,232,2024-08-16,1022400153,1628909-1631019-1641648-1642286-204365,False,PHO,100940-1627674-1629482-1630442-204333,,,,,,1611661325,2,Kelsey Mitchell,1628909,32,02:05,0,,204333,Natasha Cloud,0,,0,,False,20,,24.8,0.3984,107.0,Arc3,3,125.0,OffArc3Make,IND,01:47,,101,227
wnba,wnba_shot_pace,shot_pace,shots,get-shots,2024,Regular Season,team,"{'EntityType': 'Team', 'StartType': 'All', 'Blocked': False, 'Season': '2024', 'SeasonType': 'Regular Season', 'EntityId': '1611661325'}",shot_pace,1611661325,4Q/OT | margin -3..3 | 300..120,get-shots__shots__entity_type-Team__start_type-All__blocked-False__season-2024__season_type-Regular_Season__entity_id-1611661325__c4f64243,get-shots,https://api.pbpstats.com/get-shots/wnba?EntityType=Team&StartType=All&Blocked=False&Season=2024&SeasonType=Regular+Season&EntityId=1611661325,200,456,,,,,,False,1611661317,139.0,228,2024-08-16,1022400153,1628909-1631019-1641648-1642286-204365,False,PHO,100940-1627674-1629482-1630442-204333,,,,,,1611661325,2,NaLyssa Smith,1631019,30,02:41,0,,204333,Natasha Cloud,0,,0,,False,23,,5.0,0.427,142.0,ShortMidRange,2,161.0,OffArc3Make,IND,02:22,,41,28
wnba,wnba_shot_pace,shot_pace,shots,get-shots,2024,Regular Season,team,"{'EntityType': 'Team', 'StartType': 'All', 'Blocked': False, 'Season': '2024', 'SeasonType': 'Regular Season', 'EntityId': '1611661325'}",shot_pace,1611661325,4Q/OT | margin -3..3 | 300..120,get-shots__shots__entity_type-Team__start_type-All__blocked-False__season-2024__season_type-Regular_Season__entity_id-1611661325__c4f64243,get-shots,https://api.pbpstats.com/get-shots/wnba?EntityType=Team&StartType=All&Blocked=False&Season=2024&SeasonType=Regular+Season&EntityId=1611661325,200,457,,,,,,False,1611661317,174.0,224,2024-08-16,1022400153,1628909-1631019-1641648-1642286-204365,False,PHO,100940-1627674-1629482-1630442-204333,,,,,,1611661325,2,NaLyssa Smith,1631019,28,03:16,1631019,NaLyssa Smith,1629482,Sophie Cunningham,0,,0,,False,26,,25.6,0.3875,179.0,Arc3,3,196.0,OffCorner3Miss,IND,02:59,,28,254
wnba,wnba_shot_pace,shot_pace,shots,get-shots,2024,Regular Season,team,"{'EntityType': 'Team', 'StartType': 'All', 'Blocked': False, 'Season': '2024', 'SeasonType': 'Regular Season', 'EntityId': '1611661325'}",shot_pace,1611661325,4Q/OT | margin -3..3 | 300..120,get-shots__shots__entity_type-Team__start_type-All__blocked-False__season-2024__season_type-Regular_Season__entity_id-1611661325__c4f64243,get-shots,https://api.pbpstats.com/get-shots/wnba?EntityType=Team&StartType=All&Blocked=False&Season=2024&SeasonType=Regular+Season&EntityId=1611661325,200,458,,,,,,False,1611661317,322.0,199,2024-08-16,1022400153,1628909-1631019-1641648-1642286-204365,False,PHO,100940-1627674-1629482-1630442-204333,,,,,,1611661325,2,Caitlin Clark,1642286,20,05:34,204365,Erica Wheeler,1629482,Sophie Cunningham,0,,0,,False,28,,29.8,0.5246,327.0,Arc3,3,334.0,OffCorner3Miss,IND,05:27,,-224,196
wnba,wnba_shot_pace,shot_pace,shots,get-shots,2024,Regular Season,team,"{'EntityType': 'Team', 'StartType': 'All', 'Blocked': False, 'Season': '2024', 'SeasonType': 'Regular Season', 'EntityId': '1611661325'}",shot_pace,1611661325,4Q/OT | margin -3..3 | 300..120,get-shots__shots__entity_type-Team__start_type-All__blocked-False__season-2024__season_type-Regular_Season__entity_id-1611661325__c4f64243,get-shots,https://api.pbpstats.com/get-shots/wnba?EntityType=Team&StartType=All&Blocked=False&Season=2024&SeasonType=Regular+Season&EntityId=1611661325,200,459,,,,,,False,1611661317,443.0,175,2024-08-16,1022400153,1628909-1631019-1641648-1642286-204365,False,PHO,100940-1629482-1630134-203398-204333,,,,,,1611661325,2,Aliyah Boston,1641648,12,07:35,1642286,Caitlin Clark,1630134,Sug Sutton,0,,0,,False,23,,16.3,0.4008,446.0,LongMidRange,2,455.0,OffCorner3Miss,IND,07:26,,-9,163
wnba,wnba_shot_pace,shot_pace,shots,get-shots,2024,Regular Season,team,"{'EntityType': 'Team', 'StartType': 'All', 'Blocked': False, 'Season': '2024', 'SeasonType': 'Regular Season', 'EntityId': '1611661325'}",shot_pace,1611661325,4Q/OT | margin -3..3 | 300..120,get-shots__shots__entity_type-Team__start_type-All__blocked-False__season-2024__season_type-Regular_Season__entity_id-1611661325__c4f64243,get-shots,https://api.pbpstats.com/get-shots/wnba?EntityType=Team&StartType=All&Blocked=False&Season=2024&SeasonType=Regular+Season&EntityId=1611661325,200,460,,,,,,False,1611661317,492.0,163,2024-08-16,1022400153,1628909-1631019-1641648-1642286-204365,False,PHO,100940-1629482-1630134-203398-204333,,,,,,1611661325,2,Caitlin Clark,1642286,8,08:29,203024,Damiris Dantas,100940,Diana Taurasi,0,,0,,False,18,,26.9,0.3595,496.0,Arc3,3,509.0,OffCorner3Miss,IND,08:16,,174,205
wnba,wnba_shot_pace,shot_pace,shots,get-shots,2024,Regular Season,team,"{'EntityType': 'Team', 'StartType': 'All', 'Blocked': False, 'Season': '2024', 'SeasonType': 'Regular Season', 'EntityId': '1611661325'}",shot_pace,1611661325,4Q/OT | margin -3..3 | 300..120,get-shots__shots__entity_type-Team__start_type-All__blocked-False__season-2024__season_type-Regular_Season__entity_id-1611661325__c4f64243,get-shots,https://api.pbpstats.com/get-shots/wnba?EntityType=Team&StartType=All&Blocked=False&Season=2024&SeasonType=Regular+Season&EntityId=1611661325,200,461,,,,,,False,1611661317,523.0,150,2024-08-16,1022400153,1631086-1641648-1642286-203024-204365,False,PHO,100940-1627674-1630442-203398-204333,,,,,,1611661325,2,Damiris Dantas,203024,6,09:05,0,,0,,0,,0,,False,18,,25.0,0.4091,528.0,Arc3,3,545.0,OffDeadball,IND,08:48,,0,250
wnba,wnba_shot_pace,shot_pace,shots,get-shots,2024,Regular Season,team,"{'EntityType': 'Team', 'StartType': 'All', 'Blocked': False, 'Season': '2024', 'SeasonType': 'Regular Season', 'EntityId': '1611661325'}",shot_pace,1611661325,4Q/OT | margin -3..3 | 300..120,get-shots__shots__entity_type-Team__start_type-All__blocked-False__season-2024__season_type-Regular_Season__entity_id-1611661325__c4f64243,get-shots,https://api.pbpstats.com/get-shots/wnba?EntityType=Team&StartType=All&Blocked=False&Season=2024&SeasonType=Regular+Season&EntityId=1611661325,200,462,,,,,,False,1611661317,550.0,143,2024-08-16,1022400153,1631086-1641648-1642286-203024-204365,False,PHO,100940-1627674-1630134-1630442-203398,,,,,,1611661325,2,Lexie Hull,1631086,4,09:16,203024,Damiris Dantas,1627674,Kahleah Copper,0,,0,,False,18,,2.4,0.6765,552.0,AtRim,2,556.0,OffCorner3Miss,IND,09:12,,15,19
wnba,wnba_shot_pace,shot_pace,shots,get-shots,2024,Regular Season,team,"{'EntityType': 'Team', 'StartType': 'All', 'Blocked': False, 'Season': '2024', 'SeasonType': 'Regular Season', 'EntityId': '1611661325'}",shot_pace,1611661325,4Q/OT | margin -3..3 | 300..120,get-shots__shots__entity_type-Team__start_type-All__blocked-False__season-2024__season_type-Regular_Season__entity_id-1611661325__c4f64243,get-shots,https://api.pbpstats.com/get-shots/wnba?EntityType=Team&StartType=All&Blocked=False&Season=2024&SeasonType=Regular+Season&EntityId=1611661325,200,463,,,,,,False,1611661317,34.0,120,2024-08-16,1022400153,1631086-1641648-1642286-203024-204365,False,PHO,1627674-1629482-1630114-1630134-1630442,,,,,,1611661325,1,Lexie Hull,1631086,37,00:47,0,,0,,0,,0,,False,16,,25.3,0.3574,37.0,Arc3,3,47.0,OffFTMake,IND,00:37,,-38,250
wnba,wnba_shot_pace,shot_pace,shots,get-shots,2024,Regular Season,team,"{'EntityType': 'Team', 'StartType': 'All', 'Blocked': False, 'Season': '2024', 'SeasonType': 'Regular Season', 'EntityId': '1611661325'}",shot_pace,1611661325,4Q/OT | margin -3..3 | 300..120,get-shots__shots__entity_type-Team__start_type-All__blocked-False__season-2024__season_type-Regular_Season__entity_id-1611661325__c4f64243,get-shots,https://api.pbpstats.com/get-shots/wnba?EntityType=Team&StartType=All&Blocked=False&Season=2024&SeasonType=Regular+Season&EntityId=1611661325,200,464,,,,,,False,1611661317,66.0,114,2024-08-16,1022400153,1631086-1641648-1642286-203024-204365,False,PHO,1627674-1629482-1630114-1630134-1630442,,,,,,1611661325,1,Damiris Dantas,203024,35,01:20,0,,0,,0,,0,,False,18,,24.5,0.3763,70.0,Arc3,3,80.0,OffDeadball,IND,01:10,,74,234
wnba,wnba_shot_pace,shot_pace,shots,get-shots,2024,Regular Season,team,"{'EntityType': 'Team', 'StartType': 'All', 'Blocked': False, 'Season': '2024', 'SeasonType': 'Regular Season', 'EntityId': '1611661325'}",shot_pace,1611661325,4Q/OT | margin -3..3 | 300..120,get-shots__shots__entity_type-Team__start_type-All__blocked-False__season-2024__season_type-Regular_Season__entity_id-1611661325__c4f64243,get-shots,https://api.pbpstats.com/get-shots/wnba?EntityType=Team&StartType=All&Blocked=False&Season=2024&SeasonType=Regular+Season&EntityId=1611661325,200,465,,,,,,False,1611661317,198.0,86,2024-08-16,1022400153,1628909-1629478-1631019-203024-204365,False,PHO,1627674-1629482-1630114-1630442-204333,,,,,,1611661325,1,Kelsey Mitchell,1628909,27,03:28,204365,Erica Wheeler,1630442,Natasha Mack,0,,0,,False,16,,24.3,0.4068,201.0,Corner3,3,208.0,OffShortMidRangeBlock,IND,03:21,,241,31
wnba,wnba_shot_pace,shot_pace,shots,get-shots,2024,Regular Season,team,"{'EntityType': 'Team', 'StartType': 'All', 'Blocked': False, 'Season': '2024', 'SeasonType': 'Regular Season', 'EntityId': '1611661325'}",shot_pace,1611661325,4Q/OT | margin -3..3 | 300..120,get-shots__shots__entity_type-Team__start_type-All__blocked-False__season-2024__season_type-Regular_Season__entity_id-1611661325__c4f64243,get-shots,https://api.pbpstats.com/get-shots/wnba?EntityType=Team&StartType=All&Blocked=False&Season=2024&SeasonType=Regular+Season&EntityId=1611661325,200,466,,,,,,False,1611661317,216.0,70,2024-08-16,1022400153,1628909-1629478-1631019-1641648-1642286,False,PHO,100940-1627674-1629482-203398-204333,,,,,,1611661325,1,Aliyah Boston,1641648,25,03:58,1628909,Kelsey Mitchell,203398,Brittney Griner,0,,0,,False,16,,8.0,0.3631,222.0,ShortMidRange,2,238.0,OffArc3Miss,IND,03:42,,-26,76
wnba,wnba_shot_pace,shot_pace,shots,get-shots,2024,Regular Season,team,"{'EntityType': 'Team', 'StartType': 'All', 'Blocked': False, 'Season': '2024', 'SeasonType': 'Regular Season', 'EntityId': '1611661325'}",shot_pace,1611661325,4Q/OT | margin -3..3 | 300..120,get-shots__shots__entity_type-Team__start_type-All__blocked-False__season-2024__season_type-Regular_Season__entity_id-1611661325__c4f64243,get-shots,https://api.pbpstats.com/get-shots/wnba?EntityType=Team&StartType=All&Blocked=False&Season=2024&SeasonType=Regular+Season&EntityId=1611661325,200,467,,,,,,False,1611661317,274.0,63,2024-08-16,1022400153,1628909-1629478-1631019-1641648-1642286,False,PHO,100940-1627674-1629482-203398-204333,,,,,,1611661325,1,Caitlin Clark,1642286,21,04:46,1631019,NaLyssa Smith,1627674,Kahleah Copper,0,,0,,False,14,,12.8,0.4088,277.0,ShortMidRange,2,286.0,OffShortMidRangeMiss,IND,04:37,,116,55
wnba,wnba_shot_pace,shot_pace,shots,get-shots,2024,Regular Season,team,"{'EntityType': 'Team', 'StartType': 'All', 'Blocked': False, 'Season': '2024', 'SeasonType': 'Regular Season', 'EntityId': '1611661325'}",shot_pace,1611661325,4Q/OT | margin -3..3 | 300..120,get-shots__shots__entity_type-Team__start_type-All__blocked-False__season-2024__season_type-Regular_Season__entity_id-1611661325__c4f64243,get-shots,https://api.pbpstats.com/get-shots/wnba?EntityType=Team&StartType=All&Blocked=False&Season=2024&SeasonType=Regular+Season&EntityId=1611661325,200,468,,,,,,False,1611661317,435.0,28,2024-08-16,1022400153,1628909-1629478-1631019-1641648-1642286,False,PHO,100940-1627674-1629482-203398-204333,,,,,,1611661325,1,Aliyah Boston,1641648,9,07:41,0,,203398,Brittney Griner,0,,0,,False,4,,1.8,0.549,444.0,AtRim,2,461.0,OffShortMidRangeMake,IND,07:24,,-4,18
wnba,wnba_shot_pace,shot_pace,shots,get-shots,2024,Regular Season,team,"{'EntityType': 'Team', 'StartType': 'All', 'Blocked': False, 'Season': '2024', 'SeasonType': 'Regular Season', 'EntityId': '1611661325'}",shot_pace,1611661325,4Q/OT | margin -3..3 | 300..120,get-shots__shots__entity_type-Team__start_type-All__blocked-False__season-2024__season_type-Regular_Season__entity_id-1611661325__c4f64243,get-shots,https://api.pbpstats.com/get-shots/wnba?EntityType=Team&StartType=All&Blocked=False&Season=2024&SeasonType=Regular+Season&EntityId=1611661325,200,469,,,,,,False,1611661317,535.0,13,2024-08-16,1022400153,1628909-1629478-1631019-1641648-1642286,False,PHO,100940-1627674-1629482-203398-204333,NaLyssa Smith,1631019.0,Caitlin Clark,1642286.0,Arc3,1611661325,1,Kelsey Mitchell,1628909,3,09:22,1642286,Caitlin Clark,1627674,Kahleah Copper,0,,0,,False,0,6.0,24.9,0.3825,538.0,Arc3,3,562.0,OffLongMidRangeMiss,IND,08:58,,60,242
wnba,wnba_shot_pace,shot_pace,shots,get-shots,2024,Regular Season,team,"{'EntityType': 'Team', 'StartType': 'All', 'Blocked': False, 'Season': '2024', 'SeasonType': 'Regular Season', 'EntityId': '1611661325'}",shot_pace,1611661325,4Q/OT | margin -3..3 | 300..120,get-shots__shots__entity_type-Team__start_type-All__blocked-False__season-2024__season_type-Regular_Season__entity_id-1611661325__c4f64243,get-shots,https://api.pbpstats.com/get-shots/wnba?EntityType=Team&StartType=All&Blocked=False&Season=2024&SeasonType=Regular+Season&EntityId=1611661325,200,470,,,,,,False,1611661317,535.0,11,2024-08-16,1022400153,1628909-1629478-1631019-1641648-1642286,False,PHO,100940-1627674-1629482-203398-204333,,,,,,1611661325,1,Caitlin Clark,1642286,3,09:22,1642286,Caitlin Clark,1627674,Kahleah Copper,0,,0,,False,0,,27.9,0.3108,547.0,Arc3,3,562.0,OffLongMidRangeMiss,IND,09:07,,-35,277
wnba,wnba_shot_pace,shot_pace,shots,get-shots,2024,Regular Season,team,"{'EntityType': 'Team', 'StartType': 'All', 'Blocked': False, 'Season': '2024', 'SeasonType': 'Regular Season', 'EntityId': '1611661325'}",shot_pace,1611661325,4Q/OT | margin -3..3 | 300..120,get-shots__shots__entity_type-Team__start_type-All__blocked-False__season-2024__season_type-Regular_Season__entity_id-1611661325__c4f64243,get-shots,https://api.pbpstats.com/get-shots/wnba?EntityType=Team&StartType=All&Blocked=False&Season=2024&SeasonType=Regular+Season&EntityId=1611661325,200,471,,,,,,False,1611661317,581.0,7,2024-08-16,1022400153,1628909-1629478-1631019-1641648-1642286,False,PHO,100940-1627674-1629482-203398-204333,,,,,,1611661325,1,NaLyssa Smith,1631019,1,10:00,0,,0,,0,,0,,False,0,,3.8,0.4961,585.0,AtRim,2,600.0,OffDeadball,IND,09:45,,34,17
wnba,wnba_shot_pace,shot_pace,shots,get-shots,2024,Regular Season,team,"{'EntityType': 'Team', 'StartType': 'All', 'Blocked': False, 'Season': '2024', 'SeasonType': 'Regular Season', 'EntityId': '1611661325'}",shot_pace,1611661325,4Q/OT | margin -3..3 | 300..120,get-shots__shots__entity_type-Team__start_type-All__blocked-False__season-2024__season_type-Regular_Season__entity_id-1611661325__c4f64243,get-shots,https://api.pbpstats.com/get-shots/wnba?EntityType=Team&StartType=All&Blocked=False&Season=2024&SeasonType=Regular+Season&EntityId=1611661325,200,472,,,,,,False,1611661321,17.0,556,2024-07-17,1022400148,1628909-1629478-1631019-1641648-1642286,False,DAL,1629479-1629481-1642292-203824-203827,,,,,,1611661325,4,Katie Lou Samuelson,1629478,38,00:24,0,,0,,0,,0,,False,-6,,22.6,0.2057,20.0,Corner3,3,24.0,OffTimeout,IND,00:20,https://videos.nba.com/wnba/pbp/media/2024/07/17/1022400148/556/05948445-6ca2-7208-8b72-cdc738ecaa35_960x540.mp4,-225,23
wnba,wnba_shot_pace,shot_pace,shots,get-shots,2024,Regular Season,team,"{'EntityType': 'Team', 'StartType': 'All', 'Blocked': False, 'Season': '2024', 'SeasonType': 'Regular Season', 'EntityId': '1611661325'}",shot_pace,1611661325,4Q/OT | margin -3..3 | 300..120,get-shots__shots__entity_type-Team__start_type-All__blocked-False__season-2024__season_type-Regular_Season__entity_id-1611661325__c4f64243,get-shots,https://api.pbpstats.com/get-shots/wnba?EntityType=Team&StartType=All&Blocked=False&Season=2024&SeasonType=Regular+Season&EntityId=1611661325,200,473,,,,,,False,1611661321,70.0,541,2024-07-17,1022400148,1628909-1629478-1631086-1641648-1642286,False,DAL,1629479-1629481-1642292-203824-203827,,,,,,1611661325,4,Katie Lou Samuelson,1629478,34,01:32,0,,0,,0,,0,,False,-2,,23.3,0.2977,74.0,Arc3,3,92.0,OffFTMake,IND,01:14,https://videos.nba.com/wnba/pbp/media/2024/07/17/1022400148/541/317b8cfa-f6ce-1bb0-183f-ccaa9de92733_960x540.mp4,11,233
wnba,wnba_shot_pace,shot_pace,shots,get-shots,2024,Regular Season,team,"{'EntityType': 'Team', 'StartType': 'All', 'Blocked': False, 'Season': '2024', 'SeasonType': 'Regular Season', 'EntityId': '1611661325'}",shot_pace,1611661325,4Q/OT | margin -3..3 | 300..120,get-shots__shots__entity_type-Team__start_type-All__blocked-False__season-2024__season_type-Regular_Season__entity_id-1611661325__c4f64243,get-shots,https://api.pbpstats.com/get-shots/wnba?EntityType=Team&StartType=All&Blocked=False&Season=2024&SeasonType=Regular+Season&EntityId=1611661325,200,474,,,,,,False,1611661321,226.0,508,2024-07-17,1022400148,1628909-1631019-1631086-1641648-1642286,False,DAL,1629480-1629481-1642292-203824-203827,,,,,,1611661325,4,Lexie Hull,1631086,24,03:57,0,,1629480,Kalani Brown,0,,0,,False,-2,,22.4,0.4224,230.0,Corner3,3,237.0,OffAtRimMake,IND,03:50,https://videos.nba.com/wnba/pbp/media/2024/07/17/1022400148/508/0109745f-3c28-16c0-7218-dc6240bd562d_960x540.mp4,-222,27
wnba,wnba_shot_pace,shot_pace,shots,get-shots,2024,Regular Season,team,"{'EntityType': 'Team', 'StartType': 'All', 'Blocked': False, 'Season': '2024', 'SeasonType': 'Regular Season', 'EntityId': '1611661325'}",shot_pace,1611661325,4Q/OT | margin -3..3 | 300..120,get-shots__shots__entity_type-Team__start_type-All__blocked-False__season-2024__season_type-Regular_Season__entity_id-1611661325__c4f64243,get-shots,https://api.pbpstats.com/get-shots/wnba?EntityType=Team&StartType=All&Blocked=False&Season=2024&SeasonType=Regular+Season&EntityId=1611661325,200,475,,,,,,False,1611661321,353.0,489,2024-07-17,1022400148,1628909-1631086-1641648-1642286-203024,False,DAL,1629480-1629481-1642292-203824-203827,,,,,,1611661325,4,Caitlin Clark,1642286,16,06:08,0,,203824,Odyssey Sims,0,,0,,False,2,,24.8,0.3554,356.0,Arc3,3,368.0,OffAtRimMake,IND,05:56,https://videos.nba.com/wnba/pbp/media/2024/07/17/1022400148/489/351c891f-e7c2-609d-3a2a-d821510ab69a_960x540.mp4,-188,161
wnba,wnba_shot_pace,shot_pace,shots,get-shots,2024,Regular Season,team,"{'EntityType': 'Team', 'StartType': 'All', 'Blocked': False, 'Season': '2024', 'SeasonType': 'Regular Season', 'EntityId': '1611661325'}",shot_pace,1611661325,4Q/OT | margin -3..3 | 300..120,get-shots__shots__entity_type-Team__start_type-All__blocked-False__season-2024__season_type-Regular_Season__entity_id-1611661325__c4f64243,get-shots,https://api.pbpstats.com/get-shots/wnba?EntityType=Team&StartType=All&Blocked=False&Season=2024&SeasonType=Regular+Season&EntityId=1611661325,200,476,,,,,,False,1611661321,29.0,429,2024-07-17,1022400148,1628909-1629478-1631086-1642286-203024,False,DAL,1629479-1629481-1642244-1642292-203827,,,,,,1611661325,3,Caitlin Clark,1642286,37,00:41,0,,1629481,Arike Ogunbowale,0,,0,,False,-3,,26.8,0.3111,32.0,Arc3,3,41.0,OffLongMidRangeMake,IND,00:32,https://videos.nba.com/wnba/pbp/media/2024/07/17/1022400148/429/114059b9-2fd7-939c-cc2a-e4c9561d57c3_960x540.mp4,-5,268
wnba,wnba_shot_pace,shot_pace,shots,get-shots,2024,Regular Season,team,"{'EntityType': 'Team', 'StartType': 'All', 'Blocked': False, 'Season': '2024', 'SeasonType': 'Regular Season', 'EntityId': '1611661325'}",shot_pace,1611661325,4Q/OT | margin -3..3 | 300..120,get-shots__shots__entity_type-Team__start_type-All__blocked-False__season-2024__season_type-Regular_Season__entity_id-1611661325__c4f64243,get-shots,https://api.pbpstats.com/get-shots/wnba?EntityType=Team&StartType=All&Blocked=False&Season=2024&SeasonType=Regular+Season&EntityId=1611661325,200,477,,,,,,False,1611661321,49.0,426,2024-07-17,1022400148,1628909-1629478-1631086-1642286-203024,False,DAL,1629479-1629481-1642244-1642292-203827,,,,,,1611661325,3,Damiris Dantas,203024,35,01:04,0,,0,,0,,0,,False,-1,,23.7,0.4165,52.0,Arc3,3,64.0,OffDeadball,IND,00:52,https://videos.nba.com/wnba/pbp/media/2024/07/17/1022400148/426/0d17acd7-6888-0eba-2576-0966309c1bc5_960x540.mp4,4,237
wnba,wnba_shot_pace,shot_pace,shots,get-shots,2024,Regular Season,team,"{'EntityType': 'Team', 'StartType': 'All', 'Blocked': False, 'Season': '2024', 'SeasonType': 'Regular Season', 'EntityId': '1611661325'}",shot_pace,1611661325,4Q/OT | margin -3..3 | 300..120,get-shots__shots__entity_type-Team__start_type-All__blocked-False__season-2024__season_type-Regular_Season__entity_id-1611661325__c4f64243,get-shots,https://api.pbpstats.com/get-shots/wnba?EntityType=Team&StartType=All&Blocked=False&Season=2024&SeasonType=Regular+Season&EntityId=1611661325,200,478,,,,,,False,1611661321,163.0,400,2024-07-17,1022400148,1628909-1629478-1631019-1642286-203024,False,DAL,1628881-1629480-1629481-1642292-203824,,,,,,1611661325,3,NaLyssa Smith,1631019,27,03:05,0,,0,,0,,0,,False,-3,,13.5,0.4149,168.0,ShortMidRange,2,185.0,OffDeadball,IND,02:48,https://videos.nba.com/wnba/pbp/media/2024/07/17/1022400148/400/d51e0daa-467e-2ec7-84b3-c421bff0e76c_960x540.mp4,-63,119
wnba,wnba_shot_pace,shot_pace,shots,get-shots,2024,Regular Season,team,"{'EntityType': 'Team', 'StartType': 'All', 'Blocked': False, 'Season': '2024', 'SeasonType': 'Regular Season', 'EntityId': '1611661325'}",shot_pace,1611661325,4Q/OT | margin -3..3 | 300..120,get-shots__shots__entity_type-Team__start_type-All__blocked-False__season-2024__season_type-Regular_Season__entity_id-1611661325__c4f64243,get-shots,https://api.pbpstats.com/get-shots/wnba?EntityType=Team&StartType=All&Blocked=False&Season=2024&SeasonType=Regular+Season&EntityId=1611661325,200,479,,,,,,False,1611661321,241.0,372,2024-07-17,1022400148,1628909-1629478-1631019-1641648-1642286,False,DAL,1629480-1629481-1642292-203824-203827,,,,,,1611661325,3,NaLyssa Smith,1631019,23,04:21,0,,1642292,Jacy Sheldon,0,,0,,False,-3,,1.4,0.6391,244.0,AtRim,2,261.0,OffArc3Make,IND,04:04,https://videos.nba.com/wnba/pbp/media/2024/07/17/1022400148/372/98bd18bb-d945-37ee-fa36-0a1a37d16c35_960x540.mp4,5,13
wnba,wnba_shot_pace,shot_pace,shots,get-shots,2024,Regular Season,team,"{'EntityType': 'Team', 'StartType': 'All', 'Blocked': False, 'Season': '2024', 'SeasonType': 'Regular Season', 'EntityId': '1611661325'}",shot_pace,1611661325,4Q/OT | margin -3..3 | 300..120,get-shots__shots__entity_type-Team__start_type-All__blocked-False__season-2024__season_type-Regular_Season__entity_id-1611661325__c4f64243,get-shots,https://api.pbpstats.com/get-shots/wnba?EntityType=Team&StartType=All&Blocked=False&Season=2024&SeasonType=Regular+Season&EntityId=1611661325,200,480,,,,,,False,1611661321,336.0,353,2024-07-17,1022400148,1628909-1629478-1631019-1641648-1642286,False,DAL,1629479-1629481-1642292-203824-203827,,,,,,1611661325,3,Aliyah Boston,1641648,17,05:58,0,,1642292,Jacy Sheldon,0,,0,,False,-7,,3.0,0.5489,340.0,AtRim,2,358.0,OffLongMidRangeMake,IND,05:40,https://videos.nba.com/wnba/pbp/media/2024/07/17/1022400148/353/13a47412-e103-7c09-1cfb-9b811afe7977_960x540.mp4,10,28
wnba,wnba_shot_pace,shot_pace,shots,get-shots,2024,Regular Season,team,"{'EntityType': 'Team', 'StartType': 'All', 'Blocked': False, 'Season': '2024', 'SeasonType': 'Regular Season', 'EntityId': '1611661325'}",shot_pace,1611661325,4Q/OT | margin -3..3 | 300..120,get-shots__shots__entity_type-Team__start_type-All__blocked-False__season-2024__season_type-Regular_Season__entity_id-1611661325__c4f64243,get-shots,https://api.pbpstats.com/get-shots/wnba?EntityType=Team&StartType=All&Blocked=False&Season=2024&SeasonType=Regular+Season&EntityId=1611661325,200,481,,,,,,False,1611661321,426.0,335,2024-07-17,1022400148,1628909-1629478-1631019-1641648-1642286,False,DAL,1629479-1629481-1642292-203824-203827,,,,,,1611661325,3,Caitlin Clark,1642286,11,07:28,0,,0,,0,,0,,False,-11,,22.3,0.2916,435.0,Corner3,3,448.0,OffFTMake,IND,07:15,https://videos.nba.com/wnba/pbp/media/2024/07/17/1022400148/335/2b7de159-dc93-6cd1-b340-303c0f4dbc2b_960x540.mp4,-222,25
wnba,wnba_shot_pace,shot_pace,shots,get-shots,2024,Regular Season,team,"{'EntityType': 'Team', 'StartType': 'All', 'Blocked': False, 'Season': '2024', 'SeasonType': 'Regular Season', 'EntityId': '1611661325'}",shot_pace,1611661325,4Q/OT | margin -3..3 | 300..120,get-shots__shots__entity_type-Team__start_type-All__blocked-False__season-2024__season_type-Regular_Season__entity_id-1611661325__c4f64243,get-shots,https://api.pbpstats.com/get-shots/wnba?EntityType=Team&StartType=All&Blocked=False&Season=2024&SeasonType=Regular+Season&EntityId=1611661325,200,482,,,,,,False,1611661321,451.0,329,2024-07-17,1022400148,1628909-1629478-1631019-1641648-1642286,False,DAL,1629479-1629481-1642292-203824-203827,NaLyssa Smith,1631019.0,Aliyah Boston,1641648.0,ShortMidRange,1611661325,3,NaLyssa Smith,1631019,9,07:56,0,,203824,Odyssey Sims,0,,0,,True,-9,1.0,2.9,0.4883,453.0,AtRim,2,476.0,OffAtRimMake,IND,07:33,https://videos.nba.com/wnba/pbp/media/2024/07/17/1022400148/329/461a2b00-a3fd-e03e-be51-c1eaafd88486_960x540.mp4,28,6
wnba,wnba_shot_pace,shot_pace,shots,get-shots,2024,Regular Season,team,"{'EntityType': 'Team', 'StartType': 'All', 'Blocked': False, 'Season': '2024', 'SeasonType': 'Regular Season', 'EntityId': '1611661325'}",shot_pace,1611661325,4Q/OT | margin -3..3 | 300..120,get-shots__shots__entity_type-Team__start_type-All__blocked-False__season-2024__season_type-Regular_Season__entity_id-1611661325__c4f64243,get-shots,https://api.pbpstats.com/get-shots/wnba?EntityType=Team&StartType=All&Blocked=False&Season=2024&SeasonType=Regular+Season&EntityId=1611661325,200,483,,,,,,False,1611661321,451.0,327,2024-07-17,1022400148,1628909-1629478-1631019-1641648-1642286,False,DAL,1629479-1629481-1642292-203824-203827,,,,,,1611661325,3,Aliyah Boston,1641648,9,07:56,0,,203824,Odyssey Sims,0,,0,,False,-9,,7.3,0.398,457.0,ShortMidRange,2,476.0,OffAtRimMake,IND,07:37,https://videos.nba.com/wnba/pbp/media/2024/07/17/1022400148/327/19a5327c-0dce-20f8-bd40-ce044ae518a8_960x540.mp4,73,-4
wnba,wnba_shot_pace,shot_pace,shots,get-shots,2024,Regular Season,team,"{'EntityType': 'Team', 'StartType': 'All', 'Blocked': False, 'Season': '2024', 'SeasonType': 'Regular Season', 'EntityId': '1611661325'}",shot_pace,1611661325,4Q/OT | margin -3..3 | 300..120,get-shots__shots__entity_type-Team__start_type-All__blocked-False__season-2024__season_type-Regular_Season__entity_id-1611661325__c4f64243,get-shots,https://api.pbpstats.com/get-shots/wnba?EntityType=Team&StartType=All&Blocked=False&Season=2024&SeasonType=Regular+Season&EntityId=1611661325,200,484,,,,,,False,1611661321,542.0,310,2024-07-17,1022400148,1628909-1629478-1631019-1641648-1642286,False,DAL,1629479-1629481-1642292-203824-203827,,,,,,1611661325,3,Katie Lou Samuelson,1629478,3,09:18,1642286,Caitlin Clark,1629481,Arike Ogunbowale,0,,0,,False,-6,,22.4,0.3693,552.0,Corner3,3,558.0,OffCorner3Miss,IND,09:12,https://videos.nba.com/wnba/pbp/media/2024/07/17/1022400148/310/97a56703-a90b-4776-97a5-33b858e1398e_960x540.mp4,-222,27
wnba,wnba_shot_pace,shot_pace,shots,get-shots,2024,Regular Season,team,"{'EntityType': 'Team', 'StartType': 'All', 'Blocked': False, 'Season': '2024', 'SeasonType': 'Regular Season', 'EntityId': '1611661325'}",shot_pace,1611661325,4Q/OT | margin -3..3 | 300..120,get-shots__shots__entity_type-Team__start_type-All__blocked-False__season-2024__season_type-Regular_Season__entity_id-1611661325__c4f64243,get-shots,https://api.pbpstats.com/get-shots/wnba?EntityType=Team&StartType=All&Blocked=False&Season=2024&SeasonType=Regular+Season&EntityId=1611661325,200,485,,,,,,False,1611661321,257.0,230,2024-07-17,1022400148,1628909-1629478-1631086-1641648-1642286,False,DAL,1629480-1629481-1642244-203824-203827,,,,,,1611661325,2,Kelsey Mitchell,1628909,25,04:31,0,,0,,0,,0,,False,-13,,22.7,0.3739,263.0,Corner3,3,271.0,OffFTMake,IND,04:23,https://videos.nba.com/wnba/pbp/media/2024/07/17/1022400148/230/d881f068-7d83-7d3c-3915-4dec0412e473_960x540.mp4,222,47
wnba,wnba_shot_pace,shot_pace,shots,get-shots,2024,Regular Season,team,"{'EntityType': 'Team', 'StartType': 'All', 'Blocked': False, 'Season': '2024', 'SeasonType': 'Regular Season', 'EntityId': '1611661325'}",shot_pace,1611661325,4Q/OT | margin -3..3 | 300..120,get-shots__shots__entity_type-Team__start_type-All__blocked-False__season-2024__season_type-Regular_Season__entity_id-1611661325__c4f64243,get-shots,https://api.pbpstats.com/get-shots/wnba?EntityType=Team&StartType=All&Blocked=False&Season=2024&SeasonType=Regular+Season&EntityId=1611661325,200,486,,,,,,False,1611661321,408.0,186,2024-07-17,1022400148,1628909-1629478-1631086-1641648-1642286,False,DAL,1629479-1629481-1642244-203824-203827,,,,,,1611661325,2,Caitlin Clark,1642286,13,07:03,0,,203824,Odyssey Sims,0,,0,,False,-16,,23.1,0.3319,411.0,Arc3,3,423.0,OffAtRimMake,IND,06:51,https://videos.nba.com/wnba/pbp/media/2024/07/17/1022400148/186/de03bc46-8461-cb02-e17c-dce5f62312fb_960x540.mp4,175,151
wnba,wnba_shot_pace,shot_pace,shots,get-shots,2024,Regular Season,team,"{'EntityType': 'Team', 'StartType': 'All', 'Blocked': False, 'Season': '2024', 'SeasonType': 'Regular Season', 'EntityId': '1611661325'}",shot_pace,1611661325,4Q/OT | margin -3..3 | 300..120,get-shots__shots__entity_type-Team__start_type-All__blocked-False__season-2024__season_type-Regular_Season__entity_id-1611661325__c4f64243,get-shots,https://api.pbpstats.com/get-shots/wnba?EntityType=Team&StartType=All&Blocked=False&Season=2024&SeasonType=Regular+Season&EntityId=1611661325,200,487,,,,,,False,1611661321,426.0,180,2024-07-17,1022400148,1628909-1629478-1631086-1641648-1642286,False,DAL,1629479-1629481-1642244-203824-203827,,,,,,1611661325,2,Caitlin Clark,1642286,11,07:28,0,,1629481,Arike Ogunbowale,0,,0,,False,-14,,18.0,0.3654,433.0,LongMidRange,2,448.0,OffLongMidRangeMake,IND,07:13,https://videos.nba.com/wnba/pbp/media/2024/07/17/1022400148/180/5176321e-8ef9-08f6-dccd-fdbc38b3f927_960x540.mp4,-122,132
wnba,wnba_shot_pace,shot_pace,shots,get-shots,2024,Regular Season,team,"{'EntityType': 'Team', 'StartType': 'All', 'Blocked': False, 'Season': '2024', 'SeasonType': 'Regular Season', 'EntityId': '1611661325'}",shot_pace,1611661325,4Q/OT | margin -3..3 | 300..120,get-shots__shots__entity_type-Team__start_type-All__blocked-False__season-2024__season_type-Regular_Season__entity_id-1611661325__c4f64243,get-shots,https://api.pbpstats.com/get-shots/wnba?EntityType=Team&StartType=All&Blocked=False&Season=2024&SeasonType=Regular+Season&EntityId=1611661325,200,488,,,,,,False,1611661321,507.0,162,2024-07-17,1022400148,1629478-1631086-1642286-203024-204365,False,DAL,1629479-1629481-1642244-203824-203827,,,,,,1611661325,2,Lexie Hull,1631086,5,08:36,0,,203827,Natasha Howard,0,,0,,False,-10,,2.4,0.6719,510.0,AtRim,2,516.0,OffAtRimMake,IND,08:30,https://videos.nba.com/wnba/pbp/media/2024/07/17/1022400148/162/e9ca6e1d-eae6-ffe0-7f60-2cf9d58e2bd6_960x540.mp4,-15,19
wnba,wnba_shot_pace,shot_pace,shots,get-shots,2024,Regular Season,team,"{'EntityType': 'Team', 'StartType': 'All', 'Blocked': False, 'Season': '2024', 'SeasonType': 'Regular Season', 'EntityId': '1611661325'}",shot_pace,1611661325,4Q/OT | margin -3..3 | 300..120,get-shots__shots__entity_type-Team__start_type-All__blocked-False__season-2024__season_type-Regular_Season__entity_id-1611661325__c4f64243,get-shots,https://api.pbpstats.com/get-shots/wnba?EntityType=Team&StartType=All&Blocked=False&Season=2024&SeasonType=Regular+Season&EntityId=1611661325,200,489,,,,,,False,1611661321,525.0,158,2024-07-17,1022400148,1629478-1631086-1642286-203024-204365,False,DAL,1629479-1629481-1642244-203824-203827,Katie Lou Samuelson,1629478.0,Katie Lou Samuelson,1629478.0,Arc3,1611661325,2,Katie Lou Samuelson,1629478,3,09:15,0,,1629481,Arike Ogunbowale,0,,0,,False,-8,11.0,25.6,0.309,529.0,Arc3,3,555.0,OffArc3Make,IND,08:49,https://videos.nba.com/wnba/pbp/media/2024/07/17/1022400148/158/67b8de20-0ce4-e384-2b95-1de7e8ec5e91_960x540.mp4,18,255
wnba,wnba_shot_pace,shot_pace,shots,get-shots,2024,Regular Season,team,"{'EntityType': 'Team', 'StartType': 'All', 'Blocked': False, 'Season': '2024', 'SeasonType': 'Regular Season', 'EntityId': '1611661325'}",shot_pace,1611661325,4Q/OT | margin -3..3 | 300..120,get-shots__shots__entity_type-Team__start_type-All__blocked-False__season-2024__season_type-Regular_Season__entity_id-1611661325__c4f64243,get-shots,https://api.pbpstats.com/get-shots/wnba?EntityType=Team&StartType=All&Blocked=False&Season=2024&SeasonType=Regular+Season&EntityId=1611661325,200,490,,,,,,False,1611661321,525.0,156,2024-07-17,1022400148,1629478-1631086-1642286-203024-204365,False,DAL,1629479-1629481-1642244-203824-203827,,,,,,1611661325,2,Katie Lou Samuelson,1629478,3,09:15,0,,1629481,Arike Ogunbowale,0,,0,,False,-8,,24.4,0.3508,542.0,Arc3,3,555.0,OffArc3Make,IND,09:02,https://videos.nba.com/wnba/pbp/media/2024/07/17/1022400148/156/bdff6f79-259d-5807-083e-f5674746ea5e_960x540.mp4,150,192
wnba,wnba_shot_pace,shot_pace,shots,get-shots,2024,Regular Season,team,"{'EntityType': 'Team', 'StartType': 'All', 'Blocked': False, 'Season': '2024', 'SeasonType': 'Regular Season', 'EntityId': '1611661325'}",shot_pace,1611661325,4Q/OT | margin -3..3 | 300..120,get-shots__shots__entity_type-Team__start_type-All__blocked-False__season-2024__season_type-Regular_Season__entity_id-1611661325__c4f64243,get-shots,https://api.pbpstats.com/get-shots/wnba?EntityType=Team&StartType=All&Blocked=False&Season=2024&SeasonType=Regular+Season&EntityId=1611661325,200,491,,,,,,False,1611661321,1.0,138,2024-07-17,1022400148,1628909-1629478-1631019-1642286-203024,False,DAL,1628881-1629480-1642244-1642292-203824,,,,,,1611661325,1,NaLyssa Smith,1631019,42,00:18,1631019,NaLyssa Smith,203824,Odyssey Sims,0,,0,,False,-7,,23.7,0.319,4.0,Corner3,3,18.0,OffFTMiss,IND,00:04,https://videos.nba.com/wnba/pbp/media/2024/07/17/1022400148/138/8ef235ff-2e35-0626-4e62-979df1bcd900_960x540.mp4,-234,36
wnba,wnba_shot_pace,shot_pace,shots,get-shots,2024,Regular Season,team,"{'EntityType': 'Team', 'StartType': 'All', 'Blocked': False, 'Season': '2024', 'SeasonType': 'Regular Season', 'EntityId': '1611661325'}",shot_pace,1611661325,4Q/OT | margin -3..3 | 300..120,get-shots__shots__entity_type-Team__start_type-All__blocked-False__season-2024__season_type-Regular_Season__entity_id-1611661325__c4f64243,get-shots,https://api.pbpstats.com/get-shots/wnba?EntityType=Team&StartType=All&Blocked=False&Season=2024&SeasonType=Regular+Season&EntityId=1611661325,200,492,,,,,,False,1611661321,69.0,118,2024-07-17,1022400148,1628909-1631019-1631086-1642286-203024,False,DAL,1629480-1629481-1642292-203824-203827,,,,,,1611661325,1,Lexie Hull,1631086,38,01:29,0,,203824,Odyssey Sims,0,,0,,False,-7,,23.5,0.4174,73.0,Corner3,3,89.0,OffArc3Make,IND,01:13,https://videos.nba.com/wnba/pbp/media/2024/07/17/1022400148/118/435529dc-3c65-c770-8eff-c350be21ce0b_960x540.mp4,-235,-13
wnba,wnba_shot_pace,shot_pace,shots,get-shots,2024,Regular Season,team,"{'EntityType': 'Team', 'StartType': 'All', 'Blocked': False, 'Season': '2024', 'SeasonType': 'Regular Season', 'EntityId': '1611661325'}",shot_pace,1611661325,4Q/OT | margin -3..3 | 300..120,get-shots__shots__entity_type-Team__start_type-All__blocked-False__season-2024__season_type-Regular_Season__entity_id-1611661325__c4f64243,get-shots,https://api.pbpstats.com/get-shots/wnba?EntityType=Team&StartType=All&Blocked=False&Season=2024&SeasonType=Regular+Season&EntityId=1611661325,200,493,,,,,,False,1611661321,114.0,109,2024-07-17,1022400148,1628909-1631019-1631086-1642286-203024,False,DAL,1629480-1629481-1642292-203824-203827,,,,,,1611661325,1,Lexie Hull,1631086,34,02:13,1642286,Caitlin Clark,1629481,Arike Ogunbowale,0,,0,,False,-6,,25.5,0.34,118.0,Arc3,3,133.0,OffArc3Miss,IND,01:58,https://videos.nba.com/wnba/pbp/media/2024/07/17/1022400148/109/89c72477-399b-7efe-c04a-2a77cf0e6579_960x540.mp4,-237,93
wnba,wnba_shot_pace,shot_pace,shots,get-shots,2024,Regular Season,team,"{'EntityType': 'Team', 'StartType': 'All', 'Blocked': False, 'Season': '2024', 'SeasonType': 'Regular Season', 'EntityId': '1611661325'}",shot_pace,1611661325,4Q/OT | margin -3..3 | 300..120,get-shots__shots__entity_type-Team__start_type-All__blocked-False__season-2024__season_type-Regular_Season__entity_id-1611661325__c4f64243,get-shots,https://api.pbpstats.com/get-shots/wnba?EntityType=Team&StartType=All&Blocked=False&Season=2024&SeasonType=Regular+Season&EntityId=1611661325,200,494,,,,,,False,1611661321,191.0,97,2024-07-17,1022400148,1628909-1629478-1631019-1642286-203024,False,DAL,1629480-1629481-1642292-203824-203827,Katie Lou Samuelson,1629478.0,NaLyssa Smith,1631019.0,FT,1611661325,1,Caitlin Clark,1642286,28,03:24,1641648,Aliyah Boston,203827,Natasha Howard,0,,0,,False,-4,5.0,24.6,0.4702,195.0,Arc3,3,204.0,OffAtRimMiss,IND,03:15,https://videos.nba.com/wnba/pbp/media/2024/07/17/1022400148/97/d7c81bc8-30ee-5db2-589e-c7504ae108f6_960x540.mp4,85,231
wnba,wnba_shot_pace,shot_pace,shots,get-shots,2024,Regular Season,team,"{'EntityType': 'Team', 'StartType': 'All', 'Blocked': False, 'Season': '2024', 'SeasonType': 'Regular Season', 'EntityId': '1611661325'}",shot_pace,1611661325,4Q/OT | margin -3..3 | 300..120,get-shots__shots__entity_type-Team__start_type-All__blocked-False__season-2024__season_type-Regular_Season__entity_id-1611661325__c4f64243,get-shots,https://api.pbpstats.com/get-shots/wnba?EntityType=Team&StartType=All&Blocked=False&Season=2024&SeasonType=Regular+Season&EntityId=1611661325,200,495,,,,,,False,1611661321,246.0,76,2024-07-17,1022400148,1628909-1629478-1631019-1641648-1642286,False,DAL,1629479-1629481-1642292-203824-203827,,,,,,1611661325,1,Caitlin Clark,1642286,24,04:30,0,,203827,Natasha Howard,0,,0,,False,-7,,24.0,0.3474,249.0,Arc3,3,270.0,OffShortMidRangeMake,IND,04:09,https://videos.nba.com/wnba/pbp/media/2024/07/17/1022400148/76/afe052e7-6aad-1cab-f653-d679ef1ce826_960x540.mp4,201,132
wnba,wnba_shot_pace,shot_pace,shots,get-shots,2024,Regular Season,team,"{'EntityType': 'Team', 'StartType': 'All', 'Blocked': False, 'Season': '2024', 'SeasonType': 'Regular Season', 'EntityId': '1611661325'}",shot_pace,1611661325,4Q/OT | margin -3..3 | 300..120,get-shots__shots__entity_type-Team__start_type-All__blocked-False__season-2024__season_type-Regular_Season__entity_id-1611661325__c4f64243,get-shots,https://api.pbpstats.com/get-shots/wnba?EntityType=Team&StartType=All&Blocked=False&Season=2024&SeasonType=Regular+Season&EntityId=1611661325,200,496,,,,,,False,1611661321,315.0,59,2024-07-17,1022400148,1628909-1629478-1631019-1641648-1642286,False,DAL,1629479-1629481-1642292-203824-203827,,,,,,1611661325,1,Kelsey Mitchell,1628909,20,05:40,0,,203824,Odyssey Sims,0,,0,,False,-5,,25.2,0.3054,318.0,Arc3,3,340.0,OffArc3Make,IND,05:18,https://videos.nba.com/wnba/pbp/media/2024/07/17/1022400148/59/50802155-5eac-f0ba-fd65-f30430e86f22_960x540.mp4,-44,248
wnba,wnba_shot_pace,shot_pace,shots,get-shots,2024,Regular Season,team,"{'EntityType': 'Team', 'StartType': 'All', 'Blocked': False, 'Season': '2024', 'SeasonType': 'Regular Season', 'EntityId': '1611661325'}",shot_pace,1611661325,4Q/OT | margin -3..3 | 300..120,get-shots__shots__entity_type-Team__start_type-All__blocked-False__season-2024__season_type-Regular_Season__entity_id-1611661325__c4f64243,get-shots,https://api.pbpstats.com/get-shots/wnba?EntityType=Team&StartType=All&Blocked=False&Season=2024&SeasonType=Regular+Season&EntityId=1611661325,200,497,,,,,,False,1611661321,353.0,52,2024-07-17,1022400148,1628909-1629478-1631019-1641648-1642286,False,DAL,1629479-1629481-1642292-203824-203827,,,,,,1611661325,1,Kelsey Mitchell,1628909,18,06:18,0,,1629481,Arike Ogunbowale,0,,0,,False,-2,,3.0,0.4991,355.0,AtRim,2,378.0,OffArc3Make,IND,05:55,https://videos.nba.com/wnba/pbp/media/2024/07/17/1022400148/52/056d3523-af4a-b444-f859-50ef3fad8a42_960x540.mp4,4,30
wnba,wnba_shot_pace,shot_pace,shots,get-shots,2024,Regular Season,team,"{'EntityType': 'Team', 'StartType': 'All', 'Blocked': False, 'Season': '2024', 'SeasonType': 'Regular Season', 'EntityId': '1611661325'}",shot_pace,1611661325,4Q/OT | margin -3..3 | 300..120,get-shots__shots__entity_type-Team__start_type-All__blocked-False__season-2024__season_type-Regular_Season__entity_id-1611661325__c4f64243,get-shots,https://api.pbpstats.com/get-shots/wnba?EntityType=Team&StartType=All&Blocked=False&Season=2024&SeasonType=Regular+Season&EntityId=1611661325,200,498,,,,,,False,1611661321,449.0,36,2024-07-17,1022400148,1628909-1629478-1631019-1641648-1642286,False,DAL,1629479-1629481-1642292-203824-203827,,,,,,1611661325,1,Aliyah Boston,1641648,12,07:47,0,,0,,0,,0,,False,0,,2.9,0.5226,453.0,AtRim,2,467.0,OffDeadball,IND,07:33,https://videos.nba.com/wnba/pbp/media/2024/07/17/1022400148/36/258af1f7-29dd-7c5d-6ef4-e55511f5fd4f_960x540.mp4,19,22
wnba,wnba_shot_pace,shot_pace,shots,get-shots,2024,Regular Season,team,"{'EntityType': 'Team', 'StartType': 'All', 'Blocked': False, 'Season': '2024', 'SeasonType': 'Regular Season', 'EntityId': '1611661325'}",shot_pace,1611661325,4Q/OT | margin -3..3 | 300..120,get-shots__shots__entity_type-Team__start_type-All__blocked-False__season-2024__season_type-Regular_Season__entity_id-1611661325__c4f64243,get-shots,https://api.pbpstats.com/get-shots/wnba?EntityType=Team&StartType=All&Blocked=False&Season=2024&SeasonType=Regular+Season&EntityId=1611661325,200,499,,,,,,False,1611661321,473.0,32,2024-07-17,1022400148,1628909-1629478-1631019-1641648-1642286,False,DAL,1629479-1629481-1642292-203824-203827,,,,,,1611661325,1,Kelsey Mitchell,1628909,10,08:05,1631019,NaLyssa Smith,1642292,Jacy Sheldon,0,,0,,False,-2,,1.8,0.7025,480.0,AtRim,2,485.0,OffArc3Miss,IND,08:00,https://videos.nba.com/wnba/pbp/media/2024/07/17/1022400148/32/be8d0d95-fa38-b5fd-c446-ed4170f53edc_960x540.mp4,-17,6
