league,job_id,job_family,variant,endpoint,season,season_type,scope,request_params,source,team_id,clutch_window,request_id,request_table,request_url,request_status,request_row_index,assist_player,assist_player_id,assisted,block_player,block_player_id,blocked,dtid,end_time,event_num,game_date,gid,lineup_id,made,opponent,opponent_lineup_id,oreb_rebound_player,oreb_rebound_player_id,oreb_shot_player,oreb_shot_player_id,oreb_shot_type,otid,period,player,player_id,poss_num,possession_start_time,previous_poss_end_rebound_pid,previous_poss_end_rebound_player,previous_poss_end_shooter_pid,previous_poss_end_shooter_player,previous_poss_end_steal_pid,previous_poss_end_steal_player,previous_poss_end_turnover_pid,previous_poss_end_turnover_player,putback,score_margin,seconds_since_oreb,shot_distance,shot_quality,shot_time,shot_type,shot_value,start_time,start_type,team,time,url,x,y,is_playoffs,job_variant,window_label,request_scope
wnba,wnba_shot_pace,shot_pace,shots,get-shots,2025,Regular Season,team,"{'EntityType': 'Team', 'Season': '2025', 'SeasonType': 'Regular Season', 'TeamId': '1611661323', 'EntityId': '1611661323'}",shot_pace,1611661323,4Q/OT | margin -3..3 | 300..120,get-shots__shots__entity_type-Team__season-2025__season_type-Regular_Season__team_id-1611661323__entity_id-1611661323__9a6613a2,get-shots,https://api.pbpstats.com/get-shots/wnba?EntityType=Team&Season=2025&SeasonType=Regular+Season&TeamId=1611661323&EntityId=1611661323,200,0,,,,,,False,1611661330,2.0,569,2025-09-10,1022500282,1628263-1642796-1642800-1642809-203863,False,ATL,1628269-1628278-1630471-1631021-1642804,Aneesah Morrow,1642800.0,Haley Peters,203863.0,ShortMidRange,1611661323,4,Aneesah Morrow,1642800,34,00:22,1628263,Lindsay Allen,1628269,Nia Coffey,0,,0,,True,-16,1.0,14.0,0.2432,2.0,LongMidRange,2,22.0,OffAtRimBlock,CON,00:02,,-117,77,False,shots,4Q/OT | margin -3..3 | 300..120,team
wnba,wnba_shot_pace,shot_pace,shots,get-shots,2025,Regular Season,team,"{'EntityType': 'Team', 'Season': '2025', 'SeasonType': 'Regular Season', 'TeamId': '1611661323', 'EntityId': '1611661323'}",shot_pace,1611661323,4Q/OT | margin -3..3 | 300..120,get-shots__shots__entity_type-Team__season-2025__season_type-Regular_Season__team_id-1611661323__entity_id-1611661323__9a6613a2,get-shots,https://api.pbpstats.com/get-shots/wnba?EntityType=Team&Season=2025&SeasonType=Regular+Season&TeamId=1611661323&EntityId=1611661323,200,1,,,,,,False,1611661330,2.0,567,2025-09-10,1022500282,1628263-1642796-1642800-1642809-203863,False,ATL,1628269-1628278-1630471-1631021-1642804,,,,,,1611661323,4,Haley Peters,203863,34,00:22,1628263,Lindsay Allen,1628269,Nia Coffey,0,,0,,False,-16,,7.8,0.2869,7.0,ShortMidRange,2,22.0,OffAtRimBlock,CON,00:07,,-16,76,False,shots,4Q/OT | margin -3..3 | 300..120,team
wnba,wnba_shot_pace,shot_pace,shots,get-shots,2025,Regular Season,team,"{'EntityType': 'Team', 'Season': '2025', 'SeasonType': 'Regular Season', 'TeamId': '1611661323', 'EntityId': '1611661323'}",shot_pace,1611661323,4Q/OT | margin -3..3 | 300..120,get-shots__shots__entity_type-Team__season-2025__season_type-Regular_Season__team_id-1611661323__entity_id-1611661323__9a6613a2,get-shots,https://api.pbpstats.com/get-shots/wnba?EntityType=Team&Season=2025&SeasonType=Regular+Season&TeamId=1611661323&EntityId=1611661323,200,2,,,,,,False,1611661330,49.0,559,2025-09-10,1022500282,1628263-1642796-1642800-1642809-203863,False,ATL,1628269-1628278-1630471-1631044-1642804,,,,,,1611661323,4,Rayah Marshall,1642796,32,00:59,1642800,Aneesah Morrow,1630471,Maya Caldwell,0,,0,,False,-16,,10.8,0.385,50.0,ShortMidRange,2,59.0,OffArc3Miss,CON,00:50,,-55,93,False,shots,4Q/OT | margin -3..3 | 300..120,team
wnba,wnba_shot_pace,shot_pace,shots,get-shots,2025,Regular Season,team,"{'EntityType': 'Team', 'Season': '2025', 'SeasonType': 'Regular Season', 'TeamId': '1611661323', 'EntityId': '1611661323'}",shot_pace,1611661323,4Q/OT | margin -3..3 | 300..120,get-shots__shots__entity_type-Team__season-2025__season_type-Regular_Season__team_id-1611661323__entity_id-1611661323__9a6613a2,get-shots,https://api.pbpstats.com/get-shots/wnba?EntityType=Team&Season=2025&SeasonType=Regular+Season&TeamId=1611661323&EntityId=1611661323,200,3,,,False,,,,1611661330,82.0,556,2025-09-10,1022500282,1628263-1642796-1642800-1642809-203863,True,ATL,1628269-1628278-1630471-1631044-1642804,,,,,,1611661323,4,Lindsay Allen,1628263,30,01:25,1628263,Lindsay Allen,1642804,Te-Hina Paopao,0,,0,,False,-18,,15.4,0.4395,82.0,LongMidRange,2,85.0,OffShortMidRangeMiss,CON,01:22,,44,148,False,shots,4Q/OT | margin -3..3 | 300..120,team
wnba,wnba_shot_pace,shot_pace,shots,get-shots,2025,Regular Season,team,"{'EntityType': 'Team', 'Season': '2025', 'SeasonType': 'Regular Season', 'TeamId': '1611661323', 'EntityId': '1611661323'}",shot_pace,1611661323,4Q/OT | margin -3..3 | 300..120,get-shots__shots__entity_type-Team__season-2025__season_type-Regular_Season__team_id-1611661323__entity_id-1611661323__9a6613a2,get-shots,https://api.pbpstats.com/get-shots/wnba?EntityType=Team&Season=2025&SeasonType=Regular+Season&TeamId=1611661323&EntityId=1611661323,200,4,,,,Te-Hina Paopao,1642804.0,True,1611661330,115.0,542,2025-09-10,1022500282,1628263-1629497-1642290-1642800-1642809,False,ATL,1628269-1630471-1631009-1631044-1642804,,,,,,1611661323,4,Lindsay Allen,1628263,28,02:22,0,,1630471,Maya Caldwell,0,,0,,False,-18,,9.9,0.3593,115.0,ShortMidRange,2,142.0,OffCorner3Make,CON,01:55,,-13,98,False,shots,4Q/OT | margin -3..3 | 300..120,team
wnba,wnba_shot_pace,shot_pace,shots,get-shots,2025,Regular Season,team,"{'EntityType': 'Team', 'Season': '2025', 'SeasonType': 'Regular Season', 'TeamId': '1611661323', 'EntityId': '1611661323'}",shot_pace,1611661323,4Q/OT | margin -3..3 | 300..120,get-shots__shots__entity_type-Team__season-2025__season_type-Regular_Season__team_id-1611661323__entity_id-1611661323__9a6613a2,get-shots,https://api.pbpstats.com/get-shots/wnba?EntityType=Team&Season=2025&SeasonType=Regular+Season&TeamId=1611661323&EntityId=1611661323,200,5,,,,Brittney Griner,203398.0,True,1611661330,150.0,532,2025-09-10,1022500282,1628263-1629497-1642290-1642800-1642809,False,ATL,1628277-1630471-1631009-1631044-203398,Aaliyah Edwards,1642290.0,Saniya Rivers,1642809.0,Arc3,1611661323,4,Aaliyah Edwards,1642290,26,02:41,1642290,Aaliyah Edwards,203398,Brittney Griner,0,,0,,True,-15,1.0,1.6,0.6833,150.0,AtRim,2,161.0,OffAtRimMiss,CON,02:30,,-12,11,False,shots,4Q/OT | margin -3..3 | 300..120,team
wnba,wnba_shot_pace,shot_pace,shots,get-shots,2025,Regular Season,team,"{'EntityType': 'Team', 'Season': '2025', 'SeasonType': 'Regular Season', 'TeamId': '1611661323', 'EntityId': '1611661323'}",shot_pace,1611661323,4Q/OT | margin -3..3 | 300..120,get-shots__shots__entity_type-Team__season-2025__season_type-Regular_Season__team_id-1611661323__entity_id-1611661323__9a6613a2,get-shots,https://api.pbpstats.com/get-shots/wnba?EntityType=Team&Season=2025&SeasonType=Regular+Season&TeamId=1611661323&EntityId=1611661323,200,6,,,,,,False,1611661330,150.0,530,2025-09-10,1022500282,1628263-1629497-1642290-1642800-1642809,False,ATL,1628277-1630471-1631009-1631044-203398,,,,,,1611661323,4,Saniya Rivers,1642809,26,02:41,1642290,Aaliyah Edwards,203398,Brittney Griner,0,,0,,False,-15,,25.9,0.3878,154.0,Arc3,3,161.0,OffAtRimMiss,CON,02:34,,-170,195,False,shots,4Q/OT | margin -3..3 | 300..120,team
wnba,wnba_shot_pace,shot_pace,shots,get-shots,2025,Regular Season,team,"{'EntityType': 'Team', 'Season': '2025', 'SeasonType': 'Regular Season', 'TeamId': '1611661323', 'EntityId': '1611661323'}",shot_pace,1611661323,4Q/OT | margin -3..3 | 300..120,get-shots__shots__entity_type-Team__season-2025__season_type-Regular_Season__team_id-1611661323__entity_id-1611661323__9a6613a2,get-shots,https://api.pbpstats.com/get-shots/wnba?EntityType=Team&Season=2025&SeasonType=Regular+Season&TeamId=1611661323&EntityId=1611661323,200,7,,,False,,,,1611661330,181.0,527,2025-09-10,1022500282,1628263-1629497-1642290-1642800-1642809,True,ATL,1628277-1630471-1631009-1631044-203398,,,,,,1611661323,4,Marina Mabrey,1629497,24,03:18,0,,0,,0,,0,,False,-17,,17.4,0.3766,181.0,LongMidRange,2,198.0,OffFTMake,CON,03:01,,19,173,False,shots,4Q/OT | margin -3..3 | 300..120,team
wnba,wnba_shot_pace,shot_pace,shots,get-shots,2025,Regular Season,team,"{'EntityType': 'Team', 'Season': '2025', 'SeasonType': 'Regular Season', 'TeamId': '1611661323', 'EntityId': '1611661323'}",shot_pace,1611661323,4Q/OT | margin -3..3 | 300..120,get-shots__shots__entity_type-Team__season-2025__season_type-Regular_Season__team_id-1611661323__entity_id-1611661323__9a6613a2,get-shots,https://api.pbpstats.com/get-shots/wnba?EntityType=Team&Season=2025&SeasonType=Regular+Season&TeamId=1611661323&EntityId=1611661323,200,8,,,,,,False,1611661330,201.0,519,2025-09-10,1022500282,1628263-1629497-1642290-1642800-1642809,False,ATL,1628277-1630471-1631044-1642804-203398,,,,,,1611661323,4,Lindsay Allen,1628263,22,03:38,0,,203398,Brittney Griner,0,,0,,False,-15,,2.3,0.6391,203.0,AtRim,2,218.0,OffAtRimMake,CON,03:23,,21,9,False,shots,4Q/OT | margin -3..3 | 300..120,team
wnba,wnba_shot_pace,shot_pace,shots,get-shots,2025,Regular Season,team,"{'EntityType': 'Team', 'Season': '2025', 'SeasonType': 'Regular Season', 'TeamId': '1611661323', 'EntityId': '1611661323'}",shot_pace,1611661323,4Q/OT | margin -3..3 | 300..120,get-shots__shots__entity_type-Team__season-2025__season_type-Regular_Season__team_id-1611661323__entity_id-1611661323__9a6613a2,get-shots,https://api.pbpstats.com/get-shots/wnba?EntityType=Team&Season=2025&SeasonType=Regular+Season&TeamId=1611661323&EntityId=1611661323,200,9,Marina Mabrey,1629497.0,True,,,,1611661330,236.0,515,2025-09-10,1022500282,1628263-1629497-1642290-1642800-1642809,True,ATL,1628277-1630471-1631044-1642804-203398,,,,,,1611661323,4,Aaliyah Edwards,1642290,20,04:10,1628263,Lindsay Allen,1642804,Te-Hina Paopao,0,,0,,False,-15,,3.4,0.6167,236.0,AtRim,2,250.0,OffCorner3Miss,CON,03:56,,-1,34,False,shots,4Q/OT | margin -3..3 | 300..120,team
wnba,wnba_shot_pace,shot_pace,shots,get-shots,2025,Regular Season,team,"{'EntityType': 'Team', 'Season': '2025', 'SeasonType': 'Regular Season', 'TeamId': '1611661323', 'EntityId': '1611661323'}",shot_pace,1611661323,4Q/OT | margin -3..3 | 300..120,get-shots__shots__entity_type-Team__season-2025__season_type-Regular_Season__team_id-1611661323__entity_id-1611661323__9a6613a2,get-shots,https://api.pbpstats.com/get-shots/wnba?EntityType=Team&Season=2025&SeasonType=Regular+Season&TeamId=1611661323&EntityId=1611661323,200,10,,,,,,False,1611661330,268.0,511,2025-09-10,1022500282,1628263-1629497-1642290-1642800-1642809,False,ATL,1628277-1630471-1631044-1642804-203398,,,,,,1611661323,4,Aneesah Morrow,1642800,18,04:47,0,,0,,0,,0,,False,-15,,23.6,0.3277,271.0,Corner3,3,287.0,OffDeadball,CON,04:31,,-228,60,False,shots,4Q/OT | margin -3..3 | 300..120,team
wnba,wnba_shot_pace,shot_pace,shots,get-shots,2025,Regular Season,team,"{'EntityType': 'Team', 'Season': '2025', 'SeasonType': 'Regular Season', 'TeamId': '1611661323', 'EntityId': '1611661323'}",shot_pace,1611661323,4Q/OT | margin -3..3 | 300..120,get-shots__shots__entity_type-Team__season-2025__season_type-Regular_Season__team_id-1611661323__entity_id-1611661323__9a6613a2,get-shots,https://api.pbpstats.com/get-shots/wnba?EntityType=Team&Season=2025&SeasonType=Regular+Season&TeamId=1611661323&EntityId=1611661323,200,11,,,,,,False,1611661330,290.0,508,2025-09-10,1022500282,1628263-1629497-1642290-1642800-1642809,False,ATL,1628277-1630471-1631044-1642804-203398,,,,,,1611661323,4,Saniya Rivers,1642809,16,05:14,0,,1631044,Naz Hillmon,0,,0,,False,-15,,2.0,0.5943,293.0,AtRim,2,314.0,OffArc3Make,CON,04:53,,19,7,False,shots,4Q/OT | margin -3..3 | 300..120,team
wnba,wnba_shot_pace,shot_pace,shots,get-shots,2025,Regular Season,team,"{'EntityType': 'Team', 'Season': '2025', 'SeasonType': 'Regular Season', 'TeamId': '1611661323', 'EntityId': '1611661323'}",shot_pace,1611661323,4Q/OT | margin -3..3 | 300..120,get-shots__shots__entity_type-Team__season-2025__season_type-Regular_Season__team_id-1611661323__entity_id-1611661323__9a6613a2,get-shots,https://api.pbpstats.com/get-shots/wnba?EntityType=Team&Season=2025&SeasonType=Regular+Season&TeamId=1611661323&EntityId=1611661323,200,12,,,False,,,,1611661330,327.0,503,2025-09-10,1022500282,1628263-1629497-1642290-1642800-1642809,True,ATL,1628277-1630471-1631044-1642804-203398,,,,,,1611661323,4,Marina Mabrey,1629497,14,05:38,1642800,Aneesah Morrow,1628277,Allisha Gray,0,,0,,False,-14,,12.5,0.384,327.0,ShortMidRange,2,338.0,OffArc3Miss,CON,05:27,,112,55,False,shots,4Q/OT | margin -3..3 | 300..120,team
wnba,wnba_shot_pace,shot_pace,shots,get-shots,2025,Regular Season,team,"{'EntityType': 'Team', 'Season': '2025', 'SeasonType': 'Regular Season', 'TeamId': '1611661323', 'EntityId': '1611661323'}",shot_pace,1611661323,4Q/OT | margin -3..3 | 300..120,get-shots__shots__entity_type-Team__season-2025__season_type-Regular_Season__team_id-1611661323__entity_id-1611661323__9a6613a2,get-shots,https://api.pbpstats.com/get-shots/wnba?EntityType=Team&Season=2025&SeasonType=Regular+Season&TeamId=1611661323&EntityId=1611661323,200,13,Aaliyah Edwards,1642290.0,True,,,,1611661330,356.0,499,2025-09-10,1022500282,1628263-1629497-1642290-1642800-1642809,True,ATL,1628277-1630471-1631044-1642804-203398,,,,,,1611661323,4,Saniya Rivers,1642809,12,06:18,0,,0,,0,,0,,False,-16,,12.3,0.3438,356.0,ShortMidRange,2,378.0,OffTimeout,CON,05:56,,13,122,False,shots,4Q/OT | margin -3..3 | 300..120,team
wnba,wnba_shot_pace,shot_pace,shots,get-shots,2025,Regular Season,team,"{'EntityType': 'Team', 'Season': '2025', 'SeasonType': 'Regular Season', 'TeamId': '1611661323', 'EntityId': '1611661323'}",shot_pace,1611661323,4Q/OT | margin -3..3 | 300..120,get-shots__shots__entity_type-Team__season-2025__season_type-Regular_Season__team_id-1611661323__entity_id-1611661323__9a6613a2,get-shots,https://api.pbpstats.com/get-shots/wnba?EntityType=Team&Season=2025&SeasonType=Regular+Season&TeamId=1611661323&EntityId=1611661323,200,14,,,,,,False,1611661330,430.0,481,2025-09-10,1022500282,1628263-1642290-1642800-1642809-1642841,False,ATL,1628280-1630471-1631009-1631044-1642804,,0.0,Aneesah Morrow,1642800.0,Team,1611661323,4,Mamignan Touré,1642841,8,07:28,0,,0,,1642290,Aaliyah Edwards,1631009,Rhyne Howard,False,-12,10.0,23.7,0.4773,431.0,Corner3,3,448.0,OffLiveBallTurnover,CON,07:11,,-237,1,False,shots,4Q/OT | margin -3..3 | 300..120,team
wnba,wnba_shot_pace,shot_pace,shots,get-shots,2025,Regular Season,team,"{'EntityType': 'Team', 'Season': '2025', 'SeasonType': 'Regular Season', 'TeamId': '1611661323', 'EntityId': '1611661323'}",shot_pace,1611661323,4Q/OT | margin -3..3 | 300..120,get-shots__shots__entity_type-Team__season-2025__season_type-Regular_Season__team_id-1611661323__entity_id-1611661323__9a6613a2,get-shots,https://api.pbpstats.com/get-shots/wnba?EntityType=Team&Season=2025&SeasonType=Regular+Season&TeamId=1611661323&EntityId=1611661323,200,15,,,,,,False,1611661330,430.0,477,2025-09-10,1022500282,1628263-1642290-1642800-1642809-1642841,False,ATL,1628280-1630471-1631009-1631044-1642804,,,,,,1611661323,4,Aneesah Morrow,1642800,8,07:28,0,,0,,1642290,Aaliyah Edwards,1631009,Rhyne Howard,False,-12,,1.4,0.6956,442.0,AtRim,2,448.0,OffLiveBallTurnover,CON,07:22,,-4,13,False,shots,4Q/OT | margin -3..3 | 300..120,team
wnba,wnba_shot_pace,shot_pace,shots,get-shots,2025,Regular Season,team,"{'EntityType': 'Team', 'Season': '2025', 'SeasonType': 'Regular Season', 'TeamId': '1611661323', 'EntityId': '1611661323'}",shot_pace,1611661323,4Q/OT | margin -3..3 | 300..120,get-shots__shots__entity_type-Team__season-2025__season_type-Regular_Season__team_id-1611661323__entity_id-1611661323__9a6613a2,get-shots,https://api.pbpstats.com/get-shots/wnba?EntityType=Team&Season=2025&SeasonType=Regular+Season&TeamId=1611661323&EntityId=1611661323,200,16,,,,,,False,1611661330,485.0,464,2025-09-10,1022500282,1628263-1629497-1642290-1642800-1642841,False,ATL,1628280-1630471-1631009-1631044-1642804,,,,,,1611661323,4,Marina Mabrey,1629497,6,08:14,1642290,Aaliyah Edwards,1642804,Te-Hina Paopao,0,,0,,False,-12,,16.0,0.4185,488.0,LongMidRange,2,494.0,OffArc3Miss,CON,08:08,,23,158,False,shots,4Q/OT | margin -3..3 | 300..120,team
wnba,wnba_shot_pace,shot_pace,shots,get-shots,2025,Regular Season,team,"{'EntityType': 'Team', 'Season': '2025', 'SeasonType': 'Regular Season', 'TeamId': '1611661323', 'EntityId': '1611661323'}",shot_pace,1611661323,4Q/OT | margin -3..3 | 300..120,get-shots__shots__entity_type-Team__season-2025__season_type-Regular_Season__team_id-1611661323__entity_id-1611661323__9a6613a2,get-shots,https://api.pbpstats.com/get-shots/wnba?EntityType=Team&Season=2025&SeasonType=Regular+Season&TeamId=1611661323&EntityId=1611661323,200,17,,,False,,,,1611661330,524.0,461,2025-09-10,1022500282,1628263-1629497-1642290-1642800-1642841,True,ATL,1628280-1630471-1631009-1631044-1642804,Mamignan Touré,1642841.0,Aaliyah Edwards,1642290.0,LongMidRange,1611661323,4,Mamignan Touré,1642841,4,09:03,1642841,Mamignan Touré,1642804,Te-Hina Paopao,0,,0,,True,-14,2.0,0.6,0.7772,524.0,AtRim,2,543.0,OffArc3Miss,CON,08:44,,0,-6,False,shots,4Q/OT | margin -3..3 | 300..120,team
wnba,wnba_shot_pace,shot_pace,shots,get-shots,2025,Regular Season,team,"{'EntityType': 'Team', 'Season': '2025', 'SeasonType': 'Regular Season', 'TeamId': '1611661323', 'EntityId': '1611661323'}",shot_pace,1611661323,4Q/OT | margin -3..3 | 300..120,get-shots__shots__entity_type-Team__season-2025__season_type-Regular_Season__team_id-1611661323__entity_id-1611661323__9a6613a2,get-shots,https://api.pbpstats.com/get-shots/wnba?EntityType=Team&Season=2025&SeasonType=Regular+Season&TeamId=1611661323&EntityId=1611661323,200,18,,,,,,False,1611661330,524.0,459,2025-09-10,1022500282,1628263-1629497-1642290-1642800-1642841,False,ATL,1628280-1630471-1631009-1631044-1642804,,,,,,1611661323,4,Aaliyah Edwards,1642290,4,09:03,1642841,Mamignan Touré,1642804,Te-Hina Paopao,0,,0,,False,-14,,21.6,0.2443,529.0,LongMidRange,2,543.0,OffArc3Miss,CON,08:49,,-88,197,False,shots,4Q/OT | margin -3..3 | 300..120,team
wnba,wnba_shot_pace,shot_pace,shots,get-shots,2025,Regular Season,team,"{'EntityType': 'Team', 'Season': '2025', 'SeasonType': 'Regular Season', 'TeamId': '1611661323', 'EntityId': '1611661323'}",shot_pace,1611661323,4Q/OT | margin -3..3 | 300..120,get-shots__shots__entity_type-Team__season-2025__season_type-Regular_Season__team_id-1611661323__entity_id-1611661323__9a6613a2,get-shots,https://api.pbpstats.com/get-shots/wnba?EntityType=Team&Season=2025&SeasonType=Regular+Season&TeamId=1611661323&EntityId=1611661323,200,19,,,False,,,,1611661330,557.0,456,2025-09-10,1022500282,1628263-1629497-1642290-1642800-1642841,True,ATL,1628280-1630471-1631009-1631044-1642804,Aneesah Morrow,1642800.0,Aaliyah Edwards,1642290.0,AtRim,1611661323,4,Aneesah Morrow,1642800,2,09:36,0,,1631009,Rhyne Howard,0,,0,,True,-16,1.0,0.6,0.8077,557.0,AtRim,2,576.0,OffArc3Make,CON,09:17,,0,-6,False,shots,4Q/OT | margin -3..3 | 300..120,team
wnba,wnba_shot_pace,shot_pace,shots,get-shots,2025,Regular Season,team,"{'EntityType': 'Team', 'Season': '2025', 'SeasonType': 'Regular Season', 'TeamId': '1611661323', 'EntityId': '1611661323'}",shot_pace,1611661323,4Q/OT | margin -3..3 | 300..120,get-shots__shots__entity_type-Team__season-2025__season_type-Regular_Season__team_id-1611661323__entity_id-1611661323__9a6613a2,get-shots,https://api.pbpstats.com/get-shots/wnba?EntityType=Team&Season=2025&SeasonType=Regular+Season&TeamId=1611661323&EntityId=1611661323,200,20,,,,,,False,1611661330,557.0,454,2025-09-10,1022500282,1628263-1629497-1642290-1642800-1642841,False,ATL,1628280-1630471-1631009-1631044-1642804,,,,,,1611661323,4,Aaliyah Edwards,1642290,2,09:36,0,,1631009,Rhyne Howard,0,,0,,False,-16,,2.7,0.6231,559.0,AtRim,2,576.0,OffArc3Make,CON,09:19,,-21,17,False,shots,4Q/OT | margin -3..3 | 300..120,team
wnba,wnba_shot_pace,shot_pace,shots,get-shots,2025,Regular Season,team,"{'EntityType': 'Team', 'Season': '2025', 'SeasonType': 'Regular Season', 'TeamId': '1611661323', 'EntityId': '1611661323'}",shot_pace,1611661323,4Q/OT | margin -3..3 | 300..120,get-shots__shots__entity_type-Team__season-2025__season_type-Regular_Season__team_id-1611661323__entity_id-1611661323__9a6613a2,get-shots,https://api.pbpstats.com/get-shots/wnba?EntityType=Team&Season=2025&SeasonType=Regular+Season&TeamId=1611661323&EntityId=1611661323,200,21,,,,,,False,1611661330,22.0,438,2025-09-10,1022500282,1629497-1642290-1642800-1642809-1642841,False,ATL,1628280-1630471-1631009-1631044-1642804,,,,,,1611661323,3,Marina Mabrey,1629497,39,00:34,0,,1642804,Te-Hina Paopao,0,,0,,False,-13,,25.3,0.2737,24.0,Arc3,3,34.0,OffAtRimMake,CON,00:24,,-34,251,False,shots,4Q/OT | margin -3..3 | 300..120,team
wnba,wnba_shot_pace,shot_pace,shots,get-shots,2025,Regular Season,team,"{'EntityType': 'Team', 'Season': '2025', 'SeasonType': 'Regular Season', 'TeamId': '1611661323', 'EntityId': '1611661323'}",shot_pace,1611661323,4Q/OT | margin -3..3 | 300..120,get-shots__shots__entity_type-Team__season-2025__season_type-Regular_Season__team_id-1611661323__entity_id-1611661323__9a6613a2,get-shots,https://api.pbpstats.com/get-shots/wnba?EntityType=Team&Season=2025&SeasonType=Regular+Season&TeamId=1611661323&EntityId=1611661323,200,22,,,,,,False,1611661330,74.0,428,2025-09-10,1022500282,1629497-1642290-1642800-1642809-1642841,False,ATL,1628280-1630471-1631009-1631044-1642804,,,,,,1611661323,3,Aneesah Morrow,1642800,35,01:33,0,,1628280,Brionna Jones,0,,0,,False,-11,,1.8,0.6657,76.0,AtRim,2,93.0,OffAtRimMake,CON,01:16,,18,0,False,shots,4Q/OT | margin -3..3 | 300..120,team
wnba,wnba_shot_pace,shot_pace,shots,get-shots,2025,Regular Season,team,"{'EntityType': 'Team', 'Season': '2025', 'SeasonType': 'Regular Season', 'TeamId': '1611661323', 'EntityId': '1611661323'}",shot_pace,1611661323,4Q/OT | margin -3..3 | 300..120,get-shots__shots__entity_type-Team__season-2025__season_type-Regular_Season__team_id-1611661323__entity_id-1611661323__9a6613a2,get-shots,https://api.pbpstats.com/get-shots/wnba?EntityType=Team&Season=2025&SeasonType=Regular+Season&TeamId=1611661323&EntityId=1611661323,200,23,,,False,,,,1611661330,138.0,413,2025-09-10,1022500282,1629497-1642290-1642800-1642809-1642841,True,ATL,1628269-1628277-1628280-1631009-1642804,,,,,,1611661323,3,Saniya Rivers,1642809,31,02:36,0,,0,,0,,0,,False,-11,,1.5,0.6566,138.0,AtRim,2,156.0,OffTimeout,CON,02:18,,2,15,False,shots,4Q/OT | margin -3..3 | 300..120,team
wnba,wnba_shot_pace,shot_pace,shots,get-shots,2025,Regular Season,team,"{'EntityType': 'Team', 'Season': '2025', 'SeasonType': 'Regular Season', 'TeamId': '1611661323', 'EntityId': '1611661323'}",shot_pace,1611661323,4Q/OT | margin -3..3 | 300..120,get-shots__shots__entity_type-Team__season-2025__season_type-Regular_Season__team_id-1611661323__entity_id-1611661323__9a6613a2,get-shots,https://api.pbpstats.com/get-shots/wnba?EntityType=Team&Season=2025&SeasonType=Regular+Season&TeamId=1611661323&EntityId=1611661323,200,24,,,,,,False,1611661330,203.0,389,2025-09-10,1022500282,1629497-1642290-1642800-1642809-1642841,False,ATL,1628269-1628277-1628280-1628886-1631009,Aneesah Morrow,1642800.0,Marina Mabrey,1629497.0,Corner3,1611661323,3,Aneesah Morrow,1642800,25,03:39,0,,0,,1642841,Mamignan Touré,1628269,Nia Coffey,True,-13,1.0,0.7,0.6909,210.0,AtRim,2,219.0,OffLiveBallTurnover,CON,03:30,,7,1,False,shots,4Q/OT | margin -3..3 | 300..120,team
wnba,wnba_shot_pace,shot_pace,shots,get-shots,2025,Regular Season,team,"{'EntityType': 'Team', 'Season': '2025', 'SeasonType': 'Regular Season', 'TeamId': '1611661323', 'EntityId': '1611661323'}",shot_pace,1611661323,4Q/OT | margin -3..3 | 300..120,get-shots__shots__entity_type-Team__season-2025__season_type-Regular_Season__team_id-1611661323__entity_id-1611661323__9a6613a2,get-shots,https://api.pbpstats.com/get-shots/wnba?EntityType=Team&Season=2025&SeasonType=Regular+Season&TeamId=1611661323&EntityId=1611661323,200,25,,,,,,False,1611661330,203.0,387,2025-09-10,1022500282,1629497-1642290-1642800-1642809-1642841,False,ATL,1628269-1628277-1628280-1628886-1631009,,,,,,1611661323,3,Marina Mabrey,1629497,25,03:39,0,,0,,1642841,Mamignan Touré,1628269,Nia Coffey,False,-13,,23.1,0.41,213.0,Corner3,3,219.0,OffLiveBallTurnover,CON,03:33,,230,23,False,shots,4Q/OT | margin -3..3 | 300..120,team
wnba,wnba_shot_pace,shot_pace,shots,get-shots,2025,Regular Season,team,"{'EntityType': 'Team', 'Season': '2025', 'SeasonType': 'Regular Season', 'TeamId': '1611661323', 'EntityId': '1611661323'}",shot_pace,1611661323,4Q/OT | margin -3..3 | 300..120,get-shots__shots__entity_type-Team__season-2025__season_type-Regular_Season__team_id-1611661323__entity_id-1611661323__9a6613a2,get-shots,https://api.pbpstats.com/get-shots/wnba?EntityType=Team&Season=2025&SeasonType=Regular+Season&TeamId=1611661323&EntityId=1611661323,200,26,Saniya Rivers,1642809.0,True,,,,1611661330,225.0,377,2025-09-10,1022500282,1629497-1642290-1642800-1642809-1642841,True,ATL,1628269-1628886-1630471-1631009-203398,,,,,,1611661323,3,Marina Mabrey,1629497,23,03:51,0,,0,,1642841,Mamignan Touré,1628886,Jordin Canada,False,-16,,27.5,0.3481,225.0,Arc3,3,231.0,OffLiveBallTurnover,CON,03:45,,83,262,False,shots,4Q/OT | margin -3..3 | 300..120,team
wnba,wnba_shot_pace,shot_pace,shots,get-shots,2025,Regular Season,team,"{'EntityType': 'Team', 'Season': '2025', 'SeasonType': 'Regular Season', 'TeamId': '1611661323', 'EntityId': '1611661323'}",shot_pace,1611661323,4Q/OT | margin -3..3 | 300..120,get-shots__shots__entity_type-Team__season-2025__season_type-Regular_Season__team_id-1611661323__entity_id-1611661323__9a6613a2,get-shots,https://api.pbpstats.com/get-shots/wnba?EntityType=Team&Season=2025&SeasonType=Regular+Season&TeamId=1611661323&EntityId=1611661323,200,27,,,False,,,,1611661330,255.0,369,2025-09-10,1022500282,1629497-1642290-1642800-1642809-1642841,True,ATL,1628886-1630471-1631009-1631044-203398,,,,,,1611661323,3,Saniya Rivers,1642809,21,04:34,0,,0,,0,,0,,False,-19,,3.8,0.4673,255.0,AtRim,2,274.0,OffFTMake,CON,04:15,,36,12,False,shots,4Q/OT | margin -3..3 | 300..120,team
wnba,wnba_shot_pace,shot_pace,shots,get-shots,2025,Regular Season,team,"{'EntityType': 'Team', 'Season': '2025', 'SeasonType': 'Regular Season', 'TeamId': '1611661323', 'EntityId': '1611661323'}",shot_pace,1611661323,4Q/OT | margin -3..3 | 300..120,get-shots__shots__entity_type-Team__season-2025__season_type-Regular_Season__team_id-1611661323__entity_id-1611661323__9a6613a2,get-shots,https://api.pbpstats.com/get-shots/wnba?EntityType=Team&Season=2025&SeasonType=Regular+Season&TeamId=1611661323&EntityId=1611661323,200,28,,,False,,,,1611661330,285.0,364,2025-09-10,1022500282,1629497-1642290-1642800-1642809-1642841,True,ATL,1628886-1630471-1631009-1631044-203398,,0.0,Aneesah Morrow,1642800.0,Team,1611661323,3,Mamignan Touré,1642841,19,05:04,0,,0,,0,,0,,False,-19,11.0,16.9,0.3208,285.0,LongMidRange,2,304.0,OffTimeout,CON,04:45,,72,153,False,shots,4Q/OT | margin -3..3 | 300..120,team
wnba,wnba_shot_pace,shot_pace,shots,get-shots,2025,Regular Season,team,"{'EntityType': 'Team', 'Season': '2025', 'SeasonType': 'Regular Season', 'TeamId': '1611661323', 'EntityId': '1611661323'}",shot_pace,1611661323,4Q/OT | margin -3..3 | 300..120,get-shots__shots__entity_type-Team__season-2025__season_type-Regular_Season__team_id-1611661323__entity_id-1611661323__9a6613a2,get-shots,https://api.pbpstats.com/get-shots/wnba?EntityType=Team&Season=2025&SeasonType=Regular+Season&TeamId=1611661323&EntityId=1611661323,200,29,Saniya Rivers,1642809.0,True,,,,1611661330,326.0,344,2025-09-10,1022500282,1628263-1629497-1642800-1642809-202250,True,ATL,1628277-1628886-1630471-1631044-203398,,,,,,1611661323,3,Aneesah Morrow,1642800,17,05:35,1642809,Saniya Rivers,1631044,Naz Hillmon,0,,0,,False,-21,,0.2,0.8414,326.0,AtRim,2,335.0,OffArc3Miss,CON,05:26,,0,2,False,shots,4Q/OT | margin -3..3 | 300..120,team
wnba,wnba_shot_pace,shot_pace,shots,get-shots,2025,Regular Season,team,"{'EntityType': 'Team', 'Season': '2025', 'SeasonType': 'Regular Season', 'TeamId': '1611661323', 'EntityId': '1611661323'}",shot_pace,1611661323,4Q/OT | margin -3..3 | 300..120,get-shots__shots__entity_type-Team__season-2025__season_type-Regular_Season__team_id-1611661323__entity_id-1611661323__9a6613a2,get-shots,https://api.pbpstats.com/get-shots/wnba?EntityType=Team&Season=2025&SeasonType=Regular+Season&TeamId=1611661323&EntityId=1611661323,200,30,Tina Charles,202250.0,True,,,,1611661330,446.0,315,2025-09-10,1022500282,1628263-1629497-1642800-1642809-202250,True,ATL,1628277-1628280-1631009-1631044-1642804,,,,,,1611661323,3,Saniya Rivers,1642809,9,07:38,0,,1628280,Brionna Jones,0,,0,,False,-21,,11.3,0.4469,446.0,ShortMidRange,2,458.0,OffAtRimMake,CON,07:26,,-50,101,False,shots,4Q/OT | margin -3..3 | 300..120,team
wnba,wnba_shot_pace,shot_pace,shots,get-shots,2025,Regular Season,team,"{'EntityType': 'Team', 'Season': '2025', 'SeasonType': 'Regular Season', 'TeamId': '1611661323', 'EntityId': '1611661323'}",shot_pace,1611661323,4Q/OT | margin -3..3 | 300..120,get-shots__shots__entity_type-Team__season-2025__season_type-Regular_Season__team_id-1611661323__entity_id-1611661323__9a6613a2,get-shots,https://api.pbpstats.com/get-shots/wnba?EntityType=Team&Season=2025&SeasonType=Regular+Season&TeamId=1611661323&EntityId=1611661323,200,31,,,,,,False,1611661330,471.0,307,2025-09-10,1022500282,1628263-1629497-1642800-1642809-202250,False,ATL,1628277-1628280-1631009-1631044-1642804,,,,,,1611661323,3,Aneesah Morrow,1642800,7,08:05,1642800,Aneesah Morrow,1631009,Rhyne Howard,0,,0,,False,-21,,23.8,0.3453,473.0,Arc3,3,485.0,OffArc3Miss,CON,07:53,,106,213,False,shots,4Q/OT | margin -3..3 | 300..120,team
wnba,wnba_shot_pace,shot_pace,shots,get-shots,2025,Regular Season,team,"{'EntityType': 'Team', 'Season': '2025', 'SeasonType': 'Regular Season', 'TeamId': '1611661323', 'EntityId': '1611661323'}",shot_pace,1611661323,4Q/OT | margin -3..3 | 300..120,get-shots__shots__entity_type-Team__season-2025__season_type-Regular_Season__team_id-1611661323__entity_id-1611661323__9a6613a2,get-shots,https://api.pbpstats.com/get-shots/wnba?EntityType=Team&Season=2025&SeasonType=Regular+Season&TeamId=1611661323&EntityId=1611661323,200,32,Marina Mabrey,1629497.0,True,,,,1611661330,552.0,296,2025-09-10,1022500282,1628263-1629497-1642800-1642809-202250,True,ATL,1628277-1628280-1631009-1631044-1642804,,,,,,1611661323,3,Saniya Rivers,1642809,3,09:21,1628263,Lindsay Allen,1631009,Rhyne Howard,0,,0,,False,-21,,0.3,0.6404,552.0,AtRim,2,561.0,OffArc3Miss,CON,09:12,,-3,1,False,shots,4Q/OT | margin -3..3 | 300..120,team
wnba,wnba_shot_pace,shot_pace,shots,get-shots,2025,Regular Season,team,"{'EntityType': 'Team', 'Season': '2025', 'SeasonType': 'Regular Season', 'TeamId': '1611661323', 'EntityId': '1611661323'}",shot_pace,1611661323,4Q/OT | margin -3..3 | 300..120,get-shots__shots__entity_type-Team__season-2025__season_type-Regular_Season__team_id-1611661323__entity_id-1611661323__9a6613a2,get-shots,https://api.pbpstats.com/get-shots/wnba?EntityType=Team&Season=2025&SeasonType=Regular+Season&TeamId=1611661323&EntityId=1611661323,200,33,Saniya Rivers,1642809.0,True,,,,1611661330,581.0,292,2025-09-10,1022500282,1628263-1629497-1642800-1642809-202250,True,ATL,1628277-1628280-1631009-1631044-1642804,,,,,,1611661323,3,Marina Mabrey,1629497,1,10:00,0,,0,,0,,0,,False,-23,,1.8,0.7411,581.0,AtRim,2,600.0,OffDeadball,CON,09:41,,4,18,False,shots,4Q/OT | margin -3..3 | 300..120,team
wnba,wnba_shot_pace,shot_pace,shots,get-shots,2025,Regular Season,team,"{'EntityType': 'Team', 'Season': '2025', 'SeasonType': 'Regular Season', 'TeamId': '1611661323', 'EntityId': '1611661323'}",shot_pace,1611661323,4Q/OT | margin -3..3 | 300..120,get-shots__shots__entity_type-Team__season-2025__season_type-Regular_Season__team_id-1611661323__entity_id-1611661323__9a6613a2,get-shots,https://api.pbpstats.com/get-shots/wnba?EntityType=Team&Season=2025&SeasonType=Regular+Season&TeamId=1611661323&EntityId=1611661323,200,34,,,,Rhyne Howard,1631009.0,True,1611661330,0.0,277,2025-09-10,1022500282,1628263-1629497-1642809-202250-203863,False,ATL,1628269-1628278-1631009-1642804-203398,,,,,,1611661323,2,Saniya Rivers,1642809,37,00:10,0,,1628269,Nia Coffey,0,,0,,False,-23,,23.5,0.1888,0.0,Arc3,3,10.0,OffCorner3Make,CON,00:00,,198,126,False,shots,4Q/OT | margin -3..3 | 300..120,team
wnba,wnba_shot_pace,shot_pace,shots,get-shots,2025,Regular Season,team,"{'EntityType': 'Team', 'Season': '2025', 'SeasonType': 'Regular Season', 'TeamId': '1611661323', 'EntityId': '1611661323'}",shot_pace,1611661323,4Q/OT | margin -3..3 | 300..120,get-shots__shots__entity_type-Team__season-2025__season_type-Regular_Season__team_id-1611661323__entity_id-1611661323__9a6613a2,get-shots,https://api.pbpstats.com/get-shots/wnba?EntityType=Team&Season=2025&SeasonType=Regular+Season&TeamId=1611661323&EntityId=1611661323,200,35,,,,,,False,1611661330,36.0,270,2025-09-10,1022500282,1628263-1629497-1642809-202250-203863,False,ATL,1628269-1628278-1631009-1642804-203398,,,,,,1611661323,2,Marina Mabrey,1629497,35,00:55,1628263,Lindsay Allen,203398,Brittney Griner,0,,0,,False,-20,,23.9,0.3185,39.0,Corner3,3,55.0,OffShortMidRangeMiss,CON,00:39,,-223,87,False,shots,4Q/OT | margin -3..3 | 300..120,team
wnba,wnba_shot_pace,shot_pace,shots,get-shots,2025,Regular Season,team,"{'EntityType': 'Team', 'Season': '2025', 'SeasonType': 'Regular Season', 'TeamId': '1611661323', 'EntityId': '1611661323'}",shot_pace,1611661323,4Q/OT | margin -3..3 | 300..120,get-shots__shots__entity_type-Team__season-2025__season_type-Regular_Season__team_id-1611661323__entity_id-1611661323__9a6613a2,get-shots,https://api.pbpstats.com/get-shots/wnba?EntityType=Team&Season=2025&SeasonType=Regular+Season&TeamId=1611661323&EntityId=1611661323,200,36,,,False,,,,1611661330,80.0,267,2025-09-10,1022500282,1628263-1629497-1642809-202250-203863,True,ATL,1628269-1628278-1631009-1642804-203398,,,,,,1611661323,2,Saniya Rivers,1642809,33,01:25,0,,0,,1642809,Saniya Rivers,1631009,Rhyne Howard,False,-22,,3.1,0.6285,80.0,AtRim,2,85.0,OffLiveBallTurnover,CON,01:20,,5,31,False,shots,4Q/OT | margin -3..3 | 300..120,team
wnba,wnba_shot_pace,shot_pace,shots,get-shots,2025,Regular Season,team,"{'EntityType': 'Team', 'Season': '2025', 'SeasonType': 'Regular Season', 'TeamId': '1611661323', 'EntityId': '1611661323'}",shot_pace,1611661323,4Q/OT | margin -3..3 | 300..120,get-shots__shots__entity_type-Team__season-2025__season_type-Regular_Season__team_id-1611661323__entity_id-1611661323__9a6613a2,get-shots,https://api.pbpstats.com/get-shots/wnba?EntityType=Team&Season=2025&SeasonType=Regular+Season&TeamId=1611661323&EntityId=1611661323,200,37,,,,,,False,1611661330,105.0,257,2025-09-10,1022500282,1628263-1629497-1642809-202250-203863,False,ATL,1628269-1628886-1630471-1631009-203398,Haley Peters,203863.0,Tina Charles,202250.0,LongMidRange,1611661323,2,Haley Peters,203863,31,02:13,0,,203398,Brittney Griner,0,,0,,True,-22,1.0,3.7,0.5028,105.0,AtRim,2,133.0,OffShortMidRangeMake,CON,01:45,,15,34,False,shots,4Q/OT | margin -3..3 | 300..120,team
wnba,wnba_shot_pace,shot_pace,shots,get-shots,2025,Regular Season,team,"{'EntityType': 'Team', 'Season': '2025', 'SeasonType': 'Regular Season', 'TeamId': '1611661323', 'EntityId': '1611661323'}",shot_pace,1611661323,4Q/OT | margin -3..3 | 300..120,get-shots__shots__entity_type-Team__season-2025__season_type-Regular_Season__team_id-1611661323__entity_id-1611661323__9a6613a2,get-shots,https://api.pbpstats.com/get-shots/wnba?EntityType=Team&Season=2025&SeasonType=Regular+Season&TeamId=1611661323&EntityId=1611661323,200,38,,,,,,False,1611661330,105.0,255,2025-09-10,1022500282,1628263-1629497-1642809-202250-203863,False,ATL,1628269-1628886-1630471-1631009-203398,,,,,,1611661323,2,Tina Charles,202250,31,02:13,0,,203398,Brittney Griner,0,,0,,False,-22,,20.9,0.3039,109.0,LongMidRange,2,133.0,OffShortMidRangeMake,CON,01:49,,-8,209,False,shots,4Q/OT | margin -3..3 | 300..120,team
wnba,wnba_shot_pace,shot_pace,shots,get-shots,2025,Regular Season,team,"{'EntityType': 'Team', 'Season': '2025', 'SeasonType': 'Regular Season', 'TeamId': '1611661323', 'EntityId': '1611661323'}",shot_pace,1611661323,4Q/OT | margin -3..3 | 300..120,get-shots__shots__entity_type-Team__season-2025__season_type-Regular_Season__team_id-1611661323__entity_id-1611661323__9a6613a2,get-shots,https://api.pbpstats.com/get-shots/wnba?EntityType=Team&Season=2025&SeasonType=Regular+Season&TeamId=1611661323&EntityId=1611661323,200,39,,,False,,,,1611661330,151.0,252,2025-09-10,1022500282,1628263-1629497-1642809-202250-203863,True,ATL,1628269-1628886-1630471-1631009-203398,,0.0,Saniya Rivers,1642809.0,Team,1611661323,2,Marina Mabrey,1629497,29,02:51,0,,0,,0,,0,,False,-22,8.0,3.1,0.6394,151.0,AtRim,2,171.0,OffTimeout,CON,02:31,,-29,11,False,shots,4Q/OT | margin -3..3 | 300..120,team
wnba,wnba_shot_pace,shot_pace,shots,get-shots,2025,Regular Season,team,"{'EntityType': 'Team', 'Season': '2025', 'SeasonType': 'Regular Season', 'TeamId': '1611661323', 'EntityId': '1611661323'}",shot_pace,1611661323,4Q/OT | margin -3..3 | 300..120,get-shots__shots__entity_type-Team__season-2025__season_type-Regular_Season__team_id-1611661323__entity_id-1611661323__9a6613a2,get-shots,https://api.pbpstats.com/get-shots/wnba?EntityType=Team&Season=2025&SeasonType=Regular+Season&TeamId=1611661323&EntityId=1611661323,200,40,,,,,,False,1611661330,151.0,249,2025-09-10,1022500282,1628263-1629497-1642809-202250-203863,False,ATL,1628269-1628886-1630471-1631009-203398,,,,,,1611661323,2,Saniya Rivers,1642809,29,02:51,0,,0,,0,,0,,False,-22,,23.5,0.4311,161.0,Arc3,3,171.0,OffTimeout,CON,02:41,,-214,97,False,shots,4Q/OT | margin -3..3 | 300..120,team
wnba,wnba_shot_pace,shot_pace,shots,get-shots,2025,Regular Season,team,"{'EntityType': 'Team', 'Season': '2025', 'SeasonType': 'Regular Season', 'TeamId': '1611661323', 'EntityId': '1611661323'}",shot_pace,1611661323,4Q/OT | margin -3..3 | 300..120,get-shots__shots__entity_type-Team__season-2025__season_type-Regular_Season__team_id-1611661323__entity_id-1611661323__9a6613a2,get-shots,https://api.pbpstats.com/get-shots/wnba?EntityType=Team&Season=2025&SeasonType=Regular+Season&TeamId=1611661323&EntityId=1611661323,200,41,Saniya Rivers,1642809.0,True,,,,1611661330,181.0,238,2025-09-10,1022500282,1628263-1629497-1642800-1642809-202250,True,ATL,1628269-1628886-1630471-1631009-203398,,,,,,1611661323,2,Tina Charles,202250,27,03:13,1642809,Saniya Rivers,1631009,Rhyne Howard,0,,0,,False,-24,,3.1,0.5484,181.0,AtRim,2,193.0,OffAtRimMiss,CON,03:01,,-12,29,False,shots,4Q/OT | margin -3..3 | 300..120,team
wnba,wnba_shot_pace,shot_pace,shots,get-shots,2025,Regular Season,team,"{'EntityType': 'Team', 'Season': '2025', 'SeasonType': 'Regular Season', 'TeamId': '1611661323', 'EntityId': '1611661323'}",shot_pace,1611661323,4Q/OT | margin -3..3 | 300..120,get-shots__shots__entity_type-Team__season-2025__season_type-Regular_Season__team_id-1611661323__entity_id-1611661323__9a6613a2,get-shots,https://api.pbpstats.com/get-shots/wnba?EntityType=Team&Season=2025&SeasonType=Regular+Season&TeamId=1611661323&EntityId=1611661323,200,42,,,,Nia Coffey,1628269.0,True,1611661330,203.0,230,2025-09-10,1022500282,1628263-1629497-1642800-1642809-202250,False,ATL,1628269-1628277-1630471-1642804-203398,,,,,,1611661323,2,Aneesah Morrow,1642800,25,03:45,0,,203398,Brittney Griner,0,,0,,False,-23,,4.7,0.3828,206.0,ShortMidRange,2,225.0,OffAtRimMake,CON,03:26,,0,47,False,shots,4Q/OT | margin -3..3 | 300..120,team
wnba,wnba_shot_pace,shot_pace,shots,get-shots,2025,Regular Season,team,"{'EntityType': 'Team', 'Season': '2025', 'SeasonType': 'Regular Season', 'TeamId': '1611661323', 'EntityId': '1611661323'}",shot_pace,1611661323,4Q/OT | margin -3..3 | 300..120,get-shots__shots__entity_type-Team__season-2025__season_type-Regular_Season__team_id-1611661323__entity_id-1611661323__9a6613a2,get-shots,https://api.pbpstats.com/get-shots/wnba?EntityType=Team&Season=2025&SeasonType=Regular+Season&TeamId=1611661323&EntityId=1611661323,200,43,Marina Mabrey,1629497.0,True,,,,1611661330,249.0,226,2025-09-10,1022500282,1628263-1629497-1642800-1642809-202250,True,ATL,1628269-1628277-1630471-1642804-203398,,,,,,1611661323,2,Saniya Rivers,1642809,23,04:24,1629497,Marina Mabrey,1628277,Allisha Gray,0,,0,,False,-24,,25.1,0.334,249.0,Arc3,3,264.0,OffArc3Miss,CON,04:09,,-113,224,False,shots,4Q/OT | margin -3..3 | 300..120,team
wnba,wnba_shot_pace,shot_pace,shots,get-shots,2025,Regular Season,team,"{'EntityType': 'Team', 'Season': '2025', 'SeasonType': 'Regular Season', 'TeamId': '1611661323', 'EntityId': '1611661323'}",shot_pace,1611661323,4Q/OT | margin -3..3 | 300..120,get-shots__shots__entity_type-Team__season-2025__season_type-Regular_Season__team_id-1611661323__entity_id-1611661323__9a6613a2,get-shots,https://api.pbpstats.com/get-shots/wnba?EntityType=Team&Season=2025&SeasonType=Regular+Season&TeamId=1611661323&EntityId=1611661323,200,44,,,,,,False,1611661330,276.0,222,2025-09-10,1022500282,1628263-1629497-1642800-1642809-202250,False,ATL,1628269-1628277-1630471-1642804-203398,,,,,,1611661323,2,Aneesah Morrow,1642800,21,04:46,0,,1628269,Nia Coffey,0,,0,,False,-24,,24.6,0.3882,279.0,Arc3,3,286.0,OffAtRimMake,CON,04:39,,126,211,False,shots,4Q/OT | margin -3..3 | 300..120,team
wnba,wnba_shot_pace,shot_pace,shots,get-shots,2025,Regular Season,team,"{'EntityType': 'Team', 'Season': '2025', 'SeasonType': 'Regular Season', 'TeamId': '1611661323', 'EntityId': '1611661323'}",shot_pace,1611661323,4Q/OT | margin -3..3 | 300..120,get-shots__shots__entity_type-Team__season-2025__season_type-Regular_Season__team_id-1611661323__entity_id-1611661323__9a6613a2,get-shots,https://api.pbpstats.com/get-shots/wnba?EntityType=Team&Season=2025&SeasonType=Regular+Season&TeamId=1611661323&EntityId=1611661323,200,45,Marina Mabrey,1629497.0,True,,,,1611661330,306.0,217,2025-09-10,1022500282,1628263-1629497-1642800-1642809-202250,True,ATL,1628269-1628277-1630471-1642804-203398,,0.0,Aneesah Morrow,1642800.0,TeamBlocked,1611661323,2,Aneesah Morrow,1642800,19,05:35,0,,203398,Brittney Griner,0,,0,,False,-24,6.0,2.4,0.7044,306.0,AtRim,2,335.0,OffShortMidRangeMake,CON,05:06,,6,23,False,shots,4Q/OT | margin -3..3 | 300..120,team
wnba,wnba_shot_pace,shot_pace,shots,get-shots,2025,Regular Season,team,"{'EntityType': 'Team', 'Season': '2025', 'SeasonType': 'Regular Season', 'TeamId': '1611661323', 'EntityId': '1611661323'}",shot_pace,1611661323,4Q/OT | margin -3..3 | 300..120,get-shots__shots__entity_type-Team__season-2025__season_type-Regular_Season__team_id-1611661323__entity_id-1611661323__9a6613a2,get-shots,https://api.pbpstats.com/get-shots/wnba?EntityType=Team&Season=2025&SeasonType=Regular+Season&TeamId=1611661323&EntityId=1611661323,200,46,,,,Allisha Gray,1628277.0,True,1611661330,306.0,210,2025-09-10,1022500282,1628263-1629497-1642800-1642809-202250,False,ATL,1628277-1630471-1631044-1642804-203398,,0.0,Marina Mabrey,1629497.0,Team,1611661323,2,Aneesah Morrow,1642800,19,05:35,0,,203398,Brittney Griner,0,,0,,False,-24,5.0,4.0,0.4987,312.0,ShortMidRange,2,335.0,OffShortMidRangeMake,CON,05:12,,-21,34,False,shots,4Q/OT | margin -3..3 | 300..120,team
wnba,wnba_shot_pace,shot_pace,shots,get-shots,2025,Regular Season,team,"{'EntityType': 'Team', 'Season': '2025', 'SeasonType': 'Regular Season', 'TeamId': '1611661323', 'EntityId': '1611661323'}",shot_pace,1611661323,4Q/OT | margin -3..3 | 300..120,get-shots__shots__entity_type-Team__season-2025__season_type-Regular_Season__team_id-1611661323__entity_id-1611661323__9a6613a2,get-shots,https://api.pbpstats.com/get-shots/wnba?EntityType=Team&Season=2025&SeasonType=Regular+Season&TeamId=1611661323&EntityId=1611661323,200,47,,,,,,False,1611661330,306.0,206,2025-09-10,1022500282,1628263-1629497-1642800-1642809-202250,False,ATL,1628277-1630471-1631044-1642804-203398,,,,,,1611661323,2,Marina Mabrey,1629497,19,05:35,0,,203398,Brittney Griner,0,,0,,False,-24,,24.9,0.3869,317.0,Arc3,3,335.0,OffShortMidRangeMake,CON,05:17,,-185,167,False,shots,4Q/OT | margin -3..3 | 300..120,team
wnba,wnba_shot_pace,shot_pace,shots,get-shots,2025,Regular Season,team,"{'EntityType': 'Team', 'Season': '2025', 'SeasonType': 'Regular Season', 'TeamId': '1611661323', 'EntityId': '1611661323'}",shot_pace,1611661323,4Q/OT | margin -3..3 | 300..120,get-shots__shots__entity_type-Team__season-2025__season_type-Regular_Season__team_id-1611661323__entity_id-1611661323__9a6613a2,get-shots,https://api.pbpstats.com/get-shots/wnba?EntityType=Team&Season=2025&SeasonType=Regular+Season&TeamId=1611661323&EntityId=1611661323,200,48,,,,,,False,1611661330,351.0,202,2025-09-10,1022500282,1628263-1629497-1642800-1642809-202250,False,ATL,1628277-1630471-1631044-1642804-203398,,,,,,1611661323,2,Tina Charles,202250,17,06:02,0,,0,,1629497,Marina Mabrey,1642804,Te-Hina Paopao,False,-22,,4.9,0.368,353.0,ShortMidRange,2,362.0,OffLiveBallTurnover,CON,05:53,,-1,-49,False,shots,4Q/OT | margin -3..3 | 300..120,team
wnba,wnba_shot_pace,shot_pace,shots,get-shots,2025,Regular Season,team,"{'EntityType': 'Team', 'Season': '2025', 'SeasonType': 'Regular Season', 'TeamId': '1611661323', 'EntityId': '1611661323'}",shot_pace,1611661323,4Q/OT | margin -3..3 | 300..120,get-shots__shots__entity_type-Team__season-2025__season_type-Regular_Season__team_id-1611661323__entity_id-1611661323__9a6613a2,get-shots,https://api.pbpstats.com/get-shots/wnba?EntityType=Team&Season=2025&SeasonType=Regular+Season&TeamId=1611661323&EntityId=1611661323,200,49,,,False,,,,1611661330,377.0,199,2025-09-10,1022500282,1628263-1629497-1642800-1642809-202250,True,ATL,1628277-1630471-1631044-1642804-203398,,,,,,1611661323,2,Marina Mabrey,1629497,15,06:41,0,,0,,0,,0,,False,-24,,16.1,0.1921,377.0,LongMidRange,2,401.0,OffTimeout,CON,06:17,,-154,47,False,shots,4Q/OT | margin -3..3 | 300..120,team
wnba,wnba_shot_pace,shot_pace,shots,get-shots,2025,Regular Season,team,"{'EntityType': 'Team', 'Season': '2025', 'SeasonType': 'Regular Season', 'TeamId': '1611661323', 'EntityId': '1611661323'}",shot_pace,1611661323,4Q/OT | margin -3..3 | 300..120,get-shots__shots__entity_type-Team__season-2025__season_type-Regular_Season__team_id-1611661323__entity_id-1611661323__9a6613a2,get-shots,https://api.pbpstats.com/get-shots/wnba?EntityType=Team&Season=2025&SeasonType=Regular+Season&TeamId=1611661323&EntityId=1611661323,200,50,,,,,,False,1611661330,408.0,188,2025-09-10,1022500282,1628263-1629497-1642290-1642800-1642809,False,ATL,1628277-1628278-1630471-1631044-203398,Saniya Rivers,1642809.0,Saniya Rivers,1642809.0,AtRimBlocked,1611661323,2,Saniya Rivers,1642809,13,07:07,0,,0,,1642290,Aaliyah Edwards,1630471,Maya Caldwell,False,-21,3.0,2.7,0.6164,408.0,AtRim,2,427.0,OffLiveBallTurnover,CON,06:48,,5,27,False,shots,4Q/OT | margin -3..3 | 300..120,team
wnba,wnba_shot_pace,shot_pace,shots,get-shots,2025,Regular Season,team,"{'EntityType': 'Team', 'Season': '2025', 'SeasonType': 'Regular Season', 'TeamId': '1611661323', 'EntityId': '1611661323'}",shot_pace,1611661323,4Q/OT | margin -3..3 | 300..120,get-shots__shots__entity_type-Team__season-2025__season_type-Regular_Season__team_id-1611661323__entity_id-1611661323__9a6613a2,get-shots,https://api.pbpstats.com/get-shots/wnba?EntityType=Team&Season=2025&SeasonType=Regular+Season&TeamId=1611661323&EntityId=1611661323,200,51,,,,Brittney Griner,203398.0,True,1611661330,408.0,185,2025-09-10,1022500282,1628263-1629497-1642290-1642800-1642809,False,ATL,1628277-1628278-1630471-1631044-203398,,,,,,1611661323,2,Saniya Rivers,1642809,13,07:07,0,,0,,1642290,Aaliyah Edwards,1630471,Maya Caldwell,False,-21,,2.9,0.5092,413.0,AtRim,2,427.0,OffLiveBallTurnover,CON,06:53,,12,26,False,shots,4Q/OT | margin -3..3 | 300..120,team
wnba,wnba_shot_pace,shot_pace,shots,get-shots,2025,Regular Season,team,"{'EntityType': 'Team', 'Season': '2025', 'SeasonType': 'Regular Season', 'TeamId': '1611661323', 'EntityId': '1611661323'}",shot_pace,1611661323,4Q/OT | margin -3..3 | 300..120,get-shots__shots__entity_type-Team__season-2025__season_type-Regular_Season__team_id-1611661323__entity_id-1611661323__9a6613a2,get-shots,https://api.pbpstats.com/get-shots/wnba?EntityType=Team&Season=2025&SeasonType=Regular+Season&TeamId=1611661323&EntityId=1611661323,200,52,,,,,,False,1611661330,439.0,172,2025-09-10,1022500282,1628263-1629497-1642290-1642800-1642809,False,ATL,1628280-1630471-1631009-1631044-1642804,Aaliyah Edwards,1642290.0,Aneesah Morrow,1642800.0,AtRim,1611661323,2,Aaliyah Edwards,1642290,11,07:34,1642800,Aneesah Morrow,1628280,Brionna Jones,0,,0,,True,-21,0.0,0.6,0.7564,439.0,AtRim,2,454.0,OffAtRimMiss,CON,07:19,,0,-6,False,shots,4Q/OT | margin -3..3 | 300..120,team
wnba,wnba_shot_pace,shot_pace,shots,get-shots,2025,Regular Season,team,"{'EntityType': 'Team', 'Season': '2025', 'SeasonType': 'Regular Season', 'TeamId': '1611661323', 'EntityId': '1611661323'}",shot_pace,1611661323,4Q/OT | margin -3..3 | 300..120,get-shots__shots__entity_type-Team__season-2025__season_type-Regular_Season__team_id-1611661323__entity_id-1611661323__9a6613a2,get-shots,https://api.pbpstats.com/get-shots/wnba?EntityType=Team&Season=2025&SeasonType=Regular+Season&TeamId=1611661323&EntityId=1611661323,200,53,,,,,,False,1611661330,439.0,170,2025-09-10,1022500282,1628263-1629497-1642290-1642800-1642809,False,ATL,1628280-1630471-1631009-1631044-1642804,Aneesah Morrow,1642800.0,Saniya Rivers,1642809.0,ShortMidRange,1611661323,2,Aneesah Morrow,1642800,11,07:34,1642800,Aneesah Morrow,1628280,Brionna Jones,0,,0,,False,-21,4.0,3.5,0.5508,440.0,AtRim,2,454.0,OffAtRimMiss,CON,07:20,,12,33,False,shots,4Q/OT | margin -3..3 | 300..120,team
wnba,wnba_shot_pace,shot_pace,shots,get-shots,2025,Regular Season,team,"{'EntityType': 'Team', 'Season': '2025', 'SeasonType': 'Regular Season', 'TeamId': '1611661323', 'EntityId': '1611661323'}",shot_pace,1611661323,4Q/OT | margin -3..3 | 300..120,get-shots__shots__entity_type-Team__season-2025__season_type-Regular_Season__team_id-1611661323__entity_id-1611661323__9a6613a2,get-shots,https://api.pbpstats.com/get-shots/wnba?EntityType=Team&Season=2025&SeasonType=Regular+Season&TeamId=1611661323&EntityId=1611661323,200,54,,,,,,False,1611661330,439.0,168,2025-09-10,1022500282,1628263-1629497-1642290-1642800-1642809,False,ATL,1628280-1630471-1631009-1631044-1642804,,,,,,1611661323,2,Saniya Rivers,1642809,11,07:34,1642800,Aneesah Morrow,1628280,Brionna Jones,0,,0,,False,-21,,9.2,0.3969,447.0,ShortMidRange,2,454.0,OffAtRimMiss,CON,07:27,,-91,13,False,shots,4Q/OT | margin -3..3 | 300..120,team
wnba,wnba_shot_pace,shot_pace,shots,get-shots,2025,Regular Season,team,"{'EntityType': 'Team', 'Season': '2025', 'SeasonType': 'Regular Season', 'TeamId': '1611661323', 'EntityId': '1611661323'}",shot_pace,1611661323,4Q/OT | margin -3..3 | 300..120,get-shots__shots__entity_type-Team__season-2025__season_type-Regular_Season__team_id-1611661323__entity_id-1611661323__9a6613a2,get-shots,https://api.pbpstats.com/get-shots/wnba?EntityType=Team&Season=2025&SeasonType=Regular+Season&TeamId=1611661323&EntityId=1611661323,200,55,,,,,,False,1611661330,460.0,163,2025-09-10,1022500282,1628263-1629497-1642290-1642800-1642809,False,ATL,1628280-1630471-1631009-1631044-1642804,,,,,,1611661323,2,Aneesah Morrow,1642800,9,07:55,1642290,Aaliyah Edwards,1628280,Brionna Jones,0,,0,,False,-21,,25.8,0.3426,463.0,Arc3,3,475.0,OffFTMiss,CON,07:43,,121,228,False,shots,4Q/OT | margin -3..3 | 300..120,team
wnba,wnba_shot_pace,shot_pace,shots,get-shots,2025,Regular Season,team,"{'EntityType': 'Team', 'Season': '2025', 'SeasonType': 'Regular Season', 'TeamId': '1611661323', 'EntityId': '1611661323'}",shot_pace,1611661323,4Q/OT | margin -3..3 | 300..120,get-shots__shots__entity_type-Team__season-2025__season_type-Regular_Season__team_id-1611661323__entity_id-1611661323__9a6613a2,get-shots,https://api.pbpstats.com/get-shots/wnba?EntityType=Team&Season=2025&SeasonType=Regular+Season&TeamId=1611661323&EntityId=1611661323,200,56,,,,,,False,1611661330,551.0,138,2025-09-10,1022500282,1628263-1642290-1642800-1642809-1642841,False,ATL,1628269-1628280-1630471-1631009-1642804,,,,,,1611661323,2,Lindsay Allen,1628263,3,09:31,0,,1628280,Brionna Jones,0,,0,,False,-20,,23.7,0.3614,553.0,Corner3,3,571.0,OffAtRimMake,CON,09:13,,235,28,False,shots,4Q/OT | margin -3..3 | 300..120,team
wnba,wnba_shot_pace,shot_pace,shots,get-shots,2025,Regular Season,team,"{'EntityType': 'Team', 'Season': '2025', 'SeasonType': 'Regular Season', 'TeamId': '1611661323', 'EntityId': '1611661323'}",shot_pace,1611661323,4Q/OT | margin -3..3 | 300..120,get-shots__shots__entity_type-Team__season-2025__season_type-Regular_Season__team_id-1611661323__entity_id-1611661323__9a6613a2,get-shots,https://api.pbpstats.com/get-shots/wnba?EntityType=Team&Season=2025&SeasonType=Regular+Season&TeamId=1611661323&EntityId=1611661323,200,57,,,,,,False,1611661330,582.0,134,2025-09-10,1022500282,1628263-1642290-1642800-1642809-1642841,False,ATL,1628269-1628280-1630471-1631009-1642804,,,,,,1611661323,2,Lindsay Allen,1628263,1,10:00,0,,0,,0,,0,,False,-18,,8.1,0.4147,585.0,ShortMidRange,2,600.0,OffDeadball,CON,09:45,,11,80,False,shots,4Q/OT | margin -3..3 | 300..120,team
wnba,wnba_shot_pace,shot_pace,shots,get-shots,2025,Regular Season,team,"{'EntityType': 'Team', 'Season': '2025', 'SeasonType': 'Regular Season', 'TeamId': '1611661323', 'EntityId': '1611661323'}",shot_pace,1611661323,4Q/OT | margin -3..3 | 300..120,get-shots__shots__entity_type-Team__season-2025__season_type-Regular_Season__team_id-1611661323__entity_id-1611661323__9a6613a2,get-shots,https://api.pbpstats.com/get-shots/wnba?EntityType=Team&Season=2025&SeasonType=Regular+Season&TeamId=1611661323&EntityId=1611661323,200,58,,,,,,False,1611661330,68.0,104,2025-09-10,1022500282,1629497-1642290-1642796-1642809-1642841,False,ATL,1628269-1628277-1628886-1630471-203398,Aaliyah Edwards,1642290.0,Saniya Rivers,1642809.0,LongMidRange,1611661323,1,Mamignan Touré,1642841,32,01:34,0,,1628886,Jordin Canada,0,,0,,False,-10,7.0,27.3,0.3855,69.0,Arc3,3,94.0,OffAtRimMake,CON,01:09,,170,214,False,shots,4Q/OT | margin -3..3 | 300..120,team
wnba,wnba_shot_pace,shot_pace,shots,get-shots,2025,Regular Season,team,"{'EntityType': 'Team', 'Season': '2025', 'SeasonType': 'Regular Season', 'TeamId': '1611661323', 'EntityId': '1611661323'}",shot_pace,1611661323,4Q/OT | margin -3..3 | 300..120,get-shots__shots__entity_type-Team__season-2025__season_type-Regular_Season__team_id-1611661323__entity_id-1611661323__9a6613a2,get-shots,https://api.pbpstats.com/get-shots/wnba?EntityType=Team&Season=2025&SeasonType=Regular+Season&TeamId=1611661323&EntityId=1611661323,200,59,,,,,,False,1611661330,68.0,102,2025-09-10,1022500282,1629497-1642290-1642796-1642809-1642841,False,ATL,1628269-1628277-1628886-1630471-203398,,,,,,1611661323,1,Saniya Rivers,1642809,32,01:34,0,,1628886,Jordin Canada,0,,0,,False,-10,,16.3,0.4036,79.0,LongMidRange,2,94.0,OffAtRimMake,CON,01:19,,1,163,False,shots,4Q/OT | margin -3..3 | 300..120,team
wnba,wnba_shot_pace,shot_pace,shots,get-shots,2025,Regular Season,team,"{'EntityType': 'Team', 'Season': '2025', 'SeasonType': 'Regular Season', 'TeamId': '1611661323', 'EntityId': '1611661323'}",shot_pace,1611661323,4Q/OT | margin -3..3 | 300..120,get-shots__shots__entity_type-Team__season-2025__season_type-Regular_Season__team_id-1611661323__entity_id-1611661323__9a6613a2,get-shots,https://api.pbpstats.com/get-shots/wnba?EntityType=Team&Season=2025&SeasonType=Regular+Season&TeamId=1611661323&EntityId=1611661323,200,60,,,,Nia Coffey,1628269.0,True,1611661330,110.0,92,2025-09-10,1022500282,1628263-1629497-1642290-1642796-1642841,False,ATL,1628269-1628277-1628886-1630471-203398,,,,,,1611661323,1,Aaliyah Edwards,1642290,30,02:12,0,,1628269,Nia Coffey,0,,0,,False,-10,,2.1,0.5925,111.0,AtRim,2,132.0,OffAtRimMake,CON,01:51,,13,17,False,shots,4Q/OT | margin -3..3 | 300..120,team
wnba,wnba_shot_pace,shot_pace,shots,get-shots,2025,Regular Season,team,"{'EntityType': 'Team', 'Season': '2025', 'SeasonType': 'Regular Season', 'TeamId': '1611661323', 'EntityId': '1611661323'}",shot_pace,1611661323,4Q/OT | margin -3..3 | 300..120,get-shots__shots__entity_type-Team__season-2025__season_type-Regular_Season__team_id-1611661323__entity_id-1611661323__9a6613a2,get-shots,https://api.pbpstats.com/get-shots/wnba?EntityType=Team&Season=2025&SeasonType=Regular+Season&TeamId=1611661323&EntityId=1611661323,200,61,,,,,,False,1611661330,151.0,86,2025-09-10,1022500282,1628263-1629497-1642290-1642796-1642841,False,ATL,1628269-1628277-1628886-1630471-203398,,,,,,1611661323,1,Marina Mabrey,1629497,28,02:43,0,,0,,0,,0,,False,-8,,23.7,0.3982,153.0,Corner3,3,163.0,OffFTMake,CON,02:33,,229,60,False,shots,4Q/OT | margin -3..3 | 300..120,team
wnba,wnba_shot_pace,shot_pace,shots,get-shots,2025,Regular Season,team,"{'EntityType': 'Team', 'Season': '2025', 'SeasonType': 'Regular Season', 'TeamId': '1611661323', 'EntityId': '1611661323'}",shot_pace,1611661323,4Q/OT | margin -3..3 | 300..120,get-shots__shots__entity_type-Team__season-2025__season_type-Regular_Season__team_id-1611661323__entity_id-1611661323__9a6613a2,get-shots,https://api.pbpstats.com/get-shots/wnba?EntityType=Team&Season=2025&SeasonType=Regular+Season&TeamId=1611661323&EntityId=1611661323,200,62,,,,Brittney Griner,203398.0,True,1611661330,172.0,74,2025-09-10,1022500282,1628263-1629497-1642290-1642841-202250,False,ATL,1628269-1628886-1630471-1642804-203398,Tina Charles,202250.0,Aaliyah Edwards,1642290.0,ShortMidRange,1611661323,1,Tina Charles,202250,26,03:14,1642290,Aaliyah Edwards,1628269,Nia Coffey,0,,0,,True,-5,2.0,3.2,0.5407,172.0,AtRim,2,194.0,OffArc3Miss,CON,02:52,,22,23,False,shots,4Q/OT | margin -3..3 | 300..120,team
wnba,wnba_shot_pace,shot_pace,shots,get-shots,2025,Regular Season,team,"{'EntityType': 'Team', 'Season': '2025', 'SeasonType': 'Regular Season', 'TeamId': '1611661323', 'EntityId': '1611661323'}",shot_pace,1611661323,4Q/OT | margin -3..3 | 300..120,get-shots__shots__entity_type-Team__season-2025__season_type-Regular_Season__team_id-1611661323__entity_id-1611661323__9a6613a2,get-shots,https://api.pbpstats.com/get-shots/wnba?EntityType=Team&Season=2025&SeasonType=Regular+Season&TeamId=1611661323&EntityId=1611661323,200,63,,,,,,False,1611661330,172.0,72,2025-09-10,1022500282,1628263-1629497-1642290-1642841-202250,False,ATL,1628269-1628886-1630471-1642804-203398,,,,,,1611661323,1,Aaliyah Edwards,1642290,26,03:14,1642290,Aaliyah Edwards,1628269,Nia Coffey,0,,0,,False,-5,,4.4,0.3576,176.0,ShortMidRange,2,194.0,OffArc3Miss,CON,02:56,,13,42,False,shots,4Q/OT | margin -3..3 | 300..120,team
wnba,wnba_shot_pace,shot_pace,shots,get-shots,2025,Regular Season,team,"{'EntityType': 'Team', 'Season': '2025', 'SeasonType': 'Regular Season', 'TeamId': '1611661323', 'EntityId': '1611661323'}",shot_pace,1611661323,4Q/OT | margin -3..3 | 300..120,get-shots__shots__entity_type-Team__season-2025__season_type-Regular_Season__team_id-1611661323__entity_id-1611661323__9a6613a2,get-shots,https://api.pbpstats.com/get-shots/wnba?EntityType=Team&Season=2025&SeasonType=Regular+Season&TeamId=1611661323&EntityId=1611661323,200,64,,,False,,,,1611661330,258.0,60,2025-09-10,1022500282,1628263-1629497-1642290-1642809-202250,True,ATL,1630471-1631009-1631044-1642804-203398,,,,,,1611661323,1,Tina Charles,202250,22,04:32,0,,0,,1642290,Aaliyah Edwards,1642804,Te-Hina Paopao,False,-5,,19.9,0.4086,258.0,LongMidRange,2,272.0,OffLiveBallTurnover,CON,04:18,,73,185,False,shots,4Q/OT | margin -3..3 | 300..120,team
wnba,wnba_shot_pace,shot_pace,shots,get-shots,2025,Regular Season,team,"{'EntityType': 'Team', 'Season': '2025', 'SeasonType': 'Regular Season', 'TeamId': '1611661323', 'EntityId': '1611661323'}",shot_pace,1611661323,4Q/OT | margin -3..3 | 300..120,get-shots__shots__entity_type-Team__season-2025__season_type-Regular_Season__team_id-1611661323__entity_id-1611661323__9a6613a2,get-shots,https://api.pbpstats.com/get-shots/wnba?EntityType=Team&Season=2025&SeasonType=Regular+Season&TeamId=1611661323&EntityId=1611661323,200,65,,,,Brittney Griner,203398.0,True,1611661330,285.0,56,2025-09-10,1022500282,1628263-1629497-1642290-1642809-202250,False,ATL,1630471-1631009-1631044-1642804-203398,,,,,,1611661323,1,Marina Mabrey,1629497,20,04:58,1628263,Lindsay Allen,203398,Brittney Griner,0,,0,,False,-5,,3.0,0.5276,287.0,AtRim,2,298.0,OffShortMidRangeMiss,CON,04:47,,11,28,False,shots,4Q/OT | margin -3..3 | 300..120,team
wnba,wnba_shot_pace,shot_pace,shots,get-shots,2025,Regular Season,team,"{'EntityType': 'Team', 'Season': '2025', 'SeasonType': 'Regular Season', 'TeamId': '1611661323', 'EntityId': '1611661323'}",shot_pace,1611661323,4Q/OT | margin -3..3 | 300..120,get-shots__shots__entity_type-Team__season-2025__season_type-Regular_Season__team_id-1611661323__entity_id-1611661323__9a6613a2,get-shots,https://api.pbpstats.com/get-shots/wnba?EntityType=Team&Season=2025&SeasonType=Regular+Season&TeamId=1611661323&EntityId=1611661323,200,66,Tina Charles,202250.0,True,,,,1611661330,317.0,52,2025-09-10,1022500282,1628263-1629497-1642290-1642809-202250,True,ATL,1630471-1631009-1631044-1642804-203398,,,,,,1611661323,1,Marina Mabrey,1629497,18,05:31,0,,0,,0,,0,,False,-7,,21.4,0.3943,317.0,LongMidRange,2,331.0,OffDeadball,CON,05:17,,-8,214,False,shots,4Q/OT | margin -3..3 | 300..120,team
wnba,wnba_shot_pace,shot_pace,shots,get-shots,2025,Regular Season,team,"{'EntityType': 'Team', 'Season': '2025', 'SeasonType': 'Regular Season', 'TeamId': '1611661323', 'EntityId': '1611661323'}",shot_pace,1611661323,4Q/OT | margin -3..3 | 300..120,get-shots__shots__entity_type-Team__season-2025__season_type-Regular_Season__team_id-1611661323__entity_id-1611661323__9a6613a2,get-shots,https://api.pbpstats.com/get-shots/wnba?EntityType=Team&Season=2025&SeasonType=Regular+Season&TeamId=1611661323&EntityId=1611661323,200,67,,,,,,False,1611661330,338.0,43,2025-09-10,1022500282,1628263-1629497-1642800-1642809-202250,False,ATL,1628277-1631009-1631044-1642804-203398,,,,,,1611661323,1,Tina Charles,202250,16,05:48,1628263,Lindsay Allen,203398,Brittney Griner,0,,0,,False,-7,,24.5,0.3746,340.0,Arc3,3,348.0,OffAtRimMiss,CON,05:40,,-27,244,False,shots,4Q/OT | margin -3..3 | 300..120,team
wnba,wnba_shot_pace,shot_pace,shots,get-shots,2025,Regular Season,team,"{'EntityType': 'Team', 'Season': '2025', 'SeasonType': 'Regular Season', 'TeamId': '1611661323', 'EntityId': '1611661323'}",shot_pace,1611661323,4Q/OT | margin -3..3 | 300..120,get-shots__shots__entity_type-Team__season-2025__season_type-Regular_Season__team_id-1611661323__entity_id-1611661323__9a6613a2,get-shots,https://api.pbpstats.com/get-shots/wnba?EntityType=Team&Season=2025&SeasonType=Regular+Season&TeamId=1611661323&EntityId=1611661323,200,68,Marina Mabrey,1629497.0,True,,,,1611661330,402.0,35,2025-09-10,1022500282,1628263-1629497-1642800-1642809-202250,True,ATL,1628277-1631009-1631044-1642804-203398,,,,,,1611661323,1,Tina Charles,202250,12,06:58,0,,0,,0,,0,,False,-6,,3.2,0.4601,402.0,AtRim,2,418.0,OffTimeout,CON,06:42,,-16,28,False,shots,4Q/OT | margin -3..3 | 300..120,team
wnba,wnba_shot_pace,shot_pace,shots,get-shots,2025,Regular Season,team,"{'EntityType': 'Team', 'Season': '2025', 'SeasonType': 'Regular Season', 'TeamId': '1611661323', 'EntityId': '1611661323'}",shot_pace,1611661323,4Q/OT | margin -3..3 | 300..120,get-shots__shots__entity_type-Team__season-2025__season_type-Regular_Season__team_id-1611661323__entity_id-1611661323__9a6613a2,get-shots,https://api.pbpstats.com/get-shots/wnba?EntityType=Team&Season=2025&SeasonType=Regular+Season&TeamId=1611661323&EntityId=1611661323,200,69,,,,,,False,1611661330,441.0,29,2025-09-10,1022500282,1628263-1629497-1642800-1642809-202250,False,ATL,1628277-1628280-1631009-1631044-1642804,,,,,,1611661323,1,Tina Charles,202250,10,07:38,0,,1631009,Rhyne Howard,0,,0,,False,-4,,19.2,0.3815,442.0,LongMidRange,2,458.0,OffArc3Make,CON,07:22,,92,168,False,shots,4Q/OT | margin -3..3 | 300..120,team
wnba,wnba_shot_pace,shot_pace,shots,get-shots,2025,Regular Season,team,"{'EntityType': 'Team', 'Season': '2025', 'SeasonType': 'Regular Season', 'TeamId': '1611661323', 'EntityId': '1611661323'}",shot_pace,1611661323,4Q/OT | margin -3..3 | 300..120,get-shots__shots__entity_type-Team__season-2025__season_type-Regular_Season__team_id-1611661323__entity_id-1611661323__9a6613a2,get-shots,https://api.pbpstats.com/get-shots/wnba?EntityType=Team&Season=2025&SeasonType=Regular+Season&TeamId=1611661323&EntityId=1611661323,200,70,,,,,,False,1611661330,467.0,25,2025-09-10,1022500282,1628263-1629497-1642800-1642809-202250,False,ATL,1628277-1628280-1631009-1631044-1642804,,,,,,1611661323,1,Saniya Rivers,1642809,8,08:07,0,,1628280,Brionna Jones,0,,0,,False,-1,,24.6,0.3803,468.0,Corner3,3,487.0,OffAtRimMake,CON,07:48,,-232,81,False,shots,4Q/OT | margin -3..3 | 300..120,team
wnba,wnba_shot_pace,shot_pace,shots,get-shots,2025,Regular Season,team,"{'EntityType': 'Team', 'Season': '2025', 'SeasonType': 'Regular Season', 'TeamId': '1611661323', 'EntityId': '1611661323'}",shot_pace,1611661323,4Q/OT | margin -3..3 | 300..120,get-shots__shots__entity_type-Team__season-2025__season_type-Regular_Season__team_id-1611661323__entity_id-1611661323__9a6613a2,get-shots,https://api.pbpstats.com/get-shots/wnba?EntityType=Team&Season=2025&SeasonType=Regular+Season&TeamId=1611661323&EntityId=1611661323,200,71,Saniya Rivers,1642809.0,True,,,,1611661330,498.0,21,2025-09-10,1022500282,1628263-1629497-1642800-1642809-202250,True,ATL,1628277-1628280-1631009-1631044-1642804,,,,,,1611661323,1,Tina Charles,202250,6,08:41,0,,1631044,Naz Hillmon,0,,0,,False,-1,,20.4,0.3628,498.0,LongMidRange,2,521.0,OffAtRimMake,CON,08:18,,-33,201,False,shots,4Q/OT | margin -3..3 | 300..120,team
wnba,wnba_shot_pace,shot_pace,shots,get-shots,2025,Regular Season,team,"{'EntityType': 'Team', 'Season': '2025', 'SeasonType': 'Regular Season', 'TeamId': '1611661323', 'EntityId': '1611661323'}",shot_pace,1611661323,4Q/OT | margin -3..3 | 300..120,get-shots__shots__entity_type-Team__season-2025__season_type-Regular_Season__team_id-1611661323__entity_id-1611661323__9a6613a2,get-shots,https://api.pbpstats.com/get-shots/wnba?EntityType=Team&Season=2025&SeasonType=Regular+Season&TeamId=1611661323&EntityId=1611661323,200,72,Lindsay Allen,1628263.0,True,,,,1611661330,563.0,9,2025-09-10,1022500282,1628263-1629497-1642800-1642809-202250,True,ATL,1628277-1628280-1631009-1631044-1642804,,,,,,1611661323,1,Marina Mabrey,1629497,2,09:39,1642800,Aneesah Morrow,1642804,Te-Hina Paopao,0,,0,,False,0,,24.6,0.3573,563.0,Arc3,3,579.0,OffArc3Miss,CON,09:23,,220,109,False,shots,4Q/OT | margin -3..3 | 300..120,team
wnba,wnba_shot_pace,shot_pace,shots,get-shots,2025,Regular Season,team,"{'EntityType': 'Team', 'Season': '2025', 'SeasonType': 'Regular Season', 'TeamId': '1611661323', 'EntityId': '1611661323'}",shot_pace,1611661323,4Q/OT | margin -3..3 | 300..120,get-shots__shots__entity_type-Team__season-2025__season_type-Regular_Season__team_id-1611661323__entity_id-1611661323__9a6613a2,get-shots,https://api.pbpstats.com/get-shots/wnba?EntityType=Team&Season=2025&SeasonType=Regular+Season&TeamId=1611661323&EntityId=1611661323,200,73,,,,,,False,1611661330,17.0,509,2025-09-08,1022500276,1628263-1642796-1642800-1642809-1642841,False,ATL,1628269-1628278-1630471-1631021-1642804,,,,,,1611661323,4,Mamignan Touré,1642841,36,00:45,0,,0,,0,,0,,False,-25,,8.1,0.2803,21.0,ShortMidRange,2,45.0,OffDeadball,CON,00:21,,-78,20,False,shots,4Q/OT | margin -3..3 | 300..120,team
wnba,wnba_shot_pace,shot_pace,shots,get-shots,2025,Regular Season,team,"{'EntityType': 'Team', 'Season': '2025', 'SeasonType': 'Regular Season', 'TeamId': '1611661323', 'EntityId': '1611661323'}",shot_pace,1611661323,4Q/OT | margin -3..3 | 300..120,get-shots__shots__entity_type-Team__season-2025__season_type-Regular_Season__team_id-1611661323__entity_id-1611661323__9a6613a2,get-shots,https://api.pbpstats.com/get-shots/wnba?EntityType=Team&Season=2025&SeasonType=Regular+Season&TeamId=1611661323&EntityId=1611661323,200,74,,,,,,False,1611661330,57.0,502,2025-09-08,1022500276,1628263-1642796-1642800-1642809-1642841,False,ATL,1628269-1628278-1630471-1631021-1642804,,,,,,1611661323,4,Aneesah Morrow,1642800,34,01:13,1642800,Aneesah Morrow,1631021,Sika Koné,0,,0,,False,-25,,4.2,0.4961,59.0,ShortMidRange,2,73.0,OffAtRimMiss,CON,00:59,,-19,38,False,shots,4Q/OT | margin -3..3 | 300..120,team
wnba,wnba_shot_pace,shot_pace,shots,get-shots,2025,Regular Season,team,"{'EntityType': 'Team', 'Season': '2025', 'SeasonType': 'Regular Season', 'TeamId': '1611661323', 'EntityId': '1611661323'}",shot_pace,1611661323,4Q/OT | margin -3..3 | 300..120,get-shots__shots__entity_type-Team__season-2025__season_type-Regular_Season__team_id-1611661323__entity_id-1611661323__9a6613a2,get-shots,https://api.pbpstats.com/get-shots/wnba?EntityType=Team&Season=2025&SeasonType=Regular+Season&TeamId=1611661323&EntityId=1611661323,200,75,,,,,,False,1611661330,83.0,498,2025-09-08,1022500276,1628263-1642796-1642800-1642809-1642841,False,ATL,1628269-1628278-1630471-1631021-1642804,,,,,,1611661323,4,Mamignan Touré,1642841,32,01:40,1642796,Rayah Marshall,1631021,Sika Koné,0,,0,,False,-25,,9.7,0.3939,87.0,ShortMidRange,2,100.0,OffCorner3Miss,CON,01:27,,-45,86,False,shots,4Q/OT | margin -3..3 | 300..120,team
wnba,wnba_shot_pace,shot_pace,shots,get-shots,2025,Regular Season,team,"{'EntityType': 'Team', 'Season': '2025', 'SeasonType': 'Regular Season', 'TeamId': '1611661323', 'EntityId': '1611661323'}",shot_pace,1611661323,4Q/OT | margin -3..3 | 300..120,get-shots__shots__entity_type-Team__season-2025__season_type-Regular_Season__team_id-1611661323__entity_id-1611661323__9a6613a2,get-shots,https://api.pbpstats.com/get-shots/wnba?EntityType=Team&Season=2025&SeasonType=Regular+Season&TeamId=1611661323&EntityId=1611661323,200,76,,,,,,False,1611661330,122.0,494,2025-09-08,1022500276,1628263-1642796-1642800-1642809-1642841,False,ATL,1628269-1628278-1630471-1631021-1642804,Saniya Rivers,1642809.0,Saniya Rivers,1642809.0,AtRim,1611661323,4,Mamignan Touré,1642841,30,02:24,0,,1642804,Te-Hina Paopao,0,,0,,False,-25,5.0,24.5,0.3796,126.0,Arc3,3,144.0,OffCorner3Make,CON,02:06,,-93,227,False,shots,4Q/OT | margin -3..3 | 300..120,team
wnba,wnba_shot_pace,shot_pace,shots,get-shots,2025,Regular Season,team,"{'EntityType': 'Team', 'Season': '2025', 'SeasonType': 'Regular Season', 'TeamId': '1611661323', 'EntityId': '1611661323'}",shot_pace,1611661323,4Q/OT | margin -3..3 | 300..120,get-shots__shots__entity_type-Team__season-2025__season_type-Regular_Season__team_id-1611661323__entity_id-1611661323__9a6613a2,get-shots,https://api.pbpstats.com/get-shots/wnba?EntityType=Team&Season=2025&SeasonType=Regular+Season&TeamId=1611661323&EntityId=1611661323,200,77,,,,,,False,1611661330,122.0,492,2025-09-08,1022500276,1628263-1642796-1642800-1642809-1642841,False,ATL,1628269-1628278-1630471-1631021-1642804,,,,,,1611661323,4,Saniya Rivers,1642809,30,02:24,0,,1642804,Te-Hina Paopao,0,,0,,False,-25,,1.3,0.6849,135.0,AtRim,2,144.0,OffCorner3Make,CON,02:15,,-6,12,False,shots,4Q/OT | margin -3..3 | 300..120,team
wnba,wnba_shot_pace,shot_pace,shots,get-shots,2025,Regular Season,team,"{'EntityType': 'Team', 'Season': '2025', 'SeasonType': 'Regular Season', 'TeamId': '1611661323', 'EntityId': '1611661323'}",shot_pace,1611661323,4Q/OT | margin -3..3 | 300..120,get-shots__shots__entity_type-Team__season-2025__season_type-Regular_Season__team_id-1611661323__entity_id-1611661323__9a6613a2,get-shots,https://api.pbpstats.com/get-shots/wnba?EntityType=Team&Season=2025&SeasonType=Regular+Season&TeamId=1611661323&EntityId=1611661323,200,78,,,,,,False,1611661330,160.0,488,2025-09-08,1022500276,1628263-1642796-1642800-1642809-1642841,False,ATL,1628269-1628278-1630471-1631021-1642804,,,,,,1611661323,4,Aneesah Morrow,1642800,28,02:58,0,,0,,0,,0,,False,-22,,23.5,0.4531,165.0,Corner3,3,178.0,OffTimeout,CON,02:45,,-234,23,False,shots,4Q/OT | margin -3..3 | 300..120,team
wnba,wnba_shot_pace,shot_pace,shots,get-shots,2025,Regular Season,team,"{'EntityType': 'Team', 'Season': '2025', 'SeasonType': 'Regular Season', 'TeamId': '1611661323', 'EntityId': '1611661323'}",shot_pace,1611661323,4Q/OT | margin -3..3 | 300..120,get-shots__shots__entity_type-Team__season-2025__season_type-Regular_Season__team_id-1611661323__entity_id-1611661323__9a6613a2,get-shots,https://api.pbpstats.com/get-shots/wnba?EntityType=Team&Season=2025&SeasonType=Regular+Season&TeamId=1611661323&EntityId=1611661323,200,79,,,False,,,,1611661330,191.0,485,2025-09-08,1022500276,1628263-1642796-1642800-1642809-1642841,True,ATL,1628269-1628278-1630471-1631021-1642804,Aneesah Morrow,1642800.0,Aneesah Morrow,1642800.0,FT,1611661323,4,Aneesah Morrow,1642800,26,03:24,1642800,Aneesah Morrow,1628278,Shatori Walker-Kimbrough,0,,0,,True,-24,2.0,1.3,0.7821,191.0,AtRim,2,204.0,OffArc3Miss,CON,03:11,,6,11,False,shots,4Q/OT | margin -3..3 | 300..120,team
wnba,wnba_shot_pace,shot_pace,shots,get-shots,2025,Regular Season,team,"{'EntityType': 'Team', 'Season': '2025', 'SeasonType': 'Regular Season', 'TeamId': '1611661323', 'EntityId': '1611661323'}",shot_pace,1611661323,4Q/OT | margin -3..3 | 300..120,get-shots__shots__entity_type-Team__season-2025__season_type-Regular_Season__team_id-1611661323__entity_id-1611661323__9a6613a2,get-shots,https://api.pbpstats.com/get-shots/wnba?EntityType=Team&Season=2025&SeasonType=Regular+Season&TeamId=1611661323&EntityId=1611661323,200,80,Mamignan Touré,1642841.0,True,,,,1611661330,191.0,474,2025-09-08,1022500276,1629497-1642796-1642800-1642809-1642841,True,ATL,1628269-1628278-1630471-1631044-1642804,,,,,,1611661323,4,Aneesah Morrow,1642800,26,03:24,1642800,Aneesah Morrow,1628278,Shatori Walker-Kimbrough,0,,0,,False,-26,,3.2,0.5703,195.0,AtRim,2,204.0,OffArc3Miss,CON,03:15,,-27,17,False,shots,4Q/OT | margin -3..3 | 300..120,team
wnba,wnba_shot_pace,shot_pace,shots,get-shots,2025,Regular Season,team,"{'EntityType': 'Team', 'Season': '2025', 'SeasonType': 'Regular Season', 'TeamId': '1611661323', 'EntityId': '1611661323'}",shot_pace,1611661323,4Q/OT | margin -3..3 | 300..120,get-shots__shots__entity_type-Team__season-2025__season_type-Regular_Season__team_id-1611661323__entity_id-1611661323__9a6613a2,get-shots,https://api.pbpstats.com/get-shots/wnba?EntityType=Team&Season=2025&SeasonType=Regular+Season&TeamId=1611661323&EntityId=1611661323,200,81,,,,Nia Coffey,1628269.0,True,1611661330,212.0,469,2025-09-08,1022500276,1629497-1642796-1642800-1642809-1642841,False,ATL,1628269-1628278-1630471-1631044-1642804,,,,,,1611661323,4,Rayah Marshall,1642796,24,03:44,1629497,Marina Mabrey,1630471,Maya Caldwell,0,,0,,False,-26,,4.1,0.4916,216.0,ShortMidRange,2,224.0,OffArc3Miss,CON,03:36,,27,31,False,shots,4Q/OT | margin -3..3 | 300..120,team
wnba,wnba_shot_pace,shot_pace,shots,get-shots,2025,Regular Season,team,"{'EntityType': 'Team', 'Season': '2025', 'SeasonType': 'Regular Season', 'TeamId': '1611661323', 'EntityId': '1611661323'}",shot_pace,1611661323,4Q/OT | margin -3..3 | 300..120,get-shots__shots__entity_type-Team__season-2025__season_type-Regular_Season__team_id-1611661323__entity_id-1611661323__9a6613a2,get-shots,https://api.pbpstats.com/get-shots/wnba?EntityType=Team&Season=2025&SeasonType=Regular+Season&TeamId=1611661323&EntityId=1611661323,200,82,,,False,,,,1611661330,252.0,464,2025-09-08,1022500276,1629497-1642796-1642800-1642809-1642841,True,ATL,1628269-1628278-1630471-1631044-1642804,,,,,,1611661323,4,Aneesah Morrow,1642800,22,04:17,0,,0,,1642800,Aneesah Morrow,1631044,Naz Hillmon,False,-28,,1.3,0.797,252.0,AtRim,2,257.0,OffLiveBallTurnover,CON,04:12,,6,11,False,shots,4Q/OT | margin -3..3 | 300..120,team
wnba,wnba_shot_pace,shot_pace,shots,get-shots,2025,Regular Season,team,"{'EntityType': 'Team', 'Season': '2025', 'SeasonType': 'Regular Season', 'TeamId': '1611661323', 'EntityId': '1611661323'}",shot_pace,1611661323,4Q/OT | margin -3..3 | 300..120,get-shots__shots__entity_type-Team__season-2025__season_type-Regular_Season__team_id-1611661323__entity_id-1611661323__9a6613a2,get-shots,https://api.pbpstats.com/get-shots/wnba?EntityType=Team&Season=2025&SeasonType=Regular+Season&TeamId=1611661323&EntityId=1611661323,200,83,,,,,,False,1611661330,264.0,460,2025-09-08,1022500276,1629497-1642796-1642800-1642809-1642841,False,ATL,1628269-1628278-1630471-1631044-1642804,,,,,,1611661323,4,Saniya Rivers,1642809,20,04:46,0,,0,,0,,0,,False,-28,,11.8,0.3589,269.0,ShortMidRange,2,286.0,OffFTMake,CON,04:29,,117,16,False,shots,4Q/OT | margin -3..3 | 300..120,team
wnba,wnba_shot_pace,shot_pace,shots,get-shots,2025,Regular Season,team,"{'EntityType': 'Team', 'Season': '2025', 'SeasonType': 'Regular Season', 'TeamId': '1611661323', 'EntityId': '1611661323'}",shot_pace,1611661323,4Q/OT | margin -3..3 | 300..120,get-shots__shots__entity_type-Team__season-2025__season_type-Regular_Season__team_id-1611661323__entity_id-1611661323__9a6613a2,get-shots,https://api.pbpstats.com/get-shots/wnba?EntityType=Team&Season=2025&SeasonType=Regular+Season&TeamId=1611661323&EntityId=1611661323,200,84,Tina Charles,202250.0,True,,,,1611661330,339.0,441,2025-09-08,1022500276,1629497-1642800-1642809-1642841-202250,True,ATL,1628269-1628280-1630471-1631009-1642804,,,,,,1611661323,4,Mamignan Touré,1642841,16,05:59,1642800,Aneesah Morrow,1642804,Te-Hina Paopao,0,,0,,False,-26,,25.2,0.3295,339.0,Arc3,3,359.0,OffArc3Miss,CON,05:39,,129,216,False,shots,4Q/OT | margin -3..3 | 300..120,team
wnba,wnba_shot_pace,shot_pace,shots,get-shots,2025,Regular Season,team,"{'EntityType': 'Team', 'Season': '2025', 'SeasonType': 'Regular Season', 'TeamId': '1611661323', 'EntityId': '1611661323'}",shot_pace,1611661323,4Q/OT | margin -3..3 | 300..120,get-shots__shots__entity_type-Team__season-2025__season_type-Regular_Season__team_id-1611661323__entity_id-1611661323__9a6613a2,get-shots,https://api.pbpstats.com/get-shots/wnba?EntityType=Team&Season=2025&SeasonType=Regular+Season&TeamId=1611661323&EntityId=1611661323,200,85,,,,,,False,1611661330,372.0,437,2025-09-08,1022500276,1629497-1642800-1642809-1642841-202250,False,ATL,1628269-1628280-1630471-1631009-1642804,Aneesah Morrow,1642800.0,Saniya Rivers,1642809.0,LongMidRange,1611661323,4,Aneesah Morrow,1642800,14,06:27,1642809,Saniya Rivers,1642804,Te-Hina Paopao,0,,0,,True,-26,2.0,14.9,0.4449,375.0,LongMidRange,2,387.0,OffCorner3Miss,CON,06:15,,146,32,False,shots,4Q/OT | margin -3..3 | 300..120,team
wnba,wnba_shot_pace,shot_pace,shots,get-shots,2025,Regular Season,team,"{'EntityType': 'Team', 'Season': '2025', 'SeasonType': 'Regular Season', 'TeamId': '1611661323', 'EntityId': '1611661323'}",shot_pace,1611661323,4Q/OT | margin -3..3 | 300..120,get-shots__shots__entity_type-Team__season-2025__season_type-Regular_Season__team_id-1611661323__entity_id-1611661323__9a6613a2,get-shots,https://api.pbpstats.com/get-shots/wnba?EntityType=Team&Season=2025&SeasonType=Regular+Season&TeamId=1611661323&EntityId=1611661323,200,86,,,,,,False,1611661330,372.0,435,2025-09-08,1022500276,1629497-1642800-1642809-1642841-202250,False,ATL,1628269-1628280-1630471-1631009-1642804,,,,,,1611661323,4,Saniya Rivers,1642809,14,06:27,1642809,Saniya Rivers,1642804,Te-Hina Paopao,0,,0,,False,-26,,17.2,0.4068,380.0,LongMidRange,2,387.0,OffCorner3Miss,CON,06:20,,21,171,False,shots,4Q/OT | margin -3..3 | 300..120,team
wnba,wnba_shot_pace,shot_pace,shots,get-shots,2025,Regular Season,team,"{'EntityType': 'Team', 'Season': '2025', 'SeasonType': 'Regular Season', 'TeamId': '1611661323', 'EntityId': '1611661323'}",shot_pace,1611661323,4Q/OT | margin -3..3 | 300..120,get-shots__shots__entity_type-Team__season-2025__season_type-Regular_Season__team_id-1611661323__entity_id-1611661323__9a6613a2,get-shots,https://api.pbpstats.com/get-shots/wnba?EntityType=Team&Season=2025&SeasonType=Regular+Season&TeamId=1611661323&EntityId=1611661323,200,87,,,,,,False,1611661330,451.0,401,2025-09-08,1022500276,1628263-1642800-1642809-202250-203863,False,ATL,1628277-1628886-1630471-1631044-203398,,,,,,1611661323,4,Tina Charles,202250,8,07:52,0,,1628277,Allisha Gray,0,,0,,False,-21,,19.0,0.3538,452.0,LongMidRange,2,472.0,OffArc3Make,CON,07:32,,6,190,False,shots,4Q/OT | margin -3..3 | 300..120,team
wnba,wnba_shot_pace,shot_pace,shots,get-shots,2025,Regular Season,team,"{'EntityType': 'Team', 'Season': '2025', 'SeasonType': 'Regular Season', 'TeamId': '1611661323', 'EntityId': '1611661323'}",shot_pace,1611661323,4Q/OT | margin -3..3 | 300..120,get-shots__shots__entity_type-Team__season-2025__season_type-Regular_Season__team_id-1611661323__entity_id-1611661323__9a6613a2,get-shots,https://api.pbpstats.com/get-shots/wnba?EntityType=Team&Season=2025&SeasonType=Regular+Season&TeamId=1611661323&EntityId=1611661323,200,88,,,,,,False,1611661330,479.0,397,2025-09-08,1022500276,1628263-1642800-1642809-202250-203863,False,ATL,1628277-1628886-1630471-1631044-203398,,,,,,1611661323,4,Lindsay Allen,1628263,6,08:12,1628263,Lindsay Allen,203398,Brittney Griner,0,,0,,False,-18,,25.4,0.3528,482.0,Arc3,3,492.0,OffShortMidRangeMiss,CON,08:02,,156,200,False,shots,4Q/OT | margin -3..3 | 300..120,team
wnba,wnba_shot_pace,shot_pace,shots,get-shots,2025,Regular Season,team,"{'EntityType': 'Team', 'Season': '2025', 'SeasonType': 'Regular Season', 'TeamId': '1611661323', 'EntityId': '1611661323'}",shot_pace,1611661323,4Q/OT | margin -3..3 | 300..120,get-shots__shots__entity_type-Team__season-2025__season_type-Regular_Season__team_id-1611661323__entity_id-1611661323__9a6613a2,get-shots,https://api.pbpstats.com/get-shots/wnba?EntityType=Team&Season=2025&SeasonType=Regular+Season&TeamId=1611661323&EntityId=1611661323,200,89,,,,,,False,1611661330,507.0,393,2025-09-08,1022500276,1628263-1642800-1642809-202250-203863,False,ATL,1628277-1628886-1630471-1631044-203398,,,,,,1611661323,4,Lindsay Allen,1628263,4,08:48,0,,1628277,Allisha Gray,0,,0,,False,-18,,4.0,0.4782,510.0,ShortMidRange,2,528.0,OffAtRimMake,CON,08:30,,-28,28,False,shots,4Q/OT | margin -3..3 | 300..120,team
wnba,wnba_shot_pace,shot_pace,shots,get-shots,2025,Regular Season,team,"{'EntityType': 'Team', 'Season': '2025', 'SeasonType': 'Regular Season', 'TeamId': '1611661323', 'EntityId': '1611661323'}",shot_pace,1611661323,4Q/OT | margin -3..3 | 300..120,get-shots__shots__entity_type-Team__season-2025__season_type-Regular_Season__team_id-1611661323__entity_id-1611661323__9a6613a2,get-shots,https://api.pbpstats.com/get-shots/wnba?EntityType=Team&Season=2025&SeasonType=Regular+Season&TeamId=1611661323&EntityId=1611661323,200,90,,,,,,False,1611661330,545.0,383,2025-09-08,1022500276,1628263-1629497-1642290-202250-203863,False,ATL,1628277-1628886-1630471-1631044-203398,,,,,,1611661323,4,Aaliyah Edwards,1642290,2,09:18,1629497,Marina Mabrey,203398,Brittney Griner,0,,0,,False,-16,,23.8,0.3331,548.0,Arc3,3,558.0,OffShortMidRangeMiss,CON,09:08,,-5,238,False,shots,4Q/OT | margin -3..3 | 300..120,team
wnba,wnba_shot_pace,shot_pace,shots,get-shots,2025,Regular Season,team,"{'EntityType': 'Team', 'Season': '2025', 'SeasonType': 'Regular Season', 'TeamId': '1611661323', 'EntityId': '1611661323'}",shot_pace,1611661323,4Q/OT | margin -3..3 | 300..120,get-shots__shots__entity_type-Team__season-2025__season_type-Regular_Season__team_id-1611661323__entity_id-1611661323__9a6613a2,get-shots,https://api.pbpstats.com/get-shots/wnba?EntityType=Team&Season=2025&SeasonType=Regular+Season&TeamId=1611661323&EntityId=1611661323,200,91,,,,,,False,1611661330,11.0,367,2025-09-08,1022500276,1628263-1642290-1642809-1642841-202250,False,ATL,1628277-1628886-1631009-1631044-203398,,,,,,1611661323,3,Tina Charles,202250,39,00:39,0,,1631009,Rhyne Howard,0,,0,,False,-16,,19.1,0.2333,14.0,LongMidRange,2,39.0,OffAtRimMake,CON,00:14,,113,154,False,shots,4Q/OT | margin -3..3 | 300..120,team
wnba,wnba_shot_pace,shot_pace,shots,get-shots,2025,Regular Season,team,"{'EntityType': 'Team', 'Season': '2025', 'SeasonType': 'Regular Season', 'TeamId': '1611661323', 'EntityId': '1611661323'}",shot_pace,1611661323,4Q/OT | margin -3..3 | 300..120,get-shots__shots__entity_type-Team__season-2025__season_type-Regular_Season__team_id-1611661323__entity_id-1611661323__9a6613a2,get-shots,https://api.pbpstats.com/get-shots/wnba?EntityType=Team&Season=2025&SeasonType=Regular+Season&TeamId=1611661323&EntityId=1611661323,200,92,,,,,,False,1611661330,44.0,364,2025-09-08,1022500276,1628263-1642290-1642809-1642841-202250,False,ATL,1628277-1628886-1631009-1631044-203398,,,,,,1611661323,3,Saniya Rivers,1642809,37,01:02,0,,1631009,Rhyne Howard,0,,0,,False,-14,,20.7,0.3392,47.0,LongMidRange,2,62.0,OffArc3Make,CON,00:47,,-74,193,False,shots,4Q/OT | margin -3..3 | 300..120,team
wnba,wnba_shot_pace,shot_pace,shots,get-shots,2025,Regular Season,team,"{'EntityType': 'Team', 'Season': '2025', 'SeasonType': 'Regular Season', 'TeamId': '1611661323', 'EntityId': '1611661323'}",shot_pace,1611661323,4Q/OT | margin -3..3 | 300..120,get-shots__shots__entity_type-Team__season-2025__season_type-Regular_Season__team_id-1611661323__entity_id-1611661323__9a6613a2,get-shots,https://api.pbpstats.com/get-shots/wnba?EntityType=Team&Season=2025&SeasonType=Regular+Season&TeamId=1611661323&EntityId=1611661323,200,93,,,,Brittney Griner,203398.0,True,1611661330,65.0,359,2025-09-08,1022500276,1628263-1642290-1642809-1642841-202250,False,ATL,1628277-1628886-1631009-1631044-203398,,,,,,1611661323,3,Tina Charles,202250,35,01:24,0,,1628277,Allisha Gray,0,,0,,False,-11,,9.6,0.3644,68.0,ShortMidRange,2,84.0,OffAtRimMake,CON,01:08,,-91,32,False,shots,4Q/OT | margin -3..3 | 300..120,team
wnba,wnba_shot_pace,shot_pace,shots,get-shots,2025,Regular Season,team,"{'EntityType': 'Team', 'Season': '2025', 'SeasonType': 'Regular Season', 'TeamId': '1611661323', 'EntityId': '1611661323'}",shot_pace,1611661323,4Q/OT | margin -3..3 | 300..120,get-shots__shots__entity_type-Team__season-2025__season_type-Regular_Season__team_id-1611661323__entity_id-1611661323__9a6613a2,get-shots,https://api.pbpstats.com/get-shots/wnba?EntityType=Team&Season=2025&SeasonType=Regular+Season&TeamId=1611661323&EntityId=1611661323,200,94,,,,,,False,1611661330,124.0,345,2025-09-08,1022500276,1629497-1642290-1642809-1642841-202250,False,ATL,1628277-1628886-1631009-1631044-203398,,,,,,1611661323,3,Saniya Rivers,1642809,31,02:18,1642290,Aaliyah Edwards,1631009,Rhyne Howard,0,,0,,False,-10,,1.6,0.7277,132.0,AtRim,2,138.0,OffShortMidRangeMiss,CON,02:12,,0,16,False,shots,4Q/OT | margin -3..3 | 300..120,team
wnba,wnba_shot_pace,shot_pace,shots,get-shots,2025,Regular Season,team,"{'EntityType': 'Team', 'Season': '2025', 'SeasonType': 'Regular Season', 'TeamId': '1611661323', 'EntityId': '1611661323'}",shot_pace,1611661323,4Q/OT | margin -3..3 | 300..120,get-shots__shots__entity_type-Team__season-2025__season_type-Regular_Season__team_id-1611661323__entity_id-1611661323__9a6613a2,get-shots,https://api.pbpstats.com/get-shots/wnba?EntityType=Team&Season=2025&SeasonType=Regular+Season&TeamId=1611661323&EntityId=1611661323,200,95,Mamignan Touré,1642841.0,True,,,,1611661330,158.0,341,2025-09-08,1022500276,1629497-1642290-1642809-1642841-202250,True,ATL,1628277-1628886-1631009-1631044-203398,,,,,,1611661323,3,Tina Charles,202250,29,02:54,0,,0,,0,,0,,False,-12,,14.1,0.3755,158.0,LongMidRange,2,174.0,OffDeadball,CON,02:38,,-135,40,False,shots,4Q/OT | margin -3..3 | 300..120,team
wnba,wnba_shot_pace,shot_pace,shots,get-shots,2025,Regular Season,team,"{'EntityType': 'Team', 'Season': '2025', 'SeasonType': 'Regular Season', 'TeamId': '1611661323', 'EntityId': '1611661323'}",shot_pace,1611661323,4Q/OT | margin -3..3 | 300..120,get-shots__shots__entity_type-Team__season-2025__season_type-Regular_Season__team_id-1611661323__entity_id-1611661323__9a6613a2,get-shots,https://api.pbpstats.com/get-shots/wnba?EntityType=Team&Season=2025&SeasonType=Regular+Season&TeamId=1611661323&EntityId=1611661323,200,96,,,,,,False,1611661330,194.0,330,2025-09-08,1022500276,1629497-1642290-1642800-1642809-1642841,False,ATL,1628277-1628886-1631009-1631044-203398,,,,,,1611661323,3,Aaliyah Edwards,1642290,25,03:31,1642800,Aneesah Morrow,1631009,Rhyne Howard,0,,0,,False,-9,,1.7,0.6486,197.0,AtRim,2,211.0,OffArc3Miss,CON,03:17,,-15,9,False,shots,4Q/OT | margin -3..3 | 300..120,team
wnba,wnba_shot_pace,shot_pace,shots,get-shots,2025,Regular Season,team,"{'EntityType': 'Team', 'Season': '2025', 'SeasonType': 'Regular Season', 'TeamId': '1611661323', 'EntityId': '1611661323'}",shot_pace,1611661323,4Q/OT | margin -3..3 | 300..120,get-shots__shots__entity_type-Team__season-2025__season_type-Regular_Season__team_id-1611661323__entity_id-1611661323__9a6613a2,get-shots,https://api.pbpstats.com/get-shots/wnba?EntityType=Team&Season=2025&SeasonType=Regular+Season&TeamId=1611661323&EntityId=1611661323,200,97,,,,,,False,1611661330,219.0,326,2025-09-08,1022500276,1629497-1642290-1642800-1642809-1642841,False,ATL,1628277-1628886-1631009-1631044-203398,Mamignan Touré,1642841.0,Mamignan Touré,1642841.0,Corner3,1611661323,3,Marina Mabrey,1629497,23,04:08,0,,203398,Brittney Griner,0,,0,,False,-9,1.0,25.0,0.3145,223.0,Arc3,3,248.0,OffShortMidRangeMake,CON,03:43,,22,249,False,shots,4Q/OT | margin -3..3 | 300..120,team
wnba,wnba_shot_pace,shot_pace,shots,get-shots,2025,Regular Season,team,"{'EntityType': 'Team', 'Season': '2025', 'SeasonType': 'Regular Season', 'TeamId': '1611661323', 'EntityId': '1611661323'}",shot_pace,1611661323,4Q/OT | margin -3..3 | 300..120,get-shots__shots__entity_type-Team__season-2025__season_type-Regular_Season__team_id-1611661323__entity_id-1611661323__9a6613a2,get-shots,https://api.pbpstats.com/get-shots/wnba?EntityType=Team&Season=2025&SeasonType=Regular+Season&TeamId=1611661323&EntityId=1611661323,200,98,,,,,,False,1611661330,219.0,324,2025-09-08,1022500276,1629497-1642290-1642800-1642809-1642841,False,ATL,1628277-1628886-1631009-1631044-203398,,,,,,1611661323,3,Mamignan Touré,1642841,23,04:08,0,,203398,Brittney Griner,0,,0,,False,-9,,23.5,0.4252,228.0,Corner3,3,248.0,OffShortMidRangeMake,CON,03:48,,-235,-14,False,shots,4Q/OT | margin -3..3 | 300..120,team
wnba,wnba_shot_pace,shot_pace,shots,get-shots,2025,Regular Season,team,"{'EntityType': 'Team', 'Season': '2025', 'SeasonType': 'Regular Season', 'TeamId': '1611661323', 'EntityId': '1611661323'}",shot_pace,1611661323,4Q/OT | margin -3..3 | 300..120,get-shots__shots__entity_type-Team__season-2025__season_type-Regular_Season__team_id-1611661323__entity_id-1611661323__9a6613a2,get-shots,https://api.pbpstats.com/get-shots/wnba?EntityType=Team&Season=2025&SeasonType=Regular+Season&TeamId=1611661323&EntityId=1611661323,200,99,,,,,,False,1611661330,265.0,319,2025-09-08,1022500276,1629497-1642290-1642800-1642809-1642841,False,ATL,1628277-1628886-1631009-1631044-203398,,,,,,1611661323,3,Saniya Rivers,1642809,21,04:48,0,,0,,0,,0,,False,-7,,23.6,0.3216,266.0,Arc3,3,288.0,OffTimeout,CON,04:26,,185,146,False,shots,4Q/OT | margin -3..3 | 300..120,team
wnba,wnba_shot_pace,shot_pace,shots,get-shots,2025,Regular Season,team,"{'EntityType': 'Team', 'Season': '2025', 'SeasonType': 'Regular Season', 'TeamId': '1611661323', 'EntityId': '1611661323'}",shot_pace,1611661323,4Q/OT | margin -3..3 | 300..120,get-shots__shots__entity_type-Team__season-2025__season_type-Regular_Season__team_id-1611661323__entity_id-1611661323__9a6613a2,get-shots,https://api.pbpstats.com/get-shots/wnba?EntityType=Team&Season=2025&SeasonType=Regular+Season&TeamId=1611661323&EntityId=1611661323,200,100,,,,Brittney Griner,203398.0,True,1611661330,297.0,312,2025-09-08,1022500276,1629497-1642290-1642800-1642809-1642841,False,ATL,1628277-1628886-1631009-1631044-203398,Aneesah Morrow,1642800.0,Saniya Rivers,1642809.0,AtRim,1611661323,3,Aneesah Morrow,1642800,19,05:25,0,,203398,Brittney Griner,0,,0,,True,-5,0.0,0.6,0.6669,298.0,AtRim,2,325.0,OffAtRimMake,CON,04:58,,0,-6,False,shots,4Q/OT | margin -3..3 | 300..120,team
wnba,wnba_shot_pace,shot_pace,shots,get-shots,2025,Regular Season,team,"{'EntityType': 'Team', 'Season': '2025', 'SeasonType': 'Regular Season', 'TeamId': '1611661323', 'EntityId': '1611661323'}",shot_pace,1611661323,4Q/OT | margin -3..3 | 300..120,get-shots__shots__entity_type-Team__season-2025__season_type-Regular_Season__team_id-1611661323__entity_id-1611661323__9a6613a2,get-shots,https://api.pbpstats.com/get-shots/wnba?EntityType=Team&Season=2025&SeasonType=Regular+Season&TeamId=1611661323&EntityId=1611661323,200,101,,,,,,False,1611661330,297.0,310,2025-09-08,1022500276,1629497-1642290-1642800-1642809-1642841,False,ATL,1628277-1628886-1631009-1631044-203398,,,,,,1611661323,3,Saniya Rivers,1642809,19,05:25,0,,203398,Brittney Griner,0,,0,,False,-5,,1.8,0.5938,302.0,AtRim,2,325.0,OffAtRimMake,CON,05:02,,13,13,False,shots,4Q/OT | margin -3..3 | 300..120,team
wnba,wnba_shot_pace,shot_pace,shots,get-shots,2025,Regular Season,team,"{'EntityType': 'Team', 'Season': '2025', 'SeasonType': 'Regular Season', 'TeamId': '1611661323', 'EntityId': '1611661323'}",shot_pace,1611661323,4Q/OT | margin -3..3 | 300..120,get-shots__shots__entity_type-Team__season-2025__season_type-Regular_Season__team_id-1611661323__entity_id-1611661323__9a6613a2,get-shots,https://api.pbpstats.com/get-shots/wnba?EntityType=Team&Season=2025&SeasonType=Regular+Season&TeamId=1611661323&EntityId=1611661323,200,102,,,False,,,,1611661330,356.0,298,2025-09-08,1022500276,1629497-1642290-1642800-1642809-1642841,True,ATL,1628280-1628886-1630471-1631009-1631044,,,,,,1611661323,3,Saniya Rivers,1642809,15,06:07,0,,0,,0,,0,,False,-5,,19.7,0.3712,356.0,LongMidRange,2,367.0,OffDeadball,CON,05:56,,-72,183,False,shots,4Q/OT | margin -3..3 | 300..120,team
wnba,wnba_shot_pace,shot_pace,shots,get-shots,2025,Regular Season,team,"{'EntityType': 'Team', 'Season': '2025', 'SeasonType': 'Regular Season', 'TeamId': '1611661323', 'EntityId': '1611661323'}",shot_pace,1611661323,4Q/OT | margin -3..3 | 300..120,get-shots__shots__entity_type-Team__season-2025__season_type-Regular_Season__team_id-1611661323__entity_id-1611661323__9a6613a2,get-shots,https://api.pbpstats.com/get-shots/wnba?EntityType=Team&Season=2025&SeasonType=Regular+Season&TeamId=1611661323&EntityId=1611661323,200,103,,,,,,False,1611661330,390.0,289,2025-09-08,1022500276,1628263-1629497-1642800-1642809-202250,False,ATL,1628280-1628886-1630471-1631009-1631044,,,,,,1611661323,3,Tina Charles,202250,13,06:57,0,,1631009,Rhyne Howard,0,,0,,False,-5,,3.1,0.4955,394.0,AtRim,2,417.0,OffCorner3Make,CON,06:34,,3,31,False,shots,4Q/OT | margin -3..3 | 300..120,team
wnba,wnba_shot_pace,shot_pace,shots,get-shots,2025,Regular Season,team,"{'EntityType': 'Team', 'Season': '2025', 'SeasonType': 'Regular Season', 'TeamId': '1611661323', 'EntityId': '1611661323'}",shot_pace,1611661323,4Q/OT | margin -3..3 | 300..120,get-shots__shots__entity_type-Team__season-2025__season_type-Regular_Season__team_id-1611661323__entity_id-1611661323__9a6613a2,get-shots,https://api.pbpstats.com/get-shots/wnba?EntityType=Team&Season=2025&SeasonType=Regular+Season&TeamId=1611661323&EntityId=1611661323,200,104,,,False,,,,1611661330,461.0,279,2025-09-08,1022500276,1628263-1629497-1642800-1642809-202250,True,ATL,1628277-1628280-1628886-1631009-1631044,,,,,,1611661323,3,Saniya Rivers,1642809,9,07:57,1642809,Saniya Rivers,1631044,Naz Hillmon,0,,0,,False,-4,,5.2,0.3742,461.0,ShortMidRange,2,477.0,OffArc3Miss,CON,07:41,,50,13,False,shots,4Q/OT | margin -3..3 | 300..120,team
wnba,wnba_shot_pace,shot_pace,shots,get-shots,2025,Regular Season,team,"{'EntityType': 'Team', 'Season': '2025', 'SeasonType': 'Regular Season', 'TeamId': '1611661323', 'EntityId': '1611661323'}",shot_pace,1611661323,4Q/OT | margin -3..3 | 300..120,get-shots__shots__entity_type-Team__season-2025__season_type-Regular_Season__team_id-1611661323__entity_id-1611661323__9a6613a2,get-shots,https://api.pbpstats.com/get-shots/wnba?EntityType=Team&Season=2025&SeasonType=Regular+Season&TeamId=1611661323&EntityId=1611661323,200,105,,,,,,False,1611661330,491.0,273,2025-09-08,1022500276,1628263-1629497-1642800-1642809-202250,False,ATL,1628277-1628280-1628886-1631009-1631044,,,,,,1611661323,3,Saniya Rivers,1642809,7,08:36,0,,1628886,Jordin Canada,0,,0,,False,-4,,25.3,0.3181,495.0,Arc3,3,516.0,OffShortMidRangeMake,CON,08:15,,55,247,False,shots,4Q/OT | margin -3..3 | 300..120,team
wnba,wnba_shot_pace,shot_pace,shots,get-shots,2025,Regular Season,team,"{'EntityType': 'Team', 'Season': '2025', 'SeasonType': 'Regular Season', 'TeamId': '1611661323', 'EntityId': '1611661323'}",shot_pace,1611661323,4Q/OT | margin -3..3 | 300..120,get-shots__shots__entity_type-Team__season-2025__season_type-Regular_Season__team_id-1611661323__entity_id-1611661323__9a6613a2,get-shots,https://api.pbpstats.com/get-shots/wnba?EntityType=Team&Season=2025&SeasonType=Regular+Season&TeamId=1611661323&EntityId=1611661323,200,106,,,,,,False,1611661330,521.0,269,2025-09-08,1022500276,1628263-1629497-1642800-1642809-202250,False,ATL,1628277-1628280-1628886-1631009-1631044,,,,,,1611661323,3,Tina Charles,202250,5,08:58,0,,1628886,Jordin Canada,0,,0,,False,-2,,9.8,0.3934,523.0,ShortMidRange,2,538.0,OffAtRimMake,CON,08:43,,-97,10,False,shots,4Q/OT | margin -3..3 | 300..120,team
wnba,wnba_shot_pace,shot_pace,shots,get-shots,2025,Regular Season,team,"{'EntityType': 'Team', 'Season': '2025', 'SeasonType': 'Regular Season', 'TeamId': '1611661323', 'EntityId': '1611661323'}",shot_pace,1611661323,4Q/OT | margin -3..3 | 300..120,get-shots__shots__entity_type-Team__season-2025__season_type-Regular_Season__team_id-1611661323__entity_id-1611661323__9a6613a2,get-shots,https://api.pbpstats.com/get-shots/wnba?EntityType=Team&Season=2025&SeasonType=Regular+Season&TeamId=1611661323&EntityId=1611661323,200,107,,,,,,False,1611661330,542.0,266,2025-09-08,1022500276,1628263-1629497-1642800-1642809-202250,False,ATL,1628277-1628280-1628886-1631009-1631044,,,,,,1611661323,3,Marina Mabrey,1629497,3,09:15,0,,0,,0,,0,,False,0,,5.2,0.3949,545.0,ShortMidRange,2,555.0,OffDeadball,CON,09:05,,-51,9,False,shots,4Q/OT | margin -3..3 | 300..120,team
wnba,wnba_shot_pace,shot_pace,shots,get-shots,2025,Regular Season,team,"{'EntityType': 'Team', 'Season': '2025', 'SeasonType': 'Regular Season', 'TeamId': '1611661323', 'EntityId': '1611661323'}",shot_pace,1611661323,4Q/OT | margin -3..3 | 300..120,get-shots__shots__entity_type-Team__season-2025__season_type-Regular_Season__team_id-1611661323__entity_id-1611661323__9a6613a2,get-shots,https://api.pbpstats.com/get-shots/wnba?EntityType=Team&Season=2025&SeasonType=Regular+Season&TeamId=1611661323&EntityId=1611661323,200,108,,,False,,,,1611661330,583.0,264,2025-09-08,1022500276,1628263-1629497-1642800-1642809-202250,True,ATL,1628277-1628280-1628886-1631009-1631044,,,,,,1611661323,3,Saniya Rivers,1642809,1,10:00,0,,0,,0,,0,,False,-2,,14.4,0.3448,583.0,LongMidRange,2,600.0,OffDeadball,CON,09:43,,144,2,False,shots,4Q/OT | margin -3..3 | 300..120,team
wnba,wnba_shot_pace,shot_pace,shots,get-shots,2025,Regular Season,team,"{'EntityType': 'Team', 'Season': '2025', 'SeasonType': 'Regular Season', 'TeamId': '1611661323', 'EntityId': '1611661323'}",shot_pace,1611661323,4Q/OT | margin -3..3 | 300..120,get-shots__shots__entity_type-Team__season-2025__season_type-Regular_Season__team_id-1611661323__entity_id-1611661323__9a6613a2,get-shots,https://api.pbpstats.com/get-shots/wnba?EntityType=Team&Season=2025&SeasonType=Regular+Season&TeamId=1611661323&EntityId=1611661323,200,109,,,False,,,,1611661330,0.0,260,2025-09-08,1022500276,1628263-1629497-1642800-1642809-202250,True,ATL,1628277-1628280-1628886-1631009-1631044,,,,,,1611661323,2,Saniya Rivers,1642809,39,00:04,1642800,Aneesah Morrow,1628277,Allisha Gray,0,,0,,False,-5,,25.1,0.1269,0.0,Arc3,3,4.0,OffFTMiss,CON,00:00,,68,242,False,shots,4Q/OT | margin -3..3 | 300..120,team
wnba,wnba_shot_pace,shot_pace,shots,get-shots,2025,Regular Season,team,"{'EntityType': 'Team', 'Season': '2025', 'SeasonType': 'Regular Season', 'TeamId': '1611661323', 'EntityId': '1611661323'}",shot_pace,1611661323,4Q/OT | margin -3..3 | 300..120,get-shots__shots__entity_type-Team__season-2025__season_type-Regular_Season__team_id-1611661323__entity_id-1611661323__9a6613a2,get-shots,https://api.pbpstats.com/get-shots/wnba?EntityType=Team&Season=2025&SeasonType=Regular+Season&TeamId=1611661323&EntityId=1611661323,200,110,,,,,,False,1611661330,29.0,251,2025-09-08,1022500276,1628263-1629497-1642800-202250-203863,False,ATL,1628277-1628280-1628886-1631009-1631044,,,,,,1611661323,2,Lindsay Allen,1628263,37,00:38,0,,1628277,Allisha Gray,0,,0,,False,-4,,24.8,0.3223,29.0,Arc3,3,38.0,OffArc3Make,CON,00:29,,-170,180,False,shots,4Q/OT | margin -3..3 | 300..120,team
wnba,wnba_shot_pace,shot_pace,shots,get-shots,2025,Regular Season,team,"{'EntityType': 'Team', 'Season': '2025', 'SeasonType': 'Regular Season', 'TeamId': '1611661323', 'EntityId': '1611661323'}",shot_pace,1611661323,4Q/OT | margin -3..3 | 300..120,get-shots__shots__entity_type-Team__season-2025__season_type-Regular_Season__team_id-1611661323__entity_id-1611661323__9a6613a2,get-shots,https://api.pbpstats.com/get-shots/wnba?EntityType=Team&Season=2025&SeasonType=Regular+Season&TeamId=1611661323&EntityId=1611661323,200,111,,,,,,False,1611661330,69.0,232,2025-09-08,1022500276,1628263-1629497-1642800-202250-203863,False,ATL,1630471-1631009-1631044-1642804-203398,,,,,,1611661323,2,Aneesah Morrow,1642800,33,01:32,0,,203398,Brittney Griner,0,,0,,False,-2,,23.9,0.3702,74.0,Arc3,3,92.0,OffShortMidRangeMake,CON,01:14,,102,216,False,shots,4Q/OT | margin -3..3 | 300..120,team
wnba,wnba_shot_pace,shot_pace,shots,get-shots,2025,Regular Season,team,"{'EntityType': 'Team', 'Season': '2025', 'SeasonType': 'Regular Season', 'TeamId': '1611661323', 'EntityId': '1611661323'}",shot_pace,1611661323,4Q/OT | margin -3..3 | 300..120,get-shots__shots__entity_type-Team__season-2025__season_type-Regular_Season__team_id-1611661323__entity_id-1611661323__9a6613a2,get-shots,https://api.pbpstats.com/get-shots/wnba?EntityType=Team&Season=2025&SeasonType=Regular+Season&TeamId=1611661323&EntityId=1611661323,200,112,Lindsay Allen,1628263.0,True,,,,1611661330,106.0,228,2025-09-08,1022500276,1628263-1629497-1642800-202250-203863,True,ATL,1630471-1631009-1631044-1642804-203398,,,,,,1611661323,2,Tina Charles,202250,31,02:03,0,,1642804,Te-Hina Paopao,0,,0,,False,-2,,2.3,0.555,106.0,AtRim,2,123.0,OffAtRimMake,CON,01:46,,6,22,False,shots,4Q/OT | margin -3..3 | 300..120,team
wnba,wnba_shot_pace,shot_pace,shots,get-shots,2025,Regular Season,team,"{'EntityType': 'Team', 'Season': '2025', 'SeasonType': 'Regular Season', 'TeamId': '1611661323', 'EntityId': '1611661323'}",shot_pace,1611661323,4Q/OT | margin -3..3 | 300..120,get-shots__shots__entity_type-Team__season-2025__season_type-Regular_Season__team_id-1611661323__entity_id-1611661323__9a6613a2,get-shots,https://api.pbpstats.com/get-shots/wnba?EntityType=Team&Season=2025&SeasonType=Regular+Season&TeamId=1611661323&EntityId=1611661323,200,113,,,,,,False,1611661330,131.0,223,2025-09-08,1022500276,1628263-1629497-1642800-202250-203863,False,ATL,1630471-1631009-1631044-1642804-203398,,,,,,1611661323,2,Tina Charles,202250,29,02:26,0,,0,,0,,0,,False,0,,18.0,0.3634,135.0,LongMidRange,2,146.0,OffTimeout,CON,02:15,,24,178,False,shots,4Q/OT | margin -3..3 | 300..120,team
wnba,wnba_shot_pace,shot_pace,shots,get-shots,2025,Regular Season,team,"{'EntityType': 'Team', 'Season': '2025', 'SeasonType': 'Regular Season', 'TeamId': '1611661323', 'EntityId': '1611661323'}",shot_pace,1611661323,4Q/OT | margin -3..3 | 300..120,get-shots__shots__entity_type-Team__season-2025__season_type-Regular_Season__team_id-1611661323__entity_id-1611661323__9a6613a2,get-shots,https://api.pbpstats.com/get-shots/wnba?EntityType=Team&Season=2025&SeasonType=Regular+Season&TeamId=1611661323&EntityId=1611661323,200,114,Lindsay Allen,1628263.0,True,,,,1611661330,160.0,219,2025-09-08,1022500276,1628263-1629497-1642800-202250-203863,True,ATL,1630471-1631009-1631044-1642804-203398,,,,,,1611661323,2,Tina Charles,202250,27,02:58,0,,1630471,Maya Caldwell,0,,0,,False,-2,,2.6,0.5829,160.0,AtRim,2,178.0,OffCorner3Make,CON,02:40,,17,20,False,shots,4Q/OT | margin -3..3 | 300..120,team
wnba,wnba_shot_pace,shot_pace,shots,get-shots,2025,Regular Season,team,"{'EntityType': 'Team', 'Season': '2025', 'SeasonType': 'Regular Season', 'TeamId': '1611661323', 'EntityId': '1611661323'}",shot_pace,1611661323,4Q/OT | margin -3..3 | 300..120,get-shots__shots__entity_type-Team__season-2025__season_type-Regular_Season__team_id-1611661323__entity_id-1611661323__9a6613a2,get-shots,https://api.pbpstats.com/get-shots/wnba?EntityType=Team&Season=2025&SeasonType=Regular+Season&TeamId=1611661323&EntityId=1611661323,200,115,,,,,,False,1611661330,193.0,215,2025-09-08,1022500276,1628263-1629497-1642800-202250-203863,False,ATL,1630471-1631009-1631044-1642804-203398,,,,,,1611661323,2,Aneesah Morrow,1642800,25,03:39,0,,203398,Brittney Griner,0,,0,,False,1,,3.0,0.5018,196.0,AtRim,2,219.0,OffShortMidRangeMake,CON,03:16,,-21,22,False,shots,4Q/OT | margin -3..3 | 300..120,team
wnba,wnba_shot_pace,shot_pace,shots,get-shots,2025,Regular Season,team,"{'EntityType': 'Team', 'Season': '2025', 'SeasonType': 'Regular Season', 'TeamId': '1611661323', 'EntityId': '1611661323'}",shot_pace,1611661323,4Q/OT | margin -3..3 | 300..120,get-shots__shots__entity_type-Team__season-2025__season_type-Regular_Season__team_id-1611661323__entity_id-1611661323__9a6613a2,get-shots,https://api.pbpstats.com/get-shots/wnba?EntityType=Team&Season=2025&SeasonType=Regular+Season&TeamId=1611661323&EntityId=1611661323,200,116,Marina Mabrey,1629497.0,True,,,,1611661330,270.0,204,2025-09-08,1022500276,1628263-1629497-1642800-202250-203863,True,ATL,1630471-1631009-1631044-1642804-203398,,,,,,1611661323,2,Lindsay Allen,1628263,21,04:46,0,,0,,0,,0,,False,-1,,2.5,0.562,270.0,AtRim,2,286.0,OffDeadball,CON,04:30,,4,25,False,shots,4Q/OT | margin -3..3 | 300..120,team
wnba,wnba_shot_pace,shot_pace,shots,get-shots,2025,Regular Season,team,"{'EntityType': 'Team', 'Season': '2025', 'SeasonType': 'Regular Season', 'TeamId': '1611661323', 'EntityId': '1611661323'}",shot_pace,1611661323,4Q/OT | margin -3..3 | 300..120,get-shots__shots__entity_type-Team__season-2025__season_type-Regular_Season__team_id-1611661323__entity_id-1611661323__9a6613a2,get-shots,https://api.pbpstats.com/get-shots/wnba?EntityType=Team&Season=2025&SeasonType=Regular+Season&TeamId=1611661323&EntityId=1611661323,200,117,,,False,,,,1611661330,296.0,196,2025-09-08,1022500276,1628263-1629497-1642800-202250-203863,True,ATL,1628280-1628886-1630471-1631009-1631044,,,,,,1611661323,2,Marina Mabrey,1629497,19,05:13,1642800,Aneesah Morrow,1628280,Brionna Jones,0,,0,,False,-3,,5.0,0.3868,296.0,ShortMidRange,2,313.0,OffAtRimMiss,CON,04:56,,-40,30,False,shots,4Q/OT | margin -3..3 | 300..120,team
wnba,wnba_shot_pace,shot_pace,shots,get-shots,2025,Regular Season,team,"{'EntityType': 'Team', 'Season': '2025', 'SeasonType': 'Regular Season', 'TeamId': '1611661323', 'EntityId': '1611661323'}",shot_pace,1611661323,4Q/OT | margin -3..3 | 300..120,get-shots__shots__entity_type-Team__season-2025__season_type-Regular_Season__team_id-1611661323__entity_id-1611661323__9a6613a2,get-shots,https://api.pbpstats.com/get-shots/wnba?EntityType=Team&Season=2025&SeasonType=Regular+Season&TeamId=1611661323&EntityId=1611661323,200,118,,,,Jordin Canada,1628886.0,True,1611661330,355.0,178,2025-09-08,1022500276,1628263-1642800-1642841-202250-203863,False,ATL,1628280-1628886-1630471-1631009-1631044,,,,,,1611661323,2,Haley Peters,203863,17,06:03,1642800,Aneesah Morrow,1628280,Brionna Jones,0,,0,,False,-3,,8.6,0.4137,355.0,ShortMidRange,2,363.0,OffAtRimMiss,CON,05:55,,-20,84,False,shots,4Q/OT | margin -3..3 | 300..120,team
wnba,wnba_shot_pace,shot_pace,shots,get-shots,2025,Regular Season,team,"{'EntityType': 'Team', 'Season': '2025', 'SeasonType': 'Regular Season', 'TeamId': '1611661323', 'EntityId': '1611661323'}",shot_pace,1611661323,4Q/OT | margin -3..3 | 300..120,get-shots__shots__entity_type-Team__season-2025__season_type-Regular_Season__team_id-1611661323__entity_id-1611661323__9a6613a2,get-shots,https://api.pbpstats.com/get-shots/wnba?EntityType=Team&Season=2025&SeasonType=Regular+Season&TeamId=1611661323&EntityId=1611661323,200,119,,,,,,False,1611661330,377.0,168,2025-09-08,1022500276,1628263-1642800-1642841-202250-203863,False,ATL,1628280-1628886-1630471-1631009-1631044,,,,,,1611661323,2,Tina Charles,202250,15,06:26,202250,Tina Charles,1631044,Naz Hillmon,0,,0,,False,-3,,23.5,0.3886,381.0,Arc3,3,386.0,OffAtRimMiss,CON,06:21,,129,197,False,shots,4Q/OT | margin -3..3 | 300..120,team
wnba,wnba_shot_pace,shot_pace,shots,get-shots,2025,Regular Season,team,"{'EntityType': 'Team', 'Season': '2025', 'SeasonType': 'Regular Season', 'TeamId': '1611661323', 'EntityId': '1611661323'}",shot_pace,1611661323,4Q/OT | margin -3..3 | 300..120,get-shots__shots__entity_type-Team__season-2025__season_type-Regular_Season__team_id-1611661323__entity_id-1611661323__9a6613a2,get-shots,https://api.pbpstats.com/get-shots/wnba?EntityType=Team&Season=2025&SeasonType=Regular+Season&TeamId=1611661323&EntityId=1611661323,200,120,Tina Charles,202250.0,True,,,,1611661330,431.0,156,2025-09-08,1022500276,1628263-1642800-1642841-202250-203863,True,ATL,1628277-1628280-1628886-1631009-1631044,,,,,,1611661323,2,Haley Peters,203863,11,07:28,0,,0,,0,,0,,False,-4,,24.3,0.3546,431.0,Arc3,3,448.0,OffFTMake,CON,07:11,,189,153,False,shots,4Q/OT | margin -3..3 | 300..120,team
wnba,wnba_shot_pace,shot_pace,shots,get-shots,2025,Regular Season,team,"{'EntityType': 'Team', 'Season': '2025', 'SeasonType': 'Regular Season', 'TeamId': '1611661323', 'EntityId': '1611661323'}",shot_pace,1611661323,4Q/OT | margin -3..3 | 300..120,get-shots__shots__entity_type-Team__season-2025__season_type-Regular_Season__team_id-1611661323__entity_id-1611661323__9a6613a2,get-shots,https://api.pbpstats.com/get-shots/wnba?EntityType=Team&Season=2025&SeasonType=Regular+Season&TeamId=1611661323&EntityId=1611661323,200,121,,,,,,False,1611661330,473.0,142,2025-09-08,1022500276,1628263-1629497-1642290-1642841-202250,False,ATL,1628277-1628280-1628886-1631009-1631044,,,,,,1611661323,2,Aaliyah Edwards,1642290,7,08:08,1642290,Aaliyah Edwards,1628280,Brionna Jones,0,,0,,False,-2,,18.6,0.3576,476.0,LongMidRange,2,488.0,OffShortMidRangeMiss,CON,07:56,,169,77,False,shots,4Q/OT | margin -3..3 | 300..120,team
wnba,wnba_shot_pace,shot_pace,shots,get-shots,2025,Regular Season,team,"{'EntityType': 'Team', 'Season': '2025', 'SeasonType': 'Regular Season', 'TeamId': '1611661323', 'EntityId': '1611661323'}",shot_pace,1611661323,4Q/OT | margin -3..3 | 300..120,get-shots__shots__entity_type-Team__season-2025__season_type-Regular_Season__team_id-1611661323__entity_id-1611661323__9a6613a2,get-shots,https://api.pbpstats.com/get-shots/wnba?EntityType=Team&Season=2025&SeasonType=Regular+Season&TeamId=1611661323&EntityId=1611661323,200,122,Mamignan Touré,1642841.0,True,,,,1611661330,545.0,133,2025-09-08,1022500276,1628263-1629497-1642290-1642841-202250,True,ATL,1628277-1628280-1628886-1631009-1631044,,,,,,1611661323,2,Aaliyah Edwards,1642290,3,09:26,0,,0,,0,,0,,False,-4,,5.4,0.4359,545.0,ShortMidRange,2,566.0,OffFTMake,CON,09:05,,1,54,False,shots,4Q/OT | margin -3..3 | 300..120,team
wnba,wnba_shot_pace,shot_pace,shots,get-shots,2025,Regular Season,team,"{'EntityType': 'Team', 'Season': '2025', 'SeasonType': 'Regular Season', 'TeamId': '1611661323', 'EntityId': '1611661323'}",shot_pace,1611661323,4Q/OT | margin -3..3 | 300..120,get-shots__shots__entity_type-Team__season-2025__season_type-Regular_Season__team_id-1611661323__entity_id-1611661323__9a6613a2,get-shots,https://api.pbpstats.com/get-shots/wnba?EntityType=Team&Season=2025&SeasonType=Regular+Season&TeamId=1611661323&EntityId=1611661323,200,123,,,,,,False,1611661330,579.0,123,2025-09-08,1022500276,1629497-1642290-1642809-1642841-202250,False,ATL,1628277-1628280-1628886-1631009-1631044,,,,,,1611661323,2,Saniya Rivers,1642809,1,10:00,0,,0,,0,,0,,False,-2,,8.9,0.375,583.0,ShortMidRange,2,600.0,OffDeadball,CON,09:43,,89,-8,False,shots,4Q/OT | margin -3..3 | 300..120,team
wnba,wnba_shot_pace,shot_pace,shots,get-shots,2025,Regular Season,team,"{'EntityType': 'Team', 'Season': '2025', 'SeasonType': 'Regular Season', 'TeamId': '1611661323', 'EntityId': '1611661323'}",shot_pace,1611661323,4Q/OT | margin -3..3 | 300..120,get-shots__shots__entity_type-Team__season-2025__season_type-Regular_Season__team_id-1611661323__entity_id-1611661323__9a6613a2,get-shots,https://api.pbpstats.com/get-shots/wnba?EntityType=Team&Season=2025&SeasonType=Regular+Season&TeamId=1611661323&EntityId=1611661323,200,124,,,False,,,,1611661330,23.0,111,2025-09-08,1022500276,1629497-1642290-1642809-1642841-202250,True,ATL,1628269-1628277-1628886-1631009-203398,,,,,,1611661323,1,Marina Mabrey,1629497,42,00:29,1642290,Aaliyah Edwards,203398,Brittney Griner,0,,0,,False,-5,,23.9,0.3857,23.0,Arc3,3,29.0,OffShortMidRangeMiss,CON,00:23,,72,228,False,shots,4Q/OT | margin -3..3 | 300..120,team
wnba,wnba_shot_pace,shot_pace,shots,get-shots,2025,Regular Season,team,"{'EntityType': 'Team', 'Season': '2025', 'SeasonType': 'Regular Season', 'TeamId': '1611661323', 'EntityId': '1611661323'}",shot_pace,1611661323,4Q/OT | margin -3..3 | 300..120,get-shots__shots__entity_type-Team__season-2025__season_type-Regular_Season__team_id-1611661323__entity_id-1611661323__9a6613a2,get-shots,https://api.pbpstats.com/get-shots/wnba?EntityType=Team&Season=2025&SeasonType=Regular+Season&TeamId=1611661323&EntityId=1611661323,200,125,Marina Mabrey,1629497.0,True,,,,1611661330,46.0,107,2025-09-08,1022500276,1629497-1642290-1642809-1642841-202250,True,ATL,1628269-1628277-1628886-1631009-203398,,,,,,1611661323,1,Saniya Rivers,1642809,40,00:57,0,,0,,0,,0,,False,-7,,1.3,0.6757,46.0,AtRim,2,57.0,OffDeadball,CON,00:46,,-3,13,False,shots,4Q/OT | margin -3..3 | 300..120,team
wnba,wnba_shot_pace,shot_pace,shots,get-shots,2025,Regular Season,team,"{'EntityType': 'Team', 'Season': '2025', 'SeasonType': 'Regular Season', 'TeamId': '1611661323', 'EntityId': '1611661323'}",shot_pace,1611661323,4Q/OT | margin -3..3 | 300..120,get-shots__shots__entity_type-Team__season-2025__season_type-Regular_Season__team_id-1611661323__entity_id-1611661323__9a6613a2,get-shots,https://api.pbpstats.com/get-shots/wnba?EntityType=Team&Season=2025&SeasonType=Regular+Season&TeamId=1611661323&EntityId=1611661323,200,126,,,,Brittney Griner,203398.0,True,1611661330,70.0,101,2025-09-08,1022500276,1629497-1642290-1642809-1642841-202250,False,ATL,1628269-1628277-1628886-1631009-203398,,,,,,1611661323,1,Tina Charles,202250,38,01:24,0,,0,,0,,0,,False,-7,,10.4,0.4218,74.0,ShortMidRange,2,84.0,OffDeadball,CON,01:14,,12,103,False,shots,4Q/OT | margin -3..3 | 300..120,team
wnba,wnba_shot_pace,shot_pace,shots,get-shots,2025,Regular Season,team,"{'EntityType': 'Team', 'Season': '2025', 'SeasonType': 'Regular Season', 'TeamId': '1611661323', 'EntityId': '1611661323'}",shot_pace,1611661323,4Q/OT | margin -3..3 | 300..120,get-shots__shots__entity_type-Team__season-2025__season_type-Regular_Season__team_id-1611661323__entity_id-1611661323__9a6613a2,get-shots,https://api.pbpstats.com/get-shots/wnba?EntityType=Team&Season=2025&SeasonType=Regular+Season&TeamId=1611661323&EntityId=1611661323,200,127,Marina Mabrey,1629497.0,True,,,,1611661330,96.0,94,2025-09-08,1022500276,1629497-1642290-1642809-1642841-202250,True,ATL,1628269-1628277-1630471-1642804-203398,,,,,,1611661323,1,Saniya Rivers,1642809,36,01:49,0,,1628277,Allisha Gray,0,,0,,False,-10,,23.5,0.4003,96.0,Corner3,3,109.0,OffShortMidRangeMake,CON,01:36,,-235,13,False,shots,4Q/OT | margin -3..3 | 300..120,team
wnba,wnba_shot_pace,shot_pace,shots,get-shots,2025,Regular Season,team,"{'EntityType': 'Team', 'Season': '2025', 'SeasonType': 'Regular Season', 'TeamId': '1611661323', 'EntityId': '1611661323'}",shot_pace,1611661323,4Q/OT | margin -3..3 | 300..120,get-shots__shots__entity_type-Team__season-2025__season_type-Regular_Season__team_id-1611661323__entity_id-1611661323__9a6613a2,get-shots,https://api.pbpstats.com/get-shots/wnba?EntityType=Team&Season=2025&SeasonType=Regular+Season&TeamId=1611661323&EntityId=1611661323,200,128,Marina Mabrey,1629497.0,True,,,,1611661330,123.0,90,2025-09-08,1022500276,1629497-1642290-1642809-1642841-202250,True,ATL,1628269-1628277-1630471-1642804-203398,,,,,,1611661323,1,Tina Charles,202250,34,02:24,0,,203398,Brittney Griner,0,,0,,False,-10,,4.6,0.3523,123.0,ShortMidRange,2,144.0,OffShortMidRangeMake,CON,02:03,,-12,44,False,shots,4Q/OT | margin -3..3 | 300..120,team
wnba,wnba_shot_pace,shot_pace,shots,get-shots,2025,Regular Season,team,"{'EntityType': 'Team', 'Season': '2025', 'SeasonType': 'Regular Season', 'TeamId': '1611661323', 'EntityId': '1611661323'}",shot_pace,1611661323,4Q/OT | margin -3..3 | 300..120,get-shots__shots__entity_type-Team__season-2025__season_type-Regular_Season__team_id-1611661323__entity_id-1611661323__9a6613a2,get-shots,https://api.pbpstats.com/get-shots/wnba?EntityType=Team&Season=2025&SeasonType=Regular+Season&TeamId=1611661323&EntityId=1611661323,200,129,Saniya Rivers,1642809.0,True,,,,1611661330,198.0,72,2025-09-08,1022500276,1628263-1629497-1642290-1642800-1642809,True,ATL,1628280-1630471-1631009-1631044-1642804,,,,,,1611661323,1,Lindsay Allen,1628263,30,03:42,0,,1631044,Naz Hillmon,0,,0,,False,-10,,12.6,0.3351,198.0,ShortMidRange,2,222.0,OffArc3Make,CON,03:18,,125,-14,False,shots,4Q/OT | margin -3..3 | 300..120,team
wnba,wnba_shot_pace,shot_pace,shots,get-shots,2025,Regular Season,team,"{'EntityType': 'Team', 'Season': '2025', 'SeasonType': 'Regular Season', 'TeamId': '1611661323', 'EntityId': '1611661323'}",shot_pace,1611661323,4Q/OT | margin -3..3 | 300..120,get-shots__shots__entity_type-Team__season-2025__season_type-Regular_Season__team_id-1611661323__entity_id-1611661323__9a6613a2,get-shots,https://api.pbpstats.com/get-shots/wnba?EntityType=Team&Season=2025&SeasonType=Regular+Season&TeamId=1611661323&EntityId=1611661323,200,130,,,,,,False,1611661330,226.0,68,2025-09-08,1022500276,1628263-1629497-1642290-1642800-1642809,False,ATL,1628280-1630471-1631009-1631044-1642804,,,,,,1611661323,1,Aneesah Morrow,1642800,28,03:58,1629497,Marina Mabrey,1631009,Rhyne Howard,0,,0,,False,-7,,5.5,0.3737,229.0,ShortMidRange,2,238.0,OffArc3Miss,CON,03:49,,-40,38,False,shots,4Q/OT | margin -3..3 | 300..120,team
wnba,wnba_shot_pace,shot_pace,shots,get-shots,2025,Regular Season,team,"{'EntityType': 'Team', 'Season': '2025', 'SeasonType': 'Regular Season', 'TeamId': '1611661323', 'EntityId': '1611661323'}",shot_pace,1611661323,4Q/OT | margin -3..3 | 300..120,get-shots__shots__entity_type-Team__season-2025__season_type-Regular_Season__team_id-1611661323__entity_id-1611661323__9a6613a2,get-shots,https://api.pbpstats.com/get-shots/wnba?EntityType=Team&Season=2025&SeasonType=Regular+Season&TeamId=1611661323&EntityId=1611661323,200,131,,,False,,,,1611661330,265.0,65,2025-09-08,1022500276,1628263-1629497-1642290-1642800-1642809,True,ATL,1628280-1630471-1631009-1631044-1642804,,,,,,1611661323,1,Saniya Rivers,1642809,26,04:30,0,,1628280,Brionna Jones,0,,0,,False,-9,,8.5,0.4463,265.0,ShortMidRange,2,270.0,OffAtRimMake,CON,04:25,,22,82,False,shots,4Q/OT | margin -3..3 | 300..120,team
wnba,wnba_shot_pace,shot_pace,shots,get-shots,2025,Regular Season,team,"{'EntityType': 'Team', 'Season': '2025', 'SeasonType': 'Regular Season', 'TeamId': '1611661323', 'EntityId': '1611661323'}",shot_pace,1611661323,4Q/OT | margin -3..3 | 300..120,get-shots__shots__entity_type-Team__season-2025__season_type-Regular_Season__team_id-1611661323__entity_id-1611661323__9a6613a2,get-shots,https://api.pbpstats.com/get-shots/wnba?EntityType=Team&Season=2025&SeasonType=Regular+Season&TeamId=1611661323&EntityId=1611661323,200,132,,,,,,False,1611661330,319.0,49,2025-09-08,1022500276,1628263-1629497-1642800-1642809-202250,False,ATL,1628280-1628886-1630471-1631009-1631044,,,,,,1611661323,1,Saniya Rivers,1642809,20,05:38,0,,1631044,Naz Hillmon,0,,0,,False,-5,,24.7,0.363,323.0,Arc3,3,338.0,OffAtRimMake,CON,05:23,,-206,137,False,shots,4Q/OT | margin -3..3 | 300..120,team
wnba,wnba_shot_pace,shot_pace,shots,get-shots,2025,Regular Season,team,"{'EntityType': 'Team', 'Season': '2025', 'SeasonType': 'Regular Season', 'TeamId': '1611661323', 'EntityId': '1611661323'}",shot_pace,1611661323,4Q/OT | margin -3..3 | 300..120,get-shots__shots__entity_type-Team__season-2025__season_type-Regular_Season__team_id-1611661323__entity_id-1611661323__9a6613a2,get-shots,https://api.pbpstats.com/get-shots/wnba?EntityType=Team&Season=2025&SeasonType=Regular+Season&TeamId=1611661323&EntityId=1611661323,200,133,,,,,,False,1611661330,349.0,45,2025-09-08,1022500276,1628263-1629497-1642800-1642809-202250,False,ATL,1628280-1628886-1630471-1631009-1631044,,,,,,1611661323,1,Tina Charles,202250,18,06:05,0,,1628280,Brionna Jones,0,,0,,False,-3,,12.8,0.3989,353.0,ShortMidRange,2,365.0,OffAtRimMake,CON,05:53,,-121,43,False,shots,4Q/OT | margin -3..3 | 300..120,team
wnba,wnba_shot_pace,shot_pace,shots,get-shots,2025,Regular Season,team,"{'EntityType': 'Team', 'Season': '2025', 'SeasonType': 'Regular Season', 'TeamId': '1611661323', 'EntityId': '1611661323'}",shot_pace,1611661323,4Q/OT | margin -3..3 | 300..120,get-shots__shots__entity_type-Team__season-2025__season_type-Regular_Season__team_id-1611661323__entity_id-1611661323__9a6613a2,get-shots,https://api.pbpstats.com/get-shots/wnba?EntityType=Team&Season=2025&SeasonType=Regular+Season&TeamId=1611661323&EntityId=1611661323,200,134,Marina Mabrey,1629497.0,True,,,,1611661330,383.0,38,2025-09-08,1022500276,1628263-1629497-1642800-1642809-202250,True,ATL,1628280-1628886-1630471-1631009-1631044,,,,,,1611661323,1,Tina Charles,202250,14,06:40,0,,1628886,Jordin Canada,0,,0,,False,-3,,2.9,0.5129,383.0,AtRim,2,400.0,OffShortMidRangeMake,CON,06:23,,-10,27,False,shots,4Q/OT | margin -3..3 | 300..120,team
wnba,wnba_shot_pace,shot_pace,shots,get-shots,2025,Regular Season,team,"{'EntityType': 'Team', 'Season': '2025', 'SeasonType': 'Regular Season', 'TeamId': '1611661323', 'EntityId': '1611661323'}",shot_pace,1611661323,4Q/OT | margin -3..3 | 300..120,get-shots__shots__entity_type-Team__season-2025__season_type-Regular_Season__team_id-1611661323__entity_id-1611661323__9a6613a2,get-shots,https://api.pbpstats.com/get-shots/wnba?EntityType=Team&Season=2025&SeasonType=Regular+Season&TeamId=1611661323&EntityId=1611661323,200,135,,,,,,False,1611661330,466.0,24,2025-09-08,1022500276,1628263-1629497-1642800-1642809-202250,False,ATL,1628277-1628280-1628886-1631009-1631044,,,,,,1611661323,1,Marina Mabrey,1629497,8,07:59,1642800,Aneesah Morrow,1628280,Brionna Jones,0,,0,,False,1,,24.3,0.3619,470.0,Arc3,3,479.0,OffAtRimMiss,CON,07:50,,-23,242,False,shots,4Q/OT | margin -3..3 | 300..120,team
wnba,wnba_shot_pace,shot_pace,shots,get-shots,2025,Regular Season,team,"{'EntityType': 'Team', 'Season': '2025', 'SeasonType': 'Regular Season', 'TeamId': '1611661323', 'EntityId': '1611661323'}",shot_pace,1611661323,4Q/OT | margin -3..3 | 300..120,get-shots__shots__entity_type-Team__season-2025__season_type-Regular_Season__team_id-1611661323__entity_id-1611661323__9a6613a2,get-shots,https://api.pbpstats.com/get-shots/wnba?EntityType=Team&Season=2025&SeasonType=Regular+Season&TeamId=1611661323&EntityId=1611661323,200,136,Lindsay Allen,1628263.0,True,,,,1611661330,506.0,16,2025-09-08,1022500276,1628263-1629497-1642800-1642809-202250,True,ATL,1628277-1628280-1628886-1631009-1631044,,,,,,1611661323,1,Aneesah Morrow,1642800,6,08:43,1642800,Aneesah Morrow,1631009,Rhyne Howard,0,,0,,False,-2,,24.8,0.368,506.0,Arc3,3,523.0,OffLongMidRangeMiss,CON,08:26,,-199,148,False,shots,4Q/OT | margin -3..3 | 300..120,team
wnba,wnba_shot_pace,shot_pace,shots,get-shots,2025,Regular Season,team,"{'EntityType': 'Team', 'Season': '2025', 'SeasonType': 'Regular Season', 'TeamId': '1611661323', 'EntityId': '1611661323'}",shot_pace,1611661323,4Q/OT | margin -3..3 | 300..120,get-shots__shots__entity_type-Team__season-2025__season_type-Regular_Season__team_id-1611661323__entity_id-1611661323__9a6613a2,get-shots,https://api.pbpstats.com/get-shots/wnba?EntityType=Team&Season=2025&SeasonType=Regular+Season&TeamId=1611661323&EntityId=1611661323,200,137,Saniya Rivers,1642809.0,True,,,,1611661330,541.0,12,2025-09-08,1022500276,1628263-1629497-1642800-1642809-202250,True,ATL,1628277-1628280-1628886-1631009-1631044,,,,,,1611661323,1,Aneesah Morrow,1642800,4,09:15,0,,1631044,Naz Hillmon,0,,0,,False,-5,,24.2,0.3316,541.0,Arc3,3,555.0,OffArc3Make,CON,09:01,,136,200,False,shots,4Q/OT | margin -3..3 | 300..120,team
wnba,wnba_shot_pace,shot_pace,shots,get-shots,2025,Regular Season,team,"{'EntityType': 'Team', 'Season': '2025', 'SeasonType': 'Regular Season', 'TeamId': '1611661323', 'EntityId': '1611661323'}",shot_pace,1611661323,4Q/OT | margin -3..3 | 300..120,get-shots__shots__entity_type-Team__season-2025__season_type-Regular_Season__team_id-1611661323__entity_id-1611661323__9a6613a2,get-shots,https://api.pbpstats.com/get-shots/wnba?EntityType=Team&Season=2025&SeasonType=Regular+Season&TeamId=1611661323&EntityId=1611661323,200,138,,,,,,False,1611661330,565.0,8,2025-09-08,1022500276,1628263-1629497-1642800-1642809-202250,False,ATL,1628277-1628280-1628886-1631009-1631044,,,,,,1611661323,1,Tina Charles,202250,2,09:37,0,,1631009,Rhyne Howard,0,,0,,False,-2,,20.5,0.4169,565.0,LongMidRange,2,577.0,OffShortMidRangeMake,CON,09:25,,6,205,False,shots,4Q/OT | margin -3..3 | 300..120,team
wnba,wnba_shot_pace,shot_pace,shots,get-shots,2025,Regular Season,team,"{'EntityType': 'Team', 'Season': '2025', 'SeasonType': 'Regular Season', 'TeamId': '1611661323', 'EntityId': '1611661323'}",shot_pace,1611661323,4Q/OT | margin -3..3 | 300..120,get-shots__shots__entity_type-Team__season-2025__season_type-Regular_Season__team_id-1611661323__entity_id-1611661323__9a6613a2,get-shots,https://api.pbpstats.com/get-shots/wnba?EntityType=Team&Season=2025&SeasonType=Regular+Season&TeamId=1611661323&EntityId=1611661323,200,139,,,False,,,,1611661317,27.0,594,2025-09-06,1022500271,1629497-1642303-1642800-1642809-202250,True,PHX,1627674-1628244-1630149-201886-203826,,,,,,1611661323,4,Leïla Lacan,1642303,34,00:41,202250,Tina Charles,203826,Alyssa Thomas,0,,0,,False,0,,3.8,0.4356,27.0,AtRim,2,41.0,OffFTMiss,CON,00:27,,37,9,False,shots,4Q/OT | margin -3..3 | 300..120,team
wnba,wnba_shot_pace,shot_pace,shots,get-shots,2025,Regular Season,team,"{'EntityType': 'Team', 'Season': '2025', 'SeasonType': 'Regular Season', 'TeamId': '1611661323', 'EntityId': '1611661323'}",shot_pace,1611661323,4Q/OT | margin -3..3 | 300..120,get-shots__shots__entity_type-Team__season-2025__season_type-Regular_Season__team_id-1611661323__entity_id-1611661323__9a6613a2,get-shots,https://api.pbpstats.com/get-shots/wnba?EntityType=Team&Season=2025&SeasonType=Regular+Season&TeamId=1611661323&EntityId=1611661323,200,140,,,,,,False,1611661317,51.0,585,2025-09-06,1022500271,1629497-1642303-1642800-1642809-202250,False,PHX,1627674-1628244-1630149-201886-203826,,0.0,Tina Charles,202250.0,Team,1611661323,4,Saniya Rivers,1642809,32,01:26,0,,0,,0,,0,,False,0,18.0,19.0,0.1946,53.0,LongMidRange,2,86.0,OffTimeout,CON,00:53,,-184,49,False,shots,4Q/OT | margin -3..3 | 300..120,team
wnba,wnba_shot_pace,shot_pace,shots,get-shots,2025,Regular Season,team,"{'EntityType': 'Team', 'Season': '2025', 'SeasonType': 'Regular Season', 'TeamId': '1611661323', 'EntityId': '1611661323'}",shot_pace,1611661323,4Q/OT | margin -3..3 | 300..120,get-shots__shots__entity_type-Team__season-2025__season_type-Regular_Season__team_id-1611661323__entity_id-1611661323__9a6613a2,get-shots,https://api.pbpstats.com/get-shots/wnba?EntityType=Team&Season=2025&SeasonType=Regular+Season&TeamId=1611661323&EntityId=1611661323,200,141,,,,,,False,1611661317,51.0,577,2025-09-06,1022500271,1629497-1642303-1642800-1642809-202250,False,PHX,1627674-1628244-1630149-201886-203826,,,,,,1611661323,4,Tina Charles,202250,32,01:26,0,,0,,0,,0,,False,-1,,8.0,0.3023,71.0,ShortMidRange,2,86.0,OffTimeout,CON,01:11,,46,66,False,shots,4Q/OT | margin -3..3 | 300..120,team
wnba,wnba_shot_pace,shot_pace,shots,get-shots,2025,Regular Season,team,"{'EntityType': 'Team', 'Season': '2025', 'SeasonType': 'Regular Season', 'TeamId': '1611661323', 'EntityId': '1611661323'}",shot_pace,1611661323,4Q/OT | margin -3..3 | 300..120,get-shots__shots__entity_type-Team__season-2025__season_type-Regular_Season__team_id-1611661323__entity_id-1611661323__9a6613a2,get-shots,https://api.pbpstats.com/get-shots/wnba?EntityType=Team&Season=2025&SeasonType=Regular+Season&TeamId=1611661323&EntityId=1611661323,200,142,,,,,,False,1611661317,91.0,572,2025-09-06,1022500271,1629497-1642303-1642800-1642809-202250,False,PHX,1627674-1628244-1630149-201886-203826,,,,,,1611661323,4,Marina Mabrey,1629497,30,01:49,0,,0,,0,,0,,False,2,,14.8,0.4086,95.0,LongMidRange,2,109.0,OffFTMake,CON,01:35,,65,133,False,shots,4Q/OT | margin -3..3 | 300..120,team
wnba,wnba_shot_pace,shot_pace,shots,get-shots,2025,Regular Season,team,"{'EntityType': 'Team', 'Season': '2025', 'SeasonType': 'Regular Season', 'TeamId': '1611661323', 'EntityId': '1611661323'}",shot_pace,1611661323,4Q/OT | margin -3..3 | 300..120,get-shots__shots__entity_type-Team__season-2025__season_type-Regular_Season__team_id-1611661323__entity_id-1611661323__9a6613a2,get-shots,https://api.pbpstats.com/get-shots/wnba?EntityType=Team&Season=2025&SeasonType=Regular+Season&TeamId=1611661323&EntityId=1611661323,200,143,,,False,,,,1611661317,153.0,561,2025-09-06,1022500271,1629497-1642303-1642800-1642809-202250,True,PHX,1627674-1628244-1630149-201886-203826,,,,,,1611661323,4,Tina Charles,202250,26,02:39,0,,203826,Alyssa Thomas,0,,0,,False,3,,2.7,0.5388,153.0,AtRim,2,159.0,OffShortMidRangeMake,CON,02:33,,-15,23,False,shots,4Q/OT | margin -3..3 | 300..120,team
wnba,wnba_shot_pace,shot_pace,shots,get-shots,2025,Regular Season,team,"{'EntityType': 'Team', 'Season': '2025', 'SeasonType': 'Regular Season', 'TeamId': '1611661323', 'EntityId': '1611661323'}",shot_pace,1611661323,4Q/OT | margin -3..3 | 300..120,get-shots__shots__entity_type-Team__season-2025__season_type-Regular_Season__team_id-1611661323__entity_id-1611661323__9a6613a2,get-shots,https://api.pbpstats.com/get-shots/wnba?EntityType=Team&Season=2025&SeasonType=Regular+Season&TeamId=1611661323&EntityId=1611661323,200,144,,,False,,,,1611661317,229.0,533,2025-09-06,1022500271,1628263-1629497-1642800-1642809-202250,True,PHX,1627674-1628244-1630442-201886-203826,Aneesah Morrow,1642800.0,Marina Mabrey,1629497.0,LongMidRange,1611661323,4,Aneesah Morrow,1642800,20,04:16,1642809,Saniya Rivers,201886,DeWanna Bonner,0,,0,,True,1,0.0,0.6,0.6214,229.0,AtRim,2,256.0,OffCorner3Miss,CON,03:49,,0,-6,False,shots,4Q/OT | margin -3..3 | 300..120,team
wnba,wnba_shot_pace,shot_pace,shots,get-shots,2025,Regular Season,team,"{'EntityType': 'Team', 'Season': '2025', 'SeasonType': 'Regular Season', 'TeamId': '1611661323', 'EntityId': '1611661323'}",shot_pace,1611661323,4Q/OT | margin -3..3 | 300..120,get-shots__shots__entity_type-Team__season-2025__season_type-Regular_Season__team_id-1611661323__entity_id-1611661323__9a6613a2,get-shots,https://api.pbpstats.com/get-shots/wnba?EntityType=Team&Season=2025&SeasonType=Regular+Season&TeamId=1611661323&EntityId=1611661323,200,145,,,,,,False,1611661317,229.0,531,2025-09-06,1022500271,1628263-1629497-1642800-1642809-202250,False,PHX,1627674-1628244-1630442-201886-203826,,,,,,1611661323,4,Marina Mabrey,1629497,20,04:16,1642809,Saniya Rivers,201886,DeWanna Bonner,0,,0,,False,1,,15.2,0.3375,235.0,LongMidRange,2,256.0,OffCorner3Miss,CON,03:55,,-151,13,False,shots,4Q/OT | margin -3..3 | 300..120,team
wnba,wnba_shot_pace,shot_pace,shots,get-shots,2025,Regular Season,team,"{'EntityType': 'Team', 'Season': '2025', 'SeasonType': 'Regular Season', 'TeamId': '1611661323', 'EntityId': '1611661323'}",shot_pace,1611661323,4Q/OT | margin -3..3 | 300..120,get-shots__shots__entity_type-Team__season-2025__season_type-Regular_Season__team_id-1611661323__entity_id-1611661323__9a6613a2,get-shots,https://api.pbpstats.com/get-shots/wnba?EntityType=Team&Season=2025&SeasonType=Regular+Season&TeamId=1611661323&EntityId=1611661323,200,146,Marina Mabrey,1629497.0,True,,,,1611661317,329.0,514,2025-09-06,1022500271,1628263-1629497-1642290-1642809-202250,True,PHX,1627674-1628244-1630442-201886-203826,,,,,,1611661323,4,Tina Charles,202250,16,05:53,0,,1627674,Kahleah Copper,0,,0,,False,-3,,9.4,0.3528,329.0,ShortMidRange,2,353.0,OffAtRimMake,CON,05:29,,46,82,False,shots,4Q/OT | margin -3..3 | 300..120,team
wnba,wnba_shot_pace,shot_pace,shots,get-shots,2025,Regular Season,team,"{'EntityType': 'Team', 'Season': '2025', 'SeasonType': 'Regular Season', 'TeamId': '1611661323', 'EntityId': '1611661323'}",shot_pace,1611661323,4Q/OT | margin -3..3 | 300..120,get-shots__shots__entity_type-Team__season-2025__season_type-Regular_Season__team_id-1611661323__entity_id-1611661323__9a6613a2,get-shots,https://api.pbpstats.com/get-shots/wnba?EntityType=Team&Season=2025&SeasonType=Regular+Season&TeamId=1611661323&EntityId=1611661323,200,147,Saniya Rivers,1642809.0,True,,,,1611661317,423.0,488,2025-09-06,1022500271,1628263-1629497-1642290-1642809-202250,True,PHX,1627674-1630149-1630442-1642777-201886,,,,,,1611661323,4,Aaliyah Edwards,1642290,10,07:13,202250,Tina Charles,201886,DeWanna Bonner,0,,0,,False,-4,,4.1,0.4207,423.0,ShortMidRange,2,433.0,OffShortMidRangeMiss,CON,07:03,,26,32,False,shots,4Q/OT | margin -3..3 | 300..120,team
wnba,wnba_shot_pace,shot_pace,shots,get-shots,2025,Regular Season,team,"{'EntityType': 'Team', 'Season': '2025', 'SeasonType': 'Regular Season', 'TeamId': '1611661323', 'EntityId': '1611661323'}",shot_pace,1611661323,4Q/OT | margin -3..3 | 300..120,get-shots__shots__entity_type-Team__season-2025__season_type-Regular_Season__team_id-1611661323__entity_id-1611661323__9a6613a2,get-shots,https://api.pbpstats.com/get-shots/wnba?EntityType=Team&Season=2025&SeasonType=Regular+Season&TeamId=1611661323&EntityId=1611661323,200,148,Marina Mabrey,1629497.0,True,,,,1611661317,456.0,484,2025-09-06,1022500271,1628263-1629497-1642290-1642809-202250,True,PHX,1627674-1630149-1630442-1642777-201886,,,,,,1611661323,4,Saniya Rivers,1642809,8,07:54,0,,0,,0,,0,,False,-7,,26.6,0.3124,456.0,Arc3,3,474.0,OffTimeout,CON,07:36,,-128,233,False,shots,4Q/OT | margin -3..3 | 300..120,team
wnba,wnba_shot_pace,shot_pace,shots,get-shots,2025,Regular Season,team,"{'EntityType': 'Team', 'Season': '2025', 'SeasonType': 'Regular Season', 'TeamId': '1611661323', 'EntityId': '1611661323'}",shot_pace,1611661323,4Q/OT | margin -3..3 | 300..120,get-shots__shots__entity_type-Team__season-2025__season_type-Regular_Season__team_id-1611661323__entity_id-1611661323__9a6613a2,get-shots,https://api.pbpstats.com/get-shots/wnba?EntityType=Team&Season=2025&SeasonType=Regular+Season&TeamId=1611661323&EntityId=1611661323,200,149,,,,,,False,1611661317,0.0,454,2025-09-06,1022500271,1628263-1629497-1642290-1642800-1642809,False,PHX,1627674-1628244-1628957-1630149-201886,,,,,,1611661323,3,Saniya Rivers,1642809,41,00:02,0,,0,,0,,0,,False,1,,47.4,0.0,0.0,Arc3,3,2.0,OffDeadball,CON,00:00,,-207,426,False,shots,4Q/OT | margin -3..3 | 300..120,team
wnba,wnba_shot_pace,shot_pace,shots,get-shots,2025,Regular Season,team,"{'EntityType': 'Team', 'Season': '2025', 'SeasonType': 'Regular Season', 'TeamId': '1611661323', 'EntityId': '1611661323'}",shot_pace,1611661323,4Q/OT | margin -3..3 | 300..120,get-shots__shots__entity_type-Team__season-2025__season_type-Regular_Season__team_id-1611661323__entity_id-1611661323__9a6613a2,get-shots,https://api.pbpstats.com/get-shots/wnba?EntityType=Team&Season=2025&SeasonType=Regular+Season&TeamId=1611661323&EntityId=1611661323,200,150,Marina Mabrey,1629497.0,True,,,,1611661317,14.0,451,2025-09-06,1022500271,1628263-1629497-1642290-1642800-1642809,True,PHX,1627674-1628244-1628957-1630149-201886,,,,,,1611661323,3,Aaliyah Edwards,1642290,39,00:36,0,,0,,0,,0,,False,-1,,7.5,0.3076,14.0,ShortMidRange,2,36.0,OffFTMake,CON,00:14,,35,66,False,shots,4Q/OT | margin -3..3 | 300..120,team
wnba,wnba_shot_pace,shot_pace,shots,get-shots,2025,Regular Season,team,"{'EntityType': 'Team', 'Season': '2025', 'SeasonType': 'Regular Season', 'TeamId': '1611661323', 'EntityId': '1611661323'}",shot_pace,1611661323,4Q/OT | margin -3..3 | 300..120,get-shots__shots__entity_type-Team__season-2025__season_type-Regular_Season__team_id-1611661323__entity_id-1611661323__9a6613a2,get-shots,https://api.pbpstats.com/get-shots/wnba?EntityType=Team&Season=2025&SeasonType=Regular+Season&TeamId=1611661323&EntityId=1611661323,200,151,Aneesah Morrow,1642800.0,True,,,,1611661317,49.0,445,2025-09-06,1022500271,1628263-1629497-1642290-1642800-1642809,True,PHX,1627674-1628244-1628957-1630149-201886,Aneesah Morrow,1642800.0,Aaliyah Edwards,1642290.0,LongMidRange,1611661323,3,Marina Mabrey,1629497,37,01:03,1642809,Saniya Rivers,1628957,Kathryn Westbeld,0,,0,,False,-1,2.0,13.8,0.3808,49.0,ShortMidRange,2,63.0,OffArc3Miss,CON,00:49,,-100,95,False,shots,4Q/OT | margin -3..3 | 300..120,team
wnba,wnba_shot_pace,shot_pace,shots,get-shots,2025,Regular Season,team,"{'EntityType': 'Team', 'Season': '2025', 'SeasonType': 'Regular Season', 'TeamId': '1611661323', 'EntityId': '1611661323'}",shot_pace,1611661323,4Q/OT | margin -3..3 | 300..120,get-shots__shots__entity_type-Team__season-2025__season_type-Regular_Season__team_id-1611661323__entity_id-1611661323__9a6613a2,get-shots,https://api.pbpstats.com/get-shots/wnba?EntityType=Team&Season=2025&SeasonType=Regular+Season&TeamId=1611661323&EntityId=1611661323,200,152,,,,,,False,1611661317,49.0,443,2025-09-06,1022500271,1628263-1629497-1642290-1642800-1642809,False,PHX,1627674-1628244-1628957-1630149-201886,,,,,,1611661323,3,Aaliyah Edwards,1642290,37,01:03,1642809,Saniya Rivers,1628957,Kathryn Westbeld,0,,0,,False,-1,,15.9,0.4164,54.0,LongMidRange,2,63.0,OffArc3Miss,CON,00:54,,-23,157,False,shots,4Q/OT | margin -3..3 | 300..120,team
wnba,wnba_shot_pace,shot_pace,shots,get-shots,2025,Regular Season,team,"{'EntityType': 'Team', 'Season': '2025', 'SeasonType': 'Regular Season', 'TeamId': '1611661323', 'EntityId': '1611661323'}",shot_pace,1611661323,4Q/OT | margin -3..3 | 300..120,get-shots__shots__entity_type-Team__season-2025__season_type-Regular_Season__team_id-1611661323__entity_id-1611661323__9a6613a2,get-shots,https://api.pbpstats.com/get-shots/wnba?EntityType=Team&Season=2025&SeasonType=Regular+Season&TeamId=1611661323&EntityId=1611661323,200,153,Lindsay Allen,1628263.0,True,,,,1611661317,81.0,436,2025-09-06,1022500271,1628263-1629497-1642290-1642800-1642809,True,PHX,1627674-1628244-1628957-1630149-201886,,,,,,1611661323,3,Marina Mabrey,1629497,35,01:25,1642800,Aneesah Morrow,1627674,Kahleah Copper,0,,0,,False,-4,,4.0,0.487,81.0,ShortMidRange,2,85.0,OffShortMidRangeMiss,CON,01:21,,38,12,False,shots,4Q/OT | margin -3..3 | 300..120,team
wnba,wnba_shot_pace,shot_pace,shots,get-shots,2025,Regular Season,team,"{'EntityType': 'Team', 'Season': '2025', 'SeasonType': 'Regular Season', 'TeamId': '1611661323', 'EntityId': '1611661323'}",shot_pace,1611661323,4Q/OT | margin -3..3 | 300..120,get-shots__shots__entity_type-Team__season-2025__season_type-Regular_Season__team_id-1611661323__entity_id-1611661323__9a6613a2,get-shots,https://api.pbpstats.com/get-shots/wnba?EntityType=Team&Season=2025&SeasonType=Regular+Season&TeamId=1611661323&EntityId=1611661323,200,154,,,,,,False,1611661317,93.0,432,2025-09-06,1022500271,1628263-1629497-1642290-1642800-1642809,False,PHX,1627674-1628244-1628957-1630149-201886,,,,,,1611661323,3,Aneesah Morrow,1642800,33,01:46,0,,0,,0,,0,,False,-4,,25.8,0.3299,97.0,Arc3,3,106.0,OffFTMake,CON,01:37,,1,258,False,shots,4Q/OT | margin -3..3 | 300..120,team
wnba,wnba_shot_pace,shot_pace,shots,get-shots,2025,Regular Season,team,"{'EntityType': 'Team', 'Season': '2025', 'SeasonType': 'Regular Season', 'TeamId': '1611661323', 'EntityId': '1611661323'}",shot_pace,1611661323,4Q/OT | margin -3..3 | 300..120,get-shots__shots__entity_type-Team__season-2025__season_type-Regular_Season__team_id-1611661323__entity_id-1611661323__9a6613a2,get-shots,https://api.pbpstats.com/get-shots/wnba?EntityType=Team&Season=2025&SeasonType=Regular+Season&TeamId=1611661323&EntityId=1611661323,200,155,,,,,,False,1611661317,150.0,411,2025-09-06,1022500271,1629497-1642290-1642303-1642800-1642809,False,PHX,1627674-1628244-1628957-201886-203826,,,,,,1611661323,3,Saniya Rivers,1642809,29,02:51,0,,0,,0,,0,,False,-5,,12.1,0.3812,155.0,ShortMidRange,2,171.0,OffFTMake,CON,02:35,,118,26,False,shots,4Q/OT | margin -3..3 | 300..120,team
wnba,wnba_shot_pace,shot_pace,shots,get-shots,2025,Regular Season,team,"{'EntityType': 'Team', 'Season': '2025', 'SeasonType': 'Regular Season', 'TeamId': '1611661323', 'EntityId': '1611661323'}",shot_pace,1611661323,4Q/OT | margin -3..3 | 300..120,get-shots__shots__entity_type-Team__season-2025__season_type-Regular_Season__team_id-1611661323__entity_id-1611661323__9a6613a2,get-shots,https://api.pbpstats.com/get-shots/wnba?EntityType=Team&Season=2025&SeasonType=Regular+Season&TeamId=1611661323&EntityId=1611661323,200,156,,,False,,,,1611661317,203.0,399,2025-09-06,1022500271,1629497-1642303-1642800-1642809-202250,True,PHX,1627674-1628244-1628957-201886-203826,,,,,,1611661323,3,Marina Mabrey,1629497,25,03:29,0,,0,,1629497,Marina Mabrey,1627674,Kahleah Copper,False,-5,,6.3,0.4259,203.0,ShortMidRange,2,209.0,OffLiveBallTurnover,CON,03:23,,28,56,False,shots,4Q/OT | margin -3..3 | 300..120,team
wnba,wnba_shot_pace,shot_pace,shots,get-shots,2025,Regular Season,team,"{'EntityType': 'Team', 'Season': '2025', 'SeasonType': 'Regular Season', 'TeamId': '1611661323', 'EntityId': '1611661323'}",shot_pace,1611661323,4Q/OT | margin -3..3 | 300..120,get-shots__shots__entity_type-Team__season-2025__season_type-Regular_Season__team_id-1611661323__entity_id-1611661323__9a6613a2,get-shots,https://api.pbpstats.com/get-shots/wnba?EntityType=Team&Season=2025&SeasonType=Regular+Season&TeamId=1611661323&EntityId=1611661323,200,157,,,,,,False,1611661317,280.0,387,2025-09-06,1022500271,1629497-1642303-1642800-1642809-202250,False,PHX,1627674-1628244-1628957-201886-203826,,,,,,1611661323,3,Tina Charles,202250,19,04:52,0,,0,,1629497,Marina Mabrey,203826,Alyssa Thomas,False,-5,,12.3,0.4425,284.0,ShortMidRange,2,292.0,OffLiveBallTurnover,CON,04:44,,-45,115,False,shots,4Q/OT | margin -3..3 | 300..120,team
wnba,wnba_shot_pace,shot_pace,shots,get-shots,2025,Regular Season,team,"{'EntityType': 'Team', 'Season': '2025', 'SeasonType': 'Regular Season', 'TeamId': '1611661323', 'EntityId': '1611661323'}",shot_pace,1611661323,4Q/OT | margin -3..3 | 300..120,get-shots__shots__entity_type-Team__season-2025__season_type-Regular_Season__team_id-1611661323__entity_id-1611661323__9a6613a2,get-shots,https://api.pbpstats.com/get-shots/wnba?EntityType=Team&Season=2025&SeasonType=Regular+Season&TeamId=1611661323&EntityId=1611661323,200,158,,,,,,False,1611661317,301.0,383,2025-09-06,1022500271,1629497-1642303-1642800-1642809-202250,False,PHX,1627674-1628244-1628957-201886-203826,,,,,,1611661323,3,Marina Mabrey,1629497,17,05:33,0,,0,,0,,0,,False,-5,,8.0,0.26,305.0,ShortMidRange,2,333.0,OffFTMake,CON,05:05,,-67,44,False,shots,4Q/OT | margin -3..3 | 300..120,team
wnba,wnba_shot_pace,shot_pace,shots,get-shots,2025,Regular Season,team,"{'EntityType': 'Team', 'Season': '2025', 'SeasonType': 'Regular Season', 'TeamId': '1611661323', 'EntityId': '1611661323'}",shot_pace,1611661323,4Q/OT | margin -3..3 | 300..120,get-shots__shots__entity_type-Team__season-2025__season_type-Regular_Season__team_id-1611661323__entity_id-1611661323__9a6613a2,get-shots,https://api.pbpstats.com/get-shots/wnba?EntityType=Team&Season=2025&SeasonType=Regular+Season&TeamId=1611661323&EntityId=1611661323,200,159,Saniya Rivers,1642809.0,True,,,,1611661317,348.0,369,2025-09-06,1022500271,1629497-1642303-1642800-1642809-202250,True,PHX,1627674-1630149-1630442-1642777-203826,,,,,,1611661323,3,Aneesah Morrow,1642800,15,05:57,1642800,Aneesah Morrow,1627674,Kahleah Copper,0,,0,,False,-4,,4.2,0.4536,348.0,ShortMidRange,2,357.0,OffArc3Miss,CON,05:48,,-39,15,False,shots,4Q/OT | margin -3..3 | 300..120,team
wnba,wnba_shot_pace,shot_pace,shots,get-shots,2025,Regular Season,team,"{'EntityType': 'Team', 'Season': '2025', 'SeasonType': 'Regular Season', 'TeamId': '1611661323', 'EntityId': '1611661323'}",shot_pace,1611661323,4Q/OT | margin -3..3 | 300..120,get-shots__shots__entity_type-Team__season-2025__season_type-Regular_Season__team_id-1611661323__entity_id-1611661323__9a6613a2,get-shots,https://api.pbpstats.com/get-shots/wnba?EntityType=Team&Season=2025&SeasonType=Regular+Season&TeamId=1611661323&EntityId=1611661323,200,160,,,,,,False,1611661317,365.0,365,2025-09-06,1022500271,1629497-1642303-1642800-1642809-202250,False,PHX,1627674-1630149-1630442-1642777-203826,,,,,,1611661323,3,Tina Charles,202250,13,06:15,1642800,Aneesah Morrow,1642777,Monique Akoa Makani,0,,0,,False,-4,,6.7,0.4113,368.0,ShortMidRange,2,375.0,OffArc3Miss,CON,06:08,,62,25,False,shots,4Q/OT | margin -3..3 | 300..120,team
wnba,wnba_shot_pace,shot_pace,shots,get-shots,2025,Regular Season,team,"{'EntityType': 'Team', 'Season': '2025', 'SeasonType': 'Regular Season', 'TeamId': '1611661323', 'EntityId': '1611661323'}",shot_pace,1611661323,4Q/OT | margin -3..3 | 300..120,get-shots__shots__entity_type-Team__season-2025__season_type-Regular_Season__team_id-1611661323__entity_id-1611661323__9a6613a2,get-shots,https://api.pbpstats.com/get-shots/wnba?EntityType=Team&Season=2025&SeasonType=Regular+Season&TeamId=1611661323&EntityId=1611661323,200,161,,,,,,False,1611661317,397.0,355,2025-09-06,1022500271,1628263-1629497-1642800-1642809-202250,False,PHX,1627674-1630149-1630442-1642777-203826,,,,,,1611661323,3,Aneesah Morrow,1642800,11,06:57,0,,0,,0,,0,,False,-4,,25.4,0.3567,403.0,Arc3,3,417.0,OffDeadball,CON,06:43,,-155,201,False,shots,4Q/OT | margin -3..3 | 300..120,team
wnba,wnba_shot_pace,shot_pace,shots,get-shots,2025,Regular Season,team,"{'EntityType': 'Team', 'Season': '2025', 'SeasonType': 'Regular Season', 'TeamId': '1611661323', 'EntityId': '1611661323'}",shot_pace,1611661323,4Q/OT | margin -3..3 | 300..120,get-shots__shots__entity_type-Team__season-2025__season_type-Regular_Season__team_id-1611661323__entity_id-1611661323__9a6613a2,get-shots,https://api.pbpstats.com/get-shots/wnba?EntityType=Team&Season=2025&SeasonType=Regular+Season&TeamId=1611661323&EntityId=1611661323,200,162,,,,,,False,1611661317,436.0,345,2025-09-06,1022500271,1628263-1629497-1642800-1642809-202250,False,PHX,1627674-1630149-1630442-1642777-203826,,,,,,1611661323,3,Tina Charles,202250,9,07:34,202250,Tina Charles,1642777,Monique Akoa Makani,0,,0,,False,-4,,12.9,0.3264,436.0,ShortMidRange,2,454.0,OffShortMidRangeMiss,CON,07:16,,129,1,False,shots,4Q/OT | margin -3..3 | 300..120,team
wnba,wnba_shot_pace,shot_pace,shots,get-shots,2025,Regular Season,team,"{'EntityType': 'Team', 'Season': '2025', 'SeasonType': 'Regular Season', 'TeamId': '1611661323', 'EntityId': '1611661323'}",shot_pace,1611661323,4Q/OT | margin -3..3 | 300..120,get-shots__shots__entity_type-Team__season-2025__season_type-Regular_Season__team_id-1611661323__entity_id-1611661323__9a6613a2,get-shots,https://api.pbpstats.com/get-shots/wnba?EntityType=Team&Season=2025&SeasonType=Regular+Season&TeamId=1611661323&EntityId=1611661323,200,163,,,,,,False,1611661317,499.0,328,2025-09-06,1022500271,1628263-1629497-1642800-1642809-202250,False,PHX,1627674-1630149-1630442-1642777-203826,,,,,,1611661323,3,Aneesah Morrow,1642800,5,08:35,1629497,Marina Mabrey,1627674,Kahleah Copper,0,,0,,False,-5,,23.1,0.411,499.0,Corner3,3,515.0,OffArc3Miss,CON,08:19,,230,18,False,shots,4Q/OT | margin -3..3 | 300..120,team
wnba,wnba_shot_pace,shot_pace,shots,get-shots,2025,Regular Season,team,"{'EntityType': 'Team', 'Season': '2025', 'SeasonType': 'Regular Season', 'TeamId': '1611661323', 'EntityId': '1611661323'}",shot_pace,1611661323,4Q/OT | margin -3..3 | 300..120,get-shots__shots__entity_type-Team__season-2025__season_type-Regular_Season__team_id-1611661323__entity_id-1611661323__9a6613a2,get-shots,https://api.pbpstats.com/get-shots/wnba?EntityType=Team&Season=2025&SeasonType=Regular+Season&TeamId=1611661323&EntityId=1611661323,200,164,,,,,,False,1611661317,529.0,320,2025-09-06,1022500271,1628263-1629497-1642303-1642800-202250,False,PHX,1627674-1630149-1630442-1642777-203826,,,,,,1611661323,3,Marina Mabrey,1629497,3,09:14,0,,1630442,Natasha Mack,0,,0,,False,-5,,29.3,0.3051,535.0,Arc3,3,554.0,OffShortMidRangeMake,CON,08:55,,162,244,False,shots,4Q/OT | margin -3..3 | 300..120,team
wnba,wnba_shot_pace,shot_pace,shots,get-shots,2025,Regular Season,team,"{'EntityType': 'Team', 'Season': '2025', 'SeasonType': 'Regular Season', 'TeamId': '1611661323', 'EntityId': '1611661323'}",shot_pace,1611661323,4Q/OT | margin -3..3 | 300..120,get-shots__shots__entity_type-Team__season-2025__season_type-Regular_Season__team_id-1611661323__entity_id-1611661323__9a6613a2,get-shots,https://api.pbpstats.com/get-shots/wnba?EntityType=Team&Season=2025&SeasonType=Regular+Season&TeamId=1611661323&EntityId=1611661323,200,165,,,,,,False,1611661317,572.0,312,2025-09-06,1022500271,1628263-1629497-1642303-1642800-202250,False,PHX,1627674-1630149-1630442-1642777-203826,,,,,,1611661323,3,Leïla Lacan,1642303,1,10:00,0,,0,,0,,0,,False,-3,,25.6,0.2302,578.0,Arc3,3,600.0,OffDeadball,CON,09:38,,-62,248,False,shots,4Q/OT | margin -3..3 | 300..120,team
wnba,wnba_shot_pace,shot_pace,shots,get-shots,2025,Regular Season,team,"{'EntityType': 'Team', 'Season': '2025', 'SeasonType': 'Regular Season', 'TeamId': '1611661323', 'EntityId': '1611661323'}",shot_pace,1611661323,4Q/OT | margin -3..3 | 300..120,get-shots__shots__entity_type-Team__season-2025__season_type-Regular_Season__team_id-1611661323__entity_id-1611661323__9a6613a2,get-shots,https://api.pbpstats.com/get-shots/wnba?EntityType=Team&Season=2025&SeasonType=Regular+Season&TeamId=1611661323&EntityId=1611661323,200,166,,,,,,False,1611661317,0.0,298,2025-09-06,1022500271,1629497-1642290-1642303-1642809-202250,False,PHX,1628244-1630149-1642777-201886-203826,,,,,,1611661323,2,Saniya Rivers,1642809,41,00:13,0,,1630149,Satou Sabally,0,,0,,False,-3,,22.4,0.1738,0.0,Corner3,3,13.0,OffShortMidRangeMake,CON,00:00,,224,4,False,shots,4Q/OT | margin -3..3 | 300..120,team
wnba,wnba_shot_pace,shot_pace,shots,get-shots,2025,Regular Season,team,"{'EntityType': 'Team', 'Season': '2025', 'SeasonType': 'Regular Season', 'TeamId': '1611661323', 'EntityId': '1611661323'}",shot_pace,1611661323,4Q/OT | margin -3..3 | 300..120,get-shots__shots__entity_type-Team__season-2025__season_type-Regular_Season__team_id-1611661323__entity_id-1611661323__9a6613a2,get-shots,https://api.pbpstats.com/get-shots/wnba?EntityType=Team&Season=2025&SeasonType=Regular+Season&TeamId=1611661323&EntityId=1611661323,200,167,,,,,,False,1611661317,30.0,290,2025-09-06,1022500271,1629497-1642290-1642303-1642809-202250,False,PHX,1628244-1630149-1630442-201886-203826,,,,,,1611661323,2,Marina Mabrey,1629497,39,00:36,0,,0,,1642303,Leïla Lacan,1630149,Satou Sabally,False,-1,,25.7,0.3413,33.0,Arc3,3,36.0,OffLiveBallTurnover,CON,00:33,,-174,189,False,shots,4Q/OT | margin -3..3 | 300..120,team
wnba,wnba_shot_pace,shot_pace,shots,get-shots,2025,Regular Season,team,"{'EntityType': 'Team', 'Season': '2025', 'SeasonType': 'Regular Season', 'TeamId': '1611661323', 'EntityId': '1611661323'}",shot_pace,1611661323,4Q/OT | margin -3..3 | 300..120,get-shots__shots__entity_type-Team__season-2025__season_type-Regular_Season__team_id-1611661323__entity_id-1611661323__9a6613a2,get-shots,https://api.pbpstats.com/get-shots/wnba?EntityType=Team&Season=2025&SeasonType=Regular+Season&TeamId=1611661323&EntityId=1611661323,200,168,,,,,,False,1611661317,37.0,286,2025-09-06,1022500271,1629497-1642290-1642303-1642809-202250,False,PHX,1628244-1630149-1630442-201886-203826,,,,,,1611661323,2,Aaliyah Edwards,1642290,37,00:53,1629497,Marina Mabrey,203826,Alyssa Thomas,0,,0,,False,-1,,17.4,0.3632,42.0,LongMidRange,2,53.0,OffLongMidRangeMiss,CON,00:42,,94,146,False,shots,4Q/OT | margin -3..3 | 300..120,team
wnba,wnba_shot_pace,shot_pace,shots,get-shots,2025,Regular Season,team,"{'EntityType': 'Team', 'Season': '2025', 'SeasonType': 'Regular Season', 'TeamId': '1611661323', 'EntityId': '1611661323'}",shot_pace,1611661323,4Q/OT | margin -3..3 | 300..120,get-shots__shots__entity_type-Team__season-2025__season_type-Regular_Season__team_id-1611661323__entity_id-1611661323__9a6613a2,get-shots,https://api.pbpstats.com/get-shots/wnba?EntityType=Team&Season=2025&SeasonType=Regular+Season&TeamId=1611661323&EntityId=1611661323,200,169,,,False,,,,1611661317,62.0,280,2025-09-06,1022500271,1629497-1642290-1642303-1642841-202250,True,PHX,1628244-1630149-1630442-201886-203826,Tina Charles,202250.0,Mamignan Touré,1642841.0,AtRim,1611661323,2,Tina Charles,202250,35,01:19,1629497,Marina Mabrey,203826,Alyssa Thomas,0,,0,,True,-3,0.0,0.6,0.7148,62.0,AtRim,2,79.0,OffShortMidRangeMiss,CON,01:02,,0,-6,False,shots,4Q/OT | margin -3..3 | 300..120,team
wnba,wnba_shot_pace,shot_pace,shots,get-shots,2025,Regular Season,team,"{'EntityType': 'Team', 'Season': '2025', 'SeasonType': 'Regular Season', 'TeamId': '1611661323', 'EntityId': '1611661323'}",shot_pace,1611661323,4Q/OT | margin -3..3 | 300..120,get-shots__shots__entity_type-Team__season-2025__season_type-Regular_Season__team_id-1611661323__entity_id-1611661323__9a6613a2,get-shots,https://api.pbpstats.com/get-shots/wnba?EntityType=Team&Season=2025&SeasonType=Regular+Season&TeamId=1611661323&EntityId=1611661323,200,170,,,,,,False,1611661317,62.0,278,2025-09-06,1022500271,1629497-1642290-1642303-1642841-202250,False,PHX,1628244-1630149-1630442-201886-203826,Mamignan Touré,1642841.0,Mamignan Touré,1642841.0,ShortMidRange,1611661323,2,Mamignan Touré,1642841,35,01:19,1629497,Marina Mabrey,203826,Alyssa Thomas,0,,0,,True,-3,0.0,0.6,0.7194,65.0,AtRim,2,79.0,OffShortMidRangeMiss,CON,01:05,,0,-6,False,shots,4Q/OT | margin -3..3 | 300..120,team
wnba,wnba_shot_pace,shot_pace,shots,get-shots,2025,Regular Season,team,"{'EntityType': 'Team', 'Season': '2025', 'SeasonType': 'Regular Season', 'TeamId': '1611661323', 'EntityId': '1611661323'}",shot_pace,1611661323,4Q/OT | margin -3..3 | 300..120,get-shots__shots__entity_type-Team__season-2025__season_type-Regular_Season__team_id-1611661323__entity_id-1611661323__9a6613a2,get-shots,https://api.pbpstats.com/get-shots/wnba?EntityType=Team&Season=2025&SeasonType=Regular+Season&TeamId=1611661323&EntityId=1611661323,200,171,,,,,,False,1611661317,62.0,276,2025-09-06,1022500271,1629497-1642290-1642303-1642841-202250,False,PHX,1628244-1630149-1630442-201886-203826,,,,,,1611661323,2,Mamignan Touré,1642841,35,01:19,1629497,Marina Mabrey,203826,Alyssa Thomas,0,,0,,False,-3,,4.8,0.3389,72.0,ShortMidRange,2,79.0,OffShortMidRangeMiss,CON,01:12,,-29,38,False,shots,4Q/OT | margin -3..3 | 300..120,team
wnba,wnba_shot_pace,shot_pace,shots,get-shots,2025,Regular Season,team,"{'EntityType': 'Team', 'Season': '2025', 'SeasonType': 'Regular Season', 'TeamId': '1611661323', 'EntityId': '1611661323'}",shot_pace,1611661323,4Q/OT | margin -3..3 | 300..120,get-shots__shots__entity_type-Team__season-2025__season_type-Regular_Season__team_id-1611661323__entity_id-1611661323__9a6613a2,get-shots,https://api.pbpstats.com/get-shots/wnba?EntityType=Team&Season=2025&SeasonType=Regular+Season&TeamId=1611661323&EntityId=1611661323,200,172,,,,,,False,1611661317,139.0,269,2025-09-06,1022500271,1629497-1642290-1642303-1642841-202250,False,PHX,1628244-1630149-1630442-201886-203826,,,,,,1611661323,2,Marina Mabrey,1629497,31,02:37,202250,Tina Charles,1630442,Natasha Mack,0,,0,,False,-1,,24.7,0.3571,139.0,Arc3,3,157.0,OffShortMidRangeMiss,CON,02:19,,-67,238,False,shots,4Q/OT | margin -3..3 | 300..120,team
wnba,wnba_shot_pace,shot_pace,shots,get-shots,2025,Regular Season,team,"{'EntityType': 'Team', 'Season': '2025', 'SeasonType': 'Regular Season', 'TeamId': '1611661323', 'EntityId': '1611661323'}",shot_pace,1611661323,4Q/OT | margin -3..3 | 300..120,get-shots__shots__entity_type-Team__season-2025__season_type-Regular_Season__team_id-1611661323__entity_id-1611661323__9a6613a2,get-shots,https://api.pbpstats.com/get-shots/wnba?EntityType=Team&Season=2025&SeasonType=Regular+Season&TeamId=1611661323&EntityId=1611661323,200,173,Haley Peters,203863.0,True,,,,1611661317,198.0,248,2025-09-06,1022500271,1629497-1642303-1642841-202250-203863,True,PHX,1628244-1628957-1630149-201886-203826,,,,,,1611661323,2,Tina Charles,202250,27,03:32,0,,201886,DeWanna Bonner,0,,0,,False,-5,,4.9,0.4341,198.0,ShortMidRange,2,212.0,OffCorner3Make,CON,03:18,,-45,19,False,shots,4Q/OT | margin -3..3 | 300..120,team
wnba,wnba_shot_pace,shot_pace,shots,get-shots,2025,Regular Season,team,"{'EntityType': 'Team', 'Season': '2025', 'SeasonType': 'Regular Season', 'TeamId': '1611661323', 'EntityId': '1611661323'}",shot_pace,1611661323,4Q/OT | margin -3..3 | 300..120,get-shots__shots__entity_type-Team__season-2025__season_type-Regular_Season__team_id-1611661323__entity_id-1611661323__9a6613a2,get-shots,https://api.pbpstats.com/get-shots/wnba?EntityType=Team&Season=2025&SeasonType=Regular+Season&TeamId=1611661323&EntityId=1611661323,200,174,,,False,,,,1611661317,240.0,243,2025-09-06,1022500271,1629497-1642303-1642841-202250-203863,True,PHX,1628244-1628957-1630149-201886-203826,,,,,,1611661323,2,Marina Mabrey,1629497,25,04:13,0,,203826,Alyssa Thomas,0,,0,,False,-4,,11.3,0.411,240.0,ShortMidRange,2,253.0,OffAtRimMake,CON,04:00,,-43,104,False,shots,4Q/OT | margin -3..3 | 300..120,team
wnba,wnba_shot_pace,shot_pace,shots,get-shots,2025,Regular Season,team,"{'EntityType': 'Team', 'Season': '2025', 'SeasonType': 'Regular Season', 'TeamId': '1611661323', 'EntityId': '1611661323'}",shot_pace,1611661323,4Q/OT | margin -3..3 | 300..120,get-shots__shots__entity_type-Team__season-2025__season_type-Regular_Season__team_id-1611661323__entity_id-1611661323__9a6613a2,get-shots,https://api.pbpstats.com/get-shots/wnba?EntityType=Team&Season=2025&SeasonType=Regular+Season&TeamId=1611661323&EntityId=1611661323,200,175,,,False,,,,1611661317,269.0,238,2025-09-06,1022500271,1629497-1642303-1642841-202250-203863,True,PHX,1628244-1628957-1630149-201886-203826,,,,,,1611661323,2,Leïla Lacan,1642303,23,04:45,0,,1628957,Kathryn Westbeld,0,,0,,False,-4,,7.4,0.4169,269.0,ShortMidRange,2,285.0,OffCorner3Make,CON,04:29,,-12,73,False,shots,4Q/OT | margin -3..3 | 300..120,team
wnba,wnba_shot_pace,shot_pace,shots,get-shots,2025,Regular Season,team,"{'EntityType': 'Team', 'Season': '2025', 'SeasonType': 'Regular Season', 'TeamId': '1611661323', 'EntityId': '1611661323'}",shot_pace,1611661323,4Q/OT | margin -3..3 | 300..120,get-shots__shots__entity_type-Team__season-2025__season_type-Regular_Season__team_id-1611661323__entity_id-1611661323__9a6613a2,get-shots,https://api.pbpstats.com/get-shots/wnba?EntityType=Team&Season=2025&SeasonType=Regular+Season&TeamId=1611661323&EntityId=1611661323,200,176,,,,,,False,1611661317,298.0,230,2025-09-06,1022500271,1629497-1642303-1642841-202250-203863,False,PHX,1628244-1628957-1631118-201886-203826,,,,,,1611661323,2,Leïla Lacan,1642303,21,05:15,0,,201886,DeWanna Bonner,0,,0,,False,-1,,24.6,0.3758,299.0,Arc3,3,315.0,OffArc3Make,CON,04:59,,-118,216,False,shots,4Q/OT | margin -3..3 | 300..120,team
wnba,wnba_shot_pace,shot_pace,shots,get-shots,2025,Regular Season,team,"{'EntityType': 'Team', 'Season': '2025', 'SeasonType': 'Regular Season', 'TeamId': '1611661323', 'EntityId': '1611661323'}",shot_pace,1611661323,4Q/OT | margin -3..3 | 300..120,get-shots__shots__entity_type-Team__season-2025__season_type-Regular_Season__team_id-1611661323__entity_id-1611661323__9a6613a2,get-shots,https://api.pbpstats.com/get-shots/wnba?EntityType=Team&Season=2025&SeasonType=Regular+Season&TeamId=1611661323&EntityId=1611661323,200,177,Tina Charles,202250.0,True,,,,1611661317,325.0,228,2025-09-06,1022500271,1629497-1642303-1642841-202250-203863,True,PHX,1628244-1628957-1631118-201886-203826,,,,,,1611661323,2,Mamignan Touré,1642841,19,05:35,0,,0,,0,,0,,False,-1,,26.3,0.359,325.0,Arc3,3,335.0,OffFTMake,CON,05:25,,-84,249,False,shots,4Q/OT | margin -3..3 | 300..120,team
wnba,wnba_shot_pace,shot_pace,shots,get-shots,2025,Regular Season,team,"{'EntityType': 'Team', 'Season': '2025', 'SeasonType': 'Regular Season', 'TeamId': '1611661323', 'EntityId': '1611661323'}",shot_pace,1611661323,4Q/OT | margin -3..3 | 300..120,get-shots__shots__entity_type-Team__season-2025__season_type-Regular_Season__team_id-1611661323__entity_id-1611661323__9a6613a2,get-shots,https://api.pbpstats.com/get-shots/wnba?EntityType=Team&Season=2025&SeasonType=Regular+Season&TeamId=1611661323&EntityId=1611661323,200,178,Lindsay Allen,1628263.0,True,,,,1611661317,348.0,214,2025-09-06,1022500271,1628263-1642303-1642809-202250-203863,True,PHX,1628244-1628957-1631118-201886-203826,,,,,,1611661323,2,Haley Peters,203863,17,06:01,0,,1628244,Sami Whitcomb,0,,0,,False,-2,,25.2,0.3556,348.0,Arc3,3,361.0,OffArc3Make,CON,05:48,,-155,199,False,shots,4Q/OT | margin -3..3 | 300..120,team
wnba,wnba_shot_pace,shot_pace,shots,get-shots,2025,Regular Season,team,"{'EntityType': 'Team', 'Season': '2025', 'SeasonType': 'Regular Season', 'TeamId': '1611661323', 'EntityId': '1611661323'}",shot_pace,1611661323,4Q/OT | margin -3..3 | 300..120,get-shots__shots__entity_type-Team__season-2025__season_type-Regular_Season__team_id-1611661323__entity_id-1611661323__9a6613a2,get-shots,https://api.pbpstats.com/get-shots/wnba?EntityType=Team&Season=2025&SeasonType=Regular+Season&TeamId=1611661323&EntityId=1611661323,200,179,,,,,,False,1611661317,391.0,204,2025-09-06,1022500271,1628263-1642303-1642809-202250-203863,False,PHX,1628244-1628957-1631118-201886-203826,,,,,,1611661323,2,Leïla Lacan,1642303,13,06:48,0,,1631118,Lexi Held,0,,0,,False,-1,,16.7,0.4245,393.0,LongMidRange,2,408.0,OffShortMidRangeMake,CON,06:33,,-7,167,False,shots,4Q/OT | margin -3..3 | 300..120,team
wnba,wnba_shot_pace,shot_pace,shots,get-shots,2025,Regular Season,team,"{'EntityType': 'Team', 'Season': '2025', 'SeasonType': 'Regular Season', 'TeamId': '1611661323', 'EntityId': '1611661323'}",shot_pace,1611661323,4Q/OT | margin -3..3 | 300..120,get-shots__shots__entity_type-Team__season-2025__season_type-Regular_Season__team_id-1611661323__entity_id-1611661323__9a6613a2,get-shots,https://api.pbpstats.com/get-shots/wnba?EntityType=Team&Season=2025&SeasonType=Regular+Season&TeamId=1611661323&EntityId=1611661323,200,180,Lindsay Allen,1628263.0,True,,,,1611661317,422.0,201,2025-09-06,1022500271,1628263-1642303-1642809-202250-203863,True,PHX,1628244-1628957-1631118-201886-203826,,,,,,1611661323,2,Leïla Lacan,1642303,11,07:16,0,,203826,Alyssa Thomas,0,,0,,False,-1,,4.2,0.4782,422.0,ShortMidRange,2,436.0,OffAtRimMake,CON,07:02,,-31,29,False,shots,4Q/OT | margin -3..3 | 300..120,team
wnba,wnba_shot_pace,shot_pace,shots,get-shots,2025,Regular Season,team,"{'EntityType': 'Team', 'Season': '2025', 'SeasonType': 'Regular Season', 'TeamId': '1611661323', 'EntityId': '1611661323'}",shot_pace,1611661323,4Q/OT | margin -3..3 | 300..120,get-shots__shots__entity_type-Team__season-2025__season_type-Regular_Season__team_id-1611661323__entity_id-1611661323__9a6613a2,get-shots,https://api.pbpstats.com/get-shots/wnba?EntityType=Team&Season=2025&SeasonType=Regular+Season&TeamId=1611661323&EntityId=1611661323,200,181,,,,Natasha Mack,1630442.0,True,1611661317,450.0,182,2025-09-06,1022500271,1628263-1642290-1642303-1642809-202250,False,PHX,1627674-1630149-1630442-1642777-201886,,,,,,1611661323,2,Tina Charles,202250,9,07:50,0,,0,,0,,0,,False,1,,7.0,0.3564,453.0,ShortMidRange,2,470.0,OffDeadball,CON,07:33,,-66,23,False,shots,4Q/OT | margin -3..3 | 300..120,team
wnba,wnba_shot_pace,shot_pace,shots,get-shots,2025,Regular Season,team,"{'EntityType': 'Team', 'Season': '2025', 'SeasonType': 'Regular Season', 'TeamId': '1611661323', 'EntityId': '1611661323'}",shot_pace,1611661323,4Q/OT | margin -3..3 | 300..120,get-shots__shots__entity_type-Team__season-2025__season_type-Regular_Season__team_id-1611661323__entity_id-1611661323__9a6613a2,get-shots,https://api.pbpstats.com/get-shots/wnba?EntityType=Team&Season=2025&SeasonType=Regular+Season&TeamId=1611661323&EntityId=1611661323,200,182,,,,,,False,1611661317,494.0,177,2025-09-06,1022500271,1628263-1629497-1642290-1642809-202250,False,PHX,1627674-1630149-1630442-1642777-201886,,,,,,1611661323,2,Tina Charles,202250,7,08:29,0,,1642777,Monique Akoa Makani,0,,0,,False,1,,4.6,0.4682,496.0,ShortMidRange,2,509.0,OffLongMidRangeMake,CON,08:16,,30,35,False,shots,4Q/OT | margin -3..3 | 300..120,team
wnba,wnba_shot_pace,shot_pace,shots,get-shots,2025,Regular Season,team,"{'EntityType': 'Team', 'Season': '2025', 'SeasonType': 'Regular Season', 'TeamId': '1611661323', 'EntityId': '1611661323'}",shot_pace,1611661323,4Q/OT | margin -3..3 | 300..120,get-shots__shots__entity_type-Team__season-2025__season_type-Regular_Season__team_id-1611661323__entity_id-1611661323__9a6613a2,get-shots,https://api.pbpstats.com/get-shots/wnba?EntityType=Team&Season=2025&SeasonType=Regular+Season&TeamId=1611661323&EntityId=1611661323,200,183,,,,,,False,1611661317,517.0,173,2025-09-06,1022500271,1628263-1629497-1642290-1642809-202250,False,PHX,1627674-1630149-1630442-1642777-201886,,,,,,1611661323,2,Tina Charles,202250,5,08:57,0,,0,,0,,0,,False,3,,3.4,0.4933,519.0,AtRim,2,537.0,OffTimeout,CON,08:39,,16,30,False,shots,4Q/OT | margin -3..3 | 300..120,team
wnba,wnba_shot_pace,shot_pace,shots,get-shots,2025,Regular Season,team,"{'EntityType': 'Team', 'Season': '2025', 'SeasonType': 'Regular Season', 'TeamId': '1611661323', 'EntityId': '1611661323'}",shot_pace,1611661323,4Q/OT | margin -3..3 | 300..120,get-shots__shots__entity_type-Team__season-2025__season_type-Regular_Season__team_id-1611661323__entity_id-1611661323__9a6613a2,get-shots,https://api.pbpstats.com/get-shots/wnba?EntityType=Team&Season=2025&SeasonType=Regular+Season&TeamId=1611661323&EntityId=1611661323,200,184,,,,,,False,1611661317,572.0,161,2025-09-06,1022500271,1628263-1629497-1642290-1642809-202250,False,PHX,1627674-1630149-1630442-1642777-201886,,,,,,1611661323,2,Marina Mabrey,1629497,1,10:00,0,,0,,0,,0,,False,8,,8.2,0.3035,575.0,ShortMidRange,2,600.0,OffDeadball,CON,09:35,,-72,40,False,shots,4Q/OT | margin -3..3 | 300..120,team
wnba,wnba_shot_pace,shot_pace,shots,get-shots,2025,Regular Season,team,"{'EntityType': 'Team', 'Season': '2025', 'SeasonType': 'Regular Season', 'TeamId': '1611661323', 'EntityId': '1611661323'}",shot_pace,1611661323,4Q/OT | margin -3..3 | 300..120,get-shots__shots__entity_type-Team__season-2025__season_type-Regular_Season__team_id-1611661323__entity_id-1611661323__9a6613a2,get-shots,https://api.pbpstats.com/get-shots/wnba?EntityType=Team&Season=2025&SeasonType=Regular+Season&TeamId=1611661323&EntityId=1611661323,200,185,,,False,,,,1611661317,0.0,149,2025-09-06,1022500271,1629497-1642290-1642800-1642809-1642841,True,PHX,1628244-1630149-1630442-1642777-201886,,,,,,1611661323,1,Saniya Rivers,1642809,42,00:03,0,,0,,1642809,Saniya Rivers,1642777,Monique Akoa Makani,False,5,,24.8,0.1422,0.0,Arc3,3,3.0,OffLiveBallTurnover,CON,00:00,,152,196,False,shots,4Q/OT | margin -3..3 | 300..120,team
wnba,wnba_shot_pace,shot_pace,shots,get-shots,2025,Regular Season,team,"{'EntityType': 'Team', 'Season': '2025', 'SeasonType': 'Regular Season', 'TeamId': '1611661323', 'EntityId': '1611661323'}",shot_pace,1611661323,4Q/OT | margin -3..3 | 300..120,get-shots__shots__entity_type-Team__season-2025__season_type-Regular_Season__team_id-1611661323__entity_id-1611661323__9a6613a2,get-shots,https://api.pbpstats.com/get-shots/wnba?EntityType=Team&Season=2025&SeasonType=Regular+Season&TeamId=1611661323&EntityId=1611661323,200,186,,,,,,False,1611661317,12.0,135,2025-09-06,1022500271,1629497-1642290-1642800-1642809-1642841,False,PHX,1628244-1630442-1642777-201886-203826,,,,,,1611661323,1,Saniya Rivers,1642809,40,00:31,0,,0,,0,,0,,False,6,,18.4,0.3475,12.0,LongMidRange,2,31.0,OffFTMake,CON,00:12,,-104,152,False,shots,4Q/OT | margin -3..3 | 300..120,team
wnba,wnba_shot_pace,shot_pace,shots,get-shots,2025,Regular Season,team,"{'EntityType': 'Team', 'Season': '2025', 'SeasonType': 'Regular Season', 'TeamId': '1611661323', 'EntityId': '1611661323'}",shot_pace,1611661323,4Q/OT | margin -3..3 | 300..120,get-shots__shots__entity_type-Team__season-2025__season_type-Regular_Season__team_id-1611661323__entity_id-1611661323__9a6613a2,get-shots,https://api.pbpstats.com/get-shots/wnba?EntityType=Team&Season=2025&SeasonType=Regular+Season&TeamId=1611661323&EntityId=1611661323,200,187,Saniya Rivers,1642809.0,True,,,,1611661317,44.0,130,2025-09-06,1022500271,1629497-1642290-1642800-1642809-1642841,True,PHX,1628244-1630442-1642777-201886-203826,,,,,,1611661323,1,Marina Mabrey,1629497,38,00:59,1642809,Saniya Rivers,1628244,Sami Whitcomb,0,,0,,False,7,,7.8,0.3318,44.0,ShortMidRange,2,59.0,OffArc3Miss,CON,00:44,,47,62,False,shots,4Q/OT | margin -3..3 | 300..120,team
wnba,wnba_shot_pace,shot_pace,shots,get-shots,2025,Regular Season,team,"{'EntityType': 'Team', 'Season': '2025', 'SeasonType': 'Regular Season', 'TeamId': '1611661323', 'EntityId': '1611661323'}",shot_pace,1611661323,4Q/OT | margin -3..3 | 300..120,get-shots__shots__entity_type-Team__season-2025__season_type-Regular_Season__team_id-1611661323__entity_id-1611661323__9a6613a2,get-shots,https://api.pbpstats.com/get-shots/wnba?EntityType=Team&Season=2025&SeasonType=Regular+Season&TeamId=1611661323&EntityId=1611661323,200,188,,,,,,False,1611661317,74.0,126,2025-09-06,1022500271,1629497-1642290-1642800-1642809-1642841,False,PHX,1628244-1630442-1642777-201886-203826,,,,,,1611661323,1,Aneesah Morrow,1642800,36,01:21,1642800,Aneesah Morrow,201886,DeWanna Bonner,0,,0,,False,7,,3.9,0.5066,75.0,AtRim,2,81.0,OffArc3Miss,CON,01:15,,-20,33,False,shots,4Q/OT | margin -3..3 | 300..120,team
wnba,wnba_shot_pace,shot_pace,shots,get-shots,2025,Regular Season,team,"{'EntityType': 'Team', 'Season': '2025', 'SeasonType': 'Regular Season', 'TeamId': '1611661323', 'EntityId': '1611661323'}",shot_pace,1611661323,4Q/OT | margin -3..3 | 300..120,get-shots__shots__entity_type-Team__season-2025__season_type-Regular_Season__team_id-1611661323__entity_id-1611661323__9a6613a2,get-shots,https://api.pbpstats.com/get-shots/wnba?EntityType=Team&Season=2025&SeasonType=Regular+Season&TeamId=1611661323&EntityId=1611661323,200,189,,,,,,False,1611661317,89.0,122,2025-09-06,1022500271,1629497-1642290-1642800-1642809-1642841,False,PHX,1628244-1630442-1642777-201886-203826,,,,,,1611661323,1,Aaliyah Edwards,1642290,34,01:51,0,,0,,1642290,Aaliyah Edwards,1630442,Natasha Mack,False,7,,11.3,0.4029,93.0,ShortMidRange,2,111.0,OffLiveBallTurnover,CON,01:33,,26,110,False,shots,4Q/OT | margin -3..3 | 300..120,team
wnba,wnba_shot_pace,shot_pace,shots,get-shots,2025,Regular Season,team,"{'EntityType': 'Team', 'Season': '2025', 'SeasonType': 'Regular Season', 'TeamId': '1611661323', 'EntityId': '1611661323'}",shot_pace,1611661323,4Q/OT | margin -3..3 | 300..120,get-shots__shots__entity_type-Team__season-2025__season_type-Regular_Season__team_id-1611661323__entity_id-1611661323__9a6613a2,get-shots,https://api.pbpstats.com/get-shots/wnba?EntityType=Team&Season=2025&SeasonType=Regular+Season&TeamId=1611661323&EntityId=1611661323,200,190,,,,,,False,1611661317,118.0,109,2025-09-06,1022500271,1629497-1642290-1642303-1642800-1642809,False,PHX,1628244-1628957-1642777-201886-203826,,,,,,1611661323,1,Saniya Rivers,1642809,32,02:11,1629497,Marina Mabrey,1628244,Sami Whitcomb,0,,0,,False,9,,9.2,0.3951,120.0,ShortMidRange,2,131.0,OffArc3Miss,CON,02:00,,86,34,False,shots,4Q/OT | margin -3..3 | 300..120,team
wnba,wnba_shot_pace,shot_pace,shots,get-shots,2025,Regular Season,team,"{'EntityType': 'Team', 'Season': '2025', 'SeasonType': 'Regular Season', 'TeamId': '1611661323', 'EntityId': '1611661323'}",shot_pace,1611661323,4Q/OT | margin -3..3 | 300..120,get-shots__shots__entity_type-Team__season-2025__season_type-Regular_Season__team_id-1611661323__entity_id-1611661323__9a6613a2,get-shots,https://api.pbpstats.com/get-shots/wnba?EntityType=Team&Season=2025&SeasonType=Regular+Season&TeamId=1611661323&EntityId=1611661323,200,191,,,,,,False,1611661317,206.0,90,2025-09-06,1022500271,1629497-1642290-1642303-1642809-202250,False,PHX,1627674-1628244-1628957-201886-203826,,,,,,1611661323,1,Leïla Lacan,1642303,26,03:43,1642290,Aaliyah Edwards,1628957,Kathryn Westbeld,0,,0,,False,7,,13.4,0.4008,209.0,ShortMidRange,2,223.0,OffArc3Miss,CON,03:29,,-134,9,False,shots,4Q/OT | margin -3..3 | 300..120,team
wnba,wnba_shot_pace,shot_pace,shots,get-shots,2025,Regular Season,team,"{'EntityType': 'Team', 'Season': '2025', 'SeasonType': 'Regular Season', 'TeamId': '1611661323', 'EntityId': '1611661323'}",shot_pace,1611661323,4Q/OT | margin -3..3 | 300..120,get-shots__shots__entity_type-Team__season-2025__season_type-Regular_Season__team_id-1611661323__entity_id-1611661323__9a6613a2,get-shots,https://api.pbpstats.com/get-shots/wnba?EntityType=Team&Season=2025&SeasonType=Regular+Season&TeamId=1611661323&EntityId=1611661323,200,192,Saniya Rivers,1642809.0,True,,,,1611661317,237.0,85,2025-09-06,1022500271,1629497-1642290-1642303-1642809-202250,True,PHX,1627674-1628244-1628957-201886-203826,,,,,,1611661323,1,Tina Charles,202250,24,04:11,202250,Tina Charles,1628244,Sami Whitcomb,0,,0,,False,5,,10.3,0.4254,237.0,ShortMidRange,2,251.0,OffArc3Miss,CON,03:57,,54,88,False,shots,4Q/OT | margin -3..3 | 300..120,team
wnba,wnba_shot_pace,shot_pace,shots,get-shots,2025,Regular Season,team,"{'EntityType': 'Team', 'Season': '2025', 'SeasonType': 'Regular Season', 'TeamId': '1611661323', 'EntityId': '1611661323'}",shot_pace,1611661323,4Q/OT | margin -3..3 | 300..120,get-shots__shots__entity_type-Team__season-2025__season_type-Regular_Season__team_id-1611661323__entity_id-1611661323__9a6613a2,get-shots,https://api.pbpstats.com/get-shots/wnba?EntityType=Team&Season=2025&SeasonType=Regular+Season&TeamId=1611661323&EntityId=1611661323,200,193,Saniya Rivers,1642809.0,True,,,,1611661317,305.0,72,2025-09-06,1022500271,1629497-1642290-1642303-1642809-202250,True,PHX,1627674-1628244-1628957-1630149-203826,,,,,,1611661323,1,Marina Mabrey,1629497,20,05:22,0,,1628244,Sami Whitcomb,0,,0,,False,3,,2.8,0.63,305.0,AtRim,2,322.0,OffArc3Make,CON,05:05,,-24,15,False,shots,4Q/OT | margin -3..3 | 300..120,team
wnba,wnba_shot_pace,shot_pace,shots,get-shots,2025,Regular Season,team,"{'EntityType': 'Team', 'Season': '2025', 'SeasonType': 'Regular Season', 'TeamId': '1611661323', 'EntityId': '1611661323'}",shot_pace,1611661323,4Q/OT | margin -3..3 | 300..120,get-shots__shots__entity_type-Team__season-2025__season_type-Regular_Season__team_id-1611661323__entity_id-1611661323__9a6613a2,get-shots,https://api.pbpstats.com/get-shots/wnba?EntityType=Team&Season=2025&SeasonType=Regular+Season&TeamId=1611661323&EntityId=1611661323,200,194,,,,,,False,1611661317,354.0,51,2025-09-06,1022500271,1628263-1629497-1642303-1642800-202250,False,PHX,1627674-1630149-1630442-1642777-203826,,,,,,1611661323,1,Marina Mabrey,1629497,16,06:04,202250,Tina Charles,203826,Alyssa Thomas,0,,0,,False,5,,23.9,0.3698,359.0,Arc3,3,364.0,OffShortMidRangeMiss,CON,05:59,,-45,235,False,shots,4Q/OT | margin -3..3 | 300..120,team
wnba,wnba_shot_pace,shot_pace,shots,get-shots,2025,Regular Season,team,"{'EntityType': 'Team', 'Season': '2025', 'SeasonType': 'Regular Season', 'TeamId': '1611661323', 'EntityId': '1611661323'}",shot_pace,1611661323,4Q/OT | margin -3..3 | 300..120,get-shots__shots__entity_type-Team__season-2025__season_type-Regular_Season__team_id-1611661323__entity_id-1611661323__9a6613a2,get-shots,https://api.pbpstats.com/get-shots/wnba?EntityType=Team&Season=2025&SeasonType=Regular+Season&TeamId=1611661323&EntityId=1611661323,200,195,,,False,,,,1611661317,387.0,48,2025-09-06,1022500271,1628263-1629497-1642303-1642800-202250,True,PHX,1627674-1630149-1630442-1642777-203826,,,,,,1611661323,1,Leïla Lacan,1642303,14,06:37,0,,1627674,Kahleah Copper,0,,0,,False,3,,19.8,0.4007,387.0,LongMidRange,2,397.0,OffCorner3Make,CON,06:27,,178,87,False,shots,4Q/OT | margin -3..3 | 300..120,team
wnba,wnba_shot_pace,shot_pace,shots,get-shots,2025,Regular Season,team,"{'EntityType': 'Team', 'Season': '2025', 'SeasonType': 'Regular Season', 'TeamId': '1611661323', 'EntityId': '1611661323'}",shot_pace,1611661323,4Q/OT | margin -3..3 | 300..120,get-shots__shots__entity_type-Team__season-2025__season_type-Regular_Season__team_id-1611661323__entity_id-1611661323__9a6613a2,get-shots,https://api.pbpstats.com/get-shots/wnba?EntityType=Team&Season=2025&SeasonType=Regular+Season&TeamId=1611661323&EntityId=1611661323,200,196,,,,,,False,1611661317,401.0,45,2025-09-06,1022500271,1628263-1629497-1642303-1642800-202250,False,PHX,1627674-1630149-1630442-1642777-203826,,,,,,1611661323,1,Leïla Lacan,1642303,12,06:49,1642800,Aneesah Morrow,1627674,Kahleah Copper,0,,0,,False,6,,2.6,0.6327,405.0,AtRim,2,409.0,OffShortMidRangeMiss,CON,06:45,,-17,20,False,shots,4Q/OT | margin -3..3 | 300..120,team
wnba,wnba_shot_pace,shot_pace,shots,get-shots,2025,Regular Season,team,"{'EntityType': 'Team', 'Season': '2025', 'SeasonType': 'Regular Season', 'TeamId': '1611661323', 'EntityId': '1611661323'}",shot_pace,1611661323,4Q/OT | margin -3..3 | 300..120,get-shots__shots__entity_type-Team__season-2025__season_type-Regular_Season__team_id-1611661323__entity_id-1611661323__9a6613a2,get-shots,https://api.pbpstats.com/get-shots/wnba?EntityType=Team&Season=2025&SeasonType=Regular+Season&TeamId=1611661323&EntityId=1611661323,200,197,Tina Charles,202250.0,True,,,,1611661317,437.0,42,2025-09-06,1022500271,1628263-1629497-1642303-1642800-202250,True,PHX,1627674-1630149-1630442-1642777-203826,,,,,,1611661323,1,Marina Mabrey,1629497,10,07:28,0,,1642777,Monique Akoa Makani,0,,0,,False,3,,26.2,0.3517,437.0,Arc3,3,448.0,OffShortMidRangeMake,CON,07:17,,-139,222,False,shots,4Q/OT | margin -3..3 | 300..120,team
wnba,wnba_shot_pace,shot_pace,shots,get-shots,2025,Regular Season,team,"{'EntityType': 'Team', 'Season': '2025', 'SeasonType': 'Regular Season', 'TeamId': '1611661323', 'EntityId': '1611661323'}",shot_pace,1611661323,4Q/OT | margin -3..3 | 300..120,get-shots__shots__entity_type-Team__season-2025__season_type-Regular_Season__team_id-1611661323__entity_id-1611661323__9a6613a2,get-shots,https://api.pbpstats.com/get-shots/wnba?EntityType=Team&Season=2025&SeasonType=Regular+Season&TeamId=1611661323&EntityId=1611661323,200,198,,,False,,,,1611661317,457.0,33,2025-09-06,1022500271,1628263-1629497-1642303-1642800-202250,True,PHX,1627674-1630149-1630442-1642777-203826,,,,,,1611661323,1,Tina Charles,202250,8,07:57,1642800,Aneesah Morrow,203826,Alyssa Thomas,0,,0,,False,4,,7.9,0.3501,460.0,ShortMidRange,2,477.0,OffShortMidRangeMiss,CON,07:40,,71,35,False,shots,4Q/OT | margin -3..3 | 300..120,team
wnba,wnba_shot_pace,shot_pace,shots,get-shots,2025,Regular Season,team,"{'EntityType': 'Team', 'Season': '2025', 'SeasonType': 'Regular Season', 'TeamId': '1611661323', 'EntityId': '1611661323'}",shot_pace,1611661323,4Q/OT | margin -3..3 | 300..120,get-shots__shots__entity_type-Team__season-2025__season_type-Regular_Season__team_id-1611661323__entity_id-1611661323__9a6613a2,get-shots,https://api.pbpstats.com/get-shots/wnba?EntityType=Team&Season=2025&SeasonType=Regular+Season&TeamId=1611661323&EntityId=1611661323,200,199,Marina Mabrey,1629497.0,True,,,,1611661317,493.0,25,2025-09-06,1022500271,1628263-1629497-1642303-1642800-202250,True,PHX,1627674-1630149-1630442-1642777-203826,,,,,,1611661323,1,Tina Charles,202250,6,08:20,0,,0,,0,,0,,False,2,,3.6,0.5289,493.0,AtRim,2,500.0,OffDeadball,CON,08:13,,18,31,False,shots,4Q/OT | margin -3..3 | 300..120,team
wnba,wnba_shot_pace,shot_pace,shots,get-shots,2025,Regular Season,team,"{'EntityType': 'Team', 'Season': '2025', 'SeasonType': 'Regular Season', 'TeamId': '1611661323', 'EntityId': '1611661323'}",shot_pace,1611661323,4Q/OT | margin -3..3 | 300..120,get-shots__shots__entity_type-Team__season-2025__season_type-Regular_Season__team_id-1611661323__entity_id-1611661323__9a6613a2,get-shots,https://api.pbpstats.com/get-shots/wnba?EntityType=Team&Season=2025&SeasonType=Regular+Season&TeamId=1611661323&EntityId=1611661323,200,200,,,False,,,,1611661317,511.0,21,2025-09-06,1022500271,1628263-1629497-1642303-1642800-202250,True,PHX,1627674-1630149-1630442-1642777-203826,,,,,,1611661323,1,Marina Mabrey,1629497,4,08:50,0,,1630442,Natasha Mack,0,,0,,False,0,,16.5,0.3885,511.0,LongMidRange,2,530.0,OffShortMidRangeMake,CON,08:31,,-62,153,False,shots,4Q/OT | margin -3..3 | 300..120,team
wnba,wnba_shot_pace,shot_pace,shots,get-shots,2025,Regular Season,team,"{'EntityType': 'Team', 'Season': '2025', 'SeasonType': 'Regular Season', 'TeamId': '1611661323', 'EntityId': '1611661323'}",shot_pace,1611661323,4Q/OT | margin -3..3 | 300..120,get-shots__shots__entity_type-Team__season-2025__season_type-Regular_Season__team_id-1611661323__entity_id-1611661323__9a6613a2,get-shots,https://api.pbpstats.com/get-shots/wnba?EntityType=Team&Season=2025&SeasonType=Regular+Season&TeamId=1611661323&EntityId=1611661323,200,201,,,False,,,,1611661317,564.0,9,2025-09-06,1022500271,1628263-1629497-1642303-1642800-202250,True,PHX,1627674-1630149-1630442-1642777-203826,,,,,,1611661323,1,Tina Charles,202250,2,09:39,0,,0,,0,,0,,False,0,,5.8,0.4015,564.0,ShortMidRange,2,579.0,OffDeadball,CON,09:24,,-5,58,False,shots,4Q/OT | margin -3..3 | 300..120,team
wnba,wnba_shot_pace,shot_pace,shots,get-shots,2025,Regular Season,team,"{'EntityType': 'Team', 'Season': '2025', 'SeasonType': 'Regular Season', 'TeamId': '1611661323', 'EntityId': '1611661323'}",shot_pace,1611661323,4Q/OT | margin -3..3 | 300..120,get-shots__shots__entity_type-Team__season-2025__season_type-Regular_Season__team_id-1611661323__entity_id-1611661323__9a6613a2,get-shots,https://api.pbpstats.com/get-shots/wnba?EntityType=Team&Season=2025&SeasonType=Regular+Season&TeamId=1611661323&EntityId=1611661323,200,202,,,,,,False,1611661329,44.0,560,2025-09-03,1022500264,1628263-1642290-1642796-1642809-1642841,False,CHI,1628915-1642244-1642291-1642818-204296,,,,,,1611661323,4,Aaliyah Edwards,1642290,30,00:58,0,,204296,Rebecca Allen,0,,0,,False,-22,,1.7,0.7057,46.0,AtRim,2,58.0,OffArc3Make,CON,00:46,,-17,2,False,shots,4Q/OT | margin -3..3 | 300..120,team
wnba,wnba_shot_pace,shot_pace,shots,get-shots,2025,Regular Season,team,"{'EntityType': 'Team', 'Season': '2025', 'SeasonType': 'Regular Season', 'TeamId': '1611661323', 'EntityId': '1611661323'}",shot_pace,1611661323,4Q/OT | margin -3..3 | 300..120,get-shots__shots__entity_type-Team__season-2025__season_type-Regular_Season__team_id-1611661323__entity_id-1611661323__9a6613a2,get-shots,https://api.pbpstats.com/get-shots/wnba?EntityType=Team&Season=2025&SeasonType=Regular+Season&TeamId=1611661323&EntityId=1611661323,200,203,,,False,,,,1611661329,73.0,557,2025-09-03,1022500264,1628263-1642290-1642796-1642809-1642841,True,CHI,1628915-1642244-1642291-1642818-204296,Lindsay Allen,1628263.0,Saniya Rivers,1642809.0,Arc3,1611661323,4,Lindsay Allen,1628263,28,01:33,0,,0,,0,,0,,True,-21,1.0,1.4,0.7458,73.0,AtRim,2,93.0,OffFTMake,CON,01:13,,-4,13,False,shots,4Q/OT | margin -3..3 | 300..120,team
wnba,wnba_shot_pace,shot_pace,shots,get-shots,2025,Regular Season,team,"{'EntityType': 'Team', 'Season': '2025', 'SeasonType': 'Regular Season', 'TeamId': '1611661323', 'EntityId': '1611661323'}",shot_pace,1611661323,4Q/OT | margin -3..3 | 300..120,get-shots__shots__entity_type-Team__season-2025__season_type-Regular_Season__team_id-1611661323__entity_id-1611661323__9a6613a2,get-shots,https://api.pbpstats.com/get-shots/wnba?EntityType=Team&Season=2025&SeasonType=Regular+Season&TeamId=1611661323&EntityId=1611661323,200,204,,,,,,False,1611661329,73.0,555,2025-09-03,1022500264,1628263-1642290-1642796-1642809-1642841,False,CHI,1628915-1642244-1642291-1642818-204296,,,,,,1611661323,4,Saniya Rivers,1642809,28,01:33,0,,0,,0,,0,,False,-21,,24.4,0.2879,77.0,Arc3,3,93.0,OffFTMake,CON,01:17,,-11,244,False,shots,4Q/OT | margin -3..3 | 300..120,team
wnba,wnba_shot_pace,shot_pace,shots,get-shots,2025,Regular Season,team,"{'EntityType': 'Team', 'Season': '2025', 'SeasonType': 'Regular Season', 'TeamId': '1611661323', 'EntityId': '1611661323'}",shot_pace,1611661323,4Q/OT | margin -3..3 | 300..120,get-shots__shots__entity_type-Team__season-2025__season_type-Regular_Season__team_id-1611661323__entity_id-1611661323__9a6613a2,get-shots,https://api.pbpstats.com/get-shots/wnba?EntityType=Team&Season=2025&SeasonType=Regular+Season&TeamId=1611661323&EntityId=1611661323,200,205,,,,,,False,1611661329,105.0,546,2025-09-03,1022500264,1628263-1642290-1642809-1642841-203863,False,CHI,1628915-1642244-1642291-1642818-204296,,,,,,1611661323,4,Mamignan Touré,1642841,26,02:04,0,,0,,0,,0,,False,-18,,13.3,0.3425,107.0,ShortMidRange,2,124.0,OffFTMake,CON,01:47,,116,65,False,shots,4Q/OT | margin -3..3 | 300..120,team
wnba,wnba_shot_pace,shot_pace,shots,get-shots,2025,Regular Season,team,"{'EntityType': 'Team', 'Season': '2025', 'SeasonType': 'Regular Season', 'TeamId': '1611661323', 'EntityId': '1611661323'}",shot_pace,1611661323,4Q/OT | margin -3..3 | 300..120,get-shots__shots__entity_type-Team__season-2025__season_type-Regular_Season__team_id-1611661323__entity_id-1611661323__9a6613a2,get-shots,https://api.pbpstats.com/get-shots/wnba?EntityType=Team&Season=2025&SeasonType=Regular+Season&TeamId=1611661323&EntityId=1611661323,200,206,,,False,,,,1611661329,147.0,540,2025-09-03,1022500264,1628263-1642290-1642809-1642841-203863,True,CHI,1628915-1642244-1642291-1642818-204296,,0.0,Saniya Rivers,1642809.0,Team,1611661323,4,Saniya Rivers,1642809,24,02:55,203863,Haley Peters,1642291,Angel Reese,0,,0,,False,-20,11.0,25.6,0.3261,147.0,Arc3,3,175.0,OffFTMiss,CON,02:27,,133,219,False,shots,4Q/OT | margin -3..3 | 300..120,team
wnba,wnba_shot_pace,shot_pace,shots,get-shots,2025,Regular Season,team,"{'EntityType': 'Team', 'Season': '2025', 'SeasonType': 'Regular Season', 'TeamId': '1611661323', 'EntityId': '1611661323'}",shot_pace,1611661323,4Q/OT | margin -3..3 | 300..120,get-shots__shots__entity_type-Team__season-2025__season_type-Regular_Season__team_id-1611661323__entity_id-1611661323__9a6613a2,get-shots,https://api.pbpstats.com/get-shots/wnba?EntityType=Team&Season=2025&SeasonType=Regular+Season&TeamId=1611661323&EntityId=1611661323,200,207,,,,,,False,1611661329,147.0,535,2025-09-03,1022500264,1628263-1642290-1642809-1642841-203863,False,CHI,1628915-1642244-1642291-1642818-204296,,,,,,1611661323,4,Saniya Rivers,1642809,24,02:55,203863,Haley Peters,1642291,Angel Reese,0,,0,,False,-20,,14.4,0.3596,158.0,LongMidRange,2,175.0,OffFTMiss,CON,02:38,,139,36,False,shots,4Q/OT | margin -3..3 | 300..120,team
wnba,wnba_shot_pace,shot_pace,shots,get-shots,2025,Regular Season,team,"{'EntityType': 'Team', 'Season': '2025', 'SeasonType': 'Regular Season', 'TeamId': '1611661323', 'EntityId': '1611661323'}",shot_pace,1611661323,4Q/OT | margin -3..3 | 300..120,get-shots__shots__entity_type-Team__season-2025__season_type-Regular_Season__team_id-1611661323__entity_id-1611661323__9a6613a2,get-shots,https://api.pbpstats.com/get-shots/wnba?EntityType=Team&Season=2025&SeasonType=Regular+Season&TeamId=1611661323&EntityId=1611661323,200,208,,,,,,False,1611661329,226.0,520,2025-09-03,1022500264,1628263-1642290-1642809-1642841-203863,False,CHI,1628878-1642244-1642291-1642818-204296,,,,,,1611661323,4,Saniya Rivers,1642809,20,04:13,1642290,Aaliyah Edwards,1642244,Sevgi Uzun,0,,0,,False,-19,,12.7,0.2472,226.0,ShortMidRange,2,253.0,OffArc3Miss,CON,03:46,,127,11,False,shots,4Q/OT | margin -3..3 | 300..120,team
wnba,wnba_shot_pace,shot_pace,shots,get-shots,2025,Regular Season,team,"{'EntityType': 'Team', 'Season': '2025', 'SeasonType': 'Regular Season', 'TeamId': '1611661323', 'EntityId': '1611661323'}",shot_pace,1611661323,4Q/OT | margin -3..3 | 300..120,get-shots__shots__entity_type-Team__season-2025__season_type-Regular_Season__team_id-1611661323__entity_id-1611661323__9a6613a2,get-shots,https://api.pbpstats.com/get-shots/wnba?EntityType=Team&Season=2025&SeasonType=Regular+Season&TeamId=1611661323&EntityId=1611661323,200,209,,,,,,False,1611661329,262.0,513,2025-09-03,1022500264,1628263-1642290-1642809-1642841-203863,False,CHI,1628878-1642244-1642291-1642818-204296,Lindsay Allen,1628263.0,Aaliyah Edwards,1642290.0,LongMidRange,1611661323,4,Lindsay Allen,1628263,18,04:47,0,,1642818,Maddy Westbeld,0,,0,,True,-19,2.0,16.6,0.3239,265.0,LongMidRange,2,287.0,OffCorner3Make,CON,04:25,,-66,152,False,shots,4Q/OT | margin -3..3 | 300..120,team
wnba,wnba_shot_pace,shot_pace,shots,get-shots,2025,Regular Season,team,"{'EntityType': 'Team', 'Season': '2025', 'SeasonType': 'Regular Season', 'TeamId': '1611661323', 'EntityId': '1611661323'}",shot_pace,1611661323,4Q/OT | margin -3..3 | 300..120,get-shots__shots__entity_type-Team__season-2025__season_type-Regular_Season__team_id-1611661323__entity_id-1611661323__9a6613a2,get-shots,https://api.pbpstats.com/get-shots/wnba?EntityType=Team&Season=2025&SeasonType=Regular+Season&TeamId=1611661323&EntityId=1611661323,200,210,,,,,,False,1611661329,262.0,511,2025-09-03,1022500264,1628263-1642290-1642809-1642841-203863,False,CHI,1628878-1642244-1642291-1642818-204296,,,,,,1611661323,4,Aaliyah Edwards,1642290,18,04:47,0,,1642818,Maddy Westbeld,0,,0,,False,-19,,21.0,0.3381,270.0,LongMidRange,2,287.0,OffCorner3Make,CON,04:30,,70,198,False,shots,4Q/OT | margin -3..3 | 300..120,team
wnba,wnba_shot_pace,shot_pace,shots,get-shots,2025,Regular Season,team,"{'EntityType': 'Team', 'Season': '2025', 'SeasonType': 'Regular Season', 'TeamId': '1611661323', 'EntityId': '1611661323'}",shot_pace,1611661323,4Q/OT | margin -3..3 | 300..120,get-shots__shots__entity_type-Team__season-2025__season_type-Regular_Season__team_id-1611661323__entity_id-1611661323__9a6613a2,get-shots,https://api.pbpstats.com/get-shots/wnba?EntityType=Team&Season=2025&SeasonType=Regular+Season&TeamId=1611661323&EntityId=1611661323,200,211,Haley Peters,203863.0,True,,,,1611661329,312.0,507,2025-09-03,1022500264,1628263-1642290-1642809-1642841-203863,True,CHI,1628878-1642244-1642291-1642818-204296,,,,,,1611661323,4,Saniya Rivers,1642809,16,05:19,203863,Haley Peters,1628878,Ariel Atkins,0,,0,,False,-19,,28.1,0.3848,312.0,Arc3,3,319.0,OffArc3Miss,CON,05:12,,183,213,False,shots,4Q/OT | margin -3..3 | 300..120,team
wnba,wnba_shot_pace,shot_pace,shots,get-shots,2025,Regular Season,team,"{'EntityType': 'Team', 'Season': '2025', 'SeasonType': 'Regular Season', 'TeamId': '1611661323', 'EntityId': '1611661323'}",shot_pace,1611661323,4Q/OT | margin -3..3 | 300..120,get-shots__shots__entity_type-Team__season-2025__season_type-Regular_Season__team_id-1611661323__entity_id-1611661323__9a6613a2,get-shots,https://api.pbpstats.com/get-shots/wnba?EntityType=Team&Season=2025&SeasonType=Regular+Season&TeamId=1611661323&EntityId=1611661323,200,212,,,,,,False,1611661329,346.0,498,2025-09-03,1022500264,1642290-1642303-1642809-1642841-203863,False,CHI,1628878-1642244-1642291-1642818-204296,,,,,,1611661323,4,Haley Peters,203863,14,06:00,0,,0,,0,,0,,False,-19,,23.5,0.3174,348.0,Arc3,3,360.0,OffDeadball,CON,05:48,,-189,140,False,shots,4Q/OT | margin -3..3 | 300..120,team
wnba,wnba_shot_pace,shot_pace,shots,get-shots,2025,Regular Season,team,"{'EntityType': 'Team', 'Season': '2025', 'SeasonType': 'Regular Season', 'TeamId': '1611661323', 'EntityId': '1611661323'}",shot_pace,1611661323,4Q/OT | margin -3..3 | 300..120,get-shots__shots__entity_type-Team__season-2025__season_type-Regular_Season__team_id-1611661323__entity_id-1611661323__9a6613a2,get-shots,https://api.pbpstats.com/get-shots/wnba?EntityType=Team&Season=2025&SeasonType=Regular+Season&TeamId=1611661323&EntityId=1611661323,200,213,Leïla Lacan,1642303.0,True,,,,1611661329,391.0,492,2025-09-03,1022500264,1642290-1642303-1642809-1642841-203863,True,CHI,1628878-1642244-1642291-204296-204322,,,,,,1611661323,4,Saniya Rivers,1642809,12,06:45,203863,Haley Peters,1642244,Sevgi Uzun,0,,0,,False,-22,,23.7,0.3105,391.0,Arc3,3,405.0,OffShortMidRangeMiss,CON,06:31,,-208,114,False,shots,4Q/OT | margin -3..3 | 300..120,team
wnba,wnba_shot_pace,shot_pace,shots,get-shots,2025,Regular Season,team,"{'EntityType': 'Team', 'Season': '2025', 'SeasonType': 'Regular Season', 'TeamId': '1611661323', 'EntityId': '1611661323'}",shot_pace,1611661323,4Q/OT | margin -3..3 | 300..120,get-shots__shots__entity_type-Team__season-2025__season_type-Regular_Season__team_id-1611661323__entity_id-1611661323__9a6613a2,get-shots,https://api.pbpstats.com/get-shots/wnba?EntityType=Team&Season=2025&SeasonType=Regular+Season&TeamId=1611661323&EntityId=1611661323,200,214,Mamignan Touré,1642841.0,True,,,,1611661329,463.0,475,2025-09-03,1022500264,1628263-1642796-1642809-1642841-203863,True,CHI,1628878-1642244-1642289-204296-204322,,,,,,1611661323,4,Haley Peters,203863,8,07:54,0,,1642244,Sevgi Uzun,0,,0,,False,-24,,24.4,0.3596,463.0,Arc3,3,474.0,OffShortMidRangeMake,CON,07:43,,224,97,False,shots,4Q/OT | margin -3..3 | 300..120,team
wnba,wnba_shot_pace,shot_pace,shots,get-shots,2025,Regular Season,team,"{'EntityType': 'Team', 'Season': '2025', 'SeasonType': 'Regular Season', 'TeamId': '1611661323', 'EntityId': '1611661323'}",shot_pace,1611661323,4Q/OT | margin -3..3 | 300..120,get-shots__shots__entity_type-Team__season-2025__season_type-Regular_Season__team_id-1611661323__entity_id-1611661323__9a6613a2,get-shots,https://api.pbpstats.com/get-shots/wnba?EntityType=Team&Season=2025&SeasonType=Regular+Season&TeamId=1611661323&EntityId=1611661323,200,215,,,,,,False,1611661329,507.0,465,2025-09-03,1022500264,1628263-1642796-1642809-1642841-203863,False,CHI,1628878-1642244-1642289-204296-204322,,,,,,1611661323,4,Rayah Marshall,1642796,6,08:40,203863,Haley Peters,1628878,Ariel Atkins,0,,0,,False,-22,,2.0,0.6112,510.0,AtRim,2,520.0,OffShortMidRangeMiss,CON,08:30,,-11,17,False,shots,4Q/OT | margin -3..3 | 300..120,team
wnba,wnba_shot_pace,shot_pace,shots,get-shots,2025,Regular Season,team,"{'EntityType': 'Team', 'Season': '2025', 'SeasonType': 'Regular Season', 'TeamId': '1611661323', 'EntityId': '1611661323'}",shot_pace,1611661323,4Q/OT | margin -3..3 | 300..120,get-shots__shots__entity_type-Team__season-2025__season_type-Regular_Season__team_id-1611661323__entity_id-1611661323__9a6613a2,get-shots,https://api.pbpstats.com/get-shots/wnba?EntityType=Team&Season=2025&SeasonType=Regular+Season&TeamId=1611661323&EntityId=1611661323,200,216,,,False,,,,1611661329,530.0,462,2025-09-03,1022500264,1628263-1642796-1642809-1642841-203863,True,CHI,1628878-1642244-1642289-204296-204322,,,,,,1611661323,4,Lindsay Allen,1628263,4,09:02,0,,204322,Elizabeth Williams,0,,0,,False,-24,,1.5,0.5948,530.0,AtRim,2,542.0,OffAtRimMake,CON,08:50,,10,11,False,shots,4Q/OT | margin -3..3 | 300..120,team
wnba,wnba_shot_pace,shot_pace,shots,get-shots,2025,Regular Season,team,"{'EntityType': 'Team', 'Season': '2025', 'SeasonType': 'Regular Season', 'TeamId': '1611661323', 'EntityId': '1611661323'}",shot_pace,1611661323,4Q/OT | margin -3..3 | 300..120,get-shots__shots__entity_type-Team__season-2025__season_type-Regular_Season__team_id-1611661323__entity_id-1611661323__9a6613a2,get-shots,https://api.pbpstats.com/get-shots/wnba?EntityType=Team&Season=2025&SeasonType=Regular+Season&TeamId=1611661323&EntityId=1611661323,200,217,Haley Peters,203863.0,True,,,,1611661329,560.0,454,2025-09-03,1022500264,1628263-1642796-1642809-1642841-203863,True,CHI,1628878-1642244-1642289-204296-204322,,,,,,1611661323,4,Rayah Marshall,1642796,2,09:39,0,,1642289,Kamilla Cardoso,0,,0,,False,-24,,2.2,0.5883,563.0,AtRim,2,579.0,OffAtRimMake,CON,09:23,,20,10,False,shots,4Q/OT | margin -3..3 | 300..120,team
wnba,wnba_shot_pace,shot_pace,shots,get-shots,2025,Regular Season,team,"{'EntityType': 'Team', 'Season': '2025', 'SeasonType': 'Regular Season', 'TeamId': '1611661323', 'EntityId': '1611661323'}",shot_pace,1611661323,4Q/OT | margin -3..3 | 300..120,get-shots__shots__entity_type-Team__season-2025__season_type-Regular_Season__team_id-1611661323__entity_id-1611661323__9a6613a2,get-shots,https://api.pbpstats.com/get-shots/wnba?EntityType=Team&Season=2025&SeasonType=Regular+Season&TeamId=1611661323&EntityId=1611661323,200,218,,,,Rebecca Allen,204296.0,True,1611661329,21.0,435,2025-09-03,1022500264,1628263-1642290-1642796-1642809-1642841,False,CHI,1628915-1642244-1642289-204296-204322,,,,,,1611661323,3,Rayah Marshall,1642796,33,00:43,1642796,Rayah Marshall,1628915,Kia Nurse,0,,0,,False,-20,,3.0,0.5946,25.0,AtRim,2,43.0,OffCorner3Miss,CON,00:25,,22,20,False,shots,4Q/OT | margin -3..3 | 300..120,team
wnba,wnba_shot_pace,shot_pace,shots,get-shots,2025,Regular Season,team,"{'EntityType': 'Team', 'Season': '2025', 'SeasonType': 'Regular Season', 'TeamId': '1611661323', 'EntityId': '1611661323'}",shot_pace,1611661323,4Q/OT | margin -3..3 | 300..120,get-shots__shots__entity_type-Team__season-2025__season_type-Regular_Season__team_id-1611661323__entity_id-1611661323__9a6613a2,get-shots,https://api.pbpstats.com/get-shots/wnba?EntityType=Team&Season=2025&SeasonType=Regular+Season&TeamId=1611661323&EntityId=1611661323,200,219,Aaliyah Edwards,1642290.0,True,,,,1611661329,63.0,431,2025-09-03,1022500264,1628263-1642290-1642796-1642809-1642841,True,CHI,1628915-1642244-1642289-204296-204322,,,,,,1611661323,3,Saniya Rivers,1642809,31,01:17,0,,0,,0,,0,,False,-23,,24.0,0.4624,63.0,Arc3,3,77.0,OffTimeout,CON,01:03,,135,198,False,shots,4Q/OT | margin -3..3 | 300..120,team
wnba,wnba_shot_pace,shot_pace,shots,get-shots,2025,Regular Season,team,"{'EntityType': 'Team', 'Season': '2025', 'SeasonType': 'Regular Season', 'TeamId': '1611661323', 'EntityId': '1611661323'}",shot_pace,1611661323,4Q/OT | margin -3..3 | 300..120,get-shots__shots__entity_type-Team__season-2025__season_type-Regular_Season__team_id-1611661323__entity_id-1611661323__9a6613a2,get-shots,https://api.pbpstats.com/get-shots/wnba?EntityType=Team&Season=2025&SeasonType=Regular+Season&TeamId=1611661323&EntityId=1611661323,200,220,,,False,,,,1611661329,111.0,417,2025-09-03,1022500264,1642290-1642303-1642796-1642809-1642841,True,CHI,1628915-1642244-1642291-204296-204322,,,,,,1611661323,3,Leïla Lacan,1642303,29,01:58,1642796,Rayah Marshall,1642244,Sevgi Uzun,0,,0,,False,-23,,6.8,0.4232,111.0,ShortMidRange,2,118.0,OffShortMidRangeMiss,CON,01:51,,38,56,False,shots,4Q/OT | margin -3..3 | 300..120,team
wnba,wnba_shot_pace,shot_pace,shots,get-shots,2025,Regular Season,team,"{'EntityType': 'Team', 'Season': '2025', 'SeasonType': 'Regular Season', 'TeamId': '1611661323', 'EntityId': '1611661323'}",shot_pace,1611661323,4Q/OT | margin -3..3 | 300..120,get-shots__shots__entity_type-Team__season-2025__season_type-Regular_Season__team_id-1611661323__entity_id-1611661323__9a6613a2,get-shots,https://api.pbpstats.com/get-shots/wnba?EntityType=Team&Season=2025&SeasonType=Regular+Season&TeamId=1611661323&EntityId=1611661323,200,221,,,False,,,,1611661329,145.0,405,2025-09-03,1022500264,1629497-1642290-1642303-1642809-202250,True,CHI,1627671-1628915-1642291-204296-204322,,,,,,1611661323,3,Leïla Lacan,1642303,25,02:41,0,,1628915,Kia Nurse,0,,0,,False,-22,,2.3,0.7438,145.0,AtRim,2,161.0,OffArc3Make,CON,02:25,,-23,-1,False,shots,4Q/OT | margin -3..3 | 300..120,team
wnba,wnba_shot_pace,shot_pace,shots,get-shots,2025,Regular Season,team,"{'EntityType': 'Team', 'Season': '2025', 'SeasonType': 'Regular Season', 'TeamId': '1611661323', 'EntityId': '1611661323'}",shot_pace,1611661323,4Q/OT | margin -3..3 | 300..120,get-shots__shots__entity_type-Team__season-2025__season_type-Regular_Season__team_id-1611661323__entity_id-1611661323__9a6613a2,get-shots,https://api.pbpstats.com/get-shots/wnba?EntityType=Team&Season=2025&SeasonType=Regular+Season&TeamId=1611661323&EntityId=1611661323,200,222,Marina Mabrey,1629497.0,True,,,,1611661329,203.0,397,2025-09-03,1022500264,1629497-1642290-1642303-1642809-202250,True,CHI,1627671-1628915-1642291-204296-204322,,,,,,1611661323,3,Tina Charles,202250,21,03:37,0,,1627671,Rachel Banham,0,,0,,False,-21,,9.9,0.4201,203.0,ShortMidRange,2,217.0,OffLongMidRangeMake,CON,03:23,,-84,52,False,shots,4Q/OT | margin -3..3 | 300..120,team
wnba,wnba_shot_pace,shot_pace,shots,get-shots,2025,Regular Season,team,"{'EntityType': 'Team', 'Season': '2025', 'SeasonType': 'Regular Season', 'TeamId': '1611661323', 'EntityId': '1611661323'}",shot_pace,1611661323,4Q/OT | margin -3..3 | 300..120,get-shots__shots__entity_type-Team__season-2025__season_type-Regular_Season__team_id-1611661323__entity_id-1611661323__9a6613a2,get-shots,https://api.pbpstats.com/get-shots/wnba?EntityType=Team&Season=2025&SeasonType=Regular+Season&TeamId=1611661323&EntityId=1611661323,200,223,,,,,,False,1611661329,227.0,394,2025-09-03,1022500264,1629497-1642290-1642303-1642809-202250,False,CHI,1627671-1628915-1642291-204296-204322,,,,,,1611661323,3,Saniya Rivers,1642809,19,04:06,0,,0,,0,,0,,False,-19,,14.1,0.3669,229.0,LongMidRange,2,246.0,OffFTMake,CON,03:49,,137,32,False,shots,4Q/OT | margin -3..3 | 300..120,team
wnba,wnba_shot_pace,shot_pace,shots,get-shots,2025,Regular Season,team,"{'EntityType': 'Team', 'Season': '2025', 'SeasonType': 'Regular Season', 'TeamId': '1611661323', 'EntityId': '1611661323'}",shot_pace,1611661323,4Q/OT | margin -3..3 | 300..120,get-shots__shots__entity_type-Team__season-2025__season_type-Regular_Season__team_id-1611661323__entity_id-1611661323__9a6613a2,get-shots,https://api.pbpstats.com/get-shots/wnba?EntityType=Team&Season=2025&SeasonType=Regular+Season&TeamId=1611661323&EntityId=1611661323,200,224,,,,,,False,1611661329,246.0,382,2025-09-03,1022500264,1628263-1629497-1642290-1642303-202250,False,CHI,1627671-1628878-1628915-1642291-204322,Lindsay Allen,1628263.0,Marina Mabrey,1629497.0,LongMidRange,1611661323,3,Leïla Lacan,1642303,17,04:34,0,,1627671,Rachel Banham,0,,0,,False,-17,7.0,24.7,0.4086,250.0,Arc3,3,274.0,OffArc3Make,CON,04:10,,165,184,False,shots,4Q/OT | margin -3..3 | 300..120,team
wnba,wnba_shot_pace,shot_pace,shots,get-shots,2025,Regular Season,team,"{'EntityType': 'Team', 'Season': '2025', 'SeasonType': 'Regular Season', 'TeamId': '1611661323', 'EntityId': '1611661323'}",shot_pace,1611661323,4Q/OT | margin -3..3 | 300..120,get-shots__shots__entity_type-Team__season-2025__season_type-Regular_Season__team_id-1611661323__entity_id-1611661323__9a6613a2,get-shots,https://api.pbpstats.com/get-shots/wnba?EntityType=Team&Season=2025&SeasonType=Regular+Season&TeamId=1611661323&EntityId=1611661323,200,225,,,,,,False,1611661329,246.0,380,2025-09-03,1022500264,1628263-1629497-1642290-1642303-202250,False,CHI,1627671-1628878-1628915-1642291-204322,,,,,,1611661323,3,Marina Mabrey,1629497,17,04:34,0,,1627671,Rachel Banham,0,,0,,False,-17,,19.5,0.3861,259.0,LongMidRange,2,274.0,OffArc3Make,CON,04:19,,13,195,False,shots,4Q/OT | margin -3..3 | 300..120,team
wnba,wnba_shot_pace,shot_pace,shots,get-shots,2025,Regular Season,team,"{'EntityType': 'Team', 'Season': '2025', 'SeasonType': 'Regular Season', 'TeamId': '1611661323', 'EntityId': '1611661323'}",shot_pace,1611661323,4Q/OT | margin -3..3 | 300..120,get-shots__shots__entity_type-Team__season-2025__season_type-Regular_Season__team_id-1611661323__entity_id-1611661323__9a6613a2,get-shots,https://api.pbpstats.com/get-shots/wnba?EntityType=Team&Season=2025&SeasonType=Regular+Season&TeamId=1611661323&EntityId=1611661323,200,226,Marina Mabrey,1629497.0,True,,,,1611661329,330.0,359,2025-09-03,1022500264,1628263-1629497-1642290-1642303-202250,True,CHI,1627671-1628878-1630446-1642289-1642291,,,,,,1611661323,3,Tina Charles,202250,13,05:41,1629497,Marina Mabrey,1642291,Angel Reese,0,,0,,False,-15,,17.5,0.3863,330.0,LongMidRange,2,341.0,OffCorner3Miss,CON,05:30,,38,171,False,shots,4Q/OT | margin -3..3 | 300..120,team
wnba,wnba_shot_pace,shot_pace,shots,get-shots,2025,Regular Season,team,"{'EntityType': 'Team', 'Season': '2025', 'SeasonType': 'Regular Season', 'TeamId': '1611661323', 'EntityId': '1611661323'}",shot_pace,1611661323,4Q/OT | margin -3..3 | 300..120,get-shots__shots__entity_type-Team__season-2025__season_type-Regular_Season__team_id-1611661323__entity_id-1611661323__9a6613a2,get-shots,https://api.pbpstats.com/get-shots/wnba?EntityType=Team&Season=2025&SeasonType=Regular+Season&TeamId=1611661323&EntityId=1611661323,200,227,,,,,,False,1611661329,370.0,350,2025-09-03,1022500264,1628263-1629497-1642290-1642303-202250,False,CHI,1627671-1628878-1630446-1642289-1642291,,,,,,1611661323,3,Leïla Lacan,1642303,11,06:34,1642303,Leïla Lacan,1642289,Kamilla Cardoso,0,,0,,False,-15,,25.0,0.3907,388.0,Arc3,3,394.0,OffAtRimBlock,CON,06:28,,157,195,False,shots,4Q/OT | margin -3..3 | 300..120,team
wnba,wnba_shot_pace,shot_pace,shots,get-shots,2025,Regular Season,team,"{'EntityType': 'Team', 'Season': '2025', 'SeasonType': 'Regular Season', 'TeamId': '1611661323', 'EntityId': '1611661323'}",shot_pace,1611661323,4Q/OT | margin -3..3 | 300..120,get-shots__shots__entity_type-Team__season-2025__season_type-Regular_Season__team_id-1611661323__entity_id-1611661323__9a6613a2,get-shots,https://api.pbpstats.com/get-shots/wnba?EntityType=Team&Season=2025&SeasonType=Regular+Season&TeamId=1611661323&EntityId=1611661323,200,228,,,,Kamilla Cardoso,1642289.0,True,1611661329,416.0,344,2025-09-03,1022500264,1628263-1629497-1642290-1642303-202250,False,CHI,1627671-1628878-1630446-1642289-1642291,,,,,,1611661323,3,Tina Charles,202250,9,07:12,0,,0,,0,,0,,False,-15,,5.8,0.3828,419.0,ShortMidRange,2,432.0,OffFTMake,CON,06:59,,38,44,False,shots,4Q/OT | margin -3..3 | 300..120,team
wnba,wnba_shot_pace,shot_pace,shots,get-shots,2025,Regular Season,team,"{'EntityType': 'Team', 'Season': '2025', 'SeasonType': 'Regular Season', 'TeamId': '1611661323', 'EntityId': '1611661323'}",shot_pace,1611661323,4Q/OT | margin -3..3 | 300..120,get-shots__shots__entity_type-Team__season-2025__season_type-Regular_Season__team_id-1611661323__entity_id-1611661323__9a6613a2,get-shots,https://api.pbpstats.com/get-shots/wnba?EntityType=Team&Season=2025&SeasonType=Regular+Season&TeamId=1611661323&EntityId=1611661323,200,229,,,False,,,,1611661329,493.0,329,2025-09-03,1022500264,1628263-1629497-1642290-1642303-202250,True,CHI,1627671-1628878-1630446-1642289-1642291,,,,,,1611661323,3,Tina Charles,202250,5,08:31,0,,1642291,Angel Reese,0,,0,,False,-15,,16.7,0.378,493.0,LongMidRange,2,511.0,OffAtRimMake,CON,08:13,,166,-15,False,shots,4Q/OT | margin -3..3 | 300..120,team
wnba,wnba_shot_pace,shot_pace,shots,get-shots,2025,Regular Season,team,"{'EntityType': 'Team', 'Season': '2025', 'SeasonType': 'Regular Season', 'TeamId': '1611661323', 'EntityId': '1611661323'}",shot_pace,1611661323,4Q/OT | margin -3..3 | 300..120,get-shots__shots__entity_type-Team__season-2025__season_type-Regular_Season__team_id-1611661323__entity_id-1611661323__9a6613a2,get-shots,https://api.pbpstats.com/get-shots/wnba?EntityType=Team&Season=2025&SeasonType=Regular+Season&TeamId=1611661323&EntityId=1611661323,200,230,,,False,,,,1611661329,527.0,326,2025-09-03,1022500264,1628263-1629497-1642290-1642303-202250,True,CHI,1627671-1628878-1630446-1642289-1642291,Aaliyah Edwards,1642290.0,Leïla Lacan,1642303.0,AtRimBlocked,1611661323,3,Aaliyah Edwards,1642290,3,09:24,0,,1642289,Kamilla Cardoso,0,,0,,True,-15,0.0,0.6,0.666,527.0,AtRim,2,564.0,OffLongMidRangeMake,CON,08:47,,0,-6,False,shots,4Q/OT | margin -3..3 | 300..120,team
wnba,wnba_shot_pace,shot_pace,shots,get-shots,2025,Regular Season,team,"{'EntityType': 'Team', 'Season': '2025', 'SeasonType': 'Regular Season', 'TeamId': '1611661323', 'EntityId': '1611661323'}",shot_pace,1611661323,4Q/OT | margin -3..3 | 300..120,get-shots__shots__entity_type-Team__season-2025__season_type-Regular_Season__team_id-1611661323__entity_id-1611661323__9a6613a2,get-shots,https://api.pbpstats.com/get-shots/wnba?EntityType=Team&Season=2025&SeasonType=Regular+Season&TeamId=1611661323&EntityId=1611661323,200,231,,,,Kamilla Cardoso,1642289.0,True,1611661329,527.0,323,2025-09-03,1022500264,1628263-1629497-1642290-1642303-202250,False,CHI,1627671-1628878-1630446-1642289-1642291,Aaliyah Edwards,1642290.0,Marina Mabrey,1629497.0,LongMidRange,1611661323,3,Leïla Lacan,1642303,3,09:24,0,,1642289,Kamilla Cardoso,0,,0,,False,-15,7.0,2.2,0.6268,531.0,AtRim,2,564.0,OffLongMidRangeMake,CON,08:51,,-13,18,False,shots,4Q/OT | margin -3..3 | 300..120,team
wnba,wnba_shot_pace,shot_pace,shots,get-shots,2025,Regular Season,team,"{'EntityType': 'Team', 'Season': '2025', 'SeasonType': 'Regular Season', 'TeamId': '1611661323', 'EntityId': '1611661323'}",shot_pace,1611661323,4Q/OT | margin -3..3 | 300..120,get-shots__shots__entity_type-Team__season-2025__season_type-Regular_Season__team_id-1611661323__entity_id-1611661323__9a6613a2,get-shots,https://api.pbpstats.com/get-shots/wnba?EntityType=Team&Season=2025&SeasonType=Regular+Season&TeamId=1611661323&EntityId=1611661323,200,232,,,,,,False,1611661329,527.0,321,2025-09-03,1022500264,1628263-1629497-1642290-1642303-202250,False,CHI,1627671-1628878-1630446-1642289-1642291,,,,,,1611661323,3,Marina Mabrey,1629497,3,09:24,0,,1642289,Kamilla Cardoso,0,,0,,False,-15,,17.3,0.3297,540.0,LongMidRange,2,564.0,OffLongMidRangeMake,CON,09:00,,45,167,False,shots,4Q/OT | margin -3..3 | 300..120,team
wnba,wnba_shot_pace,shot_pace,shots,get-shots,2025,Regular Season,team,"{'EntityType': 'Team', 'Season': '2025', 'SeasonType': 'Regular Season', 'TeamId': '1611661323', 'EntityId': '1611661323'}",shot_pace,1611661323,4Q/OT | margin -3..3 | 300..120,get-shots__shots__entity_type-Team__season-2025__season_type-Regular_Season__team_id-1611661323__entity_id-1611661323__9a6613a2,get-shots,https://api.pbpstats.com/get-shots/wnba?EntityType=Team&Season=2025&SeasonType=Regular+Season&TeamId=1611661323&EntityId=1611661323,200,233,,,False,,,,1611661329,585.0,312,2025-09-03,1022500264,1628263-1629497-1642290-1642303-202250,True,CHI,1627671-1628878-1630446-1642289-1642291,,,,,,1611661323,3,Leïla Lacan,1642303,1,10:00,0,,0,,0,,0,,False,-15,,2.0,0.7812,586.0,AtRim,2,600.0,OffDeadball,CON,09:46,,-20,-1,False,shots,4Q/OT | margin -3..3 | 300..120,team
wnba,wnba_shot_pace,shot_pace,shots,get-shots,2025,Regular Season,team,"{'EntityType': 'Team', 'Season': '2025', 'SeasonType': 'Regular Season', 'TeamId': '1611661323', 'EntityId': '1611661323'}",shot_pace,1611661323,4Q/OT | margin -3..3 | 300..120,get-shots__shots__entity_type-Team__season-2025__season_type-Regular_Season__team_id-1611661323__entity_id-1611661323__9a6613a2,get-shots,https://api.pbpstats.com/get-shots/wnba?EntityType=Team&Season=2025&SeasonType=Regular+Season&TeamId=1611661323&EntityId=1611661323,200,234,,,,,,False,1611661329,0.0,298,2025-09-03,1022500264,1628263-1629497-1642290-1642809-202250,False,CHI,1628878-1628915-1642244-1642291-204322,Saniya Rivers,1642809.0,Marina Mabrey,1629497.0,Arc3,1611661323,2,Saniya Rivers,1642809,35,00:19,1642290,Aaliyah Edwards,1642244,Sevgi Uzun,0,,0,,True,-15,1.0,0.8,0.6714,0.0,AtRim,2,19.0,OffShortMidRangeMiss,CON,00:00,,-1,8,False,shots,4Q/OT | margin -3..3 | 300..120,team
wnba,wnba_shot_pace,shot_pace,shots,get-shots,2025,Regular Season,team,"{'EntityType': 'Team', 'Season': '2025', 'SeasonType': 'Regular Season', 'TeamId': '1611661323', 'EntityId': '1611661323'}",shot_pace,1611661323,4Q/OT | margin -3..3 | 300..120,get-shots__shots__entity_type-Team__season-2025__season_type-Regular_Season__team_id-1611661323__entity_id-1611661323__9a6613a2,get-shots,https://api.pbpstats.com/get-shots/wnba?EntityType=Team&Season=2025&SeasonType=Regular+Season&TeamId=1611661323&EntityId=1611661323,200,235,,,,,,False,1611661329,0.0,296,2025-09-03,1022500264,1628263-1629497-1642290-1642809-202250,False,CHI,1628878-1628915-1642244-1642291-204322,,,,,,1611661323,2,Marina Mabrey,1629497,35,00:19,1642290,Aaliyah Edwards,1642244,Sevgi Uzun,0,,0,,False,-15,,24.1,0.2023,1.0,Arc3,3,19.0,OffShortMidRangeMiss,CON,00:01,,133,201,False,shots,4Q/OT | margin -3..3 | 300..120,team
wnba,wnba_shot_pace,shot_pace,shots,get-shots,2025,Regular Season,team,"{'EntityType': 'Team', 'Season': '2025', 'SeasonType': 'Regular Season', 'TeamId': '1611661323', 'EntityId': '1611661323'}",shot_pace,1611661323,4Q/OT | margin -3..3 | 300..120,get-shots__shots__entity_type-Team__season-2025__season_type-Regular_Season__team_id-1611661323__entity_id-1611661323__9a6613a2,get-shots,https://api.pbpstats.com/get-shots/wnba?EntityType=Team&Season=2025&SeasonType=Regular+Season&TeamId=1611661323&EntityId=1611661323,200,236,Marina Mabrey,1629497.0,True,,,,1611661329,46.0,287,2025-09-03,1022500264,1628263-1629497-1642290-1642809-202250,True,CHI,1628878-1628915-1642244-1642291-204322,,,,,,1611661323,2,Saniya Rivers,1642809,33,00:54,0,,0,,1642290,Aaliyah Edwards,204322,Elizabeth Williams,False,-17,,14.2,0.415,46.0,LongMidRange,2,54.0,OffLiveBallTurnover,CON,00:46,,-63,127,False,shots,4Q/OT | margin -3..3 | 300..120,team
wnba,wnba_shot_pace,shot_pace,shots,get-shots,2025,Regular Season,team,"{'EntityType': 'Team', 'Season': '2025', 'SeasonType': 'Regular Season', 'TeamId': '1611661323', 'EntityId': '1611661323'}",shot_pace,1611661323,4Q/OT | margin -3..3 | 300..120,get-shots__shots__entity_type-Team__season-2025__season_type-Regular_Season__team_id-1611661323__entity_id-1611661323__9a6613a2,get-shots,https://api.pbpstats.com/get-shots/wnba?EntityType=Team&Season=2025&SeasonType=Regular+Season&TeamId=1611661323&EntityId=1611661323,200,237,,,,,,False,1611661329,66.0,280,2025-09-03,1022500264,1628263-1629497-1642796-1642809-202250,False,CHI,1628878-1628915-1642244-1642291-204322,,,,,,1611661323,2,Tina Charles,202250,31,01:31,0,,0,,0,,0,,False,-17,,19.6,0.3208,66.0,LongMidRange,2,91.0,OffDeadball,CON,01:06,,55,188,False,shots,4Q/OT | margin -3..3 | 300..120,team
wnba,wnba_shot_pace,shot_pace,shots,get-shots,2025,Regular Season,team,"{'EntityType': 'Team', 'Season': '2025', 'SeasonType': 'Regular Season', 'TeamId': '1611661323', 'EntityId': '1611661323'}",shot_pace,1611661323,4Q/OT | margin -3..3 | 300..120,get-shots__shots__entity_type-Team__season-2025__season_type-Regular_Season__team_id-1611661323__entity_id-1611661323__9a6613a2,get-shots,https://api.pbpstats.com/get-shots/wnba?EntityType=Team&Season=2025&SeasonType=Regular+Season&TeamId=1611661323&EntityId=1611661323,200,238,,,,,,False,1611661329,100.0,275,2025-09-03,1022500264,1628263-1629497-1642796-1642809-202250,False,CHI,1628878-1628915-1642244-1642291-204322,,,,,,1611661323,2,Rayah Marshall,1642796,29,02:01,0,,0,,0,,0,,False,-17,,5.2,0.4027,102.0,ShortMidRange,2,121.0,OffFTMake,CON,01:42,,5,52,False,shots,4Q/OT | margin -3..3 | 300..120,team
wnba,wnba_shot_pace,shot_pace,shots,get-shots,2025,Regular Season,team,"{'EntityType': 'Team', 'Season': '2025', 'SeasonType': 'Regular Season', 'TeamId': '1611661323', 'EntityId': '1611661323'}",shot_pace,1611661323,4Q/OT | margin -3..3 | 300..120,get-shots__shots__entity_type-Team__season-2025__season_type-Regular_Season__team_id-1611661323__entity_id-1611661323__9a6613a2,get-shots,https://api.pbpstats.com/get-shots/wnba?EntityType=Team&Season=2025&SeasonType=Regular+Season&TeamId=1611661323&EntityId=1611661323,200,239,Rayah Marshall,1642796.0,True,,,,1611661329,190.0,253,2025-09-03,1022500264,1628263-1629497-1642796-1642809-202250,True,CHI,1627671-1628878-1630446-1642291-204322,,,,,,1611661323,2,Tina Charles,202250,23,03:23,1642796,Rayah Marshall,1630446,Michaela Onyenwere,0,,0,,False,-18,,4.4,0.3847,190.0,ShortMidRange,2,203.0,OffFTMiss,CON,03:10,,6,44,False,shots,4Q/OT | margin -3..3 | 300..120,team
wnba,wnba_shot_pace,shot_pace,shots,get-shots,2025,Regular Season,team,"{'EntityType': 'Team', 'Season': '2025', 'SeasonType': 'Regular Season', 'TeamId': '1611661323', 'EntityId': '1611661323'}",shot_pace,1611661323,4Q/OT | margin -3..3 | 300..120,get-shots__shots__entity_type-Team__season-2025__season_type-Regular_Season__team_id-1611661323__entity_id-1611661323__9a6613a2,get-shots,https://api.pbpstats.com/get-shots/wnba?EntityType=Team&Season=2025&SeasonType=Regular+Season&TeamId=1611661323&EntityId=1611661323,200,240,,,False,,,,1611661329,224.0,245,2025-09-03,1022500264,1628263-1629497-1642303-1642796-202250,True,CHI,1627671-1628878-1630446-1642291-204322,,,,,,1611661323,2,Lindsay Allen,1628263,21,03:47,0,,0,,1628263,Lindsay Allen,204322,Elizabeth Williams,False,-19,,0.8,0.7669,224.0,AtRim,2,227.0,OffLiveBallTurnover,CON,03:44,,4,7,False,shots,4Q/OT | margin -3..3 | 300..120,team
wnba,wnba_shot_pace,shot_pace,shots,get-shots,2025,Regular Season,team,"{'EntityType': 'Team', 'Season': '2025', 'SeasonType': 'Regular Season', 'TeamId': '1611661323', 'EntityId': '1611661323'}",shot_pace,1611661323,4Q/OT | margin -3..3 | 300..120,get-shots__shots__entity_type-Team__season-2025__season_type-Regular_Season__team_id-1611661323__entity_id-1611661323__9a6613a2,get-shots,https://api.pbpstats.com/get-shots/wnba?EntityType=Team&Season=2025&SeasonType=Regular+Season&TeamId=1611661323&EntityId=1611661323,200,241,,,False,,,,1611661329,237.0,242,2025-09-03,1022500264,1628263-1629497-1642303-1642796-202250,True,CHI,1627671-1628878-1630446-1642291-204322,Rayah Marshall,1642796.0,Marina Mabrey,1629497.0,LongMidRange,1611661323,2,Rayah Marshall,1642796,19,04:17,0,,204322,Elizabeth Williams,0,,0,,False,-21,6.0,0.6,0.7258,237.0,AtRim,2,257.0,OffLongMidRangeMake,CON,03:57,,0,-6,False,shots,4Q/OT | margin -3..3 | 300..120,team
wnba,wnba_shot_pace,shot_pace,shots,get-shots,2025,Regular Season,team,"{'EntityType': 'Team', 'Season': '2025', 'SeasonType': 'Regular Season', 'TeamId': '1611661323', 'EntityId': '1611661323'}",shot_pace,1611661323,4Q/OT | margin -3..3 | 300..120,get-shots__shots__entity_type-Team__season-2025__season_type-Regular_Season__team_id-1611661323__entity_id-1611661323__9a6613a2,get-shots,https://api.pbpstats.com/get-shots/wnba?EntityType=Team&Season=2025&SeasonType=Regular+Season&TeamId=1611661323&EntityId=1611661323,200,242,,,,,,False,1611661329,237.0,240,2025-09-03,1022500264,1628263-1629497-1642303-1642796-202250,False,CHI,1627671-1628878-1630446-1642291-204322,,,,,,1611661323,2,Marina Mabrey,1629497,19,04:17,0,,204322,Elizabeth Williams,0,,0,,False,-21,,16.7,0.4093,243.0,LongMidRange,2,257.0,OffLongMidRangeMake,CON,04:03,,-166,15,False,shots,4Q/OT | margin -3..3 | 300..120,team
wnba,wnba_shot_pace,shot_pace,shots,get-shots,2025,Regular Season,team,"{'EntityType': 'Team', 'Season': '2025', 'SeasonType': 'Regular Season', 'TeamId': '1611661323', 'EntityId': '1611661323'}",shot_pace,1611661323,4Q/OT | margin -3..3 | 300..120,get-shots__shots__entity_type-Team__season-2025__season_type-Regular_Season__team_id-1611661323__entity_id-1611661323__9a6613a2,get-shots,https://api.pbpstats.com/get-shots/wnba?EntityType=Team&Season=2025&SeasonType=Regular+Season&TeamId=1611661323&EntityId=1611661323,200,243,,,False,,,,1611661329,340.0,218,2025-09-03,1022500264,1628263-1629497-1642303-1642796-202250,True,CHI,1627671-1628878-1630446-1642289-1642291,,,,,,1611661323,2,Tina Charles,202250,15,05:57,0,,0,,0,,0,,False,-20,,10.4,0.29,340.0,ShortMidRange,2,357.0,OffTimeout,CON,05:40,,-96,39,False,shots,4Q/OT | margin -3..3 | 300..120,team
wnba,wnba_shot_pace,shot_pace,shots,get-shots,2025,Regular Season,team,"{'EntityType': 'Team', 'Season': '2025', 'SeasonType': 'Regular Season', 'TeamId': '1611661323', 'EntityId': '1611661323'}",shot_pace,1611661323,4Q/OT | margin -3..3 | 300..120,get-shots__shots__entity_type-Team__season-2025__season_type-Regular_Season__team_id-1611661323__entity_id-1611661323__9a6613a2,get-shots,https://api.pbpstats.com/get-shots/wnba?EntityType=Team&Season=2025&SeasonType=Regular+Season&TeamId=1611661323&EntityId=1611661323,200,244,,,,,,False,1611661329,435.0,191,2025-09-03,1022500264,1628263-1629497-1642290-1642303-202250,False,CHI,1627671-1628878-1630446-1642289-1642291,,0.0,Marina Mabrey,1629497.0,TeamBlocked,1611661323,2,Marina Mabrey,1629497,9,07:26,0,,0,,1642303,Leïla Lacan,1642818,Maddy Westbeld,False,-18,5.0,23.7,0.3514,437.0,Corner3,3,446.0,OffLiveBallTurnover,CON,07:17,,-237,-9,False,shots,4Q/OT | margin -3..3 | 300..120,team
wnba,wnba_shot_pace,shot_pace,shots,get-shots,2025,Regular Season,team,"{'EntityType': 'Team', 'Season': '2025', 'SeasonType': 'Regular Season', 'TeamId': '1611661323', 'EntityId': '1611661323'}",shot_pace,1611661323,4Q/OT | margin -3..3 | 300..120,get-shots__shots__entity_type-Team__season-2025__season_type-Regular_Season__team_id-1611661323__entity_id-1611661323__9a6613a2,get-shots,https://api.pbpstats.com/get-shots/wnba?EntityType=Team&Season=2025&SeasonType=Regular+Season&TeamId=1611661323&EntityId=1611661323,200,245,,,,Ariel Atkins,1628878.0,True,1611661329,435.0,185,2025-09-03,1022500264,1628263-1629497-1642290-1642303-202250,False,CHI,1627671-1628878-1630446-1642289-1642818,,,,,,1611661323,2,Marina Mabrey,1629497,9,07:26,0,,0,,1642303,Leïla Lacan,1642818,Maddy Westbeld,False,-18,,2.5,0.7244,442.0,AtRim,2,446.0,OffLiveBallTurnover,CON,07:22,,21,14,False,shots,4Q/OT | margin -3..3 | 300..120,team
wnba,wnba_shot_pace,shot_pace,shots,get-shots,2025,Regular Season,team,"{'EntityType': 'Team', 'Season': '2025', 'SeasonType': 'Regular Season', 'TeamId': '1611661323', 'EntityId': '1611661323'}",shot_pace,1611661323,4Q/OT | margin -3..3 | 300..120,get-shots__shots__entity_type-Team__season-2025__season_type-Regular_Season__team_id-1611661323__entity_id-1611661323__9a6613a2,get-shots,https://api.pbpstats.com/get-shots/wnba?EntityType=Team&Season=2025&SeasonType=Regular+Season&TeamId=1611661323&EntityId=1611661323,200,246,Marina Mabrey,1629497.0,True,,,,1611661329,466.0,181,2025-09-03,1022500264,1628263-1629497-1642290-1642303-202250,True,CHI,1627671-1628878-1630446-1642289-1642818,,0.0,Marina Mabrey,1629497.0,Team,1611661323,2,Aaliyah Edwards,1642290,7,07:59,1629497,Marina Mabrey,1628878,Ariel Atkins,0,,0,,False,-20,8.0,1.0,0.749,466.0,AtRim,2,479.0,OffCorner3Miss,CON,07:46,,-7,7,False,shots,4Q/OT | margin -3..3 | 300..120,team
wnba,wnba_shot_pace,shot_pace,shots,get-shots,2025,Regular Season,team,"{'EntityType': 'Team', 'Season': '2025', 'SeasonType': 'Regular Season', 'TeamId': '1611661323', 'EntityId': '1611661323'}",shot_pace,1611661323,4Q/OT | margin -3..3 | 300..120,get-shots__shots__entity_type-Team__season-2025__season_type-Regular_Season__team_id-1611661323__entity_id-1611661323__9a6613a2,get-shots,https://api.pbpstats.com/get-shots/wnba?EntityType=Team&Season=2025&SeasonType=Regular+Season&TeamId=1611661323&EntityId=1611661323,200,247,,,,,,False,1611661329,466.0,178,2025-09-03,1022500264,1628263-1629497-1642290-1642303-202250,False,CHI,1627671-1628878-1630446-1642289-1642818,,,,,,1611661323,2,Marina Mabrey,1629497,7,07:59,1629497,Marina Mabrey,1628878,Ariel Atkins,0,,0,,False,-20,,25.5,0.2832,475.0,Arc3,3,479.0,OffCorner3Miss,CON,07:55,,-11,255,False,shots,4Q/OT | margin -3..3 | 300..120,team
wnba,wnba_shot_pace,shot_pace,shots,get-shots,2025,Regular Season,team,"{'EntityType': 'Team', 'Season': '2025', 'SeasonType': 'Regular Season', 'TeamId': '1611661323', 'EntityId': '1611661323'}",shot_pace,1611661323,4Q/OT | margin -3..3 | 300..120,get-shots__shots__entity_type-Team__season-2025__season_type-Regular_Season__team_id-1611661323__entity_id-1611661323__9a6613a2,get-shots,https://api.pbpstats.com/get-shots/wnba?EntityType=Team&Season=2025&SeasonType=Regular+Season&TeamId=1611661323&EntityId=1611661323,200,248,,,,,,False,1611661329,505.0,171,2025-09-03,1022500264,1628263-1629497-1642290-1642303-202250,False,CHI,1627671-1628878-1642289-1642818-204296,,,,,,1611661323,2,Lindsay Allen,1628263,5,08:35,1642290,Aaliyah Edwards,1642818,Maddy Westbeld,0,,0,,False,-20,,2.8,0.6054,507.0,AtRim,2,515.0,OffLongMidRangeMiss,CON,08:27,,21,18,False,shots,4Q/OT | margin -3..3 | 300..120,team
wnba,wnba_shot_pace,shot_pace,shots,get-shots,2025,Regular Season,team,"{'EntityType': 'Team', 'Season': '2025', 'SeasonType': 'Regular Season', 'TeamId': '1611661323', 'EntityId': '1611661323'}",shot_pace,1611661323,4Q/OT | margin -3..3 | 300..120,get-shots__shots__entity_type-Team__season-2025__season_type-Regular_Season__team_id-1611661323__entity_id-1611661323__9a6613a2,get-shots,https://api.pbpstats.com/get-shots/wnba?EntityType=Team&Season=2025&SeasonType=Regular+Season&TeamId=1611661323&EntityId=1611661323,200,249,,,,,,False,1611661329,536.0,160,2025-09-03,1022500264,1629497-1642290-1642303-1642809-202250,False,CHI,1627671-1628878-1642289-1642818-204296,,,,,,1611661323,2,Tina Charles,202250,3,09:15,0,,1627671,Rachel Banham,0,,0,,False,-20,,11.8,0.41,540.0,ShortMidRange,2,555.0,OffAtRimMake,CON,09:00,,118,7,False,shots,4Q/OT | margin -3..3 | 300..120,team
wnba,wnba_shot_pace,shot_pace,shots,get-shots,2025,Regular Season,team,"{'EntityType': 'Team', 'Season': '2025', 'SeasonType': 'Regular Season', 'TeamId': '1611661323', 'EntityId': '1611661323'}",shot_pace,1611661323,4Q/OT | margin -3..3 | 300..120,get-shots__shots__entity_type-Team__season-2025__season_type-Regular_Season__team_id-1611661323__entity_id-1611661323__9a6613a2,get-shots,https://api.pbpstats.com/get-shots/wnba?EntityType=Team&Season=2025&SeasonType=Regular+Season&TeamId=1611661323&EntityId=1611661323,200,250,,,,,,False,1611661329,582.0,154,2025-09-03,1022500264,1629497-1642290-1642303-1642809-202250,False,CHI,1627671-1628878-1642289-1642818-204296,,,,,,1611661323,2,Leïla Lacan,1642303,1,10:00,0,,0,,0,,0,,False,-18,,15.4,0.4019,585.0,LongMidRange,2,600.0,OffDeadball,CON,09:45,,-12,154,False,shots,4Q/OT | margin -3..3 | 300..120,team
wnba,wnba_shot_pace,shot_pace,shots,get-shots,2025,Regular Season,team,"{'EntityType': 'Team', 'Season': '2025', 'SeasonType': 'Regular Season', 'TeamId': '1611661323', 'EntityId': '1611661323'}",shot_pace,1611661323,4Q/OT | margin -3..3 | 300..120,get-shots__shots__entity_type-Team__season-2025__season_type-Regular_Season__team_id-1611661323__entity_id-1611661323__9a6613a2,get-shots,https://api.pbpstats.com/get-shots/wnba?EntityType=Team&Season=2025&SeasonType=Regular+Season&TeamId=1611661323&EntityId=1611661323,200,251,,,,,,False,1611661329,0.0,146,2025-09-03,1022500264,1629497-1642290-1642303-1642809-203863,False,CHI,1627671-1628878-1642289-204296-204322,Leïla Lacan,1642303.0,Saniya Rivers,1642809.0,Arc3,1611661323,1,Saniya Rivers,1642809,38,00:31,0,,0,,0,,0,,False,-18,5.0,24.2,0.1552,0.0,Arc3,3,31.0,OffFTMake,CON,00:00,,-46,238,False,shots,4Q/OT | margin -3..3 | 300..120,team
wnba,wnba_shot_pace,shot_pace,shots,get-shots,2025,Regular Season,team,"{'EntityType': 'Team', 'Season': '2025', 'SeasonType': 'Regular Season', 'TeamId': '1611661323', 'EntityId': '1611661323'}",shot_pace,1611661323,4Q/OT | margin -3..3 | 300..120,get-shots__shots__entity_type-Team__season-2025__season_type-Regular_Season__team_id-1611661323__entity_id-1611661323__9a6613a2,get-shots,https://api.pbpstats.com/get-shots/wnba?EntityType=Team&Season=2025&SeasonType=Regular+Season&TeamId=1611661323&EntityId=1611661323,200,252,,,,,,False,1611661329,0.0,141,2025-09-03,1022500264,1629497-1642290-1642303-1642809-203863,False,CHI,1627671-1628878-1642289-204296-204322,,,,,,1611661323,1,Saniya Rivers,1642809,38,00:31,0,,0,,0,,0,,False,-18,,25.1,0.2543,7.0,Arc3,3,31.0,OffFTMake,CON,00:07,,62,243,False,shots,4Q/OT | margin -3..3 | 300..120,team
wnba,wnba_shot_pace,shot_pace,shots,get-shots,2025,Regular Season,team,"{'EntityType': 'Team', 'Season': '2025', 'SeasonType': 'Regular Season', 'TeamId': '1611661323', 'EntityId': '1611661323'}",shot_pace,1611661323,4Q/OT | margin -3..3 | 300..120,get-shots__shots__entity_type-Team__season-2025__season_type-Regular_Season__team_id-1611661323__entity_id-1611661323__9a6613a2,get-shots,https://api.pbpstats.com/get-shots/wnba?EntityType=Team&Season=2025&SeasonType=Regular+Season&TeamId=1611661323&EntityId=1611661323,200,253,,,,Kamilla Cardoso,1642289.0,True,1611661329,34.0,130,2025-09-03,1022500264,1642290-1642303-1642809-1642841-203863,False,CHI,1628878-1642244-1642289-204296-204322,,,,,,1611661323,1,Aaliyah Edwards,1642290,36,00:46,1642809,Saniya Rivers,1642289,Kamilla Cardoso,0,,0,,False,-15,,1.6,0.6422,36.0,AtRim,2,46.0,OffAtRimMiss,CON,00:36,,16,2,False,shots,4Q/OT | margin -3..3 | 300..120,team
wnba,wnba_shot_pace,shot_pace,shots,get-shots,2025,Regular Season,team,"{'EntityType': 'Team', 'Season': '2025', 'SeasonType': 'Regular Season', 'TeamId': '1611661323', 'EntityId': '1611661323'}",shot_pace,1611661323,4Q/OT | margin -3..3 | 300..120,get-shots__shots__entity_type-Team__season-2025__season_type-Regular_Season__team_id-1611661323__entity_id-1611661323__9a6613a2,get-shots,https://api.pbpstats.com/get-shots/wnba?EntityType=Team&Season=2025&SeasonType=Regular+Season&TeamId=1611661323&EntityId=1611661323,200,254,,,,,,False,1611661329,95.0,122,2025-09-03,1022500264,1642290-1642303-1642809-1642841-203863,False,CHI,1628878-1642244-1642289-204296-204322,,,,,,1611661323,1,Leïla Lacan,1642303,32,01:47,203863,Haley Peters,204322,Elizabeth Williams,0,,0,,False,-13,,20.1,0.3998,100.0,LongMidRange,2,107.0,OffAtRimMiss,CON,01:40,,43,196,False,shots,4Q/OT | margin -3..3 | 300..120,team
wnba,wnba_shot_pace,shot_pace,shots,get-shots,2025,Regular Season,team,"{'EntityType': 'Team', 'Season': '2025', 'SeasonType': 'Regular Season', 'TeamId': '1611661323', 'EntityId': '1611661323'}",shot_pace,1611661323,4Q/OT | margin -3..3 | 300..120,get-shots__shots__entity_type-Team__season-2025__season_type-Regular_Season__team_id-1611661323__entity_id-1611661323__9a6613a2,get-shots,https://api.pbpstats.com/get-shots/wnba?EntityType=Team&Season=2025&SeasonType=Regular+Season&TeamId=1611661323&EntityId=1611661323,200,255,Saniya Rivers,1642809.0,True,,,,1611661329,144.0,110,2025-09-03,1022500264,1642290-1642303-1642809-1642841-203863,True,CHI,1628915-1642244-1642291-204296-204322,,,,,,1611661323,1,Leïla Lacan,1642303,28,02:29,0,,0,,1642809,Saniya Rivers,1642291,Angel Reese,False,-15,,20.3,0.3853,144.0,LongMidRange,2,149.0,OffLiveBallTurnover,CON,02:24,,-107,172,False,shots,4Q/OT | margin -3..3 | 300..120,team
wnba,wnba_shot_pace,shot_pace,shots,get-shots,2025,Regular Season,team,"{'EntityType': 'Team', 'Season': '2025', 'SeasonType': 'Regular Season', 'TeamId': '1611661323', 'EntityId': '1611661323'}",shot_pace,1611661323,4Q/OT | margin -3..3 | 300..120,get-shots__shots__entity_type-Team__season-2025__season_type-Regular_Season__team_id-1611661323__entity_id-1611661323__9a6613a2,get-shots,https://api.pbpstats.com/get-shots/wnba?EntityType=Team&Season=2025&SeasonType=Regular+Season&TeamId=1611661323&EntityId=1611661323,200,256,,,,,,False,1611661329,167.0,106,2025-09-03,1022500264,1642290-1642303-1642809-1642841-203863,False,CHI,1628915-1642244-1642291-204296-204322,,,,,,1611661323,1,Mamignan Touré,1642841,26,03:02,0,,0,,0,,0,,False,-15,,20.7,0.3513,167.0,LongMidRange,2,182.0,OffTimeout,CON,02:47,,6,207,False,shots,4Q/OT | margin -3..3 | 300..120,team
wnba,wnba_shot_pace,shot_pace,shots,get-shots,2025,Regular Season,team,"{'EntityType': 'Team', 'Season': '2025', 'SeasonType': 'Regular Season', 'TeamId': '1611661323', 'EntityId': '1611661323'}",shot_pace,1611661323,4Q/OT | margin -3..3 | 300..120,get-shots__shots__entity_type-Team__season-2025__season_type-Regular_Season__team_id-1611661323__entity_id-1611661323__9a6613a2,get-shots,https://api.pbpstats.com/get-shots/wnba?EntityType=Team&Season=2025&SeasonType=Regular+Season&TeamId=1611661323&EntityId=1611661323,200,257,,,,,,False,1611661329,224.0,86,2025-09-03,1022500264,1629497-1642290-1642800-1642809-1642841,False,CHI,1628915-1630446-1642244-1642291-204322,,0.0,Aaliyah Edwards,1642290.0,TeamBlocked,1611661323,1,Mamignan Touré,1642841,22,04:14,202250,Tina Charles,1627671,Rachel Banham,0,,0,,False,-11,10.0,26.4,0.2814,225.0,Arc3,3,254.0,OffAtRimMiss,CON,03:45,,-134,228,False,shots,4Q/OT | margin -3..3 | 300..120,team
wnba,wnba_shot_pace,shot_pace,shots,get-shots,2025,Regular Season,team,"{'EntityType': 'Team', 'Season': '2025', 'SeasonType': 'Regular Season', 'TeamId': '1611661323', 'EntityId': '1611661323'}",shot_pace,1611661323,4Q/OT | margin -3..3 | 300..120,get-shots__shots__entity_type-Team__season-2025__season_type-Regular_Season__team_id-1611661323__entity_id-1611661323__9a6613a2,get-shots,https://api.pbpstats.com/get-shots/wnba?EntityType=Team&Season=2025&SeasonType=Regular+Season&TeamId=1611661323&EntityId=1611661323,200,258,,,,Elizabeth Williams,204322.0,True,1611661329,224.0,82,2025-09-03,1022500264,1629497-1642290-1642800-1642809-1642841,False,CHI,1628915-1630446-1642244-1642291-204322,,,,,,1611661323,1,Aaliyah Edwards,1642290,22,04:14,202250,Tina Charles,1627671,Rachel Banham,0,,0,,False,-11,,1.6,0.666,235.0,AtRim,2,254.0,OffAtRimMiss,CON,03:55,,-1,16,False,shots,4Q/OT | margin -3..3 | 300..120,team
wnba,wnba_shot_pace,shot_pace,shots,get-shots,2025,Regular Season,team,"{'EntityType': 'Team', 'Season': '2025', 'SeasonType': 'Regular Season', 'TeamId': '1611661323', 'EntityId': '1611661323'}",shot_pace,1611661323,4Q/OT | margin -3..3 | 300..120,get-shots__shots__entity_type-Team__season-2025__season_type-Regular_Season__team_id-1611661323__entity_id-1611661323__9a6613a2,get-shots,https://api.pbpstats.com/get-shots/wnba?EntityType=Team&Season=2025&SeasonType=Regular+Season&TeamId=1611661323&EntityId=1611661323,200,259,,,,,,False,1611661329,279.0,68,2025-09-03,1022500264,1629497-1642290-1642809-1642841-202250,False,CHI,1627671-1628915-1630446-1642289-1642291,,,,,,1611661323,1,Saniya Rivers,1642809,20,04:56,0,,0,,0,,0,,False,-11,,18.0,0.3887,282.0,LongMidRange,2,296.0,OffDeadball,CON,04:42,,94,153,False,shots,4Q/OT | margin -3..3 | 300..120,team
wnba,wnba_shot_pace,shot_pace,shots,get-shots,2025,Regular Season,team,"{'EntityType': 'Team', 'Season': '2025', 'SeasonType': 'Regular Season', 'TeamId': '1611661323', 'EntityId': '1611661323'}",shot_pace,1611661323,4Q/OT | margin -3..3 | 300..120,get-shots__shots__entity_type-Team__season-2025__season_type-Regular_Season__team_id-1611661323__entity_id-1611661323__9a6613a2,get-shots,https://api.pbpstats.com/get-shots/wnba?EntityType=Team&Season=2025&SeasonType=Regular+Season&TeamId=1611661323&EntityId=1611661323,200,260,,,,,,False,1611661329,300.0,65,2025-09-03,1022500264,1629497-1642290-1642809-1642841-202250,False,CHI,1627671-1628915-1630446-1642289-1642291,,,,,,1611661323,1,Marina Mabrey,1629497,18,05:13,0,,0,,0,,0,,False,-11,,23.6,0.3869,304.0,Arc3,3,313.0,OffFTMake,CON,05:04,,138,191,False,shots,4Q/OT | margin -3..3 | 300..120,team
wnba,wnba_shot_pace,shot_pace,shots,get-shots,2025,Regular Season,team,"{'EntityType': 'Team', 'Season': '2025', 'SeasonType': 'Regular Season', 'TeamId': '1611661323', 'EntityId': '1611661323'}",shot_pace,1611661323,4Q/OT | margin -3..3 | 300..120,get-shots__shots__entity_type-Team__season-2025__season_type-Regular_Season__team_id-1611661323__entity_id-1611661323__9a6613a2,get-shots,https://api.pbpstats.com/get-shots/wnba?EntityType=Team&Season=2025&SeasonType=Regular+Season&TeamId=1611661323&EntityId=1611661323,200,261,Marina Mabrey,1629497.0,True,,,,1611661329,329.0,57,2025-09-03,1022500264,1628263-1629497-1642290-1642809-202250,True,CHI,1627671-1628915-1630446-1642289-1642291,,,,,,1611661323,1,Tina Charles,202250,16,05:46,0,,1630446,Michaela Onyenwere,0,,0,,False,-11,,1.3,0.6744,329.0,AtRim,2,346.0,OffShortMidRangeMake,CON,05:29,,2,13,False,shots,4Q/OT | margin -3..3 | 300..120,team
wnba,wnba_shot_pace,shot_pace,shots,get-shots,2025,Regular Season,team,"{'EntityType': 'Team', 'Season': '2025', 'SeasonType': 'Regular Season', 'TeamId': '1611661323', 'EntityId': '1611661323'}",shot_pace,1611661323,4Q/OT | margin -3..3 | 300..120,get-shots__shots__entity_type-Team__season-2025__season_type-Regular_Season__team_id-1611661323__entity_id-1611661323__9a6613a2,get-shots,https://api.pbpstats.com/get-shots/wnba?EntityType=Team&Season=2025&SeasonType=Regular+Season&TeamId=1611661323&EntityId=1611661323,200,262,Lindsay Allen,1628263.0,True,,,,1611661329,371.0,51,2025-09-03,1022500264,1628263-1629497-1642290-1642809-202250,True,CHI,1627671-1628915-1630446-1642289-1642291,,,,,,1611661323,1,Tina Charles,202250,14,06:35,0,,0,,0,,0,,False,-11,,3.4,0.4497,371.0,AtRim,2,395.0,OffFTMake,CON,06:11,,-1,34,False,shots,4Q/OT | margin -3..3 | 300..120,team
wnba,wnba_shot_pace,shot_pace,shots,get-shots,2025,Regular Season,team,"{'EntityType': 'Team', 'Season': '2025', 'SeasonType': 'Regular Season', 'TeamId': '1611661323', 'EntityId': '1611661323'}",shot_pace,1611661323,4Q/OT | margin -3..3 | 300..120,get-shots__shots__entity_type-Team__season-2025__season_type-Regular_Season__team_id-1611661323__entity_id-1611661323__9a6613a2,get-shots,https://api.pbpstats.com/get-shots/wnba?EntityType=Team&Season=2025&SeasonType=Regular+Season&TeamId=1611661323&EntityId=1611661323,200,263,Marina Mabrey,1629497.0,True,,,,1611661329,445.0,29,2025-09-03,1022500264,1628263-1629497-1642800-1642809-202250,True,CHI,1627671-1628878-1630446-1642289-1642291,,,,,,1611661323,1,Tina Charles,202250,8,07:47,0,,0,,0,,0,,False,-8,,17.2,0.3589,445.0,LongMidRange,2,467.0,OffFTMake,CON,07:25,,161,60,False,shots,4Q/OT | margin -3..3 | 300..120,team
wnba,wnba_shot_pace,shot_pace,shots,get-shots,2025,Regular Season,team,"{'EntityType': 'Team', 'Season': '2025', 'SeasonType': 'Regular Season', 'TeamId': '1611661323', 'EntityId': '1611661323'}",shot_pace,1611661323,4Q/OT | margin -3..3 | 300..120,get-shots__shots__entity_type-Team__season-2025__season_type-Regular_Season__team_id-1611661323__entity_id-1611661323__9a6613a2,get-shots,https://api.pbpstats.com/get-shots/wnba?EntityType=Team&Season=2025&SeasonType=Regular+Season&TeamId=1611661323&EntityId=1611661323,200,264,,,,,,False,1611661329,523.0,15,2025-09-03,1022500264,1628263-1629497-1642303-1642800-202250,False,CHI,1627671-1628878-1630446-1642289-1642291,Aneesah Morrow,1642800.0,Tina Charles,202250.0,AtRim,1611661323,1,Aneesah Morrow,1642800,4,08:59,0,,1642289,Kamilla Cardoso,0,,0,,True,-4,0.0,0.6,0.6392,523.0,AtRim,2,539.0,OffAtRimMake,CON,08:43,,0,-6,False,shots,4Q/OT | margin -3..3 | 300..120,team
wnba,wnba_shot_pace,shot_pace,shots,get-shots,2025,Regular Season,team,"{'EntityType': 'Team', 'Season': '2025', 'SeasonType': 'Regular Season', 'TeamId': '1611661323', 'EntityId': '1611661323'}",shot_pace,1611661323,4Q/OT | margin -3..3 | 300..120,get-shots__shots__entity_type-Team__season-2025__season_type-Regular_Season__team_id-1611661323__entity_id-1611661323__9a6613a2,get-shots,https://api.pbpstats.com/get-shots/wnba?EntityType=Team&Season=2025&SeasonType=Regular+Season&TeamId=1611661323&EntityId=1611661323,200,265,,,,,,False,1611661329,523.0,13,2025-09-03,1022500264,1628263-1629497-1642303-1642800-202250,False,CHI,1627671-1628878-1630446-1642289-1642291,,,,,,1611661323,1,Tina Charles,202250,4,08:59,0,,1642289,Kamilla Cardoso,0,,0,,False,-4,,1.8,0.647,525.0,AtRim,2,539.0,OffAtRimMake,CON,08:45,,-13,13,False,shots,4Q/OT | margin -3..3 | 300..120,team
wnba,wnba_shot_pace,shot_pace,shots,get-shots,2025,Regular Season,team,"{'EntityType': 'Team', 'Season': '2025', 'SeasonType': 'Regular Season', 'TeamId': '1611661323', 'EntityId': '1611661323'}",shot_pace,1611661323,4Q/OT | margin -3..3 | 300..120,get-shots__shots__entity_type-Team__season-2025__season_type-Regular_Season__team_id-1611661323__entity_id-1611661323__9a6613a2,get-shots,https://api.pbpstats.com/get-shots/wnba?EntityType=Team&Season=2025&SeasonType=Regular+Season&TeamId=1611661323&EntityId=1611661323,200,266,,,,,,False,1611661329,554.0,9,2025-09-03,1022500264,1628263-1629497-1642303-1642800-202250,False,CHI,1627671-1628878-1630446-1642289-1642291,,,,,,1611661323,1,Tina Charles,202250,2,09:41,0,,1642289,Kamilla Cardoso,0,,0,,False,-2,,11.9,0.3505,556.0,ShortMidRange,2,581.0,OffAtRimMake,CON,09:16,,111,43,False,shots,4Q/OT | margin -3..3 | 300..120,team
wnba,wnba_shot_pace,shot_pace,shots,get-shots,2025,Regular Season,team,"{'EntityType': 'Team', 'Season': '2025', 'SeasonType': 'Regular Season', 'TeamId': '1611661323', 'EntityId': '1611661323'}",shot_pace,1611661323,4Q/OT | margin -3..3 | 300..120,get-shots__shots__entity_type-Team__season-2025__season_type-Regular_Season__team_id-1611661323__entity_id-1611661323__9a6613a2,get-shots,https://api.pbpstats.com/get-shots/wnba?EntityType=Team&Season=2025&SeasonType=Regular+Season&TeamId=1611661323&EntityId=1611661323,200,267,Marina Mabrey,1629497.0,True,,,,1611661330,45.0,533,2025-09-01,1022500258,1629497-1642290-1642303-1642800-1642809,True,ATL,1628269-1628278-1631009-1631021-1642804,,,,,,1611661323,4,Aaliyah Edwards,1642290,33,00:57,0,,0,,0,,0,,False,-19,,3.2,0.5454,45.0,AtRim,2,57.0,OffFTMake,CON,00:45,,6,31,False,shots,4Q/OT | margin -3..3 | 300..120,team
wnba,wnba_shot_pace,shot_pace,shots,get-shots,2025,Regular Season,team,"{'EntityType': 'Team', 'Season': '2025', 'SeasonType': 'Regular Season', 'TeamId': '1611661323', 'EntityId': '1611661323'}",shot_pace,1611661323,4Q/OT | margin -3..3 | 300..120,get-shots__shots__entity_type-Team__season-2025__season_type-Regular_Season__team_id-1611661323__entity_id-1611661323__9a6613a2,get-shots,https://api.pbpstats.com/get-shots/wnba?EntityType=Team&Season=2025&SeasonType=Regular+Season&TeamId=1611661323&EntityId=1611661323,200,268,,,,,,False,1611661330,166.0,501,2025-09-01,1022500258,1628263-1642290-1642303-1642809-202250,False,ATL,1628277-1628280-1628886-1631009-1631044,,,,,,1611661323,4,Tina Charles,202250,25,03:08,0,,1631009,Rhyne Howard,0,,0,,False,-9,,13.7,0.329,167.0,ShortMidRange,2,188.0,OffArc3Make,CON,02:47,,-118,70,False,shots,4Q/OT | margin -3..3 | 300..120,team
wnba,wnba_shot_pace,shot_pace,shots,get-shots,2025,Regular Season,team,"{'EntityType': 'Team', 'Season': '2025', 'SeasonType': 'Regular Season', 'TeamId': '1611661323', 'EntityId': '1611661323'}",shot_pace,1611661323,4Q/OT | margin -3..3 | 300..120,get-shots__shots__entity_type-Team__season-2025__season_type-Regular_Season__team_id-1611661323__entity_id-1611661323__9a6613a2,get-shots,https://api.pbpstats.com/get-shots/wnba?EntityType=Team&Season=2025&SeasonType=Regular+Season&TeamId=1611661323&EntityId=1611661323,200,269,,,,Jordin Canada,1628886.0,True,1611661330,249.0,491,2025-09-01,1022500258,1628263-1642290-1642303-1642809-202250,False,ATL,1628277-1628280-1628886-1631009-1631044,,0.0,Saniya Rivers,1642809.0,Team,1611661323,4,Leïla Lacan,1642303,21,04:43,0,,1631044,Naz Hillmon,0,,0,,False,-4,4.0,4.7,0.2882,249.0,ShortMidRange,2,283.0,OffAtRimMake,CON,04:09,,26,39,False,shots,4Q/OT | margin -3..3 | 300..120,team
wnba,wnba_shot_pace,shot_pace,shots,get-shots,2025,Regular Season,team,"{'EntityType': 'Team', 'Season': '2025', 'SeasonType': 'Regular Season', 'TeamId': '1611661323', 'EntityId': '1611661323'}",shot_pace,1611661323,4Q/OT | margin -3..3 | 300..120,get-shots__shots__entity_type-Team__season-2025__season_type-Regular_Season__team_id-1611661323__entity_id-1611661323__9a6613a2,get-shots,https://api.pbpstats.com/get-shots/wnba?EntityType=Team&Season=2025&SeasonType=Regular+Season&TeamId=1611661323&EntityId=1611661323,200,270,,,,,,False,1611661330,249.0,487,2025-09-01,1022500258,1628263-1642290-1642303-1642809-202250,False,ATL,1628277-1628280-1628886-1631009-1631044,,0.0,Leïla Lacan,1642303.0,Team,1611661323,4,Saniya Rivers,1642809,21,04:43,0,,1631044,Naz Hillmon,0,,0,,False,-4,15.0,4.5,0.2403,253.0,ShortMidRange,2,283.0,OffAtRimMake,CON,04:13,,-12,43,False,shots,4Q/OT | margin -3..3 | 300..120,team
wnba,wnba_shot_pace,shot_pace,shots,get-shots,2025,Regular Season,team,"{'EntityType': 'Team', 'Season': '2025', 'SeasonType': 'Regular Season', 'TeamId': '1611661323', 'EntityId': '1611661323'}",shot_pace,1611661323,4Q/OT | margin -3..3 | 300..120,get-shots__shots__entity_type-Team__season-2025__season_type-Regular_Season__team_id-1611661323__entity_id-1611661323__9a6613a2,get-shots,https://api.pbpstats.com/get-shots/wnba?EntityType=Team&Season=2025&SeasonType=Regular+Season&TeamId=1611661323&EntityId=1611661323,200,271,,,,,,False,1611661330,249.0,483,2025-09-01,1022500258,1628263-1642290-1642303-1642809-202250,False,ATL,1628277-1628280-1628886-1631009-1631044,,,,,,1611661323,4,Leïla Lacan,1642303,21,04:43,0,,1631044,Naz Hillmon,0,,0,,False,-4,,0.4,0.7427,269.0,AtRim,2,283.0,OffAtRimMake,CON,04:29,,4,2,False,shots,4Q/OT | margin -3..3 | 300..120,team
wnba,wnba_shot_pace,shot_pace,shots,get-shots,2025,Regular Season,team,"{'EntityType': 'Team', 'Season': '2025', 'SeasonType': 'Regular Season', 'TeamId': '1611661323', 'EntityId': '1611661323'}",shot_pace,1611661323,4Q/OT | margin -3..3 | 300..120,get-shots__shots__entity_type-Team__season-2025__season_type-Regular_Season__team_id-1611661323__entity_id-1611661323__9a6613a2,get-shots,https://api.pbpstats.com/get-shots/wnba?EntityType=Team&Season=2025&SeasonType=Regular+Season&TeamId=1611661323&EntityId=1611661323,200,272,,,,,,False,1611661330,323.0,472,2025-09-01,1022500258,1628263-1642290-1642303-1642809-202250,False,ATL,1628277-1628280-1631009-1631044-1642804,,,,,,1611661323,4,Tina Charles,202250,17,05:36,1642290,Aaliyah Edwards,1628280,Brionna Jones,0,,0,,False,-4,,11.5,0.4001,325.0,ShortMidRange,2,336.0,OffShortMidRangeMiss,CON,05:25,,60,98,False,shots,4Q/OT | margin -3..3 | 300..120,team
wnba,wnba_shot_pace,shot_pace,shots,get-shots,2025,Regular Season,team,"{'EntityType': 'Team', 'Season': '2025', 'SeasonType': 'Regular Season', 'TeamId': '1611661323', 'EntityId': '1611661323'}",shot_pace,1611661323,4Q/OT | margin -3..3 | 300..120,get-shots__shots__entity_type-Team__season-2025__season_type-Regular_Season__team_id-1611661323__entity_id-1611661323__9a6613a2,get-shots,https://api.pbpstats.com/get-shots/wnba?EntityType=Team&Season=2025&SeasonType=Regular+Season&TeamId=1611661323&EntityId=1611661323,200,273,,,,,,False,1611661330,349.0,468,2025-09-01,1022500258,1628263-1642290-1642303-1642809-202250,False,ATL,1628277-1628280-1631009-1631044-1642804,,,,,,1611661323,4,Saniya Rivers,1642809,15,06:01,202250,Tina Charles,1628277,Allisha Gray,0,,0,,False,-4,,22.9,0.4303,351.0,Corner3,3,361.0,OffShortMidRangeMiss,CON,05:51,,-229,-14,False,shots,4Q/OT | margin -3..3 | 300..120,team
wnba,wnba_shot_pace,shot_pace,shots,get-shots,2025,Regular Season,team,"{'EntityType': 'Team', 'Season': '2025', 'SeasonType': 'Regular Season', 'TeamId': '1611661323', 'EntityId': '1611661323'}",shot_pace,1611661323,4Q/OT | margin -3..3 | 300..120,get-shots__shots__entity_type-Team__season-2025__season_type-Regular_Season__team_id-1611661323__entity_id-1611661323__9a6613a2,get-shots,https://api.pbpstats.com/get-shots/wnba?EntityType=Team&Season=2025&SeasonType=Regular+Season&TeamId=1611661323&EntityId=1611661323,200,274,Aaliyah Edwards,1642290.0,True,,,,1611661330,382.0,458,2025-09-01,1022500258,1629497-1642290-1642303-1642809-202250,True,ATL,1628277-1628280-1628886-1631009-1631044,,,,,,1611661323,4,Tina Charles,202250,13,06:46,0,,1631009,Rhyne Howard,0,,0,,False,-6,,5.7,0.3322,382.0,ShortMidRange,2,406.0,OffArc3Make,CON,06:22,,41,40,False,shots,4Q/OT | margin -3..3 | 300..120,team
wnba,wnba_shot_pace,shot_pace,shots,get-shots,2025,Regular Season,team,"{'EntityType': 'Team', 'Season': '2025', 'SeasonType': 'Regular Season', 'TeamId': '1611661323', 'EntityId': '1611661323'}",shot_pace,1611661323,4Q/OT | margin -3..3 | 300..120,get-shots__shots__entity_type-Team__season-2025__season_type-Regular_Season__team_id-1611661323__entity_id-1611661323__9a6613a2,get-shots,https://api.pbpstats.com/get-shots/wnba?EntityType=Team&Season=2025&SeasonType=Regular+Season&TeamId=1611661323&EntityId=1611661323,200,275,,,,,,False,1611661330,415.0,455,2025-09-01,1022500258,1629497-1642290-1642303-1642809-202250,False,ATL,1628277-1628280-1628886-1631009-1631044,,,,,,1611661323,4,Marina Mabrey,1629497,11,07:15,1642290,Aaliyah Edwards,1628886,Jordin Canada,0,,0,,False,-3,,5.0,0.4793,417.0,ShortMidRange,2,435.0,OffShortMidRangeMiss,CON,06:57,,11,49,False,shots,4Q/OT | margin -3..3 | 300..120,team
wnba,wnba_shot_pace,shot_pace,shots,get-shots,2025,Regular Season,team,"{'EntityType': 'Team', 'Season': '2025', 'SeasonType': 'Regular Season', 'TeamId': '1611661323', 'EntityId': '1611661323'}",shot_pace,1611661323,4Q/OT | margin -3..3 | 300..120,get-shots__shots__entity_type-Team__season-2025__season_type-Regular_Season__team_id-1611661323__entity_id-1611661323__9a6613a2,get-shots,https://api.pbpstats.com/get-shots/wnba?EntityType=Team&Season=2025&SeasonType=Regular+Season&TeamId=1611661323&EntityId=1611661323,200,276,Marina Mabrey,1629497.0,True,,,,1611661330,476.0,448,2025-09-01,1022500258,1629497-1642290-1642303-1642809-202250,True,ATL,1628277-1628280-1628886-1631009-1631044,,,,,,1611661323,4,Tina Charles,202250,7,08:10,0,,0,,0,,0,,False,-5,,3.5,0.4644,476.0,AtRim,2,490.0,OffTimeout,CON,07:56,,6,34,False,shots,4Q/OT | margin -3..3 | 300..120,team
wnba,wnba_shot_pace,shot_pace,shots,get-shots,2025,Regular Season,team,"{'EntityType': 'Team', 'Season': '2025', 'SeasonType': 'Regular Season', 'TeamId': '1611661323', 'EntityId': '1611661323'}",shot_pace,1611661323,4Q/OT | margin -3..3 | 300..120,get-shots__shots__entity_type-Team__season-2025__season_type-Regular_Season__team_id-1611661323__entity_id-1611661323__9a6613a2,get-shots,https://api.pbpstats.com/get-shots/wnba?EntityType=Team&Season=2025&SeasonType=Regular+Season&TeamId=1611661323&EntityId=1611661323,200,277,,,,Naz Hillmon,1631044.0,True,1611661330,533.0,433,2025-09-01,1022500258,1629497-1642290-1642809-1642841-202250,False,ATL,1628277-1628280-1628886-1631009-1631044,,,,,,1611661323,4,Marina Mabrey,1629497,3,09:22,0,,1628280,Brionna Jones,0,,0,,False,-1,,25.8,0.28,536.0,Arc3,3,562.0,OffShortMidRangeMake,CON,08:56,,-62,250,False,shots,4Q/OT | margin -3..3 | 300..120,team
wnba,wnba_shot_pace,shot_pace,shots,get-shots,2025,Regular Season,team,"{'EntityType': 'Team', 'Season': '2025', 'SeasonType': 'Regular Season', 'TeamId': '1611661323', 'EntityId': '1611661323'}",shot_pace,1611661323,4Q/OT | margin -3..3 | 300..120,get-shots__shots__entity_type-Team__season-2025__season_type-Regular_Season__team_id-1611661323__entity_id-1611661323__9a6613a2,get-shots,https://api.pbpstats.com/get-shots/wnba?EntityType=Team&Season=2025&SeasonType=Regular+Season&TeamId=1611661323&EntityId=1611661323,200,278,,,False,,,,1611661330,581.0,430,2025-09-01,1022500258,1629497-1642290-1642809-1642841-202250,True,ATL,1628277-1628280-1628886-1631009-1631044,,,,,,1611661323,4,Saniya Rivers,1642809,1,10:00,0,,0,,0,,0,,False,-1,,1.7,0.699,581.0,AtRim,2,600.0,OffDeadball,CON,09:41,,-7,15,False,shots,4Q/OT | margin -3..3 | 300..120,team
wnba,wnba_shot_pace,shot_pace,shots,get-shots,2025,Regular Season,team,"{'EntityType': 'Team', 'Season': '2025', 'SeasonType': 'Regular Season', 'TeamId': '1611661323', 'EntityId': '1611661323'}",shot_pace,1611661323,4Q/OT | margin -3..3 | 300..120,get-shots__shots__entity_type-Team__season-2025__season_type-Regular_Season__team_id-1611661323__entity_id-1611661323__9a6613a2,get-shots,https://api.pbpstats.com/get-shots/wnba?EntityType=Team&Season=2025&SeasonType=Regular+Season&TeamId=1611661323&EntityId=1611661323,200,279,,,False,,,,1611661330,0.0,424,2025-09-01,1022500258,1629497-1642290-1642796-1642809-1642841,True,ATL,1628277-1628280-1628886-1631009-1631044,,,,,,1611661323,3,Saniya Rivers,1642809,38,00:04,0,,0,,0,,0,,False,-3,,2.1,0.5209,0.0,AtRim,2,4.0,OffFTMake,CON,00:00,,18,11,False,shots,4Q/OT | margin -3..3 | 300..120,team
wnba,wnba_shot_pace,shot_pace,shots,get-shots,2025,Regular Season,team,"{'EntityType': 'Team', 'Season': '2025', 'SeasonType': 'Regular Season', 'TeamId': '1611661323', 'EntityId': '1611661323'}",shot_pace,1611661323,4Q/OT | margin -3..3 | 300..120,get-shots__shots__entity_type-Team__season-2025__season_type-Regular_Season__team_id-1611661323__entity_id-1611661323__9a6613a2,get-shots,https://api.pbpstats.com/get-shots/wnba?EntityType=Team&Season=2025&SeasonType=Regular+Season&TeamId=1611661323&EntityId=1611661323,200,280,,,,Brionna Jones,1628280.0,True,1611661330,52.0,408,2025-09-01,1022500258,1629497-1642290-1642796-1642809-1642841,False,ATL,1628277-1628280-1628886-1631009-1631044,,,,,,1611661323,3,Marina Mabrey,1629497,34,01:20,0,,0,,0,,0,,False,0,,25.1,0.289,52.0,Arc3,3,80.0,OffFTMake,CON,00:52,,66,242,False,shots,4Q/OT | margin -3..3 | 300..120,team
wnba,wnba_shot_pace,shot_pace,shots,get-shots,2025,Regular Season,team,"{'EntityType': 'Team', 'Season': '2025', 'SeasonType': 'Regular Season', 'TeamId': '1611661323', 'EntityId': '1611661323'}",shot_pace,1611661323,4Q/OT | margin -3..3 | 300..120,get-shots__shots__entity_type-Team__season-2025__season_type-Regular_Season__team_id-1611661323__entity_id-1611661323__9a6613a2,get-shots,https://api.pbpstats.com/get-shots/wnba?EntityType=Team&Season=2025&SeasonType=Regular+Season&TeamId=1611661323&EntityId=1611661323,200,281,,,,,,False,1611661330,91.0,396,2025-09-01,1022500258,1629497-1642290-1642303-1642809-202250,False,ATL,1628277-1628280-1628886-1631009-1631044,,,,,,1611661323,3,Tina Charles,202250,32,01:51,0,,0,,0,,0,,False,2,,25.9,0.3433,92.0,Arc3,3,111.0,OffFTMake,CON,01:32,,115,232,False,shots,4Q/OT | margin -3..3 | 300..120,team
wnba,wnba_shot_pace,shot_pace,shots,get-shots,2025,Regular Season,team,"{'EntityType': 'Team', 'Season': '2025', 'SeasonType': 'Regular Season', 'TeamId': '1611661323', 'EntityId': '1611661323'}",shot_pace,1611661323,4Q/OT | margin -3..3 | 300..120,get-shots__shots__entity_type-Team__season-2025__season_type-Regular_Season__team_id-1611661323__entity_id-1611661323__9a6613a2,get-shots,https://api.pbpstats.com/get-shots/wnba?EntityType=Team&Season=2025&SeasonType=Regular+Season&TeamId=1611661323&EntityId=1611661323,200,282,Saniya Rivers,1642809.0,True,,,,1611661330,125.0,387,2025-09-01,1022500258,1629497-1642290-1642303-1642809-202250,True,ATL,1628277-1628280-1628886-1631009-1631044,,,,,,1611661323,3,Aaliyah Edwards,1642290,30,02:17,0,,0,,1629497,Marina Mabrey,1628277,Allisha Gray,False,2,,3.3,0.5456,125.0,AtRim,2,137.0,OffLiveBallTurnover,CON,02:05,,-23,23,False,shots,4Q/OT | margin -3..3 | 300..120,team
wnba,wnba_shot_pace,shot_pace,shots,get-shots,2025,Regular Season,team,"{'EntityType': 'Team', 'Season': '2025', 'SeasonType': 'Regular Season', 'TeamId': '1611661323', 'EntityId': '1611661323'}",shot_pace,1611661323,4Q/OT | margin -3..3 | 300..120,get-shots__shots__entity_type-Team__season-2025__season_type-Regular_Season__team_id-1611661323__entity_id-1611661323__9a6613a2,get-shots,https://api.pbpstats.com/get-shots/wnba?EntityType=Team&Season=2025&SeasonType=Regular+Season&TeamId=1611661323&EntityId=1611661323,200,283,Saniya Rivers,1642809.0,True,,,,1611661330,154.0,378,2025-09-01,1022500258,1629497-1642290-1642303-1642809-202250,True,ATL,1628277-1628886-1630471-1631044-203398,,,,,,1611661323,3,Leïla Lacan,1642303,28,02:44,1642303,Leïla Lacan,1628277,Allisha Gray,0,,0,,False,0,,1.8,0.6349,154.0,AtRim,2,164.0,OffArc3Miss,CON,02:34,,13,12,False,shots,4Q/OT | margin -3..3 | 300..120,team
wnba,wnba_shot_pace,shot_pace,shots,get-shots,2025,Regular Season,team,"{'EntityType': 'Team', 'Season': '2025', 'SeasonType': 'Regular Season', 'TeamId': '1611661323', 'EntityId': '1611661323'}",shot_pace,1611661323,4Q/OT | margin -3..3 | 300..120,get-shots__shots__entity_type-Team__season-2025__season_type-Regular_Season__team_id-1611661323__entity_id-1611661323__9a6613a2,get-shots,https://api.pbpstats.com/get-shots/wnba?EntityType=Team&Season=2025&SeasonType=Regular+Season&TeamId=1611661323&EntityId=1611661323,200,284,,,False,,,,1611661330,176.0,375,2025-09-01,1022500258,1629497-1642290-1642303-1642809-202250,True,ATL,1628277-1628886-1630471-1631044-203398,,,,,,1611661323,3,Leïla Lacan,1642303,26,03:07,0,,0,,0,,0,,False,-2,,1.5,0.6725,176.0,AtRim,2,187.0,OffDeadball,CON,02:56,,-6,14,False,shots,4Q/OT | margin -3..3 | 300..120,team
wnba,wnba_shot_pace,shot_pace,shots,get-shots,2025,Regular Season,team,"{'EntityType': 'Team', 'Season': '2025', 'SeasonType': 'Regular Season', 'TeamId': '1611661323', 'EntityId': '1611661323'}",shot_pace,1611661323,4Q/OT | margin -3..3 | 300..120,get-shots__shots__entity_type-Team__season-2025__season_type-Regular_Season__team_id-1611661323__entity_id-1611661323__9a6613a2,get-shots,https://api.pbpstats.com/get-shots/wnba?EntityType=Team&Season=2025&SeasonType=Regular+Season&TeamId=1611661323&EntityId=1611661323,200,285,,,,,,False,1611661330,195.0,372,2025-09-01,1022500258,1629497-1642290-1642303-1642809-202250,False,ATL,1628277-1628886-1630471-1631044-203398,,,,,,1611661323,3,Tina Charles,202250,24,03:30,0,,0,,0,,0,,False,-2,,13.0,0.4223,196.0,ShortMidRange,2,210.0,OffFTMake,CON,03:16,,8,130,False,shots,4Q/OT | margin -3..3 | 300..120,team
wnba,wnba_shot_pace,shot_pace,shots,get-shots,2025,Regular Season,team,"{'EntityType': 'Team', 'Season': '2025', 'SeasonType': 'Regular Season', 'TeamId': '1611661323', 'EntityId': '1611661323'}",shot_pace,1611661323,4Q/OT | margin -3..3 | 300..120,get-shots__shots__entity_type-Team__season-2025__season_type-Regular_Season__team_id-1611661323__entity_id-1611661323__9a6613a2,get-shots,https://api.pbpstats.com/get-shots/wnba?EntityType=Team&Season=2025&SeasonType=Regular+Season&TeamId=1611661323&EntityId=1611661323,200,286,,,,,,False,1611661330,214.0,362,2025-09-01,1022500258,1629497-1642303-1642800-1642809-202250,False,ATL,1628277-1628886-1631009-1631044-203398,,,,,,1611661323,3,Marina Mabrey,1629497,22,03:53,1642809,Saniya Rivers,1631009,Rhyne Howard,0,,0,,False,1,,24.1,0.3718,216.0,Arc3,3,233.0,OffCorner3Miss,CON,03:36,,-161,180,False,shots,4Q/OT | margin -3..3 | 300..120,team
wnba,wnba_shot_pace,shot_pace,shots,get-shots,2025,Regular Season,team,"{'EntityType': 'Team', 'Season': '2025', 'SeasonType': 'Regular Season', 'TeamId': '1611661323', 'EntityId': '1611661323'}",shot_pace,1611661323,4Q/OT | margin -3..3 | 300..120,get-shots__shots__entity_type-Team__season-2025__season_type-Regular_Season__team_id-1611661323__entity_id-1611661323__9a6613a2,get-shots,https://api.pbpstats.com/get-shots/wnba?EntityType=Team&Season=2025&SeasonType=Regular+Season&TeamId=1611661323&EntityId=1611661323,200,287,,,False,,,,1611661330,251.0,358,2025-09-01,1022500258,1629497-1642303-1642800-1642809-202250,True,ATL,1628277-1628886-1631009-1631044-203398,,,,,,1611661323,3,Tina Charles,202250,20,04:31,0,,0,,0,,0,,False,-1,,1.4,0.6527,251.0,AtRim,2,271.0,OffFTMake,CON,04:11,,7,12,False,shots,4Q/OT | margin -3..3 | 300..120,team
wnba,wnba_shot_pace,shot_pace,shots,get-shots,2025,Regular Season,team,"{'EntityType': 'Team', 'Season': '2025', 'SeasonType': 'Regular Season', 'TeamId': '1611661323', 'EntityId': '1611661323'}",shot_pace,1611661323,4Q/OT | margin -3..3 | 300..120,get-shots__shots__entity_type-Team__season-2025__season_type-Regular_Season__team_id-1611661323__entity_id-1611661323__9a6613a2,get-shots,https://api.pbpstats.com/get-shots/wnba?EntityType=Team&Season=2025&SeasonType=Regular+Season&TeamId=1611661323&EntityId=1611661323,200,288,,,,,,False,1611661330,272.0,348,2025-09-01,1022500258,1628263-1629497-1642303-1642800-202250,False,ATL,1628277-1628280-1628886-1631009-1631044,,,,,,1611661323,3,Lindsay Allen,1628263,18,04:46,202250,Tina Charles,1628280,Brionna Jones,0,,0,,False,2,,4.0,0.4464,275.0,ShortMidRange,2,286.0,OffShortMidRangeMiss,CON,04:35,,9,39,False,shots,4Q/OT | margin -3..3 | 300..120,team
wnba,wnba_shot_pace,shot_pace,shots,get-shots,2025,Regular Season,team,"{'EntityType': 'Team', 'Season': '2025', 'SeasonType': 'Regular Season', 'TeamId': '1611661323', 'EntityId': '1611661323'}",shot_pace,1611661323,4Q/OT | margin -3..3 | 300..120,get-shots__shots__entity_type-Team__season-2025__season_type-Regular_Season__team_id-1611661323__entity_id-1611661323__9a6613a2,get-shots,https://api.pbpstats.com/get-shots/wnba?EntityType=Team&Season=2025&SeasonType=Regular+Season&TeamId=1611661323&EntityId=1611661323,200,289,Lindsay Allen,1628263.0,True,,,,1611661330,305.0,345,2025-09-01,1022500258,1628263-1629497-1642303-1642800-202250,True,ATL,1628277-1628280-1628886-1631009-1631044,,,,,,1611661323,3,Marina Mabrey,1629497,16,05:27,0,,1628886,Jordin Canada,0,,0,,False,0,,17.9,0.3691,305.0,LongMidRange,2,327.0,OffShortMidRangeMake,CON,05:05,,-60,169,False,shots,4Q/OT | margin -3..3 | 300..120,team
wnba,wnba_shot_pace,shot_pace,shots,get-shots,2025,Regular Season,team,"{'EntityType': 'Team', 'Season': '2025', 'SeasonType': 'Regular Season', 'TeamId': '1611661323', 'EntityId': '1611661323'}",shot_pace,1611661323,4Q/OT | margin -3..3 | 300..120,get-shots__shots__entity_type-Team__season-2025__season_type-Regular_Season__team_id-1611661323__entity_id-1611661323__9a6613a2,get-shots,https://api.pbpstats.com/get-shots/wnba?EntityType=Team&Season=2025&SeasonType=Regular+Season&TeamId=1611661323&EntityId=1611661323,200,290,,,,,,False,1611661330,332.0,342,2025-09-01,1022500258,1628263-1629497-1642303-1642800-202250,False,ATL,1628277-1628280-1628886-1631009-1631044,Aneesah Morrow,1642800.0,Tina Charles,202250.0,AtRim,1611661323,3,Aneesah Morrow,1642800,14,05:53,1629497,Marina Mabrey,1631009,Rhyne Howard,0,,0,,True,2,2.0,0.6,0.7136,333.0,AtRim,2,353.0,OffArc3Miss,CON,05:33,,0,-6,False,shots,4Q/OT | margin -3..3 | 300..120,team
wnba,wnba_shot_pace,shot_pace,shots,get-shots,2025,Regular Season,team,"{'EntityType': 'Team', 'Season': '2025', 'SeasonType': 'Regular Season', 'TeamId': '1611661323', 'EntityId': '1611661323'}",shot_pace,1611661323,4Q/OT | margin -3..3 | 300..120,get-shots__shots__entity_type-Team__season-2025__season_type-Regular_Season__team_id-1611661323__entity_id-1611661323__9a6613a2,get-shots,https://api.pbpstats.com/get-shots/wnba?EntityType=Team&Season=2025&SeasonType=Regular+Season&TeamId=1611661323&EntityId=1611661323,200,291,,,,,,False,1611661330,332.0,340,2025-09-01,1022500258,1628263-1629497-1642303-1642800-202250,False,ATL,1628277-1628280-1628886-1631009-1631044,Tina Charles,202250.0,Tina Charles,202250.0,ShortMidRange,1611661323,3,Tina Charles,202250,14,05:53,1629497,Marina Mabrey,1631009,Rhyne Howard,0,,0,,True,2,2.0,2.3,0.6046,335.0,AtRim,2,353.0,OffArc3Miss,CON,05:35,,21,9,False,shots,4Q/OT | margin -3..3 | 300..120,team
wnba,wnba_shot_pace,shot_pace,shots,get-shots,2025,Regular Season,team,"{'EntityType': 'Team', 'Season': '2025', 'SeasonType': 'Regular Season', 'TeamId': '1611661323', 'EntityId': '1611661323'}",shot_pace,1611661323,4Q/OT | margin -3..3 | 300..120,get-shots__shots__entity_type-Team__season-2025__season_type-Regular_Season__team_id-1611661323__entity_id-1611661323__9a6613a2,get-shots,https://api.pbpstats.com/get-shots/wnba?EntityType=Team&Season=2025&SeasonType=Regular+Season&TeamId=1611661323&EntityId=1611661323,200,292,,,,,,False,1611661330,332.0,338,2025-09-01,1022500258,1628263-1629497-1642303-1642800-202250,False,ATL,1628277-1628280-1628886-1631009-1631044,,,,,,1611661323,3,Tina Charles,202250,14,05:53,1629497,Marina Mabrey,1631009,Rhyne Howard,0,,0,,False,2,,5.5,0.4078,339.0,ShortMidRange,2,353.0,OffArc3Miss,CON,05:39,,19,52,False,shots,4Q/OT | margin -3..3 | 300..120,team
wnba,wnba_shot_pace,shot_pace,shots,get-shots,2025,Regular Season,team,"{'EntityType': 'Team', 'Season': '2025', 'SeasonType': 'Regular Season', 'TeamId': '1611661323', 'EntityId': '1611661323'}",shot_pace,1611661323,4Q/OT | margin -3..3 | 300..120,get-shots__shots__entity_type-Team__season-2025__season_type-Regular_Season__team_id-1611661323__entity_id-1611661323__9a6613a2,get-shots,https://api.pbpstats.com/get-shots/wnba?EntityType=Team&Season=2025&SeasonType=Regular+Season&TeamId=1611661323&EntityId=1611661323,200,293,,,,,,False,1611661330,386.0,329,2025-09-01,1022500258,1628263-1629497-1642303-1642800-202250,False,ATL,1628277-1628280-1628886-1631009-1631044,,0.0,Tina Charles,202250.0,Team,1611661323,3,Marina Mabrey,1629497,12,07:00,0,,0,,0,,0,,False,2,15.0,25.5,0.3112,386.0,Arc3,3,420.0,OffTimeout,CON,06:26,,-143,211,False,shots,4Q/OT | margin -3..3 | 300..120,team
wnba,wnba_shot_pace,shot_pace,shots,get-shots,2025,Regular Season,team,"{'EntityType': 'Team', 'Season': '2025', 'SeasonType': 'Regular Season', 'TeamId': '1611661323', 'EntityId': '1611661323'}",shot_pace,1611661323,4Q/OT | margin -3..3 | 300..120,get-shots__shots__entity_type-Team__season-2025__season_type-Regular_Season__team_id-1611661323__entity_id-1611661323__9a6613a2,get-shots,https://api.pbpstats.com/get-shots/wnba?EntityType=Team&Season=2025&SeasonType=Regular+Season&TeamId=1611661323&EntityId=1611661323,200,294,,,,,,False,1611661330,386.0,322,2025-09-01,1022500258,1628263-1629497-1642303-1642800-202250,False,ATL,1628277-1628280-1628886-1631009-1631044,,,,,,1611661323,3,Tina Charles,202250,12,07:00,0,,0,,0,,0,,False,2,,11.0,0.3525,401.0,ShortMidRange,2,420.0,OffTimeout,CON,06:41,,-65,89,False,shots,4Q/OT | margin -3..3 | 300..120,team
wnba,wnba_shot_pace,shot_pace,shots,get-shots,2025,Regular Season,team,"{'EntityType': 'Team', 'Season': '2025', 'SeasonType': 'Regular Season', 'TeamId': '1611661323', 'EntityId': '1611661323'}",shot_pace,1611661323,4Q/OT | margin -3..3 | 300..120,get-shots__shots__entity_type-Team__season-2025__season_type-Regular_Season__team_id-1611661323__entity_id-1611661323__9a6613a2,get-shots,https://api.pbpstats.com/get-shots/wnba?EntityType=Team&Season=2025&SeasonType=Regular+Season&TeamId=1611661323&EntityId=1611661323,200,295,Lindsay Allen,1628263.0,True,,,,1611661330,474.0,308,2025-09-01,1022500258,1628263-1629497-1642303-1642800-202250,True,ATL,1628277-1628280-1628886-1631009-1631044,,,,,,1611661323,3,Tina Charles,202250,6,08:23,0,,1631009,Rhyne Howard,0,,0,,False,4,,19.7,0.3148,474.0,LongMidRange,2,503.0,OffArc3Make,CON,07:54,,-65,186,False,shots,4Q/OT | margin -3..3 | 300..120,team
wnba,wnba_shot_pace,shot_pace,shots,get-shots,2025,Regular Season,team,"{'EntityType': 'Team', 'Season': '2025', 'SeasonType': 'Regular Season', 'TeamId': '1611661323', 'EntityId': '1611661323'}",shot_pace,1611661323,4Q/OT | margin -3..3 | 300..120,get-shots__shots__entity_type-Team__season-2025__season_type-Regular_Season__team_id-1611661323__entity_id-1611661323__9a6613a2,get-shots,https://api.pbpstats.com/get-shots/wnba?EntityType=Team&Season=2025&SeasonType=Regular+Season&TeamId=1611661323&EntityId=1611661323,200,296,,,False,,,,1611661330,523.0,301,2025-09-01,1022500258,1628263-1629497-1642303-1642800-202250,True,ATL,1628277-1628280-1631009-1631044-1642804,,,,,,1611661323,3,Leïla Lacan,1642303,4,08:46,0,,0,,1642303,Leïla Lacan,1628280,Brionna Jones,False,5,,3.1,0.72,523.0,AtRim,2,526.0,OffLiveBallTurnover,CON,08:43,,26,17,False,shots,4Q/OT | margin -3..3 | 300..120,team
wnba,wnba_shot_pace,shot_pace,shots,get-shots,2025,Regular Season,team,"{'EntityType': 'Team', 'Season': '2025', 'SeasonType': 'Regular Season', 'TeamId': '1611661323', 'EntityId': '1611661323'}",shot_pace,1611661323,4Q/OT | margin -3..3 | 300..120,get-shots__shots__entity_type-Team__season-2025__season_type-Regular_Season__team_id-1611661323__entity_id-1611661323__9a6613a2,get-shots,https://api.pbpstats.com/get-shots/wnba?EntityType=Team&Season=2025&SeasonType=Regular+Season&TeamId=1611661323&EntityId=1611661323,200,297,,,,,,False,1611661330,12.0,276,2025-09-01,1022500258,1629497-1642303-1642800-1642809-202250,False,ATL,1628277-1628280-1628886-1631009-1631044,,,,,,1611661323,2,Marina Mabrey,1629497,34,00:34,0,,0,,0,,0,,False,6,,4.2,0.3415,14.0,ShortMidRange,2,34.0,OffDeadball,CON,00:14,,-41,-7,False,shots,4Q/OT | margin -3..3 | 300..120,team
wnba,wnba_shot_pace,shot_pace,shots,get-shots,2025,Regular Season,team,"{'EntityType': 'Team', 'Season': '2025', 'SeasonType': 'Regular Season', 'TeamId': '1611661323', 'EntityId': '1611661323'}",shot_pace,1611661323,4Q/OT | margin -3..3 | 300..120,get-shots__shots__entity_type-Team__season-2025__season_type-Regular_Season__team_id-1611661323__entity_id-1611661323__9a6613a2,get-shots,https://api.pbpstats.com/get-shots/wnba?EntityType=Team&Season=2025&SeasonType=Regular+Season&TeamId=1611661323&EntityId=1611661323,200,298,Leïla Lacan,1642303.0,True,,,,1611661330,58.0,264,2025-09-01,1022500258,1628263-1642303-1642800-1642809-202250,True,ATL,1628277-1628280-1631009-1642804-203398,,,,,,1611661323,2,Tina Charles,202250,32,01:06,202250,Tina Charles,1628280,Brionna Jones,0,,0,,False,3,,2.2,0.647,58.0,AtRim,2,66.0,OffAtRimMiss,CON,00:58,,-19,11,False,shots,4Q/OT | margin -3..3 | 300..120,team
wnba,wnba_shot_pace,shot_pace,shots,get-shots,2025,Regular Season,team,"{'EntityType': 'Team', 'Season': '2025', 'SeasonType': 'Regular Season', 'TeamId': '1611661323', 'EntityId': '1611661323'}",shot_pace,1611661323,4Q/OT | margin -3..3 | 300..120,get-shots__shots__entity_type-Team__season-2025__season_type-Regular_Season__team_id-1611661323__entity_id-1611661323__9a6613a2,get-shots,https://api.pbpstats.com/get-shots/wnba?EntityType=Team&Season=2025&SeasonType=Regular+Season&TeamId=1611661323&EntityId=1611661323,200,299,Lindsay Allen,1628263.0,True,,,,1611661330,81.0,260,2025-09-01,1022500258,1628263-1642303-1642800-1642809-202250,True,ATL,1628277-1628280-1631009-1642804-203398,,,,,,1611661323,2,Leïla Lacan,1642303,30,01:34,0,,0,,0,,0,,False,0,,28.4,0.2939,81.0,Arc3,3,94.0,OffDeadball,CON,01:21,,181,219,False,shots,4Q/OT | margin -3..3 | 300..120,team
wnba,wnba_shot_pace,shot_pace,shots,get-shots,2025,Regular Season,team,"{'EntityType': 'Team', 'Season': '2025', 'SeasonType': 'Regular Season', 'TeamId': '1611661323', 'EntityId': '1611661323'}",shot_pace,1611661323,4Q/OT | margin -3..3 | 300..120,get-shots__shots__entity_type-Team__season-2025__season_type-Regular_Season__team_id-1611661323__entity_id-1611661323__9a6613a2,get-shots,https://api.pbpstats.com/get-shots/wnba?EntityType=Team&Season=2025&SeasonType=Regular+Season&TeamId=1611661323&EntityId=1611661323,200,300,,,,,,False,1611661330,129.0,240,2025-09-01,1022500258,1628263-1642303-1642800-1642809-202250,False,ATL,1628277-1628280-1631009-1631044-1642804,,,,,,1611661323,2,Aneesah Morrow,1642800,26,02:30,1628263,Lindsay Allen,1631044,Naz Hillmon,0,,0,,False,-2,,24.6,0.3642,137.0,Arc3,3,150.0,OffArc3Miss,CON,02:17,,-167,181,False,shots,4Q/OT | margin -3..3 | 300..120,team
wnba,wnba_shot_pace,shot_pace,shots,get-shots,2025,Regular Season,team,"{'EntityType': 'Team', 'Season': '2025', 'SeasonType': 'Regular Season', 'TeamId': '1611661323', 'EntityId': '1611661323'}",shot_pace,1611661323,4Q/OT | margin -3..3 | 300..120,get-shots__shots__entity_type-Team__season-2025__season_type-Regular_Season__team_id-1611661323__entity_id-1611661323__9a6613a2,get-shots,https://api.pbpstats.com/get-shots/wnba?EntityType=Team&Season=2025&SeasonType=Regular+Season&TeamId=1611661323&EntityId=1611661323,200,301,,,,,,False,1611661330,166.0,236,2025-09-01,1022500258,1628263-1642303-1642800-1642809-202250,False,ATL,1628277-1628280-1631009-1631044-1642804,,,,,,1611661323,2,Saniya Rivers,1642809,24,03:09,0,,0,,0,,0,,False,-2,,28.4,0.2199,167.0,Arc3,3,189.0,OffFTMake,CON,02:47,,165,231,False,shots,4Q/OT | margin -3..3 | 300..120,team
wnba,wnba_shot_pace,shot_pace,shots,get-shots,2025,Regular Season,team,"{'EntityType': 'Team', 'Season': '2025', 'SeasonType': 'Regular Season', 'TeamId': '1611661323', 'EntityId': '1611661323'}",shot_pace,1611661323,4Q/OT | margin -3..3 | 300..120,get-shots__shots__entity_type-Team__season-2025__season_type-Regular_Season__team_id-1611661323__entity_id-1611661323__9a6613a2,get-shots,https://api.pbpstats.com/get-shots/wnba?EntityType=Team&Season=2025&SeasonType=Regular+Season&TeamId=1611661323&EntityId=1611661323,200,302,Leïla Lacan,1642303.0,True,,,,1611661330,222.0,227,2025-09-01,1022500258,1628263-1642303-1642800-1642809-202250,True,ATL,1628277-1628280-1631009-1631044-1642804,,,,,,1611661323,2,Saniya Rivers,1642809,22,03:56,1642800,Aneesah Morrow,1628277,Allisha Gray,0,,0,,False,-2,,16.5,0.4197,222.0,LongMidRange,2,236.0,OffCorner3Miss,CON,03:42,,40,160,False,shots,4Q/OT | margin -3..3 | 300..120,team
wnba,wnba_shot_pace,shot_pace,shots,get-shots,2025,Regular Season,team,"{'EntityType': 'Team', 'Season': '2025', 'SeasonType': 'Regular Season', 'TeamId': '1611661323', 'EntityId': '1611661323'}",shot_pace,1611661323,4Q/OT | margin -3..3 | 300..120,get-shots__shots__entity_type-Team__season-2025__season_type-Regular_Season__team_id-1611661323__entity_id-1611661323__9a6613a2,get-shots,https://api.pbpstats.com/get-shots/wnba?EntityType=Team&Season=2025&SeasonType=Regular+Season&TeamId=1611661323&EntityId=1611661323,200,303,Leïla Lacan,1642303.0,True,,,,1611661330,262.0,215,2025-09-01,1022500258,1628263-1642303-1642800-1642809-202250,True,ATL,1628277-1631009-1631044-1642804-203398,,,,,,1611661323,2,Tina Charles,202250,20,04:45,0,,1631044,Naz Hillmon,0,,0,,False,-4,,5.8,0.3907,262.0,ShortMidRange,2,285.0,OffCorner3Make,CON,04:22,,-4,58,False,shots,4Q/OT | margin -3..3 | 300..120,team
wnba,wnba_shot_pace,shot_pace,shots,get-shots,2025,Regular Season,team,"{'EntityType': 'Team', 'Season': '2025', 'SeasonType': 'Regular Season', 'TeamId': '1611661323', 'EntityId': '1611661323'}",shot_pace,1611661323,4Q/OT | margin -3..3 | 300..120,get-shots__shots__entity_type-Team__season-2025__season_type-Regular_Season__team_id-1611661323__entity_id-1611661323__9a6613a2,get-shots,https://api.pbpstats.com/get-shots/wnba?EntityType=Team&Season=2025&SeasonType=Regular+Season&TeamId=1611661323&EntityId=1611661323,200,304,Aneesah Morrow,1642800.0,True,,,,1611661330,309.0,211,2025-09-01,1022500258,1628263-1642303-1642800-1642809-202250,True,ATL,1628277-1631009-1631044-1642804-203398,,,,,,1611661323,2,Tina Charles,202250,18,05:20,0,,0,,1642809,Saniya Rivers,1642804,Te-Hina Paopao,False,-3,,18.3,0.3831,309.0,LongMidRange,2,320.0,OffLiveBallTurnover,CON,05:09,,-140,118,False,shots,4Q/OT | margin -3..3 | 300..120,team
wnba,wnba_shot_pace,shot_pace,shots,get-shots,2025,Regular Season,team,"{'EntityType': 'Team', 'Season': '2025', 'SeasonType': 'Regular Season', 'TeamId': '1611661323', 'EntityId': '1611661323'}",shot_pace,1611661323,4Q/OT | margin -3..3 | 300..120,get-shots__shots__entity_type-Team__season-2025__season_type-Regular_Season__team_id-1611661323__entity_id-1611661323__9a6613a2,get-shots,https://api.pbpstats.com/get-shots/wnba?EntityType=Team&Season=2025&SeasonType=Regular+Season&TeamId=1611661323&EntityId=1611661323,200,305,,,False,,,,1611661330,331.0,200,2025-09-01,1022500258,1628263-1642303-1642800-1642809-202250,True,ATL,1628277-1628886-1630471-1631044-203398,,,,,,1611661323,2,Aneesah Morrow,1642800,16,05:35,0,,0,,1642800,Aneesah Morrow,1628886,Jordin Canada,False,-5,,6.4,0.4448,331.0,ShortMidRange,2,335.0,OffLiveBallTurnover,CON,05:31,,-23,60,False,shots,4Q/OT | margin -3..3 | 300..120,team
wnba,wnba_shot_pace,shot_pace,shots,get-shots,2025,Regular Season,team,"{'EntityType': 'Team', 'Season': '2025', 'SeasonType': 'Regular Season', 'TeamId': '1611661323', 'EntityId': '1611661323'}",shot_pace,1611661323,4Q/OT | margin -3..3 | 300..120,get-shots__shots__entity_type-Team__season-2025__season_type-Regular_Season__team_id-1611661323__entity_id-1611661323__9a6613a2,get-shots,https://api.pbpstats.com/get-shots/wnba?EntityType=Team&Season=2025&SeasonType=Regular+Season&TeamId=1611661323&EntityId=1611661323,200,306,Leïla Lacan,1642303.0,True,,,,1611661330,350.0,196,2025-09-01,1022500258,1628263-1642303-1642800-1642809-202250,True,ATL,1628277-1628886-1630471-1631044-203398,,,,,,1611661323,2,Tina Charles,202250,14,06:08,0,,0,,0,,0,,False,-7,,3.6,0.4537,350.0,AtRim,2,368.0,OffTimeout,CON,05:50,,-33,-14,False,shots,4Q/OT | margin -3..3 | 300..120,team
wnba,wnba_shot_pace,shot_pace,shots,get-shots,2025,Regular Season,team,"{'EntityType': 'Team', 'Season': '2025', 'SeasonType': 'Regular Season', 'TeamId': '1611661323', 'EntityId': '1611661323'}",shot_pace,1611661323,4Q/OT | margin -3..3 | 300..120,get-shots__shots__entity_type-Team__season-2025__season_type-Regular_Season__team_id-1611661323__entity_id-1611661323__9a6613a2,get-shots,https://api.pbpstats.com/get-shots/wnba?EntityType=Team&Season=2025&SeasonType=Regular+Season&TeamId=1611661323&EntityId=1611661323,200,307,,,,,,False,1611661330,376.0,185,2025-09-01,1022500258,1628263-1642303-1642800-1642809-202250,False,ATL,1628277-1628886-1630471-1631044-203398,,,,,,1611661323,2,Tina Charles,202250,12,06:33,0,,0,,0,,0,,False,-7,,11.6,0.3949,378.0,ShortMidRange,2,393.0,OffFTMake,CON,06:18,,76,87,False,shots,4Q/OT | margin -3..3 | 300..120,team
wnba,wnba_shot_pace,shot_pace,shots,get-shots,2025,Regular Season,team,"{'EntityType': 'Team', 'Season': '2025', 'SeasonType': 'Regular Season', 'TeamId': '1611661323', 'EntityId': '1611661323'}",shot_pace,1611661323,4Q/OT | margin -3..3 | 300..120,get-shots__shots__entity_type-Team__season-2025__season_type-Regular_Season__team_id-1611661323__entity_id-1611661323__9a6613a2,get-shots,https://api.pbpstats.com/get-shots/wnba?EntityType=Team&Season=2025&SeasonType=Regular+Season&TeamId=1611661323&EntityId=1611661323,200,308,,,,,,False,1611661330,409.0,161,2025-09-01,1022500258,1628263-1629497-1642290-1642841-202250,False,ATL,1628277-1628280-1631009-1631044-1642804,,,,,,1611661323,2,Tina Charles,202250,10,07:07,0,,1628280,Brionna Jones,0,,0,,False,-5,,20.3,0.3772,411.0,LongMidRange,2,427.0,OffShortMidRangeMake,CON,06:51,,131,155,False,shots,4Q/OT | margin -3..3 | 300..120,team
wnba,wnba_shot_pace,shot_pace,shots,get-shots,2025,Regular Season,team,"{'EntityType': 'Team', 'Season': '2025', 'SeasonType': 'Regular Season', 'TeamId': '1611661323', 'EntityId': '1611661323'}",shot_pace,1611661323,4Q/OT | margin -3..3 | 300..120,get-shots__shots__entity_type-Team__season-2025__season_type-Regular_Season__team_id-1611661323__entity_id-1611661323__9a6613a2,get-shots,https://api.pbpstats.com/get-shots/wnba?EntityType=Team&Season=2025&SeasonType=Regular+Season&TeamId=1611661323&EntityId=1611661323,200,309,Lindsay Allen,1628263.0,True,,,,1611661330,451.0,158,2025-09-01,1022500258,1628263-1629497-1642290-1642841-202250,True,ATL,1628277-1628280-1631009-1631044-1642804,,,,,,1611661323,2,Tina Charles,202250,8,07:42,1642290,Aaliyah Edwards,1628277,Allisha Gray,0,,0,,False,-5,,8.7,0.3944,451.0,ShortMidRange,2,462.0,OffArc3Miss,CON,07:31,,7,87,False,shots,4Q/OT | margin -3..3 | 300..120,team
wnba,wnba_shot_pace,shot_pace,shots,get-shots,2025,Regular Season,team,"{'EntityType': 'Team', 'Season': '2025', 'SeasonType': 'Regular Season', 'TeamId': '1611661323', 'EntityId': '1611661323'}",shot_pace,1611661323,4Q/OT | margin -3..3 | 300..120,get-shots__shots__entity_type-Team__season-2025__season_type-Regular_Season__team_id-1611661323__entity_id-1611661323__9a6613a2,get-shots,https://api.pbpstats.com/get-shots/wnba?EntityType=Team&Season=2025&SeasonType=Regular+Season&TeamId=1611661323&EntityId=1611661323,200,310,,,,,,False,1611661330,471.0,154,2025-09-01,1022500258,1628263-1629497-1642290-1642841-202250,False,ATL,1628277-1628280-1631009-1631044-1642804,,,,,,1611661323,2,Marina Mabrey,1629497,6,08:12,0,,1628277,Allisha Gray,0,,0,,False,-5,,2.3,0.62,473.0,AtRim,2,492.0,OffAtRimMake,CON,07:53,,21,-10,False,shots,4Q/OT | margin -3..3 | 300..120,team
wnba,wnba_shot_pace,shot_pace,shots,get-shots,2025,Regular Season,team,"{'EntityType': 'Team', 'Season': '2025', 'SeasonType': 'Regular Season', 'TeamId': '1611661323', 'EntityId': '1611661323'}",shot_pace,1611661323,4Q/OT | margin -3..3 | 300..120,get-shots__shots__entity_type-Team__season-2025__season_type-Regular_Season__team_id-1611661323__entity_id-1611661323__9a6613a2,get-shots,https://api.pbpstats.com/get-shots/wnba?EntityType=Team&Season=2025&SeasonType=Regular+Season&TeamId=1611661323&EntityId=1611661323,200,311,,,False,,,,1611661330,511.0,151,2025-09-01,1022500258,1628263-1629497-1642290-1642841-202250,True,ATL,1628277-1628280-1631009-1631044-1642804,,,,,,1611661323,2,Marina Mabrey,1629497,4,08:52,0,,1642804,Te-Hina Paopao,0,,0,,False,-5,,2.2,0.5879,511.0,AtRim,2,532.0,OffArc3Make,CON,08:31,,17,-14,False,shots,4Q/OT | margin -3..3 | 300..120,team
wnba,wnba_shot_pace,shot_pace,shots,get-shots,2025,Regular Season,team,"{'EntityType': 'Team', 'Season': '2025', 'SeasonType': 'Regular Season', 'TeamId': '1611661323', 'EntityId': '1611661323'}",shot_pace,1611661323,4Q/OT | margin -3..3 | 300..120,get-shots__shots__entity_type-Team__season-2025__season_type-Regular_Season__team_id-1611661323__entity_id-1611661323__9a6613a2,get-shots,https://api.pbpstats.com/get-shots/wnba?EntityType=Team&Season=2025&SeasonType=Regular+Season&TeamId=1611661323&EntityId=1611661323,200,312,Tina Charles,202250.0,True,,,,1611661330,557.0,147,2025-09-01,1022500258,1628263-1629497-1642290-1642841-202250,True,ATL,1628277-1628280-1631009-1631044-1642804,,,,,,1611661323,2,Marina Mabrey,1629497,2,09:35,0,,1631044,Naz Hillmon,0,,0,,False,-5,,25.4,0.3535,557.0,Arc3,3,575.0,OffArc3Make,CON,09:17,,-178,181,False,shots,4Q/OT | margin -3..3 | 300..120,team
wnba,wnba_shot_pace,shot_pace,shots,get-shots,2025,Regular Season,team,"{'EntityType': 'Team', 'Season': '2025', 'SeasonType': 'Regular Season', 'TeamId': '1611661323', 'EntityId': '1611661323'}",shot_pace,1611661323,4Q/OT | margin -3..3 | 300..120,get-shots__shots__entity_type-Team__season-2025__season_type-Regular_Season__team_id-1611661323__entity_id-1611661323__9a6613a2,get-shots,https://api.pbpstats.com/get-shots/wnba?EntityType=Team&Season=2025&SeasonType=Regular+Season&TeamId=1611661323&EntityId=1611661323,200,313,,,,,,False,1611661330,2.0,134,2025-09-01,1022500258,1628263-1629497-1642290-1642796-1642841,False,ATL,1628269-1628277-1628280-1630471-1642804,,,,,,1611661323,1,Marina Mabrey,1629497,37,00:25,0,,0,,0,,0,,False,-2,,25.0,0.3126,5.0,Arc3,3,25.0,OffFTMake,CON,00:05,,-175,178,False,shots,4Q/OT | margin -3..3 | 300..120,team
wnba,wnba_shot_pace,shot_pace,shots,get-shots,2025,Regular Season,team,"{'EntityType': 'Team', 'Season': '2025', 'SeasonType': 'Regular Season', 'TeamId': '1611661323', 'EntityId': '1611661323'}",shot_pace,1611661323,4Q/OT | margin -3..3 | 300..120,get-shots__shots__entity_type-Team__season-2025__season_type-Regular_Season__team_id-1611661323__entity_id-1611661323__9a6613a2,get-shots,https://api.pbpstats.com/get-shots/wnba?EntityType=Team&Season=2025&SeasonType=Regular+Season&TeamId=1611661323&EntityId=1611661323,200,314,,,False,,,,1611661330,48.0,124,2025-09-01,1022500258,1629497-1642290-1642303-1642796-1642841,True,ATL,1628269-1628280-1630471-1631009-1642804,,,,,,1611661323,1,Marina Mabrey,1629497,35,01:05,0,,1631009,Rhyne Howard,0,,0,,False,-3,,19.9,0.3504,48.0,LongMidRange,2,65.0,OffArc3Make,CON,00:48,,102,171,False,shots,4Q/OT | margin -3..3 | 300..120,team
wnba,wnba_shot_pace,shot_pace,shots,get-shots,2025,Regular Season,team,"{'EntityType': 'Team', 'Season': '2025', 'SeasonType': 'Regular Season', 'TeamId': '1611661323', 'EntityId': '1611661323'}",shot_pace,1611661323,4Q/OT | margin -3..3 | 300..120,get-shots__shots__entity_type-Team__season-2025__season_type-Regular_Season__team_id-1611661323__entity_id-1611661323__9a6613a2,get-shots,https://api.pbpstats.com/get-shots/wnba?EntityType=Team&Season=2025&SeasonType=Regular+Season&TeamId=1611661323&EntityId=1611661323,200,315,,,,,,False,1611661330,114.0,107,2025-09-01,1022500258,1629497-1642290-1642303-1642796-1642809,False,ATL,1630471-1631009-1631044-1642804-203398,,,,,,1611661323,1,Leïla Lacan,1642303,31,02:08,0,,0,,0,,0,,False,0,,25.5,0.3663,116.0,Arc3,3,128.0,OffFTMake,CON,01:56,,122,224,False,shots,4Q/OT | margin -3..3 | 300..120,team
wnba,wnba_shot_pace,shot_pace,shots,get-shots,2025,Regular Season,team,"{'EntityType': 'Team', 'Season': '2025', 'SeasonType': 'Regular Season', 'TeamId': '1611661323', 'EntityId': '1611661323'}",shot_pace,1611661323,4Q/OT | margin -3..3 | 300..120,get-shots__shots__entity_type-Team__season-2025__season_type-Regular_Season__team_id-1611661323__entity_id-1611661323__9a6613a2,get-shots,https://api.pbpstats.com/get-shots/wnba?EntityType=Team&Season=2025&SeasonType=Regular+Season&TeamId=1611661323&EntityId=1611661323,200,316,Marina Mabrey,1629497.0,True,,,,1611661330,180.0,92,2025-09-01,1022500258,1629497-1642290-1642303-1642809-202250,True,ATL,1628277-1631009-1631044-1642804-203398,,,,,,1611661323,1,Saniya Rivers,1642809,27,03:10,1642303,Leïla Lacan,203398,Brittney Griner,0,,0,,False,1,,1.7,0.6181,180.0,AtRim,2,190.0,OffShortMidRangeBlock,CON,03:00,,16,-6,False,shots,4Q/OT | margin -3..3 | 300..120,team
wnba,wnba_shot_pace,shot_pace,shots,get-shots,2025,Regular Season,team,"{'EntityType': 'Team', 'Season': '2025', 'SeasonType': 'Regular Season', 'TeamId': '1611661323', 'EntityId': '1611661323'}",shot_pace,1611661323,4Q/OT | margin -3..3 | 300..120,get-shots__shots__entity_type-Team__season-2025__season_type-Regular_Season__team_id-1611661323__entity_id-1611661323__9a6613a2,get-shots,https://api.pbpstats.com/get-shots/wnba?EntityType=Team&Season=2025&SeasonType=Regular+Season&TeamId=1611661323&EntityId=1611661323,200,317,,,,,,False,1611661330,208.0,87,2025-09-01,1022500258,1629497-1642290-1642303-1642809-202250,False,ATL,1628277-1631009-1631044-1642804-203398,,,,,,1611661323,1,Marina Mabrey,1629497,25,03:44,0,,0,,0,,0,,False,1,,25.6,0.4176,210.0,Arc3,3,224.0,OffFTMake,CON,03:30,,0,256,False,shots,4Q/OT | margin -3..3 | 300..120,team
wnba,wnba_shot_pace,shot_pace,shots,get-shots,2025,Regular Season,team,"{'EntityType': 'Team', 'Season': '2025', 'SeasonType': 'Regular Season', 'TeamId': '1611661323', 'EntityId': '1611661323'}",shot_pace,1611661323,4Q/OT | margin -3..3 | 300..120,get-shots__shots__entity_type-Team__season-2025__season_type-Regular_Season__team_id-1611661323__entity_id-1611661323__9a6613a2,get-shots,https://api.pbpstats.com/get-shots/wnba?EntityType=Team&Season=2025&SeasonType=Regular+Season&TeamId=1611661323&EntityId=1611661323,200,318,,,False,,,,1611661330,273.0,72,2025-09-01,1022500258,1629497-1642290-1642303-1642809-202250,True,ATL,1628277-1628886-1631009-1631044-203398,,,,,,1611661323,1,Tina Charles,202250,21,04:50,0,,0,,0,,0,,False,1,,6.0,0.4153,273.0,ShortMidRange,2,290.0,OffFTMake,CON,04:33,,-8,59,False,shots,4Q/OT | margin -3..3 | 300..120,team
wnba,wnba_shot_pace,shot_pace,shots,get-shots,2025,Regular Season,team,"{'EntityType': 'Team', 'Season': '2025', 'SeasonType': 'Regular Season', 'TeamId': '1611661323', 'EntityId': '1611661323'}",shot_pace,1611661323,4Q/OT | margin -3..3 | 300..120,get-shots__shots__entity_type-Team__season-2025__season_type-Regular_Season__team_id-1611661323__entity_id-1611661323__9a6613a2,get-shots,https://api.pbpstats.com/get-shots/wnba?EntityType=Team&Season=2025&SeasonType=Regular+Season&TeamId=1611661323&EntityId=1611661323,200,319,,,False,,,,1611661330,307.0,60,2025-09-01,1022500258,1629497-1642303-1642800-1642809-202250,True,ATL,1628277-1628886-1631009-1631044-203398,,,,,,1611661323,1,Marina Mabrey,1629497,19,05:22,0,,1631044,Naz Hillmon,0,,0,,False,1,,7.8,0.4116,307.0,ShortMidRange,2,322.0,OffCorner3Make,CON,05:07,,16,76,False,shots,4Q/OT | margin -3..3 | 300..120,team
wnba,wnba_shot_pace,shot_pace,shots,get-shots,2025,Regular Season,team,"{'EntityType': 'Team', 'Season': '2025', 'SeasonType': 'Regular Season', 'TeamId': '1611661323', 'EntityId': '1611661323'}",shot_pace,1611661323,4Q/OT | margin -3..3 | 300..120,get-shots__shots__entity_type-Team__season-2025__season_type-Regular_Season__team_id-1611661323__entity_id-1611661323__9a6613a2,get-shots,https://api.pbpstats.com/get-shots/wnba?EntityType=Team&Season=2025&SeasonType=Regular+Season&TeamId=1611661323&EntityId=1611661323,200,320,,,False,,,,1611661330,340.0,57,2025-09-01,1022500258,1629497-1642303-1642800-1642809-202250,True,ATL,1628277-1628886-1631009-1631044-203398,,,,,,1611661323,1,Leïla Lacan,1642303,17,05:47,202250,Tina Charles,203398,Brittney Griner,0,,0,,False,2,,2.9,0.6156,340.0,AtRim,2,347.0,OffShortMidRangeMiss,CON,05:40,,-26,12,False,shots,4Q/OT | margin -3..3 | 300..120,team
wnba,wnba_shot_pace,shot_pace,shots,get-shots,2025,Regular Season,team,"{'EntityType': 'Team', 'Season': '2025', 'SeasonType': 'Regular Season', 'TeamId': '1611661323', 'EntityId': '1611661323'}",shot_pace,1611661323,4Q/OT | margin -3..3 | 300..120,get-shots__shots__entity_type-Team__season-2025__season_type-Regular_Season__team_id-1611661323__entity_id-1611661323__9a6613a2,get-shots,https://api.pbpstats.com/get-shots/wnba?EntityType=Team&Season=2025&SeasonType=Regular+Season&TeamId=1611661323&EntityId=1611661323,200,321,,,,,,False,1611661330,360.0,53,2025-09-01,1022500258,1629497-1642303-1642800-1642809-202250,False,ATL,1628277-1628886-1631009-1631044-203398,,,,,,1611661323,1,Aneesah Morrow,1642800,15,06:13,0,,0,,0,,0,,False,2,,26.9,0.3484,362.0,Arc3,3,373.0,OffFTMake,CON,06:02,,137,231,False,shots,4Q/OT | margin -3..3 | 300..120,team
wnba,wnba_shot_pace,shot_pace,shots,get-shots,2025,Regular Season,team,"{'EntityType': 'Team', 'Season': '2025', 'SeasonType': 'Regular Season', 'TeamId': '1611661323', 'EntityId': '1611661323'}",shot_pace,1611661323,4Q/OT | margin -3..3 | 300..120,get-shots__shots__entity_type-Team__season-2025__season_type-Regular_Season__team_id-1611661323__entity_id-1611661323__9a6613a2,get-shots,https://api.pbpstats.com/get-shots/wnba?EntityType=Team&Season=2025&SeasonType=Regular+Season&TeamId=1611661323&EntityId=1611661323,200,322,,,,,,False,1611661330,381.0,39,2025-09-01,1022500258,1628263-1629497-1642800-1642809-202250,False,ATL,1628277-1628280-1631009-1631044-1642804,,,,,,1611661323,1,Tina Charles,202250,13,06:33,202250,Tina Charles,1631044,Naz Hillmon,0,,0,,False,4,,25.7,0.3783,382.0,Arc3,3,393.0,OffCorner3Miss,CON,06:22,,-125,224,False,shots,4Q/OT | margin -3..3 | 300..120,team
wnba,wnba_shot_pace,shot_pace,shots,get-shots,2025,Regular Season,team,"{'EntityType': 'Team', 'Season': '2025', 'SeasonType': 'Regular Season', 'TeamId': '1611661323', 'EntityId': '1611661323'}",shot_pace,1611661323,4Q/OT | margin -3..3 | 300..120,get-shots__shots__entity_type-Team__season-2025__season_type-Regular_Season__team_id-1611661323__entity_id-1611661323__9a6613a2,get-shots,https://api.pbpstats.com/get-shots/wnba?EntityType=Team&Season=2025&SeasonType=Regular+Season&TeamId=1611661323&EntityId=1611661323,200,323,,,False,,,,1611661330,413.0,36,2025-09-01,1022500258,1628263-1629497-1642800-1642809-202250,True,ATL,1628277-1628280-1631009-1631044-1642804,,,,,,1611661323,1,Aneesah Morrow,1642800,11,07:00,202250,Tina Charles,1628280,Brionna Jones,0,,0,,False,2,,10.2,0.4478,413.0,ShortMidRange,2,420.0,OffAtRimMiss,CON,06:53,,44,92,False,shots,4Q/OT | margin -3..3 | 300..120,team
wnba,wnba_shot_pace,shot_pace,shots,get-shots,2025,Regular Season,team,"{'EntityType': 'Team', 'Season': '2025', 'SeasonType': 'Regular Season', 'TeamId': '1611661323', 'EntityId': '1611661323'}",shot_pace,1611661323,4Q/OT | margin -3..3 | 300..120,get-shots__shots__entity_type-Team__season-2025__season_type-Regular_Season__team_id-1611661323__entity_id-1611661323__9a6613a2,get-shots,https://api.pbpstats.com/get-shots/wnba?EntityType=Team&Season=2025&SeasonType=Regular+Season&TeamId=1611661323&EntityId=1611661323,200,324,,,,,,False,1611661330,467.0,26,2025-09-01,1022500258,1628263-1629497-1642800-1642809-202250,False,ATL,1628277-1628280-1631009-1631044-1642804,,,,,,1611661323,1,Aneesah Morrow,1642800,7,08:10,0,,0,,0,,0,,False,4,,24.6,0.3223,468.0,Arc3,3,490.0,OffDeadball,CON,07:48,,-219,113,False,shots,4Q/OT | margin -3..3 | 300..120,team
wnba,wnba_shot_pace,shot_pace,shots,get-shots,2025,Regular Season,team,"{'EntityType': 'Team', 'Season': '2025', 'SeasonType': 'Regular Season', 'TeamId': '1611661323', 'EntityId': '1611661323'}",shot_pace,1611661323,4Q/OT | margin -3..3 | 300..120,get-shots__shots__entity_type-Team__season-2025__season_type-Regular_Season__team_id-1611661323__entity_id-1611661323__9a6613a2,get-shots,https://api.pbpstats.com/get-shots/wnba?EntityType=Team&Season=2025&SeasonType=Regular+Season&TeamId=1611661323&EntityId=1611661323,200,325,,,False,,,,1611661330,516.0,16,2025-09-01,1022500258,1628263-1629497-1642303-1642800-202250,True,ATL,1628277-1628280-1631009-1631044-1642804,,,,,,1611661323,1,Leïla Lacan,1642303,5,08:45,1642303,Leïla Lacan,1642804,Te-Hina Paopao,0,,0,,False,2,,3.5,0.4802,516.0,AtRim,2,525.0,OffArc3Miss,CON,08:36,,-8,34,False,shots,4Q/OT | margin -3..3 | 300..120,team
wnba,wnba_shot_pace,shot_pace,shots,get-shots,2025,Regular Season,team,"{'EntityType': 'Team', 'Season': '2025', 'SeasonType': 'Regular Season', 'TeamId': '1611661323', 'EntityId': '1611661323'}",shot_pace,1611661323,4Q/OT | margin -3..3 | 300..120,get-shots__shots__entity_type-Team__season-2025__season_type-Regular_Season__team_id-1611661323__entity_id-1611661323__9a6613a2,get-shots,https://api.pbpstats.com/get-shots/wnba?EntityType=Team&Season=2025&SeasonType=Regular+Season&TeamId=1611661323&EntityId=1611661323,200,326,Lindsay Allen,1628263.0,True,,,,1611661330,543.0,12,2025-09-01,1022500258,1628263-1629497-1642303-1642800-202250,True,ATL,1628277-1628280-1631009-1631044-1642804,,,,,,1611661323,1,Aneesah Morrow,1642800,3,09:17,0,,1628280,Brionna Jones,0,,0,,False,0,,5.3,0.4305,543.0,ShortMidRange,2,557.0,OffAtRimMake,CON,09:03,,5,53,False,shots,4Q/OT | margin -3..3 | 300..120,team
wnba,wnba_shot_pace,shot_pace,shots,get-shots,2025,Regular Season,team,"{'EntityType': 'Team', 'Season': '2025', 'SeasonType': 'Regular Season', 'TeamId': '1611661323', 'EntityId': '1611661323'}",shot_pace,1611661323,4Q/OT | margin -3..3 | 300..120,get-shots__shots__entity_type-Team__season-2025__season_type-Regular_Season__team_id-1611661323__entity_id-1611661323__9a6613a2,get-shots,https://api.pbpstats.com/get-shots/wnba?EntityType=Team&Season=2025&SeasonType=Regular+Season&TeamId=1611661323&EntityId=1611661323,200,327,,,False,,,,1611661330,577.0,9,2025-09-01,1022500258,1628263-1629497-1642303-1642800-202250,True,ATL,1628277-1628280-1631009-1631044-1642804,Lindsay Allen,1628263.0,Aneesah Morrow,1642800.0,Arc3,1611661323,1,Lindsay Allen,1628263,1,10:00,0,,0,,0,,0,,False,0,6.0,2.8,0.646,577.0,AtRim,2,600.0,OffDeadball,CON,09:37,,-27,7,False,shots,4Q/OT | margin -3..3 | 300..120,team
wnba,wnba_shot_pace,shot_pace,shots,get-shots,2025,Regular Season,team,"{'EntityType': 'Team', 'Season': '2025', 'SeasonType': 'Regular Season', 'TeamId': '1611661323', 'EntityId': '1611661323'}",shot_pace,1611661323,4Q/OT | margin -3..3 | 300..120,get-shots__shots__entity_type-Team__season-2025__season_type-Regular_Season__team_id-1611661323__entity_id-1611661323__9a6613a2,get-shots,https://api.pbpstats.com/get-shots/wnba?EntityType=Team&Season=2025&SeasonType=Regular+Season&TeamId=1611661323&EntityId=1611661323,200,328,,,,,,False,1611661330,577.0,7,2025-09-01,1022500258,1628263-1629497-1642303-1642800-202250,False,ATL,1628277-1628280-1631009-1631044-1642804,,,,,,1611661323,1,Aneesah Morrow,1642800,1,10:00,0,,0,,0,,0,,False,0,,25.3,0.4447,585.0,Arc3,3,600.0,OffDeadball,CON,09:45,,11,253,False,shots,4Q/OT | margin -3..3 | 300..120,team
wnba,wnba_shot_pace,shot_pace,shots,get-shots,2025,Regular Season,team,"{'EntityType': 'Team', 'Season': '2025', 'SeasonType': 'Regular Season', 'TeamId': '1611661323', 'EntityId': '1611661323'}",shot_pace,1611661323,4Q/OT | margin -3..3 | 300..120,get-shots__shots__entity_type-Team__season-2025__season_type-Regular_Season__team_id-1611661323__entity_id-1611661323__9a6613a2,get-shots,https://api.pbpstats.com/get-shots/wnba?EntityType=Team&Season=2025&SeasonType=Regular+Season&TeamId=1611661323&EntityId=1611661323,200,329,,,,,,False,1611661324,0.0,553,2025-08-30,1022500252,1628263-1642796-1642800-1642841-203863,False,MIN,1628926-1629567-1630096-1642320-1642797,,,,,,1611661323,4,Rayah Marshall,1642796,36,00:10,1642800,Aneesah Morrow,1629567,Natisha Hiedeman,0,,0,,False,-26,,6.5,0.2908,1.0,ShortMidRange,2,10.0,OffAtRimMiss,CON,00:01,,62,18,False,shots,4Q/OT | margin -3..3 | 300..120,team
wnba,wnba_shot_pace,shot_pace,shots,get-shots,2025,Regular Season,team,"{'EntityType': 'Team', 'Season': '2025', 'SeasonType': 'Regular Season', 'TeamId': '1611661323', 'EntityId': '1611661323'}",shot_pace,1611661323,4Q/OT | margin -3..3 | 300..120,get-shots__shots__entity_type-Team__season-2025__season_type-Regular_Season__team_id-1611661323__entity_id-1611661323__9a6613a2,get-shots,https://api.pbpstats.com/get-shots/wnba?EntityType=Team&Season=2025&SeasonType=Regular+Season&TeamId=1611661323&EntityId=1611661323,200,330,,,,,,False,1611661324,32.0,549,2025-08-30,1022500252,1628263-1642796-1642800-1642841-203863,False,MIN,1628926-1629567-1630096-1642320-1642797,,,,,,1611661323,4,Aneesah Morrow,1642800,34,00:48,0,,0,,0,,0,,False,-26,,5.4,0.3454,34.0,ShortMidRange,2,48.0,OffFTMake,CON,00:34,,-51,18,False,shots,4Q/OT | margin -3..3 | 300..120,team
wnba,wnba_shot_pace,shot_pace,shots,get-shots,2025,Regular Season,team,"{'EntityType': 'Team', 'Season': '2025', 'SeasonType': 'Regular Season', 'TeamId': '1611661323', 'EntityId': '1611661323'}",shot_pace,1611661323,4Q/OT | margin -3..3 | 300..120,get-shots__shots__entity_type-Team__season-2025__season_type-Regular_Season__team_id-1611661323__entity_id-1611661323__9a6613a2,get-shots,https://api.pbpstats.com/get-shots/wnba?EntityType=Team&Season=2025&SeasonType=Regular+Season&TeamId=1611661323&EntityId=1611661323,200,331,,,,,,False,1611661324,49.0,543,2025-08-30,1022500252,1628263-1642796-1642800-1642841-203863,False,MIN,1628926-1629567-1630096-1642320-1642797,,,,,,1611661323,4,Mamignan Touré,1642841,32,01:07,0,,0,,0,,0,,False,-24,,5.4,0.3948,52.0,ShortMidRange,2,67.0,OffDeadball,CON,00:52,,3,54,False,shots,4Q/OT | margin -3..3 | 300..120,team
wnba,wnba_shot_pace,shot_pace,shots,get-shots,2025,Regular Season,team,"{'EntityType': 'Team', 'Season': '2025', 'SeasonType': 'Regular Season', 'TeamId': '1611661323', 'EntityId': '1611661323'}",shot_pace,1611661323,4Q/OT | margin -3..3 | 300..120,get-shots__shots__entity_type-Team__season-2025__season_type-Regular_Season__team_id-1611661323__entity_id-1611661323__9a6613a2,get-shots,https://api.pbpstats.com/get-shots/wnba?EntityType=Team&Season=2025&SeasonType=Regular+Season&TeamId=1611661323&EntityId=1611661323,200,332,,,False,,,,1611661324,155.0,503,2025-08-30,1022500252,1629497-1642290-1642800-1642841-203863,True,MIN,1628926-1629567-1630096-1642320-1642797,Aaliyah Edwards,1642290.0,Marina Mabrey,1629497.0,AtRim,1611661323,4,Aaliyah Edwards,1642290,26,02:52,0,,0,,0,,0,,True,-23,0.0,0.6,0.7747,155.0,AtRim,2,172.0,OffTimeout,CON,02:35,,0,-6,False,shots,4Q/OT | margin -3..3 | 300..120,team
wnba,wnba_shot_pace,shot_pace,shots,get-shots,2025,Regular Season,team,"{'EntityType': 'Team', 'Season': '2025', 'SeasonType': 'Regular Season', 'TeamId': '1611661323', 'EntityId': '1611661323'}",shot_pace,1611661323,4Q/OT | margin -3..3 | 300..120,get-shots__shots__entity_type-Team__season-2025__season_type-Regular_Season__team_id-1611661323__entity_id-1611661323__9a6613a2,get-shots,https://api.pbpstats.com/get-shots/wnba?EntityType=Team&Season=2025&SeasonType=Regular+Season&TeamId=1611661323&EntityId=1611661323,200,333,,,,,,False,1611661324,155.0,501,2025-08-30,1022500252,1629497-1642290-1642800-1642841-203863,False,MIN,1628926-1629567-1630096-1642320-1642797,,,,,,1611661323,4,Marina Mabrey,1629497,26,02:52,0,,0,,0,,0,,False,-23,,2.8,0.5678,156.0,AtRim,2,172.0,OffTimeout,CON,02:36,,28,5,False,shots,4Q/OT | margin -3..3 | 300..120,team
wnba,wnba_shot_pace,shot_pace,shots,get-shots,2025,Regular Season,team,"{'EntityType': 'Team', 'Season': '2025', 'SeasonType': 'Regular Season', 'TeamId': '1611661323', 'EntityId': '1611661323'}",shot_pace,1611661323,4Q/OT | margin -3..3 | 300..120,get-shots__shots__entity_type-Team__season-2025__season_type-Regular_Season__team_id-1611661323__entity_id-1611661323__9a6613a2,get-shots,https://api.pbpstats.com/get-shots/wnba?EntityType=Team&Season=2025&SeasonType=Regular+Season&TeamId=1611661323&EntityId=1611661323,200,334,,,,,,False,1611661324,214.0,474,2025-08-30,1022500252,1629497-1642290-1642303-1642800-1642809,False,MIN,1627675-1629483-1629501-1629524-203825,,,,,,1611661323,4,Saniya Rivers,1642809,22,03:49,0,,1629483,Napheesa Collier,0,,0,,False,-18,,9.3,0.3957,215.0,ShortMidRange,2,229.0,OffAtRimMake,CON,03:35,,87,34,False,shots,4Q/OT | margin -3..3 | 300..120,team
wnba,wnba_shot_pace,shot_pace,shots,get-shots,2025,Regular Season,team,"{'EntityType': 'Team', 'Season': '2025', 'SeasonType': 'Regular Season', 'TeamId': '1611661323', 'EntityId': '1611661323'}",shot_pace,1611661323,4Q/OT | margin -3..3 | 300..120,get-shots__shots__entity_type-Team__season-2025__season_type-Regular_Season__team_id-1611661323__entity_id-1611661323__9a6613a2,get-shots,https://api.pbpstats.com/get-shots/wnba?EntityType=Team&Season=2025&SeasonType=Regular+Season&TeamId=1611661323&EntityId=1611661323,200,335,,,,,,False,1611661324,288.0,457,2025-08-30,1022500252,1628263-1642290-1642303-1642800-1642809,False,MIN,1627675-1629483-1629501-1629524-203825,,,,,,1611661323,4,Lindsay Allen,1628263,18,05:11,0,,1629501,Alanna Smith,0,,0,,False,-14,,12.2,0.3737,291.0,ShortMidRange,2,311.0,OffAtRimMake,CON,04:51,,121,16,False,shots,4Q/OT | margin -3..3 | 300..120,team
wnba,wnba_shot_pace,shot_pace,shots,get-shots,2025,Regular Season,team,"{'EntityType': 'Team', 'Season': '2025', 'SeasonType': 'Regular Season', 'TeamId': '1611661323', 'EntityId': '1611661323'}",shot_pace,1611661323,4Q/OT | margin -3..3 | 300..120,get-shots__shots__entity_type-Team__season-2025__season_type-Regular_Season__team_id-1611661323__entity_id-1611661323__9a6613a2,get-shots,https://api.pbpstats.com/get-shots/wnba?EntityType=Team&Season=2025&SeasonType=Regular+Season&TeamId=1611661323&EntityId=1611661323,200,336,,,,,,False,1611661324,321.0,452,2025-08-30,1022500252,1628263-1642290-1642303-1642800-1642809,False,MIN,1627675-1629483-1629501-1629524-203825,,,,,,1611661323,4,Saniya Rivers,1642809,16,05:39,0,,0,,0,,0,,False,-12,,26.2,0.3253,325.0,Arc3,3,339.0,OffTimeout,CON,05:25,,149,215,False,shots,4Q/OT | margin -3..3 | 300..120,team
wnba,wnba_shot_pace,shot_pace,shots,get-shots,2025,Regular Season,team,"{'EntityType': 'Team', 'Season': '2025', 'SeasonType': 'Regular Season', 'TeamId': '1611661323', 'EntityId': '1611661323'}",shot_pace,1611661323,4Q/OT | margin -3..3 | 300..120,get-shots__shots__entity_type-Team__season-2025__season_type-Regular_Season__team_id-1611661323__entity_id-1611661323__9a6613a2,get-shots,https://api.pbpstats.com/get-shots/wnba?EntityType=Team&Season=2025&SeasonType=Regular+Season&TeamId=1611661323&EntityId=1611661323,200,337,,,False,,,,1611661324,356.0,447,2025-08-30,1022500252,1628263-1642290-1642303-1642800-1642809,True,MIN,1627675-1629483-1629501-1629524-203825,Aneesah Morrow,1642800.0,Aaliyah Edwards,1642290.0,AtRim,1611661323,4,Aneesah Morrow,1642800,14,06:17,1642800,Aneesah Morrow,1629483,Napheesa Collier,0,,0,,True,-14,0.0,0.6,0.6644,356.0,AtRim,2,377.0,OffCorner3Miss,CON,05:56,,0,-6,False,shots,4Q/OT | margin -3..3 | 300..120,team
wnba,wnba_shot_pace,shot_pace,shots,get-shots,2025,Regular Season,team,"{'EntityType': 'Team', 'Season': '2025', 'SeasonType': 'Regular Season', 'TeamId': '1611661323', 'EntityId': '1611661323'}",shot_pace,1611661323,4Q/OT | margin -3..3 | 300..120,get-shots__shots__entity_type-Team__season-2025__season_type-Regular_Season__team_id-1611661323__entity_id-1611661323__9a6613a2,get-shots,https://api.pbpstats.com/get-shots/wnba?EntityType=Team&Season=2025&SeasonType=Regular+Season&TeamId=1611661323&EntityId=1611661323,200,338,,,,,,False,1611661324,356.0,444,2025-08-30,1022500252,1628263-1642290-1642303-1642800-1642809,False,MIN,1627675-1629483-1629501-1629524-203825,Aaliyah Edwards,1642290.0,Aaliyah Edwards,1642290.0,ShortMidRange,1611661323,4,Aaliyah Edwards,1642290,14,06:17,1642800,Aneesah Morrow,1629483,Napheesa Collier,0,,0,,True,-14,1.0,2.2,0.6155,357.0,AtRim,2,377.0,OffCorner3Miss,CON,05:57,,-22,-3,False,shots,4Q/OT | margin -3..3 | 300..120,team
wnba,wnba_shot_pace,shot_pace,shots,get-shots,2025,Regular Season,team,"{'EntityType': 'Team', 'Season': '2025', 'SeasonType': 'Regular Season', 'TeamId': '1611661323', 'EntityId': '1611661323'}",shot_pace,1611661323,4Q/OT | margin -3..3 | 300..120,get-shots__shots__entity_type-Team__season-2025__season_type-Regular_Season__team_id-1611661323__entity_id-1611661323__9a6613a2,get-shots,https://api.pbpstats.com/get-shots/wnba?EntityType=Team&Season=2025&SeasonType=Regular+Season&TeamId=1611661323&EntityId=1611661323,200,339,,,,,,False,1611661324,356.0,442,2025-08-30,1022500252,1628263-1642290-1642303-1642800-1642809,False,MIN,1627675-1629483-1629501-1629524-203825,,,,,,1611661323,4,Aaliyah Edwards,1642290,14,06:17,1642800,Aneesah Morrow,1629483,Napheesa Collier,0,,0,,False,-14,,13.7,0.3519,359.0,ShortMidRange,2,377.0,OffCorner3Miss,CON,05:59,,115,75,False,shots,4Q/OT | margin -3..3 | 300..120,team
wnba,wnba_shot_pace,shot_pace,shots,get-shots,2025,Regular Season,team,"{'EntityType': 'Team', 'Season': '2025', 'SeasonType': 'Regular Season', 'TeamId': '1611661323', 'EntityId': '1611661323'}",shot_pace,1611661323,4Q/OT | margin -3..3 | 300..120,get-shots__shots__entity_type-Team__season-2025__season_type-Regular_Season__team_id-1611661323__entity_id-1611661323__9a6613a2,get-shots,https://api.pbpstats.com/get-shots/wnba?EntityType=Team&Season=2025&SeasonType=Regular+Season&TeamId=1611661323&EntityId=1611661323,200,340,,,,,,False,1611661324,395.0,432,2025-08-30,1022500252,1628263-1629497-1642290-1642303-202250,False,MIN,1627675-1629483-1629501-1629524-203825,,,,,,1611661323,4,Lindsay Allen,1628263,12,07:05,0,,1627675,Courtney Williams,0,,0,,False,-14,,8.4,0.296,397.0,ShortMidRange,2,425.0,OffLongMidRangeMake,CON,06:37,,-46,70,False,shots,4Q/OT | margin -3..3 | 300..120,team
wnba,wnba_shot_pace,shot_pace,shots,get-shots,2025,Regular Season,team,"{'EntityType': 'Team', 'Season': '2025', 'SeasonType': 'Regular Season', 'TeamId': '1611661323', 'EntityId': '1611661323'}",shot_pace,1611661323,4Q/OT | margin -3..3 | 300..120,get-shots__shots__entity_type-Team__season-2025__season_type-Regular_Season__team_id-1611661323__entity_id-1611661323__9a6613a2,get-shots,https://api.pbpstats.com/get-shots/wnba?EntityType=Team&Season=2025&SeasonType=Regular+Season&TeamId=1611661323&EntityId=1611661323,200,341,,,,,,False,1611661324,433.0,429,2025-08-30,1022500252,1628263-1629497-1642290-1642303-202250,False,MIN,1627675-1629483-1629501-1629524-203825,,,,,,1611661323,4,Marina Mabrey,1629497,10,07:22,0,,0,,1628263,Lindsay Allen,203825,Kayla McBride,False,-12,,26.4,0.3013,437.0,Arc3,3,442.0,OffLiveBallTurnover,CON,07:17,,7,264,False,shots,4Q/OT | margin -3..3 | 300..120,team
wnba,wnba_shot_pace,shot_pace,shots,get-shots,2025,Regular Season,team,"{'EntityType': 'Team', 'Season': '2025', 'SeasonType': 'Regular Season', 'TeamId': '1611661323', 'EntityId': '1611661323'}",shot_pace,1611661323,4Q/OT | margin -3..3 | 300..120,get-shots__shots__entity_type-Team__season-2025__season_type-Regular_Season__team_id-1611661323__entity_id-1611661323__9a6613a2,get-shots,https://api.pbpstats.com/get-shots/wnba?EntityType=Team&Season=2025&SeasonType=Regular+Season&TeamId=1611661323&EntityId=1611661323,200,342,Tina Charles,202250.0,True,,,,1611661324,497.0,411,2025-08-30,1022500252,1628263-1629497-1642290-1642841-202250,True,MIN,1627675-1629491-1629501-1629567-1630096,,,,,,1611661323,4,Marina Mabrey,1629497,6,08:31,0,,1627675,Courtney Williams,0,,0,,False,-17,,26.8,0.3596,497.0,Arc3,3,511.0,OffShortMidRangeMake,CON,08:17,,-210,167,False,shots,4Q/OT | margin -3..3 | 300..120,team
wnba,wnba_shot_pace,shot_pace,shots,get-shots,2025,Regular Season,team,"{'EntityType': 'Team', 'Season': '2025', 'SeasonType': 'Regular Season', 'TeamId': '1611661323', 'EntityId': '1611661323'}",shot_pace,1611661323,4Q/OT | margin -3..3 | 300..120,get-shots__shots__entity_type-Team__season-2025__season_type-Regular_Season__team_id-1611661323__entity_id-1611661323__9a6613a2,get-shots,https://api.pbpstats.com/get-shots/wnba?EntityType=Team&Season=2025&SeasonType=Regular+Season&TeamId=1611661323&EntityId=1611661323,200,343,Marina Mabrey,1629497.0,True,,,,1611661324,563.0,403,2025-08-30,1022500252,1628263-1629497-1642290-1642841-202250,True,MIN,1627675-1629491-1629501-1629567-1630096,,,,,,1611661323,4,Aaliyah Edwards,1642290,2,09:47,0,,1630096,DiJonai Carrington,0,,0,,False,-14,,15.9,0.3043,563.0,LongMidRange,2,587.0,OffShortMidRangeMake,CON,09:23,,143,69,False,shots,4Q/OT | margin -3..3 | 300..120,team
wnba,wnba_shot_pace,shot_pace,shots,get-shots,2025,Regular Season,team,"{'EntityType': 'Team', 'Season': '2025', 'SeasonType': 'Regular Season', 'TeamId': '1611661323', 'EntityId': '1611661323'}",shot_pace,1611661323,4Q/OT | margin -3..3 | 300..120,get-shots__shots__entity_type-Team__season-2025__season_type-Regular_Season__team_id-1611661323__entity_id-1611661323__9a6613a2,get-shots,https://api.pbpstats.com/get-shots/wnba?EntityType=Team&Season=2025&SeasonType=Regular+Season&TeamId=1611661323&EntityId=1611661323,200,344,Lindsay Allen,1628263.0,True,,,,1611661324,21.0,393,2025-08-30,1022500252,1628263-1629497-1642290-1642841-202250,True,MIN,1627675-1628926-1629491-1629567-1630096,,,,,,1611661323,3,Tina Charles,202250,37,00:34,0,,1630096,DiJonai Carrington,0,,0,,False,-14,,11.2,0.3493,21.0,ShortMidRange,2,34.0,OffShortMidRangeMake,CON,00:21,,-112,9,False,shots,4Q/OT | margin -3..3 | 300..120,team
wnba,wnba_shot_pace,shot_pace,shots,get-shots,2025,Regular Season,team,"{'EntityType': 'Team', 'Season': '2025', 'SeasonType': 'Regular Season', 'TeamId': '1611661323', 'EntityId': '1611661323'}",shot_pace,1611661323,4Q/OT | margin -3..3 | 300..120,get-shots__shots__entity_type-Team__season-2025__season_type-Regular_Season__team_id-1611661323__entity_id-1611661323__9a6613a2,get-shots,https://api.pbpstats.com/get-shots/wnba?EntityType=Team&Season=2025&SeasonType=Regular+Season&TeamId=1611661323&EntityId=1611661323,200,345,Lindsay Allen,1628263.0,True,,,,1611661324,85.0,379,2025-08-30,1022500252,1628263-1629497-1642290-1642841-202250,True,MIN,1627675-1628926-1629491-1629567-1630096,,,,,,1611661323,3,Aaliyah Edwards,1642290,33,01:32,202250,Tina Charles,1630096,DiJonai Carrington,0,,0,,False,-13,,2.9,0.5766,85.0,AtRim,2,92.0,OffLongMidRangeMiss,CON,01:25,,24,16,False,shots,4Q/OT | margin -3..3 | 300..120,team
wnba,wnba_shot_pace,shot_pace,shots,get-shots,2025,Regular Season,team,"{'EntityType': 'Team', 'Season': '2025', 'SeasonType': 'Regular Season', 'TeamId': '1611661323', 'EntityId': '1611661323'}",shot_pace,1611661323,4Q/OT | margin -3..3 | 300..120,get-shots__shots__entity_type-Team__season-2025__season_type-Regular_Season__team_id-1611661323__entity_id-1611661323__9a6613a2,get-shots,https://api.pbpstats.com/get-shots/wnba?EntityType=Team&Season=2025&SeasonType=Regular+Season&TeamId=1611661323&EntityId=1611661323,200,346,Lindsay Allen,1628263.0,True,,,,1611661324,116.0,374,2025-08-30,1022500252,1628263-1629497-1642290-1642841-202250,True,MIN,1627675-1628926-1629491-1629567-1630096,,,,,,1611661323,3,Mamignan Touré,1642841,31,02:00,0,,0,,1628263,Lindsay Allen,1629491,Jessica Shepard,False,-16,,23.0,0.3852,116.0,Corner3,3,120.0,OffLiveBallTurnover,CON,01:56,,-227,34,False,shots,4Q/OT | margin -3..3 | 300..120,team
wnba,wnba_shot_pace,shot_pace,shots,get-shots,2025,Regular Season,team,"{'EntityType': 'Team', 'Season': '2025', 'SeasonType': 'Regular Season', 'TeamId': '1611661323', 'EntityId': '1611661323'}",shot_pace,1611661323,4Q/OT | margin -3..3 | 300..120,get-shots__shots__entity_type-Team__season-2025__season_type-Regular_Season__team_id-1611661323__entity_id-1611661323__9a6613a2,get-shots,https://api.pbpstats.com/get-shots/wnba?EntityType=Team&Season=2025&SeasonType=Regular+Season&TeamId=1611661323&EntityId=1611661323,200,347,,,,,,False,1611661324,124.0,370,2025-08-30,1022500252,1628263-1629497-1642290-1642841-202250,False,MIN,1627675-1628926-1629491-1629567-1630096,,,,,,1611661323,3,Marina Mabrey,1629497,29,02:19,0,,1629491,Jessica Shepard,0,,0,,False,-16,,23.9,0.374,125.0,Corner3,3,139.0,OffShortMidRangeMake,CON,02:05,,239,6,False,shots,4Q/OT | margin -3..3 | 300..120,team
wnba,wnba_shot_pace,shot_pace,shots,get-shots,2025,Regular Season,team,"{'EntityType': 'Team', 'Season': '2025', 'SeasonType': 'Regular Season', 'TeamId': '1611661323', 'EntityId': '1611661323'}",shot_pace,1611661323,4Q/OT | margin -3..3 | 300..120,get-shots__shots__entity_type-Team__season-2025__season_type-Regular_Season__team_id-1611661323__entity_id-1611661323__9a6613a2,get-shots,https://api.pbpstats.com/get-shots/wnba?EntityType=Team&Season=2025&SeasonType=Regular+Season&TeamId=1611661323&EntityId=1611661323,200,348,Aaliyah Edwards,1642290.0,True,,,,1611661324,167.0,362,2025-08-30,1022500252,1628263-1629497-1642290-1642841-202250,True,MIN,1627675-1628926-1629491-1629567-1630096,,,,,,1611661323,3,Mamignan Touré,1642841,27,03:06,0,,0,,0,,0,,False,-17,,24.8,0.3369,167.0,Arc3,3,186.0,OffDeadball,CON,02:47,,-7,248,False,shots,4Q/OT | margin -3..3 | 300..120,team
wnba,wnba_shot_pace,shot_pace,shots,get-shots,2025,Regular Season,team,"{'EntityType': 'Team', 'Season': '2025', 'SeasonType': 'Regular Season', 'TeamId': '1611661323', 'EntityId': '1611661323'}",shot_pace,1611661323,4Q/OT | margin -3..3 | 300..120,get-shots__shots__entity_type-Team__season-2025__season_type-Regular_Season__team_id-1611661323__entity_id-1611661323__9a6613a2,get-shots,https://api.pbpstats.com/get-shots/wnba?EntityType=Team&Season=2025&SeasonType=Regular+Season&TeamId=1611661323&EntityId=1611661323,200,349,,,,,,False,1611661324,210.0,339,2025-08-30,1022500252,1628263-1629497-1642290-1642809-202250,False,MIN,1629483-1629491-1629567-1630096-203825,,,,,,1611661323,3,Saniya Rivers,1642809,25,03:42,0,,1630096,DiJonai Carrington,0,,0,,False,-19,,3.8,0.542,213.0,AtRim,2,222.0,OffAtRimMake,CON,03:33,,28,25,False,shots,4Q/OT | margin -3..3 | 300..120,team
wnba,wnba_shot_pace,shot_pace,shots,get-shots,2025,Regular Season,team,"{'EntityType': 'Team', 'Season': '2025', 'SeasonType': 'Regular Season', 'TeamId': '1611661323', 'EntityId': '1611661323'}",shot_pace,1611661323,4Q/OT | margin -3..3 | 300..120,get-shots__shots__entity_type-Team__season-2025__season_type-Regular_Season__team_id-1611661323__entity_id-1611661323__9a6613a2,get-shots,https://api.pbpstats.com/get-shots/wnba?EntityType=Team&Season=2025&SeasonType=Regular+Season&TeamId=1611661323&EntityId=1611661323,200,350,,,,,,False,1611661324,258.0,327,2025-08-30,1022500252,1628263-1629497-1642290-1642809-202250,False,MIN,1629483-1629491-1629567-1630096-203825,,,,,,1611661323,3,Tina Charles,202250,21,04:38,0,,0,,1642809,Saniya Rivers,203825,Kayla McBride,False,-17,,4.0,0.4659,262.0,ShortMidRange,2,278.0,OffLiveBallTurnover,CON,04:22,,-1,40,False,shots,4Q/OT | margin -3..3 | 300..120,team
wnba,wnba_shot_pace,shot_pace,shots,get-shots,2025,Regular Season,team,"{'EntityType': 'Team', 'Season': '2025', 'SeasonType': 'Regular Season', 'TeamId': '1611661323', 'EntityId': '1611661323'}",shot_pace,1611661323,4Q/OT | margin -3..3 | 300..120,get-shots__shots__entity_type-Team__season-2025__season_type-Regular_Season__team_id-1611661323__entity_id-1611661323__9a6613a2,get-shots,https://api.pbpstats.com/get-shots/wnba?EntityType=Team&Season=2025&SeasonType=Regular+Season&TeamId=1611661323&EntityId=1611661323,200,351,,,,,,False,1611661324,317.0,303,2025-08-30,1022500252,1628263-1629497-1642800-1642809-202250,False,MIN,1627675-1629483-1629501-1629524-203825,,,,,,1611661323,3,Saniya Rivers,1642809,17,05:44,0,,1629483,Napheesa Collier,0,,0,,False,-17,,28.4,0.2041,317.0,Arc3,3,344.0,OffArc3Make,CON,05:17,,-141,246,False,shots,4Q/OT | margin -3..3 | 300..120,team
wnba,wnba_shot_pace,shot_pace,shots,get-shots,2025,Regular Season,team,"{'EntityType': 'Team', 'Season': '2025', 'SeasonType': 'Regular Season', 'TeamId': '1611661323', 'EntityId': '1611661323'}",shot_pace,1611661323,4Q/OT | margin -3..3 | 300..120,get-shots__shots__entity_type-Team__season-2025__season_type-Regular_Season__team_id-1611661323__entity_id-1611661323__9a6613a2,get-shots,https://api.pbpstats.com/get-shots/wnba?EntityType=Team&Season=2025&SeasonType=Regular+Season&TeamId=1611661323&EntityId=1611661323,200,352,Tina Charles,202250.0,True,,,,1611661324,372.0,292,2025-08-30,1022500252,1629497-1642303-1642800-1642809-202250,True,MIN,1627675-1629483-1629501-1629524-203825,,,,,,1611661323,3,Aneesah Morrow,1642800,15,06:22,202250,Tina Charles,1629524,Bridget Carleton,0,,0,,False,-17,,3.2,0.565,372.0,AtRim,2,382.0,OffArc3Miss,CON,06:12,,-28,16,False,shots,4Q/OT | margin -3..3 | 300..120,team
wnba,wnba_shot_pace,shot_pace,shots,get-shots,2025,Regular Season,team,"{'EntityType': 'Team', 'Season': '2025', 'SeasonType': 'Regular Season', 'TeamId': '1611661323', 'EntityId': '1611661323'}",shot_pace,1611661323,4Q/OT | margin -3..3 | 300..120,get-shots__shots__entity_type-Team__season-2025__season_type-Regular_Season__team_id-1611661323__entity_id-1611661323__9a6613a2,get-shots,https://api.pbpstats.com/get-shots/wnba?EntityType=Team&Season=2025&SeasonType=Regular+Season&TeamId=1611661323&EntityId=1611661323,200,353,Leïla Lacan,1642303.0,True,,,,1611661324,407.0,288,2025-08-30,1022500252,1629497-1642303-1642800-1642809-202250,True,MIN,1627675-1629483-1629501-1629524-203825,,,,,,1611661323,3,Saniya Rivers,1642809,13,06:57,0,,1629483,Napheesa Collier,0,,0,,False,-20,,23.0,0.3923,407.0,Corner3,3,417.0,OffShortMidRangeMake,CON,06:47,,-230,9,False,shots,4Q/OT | margin -3..3 | 300..120,team
wnba,wnba_shot_pace,shot_pace,shots,get-shots,2025,Regular Season,team,"{'EntityType': 'Team', 'Season': '2025', 'SeasonType': 'Regular Season', 'TeamId': '1611661323', 'EntityId': '1611661323'}",shot_pace,1611661323,4Q/OT | margin -3..3 | 300..120,get-shots__shots__entity_type-Team__season-2025__season_type-Regular_Season__team_id-1611661323__entity_id-1611661323__9a6613a2,get-shots,https://api.pbpstats.com/get-shots/wnba?EntityType=Team&Season=2025&SeasonType=Regular+Season&TeamId=1611661323&EntityId=1611661323,200,354,,,,,,False,1611661324,430.0,284,2025-08-30,1022500252,1629497-1642303-1642800-1642809-202250,False,MIN,1627675-1629483-1629501-1629524-203825,,,,,,1611661323,3,Tina Charles,202250,11,07:29,1642800,Aneesah Morrow,1629483,Napheesa Collier,0,,0,,False,-18,,5.1,0.4459,433.0,ShortMidRange,2,449.0,OffShortMidRangeMiss,CON,07:13,,-12,50,False,shots,4Q/OT | margin -3..3 | 300..120,team
wnba,wnba_shot_pace,shot_pace,shots,get-shots,2025,Regular Season,team,"{'EntityType': 'Team', 'Season': '2025', 'SeasonType': 'Regular Season', 'TeamId': '1611661323', 'EntityId': '1611661323'}",shot_pace,1611661323,4Q/OT | margin -3..3 | 300..120,get-shots__shots__entity_type-Team__season-2025__season_type-Regular_Season__team_id-1611661323__entity_id-1611661323__9a6613a2,get-shots,https://api.pbpstats.com/get-shots/wnba?EntityType=Team&Season=2025&SeasonType=Regular+Season&TeamId=1611661323&EntityId=1611661323,200,355,,,,Napheesa Collier,1629483.0,True,1611661324,478.0,272,2025-08-30,1022500252,1629497-1642303-1642800-1642809-202250,False,MIN,1627675-1629483-1629501-1629524-203825,,,,,,1611661323,3,Aneesah Morrow,1642800,7,08:11,0,,1629501,Alanna Smith,0,,0,,False,-18,,4.5,0.464,479.0,ShortMidRange,2,491.0,OffAtRimMake,CON,07:59,,39,22,False,shots,4Q/OT | margin -3..3 | 300..120,team
wnba,wnba_shot_pace,shot_pace,shots,get-shots,2025,Regular Season,team,"{'EntityType': 'Team', 'Season': '2025', 'SeasonType': 'Regular Season', 'TeamId': '1611661323', 'EntityId': '1611661323'}",shot_pace,1611661323,4Q/OT | margin -3..3 | 300..120,get-shots__shots__entity_type-Team__season-2025__season_type-Regular_Season__team_id-1611661323__entity_id-1611661323__9a6613a2,get-shots,https://api.pbpstats.com/get-shots/wnba?EntityType=Team&Season=2025&SeasonType=Regular+Season&TeamId=1611661323&EntityId=1611661323,200,356,Leïla Lacan,1642303.0,True,,,,1611661324,508.0,268,2025-08-30,1022500252,1629497-1642303-1642800-1642809-202250,True,MIN,1627675-1629483-1629501-1629524-203825,Saniya Rivers,1642809.0,Saniya Rivers,1642809.0,LongMidRange,1611661323,3,Tina Charles,202250,5,08:54,0,,1629483,Napheesa Collier,0,,0,,False,-18,8.0,13.0,0.3949,508.0,ShortMidRange,2,534.0,OffAtRimMake,CON,08:28,,121,48,False,shots,4Q/OT | margin -3..3 | 300..120,team
wnba,wnba_shot_pace,shot_pace,shots,get-shots,2025,Regular Season,team,"{'EntityType': 'Team', 'Season': '2025', 'SeasonType': 'Regular Season', 'TeamId': '1611661323', 'EntityId': '1611661323'}",shot_pace,1611661323,4Q/OT | margin -3..3 | 300..120,get-shots__shots__entity_type-Team__season-2025__season_type-Regular_Season__team_id-1611661323__entity_id-1611661323__9a6613a2,get-shots,https://api.pbpstats.com/get-shots/wnba?EntityType=Team&Season=2025&SeasonType=Regular+Season&TeamId=1611661323&EntityId=1611661323,200,357,,,,,,False,1611661324,508.0,266,2025-08-30,1022500252,1629497-1642303-1642800-1642809-202250,False,MIN,1627675-1629483-1629501-1629524-203825,,,,,,1611661323,3,Saniya Rivers,1642809,5,08:54,0,,1629483,Napheesa Collier,0,,0,,False,-18,,15.0,0.4251,517.0,LongMidRange,2,534.0,OffAtRimMake,CON,08:37,,4,150,False,shots,4Q/OT | margin -3..3 | 300..120,team
wnba,wnba_shot_pace,shot_pace,shots,get-shots,2025,Regular Season,team,"{'EntityType': 'Team', 'Season': '2025', 'SeasonType': 'Regular Season', 'TeamId': '1611661323', 'EntityId': '1611661323'}",shot_pace,1611661323,4Q/OT | margin -3..3 | 300..120,get-shots__shots__entity_type-Team__season-2025__season_type-Regular_Season__team_id-1611661323__entity_id-1611661323__9a6613a2,get-shots,https://api.pbpstats.com/get-shots/wnba?EntityType=Team&Season=2025&SeasonType=Regular+Season&TeamId=1611661323&EntityId=1611661323,200,358,,,,,,False,1611661324,572.0,258,2025-08-30,1022500252,1629497-1642303-1642800-1642809-202250,False,MIN,1627675-1629483-1629501-1629524-203825,,,,,,1611661323,3,Marina Mabrey,1629497,1,10:00,0,,0,,0,,0,,False,-13,,27.9,0.1724,577.0,Arc3,3,600.0,OffDeadball,CON,09:37,,-136,244,False,shots,4Q/OT | margin -3..3 | 300..120,team
wnba,wnba_shot_pace,shot_pace,shots,get-shots,2025,Regular Season,team,"{'EntityType': 'Team', 'Season': '2025', 'SeasonType': 'Regular Season', 'TeamId': '1611661323', 'EntityId': '1611661323'}",shot_pace,1611661323,4Q/OT | margin -3..3 | 300..120,get-shots__shots__entity_type-Team__season-2025__season_type-Regular_Season__team_id-1611661323__entity_id-1611661323__9a6613a2,get-shots,https://api.pbpstats.com/get-shots/wnba?EntityType=Team&Season=2025&SeasonType=Regular+Season&TeamId=1611661323&EntityId=1611661323,200,359,,,,,,False,1611661324,0.0,250,2025-08-30,1022500252,1628263-1629497-1642303-1642800-202250,False,MIN,1629483-1629501-1629524-1629567-203825,,,,,,1611661323,2,Aneesah Morrow,1642800,35,00:06,1642800,Aneesah Morrow,1629501,Alanna Smith,0,,0,,False,-13,,19.0,0.1893,0.0,LongMidRange,2,6.0,OffArc3Miss,CON,00:00,,47,184,False,shots,4Q/OT | margin -3..3 | 300..120,team
wnba,wnba_shot_pace,shot_pace,shots,get-shots,2025,Regular Season,team,"{'EntityType': 'Team', 'Season': '2025', 'SeasonType': 'Regular Season', 'TeamId': '1611661323', 'EntityId': '1611661323'}",shot_pace,1611661323,4Q/OT | margin -3..3 | 300..120,get-shots__shots__entity_type-Team__season-2025__season_type-Regular_Season__team_id-1611661323__entity_id-1611661323__9a6613a2,get-shots,https://api.pbpstats.com/get-shots/wnba?EntityType=Team&Season=2025&SeasonType=Regular+Season&TeamId=1611661323&EntityId=1611661323,200,360,Marina Mabrey,1629497.0,True,,,,1611661324,30.0,246,2025-08-30,1022500252,1628263-1629497-1642303-1642800-202250,True,MIN,1629483-1629501-1629524-1629567-203825,,,,,,1611661323,2,Tina Charles,202250,33,00:35,1642800,Aneesah Morrow,1629567,Natisha Hiedeman,0,,0,,False,-15,,3.7,0.498,30.0,AtRim,2,35.0,OffAtRimBlock,CON,00:30,,35,11,False,shots,4Q/OT | margin -3..3 | 300..120,team
wnba,wnba_shot_pace,shot_pace,shots,get-shots,2025,Regular Season,team,"{'EntityType': 'Team', 'Season': '2025', 'SeasonType': 'Regular Season', 'TeamId': '1611661323', 'EntityId': '1611661323'}",shot_pace,1611661323,4Q/OT | margin -3..3 | 300..120,get-shots__shots__entity_type-Team__season-2025__season_type-Regular_Season__team_id-1611661323__entity_id-1611661323__9a6613a2,get-shots,https://api.pbpstats.com/get-shots/wnba?EntityType=Team&Season=2025&SeasonType=Regular+Season&TeamId=1611661323&EntityId=1611661323,200,361,,,,,,False,1611661324,53.0,231,2025-08-30,1022500252,1628263-1629497-1642303-202250-203863,False,MIN,1629483-1629501-1629524-1629567-203825,Lindsay Allen,1628263.0,Leïla Lacan,1642303.0,AtRim,1611661323,2,Haley Peters,203863,31,01:31,0,,1629483,Napheesa Collier,0,,0,,False,-14,1.0,25.7,0.4057,67.0,Arc3,3,91.0,OffLongMidRangeMake,CON,01:07,,82,244,False,shots,4Q/OT | margin -3..3 | 300..120,team
wnba,wnba_shot_pace,shot_pace,shots,get-shots,2025,Regular Season,team,"{'EntityType': 'Team', 'Season': '2025', 'SeasonType': 'Regular Season', 'TeamId': '1611661323', 'EntityId': '1611661323'}",shot_pace,1611661323,4Q/OT | margin -3..3 | 300..120,get-shots__shots__entity_type-Team__season-2025__season_type-Regular_Season__team_id-1611661323__entity_id-1611661323__9a6613a2,get-shots,https://api.pbpstats.com/get-shots/wnba?EntityType=Team&Season=2025&SeasonType=Regular+Season&TeamId=1611661323&EntityId=1611661323,200,362,,,,,,False,1611661324,53.0,229,2025-08-30,1022500252,1628263-1629497-1642303-202250-203863,False,MIN,1629483-1629501-1629524-1629567-203825,,,,,,1611661323,2,Leïla Lacan,1642303,31,01:31,0,,1629483,Napheesa Collier,0,,0,,False,-14,,2.1,0.5767,70.0,AtRim,2,91.0,OffLongMidRangeMake,CON,01:10,,5,20,False,shots,4Q/OT | margin -3..3 | 300..120,team
wnba,wnba_shot_pace,shot_pace,shots,get-shots,2025,Regular Season,team,"{'EntityType': 'Team', 'Season': '2025', 'SeasonType': 'Regular Season', 'TeamId': '1611661323', 'EntityId': '1611661323'}",shot_pace,1611661323,4Q/OT | margin -3..3 | 300..120,get-shots__shots__entity_type-Team__season-2025__season_type-Regular_Season__team_id-1611661323__entity_id-1611661323__9a6613a2,get-shots,https://api.pbpstats.com/get-shots/wnba?EntityType=Team&Season=2025&SeasonType=Regular+Season&TeamId=1611661323&EntityId=1611661323,200,363,Tina Charles,202250.0,True,,,,1611661324,134.0,213,2025-08-30,1022500252,1629497-1642303-1642809-202250-203863,True,MIN,1627675-1629483-1629501-1629524-203825,,,,,,1611661323,2,Leïla Lacan,1642303,29,02:42,0,,1627675,Courtney Williams,0,,0,,False,-14,,18.9,0.2852,134.0,LongMidRange,2,162.0,OffArc3Make,CON,02:14,,-167,89,False,shots,4Q/OT | margin -3..3 | 300..120,team
wnba,wnba_shot_pace,shot_pace,shots,get-shots,2025,Regular Season,team,"{'EntityType': 'Team', 'Season': '2025', 'SeasonType': 'Regular Season', 'TeamId': '1611661323', 'EntityId': '1611661323'}",shot_pace,1611661323,4Q/OT | margin -3..3 | 300..120,get-shots__shots__entity_type-Team__season-2025__season_type-Regular_Season__team_id-1611661323__entity_id-1611661323__9a6613a2,get-shots,https://api.pbpstats.com/get-shots/wnba?EntityType=Team&Season=2025&SeasonType=Regular+Season&TeamId=1611661323&EntityId=1611661323,200,364,,,,,,False,1611661324,182.0,209,2025-08-30,1022500252,1629497-1642303-1642809-202250-203863,False,MIN,1627675-1629483-1629501-1629524-203825,,,,,,1611661323,2,Saniya Rivers,1642809,27,03:16,203863,Haley Peters,1629483,Napheesa Collier,0,,0,,False,-11,,12.5,0.3909,185.0,ShortMidRange,2,196.0,OffShortMidRangeMiss,CON,03:05,,124,-14,False,shots,4Q/OT | margin -3..3 | 300..120,team
wnba,wnba_shot_pace,shot_pace,shots,get-shots,2025,Regular Season,team,"{'EntityType': 'Team', 'Season': '2025', 'SeasonType': 'Regular Season', 'TeamId': '1611661323', 'EntityId': '1611661323'}",shot_pace,1611661323,4Q/OT | margin -3..3 | 300..120,get-shots__shots__entity_type-Team__season-2025__season_type-Regular_Season__team_id-1611661323__entity_id-1611661323__9a6613a2,get-shots,https://api.pbpstats.com/get-shots/wnba?EntityType=Team&Season=2025&SeasonType=Regular+Season&TeamId=1611661323&EntityId=1611661323,200,365,,,,,,False,1611661324,209.0,205,2025-08-30,1022500252,1629497-1642303-1642809-202250-203863,False,MIN,1627675-1629483-1629501-1629524-203825,,,,,,1611661323,2,Marina Mabrey,1629497,25,03:39,203863,Haley Peters,203825,Kayla McBride,0,,0,,False,-11,,11.3,0.41,211.0,ShortMidRange,2,219.0,OffArc3Miss,CON,03:31,,-43,104,False,shots,4Q/OT | margin -3..3 | 300..120,team
wnba,wnba_shot_pace,shot_pace,shots,get-shots,2025,Regular Season,team,"{'EntityType': 'Team', 'Season': '2025', 'SeasonType': 'Regular Season', 'TeamId': '1611661323', 'EntityId': '1611661323'}",shot_pace,1611661323,4Q/OT | margin -3..3 | 300..120,get-shots__shots__entity_type-Team__season-2025__season_type-Regular_Season__team_id-1611661323__entity_id-1611661323__9a6613a2,get-shots,https://api.pbpstats.com/get-shots/wnba?EntityType=Team&Season=2025&SeasonType=Regular+Season&TeamId=1611661323&EntityId=1611661323,200,366,,,,,,False,1611661324,228.0,200,2025-08-30,1022500252,1629497-1642303-1642809-202250-203863,False,MIN,1627675-1629483-1629501-1629524-203825,,,,,,1611661323,2,Marina Mabrey,1629497,23,04:05,203863,Haley Peters,203825,Kayla McBride,0,,0,,False,-11,,26.3,0.3309,230.0,Arc3,3,245.0,OffCorner3Miss,CON,03:50,,-78,251,False,shots,4Q/OT | margin -3..3 | 300..120,team
wnba,wnba_shot_pace,shot_pace,shots,get-shots,2025,Regular Season,team,"{'EntityType': 'Team', 'Season': '2025', 'SeasonType': 'Regular Season', 'TeamId': '1611661323', 'EntityId': '1611661323'}",shot_pace,1611661323,4Q/OT | margin -3..3 | 300..120,get-shots__shots__entity_type-Team__season-2025__season_type-Regular_Season__team_id-1611661323__entity_id-1611661323__9a6613a2,get-shots,https://api.pbpstats.com/get-shots/wnba?EntityType=Team&Season=2025&SeasonType=Regular+Season&TeamId=1611661323&EntityId=1611661323,200,367,,,False,,,,1611661324,288.0,189,2025-08-30,1022500252,1629497-1642303-1642809-202250-203863,True,MIN,1627675-1629483-1629501-1629524-203825,Haley Peters,203863.0,Leïla Lacan,1642303.0,Arc3,1611661323,2,Marina Mabrey,1629497,19,05:40,0,,0,,0,,0,,False,-11,8.0,10.2,0.4116,288.0,ShortMidRange,2,340.0,OffTimeout,CON,04:48,,45,92,False,shots,4Q/OT | margin -3..3 | 300..120,team
wnba,wnba_shot_pace,shot_pace,shots,get-shots,2025,Regular Season,team,"{'EntityType': 'Team', 'Season': '2025', 'SeasonType': 'Regular Season', 'TeamId': '1611661323', 'EntityId': '1611661323'}",shot_pace,1611661323,4Q/OT | margin -3..3 | 300..120,get-shots__shots__entity_type-Team__season-2025__season_type-Regular_Season__team_id-1611661323__entity_id-1611661323__9a6613a2,get-shots,https://api.pbpstats.com/get-shots/wnba?EntityType=Team&Season=2025&SeasonType=Regular+Season&TeamId=1611661323&EntityId=1611661323,200,368,,,,,,False,1611661324,288.0,187,2025-08-30,1022500252,1629497-1642303-1642809-202250-203863,False,MIN,1627675-1629483-1629501-1629524-203825,Marina Mabrey,1629497.0,Leïla Lacan,1642303.0,LongMidRange,1611661323,2,Leïla Lacan,1642303,19,05:40,0,,0,,0,,0,,False,-11,12.0,28.6,0.3688,300.0,Arc3,3,340.0,OffTimeout,CON,05:00,,0,286,False,shots,4Q/OT | margin -3..3 | 300..120,team
wnba,wnba_shot_pace,shot_pace,shots,get-shots,2025,Regular Season,team,"{'EntityType': 'Team', 'Season': '2025', 'SeasonType': 'Regular Season', 'TeamId': '1611661323', 'EntityId': '1611661323'}",shot_pace,1611661323,4Q/OT | margin -3..3 | 300..120,get-shots__shots__entity_type-Team__season-2025__season_type-Regular_Season__team_id-1611661323__entity_id-1611661323__9a6613a2,get-shots,https://api.pbpstats.com/get-shots/wnba?EntityType=Team&Season=2025&SeasonType=Regular+Season&TeamId=1611661323&EntityId=1611661323,200,369,,,,,,False,1611661324,288.0,185,2025-08-30,1022500252,1629497-1642303-1642809-202250-203863,False,MIN,1627675-1629483-1629501-1629524-203825,,,,,,1611661323,2,Leïla Lacan,1642303,19,05:40,0,,0,,0,,0,,False,-11,,17.7,0.272,315.0,LongMidRange,2,340.0,OffTimeout,CON,05:15,,63,165,False,shots,4Q/OT | margin -3..3 | 300..120,team
wnba,wnba_shot_pace,shot_pace,shots,get-shots,2025,Regular Season,team,"{'EntityType': 'Team', 'Season': '2025', 'SeasonType': 'Regular Season', 'TeamId': '1611661323', 'EntityId': '1611661323'}",shot_pace,1611661323,4Q/OT | margin -3..3 | 300..120,get-shots__shots__entity_type-Team__season-2025__season_type-Regular_Season__team_id-1611661323__entity_id-1611661323__9a6613a2,get-shots,https://api.pbpstats.com/get-shots/wnba?EntityType=Team&Season=2025&SeasonType=Regular+Season&TeamId=1611661323&EntityId=1611661323,200,370,,,,Maria Kliundikova,1628926.0,True,1611661324,343.0,170,2025-08-30,1022500252,1629497-1642303-1642841-202250-203863,False,MIN,1627675-1628926-1629491-1629567-1630096,,,,,,1611661323,2,Tina Charles,202250,17,06:01,0,,0,,0,,0,,False,-9,,8.2,0.3677,346.0,ShortMidRange,2,361.0,OffDeadball,CON,05:46,,-45,68,False,shots,4Q/OT | margin -3..3 | 300..120,team
wnba,wnba_shot_pace,shot_pace,shots,get-shots,2025,Regular Season,team,"{'EntityType': 'Team', 'Season': '2025', 'SeasonType': 'Regular Season', 'TeamId': '1611661323', 'EntityId': '1611661323'}",shot_pace,1611661323,4Q/OT | margin -3..3 | 300..120,get-shots__shots__entity_type-Team__season-2025__season_type-Regular_Season__team_id-1611661323__entity_id-1611661323__9a6613a2,get-shots,https://api.pbpstats.com/get-shots/wnba?EntityType=Team&Season=2025&SeasonType=Regular+Season&TeamId=1611661323&EntityId=1611661323,200,371,,,False,,,,1611661324,385.0,164,2025-08-30,1022500252,1642290-1642303-1642809-1642841-203863,True,MIN,1627675-1628926-1629491-1629567-1630096,Mamignan Touré,1642841.0,Aaliyah Edwards,1642290.0,LongMidRange,1611661323,2,Mamignan Touré,1642841,15,06:41,0,,1630096,DiJonai Carrington,0,,0,,True,-11,0.0,0.6,0.6526,385.0,AtRim,2,401.0,OffAtRimMake,CON,06:25,,0,-6,False,shots,4Q/OT | margin -3..3 | 300..120,team
wnba,wnba_shot_pace,shot_pace,shots,get-shots,2025,Regular Season,team,"{'EntityType': 'Team', 'Season': '2025', 'SeasonType': 'Regular Season', 'TeamId': '1611661323', 'EntityId': '1611661323'}",shot_pace,1611661323,4Q/OT | margin -3..3 | 300..120,get-shots__shots__entity_type-Team__season-2025__season_type-Regular_Season__team_id-1611661323__entity_id-1611661323__9a6613a2,get-shots,https://api.pbpstats.com/get-shots/wnba?EntityType=Team&Season=2025&SeasonType=Regular+Season&TeamId=1611661323&EntityId=1611661323,200,372,,,,,,False,1611661324,385.0,162,2025-08-30,1022500252,1642290-1642303-1642809-1642841-203863,False,MIN,1627675-1628926-1629491-1629567-1630096,,,,,,1611661323,2,Aaliyah Edwards,1642290,15,06:41,0,,1630096,DiJonai Carrington,0,,0,,False,-11,,18.5,0.4034,389.0,LongMidRange,2,401.0,OffAtRimMake,CON,06:29,,-60,175,False,shots,4Q/OT | margin -3..3 | 300..120,team
wnba,wnba_shot_pace,shot_pace,shots,get-shots,2025,Regular Season,team,"{'EntityType': 'Team', 'Season': '2025', 'SeasonType': 'Regular Season', 'TeamId': '1611661323', 'EntityId': '1611661323'}",shot_pace,1611661323,4Q/OT | margin -3..3 | 300..120,get-shots__shots__entity_type-Team__season-2025__season_type-Regular_Season__team_id-1611661323__entity_id-1611661323__9a6613a2,get-shots,https://api.pbpstats.com/get-shots/wnba?EntityType=Team&Season=2025&SeasonType=Regular+Season&TeamId=1611661323&EntityId=1611661323,200,373,,,,,,False,1611661324,402.0,158,2025-08-30,1022500252,1642290-1642303-1642809-1642841-203863,False,MIN,1627675-1628926-1629491-1629567-1630096,,0.0,Haley Peters,203863.0,Team,1611661323,2,Leïla Lacan,1642303,13,07:10,0,,0,,0,,0,,False,-9,12.0,10.4,0.3651,404.0,ShortMidRange,2,430.0,OffDeadball,CON,06:44,,34,98,False,shots,4Q/OT | margin -3..3 | 300..120,team
wnba,wnba_shot_pace,shot_pace,shots,get-shots,2025,Regular Season,team,"{'EntityType': 'Team', 'Season': '2025', 'SeasonType': 'Regular Season', 'TeamId': '1611661323', 'EntityId': '1611661323'}",shot_pace,1611661323,4Q/OT | margin -3..3 | 300..120,get-shots__shots__entity_type-Team__season-2025__season_type-Regular_Season__team_id-1611661323__entity_id-1611661323__9a6613a2,get-shots,https://api.pbpstats.com/get-shots/wnba?EntityType=Team&Season=2025&SeasonType=Regular+Season&TeamId=1611661323&EntityId=1611661323,200,374,,,,,,False,1611661324,402.0,152,2025-08-30,1022500252,1642290-1642303-1642809-1642841-203863,False,MIN,1627675-1628926-1629491-1629567-1630096,,,,,,1611661323,2,Haley Peters,203863,13,07:10,0,,0,,0,,0,,False,-9,,20.8,0.3903,416.0,LongMidRange,2,430.0,OffDeadball,CON,06:56,,-10,208,False,shots,4Q/OT | margin -3..3 | 300..120,team
wnba,wnba_shot_pace,shot_pace,shots,get-shots,2025,Regular Season,team,"{'EntityType': 'Team', 'Season': '2025', 'SeasonType': 'Regular Season', 'TeamId': '1611661323', 'EntityId': '1611661323'}",shot_pace,1611661323,4Q/OT | margin -3..3 | 300..120,get-shots__shots__entity_type-Team__season-2025__season_type-Regular_Season__team_id-1611661323__entity_id-1611661323__9a6613a2,get-shots,https://api.pbpstats.com/get-shots/wnba?EntityType=Team&Season=2025&SeasonType=Regular+Season&TeamId=1611661323&EntityId=1611661323,200,375,,,,Natisha Hiedeman,1629567.0,True,1611661324,462.0,142,2025-08-30,1022500252,1642290-1642303-1642800-1642809-1642841,False,MIN,1627675-1628926-1629491-1629567-1630096,,,,,,1611661323,2,Aneesah Morrow,1642800,9,08:04,0,,0,,0,,0,,False,-6,,4.6,0.4562,466.0,ShortMidRange,2,484.0,OffFTMake,CON,07:46,,44,15,False,shots,4Q/OT | margin -3..3 | 300..120,team
wnba,wnba_shot_pace,shot_pace,shots,get-shots,2025,Regular Season,team,"{'EntityType': 'Team', 'Season': '2025', 'SeasonType': 'Regular Season', 'TeamId': '1611661323', 'EntityId': '1611661323'}",shot_pace,1611661323,4Q/OT | margin -3..3 | 300..120,get-shots__shots__entity_type-Team__season-2025__season_type-Regular_Season__team_id-1611661323__entity_id-1611661323__9a6613a2,get-shots,https://api.pbpstats.com/get-shots/wnba?EntityType=Team&Season=2025&SeasonType=Regular+Season&TeamId=1611661323&EntityId=1611661323,200,376,,,,,,False,1611661324,527.0,127,2025-08-30,1022500252,1629497-1642290-1642800-1642809-1642841,False,MIN,1627675-1628926-1629491-1629567-1630096,,,,,,1611661323,2,Saniya Rivers,1642809,5,09:16,0,,1629567,Natisha Hiedeman,0,,0,,False,-4,,26.2,0.2621,530.0,Arc3,3,556.0,OffAtRimMake,CON,08:50,,141,221,False,shots,4Q/OT | margin -3..3 | 300..120,team
wnba,wnba_shot_pace,shot_pace,shots,get-shots,2025,Regular Season,team,"{'EntityType': 'Team', 'Season': '2025', 'SeasonType': 'Regular Season', 'TeamId': '1611661323', 'EntityId': '1611661323'}",shot_pace,1611661323,4Q/OT | margin -3..3 | 300..120,get-shots__shots__entity_type-Team__season-2025__season_type-Regular_Season__team_id-1611661323__entity_id-1611661323__9a6613a2,get-shots,https://api.pbpstats.com/get-shots/wnba?EntityType=Team&Season=2025&SeasonType=Regular+Season&TeamId=1611661323&EntityId=1611661323,200,377,Aaliyah Edwards,1642290.0,True,,,,1611661324,565.0,124,2025-08-30,1022500252,1629497-1642290-1642800-1642809-1642841,True,MIN,1627675-1628926-1629491-1629567-1630096,,,,,,1611661323,2,Saniya Rivers,1642809,3,09:42,0,,0,,0,,0,,False,-4,,16.4,0.4109,565.0,LongMidRange,2,582.0,OffFTMake,CON,09:25,,8,164,False,shots,4Q/OT | margin -3..3 | 300..120,team
wnba,wnba_shot_pace,shot_pace,shots,get-shots,2025,Regular Season,team,"{'EntityType': 'Team', 'Season': '2025', 'SeasonType': 'Regular Season', 'TeamId': '1611661323', 'EntityId': '1611661323'}",shot_pace,1611661323,4Q/OT | margin -3..3 | 300..120,get-shots__shots__entity_type-Team__season-2025__season_type-Regular_Season__team_id-1611661323__entity_id-1611661323__9a6613a2,get-shots,https://api.pbpstats.com/get-shots/wnba?EntityType=Team&Season=2025&SeasonType=Regular+Season&TeamId=1611661323&EntityId=1611661323,200,378,,,,,,False,1611661324,586.0,118,2025-08-30,1022500252,1629497-1642290-1642800-1642809-1642841,False,MIN,1627675-1628926-1629491-1629567-1630096,,,,,,1611661323,2,Aneesah Morrow,1642800,1,10:00,0,,0,,0,,0,,False,-2,,4.3,0.3468,587.0,ShortMidRange,2,600.0,OffDeadball,CON,09:47,,43,6,False,shots,4Q/OT | margin -3..3 | 300..120,team
wnba,wnba_shot_pace,shot_pace,shots,get-shots,2025,Regular Season,team,"{'EntityType': 'Team', 'Season': '2025', 'SeasonType': 'Regular Season', 'TeamId': '1611661323', 'EntityId': '1611661323'}",shot_pace,1611661323,4Q/OT | margin -3..3 | 300..120,get-shots__shots__entity_type-Team__season-2025__season_type-Regular_Season__team_id-1611661323__entity_id-1611661323__9a6613a2,get-shots,https://api.pbpstats.com/get-shots/wnba?EntityType=Team&Season=2025&SeasonType=Regular+Season&TeamId=1611661323&EntityId=1611661323,200,379,,,,Napheesa Collier,1629483.0,True,1611661324,25.0,105,2025-08-30,1022500252,1629497-1642290-1642809-1642841-202250,False,MIN,1629483-1629491-1629567-1630096-203825,,,,,,1611661323,1,Tina Charles,202250,34,00:37,1629497,Marina Mabrey,1629567,Natisha Hiedeman,0,,0,,False,0,,5.5,0.3343,29.0,ShortMidRange,2,37.0,OffArc3Miss,CON,00:29,,40,38,False,shots,4Q/OT | margin -3..3 | 300..120,team
wnba,wnba_shot_pace,shot_pace,shots,get-shots,2025,Regular Season,team,"{'EntityType': 'Team', 'Season': '2025', 'SeasonType': 'Regular Season', 'TeamId': '1611661323', 'EntityId': '1611661323'}",shot_pace,1611661323,4Q/OT | margin -3..3 | 300..120,get-shots__shots__entity_type-Team__season-2025__season_type-Regular_Season__team_id-1611661323__entity_id-1611661323__9a6613a2,get-shots,https://api.pbpstats.com/get-shots/wnba?EntityType=Team&Season=2025&SeasonType=Regular+Season&TeamId=1611661323&EntityId=1611661323,200,380,,,False,,,,1611661324,52.0,102,2025-08-30,1022500252,1629497-1642290-1642809-1642841-202250,True,MIN,1629483-1629491-1629567-1630096-203825,,,,,,1611661323,1,Marina Mabrey,1629497,32,01:00,1642290,Aaliyah Edwards,203825,Kayla McBride,0,,0,,False,-2,,4.1,0.3721,52.0,ShortMidRange,2,60.0,OffArc3Miss,CON,00:52,,41,3,False,shots,4Q/OT | margin -3..3 | 300..120,team
wnba,wnba_shot_pace,shot_pace,shots,get-shots,2025,Regular Season,team,"{'EntityType': 'Team', 'Season': '2025', 'SeasonType': 'Regular Season', 'TeamId': '1611661323', 'EntityId': '1611661323'}",shot_pace,1611661323,4Q/OT | margin -3..3 | 300..120,get-shots__shots__entity_type-Team__season-2025__season_type-Regular_Season__team_id-1611661323__entity_id-1611661323__9a6613a2,get-shots,https://api.pbpstats.com/get-shots/wnba?EntityType=Team&Season=2025&SeasonType=Regular+Season&TeamId=1611661323&EntityId=1611661323,200,381,Leïla Lacan,1642303.0,True,,,,1611661324,85.0,94,2025-08-30,1022500252,1629497-1642290-1642303-1642809-202250,True,MIN,1629483-1629491-1629567-1630096-203825,,,,,,1611661323,1,Marina Mabrey,1629497,30,01:37,0,,203825,Kayla McBride,0,,0,,False,-5,,25.1,0.3506,85.0,Arc3,3,97.0,OffArc3Make,CON,01:25,,-174,181,False,shots,4Q/OT | margin -3..3 | 300..120,team
wnba,wnba_shot_pace,shot_pace,shots,get-shots,2025,Regular Season,team,"{'EntityType': 'Team', 'Season': '2025', 'SeasonType': 'Regular Season', 'TeamId': '1611661323', 'EntityId': '1611661323'}",shot_pace,1611661323,4Q/OT | margin -3..3 | 300..120,get-shots__shots__entity_type-Team__season-2025__season_type-Regular_Season__team_id-1611661323__entity_id-1611661323__9a6613a2,get-shots,https://api.pbpstats.com/get-shots/wnba?EntityType=Team&Season=2025&SeasonType=Regular+Season&TeamId=1611661323&EntityId=1611661323,200,382,,,False,,,,1611661324,113.0,87,2025-08-30,1022500252,1629497-1642290-1642303-1642809-202250,True,MIN,1627675-1629483-1629491-1630096-203825,Tina Charles,202250.0,Saniya Rivers,1642809.0,ShortMidRangeBlocked,1611661323,1,Tina Charles,202250,28,01:58,1629497,Marina Mabrey,1630096,DiJonai Carrington,0,,0,,True,-4,0.0,0.6,0.7651,113.0,AtRim,2,118.0,OffShortMidRangeMiss,CON,01:53,,0,-6,False,shots,4Q/OT | margin -3..3 | 300..120,team
wnba,wnba_shot_pace,shot_pace,shots,get-shots,2025,Regular Season,team,"{'EntityType': 'Team', 'Season': '2025', 'SeasonType': 'Regular Season', 'TeamId': '1611661323', 'EntityId': '1611661323'}",shot_pace,1611661323,4Q/OT | margin -3..3 | 300..120,get-shots__shots__entity_type-Team__season-2025__season_type-Regular_Season__team_id-1611661323__entity_id-1611661323__9a6613a2,get-shots,https://api.pbpstats.com/get-shots/wnba?EntityType=Team&Season=2025&SeasonType=Regular+Season&TeamId=1611661323&EntityId=1611661323,200,383,,,,Napheesa Collier,1629483.0,True,1611661324,113.0,85,2025-08-30,1022500252,1629497-1642290-1642303-1642809-202250,False,MIN,1627675-1629483-1629491-1630096-203825,,,,,,1611661323,1,Saniya Rivers,1642809,28,01:58,1629497,Marina Mabrey,1630096,DiJonai Carrington,0,,0,,False,-4,,5.6,0.3787,114.0,ShortMidRange,2,118.0,OffShortMidRangeMiss,CON,01:54,,56,4,False,shots,4Q/OT | margin -3..3 | 300..120,team
wnba,wnba_shot_pace,shot_pace,shots,get-shots,2025,Regular Season,team,"{'EntityType': 'Team', 'Season': '2025', 'SeasonType': 'Regular Season', 'TeamId': '1611661323', 'EntityId': '1611661323'}",shot_pace,1611661323,4Q/OT | margin -3..3 | 300..120,get-shots__shots__entity_type-Team__season-2025__season_type-Regular_Season__team_id-1611661323__entity_id-1611661323__9a6613a2,get-shots,https://api.pbpstats.com/get-shots/wnba?EntityType=Team&Season=2025&SeasonType=Regular+Season&TeamId=1611661323&EntityId=1611661323,200,384,,,False,,,,1611661324,144.0,82,2025-08-30,1022500252,1629497-1642290-1642303-1642809-202250,True,MIN,1627675-1629483-1629491-1630096-203825,Tina Charles,202250.0,Saniya Rivers,1642809.0,LongMidRange,1611661323,1,Tina Charles,202250,26,02:41,0,,0,,0,,0,,True,-6,1.0,0.6,0.7022,144.0,AtRim,2,161.0,OffDeadball,CON,02:24,,0,-6,False,shots,4Q/OT | margin -3..3 | 300..120,team
wnba,wnba_shot_pace,shot_pace,shots,get-shots,2025,Regular Season,team,"{'EntityType': 'Team', 'Season': '2025', 'SeasonType': 'Regular Season', 'TeamId': '1611661323', 'EntityId': '1611661323'}",shot_pace,1611661323,4Q/OT | margin -3..3 | 300..120,get-shots__shots__entity_type-Team__season-2025__season_type-Regular_Season__team_id-1611661323__entity_id-1611661323__9a6613a2,get-shots,https://api.pbpstats.com/get-shots/wnba?EntityType=Team&Season=2025&SeasonType=Regular+Season&TeamId=1611661323&EntityId=1611661323,200,385,,,,,,False,1611661324,144.0,80,2025-08-30,1022500252,1629497-1642290-1642303-1642809-202250,False,MIN,1627675-1629483-1629491-1630096-203825,,,,,,1611661323,1,Saniya Rivers,1642809,26,02:41,0,,0,,0,,0,,False,-6,,15.8,0.3763,146.0,LongMidRange,2,161.0,OffDeadball,CON,02:26,,158,-7,False,shots,4Q/OT | margin -3..3 | 300..120,team
wnba,wnba_shot_pace,shot_pace,shots,get-shots,2025,Regular Season,team,"{'EntityType': 'Team', 'Season': '2025', 'SeasonType': 'Regular Season', 'TeamId': '1611661323', 'EntityId': '1611661323'}",shot_pace,1611661323,4Q/OT | margin -3..3 | 300..120,get-shots__shots__entity_type-Team__season-2025__season_type-Regular_Season__team_id-1611661323__entity_id-1611661323__9a6613a2,get-shots,https://api.pbpstats.com/get-shots/wnba?EntityType=Team&Season=2025&SeasonType=Regular+Season&TeamId=1611661323&EntityId=1611661323,200,386,Leïla Lacan,1642303.0,True,,,,1611661324,229.0,68,2025-08-30,1022500252,1629497-1642303-1642800-1642809-202250,True,MIN,1627675-1629483-1629501-1629524-203825,,,,,,1611661323,1,Tina Charles,202250,22,04:07,0,,0,,0,,0,,False,-5,,9.6,0.3531,229.0,ShortMidRange,2,247.0,OffTimeout,CON,03:49,,96,3,False,shots,4Q/OT | margin -3..3 | 300..120,team
wnba,wnba_shot_pace,shot_pace,shots,get-shots,2025,Regular Season,team,"{'EntityType': 'Team', 'Season': '2025', 'SeasonType': 'Regular Season', 'TeamId': '1611661323', 'EntityId': '1611661323'}",shot_pace,1611661323,4Q/OT | margin -3..3 | 300..120,get-shots__shots__entity_type-Team__season-2025__season_type-Regular_Season__team_id-1611661323__entity_id-1611661323__9a6613a2,get-shots,https://api.pbpstats.com/get-shots/wnba?EntityType=Team&Season=2025&SeasonType=Regular+Season&TeamId=1611661323&EntityId=1611661323,200,387,,,,,,False,1611661324,265.0,59,2025-08-30,1022500252,1628263-1629497-1642303-1642800-202250,False,MIN,1627675-1629483-1629501-1629524-203825,,,,,,1611661323,1,Leïla Lacan,1642303,20,04:49,202250,Tina Charles,1629483,Napheesa Collier,0,,0,,False,-3,,23.9,0.344,265.0,Arc3,3,289.0,OffShortMidRangeMiss,CON,04:25,,-173,165,False,shots,4Q/OT | margin -3..3 | 300..120,team
wnba,wnba_shot_pace,shot_pace,shots,get-shots,2025,Regular Season,team,"{'EntityType': 'Team', 'Season': '2025', 'SeasonType': 'Regular Season', 'TeamId': '1611661323', 'EntityId': '1611661323'}",shot_pace,1611661323,4Q/OT | margin -3..3 | 300..120,get-shots__shots__entity_type-Team__season-2025__season_type-Regular_Season__team_id-1611661323__entity_id-1611661323__9a6613a2,get-shots,https://api.pbpstats.com/get-shots/wnba?EntityType=Team&Season=2025&SeasonType=Regular+Season&TeamId=1611661323&EntityId=1611661323,200,388,,,,,,False,1611661324,301.0,55,2025-08-30,1022500252,1628263-1629497-1642303-1642800-202250,False,MIN,1627675-1629483-1629501-1629524-203825,,,,,,1611661323,1,Marina Mabrey,1629497,18,05:21,0,,1627675,Courtney Williams,0,,0,,False,-3,,25.5,0.3867,303.0,Arc3,3,321.0,OffArc3Make,CON,05:03,,157,201,False,shots,4Q/OT | margin -3..3 | 300..120,team
wnba,wnba_shot_pace,shot_pace,shots,get-shots,2025,Regular Season,team,"{'EntityType': 'Team', 'Season': '2025', 'SeasonType': 'Regular Season', 'TeamId': '1611661323', 'EntityId': '1611661323'}",shot_pace,1611661323,4Q/OT | margin -3..3 | 300..120,get-shots__shots__entity_type-Team__season-2025__season_type-Regular_Season__team_id-1611661323__entity_id-1611661323__9a6613a2,get-shots,https://api.pbpstats.com/get-shots/wnba?EntityType=Team&Season=2025&SeasonType=Regular+Season&TeamId=1611661323&EntityId=1611661323,200,389,,,False,,,,1611661324,363.0,47,2025-08-30,1022500252,1628263-1629497-1642303-1642800-202250,True,MIN,1627675-1629483-1629501-1629524-203825,,,,,,1611661323,1,Leïla Lacan,1642303,14,06:11,0,,1629501,Alanna Smith,0,,0,,False,1,,2.1,0.7251,363.0,AtRim,2,371.0,OffArc3Make,CON,06:03,,21,1,False,shots,4Q/OT | margin -3..3 | 300..120,team
wnba,wnba_shot_pace,shot_pace,shots,get-shots,2025,Regular Season,team,"{'EntityType': 'Team', 'Season': '2025', 'SeasonType': 'Regular Season', 'TeamId': '1611661323', 'EntityId': '1611661323'}",shot_pace,1611661323,4Q/OT | margin -3..3 | 300..120,get-shots__shots__entity_type-Team__season-2025__season_type-Regular_Season__team_id-1611661323__entity_id-1611661323__9a6613a2,get-shots,https://api.pbpstats.com/get-shots/wnba?EntityType=Team&Season=2025&SeasonType=Regular+Season&TeamId=1611661323&EntityId=1611661323,200,390,Leïla Lacan,1642303.0,True,,,,1611661324,384.0,43,2025-08-30,1022500252,1628263-1629497-1642303-1642800-202250,True,MIN,1627675-1629483-1629501-1629524-203825,,,,,,1611661323,1,Marina Mabrey,1629497,12,06:29,202250,Tina Charles,203825,Kayla McBride,0,,0,,False,2,,2.6,0.6446,384.0,AtRim,2,389.0,OffArc3Miss,CON,06:24,,24,9,False,shots,4Q/OT | margin -3..3 | 300..120,team
wnba,wnba_shot_pace,shot_pace,shots,get-shots,2025,Regular Season,team,"{'EntityType': 'Team', 'Season': '2025', 'SeasonType': 'Regular Season', 'TeamId': '1611661323', 'EntityId': '1611661323'}",shot_pace,1611661323,4Q/OT | margin -3..3 | 300..120,get-shots__shots__entity_type-Team__season-2025__season_type-Regular_Season__team_id-1611661323__entity_id-1611661323__9a6613a2,get-shots,https://api.pbpstats.com/get-shots/wnba?EntityType=Team&Season=2025&SeasonType=Regular+Season&TeamId=1611661323&EntityId=1611661323,200,391,,,False,,,,1611661324,414.0,38,2025-08-30,1022500252,1628263-1629497-1642303-1642800-202250,True,MIN,1627675-1629483-1629501-1629524-203825,,,,,,1611661323,1,Lindsay Allen,1628263,10,07:04,1642800,Aneesah Morrow,1629501,Alanna Smith,0,,0,,False,0,,1.9,0.6476,414.0,AtRim,2,424.0,OffShortMidRangeMiss,CON,06:54,,18,6,False,shots,4Q/OT | margin -3..3 | 300..120,team
wnba,wnba_shot_pace,shot_pace,shots,get-shots,2025,Regular Season,team,"{'EntityType': 'Team', 'Season': '2025', 'SeasonType': 'Regular Season', 'TeamId': '1611661323', 'EntityId': '1611661323'}",shot_pace,1611661323,4Q/OT | margin -3..3 | 300..120,get-shots__shots__entity_type-Team__season-2025__season_type-Regular_Season__team_id-1611661323__entity_id-1611661323__9a6613a2,get-shots,https://api.pbpstats.com/get-shots/wnba?EntityType=Team&Season=2025&SeasonType=Regular+Season&TeamId=1611661323&EntityId=1611661323,200,392,,,,Alanna Smith,1629501.0,True,1611661324,472.0,26,2025-08-30,1022500252,1628263-1629497-1642303-1642800-202250,False,MIN,1627675-1629483-1629501-1629524-203825,Aneesah Morrow,1642800.0,Leïla Lacan,1642303.0,LongMidRange,1611661323,1,Aneesah Morrow,1642800,6,08:22,1629497,Marina Mabrey,1629501,Alanna Smith,0,,0,,True,2,1.0,3.7,0.435,474.0,AtRim,2,502.0,OffArc3Miss,CON,07:54,,-37,3,False,shots,4Q/OT | margin -3..3 | 300..120,team
wnba,wnba_shot_pace,shot_pace,shots,get-shots,2025,Regular Season,team,"{'EntityType': 'Team', 'Season': '2025', 'SeasonType': 'Regular Season', 'TeamId': '1611661323', 'EntityId': '1611661323'}",shot_pace,1611661323,4Q/OT | margin -3..3 | 300..120,get-shots__shots__entity_type-Team__season-2025__season_type-Regular_Season__team_id-1611661323__entity_id-1611661323__9a6613a2,get-shots,https://api.pbpstats.com/get-shots/wnba?EntityType=Team&Season=2025&SeasonType=Regular+Season&TeamId=1611661323&EntityId=1611661323,200,393,,,,,,False,1611661324,472.0,24,2025-08-30,1022500252,1628263-1629497-1642303-1642800-202250,False,MIN,1627675-1629483-1629501-1629524-203825,,,,,,1611661323,1,Leïla Lacan,1642303,6,08:22,1629497,Marina Mabrey,1629501,Alanna Smith,0,,0,,False,2,,14.0,0.2896,479.0,LongMidRange,2,502.0,OffArc3Miss,CON,07:59,,125,63,False,shots,4Q/OT | margin -3..3 | 300..120,team
wnba,wnba_shot_pace,shot_pace,shots,get-shots,2025,Regular Season,team,"{'EntityType': 'Team', 'Season': '2025', 'SeasonType': 'Regular Season', 'TeamId': '1611661323', 'EntityId': '1611661323'}",shot_pace,1611661323,4Q/OT | margin -3..3 | 300..120,get-shots__shots__entity_type-Team__season-2025__season_type-Regular_Season__team_id-1611661323__entity_id-1611661323__9a6613a2,get-shots,https://api.pbpstats.com/get-shots/wnba?EntityType=Team&Season=2025&SeasonType=Regular+Season&TeamId=1611661323&EntityId=1611661323,200,394,,,False,,,,1611661324,519.0,21,2025-08-30,1022500252,1628263-1629497-1642303-1642800-202250,True,MIN,1627675-1629483-1629501-1629524-203825,Leïla Lacan,1642303.0,Aneesah Morrow,1642800.0,AtRim,1611661323,1,Leïla Lacan,1642303,4,08:59,202250,Tina Charles,1627675,Courtney Williams,0,,0,,True,0,1.0,11.5,0.3654,519.0,ShortMidRange,2,539.0,OffLongMidRangeMiss,CON,08:39,,-71,90,False,shots,4Q/OT | margin -3..3 | 300..120,team
wnba,wnba_shot_pace,shot_pace,shots,get-shots,2025,Regular Season,team,"{'EntityType': 'Team', 'Season': '2025', 'SeasonType': 'Regular Season', 'TeamId': '1611661323', 'EntityId': '1611661323'}",shot_pace,1611661323,4Q/OT | margin -3..3 | 300..120,get-shots__shots__entity_type-Team__season-2025__season_type-Regular_Season__team_id-1611661323__entity_id-1611661323__9a6613a2,get-shots,https://api.pbpstats.com/get-shots/wnba?EntityType=Team&Season=2025&SeasonType=Regular+Season&TeamId=1611661323&EntityId=1611661323,200,395,,,,,,False,1611661324,519.0,18,2025-08-30,1022500252,1628263-1629497-1642303-1642800-202250,False,MIN,1627675-1629483-1629501-1629524-203825,Aneesah Morrow,1642800.0,Leïla Lacan,1642303.0,AtRim,1611661323,1,Aneesah Morrow,1642800,4,08:59,202250,Tina Charles,1627675,Courtney Williams,0,,0,,True,0,1.0,2.1,0.6783,523.0,AtRim,2,539.0,OffLongMidRangeMiss,CON,08:43,,21,2,False,shots,4Q/OT | margin -3..3 | 300..120,team
wnba,wnba_shot_pace,shot_pace,shots,get-shots,2025,Regular Season,team,"{'EntityType': 'Team', 'Season': '2025', 'SeasonType': 'Regular Season', 'TeamId': '1611661323', 'EntityId': '1611661323'}",shot_pace,1611661323,4Q/OT | margin -3..3 | 300..120,get-shots__shots__entity_type-Team__season-2025__season_type-Regular_Season__team_id-1611661323__entity_id-1611661323__9a6613a2,get-shots,https://api.pbpstats.com/get-shots/wnba?EntityType=Team&Season=2025&SeasonType=Regular+Season&TeamId=1611661323&EntityId=1611661323,200,396,,,,,,False,1611661324,519.0,16,2025-08-30,1022500252,1628263-1629497-1642303-1642800-202250,False,MIN,1627675-1629483-1629501-1629524-203825,,,,,,1611661323,1,Leïla Lacan,1642303,4,08:59,202250,Tina Charles,1627675,Courtney Williams,0,,0,,False,0,,2.8,0.5609,526.0,AtRim,2,539.0,OffLongMidRangeMiss,CON,08:46,,-27,9,False,shots,4Q/OT | margin -3..3 | 300..120,team
wnba,wnba_shot_pace,shot_pace,shots,get-shots,2025,Regular Season,team,"{'EntityType': 'Team', 'Season': '2025', 'SeasonType': 'Regular Season', 'TeamId': '1611661323', 'EntityId': '1611661323'}",shot_pace,1611661323,4Q/OT | margin -3..3 | 300..120,get-shots__shots__entity_type-Team__season-2025__season_type-Regular_Season__team_id-1611661323__entity_id-1611661323__9a6613a2,get-shots,https://api.pbpstats.com/get-shots/wnba?EntityType=Team&Season=2025&SeasonType=Regular+Season&TeamId=1611661323&EntityId=1611661323,200,397,,,,,,False,1611661324,555.0,9,2025-08-30,1022500252,1628263-1629497-1642303-1642800-202250,False,MIN,1627675-1629483-1629501-1629524-203825,,,,,,1611661323,1,Tina Charles,202250,2,09:33,0,,0,,0,,0,,False,0,,7.8,0.3763,555.0,ShortMidRange,2,573.0,OffDeadball,CON,09:15,,-77,9,False,shots,4Q/OT | margin -3..3 | 300..120,team
wnba,wnba_shot_pace,shot_pace,shots,get-shots,2025,Regular Season,team,"{'EntityType': 'Team', 'Season': '2025', 'SeasonType': 'Regular Season', 'TeamId': '1611661323', 'EntityId': '1611661323'}",shot_pace,1611661323,4Q/OT | margin -3..3 | 300..120,get-shots__shots__entity_type-Team__season-2025__season_type-Regular_Season__team_id-1611661323__entity_id-1611661323__9a6613a2,get-shots,https://api.pbpstats.com/get-shots/wnba?EntityType=Team&Season=2025&SeasonType=Regular+Season&TeamId=1611661323&EntityId=1611661323,200,398,Aneesah Morrow,1642800.0,True,,,,1611661321,22.0,567,2025-08-27,1022500246,1629497-1642303-1642800-202250-203829,True,DAL,1628899-1629539-1641649-1641650-1641658,,,,,,1611661323,4,Tina Charles,202250,42,00:27,0,,0,,0,,0,,False,2,,3.1,0.4648,22.0,AtRim,2,27.0,OffTimeout,CON,00:22,,21,23,False,shots,4Q/OT | margin -3..3 | 300..120,team
wnba,wnba_shot_pace,shot_pace,shots,get-shots,2025,Regular Season,team,"{'EntityType': 'Team', 'Season': '2025', 'SeasonType': 'Regular Season', 'TeamId': '1611661323', 'EntityId': '1611661323'}",shot_pace,1611661323,4Q/OT | margin -3..3 | 300..120,get-shots__shots__entity_type-Team__season-2025__season_type-Regular_Season__team_id-1611661323__entity_id-1611661323__9a6613a2,get-shots,https://api.pbpstats.com/get-shots/wnba?EntityType=Team&Season=2025&SeasonType=Regular+Season&TeamId=1611661323&EntityId=1611661323,200,399,,,,Myisha Hines-Allen,1628899.0,True,1611661321,41.0,553,2025-08-27,1022500246,1629497-1642303-1642800-202250-203829,False,DAL,1628899-1629539-1641652-1641658-1642793,,,,,,1611661323,4,Aneesah Morrow,1642800,40,01:03,1629497,Marina Mabrey,1628899,Myisha Hines-Allen,0,,0,,False,4,,3.0,0.4144,41.0,AtRim,2,63.0,OffShortMidRangeMiss,CON,00:41,,-12,27,False,shots,4Q/OT | margin -3..3 | 300..120,team
wnba,wnba_shot_pace,shot_pace,shots,get-shots,2025,Regular Season,team,"{'EntityType': 'Team', 'Season': '2025', 'SeasonType': 'Regular Season', 'TeamId': '1611661323', 'EntityId': '1611661323'}",shot_pace,1611661323,4Q/OT | margin -3..3 | 300..120,get-shots__shots__entity_type-Team__season-2025__season_type-Regular_Season__team_id-1611661323__entity_id-1611661323__9a6613a2,get-shots,https://api.pbpstats.com/get-shots/wnba?EntityType=Team&Season=2025&SeasonType=Regular+Season&TeamId=1611661323&EntityId=1611661323,200,400,,,,,,False,1611661321,181.0,526,2025-08-27,1022500246,1629497-1642303-1642800-202250-203829,False,DAL,1628899-1629539-1641652-1641658-1642793,,,,,,1611661323,4,Leïla Lacan,1642303,30,03:10,1629497,Marina Mabrey,1642793,Aziaha James,0,,0,,False,4,,22.9,0.561,185.0,Arc3,3,190.0,OffAtRimBlock,CON,03:05,,-194,122,False,shots,4Q/OT | margin -3..3 | 300..120,team
wnba,wnba_shot_pace,shot_pace,shots,get-shots,2025,Regular Season,team,"{'EntityType': 'Team', 'Season': '2025', 'SeasonType': 'Regular Season', 'TeamId': '1611661323', 'EntityId': '1611661323'}",shot_pace,1611661323,4Q/OT | margin -3..3 | 300..120,get-shots__shots__entity_type-Team__season-2025__season_type-Regular_Season__team_id-1611661323__entity_id-1611661323__9a6613a2,get-shots,https://api.pbpstats.com/get-shots/wnba?EntityType=Team&Season=2025&SeasonType=Regular+Season&TeamId=1611661323&EntityId=1611661323,200,401,,,,,,False,1611661321,197.0,522,2025-08-27,1022500246,1629497-1642303-1642800-202250-203829,False,DAL,1628899-1629539-1641652-1641658-1642793,,,,,,1611661323,4,Marina Mabrey,1629497,28,03:44,1642800,Aneesah Morrow,1628899,Myisha Hines-Allen,0,,0,,False,4,,12.0,0.3636,201.0,ShortMidRange,2,224.0,OffFTMiss,CON,03:21,,12,119,False,shots,4Q/OT | margin -3..3 | 300..120,team
wnba,wnba_shot_pace,shot_pace,shots,get-shots,2025,Regular Season,team,"{'EntityType': 'Team', 'Season': '2025', 'SeasonType': 'Regular Season', 'TeamId': '1611661323', 'EntityId': '1611661323'}",shot_pace,1611661323,4Q/OT | margin -3..3 | 300..120,get-shots__shots__entity_type-Team__season-2025__season_type-Regular_Season__team_id-1611661323__entity_id-1611661323__9a6613a2,get-shots,https://api.pbpstats.com/get-shots/wnba?EntityType=Team&Season=2025&SeasonType=Regular+Season&TeamId=1611661323&EntityId=1611661323,200,402,,,,Myisha Hines-Allen,1628899.0,True,1611661321,236.0,510,2025-08-27,1022500246,1629497-1642303-1642800-1642809-202250,False,DAL,1628899-1629539-1641652-1641658-1642793,,,,,,1611661323,4,Marina Mabrey,1629497,26,04:13,0,,0,,0,,0,,False,5,,5.2,0.3899,238.0,ShortMidRange,2,253.0,OffDeadball,CON,03:58,,-29,43,False,shots,4Q/OT | margin -3..3 | 300..120,team
wnba,wnba_shot_pace,shot_pace,shots,get-shots,2025,Regular Season,team,"{'EntityType': 'Team', 'Season': '2025', 'SeasonType': 'Regular Season', 'TeamId': '1611661323', 'EntityId': '1611661323'}",shot_pace,1611661323,4Q/OT | margin -3..3 | 300..120,get-shots__shots__entity_type-Team__season-2025__season_type-Regular_Season__team_id-1611661323__entity_id-1611661323__9a6613a2,get-shots,https://api.pbpstats.com/get-shots/wnba?EntityType=Team&Season=2025&SeasonType=Regular+Season&TeamId=1611661323&EntityId=1611661323,200,403,,,,,,False,1611661321,289.0,500,2025-08-27,1022500246,1629497-1642303-1642800-1642809-202250,False,DAL,1628899-1629539-1641652-1641658-1642793,,,,,,1611661323,4,Leïla Lacan,1642303,22,04:57,1642303,Leïla Lacan,1642793,Aziaha James,0,,0,,False,8,,3.5,0.5799,291.0,AtRim,2,297.0,OffShortMidRangeMiss,CON,04:51,,28,21,False,shots,4Q/OT | margin -3..3 | 300..120,team
wnba,wnba_shot_pace,shot_pace,shots,get-shots,2025,Regular Season,team,"{'EntityType': 'Team', 'Season': '2025', 'SeasonType': 'Regular Season', 'TeamId': '1611661323', 'EntityId': '1611661323'}",shot_pace,1611661323,4Q/OT | margin -3..3 | 300..120,get-shots__shots__entity_type-Team__season-2025__season_type-Regular_Season__team_id-1611661323__entity_id-1611661323__9a6613a2,get-shots,https://api.pbpstats.com/get-shots/wnba?EntityType=Team&Season=2025&SeasonType=Regular+Season&TeamId=1611661323&EntityId=1611661323,200,404,,,,,,False,1611661321,334.0,485,2025-08-27,1022500246,1629497-1631135-1642290-1642303-1642809,False,DAL,1628899-1629539-1641652-1641658-1642793,,,,,,1611661323,4,Saniya Rivers,1642809,18,06:00,0,,0,,0,,0,,False,11,,14.5,0.3368,338.0,LongMidRange,2,360.0,OffDeadball,CON,05:38,,145,7,False,shots,4Q/OT | margin -3..3 | 300..120,team
wnba,wnba_shot_pace,shot_pace,shots,get-shots,2025,Regular Season,team,"{'EntityType': 'Team', 'Season': '2025', 'SeasonType': 'Regular Season', 'TeamId': '1611661323', 'EntityId': '1611661323'}",shot_pace,1611661323,4Q/OT | margin -3..3 | 300..120,get-shots__shots__entity_type-Team__season-2025__season_type-Regular_Season__team_id-1611661323__entity_id-1611661323__9a6613a2,get-shots,https://api.pbpstats.com/get-shots/wnba?EntityType=Team&Season=2025&SeasonType=Regular+Season&TeamId=1611661323&EntityId=1611661323,200,405,,,,,,False,1611661321,392.0,472,2025-08-27,1022500246,1629497-1631135-1642290-1642809-203829,False,DAL,1628899-1629539-1641652-1641658-1642793,,,,,,1611661323,4,Marina Mabrey,1629497,14,06:52,1629497,Marina Mabrey,1641652,Maddy Siegrist,0,,0,,False,14,,25.0,0.344,397.0,Arc3,3,412.0,OffShortMidRangeMiss,CON,06:37,,-81,236,False,shots,4Q/OT | margin -3..3 | 300..120,team
wnba,wnba_shot_pace,shot_pace,shots,get-shots,2025,Regular Season,team,"{'EntityType': 'Team', 'Season': '2025', 'SeasonType': 'Regular Season', 'TeamId': '1611661323', 'EntityId': '1611661323'}",shot_pace,1611661323,4Q/OT | margin -3..3 | 300..120,get-shots__shots__entity_type-Team__season-2025__season_type-Regular_Season__team_id-1611661323__entity_id-1611661323__9a6613a2,get-shots,https://api.pbpstats.com/get-shots/wnba?EntityType=Team&Season=2025&SeasonType=Regular+Season&TeamId=1611661323&EntityId=1611661323,200,406,,,,,,False,1611661321,427.0,456,2025-08-27,1022500246,1629497-1631135-1642800-1642809-203829,False,DAL,1629539-1641649-1641650-1641658-1642793,,,,,,1611661323,4,Saniya Rivers,1642809,12,07:17,0,,0,,1642800,Aneesah Morrow,1641649,Diamond Miller,False,12,,24.3,0.4011,431.0,Corner3,3,437.0,OffLiveBallTurnover,CON,07:11,,235,60,False,shots,4Q/OT | margin -3..3 | 300..120,team
wnba,wnba_shot_pace,shot_pace,shots,get-shots,2025,Regular Season,team,"{'EntityType': 'Team', 'Season': '2025', 'SeasonType': 'Regular Season', 'TeamId': '1611661323', 'EntityId': '1611661323'}",shot_pace,1611661323,4Q/OT | margin -3..3 | 300..120,get-shots__shots__entity_type-Team__season-2025__season_type-Regular_Season__team_id-1611661323__entity_id-1611661323__9a6613a2,get-shots,https://api.pbpstats.com/get-shots/wnba?EntityType=Team&Season=2025&SeasonType=Regular+Season&TeamId=1611661323&EntityId=1611661323,200,407,,,False,,,,1611661321,451.0,453,2025-08-27,1022500246,1629497-1631135-1642800-1642809-203829,True,DAL,1629539-1641649-1641650-1641658-1642793,,,,,,1611661323,4,Bria Hartley,203829,10,07:43,0,,1629539,Amy Okonkwo,0,,0,,False,10,,9.0,0.4024,451.0,ShortMidRange,2,463.0,OffAtRimMake,CON,07:31,,3,90,False,shots,4Q/OT | margin -3..3 | 300..120,team
wnba,wnba_shot_pace,shot_pace,shots,get-shots,2025,Regular Season,team,"{'EntityType': 'Team', 'Season': '2025', 'SeasonType': 'Regular Season', 'TeamId': '1611661323', 'EntityId': '1611661323'}",shot_pace,1611661323,4Q/OT | margin -3..3 | 300..120,get-shots__shots__entity_type-Team__season-2025__season_type-Regular_Season__team_id-1611661323__entity_id-1611661323__9a6613a2,get-shots,https://api.pbpstats.com/get-shots/wnba?EntityType=Team&Season=2025&SeasonType=Regular+Season&TeamId=1611661323&EntityId=1611661323,200,408,Bria Hartley,203829.0,True,,,,1611661321,481.0,449,2025-08-27,1022500246,1629497-1631135-1642800-1642809-203829,True,DAL,1629539-1641649-1641650-1641658-1642793,,,,,,1611661323,4,Olivia Nelson-Ododa,1631135,8,08:24,0,,0,,0,,0,,False,10,,7.1,0.3105,481.0,ShortMidRange,2,504.0,OffDeadball,CON,08:01,,-16,69,False,shots,4Q/OT | margin -3..3 | 300..120,team
wnba,wnba_shot_pace,shot_pace,shots,get-shots,2025,Regular Season,team,"{'EntityType': 'Team', 'Season': '2025', 'SeasonType': 'Regular Season', 'TeamId': '1611661323', 'EntityId': '1611661323'}",shot_pace,1611661323,4Q/OT | margin -3..3 | 300..120,get-shots__shots__entity_type-Team__season-2025__season_type-Regular_Season__team_id-1611661323__entity_id-1611661323__9a6613a2,get-shots,https://api.pbpstats.com/get-shots/wnba?EntityType=Team&Season=2025&SeasonType=Regular+Season&TeamId=1611661323&EntityId=1611661323,200,409,,,,,,False,1611661321,509.0,443,2025-08-27,1022500246,1629497-1631135-1642800-1642809-203829,False,DAL,1629539-1641649-1641650-1641658-1642793,Bria Hartley,203829.0,Bria Hartley,203829.0,ShortMidRange,1611661323,4,Marina Mabrey,1629497,6,08:56,0,,1629539,Amy Okonkwo,0,,0,,False,10,5.0,10.3,0.4342,513.0,ShortMidRange,2,536.0,OffArc3Make,CON,08:33,,9,103,False,shots,4Q/OT | margin -3..3 | 300..120,team
wnba,wnba_shot_pace,shot_pace,shots,get-shots,2025,Regular Season,team,"{'EntityType': 'Team', 'Season': '2025', 'SeasonType': 'Regular Season', 'TeamId': '1611661323', 'EntityId': '1611661323'}",shot_pace,1611661323,4Q/OT | margin -3..3 | 300..120,get-shots__shots__entity_type-Team__season-2025__season_type-Regular_Season__team_id-1611661323__entity_id-1611661323__9a6613a2,get-shots,https://api.pbpstats.com/get-shots/wnba?EntityType=Team&Season=2025&SeasonType=Regular+Season&TeamId=1611661323&EntityId=1611661323,200,410,,,,,,False,1611661321,509.0,441,2025-08-27,1022500246,1629497-1631135-1642800-1642809-203829,False,DAL,1629539-1641649-1641650-1641658-1642793,,,,,,1611661323,4,Bria Hartley,203829,6,08:56,0,,1629539,Amy Okonkwo,0,,0,,False,10,,6.6,0.3523,519.0,ShortMidRange,2,536.0,OffArc3Make,CON,08:39,,43,50,False,shots,4Q/OT | margin -3..3 | 300..120,team
wnba,wnba_shot_pace,shot_pace,shots,get-shots,2025,Regular Season,team,"{'EntityType': 'Team', 'Season': '2025', 'SeasonType': 'Regular Season', 'TeamId': '1611661323', 'EntityId': '1611661323'}",shot_pace,1611661323,4Q/OT | margin -3..3 | 300..120,get-shots__shots__entity_type-Team__season-2025__season_type-Regular_Season__team_id-1611661323__entity_id-1611661323__9a6613a2,get-shots,https://api.pbpstats.com/get-shots/wnba?EntityType=Team&Season=2025&SeasonType=Regular+Season&TeamId=1611661323&EntityId=1611661323,200,411,,,,,,False,1611661321,575.0,431,2025-08-27,1022500246,1629497-1631135-1642800-1642809-203829,False,DAL,1629539-1641649-1641650-1641658-1642793,,,,,,1611661323,4,Saniya Rivers,1642809,2,09:43,1642809,Saniya Rivers,1642793,Aziaha James,0,,0,,False,13,,4.5,0.5211,579.0,ShortMidRange,2,583.0,OffShortMidRangeMiss,CON,09:39,,45,5,False,shots,4Q/OT | margin -3..3 | 300..120,team
wnba,wnba_shot_pace,shot_pace,shots,get-shots,2025,Regular Season,team,"{'EntityType': 'Team', 'Season': '2025', 'SeasonType': 'Regular Season', 'TeamId': '1611661323', 'EntityId': '1611661323'}",shot_pace,1611661323,4Q/OT | margin -3..3 | 300..120,get-shots__shots__entity_type-Team__season-2025__season_type-Regular_Season__team_id-1611661323__entity_id-1611661323__9a6613a2,get-shots,https://api.pbpstats.com/get-shots/wnba?EntityType=Team&Season=2025&SeasonType=Regular+Season&TeamId=1611661323&EntityId=1611661323,200,412,,,,,,False,1611661321,0.0,421,2025-08-27,1022500246,1629497-1631135-1642800-1642809-203829,False,DAL,1629539-1630143-1641649-1641652-1641658,,,,,,1611661323,3,Marina Mabrey,1629497,43,00:06,1631135,Olivia Nelson-Ododa,1641652,Maddy Siegrist,0,,0,,False,13,,25.1,0.1334,0.0,Arc3,3,6.0,OffFTMiss,CON,00:00,,-194,160,False,shots,4Q/OT | margin -3..3 | 300..120,team
wnba,wnba_shot_pace,shot_pace,shots,get-shots,2025,Regular Season,team,"{'EntityType': 'Team', 'Season': '2025', 'SeasonType': 'Regular Season', 'TeamId': '1611661323', 'EntityId': '1611661323'}",shot_pace,1611661323,4Q/OT | margin -3..3 | 300..120,get-shots__shots__entity_type-Team__season-2025__season_type-Regular_Season__team_id-1611661323__entity_id-1611661323__9a6613a2,get-shots,https://api.pbpstats.com/get-shots/wnba?EntityType=Team&Season=2025&SeasonType=Regular+Season&TeamId=1611661323&EntityId=1611661323,200,413,,,,,,False,1611661321,28.0,412,2025-08-27,1022500246,1629497-1631135-1642800-1642809-203829,False,DAL,1629539-1630143-1641649-1641652-1641658,,,,,,1611661323,3,Saniya Rivers,1642809,41,00:38,1642800,Aneesah Morrow,1629539,Amy Okonkwo,0,,0,,False,13,,24.4,0.3674,32.0,Arc3,3,38.0,OffArc3Miss,CON,00:32,,-163,182,False,shots,4Q/OT | margin -3..3 | 300..120,team
wnba,wnba_shot_pace,shot_pace,shots,get-shots,2025,Regular Season,team,"{'EntityType': 'Team', 'Season': '2025', 'SeasonType': 'Regular Season', 'TeamId': '1611661323', 'EntityId': '1611661323'}",shot_pace,1611661323,4Q/OT | margin -3..3 | 300..120,get-shots__shots__entity_type-Team__season-2025__season_type-Regular_Season__team_id-1611661323__entity_id-1611661323__9a6613a2,get-shots,https://api.pbpstats.com/get-shots/wnba?EntityType=Team&Season=2025&SeasonType=Regular+Season&TeamId=1611661323&EntityId=1611661323,200,414,,,False,,,,1611661321,56.0,409,2025-08-27,1022500246,1629497-1631135-1642800-1642809-203829,True,DAL,1629539-1630143-1641649-1641652-1641658,,,,,,1611661323,3,Marina Mabrey,1629497,39,01:14,0,,0,,0,,0,,False,11,,12.3,0.3636,56.0,ShortMidRange,2,74.0,OffFTMake,CON,00:56,,-121,21,False,shots,4Q/OT | margin -3..3 | 300..120,team
wnba,wnba_shot_pace,shot_pace,shots,get-shots,2025,Regular Season,team,"{'EntityType': 'Team', 'Season': '2025', 'SeasonType': 'Regular Season', 'TeamId': '1611661323', 'EntityId': '1611661323'}",shot_pace,1611661323,4Q/OT | margin -3..3 | 300..120,get-shots__shots__entity_type-Team__season-2025__season_type-Regular_Season__team_id-1611661323__entity_id-1611661323__9a6613a2,get-shots,https://api.pbpstats.com/get-shots/wnba?EntityType=Team&Season=2025&SeasonType=Regular+Season&TeamId=1611661323&EntityId=1611661323,200,415,Saniya Rivers,1642809.0,True,,,,1611661321,86.0,400,2025-08-27,1022500246,1629497-1631135-1642303-1642800-1642809,True,DAL,1629539-1630143-1641649-1641652-1641658,,,,,,1611661323,3,Leïla Lacan,1642303,37,01:42,0,,0,,0,,0,,False,10,,11.6,0.411,86.0,ShortMidRange,2,102.0,OffDeadball,CON,01:26,,32,112,False,shots,4Q/OT | margin -3..3 | 300..120,team
wnba,wnba_shot_pace,shot_pace,shots,get-shots,2025,Regular Season,team,"{'EntityType': 'Team', 'Season': '2025', 'SeasonType': 'Regular Season', 'TeamId': '1611661323', 'EntityId': '1611661323'}",shot_pace,1611661323,4Q/OT | margin -3..3 | 300..120,get-shots__shots__entity_type-Team__season-2025__season_type-Regular_Season__team_id-1611661323__entity_id-1611661323__9a6613a2,get-shots,https://api.pbpstats.com/get-shots/wnba?EntityType=Team&Season=2025&SeasonType=Regular+Season&TeamId=1611661323&EntityId=1611661323,200,416,Aneesah Morrow,1642800.0,True,,,,1611661321,130.0,389,2025-08-27,1022500246,1629497-1631135-1642303-1642800-1642809,True,DAL,1628899-1629539-1641650-1641652-1642793,Aneesah Morrow,1642800.0,Aneesah Morrow,1642800.0,AtRimBlocked,1611661323,3,Olivia Nelson-Ododa,1631135,35,02:29,1642800,Aneesah Morrow,1628899,Myisha Hines-Allen,0,,0,,False,8,1.0,2.6,0.7205,130.0,AtRim,2,149.0,OffLongMidRangeMiss,CON,02:10,,23,12,False,shots,4Q/OT | margin -3..3 | 300..120,team
wnba,wnba_shot_pace,shot_pace,shots,get-shots,2025,Regular Season,team,"{'EntityType': 'Team', 'Season': '2025', 'SeasonType': 'Regular Season', 'TeamId': '1611661323', 'EntityId': '1611661323'}",shot_pace,1611661323,4Q/OT | margin -3..3 | 300..120,get-shots__shots__entity_type-Team__season-2025__season_type-Regular_Season__team_id-1611661323__entity_id-1611661323__9a6613a2,get-shots,https://api.pbpstats.com/get-shots/wnba?EntityType=Team&Season=2025&SeasonType=Regular+Season&TeamId=1611661323&EntityId=1611661323,200,417,,,,Amy Okonkwo,1629539.0,True,1611661321,130.0,386,2025-08-27,1022500246,1629497-1631135-1642303-1642800-1642809,False,DAL,1628899-1629539-1641650-1641652-1642793,,,,,,1611661323,3,Aneesah Morrow,1642800,35,02:29,1642800,Aneesah Morrow,1628899,Myisha Hines-Allen,0,,0,,False,8,,3.4,0.5359,133.0,AtRim,2,149.0,OffLongMidRangeMiss,CON,02:13,,32,12,False,shots,4Q/OT | margin -3..3 | 300..120,team
wnba,wnba_shot_pace,shot_pace,shots,get-shots,2025,Regular Season,team,"{'EntityType': 'Team', 'Season': '2025', 'SeasonType': 'Regular Season', 'TeamId': '1611661323', 'EntityId': '1611661323'}",shot_pace,1611661323,4Q/OT | margin -3..3 | 300..120,get-shots__shots__entity_type-Team__season-2025__season_type-Regular_Season__team_id-1611661323__entity_id-1611661323__9a6613a2,get-shots,https://api.pbpstats.com/get-shots/wnba?EntityType=Team&Season=2025&SeasonType=Regular+Season&TeamId=1611661323&EntityId=1611661323,200,418,,,False,,,,1611661321,211.0,368,2025-08-27,1022500246,1642303-1642800-1642809-202250-203829,True,DAL,1628899-1629539-1641650-1641652-1642793,,,,,,1611661323,3,Bria Hartley,203829,29,03:40,0,,1641652,Maddy Siegrist,0,,0,,False,8,,0.8,0.6946,211.0,AtRim,2,220.0,OffShortMidRangeMake,CON,03:31,,-8,0,False,shots,4Q/OT | margin -3..3 | 300..120,team
wnba,wnba_shot_pace,shot_pace,shots,get-shots,2025,Regular Season,team,"{'EntityType': 'Team', 'Season': '2025', 'SeasonType': 'Regular Season', 'TeamId': '1611661323', 'EntityId': '1611661323'}",shot_pace,1611661323,4Q/OT | margin -3..3 | 300..120,get-shots__shots__entity_type-Team__season-2025__season_type-Regular_Season__team_id-1611661323__entity_id-1611661323__9a6613a2,get-shots,https://api.pbpstats.com/get-shots/wnba?EntityType=Team&Season=2025&SeasonType=Regular+Season&TeamId=1611661323&EntityId=1611661323,200,419,Bria Hartley,203829.0,True,,,,1611661321,230.0,365,2025-08-27,1022500246,1642303-1642800-1642809-202250-203829,True,DAL,1628899-1629539-1641650-1641652-1642793,,,,,,1611661323,3,Leïla Lacan,1642303,27,04:04,0,,0,,0,,0,,False,8,,2.1,0.7038,230.0,AtRim,2,244.0,OffFTMake,CON,03:50,,-17,12,False,shots,4Q/OT | margin -3..3 | 300..120,team
wnba,wnba_shot_pace,shot_pace,shots,get-shots,2025,Regular Season,team,"{'EntityType': 'Team', 'Season': '2025', 'SeasonType': 'Regular Season', 'TeamId': '1611661323', 'EntityId': '1611661323'}",shot_pace,1611661323,4Q/OT | margin -3..3 | 300..120,get-shots__shots__entity_type-Team__season-2025__season_type-Regular_Season__team_id-1611661323__entity_id-1611661323__9a6613a2,get-shots,https://api.pbpstats.com/get-shots/wnba?EntityType=Team&Season=2025&SeasonType=Regular+Season&TeamId=1611661323&EntityId=1611661323,200,420,,,,,,False,1611661321,254.0,359,2025-08-27,1022500246,1642303-1642800-1642809-202250-203829,False,DAL,1628899-1629539-1641650-1641652-1642793,,,,,,1611661323,3,Tina Charles,202250,25,04:37,0,,0,,0,,0,,False,10,,11.7,0.3596,256.0,ShortMidRange,2,277.0,OffFTMake,CON,04:16,,-116,18,False,shots,4Q/OT | margin -3..3 | 300..120,team
wnba,wnba_shot_pace,shot_pace,shots,get-shots,2025,Regular Season,team,"{'EntityType': 'Team', 'Season': '2025', 'SeasonType': 'Regular Season', 'TeamId': '1611661323', 'EntityId': '1611661323'}",shot_pace,1611661323,4Q/OT | margin -3..3 | 300..120,get-shots__shots__entity_type-Team__season-2025__season_type-Regular_Season__team_id-1611661323__entity_id-1611661323__9a6613a2,get-shots,https://api.pbpstats.com/get-shots/wnba?EntityType=Team&Season=2025&SeasonType=Regular+Season&TeamId=1611661323&EntityId=1611661323,200,421,Tina Charles,202250.0,True,,,,1611661321,299.0,349,2025-08-27,1022500246,1642303-1642800-1642809-202250-203829,True,DAL,1628899-1629539-1641650-1641652-1642793,,,,,,1611661323,3,Aneesah Morrow,1642800,23,05:19,0,,0,,0,,0,,False,10,,19.6,0.3434,299.0,LongMidRange,2,319.0,OffDeadball,CON,04:59,,-71,183,False,shots,4Q/OT | margin -3..3 | 300..120,team
wnba,wnba_shot_pace,shot_pace,shots,get-shots,2025,Regular Season,team,"{'EntityType': 'Team', 'Season': '2025', 'SeasonType': 'Regular Season', 'TeamId': '1611661323', 'EntityId': '1611661323'}",shot_pace,1611661323,4Q/OT | margin -3..3 | 300..120,get-shots__shots__entity_type-Team__season-2025__season_type-Regular_Season__team_id-1611661323__entity_id-1611661323__9a6613a2,get-shots,https://api.pbpstats.com/get-shots/wnba?EntityType=Team&Season=2025&SeasonType=Regular+Season&TeamId=1611661323&EntityId=1611661323,200,422,Leïla Lacan,1642303.0,True,,,,1611661321,334.0,343,2025-08-27,1022500246,1642303-1642800-1642809-202250-203829,True,DAL,1628899-1641649-1641650-1641652-1642793,,,,,,1611661323,3,Saniya Rivers,1642809,21,05:48,0,,0,,0,,0,,False,7,,23.3,0.3327,334.0,Arc3,3,348.0,OffDeadball,CON,05:34,,209,103,False,shots,4Q/OT | margin -3..3 | 300..120,team
wnba,wnba_shot_pace,shot_pace,shots,get-shots,2025,Regular Season,team,"{'EntityType': 'Team', 'Season': '2025', 'SeasonType': 'Regular Season', 'TeamId': '1611661323', 'EntityId': '1611661323'}",shot_pace,1611661323,4Q/OT | margin -3..3 | 300..120,get-shots__shots__entity_type-Team__season-2025__season_type-Regular_Season__team_id-1611661323__entity_id-1611661323__9a6613a2,get-shots,https://api.pbpstats.com/get-shots/wnba?EntityType=Team&Season=2025&SeasonType=Regular+Season&TeamId=1611661323&EntityId=1611661323,200,423,Tina Charles,202250.0,True,,,,1611661321,360.0,338,2025-08-27,1022500246,1642303-1642800-1642809-202250-203829,True,DAL,1628899-1641649-1641650-1641652-1642793,,,,,,1611661323,3,Saniya Rivers,1642809,19,06:18,0,,1641652,Maddy Siegrist,0,,0,,False,5,,19.5,0.3728,360.0,LongMidRange,2,378.0,OffAtRimMake,CON,06:00,,168,99,False,shots,4Q/OT | margin -3..3 | 300..120,team
wnba,wnba_shot_pace,shot_pace,shots,get-shots,2025,Regular Season,team,"{'EntityType': 'Team', 'Season': '2025', 'SeasonType': 'Regular Season', 'TeamId': '1611661323', 'EntityId': '1611661323'}",shot_pace,1611661323,4Q/OT | margin -3..3 | 300..120,get-shots__shots__entity_type-Team__season-2025__season_type-Regular_Season__team_id-1611661323__entity_id-1611661323__9a6613a2,get-shots,https://api.pbpstats.com/get-shots/wnba?EntityType=Team&Season=2025&SeasonType=Regular+Season&TeamId=1611661323&EntityId=1611661323,200,424,,,,,,False,1611661321,394.0,326,2025-08-27,1022500246,1629497-1642303-1642800-202250-203829,False,DAL,1628899-1641649-1641650-1641652-1642793,,,,,,1611661323,3,Marina Mabrey,1629497,15,06:56,0,,1628899,Myisha Hines-Allen,0,,0,,False,7,,19.4,0.3959,397.0,LongMidRange,2,416.0,OffAtRimMake,CON,06:37,,-16,193,False,shots,4Q/OT | margin -3..3 | 300..120,team
wnba,wnba_shot_pace,shot_pace,shots,get-shots,2025,Regular Season,team,"{'EntityType': 'Team', 'Season': '2025', 'SeasonType': 'Regular Season', 'TeamId': '1611661323', 'EntityId': '1611661323'}",shot_pace,1611661323,4Q/OT | margin -3..3 | 300..120,get-shots__shots__entity_type-Team__season-2025__season_type-Regular_Season__team_id-1611661323__entity_id-1611661323__9a6613a2,get-shots,https://api.pbpstats.com/get-shots/wnba?EntityType=Team&Season=2025&SeasonType=Regular+Season&TeamId=1611661323&EntityId=1611661323,200,425,,,,,,False,1611661321,425.0,318,2025-08-27,1022500246,1629497-1642303-1642800-202250-203829,False,DAL,1628899-1641650-1641652-1641658-1642793,,,,,,1611661323,3,Tina Charles,202250,13,07:17,1642800,Aneesah Morrow,1642793,Aziaha James,0,,0,,False,9,,18.0,0.4131,428.0,LongMidRange,2,437.0,OffShortMidRangeMiss,CON,07:08,,78,162,False,shots,4Q/OT | margin -3..3 | 300..120,team
wnba,wnba_shot_pace,shot_pace,shots,get-shots,2025,Regular Season,team,"{'EntityType': 'Team', 'Season': '2025', 'SeasonType': 'Regular Season', 'TeamId': '1611661323', 'EntityId': '1611661323'}",shot_pace,1611661323,4Q/OT | margin -3..3 | 300..120,get-shots__shots__entity_type-Team__season-2025__season_type-Regular_Season__team_id-1611661323__entity_id-1611661323__9a6613a2,get-shots,https://api.pbpstats.com/get-shots/wnba?EntityType=Team&Season=2025&SeasonType=Regular+Season&TeamId=1611661323&EntityId=1611661323,200,426,Aneesah Morrow,1642800.0,True,,,,1611661321,453.0,309,2025-08-27,1022500246,1629497-1642303-1642800-202250-203829,True,DAL,1630143-1641650-1641652-1641658-1642793,,,,,,1611661323,3,Leïla Lacan,1642303,11,07:40,1642800,Aneesah Morrow,1642793,Aziaha James,0,,0,,False,6,,0.4,0.694,453.0,AtRim,2,460.0,OffCorner3Miss,CON,07:33,,3,-3,False,shots,4Q/OT | margin -3..3 | 300..120,team
wnba,wnba_shot_pace,shot_pace,shots,get-shots,2025,Regular Season,team,"{'EntityType': 'Team', 'Season': '2025', 'SeasonType': 'Regular Season', 'TeamId': '1611661323', 'EntityId': '1611661323'}",shot_pace,1611661323,4Q/OT | margin -3..3 | 300..120,get-shots__shots__entity_type-Team__season-2025__season_type-Regular_Season__team_id-1611661323__entity_id-1611661323__9a6613a2,get-shots,https://api.pbpstats.com/get-shots/wnba?EntityType=Team&Season=2025&SeasonType=Regular+Season&TeamId=1611661323&EntityId=1611661323,200,427,,,,,,False,1611661321,465.0,305,2025-08-27,1022500246,1629497-1642303-1642800-202250-203829,False,DAL,1630143-1641650-1641652-1641658-1642793,,,,,,1611661323,3,Tina Charles,202250,9,07:52,0,,0,,203829,Bria Hartley,1641650,Haley Jones,False,6,,3.4,0.6564,469.0,AtRim,2,472.0,OffLiveBallTurnover,CON,07:49,,-15,31,False,shots,4Q/OT | margin -3..3 | 300..120,team
wnba,wnba_shot_pace,shot_pace,shots,get-shots,2025,Regular Season,team,"{'EntityType': 'Team', 'Season': '2025', 'SeasonType': 'Regular Season', 'TeamId': '1611661323', 'EntityId': '1611661323'}",shot_pace,1611661323,4Q/OT | margin -3..3 | 300..120,get-shots__shots__entity_type-Team__season-2025__season_type-Regular_Season__team_id-1611661323__entity_id-1611661323__9a6613a2,get-shots,https://api.pbpstats.com/get-shots/wnba?EntityType=Team&Season=2025&SeasonType=Regular+Season&TeamId=1611661323&EntityId=1611661323,200,428,,,False,,,,1611661321,487.0,299,2025-08-27,1022500246,1629497-1642303-1642800-202250-203829,True,DAL,1630143-1641650-1641652-1641658-1642793,,,,,,1611661323,3,Aneesah Morrow,1642800,7,08:18,0,,1641658,Grace Berger,0,,0,,False,3,,1.8,0.6794,487.0,AtRim,2,498.0,OffShortMidRangeMake,CON,08:07,,-16,9,False,shots,4Q/OT | margin -3..3 | 300..120,team
wnba,wnba_shot_pace,shot_pace,shots,get-shots,2025,Regular Season,team,"{'EntityType': 'Team', 'Season': '2025', 'SeasonType': 'Regular Season', 'TeamId': '1611661323', 'EntityId': '1611661323'}",shot_pace,1611661323,4Q/OT | margin -3..3 | 300..120,get-shots__shots__entity_type-Team__season-2025__season_type-Regular_Season__team_id-1611661323__entity_id-1611661323__9a6613a2,get-shots,https://api.pbpstats.com/get-shots/wnba?EntityType=Team&Season=2025&SeasonType=Regular+Season&TeamId=1611661323&EntityId=1611661323,200,429,,,False,,,,1611661321,521.0,297,2025-08-27,1022500246,1629497-1642303-1642800-202250-203829,True,DAL,1630143-1641650-1641652-1641658-1642793,,,,,,1611661323,3,Tina Charles,202250,5,09:04,0,,1630143,Luisa Geiselsöder,0,,0,,False,3,,13.1,0.3582,521.0,ShortMidRange,2,544.0,OffAtRimMake,CON,08:41,,-130,15,False,shots,4Q/OT | margin -3..3 | 300..120,team
wnba,wnba_shot_pace,shot_pace,shots,get-shots,2025,Regular Season,team,"{'EntityType': 'Team', 'Season': '2025', 'SeasonType': 'Regular Season', 'TeamId': '1611661323', 'EntityId': '1611661323'}",shot_pace,1611661323,4Q/OT | margin -3..3 | 300..120,get-shots__shots__entity_type-Team__season-2025__season_type-Regular_Season__team_id-1611661323__entity_id-1611661323__9a6613a2,get-shots,https://api.pbpstats.com/get-shots/wnba?EntityType=Team&Season=2025&SeasonType=Regular+Season&TeamId=1611661323&EntityId=1611661323,200,430,Bria Hartley,203829.0,True,,,,1611661321,561.0,293,2025-08-27,1022500246,1629497-1642303-1642800-202250-203829,True,DAL,1630143-1641650-1641652-1641658-1642793,,,,,,1611661323,3,Aneesah Morrow,1642800,3,09:29,0,,1641650,Haley Jones,0,,0,,False,3,,3.5,0.5919,561.0,AtRim,2,569.0,OffShortMidRangeMake,CON,09:21,,-22,27,False,shots,4Q/OT | margin -3..3 | 300..120,team
wnba,wnba_shot_pace,shot_pace,shots,get-shots,2025,Regular Season,team,"{'EntityType': 'Team', 'Season': '2025', 'SeasonType': 'Regular Season', 'TeamId': '1611661323', 'EntityId': '1611661323'}",shot_pace,1611661323,4Q/OT | margin -3..3 | 300..120,get-shots__shots__entity_type-Team__season-2025__season_type-Regular_Season__team_id-1611661323__entity_id-1611661323__9a6613a2,get-shots,https://api.pbpstats.com/get-shots/wnba?EntityType=Team&Season=2025&SeasonType=Regular+Season&TeamId=1611661323&EntityId=1611661323,200,431,,,,,,False,1611661321,575.0,289,2025-08-27,1022500246,1629497-1642303-1642800-202250-203829,False,DAL,1630143-1641650-1641652-1641658-1642793,,,,,,1611661323,3,Marina Mabrey,1629497,1,10:00,0,,0,,0,,0,,False,5,,23.7,0.3584,580.0,Arc3,3,600.0,OffDeadball,CON,09:40,,-218,92,False,shots,4Q/OT | margin -3..3 | 300..120,team
wnba,wnba_shot_pace,shot_pace,shots,get-shots,2025,Regular Season,team,"{'EntityType': 'Team', 'Season': '2025', 'SeasonType': 'Regular Season', 'TeamId': '1611661323', 'EntityId': '1611661323'}",shot_pace,1611661323,4Q/OT | margin -3..3 | 300..120,get-shots__shots__entity_type-Team__season-2025__season_type-Regular_Season__team_id-1611661323__entity_id-1611661323__9a6613a2,get-shots,https://api.pbpstats.com/get-shots/wnba?EntityType=Team&Season=2025&SeasonType=Regular+Season&TeamId=1611661323&EntityId=1611661323,200,432,Leïla Lacan,1642303.0,True,,,,1611661321,1.0,282,2025-08-27,1022500246,1629497-1642303-1642800-1642809-202250,True,DAL,1630143-1641650-1641652-1641658-1642793,,,,,,1611661323,2,Marina Mabrey,1629497,45,00:02,0,,1630143,Luisa Geiselsöder,0,,0,,False,2,,35.4,0.0,1.0,Arc3,3,2.0,OffAtRimMake,CON,00:01,,-220,277,False,shots,4Q/OT | margin -3..3 | 300..120,team
wnba,wnba_shot_pace,shot_pace,shots,get-shots,2025,Regular Season,team,"{'EntityType': 'Team', 'Season': '2025', 'SeasonType': 'Regular Season', 'TeamId': '1611661323', 'EntityId': '1611661323'}",shot_pace,1611661323,4Q/OT | margin -3..3 | 300..120,get-shots__shots__entity_type-Team__season-2025__season_type-Regular_Season__team_id-1611661323__entity_id-1611661323__9a6613a2,get-shots,https://api.pbpstats.com/get-shots/wnba?EntityType=Team&Season=2025&SeasonType=Regular+Season&TeamId=1611661323&EntityId=1611661323,200,433,,,False,,,,1611661321,34.0,273,2025-08-27,1022500246,1629497-1642303-1642800-1642809-202250,True,DAL,1630143-1641650-1641652-1641658-1642793,,,,,,1611661323,2,Marina Mabrey,1629497,41,00:41,1642800,Aneesah Morrow,1642793,Aziaha James,0,,0,,False,3,,6.9,0.353,34.0,ShortMidRange,2,41.0,OffArc3Miss,CON,00:34,,-51,46,False,shots,4Q/OT | margin -3..3 | 300..120,team
wnba,wnba_shot_pace,shot_pace,shots,get-shots,2025,Regular Season,team,"{'EntityType': 'Team', 'Season': '2025', 'SeasonType': 'Regular Season', 'TeamId': '1611661323', 'EntityId': '1611661323'}",shot_pace,1611661323,4Q/OT | margin -3..3 | 300..120,get-shots__shots__entity_type-Team__season-2025__season_type-Regular_Season__team_id-1611661323__entity_id-1611661323__9a6613a2,get-shots,https://api.pbpstats.com/get-shots/wnba?EntityType=Team&Season=2025&SeasonType=Regular+Season&TeamId=1611661323&EntityId=1611661323,200,434,Marina Mabrey,1629497.0,True,,,,1611661321,68.0,266,2025-08-27,1022500246,1629497-1642303-1642800-1642809-202250,True,DAL,1630143-1641650-1641652-1641658-1642793,,,,,,1611661323,2,Tina Charles,202250,39,01:23,0,,0,,0,,0,,False,1,,7.5,0.3893,68.0,ShortMidRange,2,83.0,OffDeadball,CON,01:08,,-12,74,False,shots,4Q/OT | margin -3..3 | 300..120,team
wnba,wnba_shot_pace,shot_pace,shots,get-shots,2025,Regular Season,team,"{'EntityType': 'Team', 'Season': '2025', 'SeasonType': 'Regular Season', 'TeamId': '1611661323', 'EntityId': '1611661323'}",shot_pace,1611661323,4Q/OT | margin -3..3 | 300..120,get-shots__shots__entity_type-Team__season-2025__season_type-Regular_Season__team_id-1611661323__entity_id-1611661323__9a6613a2,get-shots,https://api.pbpstats.com/get-shots/wnba?EntityType=Team&Season=2025&SeasonType=Regular+Season&TeamId=1611661323&EntityId=1611661323,200,435,,,False,,,,1611661321,99.0,262,2025-08-27,1022500246,1629497-1642303-1642800-1642809-202250,True,DAL,1630143-1641650-1641652-1641658-1642793,,,,,,1611661323,2,Leïla Lacan,1642303,37,01:47,1642800,Aneesah Morrow,1630143,Luisa Geiselsöder,0,,0,,False,-1,,3.9,0.5162,99.0,AtRim,2,107.0,OffCorner3Miss,CON,01:39,,-35,17,False,shots,4Q/OT | margin -3..3 | 300..120,team
wnba,wnba_shot_pace,shot_pace,shots,get-shots,2025,Regular Season,team,"{'EntityType': 'Team', 'Season': '2025', 'SeasonType': 'Regular Season', 'TeamId': '1611661323', 'EntityId': '1611661323'}",shot_pace,1611661323,4Q/OT | margin -3..3 | 300..120,get-shots__shots__entity_type-Team__season-2025__season_type-Regular_Season__team_id-1611661323__entity_id-1611661323__9a6613a2,get-shots,https://api.pbpstats.com/get-shots/wnba?EntityType=Team&Season=2025&SeasonType=Regular+Season&TeamId=1611661323&EntityId=1611661323,200,436,Leïla Lacan,1642303.0,True,,,,1611661321,155.0,247,2025-08-27,1022500246,1629497-1642303-1642800-1642809-202250,True,DAL,1628899-1641649-1641650-1641652-1642793,,,,,,1611661323,2,Saniya Rivers,1642809,33,02:52,0,,1642793,Aziaha James,0,,0,,False,-6,,23.4,0.3728,155.0,Arc3,3,172.0,OffAtRimMake,CON,02:35,,174,157,False,shots,4Q/OT | margin -3..3 | 300..120,team
wnba,wnba_shot_pace,shot_pace,shots,get-shots,2025,Regular Season,team,"{'EntityType': 'Team', 'Season': '2025', 'SeasonType': 'Regular Season', 'TeamId': '1611661323', 'EntityId': '1611661323'}",shot_pace,1611661323,4Q/OT | margin -3..3 | 300..120,get-shots__shots__entity_type-Team__season-2025__season_type-Regular_Season__team_id-1611661323__entity_id-1611661323__9a6613a2,get-shots,https://api.pbpstats.com/get-shots/wnba?EntityType=Team&Season=2025&SeasonType=Regular+Season&TeamId=1611661323&EntityId=1611661323,200,437,Leïla Lacan,1642303.0,True,,,,1611661321,186.0,244,2025-08-27,1022500246,1629497-1642303-1642800-1642809-202250,True,DAL,1628899-1641649-1641650-1641652-1642793,,,,,,1611661323,2,Tina Charles,202250,31,03:24,0,,0,,0,,0,,False,-6,,6.1,0.4045,186.0,ShortMidRange,2,204.0,OffDeadball,CON,03:06,,19,58,False,shots,4Q/OT | margin -3..3 | 300..120,team
wnba,wnba_shot_pace,shot_pace,shots,get-shots,2025,Regular Season,team,"{'EntityType': 'Team', 'Season': '2025', 'SeasonType': 'Regular Season', 'TeamId': '1611661323', 'EntityId': '1611661323'}",shot_pace,1611661323,4Q/OT | margin -3..3 | 300..120,get-shots__shots__entity_type-Team__season-2025__season_type-Regular_Season__team_id-1611661323__entity_id-1611661323__9a6613a2,get-shots,https://api.pbpstats.com/get-shots/wnba?EntityType=Team&Season=2025&SeasonType=Regular+Season&TeamId=1611661323&EntityId=1611661323,200,438,Marina Mabrey,1629497.0,True,,,,1611661321,223.0,237,2025-08-27,1022500246,1629497-1642800-1642809-202250-203829,True,DAL,1628899-1641649-1641650-1641652-1642793,,,,,,1611661323,2,Tina Charles,202250,29,03:57,0,,1641652,Maddy Siegrist,0,,0,,False,-8,,1.8,0.6819,223.0,AtRim,2,237.0,OffAtRimMake,CON,03:43,,13,12,False,shots,4Q/OT | margin -3..3 | 300..120,team
wnba,wnba_shot_pace,shot_pace,shots,get-shots,2025,Regular Season,team,"{'EntityType': 'Team', 'Season': '2025', 'SeasonType': 'Regular Season', 'TeamId': '1611661323', 'EntityId': '1611661323'}",shot_pace,1611661323,4Q/OT | margin -3..3 | 300..120,get-shots__shots__entity_type-Team__season-2025__season_type-Regular_Season__team_id-1611661323__entity_id-1611661323__9a6613a2,get-shots,https://api.pbpstats.com/get-shots/wnba?EntityType=Team&Season=2025&SeasonType=Regular+Season&TeamId=1611661323&EntityId=1611661323,200,439,,,,,,False,1611661321,244.0,232,2025-08-27,1022500246,1629497-1642800-1642809-202250-203829,False,DAL,1628899-1641649-1641650-1641652-1642793,,,,,,1611661323,2,Bria Hartley,203829,27,04:19,0,,1641649,Diamond Miller,0,,0,,False,-6,,23.8,0.3646,244.0,Arc3,3,259.0,OffAtRimMake,CON,04:04,,-199,130,False,shots,4Q/OT | margin -3..3 | 300..120,team
wnba,wnba_shot_pace,shot_pace,shots,get-shots,2025,Regular Season,team,"{'EntityType': 'Team', 'Season': '2025', 'SeasonType': 'Regular Season', 'TeamId': '1611661323', 'EntityId': '1611661323'}",shot_pace,1611661323,4Q/OT | margin -3..3 | 300..120,get-shots__shots__entity_type-Team__season-2025__season_type-Regular_Season__team_id-1611661323__entity_id-1611661323__9a6613a2,get-shots,https://api.pbpstats.com/get-shots/wnba?EntityType=Team&Season=2025&SeasonType=Regular+Season&TeamId=1611661323&EntityId=1611661323,200,440,,,,,,False,1611661321,264.0,227,2025-08-27,1022500246,1629497-1642800-1642809-202250-203829,False,DAL,1628899-1641649-1641650-1641652-1642793,,,,,,1611661323,2,Saniya Rivers,1642809,25,04:44,0,,1641652,Maddy Siegrist,0,,0,,False,-4,,22.3,0.4169,267.0,Corner3,3,284.0,OffShortMidRangeMake,CON,04:27,,-223,13,False,shots,4Q/OT | margin -3..3 | 300..120,team
wnba,wnba_shot_pace,shot_pace,shots,get-shots,2025,Regular Season,team,"{'EntityType': 'Team', 'Season': '2025', 'SeasonType': 'Regular Season', 'TeamId': '1611661323', 'EntityId': '1611661323'}",shot_pace,1611661323,4Q/OT | margin -3..3 | 300..120,get-shots__shots__entity_type-Team__season-2025__season_type-Regular_Season__team_id-1611661323__entity_id-1611661323__9a6613a2,get-shots,https://api.pbpstats.com/get-shots/wnba?EntityType=Team&Season=2025&SeasonType=Regular+Season&TeamId=1611661323&EntityId=1611661323,200,441,,,False,,,,1611661321,300.0,221,2025-08-27,1022500246,1629497-1642800-1642809-202250-203829,True,DAL,1628899-1629539-1641650-1641652-1642793,,,,,,1611661323,2,Marina Mabrey,1629497,23,05:09,203829,Bria Hartley,1629539,Amy Okonkwo,0,,0,,False,-5,,27.9,0.3472,300.0,Arc3,3,309.0,OffArc3Miss,CON,05:00,,111,256,False,shots,4Q/OT | margin -3..3 | 300..120,team
wnba,wnba_shot_pace,shot_pace,shots,get-shots,2025,Regular Season,team,"{'EntityType': 'Team', 'Season': '2025', 'SeasonType': 'Regular Season', 'TeamId': '1611661323', 'EntityId': '1611661323'}",shot_pace,1611661323,4Q/OT | margin -3..3 | 300..120,get-shots__shots__entity_type-Team__season-2025__season_type-Regular_Season__team_id-1611661323__entity_id-1611661323__9a6613a2,get-shots,https://api.pbpstats.com/get-shots/wnba?EntityType=Team&Season=2025&SeasonType=Regular+Season&TeamId=1611661323&EntityId=1611661323,200,442,Bria Hartley,203829.0,True,,,,1611661321,323.0,217,2025-08-27,1022500246,1629497-1642800-1642809-202250-203829,True,DAL,1628899-1629539-1641650-1641652-1642793,,,,,,1611661323,2,Aneesah Morrow,1642800,21,05:37,0,,1641652,Maddy Siegrist,0,,0,,False,-7,,14.6,0.3951,323.0,LongMidRange,2,337.0,OffAtRimMake,CON,05:23,,-146,8,False,shots,4Q/OT | margin -3..3 | 300..120,team
wnba,wnba_shot_pace,shot_pace,shots,get-shots,2025,Regular Season,team,"{'EntityType': 'Team', 'Season': '2025', 'SeasonType': 'Regular Season', 'TeamId': '1611661323', 'EntityId': '1611661323'}",shot_pace,1611661323,4Q/OT | margin -3..3 | 300..120,get-shots__shots__entity_type-Team__season-2025__season_type-Regular_Season__team_id-1611661323__entity_id-1611661323__9a6613a2,get-shots,https://api.pbpstats.com/get-shots/wnba?EntityType=Team&Season=2025&SeasonType=Regular+Season&TeamId=1611661323&EntityId=1611661323,200,443,,,,,,False,1611661321,358.0,204,2025-08-27,1022500246,1629497-1642800-1642809-202250-203829,False,DAL,1629539-1630143-1641650-1641652-1642793,,,,,,1611661323,2,Tina Charles,202250,17,06:08,1642800,Aneesah Morrow,1630143,Luisa Geiselsöder,0,,0,,False,-7,,7.6,0.3817,359.0,ShortMidRange,2,368.0,OffShortMidRangeMiss,CON,05:59,,29,70,False,shots,4Q/OT | margin -3..3 | 300..120,team
wnba,wnba_shot_pace,shot_pace,shots,get-shots,2025,Regular Season,team,"{'EntityType': 'Team', 'Season': '2025', 'SeasonType': 'Regular Season', 'TeamId': '1611661323', 'EntityId': '1611661323'}",shot_pace,1611661323,4Q/OT | margin -3..3 | 300..120,get-shots__shots__entity_type-Team__season-2025__season_type-Regular_Season__team_id-1611661323__entity_id-1611661323__9a6613a2,get-shots,https://api.pbpstats.com/get-shots/wnba?EntityType=Team&Season=2025&SeasonType=Regular+Season&TeamId=1611661323&EntityId=1611661323,200,444,,,False,,,,1611661321,388.0,195,2025-08-27,1022500246,1629497-1642303-1642800-202250-203829,True,DAL,1629539-1630143-1641652-1641658-1642793,,,,,,1611661323,2,Leïla Lacan,1642303,15,06:34,1642800,Aneesah Morrow,1641658,Grace Berger,0,,0,,False,-9,,4.1,0.4548,388.0,ShortMidRange,2,394.0,OffShortMidRangeMiss,CON,06:28,,-34,23,False,shots,4Q/OT | margin -3..3 | 300..120,team
wnba,wnba_shot_pace,shot_pace,shots,get-shots,2025,Regular Season,team,"{'EntityType': 'Team', 'Season': '2025', 'SeasonType': 'Regular Season', 'TeamId': '1611661323', 'EntityId': '1611661323'}",shot_pace,1611661323,4Q/OT | margin -3..3 | 300..120,get-shots__shots__entity_type-Team__season-2025__season_type-Regular_Season__team_id-1611661323__entity_id-1611661323__9a6613a2,get-shots,https://api.pbpstats.com/get-shots/wnba?EntityType=Team&Season=2025&SeasonType=Regular+Season&TeamId=1611661323&EntityId=1611661323,200,445,Bria Hartley,203829.0,True,,,,1611661321,412.0,191,2025-08-27,1022500246,1629497-1642303-1642800-202250-203829,True,DAL,1629539-1630143-1641652-1641658-1642793,,,,,,1611661323,2,Tina Charles,202250,13,07:07,202250,Tina Charles,1629539,Amy Okonkwo,0,,0,,False,-11,,15.6,0.3726,412.0,LongMidRange,2,427.0,OffShortMidRangeMiss,CON,06:52,,-155,15,False,shots,4Q/OT | margin -3..3 | 300..120,team
wnba,wnba_shot_pace,shot_pace,shots,get-shots,2025,Regular Season,team,"{'EntityType': 'Team', 'Season': '2025', 'SeasonType': 'Regular Season', 'TeamId': '1611661323', 'EntityId': '1611661323'}",shot_pace,1611661323,4Q/OT | margin -3..3 | 300..120,get-shots__shots__entity_type-Team__season-2025__season_type-Regular_Season__team_id-1611661323__entity_id-1611661323__9a6613a2,get-shots,https://api.pbpstats.com/get-shots/wnba?EntityType=Team&Season=2025&SeasonType=Regular+Season&TeamId=1611661323&EntityId=1611661323,200,446,,,,,,False,1611661321,448.0,185,2025-08-27,1022500246,1629497-1642303-1642800-202250-203829,False,DAL,1629539-1630143-1641652-1641658-1642793,,,,,,1611661323,2,Tina Charles,202250,11,07:41,1642800,Aneesah Morrow,1629539,Amy Okonkwo,0,,0,,False,-11,,6.2,0.4066,448.0,ShortMidRange,2,461.0,OffArc3Miss,CON,07:28,,16,60,False,shots,4Q/OT | margin -3..3 | 300..120,team
wnba,wnba_shot_pace,shot_pace,shots,get-shots,2025,Regular Season,team,"{'EntityType': 'Team', 'Season': '2025', 'SeasonType': 'Regular Season', 'TeamId': '1611661323', 'EntityId': '1611661323'}",shot_pace,1611661323,4Q/OT | margin -3..3 | 300..120,get-shots__shots__entity_type-Team__season-2025__season_type-Regular_Season__team_id-1611661323__entity_id-1611661323__9a6613a2,get-shots,https://api.pbpstats.com/get-shots/wnba?EntityType=Team&Season=2025&SeasonType=Regular+Season&TeamId=1611661323&EntityId=1611661323,200,447,,,,,,False,1611661321,469.0,181,2025-08-27,1022500246,1629497-1642303-1642800-202250-203829,False,DAL,1629539-1630143-1641652-1641658-1642793,,,,,,1611661323,2,Tina Charles,202250,9,08:16,0,,0,,0,,0,,False,-11,,14.1,0.3348,474.0,LongMidRange,2,496.0,OffTimeout,CON,07:54,,-138,28,False,shots,4Q/OT | margin -3..3 | 300..120,team
wnba,wnba_shot_pace,shot_pace,shots,get-shots,2025,Regular Season,team,"{'EntityType': 'Team', 'Season': '2025', 'SeasonType': 'Regular Season', 'TeamId': '1611661323', 'EntityId': '1611661323'}",shot_pace,1611661323,4Q/OT | margin -3..3 | 300..120,get-shots__shots__entity_type-Team__season-2025__season_type-Regular_Season__team_id-1611661323__entity_id-1611661323__9a6613a2,get-shots,https://api.pbpstats.com/get-shots/wnba?EntityType=Team&Season=2025&SeasonType=Regular+Season&TeamId=1611661323&EntityId=1611661323,200,448,Bria Hartley,203829.0,True,,,,1611661321,507.0,170,2025-08-27,1022500246,1628263-1631135-1642303-203829-203863,True,DAL,1629539-1630143-1641652-1641658-1642793,,,,,,1611661323,2,Leïla Lacan,1642303,7,08:35,1628263,Lindsay Allen,1641658,Grace Berger,0,,0,,False,-12,,22.1,0.3377,507.0,Corner3,3,515.0,OffArc3Miss,CON,08:27,,-221,6,False,shots,4Q/OT | margin -3..3 | 300..120,team
wnba,wnba_shot_pace,shot_pace,shots,get-shots,2025,Regular Season,team,"{'EntityType': 'Team', 'Season': '2025', 'SeasonType': 'Regular Season', 'TeamId': '1611661323', 'EntityId': '1611661323'}",shot_pace,1611661323,4Q/OT | margin -3..3 | 300..120,get-shots__shots__entity_type-Team__season-2025__season_type-Regular_Season__team_id-1611661323__entity_id-1611661323__9a6613a2,get-shots,https://api.pbpstats.com/get-shots/wnba?EntityType=Team&Season=2025&SeasonType=Regular+Season&TeamId=1611661323&EntityId=1611661323,200,449,,,,,,False,1611661321,531.0,166,2025-08-27,1022500246,1628263-1631135-1642303-203829-203863,False,DAL,1629539-1630143-1641652-1641658-1642793,,,,,,1611661323,2,Olivia Nelson-Ododa,1631135,5,09:05,0,,1629539,Amy Okonkwo,0,,0,,False,-12,,13.3,0.4282,533.0,ShortMidRange,2,545.0,OffCorner3Make,CON,08:53,,12,132,False,shots,4Q/OT | margin -3..3 | 300..120,team
wnba,wnba_shot_pace,shot_pace,shots,get-shots,2025,Regular Season,team,"{'EntityType': 'Team', 'Season': '2025', 'SeasonType': 'Regular Season', 'TeamId': '1611661323', 'EntityId': '1611661323'}",shot_pace,1611661323,4Q/OT | margin -3..3 | 300..120,get-shots__shots__entity_type-Team__season-2025__season_type-Regular_Season__team_id-1611661323__entity_id-1611661323__9a6613a2,get-shots,https://api.pbpstats.com/get-shots/wnba?EntityType=Team&Season=2025&SeasonType=Regular+Season&TeamId=1611661323&EntityId=1611661323,200,450,,,,,,False,1611661321,550.0,162,2025-08-27,1022500246,1628263-1631135-1642303-203829-203863,False,DAL,1629539-1630143-1641652-1641658-1642793,,,,,,1611661323,2,Haley Peters,203863,3,09:23,0,,0,,1628263,Lindsay Allen,1630143,Luisa Geiselsöder,False,-9,,5.4,0.4473,553.0,ShortMidRange,2,563.0,OffLiveBallTurnover,CON,09:13,,-4,54,False,shots,4Q/OT | margin -3..3 | 300..120,team
wnba,wnba_shot_pace,shot_pace,shots,get-shots,2025,Regular Season,team,"{'EntityType': 'Team', 'Season': '2025', 'SeasonType': 'Regular Season', 'TeamId': '1611661323', 'EntityId': '1611661323'}",shot_pace,1611661323,4Q/OT | margin -3..3 | 300..120,get-shots__shots__entity_type-Team__season-2025__season_type-Regular_Season__team_id-1611661323__entity_id-1611661323__9a6613a2,get-shots,https://api.pbpstats.com/get-shots/wnba?EntityType=Team&Season=2025&SeasonType=Regular+Season&TeamId=1611661323&EntityId=1611661323,200,451,,,,,,False,1611661321,576.0,157,2025-08-27,1022500246,1628263-1631135-1642303-203829-203863,False,DAL,1629539-1630143-1641652-1641658-1642793,,,,,,1611661323,2,Haley Peters,203863,1,10:00,0,,0,,0,,0,,False,-9,,4.5,0.4578,578.0,ShortMidRange,2,600.0,OffDeadball,CON,09:38,,43,12,False,shots,4Q/OT | margin -3..3 | 300..120,team
wnba,wnba_shot_pace,shot_pace,shots,get-shots,2025,Regular Season,team,"{'EntityType': 'Team', 'Season': '2025', 'SeasonType': 'Regular Season', 'TeamId': '1611661323', 'EntityId': '1611661323'}",shot_pace,1611661323,4Q/OT | margin -3..3 | 300..120,get-shots__shots__entity_type-Team__season-2025__season_type-Regular_Season__team_id-1611661323__entity_id-1611661323__9a6613a2,get-shots,https://api.pbpstats.com/get-shots/wnba?EntityType=Team&Season=2025&SeasonType=Regular+Season&TeamId=1611661323&EntityId=1611661323,200,452,,,,,,False,1611661321,0.0,143,2025-08-27,1022500246,1631135-1642303-1642809-1642841-203863,False,DAL,1628899-1629539-1641649-1641650-1641658,,,,,,1611661323,1,Haley Peters,203863,44,00:24,0,,1628899,Myisha Hines-Allen,0,,0,,False,-9,,26.1,0.1352,1.0,Arc3,3,24.0,OffAtRimMake,CON,00:01,,-49,256,False,shots,4Q/OT | margin -3..3 | 300..120,team
wnba,wnba_shot_pace,shot_pace,shots,get-shots,2025,Regular Season,team,"{'EntityType': 'Team', 'Season': '2025', 'SeasonType': 'Regular Season', 'TeamId': '1611661323', 'EntityId': '1611661323'}",shot_pace,1611661323,4Q/OT | margin -3..3 | 300..120,get-shots__shots__entity_type-Team__season-2025__season_type-Regular_Season__team_id-1611661323__entity_id-1611661323__9a6613a2,get-shots,https://api.pbpstats.com/get-shots/wnba?EntityType=Team&Season=2025&SeasonType=Regular+Season&TeamId=1611661323&EntityId=1611661323,200,453,Leïla Lacan,1642303.0,True,,,,1611661321,44.0,134,2025-08-27,1022500246,1631135-1642303-1642809-1642841-203863,True,DAL,1628899-1629539-1641649-1641650-1641658,,,,,,1611661323,1,Saniya Rivers,1642809,42,00:59,0,,1629539,Amy Okonkwo,0,,0,,False,-10,,26.7,0.3156,44.0,Arc3,3,59.0,OffShortMidRangeMake,CON,00:44,,-176,201,False,shots,4Q/OT | margin -3..3 | 300..120,team
wnba,wnba_shot_pace,shot_pace,shots,get-shots,2025,Regular Season,team,"{'EntityType': 'Team', 'Season': '2025', 'SeasonType': 'Regular Season', 'TeamId': '1611661323', 'EntityId': '1611661323'}",shot_pace,1611661323,4Q/OT | margin -3..3 | 300..120,get-shots__shots__entity_type-Team__season-2025__season_type-Regular_Season__team_id-1611661323__entity_id-1611661323__9a6613a2,get-shots,https://api.pbpstats.com/get-shots/wnba?EntityType=Team&Season=2025&SeasonType=Regular+Season&TeamId=1611661323&EntityId=1611661323,200,454,Olivia Nelson-Ododa,1631135.0,True,,,,1611661321,83.0,130,2025-08-27,1022500246,1631135-1642303-1642809-1642841-203863,True,DAL,1628899-1629539-1641649-1641650-1641658,Leïla Lacan,1642303.0,Haley Peters,203863.0,Arc3,1611661323,1,Mamignan Touré,1642841,40,01:46,1631135,Olivia Nelson-Ododa,1641650,Haley Jones,0,,0,,False,-11,3.0,23.8,0.3789,83.0,Arc3,3,106.0,OffShortMidRangeMiss,CON,01:23,,-168,169,False,shots,4Q/OT | margin -3..3 | 300..120,team
wnba,wnba_shot_pace,shot_pace,shots,get-shots,2025,Regular Season,team,"{'EntityType': 'Team', 'Season': '2025', 'SeasonType': 'Regular Season', 'TeamId': '1611661323', 'EntityId': '1611661323'}",shot_pace,1611661323,4Q/OT | margin -3..3 | 300..120,get-shots__shots__entity_type-Team__season-2025__season_type-Regular_Season__team_id-1611661323__entity_id-1611661323__9a6613a2,get-shots,https://api.pbpstats.com/get-shots/wnba?EntityType=Team&Season=2025&SeasonType=Regular+Season&TeamId=1611661323&EntityId=1611661323,200,455,,,,,,False,1611661321,83.0,128,2025-08-27,1022500246,1631135-1642303-1642809-1642841-203863,False,DAL,1628899-1629539-1641649-1641650-1641658,,,,,,1611661323,1,Haley Peters,203863,40,01:46,1631135,Olivia Nelson-Ododa,1641650,Haley Jones,0,,0,,False,-11,,24.4,0.3716,89.0,Arc3,3,106.0,OffShortMidRangeMiss,CON,01:29,,-43,240,False,shots,4Q/OT | margin -3..3 | 300..120,team
wnba,wnba_shot_pace,shot_pace,shots,get-shots,2025,Regular Season,team,"{'EntityType': 'Team', 'Season': '2025', 'SeasonType': 'Regular Season', 'TeamId': '1611661323', 'EntityId': '1611661323'}",shot_pace,1611661323,4Q/OT | margin -3..3 | 300..120,get-shots__shots__entity_type-Team__season-2025__season_type-Regular_Season__team_id-1611661323__entity_id-1611661323__9a6613a2,get-shots,https://api.pbpstats.com/get-shots/wnba?EntityType=Team&Season=2025&SeasonType=Regular+Season&TeamId=1611661323&EntityId=1611661323,200,456,,,,,,False,1611661321,146.0,119,2025-08-27,1022500246,1631135-1642290-1642303-1642809-1642841,False,DAL,1628899-1629539-1641649-1641650-1641658,,0.0,Leïla Lacan,1642303.0,Team,1611661323,1,Leïla Lacan,1642303,36,02:48,0,,0,,0,,0,,False,-8,5.0,17.8,0.3593,146.0,LongMidRange,2,168.0,OffFTMake,CON,02:26,,151,95,False,shots,4Q/OT | margin -3..3 | 300..120,team
wnba,wnba_shot_pace,shot_pace,shots,get-shots,2025,Regular Season,team,"{'EntityType': 'Team', 'Season': '2025', 'SeasonType': 'Regular Season', 'TeamId': '1611661323', 'EntityId': '1611661323'}",shot_pace,1611661323,4Q/OT | margin -3..3 | 300..120,get-shots__shots__entity_type-Team__season-2025__season_type-Regular_Season__team_id-1611661323__entity_id-1611661323__9a6613a2,get-shots,https://api.pbpstats.com/get-shots/wnba?EntityType=Team&Season=2025&SeasonType=Regular+Season&TeamId=1611661323&EntityId=1611661323,200,457,,,,,,False,1611661321,146.0,114,2025-08-27,1022500246,1631135-1642290-1642303-1642809-1642841,False,DAL,1628899-1629539-1641649-1641650-1641658,,,,,,1611661323,1,Leïla Lacan,1642303,36,02:48,0,,0,,0,,0,,False,-8,,6.9,0.3589,154.0,ShortMidRange,2,168.0,OffFTMake,CON,02:34,,-43,54,False,shots,4Q/OT | margin -3..3 | 300..120,team
wnba,wnba_shot_pace,shot_pace,shots,get-shots,2025,Regular Season,team,"{'EntityType': 'Team', 'Season': '2025', 'SeasonType': 'Regular Season', 'TeamId': '1611661323', 'EntityId': '1611661323'}",shot_pace,1611661323,4Q/OT | margin -3..3 | 300..120,get-shots__shots__entity_type-Team__season-2025__season_type-Regular_Season__team_id-1611661323__entity_id-1611661323__9a6613a2,get-shots,https://api.pbpstats.com/get-shots/wnba?EntityType=Team&Season=2025&SeasonType=Regular+Season&TeamId=1611661323&EntityId=1611661323,200,458,,,,,,False,1611661321,226.0,93,2025-08-27,1022500246,1642290-1642303-1642809-1642841-202250,False,DAL,1628899-1641649-1641650-1641652-1642813,,,,,,1611661323,1,Mamignan Touré,1642841,30,04:00,1642290,Aaliyah Edwards,1641649,Diamond Miller,0,,0,,False,-5,,23.3,0.4062,230.0,Corner3,3,240.0,OffAtRimMiss,CON,03:50,,-233,-15,False,shots,4Q/OT | margin -3..3 | 300..120,team
wnba,wnba_shot_pace,shot_pace,shots,get-shots,2025,Regular Season,team,"{'EntityType': 'Team', 'Season': '2025', 'SeasonType': 'Regular Season', 'TeamId': '1611661323', 'EntityId': '1611661323'}",shot_pace,1611661323,4Q/OT | margin -3..3 | 300..120,get-shots__shots__entity_type-Team__season-2025__season_type-Regular_Season__team_id-1611661323__entity_id-1611661323__9a6613a2,get-shots,https://api.pbpstats.com/get-shots/wnba?EntityType=Team&Season=2025&SeasonType=Regular+Season&TeamId=1611661323&EntityId=1611661323,200,459,Leïla Lacan,1642303.0,True,,,,1611661321,253.0,89,2025-08-27,1022500246,1642290-1642303-1642809-1642841-202250,True,DAL,1628899-1641649-1641650-1641652-1642813,,,,,,1611661323,1,Mamignan Touré,1642841,28,04:17,0,,0,,1642303,Leïla Lacan,1642813,Serena Sundell,False,-7,,6.0,0.4095,253.0,ShortMidRange,2,257.0,OffLiveBallTurnover,CON,04:13,,-45,40,False,shots,4Q/OT | margin -3..3 | 300..120,team
wnba,wnba_shot_pace,shot_pace,shots,get-shots,2025,Regular Season,team,"{'EntityType': 'Team', 'Season': '2025', 'SeasonType': 'Regular Season', 'TeamId': '1611661323', 'EntityId': '1611661323'}",shot_pace,1611661323,4Q/OT | margin -3..3 | 300..120,get-shots__shots__entity_type-Team__season-2025__season_type-Regular_Season__team_id-1611661323__entity_id-1611661323__9a6613a2,get-shots,https://api.pbpstats.com/get-shots/wnba?EntityType=Team&Season=2025&SeasonType=Regular+Season&TeamId=1611661323&EntityId=1611661323,200,460,,,False,,,,1611661321,266.0,86,2025-08-27,1022500246,1642290-1642303-1642809-1642841-202250,True,DAL,1628899-1641649-1641650-1641652-1642813,,,,,,1611661323,1,Leïla Lacan,1642303,26,04:42,0,,1641650,Haley Jones,0,,0,,False,-9,,3.8,0.5005,266.0,AtRim,2,282.0,OffAtRimMake,CON,04:26,,-32,20,False,shots,4Q/OT | margin -3..3 | 300..120,team
wnba,wnba_shot_pace,shot_pace,shots,get-shots,2025,Regular Season,team,"{'EntityType': 'Team', 'Season': '2025', 'SeasonType': 'Regular Season', 'TeamId': '1611661323', 'EntityId': '1611661323'}",shot_pace,1611661323,4Q/OT | margin -3..3 | 300..120,get-shots__shots__entity_type-Team__season-2025__season_type-Regular_Season__team_id-1611661323__entity_id-1611661323__9a6613a2,get-shots,https://api.pbpstats.com/get-shots/wnba?EntityType=Team&Season=2025&SeasonType=Regular+Season&TeamId=1611661323&EntityId=1611661323,200,461,,,,,,False,1611661321,313.0,68,2025-08-27,1022500246,1629497-1642290-1642303-1642809-202250,False,DAL,1628899-1641649-1641650-1641652-1642813,,,,,,1611661323,1,Leïla Lacan,1642303,22,05:33,0,,0,,0,,0,,False,-8,,25.9,0.3208,317.0,Arc3,3,333.0,OffFTMake,CON,05:17,,-37,256,False,shots,4Q/OT | margin -3..3 | 300..120,team
wnba,wnba_shot_pace,shot_pace,shots,get-shots,2025,Regular Season,team,"{'EntityType': 'Team', 'Season': '2025', 'SeasonType': 'Regular Season', 'TeamId': '1611661323', 'EntityId': '1611661323'}",shot_pace,1611661323,4Q/OT | margin -3..3 | 300..120,get-shots__shots__entity_type-Team__season-2025__season_type-Regular_Season__team_id-1611661323__entity_id-1611661323__9a6613a2,get-shots,https://api.pbpstats.com/get-shots/wnba?EntityType=Team&Season=2025&SeasonType=Regular+Season&TeamId=1611661323&EntityId=1611661323,200,462,,,False,,,,1611661321,344.0,58,2025-08-27,1022500246,1629497-1642290-1642303-1642809-202250,True,DAL,1628899-1641650-1641652-1641658-1642793,,,,,,1611661323,1,Leïla Lacan,1642303,20,05:49,1642303,Leïla Lacan,1642793,Aziaha James,0,,0,,False,-7,,3.9,0.5486,344.0,AtRim,2,349.0,OffShortMidRangeMiss,CON,05:44,,30,25,False,shots,4Q/OT | margin -3..3 | 300..120,team
wnba,wnba_shot_pace,shot_pace,shots,get-shots,2025,Regular Season,team,"{'EntityType': 'Team', 'Season': '2025', 'SeasonType': 'Regular Season', 'TeamId': '1611661323', 'EntityId': '1611661323'}",shot_pace,1611661323,4Q/OT | margin -3..3 | 300..120,get-shots__shots__entity_type-Team__season-2025__season_type-Regular_Season__team_id-1611661323__entity_id-1611661323__9a6613a2,get-shots,https://api.pbpstats.com/get-shots/wnba?EntityType=Team&Season=2025&SeasonType=Regular+Season&TeamId=1611661323&EntityId=1611661323,200,463,,,,,,False,1611661321,390.0,40,2025-08-27,1022500246,1629497-1642303-1642800-202250-203829,False,DAL,1630143-1641650-1641652-1641658-1642793,,,,,,1611661323,1,Bria Hartley,203829,16,06:40,0,,1641650,Haley Jones,0,,0,,False,-5,,23.6,0.3783,391.0,Arc3,3,400.0,OffAtRimMake,CON,06:31,,212,103,False,shots,4Q/OT | margin -3..3 | 300..120,team
wnba,wnba_shot_pace,shot_pace,shots,get-shots,2025,Regular Season,team,"{'EntityType': 'Team', 'Season': '2025', 'SeasonType': 'Regular Season', 'TeamId': '1611661323', 'EntityId': '1611661323'}",shot_pace,1611661323,4Q/OT | margin -3..3 | 300..120,get-shots__shots__entity_type-Team__season-2025__season_type-Regular_Season__team_id-1611661323__entity_id-1611661323__9a6613a2,get-shots,https://api.pbpstats.com/get-shots/wnba?EntityType=Team&Season=2025&SeasonType=Regular+Season&TeamId=1611661323&EntityId=1611661323,200,464,,,,,,False,1611661321,414.0,37,2025-08-27,1022500246,1629497-1642303-1642800-202250-203829,False,DAL,1630143-1641650-1641652-1641658-1642793,,,,,,1611661323,1,Aneesah Morrow,1642800,14,07:01,203829,Bria Hartley,1641652,Maddy Siegrist,0,,0,,False,-3,,9.8,0.4289,414.0,ShortMidRange,2,421.0,OffArc3Miss,CON,06:54,,97,14,False,shots,4Q/OT | margin -3..3 | 300..120,team
wnba,wnba_shot_pace,shot_pace,shots,get-shots,2025,Regular Season,team,"{'EntityType': 'Team', 'Season': '2025', 'SeasonType': 'Regular Season', 'TeamId': '1611661323', 'EntityId': '1611661323'}",shot_pace,1611661323,4Q/OT | margin -3..3 | 300..120,get-shots__shots__entity_type-Team__season-2025__season_type-Regular_Season__team_id-1611661323__entity_id-1611661323__9a6613a2,get-shots,https://api.pbpstats.com/get-shots/wnba?EntityType=Team&Season=2025&SeasonType=Regular+Season&TeamId=1611661323&EntityId=1611661323,200,465,Tina Charles,202250.0,True,,,,1611661321,522.0,15,2025-08-27,1022500246,1629497-1642303-1642800-202250-203829,True,DAL,1630143-1641650-1641652-1641658-1642793,,,,,,1611661323,1,Leïla Lacan,1642303,4,09:00,0,,1642793,Aziaha James,0,,0,,False,-2,,23.9,0.354,522.0,Arc3,3,540.0,OffShortMidRangeMake,CON,08:42,,207,120,False,shots,4Q/OT | margin -3..3 | 300..120,team
wnba,wnba_shot_pace,shot_pace,shots,get-shots,2025,Regular Season,team,"{'EntityType': 'Team', 'Season': '2025', 'SeasonType': 'Regular Season', 'TeamId': '1611661323', 'EntityId': '1611661323'}",shot_pace,1611661323,4Q/OT | margin -3..3 | 300..120,get-shots__shots__entity_type-Team__season-2025__season_type-Regular_Season__team_id-1611661323__entity_id-1611661323__9a6613a2,get-shots,https://api.pbpstats.com/get-shots/wnba?EntityType=Team&Season=2025&SeasonType=Regular+Season&TeamId=1611661323&EntityId=1611661323,200,466,,,,,,False,1611661321,551.0,11,2025-08-27,1022500246,1629497-1642303-1642800-202250-203829,False,DAL,1630143-1641650-1641652-1641658-1642793,,,,,,1611661323,1,Tina Charles,202250,2,09:32,202250,Tina Charles,1641652,Maddy Siegrist,0,,0,,False,0,,7.7,0.3808,556.0,ShortMidRange,2,572.0,OffShortMidRangeMiss,CON,09:16,,0,77,False,shots,4Q/OT | margin -3..3 | 300..120,team
wnba,wnba_shot_pace,shot_pace,shots,get-shots,2025,Regular Season,team,"{'EntityType': 'Team', 'Season': '2025', 'SeasonType': 'Regular Season', 'TeamId': '1611661323', 'EntityId': '1611661323'}",shot_pace,1611661323,4Q/OT | margin -3..3 | 300..120,get-shots__shots__entity_type-Team__season-2025__season_type-Regular_Season__team_id-1611661323__entity_id-1611661323__9a6613a2,get-shots,https://api.pbpstats.com/get-shots/wnba?EntityType=Team&Season=2025&SeasonType=Regular+Season&TeamId=1611661323&EntityId=1611661323,200,467,,,,Sabrina Ionescu,1629477.0,True,1611661313,2.0,534,2025-08-25,1022500241,1629497-1642290-1642303-202250-203829,False,NYL,1627668-1627673-1629477-1629568-1630142,,,,,,1611661323,4,Leïla Lacan,1642303,36,00:07,0,,0,,1642303,Leïla Lacan,1627668,Breanna Stewart,False,-2,,5.2,0.3599,3.0,ShortMidRange,2,7.0,OffLiveBallTurnover,CON,00:03,,-22,47,False,shots,4Q/OT | margin -3..3 | 300..120,team
wnba,wnba_shot_pace,shot_pace,shots,get-shots,2025,Regular Season,team,"{'EntityType': 'Team', 'Season': '2025', 'SeasonType': 'Regular Season', 'TeamId': '1611661323', 'EntityId': '1611661323'}",shot_pace,1611661323,4Q/OT | margin -3..3 | 300..120,get-shots__shots__entity_type-Team__season-2025__season_type-Regular_Season__team_id-1611661323__entity_id-1611661323__9a6613a2,get-shots,https://api.pbpstats.com/get-shots/wnba?EntityType=Team&Season=2025&SeasonType=Regular+Season&TeamId=1611661323&EntityId=1611661323,200,468,Bria Hartley,203829.0,True,,,,1611661313,52.0,520,2025-08-25,1022500241,1629497-1642290-1642303-202250-203829,True,NYL,1627668-1627673-1629477-1629568-1630142,,0.0,Tina Charles,202250.0,Team,1611661323,4,Leïla Lacan,1642303,32,00:57,0,,0,,0,,0,,False,-6,1.0,14.9,0.3684,52.0,LongMidRange,2,57.0,OffTimeout,CON,00:52,,-134,65,False,shots,4Q/OT | margin -3..3 | 300..120,team
wnba,wnba_shot_pace,shot_pace,shots,get-shots,2025,Regular Season,team,"{'EntityType': 'Team', 'Season': '2025', 'SeasonType': 'Regular Season', 'TeamId': '1611661323', 'EntityId': '1611661323'}",shot_pace,1611661323,4Q/OT | margin -3..3 | 300..120,get-shots__shots__entity_type-Team__season-2025__season_type-Regular_Season__team_id-1611661323__entity_id-1611661323__9a6613a2,get-shots,https://api.pbpstats.com/get-shots/wnba?EntityType=Team&Season=2025&SeasonType=Regular+Season&TeamId=1611661323&EntityId=1611661323,200,469,,,False,,,,1611661313,85.0,510,2025-08-25,1022500241,1629497-1642290-1642303-202250-203829,True,NYL,1627668-1627673-1629477-1629568-1630142,,,,,,1611661323,4,Leïla Lacan,1642303,30,01:29,0,,1627673,Jonquel Jones,0,,0,,False,-9,,3.1,0.6809,85.0,AtRim,2,89.0,OffAtRimMake,CON,01:25,,24,19,False,shots,4Q/OT | margin -3..3 | 300..120,team
wnba,wnba_shot_pace,shot_pace,shots,get-shots,2025,Regular Season,team,"{'EntityType': 'Team', 'Season': '2025', 'SeasonType': 'Regular Season', 'TeamId': '1611661323', 'EntityId': '1611661323'}",shot_pace,1611661323,4Q/OT | margin -3..3 | 300..120,get-shots__shots__entity_type-Team__season-2025__season_type-Regular_Season__team_id-1611661323__entity_id-1611661323__9a6613a2,get-shots,https://api.pbpstats.com/get-shots/wnba?EntityType=Team&Season=2025&SeasonType=Regular+Season&TeamId=1611661323&EntityId=1611661323,200,470,Leïla Lacan,1642303.0,True,,,,1611661313,107.0,505,2025-08-25,1022500241,1629497-1642290-1642303-202250-203829,True,NYL,1627668-1627673-1629477-1629568-1630142,,,,,,1611661323,4,Tina Charles,202250,28,01:58,0,,0,,0,,0,,False,-9,,5.2,0.4178,107.0,ShortMidRange,2,118.0,OffTimeout,CON,01:47,,1,52,False,shots,4Q/OT | margin -3..3 | 300..120,team
wnba,wnba_shot_pace,shot_pace,shots,get-shots,2025,Regular Season,team,"{'EntityType': 'Team', 'Season': '2025', 'SeasonType': 'Regular Season', 'TeamId': '1611661323', 'EntityId': '1611661323'}",shot_pace,1611661323,4Q/OT | margin -3..3 | 300..120,get-shots__shots__entity_type-Team__season-2025__season_type-Regular_Season__team_id-1611661323__entity_id-1611661323__9a6613a2,get-shots,https://api.pbpstats.com/get-shots/wnba?EntityType=Team&Season=2025&SeasonType=Regular+Season&TeamId=1611661323&EntityId=1611661323,200,471,Leïla Lacan,1642303.0,True,,,,1611661313,138.0,500,2025-08-25,1022500241,1629497-1642290-1642303-202250-203829,True,NYL,1627668-1627673-1629477-1629568-1630142,,,,,,1611661323,4,Tina Charles,202250,26,02:33,0,,0,,0,,0,,False,-8,,5.3,0.3621,138.0,ShortMidRange,2,153.0,OffFTMake,CON,02:18,,44,29,False,shots,4Q/OT | margin -3..3 | 300..120,team
wnba,wnba_shot_pace,shot_pace,shots,get-shots,2025,Regular Season,team,"{'EntityType': 'Team', 'Season': '2025', 'SeasonType': 'Regular Season', 'TeamId': '1611661323', 'EntityId': '1611661323'}",shot_pace,1611661323,4Q/OT | margin -3..3 | 300..120,get-shots__shots__entity_type-Team__season-2025__season_type-Regular_Season__team_id-1611661323__entity_id-1611661323__9a6613a2,get-shots,https://api.pbpstats.com/get-shots/wnba?EntityType=Team&Season=2025&SeasonType=Regular+Season&TeamId=1611661323&EntityId=1611661323,200,472,,,,,,False,1611661313,240.0,476,2025-08-25,1022500241,1642303-1642800-1642809-202250-203829,False,NYL,1627673-1629477-1629568-1630142-203416,,,,,,1611661323,4,Leïla Lacan,1642303,20,04:21,0,,1629568,Kennedy Burke,0,,0,,False,-6,,25.3,0.3576,244.0,Arc3,3,261.0,OffCorner3Make,CON,04:04,,-183,175,False,shots,4Q/OT | margin -3..3 | 300..120,team
wnba,wnba_shot_pace,shot_pace,shots,get-shots,2025,Regular Season,team,"{'EntityType': 'Team', 'Season': '2025', 'SeasonType': 'Regular Season', 'TeamId': '1611661323', 'EntityId': '1611661323'}",shot_pace,1611661323,4Q/OT | margin -3..3 | 300..120,get-shots__shots__entity_type-Team__season-2025__season_type-Regular_Season__team_id-1611661323__entity_id-1611661323__9a6613a2,get-shots,https://api.pbpstats.com/get-shots/wnba?EntityType=Team&Season=2025&SeasonType=Regular+Season&TeamId=1611661323&EntityId=1611661323,200,473,,,,,,False,1611661313,275.0,472,2025-08-25,1022500241,1642303-1642800-1642809-202250-203829,False,NYL,1627673-1629477-1629568-1630142-203416,,,,,,1611661323,4,Tina Charles,202250,18,05:01,0,,0,,0,,0,,False,-3,,5.9,0.2862,276.0,ShortMidRange,2,301.0,OffTimeout,CON,04:36,,-10,58,False,shots,4Q/OT | margin -3..3 | 300..120,team
wnba,wnba_shot_pace,shot_pace,shots,get-shots,2025,Regular Season,team,"{'EntityType': 'Team', 'Season': '2025', 'SeasonType': 'Regular Season', 'TeamId': '1611661323', 'EntityId': '1611661323'}",shot_pace,1611661323,4Q/OT | margin -3..3 | 300..120,get-shots__shots__entity_type-Team__season-2025__season_type-Regular_Season__team_id-1611661323__entity_id-1611661323__9a6613a2,get-shots,https://api.pbpstats.com/get-shots/wnba?EntityType=Team&Season=2025&SeasonType=Regular+Season&TeamId=1611661323&EntityId=1611661323,200,474,,,,,,False,1611661313,359.0,455,2025-08-25,1022500241,1629497-1642303-1642800-202250-203829,False,NYL,1627673-1629477-1629568-1630142-203416,,,,,,1611661323,4,Marina Mabrey,1629497,14,06:17,0,,0,,0,,0,,False,-1,,23.1,0.3455,362.0,Corner3,3,377.0,OffFTMake,CON,06:02,,228,35,False,shots,4Q/OT | margin -3..3 | 300..120,team
wnba,wnba_shot_pace,shot_pace,shots,get-shots,2025,Regular Season,team,"{'EntityType': 'Team', 'Season': '2025', 'SeasonType': 'Regular Season', 'TeamId': '1611661323', 'EntityId': '1611661323'}",shot_pace,1611661323,4Q/OT | margin -3..3 | 300..120,get-shots__shots__entity_type-Team__season-2025__season_type-Regular_Season__team_id-1611661323__entity_id-1611661323__9a6613a2,get-shots,https://api.pbpstats.com/get-shots/wnba?EntityType=Team&Season=2025&SeasonType=Regular+Season&TeamId=1611661323&EntityId=1611661323,200,475,Bria Hartley,203829.0,True,,,,1611661313,396.0,449,2025-08-25,1022500241,1629497-1642303-1642800-202250-203829,True,NYL,1627673-1629477-1629568-1630142-203416,,,,,,1611661323,4,Marina Mabrey,1629497,12,06:52,0,,1629568,Kennedy Burke,0,,0,,False,-1,,4.7,0.4037,396.0,ShortMidRange,2,412.0,OffAtRimMake,CON,06:36,,-28,38,False,shots,4Q/OT | margin -3..3 | 300..120,team
wnba,wnba_shot_pace,shot_pace,shots,get-shots,2025,Regular Season,team,"{'EntityType': 'Team', 'Season': '2025', 'SeasonType': 'Regular Season', 'TeamId': '1611661323', 'EntityId': '1611661323'}",shot_pace,1611661323,4Q/OT | margin -3..3 | 300..120,get-shots__shots__entity_type-Team__season-2025__season_type-Regular_Season__team_id-1611661323__entity_id-1611661323__9a6613a2,get-shots,https://api.pbpstats.com/get-shots/wnba?EntityType=Team&Season=2025&SeasonType=Regular+Season&TeamId=1611661323&EntityId=1611661323,200,476,,,False,,,,1611661313,432.0,446,2025-08-25,1022500241,1629497-1642303-1642800-202250-203829,True,NYL,1627673-1629477-1629568-1630142-203416,Aneesah Morrow,1642800.0,Marina Mabrey,1629497.0,LongMidRange,1611661323,4,Leïla Lacan,1642303,10,07:28,0,,0,,1629497,Marina Mabrey,1627668,Breanna Stewart,False,-1,6.0,6.4,0.4116,432.0,ShortMidRange,2,448.0,OffLiveBallTurnover,CON,07:12,,-44,47,False,shots,4Q/OT | margin -3..3 | 300..120,team
wnba,wnba_shot_pace,shot_pace,shots,get-shots,2025,Regular Season,team,"{'EntityType': 'Team', 'Season': '2025', 'SeasonType': 'Regular Season', 'TeamId': '1611661323', 'EntityId': '1611661323'}",shot_pace,1611661323,4Q/OT | margin -3..3 | 300..120,get-shots__shots__entity_type-Team__season-2025__season_type-Regular_Season__team_id-1611661323__entity_id-1611661323__9a6613a2,get-shots,https://api.pbpstats.com/get-shots/wnba?EntityType=Team&Season=2025&SeasonType=Regular+Season&TeamId=1611661323&EntityId=1611661323,200,477,,,,,,False,1611661313,432.0,438,2025-08-25,1022500241,1629497-1642303-1642800-202250-203829,False,NYL,1627668-1627673-1629546-1629568-1630142,,,,,,1611661323,4,Marina Mabrey,1629497,10,07:28,0,,0,,1629497,Marina Mabrey,1627668,Breanna Stewart,False,-1,,20.7,0.4178,440.0,LongMidRange,2,448.0,OffLiveBallTurnover,CON,07:20,,-73,194,False,shots,4Q/OT | margin -3..3 | 300..120,team
wnba,wnba_shot_pace,shot_pace,shots,get-shots,2025,Regular Season,team,"{'EntityType': 'Team', 'Season': '2025', 'SeasonType': 'Regular Season', 'TeamId': '1611661323', 'EntityId': '1611661323'}",shot_pace,1611661323,4Q/OT | margin -3..3 | 300..120,get-shots__shots__entity_type-Team__season-2025__season_type-Regular_Season__team_id-1611661323__entity_id-1611661323__9a6613a2,get-shots,https://api.pbpstats.com/get-shots/wnba?EntityType=Team&Season=2025&SeasonType=Regular+Season&TeamId=1611661323&EntityId=1611661323,200,478,,,False,,,,1611661313,463.0,435,2025-08-25,1022500241,1629497-1642303-1642800-202250-203829,True,NYL,1627668-1627673-1629546-1629568-1630142,,,,,,1611661323,4,Marina Mabrey,1629497,8,07:53,1642800,Aneesah Morrow,1629546,Marine Johannès,0,,0,,False,-4,,25.1,0.3801,463.0,Arc3,3,473.0,OffShortMidRangeMiss,CON,07:43,,184,170,False,shots,4Q/OT | margin -3..3 | 300..120,team
wnba,wnba_shot_pace,shot_pace,shots,get-shots,2025,Regular Season,team,"{'EntityType': 'Team', 'Season': '2025', 'SeasonType': 'Regular Season', 'TeamId': '1611661323', 'EntityId': '1611661323'}",shot_pace,1611661323,4Q/OT | margin -3..3 | 300..120,get-shots__shots__entity_type-Team__season-2025__season_type-Regular_Season__team_id-1611661323__entity_id-1611661323__9a6613a2,get-shots,https://api.pbpstats.com/get-shots/wnba?EntityType=Team&Season=2025&SeasonType=Regular+Season&TeamId=1611661323&EntityId=1611661323,200,479,,,,,,False,1611661313,491.0,431,2025-08-25,1022500241,1629497-1642303-1642800-202250-203829,False,NYL,1627668-1627673-1629546-1629568-1630142,,,,,,1611661323,4,Tina Charles,202250,6,08:30,0,,0,,0,,0,,False,-4,,9.3,0.394,494.0,ShortMidRange,2,510.0,OffFTMake,CON,08:14,,-1,93,False,shots,4Q/OT | margin -3..3 | 300..120,team
wnba,wnba_shot_pace,shot_pace,shots,get-shots,2025,Regular Season,team,"{'EntityType': 'Team', 'Season': '2025', 'SeasonType': 'Regular Season', 'TeamId': '1611661323', 'EntityId': '1611661323'}",shot_pace,1611661323,4Q/OT | margin -3..3 | 300..120,get-shots__shots__entity_type-Team__season-2025__season_type-Regular_Season__team_id-1611661323__entity_id-1611661323__9a6613a2,get-shots,https://api.pbpstats.com/get-shots/wnba?EntityType=Team&Season=2025&SeasonType=Regular+Season&TeamId=1611661323&EntityId=1611661323,200,480,,,,,,False,1611661313,527.0,415,2025-08-25,1022500241,1629497-1642290-1642809-202250-203829,False,NYL,1627668-1627673-1629546-1629568-203855,,,,,,1611661323,4,Tina Charles,202250,4,09:13,0,,1627673,Jonquel Jones,0,,0,,False,-2,,13.6,0.3465,529.0,ShortMidRange,2,553.0,OffArc3Make,CON,08:49,,-124,55,False,shots,4Q/OT | margin -3..3 | 300..120,team
wnba,wnba_shot_pace,shot_pace,shots,get-shots,2025,Regular Season,team,"{'EntityType': 'Team', 'Season': '2025', 'SeasonType': 'Regular Season', 'TeamId': '1611661323', 'EntityId': '1611661323'}",shot_pace,1611661323,4Q/OT | margin -3..3 | 300..120,get-shots__shots__entity_type-Team__season-2025__season_type-Regular_Season__team_id-1611661323__entity_id-1611661323__9a6613a2,get-shots,https://api.pbpstats.com/get-shots/wnba?EntityType=Team&Season=2025&SeasonType=Regular+Season&TeamId=1611661323&EntityId=1611661323,200,481,,,,,,False,1611661313,558.0,411,2025-08-25,1022500241,1629497-1642290-1642809-202250-203829,False,NYL,1627668-1627673-1629546-1629568-203855,,,,,,1611661323,4,Bria Hartley,203829,2,09:41,1642290,Aaliyah Edwards,1629546,Marine Johannès,0,,0,,False,1,,8.9,0.3411,560.0,ShortMidRange,2,581.0,OffArc3Miss,CON,09:20,,-34,82,False,shots,4Q/OT | margin -3..3 | 300..120,team
wnba,wnba_shot_pace,shot_pace,shots,get-shots,2025,Regular Season,team,"{'EntityType': 'Team', 'Season': '2025', 'SeasonType': 'Regular Season', 'TeamId': '1611661323', 'EntityId': '1611661323'}",shot_pace,1611661323,4Q/OT | margin -3..3 | 300..120,get-shots__shots__entity_type-Team__season-2025__season_type-Regular_Season__team_id-1611661323__entity_id-1611661323__9a6613a2,get-shots,https://api.pbpstats.com/get-shots/wnba?EntityType=Team&Season=2025&SeasonType=Regular+Season&TeamId=1611661323&EntityId=1611661323,200,482,Saniya Rivers,1642809.0,True,,,,1611661313,13.0,392,2025-08-25,1022500241,1629497-1642290-1642809-202250-203829,True,NYL,1627668-1627673-1629546-1629568-203855,,,,,,1611661323,3,Marina Mabrey,1629497,37,00:31,0,,1629546,Marine Johannès,0,,0,,False,-1,,24.7,0.2997,13.0,Arc3,3,31.0,OffShortMidRangeMake,CON,00:13,,191,157,False,shots,4Q/OT | margin -3..3 | 300..120,team
wnba,wnba_shot_pace,shot_pace,shots,get-shots,2025,Regular Season,team,"{'EntityType': 'Team', 'Season': '2025', 'SeasonType': 'Regular Season', 'TeamId': '1611661323', 'EntityId': '1611661323'}",shot_pace,1611661323,4Q/OT | margin -3..3 | 300..120,get-shots__shots__entity_type-Team__season-2025__season_type-Regular_Season__team_id-1611661323__entity_id-1611661323__9a6613a2,get-shots,https://api.pbpstats.com/get-shots/wnba?EntityType=Team&Season=2025&SeasonType=Regular+Season&TeamId=1611661323&EntityId=1611661323,200,483,,,,,,False,1611661313,41.0,379,2025-08-25,1022500241,1629497-1642290-1642303-1642800-1642809,False,NYL,1627673-1629477-1629546-1629568-203855,,,,,,1611661323,3,Marina Mabrey,1629497,35,01:05,0,,1627673,Jonquel Jones,0,,0,,False,1,,26.4,0.2719,43.0,Arc3,3,65.0,OffShortMidRangeMake,CON,00:43,,102,244,False,shots,4Q/OT | margin -3..3 | 300..120,team
wnba,wnba_shot_pace,shot_pace,shots,get-shots,2025,Regular Season,team,"{'EntityType': 'Team', 'Season': '2025', 'SeasonType': 'Regular Season', 'TeamId': '1611661323', 'EntityId': '1611661323'}",shot_pace,1611661323,4Q/OT | margin -3..3 | 300..120,get-shots__shots__entity_type-Team__season-2025__season_type-Regular_Season__team_id-1611661323__entity_id-1611661323__9a6613a2,get-shots,https://api.pbpstats.com/get-shots/wnba?EntityType=Team&Season=2025&SeasonType=Regular+Season&TeamId=1611661323&EntityId=1611661323,200,484,Leïla Lacan,1642303.0,True,,,,1611661313,89.0,359,2025-08-25,1022500241,1629497-1631135-1642303-1642800-1642809,True,NYL,1629477-1629546-1629568-1630142-203416,,,,,,1611661323,3,Aneesah Morrow,1642800,31,01:48,0,,1630142,Leonie Fiebich,0,,0,,False,1,,4.8,0.4094,89.0,ShortMidRange,2,108.0,OffAtRimMake,CON,01:29,,44,18,False,shots,4Q/OT | margin -3..3 | 300..120,team
wnba,wnba_shot_pace,shot_pace,shots,get-shots,2025,Regular Season,team,"{'EntityType': 'Team', 'Season': '2025', 'SeasonType': 'Regular Season', 'TeamId': '1611661323', 'EntityId': '1611661323'}",shot_pace,1611661323,4Q/OT | margin -3..3 | 300..120,get-shots__shots__entity_type-Team__season-2025__season_type-Regular_Season__team_id-1611661323__entity_id-1611661323__9a6613a2,get-shots,https://api.pbpstats.com/get-shots/wnba?EntityType=Team&Season=2025&SeasonType=Regular+Season&TeamId=1611661323&EntityId=1611661323,200,485,,,,,,False,1611661313,114.0,355,2025-08-25,1022500241,1629497-1631135-1642303-1642800-1642809,False,NYL,1629477-1629546-1629568-1630142-203416,,,,,,1611661323,3,Aneesah Morrow,1642800,29,02:01,0,,0,,1642303,Leïla Lacan,1629477,Sabrina Ionescu,False,3,,6.8,0.4073,116.0,ShortMidRange,2,121.0,OffLiveBallTurnover,CON,01:56,,60,33,False,shots,4Q/OT | margin -3..3 | 300..120,team
wnba,wnba_shot_pace,shot_pace,shots,get-shots,2025,Regular Season,team,"{'EntityType': 'Team', 'Season': '2025', 'SeasonType': 'Regular Season', 'TeamId': '1611661323', 'EntityId': '1611661323'}",shot_pace,1611661323,4Q/OT | margin -3..3 | 300..120,get-shots__shots__entity_type-Team__season-2025__season_type-Regular_Season__team_id-1611661323__entity_id-1611661323__9a6613a2,get-shots,https://api.pbpstats.com/get-shots/wnba?EntityType=Team&Season=2025&SeasonType=Regular+Season&TeamId=1611661323&EntityId=1611661323,200,486,Marina Mabrey,1629497.0,True,,,,1611661313,144.0,351,2025-08-25,1022500241,1629497-1631135-1642303-1642800-1642809,True,NYL,1629477-1629546-1629568-1630142-203416,Marina Mabrey,1629497.0,Olivia Nelson-Ododa,1631135.0,ShortMidRangeBlocked,1611661323,3,Saniya Rivers,1642809,27,02:44,1642800,Aneesah Morrow,1629477,Sabrina Ionescu,0,,0,,False,0,6.0,23.7,0.3952,144.0,Arc3,3,164.0,OffShortMidRangeMiss,CON,02:24,,184,149,False,shots,4Q/OT | margin -3..3 | 300..120,team
wnba,wnba_shot_pace,shot_pace,shots,get-shots,2025,Regular Season,team,"{'EntityType': 'Team', 'Season': '2025', 'SeasonType': 'Regular Season', 'TeamId': '1611661323', 'EntityId': '1611661323'}",shot_pace,1611661323,4Q/OT | margin -3..3 | 300..120,get-shots__shots__entity_type-Team__season-2025__season_type-Regular_Season__team_id-1611661323__entity_id-1611661323__9a6613a2,get-shots,https://api.pbpstats.com/get-shots/wnba?EntityType=Team&Season=2025&SeasonType=Regular+Season&TeamId=1611661323&EntityId=1611661323,200,487,,,,Emma Meesseman,203416.0,True,1611661313,144.0,348,2025-08-25,1022500241,1629497-1631135-1642303-1642800-1642809,False,NYL,1629477-1629546-1629568-1630142-203416,,,,,,1611661323,3,Olivia Nelson-Ododa,1631135,27,02:44,1642800,Aneesah Morrow,1629477,Sabrina Ionescu,0,,0,,False,0,,6.2,0.4041,152.0,ShortMidRange,2,164.0,OffShortMidRangeMiss,CON,02:32,,-4,62,False,shots,4Q/OT | margin -3..3 | 300..120,team
wnba,wnba_shot_pace,shot_pace,shots,get-shots,2025,Regular Season,team,"{'EntityType': 'Team', 'Season': '2025', 'SeasonType': 'Regular Season', 'TeamId': '1611661323', 'EntityId': '1611661323'}",shot_pace,1611661323,4Q/OT | margin -3..3 | 300..120,get-shots__shots__entity_type-Team__season-2025__season_type-Regular_Season__team_id-1611661323__entity_id-1611661323__9a6613a2,get-shots,https://api.pbpstats.com/get-shots/wnba?EntityType=Team&Season=2025&SeasonType=Regular+Season&TeamId=1611661323&EntityId=1611661323,200,488,,,,,,False,1611661313,171.0,344,2025-08-25,1022500241,1629497-1631135-1642303-1642800-1642809,False,NYL,1629477-1629546-1629568-1630142-203416,Olivia Nelson-Ododa,1631135.0,Marina Mabrey,1629497.0,ShortMidRange,1611661323,3,Olivia Nelson-Ododa,1631135,25,03:13,0,,0,,0,,0,,True,0,1.0,6.0,0.347,173.0,ShortMidRange,2,193.0,OffDeadball,CON,02:53,,-40,45,False,shots,4Q/OT | margin -3..3 | 300..120,team
wnba,wnba_shot_pace,shot_pace,shots,get-shots,2025,Regular Season,team,"{'EntityType': 'Team', 'Season': '2025', 'SeasonType': 'Regular Season', 'TeamId': '1611661323', 'EntityId': '1611661323'}",shot_pace,1611661323,4Q/OT | margin -3..3 | 300..120,get-shots__shots__entity_type-Team__season-2025__season_type-Regular_Season__team_id-1611661323__entity_id-1611661323__9a6613a2,get-shots,https://api.pbpstats.com/get-shots/wnba?EntityType=Team&Season=2025&SeasonType=Regular+Season&TeamId=1611661323&EntityId=1611661323,200,489,,,,,,False,1611661313,171.0,342,2025-08-25,1022500241,1629497-1631135-1642303-1642800-1642809,False,NYL,1629477-1629546-1629568-1630142-203416,,,,,,1611661323,3,Marina Mabrey,1629497,25,03:13,0,,0,,0,,0,,False,0,,9.3,0.3784,176.0,ShortMidRange,2,193.0,OffDeadball,CON,02:56,,-85,38,False,shots,4Q/OT | margin -3..3 | 300..120,team
wnba,wnba_shot_pace,shot_pace,shots,get-shots,2025,Regular Season,team,"{'EntityType': 'Team', 'Season': '2025', 'SeasonType': 'Regular Season', 'TeamId': '1611661323', 'EntityId': '1611661323'}",shot_pace,1611661323,4Q/OT | margin -3..3 | 300..120,get-shots__shots__entity_type-Team__season-2025__season_type-Regular_Season__team_id-1611661323__entity_id-1611661323__9a6613a2,get-shots,https://api.pbpstats.com/get-shots/wnba?EntityType=Team&Season=2025&SeasonType=Regular+Season&TeamId=1611661323&EntityId=1611661323,200,490,,,,,,False,1611661313,231.0,333,2025-08-25,1022500241,1629497-1631135-1642303-1642800-1642809,False,NYL,1629477-1629546-1629568-1630142-203416,,0.0,Marina Mabrey,1629497.0,Team,1611661323,3,Marina Mabrey,1629497,21,04:05,0,,0,,0,,0,,False,3,2.0,23.6,0.3605,235.0,Corner3,3,245.0,OffTimeout,CON,03:55,,234,31,False,shots,4Q/OT | margin -3..3 | 300..120,team
wnba,wnba_shot_pace,shot_pace,shots,get-shots,2025,Regular Season,team,"{'EntityType': 'Team', 'Season': '2025', 'SeasonType': 'Regular Season', 'TeamId': '1611661323', 'EntityId': '1611661323'}",shot_pace,1611661323,4Q/OT | margin -3..3 | 300..120,get-shots__shots__entity_type-Team__season-2025__season_type-Regular_Season__team_id-1611661323__entity_id-1611661323__9a6613a2,get-shots,https://api.pbpstats.com/get-shots/wnba?EntityType=Team&Season=2025&SeasonType=Regular+Season&TeamId=1611661323&EntityId=1611661323,200,491,,,,,,False,1611661313,231.0,323,2025-08-25,1022500241,1629497-1631135-1642303-1642800-203829,False,NYL,1627673-1629477-1629546-1630142-203416,,,,,,1611661323,3,Marina Mabrey,1629497,21,04:05,0,,0,,0,,0,,False,3,,6.3,0.3722,237.0,ShortMidRange,2,245.0,OffTimeout,CON,03:57,,-5,63,False,shots,4Q/OT | margin -3..3 | 300..120,team
wnba,wnba_shot_pace,shot_pace,shots,get-shots,2025,Regular Season,team,"{'EntityType': 'Team', 'Season': '2025', 'SeasonType': 'Regular Season', 'TeamId': '1611661323', 'EntityId': '1611661323'}",shot_pace,1611661323,4Q/OT | margin -3..3 | 300..120,get-shots__shots__entity_type-Team__season-2025__season_type-Regular_Season__team_id-1611661323__entity_id-1611661323__9a6613a2,get-shots,https://api.pbpstats.com/get-shots/wnba?EntityType=Team&Season=2025&SeasonType=Regular+Season&TeamId=1611661323&EntityId=1611661323,200,492,,,False,,,,1611661313,269.0,320,2025-08-25,1022500241,1629497-1631135-1642303-1642800-203829,True,NYL,1627673-1629477-1629546-1630142-203416,,,,,,1611661323,3,Leïla Lacan,1642303,19,04:44,0,,203416,Emma Meesseman,0,,0,,False,1,,15.7,0.4156,269.0,LongMidRange,2,284.0,OffShortMidRangeMake,CON,04:29,,1,157,False,shots,4Q/OT | margin -3..3 | 300..120,team
wnba,wnba_shot_pace,shot_pace,shots,get-shots,2025,Regular Season,team,"{'EntityType': 'Team', 'Season': '2025', 'SeasonType': 'Regular Season', 'TeamId': '1611661323', 'EntityId': '1611661323'}",shot_pace,1611661323,4Q/OT | margin -3..3 | 300..120,get-shots__shots__entity_type-Team__season-2025__season_type-Regular_Season__team_id-1611661323__entity_id-1611661323__9a6613a2,get-shots,https://api.pbpstats.com/get-shots/wnba?EntityType=Team&Season=2025&SeasonType=Regular+Season&TeamId=1611661323&EntityId=1611661323,200,493,,,False,,,,1611661313,314.0,315,2025-08-25,1022500241,1629497-1631135-1642303-1642800-203829,True,NYL,1627673-1629477-1629546-1630142-203416,,,,,,1611661323,3,Aneesah Morrow,1642800,17,05:30,0,,1629477,Sabrina Ionescu,0,,0,,False,0,,23.0,0.3785,314.0,Corner3,3,330.0,OffShortMidRangeMake,CON,05:14,,225,46,False,shots,4Q/OT | margin -3..3 | 300..120,team
wnba,wnba_shot_pace,shot_pace,shots,get-shots,2025,Regular Season,team,"{'EntityType': 'Team', 'Season': '2025', 'SeasonType': 'Regular Season', 'TeamId': '1611661323', 'EntityId': '1611661323'}",shot_pace,1611661323,4Q/OT | margin -3..3 | 300..120,get-shots__shots__entity_type-Team__season-2025__season_type-Regular_Season__team_id-1611661323__entity_id-1611661323__9a6613a2,get-shots,https://api.pbpstats.com/get-shots/wnba?EntityType=Team&Season=2025&SeasonType=Regular+Season&TeamId=1611661323&EntityId=1611661323,200,494,,,,,,False,1611661313,351.0,307,2025-08-25,1022500241,1629497-1631135-1642303-1642800-203829,False,NYL,1627673-1629477-1629568-1630142-203416,Aneesah Morrow,1642800.0,Leïla Lacan,1642303.0,ShortMidRange,1611661323,3,Marina Mabrey,1629497,15,06:14,0,,0,,0,,0,,False,2,5.0,12.2,0.4463,354.0,ShortMidRange,2,374.0,OffDeadball,CON,05:54,,16,121,False,shots,4Q/OT | margin -3..3 | 300..120,team
wnba,wnba_shot_pace,shot_pace,shots,get-shots,2025,Regular Season,team,"{'EntityType': 'Team', 'Season': '2025', 'SeasonType': 'Regular Season', 'TeamId': '1611661323', 'EntityId': '1611661323'}",shot_pace,1611661323,4Q/OT | margin -3..3 | 300..120,get-shots__shots__entity_type-Team__season-2025__season_type-Regular_Season__team_id-1611661323__entity_id-1611661323__9a6613a2,get-shots,https://api.pbpstats.com/get-shots/wnba?EntityType=Team&Season=2025&SeasonType=Regular+Season&TeamId=1611661323&EntityId=1611661323,200,495,,,,,,False,1611661313,351.0,305,2025-08-25,1022500241,1629497-1631135-1642303-1642800-203829,False,NYL,1627673-1629477-1629568-1630142-203416,,,,,,1611661323,3,Leïla Lacan,1642303,15,06:14,0,,0,,0,,0,,False,2,,6.6,0.3766,361.0,ShortMidRange,2,374.0,OffDeadball,CON,06:01,,-44,49,False,shots,4Q/OT | margin -3..3 | 300..120,team
wnba,wnba_shot_pace,shot_pace,shots,get-shots,2025,Regular Season,team,"{'EntityType': 'Team', 'Season': '2025', 'SeasonType': 'Regular Season', 'TeamId': '1611661323', 'EntityId': '1611661323'}",shot_pace,1611661323,4Q/OT | margin -3..3 | 300..120,get-shots__shots__entity_type-Team__season-2025__season_type-Regular_Season__team_id-1611661323__entity_id-1611661323__9a6613a2,get-shots,https://api.pbpstats.com/get-shots/wnba?EntityType=Team&Season=2025&SeasonType=Regular+Season&TeamId=1611661323&EntityId=1611661323,200,496,,,,,,False,1611661313,416.0,291,2025-08-25,1022500241,1629497-1642303-1642800-202250-203829,False,NYL,1627668-1627673-1629477-1629568-1630142,,,,,,1611661323,3,Bria Hartley,203829,11,07:05,202250,Tina Charles,1627668,Breanna Stewart,0,,0,,False,4,,25.3,0.4004,420.0,Arc3,3,425.0,OffArc3Miss,CON,07:00,,-187,170,False,shots,4Q/OT | margin -3..3 | 300..120,team
wnba,wnba_shot_pace,shot_pace,shots,get-shots,2025,Regular Season,team,"{'EntityType': 'Team', 'Season': '2025', 'SeasonType': 'Regular Season', 'TeamId': '1611661323', 'EntityId': '1611661323'}",shot_pace,1611661323,4Q/OT | margin -3..3 | 300..120,get-shots__shots__entity_type-Team__season-2025__season_type-Regular_Season__team_id-1611661323__entity_id-1611661323__9a6613a2,get-shots,https://api.pbpstats.com/get-shots/wnba?EntityType=Team&Season=2025&SeasonType=Regular+Season&TeamId=1611661323&EntityId=1611661323,200,497,Marina Mabrey,1629497.0,True,,,,1611661313,443.0,287,2025-08-25,1022500241,1629497-1642303-1642800-202250-203829,True,NYL,1627668-1627673-1629477-1629568-1630142,,,,,,1611661323,3,Aneesah Morrow,1642800,9,07:38,0,,1627673,Jonquel Jones,0,,0,,False,1,,25.1,0.3542,443.0,Arc3,3,458.0,OffAtRimMake,CON,07:23,,129,215,False,shots,4Q/OT | margin -3..3 | 300..120,team
wnba,wnba_shot_pace,shot_pace,shots,get-shots,2025,Regular Season,team,"{'EntityType': 'Team', 'Season': '2025', 'SeasonType': 'Regular Season', 'TeamId': '1611661323', 'EntityId': '1611661323'}",shot_pace,1611661323,4Q/OT | margin -3..3 | 300..120,get-shots__shots__entity_type-Team__season-2025__season_type-Regular_Season__team_id-1611661323__entity_id-1611661323__9a6613a2,get-shots,https://api.pbpstats.com/get-shots/wnba?EntityType=Team&Season=2025&SeasonType=Regular+Season&TeamId=1611661323&EntityId=1611661323,200,498,,,,Breanna Stewart,1627668.0,True,1611661313,478.0,277,2025-08-25,1022500241,1629497-1642303-1642800-202250-203829,False,NYL,1627668-1627673-1629477-1629568-1630142,,,,,,1611661323,3,Bria Hartley,203829,7,08:14,1642800,Aneesah Morrow,1630142,Leonie Fiebich,0,,0,,False,2,,27.2,0.3545,485.0,Arc3,3,494.0,OffShortMidRangeMiss,CON,08:05,,148,228,False,shots,4Q/OT | margin -3..3 | 300..120,team
wnba,wnba_shot_pace,shot_pace,shots,get-shots,2025,Regular Season,team,"{'EntityType': 'Team', 'Season': '2025', 'SeasonType': 'Regular Season', 'TeamId': '1611661323', 'EntityId': '1611661323'}",shot_pace,1611661323,4Q/OT | margin -3..3 | 300..120,get-shots__shots__entity_type-Team__season-2025__season_type-Regular_Season__team_id-1611661323__entity_id-1611661323__9a6613a2,get-shots,https://api.pbpstats.com/get-shots/wnba?EntityType=Team&Season=2025&SeasonType=Regular+Season&TeamId=1611661323&EntityId=1611661323,200,499,Marina Mabrey,1629497.0,True,,,,1611661313,506.0,274,2025-08-25,1022500241,1629497-1642303-1642800-202250-203829,True,NYL,1627668-1627673-1629477-1629568-1630142,,,,,,1611661323,3,Aneesah Morrow,1642800,5,08:45,0,,1629477,Sabrina Ionescu,0,,0,,False,-1,,25.4,0.3797,506.0,Arc3,3,525.0,OffArc3Make,CON,08:26,,-163,195,False,shots,4Q/OT | margin -3..3 | 300..120,team
