league,job_id,job_family,variant,endpoint,season,season_type,scope,request_params,source,team_id,clutch_window,request_id,request_table,request_url,request_status,request_row_index,assist_player,assist_player_id,assisted,block_player,block_player_id,blocked,dtid,end_time,event_num,game_date,gid,lineup_id,made,opponent,opponent_lineup_id,oreb_rebound_player,oreb_rebound_player_id,oreb_shot_player,oreb_shot_player_id,oreb_shot_type,otid,period,player,player_id,poss_num,possession_start_time,previous_poss_end_rebound_pid,previous_poss_end_rebound_player,previous_poss_end_shooter_pid,previous_poss_end_shooter_player,previous_poss_end_steal_pid,previous_poss_end_steal_player,previous_poss_end_turnover_pid,previous_poss_end_turnover_player,putback,score_margin,seconds_since_oreb,shot_distance,shot_quality,shot_time,shot_type,shot_value,start_time,start_type,team,time,url,x,y,is_playoffs,job_variant,window_label,request_scope
wnba,wnba_shot_pace,shot_pace,shots,get-shots,2025,Regular Season,team,"{'EntityType': 'Team', 'Season': '2025', 'SeasonType': 'Regular Season', 'TeamId': '1611661325', 'EntityId': '1611661325'}",shot_pace,1611661325,4Q/OT | margin -3..3 | 300..120,get-shots__shots__entity_type-Team__season-2025__season_type-Regular_Season__team_id-1611661325__entity_id-1611661325__44fa9629,get-shots,https://api.pbpstats.com/get-shots/wnba?EntityType=Team&Season=2025&SeasonType=Regular+Season&TeamId=1611661325&EntityId=1611661325,200,0,,,False,,,,1611661324,48.0,503,2025-09-09,1022500278,1627672-1642815-203024-203035-203824,True,MIN,1628926-1629567-1642320-1642344-1642797,,,,,,1611661325,4,Odyssey Sims,203824,33,01:11,0,,1642797,Anastasiia Olairi Kosu,0,,0,,False,11,,11.2,0.3196,48.0,ShortMidRange,2,71.0,OffAtRimMake,IND,00:48,,-108,29,False,shots,4Q/OT | margin -3..3 | 300..120,team
wnba,wnba_shot_pace,shot_pace,shots,get-shots,2025,Regular Season,team,"{'EntityType': 'Team', 'Season': '2025', 'SeasonType': 'Regular Season', 'TeamId': '1611661325', 'EntityId': '1611661325'}",shot_pace,1611661325,4Q/OT | margin -3..3 | 300..120,get-shots__shots__entity_type-Team__season-2025__season_type-Regular_Season__team_id-1611661325__entity_id-1611661325__44fa9629,get-shots,https://api.pbpstats.com/get-shots/wnba?EntityType=Team&Season=2025&SeasonType=Regular+Season&TeamId=1611661325&EntityId=1611661325,200,1,,,,,,False,1611661324,87.0,497,2025-09-09,1022500278,1627672-1642815-203024-203035-203824,False,MIN,1628926-1629567-1642320-1642344-1642797,,,,,,1611661325,4,Shey Peddy,203035,31,01:47,0,,0,,0,,0,,False,13,,10.6,0.3455,90.0,ShortMidRange,2,107.0,OffTimeout,IND,01:30,,0,106,False,shots,4Q/OT | margin -3..3 | 300..120,team
wnba,wnba_shot_pace,shot_pace,shots,get-shots,2025,Regular Season,team,"{'EntityType': 'Team', 'Season': '2025', 'SeasonType': 'Regular Season', 'TeamId': '1611661325', 'EntityId': '1611661325'}",shot_pace,1611661325,4Q/OT | margin -3..3 | 300..120,get-shots__shots__entity_type-Team__season-2025__season_type-Regular_Season__team_id-1611661325__entity_id-1611661325__44fa9629,get-shots,https://api.pbpstats.com/get-shots/wnba?EntityType=Team&Season=2025&SeasonType=Regular+Season&TeamId=1611661325&EntityId=1611661325,200,2,,,,,,False,1611661324,120.0,489,2025-09-09,1022500278,1627672-1629488-203024-203035-203824,False,MIN,1628926-1629567-1642320-1642344-1642797,,,,,,1611661325,4,Damiris Dantas,203024,29,02:12,0,,1642320,Jaylyn Sherrod,0,,0,,False,15,,24.9,0.3563,122.0,Arc3,3,132.0,OffAtRimMake,IND,02:02,,-201,147,False,shots,4Q/OT | margin -3..3 | 300..120,team
wnba,wnba_shot_pace,shot_pace,shots,get-shots,2025,Regular Season,team,"{'EntityType': 'Team', 'Season': '2025', 'SeasonType': 'Regular Season', 'TeamId': '1611661325', 'EntityId': '1611661325'}",shot_pace,1611661325,4Q/OT | margin -3..3 | 300..120,get-shots__shots__entity_type-Team__season-2025__season_type-Regular_Season__team_id-1611661325__entity_id-1611661325__44fa9629,get-shots,https://api.pbpstats.com/get-shots/wnba?EntityType=Team&Season=2025&SeasonType=Regular+Season&TeamId=1611661325&EntityId=1611661325,200,3,,,,,,False,1611661324,177.0,479,2025-09-09,1022500278,1627672-1629488-203024-203035-203824,False,MIN,1628926-1629567-1642320-1642344-1642797,,,,,,1611661325,4,Damiris Dantas,203024,25,03:26,0,,0,,0,,0,,False,17,,6.4,0.305,179.0,ShortMidRange,2,206.0,OffDeadball,IND,02:59,,5,64,False,shots,4Q/OT | margin -3..3 | 300..120,team
wnba,wnba_shot_pace,shot_pace,shots,get-shots,2025,Regular Season,team,"{'EntityType': 'Team', 'Season': '2025', 'SeasonType': 'Regular Season', 'TeamId': '1611661325', 'EntityId': '1611661325'}",shot_pace,1611661325,4Q/OT | margin -3..3 | 300..120,get-shots__shots__entity_type-Team__season-2025__season_type-Regular_Season__team_id-1611661325__entity_id-1611661325__44fa9629,get-shots,https://api.pbpstats.com/get-shots/wnba?EntityType=Team&Season=2025&SeasonType=Regular+Season&TeamId=1611661325&EntityId=1611661325,200,4,,,,,,False,1611661324,213.0,470,2025-09-09,1022500278,1627672-1629488-203024-203035-203824,False,MIN,1628926-1629567-1642320-1642344-1642797,,,,,,1611661325,4,Odyssey Sims,203824,23,03:51,1629488,Brianna Turner,1642797,Anastasiia Olairi Kosu,0,,0,,False,17,,9.2,0.3982,217.0,ShortMidRange,2,231.0,OffFTMiss,IND,03:37,,-44,81,False,shots,4Q/OT | margin -3..3 | 300..120,team
wnba,wnba_shot_pace,shot_pace,shots,get-shots,2025,Regular Season,team,"{'EntityType': 'Team', 'Season': '2025', 'SeasonType': 'Regular Season', 'TeamId': '1611661325', 'EntityId': '1611661325'}",shot_pace,1611661325,4Q/OT | margin -3..3 | 300..120,get-shots__shots__entity_type-Team__season-2025__season_type-Regular_Season__team_id-1611661325__entity_id-1611661325__44fa9629,get-shots,https://api.pbpstats.com/get-shots/wnba?EntityType=Team&Season=2025&SeasonType=Regular+Season&TeamId=1611661325&EntityId=1611661325,200,5,,,,,,False,1611661324,282.0,450,2025-09-09,1022500278,1629488-1631086-203035-203824-203827,False,MIN,1628926-1629567-1642320-1642344-1642797,,,,,,1611661325,4,Odyssey Sims,203824,19,04:59,0,,1629567,Natisha Hiedeman,0,,0,,False,18,,8.6,0.3727,283.0,ShortMidRange,2,299.0,OffAtRimMake,IND,04:43,,68,53,False,shots,4Q/OT | margin -3..3 | 300..120,team
wnba,wnba_shot_pace,shot_pace,shots,get-shots,2025,Regular Season,team,"{'EntityType': 'Team', 'Season': '2025', 'SeasonType': 'Regular Season', 'TeamId': '1611661325', 'EntityId': '1611661325'}",shot_pace,1611661325,4Q/OT | margin -3..3 | 300..120,get-shots__shots__entity_type-Team__season-2025__season_type-Regular_Season__team_id-1611661325__entity_id-1611661325__44fa9629,get-shots,https://api.pbpstats.com/get-shots/wnba?EntityType=Team&Season=2025&SeasonType=Regular+Season&TeamId=1611661325&EntityId=1611661325,200,6,,,,,,False,1611661324,324.0,438,2025-09-09,1022500278,1631086-1641648-203024-203035-203824,False,MIN,1628926-1629567-1642320-1642344-1642797,,,,,,1611661325,4,Lexie Hull,1631086,15,05:39,0,,1628926,Maria Kliundikova,0,,0,,False,22,,23.7,0.3494,327.0,Arc3,3,339.0,OffAtRimMake,IND,05:27,,-182,152,False,shots,4Q/OT | margin -3..3 | 300..120,team
wnba,wnba_shot_pace,shot_pace,shots,get-shots,2025,Regular Season,team,"{'EntityType': 'Team', 'Season': '2025', 'SeasonType': 'Regular Season', 'TeamId': '1611661325', 'EntityId': '1611661325'}",shot_pace,1611661325,4Q/OT | margin -3..3 | 300..120,get-shots__shots__entity_type-Team__season-2025__season_type-Regular_Season__team_id-1611661325__entity_id-1611661325__44fa9629,get-shots,https://api.pbpstats.com/get-shots/wnba?EntityType=Team&Season=2025&SeasonType=Regular+Season&TeamId=1611661325&EntityId=1611661325,200,7,Shey Peddy,203035.0,True,,,,1611661324,368.0,433,2025-09-09,1022500278,1631086-1641648-203024-203035-203824,True,MIN,1628926-1629567-1642320-1642344-1642797,,,,,,1611661325,4,Aliyah Boston,1641648,13,06:30,0,,0,,0,,0,,False,22,,2.3,0.4788,368.0,AtRim,2,390.0,OffDeadball,IND,06:08,,-22,7,False,shots,4Q/OT | margin -3..3 | 300..120,team
wnba,wnba_shot_pace,shot_pace,shots,get-shots,2025,Regular Season,team,"{'EntityType': 'Team', 'Season': '2025', 'SeasonType': 'Regular Season', 'TeamId': '1611661325', 'EntityId': '1611661325'}",shot_pace,1611661325,4Q/OT | margin -3..3 | 300..120,get-shots__shots__entity_type-Team__season-2025__season_type-Regular_Season__team_id-1611661325__entity_id-1611661325__44fa9629,get-shots,https://api.pbpstats.com/get-shots/wnba?EntityType=Team&Season=2025&SeasonType=Regular+Season&TeamId=1611661325&EntityId=1611661325,200,8,,,,Anastasiia Olairi Kosu,1642797.0,True,1611661324,402.0,424,2025-09-09,1022500278,1631086-1641648-203024-203035-203824,False,MIN,1628926-1629567-1642320-1642344-1642797,,,,,,1611661325,4,Aliyah Boston,1641648,11,06:53,0,,0,,0,,0,,False,22,,3.6,0.6069,404.0,AtRim,2,413.0,OffDeadball,IND,06:44,,21,29,False,shots,4Q/OT | margin -3..3 | 300..120,team
wnba,wnba_shot_pace,shot_pace,shots,get-shots,2025,Regular Season,team,"{'EntityType': 'Team', 'Season': '2025', 'SeasonType': 'Regular Season', 'TeamId': '1611661325', 'EntityId': '1611661325'}",shot_pace,1611661325,4Q/OT | margin -3..3 | 300..120,get-shots__shots__entity_type-Team__season-2025__season_type-Regular_Season__team_id-1611661325__entity_id-1611661325__44fa9629,get-shots,https://api.pbpstats.com/get-shots/wnba?EntityType=Team&Season=2025&SeasonType=Regular+Season&TeamId=1611661325&EntityId=1611661325,200,9,Lexie Hull,1631086.0,True,,,,1611661324,474.0,412,2025-09-09,1022500278,1631086-1641648-203024-203035-203824,True,MIN,1629491-1629567-1642320-1642344-1642797,,,,,,1611661325,4,Damiris Dantas,203024,7,08:09,0,,1629491,Jessica Shepard,0,,0,,False,19,,22.7,0.366,474.0,Corner3,3,489.0,OffAtRimMake,IND,07:54,,-227,-5,False,shots,4Q/OT | margin -3..3 | 300..120,team
wnba,wnba_shot_pace,shot_pace,shots,get-shots,2025,Regular Season,team,"{'EntityType': 'Team', 'Season': '2025', 'SeasonType': 'Regular Season', 'TeamId': '1611661325', 'EntityId': '1611661325'}",shot_pace,1611661325,4Q/OT | margin -3..3 | 300..120,get-shots__shots__entity_type-Team__season-2025__season_type-Regular_Season__team_id-1611661325__entity_id-1611661325__44fa9629,get-shots,https://api.pbpstats.com/get-shots/wnba?EntityType=Team&Season=2025&SeasonType=Regular+Season&TeamId=1611661325&EntityId=1611661325,200,10,,,False,,,,1611661324,516.0,409,2025-09-09,1022500278,1631086-1641648-203024-203035-203824,True,MIN,1629491-1629567-1642320-1642344-1642797,Aliyah Boston,1641648.0,Aliyah Boston,1641648.0,AtRim,1611661325,4,Aliyah Boston,1641648,5,08:46,0,,0,,1631086,Lexie Hull,1642344,Camryn Taylor,True,19,0.0,3.1,0.4873,516.0,AtRim,2,526.0,OffLiveBallTurnover,IND,08:36,,16,26,False,shots,4Q/OT | margin -3..3 | 300..120,team
wnba,wnba_shot_pace,shot_pace,shots,get-shots,2025,Regular Season,team,"{'EntityType': 'Team', 'Season': '2025', 'SeasonType': 'Regular Season', 'TeamId': '1611661325', 'EntityId': '1611661325'}",shot_pace,1611661325,4Q/OT | margin -3..3 | 300..120,get-shots__shots__entity_type-Team__season-2025__season_type-Regular_Season__team_id-1611661325__entity_id-1611661325__44fa9629,get-shots,https://api.pbpstats.com/get-shots/wnba?EntityType=Team&Season=2025&SeasonType=Regular+Season&TeamId=1611661325&EntityId=1611661325,200,11,,,,,,False,1611661324,516.0,407,2025-09-09,1022500278,1631086-1641648-203024-203035-203824,False,MIN,1629491-1629567-1642320-1642344-1642797,,,,,,1611661325,4,Aliyah Boston,1641648,5,08:46,0,,0,,1631086,Lexie Hull,1642344,Camryn Taylor,False,19,,2.6,0.5545,517.0,AtRim,2,526.0,OffLiveBallTurnover,IND,08:37,,-8,25,False,shots,4Q/OT | margin -3..3 | 300..120,team
wnba,wnba_shot_pace,shot_pace,shots,get-shots,2025,Regular Season,team,"{'EntityType': 'Team', 'Season': '2025', 'SeasonType': 'Regular Season', 'TeamId': '1611661325', 'EntityId': '1611661325'}",shot_pace,1611661325,4Q/OT | margin -3..3 | 300..120,get-shots__shots__entity_type-Team__season-2025__season_type-Regular_Season__team_id-1611661325__entity_id-1611661325__44fa9629,get-shots,https://api.pbpstats.com/get-shots/wnba?EntityType=Team&Season=2025&SeasonType=Regular+Season&TeamId=1611661325&EntityId=1611661325,200,12,,,,,,False,1611661324,535.0,403,2025-09-09,1022500278,1631086-1641648-203024-203035-203824,False,MIN,1629491-1629567-1642320-1642344-1642797,,,,,,1611661325,4,Lexie Hull,1631086,3,09:21,1641648,Aliyah Boston,1642344,Camryn Taylor,0,,0,,False,19,,23.8,0.2992,539.0,Corner3,3,561.0,OffAtRimMiss,IND,08:59,,237,18,False,shots,4Q/OT | margin -3..3 | 300..120,team
wnba,wnba_shot_pace,shot_pace,shots,get-shots,2025,Regular Season,team,"{'EntityType': 'Team', 'Season': '2025', 'SeasonType': 'Regular Season', 'TeamId': '1611661325', 'EntityId': '1611661325'}",shot_pace,1611661325,4Q/OT | margin -3..3 | 300..120,get-shots__shots__entity_type-Team__season-2025__season_type-Regular_Season__team_id-1611661325__entity_id-1611661325__44fa9629,get-shots,https://api.pbpstats.com/get-shots/wnba?EntityType=Team&Season=2025&SeasonType=Regular+Season&TeamId=1611661325&EntityId=1611661325,200,13,,,,,,False,1611661324,578.0,391,2025-09-09,1022500278,1631086-1641648-203024-203035-203824,False,MIN,1629491-1629524-1629567-1642320-1642344,,,,,,1611661325,4,Odyssey Sims,203824,1,10:00,0,,0,,0,,0,,False,17,,23.3,0.3263,582.0,Arc3,3,600.0,OffDeadball,IND,09:42,,212,97,False,shots,4Q/OT | margin -3..3 | 300..120,team
wnba,wnba_shot_pace,shot_pace,shots,get-shots,2025,Regular Season,team,"{'EntityType': 'Team', 'Season': '2025', 'SeasonType': 'Regular Season', 'TeamId': '1611661325', 'EntityId': '1611661325'}",shot_pace,1611661325,4Q/OT | margin -3..3 | 300..120,get-shots__shots__entity_type-Team__season-2025__season_type-Regular_Season__team_id-1611661325__entity_id-1611661325__44fa9629,get-shots,https://api.pbpstats.com/get-shots/wnba?EntityType=Team&Season=2025&SeasonType=Regular+Season&TeamId=1611661325&EntityId=1611661325,200,14,,,,,,False,1611661324,31.0,375,2025-09-09,1022500278,1627672-1628909-1631086-203024-203827,False,MIN,1629491-1629524-1629567-1642320-1642344,,,,,,1611661325,3,Aerial Powers,1627672,32,00:55,1631086,Lexie Hull,1642344,Camryn Taylor,0,,0,,False,17,,16.2,0.3384,34.0,LongMidRange,2,55.0,OffFTMiss,IND,00:34,,46,155,False,shots,4Q/OT | margin -3..3 | 300..120,team
wnba,wnba_shot_pace,shot_pace,shots,get-shots,2025,Regular Season,team,"{'EntityType': 'Team', 'Season': '2025', 'SeasonType': 'Regular Season', 'TeamId': '1611661325', 'EntityId': '1611661325'}",shot_pace,1611661325,4Q/OT | margin -3..3 | 300..120,get-shots__shots__entity_type-Team__season-2025__season_type-Regular_Season__team_id-1611661325__entity_id-1611661325__44fa9629,get-shots,https://api.pbpstats.com/get-shots/wnba?EntityType=Team&Season=2025&SeasonType=Regular+Season&TeamId=1611661325&EntityId=1611661325,200,15,Kelsey Mitchell,1628909.0,True,,,,1611661324,79.0,362,2025-09-09,1022500278,1627672-1628909-1629488-1631086-203024,True,MIN,1628926-1629491-1629524-1629567-1642320,,,,,,1611661325,3,Brianna Turner,1629488,30,01:39,1631086,Lexie Hull,1629491,Jessica Shepard,0,,0,,False,15,,1.8,0.6283,79.0,AtRim,2,99.0,OffAtRimMiss,IND,01:19,,-15,10,False,shots,4Q/OT | margin -3..3 | 300..120,team
wnba,wnba_shot_pace,shot_pace,shots,get-shots,2025,Regular Season,team,"{'EntityType': 'Team', 'Season': '2025', 'SeasonType': 'Regular Season', 'TeamId': '1611661325', 'EntityId': '1611661325'}",shot_pace,1611661325,4Q/OT | margin -3..3 | 300..120,get-shots__shots__entity_type-Team__season-2025__season_type-Regular_Season__team_id-1611661325__entity_id-1611661325__44fa9629,get-shots,https://api.pbpstats.com/get-shots/wnba?EntityType=Team&Season=2025&SeasonType=Regular+Season&TeamId=1611661325&EntityId=1611661325,200,16,Brianna Turner,1629488.0,True,,,,1611661324,124.0,358,2025-09-09,1022500278,1627672-1628909-1629488-1631086-203024,True,MIN,1628926-1629491-1629524-1629567-1642320,,,,,,1611661325,3,Damiris Dantas,203024,28,02:20,203024,Damiris Dantas,1628926,Maria Kliundikova,0,,0,,False,13,,17.6,0.3728,124.0,LongMidRange,2,140.0,OffAtRimMiss,IND,02:04,,1,176,False,shots,4Q/OT | margin -3..3 | 300..120,team
wnba,wnba_shot_pace,shot_pace,shots,get-shots,2025,Regular Season,team,"{'EntityType': 'Team', 'Season': '2025', 'SeasonType': 'Regular Season', 'TeamId': '1611661325', 'EntityId': '1611661325'}",shot_pace,1611661325,4Q/OT | margin -3..3 | 300..120,get-shots__shots__entity_type-Team__season-2025__season_type-Regular_Season__team_id-1611661325__entity_id-1611661325__44fa9629,get-shots,https://api.pbpstats.com/get-shots/wnba?EntityType=Team&Season=2025&SeasonType=Regular+Season&TeamId=1611661325&EntityId=1611661325,200,17,Lexie Hull,1631086.0,True,,,,1611661324,157.0,350,2025-09-09,1022500278,1627672-1628909-1629488-1631086-203024,True,MIN,1627675-1628926-1629491-1629524-1629567,Lexie Hull,1631086.0,Lexie Hull,1631086.0,ShortMidRange,1611661325,3,Kelsey Mitchell,1628909,26,02:53,0,,1628926,Maria Kliundikova,0,,0,,False,10,2.0,24.8,0.3993,157.0,Arc3,3,173.0,OffAtRimMake,IND,02:37,,-155,193,False,shots,4Q/OT | margin -3..3 | 300..120,team
wnba,wnba_shot_pace,shot_pace,shots,get-shots,2025,Regular Season,team,"{'EntityType': 'Team', 'Season': '2025', 'SeasonType': 'Regular Season', 'TeamId': '1611661325', 'EntityId': '1611661325'}",shot_pace,1611661325,4Q/OT | margin -3..3 | 300..120,get-shots__shots__entity_type-Team__season-2025__season_type-Regular_Season__team_id-1611661325__entity_id-1611661325__44fa9629,get-shots,https://api.pbpstats.com/get-shots/wnba?EntityType=Team&Season=2025&SeasonType=Regular+Season&TeamId=1611661325&EntityId=1611661325,200,18,,,,,,False,1611661324,157.0,348,2025-09-09,1022500278,1627672-1628909-1629488-1631086-203024,False,MIN,1627675-1628926-1629491-1629524-1629567,,,,,,1611661325,3,Lexie Hull,1631086,26,02:53,0,,1628926,Maria Kliundikova,0,,0,,False,10,,7.2,0.4146,159.0,ShortMidRange,2,173.0,OffAtRimMake,IND,02:39,,23,68,False,shots,4Q/OT | margin -3..3 | 300..120,team
wnba,wnba_shot_pace,shot_pace,shots,get-shots,2025,Regular Season,team,"{'EntityType': 'Team', 'Season': '2025', 'SeasonType': 'Regular Season', 'TeamId': '1611661325', 'EntityId': '1611661325'}",shot_pace,1611661325,4Q/OT | margin -3..3 | 300..120,get-shots__shots__entity_type-Team__season-2025__season_type-Regular_Season__team_id-1611661325__entity_id-1611661325__44fa9629,get-shots,https://api.pbpstats.com/get-shots/wnba?EntityType=Team&Season=2025&SeasonType=Regular+Season&TeamId=1611661325&EntityId=1611661325,200,19,,,,,,False,1611661324,186.0,344,2025-09-09,1022500278,1627672-1628909-1629488-1631086-203024,False,MIN,1627675-1628926-1629491-1629524-1629567,,,,,,1611661325,3,Damiris Dantas,203024,24,03:17,1629488,Brianna Turner,1627675,Courtney Williams,0,,0,,False,12,,23.5,0.3919,190.0,Corner3,3,197.0,OffLongMidRangeMiss,IND,03:10,,-228,55,False,shots,4Q/OT | margin -3..3 | 300..120,team
wnba,wnba_shot_pace,shot_pace,shots,get-shots,2025,Regular Season,team,"{'EntityType': 'Team', 'Season': '2025', 'SeasonType': 'Regular Season', 'TeamId': '1611661325', 'EntityId': '1611661325'}",shot_pace,1611661325,4Q/OT | margin -3..3 | 300..120,get-shots__shots__entity_type-Team__season-2025__season_type-Regular_Season__team_id-1611661325__entity_id-1611661325__44fa9629,get-shots,https://api.pbpstats.com/get-shots/wnba?EntityType=Team&Season=2025&SeasonType=Regular+Season&TeamId=1611661325&EntityId=1611661325,200,20,,,,,,False,1611661324,205.0,340,2025-09-09,1022500278,1627672-1628909-1629488-1631086-203024,False,MIN,1627675-1628926-1629491-1629524-1629567,Brianna Turner,1629488.0,Kelsey Mitchell,1628909.0,ShortMidRange,1611661325,3,Brianna Turner,1629488,22,03:49,0,,0,,0,,0,,True,12,0.0,0.6,0.6124,206.0,AtRim,2,229.0,OffDeadball,IND,03:26,,0,-6,False,shots,4Q/OT | margin -3..3 | 300..120,team
wnba,wnba_shot_pace,shot_pace,shots,get-shots,2025,Regular Season,team,"{'EntityType': 'Team', 'Season': '2025', 'SeasonType': 'Regular Season', 'TeamId': '1611661325', 'EntityId': '1611661325'}",shot_pace,1611661325,4Q/OT | margin -3..3 | 300..120,get-shots__shots__entity_type-Team__season-2025__season_type-Regular_Season__team_id-1611661325__entity_id-1611661325__44fa9629,get-shots,https://api.pbpstats.com/get-shots/wnba?EntityType=Team&Season=2025&SeasonType=Regular+Season&TeamId=1611661325&EntityId=1611661325,200,21,,,,,,False,1611661324,205.0,338,2025-09-09,1022500278,1627672-1628909-1629488-1631086-203024,False,MIN,1627675-1628926-1629491-1629524-1629567,Damiris Dantas,203024.0,Lexie Hull,1631086.0,Corner3,1611661325,3,Kelsey Mitchell,1628909,22,03:49,0,,0,,0,,0,,False,12,6.0,4.0,0.5017,209.0,ShortMidRange,2,229.0,OffDeadball,IND,03:29,,-24,32,False,shots,4Q/OT | margin -3..3 | 300..120,team
wnba,wnba_shot_pace,shot_pace,shots,get-shots,2025,Regular Season,team,"{'EntityType': 'Team', 'Season': '2025', 'SeasonType': 'Regular Season', 'TeamId': '1611661325', 'EntityId': '1611661325'}",shot_pace,1611661325,4Q/OT | margin -3..3 | 300..120,get-shots__shots__entity_type-Team__season-2025__season_type-Regular_Season__team_id-1611661325__entity_id-1611661325__44fa9629,get-shots,https://api.pbpstats.com/get-shots/wnba?EntityType=Team&Season=2025&SeasonType=Regular+Season&TeamId=1611661325&EntityId=1611661325,200,22,,,,,,False,1611661324,205.0,336,2025-09-09,1022500278,1627672-1628909-1629488-1631086-203024,False,MIN,1627675-1628926-1629491-1629524-1629567,,,,,,1611661325,3,Lexie Hull,1631086,22,03:49,0,,0,,0,,0,,False,12,,22.8,0.3304,217.0,Corner3,3,229.0,OffDeadball,IND,03:37,,-228,7,False,shots,4Q/OT | margin -3..3 | 300..120,team
wnba,wnba_shot_pace,shot_pace,shots,get-shots,2025,Regular Season,team,"{'EntityType': 'Team', 'Season': '2025', 'SeasonType': 'Regular Season', 'TeamId': '1611661325', 'EntityId': '1611661325'}",shot_pace,1611661325,4Q/OT | margin -3..3 | 300..120,get-shots__shots__entity_type-Team__season-2025__season_type-Regular_Season__team_id-1611661325__entity_id-1611661325__44fa9629,get-shots,https://api.pbpstats.com/get-shots/wnba?EntityType=Team&Season=2025&SeasonType=Regular+Season&TeamId=1611661325&EntityId=1611661325,200,23,Lexie Hull,1631086.0,True,,,,1611661324,261.0,327,2025-09-09,1022500278,1627672-1628909-1629488-1631086-1641648,True,MIN,1627675-1629491-1629501-1629524-203825,,,,,,1611661325,3,Kelsey Mitchell,1628909,20,04:46,0,,1629491,Jessica Shepard,0,,0,,False,9,,23.5,0.3526,261.0,Corner3,3,286.0,OffAtRimMake,IND,04:21,,232,36,False,shots,4Q/OT | margin -3..3 | 300..120,team
wnba,wnba_shot_pace,shot_pace,shots,get-shots,2025,Regular Season,team,"{'EntityType': 'Team', 'Season': '2025', 'SeasonType': 'Regular Season', 'TeamId': '1611661325', 'EntityId': '1611661325'}",shot_pace,1611661325,4Q/OT | margin -3..3 | 300..120,get-shots__shots__entity_type-Team__season-2025__season_type-Regular_Season__team_id-1611661325__entity_id-1611661325__44fa9629,get-shots,https://api.pbpstats.com/get-shots/wnba?EntityType=Team&Season=2025&SeasonType=Regular+Season&TeamId=1611661325&EntityId=1611661325,200,24,Kelsey Mitchell,1628909.0,True,,,,1611661324,306.0,323,2025-09-09,1022500278,1627672-1628909-1629488-1631086-1641648,True,MIN,1627675-1629491-1629501-1629524-203825,,,,,,1611661325,3,Lexie Hull,1631086,18,05:21,0,,1629524,Bridget Carleton,0,,0,,False,9,,14.1,0.4088,306.0,LongMidRange,2,321.0,OffLongMidRangeMake,IND,05:06,,133,48,False,shots,4Q/OT | margin -3..3 | 300..120,team
wnba,wnba_shot_pace,shot_pace,shots,get-shots,2025,Regular Season,team,"{'EntityType': 'Team', 'Season': '2025', 'SeasonType': 'Regular Season', 'TeamId': '1611661325', 'EntityId': '1611661325'}",shot_pace,1611661325,4Q/OT | margin -3..3 | 300..120,get-shots__shots__entity_type-Team__season-2025__season_type-Regular_Season__team_id-1611661325__entity_id-1611661325__44fa9629,get-shots,https://api.pbpstats.com/get-shots/wnba?EntityType=Team&Season=2025&SeasonType=Regular+Season&TeamId=1611661325&EntityId=1611661325,200,25,Kelsey Mitchell,1628909.0,True,,,,1611661324,335.0,319,2025-09-09,1022500278,1627672-1628909-1629488-1631086-1641648,True,MIN,1627675-1629491-1629501-1629524-203825,,,,,,1611661325,3,Lexie Hull,1631086,16,05:49,0,,0,,0,,0,,False,9,,5.8,0.4084,335.0,ShortMidRange,2,349.0,OffDeadball,IND,05:35,,18,55,False,shots,4Q/OT | margin -3..3 | 300..120,team
wnba,wnba_shot_pace,shot_pace,shots,get-shots,2025,Regular Season,team,"{'EntityType': 'Team', 'Season': '2025', 'SeasonType': 'Regular Season', 'TeamId': '1611661325', 'EntityId': '1611661325'}",shot_pace,1611661325,4Q/OT | margin -3..3 | 300..120,get-shots__shots__entity_type-Team__season-2025__season_type-Regular_Season__team_id-1611661325__entity_id-1611661325__44fa9629,get-shots,https://api.pbpstats.com/get-shots/wnba?EntityType=Team&Season=2025&SeasonType=Regular+Season&TeamId=1611661325&EntityId=1611661325,200,26,Brianna Turner,1629488.0,True,,,,1611661324,372.0,312,2025-09-09,1022500278,1627672-1628909-1629488-1641648-203824,True,MIN,1627675-1629491-1629501-1629524-203825,,,,,,1611661325,3,Odyssey Sims,203824,14,06:22,0,,1629501,Alanna Smith,0,,0,,False,7,,3.3,0.6265,372.0,AtRim,2,382.0,OffShortMidRangeMake,IND,06:12,,-24,23,False,shots,4Q/OT | margin -3..3 | 300..120,team
wnba,wnba_shot_pace,shot_pace,shots,get-shots,2025,Regular Season,team,"{'EntityType': 'Team', 'Season': '2025', 'SeasonType': 'Regular Season', 'TeamId': '1611661325', 'EntityId': '1611661325'}",shot_pace,1611661325,4Q/OT | margin -3..3 | 300..120,get-shots__shots__entity_type-Team__season-2025__season_type-Regular_Season__team_id-1611661325__entity_id-1611661325__44fa9629,get-shots,https://api.pbpstats.com/get-shots/wnba?EntityType=Team&Season=2025&SeasonType=Regular+Season&TeamId=1611661325&EntityId=1611661325,200,27,Brianna Turner,1629488.0,True,,,,1611661324,406.0,308,2025-09-09,1022500278,1627672-1628909-1629488-1641648-203824,True,MIN,1627675-1629491-1629501-1629524-203825,,,,,,1611661325,3,Kelsey Mitchell,1628909,12,06:54,1629488,Brianna Turner,1629501,Alanna Smith,0,,0,,False,6,,23.9,0.3709,406.0,Arc3,3,414.0,OffAtRimMiss,IND,06:46,,168,170,False,shots,4Q/OT | margin -3..3 | 300..120,team
wnba,wnba_shot_pace,shot_pace,shots,get-shots,2025,Regular Season,team,"{'EntityType': 'Team', 'Season': '2025', 'SeasonType': 'Regular Season', 'TeamId': '1611661325', 'EntityId': '1611661325'}",shot_pace,1611661325,4Q/OT | margin -3..3 | 300..120,get-shots__shots__entity_type-Team__season-2025__season_type-Regular_Season__team_id-1611661325__entity_id-1611661325__44fa9629,get-shots,https://api.pbpstats.com/get-shots/wnba?EntityType=Team&Season=2025&SeasonType=Regular+Season&TeamId=1611661325&EntityId=1611661325,200,28,,,,Bridget Carleton,1629524.0,True,1611661324,476.0,291,2025-09-09,1022500278,1628909-1631086-1641648-203824-203827,False,MIN,1627675-1629491-1629501-1629524-203825,,,,,,1611661325,3,Kelsey Mitchell,1628909,8,08:05,1641648,Aliyah Boston,1627675,Courtney Williams,0,,0,,False,7,,11.5,0.435,479.0,ShortMidRange,2,485.0,OffShortMidRangeMiss,IND,07:59,,6,115,False,shots,4Q/OT | margin -3..3 | 300..120,team
wnba,wnba_shot_pace,shot_pace,shots,get-shots,2025,Regular Season,team,"{'EntityType': 'Team', 'Season': '2025', 'SeasonType': 'Regular Season', 'TeamId': '1611661325', 'EntityId': '1611661325'}",shot_pace,1611661325,4Q/OT | margin -3..3 | 300..120,get-shots__shots__entity_type-Team__season-2025__season_type-Regular_Season__team_id-1611661325__entity_id-1611661325__44fa9629,get-shots,https://api.pbpstats.com/get-shots/wnba?EntityType=Team&Season=2025&SeasonType=Regular+Season&TeamId=1611661325&EntityId=1611661325,200,29,,,,,,False,1611661324,531.0,279,2025-09-09,1022500278,1628909-1631086-1641648-203824-203827,False,MIN,1627675-1629491-1629501-1629524-203825,,,,,,1611661325,3,Odyssey Sims,203824,4,09:04,0,,1629491,Jessica Shepard,0,,0,,False,9,,2.5,0.5959,534.0,AtRim,2,544.0,OffAtRimMake,IND,08:54,,-11,22,False,shots,4Q/OT | margin -3..3 | 300..120,team
wnba,wnba_shot_pace,shot_pace,shots,get-shots,2025,Regular Season,team,"{'EntityType': 'Team', 'Season': '2025', 'SeasonType': 'Regular Season', 'TeamId': '1611661325', 'EntityId': '1611661325'}",shot_pace,1611661325,4Q/OT | margin -3..3 | 300..120,get-shots__shots__entity_type-Team__season-2025__season_type-Regular_Season__team_id-1611661325__entity_id-1611661325__44fa9629,get-shots,https://api.pbpstats.com/get-shots/wnba?EntityType=Team&Season=2025&SeasonType=Regular+Season&TeamId=1611661325&EntityId=1611661325,200,30,,,,,,False,1611661324,562.0,273,2025-09-09,1022500278,1628909-1631086-1641648-203824-203827,False,MIN,1627675-1629491-1629501-1629524-203825,,,,,,1611661325,3,Aliyah Boston,1641648,2,09:43,0,,203825,Kayla McBride,0,,0,,False,11,,9.3,0.3909,562.0,ShortMidRange,2,583.0,OffShortMidRangeMake,IND,09:22,,50,79,False,shots,4Q/OT | margin -3..3 | 300..120,team
wnba,wnba_shot_pace,shot_pace,shots,get-shots,2025,Regular Season,team,"{'EntityType': 'Team', 'Season': '2025', 'SeasonType': 'Regular Season', 'TeamId': '1611661325', 'EntityId': '1611661325'}",shot_pace,1611661325,4Q/OT | margin -3..3 | 300..120,get-shots__shots__entity_type-Team__season-2025__season_type-Regular_Season__team_id-1611661325__entity_id-1611661325__44fa9629,get-shots,https://api.pbpstats.com/get-shots/wnba?EntityType=Team&Season=2025&SeasonType=Regular+Season&TeamId=1611661325&EntityId=1611661325,200,31,,,,,,False,1611661324,0.0,263,2025-09-09,1022500278,1627672-1628909-1641648-203824-203827,False,MIN,1627675-1629491-1629501-1629567-203825,,,,,,1611661325,2,Natasha Howard,203827,42,00:02,0,,1627675,Courtney Williams,0,,0,,False,13,,40.4,0.0,0.0,Arc3,3,2.0,OffAtRimMake,IND,00:00,,-176,364,False,shots,4Q/OT | margin -3..3 | 300..120,team
wnba,wnba_shot_pace,shot_pace,shots,get-shots,2025,Regular Season,team,"{'EntityType': 'Team', 'Season': '2025', 'SeasonType': 'Regular Season', 'TeamId': '1611661325', 'EntityId': '1611661325'}",shot_pace,1611661325,4Q/OT | margin -3..3 | 300..120,get-shots__shots__entity_type-Team__season-2025__season_type-Regular_Season__team_id-1611661325__entity_id-1611661325__44fa9629,get-shots,https://api.pbpstats.com/get-shots/wnba?EntityType=Team&Season=2025&SeasonType=Regular+Season&TeamId=1611661325&EntityId=1611661325,200,32,,,,,,False,1611661324,7.0,259,2025-09-09,1022500278,1627672-1628909-1641648-203824-203827,False,MIN,1627675-1629491-1629501-1629567-203825,,,,,,1611661325,2,Odyssey Sims,203824,40,00:32,0,,0,,0,,0,,False,15,,16.0,0.3598,10.0,LongMidRange,2,32.0,OffFTMake,IND,00:10,,50,152,False,shots,4Q/OT | margin -3..3 | 300..120,team
wnba,wnba_shot_pace,shot_pace,shots,get-shots,2025,Regular Season,team,"{'EntityType': 'Team', 'Season': '2025', 'SeasonType': 'Regular Season', 'TeamId': '1611661325', 'EntityId': '1611661325'}",shot_pace,1611661325,4Q/OT | margin -3..3 | 300..120,get-shots__shots__entity_type-Team__season-2025__season_type-Regular_Season__team_id-1611661325__entity_id-1611661325__44fa9629,get-shots,https://api.pbpstats.com/get-shots/wnba?EntityType=Team&Season=2025&SeasonType=Regular+Season&TeamId=1611661325&EntityId=1611661325,200,33,,,False,,,,1611661324,54.0,254,2025-09-09,1022500278,1627672-1628909-1641648-203824-203827,True,MIN,1627675-1629491-1629501-1629567-203825,,,,,,1611661325,2,Natasha Howard,203827,38,01:13,0,,0,,0,,0,,False,15,,7.9,0.3552,54.0,ShortMidRange,2,73.0,OffDeadball,IND,00:54,,16,77,False,shots,4Q/OT | margin -3..3 | 300..120,team
wnba,wnba_shot_pace,shot_pace,shots,get-shots,2025,Regular Season,team,"{'EntityType': 'Team', 'Season': '2025', 'SeasonType': 'Regular Season', 'TeamId': '1611661325', 'EntityId': '1611661325'}",shot_pace,1611661325,4Q/OT | margin -3..3 | 300..120,get-shots__shots__entity_type-Team__season-2025__season_type-Regular_Season__team_id-1611661325__entity_id-1611661325__44fa9629,get-shots,https://api.pbpstats.com/get-shots/wnba?EntityType=Team&Season=2025&SeasonType=Regular+Season&TeamId=1611661325&EntityId=1611661325,200,34,,,,Alanna Smith,1629501.0,True,1611661324,126.0,235,2025-09-09,1022500278,1628909-1631086-1641648-203824-203827,False,MIN,1627675-1629491-1629501-1629567-203825,,,,,,1611661325,2,Aliyah Boston,1641648,34,02:20,1641648,Aliyah Boston,203825,Kayla McBride,0,,0,,False,15,,3.7,0.5378,128.0,AtRim,2,140.0,OffAtRimMiss,IND,02:08,,-11,35,False,shots,4Q/OT | margin -3..3 | 300..120,team
wnba,wnba_shot_pace,shot_pace,shots,get-shots,2025,Regular Season,team,"{'EntityType': 'Team', 'Season': '2025', 'SeasonType': 'Regular Season', 'TeamId': '1611661325', 'EntityId': '1611661325'}",shot_pace,1611661325,4Q/OT | margin -3..3 | 300..120,get-shots__shots__entity_type-Team__season-2025__season_type-Regular_Season__team_id-1611661325__entity_id-1611661325__44fa9629,get-shots,https://api.pbpstats.com/get-shots/wnba?EntityType=Team&Season=2025&SeasonType=Regular+Season&TeamId=1611661325&EntityId=1611661325,200,35,,,,,,False,1611661324,190.0,221,2025-09-09,1022500278,1628909-1631086-1641648-203824-203827,False,MIN,1627675-1629491-1629501-1629524-203825,,,,,,1611661325,2,Kelsey Mitchell,1628909,30,03:18,1641648,Aliyah Boston,1629501,Alanna Smith,0,,0,,False,17,,25.6,0.3689,192.0,Arc3,3,198.0,OffAtRimMiss,IND,03:12,,-53,250,False,shots,4Q/OT | margin -3..3 | 300..120,team
wnba,wnba_shot_pace,shot_pace,shots,get-shots,2025,Regular Season,team,"{'EntityType': 'Team', 'Season': '2025', 'SeasonType': 'Regular Season', 'TeamId': '1611661325', 'EntityId': '1611661325'}",shot_pace,1611661325,4Q/OT | margin -3..3 | 300..120,get-shots__shots__entity_type-Team__season-2025__season_type-Regular_Season__team_id-1611661325__entity_id-1611661325__44fa9629,get-shots,https://api.pbpstats.com/get-shots/wnba?EntityType=Team&Season=2025&SeasonType=Regular+Season&TeamId=1611661325&EntityId=1611661325,200,36,,,False,,,,1611661324,225.0,218,2025-09-09,1022500278,1628909-1631086-1641648-203824-203827,True,MIN,1627675-1629491-1629501-1629524-203825,,,,,,1611661325,2,Kelsey Mitchell,1628909,28,03:54,203827,Natasha Howard,1627675,Courtney Williams,0,,0,,False,15,,4.3,0.4813,225.0,ShortMidRange,2,234.0,OffShortMidRangeMiss,IND,03:45,,-32,28,False,shots,4Q/OT | margin -3..3 | 300..120,team
wnba,wnba_shot_pace,shot_pace,shots,get-shots,2025,Regular Season,team,"{'EntityType': 'Team', 'Season': '2025', 'SeasonType': 'Regular Season', 'TeamId': '1611661325', 'EntityId': '1611661325'}",shot_pace,1611661325,4Q/OT | margin -3..3 | 300..120,get-shots__shots__entity_type-Team__season-2025__season_type-Regular_Season__team_id-1611661325__entity_id-1611661325__44fa9629,get-shots,https://api.pbpstats.com/get-shots/wnba?EntityType=Team&Season=2025&SeasonType=Regular+Season&TeamId=1611661325&EntityId=1611661325,200,37,,,False,,,,1611661324,248.0,215,2025-09-09,1022500278,1628909-1631086-1641648-203824-203827,True,MIN,1627675-1629491-1629501-1629524-203825,,,,,,1611661325,2,Odyssey Sims,203824,26,04:32,0,,203825,Kayla McBride,0,,0,,False,13,,16.3,0.3329,248.0,LongMidRange,2,272.0,OffShortMidRangeMake,IND,04:08,,-133,94,False,shots,4Q/OT | margin -3..3 | 300..120,team
wnba,wnba_shot_pace,shot_pace,shots,get-shots,2025,Regular Season,team,"{'EntityType': 'Team', 'Season': '2025', 'SeasonType': 'Regular Season', 'TeamId': '1611661325', 'EntityId': '1611661325'}",shot_pace,1611661325,4Q/OT | margin -3..3 | 300..120,get-shots__shots__entity_type-Team__season-2025__season_type-Regular_Season__team_id-1611661325__entity_id-1611661325__44fa9629,get-shots,https://api.pbpstats.com/get-shots/wnba?EntityType=Team&Season=2025&SeasonType=Regular+Season&TeamId=1611661325&EntityId=1611661325,200,38,Natasha Howard,203827.0,True,,,,1611661324,305.0,204,2025-09-09,1022500278,1628909-1631086-1641648-203824-203827,True,MIN,1627675-1629491-1629501-1629524-203825,,,,,,1611661325,2,Kelsey Mitchell,1628909,22,05:17,0,,1629491,Jessica Shepard,0,,0,,False,12,,25.3,0.3457,305.0,Arc3,3,317.0,OffAtRimMake,IND,05:05,,85,238,False,shots,4Q/OT | margin -3..3 | 300..120,team
wnba,wnba_shot_pace,shot_pace,shots,get-shots,2025,Regular Season,team,"{'EntityType': 'Team', 'Season': '2025', 'SeasonType': 'Regular Season', 'TeamId': '1611661325', 'EntityId': '1611661325'}",shot_pace,1611661325,4Q/OT | margin -3..3 | 300..120,get-shots__shots__entity_type-Team__season-2025__season_type-Regular_Season__team_id-1611661325__entity_id-1611661325__44fa9629,get-shots,https://api.pbpstats.com/get-shots/wnba?EntityType=Team&Season=2025&SeasonType=Regular+Season&TeamId=1611661325&EntityId=1611661325,200,39,,,,,,False,1611661324,325.0,200,2025-09-09,1022500278,1628909-1631086-1641648-203824-203827,False,MIN,1627675-1629491-1629501-1629524-203825,,,,,,1611661325,2,Natasha Howard,203827,20,05:38,0,,1629491,Jessica Shepard,0,,0,,False,14,,25.1,0.3656,327.0,Arc3,3,338.0,OffAtRimMake,IND,05:27,,136,211,False,shots,4Q/OT | margin -3..3 | 300..120,team
wnba,wnba_shot_pace,shot_pace,shots,get-shots,2025,Regular Season,team,"{'EntityType': 'Team', 'Season': '2025', 'SeasonType': 'Regular Season', 'TeamId': '1611661325', 'EntityId': '1611661325'}",shot_pace,1611661325,4Q/OT | margin -3..3 | 300..120,get-shots__shots__entity_type-Team__season-2025__season_type-Regular_Season__team_id-1611661325__entity_id-1611661325__44fa9629,get-shots,https://api.pbpstats.com/get-shots/wnba?EntityType=Team&Season=2025&SeasonType=Regular+Season&TeamId=1611661325&EntityId=1611661325,200,40,,,False,,,,1611661324,358.0,194,2025-09-09,1022500278,1631086-1641648-203035-203824-203827,True,MIN,1627675-1629491-1629501-1629524-203825,Odyssey Sims,203824.0,Odyssey Sims,203824.0,ShortMidRangeBlocked,1611661325,2,Odyssey Sims,203824,18,06:08,1641648,Aliyah Boston,1627675,Courtney Williams,0,,0,,True,14,1.0,4.8,0.3279,358.0,ShortMidRange,2,368.0,OffLongMidRangeMiss,IND,05:58,,13,46,False,shots,4Q/OT | margin -3..3 | 300..120,team
wnba,wnba_shot_pace,shot_pace,shots,get-shots,2025,Regular Season,team,"{'EntityType': 'Team', 'Season': '2025', 'SeasonType': 'Regular Season', 'TeamId': '1611661325', 'EntityId': '1611661325'}",shot_pace,1611661325,4Q/OT | margin -3..3 | 300..120,get-shots__shots__entity_type-Team__season-2025__season_type-Regular_Season__team_id-1611661325__entity_id-1611661325__44fa9629,get-shots,https://api.pbpstats.com/get-shots/wnba?EntityType=Team&Season=2025&SeasonType=Regular+Season&TeamId=1611661325&EntityId=1611661325,200,41,,,,Alanna Smith,1629501.0,True,1611661324,358.0,191,2025-09-09,1022500278,1631086-1641648-203035-203824-203827,False,MIN,1627675-1629491-1629501-1629524-203825,,,,,,1611661325,2,Odyssey Sims,203824,18,06:08,1641648,Aliyah Boston,1627675,Courtney Williams,0,,0,,False,14,,4.9,0.3915,361.0,ShortMidRange,2,368.0,OffLongMidRangeMiss,IND,06:01,,-21,44,False,shots,4Q/OT | margin -3..3 | 300..120,team
wnba,wnba_shot_pace,shot_pace,shots,get-shots,2025,Regular Season,team,"{'EntityType': 'Team', 'Season': '2025', 'SeasonType': 'Regular Season', 'TeamId': '1611661325', 'EntityId': '1611661325'}",shot_pace,1611661325,4Q/OT | margin -3..3 | 300..120,get-shots__shots__entity_type-Team__season-2025__season_type-Regular_Season__team_id-1611661325__entity_id-1611661325__44fa9629,get-shots,https://api.pbpstats.com/get-shots/wnba?EntityType=Team&Season=2025&SeasonType=Regular+Season&TeamId=1611661325&EntityId=1611661325,200,42,Shey Peddy,203035.0,True,,,,1611661324,385.0,187,2025-09-09,1022500278,1631086-1641648-203035-203824-203827,True,MIN,1627675-1629491-1629501-1629524-203825,,,,,,1611661325,2,Natasha Howard,203827,16,06:28,0,,0,,203035,Shey Peddy,1629524,Bridget Carleton,False,12,,2.5,0.7128,385.0,AtRim,2,388.0,OffLiveBallTurnover,IND,06:25,,-1,25,False,shots,4Q/OT | margin -3..3 | 300..120,team
wnba,wnba_shot_pace,shot_pace,shots,get-shots,2025,Regular Season,team,"{'EntityType': 'Team', 'Season': '2025', 'SeasonType': 'Regular Season', 'TeamId': '1611661325', 'EntityId': '1611661325'}",shot_pace,1611661325,4Q/OT | margin -3..3 | 300..120,get-shots__shots__entity_type-Team__season-2025__season_type-Regular_Season__team_id-1611661325__entity_id-1611661325__44fa9629,get-shots,https://api.pbpstats.com/get-shots/wnba?EntityType=Team&Season=2025&SeasonType=Regular+Season&TeamId=1611661325&EntityId=1611661325,200,43,,,,,,False,1611661324,391.0,183,2025-09-09,1022500278,1631086-1641648-203035-203824-203827,False,MIN,1627675-1629491-1629501-1629524-203825,,,,,,1611661325,2,Lexie Hull,1631086,14,06:48,0,,1627675,Courtney Williams,0,,0,,False,12,,24.0,0.3784,395.0,Corner3,3,408.0,OffShortMidRangeMake,IND,06:35,,240,14,False,shots,4Q/OT | margin -3..3 | 300..120,team
wnba,wnba_shot_pace,shot_pace,shots,get-shots,2025,Regular Season,team,"{'EntityType': 'Team', 'Season': '2025', 'SeasonType': 'Regular Season', 'TeamId': '1611661325', 'EntityId': '1611661325'}",shot_pace,1611661325,4Q/OT | margin -3..3 | 300..120,get-shots__shots__entity_type-Team__season-2025__season_type-Regular_Season__team_id-1611661325__entity_id-1611661325__44fa9629,get-shots,https://api.pbpstats.com/get-shots/wnba?EntityType=Team&Season=2025&SeasonType=Regular+Season&TeamId=1611661325&EntityId=1611661325,200,44,Aliyah Boston,1641648.0,True,,,,1611661324,443.0,174,2025-09-09,1022500278,1631086-1641648-203035-203824-203827,True,MIN,1627675-1629491-1629501-1629524-203825,,,,,,1611661325,2,Shey Peddy,203035,10,07:39,0,,1627675,Courtney Williams,0,,0,,False,11,,25.6,0.3204,443.0,Arc3,3,459.0,OffAtRimMake,IND,07:23,,6,256,False,shots,4Q/OT | margin -3..3 | 300..120,team
wnba,wnba_shot_pace,shot_pace,shots,get-shots,2025,Regular Season,team,"{'EntityType': 'Team', 'Season': '2025', 'SeasonType': 'Regular Season', 'TeamId': '1611661325', 'EntityId': '1611661325'}",shot_pace,1611661325,4Q/OT | margin -3..3 | 300..120,get-shots__shots__entity_type-Team__season-2025__season_type-Regular_Season__team_id-1611661325__entity_id-1611661325__44fa9629,get-shots,https://api.pbpstats.com/get-shots/wnba?EntityType=Team&Season=2025&SeasonType=Regular+Season&TeamId=1611661325&EntityId=1611661325,200,45,Shey Peddy,203035.0,True,,,,1611661324,483.0,163,2025-09-09,1022500278,1627672-1641648-203024-203035-203824,True,MIN,1627675-1628926-1629491-1629524-203825,,,,,,1611661325,2,Damiris Dantas,203024,8,08:20,0,,1628926,Maria Kliundikova,0,,0,,False,10,,25.5,0.3747,483.0,Arc3,3,500.0,OffAtRimMake,IND,08:03,,16,254,False,shots,4Q/OT | margin -3..3 | 300..120,team
wnba,wnba_shot_pace,shot_pace,shots,get-shots,2025,Regular Season,team,"{'EntityType': 'Team', 'Season': '2025', 'SeasonType': 'Regular Season', 'TeamId': '1611661325', 'EntityId': '1611661325'}",shot_pace,1611661325,4Q/OT | margin -3..3 | 300..120,get-shots__shots__entity_type-Team__season-2025__season_type-Regular_Season__team_id-1611661325__entity_id-1611661325__44fa9629,get-shots,https://api.pbpstats.com/get-shots/wnba?EntityType=Team&Season=2025&SeasonType=Regular+Season&TeamId=1611661325&EntityId=1611661325,200,46,,,,,,False,1611661324,548.0,154,2025-09-09,1022500278,1627672-1641648-203024-203035-203824,False,MIN,1627675-1628926-1629491-1629524-203825,,,,,,1611661325,2,Odyssey Sims,203824,4,09:22,0,,0,,203035,Shey Peddy,203825,Kayla McBride,False,14,,4.0,0.3889,550.0,ShortMidRange,2,562.0,OffLiveBallTurnover,IND,09:10,,-27,30,False,shots,4Q/OT | margin -3..3 | 300..120,team
wnba,wnba_shot_pace,shot_pace,shots,get-shots,2025,Regular Season,team,"{'EntityType': 'Team', 'Season': '2025', 'SeasonType': 'Regular Season', 'TeamId': '1611661325', 'EntityId': '1611661325'}",shot_pace,1611661325,4Q/OT | margin -3..3 | 300..120,get-shots__shots__entity_type-Team__season-2025__season_type-Regular_Season__team_id-1611661325__entity_id-1611661325__44fa9629,get-shots,https://api.pbpstats.com/get-shots/wnba?EntityType=Team&Season=2025&SeasonType=Regular+Season&TeamId=1611661325&EntityId=1611661325,200,47,,,False,,,,1611661324,4.0,136,2025-09-09,1022500278,1627672-1628909-1629488-203024-203035,True,MIN,1628926-1629491-1629524-1629567-1642797,,,,,,1611661325,1,Kelsey Mitchell,1628909,43,00:16,0,,1629491,Jessica Shepard,0,,0,,False,12,,3.5,0.6277,4.0,AtRim,2,16.0,OffShortMidRangeMake,IND,00:04,,-24,25,False,shots,4Q/OT | margin -3..3 | 300..120,team
wnba,wnba_shot_pace,shot_pace,shots,get-shots,2025,Regular Season,team,"{'EntityType': 'Team', 'Season': '2025', 'SeasonType': 'Regular Season', 'TeamId': '1611661325', 'EntityId': '1611661325'}",shot_pace,1611661325,4Q/OT | margin -3..3 | 300..120,get-shots__shots__entity_type-Team__season-2025__season_type-Regular_Season__team_id-1611661325__entity_id-1611661325__44fa9629,get-shots,https://api.pbpstats.com/get-shots/wnba?EntityType=Team&Season=2025&SeasonType=Regular+Season&TeamId=1611661325&EntityId=1611661325,200,48,,,,Maria Kliundikova,1628926.0,True,1611661324,20.0,132,2025-09-09,1022500278,1627672-1628909-1629488-203024-203035,False,MIN,1628926-1629491-1629524-1629567-1642797,,,,,,1611661325,1,Shey Peddy,203035,41,00:47,0,,1629524,Bridget Carleton,0,,0,,False,14,,4.6,0.4817,23.0,ShortMidRange,2,47.0,OffAtRimMake,IND,00:23,,39,25,False,shots,4Q/OT | margin -3..3 | 300..120,team
wnba,wnba_shot_pace,shot_pace,shots,get-shots,2025,Regular Season,team,"{'EntityType': 'Team', 'Season': '2025', 'SeasonType': 'Regular Season', 'TeamId': '1611661325', 'EntityId': '1611661325'}",shot_pace,1611661325,4Q/OT | margin -3..3 | 300..120,get-shots__shots__entity_type-Team__season-2025__season_type-Regular_Season__team_id-1611661325__entity_id-1611661325__44fa9629,get-shots,https://api.pbpstats.com/get-shots/wnba?EntityType=Team&Season=2025&SeasonType=Regular+Season&TeamId=1611661325&EntityId=1611661325,200,49,,,,Anastasiia Olairi Kosu,1642797.0,True,1611661324,69.0,118,2025-09-09,1022500278,1627672-1628909-1629488-203024-203035,False,MIN,1629491-1629501-1629524-1629567-1642797,,,,,,1611661325,1,Aerial Powers,1627672,37,01:28,1629488,Brianna Turner,1629567,Natisha Hiedeman,0,,0,,False,15,,2.2,0.6006,71.0,AtRim,2,88.0,OffShortMidRangeMiss,IND,01:11,,8,20,False,shots,4Q/OT | margin -3..3 | 300..120,team
wnba,wnba_shot_pace,shot_pace,shots,get-shots,2025,Regular Season,team,"{'EntityType': 'Team', 'Season': '2025', 'SeasonType': 'Regular Season', 'TeamId': '1611661325', 'EntityId': '1611661325'}",shot_pace,1611661325,4Q/OT | margin -3..3 | 300..120,get-shots__shots__entity_type-Team__season-2025__season_type-Regular_Season__team_id-1611661325__entity_id-1611661325__44fa9629,get-shots,https://api.pbpstats.com/get-shots/wnba?EntityType=Team&Season=2025&SeasonType=Regular+Season&TeamId=1611661325&EntityId=1611661325,200,50,,,False,,,,1611661324,169.0,90,2025-09-09,1022500278,1627672-1628909-1641648-203824-203827,True,MIN,1627675-1629491-1629524-1629567-203825,,,,,,1611661325,1,Aerial Powers,1627672,31,02:58,1641648,Aliyah Boston,203825,Kayla McBride,0,,0,,False,12,,10.4,0.4164,169.0,ShortMidRange,2,178.0,OffCorner3Miss,IND,02:49,,94,44,False,shots,4Q/OT | margin -3..3 | 300..120,team
wnba,wnba_shot_pace,shot_pace,shots,get-shots,2025,Regular Season,team,"{'EntityType': 'Team', 'Season': '2025', 'SeasonType': 'Regular Season', 'TeamId': '1611661325', 'EntityId': '1611661325'}",shot_pace,1611661325,4Q/OT | margin -3..3 | 300..120,get-shots__shots__entity_type-Team__season-2025__season_type-Regular_Season__team_id-1611661325__entity_id-1611661325__44fa9629,get-shots,https://api.pbpstats.com/get-shots/wnba?EntityType=Team&Season=2025&SeasonType=Regular+Season&TeamId=1611661325&EntityId=1611661325,200,51,,,False,,,,1611661324,196.0,87,2025-09-09,1022500278,1627672-1628909-1641648-203824-203827,True,MIN,1627675-1629491-1629524-1629567-203825,,,,,,1611661325,1,Aliyah Boston,1641648,29,03:20,0,,0,,1641648,Aliyah Boston,1629567,Natisha Hiedeman,False,10,,3.8,0.6525,196.0,AtRim,2,200.0,OffLiveBallTurnover,IND,03:16,,-13,36,False,shots,4Q/OT | margin -3..3 | 300..120,team
wnba,wnba_shot_pace,shot_pace,shots,get-shots,2025,Regular Season,team,"{'EntityType': 'Team', 'Season': '2025', 'SeasonType': 'Regular Season', 'TeamId': '1611661325', 'EntityId': '1611661325'}",shot_pace,1611661325,4Q/OT | margin -3..3 | 300..120,get-shots__shots__entity_type-Team__season-2025__season_type-Regular_Season__team_id-1611661325__entity_id-1611661325__44fa9629,get-shots,https://api.pbpstats.com/get-shots/wnba?EntityType=Team&Season=2025&SeasonType=Regular+Season&TeamId=1611661325&EntityId=1611661325,200,52,Natasha Howard,203827.0,True,,,,1611661324,216.0,83,2025-09-09,1022500278,1627672-1628909-1641648-203824-203827,True,MIN,1627675-1629491-1629524-1629567-203825,,,,,,1611661325,1,Aerial Powers,1627672,27,03:49,0,,1629567,Natisha Hiedeman,0,,0,,False,7,,23.7,0.3576,216.0,Arc3,3,229.0,OffAtRimMake,IND,03:36,,212,105,False,shots,4Q/OT | margin -3..3 | 300..120,team
wnba,wnba_shot_pace,shot_pace,shots,get-shots,2025,Regular Season,team,"{'EntityType': 'Team', 'Season': '2025', 'SeasonType': 'Regular Season', 'TeamId': '1611661325', 'EntityId': '1611661325'}",shot_pace,1611661325,4Q/OT | margin -3..3 | 300..120,get-shots__shots__entity_type-Team__season-2025__season_type-Regular_Season__team_id-1611661325__entity_id-1611661325__44fa9629,get-shots,https://api.pbpstats.com/get-shots/wnba?EntityType=Team&Season=2025&SeasonType=Regular+Season&TeamId=1611661325&EntityId=1611661325,200,53,Aliyah Boston,1641648.0,True,,,,1611661324,253.0,79,2025-09-09,1022500278,1627672-1628909-1641648-203824-203827,True,MIN,1627675-1629491-1629524-1629567-203825,,,,,,1611661325,1,Aerial Powers,1627672,25,04:34,1627672,Aerial Powers,1629567,Natisha Hiedeman,0,,0,,False,6,,24.3,0.3116,253.0,Arc3,3,274.0,OffFTMiss,IND,04:13,,24,242,False,shots,4Q/OT | margin -3..3 | 300..120,team
wnba,wnba_shot_pace,shot_pace,shots,get-shots,2025,Regular Season,team,"{'EntityType': 'Team', 'Season': '2025', 'SeasonType': 'Regular Season', 'TeamId': '1611661325', 'EntityId': '1611661325'}",shot_pace,1611661325,4Q/OT | margin -3..3 | 300..120,get-shots__shots__entity_type-Team__season-2025__season_type-Regular_Season__team_id-1611661325__entity_id-1611661325__44fa9629,get-shots,https://api.pbpstats.com/get-shots/wnba?EntityType=Team&Season=2025&SeasonType=Regular+Season&TeamId=1611661325&EntityId=1611661325,200,54,,,False,,,,1611661324,290.0,68,2025-09-09,1022500278,1628909-1631086-1641648-203824-203827,True,MIN,1627675-1628926-1629524-1629567-203825,,,,,,1611661325,1,Odyssey Sims,203824,23,04:58,203827,Natasha Howard,1629567,Natisha Hiedeman,0,,0,,False,6,,7.1,0.412,290.0,ShortMidRange,2,298.0,OffCorner3Miss,IND,04:50,,-22,68,False,shots,4Q/OT | margin -3..3 | 300..120,team
wnba,wnba_shot_pace,shot_pace,shots,get-shots,2025,Regular Season,team,"{'EntityType': 'Team', 'Season': '2025', 'SeasonType': 'Regular Season', 'TeamId': '1611661325', 'EntityId': '1611661325'}",shot_pace,1611661325,4Q/OT | margin -3..3 | 300..120,get-shots__shots__entity_type-Team__season-2025__season_type-Regular_Season__team_id-1611661325__entity_id-1611661325__44fa9629,get-shots,https://api.pbpstats.com/get-shots/wnba?EntityType=Team&Season=2025&SeasonType=Regular+Season&TeamId=1611661325&EntityId=1611661325,200,55,,,False,,,,1611661324,315.0,65,2025-09-09,1022500278,1628909-1631086-1641648-203824-203827,True,MIN,1627675-1628926-1629524-1629567-203825,Natasha Howard,203827.0,Aliyah Boston,1641648.0,AtRim,1611661325,1,Natasha Howard,203827,21,05:42,0,,0,,0,,0,,True,4,0.0,3.8,0.4159,315.0,AtRim,2,342.0,OffTimeout,IND,05:15,,1,38,False,shots,4Q/OT | margin -3..3 | 300..120,team
wnba,wnba_shot_pace,shot_pace,shots,get-shots,2025,Regular Season,team,"{'EntityType': 'Team', 'Season': '2025', 'SeasonType': 'Regular Season', 'TeamId': '1611661325', 'EntityId': '1611661325'}",shot_pace,1611661325,4Q/OT | margin -3..3 | 300..120,get-shots__shots__entity_type-Team__season-2025__season_type-Regular_Season__team_id-1611661325__entity_id-1611661325__44fa9629,get-shots,https://api.pbpstats.com/get-shots/wnba?EntityType=Team&Season=2025&SeasonType=Regular+Season&TeamId=1611661325&EntityId=1611661325,200,56,,,,,,False,1611661324,315.0,63,2025-09-09,1022500278,1628909-1631086-1641648-203824-203827,False,MIN,1627675-1628926-1629524-1629567-203825,,,,,,1611661325,1,Aliyah Boston,1641648,21,05:42,0,,0,,0,,0,,False,4,,3.7,0.4433,316.0,AtRim,2,342.0,OffTimeout,IND,05:16,,-23,29,False,shots,4Q/OT | margin -3..3 | 300..120,team
wnba,wnba_shot_pace,shot_pace,shots,get-shots,2025,Regular Season,team,"{'EntityType': 'Team', 'Season': '2025', 'SeasonType': 'Regular Season', 'TeamId': '1611661325', 'EntityId': '1611661325'}",shot_pace,1611661325,4Q/OT | margin -3..3 | 300..120,get-shots__shots__entity_type-Team__season-2025__season_type-Regular_Season__team_id-1611661325__entity_id-1611661325__44fa9629,get-shots,https://api.pbpstats.com/get-shots/wnba?EntityType=Team&Season=2025&SeasonType=Regular+Season&TeamId=1611661325&EntityId=1611661325,200,57,,,,,,False,1611661324,381.0,51,2025-09-09,1022500278,1628909-1631086-1641648-203824-203827,False,MIN,1627675-1628926-1629501-1629567-203825,,,,,,1611661325,1,Natasha Howard,203827,15,06:36,1641648,Aliyah Boston,1629501,Alanna Smith,0,,0,,False,8,,3.4,0.5308,383.0,AtRim,2,396.0,OffArc3Miss,IND,06:23,,-17,30,False,shots,4Q/OT | margin -3..3 | 300..120,team
wnba,wnba_shot_pace,shot_pace,shots,get-shots,2025,Regular Season,team,"{'EntityType': 'Team', 'Season': '2025', 'SeasonType': 'Regular Season', 'TeamId': '1611661325', 'EntityId': '1611661325'}",shot_pace,1611661325,4Q/OT | margin -3..3 | 300..120,get-shots__shots__entity_type-Team__season-2025__season_type-Regular_Season__team_id-1611661325__entity_id-1611661325__44fa9629,get-shots,https://api.pbpstats.com/get-shots/wnba?EntityType=Team&Season=2025&SeasonType=Regular+Season&TeamId=1611661325&EntityId=1611661325,200,58,,,,,,False,1611661324,409.0,47,2025-09-09,1022500278,1628909-1631086-1641648-203824-203827,False,MIN,1627675-1628926-1629501-1629567-203825,,,,,,1611661325,1,Lexie Hull,1631086,13,07:10,0,,1628926,Maria Kliundikova,0,,0,,False,8,,4.1,0.4977,411.0,ShortMidRange,2,430.0,OffShortMidRangeMake,IND,06:51,,32,25,False,shots,4Q/OT | margin -3..3 | 300..120,team
wnba,wnba_shot_pace,shot_pace,shots,get-shots,2025,Regular Season,team,"{'EntityType': 'Team', 'Season': '2025', 'SeasonType': 'Regular Season', 'TeamId': '1611661325', 'EntityId': '1611661325'}",shot_pace,1611661325,4Q/OT | margin -3..3 | 300..120,get-shots__shots__entity_type-Team__season-2025__season_type-Regular_Season__team_id-1611661325__entity_id-1611661325__44fa9629,get-shots,https://api.pbpstats.com/get-shots/wnba?EntityType=Team&Season=2025&SeasonType=Regular+Season&TeamId=1611661325&EntityId=1611661325,200,59,,,False,,,,1611661324,444.0,41,2025-09-09,1022500278,1628909-1631086-1641648-203824-203827,True,MIN,1627675-1629491-1629501-1629567-203825,,,,,,1611661325,1,Odyssey Sims,203824,11,07:32,203827,Natasha Howard,1629491,Jessica Shepard,0,,0,,False,8,,13.2,0.4021,444.0,ShortMidRange,2,452.0,OffShortMidRangeMiss,IND,07:24,,-56,119,False,shots,4Q/OT | margin -3..3 | 300..120,team
wnba,wnba_shot_pace,shot_pace,shots,get-shots,2025,Regular Season,team,"{'EntityType': 'Team', 'Season': '2025', 'SeasonType': 'Regular Season', 'TeamId': '1611661325', 'EntityId': '1611661325'}",shot_pace,1611661325,4Q/OT | margin -3..3 | 300..120,get-shots__shots__entity_type-Team__season-2025__season_type-Regular_Season__team_id-1611661325__entity_id-1611661325__44fa9629,get-shots,https://api.pbpstats.com/get-shots/wnba?EntityType=Team&Season=2025&SeasonType=Regular+Season&TeamId=1611661325&EntityId=1611661325,200,60,Lexie Hull,1631086.0,True,,,,1611661324,465.0,37,2025-09-09,1022500278,1628909-1631086-1641648-203824-203827,True,MIN,1627675-1629491-1629501-1629567-203825,,,,,,1611661325,1,Aliyah Boston,1641648,9,08:02,0,,0,,0,,0,,False,6,,2.9,0.542,465.0,AtRim,2,482.0,OffDeadball,IND,07:45,,18,23,False,shots,4Q/OT | margin -3..3 | 300..120,team
wnba,wnba_shot_pace,shot_pace,shots,get-shots,2025,Regular Season,team,"{'EntityType': 'Team', 'Season': '2025', 'SeasonType': 'Regular Season', 'TeamId': '1611661325', 'EntityId': '1611661325'}",shot_pace,1611661325,4Q/OT | margin -3..3 | 300..120,get-shots__shots__entity_type-Team__season-2025__season_type-Regular_Season__team_id-1611661325__entity_id-1611661325__44fa9629,get-shots,https://api.pbpstats.com/get-shots/wnba?EntityType=Team&Season=2025&SeasonType=Regular+Season&TeamId=1611661325&EntityId=1611661325,200,61,Aliyah Boston,1641648.0,True,,,,1611661324,496.0,30,2025-09-09,1022500278,1628909-1631086-1641648-203824-203827,True,MIN,1627675-1629491-1629501-1629524-203825,,,,,,1611661325,1,Kelsey Mitchell,1628909,7,08:20,0,,0,,1641648,Aliyah Boston,1629524,Bridget Carleton,False,4,,3.3,0.7173,496.0,AtRim,2,500.0,OffLiveBallTurnover,IND,08:16,,19,27,False,shots,4Q/OT | margin -3..3 | 300..120,team
wnba,wnba_shot_pace,shot_pace,shots,get-shots,2025,Regular Season,team,"{'EntityType': 'Team', 'Season': '2025', 'SeasonType': 'Regular Season', 'TeamId': '1611661325', 'EntityId': '1611661325'}",shot_pace,1611661325,4Q/OT | margin -3..3 | 300..120,get-shots__shots__entity_type-Team__season-2025__season_type-Regular_Season__team_id-1611661325__entity_id-1611661325__44fa9629,get-shots,https://api.pbpstats.com/get-shots/wnba?EntityType=Team&Season=2025&SeasonType=Regular+Season&TeamId=1611661325&EntityId=1611661325,200,62,Odyssey Sims,203824.0,True,,,,1611661324,549.0,14,2025-09-09,1022500278,1628909-1631086-1641648-203824-203827,True,MIN,1627675-1629491-1629501-1629524-203825,,,,,,1611661325,1,Aliyah Boston,1641648,3,09:19,1631086,Lexie Hull,1627675,Courtney Williams,0,,0,,False,0,,3.6,0.4436,549.0,AtRim,2,559.0,OffLongMidRangeMiss,IND,09:09,,19,31,False,shots,4Q/OT | margin -3..3 | 300..120,team
wnba,wnba_shot_pace,shot_pace,shots,get-shots,2025,Regular Season,team,"{'EntityType': 'Team', 'Season': '2025', 'SeasonType': 'Regular Season', 'TeamId': '1611661325', 'EntityId': '1611661325'}",shot_pace,1611661325,4Q/OT | margin -3..3 | 300..120,get-shots__shots__entity_type-Team__season-2025__season_type-Regular_Season__team_id-1611661325__entity_id-1611661325__44fa9629,get-shots,https://api.pbpstats.com/get-shots/wnba?EntityType=Team&Season=2025&SeasonType=Regular+Season&TeamId=1611661325&EntityId=1611661325,200,63,,,,,,False,1611661324,576.0,7,2025-09-09,1022500278,1628909-1631086-1641648-203824-203827,False,MIN,1627675-1629491-1629501-1629524-203825,,,,,,1611661325,1,Odyssey Sims,203824,1,10:00,0,,0,,0,,0,,False,0,,6.2,0.2969,577.0,ShortMidRange,2,600.0,OffDeadball,IND,09:37,,-37,50,False,shots,4Q/OT | margin -3..3 | 300..120,team
wnba,wnba_shot_pace,shot_pace,shots,get-shots,2025,Regular Season,team,"{'EntityType': 'Team', 'Season': '2025', 'SeasonType': 'Regular Season', 'TeamId': '1611661325', 'EntityId': '1611661325'}",shot_pace,1611661325,4Q/OT | margin -3..3 | 300..120,get-shots__shots__entity_type-Team__season-2025__season_type-Regular_Season__team_id-1611661325__entity_id-1611661325__44fa9629,get-shots,https://api.pbpstats.com/get-shots/wnba?EntityType=Team&Season=2025&SeasonType=Regular+Season&TeamId=1611661325&EntityId=1611661325,200,64,,,,,,False,1611661322,37.0,567,2025-09-07,1022500273,1627672-1642788-1642815-203024-203035,False,WAS,1630134-1631083-1631141-1642802-1642810,,,,,,1611661325,4,Bree Hall,1642788,37,01:01,0,,1631141,Jade Melbourne,0,,0,,False,31,,17.0,0.3565,39.0,LongMidRange,2,61.0,OffShortMidRangeMake,IND,00:39,,-76,152,False,shots,4Q/OT | margin -3..3 | 300..120,team
wnba,wnba_shot_pace,shot_pace,shots,get-shots,2025,Regular Season,team,"{'EntityType': 'Team', 'Season': '2025', 'SeasonType': 'Regular Season', 'TeamId': '1611661325', 'EntityId': '1611661325'}",shot_pace,1611661325,4Q/OT | margin -3..3 | 300..120,get-shots__shots__entity_type-Team__season-2025__season_type-Regular_Season__team_id-1611661325__entity_id-1611661325__44fa9629,get-shots,https://api.pbpstats.com/get-shots/wnba?EntityType=Team&Season=2025&SeasonType=Regular+Season&TeamId=1611661325&EntityId=1611661325,200,65,Aerial Powers,1627672.0,True,,,,1611661322,72.0,564,2025-09-07,1022500273,1627672-1642788-1642815-203024-203035,True,WAS,1630134-1631083-1631141-1642802-1642810,,,,,,1611661325,4,Damiris Dantas,203024,35,01:20,203024,Damiris Dantas,1642802,Lucy Olsen,0,,0,,False,30,,24.9,0.384,72.0,Arc3,3,80.0,OffArc3Miss,IND,01:12,,-27,248,False,shots,4Q/OT | margin -3..3 | 300..120,team
wnba,wnba_shot_pace,shot_pace,shots,get-shots,2025,Regular Season,team,"{'EntityType': 'Team', 'Season': '2025', 'SeasonType': 'Regular Season', 'TeamId': '1611661325', 'EntityId': '1611661325'}",shot_pace,1611661325,4Q/OT | margin -3..3 | 300..120,get-shots__shots__entity_type-Team__season-2025__season_type-Regular_Season__team_id-1611661325__entity_id-1611661325__44fa9629,get-shots,https://api.pbpstats.com/get-shots/wnba?EntityType=Team&Season=2025&SeasonType=Regular+Season&TeamId=1611661325&EntityId=1611661325,200,66,,,,Sonia Citron,1642785.0,True,1611661322,117.0,576,2025-09-07,1022500273,1627672-1642788-1642815-203024-203035,False,WAS,1631083-1631141-1642785-1642802-1642810,,,,,,1611661325,4,Bree Hall,1642788,31,02:18,0,,0,,0,,0,,False,30,,6.9,0.324,118.0,ShortMidRange,2,138.0,OffDeadball,IND,01:58,,-21,66,False,shots,4Q/OT | margin -3..3 | 300..120,team
wnba,wnba_shot_pace,shot_pace,shots,get-shots,2025,Regular Season,team,"{'EntityType': 'Team', 'Season': '2025', 'SeasonType': 'Regular Season', 'TeamId': '1611661325', 'EntityId': '1611661325'}",shot_pace,1611661325,4Q/OT | margin -3..3 | 300..120,get-shots__shots__entity_type-Team__season-2025__season_type-Regular_Season__team_id-1611661325__entity_id-1611661325__44fa9629,get-shots,https://api.pbpstats.com/get-shots/wnba?EntityType=Team&Season=2025&SeasonType=Regular+Season&TeamId=1611661325&EntityId=1611661325,200,67,,,,Lucy Olsen,1642802.0,True,1611661322,145.0,543,2025-09-07,1022500273,1627672-1642788-1642815-203024-203035,False,WAS,1631083-1631141-1642785-1642802-1642810,,,,,,1611661325,4,Aerial Powers,1627672,29,02:44,0,,0,,0,,0,,False,30,,5.1,0.3642,149.0,ShortMidRange,2,164.0,OffDeadball,IND,02:29,,27,43,False,shots,4Q/OT | margin -3..3 | 300..120,team
wnba,wnba_shot_pace,shot_pace,shots,get-shots,2025,Regular Season,team,"{'EntityType': 'Team', 'Season': '2025', 'SeasonType': 'Regular Season', 'TeamId': '1611661325', 'EntityId': '1611661325'}",shot_pace,1611661325,4Q/OT | margin -3..3 | 300..120,get-shots__shots__entity_type-Team__season-2025__season_type-Regular_Season__team_id-1611661325__entity_id-1611661325__44fa9629,get-shots,https://api.pbpstats.com/get-shots/wnba?EntityType=Team&Season=2025&SeasonType=Regular+Season&TeamId=1611661325&EntityId=1611661325,200,68,Lexie Hull,1631086.0,True,,,,1611661322,213.0,528,2025-09-07,1022500273,1631086-1642788-1642815-203024-203035,True,WAS,1631083-1631141-1642785-1642792-1642802,,,,,,1611661325,4,Shey Peddy,203035,25,03:54,0,,1642785,Sonia Citron,0,,0,,False,27,,25.8,0.3119,213.0,Arc3,3,234.0,OffArc3Make,IND,03:33,,132,222,False,shots,4Q/OT | margin -3..3 | 300..120,team
wnba,wnba_shot_pace,shot_pace,shots,get-shots,2025,Regular Season,team,"{'EntityType': 'Team', 'Season': '2025', 'SeasonType': 'Regular Season', 'TeamId': '1611661325', 'EntityId': '1611661325'}",shot_pace,1611661325,4Q/OT | margin -3..3 | 300..120,get-shots__shots__entity_type-Team__season-2025__season_type-Regular_Season__team_id-1611661325__entity_id-1611661325__44fa9629,get-shots,https://api.pbpstats.com/get-shots/wnba?EntityType=Team&Season=2025&SeasonType=Regular+Season&TeamId=1611661325&EntityId=1611661325,200,69,,,,,,False,1611661322,238.0,524,2025-09-07,1022500273,1631086-1642788-1642815-203024-203035,False,WAS,1631083-1631141-1642785-1642792-1642802,,,,,,1611661325,4,Damiris Dantas,203024,23,04:24,1642788,Bree Hall,1631083,Emily Engstler,0,,0,,False,30,,10.0,0.271,241.0,ShortMidRange,2,264.0,OffLongMidRangeMiss,IND,04:01,,62,79,False,shots,4Q/OT | margin -3..3 | 300..120,team
wnba,wnba_shot_pace,shot_pace,shots,get-shots,2025,Regular Season,team,"{'EntityType': 'Team', 'Season': '2025', 'SeasonType': 'Regular Season', 'TeamId': '1611661325', 'EntityId': '1611661325'}",shot_pace,1611661325,4Q/OT | margin -3..3 | 300..120,get-shots__shots__entity_type-Team__season-2025__season_type-Regular_Season__team_id-1611661325__entity_id-1611661325__44fa9629,get-shots,https://api.pbpstats.com/get-shots/wnba?EntityType=Team&Season=2025&SeasonType=Regular+Season&TeamId=1611661325&EntityId=1611661325,200,70,,,False,,,,1611661322,290.0,519,2025-09-07,1022500273,1631086-1642788-1642815-203024-203035,True,WAS,1631083-1631141-1642785-1642792-1642802,,,,,,1611661325,4,Shey Peddy,203035,21,05:15,0,,0,,0,,0,,False,28,,5.1,0.3315,290.0,ShortMidRange,2,315.0,OffFTMake,IND,04:50,,28,43,False,shots,4Q/OT | margin -3..3 | 300..120,team
wnba,wnba_shot_pace,shot_pace,shots,get-shots,2025,Regular Season,team,"{'EntityType': 'Team', 'Season': '2025', 'SeasonType': 'Regular Season', 'TeamId': '1611661325', 'EntityId': '1611661325'}",shot_pace,1611661325,4Q/OT | margin -3..3 | 300..120,get-shots__shots__entity_type-Team__season-2025__season_type-Regular_Season__team_id-1611661325__entity_id-1611661325__44fa9629,get-shots,https://api.pbpstats.com/get-shots/wnba?EntityType=Team&Season=2025&SeasonType=Regular+Season&TeamId=1611661325&EntityId=1611661325,200,71,,,False,,,,1611661322,325.0,502,2025-09-07,1022500273,1627672-1631086-203024-203824-203827,True,WAS,1631022-1631141-1642792-1642802-202252,,,,,,1611661325,4,Natasha Howard,203827,19,05:29,0,,0,,203824,Odyssey Sims,1631141,Jade Melbourne,False,28,,5.2,0.5006,325.0,ShortMidRange,2,329.0,OffLiveBallTurnover,IND,05:25,,-39,34,False,shots,4Q/OT | margin -3..3 | 300..120,team
wnba,wnba_shot_pace,shot_pace,shots,get-shots,2025,Regular Season,team,"{'EntityType': 'Team', 'Season': '2025', 'SeasonType': 'Regular Season', 'TeamId': '1611661325', 'EntityId': '1611661325'}",shot_pace,1611661325,4Q/OT | margin -3..3 | 300..120,get-shots__shots__entity_type-Team__season-2025__season_type-Regular_Season__team_id-1611661325__entity_id-1611661325__44fa9629,get-shots,https://api.pbpstats.com/get-shots/wnba?EntityType=Team&Season=2025&SeasonType=Regular+Season&TeamId=1611661325&EntityId=1611661325,200,72,Odyssey Sims,203824.0,True,,,,1611661322,342.0,498,2025-09-07,1022500273,1627672-1631086-203024-203824-203827,True,WAS,1631022-1631141-1642792-1642802-202252,,,,,,1611661325,4,Damiris Dantas,203024,17,05:57,203827,Natasha Howard,1642792,Kiki Iriafen,0,,0,,False,25,,26.6,0.3446,342.0,Arc3,3,357.0,OffShortMidRangeMiss,IND,05:42,,-137,228,False,shots,4Q/OT | margin -3..3 | 300..120,team
wnba,wnba_shot_pace,shot_pace,shots,get-shots,2025,Regular Season,team,"{'EntityType': 'Team', 'Season': '2025', 'SeasonType': 'Regular Season', 'TeamId': '1611661325', 'EntityId': '1611661325'}",shot_pace,1611661325,4Q/OT | margin -3..3 | 300..120,get-shots__shots__entity_type-Team__season-2025__season_type-Regular_Season__team_id-1611661325__entity_id-1611661325__44fa9629,get-shots,https://api.pbpstats.com/get-shots/wnba?EntityType=Team&Season=2025&SeasonType=Regular+Season&TeamId=1611661325&EntityId=1611661325,200,73,Aliyah Boston,1641648.0,True,,,,1611661322,412.0,481,2025-09-07,1022500273,1627672-1631086-1641648-203824-203827,True,WAS,1631022-1631141-1642785-1642792-202252,,,,,,1611661325,4,Aerial Powers,1627672,13,07:03,1641648,Aliyah Boston,202252,Alysha Clark,0,,0,,False,21,,24.7,0.3548,412.0,Arc3,3,423.0,OffArc3Miss,IND,06:52,,-176,174,False,shots,4Q/OT | margin -3..3 | 300..120,team
wnba,wnba_shot_pace,shot_pace,shots,get-shots,2025,Regular Season,team,"{'EntityType': 'Team', 'Season': '2025', 'SeasonType': 'Regular Season', 'TeamId': '1611661325', 'EntityId': '1611661325'}",shot_pace,1611661325,4Q/OT | margin -3..3 | 300..120,get-shots__shots__entity_type-Team__season-2025__season_type-Regular_Season__team_id-1611661325__entity_id-1611661325__44fa9629,get-shots,https://api.pbpstats.com/get-shots/wnba?EntityType=Team&Season=2025&SeasonType=Regular+Season&TeamId=1611661325&EntityId=1611661325,200,74,Aliyah Boston,1641648.0,True,,,,1611661322,439.0,477,2025-09-07,1022500273,1627672-1631086-1641648-203824-203827,True,WAS,1631022-1631141-1642785-1642792-202252,,,,,,1611661325,4,Natasha Howard,203827,11,07:35,0,,0,,0,,0,,False,19,,3.0,0.5733,439.0,AtRim,2,455.0,OffDeadball,IND,07:19,,-11,28,False,shots,4Q/OT | margin -3..3 | 300..120,team
wnba,wnba_shot_pace,shot_pace,shots,get-shots,2025,Regular Season,team,"{'EntityType': 'Team', 'Season': '2025', 'SeasonType': 'Regular Season', 'TeamId': '1611661325', 'EntityId': '1611661325'}",shot_pace,1611661325,4Q/OT | margin -3..3 | 300..120,get-shots__shots__entity_type-Team__season-2025__season_type-Regular_Season__team_id-1611661325__entity_id-1611661325__44fa9629,get-shots,https://api.pbpstats.com/get-shots/wnba?EntityType=Team&Season=2025&SeasonType=Regular+Season&TeamId=1611661325&EntityId=1611661325,200,75,Odyssey Sims,203824.0,True,,,,1611661322,466.0,469,2025-09-07,1022500273,1627672-1631086-1641648-203824-203827,True,WAS,1630134-1631022-1642785-1642792-202252,,,,,,1611661325,4,Lexie Hull,1631086,9,08:02,0,,1631022,Shakira Austin,0,,0,,False,16,,24.8,0.3351,466.0,Arc3,3,482.0,OffShortMidRangeMake,IND,07:46,,-191,158,False,shots,4Q/OT | margin -3..3 | 300..120,team
wnba,wnba_shot_pace,shot_pace,shots,get-shots,2025,Regular Season,team,"{'EntityType': 'Team', 'Season': '2025', 'SeasonType': 'Regular Season', 'TeamId': '1611661325', 'EntityId': '1611661325'}",shot_pace,1611661325,4Q/OT | margin -3..3 | 300..120,get-shots__shots__entity_type-Team__season-2025__season_type-Regular_Season__team_id-1611661325__entity_id-1611661325__44fa9629,get-shots,https://api.pbpstats.com/get-shots/wnba?EntityType=Team&Season=2025&SeasonType=Regular+Season&TeamId=1611661325&EntityId=1611661325,200,76,Odyssey Sims,203824.0,True,,,,1611661322,493.0,466,2025-09-07,1022500273,1627672-1631086-1641648-203824-203827,True,WAS,1630134-1631022-1642785-1642792-202252,,,,,,1611661325,4,Natasha Howard,203827,7,08:24,0,,1630134,Sug Sutton,0,,0,,False,16,,4.0,0.5273,493.0,ShortMidRange,2,504.0,OffAtRimMake,IND,08:13,,-29,27,False,shots,4Q/OT | margin -3..3 | 300..120,team
wnba,wnba_shot_pace,shot_pace,shots,get-shots,2025,Regular Season,team,"{'EntityType': 'Team', 'Season': '2025', 'SeasonType': 'Regular Season', 'TeamId': '1611661325', 'EntityId': '1611661325'}",shot_pace,1611661325,4Q/OT | margin -3..3 | 300..120,get-shots__shots__entity_type-Team__season-2025__season_type-Regular_Season__team_id-1611661325__entity_id-1611661325__44fa9629,get-shots,https://api.pbpstats.com/get-shots/wnba?EntityType=Team&Season=2025&SeasonType=Regular+Season&TeamId=1611661325&EntityId=1611661325,200,77,,,False,,,,1611661322,519.0,464,2025-09-07,1022500273,1627672-1631086-1641648-203824-203827,True,WAS,1630134-1631022-1642785-1642792-202252,,,,,,1611661325,4,Odyssey Sims,203824,5,08:57,0,,0,,0,,0,,False,16,,5.6,0.3212,519.0,ShortMidRange,2,537.0,OffDeadball,IND,08:39,,-33,45,False,shots,4Q/OT | margin -3..3 | 300..120,team
wnba,wnba_shot_pace,shot_pace,shots,get-shots,2025,Regular Season,team,"{'EntityType': 'Team', 'Season': '2025', 'SeasonType': 'Regular Season', 'TeamId': '1611661325', 'EntityId': '1611661325'}",shot_pace,1611661325,4Q/OT | margin -3..3 | 300..120,get-shots__shots__entity_type-Team__season-2025__season_type-Regular_Season__team_id-1611661325__entity_id-1611661325__44fa9629,get-shots,https://api.pbpstats.com/get-shots/wnba?EntityType=Team&Season=2025&SeasonType=Regular+Season&TeamId=1611661325&EntityId=1611661325,200,78,Aliyah Boston,1641648.0,True,,,,1611661322,557.0,456,2025-09-07,1022500273,1627672-1641648-203035-203824-203827,True,WAS,1630134-1631022-1642785-1642792-202252,,,,,,1611661325,4,Aerial Powers,1627672,3,09:30,0,,1642792,Kiki Iriafen,0,,0,,False,13,,25.2,0.3296,557.0,Arc3,3,570.0,OffAtRimMake,IND,09:17,,-143,207,False,shots,4Q/OT | margin -3..3 | 300..120,team
wnba,wnba_shot_pace,shot_pace,shots,get-shots,2025,Regular Season,team,"{'EntityType': 'Team', 'Season': '2025', 'SeasonType': 'Regular Season', 'TeamId': '1611661325', 'EntityId': '1611661325'}",shot_pace,1611661325,4Q/OT | margin -3..3 | 300..120,get-shots__shots__entity_type-Team__season-2025__season_type-Regular_Season__team_id-1611661325__entity_id-1611661325__44fa9629,get-shots,https://api.pbpstats.com/get-shots/wnba?EntityType=Team&Season=2025&SeasonType=Regular+Season&TeamId=1611661325&EntityId=1611661325,200,79,,,,,,False,1611661322,577.0,452,2025-09-07,1022500273,1627672-1641648-203035-203824-203827,False,WAS,1630134-1631022-1642785-1642792-202252,,,,,,1611661325,4,Odyssey Sims,203824,1,10:00,0,,0,,0,,0,,False,15,,7.7,0.313,578.0,ShortMidRange,2,600.0,OffDeadball,IND,09:38,,-49,60,False,shots,4Q/OT | margin -3..3 | 300..120,team
wnba,wnba_shot_pace,shot_pace,shots,get-shots,2025,Regular Season,team,"{'EntityType': 'Team', 'Season': '2025', 'SeasonType': 'Regular Season', 'TeamId': '1611661325', 'EntityId': '1611661325'}",shot_pace,1611661325,4Q/OT | margin -3..3 | 300..120,get-shots__shots__entity_type-Team__season-2025__season_type-Regular_Season__team_id-1611661325__entity_id-1611661325__44fa9629,get-shots,https://api.pbpstats.com/get-shots/wnba?EntityType=Team&Season=2025&SeasonType=Regular+Season&TeamId=1611661325&EntityId=1611661325,200,80,,,,,,False,1611661322,5.0,439,2025-09-07,1022500273,1627672-1629488-1641648-203035-203824,False,WAS,1630134-1631022-1642785-202252-203828,,,,,,1611661325,3,Aliyah Boston,1641648,34,00:28,203824,Odyssey Sims,1642785,Sonia Citron,0,,0,,False,15,,8.7,0.2685,7.0,ShortMidRange,2,28.0,OffAtRimMiss,IND,00:07,,-71,51,False,shots,4Q/OT | margin -3..3 | 300..120,team
wnba,wnba_shot_pace,shot_pace,shots,get-shots,2025,Regular Season,team,"{'EntityType': 'Team', 'Season': '2025', 'SeasonType': 'Regular Season', 'TeamId': '1611661325', 'EntityId': '1611661325'}",shot_pace,1611661325,4Q/OT | margin -3..3 | 300..120,get-shots__shots__entity_type-Team__season-2025__season_type-Regular_Season__team_id-1611661325__entity_id-1611661325__44fa9629,get-shots,https://api.pbpstats.com/get-shots/wnba?EntityType=Team&Season=2025&SeasonType=Regular+Season&TeamId=1611661325&EntityId=1611661325,200,81,,,,,,False,1611661322,72.0,425,2025-09-07,1022500273,1627672-1629488-1641648-203035-203824,False,WAS,1631022-1642785-1642802-202252-203828,,,,,,1611661325,3,Aliyah Boston,1641648,30,01:36,0,,0,,0,,0,,False,15,,15.3,0.3474,75.0,LongMidRange,2,96.0,OffDeadball,IND,01:15,,145,49,False,shots,4Q/OT | margin -3..3 | 300..120,team
wnba,wnba_shot_pace,shot_pace,shots,get-shots,2025,Regular Season,team,"{'EntityType': 'Team', 'Season': '2025', 'SeasonType': 'Regular Season', 'TeamId': '1611661325', 'EntityId': '1611661325'}",shot_pace,1611661325,4Q/OT | margin -3..3 | 300..120,get-shots__shots__entity_type-Team__season-2025__season_type-Regular_Season__team_id-1611661325__entity_id-1611661325__44fa9629,get-shots,https://api.pbpstats.com/get-shots/wnba?EntityType=Team&Season=2025&SeasonType=Regular+Season&TeamId=1611661325&EntityId=1611661325,200,82,,,,,,False,1611661322,114.0,416,2025-09-07,1022500273,1627672-1628909-1629488-1641648-203035,False,WAS,1631022-1642785-1642802-202252-203828,,,,,,1611661325,3,Kelsey Mitchell,1628909,28,02:16,0,,0,,1628909,Kelsey Mitchell,1642785,Sonia Citron,False,13,,24.2,0.3546,124.0,Arc3,3,136.0,OffLiveBallTurnover,IND,02:04,,213,115,False,shots,4Q/OT | margin -3..3 | 300..120,team
wnba,wnba_shot_pace,shot_pace,shots,get-shots,2025,Regular Season,team,"{'EntityType': 'Team', 'Season': '2025', 'SeasonType': 'Regular Season', 'TeamId': '1611661325', 'EntityId': '1611661325'}",shot_pace,1611661325,4Q/OT | margin -3..3 | 300..120,get-shots__shots__entity_type-Team__season-2025__season_type-Regular_Season__team_id-1611661325__entity_id-1611661325__44fa9629,get-shots,https://api.pbpstats.com/get-shots/wnba?EntityType=Team&Season=2025&SeasonType=Regular+Season&TeamId=1611661325&EntityId=1611661325,200,83,,,False,,,,1611661322,194.0,389,2025-09-07,1022500273,1627672-1628909-1629488-1641648-203035,True,WAS,1630134-1631022-1631083-1631141-202252,,,,,,1611661325,3,Kelsey Mitchell,1628909,24,03:16,0,,0,,203035,Shey Peddy,1630134,Sug Sutton,False,10,,5.6,0.4674,194.0,ShortMidRange,2,196.0,OffLiveBallTurnover,IND,03:14,,-10,55,False,shots,4Q/OT | margin -3..3 | 300..120,team
wnba,wnba_shot_pace,shot_pace,shots,get-shots,2025,Regular Season,team,"{'EntityType': 'Team', 'Season': '2025', 'SeasonType': 'Regular Season', 'TeamId': '1611661325', 'EntityId': '1611661325'}",shot_pace,1611661325,4Q/OT | margin -3..3 | 300..120,get-shots__shots__entity_type-Team__season-2025__season_type-Regular_Season__team_id-1611661325__entity_id-1611661325__44fa9629,get-shots,https://api.pbpstats.com/get-shots/wnba?EntityType=Team&Season=2025&SeasonType=Regular+Season&TeamId=1611661325&EntityId=1611661325,200,84,Kelsey Mitchell,1628909.0,True,,,,1611661322,213.0,380,2025-09-07,1022500273,1627672-1628909-1629488-1641648-203035,True,WAS,1630134-1631083-1631141-1642792-202252,,,,,,1611661325,3,Aliyah Boston,1641648,22,04:01,0,,0,,0,,0,,False,8,,6.6,0.2768,213.0,ShortMidRange,2,241.0,OffDeadball,IND,03:33,,-63,19,False,shots,4Q/OT | margin -3..3 | 300..120,team
wnba,wnba_shot_pace,shot_pace,shots,get-shots,2025,Regular Season,team,"{'EntityType': 'Team', 'Season': '2025', 'SeasonType': 'Regular Season', 'TeamId': '1611661325', 'EntityId': '1611661325'}",shot_pace,1611661325,4Q/OT | margin -3..3 | 300..120,get-shots__shots__entity_type-Team__season-2025__season_type-Regular_Season__team_id-1611661325__entity_id-1611661325__44fa9629,get-shots,https://api.pbpstats.com/get-shots/wnba?EntityType=Team&Season=2025&SeasonType=Regular+Season&TeamId=1611661325&EntityId=1611661325,200,85,Aliyah Boston,1641648.0,True,,,,1611661322,251.0,369,2025-09-07,1022500273,1627672-1628909-1629488-1641648-203824,True,WAS,1630134-1631083-1631141-1642785-1642792,,,,,,1611661325,3,Brianna Turner,1629488,20,04:38,0,,1631141,Jade Melbourne,0,,0,,False,6,,6.3,0.3225,251.0,ShortMidRange,2,278.0,OffAtRimMake,IND,04:11,,32,54,False,shots,4Q/OT | margin -3..3 | 300..120,team
wnba,wnba_shot_pace,shot_pace,shots,get-shots,2025,Regular Season,team,"{'EntityType': 'Team', 'Season': '2025', 'SeasonType': 'Regular Season', 'TeamId': '1611661325', 'EntityId': '1611661325'}",shot_pace,1611661325,4Q/OT | margin -3..3 | 300..120,get-shots__shots__entity_type-Team__season-2025__season_type-Regular_Season__team_id-1611661325__entity_id-1611661325__44fa9629,get-shots,https://api.pbpstats.com/get-shots/wnba?EntityType=Team&Season=2025&SeasonType=Regular+Season&TeamId=1611661325&EntityId=1611661325,200,86,,,False,,,,1611661322,295.0,360,2025-09-07,1022500273,1627672-1628909-1641648-203824-203827,True,WAS,1630134-1631141-1642785-1642792-203828,,,,,,1611661325,3,Aerial Powers,1627672,18,04:58,0,,0,,1627672,Aerial Powers,1642785,Sonia Citron,False,6,,2.5,0.7502,295.0,AtRim,2,298.0,OffLiveBallTurnover,IND,04:55,,-5,25,False,shots,4Q/OT | margin -3..3 | 300..120,team
wnba,wnba_shot_pace,shot_pace,shots,get-shots,2025,Regular Season,team,"{'EntityType': 'Team', 'Season': '2025', 'SeasonType': 'Regular Season', 'TeamId': '1611661325', 'EntityId': '1611661325'}",shot_pace,1611661325,4Q/OT | margin -3..3 | 300..120,get-shots__shots__entity_type-Team__season-2025__season_type-Regular_Season__team_id-1611661325__entity_id-1611661325__44fa9629,get-shots,https://api.pbpstats.com/get-shots/wnba?EntityType=Team&Season=2025&SeasonType=Regular+Season&TeamId=1611661325&EntityId=1611661325,200,87,,,,,,False,1611661322,305.0,356,2025-09-07,1022500273,1627672-1628909-1641648-203824-203827,False,WAS,1630134-1631141-1642785-1642792-203828,,,,,,1611661325,3,Natasha Howard,203827,16,05:16,0,,0,,203827,Natasha Howard,1642792,Kiki Iriafen,False,6,,5.4,0.4687,308.0,ShortMidRange,2,316.0,OffLiveBallTurnover,IND,05:08,,2,54,False,shots,4Q/OT | margin -3..3 | 300..120,team
wnba,wnba_shot_pace,shot_pace,shots,get-shots,2025,Regular Season,team,"{'EntityType': 'Team', 'Season': '2025', 'SeasonType': 'Regular Season', 'TeamId': '1611661325', 'EntityId': '1611661325'}",shot_pace,1611661325,4Q/OT | margin -3..3 | 300..120,get-shots__shots__entity_type-Team__season-2025__season_type-Regular_Season__team_id-1611661325__entity_id-1611661325__44fa9629,get-shots,https://api.pbpstats.com/get-shots/wnba?EntityType=Team&Season=2025&SeasonType=Regular+Season&TeamId=1611661325&EntityId=1611661325,200,88,,,,,,False,1611661322,318.0,349,2025-09-07,1022500273,1627672-1628909-1641648-203824-203827,False,WAS,1630134-1631141-1642785-1642792-203828,,,,,,1611661325,3,Natasha Howard,203827,14,05:37,203827,Natasha Howard,1642792,Kiki Iriafen,0,,0,,False,6,,15.8,0.4315,324.0,LongMidRange,2,337.0,OffFTMiss,IND,05:24,,77,138,False,shots,4Q/OT | margin -3..3 | 300..120,team
wnba,wnba_shot_pace,shot_pace,shots,get-shots,2025,Regular Season,team,"{'EntityType': 'Team', 'Season': '2025', 'SeasonType': 'Regular Season', 'TeamId': '1611661325', 'EntityId': '1611661325'}",shot_pace,1611661325,4Q/OT | margin -3..3 | 300..120,get-shots__shots__entity_type-Team__season-2025__season_type-Regular_Season__team_id-1611661325__entity_id-1611661325__44fa9629,get-shots,https://api.pbpstats.com/get-shots/wnba?EntityType=Team&Season=2025&SeasonType=Regular+Season&TeamId=1611661325&EntityId=1611661325,200,89,,,False,,,,1611661322,376.0,332,2025-09-07,1022500273,1627672-1628909-1641648-203824-203827,True,WAS,1630134-1642785-1642792-202252-203828,,,,,,1611661325,3,Kelsey Mitchell,1628909,10,06:20,0,,0,,1628909,Kelsey Mitchell,1642785,Sonia Citron,False,9,,5.2,0.4593,376.0,ShortMidRange,2,380.0,OffLiveBallTurnover,IND,06:16,,33,40,False,shots,4Q/OT | margin -3..3 | 300..120,team
wnba,wnba_shot_pace,shot_pace,shots,get-shots,2025,Regular Season,team,"{'EntityType': 'Team', 'Season': '2025', 'SeasonType': 'Regular Season', 'TeamId': '1611661325', 'EntityId': '1611661325'}",shot_pace,1611661325,4Q/OT | margin -3..3 | 300..120,get-shots__shots__entity_type-Team__season-2025__season_type-Regular_Season__team_id-1611661325__entity_id-1611661325__44fa9629,get-shots,https://api.pbpstats.com/get-shots/wnba?EntityType=Team&Season=2025&SeasonType=Regular+Season&TeamId=1611661325&EntityId=1611661325,200,90,,,False,,,,1611661322,427.0,321,2025-09-07,1022500273,1627672-1628909-1641648-203824-203827,True,WAS,1630134-1631022-1642785-1642792-202252,Aliyah Boston,1641648.0,Kelsey Mitchell,1628909.0,LongMidRange,1611661325,3,Aliyah Boston,1641648,8,07:28,0,,1631022,Shakira Austin,0,,0,,False,7,4.0,6.4,0.393,427.0,ShortMidRange,2,448.0,OffAtRimMake,IND,07:07,,34,54,False,shots,4Q/OT | margin -3..3 | 300..120,team
wnba,wnba_shot_pace,shot_pace,shots,get-shots,2025,Regular Season,team,"{'EntityType': 'Team', 'Season': '2025', 'SeasonType': 'Regular Season', 'TeamId': '1611661325', 'EntityId': '1611661325'}",shot_pace,1611661325,4Q/OT | margin -3..3 | 300..120,get-shots__shots__entity_type-Team__season-2025__season_type-Regular_Season__team_id-1611661325__entity_id-1611661325__44fa9629,get-shots,https://api.pbpstats.com/get-shots/wnba?EntityType=Team&Season=2025&SeasonType=Regular+Season&TeamId=1611661325&EntityId=1611661325,200,91,,,,,,False,1611661322,427.0,319,2025-09-07,1022500273,1627672-1628909-1641648-203824-203827,False,WAS,1630134-1631022-1642785-1642792-202252,,,,,,1611661325,3,Kelsey Mitchell,1628909,8,07:28,0,,1631022,Shakira Austin,0,,0,,False,7,,18.1,0.4239,434.0,LongMidRange,2,448.0,OffAtRimMake,IND,07:14,,77,164,False,shots,4Q/OT | margin -3..3 | 300..120,team
wnba,wnba_shot_pace,shot_pace,shots,get-shots,2025,Regular Season,team,"{'EntityType': 'Team', 'Season': '2025', 'SeasonType': 'Regular Season', 'TeamId': '1611661325', 'EntityId': '1611661325'}",shot_pace,1611661325,4Q/OT | margin -3..3 | 300..120,get-shots__shots__entity_type-Team__season-2025__season_type-Regular_Season__team_id-1611661325__entity_id-1611661325__44fa9629,get-shots,https://api.pbpstats.com/get-shots/wnba?EntityType=Team&Season=2025&SeasonType=Regular+Season&TeamId=1611661325&EntityId=1611661325,200,92,,,,,,False,1611661322,480.0,310,2025-09-07,1022500273,1628909-1631086-1641648-203824-203827,False,WAS,1630134-1631022-1642785-1642792-202252,,,,,,1611661325,3,Natasha Howard,203827,6,08:18,0,,0,,0,,0,,False,9,,24.2,0.3396,484.0,Corner3,3,498.0,OffDeadball,IND,08:04,,-230,74,False,shots,4Q/OT | margin -3..3 | 300..120,team
wnba,wnba_shot_pace,shot_pace,shots,get-shots,2025,Regular Season,team,"{'EntityType': 'Team', 'Season': '2025', 'SeasonType': 'Regular Season', 'TeamId': '1611661325', 'EntityId': '1611661325'}",shot_pace,1611661325,4Q/OT | margin -3..3 | 300..120,get-shots__shots__entity_type-Team__season-2025__season_type-Regular_Season__team_id-1611661325__entity_id-1611661325__44fa9629,get-shots,https://api.pbpstats.com/get-shots/wnba?EntityType=Team&Season=2025&SeasonType=Regular+Season&TeamId=1611661325&EntityId=1611661325,200,93,Odyssey Sims,203824.0,True,,,,1611661322,529.0,304,2025-09-07,1022500273,1628909-1631086-1641648-203824-203827,True,WAS,1630134-1631022-1642785-1642792-202252,,,,,,1611661325,3,Kelsey Mitchell,1628909,4,08:56,1641648,Aliyah Boston,1631022,Shakira Austin,0,,0,,False,7,,15.8,0.4138,529.0,LongMidRange,2,536.0,OffAtRimMiss,IND,08:49,,-140,73,False,shots,4Q/OT | margin -3..3 | 300..120,team
wnba,wnba_shot_pace,shot_pace,shots,get-shots,2025,Regular Season,team,"{'EntityType': 'Team', 'Season': '2025', 'SeasonType': 'Regular Season', 'TeamId': '1611661325', 'EntityId': '1611661325'}",shot_pace,1611661325,4Q/OT | margin -3..3 | 300..120,get-shots__shots__entity_type-Team__season-2025__season_type-Regular_Season__team_id-1611661325__entity_id-1611661325__44fa9629,get-shots,https://api.pbpstats.com/get-shots/wnba?EntityType=Team&Season=2025&SeasonType=Regular+Season&TeamId=1611661325&EntityId=1611661325,200,94,,,,,,False,1611661322,561.0,299,2025-09-07,1022500273,1628909-1631086-1641648-203824-203827,False,WAS,1630134-1631022-1642785-1642792-202252,,,,,,1611661325,3,Lexie Hull,1631086,2,09:36,0,,0,,0,,0,,False,7,,24.1,0.3304,562.0,Arc3,3,576.0,OffDeadball,IND,09:22,,81,227,False,shots,4Q/OT | margin -3..3 | 300..120,team
wnba,wnba_shot_pace,shot_pace,shots,get-shots,2025,Regular Season,team,"{'EntityType': 'Team', 'Season': '2025', 'SeasonType': 'Regular Season', 'TeamId': '1611661325', 'EntityId': '1611661325'}",shot_pace,1611661325,4Q/OT | margin -3..3 | 300..120,get-shots__shots__entity_type-Team__season-2025__season_type-Regular_Season__team_id-1611661325__entity_id-1611661325__44fa9629,get-shots,https://api.pbpstats.com/get-shots/wnba?EntityType=Team&Season=2025&SeasonType=Regular+Season&TeamId=1611661325&EntityId=1611661325,200,95,,,False,,,,1611661322,61.0,273,2025-09-07,1022500273,1627672-1628909-1641648-203035-203827,True,WAS,1630134-1631022-1642785-202252-203828,,,,,,1611661325,2,Shey Peddy,203035,34,01:19,0,,1630134,Sug Sutton,0,,0,,False,3,,20.0,0.2974,61.0,LongMidRange,2,79.0,OffShortMidRangeMake,IND,01:01,,120,160,False,shots,4Q/OT | margin -3..3 | 300..120,team
wnba,wnba_shot_pace,shot_pace,shots,get-shots,2025,Regular Season,team,"{'EntityType': 'Team', 'Season': '2025', 'SeasonType': 'Regular Season', 'TeamId': '1611661325', 'EntityId': '1611661325'}",shot_pace,1611661325,4Q/OT | margin -3..3 | 300..120,get-shots__shots__entity_type-Team__season-2025__season_type-Regular_Season__team_id-1611661325__entity_id-1611661325__44fa9629,get-shots,https://api.pbpstats.com/get-shots/wnba?EntityType=Team&Season=2025&SeasonType=Regular+Season&TeamId=1611661325&EntityId=1611661325,200,96,,,,Shakira Austin,1631022.0,True,1611661322,92.0,263,2025-09-07,1022500273,1627672-1641648-203035-203824-203827,False,WAS,1631022-1631141-1642785-202252-203828,,,,,,1611661325,2,Odyssey Sims,203824,32,01:47,1627672,Aerial Powers,203828,Stefanie Dolson,0,,0,,False,5,,4.5,0.409,92.0,ShortMidRange,2,107.0,OffArc3Miss,IND,01:32,,-30,34,False,shots,4Q/OT | margin -3..3 | 300..120,team
wnba,wnba_shot_pace,shot_pace,shots,get-shots,2025,Regular Season,team,"{'EntityType': 'Team', 'Season': '2025', 'SeasonType': 'Regular Season', 'TeamId': '1611661325', 'EntityId': '1611661325'}",shot_pace,1611661325,4Q/OT | margin -3..3 | 300..120,get-shots__shots__entity_type-Team__season-2025__season_type-Regular_Season__team_id-1611661325__entity_id-1611661325__44fa9629,get-shots,https://api.pbpstats.com/get-shots/wnba?EntityType=Team&Season=2025&SeasonType=Regular+Season&TeamId=1611661325&EntityId=1611661325,200,97,,,,,,False,1611661322,116.0,259,2025-09-07,1022500273,1627672-1641648-203035-203824-203827,False,WAS,1631022-1631141-1642785-202252-203828,,,,,,1611661325,2,Aerial Powers,1627672,30,02:07,203035,Shey Peddy,1631141,Jade Melbourne,0,,0,,False,5,,24.8,0.3856,119.0,Arc3,3,127.0,OffShortMidRangeMiss,IND,01:59,,150,197,False,shots,4Q/OT | margin -3..3 | 300..120,team
wnba,wnba_shot_pace,shot_pace,shots,get-shots,2025,Regular Season,team,"{'EntityType': 'Team', 'Season': '2025', 'SeasonType': 'Regular Season', 'TeamId': '1611661325', 'EntityId': '1611661325'}",shot_pace,1611661325,4Q/OT | margin -3..3 | 300..120,get-shots__shots__entity_type-Team__season-2025__season_type-Regular_Season__team_id-1611661325__entity_id-1611661325__44fa9629,get-shots,https://api.pbpstats.com/get-shots/wnba?EntityType=Team&Season=2025&SeasonType=Regular+Season&TeamId=1611661325&EntityId=1611661325,200,98,Odyssey Sims,203824.0,True,,,,1611661322,140.0,255,2025-09-07,1022500273,1627672-1641648-203035-203824-203827,True,WAS,1631022-1631141-1642785-202252-203828,,,,,,1611661325,2,Aliyah Boston,1641648,28,02:29,0,,1631022,Shakira Austin,0,,0,,False,3,,2.8,0.6121,140.0,AtRim,2,149.0,OffShortMidRangeMake,IND,02:20,,-19,20,False,shots,4Q/OT | margin -3..3 | 300..120,team
wnba,wnba_shot_pace,shot_pace,shots,get-shots,2025,Regular Season,team,"{'EntityType': 'Team', 'Season': '2025', 'SeasonType': 'Regular Season', 'TeamId': '1611661325', 'EntityId': '1611661325'}",shot_pace,1611661325,4Q/OT | margin -3..3 | 300..120,get-shots__shots__entity_type-Team__season-2025__season_type-Regular_Season__team_id-1611661325__entity_id-1611661325__44fa9629,get-shots,https://api.pbpstats.com/get-shots/wnba?EntityType=Team&Season=2025&SeasonType=Regular+Season&TeamId=1611661325&EntityId=1611661325,200,99,,,False,,,,1611661322,161.0,252,2025-09-07,1022500273,1627672-1641648-203035-203824-203827,True,WAS,1631022-1631141-1642785-202252-203828,,,,,,1611661325,2,Odyssey Sims,203824,26,02:49,1627672,Aerial Powers,202252,Alysha Clark,0,,0,,False,3,,3.0,0.6114,161.0,AtRim,2,169.0,OffArc3Miss,IND,02:41,,20,22,False,shots,4Q/OT | margin -3..3 | 300..120,team
wnba,wnba_shot_pace,shot_pace,shots,get-shots,2025,Regular Season,team,"{'EntityType': 'Team', 'Season': '2025', 'SeasonType': 'Regular Season', 'TeamId': '1611661325', 'EntityId': '1611661325'}",shot_pace,1611661325,4Q/OT | margin -3..3 | 300..120,get-shots__shots__entity_type-Team__season-2025__season_type-Regular_Season__team_id-1611661325__entity_id-1611661325__44fa9629,get-shots,https://api.pbpstats.com/get-shots/wnba?EntityType=Team&Season=2025&SeasonType=Regular+Season&TeamId=1611661325&EntityId=1611661325,200,100,Natasha Howard,203827.0,True,,,,1611661322,201.0,241,2025-09-07,1022500273,1631086-1641648-203035-203824-203827,True,WAS,1631022-1631141-1642785-202252-203828,,,,,,1611661325,2,Shey Peddy,203035,24,03:47,0,,0,,1631086,Lexie Hull,1642792,Kiki Iriafen,False,0,,24.1,0.3337,201.0,Arc3,3,227.0,OffLiveBallTurnover,IND,03:21,,-191,147,False,shots,4Q/OT | margin -3..3 | 300..120,team
wnba,wnba_shot_pace,shot_pace,shots,get-shots,2025,Regular Season,team,"{'EntityType': 'Team', 'Season': '2025', 'SeasonType': 'Regular Season', 'TeamId': '1611661325', 'EntityId': '1611661325'}",shot_pace,1611661325,4Q/OT | margin -3..3 | 300..120,get-shots__shots__entity_type-Team__season-2025__season_type-Regular_Season__team_id-1611661325__entity_id-1611661325__44fa9629,get-shots,https://api.pbpstats.com/get-shots/wnba?EntityType=Team&Season=2025&SeasonType=Regular+Season&TeamId=1611661325&EntityId=1611661325,200,101,Odyssey Sims,203824.0,True,,,,1611661322,248.0,231,2025-09-07,1022500273,1631086-1641648-203035-203824-203827,True,WAS,1631141-1642785-1642792-202252-203828,,,,,,1611661325,2,Natasha Howard,203827,22,04:16,0,,1642785,Sonia Citron,0,,0,,False,-2,,4.7,0.4405,248.0,ShortMidRange,2,256.0,OffAtRimMake,IND,04:08,,44,17,False,shots,4Q/OT | margin -3..3 | 300..120,team
wnba,wnba_shot_pace,shot_pace,shots,get-shots,2025,Regular Season,team,"{'EntityType': 'Team', 'Season': '2025', 'SeasonType': 'Regular Season', 'TeamId': '1611661325', 'EntityId': '1611661325'}",shot_pace,1611661325,4Q/OT | margin -3..3 | 300..120,get-shots__shots__entity_type-Team__season-2025__season_type-Regular_Season__team_id-1611661325__entity_id-1611661325__44fa9629,get-shots,https://api.pbpstats.com/get-shots/wnba?EntityType=Team&Season=2025&SeasonType=Regular+Season&TeamId=1611661325&EntityId=1611661325,200,102,Odyssey Sims,203824.0,True,,,,1611661322,291.0,223,2025-09-07,1022500273,1631086-1641648-203035-203824-203827,True,WAS,1631141-1642785-1642792-202252-203828,,,,,,1611661325,2,Shey Peddy,203035,18,05:08,1641648,Aliyah Boston,203828,Stefanie Dolson,0,,0,,False,0,,22.3,0.3637,291.0,Corner3,3,308.0,OffArc3Miss,IND,04:51,,-223,1,False,shots,4Q/OT | margin -3..3 | 300..120,team
wnba,wnba_shot_pace,shot_pace,shots,get-shots,2025,Regular Season,team,"{'EntityType': 'Team', 'Season': '2025', 'SeasonType': 'Regular Season', 'TeamId': '1611661325', 'EntityId': '1611661325'}",shot_pace,1611661325,4Q/OT | margin -3..3 | 300..120,get-shots__shots__entity_type-Team__season-2025__season_type-Regular_Season__team_id-1611661325__entity_id-1611661325__44fa9629,get-shots,https://api.pbpstats.com/get-shots/wnba?EntityType=Team&Season=2025&SeasonType=Regular+Season&TeamId=1611661325&EntityId=1611661325,200,103,,,,,,False,1611661322,334.0,211,2025-09-07,1022500273,1628909-1631086-1641648-203824-203827,False,WAS,1630134-1631141-1642785-1642792-203828,,,,,,1611661325,2,Lexie Hull,1631086,16,05:45,0,,1642785,Sonia Citron,0,,0,,False,0,,22.1,0.3998,336.0,Corner3,3,345.0,OffAtRimMake,IND,05:36,,-219,27,False,shots,4Q/OT | margin -3..3 | 300..120,team
wnba,wnba_shot_pace,shot_pace,shots,get-shots,2025,Regular Season,team,"{'EntityType': 'Team', 'Season': '2025', 'SeasonType': 'Regular Season', 'TeamId': '1611661325', 'EntityId': '1611661325'}",shot_pace,1611661325,4Q/OT | margin -3..3 | 300..120,get-shots__shots__entity_type-Team__season-2025__season_type-Regular_Season__team_id-1611661325__entity_id-1611661325__44fa9629,get-shots,https://api.pbpstats.com/get-shots/wnba?EntityType=Team&Season=2025&SeasonType=Regular+Season&TeamId=1611661325&EntityId=1611661325,200,104,Aliyah Boston,1641648.0,True,,,,1611661322,367.0,208,2025-09-07,1022500273,1628909-1631086-1641648-203824-203827,True,WAS,1630134-1631141-1642785-1642792-203828,,,,,,1611661325,2,Lexie Hull,1631086,14,06:19,0,,0,,0,,0,,False,0,,17.3,0.3764,367.0,LongMidRange,2,379.0,OffDeadball,IND,06:07,,-34,170,False,shots,4Q/OT | margin -3..3 | 300..120,team
wnba,wnba_shot_pace,shot_pace,shots,get-shots,2025,Regular Season,team,"{'EntityType': 'Team', 'Season': '2025', 'SeasonType': 'Regular Season', 'TeamId': '1611661325', 'EntityId': '1611661325'}",shot_pace,1611661325,4Q/OT | margin -3..3 | 300..120,get-shots__shots__entity_type-Team__season-2025__season_type-Regular_Season__team_id-1611661325__entity_id-1611661325__44fa9629,get-shots,https://api.pbpstats.com/get-shots/wnba?EntityType=Team&Season=2025&SeasonType=Regular+Season&TeamId=1611661325&EntityId=1611661325,200,105,,,,,,False,1611661322,394.0,202,2025-09-07,1022500273,1628909-1631086-1641648-203824-203827,False,WAS,1630134-1631141-1642785-1642792-203828,,,,,,1611661325,2,Aliyah Boston,1641648,12,07:01,1627672,Aerial Powers,1631083,Emily Engstler,0,,0,,False,0,,5.9,0.2925,396.0,ShortMidRange,2,421.0,OffArc3Miss,IND,06:36,,57,17,False,shots,4Q/OT | margin -3..3 | 300..120,team
wnba,wnba_shot_pace,shot_pace,shots,get-shots,2025,Regular Season,team,"{'EntityType': 'Team', 'Season': '2025', 'SeasonType': 'Regular Season', 'TeamId': '1611661325', 'EntityId': '1611661325'}",shot_pace,1611661325,4Q/OT | margin -3..3 | 300..120,get-shots__shots__entity_type-Team__season-2025__season_type-Regular_Season__team_id-1611661325__entity_id-1611661325__44fa9629,get-shots,https://api.pbpstats.com/get-shots/wnba?EntityType=Team&Season=2025&SeasonType=Regular+Season&TeamId=1611661325&EntityId=1611661325,200,106,,,False,,,,1611661322,434.0,180,2025-09-07,1022500273,1627672-1628909-1641648-203024-203035,True,WAS,1630134-1631022-1631083-1642802-202252,Aliyah Boston,1641648.0,Aerial Powers,1627672.0,LongMidRange,1611661325,2,Aerial Powers,1627672,10,07:38,0,,1642802,Lucy Olsen,0,,0,,False,-3,8.0,4.6,0.3682,434.0,ShortMidRange,2,458.0,OffShortMidRangeMake,IND,07:14,,23,40,False,shots,4Q/OT | margin -3..3 | 300..120,team
wnba,wnba_shot_pace,shot_pace,shots,get-shots,2025,Regular Season,team,"{'EntityType': 'Team', 'Season': '2025', 'SeasonType': 'Regular Season', 'TeamId': '1611661325', 'EntityId': '1611661325'}",shot_pace,1611661325,4Q/OT | margin -3..3 | 300..120,get-shots__shots__entity_type-Team__season-2025__season_type-Regular_Season__team_id-1611661325__entity_id-1611661325__44fa9629,get-shots,https://api.pbpstats.com/get-shots/wnba?EntityType=Team&Season=2025&SeasonType=Regular+Season&TeamId=1611661325&EntityId=1611661325,200,107,,,,,,False,1611661322,434.0,178,2025-09-07,1022500273,1627672-1628909-1641648-203024-203035,False,WAS,1630134-1631022-1631083-1642802-202252,,,,,,1611661325,2,Aerial Powers,1627672,10,07:38,0,,1642802,Lucy Olsen,0,,0,,False,-3,,14.9,0.3872,444.0,LongMidRange,2,458.0,OffShortMidRangeMake,IND,07:24,,-130,72,False,shots,4Q/OT | margin -3..3 | 300..120,team
wnba,wnba_shot_pace,shot_pace,shots,get-shots,2025,Regular Season,team,"{'EntityType': 'Team', 'Season': '2025', 'SeasonType': 'Regular Season', 'TeamId': '1611661325', 'EntityId': '1611661325'}",shot_pace,1611661325,4Q/OT | margin -3..3 | 300..120,get-shots__shots__entity_type-Team__season-2025__season_type-Regular_Season__team_id-1611661325__entity_id-1611661325__44fa9629,get-shots,https://api.pbpstats.com/get-shots/wnba?EntityType=Team&Season=2025&SeasonType=Regular+Season&TeamId=1611661325&EntityId=1611661325,200,108,Aerial Powers,1627672.0,True,,,,1611661322,477.0,175,2025-09-07,1022500273,1627672-1628909-1641648-203024-203035,True,WAS,1630134-1631022-1631083-1642802-202252,,,,,,1611661325,2,Damiris Dantas,203024,8,08:04,1627672,Aerial Powers,1630134,Sug Sutton,0,,0,,False,-4,,23.5,0.3698,477.0,Arc3,3,484.0,OffLongMidRangeMiss,IND,07:57,,38,232,False,shots,4Q/OT | margin -3..3 | 300..120,team
wnba,wnba_shot_pace,shot_pace,shots,get-shots,2025,Regular Season,team,"{'EntityType': 'Team', 'Season': '2025', 'SeasonType': 'Regular Season', 'TeamId': '1611661325', 'EntityId': '1611661325'}",shot_pace,1611661325,4Q/OT | margin -3..3 | 300..120,get-shots__shots__entity_type-Team__season-2025__season_type-Regular_Season__team_id-1611661325__entity_id-1611661325__44fa9629,get-shots,https://api.pbpstats.com/get-shots/wnba?EntityType=Team&Season=2025&SeasonType=Regular+Season&TeamId=1611661325&EntityId=1611661325,200,109,,,,,,False,1611661322,497.0,171,2025-09-07,1022500273,1627672-1628909-1641648-203024-203035,False,WAS,1630134-1631022-1631083-1642802-202252,,,,,,1611661325,2,Damiris Dantas,203024,6,08:29,1641648,Aliyah Boston,1631022,Shakira Austin,0,,0,,False,-4,,24.2,0.377,499.0,Arc3,3,509.0,OffShortMidRangeMiss,IND,08:19,,165,177,False,shots,4Q/OT | margin -3..3 | 300..120,team
wnba,wnba_shot_pace,shot_pace,shots,get-shots,2025,Regular Season,team,"{'EntityType': 'Team', 'Season': '2025', 'SeasonType': 'Regular Season', 'TeamId': '1611661325', 'EntityId': '1611661325'}",shot_pace,1611661325,4Q/OT | margin -3..3 | 300..120,get-shots__shots__entity_type-Team__season-2025__season_type-Regular_Season__team_id-1611661325__entity_id-1611661325__44fa9629,get-shots,https://api.pbpstats.com/get-shots/wnba?EntityType=Team&Season=2025&SeasonType=Regular+Season&TeamId=1611661325&EntityId=1611661325,200,110,,,False,,,,1611661322,529.0,166,2025-09-07,1022500273,1627672-1628909-1641648-203024-203035,True,WAS,1630134-1631022-1631083-1642802-202252,Aliyah Boston,1641648.0,Aliyah Boston,1641648.0,ShortMidRange,1611661325,2,Aliyah Boston,1641648,4,09:10,0,,202252,Alysha Clark,0,,0,,True,-6,0.0,4.7,0.365,529.0,ShortMidRange,2,550.0,OffShortMidRangeMake,IND,08:49,,39,26,False,shots,4Q/OT | margin -3..3 | 300..120,team
wnba,wnba_shot_pace,shot_pace,shots,get-shots,2025,Regular Season,team,"{'EntityType': 'Team', 'Season': '2025', 'SeasonType': 'Regular Season', 'TeamId': '1611661325', 'EntityId': '1611661325'}",shot_pace,1611661325,4Q/OT | margin -3..3 | 300..120,get-shots__shots__entity_type-Team__season-2025__season_type-Regular_Season__team_id-1611661325__entity_id-1611661325__44fa9629,get-shots,https://api.pbpstats.com/get-shots/wnba?EntityType=Team&Season=2025&SeasonType=Regular+Season&TeamId=1611661325&EntityId=1611661325,200,111,,,,,,False,1611661322,529.0,164,2025-09-07,1022500273,1627672-1628909-1641648-203024-203035,False,WAS,1630134-1631022-1631083-1642802-202252,,,,,,1611661325,2,Aliyah Boston,1641648,4,09:10,0,,202252,Alysha Clark,0,,0,,False,-6,,5.0,0.3883,532.0,ShortMidRange,2,550.0,OffShortMidRangeMake,IND,08:52,,45,22,False,shots,4Q/OT | margin -3..3 | 300..120,team
wnba,wnba_shot_pace,shot_pace,shots,get-shots,2025,Regular Season,team,"{'EntityType': 'Team', 'Season': '2025', 'SeasonType': 'Regular Season', 'TeamId': '1611661325', 'EntityId': '1611661325'}",shot_pace,1611661325,4Q/OT | margin -3..3 | 300..120,get-shots__shots__entity_type-Team__season-2025__season_type-Regular_Season__team_id-1611661325__entity_id-1611661325__44fa9629,get-shots,https://api.pbpstats.com/get-shots/wnba?EntityType=Team&Season=2025&SeasonType=Regular+Season&TeamId=1611661325&EntityId=1611661325,200,112,,,,,,False,1611661322,563.0,160,2025-09-07,1022500273,1627672-1628909-1641648-203024-203035,False,WAS,1630134-1631022-1631083-1642802-202252,,,,,,1611661325,2,Kelsey Mitchell,1628909,2,09:39,0,,0,,0,,0,,False,-4,,23.6,0.3427,565.0,Corner3,3,579.0,OffFTMake,IND,09:25,,227,65,False,shots,4Q/OT | margin -3..3 | 300..120,team
wnba,wnba_shot_pace,shot_pace,shots,get-shots,2025,Regular Season,team,"{'EntityType': 'Team', 'Season': '2025', 'SeasonType': 'Regular Season', 'TeamId': '1611661325', 'EntityId': '1611661325'}",shot_pace,1611661325,4Q/OT | margin -3..3 | 300..120,get-shots__shots__entity_type-Team__season-2025__season_type-Regular_Season__team_id-1611661325__entity_id-1611661325__44fa9629,get-shots,https://api.pbpstats.com/get-shots/wnba?EntityType=Team&Season=2025&SeasonType=Regular+Season&TeamId=1611661325&EntityId=1611661325,200,113,,,,,,False,1611661322,31.0,140,2025-09-07,1022500273,1627672-1628909-1629488-203024-203035,False,WAS,1630134-1631022-1631083-1631141-1642785,,,,,,1611661325,1,Kelsey Mitchell,1628909,37,00:45,0,,1642785,Sonia Citron,0,,0,,False,-1,,25.4,0.3355,35.0,Arc3,3,45.0,OffAtRimMake,IND,00:35,,-169,189,False,shots,4Q/OT | margin -3..3 | 300..120,team
wnba,wnba_shot_pace,shot_pace,shots,get-shots,2025,Regular Season,team,"{'EntityType': 'Team', 'Season': '2025', 'SeasonType': 'Regular Season', 'TeamId': '1611661325', 'EntityId': '1611661325'}",shot_pace,1611661325,4Q/OT | margin -3..3 | 300..120,get-shots__shots__entity_type-Team__season-2025__season_type-Regular_Season__team_id-1611661325__entity_id-1611661325__44fa9629,get-shots,https://api.pbpstats.com/get-shots/wnba?EntityType=Team&Season=2025&SeasonType=Regular+Season&TeamId=1611661325&EntityId=1611661325,200,114,,,,,,False,1611661322,50.0,133,2025-09-07,1022500273,1627672-1628909-1629488-203024-203035,False,WAS,1630134-1631022-1631083-1631141-1642785,Brianna Turner,1629488.0,Brianna Turner,1629488.0,ShortMidRangeBlocked,1611661325,1,Brianna Turner,1629488,35,01:09,0,,0,,0,,0,,True,1,0.0,3.4,0.6209,58.0,AtRim,2,69.0,OffFTMake,IND,00:58,,31,15,False,shots,4Q/OT | margin -3..3 | 300..120,team
wnba,wnba_shot_pace,shot_pace,shots,get-shots,2025,Regular Season,team,"{'EntityType': 'Team', 'Season': '2025', 'SeasonType': 'Regular Season', 'TeamId': '1611661325', 'EntityId': '1611661325'}",shot_pace,1611661325,4Q/OT | margin -3..3 | 300..120,get-shots__shots__entity_type-Team__season-2025__season_type-Regular_Season__team_id-1611661325__entity_id-1611661325__44fa9629,get-shots,https://api.pbpstats.com/get-shots/wnba?EntityType=Team&Season=2025&SeasonType=Regular+Season&TeamId=1611661325&EntityId=1611661325,200,115,,,,Emily Engstler,1631083.0,True,1611661322,50.0,130,2025-09-07,1022500273,1627672-1628909-1629488-203024-203035,False,WAS,1630134-1631022-1631083-1631141-1642785,,,,,,1611661325,1,Brianna Turner,1629488,35,01:09,0,,0,,0,,0,,False,1,,6.1,0.3057,60.0,ShortMidRange,2,69.0,OffFTMake,IND,01:00,,37,48,False,shots,4Q/OT | margin -3..3 | 300..120,team
wnba,wnba_shot_pace,shot_pace,shots,get-shots,2025,Regular Season,team,"{'EntityType': 'Team', 'Season': '2025', 'SeasonType': 'Regular Season', 'TeamId': '1611661325', 'EntityId': '1611661325'}",shot_pace,1611661325,4Q/OT | margin -3..3 | 300..120,get-shots__shots__entity_type-Team__season-2025__season_type-Regular_Season__team_id-1611661325__entity_id-1611661325__44fa9629,get-shots,https://api.pbpstats.com/get-shots/wnba?EntityType=Team&Season=2025&SeasonType=Regular+Season&TeamId=1611661325&EntityId=1611661325,200,116,,,,Shakira Austin,1631022.0,True,1611661322,69.0,123,2025-09-07,1022500273,1627672-1628909-1629488-203024-203035,False,WAS,1630134-1631022-1631083-1631141-1642785,,,,,,1611661325,1,Aerial Powers,1627672,33,01:44,0,,0,,0,,0,,False,3,,6.3,0.3253,70.0,ShortMidRange,2,104.0,OffFTMake,IND,01:10,,24,58,False,shots,4Q/OT | margin -3..3 | 300..120,team
wnba,wnba_shot_pace,shot_pace,shots,get-shots,2025,Regular Season,team,"{'EntityType': 'Team', 'Season': '2025', 'SeasonType': 'Regular Season', 'TeamId': '1611661325', 'EntityId': '1611661325'}",shot_pace,1611661325,4Q/OT | margin -3..3 | 300..120,get-shots__shots__entity_type-Team__season-2025__season_type-Regular_Season__team_id-1611661325__entity_id-1611661325__44fa9629,get-shots,https://api.pbpstats.com/get-shots/wnba?EntityType=Team&Season=2025&SeasonType=Regular+Season&TeamId=1611661325&EntityId=1611661325,200,117,,,False,,,,1611661322,125.0,110,2025-09-07,1022500273,1627672-1628909-1629488-1631086-1641648,True,WAS,1631022-1631083-1631141-1642785-1642802,,,,,,1611661325,1,Aerial Powers,1627672,31,02:09,1641648,Aliyah Boston,1631022,Shakira Austin,0,,0,,False,3,,13.6,0.4476,125.0,ShortMidRange,2,129.0,OffShortMidRangeMiss,IND,02:05,,-44,129,False,shots,4Q/OT | margin -3..3 | 300..120,team
wnba,wnba_shot_pace,shot_pace,shots,get-shots,2025,Regular Season,team,"{'EntityType': 'Team', 'Season': '2025', 'SeasonType': 'Regular Season', 'TeamId': '1611661325', 'EntityId': '1611661325'}",shot_pace,1611661325,4Q/OT | margin -3..3 | 300..120,get-shots__shots__entity_type-Team__season-2025__season_type-Regular_Season__team_id-1611661325__entity_id-1611661325__44fa9629,get-shots,https://api.pbpstats.com/get-shots/wnba?EntityType=Team&Season=2025&SeasonType=Regular+Season&TeamId=1611661325&EntityId=1611661325,200,118,,,False,,,,1611661322,145.0,107,2025-09-07,1022500273,1627672-1628909-1629488-1631086-1641648,True,WAS,1631022-1631083-1631141-1642785-1642802,,,,,,1611661325,1,Lexie Hull,1631086,29,02:45,0,,1631083,Emily Engstler,0,,0,,False,1,,5.9,0.3729,145.0,ShortMidRange,2,165.0,OffShortMidRangeMake,IND,02:25,,-23,54,False,shots,4Q/OT | margin -3..3 | 300..120,team
wnba,wnba_shot_pace,shot_pace,shots,get-shots,2025,Regular Season,team,"{'EntityType': 'Team', 'Season': '2025', 'SeasonType': 'Regular Season', 'TeamId': '1611661325', 'EntityId': '1611661325'}",shot_pace,1611661325,4Q/OT | margin -3..3 | 300..120,get-shots__shots__entity_type-Team__season-2025__season_type-Regular_Season__team_id-1611661325__entity_id-1611661325__44fa9629,get-shots,https://api.pbpstats.com/get-shots/wnba?EntityType=Team&Season=2025&SeasonType=Regular+Season&TeamId=1611661325&EntityId=1611661325,200,119,Aerial Powers,1627672.0,True,,,,1611661322,183.0,103,2025-09-07,1022500273,1627672-1628909-1629488-1631086-1641648,True,WAS,1631022-1631083-1631141-1642785-1642802,,,,,,1611661325,1,Aliyah Boston,1641648,27,03:14,0,,0,,0,,0,,False,1,,11.9,0.4026,183.0,ShortMidRange,2,194.0,OffFTMake,IND,03:03,,-117,23,False,shots,4Q/OT | margin -3..3 | 300..120,team
wnba,wnba_shot_pace,shot_pace,shots,get-shots,2025,Regular Season,team,"{'EntityType': 'Team', 'Season': '2025', 'SeasonType': 'Regular Season', 'TeamId': '1611661325', 'EntityId': '1611661325'}",shot_pace,1611661325,4Q/OT | margin -3..3 | 300..120,get-shots__shots__entity_type-Team__season-2025__season_type-Regular_Season__team_id-1611661325__entity_id-1611661325__44fa9629,get-shots,https://api.pbpstats.com/get-shots/wnba?EntityType=Team&Season=2025&SeasonType=Regular+Season&TeamId=1611661325&EntityId=1611661325,200,120,,,,,,False,1611661322,194.0,93,2025-09-07,1022500273,1627672-1628909-1631086-1641648-203827,False,WAS,1631083-1631141-1642785-1642802-203828,,,,,,1611661325,1,Aerial Powers,1627672,25,03:36,0,,1642785,Sonia Citron,0,,0,,False,3,,9.3,0.3911,194.0,ShortMidRange,2,216.0,OffLongMidRangeMake,IND,03:14,,-30,88,False,shots,4Q/OT | margin -3..3 | 300..120,team
wnba,wnba_shot_pace,shot_pace,shots,get-shots,2025,Regular Season,team,"{'EntityType': 'Team', 'Season': '2025', 'SeasonType': 'Regular Season', 'TeamId': '1611661325', 'EntityId': '1611661325'}",shot_pace,1611661325,4Q/OT | margin -3..3 | 300..120,get-shots__shots__entity_type-Team__season-2025__season_type-Regular_Season__team_id-1611661325__entity_id-1611661325__44fa9629,get-shots,https://api.pbpstats.com/get-shots/wnba?EntityType=Team&Season=2025&SeasonType=Regular+Season&TeamId=1611661325&EntityId=1611661325,200,121,Aerial Powers,1627672.0,True,,,,1611661322,252.0,83,2025-09-07,1022500273,1627672-1628909-1631086-1641648-203827,True,WAS,1631083-1631141-1642802-202252-203828,Aerial Powers,1627672.0,Kelsey Mitchell,1628909.0,LongMidRange,1611661325,1,Natasha Howard,203827,23,04:31,0,,0,,0,,0,,False,2,1.0,4.2,0.5179,252.0,ShortMidRange,2,271.0,OffTimeout,IND,04:12,,32,27,False,shots,4Q/OT | margin -3..3 | 300..120,team
wnba,wnba_shot_pace,shot_pace,shots,get-shots,2025,Regular Season,team,"{'EntityType': 'Team', 'Season': '2025', 'SeasonType': 'Regular Season', 'TeamId': '1611661325', 'EntityId': '1611661325'}",shot_pace,1611661325,4Q/OT | margin -3..3 | 300..120,get-shots__shots__entity_type-Team__season-2025__season_type-Regular_Season__team_id-1611661325__entity_id-1611661325__44fa9629,get-shots,https://api.pbpstats.com/get-shots/wnba?EntityType=Team&Season=2025&SeasonType=Regular+Season&TeamId=1611661325&EntityId=1611661325,200,122,,,,,,False,1611661322,252.0,81,2025-09-07,1022500273,1627672-1628909-1631086-1641648-203827,False,WAS,1631083-1631141-1642802-202252-203828,,,,,,1611661325,1,Kelsey Mitchell,1628909,23,04:31,0,,0,,0,,0,,False,2,,18.4,0.3714,259.0,LongMidRange,2,271.0,OffTimeout,IND,04:19,,-82,165,False,shots,4Q/OT | margin -3..3 | 300..120,team
wnba,wnba_shot_pace,shot_pace,shots,get-shots,2025,Regular Season,team,"{'EntityType': 'Team', 'Season': '2025', 'SeasonType': 'Regular Season', 'TeamId': '1611661325', 'EntityId': '1611661325'}",shot_pace,1611661325,4Q/OT | margin -3..3 | 300..120,get-shots__shots__entity_type-Team__season-2025__season_type-Regular_Season__team_id-1611661325__entity_id-1611661325__44fa9629,get-shots,https://api.pbpstats.com/get-shots/wnba?EntityType=Team&Season=2025&SeasonType=Regular+Season&TeamId=1611661325&EntityId=1611661325,200,123,,,False,,,,1611661322,286.0,70,2025-09-07,1022500273,1628909-1631086-1641648-203824-203827,True,WAS,1631141-1642792-1642802-202252-203828,,,,,,1611661325,1,Natasha Howard,203827,21,04:58,0,,1642792,Kiki Iriafen,0,,0,,False,0,,5.7,0.3906,286.0,ShortMidRange,2,298.0,OffLongMidRangeMake,IND,04:46,,-30,48,False,shots,4Q/OT | margin -3..3 | 300..120,team
wnba,wnba_shot_pace,shot_pace,shots,get-shots,2025,Regular Season,team,"{'EntityType': 'Team', 'Season': '2025', 'SeasonType': 'Regular Season', 'TeamId': '1611661325', 'EntityId': '1611661325'}",shot_pace,1611661325,4Q/OT | margin -3..3 | 300..120,get-shots__shots__entity_type-Team__season-2025__season_type-Regular_Season__team_id-1611661325__entity_id-1611661325__44fa9629,get-shots,https://api.pbpstats.com/get-shots/wnba?EntityType=Team&Season=2025&SeasonType=Regular+Season&TeamId=1611661325&EntityId=1611661325,200,124,,,,,,False,1611661322,316.0,61,2025-09-07,1022500273,1628909-1631086-1641648-203824-203827,False,WAS,1630134-1642785-1642792-202252-203828,,,,,,1611661325,1,Odyssey Sims,203824,19,05:24,1641648,Aliyah Boston,1630134,Sug Sutton,0,,0,,False,2,,13.3,0.4298,318.0,ShortMidRange,2,324.0,OffShortMidRangeMiss,IND,05:18,,-100,87,False,shots,4Q/OT | margin -3..3 | 300..120,team
wnba,wnba_shot_pace,shot_pace,shots,get-shots,2025,Regular Season,team,"{'EntityType': 'Team', 'Season': '2025', 'SeasonType': 'Regular Season', 'TeamId': '1611661325', 'EntityId': '1611661325'}",shot_pace,1611661325,4Q/OT | margin -3..3 | 300..120,get-shots__shots__entity_type-Team__season-2025__season_type-Regular_Season__team_id-1611661325__entity_id-1611661325__44fa9629,get-shots,https://api.pbpstats.com/get-shots/wnba?EntityType=Team&Season=2025&SeasonType=Regular+Season&TeamId=1611661325&EntityId=1611661325,200,125,,,False,,,,1611661322,342.0,58,2025-09-07,1022500273,1628909-1631086-1641648-203824-203827,True,WAS,1630134-1642785-1642792-202252-203828,,,,,,1611661325,1,Odyssey Sims,203824,17,05:53,0,,0,,0,,0,,False,0,,4.3,0.4229,342.0,ShortMidRange,2,353.0,OffDeadball,IND,05:42,,-23,36,False,shots,4Q/OT | margin -3..3 | 300..120,team
wnba,wnba_shot_pace,shot_pace,shots,get-shots,2025,Regular Season,team,"{'EntityType': 'Team', 'Season': '2025', 'SeasonType': 'Regular Season', 'TeamId': '1611661325', 'EntityId': '1611661325'}",shot_pace,1611661325,4Q/OT | margin -3..3 | 300..120,get-shots__shots__entity_type-Team__season-2025__season_type-Regular_Season__team_id-1611661325__entity_id-1611661325__44fa9629,get-shots,https://api.pbpstats.com/get-shots/wnba?EntityType=Team&Season=2025&SeasonType=Regular+Season&TeamId=1611661325&EntityId=1611661325,200,126,,,,,,False,1611661322,401.0,44,2025-09-07,1022500273,1628909-1631086-1641648-203824-203827,False,WAS,1630134-1631022-1642785-1642792-202252,,,,,,1611661325,1,Aliyah Boston,1641648,13,06:53,0,,1642785,Sonia Citron,0,,0,,False,0,,4.3,0.4866,402.0,ShortMidRange,2,413.0,OffArc3Make,IND,06:42,,-33,28,False,shots,4Q/OT | margin -3..3 | 300..120,team
wnba,wnba_shot_pace,shot_pace,shots,get-shots,2025,Regular Season,team,"{'EntityType': 'Team', 'Season': '2025', 'SeasonType': 'Regular Season', 'TeamId': '1611661325', 'EntityId': '1611661325'}",shot_pace,1611661325,4Q/OT | margin -3..3 | 300..120,get-shots__shots__entity_type-Team__season-2025__season_type-Regular_Season__team_id-1611661325__entity_id-1611661325__44fa9629,get-shots,https://api.pbpstats.com/get-shots/wnba?EntityType=Team&Season=2025&SeasonType=Regular+Season&TeamId=1611661325&EntityId=1611661325,200,127,Odyssey Sims,203824.0,True,,,,1611661322,431.0,40,2025-09-07,1022500273,1628909-1631086-1641648-203824-203827,True,WAS,1630134-1631022-1642785-1642792-202252,Odyssey Sims,203824.0,Kelsey Mitchell,1628909.0,Arc3,1611661325,1,Aliyah Boston,1641648,11,07:30,203827,Natasha Howard,1642792,Kiki Iriafen,0,,0,,False,1,6.0,9.3,0.4515,431.0,ShortMidRange,2,450.0,OffShortMidRangeMiss,IND,07:11,,-43,82,False,shots,4Q/OT | margin -3..3 | 300..120,team
wnba,wnba_shot_pace,shot_pace,shots,get-shots,2025,Regular Season,team,"{'EntityType': 'Team', 'Season': '2025', 'SeasonType': 'Regular Season', 'TeamId': '1611661325', 'EntityId': '1611661325'}",shot_pace,1611661325,4Q/OT | margin -3..3 | 300..120,get-shots__shots__entity_type-Team__season-2025__season_type-Regular_Season__team_id-1611661325__entity_id-1611661325__44fa9629,get-shots,https://api.pbpstats.com/get-shots/wnba?EntityType=Team&Season=2025&SeasonType=Regular+Season&TeamId=1611661325&EntityId=1611661325,200,128,,,,,,False,1611661322,431.0,38,2025-09-07,1022500273,1628909-1631086-1641648-203824-203827,False,WAS,1630134-1631022-1642785-1642792-202252,,,,,,1611661325,1,Kelsey Mitchell,1628909,11,07:30,203827,Natasha Howard,1642792,Kiki Iriafen,0,,0,,False,1,,24.9,0.3787,441.0,Arc3,3,450.0,OffShortMidRangeMiss,IND,07:21,,106,225,False,shots,4Q/OT | margin -3..3 | 300..120,team
wnba,wnba_shot_pace,shot_pace,shots,get-shots,2025,Regular Season,team,"{'EntityType': 'Team', 'Season': '2025', 'SeasonType': 'Regular Season', 'TeamId': '1611661325', 'EntityId': '1611661325'}",shot_pace,1611661325,4Q/OT | margin -3..3 | 300..120,get-shots__shots__entity_type-Team__season-2025__season_type-Regular_Season__team_id-1611661325__entity_id-1611661325__44fa9629,get-shots,https://api.pbpstats.com/get-shots/wnba?EntityType=Team&Season=2025&SeasonType=Regular+Season&TeamId=1611661325&EntityId=1611661325,200,129,,,,,,False,1611661322,471.0,32,2025-09-07,1022500273,1628909-1631086-1641648-203824-203827,False,WAS,1630134-1631022-1642785-1642792-202252,Natasha Howard,203827.0,Lexie Hull,1631086.0,AtRim,1611661325,1,Natasha Howard,203827,9,08:11,0,,0,,0,,0,,True,1,1.0,3.0,0.5644,475.0,AtRim,2,491.0,OffDeadball,IND,07:55,,28,10,False,shots,4Q/OT | margin -3..3 | 300..120,team
wnba,wnba_shot_pace,shot_pace,shots,get-shots,2025,Regular Season,team,"{'EntityType': 'Team', 'Season': '2025', 'SeasonType': 'Regular Season', 'TeamId': '1611661325', 'EntityId': '1611661325'}",shot_pace,1611661325,4Q/OT | margin -3..3 | 300..120,get-shots__shots__entity_type-Team__season-2025__season_type-Regular_Season__team_id-1611661325__entity_id-1611661325__44fa9629,get-shots,https://api.pbpstats.com/get-shots/wnba?EntityType=Team&Season=2025&SeasonType=Regular+Season&TeamId=1611661325&EntityId=1611661325,200,130,,,,,,False,1611661322,471.0,30,2025-09-07,1022500273,1628909-1631086-1641648-203824-203827,False,WAS,1630134-1631022-1642785-1642792-202252,,,,,,1611661325,1,Lexie Hull,1631086,9,08:11,0,,0,,0,,0,,False,1,,2.6,0.5904,478.0,AtRim,2,491.0,OffDeadball,IND,07:58,,24,11,False,shots,4Q/OT | margin -3..3 | 300..120,team
wnba,wnba_shot_pace,shot_pace,shots,get-shots,2025,Regular Season,team,"{'EntityType': 'Team', 'Season': '2025', 'SeasonType': 'Regular Season', 'TeamId': '1611661325', 'EntityId': '1611661325'}",shot_pace,1611661325,4Q/OT | margin -3..3 | 300..120,get-shots__shots__entity_type-Team__season-2025__season_type-Regular_Season__team_id-1611661325__entity_id-1611661325__44fa9629,get-shots,https://api.pbpstats.com/get-shots/wnba?EntityType=Team&Season=2025&SeasonType=Regular+Season&TeamId=1611661325&EntityId=1611661325,200,131,Lexie Hull,1631086.0,True,,,,1611661322,530.0,20,2025-09-07,1022500273,1628909-1631086-1641648-203824-203827,True,WAS,1630134-1631022-1642785-1642792-202252,,,,,,1611661325,1,Kelsey Mitchell,1628909,5,08:54,0,,0,,1641648,Aliyah Boston,1642785,Sonia Citron,False,0,,2.2,0.7858,530.0,AtRim,2,534.0,OffLiveBallTurnover,IND,08:50,,-19,12,False,shots,4Q/OT | margin -3..3 | 300..120,team
wnba,wnba_shot_pace,shot_pace,shots,get-shots,2025,Regular Season,team,"{'EntityType': 'Team', 'Season': '2025', 'SeasonType': 'Regular Season', 'TeamId': '1611661325', 'EntityId': '1611661325'}",shot_pace,1611661325,4Q/OT | margin -3..3 | 300..120,get-shots__shots__entity_type-Team__season-2025__season_type-Regular_Season__team_id-1611661325__entity_id-1611661325__44fa9629,get-shots,https://api.pbpstats.com/get-shots/wnba?EntityType=Team&Season=2025&SeasonType=Regular+Season&TeamId=1611661325&EntityId=1611661325,200,132,,,,,,False,1611661322,559.0,14,2025-09-07,1022500273,1628909-1631086-1641648-203824-203827,False,WAS,1630134-1631022-1642785-1642792-202252,,,,,,1611661325,1,Aliyah Boston,1641648,3,09:29,0,,0,,203827,Natasha Howard,1642792,Kiki Iriafen,False,0,,7.2,0.4067,562.0,ShortMidRange,2,569.0,OffLiveBallTurnover,IND,09:22,,-55,47,False,shots,4Q/OT | margin -3..3 | 300..120,team
wnba,wnba_shot_pace,shot_pace,shots,get-shots,2025,Regular Season,team,"{'EntityType': 'Team', 'Season': '2025', 'SeasonType': 'Regular Season', 'TeamId': '1611661325', 'EntityId': '1611661325'}",shot_pace,1611661325,4Q/OT | margin -3..3 | 300..120,get-shots__shots__entity_type-Team__season-2025__season_type-Regular_Season__team_id-1611661325__entity_id-1611661325__44fa9629,get-shots,https://api.pbpstats.com/get-shots/wnba?EntityType=Team&Season=2025&SeasonType=Regular+Season&TeamId=1611661325&EntityId=1611661325,200,133,,,,,,False,1611661322,574.0,7,2025-09-07,1022500273,1628909-1631086-1641648-203824-203827,False,WAS,1630134-1631022-1642785-1642792-202252,,,,,,1611661325,1,Lexie Hull,1631086,1,10:00,0,,0,,0,,0,,False,0,,26.4,0.2526,577.0,Arc3,3,600.0,OffDeadball,IND,09:37,,-121,235,False,shots,4Q/OT | margin -3..3 | 300..120,team
wnba,wnba_shot_pace,shot_pace,shots,get-shots,2025,Regular Season,team,"{'EntityType': 'Team', 'Season': '2025', 'SeasonType': 'Regular Season', 'TeamId': '1611661325', 'EntityId': '1611661325'}",shot_pace,1611661325,4Q/OT | margin -3..3 | 300..120,get-shots__shots__entity_type-Team__season-2025__season_type-Regular_Season__team_id-1611661325__entity_id-1611661325__44fa9629,get-shots,https://api.pbpstats.com/get-shots/wnba?EntityType=Team&Season=2025&SeasonType=Regular+Season&TeamId=1611661325&EntityId=1611661325,200,134,,,False,,,,1611661329,9.0,584,2025-09-05,1022500269,1627672-1629488-1642815-203024-203035,True,CHI,1627671-1642244-1642818-204296-204322,,,,,,1611661325,4,Aerial Powers,1627672,40,00:09,0,,0,,1627672,Aerial Powers,204296,Rebecca Allen,False,18,,2.3,0.7235,9.0,AtRim,2,9.0,OffLiveBallTurnover,IND,00:09,,-4,23,False,shots,4Q/OT | margin -3..3 | 300..120,team
wnba,wnba_shot_pace,shot_pace,shots,get-shots,2025,Regular Season,team,"{'EntityType': 'Team', 'Season': '2025', 'SeasonType': 'Regular Season', 'TeamId': '1611661325', 'EntityId': '1611661325'}",shot_pace,1611661325,4Q/OT | margin -3..3 | 300..120,get-shots__shots__entity_type-Team__season-2025__season_type-Regular_Season__team_id-1611661325__entity_id-1611661325__44fa9629,get-shots,https://api.pbpstats.com/get-shots/wnba?EntityType=Team&Season=2025&SeasonType=Regular+Season&TeamId=1611661325&EntityId=1611661325,200,135,,,,,,False,1611661329,13.0,579,2025-09-05,1022500269,1627672-1629488-1642815-203024-203035,False,CHI,1627671-1642244-1642818-204296-204322,Brianna Turner,1629488.0,Makayla Timpson,1642815.0,ShortMidRangeBlocked,1611661325,4,Damiris Dantas,203024,38,00:40,0,,1642818,Maddy Westbeld,0,,0,,False,18,4.0,13.5,0.3974,15.0,ShortMidRange,2,40.0,OffShortMidRangeMake,IND,00:15,,-128,44,False,shots,4Q/OT | margin -3..3 | 300..120,team
wnba,wnba_shot_pace,shot_pace,shots,get-shots,2025,Regular Season,team,"{'EntityType': 'Team', 'Season': '2025', 'SeasonType': 'Regular Season', 'TeamId': '1611661325', 'EntityId': '1611661325'}",shot_pace,1611661325,4Q/OT | margin -3..3 | 300..120,get-shots__shots__entity_type-Team__season-2025__season_type-Regular_Season__team_id-1611661325__entity_id-1611661325__44fa9629,get-shots,https://api.pbpstats.com/get-shots/wnba?EntityType=Team&Season=2025&SeasonType=Regular+Season&TeamId=1611661325&EntityId=1611661325,200,136,,,,Elizabeth Williams,204322.0,True,1611661329,13.0,576,2025-09-05,1022500269,1627672-1629488-1642815-203024-203035,False,CHI,1627671-1642244-1642818-204296-204322,,,,,,1611661325,4,Makayla Timpson,1642815,38,00:40,0,,1642818,Maddy Westbeld,0,,0,,False,18,,6.4,0.3041,23.0,ShortMidRange,2,40.0,OffShortMidRangeMake,IND,00:23,,-44,46,False,shots,4Q/OT | margin -3..3 | 300..120,team
wnba,wnba_shot_pace,shot_pace,shots,get-shots,2025,Regular Season,team,"{'EntityType': 'Team', 'Season': '2025', 'SeasonType': 'Regular Season', 'TeamId': '1611661325', 'EntityId': '1611661325'}",shot_pace,1611661325,4Q/OT | margin -3..3 | 300..120,get-shots__shots__entity_type-Team__season-2025__season_type-Regular_Season__team_id-1611661325__entity_id-1611661325__44fa9629,get-shots,https://api.pbpstats.com/get-shots/wnba?EntityType=Team&Season=2025&SeasonType=Regular+Season&TeamId=1611661325&EntityId=1611661325,200,137,,,False,,,,1611661329,97.0,571,2025-09-05,1022500269,1627672-1629488-1642815-203024-203035,True,CHI,1627671-1642244-1642818-204296-204322,Makayla Timpson,1642815.0,Brianna Turner,1629488.0,AtRim,1611661325,4,Makayla Timpson,1642815,34,01:49,0,,1642818,Maddy Westbeld,0,,0,,True,18,0.0,0.6,0.7163,97.0,AtRim,2,109.0,OffArc3Make,IND,01:37,,0,-6,False,shots,4Q/OT | margin -3..3 | 300..120,team
wnba,wnba_shot_pace,shot_pace,shots,get-shots,2025,Regular Season,team,"{'EntityType': 'Team', 'Season': '2025', 'SeasonType': 'Regular Season', 'TeamId': '1611661325', 'EntityId': '1611661325'}",shot_pace,1611661325,4Q/OT | margin -3..3 | 300..120,get-shots__shots__entity_type-Team__season-2025__season_type-Regular_Season__team_id-1611661325__entity_id-1611661325__44fa9629,get-shots,https://api.pbpstats.com/get-shots/wnba?EntityType=Team&Season=2025&SeasonType=Regular+Season&TeamId=1611661325&EntityId=1611661325,200,138,,,,,,False,1611661329,97.0,569,2025-09-05,1022500269,1627672-1629488-1642815-203024-203035,False,CHI,1627671-1642244-1642818-204296-204322,,,,,,1611661325,4,Brianna Turner,1629488,34,01:49,0,,1642818,Maddy Westbeld,0,,0,,False,18,,2.9,0.5721,98.0,AtRim,2,109.0,OffArc3Make,IND,01:38,,28,8,False,shots,4Q/OT | margin -3..3 | 300..120,team
wnba,wnba_shot_pace,shot_pace,shots,get-shots,2025,Regular Season,team,"{'EntityType': 'Team', 'Season': '2025', 'SeasonType': 'Regular Season', 'TeamId': '1611661325', 'EntityId': '1611661325'}",shot_pace,1611661325,4Q/OT | margin -3..3 | 300..120,get-shots__shots__entity_type-Team__season-2025__season_type-Regular_Season__team_id-1611661325__entity_id-1611661325__44fa9629,get-shots,https://api.pbpstats.com/get-shots/wnba?EntityType=Team&Season=2025&SeasonType=Regular+Season&TeamId=1611661325&EntityId=1611661325,200,139,Aerial Powers,1627672.0,True,,,,1611661329,120.0,565,2025-09-05,1022500269,1627672-1629488-1642815-203024-203035,True,CHI,1627671-1642244-1642818-204296-204322,,,,,,1611661325,4,Makayla Timpson,1642815,32,02:23,1629488,Brianna Turner,1627671,Rachel Banham,0,,0,,False,19,,5.0,0.3301,120.0,ShortMidRange,2,143.0,OffArc3Miss,IND,02:00,,-44,23,False,shots,4Q/OT | margin -3..3 | 300..120,team
wnba,wnba_shot_pace,shot_pace,shots,get-shots,2025,Regular Season,team,"{'EntityType': 'Team', 'Season': '2025', 'SeasonType': 'Regular Season', 'TeamId': '1611661325', 'EntityId': '1611661325'}",shot_pace,1611661325,4Q/OT | margin -3..3 | 300..120,get-shots__shots__entity_type-Team__season-2025__season_type-Regular_Season__team_id-1611661325__entity_id-1611661325__44fa9629,get-shots,https://api.pbpstats.com/get-shots/wnba?EntityType=Team&Season=2025&SeasonType=Regular+Season&TeamId=1611661325&EntityId=1611661325,200,140,,,False,,,,1611661329,166.0,556,2025-09-05,1022500269,1627672-1629488-1642815-203024-203035,True,CHI,1627671-1630446-1642244-1642818-204322,,,,,,1611661325,4,Aerial Powers,1627672,30,03:01,0,,0,,0,,0,,False,17,,8.1,0.3816,166.0,ShortMidRange,2,181.0,OffFTMake,IND,02:46,,-3,81,False,shots,4Q/OT | margin -3..3 | 300..120,team
wnba,wnba_shot_pace,shot_pace,shots,get-shots,2025,Regular Season,team,"{'EntityType': 'Team', 'Season': '2025', 'SeasonType': 'Regular Season', 'TeamId': '1611661325', 'EntityId': '1611661325'}",shot_pace,1611661325,4Q/OT | margin -3..3 | 300..120,get-shots__shots__entity_type-Team__season-2025__season_type-Regular_Season__team_id-1611661325__entity_id-1611661325__44fa9629,get-shots,https://api.pbpstats.com/get-shots/wnba?EntityType=Team&Season=2025&SeasonType=Regular+Season&TeamId=1611661325&EntityId=1611661325,200,141,,,,,,False,1611661329,181.0,546,2025-09-05,1022500269,1627672-1629488-1631086-203024-203035,False,CHI,1627671-1628878-1630446-1642818-204322,,,,,,1611661325,4,Lexie Hull,1631086,28,03:18,1629488,Brianna Turner,1628878,Ariel Atkins,0,,0,,False,19,,23.8,0.3678,183.0,Corner3,3,198.0,OffArc3Miss,IND,03:03,,-238,9,False,shots,4Q/OT | margin -3..3 | 300..120,team
wnba,wnba_shot_pace,shot_pace,shots,get-shots,2025,Regular Season,team,"{'EntityType': 'Team', 'Season': '2025', 'SeasonType': 'Regular Season', 'TeamId': '1611661325', 'EntityId': '1611661325'}",shot_pace,1611661325,4Q/OT | margin -3..3 | 300..120,get-shots__shots__entity_type-Team__season-2025__season_type-Regular_Season__team_id-1611661325__entity_id-1611661325__44fa9629,get-shots,https://api.pbpstats.com/get-shots/wnba?EntityType=Team&Season=2025&SeasonType=Regular+Season&TeamId=1611661325&EntityId=1611661325,200,142,,,,,,False,1611661329,221.0,538,2025-09-05,1022500269,1627672-1629488-1631086-203024-203035,False,CHI,1627671-1628878-1630446-1642289-204322,,,,,,1611661325,4,Shey Peddy,203035,26,04:01,0,,0,,0,,0,,False,19,,24.6,0.3337,223.0,Corner3,3,241.0,OffFTMake,IND,03:43,,-235,74,False,shots,4Q/OT | margin -3..3 | 300..120,team
wnba,wnba_shot_pace,shot_pace,shots,get-shots,2025,Regular Season,team,"{'EntityType': 'Team', 'Season': '2025', 'SeasonType': 'Regular Season', 'TeamId': '1611661325', 'EntityId': '1611661325'}",shot_pace,1611661325,4Q/OT | margin -3..3 | 300..120,get-shots__shots__entity_type-Team__season-2025__season_type-Regular_Season__team_id-1611661325__entity_id-1611661325__44fa9629,get-shots,https://api.pbpstats.com/get-shots/wnba?EntityType=Team&Season=2025&SeasonType=Regular+Season&TeamId=1611661325&EntityId=1611661325,200,143,Aerial Powers,1627672.0,True,,,,1611661329,291.0,518,2025-09-05,1022500269,1627672-1628909-1629488-1631086-1641648,True,CHI,1627671-1628878-1630446-1642289-204322,,,,,,1611661325,4,Brianna Turner,1629488,22,05:07,0,,0,,1641648,Aliyah Boston,1628878,Ariel Atkins,False,18,,3.0,0.5314,291.0,AtRim,2,307.0,OffLiveBallTurnover,IND,04:51,,26,14,False,shots,4Q/OT | margin -3..3 | 300..120,team
wnba,wnba_shot_pace,shot_pace,shots,get-shots,2025,Regular Season,team,"{'EntityType': 'Team', 'Season': '2025', 'SeasonType': 'Regular Season', 'TeamId': '1611661325', 'EntityId': '1611661325'}",shot_pace,1611661325,4Q/OT | margin -3..3 | 300..120,get-shots__shots__entity_type-Team__season-2025__season_type-Regular_Season__team_id-1611661325__entity_id-1611661325__44fa9629,get-shots,https://api.pbpstats.com/get-shots/wnba?EntityType=Team&Season=2025&SeasonType=Regular+Season&TeamId=1611661325&EntityId=1611661325,200,144,Kelsey Mitchell,1628909.0,True,,,,1611661329,329.0,510,2025-09-05,1022500269,1627672-1628909-1629488-1631086-1641648,True,CHI,1627671-1628878-1630446-1642289-204322,,,,,,1611661325,4,Aliyah Boston,1641648,20,05:39,0,,0,,0,,0,,False,16,,2.5,0.6005,330.0,AtRim,2,339.0,OffFTMake,IND,05:30,,23,9,False,shots,4Q/OT | margin -3..3 | 300..120,team
wnba,wnba_shot_pace,shot_pace,shots,get-shots,2025,Regular Season,team,"{'EntityType': 'Team', 'Season': '2025', 'SeasonType': 'Regular Season', 'TeamId': '1611661325', 'EntityId': '1611661325'}",shot_pace,1611661325,4Q/OT | margin -3..3 | 300..120,get-shots__shots__entity_type-Team__season-2025__season_type-Regular_Season__team_id-1611661325__entity_id-1611661325__44fa9629,get-shots,https://api.pbpstats.com/get-shots/wnba?EntityType=Team&Season=2025&SeasonType=Regular+Season&TeamId=1611661325&EntityId=1611661325,200,145,,,,,,False,1611661329,397.0,489,2025-09-05,1022500269,1628909-1631086-1641648-203824-203827,False,CHI,1627671-1628878-1630446-1642289-204322,,,,,,1611661325,4,Kelsey Mitchell,1628909,14,06:48,0,,0,,0,,0,,False,19,,19.9,0.3753,401.0,LongMidRange,2,408.0,OffDeadball,IND,06:41,,-70,186,False,shots,4Q/OT | margin -3..3 | 300..120,team
wnba,wnba_shot_pace,shot_pace,shots,get-shots,2025,Regular Season,team,"{'EntityType': 'Team', 'Season': '2025', 'SeasonType': 'Regular Season', 'TeamId': '1611661325', 'EntityId': '1611661325'}",shot_pace,1611661325,4Q/OT | margin -3..3 | 300..120,get-shots__shots__entity_type-Team__season-2025__season_type-Regular_Season__team_id-1611661325__entity_id-1611661325__44fa9629,get-shots,https://api.pbpstats.com/get-shots/wnba?EntityType=Team&Season=2025&SeasonType=Regular+Season&TeamId=1611661325&EntityId=1611661325,200,146,,,False,,,,1611661329,427.0,485,2025-09-05,1022500269,1628909-1631086-1641648-203824-203827,True,CHI,1627671-1628878-1630446-1642289-204322,Natasha Howard,203827.0,Odyssey Sims,203824.0,LongMidRange,1611661325,4,Natasha Howard,203827,12,07:25,0,,0,,0,,0,,True,17,2.0,4.8,0.4132,427.0,ShortMidRange,2,445.0,OffTimeout,IND,07:07,,-15,46,False,shots,4Q/OT | margin -3..3 | 300..120,team
wnba,wnba_shot_pace,shot_pace,shots,get-shots,2025,Regular Season,team,"{'EntityType': 'Team', 'Season': '2025', 'SeasonType': 'Regular Season', 'TeamId': '1611661325', 'EntityId': '1611661325'}",shot_pace,1611661325,4Q/OT | margin -3..3 | 300..120,get-shots__shots__entity_type-Team__season-2025__season_type-Regular_Season__team_id-1611661325__entity_id-1611661325__44fa9629,get-shots,https://api.pbpstats.com/get-shots/wnba?EntityType=Team&Season=2025&SeasonType=Regular+Season&TeamId=1611661325&EntityId=1611661325,200,147,,,,,,False,1611661329,427.0,483,2025-09-05,1022500269,1628909-1631086-1641648-203824-203827,False,CHI,1627671-1628878-1630446-1642289-204322,,,,,,1611661325,4,Odyssey Sims,203824,12,07:25,0,,0,,0,,0,,False,17,,14.4,0.4092,432.0,LongMidRange,2,445.0,OffTimeout,IND,07:12,,-43,137,False,shots,4Q/OT | margin -3..3 | 300..120,team
wnba,wnba_shot_pace,shot_pace,shots,get-shots,2025,Regular Season,team,"{'EntityType': 'Team', 'Season': '2025', 'SeasonType': 'Regular Season', 'TeamId': '1611661325', 'EntityId': '1611661325'}",shot_pace,1611661325,4Q/OT | margin -3..3 | 300..120,get-shots__shots__entity_type-Team__season-2025__season_type-Regular_Season__team_id-1611661325__entity_id-1611661325__44fa9629,get-shots,https://api.pbpstats.com/get-shots/wnba?EntityType=Team&Season=2025&SeasonType=Regular+Season&TeamId=1611661325&EntityId=1611661325,200,148,Odyssey Sims,203824.0,True,,,,1611661329,457.0,476,2025-09-05,1022500269,1628909-1631086-1641648-203824-203827,True,CHI,1627671-1628878-1630446-1642289-204322,,,,,,1611661325,4,Aliyah Boston,1641648,10,07:44,1641648,Aliyah Boston,204322,Elizabeth Williams,0,,0,,False,15,,5.9,0.3985,457.0,ShortMidRange,2,464.0,OffFTMiss,IND,07:37,,17,57,False,shots,4Q/OT | margin -3..3 | 300..120,team
wnba,wnba_shot_pace,shot_pace,shots,get-shots,2025,Regular Season,team,"{'EntityType': 'Team', 'Season': '2025', 'SeasonType': 'Regular Season', 'TeamId': '1611661325', 'EntityId': '1611661325'}",shot_pace,1611661325,4Q/OT | margin -3..3 | 300..120,get-shots__shots__entity_type-Team__season-2025__season_type-Regular_Season__team_id-1611661325__entity_id-1611661325__44fa9629,get-shots,https://api.pbpstats.com/get-shots/wnba?EntityType=Team&Season=2025&SeasonType=Regular+Season&TeamId=1611661325&EntityId=1611661325,200,149,,,,,,False,1611661329,482.0,466,2025-09-05,1022500269,1628909-1631086-1641648-203824-203827,False,CHI,1628878-1630446-1642244-1642289-204322,Aliyah Boston,1641648.0,Lexie Hull,1631086.0,Arc3,1611661325,4,Odyssey Sims,203824,8,08:24,0,,1628878,Ariel Atkins,0,,0,,False,15,7.0,6.3,0.4749,486.0,ShortMidRange,2,504.0,OffLongMidRangeMake,IND,08:06,,0,63,False,shots,4Q/OT | margin -3..3 | 300..120,team
wnba,wnba_shot_pace,shot_pace,shots,get-shots,2025,Regular Season,team,"{'EntityType': 'Team', 'Season': '2025', 'SeasonType': 'Regular Season', 'TeamId': '1611661325', 'EntityId': '1611661325'}",shot_pace,1611661325,4Q/OT | margin -3..3 | 300..120,get-shots__shots__entity_type-Team__season-2025__season_type-Regular_Season__team_id-1611661325__entity_id-1611661325__44fa9629,get-shots,https://api.pbpstats.com/get-shots/wnba?EntityType=Team&Season=2025&SeasonType=Regular+Season&TeamId=1611661325&EntityId=1611661325,200,150,,,,,,False,1611661329,482.0,464,2025-09-05,1022500269,1628909-1631086-1641648-203824-203827,False,CHI,1628878-1630446-1642244-1642289-204322,,,,,,1611661325,4,Lexie Hull,1631086,8,08:24,0,,1628878,Ariel Atkins,0,,0,,False,15,,23.9,0.3399,493.0,Arc3,3,504.0,OffLongMidRangeMake,IND,08:13,,-109,213,False,shots,4Q/OT | margin -3..3 | 300..120,team
wnba,wnba_shot_pace,shot_pace,shots,get-shots,2025,Regular Season,team,"{'EntityType': 'Team', 'Season': '2025', 'SeasonType': 'Regular Season', 'TeamId': '1611661325', 'EntityId': '1611661325'}",shot_pace,1611661325,4Q/OT | margin -3..3 | 300..120,get-shots__shots__entity_type-Team__season-2025__season_type-Regular_Season__team_id-1611661325__entity_id-1611661325__44fa9629,get-shots,https://api.pbpstats.com/get-shots/wnba?EntityType=Team&Season=2025&SeasonType=Regular+Season&TeamId=1611661325&EntityId=1611661325,200,151,,,,,,False,1611661329,517.0,460,2025-09-05,1022500269,1628909-1631086-1641648-203824-203827,False,CHI,1628878-1630446-1642244-1642289-204322,,,,,,1611661325,4,Kelsey Mitchell,1628909,6,08:48,0,,0,,203827,Natasha Howard,1642244,Sevgi Uzun,False,17,,23.7,0.3787,522.0,Corner3,3,528.0,OffLiveBallTurnover,IND,08:42,,-235,34,False,shots,4Q/OT | margin -3..3 | 300..120,team
wnba,wnba_shot_pace,shot_pace,shots,get-shots,2025,Regular Season,team,"{'EntityType': 'Team', 'Season': '2025', 'SeasonType': 'Regular Season', 'TeamId': '1611661325', 'EntityId': '1611661325'}",shot_pace,1611661325,4Q/OT | margin -3..3 | 300..120,get-shots__shots__entity_type-Team__season-2025__season_type-Regular_Season__team_id-1611661325__entity_id-1611661325__44fa9629,get-shots,https://api.pbpstats.com/get-shots/wnba?EntityType=Team&Season=2025&SeasonType=Regular+Season&TeamId=1611661325&EntityId=1611661325,200,152,Odyssey Sims,203824.0,True,,,,1611661329,536.0,450,2025-09-05,1022500269,1628909-1631086-1641648-203824-203827,True,CHI,1628878-1642244-1642289-204296-204322,,,,,,1611661325,4,Natasha Howard,203827,4,09:11,0,,204322,Elizabeth Williams,0,,0,,False,15,,4.9,0.4612,536.0,ShortMidRange,2,551.0,OffShortMidRangeMake,IND,08:56,,33,36,False,shots,4Q/OT | margin -3..3 | 300..120,team
wnba,wnba_shot_pace,shot_pace,shots,get-shots,2025,Regular Season,team,"{'EntityType': 'Team', 'Season': '2025', 'SeasonType': 'Regular Season', 'TeamId': '1611661325', 'EntityId': '1611661325'}",shot_pace,1611661325,4Q/OT | margin -3..3 | 300..120,get-shots__shots__entity_type-Team__season-2025__season_type-Regular_Season__team_id-1611661325__entity_id-1611661325__44fa9629,get-shots,https://api.pbpstats.com/get-shots/wnba?EntityType=Team&Season=2025&SeasonType=Regular+Season&TeamId=1611661325&EntityId=1611661325,200,153,,,,,,False,1611661329,564.0,446,2025-09-05,1022500269,1628909-1631086-1641648-203824-203827,False,CHI,1628878-1642244-1642289-204296-204322,,,,,,1611661325,4,Natasha Howard,203827,2,09:36,203827,Natasha Howard,1642244,Sevgi Uzun,0,,0,,False,17,,10.2,0.3643,566.0,ShortMidRange,2,576.0,OffFTMiss,IND,09:26,,-94,39,False,shots,4Q/OT | margin -3..3 | 300..120,team
wnba,wnba_shot_pace,shot_pace,shots,get-shots,2025,Regular Season,team,"{'EntityType': 'Team', 'Season': '2025', 'SeasonType': 'Regular Season', 'TeamId': '1611661325', 'EntityId': '1611661325'}",shot_pace,1611661325,4Q/OT | margin -3..3 | 300..120,get-shots__shots__entity_type-Team__season-2025__season_type-Regular_Season__team_id-1611661325__entity_id-1611661325__44fa9629,get-shots,https://api.pbpstats.com/get-shots/wnba?EntityType=Team&Season=2025&SeasonType=Regular+Season&TeamId=1611661325&EntityId=1611661325,200,154,Brianna Turner,1629488.0,True,,,,1611661329,41.0,408,2025-09-05,1022500269,1627672-1629488-1631086-203024-203035,True,CHI,1628915-1642244-1642289-1642818-204296,,,,,,1611661325,3,Lexie Hull,1631086,37,00:54,0,,0,,0,,0,,False,16,,23.9,0.3425,41.0,Arc3,3,54.0,OffFTMake,IND,00:41,,-73,228,False,shots,4Q/OT | margin -3..3 | 300..120,team
wnba,wnba_shot_pace,shot_pace,shots,get-shots,2025,Regular Season,team,"{'EntityType': 'Team', 'Season': '2025', 'SeasonType': 'Regular Season', 'TeamId': '1611661325', 'EntityId': '1611661325'}",shot_pace,1611661325,4Q/OT | margin -3..3 | 300..120,get-shots__shots__entity_type-Team__season-2025__season_type-Regular_Season__team_id-1611661325__entity_id-1611661325__44fa9629,get-shots,https://api.pbpstats.com/get-shots/wnba?EntityType=Team&Season=2025&SeasonType=Regular+Season&TeamId=1611661325&EntityId=1611661325,200,155,,,False,,,,1611661329,65.0,402,2025-09-05,1022500269,1627672-1629488-1631086-203024-203035,True,CHI,1628915-1642244-1642289-1642818-204296,,,,,,1611661325,3,Aerial Powers,1627672,35,01:27,0,,0,,0,,0,,False,15,,18.1,0.3468,65.0,LongMidRange,2,87.0,OffFTMake,IND,01:05,,30,179,False,shots,4Q/OT | margin -3..3 | 300..120,team
wnba,wnba_shot_pace,shot_pace,shots,get-shots,2025,Regular Season,team,"{'EntityType': 'Team', 'Season': '2025', 'SeasonType': 'Regular Season', 'TeamId': '1611661325', 'EntityId': '1611661325'}",shot_pace,1611661325,4Q/OT | margin -3..3 | 300..120,get-shots__shots__entity_type-Team__season-2025__season_type-Regular_Season__team_id-1611661325__entity_id-1611661325__44fa9629,get-shots,https://api.pbpstats.com/get-shots/wnba?EntityType=Team&Season=2025&SeasonType=Regular+Season&TeamId=1611661325&EntityId=1611661325,200,156,,,,,,False,1611661329,97.0,391,2025-09-05,1022500269,1627672-1628909-1629488-203024-203035,False,CHI,1628915-1642244-1642289-1642818-204296,,,,,,1611661325,3,Aerial Powers,1627672,33,02:07,0,,1642818,Maddy Westbeld,0,,0,,False,16,,17.8,0.269,100.0,LongMidRange,2,127.0,OffLongMidRangeMake,IND,01:40,,133,119,False,shots,4Q/OT | margin -3..3 | 300..120,team
wnba,wnba_shot_pace,shot_pace,shots,get-shots,2025,Regular Season,team,"{'EntityType': 'Team', 'Season': '2025', 'SeasonType': 'Regular Season', 'TeamId': '1611661325', 'EntityId': '1611661325'}",shot_pace,1611661325,4Q/OT | margin -3..3 | 300..120,get-shots__shots__entity_type-Team__season-2025__season_type-Regular_Season__team_id-1611661325__entity_id-1611661325__44fa9629,get-shots,https://api.pbpstats.com/get-shots/wnba?EntityType=Team&Season=2025&SeasonType=Regular+Season&TeamId=1611661325&EntityId=1611661325,200,157,,,,,,False,1611661329,137.0,387,2025-09-05,1022500269,1627672-1628909-1629488-203024-203035,False,CHI,1628915-1642244-1642289-1642818-204296,,,,,,1611661325,3,Brianna Turner,1629488,31,02:36,0,,1642289,Kamilla Cardoso,0,,0,,False,18,,2.7,0.6741,140.0,AtRim,2,156.0,OffAtRimMake,IND,02:20,,23,15,False,shots,4Q/OT | margin -3..3 | 300..120,team
wnba,wnba_shot_pace,shot_pace,shots,get-shots,2025,Regular Season,team,"{'EntityType': 'Team', 'Season': '2025', 'SeasonType': 'Regular Season', 'TeamId': '1611661325', 'EntityId': '1611661325'}",shot_pace,1611661325,4Q/OT | margin -3..3 | 300..120,get-shots__shots__entity_type-Team__season-2025__season_type-Regular_Season__team_id-1611661325__entity_id-1611661325__44fa9629,get-shots,https://api.pbpstats.com/get-shots/wnba?EntityType=Team&Season=2025&SeasonType=Regular+Season&TeamId=1611661325&EntityId=1611661325,200,158,,,,,,False,1611661329,178.0,380,2025-09-05,1022500269,1627672-1628909-1629488-203024-203035,False,CHI,1628915-1642244-1642818-204296-204322,,,,,,1611661325,3,Kelsey Mitchell,1628909,29,03:02,0,,0,,203035,Shey Peddy,204322,Elizabeth Williams,False,20,,25.1,0.352,180.0,Arc3,3,182.0,OffLiveBallTurnover,IND,03:00,,-162,192,False,shots,4Q/OT | margin -3..3 | 300..120,team
wnba,wnba_shot_pace,shot_pace,shots,get-shots,2025,Regular Season,team,"{'EntityType': 'Team', 'Season': '2025', 'SeasonType': 'Regular Season', 'TeamId': '1611661325', 'EntityId': '1611661325'}",shot_pace,1611661325,4Q/OT | margin -3..3 | 300..120,get-shots__shots__entity_type-Team__season-2025__season_type-Regular_Season__team_id-1611661325__entity_id-1611661325__44fa9629,get-shots,https://api.pbpstats.com/get-shots/wnba?EntityType=Team&Season=2025&SeasonType=Regular+Season&TeamId=1611661325&EntityId=1611661325,200,159,Aerial Powers,1627672.0,True,,,,1611661329,188.0,376,2025-09-05,1022500269,1627672-1628909-1629488-203024-203035,True,CHI,1628915-1642244-1642818-204296-204322,,,,,,1611661325,3,Shey Peddy,203035,27,03:18,1629488,Brianna Turner,204296,Rebecca Allen,0,,0,,False,17,,22.9,0.4358,188.0,Corner3,3,198.0,OffCorner3Miss,IND,03:08,,229,0,False,shots,4Q/OT | margin -3..3 | 300..120,team
wnba,wnba_shot_pace,shot_pace,shots,get-shots,2025,Regular Season,team,"{'EntityType': 'Team', 'Season': '2025', 'SeasonType': 'Regular Season', 'TeamId': '1611661325', 'EntityId': '1611661325'}",shot_pace,1611661325,4Q/OT | margin -3..3 | 300..120,get-shots__shots__entity_type-Team__season-2025__season_type-Regular_Season__team_id-1611661325__entity_id-1611661325__44fa9629,get-shots,https://api.pbpstats.com/get-shots/wnba?EntityType=Team&Season=2025&SeasonType=Regular+Season&TeamId=1611661325&EntityId=1611661325,200,160,,,,Rebecca Allen,204296.0,True,1611661329,219.0,368,2025-09-05,1022500269,1627672-1628909-1629488-203024-203035,False,CHI,1628915-1642244-1642818-204296-204322,,,,,,1611661325,3,Kelsey Mitchell,1628909,25,03:53,0,,0,,0,,0,,False,17,,25.2,0.3533,223.0,Arc3,3,233.0,OffDeadball,IND,03:43,,99,232,False,shots,4Q/OT | margin -3..3 | 300..120,team
wnba,wnba_shot_pace,shot_pace,shots,get-shots,2025,Regular Season,team,"{'EntityType': 'Team', 'Season': '2025', 'SeasonType': 'Regular Season', 'TeamId': '1611661325', 'EntityId': '1611661325'}",shot_pace,1611661325,4Q/OT | margin -3..3 | 300..120,get-shots__shots__entity_type-Team__season-2025__season_type-Regular_Season__team_id-1611661325__entity_id-1611661325__44fa9629,get-shots,https://api.pbpstats.com/get-shots/wnba?EntityType=Team&Season=2025&SeasonType=Regular+Season&TeamId=1611661325&EntityId=1611661325,200,161,,,,,,False,1611661329,241.0,359,2025-09-05,1022500269,1627672-1628909-1629488-203024-203035,False,CHI,1627671-1628915-1630446-1642818-204322,,,,,,1611661325,3,Kelsey Mitchell,1628909,23,04:16,0,,0,,0,,0,,False,17,,21.2,0.3757,244.0,LongMidRange,2,256.0,OffFTMake,IND,04:04,,93,191,False,shots,4Q/OT | margin -3..3 | 300..120,team
wnba,wnba_shot_pace,shot_pace,shots,get-shots,2025,Regular Season,team,"{'EntityType': 'Team', 'Season': '2025', 'SeasonType': 'Regular Season', 'TeamId': '1611661325', 'EntityId': '1611661325'}",shot_pace,1611661325,4Q/OT | margin -3..3 | 300..120,get-shots__shots__entity_type-Team__season-2025__season_type-Regular_Season__team_id-1611661325__entity_id-1611661325__44fa9629,get-shots,https://api.pbpstats.com/get-shots/wnba?EntityType=Team&Season=2025&SeasonType=Regular+Season&TeamId=1611661325&EntityId=1611661325,200,162,,,,,,False,1611661329,294.0,343,2025-09-05,1022500269,1627672-1628909-1631086-203024-203827,False,CHI,1627671-1628915-1630446-1642818-204322,,,,,,1611661325,3,Damiris Dantas,203024,21,05:11,0,,0,,0,,0,,False,18,,23.5,0.3381,295.0,Arc3,3,311.0,OffFTMake,IND,04:55,,194,132,False,shots,4Q/OT | margin -3..3 | 300..120,team
wnba,wnba_shot_pace,shot_pace,shots,get-shots,2025,Regular Season,team,"{'EntityType': 'Team', 'Season': '2025', 'SeasonType': 'Regular Season', 'TeamId': '1611661325', 'EntityId': '1611661325'}",shot_pace,1611661325,4Q/OT | margin -3..3 | 300..120,get-shots__shots__entity_type-Team__season-2025__season_type-Regular_Season__team_id-1611661325__entity_id-1611661325__44fa9629,get-shots,https://api.pbpstats.com/get-shots/wnba?EntityType=Team&Season=2025&SeasonType=Regular+Season&TeamId=1611661325&EntityId=1611661325,200,163,,,False,,,,1611661329,327.0,336,2025-09-05,1022500269,1627672-1628909-1631086-203024-203827,True,CHI,1627671-1628915-1630446-1642289-204322,Natasha Howard,203827.0,Aerial Powers,1627672.0,Arc3,1611661325,3,Natasha Howard,203827,19,05:38,0,,0,,203827,Natasha Howard,1642289,Kamilla Cardoso,True,18,1.0,2.0,0.6483,327.0,AtRim,2,338.0,OffLiveBallTurnover,IND,05:27,,7,19,False,shots,4Q/OT | margin -3..3 | 300..120,team
wnba,wnba_shot_pace,shot_pace,shots,get-shots,2025,Regular Season,team,"{'EntityType': 'Team', 'Season': '2025', 'SeasonType': 'Regular Season', 'TeamId': '1611661325', 'EntityId': '1611661325'}",shot_pace,1611661325,4Q/OT | margin -3..3 | 300..120,get-shots__shots__entity_type-Team__season-2025__season_type-Regular_Season__team_id-1611661325__entity_id-1611661325__44fa9629,get-shots,https://api.pbpstats.com/get-shots/wnba?EntityType=Team&Season=2025&SeasonType=Regular+Season&TeamId=1611661325&EntityId=1611661325,200,164,,,,,,False,1611661329,327.0,334,2025-09-05,1022500269,1627672-1628909-1631086-203024-203827,False,CHI,1627671-1628915-1630446-1642289-204322,,,,,,1611661325,3,Aerial Powers,1627672,19,05:38,0,,0,,203827,Natasha Howard,1642289,Kamilla Cardoso,False,18,,25.3,0.3716,333.0,Arc3,3,338.0,OffLiveBallTurnover,IND,05:33,,119,223,False,shots,4Q/OT | margin -3..3 | 300..120,team
wnba,wnba_shot_pace,shot_pace,shots,get-shots,2025,Regular Season,team,"{'EntityType': 'Team', 'Season': '2025', 'SeasonType': 'Regular Season', 'TeamId': '1611661325', 'EntityId': '1611661325'}",shot_pace,1611661325,4Q/OT | margin -3..3 | 300..120,get-shots__shots__entity_type-Team__season-2025__season_type-Regular_Season__team_id-1611661325__entity_id-1611661325__44fa9629,get-shots,https://api.pbpstats.com/get-shots/wnba?EntityType=Team&Season=2025&SeasonType=Regular+Season&TeamId=1611661325&EntityId=1611661325,200,165,,,False,,,,1611661329,353.0,331,2025-09-05,1022500269,1627672-1628909-1631086-203024-203827,True,CHI,1627671-1628915-1630446-1642289-204322,,,,,,1611661325,3,Kelsey Mitchell,1628909,17,06:01,0,,0,,0,,0,,False,16,,16.9,0.4076,353.0,LongMidRange,2,361.0,OffDeadball,IND,05:53,,-112,127,False,shots,4Q/OT | margin -3..3 | 300..120,team
wnba,wnba_shot_pace,shot_pace,shots,get-shots,2025,Regular Season,team,"{'EntityType': 'Team', 'Season': '2025', 'SeasonType': 'Regular Season', 'TeamId': '1611661325', 'EntityId': '1611661325'}",shot_pace,1611661325,4Q/OT | margin -3..3 | 300..120,get-shots__shots__entity_type-Team__season-2025__season_type-Regular_Season__team_id-1611661325__entity_id-1611661325__44fa9629,get-shots,https://api.pbpstats.com/get-shots/wnba?EntityType=Team&Season=2025&SeasonType=Regular+Season&TeamId=1611661325&EntityId=1611661325,200,166,Kelsey Mitchell,1628909.0,True,,,,1611661329,396.0,320,2025-09-05,1022500269,1627672-1628909-1631086-203024-203827,True,CHI,1627671-1628878-1630446-1642289-204322,,,,,,1611661325,3,Natasha Howard,203827,13,06:48,0,,0,,0,,0,,False,14,,4.0,0.5196,396.0,ShortMidRange,2,408.0,OffDeadball,IND,06:36,,-11,38,False,shots,4Q/OT | margin -3..3 | 300..120,team
wnba,wnba_shot_pace,shot_pace,shots,get-shots,2025,Regular Season,team,"{'EntityType': 'Team', 'Season': '2025', 'SeasonType': 'Regular Season', 'TeamId': '1611661325', 'EntityId': '1611661325'}",shot_pace,1611661325,4Q/OT | margin -3..3 | 300..120,get-shots__shots__entity_type-Team__season-2025__season_type-Regular_Season__team_id-1611661325__entity_id-1611661325__44fa9629,get-shots,https://api.pbpstats.com/get-shots/wnba?EntityType=Team&Season=2025&SeasonType=Regular+Season&TeamId=1611661325&EntityId=1611661325,200,167,Kelsey Mitchell,1628909.0,True,,,,1611661329,425.0,317,2025-09-05,1022500269,1627672-1628909-1631086-203024-203827,True,CHI,1627671-1628878-1630446-1642289-204322,,,,,,1611661325,3,Damiris Dantas,203024,11,07:14,0,,0,,0,,0,,False,11,,24.6,0.3203,425.0,Arc3,3,434.0,OffTimeout,IND,07:05,,75,234,False,shots,4Q/OT | margin -3..3 | 300..120,team
wnba,wnba_shot_pace,shot_pace,shots,get-shots,2025,Regular Season,team,"{'EntityType': 'Team', 'Season': '2025', 'SeasonType': 'Regular Season', 'TeamId': '1611661325', 'EntityId': '1611661325'}",shot_pace,1611661325,4Q/OT | margin -3..3 | 300..120,get-shots__shots__entity_type-Team__season-2025__season_type-Regular_Season__team_id-1611661325__entity_id-1611661325__44fa9629,get-shots,https://api.pbpstats.com/get-shots/wnba?EntityType=Team&Season=2025&SeasonType=Regular+Season&TeamId=1611661325&EntityId=1611661325,200,168,,,,,,False,1611661329,444.0,310,2025-09-05,1022500269,1628909-1631086-203024-203824-203827,False,CHI,1627671-1628878-1630446-1642289-204322,,,,,,1611661325,3,Damiris Dantas,203024,9,07:36,0,,1630446,Michaela Onyenwere,0,,0,,False,13,,25.5,0.3507,444.0,Arc3,3,456.0,OffAtRimMake,IND,07:24,,-165,194,False,shots,4Q/OT | margin -3..3 | 300..120,team
wnba,wnba_shot_pace,shot_pace,shots,get-shots,2025,Regular Season,team,"{'EntityType': 'Team', 'Season': '2025', 'SeasonType': 'Regular Season', 'TeamId': '1611661325', 'EntityId': '1611661325'}",shot_pace,1611661325,4Q/OT | margin -3..3 | 300..120,get-shots__shots__entity_type-Team__season-2025__season_type-Regular_Season__team_id-1611661325__entity_id-1611661325__44fa9629,get-shots,https://api.pbpstats.com/get-shots/wnba?EntityType=Team&Season=2025&SeasonType=Regular+Season&TeamId=1611661325&EntityId=1611661325,200,169,,,,,,False,1611661329,496.0,294,2025-09-05,1022500269,1628909-1631086-1641648-203824-203827,False,CHI,1627671-1628878-1630446-1642289-204322,,0.0,Aliyah Boston,1641648.0,Team,1611661325,3,Odyssey Sims,203824,5,08:49,0,,1630446,Michaela Onyenwere,0,,0,,False,15,9.0,23.6,0.3765,500.0,Corner3,3,529.0,OffAtRimMake,IND,08:20,,-235,23,False,shots,4Q/OT | margin -3..3 | 300..120,team
wnba,wnba_shot_pace,shot_pace,shots,get-shots,2025,Regular Season,team,"{'EntityType': 'Team', 'Season': '2025', 'SeasonType': 'Regular Season', 'TeamId': '1611661325', 'EntityId': '1611661325'}",shot_pace,1611661325,4Q/OT | margin -3..3 | 300..120,get-shots__shots__entity_type-Team__season-2025__season_type-Regular_Season__team_id-1611661325__entity_id-1611661325__44fa9629,get-shots,https://api.pbpstats.com/get-shots/wnba?EntityType=Team&Season=2025&SeasonType=Regular+Season&TeamId=1611661325&EntityId=1611661325,200,170,,,,,,False,1611661329,496.0,291,2025-09-05,1022500269,1628909-1631086-1641648-203824-203827,False,CHI,1627671-1628878-1630446-1642289-204322,,,,,,1611661325,3,Aliyah Boston,1641648,5,08:49,0,,1630446,Michaela Onyenwere,0,,0,,False,15,,15.6,0.4175,514.0,LongMidRange,2,529.0,OffAtRimMake,IND,08:34,,-1,156,False,shots,4Q/OT | margin -3..3 | 300..120,team
wnba,wnba_shot_pace,shot_pace,shots,get-shots,2025,Regular Season,team,"{'EntityType': 'Team', 'Season': '2025', 'SeasonType': 'Regular Season', 'TeamId': '1611661325', 'EntityId': '1611661325'}",shot_pace,1611661325,4Q/OT | margin -3..3 | 300..120,get-shots__shots__entity_type-Team__season-2025__season_type-Regular_Season__team_id-1611661325__entity_id-1611661325__44fa9629,get-shots,https://api.pbpstats.com/get-shots/wnba?EntityType=Team&Season=2025&SeasonType=Regular+Season&TeamId=1611661325&EntityId=1611661325,200,171,Odyssey Sims,203824.0,True,,,,1611661329,551.0,286,2025-09-05,1022500269,1628909-1631086-1641648-203824-203827,True,CHI,1627671-1628878-1630446-1642289-204322,Lexie Hull,1631086.0,Aliyah Boston,1641648.0,LongMidRange,1611661325,3,Aliyah Boston,1641648,3,09:29,0,,0,,203827,Natasha Howard,1642289,Kamilla Cardoso,False,15,6.0,2.3,0.6671,551.0,AtRim,2,569.0,OffLiveBallTurnover,IND,09:11,,11,20,False,shots,4Q/OT | margin -3..3 | 300..120,team
wnba,wnba_shot_pace,shot_pace,shots,get-shots,2025,Regular Season,team,"{'EntityType': 'Team', 'Season': '2025', 'SeasonType': 'Regular Season', 'TeamId': '1611661325', 'EntityId': '1611661325'}",shot_pace,1611661325,4Q/OT | margin -3..3 | 300..120,get-shots__shots__entity_type-Team__season-2025__season_type-Regular_Season__team_id-1611661325__entity_id-1611661325__44fa9629,get-shots,https://api.pbpstats.com/get-shots/wnba?EntityType=Team&Season=2025&SeasonType=Regular+Season&TeamId=1611661325&EntityId=1611661325,200,172,,,,,,False,1611661329,551.0,282,2025-09-05,1022500269,1628909-1631086-1641648-203824-203827,False,CHI,1627671-1628878-1630446-1642289-204322,,,,,,1611661325,3,Aliyah Boston,1641648,3,09:29,0,,0,,203827,Natasha Howard,1642289,Kamilla Cardoso,False,15,,18.4,0.3889,561.0,LongMidRange,2,569.0,OffLiveBallTurnover,IND,09:21,,-157,95,False,shots,4Q/OT | margin -3..3 | 300..120,team
wnba,wnba_shot_pace,shot_pace,shots,get-shots,2025,Regular Season,team,"{'EntityType': 'Team', 'Season': '2025', 'SeasonType': 'Regular Season', 'TeamId': '1611661325', 'EntityId': '1611661325'}",shot_pace,1611661325,4Q/OT | margin -3..3 | 300..120,get-shots__shots__entity_type-Team__season-2025__season_type-Regular_Season__team_id-1611661325__entity_id-1611661325__44fa9629,get-shots,https://api.pbpstats.com/get-shots/wnba?EntityType=Team&Season=2025&SeasonType=Regular+Season&TeamId=1611661325&EntityId=1611661325,200,173,,,False,,,,1611661329,3.0,262,2025-09-05,1022500269,1628909-1629488-1631086-203024-203824,True,CHI,1628915-1642244-1642289-204296-204322,,,,,,1611661325,2,Odyssey Sims,203824,39,00:09,0,,1642244,Sevgi Uzun,0,,0,,False,13,,9.8,0.4049,3.0,ShortMidRange,2,9.0,OffLongMidRangeMake,IND,00:03,,-10,97,False,shots,4Q/OT | margin -3..3 | 300..120,team
wnba,wnba_shot_pace,shot_pace,shots,get-shots,2025,Regular Season,team,"{'EntityType': 'Team', 'Season': '2025', 'SeasonType': 'Regular Season', 'TeamId': '1611661325', 'EntityId': '1611661325'}",shot_pace,1611661325,4Q/OT | margin -3..3 | 300..120,get-shots__shots__entity_type-Team__season-2025__season_type-Regular_Season__team_id-1611661325__entity_id-1611661325__44fa9629,get-shots,https://api.pbpstats.com/get-shots/wnba?EntityType=Team&Season=2025&SeasonType=Regular+Season&TeamId=1611661325&EntityId=1611661325,200,174,,,False,,,,1611661329,27.0,260,2025-09-05,1022500269,1628909-1629488-1631086-203024-203824,True,CHI,1628915-1642244-1642289-204296-204322,,,,,,1611661325,2,Kelsey Mitchell,1628909,37,00:42,0,,204296,Rebecca Allen,0,,0,,False,13,,2.5,0.5793,27.0,AtRim,2,42.0,OffArc3Make,IND,00:27,,-11,22,False,shots,4Q/OT | margin -3..3 | 300..120,team
wnba,wnba_shot_pace,shot_pace,shots,get-shots,2025,Regular Season,team,"{'EntityType': 'Team', 'Season': '2025', 'SeasonType': 'Regular Season', 'TeamId': '1611661325', 'EntityId': '1611661325'}",shot_pace,1611661325,4Q/OT | margin -3..3 | 300..120,get-shots__shots__entity_type-Team__season-2025__season_type-Regular_Season__team_id-1611661325__entity_id-1611661325__44fa9629,get-shots,https://api.pbpstats.com/get-shots/wnba?EntityType=Team&Season=2025&SeasonType=Regular+Season&TeamId=1611661325&EntityId=1611661325,200,175,,,,,,False,1611661329,91.0,252,2025-09-05,1022500269,1628909-1629488-1631086-203024-203824,False,CHI,1628915-1642244-1642289-204296-204322,,,,,,1611661325,2,Damiris Dantas,203024,33,01:51,203024,Damiris Dantas,1642289,Kamilla Cardoso,0,,0,,False,18,,23.5,0.4158,95.0,Arc3,3,111.0,OffFTMiss,IND,01:35,,-69,225,False,shots,4Q/OT | margin -3..3 | 300..120,team
wnba,wnba_shot_pace,shot_pace,shots,get-shots,2025,Regular Season,team,"{'EntityType': 'Team', 'Season': '2025', 'SeasonType': 'Regular Season', 'TeamId': '1611661325', 'EntityId': '1611661325'}",shot_pace,1611661325,4Q/OT | margin -3..3 | 300..120,get-shots__shots__entity_type-Team__season-2025__season_type-Regular_Season__team_id-1611661325__entity_id-1611661325__44fa9629,get-shots,https://api.pbpstats.com/get-shots/wnba?EntityType=Team&Season=2025&SeasonType=Regular+Season&TeamId=1611661325&EntityId=1611661325,200,176,,,,,,False,1611661329,130.0,243,2025-09-05,1022500269,1628909-1629488-1631086-203024-203824,False,CHI,1628915-1642244-1642289-204296-204322,,,,,,1611661325,2,Lexie Hull,1631086,31,02:22,0,,0,,0,,0,,False,19,,22.8,0.2777,131.0,Corner3,3,142.0,OffTimeout,IND,02:11,,228,13,False,shots,4Q/OT | margin -3..3 | 300..120,team
wnba,wnba_shot_pace,shot_pace,shots,get-shots,2025,Regular Season,team,"{'EntityType': 'Team', 'Season': '2025', 'SeasonType': 'Regular Season', 'TeamId': '1611661325', 'EntityId': '1611661325'}",shot_pace,1611661325,4Q/OT | margin -3..3 | 300..120,get-shots__shots__entity_type-Team__season-2025__season_type-Regular_Season__team_id-1611661325__entity_id-1611661325__44fa9629,get-shots,https://api.pbpstats.com/get-shots/wnba?EntityType=Team&Season=2025&SeasonType=Regular+Season&TeamId=1611661325&EntityId=1611661325,200,177,,,False,,,,1611661329,166.0,235,2025-09-05,1022500269,1628909-1631086-203024-203824-203827,True,CHI,1628915-1642244-1642289-204296-204322,,,,,,1611661325,2,Odyssey Sims,203824,29,02:55,0,,204322,Elizabeth Williams,0,,0,,False,19,,14.2,0.4465,166.0,LongMidRange,2,175.0,OffShortMidRangeMake,IND,02:46,,-67,125,False,shots,4Q/OT | margin -3..3 | 300..120,team
wnba,wnba_shot_pace,shot_pace,shots,get-shots,2025,Regular Season,team,"{'EntityType': 'Team', 'Season': '2025', 'SeasonType': 'Regular Season', 'TeamId': '1611661325', 'EntityId': '1611661325'}",shot_pace,1611661325,4Q/OT | margin -3..3 | 300..120,get-shots__shots__entity_type-Team__season-2025__season_type-Regular_Season__team_id-1611661325__entity_id-1611661325__44fa9629,get-shots,https://api.pbpstats.com/get-shots/wnba?EntityType=Team&Season=2025&SeasonType=Regular+Season&TeamId=1611661325&EntityId=1611661325,200,178,Kelsey Mitchell,1628909.0,True,,,,1611661329,192.0,231,2025-09-05,1022500269,1628909-1631086-203024-203824-203827,True,CHI,1628915-1642244-1642289-204296-204322,,,,,,1611661325,2,Natasha Howard,203827,27,03:30,0,,0,,0,,0,,False,19,,2.2,0.5727,192.0,AtRim,2,210.0,OffDeadball,IND,03:12,,-22,-3,False,shots,4Q/OT | margin -3..3 | 300..120,team
wnba,wnba_shot_pace,shot_pace,shots,get-shots,2025,Regular Season,team,"{'EntityType': 'Team', 'Season': '2025', 'SeasonType': 'Regular Season', 'TeamId': '1611661325', 'EntityId': '1611661325'}",shot_pace,1611661325,4Q/OT | margin -3..3 | 300..120,get-shots__shots__entity_type-Team__season-2025__season_type-Regular_Season__team_id-1611661325__entity_id-1611661325__44fa9629,get-shots,https://api.pbpstats.com/get-shots/wnba?EntityType=Team&Season=2025&SeasonType=Regular+Season&TeamId=1611661325&EntityId=1611661325,200,179,Damiris Dantas,203024.0,True,,,,1611661329,221.0,224,2025-09-05,1022500269,1628909-1631086-203024-203824-203827,True,CHI,1628878-1628915-1642244-1642289-204322,,,,,,1611661325,2,Odyssey Sims,203824,25,03:57,0,,0,,203827,Natasha Howard,1642289,Kamilla Cardoso,False,17,,2.8,0.4944,221.0,AtRim,2,237.0,OffLiveBallTurnover,IND,03:41,,-16,23,False,shots,4Q/OT | margin -3..3 | 300..120,team
wnba,wnba_shot_pace,shot_pace,shots,get-shots,2025,Regular Season,team,"{'EntityType': 'Team', 'Season': '2025', 'SeasonType': 'Regular Season', 'TeamId': '1611661325', 'EntityId': '1611661325'}",shot_pace,1611661325,4Q/OT | margin -3..3 | 300..120,get-shots__shots__entity_type-Team__season-2025__season_type-Regular_Season__team_id-1611661325__entity_id-1611661325__44fa9629,get-shots,https://api.pbpstats.com/get-shots/wnba?EntityType=Team&Season=2025&SeasonType=Regular+Season&TeamId=1611661325&EntityId=1611661325,200,180,Kelsey Mitchell,1628909.0,True,,,,1611661329,249.0,220,2025-09-05,1022500269,1628909-1631086-203024-203824-203827,True,CHI,1628878-1628915-1642244-1642289-204322,,,,,,1611661325,2,Natasha Howard,203827,23,04:28,0,,1628878,Ariel Atkins,0,,0,,False,15,,9.6,0.4173,249.0,ShortMidRange,2,268.0,OffShortMidRangeMake,IND,04:09,,45,85,False,shots,4Q/OT | margin -3..3 | 300..120,team
wnba,wnba_shot_pace,shot_pace,shots,get-shots,2025,Regular Season,team,"{'EntityType': 'Team', 'Season': '2025', 'SeasonType': 'Regular Season', 'TeamId': '1611661325', 'EntityId': '1611661325'}",shot_pace,1611661325,4Q/OT | margin -3..3 | 300..120,get-shots__shots__entity_type-Team__season-2025__season_type-Regular_Season__team_id-1611661325__entity_id-1611661325__44fa9629,get-shots,https://api.pbpstats.com/get-shots/wnba?EntityType=Team&Season=2025&SeasonType=Regular+Season&TeamId=1611661325&EntityId=1611661325,200,181,,,,,,False,1611661329,278.0,214,2025-09-05,1022500269,1628909-1631086-203024-203824-203827,False,CHI,1627671-1628878-1642244-1642289-204322,,,,,,1611661325,2,Damiris Dantas,203024,21,04:51,0,,204322,Elizabeth Williams,0,,0,,False,17,,24.7,0.3741,281.0,Arc3,3,291.0,OffAtRimMake,IND,04:41,,-207,134,False,shots,4Q/OT | margin -3..3 | 300..120,team
wnba,wnba_shot_pace,shot_pace,shots,get-shots,2025,Regular Season,team,"{'EntityType': 'Team', 'Season': '2025', 'SeasonType': 'Regular Season', 'TeamId': '1611661325', 'EntityId': '1611661325'}",shot_pace,1611661325,4Q/OT | margin -3..3 | 300..120,get-shots__shots__entity_type-Team__season-2025__season_type-Regular_Season__team_id-1611661325__entity_id-1611661325__44fa9629,get-shots,https://api.pbpstats.com/get-shots/wnba?EntityType=Team&Season=2025&SeasonType=Regular+Season&TeamId=1611661325&EntityId=1611661325,200,182,Natasha Howard,203827.0,True,,,,1611661329,312.0,210,2025-09-05,1022500269,1628909-1631086-203024-203824-203827,True,CHI,1627671-1628878-1642244-1642289-204322,Lexie Hull,1631086.0,Damiris Dantas,203024.0,Arc3,1611661325,2,Odyssey Sims,203824,19,05:35,0,,0,,0,,0,,False,16,5.0,24.0,0.3859,312.0,Corner3,3,335.0,OffFTMake,IND,05:12,,224,85,False,shots,4Q/OT | margin -3..3 | 300..120,team
wnba,wnba_shot_pace,shot_pace,shots,get-shots,2025,Regular Season,team,"{'EntityType': 'Team', 'Season': '2025', 'SeasonType': 'Regular Season', 'TeamId': '1611661325', 'EntityId': '1611661325'}",shot_pace,1611661325,4Q/OT | margin -3..3 | 300..120,get-shots__shots__entity_type-Team__season-2025__season_type-Regular_Season__team_id-1611661325__entity_id-1611661325__44fa9629,get-shots,https://api.pbpstats.com/get-shots/wnba?EntityType=Team&Season=2025&SeasonType=Regular+Season&TeamId=1611661325&EntityId=1611661325,200,183,,,,,,False,1611661329,312.0,207,2025-09-05,1022500269,1628909-1631086-203024-203824-203827,False,CHI,1627671-1628878-1642244-1642289-204322,,,,,,1611661325,2,Damiris Dantas,203024,19,05:35,0,,0,,0,,0,,False,16,,24.2,0.3483,322.0,Arc3,3,335.0,OffFTMake,IND,05:22,,49,237,False,shots,4Q/OT | margin -3..3 | 300..120,team
wnba,wnba_shot_pace,shot_pace,shots,get-shots,2025,Regular Season,team,"{'EntityType': 'Team', 'Season': '2025', 'SeasonType': 'Regular Season', 'TeamId': '1611661325', 'EntityId': '1611661325'}",shot_pace,1611661325,4Q/OT | margin -3..3 | 300..120,get-shots__shots__entity_type-Team__season-2025__season_type-Regular_Season__team_id-1611661325__entity_id-1611661325__44fa9629,get-shots,https://api.pbpstats.com/get-shots/wnba?EntityType=Team&Season=2025&SeasonType=Regular+Season&TeamId=1611661325&EntityId=1611661325,200,184,Natasha Howard,203827.0,True,,,,1611661329,354.0,200,2025-09-05,1022500269,1628909-1631086-203024-203824-203827,True,CHI,1627671-1628878-1642244-1642289-204322,,,,,,1611661325,2,Odyssey Sims,203824,17,06:11,0,,0,,0,,0,,False,16,,2.2,0.679,354.0,AtRim,2,371.0,OffFTMake,IND,05:54,,-21,7,False,shots,4Q/OT | margin -3..3 | 300..120,team
wnba,wnba_shot_pace,shot_pace,shots,get-shots,2025,Regular Season,team,"{'EntityType': 'Team', 'Season': '2025', 'SeasonType': 'Regular Season', 'TeamId': '1611661325', 'EntityId': '1611661325'}",shot_pace,1611661325,4Q/OT | margin -3..3 | 300..120,get-shots__shots__entity_type-Team__season-2025__season_type-Regular_Season__team_id-1611661325__entity_id-1611661325__44fa9629,get-shots,https://api.pbpstats.com/get-shots/wnba?EntityType=Team&Season=2025&SeasonType=Regular+Season&TeamId=1611661325&EntityId=1611661325,200,185,,,,,,False,1611661329,376.0,192,2025-09-05,1022500269,1628909-1631086-1641648-203824-203827,False,CHI,1627671-1628878-1642244-1642289-204322,,,,,,1611661325,2,Kelsey Mitchell,1628909,15,06:28,203827,Natasha Howard,1628878,Ariel Atkins,0,,0,,False,18,,23.5,0.3757,379.0,Arc3,3,388.0,OffShortMidRangeMiss,IND,06:19,,82,220,False,shots,4Q/OT | margin -3..3 | 300..120,team
wnba,wnba_shot_pace,shot_pace,shots,get-shots,2025,Regular Season,team,"{'EntityType': 'Team', 'Season': '2025', 'SeasonType': 'Regular Season', 'TeamId': '1611661325', 'EntityId': '1611661325'}",shot_pace,1611661325,4Q/OT | margin -3..3 | 300..120,get-shots__shots__entity_type-Team__season-2025__season_type-Regular_Season__team_id-1611661325__entity_id-1611661325__44fa9629,get-shots,https://api.pbpstats.com/get-shots/wnba?EntityType=Team&Season=2025&SeasonType=Regular+Season&TeamId=1611661325&EntityId=1611661325,200,186,,,,,,False,1611661329,398.0,182,2025-09-05,1022500269,1627672-1631086-1641648-203824-203827,False,CHI,1627671-1628878-1630446-1642289-204322,,,,,,1611661325,2,Odyssey Sims,203824,13,06:50,0,,1630446,Michaela Onyenwere,0,,0,,False,18,,9.7,0.4283,401.0,ShortMidRange,2,410.0,OffShortMidRangeMake,IND,06:41,,-45,86,False,shots,4Q/OT | margin -3..3 | 300..120,team
wnba,wnba_shot_pace,shot_pace,shots,get-shots,2025,Regular Season,team,"{'EntityType': 'Team', 'Season': '2025', 'SeasonType': 'Regular Season', 'TeamId': '1611661325', 'EntityId': '1611661325'}",shot_pace,1611661325,4Q/OT | margin -3..3 | 300..120,get-shots__shots__entity_type-Team__season-2025__season_type-Regular_Season__team_id-1611661325__entity_id-1611661325__44fa9629,get-shots,https://api.pbpstats.com/get-shots/wnba?EntityType=Team&Season=2025&SeasonType=Regular+Season&TeamId=1611661325&EntityId=1611661325,200,187,Lexie Hull,1631086.0,True,,,,1611661329,433.0,178,2025-09-05,1022500269,1627672-1631086-1641648-203824-203827,True,CHI,1627671-1628878-1630446-1642289-204322,,,,,,1611661325,2,Aliyah Boston,1641648,11,07:24,0,,0,,0,,0,,False,18,,4.2,0.54,433.0,ShortMidRange,2,444.0,OffFTMake,IND,07:13,,-24,34,False,shots,4Q/OT | margin -3..3 | 300..120,team
wnba,wnba_shot_pace,shot_pace,shots,get-shots,2025,Regular Season,team,"{'EntityType': 'Team', 'Season': '2025', 'SeasonType': 'Regular Season', 'TeamId': '1611661325', 'EntityId': '1611661325'}",shot_pace,1611661325,4Q/OT | margin -3..3 | 300..120,get-shots__shots__entity_type-Team__season-2025__season_type-Regular_Season__team_id-1611661325__entity_id-1611661325__44fa9629,get-shots,https://api.pbpstats.com/get-shots/wnba?EntityType=Team&Season=2025&SeasonType=Regular+Season&TeamId=1611661325&EntityId=1611661325,200,188,,,False,,,,1611661329,462.0,172,2025-09-05,1022500269,1627672-1631086-1641648-203824-203827,True,CHI,1627671-1628878-1630446-1642289-204322,Natasha Howard,203827.0,Aliyah Boston,1641648.0,ShortMidRange,1611661325,2,Natasha Howard,203827,9,07:59,0,,0,,0,,0,,True,18,0.0,0.6,0.647,462.0,AtRim,2,479.0,OffDeadball,IND,07:42,,0,-6,False,shots,4Q/OT | margin -3..3 | 300..120,team
wnba,wnba_shot_pace,shot_pace,shots,get-shots,2025,Regular Season,team,"{'EntityType': 'Team', 'Season': '2025', 'SeasonType': 'Regular Season', 'TeamId': '1611661325', 'EntityId': '1611661325'}",shot_pace,1611661325,4Q/OT | margin -3..3 | 300..120,get-shots__shots__entity_type-Team__season-2025__season_type-Regular_Season__team_id-1611661325__entity_id-1611661325__44fa9629,get-shots,https://api.pbpstats.com/get-shots/wnba?EntityType=Team&Season=2025&SeasonType=Regular+Season&TeamId=1611661325&EntityId=1611661325,200,189,,,,,,False,1611661329,462.0,170,2025-09-05,1022500269,1627672-1631086-1641648-203824-203827,False,CHI,1627671-1628878-1630446-1642289-204322,,,,,,1611661325,2,Aliyah Boston,1641648,9,07:59,0,,0,,0,,0,,False,18,,4.5,0.5,466.0,ShortMidRange,2,479.0,OffDeadball,IND,07:46,,-29,34,False,shots,4Q/OT | margin -3..3 | 300..120,team
wnba,wnba_shot_pace,shot_pace,shots,get-shots,2025,Regular Season,team,"{'EntityType': 'Team', 'Season': '2025', 'SeasonType': 'Regular Season', 'TeamId': '1611661325', 'EntityId': '1611661325'}",shot_pace,1611661325,4Q/OT | margin -3..3 | 300..120,get-shots__shots__entity_type-Team__season-2025__season_type-Regular_Season__team_id-1611661325__entity_id-1611661325__44fa9629,get-shots,https://api.pbpstats.com/get-shots/wnba?EntityType=Team&Season=2025&SeasonType=Regular+Season&TeamId=1611661325&EntityId=1611661325,200,190,Odyssey Sims,203824.0,True,,,,1611661329,500.0,163,2025-09-05,1022500269,1627672-1631086-1641648-203824-203827,True,CHI,1627671-1628878-1630446-1642289-204322,,,,,,1611661325,2,Lexie Hull,1631086,7,08:21,0,,0,,0,,0,,False,16,,16.6,0.3454,500.0,LongMidRange,2,501.0,OffDeadball,IND,08:20,,-144,83,False,shots,4Q/OT | margin -3..3 | 300..120,team
wnba,wnba_shot_pace,shot_pace,shots,get-shots,2025,Regular Season,team,"{'EntityType': 'Team', 'Season': '2025', 'SeasonType': 'Regular Season', 'TeamId': '1611661325', 'EntityId': '1611661325'}",shot_pace,1611661325,4Q/OT | margin -3..3 | 300..120,get-shots__shots__entity_type-Team__season-2025__season_type-Regular_Season__team_id-1611661325__entity_id-1611661325__44fa9629,get-shots,https://api.pbpstats.com/get-shots/wnba?EntityType=Team&Season=2025&SeasonType=Regular+Season&TeamId=1611661325&EntityId=1611661325,200,191,,,,,,False,1611661329,501.0,158,2025-09-05,1022500269,1627672-1631086-1641648-203035-203827,False,CHI,1627671-1628878-1630446-1642289-204322,,,,,,1611661325,2,Aerial Powers,1627672,5,08:40,0,,1642289,Kamilla Cardoso,0,,0,,False,16,,9.9,0.3903,502.0,ShortMidRange,2,520.0,OffShortMidRangeMake,IND,08:22,,-99,-1,False,shots,4Q/OT | margin -3..3 | 300..120,team
wnba,wnba_shot_pace,shot_pace,shots,get-shots,2025,Regular Season,team,"{'EntityType': 'Team', 'Season': '2025', 'SeasonType': 'Regular Season', 'TeamId': '1611661325', 'EntityId': '1611661325'}",shot_pace,1611661325,4Q/OT | margin -3..3 | 300..120,get-shots__shots__entity_type-Team__season-2025__season_type-Regular_Season__team_id-1611661325__entity_id-1611661325__44fa9629,get-shots,https://api.pbpstats.com/get-shots/wnba?EntityType=Team&Season=2025&SeasonType=Regular+Season&TeamId=1611661325&EntityId=1611661325,200,192,,,,,,False,1611661329,581.0,144,2025-09-05,1022500269,1627672-1631086-1641648-203035-203827,False,CHI,1627671-1628878-1630446-1642289-204322,,,,,,1611661325,2,Aerial Powers,1627672,1,10:00,0,,0,,0,,0,,False,16,,1.9,0.5553,583.0,AtRim,2,600.0,OffDeadball,IND,09:43,,16,11,False,shots,4Q/OT | margin -3..3 | 300..120,team
wnba,wnba_shot_pace,shot_pace,shots,get-shots,2025,Regular Season,team,"{'EntityType': 'Team', 'Season': '2025', 'SeasonType': 'Regular Season', 'TeamId': '1611661325', 'EntityId': '1611661325'}",shot_pace,1611661325,4Q/OT | margin -3..3 | 300..120,get-shots__shots__entity_type-Team__season-2025__season_type-Regular_Season__team_id-1611661325__entity_id-1611661325__44fa9629,get-shots,https://api.pbpstats.com/get-shots/wnba?EntityType=Team&Season=2025&SeasonType=Regular+Season&TeamId=1611661325&EntityId=1611661325,200,193,,,,,,False,1611661329,2.0,132,2025-09-05,1022500269,1627672-1628909-1629488-203024-203035,False,CHI,1627671-1628878-1642289-204296-204322,,,,,,1611661325,1,Kelsey Mitchell,1628909,40,00:33,0,,1628878,Ariel Atkins,0,,0,,False,16,,3.7,0.5752,4.0,AtRim,2,33.0,OffLongMidRangeMake,IND,00:04,,27,26,False,shots,4Q/OT | margin -3..3 | 300..120,team
wnba,wnba_shot_pace,shot_pace,shots,get-shots,2025,Regular Season,team,"{'EntityType': 'Team', 'Season': '2025', 'SeasonType': 'Regular Season', 'TeamId': '1611661325', 'EntityId': '1611661325'}",shot_pace,1611661325,4Q/OT | margin -3..3 | 300..120,get-shots__shots__entity_type-Team__season-2025__season_type-Regular_Season__team_id-1611661325__entity_id-1611661325__44fa9629,get-shots,https://api.pbpstats.com/get-shots/wnba?EntityType=Team&Season=2025&SeasonType=Regular+Season&TeamId=1611661325&EntityId=1611661325,200,194,Kelsey Mitchell,1628909.0,True,,,,1611661329,42.0,125,2025-09-05,1022500269,1627672-1628909-1629488-203024-203035,True,CHI,1627671-1628878-1642289-204296-204322,,,,,,1611661325,1,Damiris Dantas,203024,38,00:56,0,,0,,0,,0,,False,15,,4.0,0.4929,42.0,ShortMidRange,2,56.0,OffDeadball,IND,00:42,,28,28,False,shots,4Q/OT | margin -3..3 | 300..120,team
wnba,wnba_shot_pace,shot_pace,shots,get-shots,2025,Regular Season,team,"{'EntityType': 'Team', 'Season': '2025', 'SeasonType': 'Regular Season', 'TeamId': '1611661325', 'EntityId': '1611661325'}",shot_pace,1611661325,4Q/OT | margin -3..3 | 300..120,get-shots__shots__entity_type-Team__season-2025__season_type-Regular_Season__team_id-1611661325__entity_id-1611661325__44fa9629,get-shots,https://api.pbpstats.com/get-shots/wnba?EntityType=Team&Season=2025&SeasonType=Regular+Season&TeamId=1611661325&EntityId=1611661325,200,195,Shey Peddy,203035.0,True,,,,1611661329,69.0,120,2025-09-05,1022500269,1627672-1628909-1629488-203024-203035,True,CHI,1628878-1642244-1642289-204296-204322,,,,,,1611661325,1,Kelsey Mitchell,1628909,36,01:14,0,,0,,1627672,Aerial Powers,1642244,Sevgi Uzun,False,12,,23.9,0.4571,69.0,Corner3,3,74.0,OffLiveBallTurnover,IND,01:09,,238,25,False,shots,4Q/OT | margin -3..3 | 300..120,team
wnba,wnba_shot_pace,shot_pace,shots,get-shots,2025,Regular Season,team,"{'EntityType': 'Team', 'Season': '2025', 'SeasonType': 'Regular Season', 'TeamId': '1611661325', 'EntityId': '1611661325'}",shot_pace,1611661325,4Q/OT | margin -3..3 | 300..120,get-shots__shots__entity_type-Team__season-2025__season_type-Regular_Season__team_id-1611661325__entity_id-1611661325__44fa9629,get-shots,https://api.pbpstats.com/get-shots/wnba?EntityType=Team&Season=2025&SeasonType=Regular+Season&TeamId=1611661325&EntityId=1611661325,200,196,Kelsey Mitchell,1628909.0,True,,,,1611661329,103.0,105,2025-09-05,1022500269,1627672-1628909-1629488-203024-203035,True,CHI,1628915-1642244-1642818-204296-204322,,,,,,1611661325,1,Damiris Dantas,203024,32,02:02,1629488,Brianna Turner,204296,Rebecca Allen,0,,0,,False,10,,4.4,0.4519,103.0,ShortMidRange,2,122.0,OffShortMidRangeMiss,IND,01:43,,38,23,False,shots,4Q/OT | margin -3..3 | 300..120,team
wnba,wnba_shot_pace,shot_pace,shots,get-shots,2025,Regular Season,team,"{'EntityType': 'Team', 'Season': '2025', 'SeasonType': 'Regular Season', 'TeamId': '1611661325', 'EntityId': '1611661325'}",shot_pace,1611661325,4Q/OT | margin -3..3 | 300..120,get-shots__shots__entity_type-Team__season-2025__season_type-Regular_Season__team_id-1611661325__entity_id-1611661325__44fa9629,get-shots,https://api.pbpstats.com/get-shots/wnba?EntityType=Team&Season=2025&SeasonType=Regular+Season&TeamId=1611661325&EntityId=1611661325,200,197,Shey Peddy,203035.0,True,,,,1611661329,137.0,101,2025-09-05,1022500269,1627672-1628909-1629488-203024-203035,True,CHI,1628915-1642244-1642818-204296-204322,,,,,,1611661325,1,Aerial Powers,1627672,30,02:32,203035,Shey Peddy,1628915,Kia Nurse,0,,0,,False,8,,3.2,0.5776,137.0,AtRim,2,152.0,OffArc3Miss,IND,02:17,,18,27,False,shots,4Q/OT | margin -3..3 | 300..120,team
wnba,wnba_shot_pace,shot_pace,shots,get-shots,2025,Regular Season,team,"{'EntityType': 'Team', 'Season': '2025', 'SeasonType': 'Regular Season', 'TeamId': '1611661325', 'EntityId': '1611661325'}",shot_pace,1611661325,4Q/OT | margin -3..3 | 300..120,get-shots__shots__entity_type-Team__season-2025__season_type-Regular_Season__team_id-1611661325__entity_id-1611661325__44fa9629,get-shots,https://api.pbpstats.com/get-shots/wnba?EntityType=Team&Season=2025&SeasonType=Regular+Season&TeamId=1611661325&EntityId=1611661325,200,198,,,,Kamilla Cardoso,1642289.0,True,1611661329,194.0,81,2025-09-05,1022500269,1627672-1628909-1629488-1631086-1641648,False,CHI,1628915-1642244-1642289-204296-204322,,,,,,1611661325,1,Lexie Hull,1631086,26,03:26,1641648,Aliyah Boston,1628915,Kia Nurse,0,,0,,False,8,,3.3,0.6027,195.0,AtRim,2,206.0,OffShortMidRangeMiss,IND,03:15,,21,26,False,shots,4Q/OT | margin -3..3 | 300..120,team
wnba,wnba_shot_pace,shot_pace,shots,get-shots,2025,Regular Season,team,"{'EntityType': 'Team', 'Season': '2025', 'SeasonType': 'Regular Season', 'TeamId': '1611661325', 'EntityId': '1611661325'}",shot_pace,1611661325,4Q/OT | margin -3..3 | 300..120,get-shots__shots__entity_type-Team__season-2025__season_type-Regular_Season__team_id-1611661325__entity_id-1611661325__44fa9629,get-shots,https://api.pbpstats.com/get-shots/wnba?EntityType=Team&Season=2025&SeasonType=Regular+Season&TeamId=1611661325&EntityId=1611661325,200,199,,,,,,False,1611661329,219.0,77,2025-09-05,1022500269,1627672-1628909-1629488-1631086-1641648,False,CHI,1628915-1642244-1642289-204296-204322,,,,,,1611661325,1,Lexie Hull,1631086,24,03:55,1641648,Aliyah Boston,204322,Elizabeth Williams,0,,0,,False,8,,23.0,0.3883,223.0,Arc3,3,235.0,OffFTMiss,IND,03:43,,174,151,False,shots,4Q/OT | margin -3..3 | 300..120,team
wnba,wnba_shot_pace,shot_pace,shots,get-shots,2025,Regular Season,team,"{'EntityType': 'Team', 'Season': '2025', 'SeasonType': 'Regular Season', 'TeamId': '1611661325', 'EntityId': '1611661325'}",shot_pace,1611661325,4Q/OT | margin -3..3 | 300..120,get-shots__shots__entity_type-Team__season-2025__season_type-Regular_Season__team_id-1611661325__entity_id-1611661325__44fa9629,get-shots,https://api.pbpstats.com/get-shots/wnba?EntityType=Team&Season=2025&SeasonType=Regular+Season&TeamId=1611661325&EntityId=1611661325,200,200,Aliyah Boston,1641648.0,True,,,,1611661329,246.0,68,2025-09-05,1022500269,1627672-1628909-1629488-1631086-1641648,True,CHI,1628878-1628915-1642244-1642289-204322,,,,,,1611661325,1,Lexie Hull,1631086,22,04:16,0,,0,,0,,0,,False,7,,21.4,0.3334,246.0,LongMidRange,2,256.0,OffDeadball,IND,04:06,,128,171,False,shots,4Q/OT | margin -3..3 | 300..120,team
wnba,wnba_shot_pace,shot_pace,shots,get-shots,2025,Regular Season,team,"{'EntityType': 'Team', 'Season': '2025', 'SeasonType': 'Regular Season', 'TeamId': '1611661325', 'EntityId': '1611661325'}",shot_pace,1611661325,4Q/OT | margin -3..3 | 300..120,get-shots__shots__entity_type-Team__season-2025__season_type-Regular_Season__team_id-1611661325__entity_id-1611661325__44fa9629,get-shots,https://api.pbpstats.com/get-shots/wnba?EntityType=Team&Season=2025&SeasonType=Regular+Season&TeamId=1611661325&EntityId=1611661325,200,201,,,,Kamilla Cardoso,1642289.0,True,1611661329,307.0,52,2025-09-05,1022500269,1627672-1628909-1631086-1641648-203827,False,CHI,1627671-1628878-1628915-1642289-204322,,,,,,1611661325,1,Aerial Powers,1627672,18,05:31,0,,0,,0,,0,,False,5,,23.0,0.3145,308.0,Corner3,3,331.0,OffDeadball,IND,05:08,,229,18,False,shots,4Q/OT | margin -3..3 | 300..120,team
wnba,wnba_shot_pace,shot_pace,shots,get-shots,2025,Regular Season,team,"{'EntityType': 'Team', 'Season': '2025', 'SeasonType': 'Regular Season', 'TeamId': '1611661325', 'EntityId': '1611661325'}",shot_pace,1611661325,4Q/OT | margin -3..3 | 300..120,get-shots__shots__entity_type-Team__season-2025__season_type-Regular_Season__team_id-1611661325__entity_id-1611661325__44fa9629,get-shots,https://api.pbpstats.com/get-shots/wnba?EntityType=Team&Season=2025&SeasonType=Regular+Season&TeamId=1611661325&EntityId=1611661325,200,202,Kelsey Mitchell,1628909.0,True,,,,1611661329,370.0,33,2025-09-05,1022500269,1628909-1631086-1641648-203824-203827,True,CHI,1627671-1628878-1630446-1642289-1642818,,,,,,1611661325,1,Aliyah Boston,1641648,14,06:28,0,,1628878,Ariel Atkins,0,,0,,False,3,,14.9,0.4126,370.0,LongMidRange,2,388.0,OffShortMidRangeMake,IND,06:10,,131,71,False,shots,4Q/OT | margin -3..3 | 300..120,team
wnba,wnba_shot_pace,shot_pace,shots,get-shots,2025,Regular Season,team,"{'EntityType': 'Team', 'Season': '2025', 'SeasonType': 'Regular Season', 'TeamId': '1611661325', 'EntityId': '1611661325'}",shot_pace,1611661325,4Q/OT | margin -3..3 | 300..120,get-shots__shots__entity_type-Team__season-2025__season_type-Regular_Season__team_id-1611661325__entity_id-1611661325__44fa9629,get-shots,https://api.pbpstats.com/get-shots/wnba?EntityType=Team&Season=2025&SeasonType=Regular+Season&TeamId=1611661325&EntityId=1611661325,200,203,Aliyah Boston,1641648.0,True,,,,1611661329,445.0,21,2025-09-05,1022500269,1628909-1631086-1641648-203824-203827,True,CHI,1627671-1628878-1630446-1642289-1642818,,,,,,1611661325,1,Kelsey Mitchell,1628909,8,07:35,0,,1642289,Kamilla Cardoso,0,,0,,False,1,,16.6,0.4265,445.0,LongMidRange,2,455.0,OffShortMidRangeMake,IND,07:25,,21,165,False,shots,4Q/OT | margin -3..3 | 300..120,team
wnba,wnba_shot_pace,shot_pace,shots,get-shots,2025,Regular Season,team,"{'EntityType': 'Team', 'Season': '2025', 'SeasonType': 'Regular Season', 'TeamId': '1611661325', 'EntityId': '1611661325'}",shot_pace,1611661325,4Q/OT | margin -3..3 | 300..120,get-shots__shots__entity_type-Team__season-2025__season_type-Regular_Season__team_id-1611661325__entity_id-1611661325__44fa9629,get-shots,https://api.pbpstats.com/get-shots/wnba?EntityType=Team&Season=2025&SeasonType=Regular+Season&TeamId=1611661325&EntityId=1611661325,200,204,Aliyah Boston,1641648.0,True,,,,1611661329,473.0,17,2025-09-05,1022500269,1628909-1631086-1641648-203824-203827,True,CHI,1627671-1628878-1630446-1642289-1642818,,,,,,1611661325,1,Lexie Hull,1631086,6,08:07,0,,1642289,Kamilla Cardoso,0,,0,,False,1,,11.2,0.4129,473.0,ShortMidRange,2,487.0,OffShortMidRangeMake,IND,07:53,,-110,22,False,shots,4Q/OT | margin -3..3 | 300..120,team
wnba,wnba_shot_pace,shot_pace,shots,get-shots,2025,Regular Season,team,"{'EntityType': 'Team', 'Season': '2025', 'SeasonType': 'Regular Season', 'TeamId': '1611661325', 'EntityId': '1611661325'}",shot_pace,1611661325,4Q/OT | margin -3..3 | 300..120,get-shots__shots__entity_type-Team__season-2025__season_type-Regular_Season__team_id-1611661325__entity_id-1611661325__44fa9629,get-shots,https://api.pbpstats.com/get-shots/wnba?EntityType=Team&Season=2025&SeasonType=Regular+Season&TeamId=1611661325&EntityId=1611661325,200,205,Aliyah Boston,1641648.0,True,,,,1611661329,524.0,14,2025-09-05,1022500269,1628909-1631086-1641648-203824-203827,True,CHI,1627671-1628878-1630446-1642289-1642818,,,,,,1611661325,1,Kelsey Mitchell,1628909,4,08:59,0,,0,,0,,0,,False,0,,24.4,0.3496,524.0,Arc3,3,539.0,OffDeadball,IND,08:44,,28,242,False,shots,4Q/OT | margin -3..3 | 300..120,team
wnba,wnba_shot_pace,shot_pace,shots,get-shots,2025,Regular Season,team,"{'EntityType': 'Team', 'Season': '2025', 'SeasonType': 'Regular Season', 'TeamId': '1611661325', 'EntityId': '1611661325'}",shot_pace,1611661325,4Q/OT | margin -3..3 | 300..120,get-shots__shots__entity_type-Team__season-2025__season_type-Regular_Season__team_id-1611661325__entity_id-1611661325__44fa9629,get-shots,https://api.pbpstats.com/get-shots/wnba?EntityType=Team&Season=2025&SeasonType=Regular+Season&TeamId=1611661325&EntityId=1611661325,200,206,Aliyah Boston,1641648.0,True,,,,1611661329,563.0,9,2025-09-05,1022500269,1628909-1631086-1641648-203824-203827,True,CHI,1627671-1628878-1630446-1642289-1642818,,,,,,1611661325,1,Kelsey Mitchell,1628909,2,09:38,0,,1630446,Michaela Onyenwere,0,,0,,False,-2,,3.1,0.5558,563.0,AtRim,2,578.0,OffAtRimMake,IND,09:23,,26,16,False,shots,4Q/OT | margin -3..3 | 300..120,team
wnba,wnba_shot_pace,shot_pace,shots,get-shots,2025,Regular Season,team,"{'EntityType': 'Team', 'Season': '2025', 'SeasonType': 'Regular Season', 'TeamId': '1611661325', 'EntityId': '1611661325'}",shot_pace,1611661325,4Q/OT | margin -3..3 | 300..120,get-shots__shots__entity_type-Team__season-2025__season_type-Regular_Season__team_id-1611661325__entity_id-1611661325__44fa9629,get-shots,https://api.pbpstats.com/get-shots/wnba?EntityType=Team&Season=2025&SeasonType=Regular+Season&TeamId=1611661325&EntityId=1611661325,200,207,,,False,,,,1611661317,19.0,541,2025-09-02,1022500262,1628909-1631086-1641648-203024-203824,True,PHX,1627674-1628244-1630442-201886-203826,,,,,,1611661325,4,Kelsey Mitchell,1628909,35,00:38,203024,Damiris Dantas,203826,Alyssa Thomas,0,,0,,False,-8,,17.8,0.2459,19.0,LongMidRange,2,38.0,OffFTMiss,IND,00:19,,-101,147,False,shots,4Q/OT | margin -3..3 | 300..120,team
wnba,wnba_shot_pace,shot_pace,shots,get-shots,2025,Regular Season,team,"{'EntityType': 'Team', 'Season': '2025', 'SeasonType': 'Regular Season', 'TeamId': '1611661325', 'EntityId': '1611661325'}",shot_pace,1611661325,4Q/OT | margin -3..3 | 300..120,get-shots__shots__entity_type-Team__season-2025__season_type-Regular_Season__team_id-1611661325__entity_id-1611661325__44fa9629,get-shots,https://api.pbpstats.com/get-shots/wnba?EntityType=Team&Season=2025&SeasonType=Regular+Season&TeamId=1611661325&EntityId=1611661325,200,208,,,False,,,,1611661317,41.0,532,2025-09-02,1022500262,1628909-1629488-1631086-1641648-203824,True,PHX,1627674-1628244-1630442-201886-203826,,,,,,1611661325,4,Kelsey Mitchell,1628909,33,00:46,0,,0,,0,,0,,False,-9,,1.9,0.4929,41.0,AtRim,2,46.0,OffTimeout,IND,00:41,,11,15,False,shots,4Q/OT | margin -3..3 | 300..120,team
wnba,wnba_shot_pace,shot_pace,shots,get-shots,2025,Regular Season,team,"{'EntityType': 'Team', 'Season': '2025', 'SeasonType': 'Regular Season', 'TeamId': '1611661325', 'EntityId': '1611661325'}",shot_pace,1611661325,4Q/OT | margin -3..3 | 300..120,get-shots__shots__entity_type-Team__season-2025__season_type-Regular_Season__team_id-1611661325__entity_id-1611661325__44fa9629,get-shots,https://api.pbpstats.com/get-shots/wnba?EntityType=Team&Season=2025&SeasonType=Regular+Season&TeamId=1611661325&EntityId=1611661325,200,209,Aliyah Boston,1641648.0,True,,,,1611661317,70.0,526,2025-09-02,1022500262,1628909-1629488-1631086-1641648-203824,True,PHX,1627674-1628244-1630442-201886-203826,,,,,,1611661325,4,Lexie Hull,1631086,31,01:22,0,,0,,0,,0,,False,-12,,24.2,0.3627,70.0,Arc3,3,82.0,OffFTMake,IND,01:10,,106,218,False,shots,4Q/OT | margin -3..3 | 300..120,team
wnba,wnba_shot_pace,shot_pace,shots,get-shots,2025,Regular Season,team,"{'EntityType': 'Team', 'Season': '2025', 'SeasonType': 'Regular Season', 'TeamId': '1611661325', 'EntityId': '1611661325'}",shot_pace,1611661325,4Q/OT | margin -3..3 | 300..120,get-shots__shots__entity_type-Team__season-2025__season_type-Regular_Season__team_id-1611661325__entity_id-1611661325__44fa9629,get-shots,https://api.pbpstats.com/get-shots/wnba?EntityType=Team&Season=2025&SeasonType=Regular+Season&TeamId=1611661325&EntityId=1611661325,200,210,Lexie Hull,1631086.0,True,,,,1611661317,131.0,515,2025-09-02,1022500262,1628909-1629488-1631086-1641648-203824,True,PHX,1627674-1628244-1630442-201886-203826,,,,,,1611661325,4,Kelsey Mitchell,1628909,29,02:23,0,,0,,0,,0,,False,-13,,24.9,0.3139,131.0,Arc3,3,143.0,OffTimeout,IND,02:11,,-142,205,False,shots,4Q/OT | margin -3..3 | 300..120,team
wnba,wnba_shot_pace,shot_pace,shots,get-shots,2025,Regular Season,team,"{'EntityType': 'Team', 'Season': '2025', 'SeasonType': 'Regular Season', 'TeamId': '1611661325', 'EntityId': '1611661325'}",shot_pace,1611661325,4Q/OT | margin -3..3 | 300..120,get-shots__shots__entity_type-Team__season-2025__season_type-Regular_Season__team_id-1611661325__entity_id-1611661325__44fa9629,get-shots,https://api.pbpstats.com/get-shots/wnba?EntityType=Team&Season=2025&SeasonType=Regular+Season&TeamId=1611661325&EntityId=1611661325,200,211,,,,,,False,1611661317,157.0,510,2025-09-02,1022500262,1628909-1629488-1631086-1641648-203824,False,PHX,1627674-1628244-1630442-201886-203826,Aliyah Boston,1641648.0,Odyssey Sims,203824.0,Arc3,1611661325,4,Kelsey Mitchell,1628909,27,03:01,0,,0,,0,,0,,False,-11,3.0,24.3,0.3669,161.0,Arc3,3,181.0,OffFTMake,IND,02:41,,119,212,False,shots,4Q/OT | margin -3..3 | 300..120,team
wnba,wnba_shot_pace,shot_pace,shots,get-shots,2025,Regular Season,team,"{'EntityType': 'Team', 'Season': '2025', 'SeasonType': 'Regular Season', 'TeamId': '1611661325', 'EntityId': '1611661325'}",shot_pace,1611661325,4Q/OT | margin -3..3 | 300..120,get-shots__shots__entity_type-Team__season-2025__season_type-Regular_Season__team_id-1611661325__entity_id-1611661325__44fa9629,get-shots,https://api.pbpstats.com/get-shots/wnba?EntityType=Team&Season=2025&SeasonType=Regular+Season&TeamId=1611661325&EntityId=1611661325,200,212,,,,,,False,1611661317,157.0,508,2025-09-02,1022500262,1628909-1629488-1631086-1641648-203824,False,PHX,1627674-1628244-1630442-201886-203826,,,,,,1611661325,4,Odyssey Sims,203824,27,03:01,0,,0,,0,,0,,False,-11,,24.7,0.342,169.0,Arc3,3,181.0,OffFTMake,IND,02:49,,-137,205,False,shots,4Q/OT | margin -3..3 | 300..120,team
wnba,wnba_shot_pace,shot_pace,shots,get-shots,2025,Regular Season,team,"{'EntityType': 'Team', 'Season': '2025', 'SeasonType': 'Regular Season', 'TeamId': '1611661325', 'EntityId': '1611661325'}",shot_pace,1611661325,4Q/OT | margin -3..3 | 300..120,get-shots__shots__entity_type-Team__season-2025__season_type-Regular_Season__team_id-1611661325__entity_id-1611661325__44fa9629,get-shots,https://api.pbpstats.com/get-shots/wnba?EntityType=Team&Season=2025&SeasonType=Regular+Season&TeamId=1611661325&EntityId=1611661325,200,213,,,,,,False,1611661317,187.0,500,2025-09-02,1022500262,1627672-1628909-1629488-1631086-1641648,False,PHX,1627674-1628244-1630442-201886-203826,,,,,,1611661325,4,Aerial Powers,1627672,25,03:23,0,,203826,Alyssa Thomas,0,,0,,False,-9,,8.1,0.3839,189.0,ShortMidRange,2,203.0,OffShortMidRangeMake,IND,03:09,,67,46,False,shots,4Q/OT | margin -3..3 | 300..120,team
wnba,wnba_shot_pace,shot_pace,shots,get-shots,2025,Regular Season,team,"{'EntityType': 'Team', 'Season': '2025', 'SeasonType': 'Regular Season', 'TeamId': '1611661325', 'EntityId': '1611661325'}",shot_pace,1611661325,4Q/OT | margin -3..3 | 300..120,get-shots__shots__entity_type-Team__season-2025__season_type-Regular_Season__team_id-1611661325__entity_id-1611661325__44fa9629,get-shots,https://api.pbpstats.com/get-shots/wnba?EntityType=Team&Season=2025&SeasonType=Regular+Season&TeamId=1611661325&EntityId=1611661325,200,214,Aliyah Boston,1641648.0,True,,,,1611661317,229.0,494,2025-09-02,1022500262,1627672-1628909-1629488-1631086-1641648,True,PHX,1627674-1628244-1630442-201886-203826,,,,,,1611661325,4,Aerial Powers,1627672,23,04:07,0,,0,,0,,0,,False,-9,,18.1,0.3631,229.0,LongMidRange,2,247.0,OffFTMake,IND,03:49,,-24,179,False,shots,4Q/OT | margin -3..3 | 300..120,team
wnba,wnba_shot_pace,shot_pace,shots,get-shots,2025,Regular Season,team,"{'EntityType': 'Team', 'Season': '2025', 'SeasonType': 'Regular Season', 'TeamId': '1611661325', 'EntityId': '1611661325'}",shot_pace,1611661325,4Q/OT | margin -3..3 | 300..120,get-shots__shots__entity_type-Team__season-2025__season_type-Regular_Season__team_id-1611661325__entity_id-1611661325__44fa9629,get-shots,https://api.pbpstats.com/get-shots/wnba?EntityType=Team&Season=2025&SeasonType=Regular+Season&TeamId=1611661325&EntityId=1611661325,200,215,,,,,,False,1611661317,278.0,486,2025-09-02,1022500262,1627672-1628909-1629488-1631086-1641648,False,PHX,1627674-1628244-1630442-201886-203826,,,,,,1611661325,4,Aliyah Boston,1641648,21,04:56,1627672,Aerial Powers,203826,Alyssa Thomas,0,,0,,False,-7,,9.1,0.3623,282.0,ShortMidRange,2,296.0,OffFTMiss,IND,04:42,,34,84,False,shots,4Q/OT | margin -3..3 | 300..120,team
wnba,wnba_shot_pace,shot_pace,shots,get-shots,2025,Regular Season,team,"{'EntityType': 'Team', 'Season': '2025', 'SeasonType': 'Regular Season', 'TeamId': '1611661325', 'EntityId': '1611661325'}",shot_pace,1611661325,4Q/OT | margin -3..3 | 300..120,get-shots__shots__entity_type-Team__season-2025__season_type-Regular_Season__team_id-1611661325__entity_id-1611661325__44fa9629,get-shots,https://api.pbpstats.com/get-shots/wnba?EntityType=Team&Season=2025&SeasonType=Regular+Season&TeamId=1611661325&EntityId=1611661325,200,216,Aerial Powers,1627672.0,True,,,,1611661317,345.0,468,2025-09-02,1022500262,1627672-1628909-1629488-1631086-1641648,True,PHX,1627674-1628244-1630149-201886-203826,,,,,,1611661325,4,Brianna Turner,1629488,17,05:58,1627672,Aerial Powers,203826,Alyssa Thomas,0,,0,,False,-8,,1.4,0.7099,345.0,AtRim,2,358.0,OffAtRimBlock,IND,05:45,,-13,6,False,shots,4Q/OT | margin -3..3 | 300..120,team
wnba,wnba_shot_pace,shot_pace,shots,get-shots,2025,Regular Season,team,"{'EntityType': 'Team', 'Season': '2025', 'SeasonType': 'Regular Season', 'TeamId': '1611661325', 'EntityId': '1611661325'}",shot_pace,1611661325,4Q/OT | margin -3..3 | 300..120,get-shots__shots__entity_type-Team__season-2025__season_type-Regular_Season__team_id-1611661325__entity_id-1611661325__44fa9629,get-shots,https://api.pbpstats.com/get-shots/wnba?EntityType=Team&Season=2025&SeasonType=Regular+Season&TeamId=1611661325&EntityId=1611661325,200,217,Kelsey Mitchell,1628909.0,True,,,,1611661317,379.0,463,2025-09-02,1022500262,1627672-1628909-1629488-1631086-1641648,True,PHX,1627674-1628244-1630149-201886-203826,,,,,,1611661325,4,Lexie Hull,1631086,15,06:25,0,,0,,1631086,Lexie Hull,203826,Alyssa Thomas,False,-11,,24.1,0.4114,379.0,Corner3,3,385.0,OffLiveBallTurnover,IND,06:19,,225,87,False,shots,4Q/OT | margin -3..3 | 300..120,team
wnba,wnba_shot_pace,shot_pace,shots,get-shots,2025,Regular Season,team,"{'EntityType': 'Team', 'Season': '2025', 'SeasonType': 'Regular Season', 'TeamId': '1611661325', 'EntityId': '1611661325'}",shot_pace,1611661325,4Q/OT | margin -3..3 | 300..120,get-shots__shots__entity_type-Team__season-2025__season_type-Regular_Season__team_id-1611661325__entity_id-1611661325__44fa9629,get-shots,https://api.pbpstats.com/get-shots/wnba?EntityType=Team&Season=2025&SeasonType=Regular+Season&TeamId=1611661325&EntityId=1611661325,200,218,,,,,,False,1611661317,393.0,459,2025-09-02,1022500262,1627672-1628909-1629488-1631086-1641648,False,PHX,1627674-1628244-1630149-201886-203826,,,,,,1611661325,4,Aerial Powers,1627672,13,06:47,0,,0,,0,,0,,False,-11,,3.4,0.4818,396.0,AtRim,2,407.0,OffFTMake,IND,06:36,,8,33,False,shots,4Q/OT | margin -3..3 | 300..120,team
wnba,wnba_shot_pace,shot_pace,shots,get-shots,2025,Regular Season,team,"{'EntityType': 'Team', 'Season': '2025', 'SeasonType': 'Regular Season', 'TeamId': '1611661325', 'EntityId': '1611661325'}",shot_pace,1611661325,4Q/OT | margin -3..3 | 300..120,get-shots__shots__entity_type-Team__season-2025__season_type-Regular_Season__team_id-1611661325__entity_id-1611661325__44fa9629,get-shots,https://api.pbpstats.com/get-shots/wnba?EntityType=Team&Season=2025&SeasonType=Regular+Season&TeamId=1611661325&EntityId=1611661325,200,219,,,,,,False,1611661317,426.0,440,2025-09-02,1022500262,1627672-1628909-1631086-1641648-203024,False,PHX,1627674-1628957-1630149-1642777-201886,,,,,,1611661325,4,Lexie Hull,1631086,11,07:20,1628909,Kelsey Mitchell,1627674,Kahleah Copper,0,,0,,False,-10,,23.6,0.4631,431.0,Corner3,3,440.0,OffShortMidRangeMiss,IND,07:11,,236,-2,False,shots,4Q/OT | margin -3..3 | 300..120,team
wnba,wnba_shot_pace,shot_pace,shots,get-shots,2025,Regular Season,team,"{'EntityType': 'Team', 'Season': '2025', 'SeasonType': 'Regular Season', 'TeamId': '1611661325', 'EntityId': '1611661325'}",shot_pace,1611661325,4Q/OT | margin -3..3 | 300..120,get-shots__shots__entity_type-Team__season-2025__season_type-Regular_Season__team_id-1611661325__entity_id-1611661325__44fa9629,get-shots,https://api.pbpstats.com/get-shots/wnba?EntityType=Team&Season=2025&SeasonType=Regular+Season&TeamId=1611661325&EntityId=1611661325,200,220,Damiris Dantas,203024.0,True,,,,1611661317,458.0,431,2025-09-02,1022500262,1627672-1628909-1631086-1641648-203024,True,PHX,1627674-1628957-1630149-1642777-201886,,,,,,1611661325,4,Aerial Powers,1627672,9,07:59,0,,1630149,Satou Sabally,0,,0,,False,-12,,2.4,0.6177,463.0,AtRim,2,479.0,OffAtRimMake,IND,07:43,,-15,19,False,shots,4Q/OT | margin -3..3 | 300..120,team
wnba,wnba_shot_pace,shot_pace,shots,get-shots,2025,Regular Season,team,"{'EntityType': 'Team', 'Season': '2025', 'SeasonType': 'Regular Season', 'TeamId': '1611661325', 'EntityId': '1611661325'}",shot_pace,1611661325,4Q/OT | margin -3..3 | 300..120,get-shots__shots__entity_type-Team__season-2025__season_type-Regular_Season__team_id-1611661325__entity_id-1611661325__44fa9629,get-shots,https://api.pbpstats.com/get-shots/wnba?EntityType=Team&Season=2025&SeasonType=Regular+Season&TeamId=1611661325&EntityId=1611661325,200,221,Aerial Powers,1627672.0,True,,,,1611661317,514.0,418,2025-09-02,1022500262,1627672-1631086-1641648-203024-203824,True,PHX,1627674-1628957-1630149-1642777-201886,,,,,,1611661325,4,Damiris Dantas,203024,5,08:41,1631086,Lexie Hull,1628957,Kathryn Westbeld,0,,0,,False,-10,,8.3,0.3974,514.0,ShortMidRange,2,521.0,OffArc3Miss,IND,08:34,,-39,73,False,shots,4Q/OT | margin -3..3 | 300..120,team
wnba,wnba_shot_pace,shot_pace,shots,get-shots,2025,Regular Season,team,"{'EntityType': 'Team', 'Season': '2025', 'SeasonType': 'Regular Season', 'TeamId': '1611661325', 'EntityId': '1611661325'}",shot_pace,1611661325,4Q/OT | margin -3..3 | 300..120,get-shots__shots__entity_type-Team__season-2025__season_type-Regular_Season__team_id-1611661325__entity_id-1611661325__44fa9629,get-shots,https://api.pbpstats.com/get-shots/wnba?EntityType=Team&Season=2025&SeasonType=Regular+Season&TeamId=1611661325&EntityId=1611661325,200,222,,,,,,False,1611661317,574.0,411,2025-09-02,1022500262,1627672-1631086-1641648-203024-203824,False,PHX,1627674-1628957-1630149-1642777-201886,,,,,,1611661325,4,Aliyah Boston,1641648,1,10:00,0,,0,,0,,0,,False,-10,,17.3,0.3204,576.0,LongMidRange,2,600.0,OffDeadball,IND,09:36,,11,173,False,shots,4Q/OT | margin -3..3 | 300..120,team
wnba,wnba_shot_pace,shot_pace,shots,get-shots,2025,Regular Season,team,"{'EntityType': 'Team', 'Season': '2025', 'SeasonType': 'Regular Season', 'TeamId': '1611661325', 'EntityId': '1611661325'}",shot_pace,1611661325,4Q/OT | margin -3..3 | 300..120,get-shots__shots__entity_type-Team__season-2025__season_type-Regular_Season__team_id-1611661325__entity_id-1611661325__44fa9629,get-shots,https://api.pbpstats.com/get-shots/wnba?EntityType=Team&Season=2025&SeasonType=Regular+Season&TeamId=1611661325&EntityId=1611661325,200,223,Brianna Turner,1629488.0,True,,,,1611661317,7.0,397,2025-09-02,1022500262,1627672-1629488-1631086-203024-203824,True,PHX,1628957-1631118-1642777-201886-203826,Brianna Turner,1629488.0,Damiris Dantas,203024.0,Arc3,1611661325,3,Odyssey Sims,203824,36,00:28,203024,Damiris Dantas,203826,Alyssa Thomas,0,,0,,False,-13,1.0,24.9,0.2527,7.0,Arc3,3,28.0,OffFTMiss,IND,00:07,,-187,164,False,shots,4Q/OT | margin -3..3 | 300..120,team
wnba,wnba_shot_pace,shot_pace,shots,get-shots,2025,Regular Season,team,"{'EntityType': 'Team', 'Season': '2025', 'SeasonType': 'Regular Season', 'TeamId': '1611661325', 'EntityId': '1611661325'}",shot_pace,1611661325,4Q/OT | margin -3..3 | 300..120,get-shots__shots__entity_type-Team__season-2025__season_type-Regular_Season__team_id-1611661325__entity_id-1611661325__44fa9629,get-shots,https://api.pbpstats.com/get-shots/wnba?EntityType=Team&Season=2025&SeasonType=Regular+Season&TeamId=1611661325&EntityId=1611661325,200,224,,,,,,False,1611661317,7.0,395,2025-09-02,1022500262,1627672-1629488-1631086-203024-203824,False,PHX,1628957-1631118-1642777-201886-203826,,,,,,1611661325,3,Damiris Dantas,203024,36,00:28,203024,Damiris Dantas,203826,Alyssa Thomas,0,,0,,False,-13,,24.4,0.2891,11.0,Arc3,3,28.0,OffFTMiss,IND,00:11,,-65,235,False,shots,4Q/OT | margin -3..3 | 300..120,team
wnba,wnba_shot_pace,shot_pace,shots,get-shots,2025,Regular Season,team,"{'EntityType': 'Team', 'Season': '2025', 'SeasonType': 'Regular Season', 'TeamId': '1611661325', 'EntityId': '1611661325'}",shot_pace,1611661325,4Q/OT | margin -3..3 | 300..120,get-shots__shots__entity_type-Team__season-2025__season_type-Regular_Season__team_id-1611661325__entity_id-1611661325__44fa9629,get-shots,https://api.pbpstats.com/get-shots/wnba?EntityType=Team&Season=2025&SeasonType=Regular+Season&TeamId=1611661325&EntityId=1611661325,200,225,,,,,,False,1611661317,65.0,379,2025-09-02,1022500262,1627672-1628909-1629488-1641648-203824,False,PHX,1628244-1628957-1631118-201886-203826,,,,,,1611661325,3,Odyssey Sims,203824,32,01:36,0,,1628244,Sami Whitcomb,0,,0,,False,-10,,8.6,0.3062,68.0,ShortMidRange,2,96.0,OffAtRimMake,IND,01:08,,-59,63,False,shots,4Q/OT | margin -3..3 | 300..120,team
wnba,wnba_shot_pace,shot_pace,shots,get-shots,2025,Regular Season,team,"{'EntityType': 'Team', 'Season': '2025', 'SeasonType': 'Regular Season', 'TeamId': '1611661325', 'EntityId': '1611661325'}",shot_pace,1611661325,4Q/OT | margin -3..3 | 300..120,get-shots__shots__entity_type-Team__season-2025__season_type-Regular_Season__team_id-1611661325__entity_id-1611661325__44fa9629,get-shots,https://api.pbpstats.com/get-shots/wnba?EntityType=Team&Season=2025&SeasonType=Regular+Season&TeamId=1611661325&EntityId=1611661325,200,226,Aliyah Boston,1641648.0,True,,,,1611661317,122.0,376,2025-09-02,1022500262,1627672-1628909-1629488-1641648-203824,True,PHX,1628244-1628957-1631118-201886-203826,,,,,,1611661325,3,Kelsey Mitchell,1628909,30,02:09,1628909,Kelsey Mitchell,1631118,Lexi Held,0,,0,,False,-11,,23.6,0.4123,122.0,Corner3,3,129.0,OffShortMidRangeMiss,IND,02:02,,225,72,False,shots,4Q/OT | margin -3..3 | 300..120,team
wnba,wnba_shot_pace,shot_pace,shots,get-shots,2025,Regular Season,team,"{'EntityType': 'Team', 'Season': '2025', 'SeasonType': 'Regular Season', 'TeamId': '1611661325', 'EntityId': '1611661325'}",shot_pace,1611661325,4Q/OT | margin -3..3 | 300..120,get-shots__shots__entity_type-Team__season-2025__season_type-Regular_Season__team_id-1611661325__entity_id-1611661325__44fa9629,get-shots,https://api.pbpstats.com/get-shots/wnba?EntityType=Team&Season=2025&SeasonType=Regular+Season&TeamId=1611661325&EntityId=1611661325,200,227,Aerial Powers,1627672.0,True,,,,1611661317,160.0,372,2025-09-02,1022500262,1627672-1628909-1629488-1641648-203824,True,PHX,1628244-1628957-1631118-201886-203826,,,,,,1611661325,3,Aliyah Boston,1641648,28,02:47,1641648,Aliyah Boston,1631118,Lexi Held,0,,0,,False,-13,,4.5,0.3933,160.0,ShortMidRange,2,167.0,OffArc3Miss,IND,02:40,,-22,39,False,shots,4Q/OT | margin -3..3 | 300..120,team
wnba,wnba_shot_pace,shot_pace,shots,get-shots,2025,Regular Season,team,"{'EntityType': 'Team', 'Season': '2025', 'SeasonType': 'Regular Season', 'TeamId': '1611661325', 'EntityId': '1611661325'}",shot_pace,1611661325,4Q/OT | margin -3..3 | 300..120,get-shots__shots__entity_type-Team__season-2025__season_type-Regular_Season__team_id-1611661325__entity_id-1611661325__44fa9629,get-shots,https://api.pbpstats.com/get-shots/wnba?EntityType=Team&Season=2025&SeasonType=Regular+Season&TeamId=1611661325&EntityId=1611661325,200,228,Odyssey Sims,203824.0,True,,,,1611661317,191.0,368,2025-09-02,1022500262,1627672-1628909-1629488-1641648-203824,True,PHX,1628244-1628957-1631118-201886-203826,,,,,,1611661325,3,Kelsey Mitchell,1628909,26,03:13,0,,0,,1641648,Aliyah Boston,201886,DeWanna Bonner,False,-15,,2.4,0.7465,191.0,AtRim,2,193.0,OffLiveBallTurnover,IND,03:11,,-10,22,False,shots,4Q/OT | margin -3..3 | 300..120,team
wnba,wnba_shot_pace,shot_pace,shots,get-shots,2025,Regular Season,team,"{'EntityType': 'Team', 'Season': '2025', 'SeasonType': 'Regular Season', 'TeamId': '1611661325', 'EntityId': '1611661325'}",shot_pace,1611661325,4Q/OT | margin -3..3 | 300..120,get-shots__shots__entity_type-Team__season-2025__season_type-Regular_Season__team_id-1611661325__entity_id-1611661325__44fa9629,get-shots,https://api.pbpstats.com/get-shots/wnba?EntityType=Team&Season=2025&SeasonType=Regular+Season&TeamId=1611661325&EntityId=1611661325,200,229,,,,Kathryn Westbeld,1628957.0,True,1611661317,204.0,363,2025-09-02,1022500262,1627672-1628909-1629488-1641648-203824,False,PHX,1628244-1628957-1631118-201886-203826,,,,,,1611661325,3,Kelsey Mitchell,1628909,24,03:49,1629488,Brianna Turner,203826,Alyssa Thomas,0,,0,,False,-15,,3.6,0.4696,207.0,AtRim,2,229.0,OffShortMidRangeMiss,IND,03:27,,-23,28,False,shots,4Q/OT | margin -3..3 | 300..120,team
wnba,wnba_shot_pace,shot_pace,shots,get-shots,2025,Regular Season,team,"{'EntityType': 'Team', 'Season': '2025', 'SeasonType': 'Regular Season', 'TeamId': '1611661325', 'EntityId': '1611661325'}",shot_pace,1611661325,4Q/OT | margin -3..3 | 300..120,get-shots__shots__entity_type-Team__season-2025__season_type-Regular_Season__team_id-1611661325__entity_id-1611661325__44fa9629,get-shots,https://api.pbpstats.com/get-shots/wnba?EntityType=Team&Season=2025&SeasonType=Regular+Season&TeamId=1611661325&EntityId=1611661325,200,230,,,,,,False,1611661317,250.0,351,2025-09-02,1022500262,1627672-1628909-1629488-1631086-1641648,False,PHX,1628244-1630442-1631118-201886-203826,Lexie Hull,1631086.0,Aerial Powers,1627672.0,Arc3,1611661325,3,Aliyah Boston,1641648,22,04:39,0,,0,,0,,0,,False,-15,11.0,20.0,0.364,254.0,LongMidRange,2,279.0,OffTimeout,IND,04:14,,7,200,False,shots,4Q/OT | margin -3..3 | 300..120,team
wnba,wnba_shot_pace,shot_pace,shots,get-shots,2025,Regular Season,team,"{'EntityType': 'Team', 'Season': '2025', 'SeasonType': 'Regular Season', 'TeamId': '1611661325', 'EntityId': '1611661325'}",shot_pace,1611661325,4Q/OT | margin -3..3 | 300..120,get-shots__shots__entity_type-Team__season-2025__season_type-Regular_Season__team_id-1611661325__entity_id-1611661325__44fa9629,get-shots,https://api.pbpstats.com/get-shots/wnba?EntityType=Team&Season=2025&SeasonType=Regular+Season&TeamId=1611661325&EntityId=1611661325,200,231,,,,,,False,1611661317,250.0,349,2025-09-02,1022500262,1627672-1628909-1629488-1631086-1641648,False,PHX,1628244-1630442-1631118-201886-203826,,,,,,1611661325,3,Aerial Powers,1627672,22,04:39,0,,0,,0,,0,,False,-15,,24.6,0.3471,267.0,Arc3,3,279.0,OffTimeout,IND,04:27,,-131,208,False,shots,4Q/OT | margin -3..3 | 300..120,team
wnba,wnba_shot_pace,shot_pace,shots,get-shots,2025,Regular Season,team,"{'EntityType': 'Team', 'Season': '2025', 'SeasonType': 'Regular Season', 'TeamId': '1611661325', 'EntityId': '1611661325'}",shot_pace,1611661325,4Q/OT | margin -3..3 | 300..120,get-shots__shots__entity_type-Team__season-2025__season_type-Regular_Season__team_id-1611661325__entity_id-1611661325__44fa9629,get-shots,https://api.pbpstats.com/get-shots/wnba?EntityType=Team&Season=2025&SeasonType=Regular+Season&TeamId=1611661325&EntityId=1611661325,200,232,,,,,,False,1611661317,281.0,340,2025-09-02,1022500262,1627672-1628909-1629488-1631086-1641648,False,PHX,1627674-1628244-1630149-1630442-203826,Brianna Turner,1629488.0,Lexie Hull,1631086.0,Arc3,1611661325,3,Kelsey Mitchell,1628909,20,05:16,0,,1630442,Natasha Mack,0,,0,,False,-13,1.0,26.2,0.301,287.0,Arc3,3,316.0,OffShortMidRangeMake,IND,04:47,,-77,250,False,shots,4Q/OT | margin -3..3 | 300..120,team
wnba,wnba_shot_pace,shot_pace,shots,get-shots,2025,Regular Season,team,"{'EntityType': 'Team', 'Season': '2025', 'SeasonType': 'Regular Season', 'TeamId': '1611661325', 'EntityId': '1611661325'}",shot_pace,1611661325,4Q/OT | margin -3..3 | 300..120,get-shots__shots__entity_type-Team__season-2025__season_type-Regular_Season__team_id-1611661325__entity_id-1611661325__44fa9629,get-shots,https://api.pbpstats.com/get-shots/wnba?EntityType=Team&Season=2025&SeasonType=Regular+Season&TeamId=1611661325&EntityId=1611661325,200,233,,,,,,False,1611661317,281.0,338,2025-09-02,1022500262,1627672-1628909-1629488-1631086-1641648,False,PHX,1627674-1628244-1630149-1630442-203826,Brianna Turner,1629488.0,Lexie Hull,1631086.0,Arc3,1611661325,3,Lexie Hull,1631086,20,05:16,0,,1630442,Natasha Mack,0,,0,,False,-13,6.0,24.5,0.398,292.0,Arc3,3,316.0,OffShortMidRangeMake,IND,04:52,,199,143,False,shots,4Q/OT | margin -3..3 | 300..120,team
wnba,wnba_shot_pace,shot_pace,shots,get-shots,2025,Regular Season,team,"{'EntityType': 'Team', 'Season': '2025', 'SeasonType': 'Regular Season', 'TeamId': '1611661325', 'EntityId': '1611661325'}",shot_pace,1611661325,4Q/OT | margin -3..3 | 300..120,get-shots__shots__entity_type-Team__season-2025__season_type-Regular_Season__team_id-1611661325__entity_id-1611661325__44fa9629,get-shots,https://api.pbpstats.com/get-shots/wnba?EntityType=Team&Season=2025&SeasonType=Regular+Season&TeamId=1611661325&EntityId=1611661325,200,234,,,,,,False,1611661317,281.0,336,2025-09-02,1022500262,1627672-1628909-1629488-1631086-1641648,False,PHX,1627674-1628244-1630149-1630442-203826,,,,,,1611661325,3,Lexie Hull,1631086,20,05:16,0,,1630442,Natasha Mack,0,,0,,False,-13,,24.1,0.3662,302.0,Arc3,3,316.0,OffShortMidRangeMake,IND,05:02,,160,180,False,shots,4Q/OT | margin -3..3 | 300..120,team
wnba,wnba_shot_pace,shot_pace,shots,get-shots,2025,Regular Season,team,"{'EntityType': 'Team', 'Season': '2025', 'SeasonType': 'Regular Season', 'TeamId': '1611661325', 'EntityId': '1611661325'}",shot_pace,1611661325,4Q/OT | margin -3..3 | 300..120,get-shots__shots__entity_type-Team__season-2025__season_type-Regular_Season__team_id-1611661325__entity_id-1611661325__44fa9629,get-shots,https://api.pbpstats.com/get-shots/wnba?EntityType=Team&Season=2025&SeasonType=Regular+Season&TeamId=1611661325&EntityId=1611661325,200,235,,,,,,False,1611661317,332.0,327,2025-09-02,1022500262,1627672-1628909-1631086-1641648-203827,False,PHX,1627674-1630149-1630442-1642777-203826,,,,,,1611661325,3,Kelsey Mitchell,1628909,18,05:40,203827,Natasha Howard,203826,Alyssa Thomas,0,,0,,False,-11,,26.9,0.3562,334.0,Arc3,3,340.0,OffLongMidRangeMiss,IND,05:34,,-112,245,False,shots,4Q/OT | margin -3..3 | 300..120,team
wnba,wnba_shot_pace,shot_pace,shots,get-shots,2025,Regular Season,team,"{'EntityType': 'Team', 'Season': '2025', 'SeasonType': 'Regular Season', 'TeamId': '1611661325', 'EntityId': '1611661325'}",shot_pace,1611661325,4Q/OT | margin -3..3 | 300..120,get-shots__shots__entity_type-Team__season-2025__season_type-Regular_Season__team_id-1611661325__entity_id-1611661325__44fa9629,get-shots,https://api.pbpstats.com/get-shots/wnba?EntityType=Team&Season=2025&SeasonType=Regular+Season&TeamId=1611661325&EntityId=1611661325,200,236,Kelsey Mitchell,1628909.0,True,,,,1611661317,358.0,323,2025-09-02,1022500262,1627672-1628909-1631086-1641648-203827,True,PHX,1627674-1630149-1630442-1642777-203826,,,,,,1611661325,3,Aerial Powers,1627672,16,06:05,1641648,Aliyah Boston,1627674,Kahleah Copper,0,,0,,False,-13,,2.1,0.6439,358.0,AtRim,2,365.0,OffArc3Miss,IND,05:58,,-7,20,False,shots,4Q/OT | margin -3..3 | 300..120,team
wnba,wnba_shot_pace,shot_pace,shots,get-shots,2025,Regular Season,team,"{'EntityType': 'Team', 'Season': '2025', 'SeasonType': 'Regular Season', 'TeamId': '1611661325', 'EntityId': '1611661325'}",shot_pace,1611661325,4Q/OT | margin -3..3 | 300..120,get-shots__shots__entity_type-Team__season-2025__season_type-Regular_Season__team_id-1611661325__entity_id-1611661325__44fa9629,get-shots,https://api.pbpstats.com/get-shots/wnba?EntityType=Team&Season=2025&SeasonType=Regular+Season&TeamId=1611661325&EntityId=1611661325,200,237,,,,,,False,1611661317,415.0,307,2025-09-02,1022500262,1628909-1631086-1641648-203824-203827,False,PHX,1627674-1630149-1630442-1642777-203826,,,,,,1611661325,3,Aliyah Boston,1641648,12,07:12,0,,1630442,Natasha Mack,0,,0,,False,-11,,24.6,0.349,418.0,Arc3,3,432.0,OffShortMidRangeMake,IND,06:58,,149,196,False,shots,4Q/OT | margin -3..3 | 300..120,team
wnba,wnba_shot_pace,shot_pace,shots,get-shots,2025,Regular Season,team,"{'EntityType': 'Team', 'Season': '2025', 'SeasonType': 'Regular Season', 'TeamId': '1611661325', 'EntityId': '1611661325'}",shot_pace,1611661325,4Q/OT | margin -3..3 | 300..120,get-shots__shots__entity_type-Team__season-2025__season_type-Regular_Season__team_id-1611661325__entity_id-1611661325__44fa9629,get-shots,https://api.pbpstats.com/get-shots/wnba?EntityType=Team&Season=2025&SeasonType=Regular+Season&TeamId=1611661325&EntityId=1611661325,200,238,,,False,,,,1611661317,452.0,305,2025-09-02,1022500262,1628909-1631086-1641648-203824-203827,True,PHX,1627674-1630149-1630442-1642777-203826,,,,,,1611661325,3,Odyssey Sims,203824,10,07:37,1641648,Aliyah Boston,203826,Alyssa Thomas,0,,0,,False,-11,,5.2,0.4075,452.0,ShortMidRange,2,457.0,OffShortMidRangeMiss,IND,07:32,,-35,39,False,shots,4Q/OT | margin -3..3 | 300..120,team
wnba,wnba_shot_pace,shot_pace,shots,get-shots,2025,Regular Season,team,"{'EntityType': 'Team', 'Season': '2025', 'SeasonType': 'Regular Season', 'TeamId': '1611661325', 'EntityId': '1611661325'}",shot_pace,1611661325,4Q/OT | margin -3..3 | 300..120,get-shots__shots__entity_type-Team__season-2025__season_type-Regular_Season__team_id-1611661325__entity_id-1611661325__44fa9629,get-shots,https://api.pbpstats.com/get-shots/wnba?EntityType=Team&Season=2025&SeasonType=Regular+Season&TeamId=1611661325&EntityId=1611661325,200,239,,,,,,False,1611661317,464.0,301,2025-09-02,1022500262,1628909-1631086-1641648-203824-203827,False,PHX,1627674-1630149-1630442-1642777-203826,,0.0,Kelsey Mitchell,1628909.0,Team,1611661325,3,Kelsey Mitchell,1628909,8,07:55,0,,0,,0,,0,,False,-11,2.0,16.3,0.3685,467.0,LongMidRange,2,475.0,OffTimeout,IND,07:47,,-145,74,False,shots,4Q/OT | margin -3..3 | 300..120,team
wnba,wnba_shot_pace,shot_pace,shots,get-shots,2025,Regular Season,team,"{'EntityType': 'Team', 'Season': '2025', 'SeasonType': 'Regular Season', 'TeamId': '1611661325', 'EntityId': '1611661325'}",shot_pace,1611661325,4Q/OT | margin -3..3 | 300..120,get-shots__shots__entity_type-Team__season-2025__season_type-Regular_Season__team_id-1611661325__entity_id-1611661325__44fa9629,get-shots,https://api.pbpstats.com/get-shots/wnba?EntityType=Team&Season=2025&SeasonType=Regular+Season&TeamId=1611661325&EntityId=1611661325,200,240,,,,,,False,1611661317,464.0,295,2025-09-02,1022500262,1628909-1631086-1641648-203824-203827,False,PHX,1627674-1630149-1630442-1642777-203826,,,,,,1611661325,3,Kelsey Mitchell,1628909,8,07:55,0,,0,,0,,0,,False,-11,,3.9,0.2723,469.0,AtRim,2,475.0,OffTimeout,IND,07:49,,1,39,False,shots,4Q/OT | margin -3..3 | 300..120,team
wnba,wnba_shot_pace,shot_pace,shots,get-shots,2025,Regular Season,team,"{'EntityType': 'Team', 'Season': '2025', 'SeasonType': 'Regular Season', 'TeamId': '1611661325', 'EntityId': '1611661325'}",shot_pace,1611661325,4Q/OT | margin -3..3 | 300..120,get-shots__shots__entity_type-Team__season-2025__season_type-Regular_Season__team_id-1611661325__entity_id-1611661325__44fa9629,get-shots,https://api.pbpstats.com/get-shots/wnba?EntityType=Team&Season=2025&SeasonType=Regular+Season&TeamId=1611661325&EntityId=1611661325,200,241,,,False,,,,1611661317,500.0,292,2025-09-02,1022500262,1628909-1631086-1641648-203824-203827,True,PHX,1627674-1630149-1630442-1642777-203826,Kelsey Mitchell,1628909.0,Odyssey Sims,203824.0,Arc3,1611661325,3,Kelsey Mitchell,1628909,6,08:34,1641648,Aliyah Boston,1627674,Kahleah Copper,0,,0,,True,-13,1.0,21.0,0.2973,500.0,LongMidRange,2,514.0,OffAtRimBlock,IND,08:20,,77,195,False,shots,4Q/OT | margin -3..3 | 300..120,team
wnba,wnba_shot_pace,shot_pace,shots,get-shots,2025,Regular Season,team,"{'EntityType': 'Team', 'Season': '2025', 'SeasonType': 'Regular Season', 'TeamId': '1611661325', 'EntityId': '1611661325'}",shot_pace,1611661325,4Q/OT | margin -3..3 | 300..120,get-shots__shots__entity_type-Team__season-2025__season_type-Regular_Season__team_id-1611661325__entity_id-1611661325__44fa9629,get-shots,https://api.pbpstats.com/get-shots/wnba?EntityType=Team&Season=2025&SeasonType=Regular+Season&TeamId=1611661325&EntityId=1611661325,200,242,,,,,,False,1611661317,500.0,290,2025-09-02,1022500262,1628909-1631086-1641648-203824-203827,False,PHX,1627674-1630149-1630442-1642777-203826,,,,,,1611661325,3,Odyssey Sims,203824,6,08:34,1641648,Aliyah Boston,1627674,Kahleah Copper,0,,0,,False,-13,,26.2,0.3729,506.0,Arc3,3,514.0,OffAtRimBlock,IND,08:26,,160,207,False,shots,4Q/OT | margin -3..3 | 300..120,team
wnba,wnba_shot_pace,shot_pace,shots,get-shots,2025,Regular Season,team,"{'EntityType': 'Team', 'Season': '2025', 'SeasonType': 'Regular Season', 'TeamId': '1611661325', 'EntityId': '1611661325'}",shot_pace,1611661325,4Q/OT | margin -3..3 | 300..120,get-shots__shots__entity_type-Team__season-2025__season_type-Regular_Season__team_id-1611661325__entity_id-1611661325__44fa9629,get-shots,https://api.pbpstats.com/get-shots/wnba?EntityType=Team&Season=2025&SeasonType=Regular+Season&TeamId=1611661325&EntityId=1611661325,200,243,Natasha Howard,203827.0,True,,,,1611661317,536.0,285,2025-09-02,1022500262,1628909-1631086-1641648-203824-203827,True,PHX,1627674-1630149-1630442-1642777-203826,,,,,,1611661325,3,Lexie Hull,1631086,4,09:09,1641648,Aliyah Boston,1630149,Satou Sabally,0,,0,,False,-15,,2.5,0.6128,536.0,AtRim,2,549.0,OffArc3Miss,IND,08:56,,18,18,False,shots,4Q/OT | margin -3..3 | 300..120,team
wnba,wnba_shot_pace,shot_pace,shots,get-shots,2025,Regular Season,team,"{'EntityType': 'Team', 'Season': '2025', 'SeasonType': 'Regular Season', 'TeamId': '1611661325', 'EntityId': '1611661325'}",shot_pace,1611661325,4Q/OT | margin -3..3 | 300..120,get-shots__shots__entity_type-Team__season-2025__season_type-Regular_Season__team_id-1611661325__entity_id-1611661325__44fa9629,get-shots,https://api.pbpstats.com/get-shots/wnba?EntityType=Team&Season=2025&SeasonType=Regular+Season&TeamId=1611661325&EntityId=1611661325,200,244,,,,,,False,1611661317,570.0,281,2025-09-02,1022500262,1628909-1631086-1641648-203824-203827,False,PHX,1627674-1630149-1630442-1642777-203826,,,,,,1611661325,3,Lexie Hull,1631086,2,09:39,1641648,Aliyah Boston,1627674,Kahleah Copper,0,,0,,False,-15,,25.4,0.4313,573.0,Arc3,3,579.0,OffArc3Miss,IND,09:33,,143,210,False,shots,4Q/OT | margin -3..3 | 300..120,team
wnba,wnba_shot_pace,shot_pace,shots,get-shots,2025,Regular Season,team,"{'EntityType': 'Team', 'Season': '2025', 'SeasonType': 'Regular Season', 'TeamId': '1611661325', 'EntityId': '1611661325'}",shot_pace,1611661325,4Q/OT | margin -3..3 | 300..120,get-shots__shots__entity_type-Team__season-2025__season_type-Regular_Season__team_id-1611661325__entity_id-1611661325__44fa9629,get-shots,https://api.pbpstats.com/get-shots/wnba?EntityType=Team&Season=2025&SeasonType=Regular+Season&TeamId=1611661325&EntityId=1611661325,200,245,,,,,,False,1611661317,40.0,263,2025-09-02,1022500262,1628909-1631086-1641648-203035-203827,False,PHX,1628244-1628957-1630149-1642777-203826,,,,,,1611661325,2,Natasha Howard,203827,38,01:01,0,,203826,Alyssa Thomas,0,,0,,False,-10,,24.5,0.3299,44.0,Arc3,3,61.0,OffShortMidRangeMake,IND,00:44,,159,187,False,shots,4Q/OT | margin -3..3 | 300..120,team
wnba,wnba_shot_pace,shot_pace,shots,get-shots,2025,Regular Season,team,"{'EntityType': 'Team', 'Season': '2025', 'SeasonType': 'Regular Season', 'TeamId': '1611661325', 'EntityId': '1611661325'}",shot_pace,1611661325,4Q/OT | margin -3..3 | 300..120,get-shots__shots__entity_type-Team__season-2025__season_type-Regular_Season__team_id-1611661325__entity_id-1611661325__44fa9629,get-shots,https://api.pbpstats.com/get-shots/wnba?EntityType=Team&Season=2025&SeasonType=Regular+Season&TeamId=1611661325&EntityId=1611661325,200,246,Kelsey Mitchell,1628909.0,True,,,,1611661317,177.0,237,2025-09-02,1022500262,1628909-1631086-1641648-203824-203827,True,PHX,1628244-1630149-1630442-1642777-203826,,,,,,1611661325,2,Aliyah Boston,1641648,30,03:15,0,,203826,Alyssa Thomas,0,,0,,False,-5,,4.7,0.3839,177.0,ShortMidRange,2,195.0,OffShortMidRangeMake,IND,02:57,,16,44,False,shots,4Q/OT | margin -3..3 | 300..120,team
wnba,wnba_shot_pace,shot_pace,shots,get-shots,2025,Regular Season,team,"{'EntityType': 'Team', 'Season': '2025', 'SeasonType': 'Regular Season', 'TeamId': '1611661325', 'EntityId': '1611661325'}",shot_pace,1611661325,4Q/OT | margin -3..3 | 300..120,get-shots__shots__entity_type-Team__season-2025__season_type-Regular_Season__team_id-1611661325__entity_id-1611661325__44fa9629,get-shots,https://api.pbpstats.com/get-shots/wnba?EntityType=Team&Season=2025&SeasonType=Regular+Season&TeamId=1611661325&EntityId=1611661325,200,247,Natasha Howard,203827.0,True,,,,1611661317,209.0,233,2025-09-02,1022500262,1628909-1631086-1641648-203824-203827,True,PHX,1628244-1630149-1630442-1642777-203826,,,,,,1611661325,2,Aliyah Boston,1641648,28,03:49,1628909,Kelsey Mitchell,1630149,Satou Sabally,0,,0,,False,-5,,3.3,0.5391,209.0,AtRim,2,229.0,OffShortMidRangeMiss,IND,03:29,,-24,23,False,shots,4Q/OT | margin -3..3 | 300..120,team
wnba,wnba_shot_pace,shot_pace,shots,get-shots,2025,Regular Season,team,"{'EntityType': 'Team', 'Season': '2025', 'SeasonType': 'Regular Season', 'TeamId': '1611661325', 'EntityId': '1611661325'}",shot_pace,1611661325,4Q/OT | margin -3..3 | 300..120,get-shots__shots__entity_type-Team__season-2025__season_type-Regular_Season__team_id-1611661325__entity_id-1611661325__44fa9629,get-shots,https://api.pbpstats.com/get-shots/wnba?EntityType=Team&Season=2025&SeasonType=Regular+Season&TeamId=1611661325&EntityId=1611661325,200,248,,,,Monique Akoa Makani,1642777.0,True,1611661317,239.0,224,2025-09-02,1022500262,1628909-1631086-1641648-203824-203827,False,PHX,1630149-1630442-1642777-201886-203826,,,,,,1611661325,2,Aliyah Boston,1641648,26,04:21,0,,0,,0,,0,,False,-5,,6.3,0.3817,244.0,ShortMidRange,2,261.0,OffFTMake,IND,04:04,,31,55,False,shots,4Q/OT | margin -3..3 | 300..120,team
wnba,wnba_shot_pace,shot_pace,shots,get-shots,2025,Regular Season,team,"{'EntityType': 'Team', 'Season': '2025', 'SeasonType': 'Regular Season', 'TeamId': '1611661325', 'EntityId': '1611661325'}",shot_pace,1611661325,4Q/OT | margin -3..3 | 300..120,get-shots__shots__entity_type-Team__season-2025__season_type-Regular_Season__team_id-1611661325__entity_id-1611661325__44fa9629,get-shots,https://api.pbpstats.com/get-shots/wnba?EntityType=Team&Season=2025&SeasonType=Regular+Season&TeamId=1611661325&EntityId=1611661325,200,249,,,,,,False,1611661317,263.0,211,2025-09-02,1022500262,1627672-1628909-1641648-203824-203827,False,PHX,1627674-1628244-1630442-201886-203826,,,,,,1611661325,2,Odyssey Sims,203824,24,04:46,0,,0,,0,,0,,False,-2,,11.1,0.4068,266.0,ShortMidRange,2,286.0,OffDeadball,IND,04:26,,24,108,False,shots,4Q/OT | margin -3..3 | 300..120,team
wnba,wnba_shot_pace,shot_pace,shots,get-shots,2025,Regular Season,team,"{'EntityType': 'Team', 'Season': '2025', 'SeasonType': 'Regular Season', 'TeamId': '1611661325', 'EntityId': '1611661325'}",shot_pace,1611661325,4Q/OT | margin -3..3 | 300..120,get-shots__shots__entity_type-Team__season-2025__season_type-Regular_Season__team_id-1611661325__entity_id-1611661325__44fa9629,get-shots,https://api.pbpstats.com/get-shots/wnba?EntityType=Team&Season=2025&SeasonType=Regular+Season&TeamId=1611661325&EntityId=1611661325,200,250,,,,,,False,1611661317,293.0,208,2025-09-02,1022500262,1627672-1628909-1641648-203824-203827,False,PHX,1627674-1628244-1630442-201886-203826,Aerial Powers,1627672.0,Kelsey Mitchell,1628909.0,LongMidRange,1611661325,2,Aerial Powers,1627672,22,05:03,0,,0,,1628909,Kelsey Mitchell,203826,Alyssa Thomas,False,-2,3.0,5.8,0.4329,293.0,ShortMidRange,2,303.0,OffLiveBallTurnover,IND,04:53,,4,58,False,shots,4Q/OT | margin -3..3 | 300..120,team
wnba,wnba_shot_pace,shot_pace,shots,get-shots,2025,Regular Season,team,"{'EntityType': 'Team', 'Season': '2025', 'SeasonType': 'Regular Season', 'TeamId': '1611661325', 'EntityId': '1611661325'}",shot_pace,1611661325,4Q/OT | margin -3..3 | 300..120,get-shots__shots__entity_type-Team__season-2025__season_type-Regular_Season__team_id-1611661325__entity_id-1611661325__44fa9629,get-shots,https://api.pbpstats.com/get-shots/wnba?EntityType=Team&Season=2025&SeasonType=Regular+Season&TeamId=1611661325&EntityId=1611661325,200,251,,,,,,False,1611661317,293.0,206,2025-09-02,1022500262,1627672-1628909-1641648-203824-203827,False,PHX,1627674-1628244-1630442-201886-203826,,,,,,1611661325,2,Kelsey Mitchell,1628909,22,05:03,0,,0,,1628909,Kelsey Mitchell,203826,Alyssa Thomas,False,-2,,20.3,0.4232,299.0,LongMidRange,2,303.0,OffLiveBallTurnover,IND,04:59,,44,198,False,shots,4Q/OT | margin -3..3 | 300..120,team
wnba,wnba_shot_pace,shot_pace,shots,get-shots,2025,Regular Season,team,"{'EntityType': 'Team', 'Season': '2025', 'SeasonType': 'Regular Season', 'TeamId': '1611661325', 'EntityId': '1611661325'}",shot_pace,1611661325,4Q/OT | margin -3..3 | 300..120,get-shots__shots__entity_type-Team__season-2025__season_type-Regular_Season__team_id-1611661325__entity_id-1611661325__44fa9629,get-shots,https://api.pbpstats.com/get-shots/wnba?EntityType=Team&Season=2025&SeasonType=Regular+Season&TeamId=1611661325&EntityId=1611661325,200,252,Aerial Powers,1627672.0,True,,,,1611661317,321.0,202,2025-09-02,1022500262,1627672-1628909-1641648-203824-203827,True,PHX,1627674-1628244-1630442-201886-203826,,,,,,1611661325,2,Aliyah Boston,1641648,20,05:44,0,,0,,0,,0,,False,-4,,3.6,0.4141,321.0,AtRim,2,344.0,OffFTMake,IND,05:21,,15,33,False,shots,4Q/OT | margin -3..3 | 300..120,team
wnba,wnba_shot_pace,shot_pace,shots,get-shots,2025,Regular Season,team,"{'EntityType': 'Team', 'Season': '2025', 'SeasonType': 'Regular Season', 'TeamId': '1611661325', 'EntityId': '1611661325'}",shot_pace,1611661325,4Q/OT | margin -3..3 | 300..120,get-shots__shots__entity_type-Team__season-2025__season_type-Regular_Season__team_id-1611661325__entity_id-1611661325__44fa9629,get-shots,https://api.pbpstats.com/get-shots/wnba?EntityType=Team&Season=2025&SeasonType=Regular+Season&TeamId=1611661325&EntityId=1611661325,200,253,,,,,,False,1611661317,355.0,195,2025-09-02,1022500262,1627672-1628909-1641648-203824-203827,False,PHX,1627674-1628244-1630442-201886-203826,,,,,,1611661325,2,Aliyah Boston,1641648,18,06:13,0,,0,,0,,0,,False,-1,,8.3,0.3819,360.0,ShortMidRange,2,373.0,OffDeadball,IND,06:00,,59,58,False,shots,4Q/OT | margin -3..3 | 300..120,team
wnba,wnba_shot_pace,shot_pace,shots,get-shots,2025,Regular Season,team,"{'EntityType': 'Team', 'Season': '2025', 'SeasonType': 'Regular Season', 'TeamId': '1611661325', 'EntityId': '1611661325'}",shot_pace,1611661325,4Q/OT | margin -3..3 | 300..120,get-shots__shots__entity_type-Team__season-2025__season_type-Regular_Season__team_id-1611661325__entity_id-1611661325__44fa9629,get-shots,https://api.pbpstats.com/get-shots/wnba?EntityType=Team&Season=2025&SeasonType=Regular+Season&TeamId=1611661325&EntityId=1611661325,200,254,Natasha Howard,203827.0,True,,,,1611661317,390.0,192,2025-09-02,1022500262,1627672-1628909-1641648-203824-203827,True,PHX,1627674-1628244-1630442-201886-203826,,,,,,1611661325,2,Aliyah Boston,1641648,16,06:41,0,,0,,1628909,Kelsey Mitchell,1627674,Kahleah Copper,False,-3,,4.5,0.3629,390.0,ShortMidRange,2,401.0,OffLiveBallTurnover,IND,06:30,,-30,33,False,shots,4Q/OT | margin -3..3 | 300..120,team
wnba,wnba_shot_pace,shot_pace,shots,get-shots,2025,Regular Season,team,"{'EntityType': 'Team', 'Season': '2025', 'SeasonType': 'Regular Season', 'TeamId': '1611661325', 'EntityId': '1611661325'}",shot_pace,1611661325,4Q/OT | margin -3..3 | 300..120,get-shots__shots__entity_type-Team__season-2025__season_type-Regular_Season__team_id-1611661325__entity_id-1611661325__44fa9629,get-shots,https://api.pbpstats.com/get-shots/wnba?EntityType=Team&Season=2025&SeasonType=Regular+Season&TeamId=1611661325&EntityId=1611661325,200,255,,,,,,False,1611661317,402.0,187,2025-09-02,1022500262,1627672-1628909-1641648-203824-203827,False,PHX,1627674-1628244-1630442-201886-203826,,,,,,1611661325,2,Kelsey Mitchell,1628909,14,07:01,0,,201886,DeWanna Bonner,0,,0,,False,-3,,2.9,0.5931,404.0,AtRim,2,421.0,OffLongMidRangeMake,IND,06:44,,-28,-9,False,shots,4Q/OT | margin -3..3 | 300..120,team
wnba,wnba_shot_pace,shot_pace,shots,get-shots,2025,Regular Season,team,"{'EntityType': 'Team', 'Season': '2025', 'SeasonType': 'Regular Season', 'TeamId': '1611661325', 'EntityId': '1611661325'}",shot_pace,1611661325,4Q/OT | margin -3..3 | 300..120,get-shots__shots__entity_type-Team__season-2025__season_type-Regular_Season__team_id-1611661325__entity_id-1611661325__44fa9629,get-shots,https://api.pbpstats.com/get-shots/wnba?EntityType=Team&Season=2025&SeasonType=Regular+Season&TeamId=1611661325&EntityId=1611661325,200,256,,,,,,False,1611661317,427.0,176,2025-09-02,1022500262,1627672-1631086-1641648-203824-203827,False,PHX,1627674-1628244-1630442-201886-203826,,,,,,1611661325,2,Aliyah Boston,1641648,12,07:34,203024,Damiris Dantas,1630149,Satou Sabally,0,,0,,False,-1,,17.2,0.2928,431.0,LongMidRange,2,454.0,OffShortMidRangeMiss,IND,07:11,,-169,31,False,shots,4Q/OT | margin -3..3 | 300..120,team
wnba,wnba_shot_pace,shot_pace,shots,get-shots,2025,Regular Season,team,"{'EntityType': 'Team', 'Season': '2025', 'SeasonType': 'Regular Season', 'TeamId': '1611661325', 'EntityId': '1611661325'}",shot_pace,1611661325,4Q/OT | margin -3..3 | 300..120,get-shots__shots__entity_type-Team__season-2025__season_type-Regular_Season__team_id-1611661325__entity_id-1611661325__44fa9629,get-shots,https://api.pbpstats.com/get-shots/wnba?EntityType=Team&Season=2025&SeasonType=Regular+Season&TeamId=1611661325&EntityId=1611661325,200,257,,,,,,False,1611661317,458.0,160,2025-09-02,1022500262,1627672-1629488-1631086-203024-203824,False,PHX,1627674-1628957-1630149-1642777-201886,,,,,,1611661325,2,Odyssey Sims,203824,10,07:47,203024,Damiris Dantas,1642777,Monique Akoa Makani,0,,0,,False,-1,,6.5,0.4215,464.0,ShortMidRange,2,467.0,OffAtRimMiss,IND,07:44,,23,61,False,shots,4Q/OT | margin -3..3 | 300..120,team
wnba,wnba_shot_pace,shot_pace,shots,get-shots,2025,Regular Season,team,"{'EntityType': 'Team', 'Season': '2025', 'SeasonType': 'Regular Season', 'TeamId': '1611661325', 'EntityId': '1611661325'}",shot_pace,1611661325,4Q/OT | margin -3..3 | 300..120,get-shots__shots__entity_type-Team__season-2025__season_type-Regular_Season__team_id-1611661325__entity_id-1611661325__44fa9629,get-shots,https://api.pbpstats.com/get-shots/wnba?EntityType=Team&Season=2025&SeasonType=Regular+Season&TeamId=1611661325&EntityId=1611661325,200,258,,,False,,,,1611661317,487.0,157,2025-09-02,1022500262,1627672-1629488-1631086-203024-203824,True,PHX,1627674-1628957-1630149-1642777-201886,Brianna Turner,1629488.0,Aerial Powers,1627672.0,LongMidRange,1611661325,2,Brianna Turner,1629488,8,08:18,1627672,Aerial Powers,201886,DeWanna Bonner,0,,0,,True,-3,1.0,2.2,0.6347,487.0,AtRim,2,498.0,OffCorner3Miss,IND,08:07,,-22,1,False,shots,4Q/OT | margin -3..3 | 300..120,team
wnba,wnba_shot_pace,shot_pace,shots,get-shots,2025,Regular Season,team,"{'EntityType': 'Team', 'Season': '2025', 'SeasonType': 'Regular Season', 'TeamId': '1611661325', 'EntityId': '1611661325'}",shot_pace,1611661325,4Q/OT | margin -3..3 | 300..120,get-shots__shots__entity_type-Team__season-2025__season_type-Regular_Season__team_id-1611661325__entity_id-1611661325__44fa9629,get-shots,https://api.pbpstats.com/get-shots/wnba?EntityType=Team&Season=2025&SeasonType=Regular+Season&TeamId=1611661325&EntityId=1611661325,200,259,,,,,,False,1611661317,487.0,155,2025-09-02,1022500262,1627672-1629488-1631086-203024-203824,False,PHX,1627674-1628957-1630149-1642777-201886,,,,,,1611661325,2,Aerial Powers,1627672,8,08:18,1627672,Aerial Powers,201886,DeWanna Bonner,0,,0,,False,-3,,14.1,0.412,491.0,LongMidRange,2,498.0,OffCorner3Miss,IND,08:11,,60,128,False,shots,4Q/OT | margin -3..3 | 300..120,team
wnba,wnba_shot_pace,shot_pace,shots,get-shots,2025,Regular Season,team,"{'EntityType': 'Team', 'Season': '2025', 'SeasonType': 'Regular Season', 'TeamId': '1611661325', 'EntityId': '1611661325'}",shot_pace,1611661325,4Q/OT | margin -3..3 | 300..120,get-shots__shots__entity_type-Team__season-2025__season_type-Regular_Season__team_id-1611661325__entity_id-1611661325__44fa9629,get-shots,https://api.pbpstats.com/get-shots/wnba?EntityType=Team&Season=2025&SeasonType=Regular+Season&TeamId=1611661325&EntityId=1611661325,200,260,Aerial Powers,1627672.0,True,,,,1611661317,517.0,151,2025-09-02,1022500262,1627672-1629488-1631086-203024-203824,True,PHX,1627674-1628957-1630149-1642777-201886,,,,,,1611661325,2,Lexie Hull,1631086,6,08:58,0,,1628957,Kathryn Westbeld,0,,0,,False,-6,,24.7,0.3364,517.0,Corner3,3,538.0,OffAtRimMake,IND,08:37,,-241,53,False,shots,4Q/OT | margin -3..3 | 300..120,team
wnba,wnba_shot_pace,shot_pace,shots,get-shots,2025,Regular Season,team,"{'EntityType': 'Team', 'Season': '2025', 'SeasonType': 'Regular Season', 'TeamId': '1611661325', 'EntityId': '1611661325'}",shot_pace,1611661325,4Q/OT | margin -3..3 | 300..120,get-shots__shots__entity_type-Team__season-2025__season_type-Regular_Season__team_id-1611661325__entity_id-1611661325__44fa9629,get-shots,https://api.pbpstats.com/get-shots/wnba?EntityType=Team&Season=2025&SeasonType=Regular+Season&TeamId=1611661325&EntityId=1611661325,200,261,,,,,,False,1611661317,547.0,147,2025-09-02,1022500262,1627672-1629488-1631086-203024-203824,False,PHX,1627674-1628957-1630149-1642777-201886,,,,,,1611661325,2,Lexie Hull,1631086,4,09:27,0,,0,,0,,0,,False,-4,,5.8,0.3824,549.0,ShortMidRange,2,567.0,OffFTMake,IND,09:09,,-49,31,False,shots,4Q/OT | margin -3..3 | 300..120,team
wnba,wnba_shot_pace,shot_pace,shots,get-shots,2025,Regular Season,team,"{'EntityType': 'Team', 'Season': '2025', 'SeasonType': 'Regular Season', 'TeamId': '1611661325', 'EntityId': '1611661325'}",shot_pace,1611661325,4Q/OT | margin -3..3 | 300..120,get-shots__shots__entity_type-Team__season-2025__season_type-Regular_Season__team_id-1611661325__entity_id-1611661325__44fa9629,get-shots,https://api.pbpstats.com/get-shots/wnba?EntityType=Team&Season=2025&SeasonType=Regular+Season&TeamId=1611661325&EntityId=1611661325,200,262,,,,,,False,1611661317,574.0,141,2025-09-02,1022500262,1627672-1629488-1631086-203024-203824,False,PHX,1627674-1628957-1630149-1642777-201886,,,,,,1611661325,2,Damiris Dantas,203024,2,09:44,1631086,Lexie Hull,1630149,Satou Sabally,0,,0,,False,-2,,6.4,0.4009,577.0,ShortMidRange,2,584.0,OffShortMidRangeMiss,IND,09:37,,-60,22,False,shots,4Q/OT | margin -3..3 | 300..120,team
wnba,wnba_shot_pace,shot_pace,shots,get-shots,2025,Regular Season,team,"{'EntityType': 'Team', 'Season': '2025', 'SeasonType': 'Regular Season', 'TeamId': '1611661325', 'EntityId': '1611661325'}",shot_pace,1611661325,4Q/OT | margin -3..3 | 300..120,get-shots__shots__entity_type-Team__season-2025__season_type-Regular_Season__team_id-1611661325__entity_id-1611661325__44fa9629,get-shots,https://api.pbpstats.com/get-shots/wnba?EntityType=Team&Season=2025&SeasonType=Regular+Season&TeamId=1611661325&EntityId=1611661325,200,263,Damiris Dantas,203024.0,True,,,,1611661317,26.0,128,2025-09-02,1022500262,1628909-1629488-1631086-203024-203035,True,PHX,1628244-1628957-1630149-1642777-201886,,,,,,1611661325,1,Kelsey Mitchell,1628909,39,00:30,203024,Damiris Dantas,1642777,Monique Akoa Makani,0,,0,,False,-2,,24.9,0.3235,26.0,Arc3,3,30.0,OffArc3Miss,IND,00:26,,-150,199,False,shots,4Q/OT | margin -3..3 | 300..120,team
wnba,wnba_shot_pace,shot_pace,shots,get-shots,2025,Regular Season,team,"{'EntityType': 'Team', 'Season': '2025', 'SeasonType': 'Regular Season', 'TeamId': '1611661325', 'EntityId': '1611661325'}",shot_pace,1611661325,4Q/OT | margin -3..3 | 300..120,get-shots__shots__entity_type-Team__season-2025__season_type-Regular_Season__team_id-1611661325__entity_id-1611661325__44fa9629,get-shots,https://api.pbpstats.com/get-shots/wnba?EntityType=Team&Season=2025&SeasonType=Regular+Season&TeamId=1611661325&EntityId=1611661325,200,264,,,,,,False,1611661317,47.0,124,2025-09-02,1022500262,1628909-1629488-1631086-203024-203035,False,PHX,1628244-1628957-1630149-1642777-201886,,,,,,1611661325,1,Shey Peddy,203035,37,01:14,0,,201886,DeWanna Bonner,0,,0,,False,-2,,24.4,0.3172,50.0,Arc3,3,74.0,OffCorner3Make,IND,00:50,,-182,163,False,shots,4Q/OT | margin -3..3 | 300..120,team
wnba,wnba_shot_pace,shot_pace,shots,get-shots,2025,Regular Season,team,"{'EntityType': 'Team', 'Season': '2025', 'SeasonType': 'Regular Season', 'TeamId': '1611661325', 'EntityId': '1611661325'}",shot_pace,1611661325,4Q/OT | margin -3..3 | 300..120,get-shots__shots__entity_type-Team__season-2025__season_type-Regular_Season__team_id-1611661325__entity_id-1611661325__44fa9629,get-shots,https://api.pbpstats.com/get-shots/wnba?EntityType=Team&Season=2025&SeasonType=Regular+Season&TeamId=1611661325&EntityId=1611661325,200,265,,,,,,False,1611661317,81.0,114,2025-09-02,1022500262,1628909-1629488-1631086-1641648-203035,False,PHX,1628244-1628957-1642777-201886-203826,Brianna Turner,1629488.0,Aliyah Boston,1641648.0,AtRim,1611661325,1,Brianna Turner,1629488,35,01:49,203035,Shey Peddy,203826,Alyssa Thomas,0,,0,,True,1,1.0,1.6,0.5407,84.0,AtRim,2,109.0,OffShortMidRangeMiss,IND,01:24,,-2,16,False,shots,4Q/OT | margin -3..3 | 300..120,team
wnba,wnba_shot_pace,shot_pace,shots,get-shots,2025,Regular Season,team,"{'EntityType': 'Team', 'Season': '2025', 'SeasonType': 'Regular Season', 'TeamId': '1611661325', 'EntityId': '1611661325'}",shot_pace,1611661325,4Q/OT | margin -3..3 | 300..120,get-shots__shots__entity_type-Team__season-2025__season_type-Regular_Season__team_id-1611661325__entity_id-1611661325__44fa9629,get-shots,https://api.pbpstats.com/get-shots/wnba?EntityType=Team&Season=2025&SeasonType=Regular+Season&TeamId=1611661325&EntityId=1611661325,200,266,,,,,,False,1611661317,81.0,112,2025-09-02,1022500262,1628909-1629488-1631086-1641648-203035,False,PHX,1628244-1628957-1642777-201886-203826,Aliyah Boston,1641648.0,Aliyah Boston,1641648.0,ShortMidRange,1611661325,1,Aliyah Boston,1641648,35,01:49,203035,Shey Peddy,203826,Alyssa Thomas,0,,0,,True,1,1.0,1.8,0.6206,86.0,AtRim,2,109.0,OffShortMidRangeMiss,IND,01:26,,18,0,False,shots,4Q/OT | margin -3..3 | 300..120,team
wnba,wnba_shot_pace,shot_pace,shots,get-shots,2025,Regular Season,team,"{'EntityType': 'Team', 'Season': '2025', 'SeasonType': 'Regular Season', 'TeamId': '1611661325', 'EntityId': '1611661325'}",shot_pace,1611661325,4Q/OT | margin -3..3 | 300..120,get-shots__shots__entity_type-Team__season-2025__season_type-Regular_Season__team_id-1611661325__entity_id-1611661325__44fa9629,get-shots,https://api.pbpstats.com/get-shots/wnba?EntityType=Team&Season=2025&SeasonType=Regular+Season&TeamId=1611661325&EntityId=1611661325,200,267,,,,,,False,1611661317,81.0,110,2025-09-02,1022500262,1628909-1629488-1631086-1641648-203035,False,PHX,1628244-1628957-1642777-201886-203826,,,,,,1611661325,1,Aliyah Boston,1641648,35,01:49,203035,Shey Peddy,203826,Alyssa Thomas,0,,0,,False,1,,4.3,0.4103,88.0,ShortMidRange,2,109.0,OffShortMidRangeMiss,IND,01:28,,32,28,False,shots,4Q/OT | margin -3..3 | 300..120,team
wnba,wnba_shot_pace,shot_pace,shots,get-shots,2025,Regular Season,team,"{'EntityType': 'Team', 'Season': '2025', 'SeasonType': 'Regular Season', 'TeamId': '1611661325', 'EntityId': '1611661325'}",shot_pace,1611661325,4Q/OT | margin -3..3 | 300..120,get-shots__shots__entity_type-Team__season-2025__season_type-Regular_Season__team_id-1611661325__entity_id-1611661325__44fa9629,get-shots,https://api.pbpstats.com/get-shots/wnba?EntityType=Team&Season=2025&SeasonType=Regular+Season&TeamId=1611661325&EntityId=1611661325,200,268,,,False,,,,1611661317,136.0,107,2025-09-02,1022500262,1628909-1629488-1631086-1641648-203035,True,PHX,1628244-1628957-1642777-201886-203826,,,,,,1611661325,1,Kelsey Mitchell,1628909,33,02:27,1631086,Lexie Hull,1628957,Kathryn Westbeld,0,,0,,False,-1,,5.1,0.3763,136.0,ShortMidRange,2,147.0,OffArc3Miss,IND,02:16,,-36,36,False,shots,4Q/OT | margin -3..3 | 300..120,team
wnba,wnba_shot_pace,shot_pace,shots,get-shots,2025,Regular Season,team,"{'EntityType': 'Team', 'Season': '2025', 'SeasonType': 'Regular Season', 'TeamId': '1611661325', 'EntityId': '1611661325'}",shot_pace,1611661325,4Q/OT | margin -3..3 | 300..120,get-shots__shots__entity_type-Team__season-2025__season_type-Regular_Season__team_id-1611661325__entity_id-1611661325__44fa9629,get-shots,https://api.pbpstats.com/get-shots/wnba?EntityType=Team&Season=2025&SeasonType=Regular+Season&TeamId=1611661325&EntityId=1611661325,200,269,Aliyah Boston,1641648.0,True,,,,1611661317,202.0,91,2025-09-02,1022500262,1628909-1629488-1631086-1641648-203035,True,PHX,1627674-1628244-1628957-201886-203826,,,,,,1611661325,1,Lexie Hull,1631086,29,03:43,203035,Shey Peddy,1627674,Kahleah Copper,0,,0,,False,-5,,10.7,0.4005,202.0,ShortMidRange,2,223.0,OffFTMiss,IND,03:22,,33,102,False,shots,4Q/OT | margin -3..3 | 300..120,team
wnba,wnba_shot_pace,shot_pace,shots,get-shots,2025,Regular Season,team,"{'EntityType': 'Team', 'Season': '2025', 'SeasonType': 'Regular Season', 'TeamId': '1611661325', 'EntityId': '1611661325'}",shot_pace,1611661325,4Q/OT | margin -3..3 | 300..120,get-shots__shots__entity_type-Team__season-2025__season_type-Regular_Season__team_id-1611661325__entity_id-1611661325__44fa9629,get-shots,https://api.pbpstats.com/get-shots/wnba?EntityType=Team&Season=2025&SeasonType=Regular+Season&TeamId=1611661325&EntityId=1611661325,200,270,,,,,,False,1611661317,237.0,82,2025-09-02,1022500262,1628909-1629488-1631086-1641648-203035,False,PHX,1627674-1628244-1628957-201886-203826,,,,,,1611661325,1,Aliyah Boston,1641648,27,04:06,0,,0,,1628909,Kelsey Mitchell,1627674,Kahleah Copper,False,-3,,7.9,0.4167,240.0,ShortMidRange,2,246.0,OffLiveBallTurnover,IND,04:00,,35,71,False,shots,4Q/OT | margin -3..3 | 300..120,team
wnba,wnba_shot_pace,shot_pace,shots,get-shots,2025,Regular Season,team,"{'EntityType': 'Team', 'Season': '2025', 'SeasonType': 'Regular Season', 'TeamId': '1611661325', 'EntityId': '1611661325'}",shot_pace,1611661325,4Q/OT | margin -3..3 | 300..120,get-shots__shots__entity_type-Team__season-2025__season_type-Regular_Season__team_id-1611661325__entity_id-1611661325__44fa9629,get-shots,https://api.pbpstats.com/get-shots/wnba?EntityType=Team&Season=2025&SeasonType=Regular+Season&TeamId=1611661325&EntityId=1611661325,200,271,,,False,,,,1611661317,288.0,64,2025-09-02,1022500262,1628909-1631086-1641648-203824-203827,True,PHX,1627674-1628244-1630149-1630442-203826,,,,,,1611661325,1,Lexie Hull,1631086,23,05:06,0,,203826,Alyssa Thomas,0,,0,,False,-5,,8.2,0.4208,288.0,ShortMidRange,2,306.0,OffAtRimMake,IND,04:48,,-4,82,False,shots,4Q/OT | margin -3..3 | 300..120,team
wnba,wnba_shot_pace,shot_pace,shots,get-shots,2025,Regular Season,team,"{'EntityType': 'Team', 'Season': '2025', 'SeasonType': 'Regular Season', 'TeamId': '1611661325', 'EntityId': '1611661325'}",shot_pace,1611661325,4Q/OT | margin -3..3 | 300..120,get-shots__shots__entity_type-Team__season-2025__season_type-Regular_Season__team_id-1611661325__entity_id-1611661325__44fa9629,get-shots,https://api.pbpstats.com/get-shots/wnba?EntityType=Team&Season=2025&SeasonType=Regular+Season&TeamId=1611661325&EntityId=1611661325,200,272,,,,,,False,1611661317,314.0,60,2025-09-02,1022500262,1628909-1631086-1641648-203824-203827,False,PHX,1627674-1628244-1630149-1630442-203826,,,,,,1611661325,1,Odyssey Sims,203824,21,05:24,0,,1627674,Kahleah Copper,0,,0,,False,-3,,23.0,0.4172,317.0,Corner3,3,324.0,OffAtRimMake,IND,05:17,,230,7,False,shots,4Q/OT | margin -3..3 | 300..120,team
wnba,wnba_shot_pace,shot_pace,shots,get-shots,2025,Regular Season,team,"{'EntityType': 'Team', 'Season': '2025', 'SeasonType': 'Regular Season', 'TeamId': '1611661325', 'EntityId': '1611661325'}",shot_pace,1611661325,4Q/OT | margin -3..3 | 300..120,get-shots__shots__entity_type-Team__season-2025__season_type-Regular_Season__team_id-1611661325__entity_id-1611661325__44fa9629,get-shots,https://api.pbpstats.com/get-shots/wnba?EntityType=Team&Season=2025&SeasonType=Regular+Season&TeamId=1611661325&EntityId=1611661325,200,273,,,,,,False,1611661317,367.0,49,2025-09-02,1022500262,1628909-1631086-1641648-203824-203827,False,PHX,1627674-1630149-1630442-1642777-203826,,,,,,1611661325,1,Odyssey Sims,203824,17,06:21,0,,203826,Alyssa Thomas,0,,0,,False,-1,,3.5,0.5745,370.0,AtRim,2,381.0,OffShortMidRangeMake,IND,06:10,,-32,13,False,shots,4Q/OT | margin -3..3 | 300..120,team
wnba,wnba_shot_pace,shot_pace,shots,get-shots,2025,Regular Season,team,"{'EntityType': 'Team', 'Season': '2025', 'SeasonType': 'Regular Season', 'TeamId': '1611661325', 'EntityId': '1611661325'}",shot_pace,1611661325,4Q/OT | margin -3..3 | 300..120,get-shots__shots__entity_type-Team__season-2025__season_type-Regular_Season__team_id-1611661325__entity_id-1611661325__44fa9629,get-shots,https://api.pbpstats.com/get-shots/wnba?EntityType=Team&Season=2025&SeasonType=Regular+Season&TeamId=1611661325&EntityId=1611661325,200,274,,,,,,False,1611661317,395.0,45,2025-09-02,1022500262,1628909-1631086-1641648-203824-203827,False,PHX,1627674-1630149-1630442-1642777-203826,,,,,,1611661325,1,Lexie Hull,1631086,15,06:57,0,,203826,Alyssa Thomas,0,,0,,False,1,,5.0,0.4068,397.0,ShortMidRange,2,417.0,OffShortMidRangeMake,IND,06:37,,38,32,False,shots,4Q/OT | margin -3..3 | 300..120,team
wnba,wnba_shot_pace,shot_pace,shots,get-shots,2025,Regular Season,team,"{'EntityType': 'Team', 'Season': '2025', 'SeasonType': 'Regular Season', 'TeamId': '1611661325', 'EntityId': '1611661325'}",shot_pace,1611661325,4Q/OT | margin -3..3 | 300..120,get-shots__shots__entity_type-Team__season-2025__season_type-Regular_Season__team_id-1611661325__entity_id-1611661325__44fa9629,get-shots,https://api.pbpstats.com/get-shots/wnba?EntityType=Team&Season=2025&SeasonType=Regular+Season&TeamId=1611661325&EntityId=1611661325,200,275,Aliyah Boston,1641648.0,True,,,,1611661317,425.0,41,2025-09-02,1022500262,1628909-1631086-1641648-203824-203827,True,PHX,1627674-1630149-1630442-1642777-203826,,0.0,Lexie Hull,1631086.0,TeamBlocked,1611661325,1,Kelsey Mitchell,1628909,13,07:29,0,,0,,0,,0,,False,0,6.0,23.3,0.3371,425.0,Arc3,3,449.0,OffFTMake,IND,07:05,,181,146,False,shots,4Q/OT | margin -3..3 | 300..120,team
wnba,wnba_shot_pace,shot_pace,shots,get-shots,2025,Regular Season,team,"{'EntityType': 'Team', 'Season': '2025', 'SeasonType': 'Regular Season', 'TeamId': '1611661325', 'EntityId': '1611661325'}",shot_pace,1611661325,4Q/OT | margin -3..3 | 300..120,get-shots__shots__entity_type-Team__season-2025__season_type-Regular_Season__team_id-1611661325__entity_id-1611661325__44fa9629,get-shots,https://api.pbpstats.com/get-shots/wnba?EntityType=Team&Season=2025&SeasonType=Regular+Season&TeamId=1611661325&EntityId=1611661325,200,276,,,,Natasha Mack,1630442.0,True,1611661317,425.0,36,2025-09-02,1022500262,1628909-1631086-1641648-203824-203827,False,PHX,1627674-1630149-1630442-1642777-203826,,,,,,1611661325,1,Lexie Hull,1631086,13,07:29,0,,0,,0,,0,,False,0,,5.2,0.4042,431.0,ShortMidRange,2,449.0,OffFTMake,IND,07:11,,27,44,False,shots,4Q/OT | margin -3..3 | 300..120,team
wnba,wnba_shot_pace,shot_pace,shots,get-shots,2025,Regular Season,team,"{'EntityType': 'Team', 'Season': '2025', 'SeasonType': 'Regular Season', 'TeamId': '1611661325', 'EntityId': '1611661325'}",shot_pace,1611661325,4Q/OT | margin -3..3 | 300..120,get-shots__shots__entity_type-Team__season-2025__season_type-Regular_Season__team_id-1611661325__entity_id-1611661325__44fa9629,get-shots,https://api.pbpstats.com/get-shots/wnba?EntityType=Team&Season=2025&SeasonType=Regular+Season&TeamId=1611661325&EntityId=1611661325,200,277,Aliyah Boston,1641648.0,True,,,,1611661317,462.0,28,2025-09-02,1022500262,1628909-1631086-1641648-203824-203827,True,PHX,1627674-1630149-1630442-1642777-203826,,,,,,1611661325,1,Kelsey Mitchell,1628909,11,07:57,0,,1627674,Kahleah Copper,0,,0,,False,0,,17.8,0.3837,462.0,LongMidRange,2,477.0,OffArc3Make,IND,07:42,,115,136,False,shots,4Q/OT | margin -3..3 | 300..120,team
wnba,wnba_shot_pace,shot_pace,shots,get-shots,2025,Regular Season,team,"{'EntityType': 'Team', 'Season': '2025', 'SeasonType': 'Regular Season', 'TeamId': '1611661325', 'EntityId': '1611661325'}",shot_pace,1611661325,4Q/OT | margin -3..3 | 300..120,get-shots__shots__entity_type-Team__season-2025__season_type-Regular_Season__team_id-1611661325__entity_id-1611661325__44fa9629,get-shots,https://api.pbpstats.com/get-shots/wnba?EntityType=Team&Season=2025&SeasonType=Regular+Season&TeamId=1611661325&EntityId=1611661325,200,278,Odyssey Sims,203824.0,True,,,,1611661317,493.0,24,2025-09-02,1022500262,1628909-1631086-1641648-203824-203827,True,PHX,1627674-1630149-1630442-1642777-203826,,,,,,1611661325,1,Natasha Howard,203827,9,08:23,0,,1627674,Kahleah Copper,0,,0,,False,1,,1.6,0.6771,493.0,AtRim,2,503.0,OffAtRimMake,IND,08:13,,15,4,False,shots,4Q/OT | margin -3..3 | 300..120,team
wnba,wnba_shot_pace,shot_pace,shots,get-shots,2025,Regular Season,team,"{'EntityType': 'Team', 'Season': '2025', 'SeasonType': 'Regular Season', 'TeamId': '1611661325', 'EntityId': '1611661325'}",shot_pace,1611661325,4Q/OT | margin -3..3 | 300..120,get-shots__shots__entity_type-Team__season-2025__season_type-Regular_Season__team_id-1611661325__entity_id-1611661325__44fa9629,get-shots,https://api.pbpstats.com/get-shots/wnba?EntityType=Team&Season=2025&SeasonType=Regular+Season&TeamId=1611661325&EntityId=1611661325,200,279,,,,,,False,1611661317,508.0,20,2025-09-02,1022500262,1628909-1631086-1641648-203824-203827,False,PHX,1627674-1630149-1630442-1642777-203826,,,,,,1611661325,1,Kelsey Mitchell,1628909,7,08:50,0,,203826,Alyssa Thomas,0,,0,,False,3,,23.4,0.3889,512.0,Arc3,3,530.0,OffAtRimMake,IND,08:32,,110,206,False,shots,4Q/OT | margin -3..3 | 300..120,team
wnba,wnba_shot_pace,shot_pace,shots,get-shots,2025,Regular Season,team,"{'EntityType': 'Team', 'Season': '2025', 'SeasonType': 'Regular Season', 'TeamId': '1611661325', 'EntityId': '1611661325'}",shot_pace,1611661325,4Q/OT | margin -3..3 | 300..120,get-shots__shots__entity_type-Team__season-2025__season_type-Regular_Season__team_id-1611661325__entity_id-1611661325__44fa9629,get-shots,https://api.pbpstats.com/get-shots/wnba?EntityType=Team&Season=2025&SeasonType=Regular+Season&TeamId=1611661325&EntityId=1611661325,200,280,Aliyah Boston,1641648.0,True,,,,1611661317,551.0,11,2025-09-02,1022500262,1628909-1631086-1641648-203824-203827,True,PHX,1627674-1630149-1630442-1642777-203826,,,,,,1611661325,1,Kelsey Mitchell,1628909,3,09:20,203824,Odyssey Sims,1630149,Satou Sabally,0,,0,,False,2,,22.7,0.4406,551.0,Corner3,3,560.0,OffShortMidRangeMiss,IND,09:11,,227,-3,False,shots,4Q/OT | margin -3..3 | 300..120,team
wnba,wnba_shot_pace,shot_pace,shots,get-shots,2025,Regular Season,team,"{'EntityType': 'Team', 'Season': '2025', 'SeasonType': 'Regular Season', 'TeamId': '1611661325', 'EntityId': '1611661325'}",shot_pace,1611661325,4Q/OT | margin -3..3 | 300..120,get-shots__shots__entity_type-Team__season-2025__season_type-Regular_Season__team_id-1611661325__entity_id-1611661325__44fa9629,get-shots,https://api.pbpstats.com/get-shots/wnba?EntityType=Team&Season=2025&SeasonType=Regular+Season&TeamId=1611661325&EntityId=1611661325,200,281,Kelsey Mitchell,1628909.0,True,,,,1611661317,585.0,7,2025-09-02,1022500262,1628909-1631086-1641648-203824-203827,True,PHX,1627674-1630149-1630442-1642777-203826,,,,,,1611661325,1,Natasha Howard,203827,1,10:00,0,,0,,0,,0,,False,0,,12.1,0.4256,585.0,ShortMidRange,2,600.0,OffDeadball,IND,09:45,,12,120,False,shots,4Q/OT | margin -3..3 | 300..120,team
wnba,wnba_shot_pace,shot_pace,shots,get-shots,2025,Regular Season,team,"{'EntityType': 'Team', 'Season': '2025', 'SeasonType': 'Regular Season', 'TeamId': '1611661325', 'EntityId': '1611661325'}",shot_pace,1611661325,4Q/OT | margin -3..3 | 300..120,get-shots__shots__entity_type-Team__season-2025__season_type-Regular_Season__team_id-1611661325__entity_id-1611661325__44fa9629,get-shots,https://api.pbpstats.com/get-shots/wnba?EntityType=Team&Season=2025&SeasonType=Regular+Season&TeamId=1611661325&EntityId=1611661325,200,282,,,False,,,,1611661331,26.0,505,2025-08-31,1022500257,1627672-1629488-1631086-203035-203824,True,GSV,1627701-1630097-1630387-1631007-1642304,,,,,,1611661325,4,Aerial Powers,1627672,32,00:31,1629488,Brianna Turner,1630387,Iliana Rupert,0,,0,,False,-14,,20.2,0.3137,26.0,LongMidRange,2,31.0,OffLongMidRangeMiss,IND,00:26,,-121,162,False,shots,4Q/OT | margin -3..3 | 300..120,team
wnba,wnba_shot_pace,shot_pace,shots,get-shots,2025,Regular Season,team,"{'EntityType': 'Team', 'Season': '2025', 'SeasonType': 'Regular Season', 'TeamId': '1611661325', 'EntityId': '1611661325'}",shot_pace,1611661325,4Q/OT | margin -3..3 | 300..120,get-shots__shots__entity_type-Team__season-2025__season_type-Regular_Season__team_id-1611661325__entity_id-1611661325__44fa9629,get-shots,https://api.pbpstats.com/get-shots/wnba?EntityType=Team&Season=2025&SeasonType=Regular+Season&TeamId=1611661325&EntityId=1611661325,200,283,Shey Peddy,203035.0,True,,,,1611661331,52.0,496,2025-08-31,1022500257,1627672-1631086-203035-203824-203827,True,GSV,1627701-1630097-1630387-1631007-1642304,,,,,,1611661325,4,Aerial Powers,1627672,30,01:10,0,,1627701,Temi Fágbénlé,0,,0,,False,-16,,5.4,0.4019,54.0,ShortMidRange,2,70.0,OffShortMidRangeMake,IND,00:54,,6,54,False,shots,4Q/OT | margin -3..3 | 300..120,team
wnba,wnba_shot_pace,shot_pace,shots,get-shots,2025,Regular Season,team,"{'EntityType': 'Team', 'Season': '2025', 'SeasonType': 'Regular Season', 'TeamId': '1611661325', 'EntityId': '1611661325'}",shot_pace,1611661325,4Q/OT | margin -3..3 | 300..120,get-shots__shots__entity_type-Team__season-2025__season_type-Regular_Season__team_id-1611661325__entity_id-1611661325__44fa9629,get-shots,https://api.pbpstats.com/get-shots/wnba?EntityType=Team&Season=2025&SeasonType=Regular+Season&TeamId=1611661325&EntityId=1611661325,200,284,,,,,,False,1611661331,154.0,470,2025-08-31,1022500257,1627672-1628909-1631086-1641648-203827,False,GSV,1627701-1630097-1630387-1631007-1642304,,,,,,1611661325,4,Natasha Howard,203827,24,02:54,0,,1630387,Iliana Rupert,0,,0,,False,-13,,12.7,0.4076,157.0,ShortMidRange,2,174.0,OffArc3Make,IND,02:37,,-10,127,False,shots,4Q/OT | margin -3..3 | 300..120,team
wnba,wnba_shot_pace,shot_pace,shots,get-shots,2025,Regular Season,team,"{'EntityType': 'Team', 'Season': '2025', 'SeasonType': 'Regular Season', 'TeamId': '1611661325', 'EntityId': '1611661325'}",shot_pace,1611661325,4Q/OT | margin -3..3 | 300..120,get-shots__shots__entity_type-Team__season-2025__season_type-Regular_Season__team_id-1611661325__entity_id-1611661325__44fa9629,get-shots,https://api.pbpstats.com/get-shots/wnba?EntityType=Team&Season=2025&SeasonType=Regular+Season&TeamId=1611661325&EntityId=1611661325,200,285,Kelsey Mitchell,1628909.0,True,,,,1611661331,218.0,461,2025-08-31,1022500257,1627672-1628909-1631086-1641648-203827,True,GSV,1627701-1630097-1630387-1631007-1642304,,,,,,1611661325,4,Lexie Hull,1631086,20,03:55,0,,0,,0,,0,,False,-13,,23.5,0.353,218.0,Corner3,3,235.0,OffDeadball,IND,03:38,,-234,23,False,shots,4Q/OT | margin -3..3 | 300..120,team
wnba,wnba_shot_pace,shot_pace,shots,get-shots,2025,Regular Season,team,"{'EntityType': 'Team', 'Season': '2025', 'SeasonType': 'Regular Season', 'TeamId': '1611661325', 'EntityId': '1611661325'}",shot_pace,1611661325,4Q/OT | margin -3..3 | 300..120,get-shots__shots__entity_type-Team__season-2025__season_type-Regular_Season__team_id-1611661325__entity_id-1611661325__44fa9629,get-shots,https://api.pbpstats.com/get-shots/wnba?EntityType=Team&Season=2025&SeasonType=Regular+Season&TeamId=1611661325&EntityId=1611661325,200,286,Aliyah Boston,1641648.0,True,,,,1611661331,254.0,456,2025-08-31,1022500257,1627672-1628909-1631086-1641648-203827,True,GSV,1627701-1630387-1631007-1642304-1642324,,,,,,1611661325,4,Aerial Powers,1627672,18,04:28,0,,1630387,Iliana Rupert,0,,0,,False,-16,,25.1,0.3364,254.0,Arc3,3,268.0,OffCorner3Make,IND,04:14,,133,213,False,shots,4Q/OT | margin -3..3 | 300..120,team
wnba,wnba_shot_pace,shot_pace,shots,get-shots,2025,Regular Season,team,"{'EntityType': 'Team', 'Season': '2025', 'SeasonType': 'Regular Season', 'TeamId': '1611661325', 'EntityId': '1611661325'}",shot_pace,1611661325,4Q/OT | margin -3..3 | 300..120,get-shots__shots__entity_type-Team__season-2025__season_type-Regular_Season__team_id-1611661325__entity_id-1611661325__44fa9629,get-shots,https://api.pbpstats.com/get-shots/wnba?EntityType=Team&Season=2025&SeasonType=Regular+Season&TeamId=1611661325&EntityId=1611661325,200,287,,,,,,False,1611661331,286.0,452,2025-08-31,1022500257,1627672-1628909-1631086-1641648-203827,False,GSV,1627701-1630387-1631007-1642304-1642324,,,,,,1611661325,4,Kelsey Mitchell,1628909,16,05:02,0,,0,,0,,0,,False,-13,,25.0,0.3287,289.0,Arc3,3,302.0,OffTimeout,IND,04:49,,188,165,False,shots,4Q/OT | margin -3..3 | 300..120,team
wnba,wnba_shot_pace,shot_pace,shots,get-shots,2025,Regular Season,team,"{'EntityType': 'Team', 'Season': '2025', 'SeasonType': 'Regular Season', 'TeamId': '1611661325', 'EntityId': '1611661325'}",shot_pace,1611661325,4Q/OT | margin -3..3 | 300..120,get-shots__shots__entity_type-Team__season-2025__season_type-Regular_Season__team_id-1611661325__entity_id-1611661325__44fa9629,get-shots,https://api.pbpstats.com/get-shots/wnba?EntityType=Team&Season=2025&SeasonType=Regular+Season&TeamId=1611661325&EntityId=1611661325,200,288,,,,,,False,1611661331,319.0,444,2025-08-31,1022500257,1627672-1629488-1631086-1641648-203824,False,GSV,1627701-1630387-1631007-1642304-1642324,,,,,,1611661325,4,Aerial Powers,1627672,14,05:36,0,,0,,203824,Odyssey Sims,1631007,Veronica Burton,False,-11,,19.1,0.3344,321.0,LongMidRange,2,336.0,OffLiveBallTurnover,IND,05:21,,-148,121,False,shots,4Q/OT | margin -3..3 | 300..120,team
wnba,wnba_shot_pace,shot_pace,shots,get-shots,2025,Regular Season,team,"{'EntityType': 'Team', 'Season': '2025', 'SeasonType': 'Regular Season', 'TeamId': '1611661325', 'EntityId': '1611661325'}",shot_pace,1611661325,4Q/OT | margin -3..3 | 300..120,get-shots__shots__entity_type-Team__season-2025__season_type-Regular_Season__team_id-1611661325__entity_id-1611661325__44fa9629,get-shots,https://api.pbpstats.com/get-shots/wnba?EntityType=Team&Season=2025&SeasonType=Regular+Season&TeamId=1611661325&EntityId=1611661325,200,289,,,,,,False,1611661331,349.0,440,2025-08-31,1022500257,1627672-1629488-1631086-1641648-203824,False,GSV,1627701-1630387-1631007-1642304-1642324,,,,,,1611661325,4,Odyssey Sims,203824,12,05:57,1631086,Lexie Hull,1630387,Iliana Rupert,0,,0,,False,-11,,7.2,0.4019,352.0,ShortMidRange,2,357.0,OffArc3Miss,IND,05:52,,-46,55,False,shots,4Q/OT | margin -3..3 | 300..120,team
wnba,wnba_shot_pace,shot_pace,shots,get-shots,2025,Regular Season,team,"{'EntityType': 'Team', 'Season': '2025', 'SeasonType': 'Regular Season', 'TeamId': '1611661325', 'EntityId': '1611661325'}",shot_pace,1611661325,4Q/OT | margin -3..3 | 300..120,get-shots__shots__entity_type-Team__season-2025__season_type-Regular_Season__team_id-1611661325__entity_id-1611661325__44fa9629,get-shots,https://api.pbpstats.com/get-shots/wnba?EntityType=Team&Season=2025&SeasonType=Regular+Season&TeamId=1611661325&EntityId=1611661325,200,290,,,,,,False,1611661325,376.0,436,2025-08-31,1022500257,1627672-1629488-1631086-1641648-203824,False,IND,1627701-1630387-1631007-1642304-1642324,,,,,,1611661325,4,Odyssey Sims,203824,10,06:46,0,,1630387,Iliana Rupert,0,,0,,False,-11,,28.2,0.2587,379.0,Arc3,3,406.0,OffAtRimMake,IND,06:19,,7,282,False,shots,4Q/OT | margin -3..3 | 300..120,team
wnba,wnba_shot_pace,shot_pace,shots,get-shots,2025,Regular Season,team,"{'EntityType': 'Team', 'Season': '2025', 'SeasonType': 'Regular Season', 'TeamId': '1611661325', 'EntityId': '1611661325'}",shot_pace,1611661325,4Q/OT | margin -3..3 | 300..120,get-shots__shots__entity_type-Team__season-2025__season_type-Regular_Season__team_id-1611661325__entity_id-1611661325__44fa9629,get-shots,https://api.pbpstats.com/get-shots/wnba?EntityType=Team&Season=2025&SeasonType=Regular+Season&TeamId=1611661325&EntityId=1611661325,200,291,Temi Fágbénlé,1627701.0,True,,,,1611661331,406.0,434,2025-08-31,1022500257,1627701-1630387-1631007-1642304-1642324,True,GSV,1627672-1629488-1631086-1641648-203824,,,,,,1611661325,4,Iliana Rupert,1630387,9,07:08,0,,1642324,Kate Martin,0,,0,,False,9,,3.8,0.3908,406.0,AtRim,2,428.0,OffArc3Make,IND,06:46,,28,26,False,shots,4Q/OT | margin -3..3 | 300..120,team
wnba,wnba_shot_pace,shot_pace,shots,get-shots,2025,Regular Season,team,"{'EntityType': 'Team', 'Season': '2025', 'SeasonType': 'Regular Season', 'TeamId': '1611661325', 'EntityId': '1611661325'}",shot_pace,1611661325,4Q/OT | margin -3..3 | 300..120,get-shots__shots__entity_type-Team__season-2025__season_type-Regular_Season__team_id-1611661325__entity_id-1611661325__44fa9629,get-shots,https://api.pbpstats.com/get-shots/wnba?EntityType=Team&Season=2025&SeasonType=Regular+Season&TeamId=1611661325&EntityId=1611661325,200,292,,,False,,,,1611661331,457.0,423,2025-08-31,1022500257,1627672-1629488-1631086-1641648-203824,True,GSV,1627701-1631007-1641656-1642304-1642324,Aerial Powers,1627672.0,Aerial Powers,1627672.0,ShortMidRange,1611661325,4,Aerial Powers,1627672,7,08:06,1641648,Aliyah Boston,1641656,Laeticia Amihere,0,,0,,True,-7,1.0,3.9,0.3958,457.0,AtRim,2,486.0,OffAtRimMiss,IND,07:37,,-20,33,False,shots,4Q/OT | margin -3..3 | 300..120,team
wnba,wnba_shot_pace,shot_pace,shots,get-shots,2025,Regular Season,team,"{'EntityType': 'Team', 'Season': '2025', 'SeasonType': 'Regular Season', 'TeamId': '1611661325', 'EntityId': '1611661325'}",shot_pace,1611661325,4Q/OT | margin -3..3 | 300..120,get-shots__shots__entity_type-Team__season-2025__season_type-Regular_Season__team_id-1611661325__entity_id-1611661325__44fa9629,get-shots,https://api.pbpstats.com/get-shots/wnba?EntityType=Team&Season=2025&SeasonType=Regular+Season&TeamId=1611661325&EntityId=1611661325,200,293,,,,,,False,1611661331,457.0,421,2025-08-31,1022500257,1627672-1629488-1631086-1641648-203824,False,GSV,1627701-1631007-1641656-1642304-1642324,Brianna Turner,1629488.0,Aliyah Boston,1641648.0,ShortMidRange,1611661325,4,Aerial Powers,1627672,7,08:06,1641648,Aliyah Boston,1641656,Laeticia Amihere,0,,0,,False,-7,10.0,6.2,0.3579,461.0,ShortMidRange,2,486.0,OffAtRimMiss,IND,07:41,,45,43,False,shots,4Q/OT | margin -3..3 | 300..120,team
wnba,wnba_shot_pace,shot_pace,shots,get-shots,2025,Regular Season,team,"{'EntityType': 'Team', 'Season': '2025', 'SeasonType': 'Regular Season', 'TeamId': '1611661325', 'EntityId': '1611661325'}",shot_pace,1611661325,4Q/OT | margin -3..3 | 300..120,get-shots__shots__entity_type-Team__season-2025__season_type-Regular_Season__team_id-1611661325__entity_id-1611661325__44fa9629,get-shots,https://api.pbpstats.com/get-shots/wnba?EntityType=Team&Season=2025&SeasonType=Regular+Season&TeamId=1611661325&EntityId=1611661325,200,294,,,,,,False,1611661331,457.0,415,2025-08-31,1022500257,1627672-1629488-1641648-203035-203824,False,GSV,1627701-1631007-1641656-1642304-1642324,,,,,,1611661325,4,Aliyah Boston,1641648,7,08:06,1641648,Aliyah Boston,1641656,Laeticia Amihere,0,,0,,False,-7,,7.3,0.3469,473.0,ShortMidRange,2,486.0,OffAtRimMiss,IND,07:53,,-45,57,False,shots,4Q/OT | margin -3..3 | 300..120,team
wnba,wnba_shot_pace,shot_pace,shots,get-shots,2025,Regular Season,team,"{'EntityType': 'Team', 'Season': '2025', 'SeasonType': 'Regular Season', 'TeamId': '1611661325', 'EntityId': '1611661325'}",shot_pace,1611661325,4Q/OT | margin -3..3 | 300..120,get-shots__shots__entity_type-Team__season-2025__season_type-Regular_Season__team_id-1611661325__entity_id-1611661325__44fa9629,get-shots,https://api.pbpstats.com/get-shots/wnba?EntityType=Team&Season=2025&SeasonType=Regular+Season&TeamId=1611661325&EntityId=1611661325,200,295,,,,,,False,1611661331,506.0,409,2025-08-31,1022500257,1627672-1629488-1641648-203035-203824,False,GSV,1627701-1631007-1641656-1642304-1642324,,,,,,1611661325,4,Shey Peddy,203035,5,08:44,0,,0,,0,,0,,False,-7,,25.7,0.3284,510.0,Arc3,3,524.0,OffDeadball,IND,08:30,,-143,213,False,shots,4Q/OT | margin -3..3 | 300..120,team
wnba,wnba_shot_pace,shot_pace,shots,get-shots,2025,Regular Season,team,"{'EntityType': 'Team', 'Season': '2025', 'SeasonType': 'Regular Season', 'TeamId': '1611661325', 'EntityId': '1611661325'}",shot_pace,1611661325,4Q/OT | margin -3..3 | 300..120,get-shots__shots__entity_type-Team__season-2025__season_type-Regular_Season__team_id-1611661325__entity_id-1611661325__44fa9629,get-shots,https://api.pbpstats.com/get-shots/wnba?EntityType=Team&Season=2025&SeasonType=Regular+Season&TeamId=1611661325&EntityId=1611661325,200,296,,,,Veronica Burton,1631007.0,True,1611661331,535.0,401,2025-08-31,1022500257,1627672-1629488-1641648-203035-203824,False,GSV,1627701-1631007-1641656-1642304-1642324,,,,,,1611661325,4,Odyssey Sims,203824,3,09:19,0,,0,,0,,0,,False,-7,,14.0,0.305,536.0,LongMidRange,2,559.0,OffDeadball,IND,08:56,,-54,129,False,shots,4Q/OT | margin -3..3 | 300..120,team
wnba,wnba_shot_pace,shot_pace,shots,get-shots,2025,Regular Season,team,"{'EntityType': 'Team', 'Season': '2025', 'SeasonType': 'Regular Season', 'TeamId': '1611661325', 'EntityId': '1611661325'}",shot_pace,1611661325,4Q/OT | margin -3..3 | 300..120,get-shots__shots__entity_type-Team__season-2025__season_type-Regular_Season__team_id-1611661325__entity_id-1611661325__44fa9629,get-shots,https://api.pbpstats.com/get-shots/wnba?EntityType=Team&Season=2025&SeasonType=Regular+Season&TeamId=1611661325&EntityId=1611661325,200,297,,,,,,False,1611661331,578.0,396,2025-08-31,1022500257,1627672-1628909-1629488-1641648-203035,False,GSV,1627701-1631007-1641656-1642304-1642324,,,,,,1611661325,4,Aerial Powers,1627672,1,10:00,0,,0,,0,,0,,False,-7,,24.6,0.3612,582.0,Arc3,3,600.0,OffDeadball,IND,09:42,,180,167,False,shots,4Q/OT | margin -3..3 | 300..120,team
wnba,wnba_shot_pace,shot_pace,shots,get-shots,2025,Regular Season,team,"{'EntityType': 'Team', 'Season': '2025', 'SeasonType': 'Regular Season', 'TeamId': '1611661325', 'EntityId': '1611661325'}",shot_pace,1611661325,4Q/OT | margin -3..3 | 300..120,get-shots__shots__entity_type-Team__season-2025__season_type-Regular_Season__team_id-1611661325__entity_id-1611661325__44fa9629,get-shots,https://api.pbpstats.com/get-shots/wnba?EntityType=Team&Season=2025&SeasonType=Regular+Season&TeamId=1611661325&EntityId=1611661325,200,298,,,,,,False,1611661331,2.0,388,2025-08-31,1022500257,1627672-1628909-1631086-1641648-203035,False,GSV,1627701-1641656-1642304-1642324-1642767,Aliyah Boston,1641648.0,Aerial Powers,1627672.0,Corner3,1611661325,3,Kelsey Mitchell,1628909,34,00:22,0,,0,,0,,0,,False,-7,2.0,25.4,0.2447,5.0,Arc3,3,22.0,OffDeadball,IND,00:05,,52,249,False,shots,4Q/OT | margin -3..3 | 300..120,team
wnba,wnba_shot_pace,shot_pace,shots,get-shots,2025,Regular Season,team,"{'EntityType': 'Team', 'Season': '2025', 'SeasonType': 'Regular Season', 'TeamId': '1611661325', 'EntityId': '1611661325'}",shot_pace,1611661325,4Q/OT | margin -3..3 | 300..120,get-shots__shots__entity_type-Team__season-2025__season_type-Regular_Season__team_id-1611661325__entity_id-1611661325__44fa9629,get-shots,https://api.pbpstats.com/get-shots/wnba?EntityType=Team&Season=2025&SeasonType=Regular+Season&TeamId=1611661325&EntityId=1611661325,200,299,,,,,,False,1611661331,2.0,386,2025-08-31,1022500257,1627672-1628909-1631086-1641648-203035,False,GSV,1627701-1641656-1642304-1642324-1642767,,,,,,1611661325,3,Aerial Powers,1627672,34,00:22,0,,0,,0,,0,,False,-7,,23.9,0.269,9.0,Corner3,3,22.0,OffDeadball,IND,00:09,,234,49,False,shots,4Q/OT | margin -3..3 | 300..120,team
wnba,wnba_shot_pace,shot_pace,shots,get-shots,2025,Regular Season,team,"{'EntityType': 'Team', 'Season': '2025', 'SeasonType': 'Regular Season', 'TeamId': '1611661325', 'EntityId': '1611661325'}",shot_pace,1611661325,4Q/OT | margin -3..3 | 300..120,get-shots__shots__entity_type-Team__season-2025__season_type-Regular_Season__team_id-1611661325__entity_id-1611661325__44fa9629,get-shots,https://api.pbpstats.com/get-shots/wnba?EntityType=Team&Season=2025&SeasonType=Regular+Season&TeamId=1611661325&EntityId=1611661325,200,300,,,False,,,,1611661331,35.0,382,2025-08-31,1022500257,1627672-1628909-1629488-1641648-203035,True,GSV,1627701-1641656-1642304-1642324-1642767,Aliyah Boston,1641648.0,Kelsey Mitchell,1628909.0,Arc3,1611661325,3,Aerial Powers,1627672,32,00:49,0,,0,,1641648,Aliyah Boston,1642304,Carla Leite,False,-9,8.0,3.6,0.5314,35.0,AtRim,2,49.0,OffLiveBallTurnover,IND,00:35,,0,36,False,shots,4Q/OT | margin -3..3 | 300..120,team
wnba,wnba_shot_pace,shot_pace,shots,get-shots,2025,Regular Season,team,"{'EntityType': 'Team', 'Season': '2025', 'SeasonType': 'Regular Season', 'TeamId': '1611661325', 'EntityId': '1611661325'}",shot_pace,1611661325,4Q/OT | margin -3..3 | 300..120,get-shots__shots__entity_type-Team__season-2025__season_type-Regular_Season__team_id-1611661325__entity_id-1611661325__44fa9629,get-shots,https://api.pbpstats.com/get-shots/wnba?EntityType=Team&Season=2025&SeasonType=Regular+Season&TeamId=1611661325&EntityId=1611661325,200,301,,,,,,False,1611661331,35.0,380,2025-08-31,1022500257,1627672-1628909-1629488-1641648-203035,False,GSV,1627701-1641656-1642304-1642324-1642767,,,,,,1611661325,3,Kelsey Mitchell,1628909,32,00:49,0,,0,,1641648,Aliyah Boston,1642304,Carla Leite,False,-9,,25.0,0.3119,45.0,Arc3,3,49.0,OffLiveBallTurnover,IND,00:45,,24,249,False,shots,4Q/OT | margin -3..3 | 300..120,team
wnba,wnba_shot_pace,shot_pace,shots,get-shots,2025,Regular Season,team,"{'EntityType': 'Team', 'Season': '2025', 'SeasonType': 'Regular Season', 'TeamId': '1611661325', 'EntityId': '1611661325'}",shot_pace,1611661325,4Q/OT | margin -3..3 | 300..120,get-shots__shots__entity_type-Team__season-2025__season_type-Regular_Season__team_id-1611661325__entity_id-1611661325__44fa9629,get-shots,https://api.pbpstats.com/get-shots/wnba?EntityType=Team&Season=2025&SeasonType=Regular+Season&TeamId=1611661325&EntityId=1611661325,200,302,Kelsey Mitchell,1628909.0,True,,,,1611661331,96.0,370,2025-08-31,1022500257,1627672-1628909-1629488-203035-203827,True,GSV,1630387-1641656-1642304-1642324-1642767,,,,,,1611661325,3,Natasha Howard,203827,28,01:56,0,,0,,0,,0,,False,-9,,7.3,0.3747,96.0,ShortMidRange,2,116.0,OffFTMake,IND,01:36,,4,73,False,shots,4Q/OT | margin -3..3 | 300..120,team
wnba,wnba_shot_pace,shot_pace,shots,get-shots,2025,Regular Season,team,"{'EntityType': 'Team', 'Season': '2025', 'SeasonType': 'Regular Season', 'TeamId': '1611661325', 'EntityId': '1611661325'}",shot_pace,1611661325,4Q/OT | margin -3..3 | 300..120,get-shots__shots__entity_type-Team__season-2025__season_type-Regular_Season__team_id-1611661325__entity_id-1611661325__44fa9629,get-shots,https://api.pbpstats.com/get-shots/wnba?EntityType=Team&Season=2025&SeasonType=Regular+Season&TeamId=1611661325&EntityId=1611661325,200,303,,,,,,False,1611661331,217.0,343,2025-08-31,1022500257,1628909-1631086-1641648-203824-203827,False,GSV,1627701-1630097-1630387-1642304-1642767,,,,,,1611661325,3,Natasha Howard,203827,22,03:48,203824,Odyssey Sims,1630387,Iliana Rupert,0,,0,,False,-7,,2.9,0.5698,221.0,AtRim,2,228.0,OffCorner3Miss,IND,03:41,,19,22,False,shots,4Q/OT | margin -3..3 | 300..120,team
wnba,wnba_shot_pace,shot_pace,shots,get-shots,2025,Regular Season,team,"{'EntityType': 'Team', 'Season': '2025', 'SeasonType': 'Regular Season', 'TeamId': '1611661325', 'EntityId': '1611661325'}",shot_pace,1611661325,4Q/OT | margin -3..3 | 300..120,get-shots__shots__entity_type-Team__season-2025__season_type-Regular_Season__team_id-1611661325__entity_id-1611661325__44fa9629,get-shots,https://api.pbpstats.com/get-shots/wnba?EntityType=Team&Season=2025&SeasonType=Regular+Season&TeamId=1611661325&EntityId=1611661325,200,304,,,,,,False,1611661331,281.0,334,2025-08-31,1022500257,1628909-1631086-1641648-203824-203827,False,GSV,1627701-1630097-1630387-1642304-1642767,,,,,,1611661325,3,Kelsey Mitchell,1628909,18,04:50,1628909,Kelsey Mitchell,1642304,Carla Leite,0,,0,,False,-7,,7.6,0.4074,284.0,ShortMidRange,2,290.0,OffShortMidRangeMiss,IND,04:44,,-46,61,False,shots,4Q/OT | margin -3..3 | 300..120,team
wnba,wnba_shot_pace,shot_pace,shots,get-shots,2025,Regular Season,team,"{'EntityType': 'Team', 'Season': '2025', 'SeasonType': 'Regular Season', 'TeamId': '1611661325', 'EntityId': '1611661325'}",shot_pace,1611661325,4Q/OT | margin -3..3 | 300..120,get-shots__shots__entity_type-Team__season-2025__season_type-Regular_Season__team_id-1611661325__entity_id-1611661325__44fa9629,get-shots,https://api.pbpstats.com/get-shots/wnba?EntityType=Team&Season=2025&SeasonType=Regular+Season&TeamId=1611661325&EntityId=1611661325,200,305,Odyssey Sims,203824.0,True,,,,1611661331,342.0,320,2025-08-31,1022500257,1628909-1631086-1641648-203824-203827,True,GSV,1627701-1630097-1630387-1631007-1642767,,,,,,1611661325,3,Aliyah Boston,1641648,14,05:57,0,,1630097,Kaila Charles,0,,0,,False,-10,,16.7,0.3796,342.0,LongMidRange,2,357.0,OffShortMidRangeMake,IND,05:42,,134,99,False,shots,4Q/OT | margin -3..3 | 300..120,team
wnba,wnba_shot_pace,shot_pace,shots,get-shots,2025,Regular Season,team,"{'EntityType': 'Team', 'Season': '2025', 'SeasonType': 'Regular Season', 'TeamId': '1611661325', 'EntityId': '1611661325'}",shot_pace,1611661325,4Q/OT | margin -3..3 | 300..120,get-shots__shots__entity_type-Team__season-2025__season_type-Regular_Season__team_id-1611661325__entity_id-1611661325__44fa9629,get-shots,https://api.pbpstats.com/get-shots/wnba?EntityType=Team&Season=2025&SeasonType=Regular+Season&TeamId=1611661325&EntityId=1611661325,200,306,,,,,,False,1611661331,381.0,313,2025-08-31,1022500257,1628909-1631086-1641648-203824-203827,False,GSV,1627701-1630097-1630387-1631007-1642767,,,,,,1611661325,3,Odyssey Sims,203824,10,06:43,0,,0,,0,,0,,False,-8,,25.4,0.3129,385.0,Arc3,3,403.0,OffDeadball,IND,06:25,,13,254,False,shots,4Q/OT | margin -3..3 | 300..120,team
wnba,wnba_shot_pace,shot_pace,shots,get-shots,2025,Regular Season,team,"{'EntityType': 'Team', 'Season': '2025', 'SeasonType': 'Regular Season', 'TeamId': '1611661325', 'EntityId': '1611661325'}",shot_pace,1611661325,4Q/OT | margin -3..3 | 300..120,get-shots__shots__entity_type-Team__season-2025__season_type-Regular_Season__team_id-1611661325__entity_id-1611661325__44fa9629,get-shots,https://api.pbpstats.com/get-shots/wnba?EntityType=Team&Season=2025&SeasonType=Regular+Season&TeamId=1611661325&EntityId=1611661325,200,307,,,False,,,,1611661331,415.0,309,2025-08-31,1022500257,1628909-1631086-1641648-203824-203827,True,GSV,1627701-1630097-1630387-1631007-1642767,,,,,,1611661325,3,Natasha Howard,203827,8,07:20,0,,1627701,Temi Fágbénlé,0,,0,,False,-10,,6.2,0.3319,415.0,ShortMidRange,2,440.0,OffAtRimMake,IND,06:55,,41,47,False,shots,4Q/OT | margin -3..3 | 300..120,team
wnba,wnba_shot_pace,shot_pace,shots,get-shots,2025,Regular Season,team,"{'EntityType': 'Team', 'Season': '2025', 'SeasonType': 'Regular Season', 'TeamId': '1611661325', 'EntityId': '1611661325'}",shot_pace,1611661325,4Q/OT | margin -3..3 | 300..120,get-shots__shots__entity_type-Team__season-2025__season_type-Regular_Season__team_id-1611661325__entity_id-1611661325__44fa9629,get-shots,https://api.pbpstats.com/get-shots/wnba?EntityType=Team&Season=2025&SeasonType=Regular+Season&TeamId=1611661325&EntityId=1611661325,200,308,,,,,,False,1611661331,452.0,305,2025-08-31,1022500257,1628909-1631086-1641648-203824-203827,False,GSV,1627701-1630097-1630387-1631007-1642767,Natasha Howard,203827.0,Kelsey Mitchell,1628909.0,Arc3,1611661325,3,Natasha Howard,203827,6,07:43,1641648,Aliyah Boston,1642767,Janelle Salaün,0,,0,,True,-8,0.0,0.6,0.6736,454.0,AtRim,2,463.0,OffArc3Miss,IND,07:34,,0,-6,False,shots,4Q/OT | margin -3..3 | 300..120,team
wnba,wnba_shot_pace,shot_pace,shots,get-shots,2025,Regular Season,team,"{'EntityType': 'Team', 'Season': '2025', 'SeasonType': 'Regular Season', 'TeamId': '1611661325', 'EntityId': '1611661325'}",shot_pace,1611661325,4Q/OT | margin -3..3 | 300..120,get-shots__shots__entity_type-Team__season-2025__season_type-Regular_Season__team_id-1611661325__entity_id-1611661325__44fa9629,get-shots,https://api.pbpstats.com/get-shots/wnba?EntityType=Team&Season=2025&SeasonType=Regular+Season&TeamId=1611661325&EntityId=1611661325,200,309,,,,,,False,1611661331,452.0,303,2025-08-31,1022500257,1628909-1631086-1641648-203824-203827,False,GSV,1627701-1630097-1630387-1631007-1642767,,,,,,1611661325,3,Kelsey Mitchell,1628909,6,07:43,1641648,Aliyah Boston,1642767,Janelle Salaün,0,,0,,False,-8,,25.8,0.3779,457.0,Arc3,3,463.0,OffArc3Miss,IND,07:37,,-122,227,False,shots,4Q/OT | margin -3..3 | 300..120,team
wnba,wnba_shot_pace,shot_pace,shots,get-shots,2025,Regular Season,team,"{'EntityType': 'Team', 'Season': '2025', 'SeasonType': 'Regular Season', 'TeamId': '1611661325', 'EntityId': '1611661325'}",shot_pace,1611661325,4Q/OT | margin -3..3 | 300..120,get-shots__shots__entity_type-Team__season-2025__season_type-Regular_Season__team_id-1611661325__entity_id-1611661325__44fa9629,get-shots,https://api.pbpstats.com/get-shots/wnba?EntityType=Team&Season=2025&SeasonType=Regular+Season&TeamId=1611661325&EntityId=1611661325,200,310,Aliyah Boston,1641648.0,True,,,,1611661331,492.0,299,2025-08-31,1022500257,1628909-1631086-1641648-203824-203827,True,GSV,1627701-1630097-1630387-1631007-1642767,,0.0,Natasha Howard,203827.0,TeamBlocked,1611661325,3,Natasha Howard,203827,4,08:31,203827,Natasha Howard,1642767,Janelle Salaün,0,,0,,False,-10,9.0,6.4,0.3195,492.0,ShortMidRange,2,511.0,OffShortMidRangeMiss,IND,08:12,,38,52,False,shots,4Q/OT | margin -3..3 | 300..120,team
wnba,wnba_shot_pace,shot_pace,shots,get-shots,2025,Regular Season,team,"{'EntityType': 'Team', 'Season': '2025', 'SeasonType': 'Regular Season', 'TeamId': '1611661325', 'EntityId': '1611661325'}",shot_pace,1611661325,4Q/OT | margin -3..3 | 300..120,get-shots__shots__entity_type-Team__season-2025__season_type-Regular_Season__team_id-1611661325__entity_id-1611661325__44fa9629,get-shots,https://api.pbpstats.com/get-shots/wnba?EntityType=Team&Season=2025&SeasonType=Regular+Season&TeamId=1611661325&EntityId=1611661325,200,311,,,,Veronica Burton,1631007.0,True,1611661331,492.0,295,2025-08-31,1022500257,1628909-1631086-1641648-203824-203827,False,GSV,1627701-1630097-1630387-1631007-1642767,,,,,,1611661325,3,Natasha Howard,203827,4,08:31,203827,Natasha Howard,1642767,Janelle Salaün,0,,0,,False,-10,,7.0,0.4092,501.0,ShortMidRange,2,511.0,OffShortMidRangeMiss,IND,08:21,,-24,66,False,shots,4Q/OT | margin -3..3 | 300..120,team
wnba,wnba_shot_pace,shot_pace,shots,get-shots,2025,Regular Season,team,"{'EntityType': 'Team', 'Season': '2025', 'SeasonType': 'Regular Season', 'TeamId': '1611661325', 'EntityId': '1611661325'}",shot_pace,1611661325,4Q/OT | margin -3..3 | 300..120,get-shots__shots__entity_type-Team__season-2025__season_type-Regular_Season__team_id-1611661325__entity_id-1611661325__44fa9629,get-shots,https://api.pbpstats.com/get-shots/wnba?EntityType=Team&Season=2025&SeasonType=Regular+Season&TeamId=1611661325&EntityId=1611661325,200,312,Odyssey Sims,203824.0,True,,,,1611661331,543.0,289,2025-08-31,1022500257,1628909-1631086-1641648-203824-203827,True,GSV,1627701-1630097-1630387-1631007-1642767,,,,,,1611661325,3,Kelsey Mitchell,1628909,2,09:32,0,,1630387,Iliana Rupert,0,,0,,False,-13,,26.0,0.2891,543.0,Arc3,3,572.0,OffShortMidRangeMake,IND,09:03,,175,192,False,shots,4Q/OT | margin -3..3 | 300..120,team
wnba,wnba_shot_pace,shot_pace,shots,get-shots,2025,Regular Season,team,"{'EntityType': 'Team', 'Season': '2025', 'SeasonType': 'Regular Season', 'TeamId': '1611661325', 'EntityId': '1611661325'}",shot_pace,1611661325,4Q/OT | margin -3..3 | 300..120,get-shots__shots__entity_type-Team__season-2025__season_type-Regular_Season__team_id-1611661325__entity_id-1611661325__44fa9629,get-shots,https://api.pbpstats.com/get-shots/wnba?EntityType=Team&Season=2025&SeasonType=Regular+Season&TeamId=1611661325&EntityId=1611661325,200,313,Odyssey Sims,203824.0,True,,,,1611661331,15.0,274,2025-08-31,1022500257,1628909-1631086-1641648-203824-203827,True,GSV,1630097-1630387-1631007-1641656-1642767,,,,,,1611661325,2,Kelsey Mitchell,1628909,36,00:34,0,,0,,0,,0,,False,-15,,22.8,0.2324,15.0,Corner3,3,34.0,OffTimeout,IND,00:15,,-228,1,False,shots,4Q/OT | margin -3..3 | 300..120,team
wnba,wnba_shot_pace,shot_pace,shots,get-shots,2025,Regular Season,team,"{'EntityType': 'Team', 'Season': '2025', 'SeasonType': 'Regular Season', 'TeamId': '1611661325', 'EntityId': '1611661325'}",shot_pace,1611661325,4Q/OT | margin -3..3 | 300..120,get-shots__shots__entity_type-Team__season-2025__season_type-Regular_Season__team_id-1611661325__entity_id-1611661325__44fa9629,get-shots,https://api.pbpstats.com/get-shots/wnba?EntityType=Team&Season=2025&SeasonType=Regular+Season&TeamId=1611661325&EntityId=1611661325,200,314,,,,,,False,1611661331,47.0,259,2025-08-31,1022500257,1628909-1629488-1631086-203824-203827,False,GSV,1630097-1630387-1631007-1641656-1642767,,,,,,1611661325,2,Kelsey Mitchell,1628909,34,01:12,0,,1631007,Veronica Burton,0,,0,,False,-15,,24.3,0.3128,50.0,Arc3,3,72.0,OffAtRimMake,IND,00:50,,-219,106,False,shots,4Q/OT | margin -3..3 | 300..120,team
wnba,wnba_shot_pace,shot_pace,shots,get-shots,2025,Regular Season,team,"{'EntityType': 'Team', 'Season': '2025', 'SeasonType': 'Regular Season', 'TeamId': '1611661325', 'EntityId': '1611661325'}",shot_pace,1611661325,4Q/OT | margin -3..3 | 300..120,get-shots__shots__entity_type-Team__season-2025__season_type-Regular_Season__team_id-1611661325__entity_id-1611661325__44fa9629,get-shots,https://api.pbpstats.com/get-shots/wnba?EntityType=Team&Season=2025&SeasonType=Regular+Season&TeamId=1611661325&EntityId=1611661325,200,315,,,,,,False,1611661331,89.0,256,2025-08-31,1022500257,1628909-1629488-1631086-203824-203827,False,GSV,1630097-1630387-1631007-1641656-1642767,,,,,,1611661325,2,Kelsey Mitchell,1628909,32,01:44,0,,0,,0,,0,,False,-13,,26.5,0.3157,92.0,Arc3,3,104.0,OffDeadball,IND,01:32,,94,248,False,shots,4Q/OT | margin -3..3 | 300..120,team
wnba,wnba_shot_pace,shot_pace,shots,get-shots,2025,Regular Season,team,"{'EntityType': 'Team', 'Season': '2025', 'SeasonType': 'Regular Season', 'TeamId': '1611661325', 'EntityId': '1611661325'}",shot_pace,1611661325,4Q/OT | margin -3..3 | 300..120,get-shots__shots__entity_type-Team__season-2025__season_type-Regular_Season__team_id-1611661325__entity_id-1611661325__44fa9629,get-shots,https://api.pbpstats.com/get-shots/wnba?EntityType=Team&Season=2025&SeasonType=Regular+Season&TeamId=1611661325&EntityId=1611661325,200,316,,,,,,False,1611661331,185.0,225,2025-08-31,1022500257,1628909-1629488-1631086-203824-203827,False,GSV,1630097-1630387-1631007-1641656-1642767,,,,,,1611661325,2,Lexie Hull,1631086,24,03:16,203827,Natasha Howard,1642767,Janelle Salaün,0,,0,,False,-11,,22.4,0.3507,190.0,Corner3,3,196.0,OffArc3Miss,IND,03:10,,-223,15,False,shots,4Q/OT | margin -3..3 | 300..120,team
wnba,wnba_shot_pace,shot_pace,shots,get-shots,2025,Regular Season,team,"{'EntityType': 'Team', 'Season': '2025', 'SeasonType': 'Regular Season', 'TeamId': '1611661325', 'EntityId': '1611661325'}",shot_pace,1611661325,4Q/OT | margin -3..3 | 300..120,get-shots__shots__entity_type-Team__season-2025__season_type-Regular_Season__team_id-1611661325__entity_id-1611661325__44fa9629,get-shots,https://api.pbpstats.com/get-shots/wnba?EntityType=Team&Season=2025&SeasonType=Regular+Season&TeamId=1611661325&EntityId=1611661325,200,317,Odyssey Sims,203824.0,True,,,,1611661331,215.0,221,2025-08-31,1022500257,1628909-1629488-1631086-203824-203827,True,GSV,1630097-1630387-1631007-1641656-1642767,,,,,,1611661325,2,Brianna Turner,1629488,22,03:49,0,,0,,0,,0,,False,-13,,2.6,0.5828,215.0,AtRim,2,229.0,OffDeadball,IND,03:35,,13,23,False,shots,4Q/OT | margin -3..3 | 300..120,team
wnba,wnba_shot_pace,shot_pace,shots,get-shots,2025,Regular Season,team,"{'EntityType': 'Team', 'Season': '2025', 'SeasonType': 'Regular Season', 'TeamId': '1611661325', 'EntityId': '1611661325'}",shot_pace,1611661325,4Q/OT | margin -3..3 | 300..120,get-shots__shots__entity_type-Team__season-2025__season_type-Regular_Season__team_id-1611661325__entity_id-1611661325__44fa9629,get-shots,https://api.pbpstats.com/get-shots/wnba?EntityType=Team&Season=2025&SeasonType=Regular+Season&TeamId=1611661325&EntityId=1611661325,200,318,Aerial Powers,1627672.0,True,,,,1611661331,270.0,208,2025-08-31,1022500257,1627672-1628909-1631086-203824-203827,True,GSV,1627701-1630097-1630387-1631007-1642767,,,,,,1611661325,2,Natasha Howard,203827,18,04:47,0,,1630387,Iliana Rupert,0,,0,,False,-17,,2.8,0.6243,270.0,AtRim,2,287.0,OffAtRimMake,IND,04:30,,26,10,False,shots,4Q/OT | margin -3..3 | 300..120,team
wnba,wnba_shot_pace,shot_pace,shots,get-shots,2025,Regular Season,team,"{'EntityType': 'Team', 'Season': '2025', 'SeasonType': 'Regular Season', 'TeamId': '1611661325', 'EntityId': '1611661325'}",shot_pace,1611661325,4Q/OT | margin -3..3 | 300..120,get-shots__shots__entity_type-Team__season-2025__season_type-Regular_Season__team_id-1611661325__entity_id-1611661325__44fa9629,get-shots,https://api.pbpstats.com/get-shots/wnba?EntityType=Team&Season=2025&SeasonType=Regular+Season&TeamId=1611661325&EntityId=1611661325,200,319,,,,,,False,1611661331,304.0,194,2025-08-31,1022500257,1627672-1628909-1631086-1641648-203035,False,GSV,1627701-1630097-1631007-1642304-1642767,,,,,,1611661325,2,Lexie Hull,1631086,16,05:13,1627672,Aerial Powers,1642304,Carla Leite,0,,0,,False,-15,,23.6,0.4198,307.0,Corner3,3,313.0,OffShortMidRangeMiss,IND,05:07,,-225,72,False,shots,4Q/OT | margin -3..3 | 300..120,team
wnba,wnba_shot_pace,shot_pace,shots,get-shots,2025,Regular Season,team,"{'EntityType': 'Team', 'Season': '2025', 'SeasonType': 'Regular Season', 'TeamId': '1611661325', 'EntityId': '1611661325'}",shot_pace,1611661325,4Q/OT | margin -3..3 | 300..120,get-shots__shots__entity_type-Team__season-2025__season_type-Regular_Season__team_id-1611661325__entity_id-1611661325__44fa9629,get-shots,https://api.pbpstats.com/get-shots/wnba?EntityType=Team&Season=2025&SeasonType=Regular+Season&TeamId=1611661325&EntityId=1611661325,200,320,,,,,,False,1611661331,353.0,186,2025-08-31,1022500257,1627672-1628909-1631086-1641648-203035,False,GSV,1627701-1630097-1631007-1642304-1642767,Shey Peddy,203035.0,Aerial Powers,1627672.0,Arc3,1611661325,2,Kelsey Mitchell,1628909,12,06:13,0,,0,,1627672,Aerial Powers,1627701,Temi Fágbénlé,False,-15,1.0,25.1,0.322,359.0,Arc3,3,373.0,OffLiveBallTurnover,IND,05:59,,-94,233,False,shots,4Q/OT | margin -3..3 | 300..120,team
wnba,wnba_shot_pace,shot_pace,shots,get-shots,2025,Regular Season,team,"{'EntityType': 'Team', 'Season': '2025', 'SeasonType': 'Regular Season', 'TeamId': '1611661325', 'EntityId': '1611661325'}",shot_pace,1611661325,4Q/OT | margin -3..3 | 300..120,get-shots__shots__entity_type-Team__season-2025__season_type-Regular_Season__team_id-1611661325__entity_id-1611661325__44fa9629,get-shots,https://api.pbpstats.com/get-shots/wnba?EntityType=Team&Season=2025&SeasonType=Regular+Season&TeamId=1611661325&EntityId=1611661325,200,321,,,,,,False,1611661331,353.0,184,2025-08-31,1022500257,1627672-1628909-1631086-1641648-203035,False,GSV,1627701-1630097-1631007-1642304-1642767,,,,,,1611661325,2,Aerial Powers,1627672,12,06:13,0,,0,,1627672,Aerial Powers,1627701,Temi Fágbénlé,False,-15,,24.7,0.3837,363.0,Arc3,3,373.0,OffLiveBallTurnover,IND,06:03,,179,170,False,shots,4Q/OT | margin -3..3 | 300..120,team
wnba,wnba_shot_pace,shot_pace,shots,get-shots,2025,Regular Season,team,"{'EntityType': 'Team', 'Season': '2025', 'SeasonType': 'Regular Season', 'TeamId': '1611661325', 'EntityId': '1611661325'}",shot_pace,1611661325,4Q/OT | margin -3..3 | 300..120,get-shots__shots__entity_type-Team__season-2025__season_type-Regular_Season__team_id-1611661325__entity_id-1611661325__44fa9629,get-shots,https://api.pbpstats.com/get-shots/wnba?EntityType=Team&Season=2025&SeasonType=Regular+Season&TeamId=1611661325&EntityId=1611661325,200,322,Shey Peddy,203035.0,True,,,,1611661331,398.0,162,2025-08-31,1022500257,1627672-1628909-1631086-1641648-203035,True,GSV,1627701-1631007-1642304-1642324-1642767,Lexie Hull,1631086.0,Shey Peddy,203035.0,Arc3,1611661325,2,Aerial Powers,1627672,10,07:15,0,,1627701,Temi Fágbénlé,0,,0,,False,-20,3.0,4.7,0.6531,398.0,ShortMidRange,2,435.0,OffAtRimMake,IND,06:38,,-47,-1,False,shots,4Q/OT | margin -3..3 | 300..120,team
wnba,wnba_shot_pace,shot_pace,shots,get-shots,2025,Regular Season,team,"{'EntityType': 'Team', 'Season': '2025', 'SeasonType': 'Regular Season', 'TeamId': '1611661325', 'EntityId': '1611661325'}",shot_pace,1611661325,4Q/OT | margin -3..3 | 300..120,get-shots__shots__entity_type-Team__season-2025__season_type-Regular_Season__team_id-1611661325__entity_id-1611661325__44fa9629,get-shots,https://api.pbpstats.com/get-shots/wnba?EntityType=Team&Season=2025&SeasonType=Regular+Season&TeamId=1611661325&EntityId=1611661325,200,323,,,,,,False,1611661331,398.0,159,2025-08-31,1022500257,1627672-1628909-1631086-1641648-203035,False,GSV,1627701-1631007-1642304-1642324-1642767,,,,,,1611661325,2,Shey Peddy,203035,10,07:15,0,,1627701,Temi Fágbénlé,0,,0,,False,-20,,23.8,0.2677,405.0,Arc3,3,435.0,OffAtRimMake,IND,06:45,,-101,216,False,shots,4Q/OT | margin -3..3 | 300..120,team
wnba,wnba_shot_pace,shot_pace,shots,get-shots,2025,Regular Season,team,"{'EntityType': 'Team', 'Season': '2025', 'SeasonType': 'Regular Season', 'TeamId': '1611661325', 'EntityId': '1611661325'}",shot_pace,1611661325,4Q/OT | margin -3..3 | 300..120,get-shots__shots__entity_type-Team__season-2025__season_type-Regular_Season__team_id-1611661325__entity_id-1611661325__44fa9629,get-shots,https://api.pbpstats.com/get-shots/wnba?EntityType=Team&Season=2025&SeasonType=Regular+Season&TeamId=1611661325&EntityId=1611661325,200,324,,,,,,False,1611661331,457.0,146,2025-08-31,1022500257,1627672-1628909-1629488-1641648-203035,False,GSV,1627701-1631007-1642304-1642324-1642767,,,,,,1611661325,2,Aerial Powers,1627672,8,07:50,1628909,Kelsey Mitchell,1642767,Janelle Salaün,0,,0,,False,-18,,24.0,0.3551,460.0,Arc3,3,470.0,OffFTMiss,IND,07:40,,-214,108,False,shots,4Q/OT | margin -3..3 | 300..120,team
wnba,wnba_shot_pace,shot_pace,shots,get-shots,2025,Regular Season,team,"{'EntityType': 'Team', 'Season': '2025', 'SeasonType': 'Regular Season', 'TeamId': '1611661325', 'EntityId': '1611661325'}",shot_pace,1611661325,4Q/OT | margin -3..3 | 300..120,get-shots__shots__entity_type-Team__season-2025__season_type-Regular_Season__team_id-1611661325__entity_id-1611661325__44fa9629,get-shots,https://api.pbpstats.com/get-shots/wnba?EntityType=Team&Season=2025&SeasonType=Regular+Season&TeamId=1611661325&EntityId=1611661325,200,325,,,,,,False,1611661331,486.0,139,2025-08-31,1022500257,1627672-1628909-1629488-1641648-203035,False,GSV,1627701-1631007-1642304-1642324-1642767,,,,,,1611661325,2,Shey Peddy,203035,6,08:33,0,,0,,0,,0,,False,-17,,25.2,0.2671,490.0,Arc3,3,513.0,OffTimeout,IND,08:10,,-122,221,False,shots,4Q/OT | margin -3..3 | 300..120,team
wnba,wnba_shot_pace,shot_pace,shots,get-shots,2025,Regular Season,team,"{'EntityType': 'Team', 'Season': '2025', 'SeasonType': 'Regular Season', 'TeamId': '1611661325', 'EntityId': '1611661325'}",shot_pace,1611661325,4Q/OT | margin -3..3 | 300..120,get-shots__shots__entity_type-Team__season-2025__season_type-Regular_Season__team_id-1611661325__entity_id-1611661325__44fa9629,get-shots,https://api.pbpstats.com/get-shots/wnba?EntityType=Team&Season=2025&SeasonType=Regular+Season&TeamId=1611661325&EntityId=1611661325,200,326,,,,,,False,1611661331,521.0,129,2025-08-31,1022500257,1627672-1629488-1631086-1641648-203824,False,GSV,1627701-1631007-1642304-1642324-1642767,,,,,,1611661325,2,Odyssey Sims,203824,4,09:16,0,,1642324,Kate Martin,0,,0,,False,-14,,25.2,0.2759,526.0,Arc3,3,556.0,OffArc3Make,IND,08:46,,-132,215,False,shots,4Q/OT | margin -3..3 | 300..120,team
wnba,wnba_shot_pace,shot_pace,shots,get-shots,2025,Regular Season,team,"{'EntityType': 'Team', 'Season': '2025', 'SeasonType': 'Regular Season', 'TeamId': '1611661325', 'EntityId': '1611661325'}",shot_pace,1611661325,4Q/OT | margin -3..3 | 300..120,get-shots__shots__entity_type-Team__season-2025__season_type-Regular_Season__team_id-1611661325__entity_id-1611661325__44fa9629,get-shots,https://api.pbpstats.com/get-shots/wnba?EntityType=Team&Season=2025&SeasonType=Regular+Season&TeamId=1611661325&EntityId=1611661325,200,327,,,,,,False,1611661331,569.0,119,2025-08-31,1022500257,1627672-1629488-1631086-1641648-203824,False,GSV,1630097-1630387-1631007-1642304-1642324,Aerial Powers,1627672.0,Odyssey Sims,203824.0,ShortMidRange,1611661325,2,Aerial Powers,1627672,2,09:38,203824,Odyssey Sims,1630097,Kaila Charles,0,,0,,False,-11,5.0,2.3,0.606,571.0,AtRim,2,578.0,OffAtRimBlock,IND,09:31,,4,23,False,shots,4Q/OT | margin -3..3 | 300..120,team
wnba,wnba_shot_pace,shot_pace,shots,get-shots,2025,Regular Season,team,"{'EntityType': 'Team', 'Season': '2025', 'SeasonType': 'Regular Season', 'TeamId': '1611661325', 'EntityId': '1611661325'}",shot_pace,1611661325,4Q/OT | margin -3..3 | 300..120,get-shots__shots__entity_type-Team__season-2025__season_type-Regular_Season__team_id-1611661325__entity_id-1611661325__44fa9629,get-shots,https://api.pbpstats.com/get-shots/wnba?EntityType=Team&Season=2025&SeasonType=Regular+Season&TeamId=1611661325&EntityId=1611661325,200,328,,,,,,False,1611661331,569.0,117,2025-08-31,1022500257,1627672-1629488-1631086-1641648-203824,False,GSV,1630097-1630387-1631007-1642304-1642324,,,,,,1611661325,2,Odyssey Sims,203824,2,09:38,203824,Odyssey Sims,1630097,Kaila Charles,0,,0,,False,-11,,9.3,0.3754,576.0,ShortMidRange,2,578.0,OffAtRimBlock,IND,09:36,,-45,81,False,shots,4Q/OT | margin -3..3 | 300..120,team
wnba,wnba_shot_pace,shot_pace,shots,get-shots,2025,Regular Season,team,"{'EntityType': 'Team', 'Season': '2025', 'SeasonType': 'Regular Season', 'TeamId': '1611661325', 'EntityId': '1611661325'}",shot_pace,1611661325,4Q/OT | margin -3..3 | 300..120,get-shots__shots__entity_type-Team__season-2025__season_type-Regular_Season__team_id-1611661325__entity_id-1611661325__44fa9629,get-shots,https://api.pbpstats.com/get-shots/wnba?EntityType=Team&Season=2025&SeasonType=Regular+Season&TeamId=1611661325&EntityId=1611661325,200,329,,,,,,False,1611661331,4.0,102,2025-08-31,1022500257,1628909-1629488-1631086-203024-203824,False,GSV,1630097-1630387-1631007-1642324-1642767,,,,,,1611661325,1,Lexie Hull,1631086,37,00:26,0,,1642324,Kate Martin,0,,0,,False,-11,,24.4,0.308,10.0,Arc3,3,26.0,OffCorner3Make,IND,00:10,,207,129,False,shots,4Q/OT | margin -3..3 | 300..120,team
wnba,wnba_shot_pace,shot_pace,shots,get-shots,2025,Regular Season,team,"{'EntityType': 'Team', 'Season': '2025', 'SeasonType': 'Regular Season', 'TeamId': '1611661325', 'EntityId': '1611661325'}",shot_pace,1611661325,4Q/OT | margin -3..3 | 300..120,get-shots__shots__entity_type-Team__season-2025__season_type-Regular_Season__team_id-1611661325__entity_id-1611661325__44fa9629,get-shots,https://api.pbpstats.com/get-shots/wnba?EntityType=Team&Season=2025&SeasonType=Regular+Season&TeamId=1611661325&EntityId=1611661325,200,330,Odyssey Sims,203824.0,True,,,,1611661331,46.0,98,2025-08-31,1022500257,1628909-1629488-1631086-203024-203824,True,GSV,1630097-1630387-1631007-1642324-1642767,Lexie Hull,1631086.0,Damiris Dantas,203024.0,Arc3,1611661325,1,Kelsey Mitchell,1628909,35,01:04,203024,Damiris Dantas,1642767,Janelle Salaün,0,,0,,False,-10,9.0,19.7,0.3429,46.0,LongMidRange,2,64.0,OffAtRimMiss,IND,00:46,,165,108,False,shots,4Q/OT | margin -3..3 | 300..120,team
wnba,wnba_shot_pace,shot_pace,shots,get-shots,2025,Regular Season,team,"{'EntityType': 'Team', 'Season': '2025', 'SeasonType': 'Regular Season', 'TeamId': '1611661325', 'EntityId': '1611661325'}",shot_pace,1611661325,4Q/OT | margin -3..3 | 300..120,get-shots__shots__entity_type-Team__season-2025__season_type-Regular_Season__team_id-1611661325__entity_id-1611661325__44fa9629,get-shots,https://api.pbpstats.com/get-shots/wnba?EntityType=Team&Season=2025&SeasonType=Regular+Season&TeamId=1611661325&EntityId=1611661325,200,331,,,,,,False,1611661331,46.0,94,2025-08-31,1022500257,1628909-1629488-1631086-203024-203824,False,GSV,1630097-1630387-1631007-1642324-1642767,,,,,,1611661325,1,Damiris Dantas,203024,35,01:04,203024,Damiris Dantas,1642767,Janelle Salaün,0,,0,,False,-10,,25.7,0.381,59.0,Arc3,3,64.0,OffAtRimMiss,IND,00:59,,138,217,False,shots,4Q/OT | margin -3..3 | 300..120,team
wnba,wnba_shot_pace,shot_pace,shots,get-shots,2025,Regular Season,team,"{'EntityType': 'Team', 'Season': '2025', 'SeasonType': 'Regular Season', 'TeamId': '1611661325', 'EntityId': '1611661325'}",shot_pace,1611661325,4Q/OT | margin -3..3 | 300..120,get-shots__shots__entity_type-Team__season-2025__season_type-Regular_Season__team_id-1611661325__entity_id-1611661325__44fa9629,get-shots,https://api.pbpstats.com/get-shots/wnba?EntityType=Team&Season=2025&SeasonType=Regular+Season&TeamId=1611661325&EntityId=1611661325,200,332,Kelsey Mitchell,1628909.0,True,,,,1611661331,82.0,89,2025-08-31,1022500257,1628909-1629488-1631086-203024-203824,True,GSV,1630097-1630387-1631007-1642324-1642767,,,,,,1611661325,1,Lexie Hull,1631086,33,01:32,0,,0,,1628909,Kelsey Mitchell,1642767,Janelle Salaün,False,-13,,25.0,0.3911,82.0,Arc3,3,92.0,OffLiveBallTurnover,IND,01:22,,93,232,False,shots,4Q/OT | margin -3..3 | 300..120,team
wnba,wnba_shot_pace,shot_pace,shots,get-shots,2025,Regular Season,team,"{'EntityType': 'Team', 'Season': '2025', 'SeasonType': 'Regular Season', 'TeamId': '1611661325', 'EntityId': '1611661325'}",shot_pace,1611661325,4Q/OT | margin -3..3 | 300..120,get-shots__shots__entity_type-Team__season-2025__season_type-Regular_Season__team_id-1611661325__entity_id-1611661325__44fa9629,get-shots,https://api.pbpstats.com/get-shots/wnba?EntityType=Team&Season=2025&SeasonType=Regular+Season&TeamId=1611661325&EntityId=1611661325,200,333,,,,,,False,1611661331,115.0,84,2025-08-31,1022500257,1628909-1629488-1631086-203024-203824,False,GSV,1630097-1630387-1631007-1642324-1642767,,,,,,1611661325,1,Kelsey Mitchell,1628909,31,02:10,0,,0,,0,,0,,False,-13,,10.7,0.3928,118.0,ShortMidRange,2,130.0,OffTimeout,IND,01:58,,-28,103,False,shots,4Q/OT | margin -3..3 | 300..120,team
wnba,wnba_shot_pace,shot_pace,shots,get-shots,2025,Regular Season,team,"{'EntityType': 'Team', 'Season': '2025', 'SeasonType': 'Regular Season', 'TeamId': '1611661325', 'EntityId': '1611661325'}",shot_pace,1611661325,4Q/OT | margin -3..3 | 300..120,get-shots__shots__entity_type-Team__season-2025__season_type-Regular_Season__team_id-1611661325__entity_id-1611661325__44fa9629,get-shots,https://api.pbpstats.com/get-shots/wnba?EntityType=Team&Season=2025&SeasonType=Regular+Season&TeamId=1611661325&EntityId=1611661325,200,334,,,,,,False,1611661331,145.0,73,2025-08-31,1022500257,1628909-1629488-1631086-1641648-203824,False,GSV,1627701-1630097-1630387-1631007-1642767,,,,,,1611661325,1,Aliyah Boston,1641648,29,02:37,0,,0,,1641648,Aliyah Boston,1627701,Temi Fágbénlé,False,-10,,24.5,0.4,148.0,Arc3,3,157.0,OffLiveBallTurnover,IND,02:28,,173,174,False,shots,4Q/OT | margin -3..3 | 300..120,team
wnba,wnba_shot_pace,shot_pace,shots,get-shots,2025,Regular Season,team,"{'EntityType': 'Team', 'Season': '2025', 'SeasonType': 'Regular Season', 'TeamId': '1611661325', 'EntityId': '1611661325'}",shot_pace,1611661325,4Q/OT | margin -3..3 | 300..120,get-shots__shots__entity_type-Team__season-2025__season_type-Regular_Season__team_id-1611661325__entity_id-1611661325__44fa9629,get-shots,https://api.pbpstats.com/get-shots/wnba?EntityType=Team&Season=2025&SeasonType=Regular+Season&TeamId=1611661325&EntityId=1611661325,200,335,,,,,,False,1611661331,178.0,65,2025-08-31,1022500257,1628909-1631086-1641648-203824-203827,False,GSV,1627701-1630097-1630387-1631007-1642767,,,,,,1611661325,1,Odyssey Sims,203824,27,03:18,0,,1631007,Veronica Burton,0,,0,,False,-10,,26.7,0.352,181.0,Arc3,3,198.0,OffShortMidRangeMake,IND,03:01,,4,267,False,shots,4Q/OT | margin -3..3 | 300..120,team
wnba,wnba_shot_pace,shot_pace,shots,get-shots,2025,Regular Season,team,"{'EntityType': 'Team', 'Season': '2025', 'SeasonType': 'Regular Season', 'TeamId': '1611661325', 'EntityId': '1611661325'}",shot_pace,1611661325,4Q/OT | margin -3..3 | 300..120,get-shots__shots__entity_type-Team__season-2025__season_type-Regular_Season__team_id-1611661325__entity_id-1611661325__44fa9629,get-shots,https://api.pbpstats.com/get-shots/wnba?EntityType=Team&Season=2025&SeasonType=Regular+Season&TeamId=1611661325&EntityId=1611661325,200,336,,,,,,False,1611661331,211.0,61,2025-08-31,1022500257,1628909-1631086-1641648-203824-203827,False,GSV,1627701-1630097-1630387-1631007-1642767,,,,,,1611661325,1,Aliyah Boston,1641648,25,03:52,0,,1630097,Kaila Charles,0,,0,,False,-8,,11.3,0.3874,213.0,ShortMidRange,2,232.0,OffCorner3Make,IND,03:33,,-113,9,False,shots,4Q/OT | margin -3..3 | 300..120,team
wnba,wnba_shot_pace,shot_pace,shots,get-shots,2025,Regular Season,team,"{'EntityType': 'Team', 'Season': '2025', 'SeasonType': 'Regular Season', 'TeamId': '1611661325', 'EntityId': '1611661325'}",shot_pace,1611661325,4Q/OT | margin -3..3 | 300..120,get-shots__shots__entity_type-Team__season-2025__season_type-Regular_Season__team_id-1611661325__entity_id-1611661325__44fa9629,get-shots,https://api.pbpstats.com/get-shots/wnba?EntityType=Team&Season=2025&SeasonType=Regular+Season&TeamId=1611661325&EntityId=1611661325,200,337,,,False,,,,1611661331,298.0,48,2025-08-31,1022500257,1628909-1631086-1641648-203824-203827,True,GSV,1627701-1630097-1630387-1631007-1642767,Natasha Howard,203827.0,Aliyah Boston,1641648.0,AtRim,1611661325,1,Natasha Howard,203827,19,05:17,0,,0,,0,,0,,True,-7,1.0,1.9,0.6586,298.0,AtRim,2,317.0,OffDeadball,IND,04:58,,11,15,False,shots,4Q/OT | margin -3..3 | 300..120,team
wnba,wnba_shot_pace,shot_pace,shots,get-shots,2025,Regular Season,team,"{'EntityType': 'Team', 'Season': '2025', 'SeasonType': 'Regular Season', 'TeamId': '1611661325', 'EntityId': '1611661325'}",shot_pace,1611661325,4Q/OT | margin -3..3 | 300..120,get-shots__shots__entity_type-Team__season-2025__season_type-Regular_Season__team_id-1611661325__entity_id-1611661325__44fa9629,get-shots,https://api.pbpstats.com/get-shots/wnba?EntityType=Team&Season=2025&SeasonType=Regular+Season&TeamId=1611661325&EntityId=1611661325,200,338,,,,,,False,1611661331,298.0,46,2025-08-31,1022500257,1628909-1631086-1641648-203824-203827,False,GSV,1627701-1630097-1630387-1631007-1642767,,,,,,1611661325,1,Aliyah Boston,1641648,19,05:17,0,,0,,0,,0,,False,-7,,3.2,0.5613,301.0,AtRim,2,317.0,OffDeadball,IND,05:01,,-24,21,False,shots,4Q/OT | margin -3..3 | 300..120,team
wnba,wnba_shot_pace,shot_pace,shots,get-shots,2025,Regular Season,team,"{'EntityType': 'Team', 'Season': '2025', 'SeasonType': 'Regular Season', 'TeamId': '1611661325', 'EntityId': '1611661325'}",shot_pace,1611661325,4Q/OT | margin -3..3 | 300..120,get-shots__shots__entity_type-Team__season-2025__season_type-Regular_Season__team_id-1611661325__entity_id-1611661325__44fa9629,get-shots,https://api.pbpstats.com/get-shots/wnba?EntityType=Team&Season=2025&SeasonType=Regular+Season&TeamId=1611661325&EntityId=1611661325,200,339,,,False,,,,1611661331,334.0,42,2025-08-31,1022500257,1628909-1631086-1641648-203824-203827,True,GSV,1627701-1630097-1630387-1631007-1642767,,,,,,1611661325,1,Aliyah Boston,1641648,17,05:52,0,,1630387,Iliana Rupert,0,,0,,False,-9,,2.7,0.5124,334.0,AtRim,2,352.0,OffArc3Make,IND,05:34,,-6,26,False,shots,4Q/OT | margin -3..3 | 300..120,team
wnba,wnba_shot_pace,shot_pace,shots,get-shots,2025,Regular Season,team,"{'EntityType': 'Team', 'Season': '2025', 'SeasonType': 'Regular Season', 'TeamId': '1611661325', 'EntityId': '1611661325'}",shot_pace,1611661325,4Q/OT | margin -3..3 | 300..120,get-shots__shots__entity_type-Team__season-2025__season_type-Regular_Season__team_id-1611661325__entity_id-1611661325__44fa9629,get-shots,https://api.pbpstats.com/get-shots/wnba?EntityType=Team&Season=2025&SeasonType=Regular+Season&TeamId=1611661325&EntityId=1611661325,200,340,,,,,,False,1611661331,365.0,38,2025-08-31,1022500257,1628909-1631086-1641648-203824-203827,False,GSV,1627701-1630097-1630387-1631007-1642767,,,,,,1611661325,1,Odyssey Sims,203824,15,06:35,0,,1642767,Janelle Salaün,0,,0,,False,-6,,10.8,0.3509,367.0,ShortMidRange,2,395.0,OffCorner3Make,IND,06:07,,-34,102,False,shots,4Q/OT | margin -3..3 | 300..120,team
wnba,wnba_shot_pace,shot_pace,shots,get-shots,2025,Regular Season,team,"{'EntityType': 'Team', 'Season': '2025', 'SeasonType': 'Regular Season', 'TeamId': '1611661325', 'EntityId': '1611661325'}",shot_pace,1611661325,4Q/OT | margin -3..3 | 300..120,get-shots__shots__entity_type-Team__season-2025__season_type-Regular_Season__team_id-1611661325__entity_id-1611661325__44fa9629,get-shots,https://api.pbpstats.com/get-shots/wnba?EntityType=Team&Season=2025&SeasonType=Regular+Season&TeamId=1611661325&EntityId=1611661325,200,341,Aliyah Boston,1641648.0,True,,,,1611661331,415.0,34,2025-08-31,1022500257,1628909-1631086-1641648-203824-203827,True,GSV,1627701-1630097-1630387-1631007-1642767,,,,,,1611661325,1,Kelsey Mitchell,1628909,13,07:16,0,,1630387,Iliana Rupert,0,,0,,False,-5,,3.0,0.5507,415.0,AtRim,2,436.0,OffArc3Make,IND,06:55,,-28,12,False,shots,4Q/OT | margin -3..3 | 300..120,team
wnba,wnba_shot_pace,shot_pace,shots,get-shots,2025,Regular Season,team,"{'EntityType': 'Team', 'Season': '2025', 'SeasonType': 'Regular Season', 'TeamId': '1611661325', 'EntityId': '1611661325'}",shot_pace,1611661325,4Q/OT | margin -3..3 | 300..120,get-shots__shots__entity_type-Team__season-2025__season_type-Regular_Season__team_id-1611661325__entity_id-1611661325__44fa9629,get-shots,https://api.pbpstats.com/get-shots/wnba?EntityType=Team&Season=2025&SeasonType=Regular+Season&TeamId=1611661325&EntityId=1611661325,200,342,,,,Iliana Rupert,1630387.0,True,1611661331,439.0,29,2025-08-31,1022500257,1628909-1631086-1641648-203824-203827,False,GSV,1627701-1630097-1630387-1631007-1642767,,,,,,1611661325,1,Odyssey Sims,203824,11,07:46,0,,1642767,Janelle Salaün,0,,0,,False,-2,,6.0,0.3678,443.0,ShortMidRange,2,466.0,OffCorner3Make,IND,07:23,,6,60,False,shots,4Q/OT | margin -3..3 | 300..120,team
wnba,wnba_shot_pace,shot_pace,shots,get-shots,2025,Regular Season,team,"{'EntityType': 'Team', 'Season': '2025', 'SeasonType': 'Regular Season', 'TeamId': '1611661325', 'EntityId': '1611661325'}",shot_pace,1611661325,4Q/OT | margin -3..3 | 300..120,get-shots__shots__entity_type-Team__season-2025__season_type-Regular_Season__team_id-1611661325__entity_id-1611661325__44fa9629,get-shots,https://api.pbpstats.com/get-shots/wnba?EntityType=Team&Season=2025&SeasonType=Regular+Season&TeamId=1611661325&EntityId=1611661325,200,343,Lexie Hull,1631086.0,True,,,,1611661331,503.0,22,2025-08-31,1022500257,1628909-1631086-1641648-203824-203827,True,GSV,1627701-1630097-1630387-1631007-1642767,,,,,,1611661325,1,Odyssey Sims,203824,7,08:35,0,,1630097,Kaila Charles,0,,0,,False,-2,,26.6,0.3431,503.0,Arc3,3,515.0,OffShortMidRangeMake,IND,08:23,,157,215,False,shots,4Q/OT | margin -3..3 | 300..120,team
wnba,wnba_shot_pace,shot_pace,shots,get-shots,2025,Regular Season,team,"{'EntityType': 'Team', 'Season': '2025', 'SeasonType': 'Regular Season', 'TeamId': '1611661325', 'EntityId': '1611661325'}",shot_pace,1611661325,4Q/OT | margin -3..3 | 300..120,get-shots__shots__entity_type-Team__season-2025__season_type-Regular_Season__team_id-1611661325__entity_id-1611661325__44fa9629,get-shots,https://api.pbpstats.com/get-shots/wnba?EntityType=Team&Season=2025&SeasonType=Regular+Season&TeamId=1611661325&EntityId=1611661325,200,344,,,,,,False,1611661331,519.0,16,2025-08-31,1022500257,1628909-1631086-1641648-203824-203827,False,GSV,1627701-1630097-1630387-1631007-1642767,,,,,,1611661325,1,Aliyah Boston,1641648,5,09:00,0,,0,,0,,0,,False,0,,2.4,0.5552,523.0,AtRim,2,540.0,OffDeadball,IND,08:43,,22,9,False,shots,4Q/OT | margin -3..3 | 300..120,team
wnba,wnba_shot_pace,shot_pace,shots,get-shots,2025,Regular Season,team,"{'EntityType': 'Team', 'Season': '2025', 'SeasonType': 'Regular Season', 'TeamId': '1611661325', 'EntityId': '1611661325'}",shot_pace,1611661325,4Q/OT | margin -3..3 | 300..120,get-shots__shots__entity_type-Team__season-2025__season_type-Regular_Season__team_id-1611661325__entity_id-1611661325__44fa9629,get-shots,https://api.pbpstats.com/get-shots/wnba?EntityType=Team&Season=2025&SeasonType=Regular+Season&TeamId=1611661325&EntityId=1611661325,200,345,,,,,,False,1611661331,552.0,11,2025-08-31,1022500257,1628909-1631086-1641648-203824-203827,False,GSV,1627701-1630097-1630387-1631007-1642767,,,,,,1611661325,1,Kelsey Mitchell,1628909,3,09:24,203827,Natasha Howard,1627701,Temi Fágbénlé,0,,0,,False,0,,26.1,0.3646,558.0,Arc3,3,564.0,OffLongMidRangeMiss,IND,09:18,,145,217,False,shots,4Q/OT | margin -3..3 | 300..120,team
wnba,wnba_shot_pace,shot_pace,shots,get-shots,2025,Regular Season,team,"{'EntityType': 'Team', 'Season': '2025', 'SeasonType': 'Regular Season', 'TeamId': '1611661325', 'EntityId': '1611661325'}",shot_pace,1611661325,4Q/OT | margin -3..3 | 300..120,get-shots__shots__entity_type-Team__season-2025__season_type-Regular_Season__team_id-1611661325__entity_id-1611661325__44fa9629,get-shots,https://api.pbpstats.com/get-shots/wnba?EntityType=Team&Season=2025&SeasonType=Regular+Season&TeamId=1611661325&EntityId=1611661325,200,346,Lexie Hull,1631086.0,True,,,,1611661320,13.0,543,2025-08-29,1022500251,1628909-1631086-1641648-203824-203827,True,LAS,1627700-1628276-1628922-1642288-204324,Aliyah Boston,1641648.0,Kelsey Mitchell,1628909.0,Arc3,1611661325,4,Odyssey Sims,203824,34,00:31,0,,0,,0,,0,,False,-1,7.0,9.4,0.405,13.0,ShortMidRange,2,31.0,OffFTMake,IND,00:13,,19,92,False,shots,4Q/OT | margin -3..3 | 300..120,team
wnba,wnba_shot_pace,shot_pace,shots,get-shots,2025,Regular Season,team,"{'EntityType': 'Team', 'Season': '2025', 'SeasonType': 'Regular Season', 'TeamId': '1611661325', 'EntityId': '1611661325'}",shot_pace,1611661325,4Q/OT | margin -3..3 | 300..120,get-shots__shots__entity_type-Team__season-2025__season_type-Regular_Season__team_id-1611661325__entity_id-1611661325__44fa9629,get-shots,https://api.pbpstats.com/get-shots/wnba?EntityType=Team&Season=2025&SeasonType=Regular+Season&TeamId=1611661325&EntityId=1611661325,200,347,,,,,,False,1611661320,13.0,541,2025-08-29,1022500251,1628909-1631086-1641648-203824-203827,False,LAS,1627700-1628276-1628922-1642288-204324,,,,,,1611661325,4,Kelsey Mitchell,1628909,34,00:31,0,,0,,0,,0,,False,-1,,22.9,0.3226,24.0,Arc3,3,31.0,OffFTMake,IND,00:24,,-186,134,False,shots,4Q/OT | margin -3..3 | 300..120,team
wnba,wnba_shot_pace,shot_pace,shots,get-shots,2025,Regular Season,team,"{'EntityType': 'Team', 'Season': '2025', 'SeasonType': 'Regular Season', 'TeamId': '1611661325', 'EntityId': '1611661325'}",shot_pace,1611661325,4Q/OT | margin -3..3 | 300..120,get-shots__shots__entity_type-Team__season-2025__season_type-Regular_Season__team_id-1611661325__entity_id-1611661325__44fa9629,get-shots,https://api.pbpstats.com/get-shots/wnba?EntityType=Team&Season=2025&SeasonType=Regular+Season&TeamId=1611661325&EntityId=1611661325,200,348,Kelsey Mitchell,1628909.0,True,,,,1611661320,50.0,530,2025-08-29,1022500251,1628909-1631086-1641648-203824-203827,True,LAS,1627700-1628276-1628922-1642288-204324,,,,,,1611661325,4,Odyssey Sims,203824,32,01:01,0,,1627700,Julie Allemand,0,,0,,False,-3,,24.4,0.3183,50.0,Arc3,3,61.0,OffAtRimMake,IND,00:50,,188,155,False,shots,4Q/OT | margin -3..3 | 300..120,team
wnba,wnba_shot_pace,shot_pace,shots,get-shots,2025,Regular Season,team,"{'EntityType': 'Team', 'Season': '2025', 'SeasonType': 'Regular Season', 'TeamId': '1611661325', 'EntityId': '1611661325'}",shot_pace,1611661325,4Q/OT | margin -3..3 | 300..120,get-shots__shots__entity_type-Team__season-2025__season_type-Regular_Season__team_id-1611661325__entity_id-1611661325__44fa9629,get-shots,https://api.pbpstats.com/get-shots/wnba?EntityType=Team&Season=2025&SeasonType=Regular+Season&TeamId=1611661325&EntityId=1611661325,200,349,Kelsey Mitchell,1628909.0,True,,,,1611661320,75.0,528,2025-08-29,1022500251,1628909-1631086-1641648-203824-203827,True,LAS,1627700-1628276-1628922-1642288-204324,,0.0,Aliyah Boston,1641648.0,Team,1611661325,4,Aliyah Boston,1641648,30,01:49,0,,0,,0,,0,,False,-3,9.0,6.8,0.3616,75.0,ShortMidRange,2,109.0,OffTimeout,IND,01:15,,42,54,False,shots,4Q/OT | margin -3..3 | 300..120,team
wnba,wnba_shot_pace,shot_pace,shots,get-shots,2025,Regular Season,team,"{'EntityType': 'Team', 'Season': '2025', 'SeasonType': 'Regular Season', 'TeamId': '1611661325', 'EntityId': '1611661325'}",shot_pace,1611661325,4Q/OT | margin -3..3 | 300..120,get-shots__shots__entity_type-Team__season-2025__season_type-Regular_Season__team_id-1611661325__entity_id-1611661325__44fa9629,get-shots,https://api.pbpstats.com/get-shots/wnba?EntityType=Team&Season=2025&SeasonType=Regular+Season&TeamId=1611661325&EntityId=1611661325,200,350,,,,,,False,1611661320,75.0,525,2025-08-29,1022500251,1628909-1631086-1641648-203824-203827,False,LAS,1627700-1628276-1628922-1642288-204324,,,,,,1611661325,4,Aliyah Boston,1641648,30,01:49,0,,0,,0,,0,,False,-3,,2.6,0.4152,86.0,AtRim,2,109.0,OffTimeout,IND,01:26,,24,-9,False,shots,4Q/OT | margin -3..3 | 300..120,team
wnba,wnba_shot_pace,shot_pace,shots,get-shots,2025,Regular Season,team,"{'EntityType': 'Team', 'Season': '2025', 'SeasonType': 'Regular Season', 'TeamId': '1611661325', 'EntityId': '1611661325'}",shot_pace,1611661325,4Q/OT | margin -3..3 | 300..120,get-shots__shots__entity_type-Team__season-2025__season_type-Regular_Season__team_id-1611661325__entity_id-1611661325__44fa9629,get-shots,https://api.pbpstats.com/get-shots/wnba?EntityType=Team&Season=2025&SeasonType=Regular+Season&TeamId=1611661325&EntityId=1611661325,200,351,,,,,,False,1611661320,120.0,515,2025-08-29,1022500251,1628909-1631086-1641648-203824-203827,False,LAS,1627700-1628276-1628922-1642288-204324,,,,,,1611661325,4,Natasha Howard,203827,28,02:25,0,,0,,0,,0,,False,-2,,10.0,0.3269,124.0,ShortMidRange,2,145.0,OffDeadball,IND,02:04,,62,79,False,shots,4Q/OT | margin -3..3 | 300..120,team
wnba,wnba_shot_pace,shot_pace,shots,get-shots,2025,Regular Season,team,"{'EntityType': 'Team', 'Season': '2025', 'SeasonType': 'Regular Season', 'TeamId': '1611661325', 'EntityId': '1611661325'}",shot_pace,1611661325,4Q/OT | margin -3..3 | 300..120,get-shots__shots__entity_type-Team__season-2025__season_type-Regular_Season__team_id-1611661325__entity_id-1611661325__44fa9629,get-shots,https://api.pbpstats.com/get-shots/wnba?EntityType=Team&Season=2025&SeasonType=Regular+Season&TeamId=1611661325&EntityId=1611661325,200,352,,,,,,False,1611661320,149.0,510,2025-08-29,1022500251,1628909-1631086-1641648-203824-203827,False,LAS,1627700-1628276-1628922-1642288-204324,,,,,,1611661325,4,Natasha Howard,203827,26,02:51,0,,0,,0,,0,,False,-2,,2.8,0.4909,152.0,AtRim,2,171.0,OffFTMake,IND,02:32,,1,28,False,shots,4Q/OT | margin -3..3 | 300..120,team
wnba,wnba_shot_pace,shot_pace,shots,get-shots,2025,Regular Season,team,"{'EntityType': 'Team', 'Season': '2025', 'SeasonType': 'Regular Season', 'TeamId': '1611661325', 'EntityId': '1611661325'}",shot_pace,1611661325,4Q/OT | margin -3..3 | 300..120,get-shots__shots__entity_type-Team__season-2025__season_type-Regular_Season__team_id-1611661325__entity_id-1611661325__44fa9629,get-shots,https://api.pbpstats.com/get-shots/wnba?EntityType=Team&Season=2025&SeasonType=Regular+Season&TeamId=1611661325&EntityId=1611661325,200,353,Odyssey Sims,203824.0,True,,,,1611661320,188.0,504,2025-08-29,1022500251,1628909-1631086-1641648-203824-203827,True,LAS,1627700-1628276-1628922-1642288-204324,,,,,,1611661325,4,Aliyah Boston,1641648,24,03:15,0,,1627700,Julie Allemand,0,,0,,False,-1,,1.1,0.7328,188.0,AtRim,2,195.0,OffAtRimMake,IND,03:08,,11,-3,False,shots,4Q/OT | margin -3..3 | 300..120,team
wnba,wnba_shot_pace,shot_pace,shots,get-shots,2025,Regular Season,team,"{'EntityType': 'Team', 'Season': '2025', 'SeasonType': 'Regular Season', 'TeamId': '1611661325', 'EntityId': '1611661325'}",shot_pace,1611661325,4Q/OT | margin -3..3 | 300..120,get-shots__shots__entity_type-Team__season-2025__season_type-Regular_Season__team_id-1611661325__entity_id-1611661325__44fa9629,get-shots,https://api.pbpstats.com/get-shots/wnba?EntityType=Team&Season=2025&SeasonType=Regular+Season&TeamId=1611661325&EntityId=1611661325,200,354,Lexie Hull,1631086.0,True,,,,1611661320,285.0,492,2025-08-29,1022500251,1628909-1631086-1641648-203824-203827,True,LAS,1628276-1628922-1642210-1642288-204324,,,,,,1611661325,4,Aliyah Boston,1641648,18,05:05,0,,0,,0,,0,,False,-1,,2.4,0.5127,285.0,AtRim,2,305.0,OffTimeout,IND,04:45,,24,-3,False,shots,4Q/OT | margin -3..3 | 300..120,team
wnba,wnba_shot_pace,shot_pace,shots,get-shots,2025,Regular Season,team,"{'EntityType': 'Team', 'Season': '2025', 'SeasonType': 'Regular Season', 'TeamId': '1611661325', 'EntityId': '1611661325'}",shot_pace,1611661325,4Q/OT | margin -3..3 | 300..120,get-shots__shots__entity_type-Team__season-2025__season_type-Regular_Season__team_id-1611661325__entity_id-1611661325__44fa9629,get-shots,https://api.pbpstats.com/get-shots/wnba?EntityType=Team&Season=2025&SeasonType=Regular+Season&TeamId=1611661325&EntityId=1611661325,200,355,,,,,,False,1611661320,308.0,488,2025-08-29,1022500251,1628909-1631086-1641648-203824-203827,False,LAS,1628276-1628922-1642210-1642288-204324,,,,,,1611661325,4,Natasha Howard,203827,16,05:32,1631086,Lexie Hull,1628922,Azurá Stevens,0,,0,,False,-1,,12.1,0.3563,310.0,ShortMidRange,2,332.0,OffLongMidRangeMiss,IND,05:10,,28,118,False,shots,4Q/OT | margin -3..3 | 300..120,team
wnba,wnba_shot_pace,shot_pace,shots,get-shots,2025,Regular Season,team,"{'EntityType': 'Team', 'Season': '2025', 'SeasonType': 'Regular Season', 'TeamId': '1611661325', 'EntityId': '1611661325'}",shot_pace,1611661325,4Q/OT | margin -3..3 | 300..120,get-shots__shots__entity_type-Team__season-2025__season_type-Regular_Season__team_id-1611661325__entity_id-1611661325__44fa9629,get-shots,https://api.pbpstats.com/get-shots/wnba?EntityType=Team&Season=2025&SeasonType=Regular+Season&TeamId=1611661325&EntityId=1611661325,200,356,,,,,,False,1611661320,349.0,477,2025-08-29,1022500251,1628909-1631086-1641648-203824-203827,False,LAS,1628276-1628922-1630996-1642210-1642287,,,,,,1611661325,4,Kelsey Mitchell,1628909,14,06:07,0,,0,,0,,0,,False,-1,,23.8,0.3347,351.0,Arc3,3,367.0,OffDeadball,IND,05:51,,176,160,False,shots,4Q/OT | margin -3..3 | 300..120,team
wnba,wnba_shot_pace,shot_pace,shots,get-shots,2025,Regular Season,team,"{'EntityType': 'Team', 'Season': '2025', 'SeasonType': 'Regular Season', 'TeamId': '1611661325', 'EntityId': '1611661325'}",shot_pace,1611661325,4Q/OT | margin -3..3 | 300..120,get-shots__shots__entity_type-Team__season-2025__season_type-Regular_Season__team_id-1611661325__entity_id-1611661325__44fa9629,get-shots,https://api.pbpstats.com/get-shots/wnba?EntityType=Team&Season=2025&SeasonType=Regular+Season&TeamId=1611661325&EntityId=1611661325,200,357,Kelsey Mitchell,1628909.0,True,,,,1611661320,385.0,474,2025-08-29,1022500251,1628909-1631086-1641648-203824-203827,True,LAS,1628276-1628922-1630996-1642210-1642287,,,,,,1611661325,4,Odyssey Sims,203824,12,06:40,0,,1628922,Azurá Stevens,0,,0,,False,-3,,1.8,0.6346,385.0,AtRim,2,400.0,OffArc3Make,IND,06:25,,-17,7,False,shots,4Q/OT | margin -3..3 | 300..120,team
wnba,wnba_shot_pace,shot_pace,shots,get-shots,2025,Regular Season,team,"{'EntityType': 'Team', 'Season': '2025', 'SeasonType': 'Regular Season', 'TeamId': '1611661325', 'EntityId': '1611661325'}",shot_pace,1611661325,4Q/OT | margin -3..3 | 300..120,get-shots__shots__entity_type-Team__season-2025__season_type-Regular_Season__team_id-1611661325__entity_id-1611661325__44fa9629,get-shots,https://api.pbpstats.com/get-shots/wnba?EntityType=Team&Season=2025&SeasonType=Regular+Season&TeamId=1611661325&EntityId=1611661325,200,358,Aliyah Boston,1641648.0,True,,,,1611661320,431.0,468,2025-08-29,1022500251,1628909-1631086-1641648-203824-203827,True,LAS,1628276-1628922-1630996-1642210-1642287,Aliyah Boston,1641648.0,Kelsey Mitchell,1628909.0,AtRim,1611661325,4,Odyssey Sims,203824,10,07:50,0,,1628922,Azurá Stevens,0,,0,,False,-2,3.0,5.9,0.4169,431.0,ShortMidRange,2,470.0,OffShortMidRangeMake,IND,07:11,,38,45,False,shots,4Q/OT | margin -3..3 | 300..120,team
wnba,wnba_shot_pace,shot_pace,shots,get-shots,2025,Regular Season,team,"{'EntityType': 'Team', 'Season': '2025', 'SeasonType': 'Regular Season', 'TeamId': '1611661325', 'EntityId': '1611661325'}",shot_pace,1611661325,4Q/OT | margin -3..3 | 300..120,get-shots__shots__entity_type-Team__season-2025__season_type-Regular_Season__team_id-1611661325__entity_id-1611661325__44fa9629,get-shots,https://api.pbpstats.com/get-shots/wnba?EntityType=Team&Season=2025&SeasonType=Regular+Season&TeamId=1611661325&EntityId=1611661325,200,359,,,,,,False,1611661320,431.0,466,2025-08-29,1022500251,1628909-1631086-1641648-203824-203827,False,LAS,1628276-1628922-1630996-1642210-1642287,Natasha Howard,203827.0,Odyssey Sims,203824.0,Corner3,1611661325,4,Kelsey Mitchell,1628909,10,07:50,0,,1628922,Azurá Stevens,0,,0,,False,-2,6.0,2.0,0.6615,435.0,AtRim,2,470.0,OffShortMidRangeMake,IND,07:15,,-19,-5,False,shots,4Q/OT | margin -3..3 | 300..120,team
wnba,wnba_shot_pace,shot_pace,shots,get-shots,2025,Regular Season,team,"{'EntityType': 'Team', 'Season': '2025', 'SeasonType': 'Regular Season', 'TeamId': '1611661325', 'EntityId': '1611661325'}",shot_pace,1611661325,4Q/OT | margin -3..3 | 300..120,get-shots__shots__entity_type-Team__season-2025__season_type-Regular_Season__team_id-1611661325__entity_id-1611661325__44fa9629,get-shots,https://api.pbpstats.com/get-shots/wnba?EntityType=Team&Season=2025&SeasonType=Regular+Season&TeamId=1611661325&EntityId=1611661325,200,360,,,,,,False,1611661320,431.0,461,2025-08-29,1022500251,1628909-1631086-1641648-203824-203827,False,LAS,1628276-1628922-1630996-1642210-1642287,,,,,,1611661325,4,Odyssey Sims,203824,10,07:50,0,,1628922,Azurá Stevens,0,,0,,False,-2,,23.5,0.4188,445.0,Corner3,3,470.0,OffShortMidRangeMake,IND,07:25,,235,4,False,shots,4Q/OT | margin -3..3 | 300..120,team
wnba,wnba_shot_pace,shot_pace,shots,get-shots,2025,Regular Season,team,"{'EntityType': 'Team', 'Season': '2025', 'SeasonType': 'Regular Season', 'TeamId': '1611661325', 'EntityId': '1611661325'}",shot_pace,1611661325,4Q/OT | margin -3..3 | 300..120,get-shots__shots__entity_type-Team__season-2025__season_type-Regular_Season__team_id-1611661325__entity_id-1611661325__44fa9629,get-shots,https://api.pbpstats.com/get-shots/wnba?EntityType=Team&Season=2025&SeasonType=Regular+Season&TeamId=1611661325&EntityId=1611661325,200,361,,,,Cameron Brink,1642287.0,True,1611661320,482.0,453,2025-08-29,1022500251,1628909-1631086-1641648-203824-203827,False,LAS,1628922-1630996-1642210-1642287-1642782,,,,,,1611661325,4,Kelsey Mitchell,1628909,8,08:14,1641648,Aliyah Boston,1630996,Rae Burrell,0,,0,,False,0,,2.7,0.6946,482.0,AtRim,2,494.0,OffAtRimMiss,IND,08:02,,27,1,False,shots,4Q/OT | margin -3..3 | 300..120,team
wnba,wnba_shot_pace,shot_pace,shots,get-shots,2025,Regular Season,team,"{'EntityType': 'Team', 'Season': '2025', 'SeasonType': 'Regular Season', 'TeamId': '1611661325', 'EntityId': '1611661325'}",shot_pace,1611661325,4Q/OT | margin -3..3 | 300..120,get-shots__shots__entity_type-Team__season-2025__season_type-Regular_Season__team_id-1611661325__entity_id-1611661325__44fa9629,get-shots,https://api.pbpstats.com/get-shots/wnba?EntityType=Team&Season=2025&SeasonType=Regular+Season&TeamId=1611661325&EntityId=1611661325,200,362,,,,,,False,1611661320,505.0,441,2025-08-29,1022500251,1628909-1629488-1631086-203824-203827,False,LAS,1628922-1630996-1642210-1642287-1642782,,,,,,1611661325,4,Odyssey Sims,203824,6,08:40,0,,1642287,Cameron Brink,0,,0,,False,0,,0.7,0.7425,508.0,AtRim,2,520.0,OffAtRimMake,IND,08:28,,-5,5,False,shots,4Q/OT | margin -3..3 | 300..120,team
wnba,wnba_shot_pace,shot_pace,shots,get-shots,2025,Regular Season,team,"{'EntityType': 'Team', 'Season': '2025', 'SeasonType': 'Regular Season', 'TeamId': '1611661325', 'EntityId': '1611661325'}",shot_pace,1611661325,4Q/OT | margin -3..3 | 300..120,get-shots__shots__entity_type-Team__season-2025__season_type-Regular_Season__team_id-1611661325__entity_id-1611661325__44fa9629,get-shots,https://api.pbpstats.com/get-shots/wnba?EntityType=Team&Season=2025&SeasonType=Regular+Season&TeamId=1611661325&EntityId=1611661325,200,363,Brianna Turner,1629488.0,True,,,,1611661320,532.0,438,2025-08-29,1022500251,1628909-1629488-1631086-203824-203827,True,LAS,1628922-1630996-1642210-1642287-1642782,,,,,,1611661325,4,Lexie Hull,1631086,4,09:01,1629488,Brianna Turner,1630996,Rae Burrell,0,,0,,False,-1,,23.8,0.3698,532.0,Corner3,3,541.0,OffArc3Miss,IND,08:52,,234,42,False,shots,4Q/OT | margin -3..3 | 300..120,team
wnba,wnba_shot_pace,shot_pace,shots,get-shots,2025,Regular Season,team,"{'EntityType': 'Team', 'Season': '2025', 'SeasonType': 'Regular Season', 'TeamId': '1611661325', 'EntityId': '1611661325'}",shot_pace,1611661325,4Q/OT | margin -3..3 | 300..120,get-shots__shots__entity_type-Team__season-2025__season_type-Regular_Season__team_id-1611661325__entity_id-1611661325__44fa9629,get-shots,https://api.pbpstats.com/get-shots/wnba?EntityType=Team&Season=2025&SeasonType=Regular+Season&TeamId=1611661325&EntityId=1611661325,200,364,,,,,,False,1611661320,0.0,419,2025-08-29,1022500251,1627672-1629488-1641648-203035-203824,False,LAS,1628922-1630996-1642210-1642287-1642782,,,,,,1611661325,3,Shey Peddy,203035,43,00:04,0,,1630996,Rae Burrell,0,,0,,False,-1,,27.7,0.1546,1.0,Arc3,3,4.0,OffAtRimMake,IND,00:01,,212,178,False,shots,4Q/OT | margin -3..3 | 300..120,team
wnba,wnba_shot_pace,shot_pace,shots,get-shots,2025,Regular Season,team,"{'EntityType': 'Team', 'Season': '2025', 'SeasonType': 'Regular Season', 'TeamId': '1611661325', 'EntityId': '1611661325'}",shot_pace,1611661325,4Q/OT | margin -3..3 | 300..120,get-shots__shots__entity_type-Team__season-2025__season_type-Regular_Season__team_id-1611661325__entity_id-1611661325__44fa9629,get-shots,https://api.pbpstats.com/get-shots/wnba?EntityType=Team&Season=2025&SeasonType=Regular+Season&TeamId=1611661325&EntityId=1611661325,200,365,,,,,,False,1611661320,12.0,415,2025-08-29,1022500251,1627672-1629488-1641648-203035-203824,False,LAS,1628922-1630996-1642210-1642287-1642782,,,,,,1611661325,3,Aerial Powers,1627672,41,00:36,0,,0,,0,,0,,False,1,,23.9,0.3134,17.0,Arc3,3,36.0,OffFTMake,IND,00:17,,-140,194,False,shots,4Q/OT | margin -3..3 | 300..120,team
wnba,wnba_shot_pace,shot_pace,shots,get-shots,2025,Regular Season,team,"{'EntityType': 'Team', 'Season': '2025', 'SeasonType': 'Regular Season', 'TeamId': '1611661325', 'EntityId': '1611661325'}",shot_pace,1611661325,4Q/OT | margin -3..3 | 300..120,get-shots__shots__entity_type-Team__season-2025__season_type-Regular_Season__team_id-1611661325__entity_id-1611661325__44fa9629,get-shots,https://api.pbpstats.com/get-shots/wnba?EntityType=Team&Season=2025&SeasonType=Regular+Season&TeamId=1611661325&EntityId=1611661325,200,366,,,,,,False,1611661320,49.0,405,2025-08-29,1022500251,1627672-1629488-1641648-203035-203824,False,LAS,1628922-1630996-1642210-1642287-1642782,,,,,,1611661325,3,Aliyah Boston,1641648,39,01:10,0,,0,,0,,0,,False,3,,5.0,0.3579,50.0,ShortMidRange,2,70.0,OffDeadball,IND,00:50,,-35,36,False,shots,4Q/OT | margin -3..3 | 300..120,team
wnba,wnba_shot_pace,shot_pace,shots,get-shots,2025,Regular Season,team,"{'EntityType': 'Team', 'Season': '2025', 'SeasonType': 'Regular Season', 'TeamId': '1611661325', 'EntityId': '1611661325'}",shot_pace,1611661325,4Q/OT | margin -3..3 | 300..120,get-shots__shots__entity_type-Team__season-2025__season_type-Regular_Season__team_id-1611661325__entity_id-1611661325__44fa9629,get-shots,https://api.pbpstats.com/get-shots/wnba?EntityType=Team&Season=2025&SeasonType=Regular+Season&TeamId=1611661325&EntityId=1611661325,200,367,,,,,,False,1611661320,72.0,396,2025-08-29,1022500251,1627672-1628909-1629488-1641648-203035,False,LAS,1628276-1630996-1642210-1642287-204324,,,,,,1611661325,3,Aerial Powers,1627672,37,01:37,0,,204324,Dearica Hamby,0,,0,,False,3,,24.6,0.3203,76.0,Arc3,3,97.0,OffAtRimMake,IND,01:16,,143,200,False,shots,4Q/OT | margin -3..3 | 300..120,team
wnba,wnba_shot_pace,shot_pace,shots,get-shots,2025,Regular Season,team,"{'EntityType': 'Team', 'Season': '2025', 'SeasonType': 'Regular Season', 'TeamId': '1611661325', 'EntityId': '1611661325'}",shot_pace,1611661325,4Q/OT | margin -3..3 | 300..120,get-shots__shots__entity_type-Team__season-2025__season_type-Regular_Season__team_id-1611661325__entity_id-1611661325__44fa9629,get-shots,https://api.pbpstats.com/get-shots/wnba?EntityType=Team&Season=2025&SeasonType=Regular+Season&TeamId=1611661325&EntityId=1611661325,200,368,Shey Peddy,203035.0,True,,,,1611661320,146.0,387,2025-08-29,1022500251,1627672-1628909-1629488-1641648-203035,True,LAS,1628276-1630996-1642210-1642287-204324,,,,,,1611661325,3,Aerial Powers,1627672,33,02:32,1627672,Aerial Powers,1628276,Kelsey Plum,0,,0,,False,2,,24.3,0.3697,146.0,Arc3,3,152.0,OffShortMidRangeMiss,IND,02:26,,-11,243,False,shots,4Q/OT | margin -3..3 | 300..120,team
wnba,wnba_shot_pace,shot_pace,shots,get-shots,2025,Regular Season,team,"{'EntityType': 'Team', 'Season': '2025', 'SeasonType': 'Regular Season', 'TeamId': '1611661325', 'EntityId': '1611661325'}",shot_pace,1611661325,4Q/OT | margin -3..3 | 300..120,get-shots__shots__entity_type-Team__season-2025__season_type-Regular_Season__team_id-1611661325__entity_id-1611661325__44fa9629,get-shots,https://api.pbpstats.com/get-shots/wnba?EntityType=Team&Season=2025&SeasonType=Regular+Season&TeamId=1611661325&EntityId=1611661325,200,369,,,,,,False,1611661320,161.0,383,2025-08-29,1022500251,1627672-1628909-1629488-1641648-203035,False,LAS,1628276-1630996-1642210-1642287-204324,,,,,,1611661325,3,Shey Peddy,203035,31,03:00,0,,0,,1641648,Aliyah Boston,1630996,Rae Burrell,False,2,,23.4,0.3693,165.0,Corner3,3,180.0,OffLiveBallTurnover,IND,02:45,,234,7,False,shots,4Q/OT | margin -3..3 | 300..120,team
wnba,wnba_shot_pace,shot_pace,shots,get-shots,2025,Regular Season,team,"{'EntityType': 'Team', 'Season': '2025', 'SeasonType': 'Regular Season', 'TeamId': '1611661325', 'EntityId': '1611661325'}",shot_pace,1611661325,4Q/OT | margin -3..3 | 300..120,get-shots__shots__entity_type-Team__season-2025__season_type-Regular_Season__team_id-1611661325__entity_id-1611661325__44fa9629,get-shots,https://api.pbpstats.com/get-shots/wnba?EntityType=Team&Season=2025&SeasonType=Regular+Season&TeamId=1611661325&EntityId=1611661325,200,370,,,,,,False,1611661320,187.0,379,2025-08-29,1022500251,1627672-1628909-1629488-1641648-203035,False,LAS,1628276-1630996-1642210-1642287-204324,,,,,,1611661325,3,Kelsey Mitchell,1628909,29,03:25,0,,0,,0,,0,,False,2,,24.1,0.3594,193.0,Arc3,3,205.0,OffDeadball,IND,03:13,,182,158,False,shots,4Q/OT | margin -3..3 | 300..120,team
wnba,wnba_shot_pace,shot_pace,shots,get-shots,2025,Regular Season,team,"{'EntityType': 'Team', 'Season': '2025', 'SeasonType': 'Regular Season', 'TeamId': '1611661325', 'EntityId': '1611661325'}",shot_pace,1611661325,4Q/OT | margin -3..3 | 300..120,get-shots__shots__entity_type-Team__season-2025__season_type-Regular_Season__team_id-1611661325__entity_id-1611661325__44fa9629,get-shots,https://api.pbpstats.com/get-shots/wnba?EntityType=Team&Season=2025&SeasonType=Regular+Season&TeamId=1611661325&EntityId=1611661325,200,371,,,,,,False,1611661320,236.0,357,2025-08-29,1022500251,1628909-1631086-1641648-203824-203827,False,LAS,1627700-1628276-1630996-1642287-204324,,,,,,1611661325,3,Odyssey Sims,203824,25,04:02,203824,Odyssey Sims,1630996,Rae Burrell,0,,0,,False,3,,1.1,0.8404,239.0,AtRim,2,242.0,OffAtRimBlock,IND,03:59,,-11,1,False,shots,4Q/OT | margin -3..3 | 300..120,team
wnba,wnba_shot_pace,shot_pace,shots,get-shots,2025,Regular Season,team,"{'EntityType': 'Team', 'Season': '2025', 'SeasonType': 'Regular Season', 'TeamId': '1611661325', 'EntityId': '1611661325'}",shot_pace,1611661325,4Q/OT | margin -3..3 | 300..120,get-shots__shots__entity_type-Team__season-2025__season_type-Regular_Season__team_id-1611661325__entity_id-1611661325__44fa9629,get-shots,https://api.pbpstats.com/get-shots/wnba?EntityType=Team&Season=2025&SeasonType=Regular+Season&TeamId=1611661325&EntityId=1611661325,200,372,,,,,,False,1611661320,261.0,352,2025-08-29,1022500251,1628909-1631086-1641648-203824-203827,False,LAS,1627700-1628276-1630996-1642287-204324,,,,,,1611661325,3,Odyssey Sims,203824,23,04:37,0,,1630996,Rae Burrell,0,,0,,False,3,,24.2,0.3789,266.0,Arc3,3,277.0,OffAtRimMake,IND,04:26,,144,194,False,shots,4Q/OT | margin -3..3 | 300..120,team
wnba,wnba_shot_pace,shot_pace,shots,get-shots,2025,Regular Season,team,"{'EntityType': 'Team', 'Season': '2025', 'SeasonType': 'Regular Season', 'TeamId': '1611661325', 'EntityId': '1611661325'}",shot_pace,1611661325,4Q/OT | margin -3..3 | 300..120,get-shots__shots__entity_type-Team__season-2025__season_type-Regular_Season__team_id-1611661325__entity_id-1611661325__44fa9629,get-shots,https://api.pbpstats.com/get-shots/wnba?EntityType=Team&Season=2025&SeasonType=Regular+Season&TeamId=1611661325&EntityId=1611661325,200,373,,,,,,False,1611661320,292.0,348,2025-08-29,1022500251,1628909-1631086-1641648-203824-203827,False,LAS,1627700-1628276-1630996-1642287-204324,,,,,,1611661325,3,Odyssey Sims,203824,21,05:03,1628909,Kelsey Mitchell,1628276,Kelsey Plum,0,,0,,False,5,,24.8,0.3422,292.0,Arc3,3,303.0,OffArc3Miss,IND,04:52,,13,248,False,shots,4Q/OT | margin -3..3 | 300..120,team
wnba,wnba_shot_pace,shot_pace,shots,get-shots,2025,Regular Season,team,"{'EntityType': 'Team', 'Season': '2025', 'SeasonType': 'Regular Season', 'TeamId': '1611661325', 'EntityId': '1611661325'}",shot_pace,1611661325,4Q/OT | margin -3..3 | 300..120,get-shots__shots__entity_type-Team__season-2025__season_type-Regular_Season__team_id-1611661325__entity_id-1611661325__44fa9629,get-shots,https://api.pbpstats.com/get-shots/wnba?EntityType=Team&Season=2025&SeasonType=Regular+Season&TeamId=1611661325&EntityId=1611661325,200,374,Lexie Hull,1631086.0,True,,,,1611661320,324.0,339,2025-08-29,1022500251,1628909-1631086-1641648-203824-203827,True,LAS,1627700-1628276-1628922-1642288-204324,,,,,,1611661325,3,Natasha Howard,203827,19,05:32,203824,Odyssey Sims,1628922,Azurá Stevens,0,,0,,False,3,,3.2,0.5961,324.0,AtRim,2,332.0,OffArc3Miss,IND,05:24,,31,9,False,shots,4Q/OT | margin -3..3 | 300..120,team
wnba,wnba_shot_pace,shot_pace,shots,get-shots,2025,Regular Season,team,"{'EntityType': 'Team', 'Season': '2025', 'SeasonType': 'Regular Season', 'TeamId': '1611661325', 'EntityId': '1611661325'}",shot_pace,1611661325,4Q/OT | margin -3..3 | 300..120,get-shots__shots__entity_type-Team__season-2025__season_type-Regular_Season__team_id-1611661325__entity_id-1611661325__44fa9629,get-shots,https://api.pbpstats.com/get-shots/wnba?EntityType=Team&Season=2025&SeasonType=Regular+Season&TeamId=1611661325&EntityId=1611661325,200,375,Aliyah Boston,1641648.0,True,,,,1611661320,354.0,335,2025-08-29,1022500251,1628909-1631086-1641648-203824-203827,True,LAS,1627700-1628276-1628922-1642288-204324,,,,,,1611661325,3,Odyssey Sims,203824,17,06:05,0,,0,,0,,0,,False,1,,8.6,0.4114,354.0,ShortMidRange,2,365.0,OffDeadball,IND,05:54,,26,82,False,shots,4Q/OT | margin -3..3 | 300..120,team
wnba,wnba_shot_pace,shot_pace,shots,get-shots,2025,Regular Season,team,"{'EntityType': 'Team', 'Season': '2025', 'SeasonType': 'Regular Season', 'TeamId': '1611661325', 'EntityId': '1611661325'}",shot_pace,1611661325,4Q/OT | margin -3..3 | 300..120,get-shots__shots__entity_type-Team__season-2025__season_type-Regular_Season__team_id-1611661325__entity_id-1611661325__44fa9629,get-shots,https://api.pbpstats.com/get-shots/wnba?EntityType=Team&Season=2025&SeasonType=Regular+Season&TeamId=1611661325&EntityId=1611661325,200,376,,,False,,,,1611661320,409.0,327,2025-08-29,1022500251,1628909-1631086-1641648-203824-203827,True,LAS,1627700-1628276-1628922-1642288-204324,,,,,,1611661325,3,Lexie Hull,1631086,13,07:02,203824,Odyssey Sims,1628276,Kelsey Plum,0,,0,,False,-1,,0.9,0.6986,409.0,AtRim,2,422.0,OffArc3Miss,IND,06:49,,-8,4,False,shots,4Q/OT | margin -3..3 | 300..120,team
wnba,wnba_shot_pace,shot_pace,shots,get-shots,2025,Regular Season,team,"{'EntityType': 'Team', 'Season': '2025', 'SeasonType': 'Regular Season', 'TeamId': '1611661325', 'EntityId': '1611661325'}",shot_pace,1611661325,4Q/OT | margin -3..3 | 300..120,get-shots__shots__entity_type-Team__season-2025__season_type-Regular_Season__team_id-1611661325__entity_id-1611661325__44fa9629,get-shots,https://api.pbpstats.com/get-shots/wnba?EntityType=Team&Season=2025&SeasonType=Regular+Season&TeamId=1611661325&EntityId=1611661325,200,377,,,,,,False,1611661320,456.0,319,2025-08-29,1022500251,1628909-1631086-1641648-203824-203827,False,LAS,1627700-1628276-1628922-1642288-204324,,,,,,1611661325,3,Odyssey Sims,203824,11,07:41,203827,Natasha Howard,204324,Dearica Hamby,0,,0,,False,-1,,3.0,0.6287,458.0,AtRim,2,461.0,OffShortMidRangeBlock,IND,07:38,,-30,1,False,shots,4Q/OT | margin -3..3 | 300..120,team
wnba,wnba_shot_pace,shot_pace,shots,get-shots,2025,Regular Season,team,"{'EntityType': 'Team', 'Season': '2025', 'SeasonType': 'Regular Season', 'TeamId': '1611661325', 'EntityId': '1611661325'}",shot_pace,1611661325,4Q/OT | margin -3..3 | 300..120,get-shots__shots__entity_type-Team__season-2025__season_type-Regular_Season__team_id-1611661325__entity_id-1611661325__44fa9629,get-shots,https://api.pbpstats.com/get-shots/wnba?EntityType=Team&Season=2025&SeasonType=Regular+Season&TeamId=1611661325&EntityId=1611661325,200,378,,,False,,,,1611661320,476.0,315,2025-08-29,1022500251,1628909-1631086-1641648-203824-203827,True,LAS,1627700-1628276-1628922-1642288-204324,,,,,,1611661325,3,Aliyah Boston,1641648,9,08:12,0,,0,,1631086,Lexie Hull,1642288,Rickea Jackson,False,-3,,3.5,0.5097,476.0,AtRim,2,492.0,OffLiveBallTurnover,IND,07:56,,22,27,False,shots,4Q/OT | margin -3..3 | 300..120,team
wnba,wnba_shot_pace,shot_pace,shots,get-shots,2025,Regular Season,team,"{'EntityType': 'Team', 'Season': '2025', 'SeasonType': 'Regular Season', 'TeamId': '1611661325', 'EntityId': '1611661325'}",shot_pace,1611661325,4Q/OT | margin -3..3 | 300..120,get-shots__shots__entity_type-Team__season-2025__season_type-Regular_Season__team_id-1611661325__entity_id-1611661325__44fa9629,get-shots,https://api.pbpstats.com/get-shots/wnba?EntityType=Team&Season=2025&SeasonType=Regular+Season&TeamId=1611661325&EntityId=1611661325,200,379,Odyssey Sims,203824.0,True,,,,1611661320,526.0,308,2025-08-29,1022500251,1628909-1631086-1641648-203824-203827,True,LAS,1627700-1628276-1628922-1642288-204324,,,,,,1611661325,3,Aliyah Boston,1641648,5,08:55,0,,1627700,Julie Allemand,0,,0,,False,-5,,2.6,0.7031,526.0,AtRim,2,535.0,OffAtRimMake,IND,08:46,,26,-1,False,shots,4Q/OT | margin -3..3 | 300..120,team
wnba,wnba_shot_pace,shot_pace,shots,get-shots,2025,Regular Season,team,"{'EntityType': 'Team', 'Season': '2025', 'SeasonType': 'Regular Season', 'TeamId': '1611661325', 'EntityId': '1611661325'}",shot_pace,1611661325,4Q/OT | margin -3..3 | 300..120,get-shots__shots__entity_type-Team__season-2025__season_type-Regular_Season__team_id-1611661325__entity_id-1611661325__44fa9629,get-shots,https://api.pbpstats.com/get-shots/wnba?EntityType=Team&Season=2025&SeasonType=Regular+Season&TeamId=1611661325&EntityId=1611661325,200,380,,,,,,False,1611661320,546.0,304,2025-08-29,1022500251,1628909-1631086-1641648-203824-203827,False,LAS,1627700-1628276-1628922-1642288-204324,Natasha Howard,203827.0,Lexie Hull,1631086.0,AtRim,1611661325,3,Natasha Howard,203827,3,09:17,1631086,Lexie Hull,1627700,Julie Allemand,0,,0,,True,-3,1.0,3.4,0.4799,546.0,AtRim,2,557.0,OffCorner3Miss,IND,09:06,,32,-12,False,shots,4Q/OT | margin -3..3 | 300..120,team
wnba,wnba_shot_pace,shot_pace,shots,get-shots,2025,Regular Season,team,"{'EntityType': 'Team', 'Season': '2025', 'SeasonType': 'Regular Season', 'TeamId': '1611661325', 'EntityId': '1611661325'}",shot_pace,1611661325,4Q/OT | margin -3..3 | 300..120,get-shots__shots__entity_type-Team__season-2025__season_type-Regular_Season__team_id-1611661325__entity_id-1611661325__44fa9629,get-shots,https://api.pbpstats.com/get-shots/wnba?EntityType=Team&Season=2025&SeasonType=Regular+Season&TeamId=1611661325&EntityId=1611661325,200,381,,,,,,False,1611661320,546.0,302,2025-08-29,1022500251,1628909-1631086-1641648-203824-203827,False,LAS,1627700-1628276-1628922-1642288-204324,,,,,,1611661325,3,Lexie Hull,1631086,3,09:17,1631086,Lexie Hull,1627700,Julie Allemand,0,,0,,False,-3,,1.8,0.6187,549.0,AtRim,2,557.0,OffCorner3Miss,IND,09:09,,16,-9,False,shots,4Q/OT | margin -3..3 | 300..120,team
wnba,wnba_shot_pace,shot_pace,shots,get-shots,2025,Regular Season,team,"{'EntityType': 'Team', 'Season': '2025', 'SeasonType': 'Regular Season', 'TeamId': '1611661325', 'EntityId': '1611661325'}",shot_pace,1611661325,4Q/OT | margin -3..3 | 300..120,get-shots__shots__entity_type-Team__season-2025__season_type-Regular_Season__team_id-1611661325__entity_id-1611661325__44fa9629,get-shots,https://api.pbpstats.com/get-shots/wnba?EntityType=Team&Season=2025&SeasonType=Regular+Season&TeamId=1611661325&EntityId=1611661325,200,382,,,,,,False,1611661320,576.0,296,2025-08-29,1022500251,1628909-1631086-1641648-203824-203827,False,LAS,1627700-1628276-1628922-1642288-204324,,,,,,1611661325,3,Odyssey Sims,203824,1,10:00,0,,0,,0,,0,,False,-3,,2.9,0.5792,581.0,AtRim,2,600.0,OffDeadball,IND,09:41,,29,-3,False,shots,4Q/OT | margin -3..3 | 300..120,team
wnba,wnba_shot_pace,shot_pace,shots,get-shots,2025,Regular Season,team,"{'EntityType': 'Team', 'Season': '2025', 'SeasonType': 'Regular Season', 'TeamId': '1611661325', 'EntityId': '1611661325'}",shot_pace,1611661325,4Q/OT | margin -3..3 | 300..120,get-shots__shots__entity_type-Team__season-2025__season_type-Regular_Season__team_id-1611661325__entity_id-1611661325__44fa9629,get-shots,https://api.pbpstats.com/get-shots/wnba?EntityType=Team&Season=2025&SeasonType=Regular+Season&TeamId=1611661325&EntityId=1611661325,200,383,,,,,,False,1611661320,0.0,286,2025-08-29,1022500251,1628909-1629488-1641648-203824-203827,False,LAS,1628276-1628922-1642210-1642287-1642288,,,,,,1611661325,2,Odyssey Sims,203824,39,00:19,1641648,Aliyah Boston,1642288,Rickea Jackson,0,,0,,False,-3,,8.2,0.2563,1.0,ShortMidRange,2,19.0,OffAtRimMiss,IND,00:01,,-68,46,False,shots,4Q/OT | margin -3..3 | 300..120,team
wnba,wnba_shot_pace,shot_pace,shots,get-shots,2025,Regular Season,team,"{'EntityType': 'Team', 'Season': '2025', 'SeasonType': 'Regular Season', 'TeamId': '1611661325', 'EntityId': '1611661325'}",shot_pace,1611661325,4Q/OT | margin -3..3 | 300..120,get-shots__shots__entity_type-Team__season-2025__season_type-Regular_Season__team_id-1611661325__entity_id-1611661325__44fa9629,get-shots,https://api.pbpstats.com/get-shots/wnba?EntityType=Team&Season=2025&SeasonType=Regular+Season&TeamId=1611661325&EntityId=1611661325,200,384,,,False,,,,1611661320,42.0,281,2025-08-29,1022500251,1628909-1629488-1641648-203824-203827,True,LAS,1628276-1628922-1642210-1642287-1642288,,,,,,1611661325,2,Aliyah Boston,1641648,37,00:42,0,,0,,1641648,Aliyah Boston,1642287,Cameron Brink,False,-5,,0.7,0.8697,42.0,AtRim,2,42.0,OffLiveBallTurnover,IND,00:42,,-6,4,False,shots,4Q/OT | margin -3..3 | 300..120,team
wnba,wnba_shot_pace,shot_pace,shots,get-shots,2025,Regular Season,team,"{'EntityType': 'Team', 'Season': '2025', 'SeasonType': 'Regular Season', 'TeamId': '1611661325', 'EntityId': '1611661325'}",shot_pace,1611661325,4Q/OT | margin -3..3 | 300..120,get-shots__shots__entity_type-Team__season-2025__season_type-Regular_Season__team_id-1611661325__entity_id-1611661325__44fa9629,get-shots,https://api.pbpstats.com/get-shots/wnba?EntityType=Team&Season=2025&SeasonType=Regular+Season&TeamId=1611661325&EntityId=1611661325,200,385,,,,,,False,1611661320,76.0,270,2025-08-29,1022500251,1627672-1628909-1641648-203824-203827,False,LAS,1628276-1628922-1642210-1642287-1642288,,,,,,1611661325,2,Natasha Howard,203827,33,01:37,0,,1628276,Kelsey Plum,0,,0,,False,-5,,23.3,0.4125,80.0,Corner3,3,97.0,OffArc3Make,IND,01:20,,-233,13,False,shots,4Q/OT | margin -3..3 | 300..120,team
wnba,wnba_shot_pace,shot_pace,shots,get-shots,2025,Regular Season,team,"{'EntityType': 'Team', 'Season': '2025', 'SeasonType': 'Regular Season', 'TeamId': '1611661325', 'EntityId': '1611661325'}",shot_pace,1611661325,4Q/OT | margin -3..3 | 300..120,get-shots__shots__entity_type-Team__season-2025__season_type-Regular_Season__team_id-1611661325__entity_id-1611661325__44fa9629,get-shots,https://api.pbpstats.com/get-shots/wnba?EntityType=Team&Season=2025&SeasonType=Regular+Season&TeamId=1611661325&EntityId=1611661325,200,386,,,False,,,,1611661320,109.0,267,2025-08-29,1022500251,1627672-1628909-1641648-203824-203827,True,LAS,1628276-1628922-1642210-1642287-1642288,,,,,,1611661325,2,Kelsey Mitchell,1628909,31,02:03,0,,0,,203827,Natasha Howard,1628922,Azurá Stevens,False,-4,,1.4,0.6738,109.0,AtRim,2,123.0,OffLiveBallTurnover,IND,01:49,,11,8,False,shots,4Q/OT | margin -3..3 | 300..120,team
wnba,wnba_shot_pace,shot_pace,shots,get-shots,2025,Regular Season,team,"{'EntityType': 'Team', 'Season': '2025', 'SeasonType': 'Regular Season', 'TeamId': '1611661325', 'EntityId': '1611661325'}",shot_pace,1611661325,4Q/OT | margin -3..3 | 300..120,get-shots__shots__entity_type-Team__season-2025__season_type-Regular_Season__team_id-1611661325__entity_id-1611661325__44fa9629,get-shots,https://api.pbpstats.com/get-shots/wnba?EntityType=Team&Season=2025&SeasonType=Regular+Season&TeamId=1611661325&EntityId=1611661325,200,387,,,,,,False,1611661320,124.0,263,2025-08-29,1022500251,1627672-1628909-1641648-203824-203827,False,LAS,1628276-1628922-1642210-1642287-1642288,,,,,,1611661325,2,Natasha Howard,203827,29,02:24,0,,1628276,Kelsey Plum,0,,0,,False,-4,,2.3,0.5706,129.0,AtRim,2,144.0,OffAtRimMake,IND,02:09,,13,19,False,shots,4Q/OT | margin -3..3 | 300..120,team
wnba,wnba_shot_pace,shot_pace,shots,get-shots,2025,Regular Season,team,"{'EntityType': 'Team', 'Season': '2025', 'SeasonType': 'Regular Season', 'TeamId': '1611661325', 'EntityId': '1611661325'}",shot_pace,1611661325,4Q/OT | margin -3..3 | 300..120,get-shots__shots__entity_type-Team__season-2025__season_type-Regular_Season__team_id-1611661325__entity_id-1611661325__44fa9629,get-shots,https://api.pbpstats.com/get-shots/wnba?EntityType=Team&Season=2025&SeasonType=Regular+Season&TeamId=1611661325&EntityId=1611661325,200,388,,,,,,False,1611661320,160.0,254,2025-08-29,1022500251,1627672-1628909-1641648-203824-203827,False,LAS,1628276-1628922-1642210-1642288-204324,,,,,,1611661325,2,Kelsey Mitchell,1628909,27,02:44,0,,0,,1641648,Aliyah Boston,204324,Dearica Hamby,False,-4,,24.4,0.372,160.0,Arc3,3,164.0,OffLiveBallTurnover,IND,02:40,,2,244,False,shots,4Q/OT | margin -3..3 | 300..120,team
wnba,wnba_shot_pace,shot_pace,shots,get-shots,2025,Regular Season,team,"{'EntityType': 'Team', 'Season': '2025', 'SeasonType': 'Regular Season', 'TeamId': '1611661325', 'EntityId': '1611661325'}",shot_pace,1611661325,4Q/OT | margin -3..3 | 300..120,get-shots__shots__entity_type-Team__season-2025__season_type-Regular_Season__team_id-1611661325__entity_id-1611661325__44fa9629,get-shots,https://api.pbpstats.com/get-shots/wnba?EntityType=Team&Season=2025&SeasonType=Regular+Season&TeamId=1611661325&EntityId=1611661325,200,389,,,,,,False,1611661320,169.0,249,2025-08-29,1022500251,1627672-1628909-1641648-203824-203827,False,LAS,1628276-1628922-1642210-1642288-204324,Aerial Powers,1627672.0,Odyssey Sims,203824.0,Corner3,1611661325,2,Odyssey Sims,203824,25,03:22,0,,1642288,Rickea Jackson,0,,0,,False,-4,2.0,12.9,0.4358,169.0,ShortMidRange,2,202.0,OffArc3Make,IND,02:49,,-44,121,False,shots,4Q/OT | margin -3..3 | 300..120,team
wnba,wnba_shot_pace,shot_pace,shots,get-shots,2025,Regular Season,team,"{'EntityType': 'Team', 'Season': '2025', 'SeasonType': 'Regular Season', 'TeamId': '1611661325', 'EntityId': '1611661325'}",shot_pace,1611661325,4Q/OT | margin -3..3 | 300..120,get-shots__shots__entity_type-Team__season-2025__season_type-Regular_Season__team_id-1611661325__entity_id-1611661325__44fa9629,get-shots,https://api.pbpstats.com/get-shots/wnba?EntityType=Team&Season=2025&SeasonType=Regular+Season&TeamId=1611661325&EntityId=1611661325,200,390,,,,,,False,1611661320,169.0,247,2025-08-29,1022500251,1627672-1628909-1641648-203824-203827,False,LAS,1628276-1628922-1642210-1642288-204324,Aliyah Boston,1641648.0,Aerial Powers,1627672.0,FT,1611661325,2,Odyssey Sims,203824,25,03:22,0,,1642288,Rickea Jackson,0,,0,,False,-4,7.0,23.9,0.4651,174.0,Corner3,3,202.0,OffArc3Make,IND,02:54,,-237,31,False,shots,4Q/OT | margin -3..3 | 300..120,team
wnba,wnba_shot_pace,shot_pace,shots,get-shots,2025,Regular Season,team,"{'EntityType': 'Team', 'Season': '2025', 'SeasonType': 'Regular Season', 'TeamId': '1611661325', 'EntityId': '1611661325'}",shot_pace,1611661325,4Q/OT | margin -3..3 | 300..120,get-shots__shots__entity_type-Team__season-2025__season_type-Regular_Season__team_id-1611661325__entity_id-1611661325__44fa9629,get-shots,https://api.pbpstats.com/get-shots/wnba?EntityType=Team&Season=2025&SeasonType=Regular+Season&TeamId=1611661325&EntityId=1611661325,200,391,Natasha Howard,203827.0,True,,,,1611661320,247.0,228,2025-08-29,1022500251,1627672-1628909-1641648-203824-203827,True,LAS,1628276-1628922-1630996-1642210-204324,,,,,,1611661325,2,Odyssey Sims,203824,21,04:12,0,,0,,203827,Natasha Howard,1642210,Julie Vanloo,False,-3,,3.3,0.686,247.0,AtRim,2,252.0,OffLiveBallTurnover,IND,04:07,,-23,24,False,shots,4Q/OT | margin -3..3 | 300..120,team
wnba,wnba_shot_pace,shot_pace,shots,get-shots,2025,Regular Season,team,"{'EntityType': 'Team', 'Season': '2025', 'SeasonType': 'Regular Season', 'TeamId': '1611661325', 'EntityId': '1611661325'}",shot_pace,1611661325,4Q/OT | margin -3..3 | 300..120,get-shots__shots__entity_type-Team__season-2025__season_type-Regular_Season__team_id-1611661325__entity_id-1611661325__44fa9629,get-shots,https://api.pbpstats.com/get-shots/wnba?EntityType=Team&Season=2025&SeasonType=Regular+Season&TeamId=1611661325&EntityId=1611661325,200,392,Aerial Powers,1627672.0,True,,,,1611661320,276.0,224,2025-08-29,1022500251,1627672-1628909-1641648-203824-203827,True,LAS,1628276-1628922-1630996-1642210-204324,,,,,,1611661325,2,Odyssey Sims,203824,19,04:39,1627672,Aerial Powers,1628922,Azurá Stevens,0,,0,,False,-5,,12.8,0.4034,276.0,ShortMidRange,2,279.0,OffArc3Miss,IND,04:36,,-109,67,False,shots,4Q/OT | margin -3..3 | 300..120,team
wnba,wnba_shot_pace,shot_pace,shots,get-shots,2025,Regular Season,team,"{'EntityType': 'Team', 'Season': '2025', 'SeasonType': 'Regular Season', 'TeamId': '1611661325', 'EntityId': '1611661325'}",shot_pace,1611661325,4Q/OT | margin -3..3 | 300..120,get-shots__shots__entity_type-Team__season-2025__season_type-Regular_Season__team_id-1611661325__entity_id-1611661325__44fa9629,get-shots,https://api.pbpstats.com/get-shots/wnba?EntityType=Team&Season=2025&SeasonType=Regular+Season&TeamId=1611661325&EntityId=1611661325,200,393,,,False,,,,1611661320,295.0,219,2025-08-29,1022500251,1627672-1628909-1641648-203824-203827,True,LAS,1628276-1628922-1630996-1642210-204324,,,,,,1611661325,2,Kelsey Mitchell,1628909,17,05:15,0,,0,,0,,0,,False,-6,,1.6,0.68,295.0,AtRim,2,315.0,OffFTMake,IND,04:55,,15,6,False,shots,4Q/OT | margin -3..3 | 300..120,team
wnba,wnba_shot_pace,shot_pace,shots,get-shots,2025,Regular Season,team,"{'EntityType': 'Team', 'Season': '2025', 'SeasonType': 'Regular Season', 'TeamId': '1611661325', 'EntityId': '1611661325'}",shot_pace,1611661325,4Q/OT | margin -3..3 | 300..120,get-shots__shots__entity_type-Team__season-2025__season_type-Regular_Season__team_id-1611661325__entity_id-1611661325__44fa9629,get-shots,https://api.pbpstats.com/get-shots/wnba?EntityType=Team&Season=2025&SeasonType=Regular+Season&TeamId=1611661325&EntityId=1611661325,200,394,,,,,,False,1611661320,342.0,200,2025-08-29,1022500251,1627672-1631086-1641648-203824-203827,False,LAS,1628276-1628922-1630996-1642210-204324,Aliyah Boston,1641648.0,Lexie Hull,1631086.0,LongMidRange,1611661325,2,Aerial Powers,1627672,13,06:06,1627672,Aerial Powers,1628276,Kelsey Plum,0,,0,,False,-3,3.0,7.4,0.3945,345.0,ShortMidRange,2,366.0,OffArc3Miss,IND,05:45,,-31,67,False,shots,4Q/OT | margin -3..3 | 300..120,team
wnba,wnba_shot_pace,shot_pace,shots,get-shots,2025,Regular Season,team,"{'EntityType': 'Team', 'Season': '2025', 'SeasonType': 'Regular Season', 'TeamId': '1611661325', 'EntityId': '1611661325'}",shot_pace,1611661325,4Q/OT | margin -3..3 | 300..120,get-shots__shots__entity_type-Team__season-2025__season_type-Regular_Season__team_id-1611661325__entity_id-1611661325__44fa9629,get-shots,https://api.pbpstats.com/get-shots/wnba?EntityType=Team&Season=2025&SeasonType=Regular+Season&TeamId=1611661325&EntityId=1611661325,200,395,,,,,,False,1611661320,342.0,198,2025-08-29,1022500251,1627672-1631086-1641648-203824-203827,False,LAS,1628276-1628922-1630996-1642210-204324,,,,,,1611661325,2,Lexie Hull,1631086,13,06:06,1627672,Aerial Powers,1628276,Kelsey Plum,0,,0,,False,-3,,19.5,0.3543,353.0,LongMidRange,2,366.0,OffArc3Miss,IND,05:53,,-167,101,False,shots,4Q/OT | margin -3..3 | 300..120,team
wnba,wnba_shot_pace,shot_pace,shots,get-shots,2025,Regular Season,team,"{'EntityType': 'Team', 'Season': '2025', 'SeasonType': 'Regular Season', 'TeamId': '1611661325', 'EntityId': '1611661325'}",shot_pace,1611661325,4Q/OT | margin -3..3 | 300..120,get-shots__shots__entity_type-Team__season-2025__season_type-Regular_Season__team_id-1611661325__entity_id-1611661325__44fa9629,get-shots,https://api.pbpstats.com/get-shots/wnba?EntityType=Team&Season=2025&SeasonType=Regular+Season&TeamId=1611661325&EntityId=1611661325,200,396,,,False,,,,1611661320,386.0,193,2025-08-29,1022500251,1627672-1631086-1641648-203824-203827,True,LAS,1628276-1628922-1630996-1642210-204324,,,,,,1611661325,2,Odyssey Sims,203824,11,06:40,0,,1628276,Kelsey Plum,0,,0,,False,-5,,11.0,0.449,386.0,ShortMidRange,2,400.0,OffAtRimMake,IND,06:26,,-22,108,False,shots,4Q/OT | margin -3..3 | 300..120,team
wnba,wnba_shot_pace,shot_pace,shots,get-shots,2025,Regular Season,team,"{'EntityType': 'Team', 'Season': '2025', 'SeasonType': 'Regular Season', 'TeamId': '1611661325', 'EntityId': '1611661325'}",shot_pace,1611661325,4Q/OT | margin -3..3 | 300..120,get-shots__shots__entity_type-Team__season-2025__season_type-Regular_Season__team_id-1611661325__entity_id-1611661325__44fa9629,get-shots,https://api.pbpstats.com/get-shots/wnba?EntityType=Team&Season=2025&SeasonType=Regular+Season&TeamId=1611661325&EntityId=1611661325,200,397,,,,,,False,1611661320,464.0,176,2025-08-29,1022500251,1627672-1631086-1641648-203824-203827,False,LAS,1627700-1628276-1630996-1642288-204324,,,,,,1611661325,2,Aerial Powers,1627672,5,07:53,203824,Odyssey Sims,1642288,Rickea Jackson,0,,0,,False,-3,,25.7,0.3878,467.0,Arc3,3,473.0,OffArc3Miss,IND,07:47,,-151,208,False,shots,4Q/OT | margin -3..3 | 300..120,team
wnba,wnba_shot_pace,shot_pace,shots,get-shots,2025,Regular Season,team,"{'EntityType': 'Team', 'Season': '2025', 'SeasonType': 'Regular Season', 'TeamId': '1611661325', 'EntityId': '1611661325'}",shot_pace,1611661325,4Q/OT | margin -3..3 | 300..120,get-shots__shots__entity_type-Team__season-2025__season_type-Regular_Season__team_id-1611661325__entity_id-1611661325__44fa9629,get-shots,https://api.pbpstats.com/get-shots/wnba?EntityType=Team&Season=2025&SeasonType=Regular+Season&TeamId=1611661325&EntityId=1611661325,200,398,Aerial Powers,1627672.0,True,,,,1611661320,493.0,168,2025-08-29,1022500251,1627672-1631086-1641648-203824-203827,True,LAS,1627700-1628276-1630996-1642287-1642288,,,,,,1611661325,2,Aliyah Boston,1641648,3,08:47,0,,0,,0,,0,,False,-5,,2.9,0.4049,493.0,AtRim,2,527.0,OffDeadball,IND,08:13,,23,18,False,shots,4Q/OT | margin -3..3 | 300..120,team
wnba,wnba_shot_pace,shot_pace,shots,get-shots,2025,Regular Season,team,"{'EntityType': 'Team', 'Season': '2025', 'SeasonType': 'Regular Season', 'TeamId': '1611661325', 'EntityId': '1611661325'}",shot_pace,1611661325,4Q/OT | margin -3..3 | 300..120,get-shots__shots__entity_type-Team__season-2025__season_type-Regular_Season__team_id-1611661325__entity_id-1611661325__44fa9629,get-shots,https://api.pbpstats.com/get-shots/wnba?EntityType=Team&Season=2025&SeasonType=Regular+Season&TeamId=1611661325&EntityId=1611661325,200,399,Natasha Howard,203827.0,True,,,,1611661320,537.0,159,2025-08-29,1022500251,1627672-1631086-1641648-203824-203827,True,LAS,1627700-1630996-1642287-1642288-1642782,,0.0,Aerial Powers,1627672.0,Team,1611661325,2,Aliyah Boston,1641648,1,10:00,0,,0,,0,,0,,False,-7,14.0,17.1,0.2542,537.0,LongMidRange,2,600.0,OffDeadball,IND,08:57,,-171,3,False,shots,4Q/OT | margin -3..3 | 300..120,team
wnba,wnba_shot_pace,shot_pace,shots,get-shots,2025,Regular Season,team,"{'EntityType': 'Team', 'Season': '2025', 'SeasonType': 'Regular Season', 'TeamId': '1611661325', 'EntityId': '1611661325'}",shot_pace,1611661325,4Q/OT | margin -3..3 | 300..120,get-shots__shots__entity_type-Team__season-2025__season_type-Regular_Season__team_id-1611661325__entity_id-1611661325__44fa9629,get-shots,https://api.pbpstats.com/get-shots/wnba?EntityType=Team&Season=2025&SeasonType=Regular+Season&TeamId=1611661325&EntityId=1611661325,200,400,,,,,,False,1611661320,537.0,147,2025-08-29,1022500251,1627672-1628909-1629488-203024-203035,False,LAS,1627700-1630996-1642287-1642288-1642782,Kelsey Mitchell,1628909.0,Kelsey Mitchell,1628909.0,Arc3,1611661325,2,Aerial Powers,1627672,1,10:00,0,,0,,0,,0,,False,-7,16.0,12.5,0.3937,553.0,ShortMidRange,2,600.0,OffDeadball,IND,09:13,,-94,83,False,shots,4Q/OT | margin -3..3 | 300..120,team
wnba,wnba_shot_pace,shot_pace,shots,get-shots,2025,Regular Season,team,"{'EntityType': 'Team', 'Season': '2025', 'SeasonType': 'Regular Season', 'TeamId': '1611661325', 'EntityId': '1611661325'}",shot_pace,1611661325,4Q/OT | margin -3..3 | 300..120,get-shots__shots__entity_type-Team__season-2025__season_type-Regular_Season__team_id-1611661325__entity_id-1611661325__44fa9629,get-shots,https://api.pbpstats.com/get-shots/wnba?EntityType=Team&Season=2025&SeasonType=Regular+Season&TeamId=1611661325&EntityId=1611661325,200,401,,,,,,False,1611661320,537.0,145,2025-08-29,1022500251,1627672-1628909-1629488-203024-203035,False,LAS,1627700-1630996-1642287-1642288-1642782,Brianna Turner,1629488.0,Damiris Dantas,203024.0,LongMidRange,1611661325,2,Kelsey Mitchell,1628909,1,10:00,0,,0,,0,,0,,False,-7,1.0,24.4,0.4149,569.0,Arc3,3,600.0,OffDeadball,IND,09:29,,-155,188,False,shots,4Q/OT | margin -3..3 | 300..120,team
wnba,wnba_shot_pace,shot_pace,shots,get-shots,2025,Regular Season,team,"{'EntityType': 'Team', 'Season': '2025', 'SeasonType': 'Regular Season', 'TeamId': '1611661325', 'EntityId': '1611661325'}",shot_pace,1611661325,4Q/OT | margin -3..3 | 300..120,get-shots__shots__entity_type-Team__season-2025__season_type-Regular_Season__team_id-1611661325__entity_id-1611661325__44fa9629,get-shots,https://api.pbpstats.com/get-shots/wnba?EntityType=Team&Season=2025&SeasonType=Regular+Season&TeamId=1611661325&EntityId=1611661325,200,402,,,,,,False,1611661320,537.0,143,2025-08-29,1022500251,1627672-1628909-1629488-203024-203035,False,LAS,1627700-1630996-1642287-1642288-1642782,,,,,,1611661325,2,Damiris Dantas,203024,1,10:00,0,,0,,0,,0,,False,-7,,19.1,0.264,575.0,LongMidRange,2,600.0,OffDeadball,IND,09:35,,-184,50,False,shots,4Q/OT | margin -3..3 | 300..120,team
wnba,wnba_shot_pace,shot_pace,shots,get-shots,2025,Regular Season,team,"{'EntityType': 'Team', 'Season': '2025', 'SeasonType': 'Regular Season', 'TeamId': '1611661325', 'EntityId': '1611661325'}",shot_pace,1611661325,4Q/OT | margin -3..3 | 300..120,get-shots__shots__entity_type-Team__season-2025__season_type-Regular_Season__team_id-1611661325__entity_id-1611661325__44fa9629,get-shots,https://api.pbpstats.com/get-shots/wnba?EntityType=Team&Season=2025&SeasonType=Regular+Season&TeamId=1611661325&EntityId=1611661325,200,403,,,,,,False,1611661320,1.0,137,2025-08-29,1022500251,1627672-1628909-1629488-203024-203035,False,LAS,1627700-1630996-1642287-1642288-1642782,,,,,,1611661325,1,Kelsey Mitchell,1628909,46,00:05,0,,1630996,Rae Burrell,0,,0,,False,-7,,13.8,0.3568,3.0,ShortMidRange,2,5.0,OffCorner3Make,IND,00:03,,-111,82,False,shots,4Q/OT | margin -3..3 | 300..120,team
wnba,wnba_shot_pace,shot_pace,shots,get-shots,2025,Regular Season,team,"{'EntityType': 'Team', 'Season': '2025', 'SeasonType': 'Regular Season', 'TeamId': '1611661325', 'EntityId': '1611661325'}",shot_pace,1611661325,4Q/OT | margin -3..3 | 300..120,get-shots__shots__entity_type-Team__season-2025__season_type-Regular_Season__team_id-1611661325__entity_id-1611661325__44fa9629,get-shots,https://api.pbpstats.com/get-shots/wnba?EntityType=Team&Season=2025&SeasonType=Regular+Season&TeamId=1611661325&EntityId=1611661325,200,404,Shey Peddy,203035.0,True,,,,1611661320,24.0,132,2025-08-29,1022500251,1627672-1628909-1629488-203024-203035,True,LAS,1627700-1630996-1642287-1642288-1642782,,0.0,Kelsey Mitchell,1628909.0,TeamBlocked,1611661325,1,Aerial Powers,1627672,44,00:38,0,,1630996,Rae Burrell,0,,0,,False,-7,2.0,24.3,0.2728,24.0,Arc3,3,38.0,OffAtRimMake,IND,00:24,,123,210,False,shots,4Q/OT | margin -3..3 | 300..120,team
wnba,wnba_shot_pace,shot_pace,shots,get-shots,2025,Regular Season,team,"{'EntityType': 'Team', 'Season': '2025', 'SeasonType': 'Regular Season', 'TeamId': '1611661325', 'EntityId': '1611661325'}",shot_pace,1611661325,4Q/OT | margin -3..3 | 300..120,get-shots__shots__entity_type-Team__season-2025__season_type-Regular_Season__team_id-1611661325__entity_id-1611661325__44fa9629,get-shots,https://api.pbpstats.com/get-shots/wnba?EntityType=Team&Season=2025&SeasonType=Regular+Season&TeamId=1611661325&EntityId=1611661325,200,405,,,,Cameron Brink,1642287.0,True,1611661320,24.0,128,2025-08-29,1022500251,1627672-1628909-1629488-203024-203035,False,LAS,1627700-1630996-1642287-1642288-1642782,,,,,,1611661325,1,Kelsey Mitchell,1628909,44,00:38,0,,1630996,Rae Burrell,0,,0,,False,-7,,4.8,0.426,27.0,ShortMidRange,2,38.0,OffAtRimMake,IND,00:27,,-40,27,False,shots,4Q/OT | margin -3..3 | 300..120,team
wnba,wnba_shot_pace,shot_pace,shots,get-shots,2025,Regular Season,team,"{'EntityType': 'Team', 'Season': '2025', 'SeasonType': 'Regular Season', 'TeamId': '1611661325', 'EntityId': '1611661325'}",shot_pace,1611661325,4Q/OT | margin -3..3 | 300..120,get-shots__shots__entity_type-Team__season-2025__season_type-Regular_Season__team_id-1611661325__entity_id-1611661325__44fa9629,get-shots,https://api.pbpstats.com/get-shots/wnba?EntityType=Team&Season=2025&SeasonType=Regular+Season&TeamId=1611661325&EntityId=1611661325,200,406,,,,,,False,1611661320,42.0,124,2025-08-29,1022500251,1627672-1628909-1629488-203024-203035,False,LAS,1627700-1630996-1642287-1642288-1642782,,,,,,1611661325,1,Damiris Dantas,203024,42,00:58,1629488,Brianna Turner,1642288,Rickea Jackson,0,,0,,False,-5,,23.4,0.3501,45.0,Corner3,3,58.0,OffArc3Miss,IND,00:45,,-234,8,False,shots,4Q/OT | margin -3..3 | 300..120,team
wnba,wnba_shot_pace,shot_pace,shots,get-shots,2025,Regular Season,team,"{'EntityType': 'Team', 'Season': '2025', 'SeasonType': 'Regular Season', 'TeamId': '1611661325', 'EntityId': '1611661325'}",shot_pace,1611661325,4Q/OT | margin -3..3 | 300..120,get-shots__shots__entity_type-Team__season-2025__season_type-Regular_Season__team_id-1611661325__entity_id-1611661325__44fa9629,get-shots,https://api.pbpstats.com/get-shots/wnba?EntityType=Team&Season=2025&SeasonType=Regular+Season&TeamId=1611661325&EntityId=1611661325,200,407,,,False,,,,1611661320,70.0,119,2025-08-29,1022500251,1627672-1628909-1629488-203024-203035,True,LAS,1627700-1630996-1642287-1642288-1642782,,,,,,1611661325,1,Kelsey Mitchell,1628909,40,01:25,0,,0,,0,,0,,False,-7,,10.6,0.4108,70.0,ShortMidRange,2,85.0,OffFTMake,IND,01:10,,24,103,False,shots,4Q/OT | margin -3..3 | 300..120,team
wnba,wnba_shot_pace,shot_pace,shots,get-shots,2025,Regular Season,team,"{'EntityType': 'Team', 'Season': '2025', 'SeasonType': 'Regular Season', 'TeamId': '1611661325', 'EntityId': '1611661325'}",shot_pace,1611661325,4Q/OT | margin -3..3 | 300..120,get-shots__shots__entity_type-Team__season-2025__season_type-Regular_Season__team_id-1611661325__entity_id-1611661325__44fa9629,get-shots,https://api.pbpstats.com/get-shots/wnba?EntityType=Team&Season=2025&SeasonType=Regular+Season&TeamId=1611661325&EntityId=1611661325,200,408,,,,,,False,1611661320,91.0,107,2025-08-29,1022500251,1627672-1628909-1629488-1641648-203035,False,LAS,1627700-1628276-1628922-1630996-1642287,,,,,,1611661325,1,Aerial Powers,1627672,38,01:47,1627672,Aerial Powers,1630996,Rae Burrell,0,,0,,False,-5,,26.0,0.3356,94.0,Arc3,3,107.0,OffAtRimMiss,IND,01:34,,32,258,False,shots,4Q/OT | margin -3..3 | 300..120,team
wnba,wnba_shot_pace,shot_pace,shots,get-shots,2025,Regular Season,team,"{'EntityType': 'Team', 'Season': '2025', 'SeasonType': 'Regular Season', 'TeamId': '1611661325', 'EntityId': '1611661325'}",shot_pace,1611661325,4Q/OT | margin -3..3 | 300..120,get-shots__shots__entity_type-Team__season-2025__season_type-Regular_Season__team_id-1611661325__entity_id-1611661325__44fa9629,get-shots,https://api.pbpstats.com/get-shots/wnba?EntityType=Team&Season=2025&SeasonType=Regular+Season&TeamId=1611661325&EntityId=1611661325,200,409,,,False,,,,1611661320,113.0,104,2025-08-29,1022500251,1627672-1628909-1629488-1641648-203035,True,LAS,1627700-1628276-1628922-1630996-1642287,,,,,,1611661325,1,Aerial Powers,1627672,36,01:58,1627672,Aerial Powers,1627700,Julie Allemand,0,,0,,False,-7,,1.4,0.7307,113.0,AtRim,2,118.0,OffArc3Miss,IND,01:53,,-4,13,False,shots,4Q/OT | margin -3..3 | 300..120,team
wnba,wnba_shot_pace,shot_pace,shots,get-shots,2025,Regular Season,team,"{'EntityType': 'Team', 'Season': '2025', 'SeasonType': 'Regular Season', 'TeamId': '1611661325', 'EntityId': '1611661325'}",shot_pace,1611661325,4Q/OT | margin -3..3 | 300..120,get-shots__shots__entity_type-Team__season-2025__season_type-Regular_Season__team_id-1611661325__entity_id-1611661325__44fa9629,get-shots,https://api.pbpstats.com/get-shots/wnba?EntityType=Team&Season=2025&SeasonType=Regular+Season&TeamId=1611661325&EntityId=1611661325,200,410,Aliyah Boston,1641648.0,True,,,,1611661320,148.0,99,2025-08-29,1022500251,1627672-1628909-1629488-1641648-203035,True,LAS,1627700-1628276-1628922-1630996-1642287,,,,,,1611661325,1,Kelsey Mitchell,1628909,34,02:40,0,,1628922,Azurá Stevens,0,,0,,False,-10,,24.4,0.3541,148.0,Arc3,3,160.0,OffArc3Make,IND,02:28,,-152,191,False,shots,4Q/OT | margin -3..3 | 300..120,team
wnba,wnba_shot_pace,shot_pace,shots,get-shots,2025,Regular Season,team,"{'EntityType': 'Team', 'Season': '2025', 'SeasonType': 'Regular Season', 'TeamId': '1611661325', 'EntityId': '1611661325'}",shot_pace,1611661325,4Q/OT | margin -3..3 | 300..120,get-shots__shots__entity_type-Team__season-2025__season_type-Regular_Season__team_id-1611661325__entity_id-1611661325__44fa9629,get-shots,https://api.pbpstats.com/get-shots/wnba?EntityType=Team&Season=2025&SeasonType=Regular+Season&TeamId=1611661325&EntityId=1611661325,200,411,Aliyah Boston,1641648.0,True,,,,1611661320,175.0,84,2025-08-29,1022500251,1628909-1629488-1631086-1641648-203824,True,LAS,1627700-1628276-1628922-1642288-204324,,,,,,1611661325,1,Brianna Turner,1629488,32,03:14,0,,204324,Dearica Hamby,0,,0,,False,-9,,3.4,0.5279,175.0,AtRim,2,194.0,OffAtRimMake,IND,02:55,,-31,13,False,shots,4Q/OT | margin -3..3 | 300..120,team
wnba,wnba_shot_pace,shot_pace,shots,get-shots,2025,Regular Season,team,"{'EntityType': 'Team', 'Season': '2025', 'SeasonType': 'Regular Season', 'TeamId': '1611661325', 'EntityId': '1611661325'}",shot_pace,1611661325,4Q/OT | margin -3..3 | 300..120,get-shots__shots__entity_type-Team__season-2025__season_type-Regular_Season__team_id-1611661325__entity_id-1611661325__44fa9629,get-shots,https://api.pbpstats.com/get-shots/wnba?EntityType=Team&Season=2025&SeasonType=Regular+Season&TeamId=1611661325&EntityId=1611661325,200,412,,,False,,,,1611661320,206.0,81,2025-08-29,1022500251,1628909-1629488-1631086-1641648-203824,True,LAS,1627700-1628276-1628922-1642288-204324,,,,,,1611661325,1,Odyssey Sims,203824,30,03:46,0,,1627700,Julie Allemand,0,,0,,False,-9,,5.8,0.3836,206.0,ShortMidRange,2,226.0,OffArc3Make,IND,03:26,,22,54,False,shots,4Q/OT | margin -3..3 | 300..120,team
wnba,wnba_shot_pace,shot_pace,shots,get-shots,2025,Regular Season,team,"{'EntityType': 'Team', 'Season': '2025', 'SeasonType': 'Regular Season', 'TeamId': '1611661325', 'EntityId': '1611661325'}",shot_pace,1611661325,4Q/OT | margin -3..3 | 300..120,get-shots__shots__entity_type-Team__season-2025__season_type-Regular_Season__team_id-1611661325__entity_id-1611661325__44fa9629,get-shots,https://api.pbpstats.com/get-shots/wnba?EntityType=Team&Season=2025&SeasonType=Regular+Season&TeamId=1611661325&EntityId=1611661325,200,413,Odyssey Sims,203824.0,True,,,,1611661320,246.0,77,2025-08-29,1022500251,1628909-1629488-1631086-1641648-203824,True,LAS,1627700-1628276-1628922-1642288-204324,,,,,,1611661325,1,Aliyah Boston,1641648,28,04:20,0,,1642288,Rickea Jackson,0,,0,,False,-8,,4.6,0.4078,246.0,ShortMidRange,2,260.0,OffAtRimMake,IND,04:06,,-46,-2,False,shots,4Q/OT | margin -3..3 | 300..120,team
wnba,wnba_shot_pace,shot_pace,shots,get-shots,2025,Regular Season,team,"{'EntityType': 'Team', 'Season': '2025', 'SeasonType': 'Regular Season', 'TeamId': '1611661325', 'EntityId': '1611661325'}",shot_pace,1611661325,4Q/OT | margin -3..3 | 300..120,get-shots__shots__entity_type-Team__season-2025__season_type-Regular_Season__team_id-1611661325__entity_id-1611661325__44fa9629,get-shots,https://api.pbpstats.com/get-shots/wnba?EntityType=Team&Season=2025&SeasonType=Regular+Season&TeamId=1611661325&EntityId=1611661325,200,414,,,,,,False,1611661320,266.0,74,2025-08-29,1022500251,1628909-1629488-1631086-1641648-203824,False,LAS,1627700-1628276-1628922-1642288-204324,,,,,,1611661325,1,Lexie Hull,1631086,26,04:46,0,,1628922,Azurá Stevens,0,,0,,False,-6,,3.4,0.5725,268.0,AtRim,2,286.0,OffArc3Make,IND,04:28,,-34,1,False,shots,4Q/OT | margin -3..3 | 300..120,team
wnba,wnba_shot_pace,shot_pace,shots,get-shots,2025,Regular Season,team,"{'EntityType': 'Team', 'Season': '2025', 'SeasonType': 'Regular Season', 'TeamId': '1611661325', 'EntityId': '1611661325'}",shot_pace,1611661325,4Q/OT | margin -3..3 | 300..120,get-shots__shots__entity_type-Team__season-2025__season_type-Regular_Season__team_id-1611661325__entity_id-1611661325__44fa9629,get-shots,https://api.pbpstats.com/get-shots/wnba?EntityType=Team&Season=2025&SeasonType=Regular+Season&TeamId=1611661325&EntityId=1611661325,200,415,,,False,,,,1611661320,297.0,71,2025-08-29,1022500251,1628909-1629488-1631086-1641648-203824,True,LAS,1627700-1628276-1628922-1642288-204324,,,,,,1611661325,1,Aliyah Boston,1641648,24,05:09,0,,0,,1641648,Aliyah Boston,204324,Dearica Hamby,False,-5,,4.4,0.4103,297.0,ShortMidRange,2,309.0,OffLiveBallTurnover,IND,04:57,,-43,11,False,shots,4Q/OT | margin -3..3 | 300..120,team
wnba,wnba_shot_pace,shot_pace,shots,get-shots,2025,Regular Season,team,"{'EntityType': 'Team', 'Season': '2025', 'SeasonType': 'Regular Season', 'TeamId': '1611661325', 'EntityId': '1611661325'}",shot_pace,1611661325,4Q/OT | margin -3..3 | 300..120,get-shots__shots__entity_type-Team__season-2025__season_type-Regular_Season__team_id-1611661325__entity_id-1611661325__44fa9629,get-shots,https://api.pbpstats.com/get-shots/wnba?EntityType=Team&Season=2025&SeasonType=Regular+Season&TeamId=1611661325&EntityId=1611661325,200,416,,,False,,,,1611661320,323.0,68,2025-08-29,1022500251,1628909-1629488-1631086-1641648-203824,True,LAS,1627700-1628276-1628922-1642288-204324,Aliyah Boston,1641648.0,Aliyah Boston,1641648.0,ShortMidRange,1611661325,1,Aliyah Boston,1641648,22,05:41,0,,0,,0,,0,,True,-7,1.0,1.9,0.6362,323.0,AtRim,2,341.0,OffFTMake,IND,05:23,,8,17,False,shots,4Q/OT | margin -3..3 | 300..120,team
wnba,wnba_shot_pace,shot_pace,shots,get-shots,2025,Regular Season,team,"{'EntityType': 'Team', 'Season': '2025', 'SeasonType': 'Regular Season', 'TeamId': '1611661325', 'EntityId': '1611661325'}",shot_pace,1611661325,4Q/OT | margin -3..3 | 300..120,get-shots__shots__entity_type-Team__season-2025__season_type-Regular_Season__team_id-1611661325__entity_id-1611661325__44fa9629,get-shots,https://api.pbpstats.com/get-shots/wnba?EntityType=Team&Season=2025&SeasonType=Regular+Season&TeamId=1611661325&EntityId=1611661325,200,417,,,,,,False,1611661320,323.0,66,2025-08-29,1022500251,1628909-1629488-1631086-1641648-203824,False,LAS,1627700-1628276-1628922-1642288-204324,,,,,,1611661325,1,Aliyah Boston,1641648,22,05:41,0,,0,,0,,0,,False,-7,,4.8,0.428,327.0,ShortMidRange,2,341.0,OffFTMake,IND,05:27,,44,18,False,shots,4Q/OT | margin -3..3 | 300..120,team
wnba,wnba_shot_pace,shot_pace,shots,get-shots,2025,Regular Season,team,"{'EntityType': 'Team', 'Season': '2025', 'SeasonType': 'Regular Season', 'TeamId': '1611661325', 'EntityId': '1611661325'}",shot_pace,1611661325,4Q/OT | margin -3..3 | 300..120,get-shots__shots__entity_type-Team__season-2025__season_type-Regular_Season__team_id-1611661325__entity_id-1611661325__44fa9629,get-shots,https://api.pbpstats.com/get-shots/wnba?EntityType=Team&Season=2025&SeasonType=Regular+Season&TeamId=1611661325&EntityId=1611661325,200,418,,,,,,False,1611661320,342.0,58,2025-08-29,1022500251,1628909-1631086-1641648-203824-203827,False,LAS,1627700-1628276-1628922-1642288-204324,Aliyah Boston,1641648.0,Aliyah Boston,1641648.0,ShortMidRangeBlocked,1611661325,1,Aliyah Boston,1641648,20,05:54,1641648,Aliyah Boston,1642288,Rickea Jackson,0,,0,,True,-5,1.0,2.3,0.5958,344.0,AtRim,2,354.0,OffArc3Miss,IND,05:44,,18,15,False,shots,4Q/OT | margin -3..3 | 300..120,team
wnba,wnba_shot_pace,shot_pace,shots,get-shots,2025,Regular Season,team,"{'EntityType': 'Team', 'Season': '2025', 'SeasonType': 'Regular Season', 'TeamId': '1611661325', 'EntityId': '1611661325'}",shot_pace,1611661325,4Q/OT | margin -3..3 | 300..120,get-shots__shots__entity_type-Team__season-2025__season_type-Regular_Season__team_id-1611661325__entity_id-1611661325__44fa9629,get-shots,https://api.pbpstats.com/get-shots/wnba?EntityType=Team&Season=2025&SeasonType=Regular+Season&TeamId=1611661325&EntityId=1611661325,200,419,,,,Azurá Stevens,1628922.0,True,1611661320,342.0,55,2025-08-29,1022500251,1628909-1631086-1641648-203824-203827,False,LAS,1627700-1628276-1628922-1642288-204324,,,,,,1611661325,1,Aliyah Boston,1641648,20,05:54,1641648,Aliyah Boston,1642288,Rickea Jackson,0,,0,,False,-5,,5.8,0.4007,348.0,ShortMidRange,2,354.0,OffArc3Miss,IND,05:48,,35,46,False,shots,4Q/OT | margin -3..3 | 300..120,team
wnba,wnba_shot_pace,shot_pace,shots,get-shots,2025,Regular Season,team,"{'EntityType': 'Team', 'Season': '2025', 'SeasonType': 'Regular Season', 'TeamId': '1611661325', 'EntityId': '1611661325'}",shot_pace,1611661325,4Q/OT | margin -3..3 | 300..120,get-shots__shots__entity_type-Team__season-2025__season_type-Regular_Season__team_id-1611661325__entity_id-1611661325__44fa9629,get-shots,https://api.pbpstats.com/get-shots/wnba?EntityType=Team&Season=2025&SeasonType=Regular+Season&TeamId=1611661325&EntityId=1611661325,200,420,,,,Azurá Stevens,1628922.0,True,1611661320,378.0,46,2025-08-29,1022500251,1628909-1631086-1641648-203824-203827,False,LAS,1627700-1628276-1628922-1642288-204324,Lexie Hull,1631086.0,Lexie Hull,1631086.0,AtRim,1611661325,1,Lexie Hull,1631086,16,06:33,0,,204324,Dearica Hamby,0,,0,,True,-5,1.0,0.7,0.6801,378.0,AtRim,2,393.0,OffAtRimMake,IND,06:18,,2,7,False,shots,4Q/OT | margin -3..3 | 300..120,team
wnba,wnba_shot_pace,shot_pace,shots,get-shots,2025,Regular Season,team,"{'EntityType': 'Team', 'Season': '2025', 'SeasonType': 'Regular Season', 'TeamId': '1611661325', 'EntityId': '1611661325'}",shot_pace,1611661325,4Q/OT | margin -3..3 | 300..120,get-shots__shots__entity_type-Team__season-2025__season_type-Regular_Season__team_id-1611661325__entity_id-1611661325__44fa9629,get-shots,https://api.pbpstats.com/get-shots/wnba?EntityType=Team&Season=2025&SeasonType=Regular+Season&TeamId=1611661325&EntityId=1611661325,200,421,,,,,,False,1611661320,378.0,44,2025-08-29,1022500251,1628909-1631086-1641648-203824-203827,False,LAS,1627700-1628276-1628922-1642288-204324,,,,,,1611661325,1,Lexie Hull,1631086,16,06:33,0,,204324,Dearica Hamby,0,,0,,False,-5,,1.8,0.6667,380.0,AtRim,2,393.0,OffAtRimMake,IND,06:20,,16,9,False,shots,4Q/OT | margin -3..3 | 300..120,team
wnba,wnba_shot_pace,shot_pace,shots,get-shots,2025,Regular Season,team,"{'EntityType': 'Team', 'Season': '2025', 'SeasonType': 'Regular Season', 'TeamId': '1611661325', 'EntityId': '1611661325'}",shot_pace,1611661325,4Q/OT | margin -3..3 | 300..120,get-shots__shots__entity_type-Team__season-2025__season_type-Regular_Season__team_id-1611661325__entity_id-1611661325__44fa9629,get-shots,https://api.pbpstats.com/get-shots/wnba?EntityType=Team&Season=2025&SeasonType=Regular+Season&TeamId=1611661325&EntityId=1611661325,200,422,Lexie Hull,1631086.0,True,,,,1611661320,413.0,39,2025-08-29,1022500251,1628909-1631086-1641648-203824-203827,True,LAS,1627700-1628276-1628922-1642288-204324,,,,,,1611661325,1,Kelsey Mitchell,1628909,14,06:57,0,,0,,1641648,Aliyah Boston,1628276,Kelsey Plum,False,-5,,0.6,0.7785,413.0,AtRim,2,417.0,OffLiveBallTurnover,IND,06:53,,-6,1,False,shots,4Q/OT | margin -3..3 | 300..120,team
wnba,wnba_shot_pace,shot_pace,shots,get-shots,2025,Regular Season,team,"{'EntityType': 'Team', 'Season': '2025', 'SeasonType': 'Regular Season', 'TeamId': '1611661325', 'EntityId': '1611661325'}",shot_pace,1611661325,4Q/OT | margin -3..3 | 300..120,get-shots__shots__entity_type-Team__season-2025__season_type-Regular_Season__team_id-1611661325__entity_id-1611661325__44fa9629,get-shots,https://api.pbpstats.com/get-shots/wnba?EntityType=Team&Season=2025&SeasonType=Regular+Season&TeamId=1611661325&EntityId=1611661325,200,423,,,,,,False,1611661320,426.0,35,2025-08-29,1022500251,1628909-1631086-1641648-203824-203827,False,LAS,1627700-1628276-1628922-1642288-204324,,,,,,1611661325,1,Natasha Howard,203827,12,07:19,203824,Odyssey Sims,1642288,Rickea Jackson,0,,0,,False,-5,,4.5,0.371,431.0,ShortMidRange,2,439.0,OffShortMidRangeMiss,IND,07:11,,-28,35,False,shots,4Q/OT | margin -3..3 | 300..120,team
wnba,wnba_shot_pace,shot_pace,shots,get-shots,2025,Regular Season,team,"{'EntityType': 'Team', 'Season': '2025', 'SeasonType': 'Regular Season', 'TeamId': '1611661325', 'EntityId': '1611661325'}",shot_pace,1611661325,4Q/OT | margin -3..3 | 300..120,get-shots__shots__entity_type-Team__season-2025__season_type-Regular_Season__team_id-1611661325__entity_id-1611661325__44fa9629,get-shots,https://api.pbpstats.com/get-shots/wnba?EntityType=Team&Season=2025&SeasonType=Regular+Season&TeamId=1611661325&EntityId=1611661325,200,424,,,False,,,,1611661320,460.0,32,2025-08-29,1022500251,1628909-1631086-1641648-203824-203827,True,LAS,1627700-1628276-1628922-1642288-204324,,,,,,1611661325,1,Odyssey Sims,203824,10,07:45,0,,0,,203824,Odyssey Sims,1628276,Kelsey Plum,False,-7,,3.7,0.5707,460.0,AtRim,2,465.0,OffLiveBallTurnover,IND,07:40,,-37,2,False,shots,4Q/OT | margin -3..3 | 300..120,team
wnba,wnba_shot_pace,shot_pace,shots,get-shots,2025,Regular Season,team,"{'EntityType': 'Team', 'Season': '2025', 'SeasonType': 'Regular Season', 'TeamId': '1611661325', 'EntityId': '1611661325'}",shot_pace,1611661325,4Q/OT | margin -3..3 | 300..120,get-shots__shots__entity_type-Team__season-2025__season_type-Regular_Season__team_id-1611661325__entity_id-1611661325__44fa9629,get-shots,https://api.pbpstats.com/get-shots/wnba?EntityType=Team&Season=2025&SeasonType=Regular+Season&TeamId=1611661325&EntityId=1611661325,200,425,,,,,,False,1611661320,490.0,24,2025-08-29,1022500251,1628909-1631086-1641648-203824-203827,False,LAS,1627700-1628276-1628922-1642288-204324,,,,,,1611661325,1,Aliyah Boston,1641648,6,08:24,0,,1642288,Rickea Jackson,0,,0,,False,-5,,3.6,0.5595,494.0,AtRim,2,504.0,OffArc3Make,IND,08:14,,33,15,False,shots,4Q/OT | margin -3..3 | 300..120,team
wnba,wnba_shot_pace,shot_pace,shots,get-shots,2025,Regular Season,team,"{'EntityType': 'Team', 'Season': '2025', 'SeasonType': 'Regular Season', 'TeamId': '1611661325', 'EntityId': '1611661325'}",shot_pace,1611661325,4Q/OT | margin -3..3 | 300..120,get-shots__shots__entity_type-Team__season-2025__season_type-Regular_Season__team_id-1611661325__entity_id-1611661325__44fa9629,get-shots,https://api.pbpstats.com/get-shots/wnba?EntityType=Team&Season=2025&SeasonType=Regular+Season&TeamId=1611661325&EntityId=1611661325,200,426,,,,,,False,1611661320,513.0,20,2025-08-29,1022500251,1628909-1631086-1641648-203824-203827,False,LAS,1627700-1628276-1628922-1642288-204324,,,,,,1611661325,1,Aliyah Boston,1641648,4,08:55,0,,0,,0,,0,,False,-2,,8.0,0.3519,515.0,ShortMidRange,2,535.0,OffDeadball,IND,08:35,,-72,35,False,shots,4Q/OT | margin -3..3 | 300..120,team
wnba,wnba_shot_pace,shot_pace,shots,get-shots,2025,Regular Season,team,"{'EntityType': 'Team', 'Season': '2025', 'SeasonType': 'Regular Season', 'TeamId': '1611661325', 'EntityId': '1611661325'}",shot_pace,1611661325,4Q/OT | margin -3..3 | 300..120,get-shots__shots__entity_type-Team__season-2025__season_type-Regular_Season__team_id-1611661325__entity_id-1611661325__44fa9629,get-shots,https://api.pbpstats.com/get-shots/wnba?EntityType=Team&Season=2025&SeasonType=Regular+Season&TeamId=1611661325&EntityId=1611661325,200,427,,,,,,False,1611661328,51.0,542,2025-08-26,1022500243,1627672-1629488-1642815-203024-203035,False,SEA,1627676-1628882-1641660-1642307-1642798,,,,,,1611661325,4,Shey Peddy,203035,37,00:59,0,,0,,1627672,Aerial Powers,1642798,Dominique Malonga,False,22,,22.9,0.4537,54.0,Corner3,3,59.0,OffLiveBallTurnover,IND,00:54,,229,-2,False,shots,4Q/OT | margin -3..3 | 300..120,team
wnba,wnba_shot_pace,shot_pace,shots,get-shots,2025,Regular Season,team,"{'EntityType': 'Team', 'Season': '2025', 'SeasonType': 'Regular Season', 'TeamId': '1611661325', 'EntityId': '1611661325'}",shot_pace,1611661325,4Q/OT | margin -3..3 | 300..120,get-shots__shots__entity_type-Team__season-2025__season_type-Regular_Season__team_id-1611661325__entity_id-1611661325__44fa9629,get-shots,https://api.pbpstats.com/get-shots/wnba?EntityType=Team&Season=2025&SeasonType=Regular+Season&TeamId=1611661325&EntityId=1611661325,200,428,,,,,,False,1611661328,60.0,538,2025-08-26,1022500243,1627672-1629488-1642815-203024-203035,False,SEA,1627676-1628882-1641660-1642307-1642798,,,,,,1611661325,4,Damiris Dantas,203024,35,01:17,0,,1642307,Mackenzie Holmes,0,,0,,False,22,,10.2,0.3949,61.0,ShortMidRange,2,77.0,OffShortMidRangeMake,IND,01:01,,-26,99,False,shots,4Q/OT | margin -3..3 | 300..120,team
wnba,wnba_shot_pace,shot_pace,shots,get-shots,2025,Regular Season,team,"{'EntityType': 'Team', 'Season': '2025', 'SeasonType': 'Regular Season', 'TeamId': '1611661325', 'EntityId': '1611661325'}",shot_pace,1611661325,4Q/OT | margin -3..3 | 300..120,get-shots__shots__entity_type-Team__season-2025__season_type-Regular_Season__team_id-1611661325__entity_id-1611661325__44fa9629,get-shots,https://api.pbpstats.com/get-shots/wnba?EntityType=Team&Season=2025&SeasonType=Regular+Season&TeamId=1611661325&EntityId=1611661325,200,429,,,False,,,,1611661328,104.0,531,2025-08-26,1022500243,1627672-1629488-1642815-203024-203035,True,SEA,1627676-1628882-1641660-1642307-1642798,Brianna Turner,1629488.0,Damiris Dantas,203024.0,Arc3,1611661325,4,Brianna Turner,1629488,31,01:54,1627672,Aerial Powers,1642798,Dominique Malonga,0,,0,,True,25,0.0,3.3,0.5457,104.0,AtRim,2,114.0,OffShortMidRangeMiss,IND,01:44,,-18,28,False,shots,4Q/OT | margin -3..3 | 300..120,team
wnba,wnba_shot_pace,shot_pace,shots,get-shots,2025,Regular Season,team,"{'EntityType': 'Team', 'Season': '2025', 'SeasonType': 'Regular Season', 'TeamId': '1611661325', 'EntityId': '1611661325'}",shot_pace,1611661325,4Q/OT | margin -3..3 | 300..120,get-shots__shots__entity_type-Team__season-2025__season_type-Regular_Season__team_id-1611661325__entity_id-1611661325__44fa9629,get-shots,https://api.pbpstats.com/get-shots/wnba?EntityType=Team&Season=2025&SeasonType=Regular+Season&TeamId=1611661325&EntityId=1611661325,200,430,,,,,,False,1611661328,104.0,529,2025-08-26,1022500243,1627672-1629488-1642815-203024-203035,False,SEA,1627676-1628882-1641660-1642307-1642798,,,,,,1611661325,4,Damiris Dantas,203024,31,01:54,1627672,Aerial Powers,1642798,Dominique Malonga,0,,0,,False,25,,24.5,0.3953,107.0,Arc3,3,114.0,OffShortMidRangeMiss,IND,01:47,,-90,228,False,shots,4Q/OT | margin -3..3 | 300..120,team
wnba,wnba_shot_pace,shot_pace,shots,get-shots,2025,Regular Season,team,"{'EntityType': 'Team', 'Season': '2025', 'SeasonType': 'Regular Season', 'TeamId': '1611661325', 'EntityId': '1611661325'}",shot_pace,1611661325,4Q/OT | margin -3..3 | 300..120,get-shots__shots__entity_type-Team__season-2025__season_type-Regular_Season__team_id-1611661325__entity_id-1611661325__44fa9629,get-shots,https://api.pbpstats.com/get-shots/wnba?EntityType=Team&Season=2025&SeasonType=Regular+Season&TeamId=1611661325&EntityId=1611661325,200,431,,,,,,False,1611661328,143.0,522,2025-08-26,1022500243,1627672-1629488-1642815-203024-203035,False,SEA,1627676-1628882-1641660-1642307-1642798,,,,,,1611661325,4,Aerial Powers,1627672,27,02:50,0,,1642798,Dominique Malonga,0,,0,,False,25,,19.5,0.3897,147.0,LongMidRange,2,170.0,OffShortMidRangeMake,IND,02:27,,16,194,False,shots,4Q/OT | margin -3..3 | 300..120,team
wnba,wnba_shot_pace,shot_pace,shots,get-shots,2025,Regular Season,team,"{'EntityType': 'Team', 'Season': '2025', 'SeasonType': 'Regular Season', 'TeamId': '1611661325', 'EntityId': '1611661325'}",shot_pace,1611661325,4Q/OT | margin -3..3 | 300..120,get-shots__shots__entity_type-Team__season-2025__season_type-Regular_Season__team_id-1611661325__entity_id-1611661325__44fa9629,get-shots,https://api.pbpstats.com/get-shots/wnba?EntityType=Team&Season=2025&SeasonType=Regular+Season&TeamId=1611661325&EntityId=1611661325,200,432,Brianna Turner,1629488.0,True,,,,1611661328,187.0,517,2025-08-26,1022500243,1627672-1629488-1642815-203024-203035,True,SEA,1627676-1628882-1641660-1642307-1642798,,,,,,1611661325,4,Makayla Timpson,1642815,25,03:23,0,,1642307,Mackenzie Holmes,0,,0,,False,25,,3.3,0.5107,187.0,AtRim,2,203.0,OffAtRimMake,IND,03:07,,-21,25,False,shots,4Q/OT | margin -3..3 | 300..120,team
wnba,wnba_shot_pace,shot_pace,shots,get-shots,2025,Regular Season,team,"{'EntityType': 'Team', 'Season': '2025', 'SeasonType': 'Regular Season', 'TeamId': '1611661325', 'EntityId': '1611661325'}",shot_pace,1611661325,4Q/OT | margin -3..3 | 300..120,get-shots__shots__entity_type-Team__season-2025__season_type-Regular_Season__team_id-1611661325__entity_id-1611661325__44fa9629,get-shots,https://api.pbpstats.com/get-shots/wnba?EntityType=Team&Season=2025&SeasonType=Regular+Season&TeamId=1611661325&EntityId=1611661325,200,433,,,,,,False,1611661328,212.0,513,2025-08-26,1022500243,1627672-1629488-1642815-203024-203035,False,SEA,1627676-1628882-1641660-1642307-1642798,,,,,,1611661325,4,Shey Peddy,203035,23,04:01,0,,0,,0,,0,,False,27,,31.0,0.3825,214.0,Arc3,3,241.0,OffTimeout,IND,03:34,,18,309,False,shots,4Q/OT | margin -3..3 | 300..120,team
wnba,wnba_shot_pace,shot_pace,shots,get-shots,2025,Regular Season,team,"{'EntityType': 'Team', 'Season': '2025', 'SeasonType': 'Regular Season', 'TeamId': '1611661325', 'EntityId': '1611661325'}",shot_pace,1611661325,4Q/OT | margin -3..3 | 300..120,get-shots__shots__entity_type-Team__season-2025__season_type-Regular_Season__team_id-1611661325__entity_id-1611661325__44fa9629,get-shots,https://api.pbpstats.com/get-shots/wnba?EntityType=Team&Season=2025&SeasonType=Regular+Season&TeamId=1611661325&EntityId=1611661325,200,434,Damiris Dantas,203024.0,True,,,,1611661328,270.0,500,2025-08-26,1022500243,1627672-1629488-203024-203035-203824,True,SEA,1627676-1628882-1641660-1642307-1642798,,,,,,1611661325,4,Odyssey Sims,203824,19,04:51,0,,0,,0,,0,,False,30,,3.4,0.185,270.0,AtRim,2,291.0,OffTimeout,IND,04:30,,23,25,False,shots,4Q/OT | margin -3..3 | 300..120,team
wnba,wnba_shot_pace,shot_pace,shots,get-shots,2025,Regular Season,team,"{'EntityType': 'Team', 'Season': '2025', 'SeasonType': 'Regular Season', 'TeamId': '1611661325', 'EntityId': '1611661325'}",shot_pace,1611661325,4Q/OT | margin -3..3 | 300..120,get-shots__shots__entity_type-Team__season-2025__season_type-Regular_Season__team_id-1611661325__entity_id-1611661325__44fa9629,get-shots,https://api.pbpstats.com/get-shots/wnba?EntityType=Team&Season=2025&SeasonType=Regular+Season&TeamId=1611661325&EntityId=1611661325,200,435,Lexie Hull,1631086.0,True,,,,1611661328,307.0,489,2025-08-26,1022500243,1627672-1631086-203024-203824-203827,True,SEA,1627676-1628882-1642307-1642798-204365,,,,,,1611661325,4,Odyssey Sims,203824,17,05:28,1631086,Lexie Hull,204365,Erica Wheeler,0,,0,,False,27,,34.8,0.2537,307.0,Arc3,3,328.0,OffLongMidRangeMiss,IND,05:07,,-159,309,False,shots,4Q/OT | margin -3..3 | 300..120,team
wnba,wnba_shot_pace,shot_pace,shots,get-shots,2025,Regular Season,team,"{'EntityType': 'Team', 'Season': '2025', 'SeasonType': 'Regular Season', 'TeamId': '1611661325', 'EntityId': '1611661325'}",shot_pace,1611661325,4Q/OT | margin -3..3 | 300..120,get-shots__shots__entity_type-Team__season-2025__season_type-Regular_Season__team_id-1611661325__entity_id-1611661325__44fa9629,get-shots,https://api.pbpstats.com/get-shots/wnba?EntityType=Team&Season=2025&SeasonType=Regular+Season&TeamId=1611661325&EntityId=1611661325,200,436,Natasha Howard,203827.0,True,,,,1611661328,382.0,469,2025-08-26,1022500243,1627672-1631086-1641648-203824-203827,True,SEA,1627676-1628279-1629496-203014-204365,Lexie Hull,1631086.0,Aerial Powers,1627672.0,LongMidRange,1611661325,4,Aliyah Boston,1641648,13,06:44,1627672,Aerial Powers,1628279,Brittney Sykes,0,,0,,False,25,4.0,4.6,0.4834,382.0,ShortMidRange,2,404.0,OffArc3Miss,IND,06:22,,26,38,False,shots,4Q/OT | margin -3..3 | 300..120,team
wnba,wnba_shot_pace,shot_pace,shots,get-shots,2025,Regular Season,team,"{'EntityType': 'Team', 'Season': '2025', 'SeasonType': 'Regular Season', 'TeamId': '1611661325', 'EntityId': '1611661325'}",shot_pace,1611661325,4Q/OT | margin -3..3 | 300..120,get-shots__shots__entity_type-Team__season-2025__season_type-Regular_Season__team_id-1611661325__entity_id-1611661325__44fa9629,get-shots,https://api.pbpstats.com/get-shots/wnba?EntityType=Team&Season=2025&SeasonType=Regular+Season&TeamId=1611661325&EntityId=1611661325,200,437,,,,,,False,1611661328,382.0,467,2025-08-26,1022500243,1627672-1631086-1641648-203824-203827,False,SEA,1627676-1628279-1629496-203014-204365,,,,,,1611661325,4,Aerial Powers,1627672,13,06:44,1627672,Aerial Powers,1628279,Brittney Sykes,0,,0,,False,25,,18.3,0.3674,389.0,LongMidRange,2,404.0,OffArc3Miss,IND,06:29,,34,180,False,shots,4Q/OT | margin -3..3 | 300..120,team
wnba,wnba_shot_pace,shot_pace,shots,get-shots,2025,Regular Season,team,"{'EntityType': 'Team', 'Season': '2025', 'SeasonType': 'Regular Season', 'TeamId': '1611661325', 'EntityId': '1611661325'}",shot_pace,1611661325,4Q/OT | margin -3..3 | 300..120,get-shots__shots__entity_type-Team__season-2025__season_type-Regular_Season__team_id-1611661325__entity_id-1611661325__44fa9629,get-shots,https://api.pbpstats.com/get-shots/wnba?EntityType=Team&Season=2025&SeasonType=Regular+Season&TeamId=1611661325&EntityId=1611661325,200,438,Odyssey Sims,203824.0,True,,,,1611661328,422.0,463,2025-08-26,1022500243,1627672-1631086-1641648-203824-203827,True,SEA,1627676-1628279-1629496-203014-204365,,,,,,1611661325,4,Aliyah Boston,1641648,11,07:18,0,,0,,0,,0,,False,23,,17.5,0.3699,422.0,LongMidRange,2,438.0,OffFTMake,IND,07:02,,-3,175,False,shots,4Q/OT | margin -3..3 | 300..120,team
wnba,wnba_shot_pace,shot_pace,shots,get-shots,2025,Regular Season,team,"{'EntityType': 'Team', 'Season': '2025', 'SeasonType': 'Regular Season', 'TeamId': '1611661325', 'EntityId': '1611661325'}",shot_pace,1611661325,4Q/OT | margin -3..3 | 300..120,get-shots__shots__entity_type-Team__season-2025__season_type-Regular_Season__team_id-1611661325__entity_id-1611661325__44fa9629,get-shots,https://api.pbpstats.com/get-shots/wnba?EntityType=Team&Season=2025&SeasonType=Regular+Season&TeamId=1611661325&EntityId=1611661325,200,439,Odyssey Sims,203824.0,True,,,,1611661328,453.0,454,2025-08-26,1022500243,1628909-1631086-1641648-203824-203827,True,SEA,1627676-1628279-1629496-203014-204365,,0.0,Odyssey Sims,203824.0,TeamBlocked,1611661325,4,Kelsey Mitchell,1628909,9,07:56,1631086,Lexie Hull,1629496,Ezi Magbegor,0,,0,,False,22,2.0,6.2,0.3852,453.0,ShortMidRange,2,476.0,OffCorner3Miss,IND,07:33,,7,62,False,shots,4Q/OT | margin -3..3 | 300..120,team
wnba,wnba_shot_pace,shot_pace,shots,get-shots,2025,Regular Season,team,"{'EntityType': 'Team', 'Season': '2025', 'SeasonType': 'Regular Season', 'TeamId': '1611661325', 'EntityId': '1611661325'}",shot_pace,1611661325,4Q/OT | margin -3..3 | 300..120,get-shots__shots__entity_type-Team__season-2025__season_type-Regular_Season__team_id-1611661325__entity_id-1611661325__44fa9629,get-shots,https://api.pbpstats.com/get-shots/wnba?EntityType=Team&Season=2025&SeasonType=Regular+Season&TeamId=1611661325&EntityId=1611661325,200,440,,,,Ezi Magbegor,1629496.0,True,1611661328,453.0,448,2025-08-26,1022500243,1628909-1631086-1641648-203824-203827,False,SEA,1627676-1629496-203014-203400-204365,,,,,,1611661325,4,Odyssey Sims,203824,9,07:56,1631086,Lexie Hull,1629496,Ezi Magbegor,0,,0,,False,22,,8.1,0.3228,456.0,ShortMidRange,2,476.0,OffCorner3Miss,IND,07:36,,-27,76,False,shots,4Q/OT | margin -3..3 | 300..120,team
wnba,wnba_shot_pace,shot_pace,shots,get-shots,2025,Regular Season,team,"{'EntityType': 'Team', 'Season': '2025', 'SeasonType': 'Regular Season', 'TeamId': '1611661325', 'EntityId': '1611661325'}",shot_pace,1611661325,4Q/OT | margin -3..3 | 300..120,get-shots__shots__entity_type-Team__season-2025__season_type-Regular_Season__team_id-1611661325__entity_id-1611661325__44fa9629,get-shots,https://api.pbpstats.com/get-shots/wnba?EntityType=Team&Season=2025&SeasonType=Regular+Season&TeamId=1611661325&EntityId=1611661325,200,441,,,False,,,,1611661328,498.0,442,2025-08-26,1022500243,1628909-1631086-1641648-203824-203827,True,SEA,1627676-1642798-203014-203400-204365,,,,,,1611661325,4,Odyssey Sims,203824,7,08:23,0,,0,,203827,Natasha Howard,203400,Skylar Diggins,False,20,,2.5,0.6788,498.0,AtRim,2,503.0,OffLiveBallTurnover,IND,08:18,,-10,23,False,shots,4Q/OT | margin -3..3 | 300..120,team
wnba,wnba_shot_pace,shot_pace,shots,get-shots,2025,Regular Season,team,"{'EntityType': 'Team', 'Season': '2025', 'SeasonType': 'Regular Season', 'TeamId': '1611661325', 'EntityId': '1611661325'}",shot_pace,1611661325,4Q/OT | margin -3..3 | 300..120,get-shots__shots__entity_type-Team__season-2025__season_type-Regular_Season__team_id-1611661325__entity_id-1611661325__44fa9629,get-shots,https://api.pbpstats.com/get-shots/wnba?EntityType=Team&Season=2025&SeasonType=Regular+Season&TeamId=1611661325&EntityId=1611661325,200,442,,,False,,,,1611661328,517.0,439,2025-08-26,1022500243,1628909-1631086-1641648-203824-203827,True,SEA,1627676-1642798-203014-203400-204365,,,,,,1611661325,4,Kelsey Mitchell,1628909,5,08:54,0,,1642798,Dominique Malonga,0,,0,,False,18,,8.2,0.3607,517.0,ShortMidRange,2,534.0,OffAtRimMake,IND,08:37,,-45,68,False,shots,4Q/OT | margin -3..3 | 300..120,team
wnba,wnba_shot_pace,shot_pace,shots,get-shots,2025,Regular Season,team,"{'EntityType': 'Team', 'Season': '2025', 'SeasonType': 'Regular Season', 'TeamId': '1611661325', 'EntityId': '1611661325'}",shot_pace,1611661325,4Q/OT | margin -3..3 | 300..120,get-shots__shots__entity_type-Team__season-2025__season_type-Regular_Season__team_id-1611661325__entity_id-1611661325__44fa9629,get-shots,https://api.pbpstats.com/get-shots/wnba?EntityType=Team&Season=2025&SeasonType=Regular+Season&TeamId=1611661325&EntityId=1611661325,200,443,,,,,,False,1611661328,544.0,435,2025-08-26,1022500243,1628909-1631086-1641648-203824-203827,False,SEA,1627676-1642798-203014-203400-204365,,,,,,1611661325,4,Aliyah Boston,1641648,3,09:21,0,,0,,0,,0,,False,20,,3.8,0.3805,546.0,AtRim,2,561.0,OffDeadball,IND,09:06,,16,34,False,shots,4Q/OT | margin -3..3 | 300..120,team
wnba,wnba_shot_pace,shot_pace,shots,get-shots,2025,Regular Season,team,"{'EntityType': 'Team', 'Season': '2025', 'SeasonType': 'Regular Season', 'TeamId': '1611661325', 'EntityId': '1611661325'}",shot_pace,1611661325,4Q/OT | margin -3..3 | 300..120,get-shots__shots__entity_type-Team__season-2025__season_type-Regular_Season__team_id-1611661325__entity_id-1611661325__44fa9629,get-shots,https://api.pbpstats.com/get-shots/wnba?EntityType=Team&Season=2025&SeasonType=Regular+Season&TeamId=1611661325&EntityId=1611661325,200,444,Natasha Howard,203827.0,True,,,,1611661328,587.0,429,2025-08-26,1022500243,1628909-1631086-1641648-203824-203827,True,SEA,1627676-1642798-203014-203400-204365,,,,,,1611661325,4,Aliyah Boston,1641648,1,10:00,0,,0,,0,,0,,False,18,,3.4,0.5317,587.0,AtRim,2,600.0,OffDeadball,IND,09:47,,19,28,False,shots,4Q/OT | margin -3..3 | 300..120,team
wnba,wnba_shot_pace,shot_pace,shots,get-shots,2025,Regular Season,team,"{'EntityType': 'Team', 'Season': '2025', 'SeasonType': 'Regular Season', 'TeamId': '1611661325', 'EntityId': '1611661325'}",shot_pace,1611661325,4Q/OT | margin -3..3 | 300..120,get-shots__shots__entity_type-Team__season-2025__season_type-Regular_Season__team_id-1611661325__entity_id-1611661325__44fa9629,get-shots,https://api.pbpstats.com/get-shots/wnba?EntityType=Team&Season=2025&SeasonType=Regular+Season&TeamId=1611661325&EntityId=1611661325,200,445,,,,,,False,1611661328,0.0,414,2025-08-26,1022500243,1627672-1629488-1631086-203024-203824,False,SEA,1627676-1628279-1629496-203014-204365,,,,,,1611661325,3,Brianna Turner,1629488,36,00:10,1629488,Brianna Turner,204365,Erica Wheeler,0,,0,,False,18,,2.3,0.5719,2.0,AtRim,2,10.0,OffArc3Miss,IND,00:02,,-18,15,False,shots,4Q/OT | margin -3..3 | 300..120,team
wnba,wnba_shot_pace,shot_pace,shots,get-shots,2025,Regular Season,team,"{'EntityType': 'Team', 'Season': '2025', 'SeasonType': 'Regular Season', 'TeamId': '1611661325', 'EntityId': '1611661325'}",shot_pace,1611661325,4Q/OT | margin -3..3 | 300..120,get-shots__shots__entity_type-Team__season-2025__season_type-Regular_Season__team_id-1611661325__entity_id-1611661325__44fa9629,get-shots,https://api.pbpstats.com/get-shots/wnba?EntityType=Team&Season=2025&SeasonType=Regular+Season&TeamId=1611661325&EntityId=1611661325,200,446,,,,,,False,1611661328,56.0,398,2025-08-26,1022500243,1627672-1628909-1629488-203024-203035,False,SEA,1627676-1628279-1629496-203014-204365,,,,,,1611661325,3,Damiris Dantas,203024,32,01:06,203024,Damiris Dantas,204365,Erica Wheeler,0,,0,,False,18,,24.6,0.3816,58.0,Arc3,3,66.0,OffAtRimMiss,IND,00:58,,95,227,False,shots,4Q/OT | margin -3..3 | 300..120,team
wnba,wnba_shot_pace,shot_pace,shots,get-shots,2025,Regular Season,team,"{'EntityType': 'Team', 'Season': '2025', 'SeasonType': 'Regular Season', 'TeamId': '1611661325', 'EntityId': '1611661325'}",shot_pace,1611661325,4Q/OT | margin -3..3 | 300..120,get-shots__shots__entity_type-Team__season-2025__season_type-Regular_Season__team_id-1611661325__entity_id-1611661325__44fa9629,get-shots,https://api.pbpstats.com/get-shots/wnba?EntityType=Team&Season=2025&SeasonType=Regular+Season&TeamId=1611661325&EntityId=1611661325,200,447,,,,Dominique Malonga,1642798.0,True,1611661328,135.0,375,2025-08-26,1022500243,1627672-1628909-1629488-1641648-203035,False,SEA,1628279-1628931-1629496-1642798-204365,,,,,,1611661325,3,Aliyah Boston,1641648,26,02:38,1627672,Aerial Powers,1642798,Dominique Malonga,0,,0,,False,19,,2.6,0.601,138.0,AtRim,2,158.0,OffAtRimMiss,IND,02:18,,17,20,False,shots,4Q/OT | margin -3..3 | 300..120,team
wnba,wnba_shot_pace,shot_pace,shots,get-shots,2025,Regular Season,team,"{'EntityType': 'Team', 'Season': '2025', 'SeasonType': 'Regular Season', 'TeamId': '1611661325', 'EntityId': '1611661325'}",shot_pace,1611661325,4Q/OT | margin -3..3 | 300..120,get-shots__shots__entity_type-Team__season-2025__season_type-Regular_Season__team_id-1611661325__entity_id-1611661325__44fa9629,get-shots,https://api.pbpstats.com/get-shots/wnba?EntityType=Team&Season=2025&SeasonType=Regular+Season&TeamId=1611661325&EntityId=1611661325,200,448,Aliyah Boston,1641648.0,True,,,,1611661328,237.0,349,2025-08-26,1022500243,1628909-1629488-1631086-1641648-203824,True,SEA,1628279-1628931-1629496-1642798-204365,,,,,,1611661325,3,Lexie Hull,1631086,20,04:09,203824,Odyssey Sims,1629496,Ezi Magbegor,0,,0,,False,18,,3.0,0.6257,237.0,AtRim,2,249.0,OffShortMidRangeMiss,IND,03:57,,-26,15,False,shots,4Q/OT | margin -3..3 | 300..120,team
wnba,wnba_shot_pace,shot_pace,shots,get-shots,2025,Regular Season,team,"{'EntityType': 'Team', 'Season': '2025', 'SeasonType': 'Regular Season', 'TeamId': '1611661325', 'EntityId': '1611661325'}",shot_pace,1611661325,4Q/OT | margin -3..3 | 300..120,get-shots__shots__entity_type-Team__season-2025__season_type-Regular_Season__team_id-1611661325__entity_id-1611661325__44fa9629,get-shots,https://api.pbpstats.com/get-shots/wnba?EntityType=Team&Season=2025&SeasonType=Regular+Season&TeamId=1611661325&EntityId=1611661325,200,449,Odyssey Sims,203824.0,True,,,,1611661328,279.0,345,2025-08-26,1022500243,1628909-1629488-1631086-1641648-203824,True,SEA,1628279-1628931-1629496-1642798-204365,,,,,,1611661325,3,Aliyah Boston,1641648,18,04:50,0,,1628279,Brittney Sykes,0,,0,,False,16,,8.0,0.3881,279.0,ShortMidRange,2,290.0,OffShortMidRangeMake,IND,04:39,,-70,39,False,shots,4Q/OT | margin -3..3 | 300..120,team
wnba,wnba_shot_pace,shot_pace,shots,get-shots,2025,Regular Season,team,"{'EntityType': 'Team', 'Season': '2025', 'SeasonType': 'Regular Season', 'TeamId': '1611661325', 'EntityId': '1611661325'}",shot_pace,1611661325,4Q/OT | margin -3..3 | 300..120,get-shots__shots__entity_type-Team__season-2025__season_type-Regular_Season__team_id-1611661325__entity_id-1611661325__44fa9629,get-shots,https://api.pbpstats.com/get-shots/wnba?EntityType=Team&Season=2025&SeasonType=Regular+Season&TeamId=1611661325&EntityId=1611661325,200,450,Odyssey Sims,203824.0,True,,,,1611661328,363.0,322,2025-08-26,1022500243,1628909-1631086-1641648-203824-203827,True,SEA,1628279-1642798-203014-203400-204365,,,,,,1611661325,3,Aliyah Boston,1641648,12,06:17,203827,Natasha Howard,204365,Erica Wheeler,0,,0,,False,19,,2.2,0.6589,363.0,AtRim,2,377.0,OffArc3Miss,IND,06:03,,18,12,False,shots,4Q/OT | margin -3..3 | 300..120,team
wnba,wnba_shot_pace,shot_pace,shots,get-shots,2025,Regular Season,team,"{'EntityType': 'Team', 'Season': '2025', 'SeasonType': 'Regular Season', 'TeamId': '1611661325', 'EntityId': '1611661325'}",shot_pace,1611661325,4Q/OT | margin -3..3 | 300..120,get-shots__shots__entity_type-Team__season-2025__season_type-Regular_Season__team_id-1611661325__entity_id-1611661325__44fa9629,get-shots,https://api.pbpstats.com/get-shots/wnba?EntityType=Team&Season=2025&SeasonType=Regular+Season&TeamId=1611661325&EntityId=1611661325,200,451,Natasha Howard,203827.0,True,,,,1611661328,406.0,312,2025-08-26,1022500243,1628909-1631086-1641648-203824-203827,True,SEA,1628279-1642798-203014-203400-204365,,,,,,1611661325,3,Aliyah Boston,1641648,10,07:06,0,,203014,Nneka Ogwumike,0,,0,,False,16,,4.3,0.5445,406.0,ShortMidRange,2,426.0,OffLongMidRangeMake,IND,06:46,,33,28,False,shots,4Q/OT | margin -3..3 | 300..120,team
wnba,wnba_shot_pace,shot_pace,shots,get-shots,2025,Regular Season,team,"{'EntityType': 'Team', 'Season': '2025', 'SeasonType': 'Regular Season', 'TeamId': '1611661325', 'EntityId': '1611661325'}",shot_pace,1611661325,4Q/OT | margin -3..3 | 300..120,get-shots__shots__entity_type-Team__season-2025__season_type-Regular_Season__team_id-1611661325__entity_id-1611661325__44fa9629,get-shots,https://api.pbpstats.com/get-shots/wnba?EntityType=Team&Season=2025&SeasonType=Regular+Season&TeamId=1611661325&EntityId=1611661325,200,452,,,False,,,,1611661328,444.0,307,2025-08-26,1022500243,1628909-1631086-1641648-203824-203827,True,SEA,1628279-1642798-203014-203400-204365,,0.0,Natasha Howard,203827.0,TeamBlocked,1611661325,3,Aliyah Boston,1641648,8,07:43,1641648,Aliyah Boston,203014,Nneka Ogwumike,0,,0,,False,16,12.0,1.9,0.4436,444.0,AtRim,2,463.0,OffShortMidRangeMiss,IND,07:24,,16,11,False,shots,4Q/OT | margin -3..3 | 300..120,team
wnba,wnba_shot_pace,shot_pace,shots,get-shots,2025,Regular Season,team,"{'EntityType': 'Team', 'Season': '2025', 'SeasonType': 'Regular Season', 'TeamId': '1611661325', 'EntityId': '1611661325'}",shot_pace,1611661325,4Q/OT | margin -3..3 | 300..120,get-shots__shots__entity_type-Team__season-2025__season_type-Regular_Season__team_id-1611661325__entity_id-1611661325__44fa9629,get-shots,https://api.pbpstats.com/get-shots/wnba?EntityType=Team&Season=2025&SeasonType=Regular+Season&TeamId=1611661325&EntityId=1611661325,200,453,,,,Ezi Magbegor,1629496.0,True,1611661328,444.0,295,2025-08-26,1022500243,1628909-1631086-1641648-203824-203827,False,SEA,1628279-1628931-1629496-203014-203400,,,,,,1611661325,3,Natasha Howard,203827,8,07:43,1641648,Aliyah Boston,203014,Nneka Ogwumike,0,,0,,False,15,,1.3,0.7381,458.0,AtRim,2,463.0,OffShortMidRangeMiss,IND,07:38,,-11,7,False,shots,4Q/OT | margin -3..3 | 300..120,team
wnba,wnba_shot_pace,shot_pace,shots,get-shots,2025,Regular Season,team,"{'EntityType': 'Team', 'Season': '2025', 'SeasonType': 'Regular Season', 'TeamId': '1611661325', 'EntityId': '1611661325'}",shot_pace,1611661325,4Q/OT | margin -3..3 | 300..120,get-shots__shots__entity_type-Team__season-2025__season_type-Regular_Season__team_id-1611661325__entity_id-1611661325__44fa9629,get-shots,https://api.pbpstats.com/get-shots/wnba?EntityType=Team&Season=2025&SeasonType=Regular+Season&TeamId=1611661325&EntityId=1611661325,200,454,Natasha Howard,203827.0,True,,,,1611661328,487.0,291,2025-08-26,1022500243,1628909-1631086-1641648-203824-203827,True,SEA,1628279-1628931-1629496-203014-203400,,,,,,1611661325,3,Odyssey Sims,203824,6,08:12,203827,Natasha Howard,1628279,Brittney Sykes,0,,0,,False,13,,3.5,0.6192,487.0,AtRim,2,492.0,OffShortMidRangeMiss,IND,08:07,,-23,27,False,shots,4Q/OT | margin -3..3 | 300..120,team
wnba,wnba_shot_pace,shot_pace,shots,get-shots,2025,Regular Season,team,"{'EntityType': 'Team', 'Season': '2025', 'SeasonType': 'Regular Season', 'TeamId': '1611661325', 'EntityId': '1611661325'}",shot_pace,1611661325,4Q/OT | margin -3..3 | 300..120,get-shots__shots__entity_type-Team__season-2025__season_type-Regular_Season__team_id-1611661325__entity_id-1611661325__44fa9629,get-shots,https://api.pbpstats.com/get-shots/wnba?EntityType=Team&Season=2025&SeasonType=Regular+Season&TeamId=1611661325&EntityId=1611661325,200,455,,,False,,,,1611661328,513.0,288,2025-08-26,1022500243,1628909-1631086-1641648-203824-203827,True,SEA,1628279-1628931-1629496-203014-203400,Natasha Howard,203827.0,Aliyah Boston,1641648.0,AtRim,1611661325,3,Natasha Howard,203827,4,08:58,0,,203014,Nneka Ogwumike,0,,0,,True,11,0.0,0.6,0.6808,513.0,AtRim,2,538.0,OffShortMidRangeMake,IND,08:33,,0,-6,False,shots,4Q/OT | margin -3..3 | 300..120,team
wnba,wnba_shot_pace,shot_pace,shots,get-shots,2025,Regular Season,team,"{'EntityType': 'Team', 'Season': '2025', 'SeasonType': 'Regular Season', 'TeamId': '1611661325', 'EntityId': '1611661325'}",shot_pace,1611661325,4Q/OT | margin -3..3 | 300..120,get-shots__shots__entity_type-Team__season-2025__season_type-Regular_Season__team_id-1611661325__entity_id-1611661325__44fa9629,get-shots,https://api.pbpstats.com/get-shots/wnba?EntityType=Team&Season=2025&SeasonType=Regular+Season&TeamId=1611661325&EntityId=1611661325,200,456,,,,,,False,1611661328,513.0,286,2025-08-26,1022500243,1628909-1631086-1641648-203824-203827,False,SEA,1628279-1628931-1629496-203014-203400,Aliyah Boston,1641648.0,Kelsey Mitchell,1628909.0,Arc3,1611661325,3,Aliyah Boston,1641648,4,08:58,0,,203014,Nneka Ogwumike,0,,0,,False,11,5.0,2.5,0.6923,515.0,AtRim,2,538.0,OffShortMidRangeMake,IND,08:35,,-23,11,False,shots,4Q/OT | margin -3..3 | 300..120,team
wnba,wnba_shot_pace,shot_pace,shots,get-shots,2025,Regular Season,team,"{'EntityType': 'Team', 'Season': '2025', 'SeasonType': 'Regular Season', 'TeamId': '1611661325', 'EntityId': '1611661325'}",shot_pace,1611661325,4Q/OT | margin -3..3 | 300..120,get-shots__shots__entity_type-Team__season-2025__season_type-Regular_Season__team_id-1611661325__entity_id-1611661325__44fa9629,get-shots,https://api.pbpstats.com/get-shots/wnba?EntityType=Team&Season=2025&SeasonType=Regular+Season&TeamId=1611661325&EntityId=1611661325,200,457,,,,,,False,1611661328,513.0,284,2025-08-26,1022500243,1628909-1631086-1641648-203824-203827,False,SEA,1628279-1628931-1629496-203014-203400,,,,,,1611661325,3,Kelsey Mitchell,1628909,4,08:58,0,,203014,Nneka Ogwumike,0,,0,,False,11,,26.4,0.3239,524.0,Arc3,3,538.0,OffShortMidRangeMake,IND,08:44,,-121,235,False,shots,4Q/OT | margin -3..3 | 300..120,team
wnba,wnba_shot_pace,shot_pace,shots,get-shots,2025,Regular Season,team,"{'EntityType': 'Team', 'Season': '2025', 'SeasonType': 'Regular Season', 'TeamId': '1611661325', 'EntityId': '1611661325'}",shot_pace,1611661325,4Q/OT | margin -3..3 | 300..120,get-shots__shots__entity_type-Team__season-2025__season_type-Regular_Season__team_id-1611661325__entity_id-1611661325__44fa9629,get-shots,https://api.pbpstats.com/get-shots/wnba?EntityType=Team&Season=2025&SeasonType=Regular+Season&TeamId=1611661325&EntityId=1611661325,200,458,,,,,,False,1611661328,564.0,272,2025-08-26,1022500243,1628909-1631086-1641648-203824-203827,False,SEA,1628279-1628931-1629496-203014-203400,,,,,,1611661325,3,Kelsey Mitchell,1628909,2,09:46,0,,0,,0,,0,,False,11,,16.0,0.4191,573.0,LongMidRange,2,586.0,OffDeadball,IND,09:33,,-29,157,False,shots,4Q/OT | margin -3..3 | 300..120,team
wnba,wnba_shot_pace,shot_pace,shots,get-shots,2025,Regular Season,team,"{'EntityType': 'Team', 'Season': '2025', 'SeasonType': 'Regular Season', 'TeamId': '1611661325', 'EntityId': '1611661325'}",shot_pace,1611661325,4Q/OT | margin -3..3 | 300..120,get-shots__shots__entity_type-Team__season-2025__season_type-Regular_Season__team_id-1611661325__entity_id-1611661325__44fa9629,get-shots,https://api.pbpstats.com/get-shots/wnba?EntityType=Team&Season=2025&SeasonType=Regular+Season&TeamId=1611661325&EntityId=1611661325,200,459,Aliyah Boston,1641648.0,True,,,,1611661328,33.0,254,2025-08-26,1022500243,1628909-1631086-1641648-203824-203827,True,SEA,1628279-1628931-1629496-203014-203400,,,,,,1611661325,2,Kelsey Mitchell,1628909,34,00:44,0,,0,,0,,0,,False,10,,2.7,0.5627,33.0,AtRim,2,44.0,OffFTMake,IND,00:33,,-21,17,False,shots,4Q/OT | margin -3..3 | 300..120,team
wnba,wnba_shot_pace,shot_pace,shots,get-shots,2025,Regular Season,team,"{'EntityType': 'Team', 'Season': '2025', 'SeasonType': 'Regular Season', 'TeamId': '1611661325', 'EntityId': '1611661325'}",shot_pace,1611661325,4Q/OT | margin -3..3 | 300..120,get-shots__shots__entity_type-Team__season-2025__season_type-Regular_Season__team_id-1611661325__entity_id-1611661325__44fa9629,get-shots,https://api.pbpstats.com/get-shots/wnba?EntityType=Team&Season=2025&SeasonType=Regular+Season&TeamId=1611661325&EntityId=1611661325,200,460,Kelsey Mitchell,1628909.0,True,,,,1611661328,58.0,242,2025-08-26,1022500243,1628909-1631086-1641648-203035-203827,True,SEA,1628279-1628931-1642798-203014-203400,,,,,,1611661325,2,Aliyah Boston,1641648,32,01:17,0,,1628931,Gabby Williams,0,,0,,False,10,,11.4,0.3511,58.0,ShortMidRange,2,77.0,OffAtRimMake,IND,00:58,,-113,17,False,shots,4Q/OT | margin -3..3 | 300..120,team
wnba,wnba_shot_pace,shot_pace,shots,get-shots,2025,Regular Season,team,"{'EntityType': 'Team', 'Season': '2025', 'SeasonType': 'Regular Season', 'TeamId': '1611661325', 'EntityId': '1611661325'}",shot_pace,1611661325,4Q/OT | margin -3..3 | 300..120,get-shots__shots__entity_type-Team__season-2025__season_type-Regular_Season__team_id-1611661325__entity_id-1611661325__44fa9629,get-shots,https://api.pbpstats.com/get-shots/wnba?EntityType=Team&Season=2025&SeasonType=Regular+Season&TeamId=1611661325&EntityId=1611661325,200,461,Natasha Howard,203827.0,True,,,,1611661328,106.0,238,2025-08-26,1022500243,1628909-1631086-1641648-203035-203827,True,SEA,1628279-1628931-1642798-203014-203400,,,,,,1611661325,2,Aliyah Boston,1641648,30,02:13,0,,0,,0,,0,,False,9,,24.7,0.2613,106.0,Arc3,3,133.0,OffTimeout,IND,01:46,,172,177,False,shots,4Q/OT | margin -3..3 | 300..120,team
wnba,wnba_shot_pace,shot_pace,shots,get-shots,2025,Regular Season,team,"{'EntityType': 'Team', 'Season': '2025', 'SeasonType': 'Regular Season', 'TeamId': '1611661325', 'EntityId': '1611661325'}",shot_pace,1611661325,4Q/OT | margin -3..3 | 300..120,get-shots__shots__entity_type-Team__season-2025__season_type-Regular_Season__team_id-1611661325__entity_id-1611661325__44fa9629,get-shots,https://api.pbpstats.com/get-shots/wnba?EntityType=Team&Season=2025&SeasonType=Regular+Season&TeamId=1611661325&EntityId=1611661325,200,462,,,,,,False,1611661328,166.0,223,2025-08-26,1022500243,1628909-1631086-1641648-203824-203827,False,SEA,1628279-1628931-1642798-203014-203400,,,,,,1611661325,2,Odyssey Sims,203824,24,03:13,0,,203400,Skylar Diggins,0,,0,,False,11,,17.1,0.344,168.0,LongMidRange,2,193.0,OffShortMidRangeMake,IND,02:48,,60,160,False,shots,4Q/OT | margin -3..3 | 300..120,team
wnba,wnba_shot_pace,shot_pace,shots,get-shots,2025,Regular Season,team,"{'EntityType': 'Team', 'Season': '2025', 'SeasonType': 'Regular Season', 'TeamId': '1611661325', 'EntityId': '1611661325'}",shot_pace,1611661325,4Q/OT | margin -3..3 | 300..120,get-shots__shots__entity_type-Team__season-2025__season_type-Regular_Season__team_id-1611661325__entity_id-1611661325__44fa9629,get-shots,https://api.pbpstats.com/get-shots/wnba?EntityType=Team&Season=2025&SeasonType=Regular+Season&TeamId=1611661325&EntityId=1611661325,200,463,,,False,,,,1611661328,207.0,220,2025-08-26,1022500243,1628909-1631086-1641648-203824-203827,True,SEA,1628279-1628931-1642798-203014-203400,Lexie Hull,1631086.0,Aliyah Boston,1641648.0,ShortMidRange,1611661325,2,Lexie Hull,1631086,22,03:47,1641648,Aliyah Boston,203014,Nneka Ogwumike,0,,0,,False,10,2.0,24.2,0.3942,207.0,Arc3,3,227.0,OffShortMidRangeMiss,IND,03:27,,-147,192,False,shots,4Q/OT | margin -3..3 | 300..120,team
wnba,wnba_shot_pace,shot_pace,shots,get-shots,2025,Regular Season,team,"{'EntityType': 'Team', 'Season': '2025', 'SeasonType': 'Regular Season', 'TeamId': '1611661325', 'EntityId': '1611661325'}",shot_pace,1611661325,4Q/OT | margin -3..3 | 300..120,get-shots__shots__entity_type-Team__season-2025__season_type-Regular_Season__team_id-1611661325__entity_id-1611661325__44fa9629,get-shots,https://api.pbpstats.com/get-shots/wnba?EntityType=Team&Season=2025&SeasonType=Regular+Season&TeamId=1611661325&EntityId=1611661325,200,464,,,,,,False,1611661328,207.0,218,2025-08-26,1022500243,1628909-1631086-1641648-203824-203827,False,SEA,1628279-1628931-1642798-203014-203400,,,,,,1611661325,2,Aliyah Boston,1641648,22,03:47,1641648,Aliyah Boston,203014,Nneka Ogwumike,0,,0,,False,10,,4.7,0.4191,212.0,ShortMidRange,2,227.0,OffShortMidRangeMiss,IND,03:32,,40,25,False,shots,4Q/OT | margin -3..3 | 300..120,team
wnba,wnba_shot_pace,shot_pace,shots,get-shots,2025,Regular Season,team,"{'EntityType': 'Team', 'Season': '2025', 'SeasonType': 'Regular Season', 'TeamId': '1611661325', 'EntityId': '1611661325'}",shot_pace,1611661325,4Q/OT | margin -3..3 | 300..120,get-shots__shots__entity_type-Team__season-2025__season_type-Regular_Season__team_id-1611661325__entity_id-1611661325__44fa9629,get-shots,https://api.pbpstats.com/get-shots/wnba?EntityType=Team&Season=2025&SeasonType=Regular+Season&TeamId=1611661325&EntityId=1611661325,200,465,,,False,,,,1611661328,251.0,212,2025-08-26,1022500243,1628909-1631086-203024-203824-203827,True,SEA,1628279-1628931-1642798-203014-203400,Natasha Howard,203827.0,Kelsey Mitchell,1628909.0,AtRim,1611661325,2,Natasha Howard,203827,20,04:31,0,,0,,0,,0,,True,8,0.0,2.6,0.5308,251.0,AtRim,2,271.0,OffDeadball,IND,04:11,,15,21,False,shots,4Q/OT | margin -3..3 | 300..120,team
wnba,wnba_shot_pace,shot_pace,shots,get-shots,2025,Regular Season,team,"{'EntityType': 'Team', 'Season': '2025', 'SeasonType': 'Regular Season', 'TeamId': '1611661325', 'EntityId': '1611661325'}",shot_pace,1611661325,4Q/OT | margin -3..3 | 300..120,get-shots__shots__entity_type-Team__season-2025__season_type-Regular_Season__team_id-1611661325__entity_id-1611661325__44fa9629,get-shots,https://api.pbpstats.com/get-shots/wnba?EntityType=Team&Season=2025&SeasonType=Regular+Season&TeamId=1611661325&EntityId=1611661325,200,466,,,,,,False,1611661328,251.0,210,2025-08-26,1022500243,1628909-1631086-203024-203824-203827,False,SEA,1628279-1628931-1642798-203014-203400,,,,,,1611661325,2,Kelsey Mitchell,1628909,20,04:31,0,,0,,0,,0,,False,8,,2.3,0.5906,254.0,AtRim,2,271.0,OffDeadball,IND,04:14,,-23,4,False,shots,4Q/OT | margin -3..3 | 300..120,team
wnba,wnba_shot_pace,shot_pace,shots,get-shots,2025,Regular Season,team,"{'EntityType': 'Team', 'Season': '2025', 'SeasonType': 'Regular Season', 'TeamId': '1611661325', 'EntityId': '1611661325'}",shot_pace,1611661325,4Q/OT | margin -3..3 | 300..120,get-shots__shots__entity_type-Team__season-2025__season_type-Regular_Season__team_id-1611661325__entity_id-1611661325__44fa9629,get-shots,https://api.pbpstats.com/get-shots/wnba?EntityType=Team&Season=2025&SeasonType=Regular+Season&TeamId=1611661325&EntityId=1611661325,200,467,,,False,,,,1611661328,295.0,204,2025-08-26,1022500243,1628909-1631086-203024-203824-203827,True,SEA,1627676-1628279-1629496-203014-203400,,,,,,1611661325,2,Kelsey Mitchell,1628909,18,05:09,0,,203014,Nneka Ogwumike,0,,0,,False,6,,2.0,0.6823,295.0,AtRim,2,309.0,OffLongMidRangeMake,IND,04:55,,-19,7,False,shots,4Q/OT | margin -3..3 | 300..120,team
wnba,wnba_shot_pace,shot_pace,shots,get-shots,2025,Regular Season,team,"{'EntityType': 'Team', 'Season': '2025', 'SeasonType': 'Regular Season', 'TeamId': '1611661325', 'EntityId': '1611661325'}",shot_pace,1611661325,4Q/OT | margin -3..3 | 300..120,get-shots__shots__entity_type-Team__season-2025__season_type-Regular_Season__team_id-1611661325__entity_id-1611661325__44fa9629,get-shots,https://api.pbpstats.com/get-shots/wnba?EntityType=Team&Season=2025&SeasonType=Regular+Season&TeamId=1611661325&EntityId=1611661325,200,468,Kelsey Mitchell,1628909.0,True,,,,1611661328,326.0,200,2025-08-26,1022500243,1628909-1631086-203024-203824-203827,True,SEA,1627676-1628279-1629496-203014-203400,,,,,,1611661325,2,Damiris Dantas,203024,16,05:47,0,,1628279,Brittney Sykes,0,,0,,False,6,,3.3,0.5015,326.0,AtRim,2,347.0,OffShortMidRangeMake,IND,05:26,,17,28,False,shots,4Q/OT | margin -3..3 | 300..120,team
wnba,wnba_shot_pace,shot_pace,shots,get-shots,2025,Regular Season,team,"{'EntityType': 'Team', 'Season': '2025', 'SeasonType': 'Regular Season', 'TeamId': '1611661325', 'EntityId': '1611661325'}",shot_pace,1611661325,4Q/OT | margin -3..3 | 300..120,get-shots__shots__entity_type-Team__season-2025__season_type-Regular_Season__team_id-1611661325__entity_id-1611661325__44fa9629,get-shots,https://api.pbpstats.com/get-shots/wnba?EntityType=Team&Season=2025&SeasonType=Regular+Season&TeamId=1611661325&EntityId=1611661325,200,469,,,,Skylar Diggins,203400.0,True,1611661328,359.0,189,2025-08-26,1022500243,1628909-1629488-1631086-203024-203824,False,SEA,1627676-1628279-1629496-203014-203400,Lexie Hull,1631086.0,Odyssey Sims,203824.0,ShortMidRangeBlocked,1611661325,2,Lexie Hull,1631086,14,06:23,0,,0,,1631086,Lexie Hull,1628279,Brittney Sykes,True,8,1.0,2.8,0.612,359.0,AtRim,2,383.0,OffLiveBallTurnover,IND,05:59,,23,16,False,shots,4Q/OT | margin -3..3 | 300..120,team
wnba,wnba_shot_pace,shot_pace,shots,get-shots,2025,Regular Season,team,"{'EntityType': 'Team', 'Season': '2025', 'SeasonType': 'Regular Season', 'TeamId': '1611661325', 'EntityId': '1611661325'}",shot_pace,1611661325,4Q/OT | margin -3..3 | 300..120,get-shots__shots__entity_type-Team__season-2025__season_type-Regular_Season__team_id-1611661325__entity_id-1611661325__44fa9629,get-shots,https://api.pbpstats.com/get-shots/wnba?EntityType=Team&Season=2025&SeasonType=Regular+Season&TeamId=1611661325&EntityId=1611661325,200,470,,,,Ezi Magbegor,1629496.0,True,1611661328,359.0,187,2025-08-26,1022500243,1628909-1629488-1631086-203024-203824,False,SEA,1627676-1628279-1629496-203014-203400,,,,,,1611661325,2,Odyssey Sims,203824,14,06:23,0,,0,,1631086,Lexie Hull,1628279,Brittney Sykes,False,8,,4.2,0.403,362.0,ShortMidRange,2,383.0,OffLiveBallTurnover,IND,06:02,,-38,17,False,shots,4Q/OT | margin -3..3 | 300..120,team
wnba,wnba_shot_pace,shot_pace,shots,get-shots,2025,Regular Season,team,"{'EntityType': 'Team', 'Season': '2025', 'SeasonType': 'Regular Season', 'TeamId': '1611661325', 'EntityId': '1611661325'}",shot_pace,1611661325,4Q/OT | margin -3..3 | 300..120,get-shots__shots__entity_type-Team__season-2025__season_type-Regular_Season__team_id-1611661325__entity_id-1611661325__44fa9629,get-shots,https://api.pbpstats.com/get-shots/wnba?EntityType=Team&Season=2025&SeasonType=Regular+Season&TeamId=1611661325&EntityId=1611661325,200,471,,,,,,False,1611661328,393.0,183,2025-08-26,1022500243,1628909-1629488-1631086-203024-203824,False,SEA,1627676-1628279-1629496-203014-203400,,,,,,1611661325,2,Brianna Turner,1629488,12,06:55,0,,1629496,Ezi Magbegor,0,,0,,False,8,,1.8,0.6079,396.0,AtRim,2,415.0,OffShortMidRangeMake,IND,06:36,,18,2,False,shots,4Q/OT | margin -3..3 | 300..120,team
wnba,wnba_shot_pace,shot_pace,shots,get-shots,2025,Regular Season,team,"{'EntityType': 'Team', 'Season': '2025', 'SeasonType': 'Regular Season', 'TeamId': '1611661325', 'EntityId': '1611661325'}",shot_pace,1611661325,4Q/OT | margin -3..3 | 300..120,get-shots__shots__entity_type-Team__season-2025__season_type-Regular_Season__team_id-1611661325__entity_id-1611661325__44fa9629,get-shots,https://api.pbpstats.com/get-shots/wnba?EntityType=Team&Season=2025&SeasonType=Regular+Season&TeamId=1611661325&EntityId=1611661325,200,472,,,False,,,,1611661328,437.0,181,2025-08-26,1022500243,1628909-1629488-1631086-203024-203824,True,SEA,1627676-1628279-1629496-203014-203400,Damiris Dantas,203024.0,Odyssey Sims,203824.0,Arc3,1611661325,2,Damiris Dantas,203024,10,07:35,1631086,Lexie Hull,1628279,Brittney Sykes,0,,0,,True,8,1.0,2.8,0.5652,437.0,AtRim,2,455.0,OffFTMiss,IND,07:17,,22,18,False,shots,4Q/OT | margin -3..3 | 300..120,team
wnba,wnba_shot_pace,shot_pace,shots,get-shots,2025,Regular Season,team,"{'EntityType': 'Team', 'Season': '2025', 'SeasonType': 'Regular Season', 'TeamId': '1611661325', 'EntityId': '1611661325'}",shot_pace,1611661325,4Q/OT | margin -3..3 | 300..120,get-shots__shots__entity_type-Team__season-2025__season_type-Regular_Season__team_id-1611661325__entity_id-1611661325__44fa9629,get-shots,https://api.pbpstats.com/get-shots/wnba?EntityType=Team&Season=2025&SeasonType=Regular+Season&TeamId=1611661325&EntityId=1611661325,200,473,,,,,,False,1611661328,437.0,179,2025-08-26,1022500243,1628909-1629488-1631086-203024-203824,False,SEA,1627676-1628279-1629496-203014-203400,,,,,,1611661325,2,Odyssey Sims,203824,10,07:35,1631086,Lexie Hull,1628279,Brittney Sykes,0,,0,,False,8,,24.9,0.3859,442.0,Arc3,3,455.0,OffFTMiss,IND,07:22,,78,236,False,shots,4Q/OT | margin -3..3 | 300..120,team
wnba,wnba_shot_pace,shot_pace,shots,get-shots,2025,Regular Season,team,"{'EntityType': 'Team', 'Season': '2025', 'SeasonType': 'Regular Season', 'TeamId': '1611661325', 'EntityId': '1611661325'}",shot_pace,1611661325,4Q/OT | margin -3..3 | 300..120,get-shots__shots__entity_type-Team__season-2025__season_type-Regular_Season__team_id-1611661325__entity_id-1611661325__44fa9629,get-shots,https://api.pbpstats.com/get-shots/wnba?EntityType=Team&Season=2025&SeasonType=Regular+Season&TeamId=1611661325&EntityId=1611661325,200,474,,,,,,False,1611661328,461.0,172,2025-08-26,1022500243,1628909-1629488-1631086-203024-203824,False,SEA,1627676-1628279-1629496-203014-203400,,,,,,1611661325,2,Damiris Dantas,203024,8,07:59,1629488,Brianna Turner,1627676,Tiffany Mitchell,0,,0,,False,9,,23.8,0.3731,465.0,Arc3,3,479.0,OffAtRimMiss,IND,07:45,,71,227,False,shots,4Q/OT | margin -3..3 | 300..120,team
wnba,wnba_shot_pace,shot_pace,shots,get-shots,2025,Regular Season,team,"{'EntityType': 'Team', 'Season': '2025', 'SeasonType': 'Regular Season', 'TeamId': '1611661325', 'EntityId': '1611661325'}",shot_pace,1611661325,4Q/OT | margin -3..3 | 300..120,get-shots__shots__entity_type-Team__season-2025__season_type-Regular_Season__team_id-1611661325__entity_id-1611661325__44fa9629,get-shots,https://api.pbpstats.com/get-shots/wnba?EntityType=Team&Season=2025&SeasonType=Regular+Season&TeamId=1611661325&EntityId=1611661325,200,475,Odyssey Sims,203824.0,True,,,,1611661328,506.0,156,2025-08-26,1022500243,1627672-1629488-1641648-203035-203824,True,SEA,1627676-1629496-1642798-203400-204365,,,,,,1611661325,2,Aliyah Boston,1641648,6,08:45,0,,0,,0,,0,,False,7,,17.3,0.3692,506.0,LongMidRange,2,525.0,OffDeadball,IND,08:26,,78,154,False,shots,4Q/OT | margin -3..3 | 300..120,team
wnba,wnba_shot_pace,shot_pace,shots,get-shots,2025,Regular Season,team,"{'EntityType': 'Team', 'Season': '2025', 'SeasonType': 'Regular Season', 'TeamId': '1611661325', 'EntityId': '1611661325'}",shot_pace,1611661325,4Q/OT | margin -3..3 | 300..120,get-shots__shots__entity_type-Team__season-2025__season_type-Regular_Season__team_id-1611661325__entity_id-1611661325__44fa9629,get-shots,https://api.pbpstats.com/get-shots/wnba?EntityType=Team&Season=2025&SeasonType=Regular+Season&TeamId=1611661325&EntityId=1611661325,200,476,,,,,,False,1611661328,532.0,153,2025-08-26,1022500243,1627672-1629488-1641648-203035-203824,False,SEA,1627676-1629496-1642798-203400-204365,,,,,,1611661325,2,Odyssey Sims,203824,4,08:57,203824,Odyssey Sims,204365,Erica Wheeler,0,,0,,False,7,,3.6,0.6039,535.0,AtRim,2,537.0,OffArc3Miss,IND,08:55,,31,19,False,shots,4Q/OT | margin -3..3 | 300..120,team
wnba,wnba_shot_pace,shot_pace,shots,get-shots,2025,Regular Season,team,"{'EntityType': 'Team', 'Season': '2025', 'SeasonType': 'Regular Season', 'TeamId': '1611661325', 'EntityId': '1611661325'}",shot_pace,1611661325,4Q/OT | margin -3..3 | 300..120,get-shots__shots__entity_type-Team__season-2025__season_type-Regular_Season__team_id-1611661325__entity_id-1611661325__44fa9629,get-shots,https://api.pbpstats.com/get-shots/wnba?EntityType=Team&Season=2025&SeasonType=Regular+Season&TeamId=1611661325&EntityId=1611661325,200,477,Shey Peddy,203035.0,True,,,,1611661328,567.0,149,2025-08-26,1022500243,1627672-1629488-1641648-203035-203824,True,SEA,1627676-1629496-1642798-203400-204365,,,,,,1611661325,2,Odyssey Sims,203824,2,09:38,0,,0,,0,,0,,False,4,,22.9,0.3837,567.0,Corner3,3,578.0,OffFTMake,IND,09:27,,-229,-7,False,shots,4Q/OT | margin -3..3 | 300..120,team
wnba,wnba_shot_pace,shot_pace,shots,get-shots,2025,Regular Season,team,"{'EntityType': 'Team', 'Season': '2025', 'SeasonType': 'Regular Season', 'TeamId': '1611661325', 'EntityId': '1611661325'}",shot_pace,1611661325,4Q/OT | margin -3..3 | 300..120,get-shots__shots__entity_type-Team__season-2025__season_type-Regular_Season__team_id-1611661325__entity_id-1611661325__44fa9629,get-shots,https://api.pbpstats.com/get-shots/wnba?EntityType=Team&Season=2025&SeasonType=Regular+Season&TeamId=1611661325&EntityId=1611661325,200,478,,,,,,False,1611661328,0.0,132,2025-08-26,1022500243,1627672-1628909-1629488-1641648-203035,False,SEA,1628931-1642798-203014-203400-204365,,,,,,1611661325,1,Shey Peddy,203035,43,00:04,0,,204365,Erica Wheeler,0,,0,,False,6,,50.2,0.0,0.0,Arc3,3,4.0,OffArc3Make,IND,00:00,,-2,502,False,shots,4Q/OT | margin -3..3 | 300..120,team
wnba,wnba_shot_pace,shot_pace,shots,get-shots,2025,Regular Season,team,"{'EntityType': 'Team', 'Season': '2025', 'SeasonType': 'Regular Season', 'TeamId': '1611661325', 'EntityId': '1611661325'}",shot_pace,1611661325,4Q/OT | margin -3..3 | 300..120,get-shots__shots__entity_type-Team__season-2025__season_type-Regular_Season__team_id-1611661325__entity_id-1611661325__44fa9629,get-shots,https://api.pbpstats.com/get-shots/wnba?EntityType=Team&Season=2025&SeasonType=Regular+Season&TeamId=1611661325&EntityId=1611661325,200,479,,,False,,,,1611661328,49.0,123,2025-08-26,1022500243,1627672-1628909-1629488-1641648-203035,True,SEA,1628931-1642798-203014-203400-204365,,,,,,1611661325,1,Shey Peddy,203035,39,01:04,0,,203014,Nneka Ogwumike,0,,0,,False,7,,3.1,0.5189,49.0,AtRim,2,64.0,OffCorner3Make,IND,00:49,,29,11,False,shots,4Q/OT | margin -3..3 | 300..120,team
wnba,wnba_shot_pace,shot_pace,shots,get-shots,2025,Regular Season,team,"{'EntityType': 'Team', 'Season': '2025', 'SeasonType': 'Regular Season', 'TeamId': '1611661325', 'EntityId': '1611661325'}",shot_pace,1611661325,4Q/OT | margin -3..3 | 300..120,get-shots__shots__entity_type-Team__season-2025__season_type-Regular_Season__team_id-1611661325__entity_id-1611661325__44fa9629,get-shots,https://api.pbpstats.com/get-shots/wnba?EntityType=Team&Season=2025&SeasonType=Regular+Season&TeamId=1611661325&EntityId=1611661325,200,480,,,,,,False,1611661328,74.0,119,2025-08-26,1022500243,1627672-1628909-1629488-1641648-203035,False,SEA,1628931-1642798-203014-203400-204365,,,,,,1611661325,1,Aliyah Boston,1641648,37,01:29,1641648,Aliyah Boston,1628931,Gabby Williams,0,,0,,False,10,,6.1,0.3939,77.0,ShortMidRange,2,89.0,OffShortMidRangeMiss,IND,01:17,,-17,59,False,shots,4Q/OT | margin -3..3 | 300..120,team
wnba,wnba_shot_pace,shot_pace,shots,get-shots,2025,Regular Season,team,"{'EntityType': 'Team', 'Season': '2025', 'SeasonType': 'Regular Season', 'TeamId': '1611661325', 'EntityId': '1611661325'}",shot_pace,1611661325,4Q/OT | margin -3..3 | 300..120,get-shots__shots__entity_type-Team__season-2025__season_type-Regular_Season__team_id-1611661325__entity_id-1611661325__44fa9629,get-shots,https://api.pbpstats.com/get-shots/wnba?EntityType=Team&Season=2025&SeasonType=Regular+Season&TeamId=1611661325&EntityId=1611661325,200,481,,,,Skylar Diggins,203400.0,True,1611661328,102.0,111,2025-08-26,1022500243,1627672-1628909-1629488-1641648-203035,False,SEA,1628931-1642798-203014-203400-204365,Aliyah Boston,1641648.0,Kelsey Mitchell,1628909.0,ShortMidRangeBlocked,1611661325,1,Aliyah Boston,1641648,35,01:50,0,,0,,1641648,Aliyah Boston,203400,Skylar Diggins,True,10,0.0,4.0,0.4531,102.0,ShortMidRange,2,110.0,OffLiveBallTurnover,IND,01:42,,-1,40,False,shots,4Q/OT | margin -3..3 | 300..120,team
wnba,wnba_shot_pace,shot_pace,shots,get-shots,2025,Regular Season,team,"{'EntityType': 'Team', 'Season': '2025', 'SeasonType': 'Regular Season', 'TeamId': '1611661325', 'EntityId': '1611661325'}",shot_pace,1611661325,4Q/OT | margin -3..3 | 300..120,get-shots__shots__entity_type-Team__season-2025__season_type-Regular_Season__team_id-1611661325__entity_id-1611661325__44fa9629,get-shots,https://api.pbpstats.com/get-shots/wnba?EntityType=Team&Season=2025&SeasonType=Regular+Season&TeamId=1611661325&EntityId=1611661325,200,482,,,,Skylar Diggins,203400.0,True,1611661328,102.0,108,2025-08-26,1022500243,1627672-1628909-1629488-1641648-203035,False,SEA,1628931-1642798-203014-203400-204365,,,,,,1611661325,1,Kelsey Mitchell,1628909,35,01:50,0,,0,,1641648,Aliyah Boston,203400,Skylar Diggins,False,10,,4.4,0.6307,105.0,ShortMidRange,2,110.0,OffLiveBallTurnover,IND,01:45,,-35,26,False,shots,4Q/OT | margin -3..3 | 300..120,team
wnba,wnba_shot_pace,shot_pace,shots,get-shots,2025,Regular Season,team,"{'EntityType': 'Team', 'Season': '2025', 'SeasonType': 'Regular Season', 'TeamId': '1611661325', 'EntityId': '1611661325'}",shot_pace,1611661325,4Q/OT | margin -3..3 | 300..120,get-shots__shots__entity_type-Team__season-2025__season_type-Regular_Season__team_id-1611661325__entity_id-1611661325__44fa9629,get-shots,https://api.pbpstats.com/get-shots/wnba?EntityType=Team&Season=2025&SeasonType=Regular+Season&TeamId=1611661325&EntityId=1611661325,200,483,Aerial Powers,1627672.0,True,,,,1611661328,131.0,104,2025-08-26,1022500243,1627672-1628909-1629488-1641648-203035,True,SEA,1628931-1642798-203014-203400-204365,,,,,,1611661325,1,Kelsey Mitchell,1628909,33,02:17,1629488,Brianna Turner,1642798,Dominique Malonga,0,,0,,False,7,,23.9,0.3824,131.0,Arc3,3,137.0,OffShortMidRangeBlock,IND,02:11,,-134,198,False,shots,4Q/OT | margin -3..3 | 300..120,team
wnba,wnba_shot_pace,shot_pace,shots,get-shots,2025,Regular Season,team,"{'EntityType': 'Team', 'Season': '2025', 'SeasonType': 'Regular Season', 'TeamId': '1611661325', 'EntityId': '1611661325'}",shot_pace,1611661325,4Q/OT | margin -3..3 | 300..120,get-shots__shots__entity_type-Team__season-2025__season_type-Regular_Season__team_id-1611661325__entity_id-1611661325__44fa9629,get-shots,https://api.pbpstats.com/get-shots/wnba?EntityType=Team&Season=2025&SeasonType=Regular+Season&TeamId=1611661325&EntityId=1611661325,200,484,,,,,,False,1611661328,188.0,90,2025-08-26,1022500243,1627672-1628909-1629488-1641648-203035,False,SEA,1628279-1628931-1629496-1642798-204365,,,,,,1611661325,1,Aliyah Boston,1641648,29,03:20,1627672,Aerial Powers,1642798,Dominique Malonga,0,,0,,False,9,,24.8,0.3983,193.0,Arc3,3,200.0,OffArc3Miss,IND,03:13,,-121,216,False,shots,4Q/OT | margin -3..3 | 300..120,team
wnba,wnba_shot_pace,shot_pace,shots,get-shots,2025,Regular Season,team,"{'EntityType': 'Team', 'Season': '2025', 'SeasonType': 'Regular Season', 'TeamId': '1611661325', 'EntityId': '1611661325'}",shot_pace,1611661325,4Q/OT | margin -3..3 | 300..120,get-shots__shots__entity_type-Team__season-2025__season_type-Regular_Season__team_id-1611661325__entity_id-1611661325__44fa9629,get-shots,https://api.pbpstats.com/get-shots/wnba?EntityType=Team&Season=2025&SeasonType=Regular+Season&TeamId=1611661325&EntityId=1611661325,200,485,,,False,,,,1611661328,216.0,87,2025-08-26,1022500243,1627672-1628909-1629488-1641648-203035,True,SEA,1628279-1628931-1629496-1642798-204365,Aerial Powers,1627672.0,Aliyah Boston,1641648.0,AtRim,1611661325,1,Aerial Powers,1627672,27,03:52,0,,0,,0,,0,,True,7,1.0,2.5,0.5483,216.0,AtRim,2,232.0,OffDeadball,IND,03:36,,-23,11,False,shots,4Q/OT | margin -3..3 | 300..120,team
wnba,wnba_shot_pace,shot_pace,shots,get-shots,2025,Regular Season,team,"{'EntityType': 'Team', 'Season': '2025', 'SeasonType': 'Regular Season', 'TeamId': '1611661325', 'EntityId': '1611661325'}",shot_pace,1611661325,4Q/OT | margin -3..3 | 300..120,get-shots__shots__entity_type-Team__season-2025__season_type-Regular_Season__team_id-1611661325__entity_id-1611661325__44fa9629,get-shots,https://api.pbpstats.com/get-shots/wnba?EntityType=Team&Season=2025&SeasonType=Regular+Season&TeamId=1611661325&EntityId=1611661325,200,486,,,,,,False,1611661328,216.0,85,2025-08-26,1022500243,1627672-1628909-1629488-1641648-203035,False,SEA,1628279-1628931-1629496-1642798-204365,,,,,,1611661325,1,Aliyah Boston,1641648,27,03:52,0,,0,,0,,0,,False,7,,2.2,0.6175,219.0,AtRim,2,232.0,OffDeadball,IND,03:39,,21,-5,False,shots,4Q/OT | margin -3..3 | 300..120,team
wnba,wnba_shot_pace,shot_pace,shots,get-shots,2025,Regular Season,team,"{'EntityType': 'Team', 'Season': '2025', 'SeasonType': 'Regular Season', 'TeamId': '1611661325', 'EntityId': '1611661325'}",shot_pace,1611661325,4Q/OT | margin -3..3 | 300..120,get-shots__shots__entity_type-Team__season-2025__season_type-Regular_Season__team_id-1611661325__entity_id-1611661325__44fa9629,get-shots,https://api.pbpstats.com/get-shots/wnba?EntityType=Team&Season=2025&SeasonType=Regular+Season&TeamId=1611661325&EntityId=1611661325,200,487,,,,,,False,1611661328,240.0,80,2025-08-26,1022500243,1627672-1628909-1629488-1641648-203824,False,SEA,1628279-1628931-1629496-1642798-204365,,,,,,1611661325,1,Kelsey Mitchell,1628909,25,04:10,1627672,Aerial Powers,1628279,Brittney Sykes,0,,0,,False,7,,4.1,0.5019,242.0,ShortMidRange,2,250.0,OffArc3Miss,IND,04:02,,26,32,False,shots,4Q/OT | margin -3..3 | 300..120,team
wnba,wnba_shot_pace,shot_pace,shots,get-shots,2025,Regular Season,team,"{'EntityType': 'Team', 'Season': '2025', 'SeasonType': 'Regular Season', 'TeamId': '1611661325', 'EntityId': '1611661325'}",shot_pace,1611661325,4Q/OT | margin -3..3 | 300..120,get-shots__shots__entity_type-Team__season-2025__season_type-Regular_Season__team_id-1611661325__entity_id-1611661325__44fa9629,get-shots,https://api.pbpstats.com/get-shots/wnba?EntityType=Team&Season=2025&SeasonType=Regular+Season&TeamId=1611661325&EntityId=1611661325,200,488,,,,,,False,1611661328,271.0,76,2025-08-26,1022500243,1627672-1628909-1629488-1641648-203824,False,SEA,1628279-1628931-1629496-1642798-204365,,0.0,Natasha Howard,203827.0,TeamBlocked,1611661325,1,Kelsey Mitchell,1628909,23,04:57,203824,Odyssey Sims,203014,Nneka Ogwumike,0,,0,,False,7,2.0,24.0,0.3412,274.0,Arc3,3,297.0,OffShortMidRangeMiss,IND,04:34,,160,179,False,shots,4Q/OT | margin -3..3 | 300..120,team
wnba,wnba_shot_pace,shot_pace,shots,get-shots,2025,Regular Season,team,"{'EntityType': 'Team', 'Season': '2025', 'SeasonType': 'Regular Season', 'TeamId': '1611661325', 'EntityId': '1611661325'}",shot_pace,1611661325,4Q/OT | margin -3..3 | 300..120,get-shots__shots__entity_type-Team__season-2025__season_type-Regular_Season__team_id-1611661325__entity_id-1611661325__44fa9629,get-shots,https://api.pbpstats.com/get-shots/wnba?EntityType=Team&Season=2025&SeasonType=Regular+Season&TeamId=1611661325&EntityId=1611661325,200,489,,,,Dominique Malonga,1642798.0,True,1611661328,271.0,68,2025-08-26,1022500243,1627672-1628909-1641648-203824-203827,False,SEA,1628279-1629496-1642798-203400-204365,,,,,,1611661325,1,Natasha Howard,203827,23,04:57,203824,Odyssey Sims,203014,Nneka Ogwumike,0,,0,,False,7,,3.8,0.4717,276.0,AtRim,2,297.0,OffShortMidRangeMiss,IND,04:36,,-28,25,False,shots,4Q/OT | margin -3..3 | 300..120,team
wnba,wnba_shot_pace,shot_pace,shots,get-shots,2025,Regular Season,team,"{'EntityType': 'Team', 'Season': '2025', 'SeasonType': 'Regular Season', 'TeamId': '1611661325', 'EntityId': '1611661325'}",shot_pace,1611661325,4Q/OT | margin -3..3 | 300..120,get-shots__shots__entity_type-Team__season-2025__season_type-Regular_Season__team_id-1611661325__entity_id-1611661325__44fa9629,get-shots,https://api.pbpstats.com/get-shots/wnba?EntityType=Team&Season=2025&SeasonType=Regular+Season&TeamId=1611661325&EntityId=1611661325,200,490,,,,,,False,1611661328,319.0,61,2025-08-26,1022500243,1627672-1628909-1641648-203824-203827,False,SEA,1628279-1629496-203014-203400-204365,,,,,,1611661325,1,Kelsey Mitchell,1628909,21,05:33,0,,0,,0,,0,,False,7,,17.8,0.4214,321.0,LongMidRange,2,333.0,OffFTMake,IND,05:21,,-151,95,False,shots,4Q/OT | margin -3..3 | 300..120,team
wnba,wnba_shot_pace,shot_pace,shots,get-shots,2025,Regular Season,team,"{'EntityType': 'Team', 'Season': '2025', 'SeasonType': 'Regular Season', 'TeamId': '1611661325', 'EntityId': '1611661325'}",shot_pace,1611661325,4Q/OT | margin -3..3 | 300..120,get-shots__shots__entity_type-Team__season-2025__season_type-Regular_Season__team_id-1611661325__entity_id-1611661325__44fa9629,get-shots,https://api.pbpstats.com/get-shots/wnba?EntityType=Team&Season=2025&SeasonType=Regular+Season&TeamId=1611661325&EntityId=1611661325,200,491,Aliyah Boston,1641648.0,True,,,,1611661328,356.0,54,2025-08-26,1022500243,1627672-1628909-1641648-203824-203827,True,SEA,1628279-1629496-203014-203400-204365,,,,,,1611661325,1,Kelsey Mitchell,1628909,19,06:00,0,,0,,1641648,Aliyah Boston,1628279,Brittney Sykes,False,8,,1.9,0.8246,356.0,AtRim,2,360.0,OffLiveBallTurnover,IND,05:56,,16,10,False,shots,4Q/OT | margin -3..3 | 300..120,team
wnba,wnba_shot_pace,shot_pace,shots,get-shots,2025,Regular Season,team,"{'EntityType': 'Team', 'Season': '2025', 'SeasonType': 'Regular Season', 'TeamId': '1611661325', 'EntityId': '1611661325'}",shot_pace,1611661325,4Q/OT | margin -3..3 | 300..120,get-shots__shots__entity_type-Team__season-2025__season_type-Regular_Season__team_id-1611661325__entity_id-1611661325__44fa9629,get-shots,https://api.pbpstats.com/get-shots/wnba?EntityType=Team&Season=2025&SeasonType=Regular+Season&TeamId=1611661325&EntityId=1611661325,200,492,,,False,,,,1611661328,371.0,50,2025-08-26,1022500243,1627672-1628909-1641648-203824-203827,True,SEA,1628279-1629496-203014-203400-204365,,,,,,1611661325,1,Odyssey Sims,203824,17,06:19,1641648,Aliyah Boston,203400,Skylar Diggins,0,,0,,False,6,,4.8,0.4308,371.0,ShortMidRange,2,379.0,OffLongMidRangeMiss,IND,06:11,,-8,47,False,shots,4Q/OT | margin -3..3 | 300..120,team
wnba,wnba_shot_pace,shot_pace,shots,get-shots,2025,Regular Season,team,"{'EntityType': 'Team', 'Season': '2025', 'SeasonType': 'Regular Season', 'TeamId': '1611661325', 'EntityId': '1611661325'}",shot_pace,1611661325,4Q/OT | margin -3..3 | 300..120,get-shots__shots__entity_type-Team__season-2025__season_type-Regular_Season__team_id-1611661325__entity_id-1611661325__44fa9629,get-shots,https://api.pbpstats.com/get-shots/wnba?EntityType=Team&Season=2025&SeasonType=Regular+Season&TeamId=1611661325&EntityId=1611661325,200,493,,,False,,,,1611661328,399.0,47,2025-08-26,1022500243,1627672-1628909-1641648-203824-203827,True,SEA,1628279-1629496-203014-203400-204365,,,,,,1611661325,1,Odyssey Sims,203824,15,06:47,0,,1629496,Ezi Magbegor,0,,0,,False,3,,25.1,0.3725,399.0,Arc3,3,407.0,OffAtRimMake,IND,06:39,,-130,215,False,shots,4Q/OT | margin -3..3 | 300..120,team
wnba,wnba_shot_pace,shot_pace,shots,get-shots,2025,Regular Season,team,"{'EntityType': 'Team', 'Season': '2025', 'SeasonType': 'Regular Season', 'TeamId': '1611661325', 'EntityId': '1611661325'}",shot_pace,1611661325,4Q/OT | margin -3..3 | 300..120,get-shots__shots__entity_type-Team__season-2025__season_type-Regular_Season__team_id-1611661325__entity_id-1611661325__44fa9629,get-shots,https://api.pbpstats.com/get-shots/wnba?EntityType=Team&Season=2025&SeasonType=Regular+Season&TeamId=1611661325&EntityId=1611661325,200,494,Odyssey Sims,203824.0,True,,,,1611661328,447.0,32,2025-08-26,1022500243,1628909-1631086-1641648-203824-203827,True,SEA,1628279-1628931-1629496-203014-203400,,,,,,1611661325,1,Kelsey Mitchell,1628909,11,07:35,0,,203014,Nneka Ogwumike,0,,0,,False,2,,24.4,0.3807,447.0,Corner3,3,455.0,OffShortMidRangeMake,IND,07:27,,230,81,False,shots,4Q/OT | margin -3..3 | 300..120,team
wnba,wnba_shot_pace,shot_pace,shots,get-shots,2025,Regular Season,team,"{'EntityType': 'Team', 'Season': '2025', 'SeasonType': 'Regular Season', 'TeamId': '1611661325', 'EntityId': '1611661325'}",shot_pace,1611661325,4Q/OT | margin -3..3 | 300..120,get-shots__shots__entity_type-Team__season-2025__season_type-Regular_Season__team_id-1611661325__entity_id-1611661325__44fa9629,get-shots,https://api.pbpstats.com/get-shots/wnba?EntityType=Team&Season=2025&SeasonType=Regular+Season&TeamId=1611661325&EntityId=1611661325,200,495,,,,Skylar Diggins,203400.0,True,1611661328,470.0,26,2025-08-26,1022500243,1628909-1631086-1641648-203824-203827,False,SEA,1628279-1628931-1629496-203014-203400,,,,,,1611661325,1,Odyssey Sims,203824,9,08:04,0,,0,,0,,0,,False,4,,8.1,0.3997,471.0,ShortMidRange,2,484.0,OffDeadball,IND,07:51,,-19,79,False,shots,4Q/OT | margin -3..3 | 300..120,team
wnba,wnba_shot_pace,shot_pace,shots,get-shots,2025,Regular Season,team,"{'EntityType': 'Team', 'Season': '2025', 'SeasonType': 'Regular Season', 'TeamId': '1611661325', 'EntityId': '1611661325'}",shot_pace,1611661325,4Q/OT | margin -3..3 | 300..120,get-shots__shots__entity_type-Team__season-2025__season_type-Regular_Season__team_id-1611661325__entity_id-1611661325__44fa9629,get-shots,https://api.pbpstats.com/get-shots/wnba?EntityType=Team&Season=2025&SeasonType=Regular+Season&TeamId=1611661325&EntityId=1611661325,200,496,Natasha Howard,203827.0,True,,,,1611661328,534.0,16,2025-08-26,1022500243,1628909-1631086-1641648-203824-203827,True,SEA,1628279-1628931-1629496-203014-203400,,,,,,1611661325,1,Kelsey Mitchell,1628909,5,09:02,203827,Natasha Howard,1628931,Gabby Williams,0,,0,,False,0,,2.8,0.5801,534.0,AtRim,2,542.0,OffArc3Miss,IND,08:54,,-19,20,False,shots,4Q/OT | margin -3..3 | 300..120,team
wnba,wnba_shot_pace,shot_pace,shots,get-shots,2025,Regular Season,team,"{'EntityType': 'Team', 'Season': '2025', 'SeasonType': 'Regular Season', 'TeamId': '1611661325', 'EntityId': '1611661325'}",shot_pace,1611661325,4Q/OT | margin -3..3 | 300..120,get-shots__shots__entity_type-Team__season-2025__season_type-Regular_Season__team_id-1611661325__entity_id-1611661325__44fa9629,get-shots,https://api.pbpstats.com/get-shots/wnba?EntityType=Team&Season=2025&SeasonType=Regular+Season&TeamId=1611661325&EntityId=1611661325,200,497,,,False,,,,1611661328,595.0,7,2025-08-26,1022500243,1628909-1631086-1641648-203824-203827,True,SEA,1628279-1628931-1629496-203014-203400,,,,,,1611661325,1,Odyssey Sims,203824,1,10:00,0,,0,,0,,0,,False,0,,2.3,0.5655,595.0,AtRim,2,600.0,OffDeadball,IND,09:55,,-19,13,False,shots,4Q/OT | margin -3..3 | 300..120,team
wnba,wnba_shot_pace,shot_pace,shots,get-shots,2025,Regular Season,team,"{'EntityType': 'Team', 'Season': '2025', 'SeasonType': 'Regular Season', 'TeamId': '1611661325', 'EntityId': '1611661325'}",shot_pace,1611661325,4Q/OT | margin -3..3 | 300..120,get-shots__shots__entity_type-Team__season-2025__season_type-Regular_Season__team_id-1611661325__entity_id-1611661325__44fa9629,get-shots,https://api.pbpstats.com/get-shots/wnba?EntityType=Team&Season=2025&SeasonType=Regular+Season&TeamId=1611661325&EntityId=1611661325,200,498,Aerial Powers,1627672.0,True,,,,1611661324,9.0,567,2025-08-24,1022500240,1627672-1629488-1642815-203035-203824,True,MIN,1629491-1629524-1642320-1642344-1642797,,,,,,1611661325,4,Brianna Turner,1629488,37,00:27,0,,1629524,Bridget Carleton,0,,0,,False,-15,,1.6,0.7173,9.0,AtRim,2,27.0,OffLongMidRangeMake,IND,00:09,,13,10,False,shots,4Q/OT | margin -3..3 | 300..120,team
wnba,wnba_shot_pace,shot_pace,shots,get-shots,2025,Regular Season,team,"{'EntityType': 'Team', 'Season': '2025', 'SeasonType': 'Regular Season', 'TeamId': '1611661325', 'EntityId': '1611661325'}",shot_pace,1611661325,4Q/OT | margin -3..3 | 300..120,get-shots__shots__entity_type-Team__season-2025__season_type-Regular_Season__team_id-1611661325__entity_id-1611661325__44fa9629,get-shots,https://api.pbpstats.com/get-shots/wnba?EntityType=Team&Season=2025&SeasonType=Regular+Season&TeamId=1611661325&EntityId=1611661325,200,499,Aerial Powers,1627672.0,True,,,,1611661324,49.0,559,2025-08-24,1022500240,1627672-1629488-1642815-203035-203824,True,MIN,1629491-1629524-1642320-1642344-1642797,,,,,,1611661325,4,Makayla Timpson,1642815,35,01:02,0,,0,,0,,0,,False,-15,,2.0,0.624,49.0,AtRim,2,62.0,OffDeadball,IND,00:49,,15,13,False,shots,4Q/OT | margin -3..3 | 300..120,team
