league,job_id,job_family,variant,endpoint,season,season_type,scope,request_params,source,team_id,clutch_window,request_id,request_table,request_url,request_status,request_row_index,end_time,events,fg2a,fg2m,fg3a,fg3m,game_date,game_id,non_shooting_fouls_that_resulted_in_fts,offensive_rebounds,opponent,period,shooting_fouls_drawn,start_score_differential,start_time,start_type,turnovers,video_urls,is_playoffs,job_variant,window_label,request_scope
wnba,wnba_shot_pace,shot_pace,possessions,get-possessions,2023,Playoffs,team,"{'OffDef': 'Offense', 'FilterComparison': 'Exactly', 'FilterEvent': 'OnFloor', 'FilterValue': 5, 'StartType': 'All', 'Season': '2023', 'SeasonType': 'Playoffs', 'TeamId': '1611661313'}",shot_pace,1611661313,4Q/OT | margin -3..3 | 300..120,get-possessions__possessions__off_def-Offense__filter_comparison-Exactly__filter_event-OnFloor__filter_value-5__start_type-All__season-2023__season_type-Playoffs__team_id-1611661313__f001ca9b,get-possessions,https://api.pbpstats.com/get-possessions/wnba?OffDef=Offense&FilterComparison=Exactly&FilterEvent=OnFloor&FilterValue=5&StartType=All&Season=2023&SeasonType=Playoffs&TeamId=1611661313,200,0,00:00,"MISS Vandersloot 18' Jump Shot
Jones REBOUND (Off:4 Def:7)
",1,0,0,0,2023-10-18,1042300304,0,1,LVA,4,0,-1,00:15,Off Timeout,0,"[{""description"": ""MISS Vandersloot 18' Jump Shot"", ""url"": """"}, {""description"": ""Jones REBOUND (Off:4 Def:7)"", ""url"": """"}]",True,possessions,4Q/OT | margin -3..3 | 300..120,team
wnba,wnba_shot_pace,shot_pace,possessions,get-possessions,2023,Playoffs,team,"{'OffDef': 'Offense', 'FilterComparison': 'Exactly', 'FilterEvent': 'OnFloor', 'FilterValue': 5, 'StartType': 'All', 'Season': '2023', 'SeasonType': 'Playoffs', 'TeamId': '1611661313'}",shot_pace,1611661313,4Q/OT | margin -3..3 | 300..120,get-possessions__possessions__off_def-Offense__filter_comparison-Exactly__filter_event-OnFloor__filter_value-5__start_type-All__season-2023__season_type-Playoffs__team_id-1611661313__f001ca9b,get-possessions,https://api.pbpstats.com/get-possessions/wnba?OffDef=Offense&FilterComparison=Exactly&FilterEvent=OnFloor&FilterValue=5&StartType=All&Season=2023&SeasonType=Playoffs&TeamId=1611661313,200,1,00:41,"Ionescu 15' Pullup Jump Shot (13 PTS) (Vandersloot 6 AST)
",1,1,0,0,2023-10-18,1042300304,0,0,LVA,4,0,-3,00:55,Off Steal,0,"[{""description"": ""Ionescu 15' Pullup Jump Shot (13 PTS) (Vandersloot 6 AST)"", ""url"": """"}]",True,possessions,4Q/OT | margin -3..3 | 300..120,team
wnba,wnba_shot_pace,shot_pace,possessions,get-possessions,2023,Playoffs,team,"{'OffDef': 'Offense', 'FilterComparison': 'Exactly', 'FilterEvent': 'OnFloor', 'FilterValue': 5, 'StartType': 'All', 'Season': '2023', 'SeasonType': 'Playoffs', 'TeamId': '1611661313'}",shot_pace,1611661313,4Q/OT | margin -3..3 | 300..120,get-possessions__possessions__off_def-Offense__filter_comparison-Exactly__filter_event-OnFloor__filter_value-5__start_type-All__season-2023__season_type-Playoffs__team_id-1611661313__f001ca9b,get-possessions,https://api.pbpstats.com/get-possessions/wnba?OffDef=Offense&FilterComparison=Exactly&FilterEvent=OnFloor&FilterValue=5&StartType=All&Season=2023&SeasonType=Playoffs&TeamId=1611661313,200,2,01:13,"Vandersloot 24' 3PT Jump Shot (19 PTS) (Jones 1 AST)
",0,0,1,1,2023-10-18,1042300304,0,0,LVA,4,0,-6,01:27,Off Timeout,0,"[{""description"": ""Vandersloot 24' 3PT Jump Shot (19 PTS) (Jones 1 AST)"", ""url"": """"}]",True,possessions,4Q/OT | margin -3..3 | 300..120,team
wnba,wnba_shot_pace,shot_pace,possessions,get-possessions,2023,Playoffs,team,"{'OffDef': 'Offense', 'FilterComparison': 'Exactly', 'FilterEvent': 'OnFloor', 'FilterValue': 5, 'StartType': 'All', 'Season': '2023', 'SeasonType': 'Playoffs', 'TeamId': '1611661313'}",shot_pace,1611661313,4Q/OT | margin -3..3 | 300..120,get-possessions__possessions__off_def-Offense__filter_comparison-Exactly__filter_event-OnFloor__filter_value-5__start_type-All__season-2023__season_type-Playoffs__team_id-1611661313__f001ca9b,get-possessions,https://api.pbpstats.com/get-possessions/wnba?OffDef=Offense&FilterComparison=Exactly&FilterEvent=OnFloor&FilterValue=5&StartType=All&Season=2023&SeasonType=Playoffs&TeamId=1611661313,200,3,01:49,"MISS Stewart 25' 3PT Jump Shot
Wilson REBOUND (Off:0 Def:16)
",0,0,1,0,2023-10-18,1042300304,0,0,LVA,4,0,-4,02:04,Off FT Make,0,"[{""description"": ""MISS Stewart 25' 3PT Jump Shot"", ""url"": """"}, {""description"": ""Wilson REBOUND (Off:0 Def:16)"", ""url"": """"}]",True,possessions,4Q/OT | margin -3..3 | 300..120,team
wnba,wnba_shot_pace,shot_pace,possessions,get-possessions,2023,Playoffs,team,"{'OffDef': 'Offense', 'FilterComparison': 'Exactly', 'FilterEvent': 'OnFloor', 'FilterValue': 5, 'StartType': 'All', 'Season': '2023', 'SeasonType': 'Playoffs', 'TeamId': '1611661313'}",shot_pace,1611661313,4Q/OT | margin -3..3 | 300..120,get-possessions__possessions__off_def-Offense__filter_comparison-Exactly__filter_event-OnFloor__filter_value-5__start_type-All__season-2023__season_type-Playoffs__team_id-1611661313__f001ca9b,get-possessions,https://api.pbpstats.com/get-possessions/wnba?OffDef=Offense&FilterComparison=Exactly&FilterEvent=OnFloor&FilterValue=5&StartType=All&Season=2023&SeasonType=Playoffs&TeamId=1611661313,200,4,02:17,"Ionescu Out of Bounds - Bad Pass Turnover Turnover (P3.T13)
",0,0,0,0,2023-10-18,1042300304,0,0,LVA,4,0,-2,02:25,Off At Rim Make,1,"[{""description"": ""Ionescu Out of Bounds - Bad Pass Turnover Turnover (P3.T13)"", ""url"": """"}]",True,possessions,4Q/OT | margin -3..3 | 300..120,team
wnba,wnba_shot_pace,shot_pace,possessions,get-possessions,2023,Playoffs,team,"{'OffDef': 'Offense', 'FilterComparison': 'Exactly', 'FilterEvent': 'OnFloor', 'FilterValue': 5, 'StartType': 'All', 'Season': '2023', 'SeasonType': 'Playoffs', 'TeamId': '1611661313'}",shot_pace,1611661313,4Q/OT | margin -3..3 | 300..120,get-possessions__possessions__off_def-Offense__filter_comparison-Exactly__filter_event-OnFloor__filter_value-5__start_type-All__season-2023__season_type-Playoffs__team_id-1611661313__f001ca9b,get-possessions,https://api.pbpstats.com/get-possessions/wnba?OffDef=Offense&FilterComparison=Exactly&FilterEvent=OnFloor&FilterValue=5&StartType=All&Season=2023&SeasonType=Playoffs&TeamId=1611661313,200,5,02:44,"Clark P.FOUL (P3.T2)
MISS Stewart 6' Floating Jump Shot
Jones REBOUND (Off:3 Def:7)
Jones 3' Putback Layup (6 PTS)
",2,1,0,0,2023-10-18,1042300304,0,1,LVA,4,0,-2,03:01,Off Timeout,0,"[{""description"": ""Clark P.FOUL (P3.T2)"", ""url"": """"}, {""description"": ""MISS Stewart 6' Floating Jump Shot"", ""url"": """"}, {""description"": ""Jones REBOUND (Off:3 Def:7)"", ""url"": """"}, {""description"": ""Jones 3' Putback Layup (6 PTS)"", ""url"": """"}]",True,possessions,4Q/OT | margin -3..3 | 300..120,team
wnba,wnba_shot_pace,shot_pace,possessions,get-possessions,2023,Playoffs,team,"{'OffDef': 'Offense', 'FilterComparison': 'Exactly', 'FilterEvent': 'OnFloor', 'FilterValue': 5, 'StartType': 'All', 'Season': '2023', 'SeasonType': 'Playoffs', 'TeamId': '1611661313'}",shot_pace,1611661313,4Q/OT | margin -3..3 | 300..120,get-possessions__possessions__off_def-Offense__filter_comparison-Exactly__filter_event-OnFloor__filter_value-5__start_type-All__season-2023__season_type-Playoffs__team_id-1611661313__f001ca9b,get-possessions,https://api.pbpstats.com/get-possessions/wnba?OffDef=Offense&FilterComparison=Exactly&FilterEvent=OnFloor&FilterValue=5&StartType=All&Season=2023&SeasonType=Playoffs&TeamId=1611661313,200,6,03:21,"MISS Jones 3' Reverse Layup
Clark REBOUND (Off:4 Def:4)
",1,0,0,0,2023-10-18,1042300304,0,0,LVA,4,0,-2,03:45,Off FT Make,0,"[{""description"": ""MISS Jones 3' Reverse Layup"", ""url"": """"}, {""description"": ""Clark REBOUND (Off:4 Def:4)"", ""url"": """"}]",True,possessions,4Q/OT | margin -3..3 | 300..120,team
wnba,wnba_shot_pace,shot_pace,possessions,get-possessions,2023,Playoffs,team,"{'OffDef': 'Offense', 'FilterComparison': 'Exactly', 'FilterEvent': 'OnFloor', 'FilterValue': 5, 'StartType': 'All', 'Season': '2023', 'SeasonType': 'Playoffs', 'TeamId': '1611661313'}",shot_pace,1611661313,4Q/OT | margin -3..3 | 300..120,get-possessions__possessions__off_def-Offense__filter_comparison-Exactly__filter_event-OnFloor__filter_value-5__start_type-All__season-2023__season_type-Playoffs__team_id-1611661313__f001ca9b,get-possessions,https://api.pbpstats.com/get-possessions/wnba?OffDef=Offense&FilterComparison=Exactly&FilterEvent=OnFloor&FilterValue=5&StartType=All&Season=2023&SeasonType=Playoffs&TeamId=1611661313,200,7,04:08,"MISS Stewart 11' Hook Shot
Stewart REBOUND (Off:1 Def:13)
MISS Ionescu 26' 3PT Jump Shot
Young REBOUND (Off:0 Def:2)
",1,0,1,0,2023-10-18,1042300304,0,1,LVA,4,0,0,04:28,Off Arc 3 Miss,0,"[{""description"": ""MISS Stewart 11' Hook Shot"", ""url"": """"}, {""description"": ""Stewart REBOUND (Off:1 Def:13)"", ""url"": """"}, {""description"": ""MISS Ionescu 26' 3PT Jump Shot"", ""url"": """"}, {""description"": ""Young REBOUND (Off:0 Def:2)"", ""url"": """"}]",True,possessions,4Q/OT | margin -3..3 | 300..120,team
wnba,wnba_shot_pace,shot_pace,possessions,get-possessions,2023,Playoffs,team,"{'OffDef': 'Offense', 'FilterComparison': 'Exactly', 'FilterEvent': 'OnFloor', 'FilterValue': 5, 'StartType': 'All', 'Season': '2023', 'SeasonType': 'Playoffs', 'TeamId': '1611661313'}",shot_pace,1611661313,4Q/OT | margin -3..3 | 300..120,get-possessions__possessions__off_def-Offense__filter_comparison-Exactly__filter_event-OnFloor__filter_value-5__start_type-All__season-2023__season_type-Playoffs__team_id-1611661313__f001ca9b,get-possessions,https://api.pbpstats.com/get-possessions/wnba?OffDef=Offense&FilterComparison=Exactly&FilterEvent=OnFloor&FilterValue=5&StartType=All&Season=2023&SeasonType=Playoffs&TeamId=1611661313,200,8,04:51,"Vandersloot 3' Layup (16 PTS) (Laney 4 AST)
",1,1,0,0,2023-10-18,1042300304,0,0,LVA,4,0,-2,05:07,Off At Rim Make,0,"[{""description"": ""Vandersloot 3' Layup (16 PTS) (Laney 4 AST)"", ""url"": """"}]",True,possessions,4Q/OT | margin -3..3 | 300..120,team
wnba,wnba_shot_pace,shot_pace,possessions,get-possessions,2023,Playoffs,team,"{'OffDef': 'Offense', 'FilterComparison': 'Exactly', 'FilterEvent': 'OnFloor', 'FilterValue': 5, 'StartType': 'All', 'Season': '2023', 'SeasonType': 'Playoffs', 'TeamId': '1611661313'}",shot_pace,1611661313,4Q/OT | margin -3..3 | 300..120,get-possessions__possessions__off_def-Offense__filter_comparison-Exactly__filter_event-OnFloor__filter_value-5__start_type-All__season-2023__season_type-Playoffs__team_id-1611661313__f001ca9b,get-possessions,https://api.pbpstats.com/get-possessions/wnba?OffDef=Offense&FilterComparison=Exactly&FilterEvent=OnFloor&FilterValue=5&StartType=All&Season=2023&SeasonType=Playoffs&TeamId=1611661313,200,9,05:26,"Laney 3' Layup (15 PTS) (Ionescu 3 AST)
",1,1,0,0,2023-10-18,1042300304,0,0,LVA,4,0,-2,05:37,Off Short Mid-Range Miss,0,"[{""description"": ""Laney 3' Layup (15 PTS) (Ionescu 3 AST)"", ""url"": """"}]",True,possessions,4Q/OT | margin -3..3 | 300..120,team
wnba,wnba_shot_pace,shot_pace,possessions,get-possessions,2023,Playoffs,team,"{'OffDef': 'Offense', 'FilterComparison': 'Exactly', 'FilterEvent': 'OnFloor', 'FilterValue': 5, 'StartType': 'All', 'Season': '2023', 'SeasonType': 'Playoffs', 'TeamId': '1611661313'}",shot_pace,1611661313,4Q/OT | margin -3..3 | 300..120,get-possessions__possessions__off_def-Offense__filter_comparison-Exactly__filter_event-OnFloor__filter_value-5__start_type-All__season-2023__season_type-Playoffs__team_id-1611661313__f001ca9b,get-possessions,https://api.pbpstats.com/get-possessions/wnba?OffDef=Offense&FilterComparison=Exactly&FilterEvent=OnFloor&FilterValue=5&StartType=All&Season=2023&SeasonType=Playoffs&TeamId=1611661313,200,10,05:59,"MISS Stewart 7' Fadeaway Jumper
Clark REBOUND (Off:4 Def:3)
",1,0,0,0,2023-10-18,1042300304,0,0,LVA,4,0,-2,06:12,Off Short Mid-Range Miss,0,"[{""description"": ""MISS Stewart 7' Fadeaway Jumper"", ""url"": """"}, {""description"": ""Clark REBOUND (Off:4 Def:3)"", ""url"": """"}]",True,possessions,4Q/OT | margin -3..3 | 300..120,team
wnba,wnba_shot_pace,shot_pace,possessions,get-possessions,2023,Playoffs,team,"{'OffDef': 'Offense', 'FilterComparison': 'Exactly', 'FilterEvent': 'OnFloor', 'FilterValue': 5, 'StartType': 'All', 'Season': '2023', 'SeasonType': 'Playoffs', 'TeamId': '1611661313'}",shot_pace,1611661313,4Q/OT | margin -3..3 | 300..120,get-possessions__possessions__off_def-Offense__filter_comparison-Exactly__filter_event-OnFloor__filter_value-5__start_type-All__season-2023__season_type-Playoffs__team_id-1611661313__f001ca9b,get-possessions,https://api.pbpstats.com/get-possessions/wnba?OffDef=Offense&FilterComparison=Exactly&FilterEvent=OnFloor&FilterValue=5&StartType=All&Season=2023&SeasonType=Playoffs&TeamId=1611661313,200,11,06:36,"Ionescu 25' 3PT Running Jump Shot (11 PTS) (Stewart 5 AST)
",0,0,1,1,2023-10-18,1042300304,0,0,LVA,4,0,-5,06:42,Off Arc 3 Miss,0,"[{""description"": ""Ionescu 25' 3PT Running Jump Shot (11 PTS) (Stewart 5 AST)"", ""url"": """"}]",True,possessions,4Q/OT | margin -3..3 | 300..120,team
wnba,wnba_shot_pace,shot_pace,possessions,get-possessions,2023,Playoffs,team,"{'OffDef': 'Offense', 'FilterComparison': 'Exactly', 'FilterEvent': 'OnFloor', 'FilterValue': 5, 'StartType': 'All', 'Season': '2023', 'SeasonType': 'Playoffs', 'TeamId': '1611661313'}",shot_pace,1611661313,4Q/OT | margin -3..3 | 300..120,get-possessions__possessions__off_def-Offense__filter_comparison-Exactly__filter_event-OnFloor__filter_value-5__start_type-All__season-2023__season_type-Playoffs__team_id-1611661313__f001ca9b,get-possessions,https://api.pbpstats.com/get-possessions/wnba?OffDef=Offense&FilterComparison=Exactly&FilterEvent=OnFloor&FilterValue=5&StartType=All&Season=2023&SeasonType=Playoffs&TeamId=1611661313,200,12,07:09,"Laney 2' Driving Reverse Layup (13 PTS)
",1,1,0,0,2023-10-18,1042300304,0,0,LVA,4,0,-7,07:15,Off Long Mid-Range Miss,0,"[{""description"": ""Laney 2' Driving Reverse Layup (13 PTS)"", ""url"": """"}]",True,possessions,4Q/OT | margin -3..3 | 300..120,team
wnba,wnba_shot_pace,shot_pace,possessions,get-possessions,2023,Playoffs,team,"{'OffDef': 'Offense', 'FilterComparison': 'Exactly', 'FilterEvent': 'OnFloor', 'FilterValue': 5, 'StartType': 'All', 'Season': '2023', 'SeasonType': 'Playoffs', 'TeamId': '1611661313'}",shot_pace,1611661313,4Q/OT | margin -3..3 | 300..120,get-possessions__possessions__off_def-Offense__filter_comparison-Exactly__filter_event-OnFloor__filter_value-5__start_type-All__season-2023__season_type-Playoffs__team_id-1611661313__f001ca9b,get-possessions,https://api.pbpstats.com/get-possessions/wnba?OffDef=Offense&FilterComparison=Exactly&FilterEvent=OnFloor&FilterValue=5&StartType=All&Season=2023&SeasonType=Playoffs&TeamId=1611661313,200,13,07:35,"Vandersloot Bad Pass Turnover (P5.T12): Young STEAL (2 STL)
",0,0,0,0,2023-10-18,1042300304,0,0,LVA,4,0,-7,07:53,Off Dead Ball,1,"[{""description"": ""Vandersloot Bad Pass Turnover (P5.T12): Young STEAL (2 STL)"", ""url"": """"}]",True,possessions,4Q/OT | margin -3..3 | 300..120,team
wnba,wnba_shot_pace,shot_pace,possessions,get-possessions,2023,Playoffs,team,"{'OffDef': 'Offense', 'FilterComparison': 'Exactly', 'FilterEvent': 'OnFloor', 'FilterValue': 5, 'StartType': 'All', 'Season': '2023', 'SeasonType': 'Playoffs', 'TeamId': '1611661313'}",shot_pace,1611661313,4Q/OT | margin -3..3 | 300..120,get-possessions__possessions__off_def-Offense__filter_comparison-Exactly__filter_event-OnFloor__filter_value-5__start_type-All__season-2023__season_type-Playoffs__team_id-1611661313__f001ca9b,get-possessions,https://api.pbpstats.com/get-possessions/wnba?OffDef=Offense&FilterComparison=Exactly&FilterEvent=OnFloor&FilterValue=5&StartType=All&Season=2023&SeasonType=Playoffs&TeamId=1611661313,200,14,08:13,"Stewart Offensive Charge Foul (P2)
Stewart Offensive Foul Turnover (P3.T11)
",0,0,0,0,2023-10-18,1042300304,0,0,LVA,4,0,-7,08:23,Off Timeout,1,"[{""description"": ""Stewart Offensive Charge Foul (P2)"", ""url"": """"}, {""description"": ""Stewart Offensive Foul Turnover (P3.T11)"", ""url"": """"}]",True,possessions,4Q/OT | margin -3..3 | 300..120,team
wnba,wnba_shot_pace,shot_pace,possessions,get-possessions,2023,Playoffs,team,"{'OffDef': 'Offense', 'FilterComparison': 'Exactly', 'FilterEvent': 'OnFloor', 'FilterValue': 5, 'StartType': 'All', 'Season': '2023', 'SeasonType': 'Playoffs', 'TeamId': '1611661313'}",shot_pace,1611661313,4Q/OT | margin -3..3 | 300..120,get-possessions__possessions__off_def-Offense__filter_comparison-Exactly__filter_event-OnFloor__filter_value-5__start_type-All__season-2023__season_type-Playoffs__team_id-1611661313__f001ca9b,get-possessions,https://api.pbpstats.com/get-possessions/wnba?OffDef=Offense&FilterComparison=Exactly&FilterEvent=OnFloor&FilterValue=5&StartType=All&Season=2023&SeasonType=Playoffs&TeamId=1611661313,200,15,08:31,"MISS Laney 20' Jump Shot
Vandersloot REBOUND (Off:2 Def:3)
MISS Laney 10' Driving Layup
Wilson REBOUND (Off:0 Def:15)
",2,0,0,0,2023-10-18,1042300304,0,1,LVA,4,0,-4,08:54,Off At Rim Make,0,"[{""description"": ""MISS Laney 20' Jump Shot"", ""url"": """"}, {""description"": ""Vandersloot REBOUND (Off:2 Def:3)"", ""url"": """"}, {""description"": ""MISS Laney 10' Driving Layup"", ""url"": """"}, {""description"": ""Wilson REBOUND (Off:0 Def:15)"", ""url"": """"}]",True,possessions,4Q/OT | margin -3..3 | 300..120,team
wnba,wnba_shot_pace,shot_pace,possessions,get-possessions,2023,Playoffs,team,"{'OffDef': 'Offense', 'FilterComparison': 'Exactly', 'FilterEvent': 'OnFloor', 'FilterValue': 5, 'StartType': 'All', 'Season': '2023', 'SeasonType': 'Playoffs', 'TeamId': '1611661313'}",shot_pace,1611661313,4Q/OT | margin -3..3 | 300..120,get-possessions__possessions__off_def-Offense__filter_comparison-Exactly__filter_event-OnFloor__filter_value-5__start_type-All__season-2023__season_type-Playoffs__team_id-1611661313__f001ca9b,get-possessions,https://api.pbpstats.com/get-possessions/wnba?OffDef=Offense&FilterComparison=Exactly&FilterEvent=OnFloor&FilterValue=5&StartType=All&Season=2023&SeasonType=Playoffs&TeamId=1611661313,200,16,09:17,"Clark S.FOUL (P2.T1)
Stewart Free Throw 1 of 2 (9 PTS)
Stewart Free Throw 2 of 2 (10 PTS)
",0,0,0,0,2023-10-18,1042300304,0,0,LVA,4,1,-4,09:38,Off At Rim Make,0,"[{""description"": ""Clark S.FOUL (P2.T1)"", ""url"": """"}, {""description"": ""Stewart Free Throw 1 of 2 (9 PTS)"", ""url"": """"}, {""description"": ""Stewart Free Throw 2 of 2 (10 PTS)"", ""url"": """"}]",True,possessions,4Q/OT | margin -3..3 | 300..120,team
wnba,wnba_shot_pace,shot_pace,possessions,get-possessions,2023,Playoffs,team,"{'OffDef': 'Offense', 'FilterComparison': 'Exactly', 'FilterEvent': 'OnFloor', 'FilterValue': 5, 'StartType': 'All', 'Season': '2023', 'SeasonType': 'Playoffs', 'TeamId': '1611661313'}",shot_pace,1611661313,4Q/OT | margin -3..3 | 300..120,get-possessions__possessions__off_def-Offense__filter_comparison-Exactly__filter_event-OnFloor__filter_value-5__start_type-All__season-2023__season_type-Playoffs__team_id-1611661313__f001ca9b,get-possessions,https://api.pbpstats.com/get-possessions/wnba?OffDef=Offense&FilterComparison=Exactly&FilterEvent=OnFloor&FilterValue=5&StartType=All&Season=2023&SeasonType=Playoffs&TeamId=1611661313,200,17,00:00,"Colson P.FOUL (P5.T2)
MISS Thornton 31' 3PT Jump Shot
LIBERTY Rebound
",0,0,1,0,2023-10-18,1042300304,0,0,LVA,3,0,-2,00:19,Off FT Make,0,"[{""description"": ""Colson P.FOUL (P5.T2)"", ""url"": """"}, {""description"": ""MISS Thornton 31' 3PT Jump Shot"", ""url"": """"}, {""description"": ""LIBERTY Rebound"", ""url"": """"}]",True,possessions,4Q/OT | margin -3..3 | 300..120,team
wnba,wnba_shot_pace,shot_pace,possessions,get-possessions,2023,Playoffs,team,"{'OffDef': 'Offense', 'FilterComparison': 'Exactly', 'FilterEvent': 'OnFloor', 'FilterValue': 5, 'StartType': 'All', 'Season': '2023', 'SeasonType': 'Playoffs', 'TeamId': '1611661313'}",shot_pace,1611661313,4Q/OT | margin -3..3 | 300..120,get-possessions__possessions__off_def-Offense__filter_comparison-Exactly__filter_event-OnFloor__filter_value-5__start_type-All__season-2023__season_type-Playoffs__team_id-1611661313__f001ca9b,get-possessions,https://api.pbpstats.com/get-possessions/wnba?OffDef=Offense&FilterComparison=Exactly&FilterEvent=OnFloor&FilterValue=5&StartType=All&Season=2023&SeasonType=Playoffs&TeamId=1611661313,200,18,00:23,"Ionescu Bad Pass Turnover (P2.T10): Young STEAL (1 STL)
",0,0,0,0,2023-10-18,1042300304,0,0,LVA,3,0,0,00:34,Off At Rim Make,1,"[{""description"": ""Ionescu Bad Pass Turnover (P2.T10): Young STEAL (1 STL)"", ""url"": """"}]",True,possessions,4Q/OT | margin -3..3 | 300..120,team
wnba,wnba_shot_pace,shot_pace,possessions,get-possessions,2023,Playoffs,team,"{'OffDef': 'Offense', 'FilterComparison': 'Exactly', 'FilterEvent': 'OnFloor', 'FilterValue': 5, 'StartType': 'All', 'Season': '2023', 'SeasonType': 'Playoffs', 'TeamId': '1611661313'}",shot_pace,1611661313,4Q/OT | margin -3..3 | 300..120,get-possessions__possessions__off_def-Offense__filter_comparison-Exactly__filter_event-OnFloor__filter_value-5__start_type-All__season-2023__season_type-Playoffs__team_id-1611661313__f001ca9b,get-possessions,https://api.pbpstats.com/get-possessions/wnba?OffDef=Offense&FilterComparison=Exactly&FilterEvent=OnFloor&FilterValue=5&StartType=All&Season=2023&SeasonType=Playoffs&TeamId=1611661313,200,19,00:41,"MISS Vandersloot 24' 3PT Jump Shot
Wilson REBOUND (Off:0 Def:14)
",0,0,1,0,2023-10-18,1042300304,0,0,LVA,3,0,2,00:59,Off At Rim Make,0,"[{""description"": ""MISS Vandersloot 24' 3PT Jump Shot"", ""url"": """"}, {""description"": ""Wilson REBOUND (Off:0 Def:14)"", ""url"": """"}]",True,possessions,4Q/OT | margin -3..3 | 300..120,team
wnba,wnba_shot_pace,shot_pace,possessions,get-possessions,2023,Playoffs,team,"{'OffDef': 'Offense', 'FilterComparison': 'Exactly', 'FilterEvent': 'OnFloor', 'FilterValue': 5, 'StartType': 'All', 'Season': '2023', 'SeasonType': 'Playoffs', 'TeamId': '1611661313'}",shot_pace,1611661313,4Q/OT | margin -3..3 | 300..120,get-possessions__possessions__off_def-Offense__filter_comparison-Exactly__filter_event-OnFloor__filter_value-5__start_type-All__season-2023__season_type-Playoffs__team_id-1611661313__f001ca9b,get-possessions,https://api.pbpstats.com/get-possessions/wnba?OffDef=Offense&FilterComparison=Exactly&FilterEvent=OnFloor&FilterValue=5&StartType=All&Season=2023&SeasonType=Playoffs&TeamId=1611661313,200,20,01:07,"MISS Stewart 27' 3PT Pullup Jump Shot
Plum REBOUND (Off:2 Def:6)
",0,0,1,0,2023-10-18,1042300304,0,0,LVA,3,0,4,01:18,Off FT Miss,0,"[{""description"": ""MISS Stewart 27' 3PT Pullup Jump Shot"", ""url"": """"}, {""description"": ""Plum REBOUND (Off:2 Def:6)"", ""url"": """"}]",True,possessions,4Q/OT | margin -3..3 | 300..120,team
wnba,wnba_shot_pace,shot_pace,possessions,get-possessions,2023,Playoffs,team,"{'OffDef': 'Offense', 'FilterComparison': 'Exactly', 'FilterEvent': 'OnFloor', 'FilterValue': 5, 'StartType': 'All', 'Season': '2023', 'SeasonType': 'Playoffs', 'TeamId': '1611661313'}",shot_pace,1611661313,4Q/OT | margin -3..3 | 300..120,get-possessions__possessions__off_def-Offense__filter_comparison-Exactly__filter_event-OnFloor__filter_value-5__start_type-All__season-2023__season_type-Playoffs__team_id-1611661313__f001ca9b,get-possessions,https://api.pbpstats.com/get-possessions/wnba?OffDef=Offense&FilterComparison=Exactly&FilterEvent=OnFloor&FilterValue=5&StartType=All&Season=2023&SeasonType=Playoffs&TeamId=1611661313,200,21,01:33,"MISS Vandersloot 13' Pullup Jump Shot
Wilson REBOUND (Off:0 Def:13)
",1,0,0,0,2023-10-18,1042300304,0,0,LVA,3,0,5,01:43,Off At Rim Make,0,"[{""description"": ""MISS Vandersloot 13' Pullup Jump Shot"", ""url"": """"}, {""description"": ""Wilson REBOUND (Off:0 Def:13)"", ""url"": """"}]",True,possessions,4Q/OT | margin -3..3 | 300..120,team
wnba,wnba_shot_pace,shot_pace,possessions,get-possessions,2023,Playoffs,team,"{'OffDef': 'Offense', 'FilterComparison': 'Exactly', 'FilterEvent': 'OnFloor', 'FilterValue': 5, 'StartType': 'All', 'Season': '2023', 'SeasonType': 'Playoffs', 'TeamId': '1611661313'}",shot_pace,1611661313,4Q/OT | margin -3..3 | 300..120,get-possessions__possessions__off_def-Offense__filter_comparison-Exactly__filter_event-OnFloor__filter_value-5__start_type-All__season-2023__season_type-Playoffs__team_id-1611661313__f001ca9b,get-possessions,https://api.pbpstats.com/get-possessions/wnba?OffDef=Offense&FilterComparison=Exactly&FilterEvent=OnFloor&FilterValue=5&StartType=All&Season=2023&SeasonType=Playoffs&TeamId=1611661313,200,22,01:56,"Vandersloot 3' Driving Layup (14 PTS)
",1,1,0,0,2023-10-18,1042300304,0,0,LVA,3,0,5,02:07,Off Short Mid-Range Make,0,"[{""description"": ""Vandersloot 3' Driving Layup (14 PTS)"", ""url"": """"}]",True,possessions,4Q/OT | margin -3..3 | 300..120,team
wnba,wnba_shot_pace,shot_pace,possessions,get-possessions,2023,Playoffs,team,"{'OffDef': 'Offense', 'FilterComparison': 'Exactly', 'FilterEvent': 'OnFloor', 'FilterValue': 5, 'StartType': 'All', 'Season': '2023', 'SeasonType': 'Playoffs', 'TeamId': '1611661313'}",shot_pace,1611661313,4Q/OT | margin -3..3 | 300..120,get-possessions__possessions__off_def-Offense__filter_comparison-Exactly__filter_event-OnFloor__filter_value-5__start_type-All__season-2023__season_type-Playoffs__team_id-1611661313__f001ca9b,get-possessions,https://api.pbpstats.com/get-possessions/wnba?OffDef=Offense&FilterComparison=Exactly&FilterEvent=OnFloor&FilterValue=5&StartType=All&Season=2023&SeasonType=Playoffs&TeamId=1611661313,200,23,02:23,"Stewart 9' Turnaround Bank Shot (8 PTS)
",1,1,0,0,2023-10-18,1042300304,0,0,LVA,3,0,5,02:37,Off Dead Ball,0,"[{""description"": ""Stewart 9' Turnaround Bank Shot (8 PTS)"", ""url"": """"}]",True,possessions,4Q/OT | margin -3..3 | 300..120,team
wnba,wnba_shot_pace,shot_pace,possessions,get-possessions,2023,Playoffs,team,"{'OffDef': 'Offense', 'FilterComparison': 'Exactly', 'FilterEvent': 'OnFloor', 'FilterValue': 5, 'StartType': 'All', 'Season': '2023', 'SeasonType': 'Playoffs', 'TeamId': '1611661313'}",shot_pace,1611661313,4Q/OT | margin -3..3 | 300..120,get-possessions__possessions__off_def-Offense__filter_comparison-Exactly__filter_event-OnFloor__filter_value-5__start_type-All__season-2023__season_type-Playoffs__team_id-1611661313__f001ca9b,get-possessions,https://api.pbpstats.com/get-possessions/wnba?OffDef=Offense&FilterComparison=Exactly&FilterEvent=OnFloor&FilterValue=5&StartType=All&Season=2023&SeasonType=Playoffs&TeamId=1611661313,200,24,02:50,"Colson S.FOUL (P4.T1)
MISS Johannès Free Throw 1 of 2
LIBERTY Rebound
Johannès Free Throw 2 of 2 (1 PTS)
",0,0,0,0,2023-10-18,1042300304,0,0,LVA,3,1,4,03:03,Off Dead Ball,0,"[{""description"": ""Colson S.FOUL (P4.T1)"", ""url"": """"}, {""description"": ""MISS Johannès Free Throw 1 of 2"", ""url"": """"}, {""description"": ""LIBERTY Rebound"", ""url"": """"}, {""description"": ""Johannès Free Throw 2 of 2 (1 PTS)"", ""url"": """"}]",True,possessions,4Q/OT | margin -3..3 | 300..120,team
wnba,wnba_shot_pace,shot_pace,possessions,get-possessions,2023,Playoffs,team,"{'OffDef': 'Offense', 'FilterComparison': 'Exactly', 'FilterEvent': 'OnFloor', 'FilterValue': 5, 'StartType': 'All', 'Season': '2023', 'SeasonType': 'Playoffs', 'TeamId': '1611661313'}",shot_pace,1611661313,4Q/OT | margin -3..3 | 300..120,get-possessions__possessions__off_def-Offense__filter_comparison-Exactly__filter_event-OnFloor__filter_value-5__start_type-All__season-2023__season_type-Playoffs__team_id-1611661313__f001ca9b,get-possessions,https://api.pbpstats.com/get-possessions/wnba?OffDef=Offense&FilterComparison=Exactly&FilterEvent=OnFloor&FilterValue=5&StartType=All&Season=2023&SeasonType=Playoffs&TeamId=1611661313,200,25,03:31,"MISS Stewart 16' Step Back Jump Shot
Laney REBOUND (Off:1 Def:2)
MISS Ionescu 13' Turnaround Jump Shot
Jones REBOUND (Off:2 Def:4)
MISS Johannès 27' 3PT Pullup Jump Shot
Aces Rebound
",2,0,1,0,2023-10-18,1042300304,0,2,LVA,3,0,4,04:11,Off Arc 3 Miss,0,"[{""description"": ""MISS Stewart 16' Step Back Jump Shot"", ""url"": """"}, {""description"": ""Laney REBOUND (Off:1 Def:2)"", ""url"": """"}, {""description"": ""MISS Ionescu 13' Turnaround Jump Shot"", ""url"": """"}, {""description"": ""Jones REBOUND (Off:2 Def:4)"", ""url"": """"}, {""description"": ""MISS Johannès 27' 3PT Pullup Jump Shot"", ""url"": """"}, {""description"": ""Aces Rebound"", ""url"": """"}]",True,possessions,4Q/OT | margin -3..3 | 300..120,team
wnba,wnba_shot_pace,shot_pace,possessions,get-possessions,2023,Playoffs,team,"{'OffDef': 'Offense', 'FilterComparison': 'Exactly', 'FilterEvent': 'OnFloor', 'FilterValue': 5, 'StartType': 'All', 'Season': '2023', 'SeasonType': 'Playoffs', 'TeamId': '1611661313'}",shot_pace,1611661313,4Q/OT | margin -3..3 | 300..120,get-possessions__possessions__off_def-Offense__filter_comparison-Exactly__filter_event-OnFloor__filter_value-5__start_type-All__season-2023__season_type-Playoffs__team_id-1611661313__f001ca9b,get-possessions,https://api.pbpstats.com/get-possessions/wnba?OffDef=Offense&FilterComparison=Exactly&FilterEvent=OnFloor&FilterValue=5&StartType=All&Season=2023&SeasonType=Playoffs&TeamId=1611661313,200,26,04:21,"MISS Johannès 26' 3PT Pullup Jump Shot
Wilson REBOUND (Off:0 Def:12)
",0,0,1,0,2023-10-18,1042300304,0,0,LVA,3,0,4,04:35,Off At Rim Make,0,"[{""description"": ""MISS Johannès 26' 3PT Pullup Jump Shot"", ""url"": """"}, {""description"": ""Wilson REBOUND (Off:0 Def:12)"", ""url"": """"}]",True,possessions,4Q/OT | margin -3..3 | 300..120,team
wnba,wnba_shot_pace,shot_pace,possessions,get-possessions,2023,Playoffs,team,"{'OffDef': 'Offense', 'FilterComparison': 'Exactly', 'FilterEvent': 'OnFloor', 'FilterValue': 5, 'StartType': 'All', 'Season': '2023', 'SeasonType': 'Playoffs', 'TeamId': '1611661313'}",shot_pace,1611661313,4Q/OT | margin -3..3 | 300..120,get-possessions__possessions__off_def-Offense__filter_comparison-Exactly__filter_event-OnFloor__filter_value-5__start_type-All__season-2023__season_type-Playoffs__team_id-1611661313__f001ca9b,get-possessions,https://api.pbpstats.com/get-possessions/wnba?OffDef=Offense&FilterComparison=Exactly&FilterEvent=OnFloor&FilterValue=5&StartType=All&Season=2023&SeasonType=Playoffs&TeamId=1611661313,200,27,04:48,"MISS Ionescu 3' Cutting Layup Shot
Wilson REBOUND (Off:0 Def:11)
",1,0,0,0,2023-10-18,1042300304,0,0,LVA,3,0,6,05:01,Off Timeout,0,"[{""description"": ""MISS Ionescu 3' Cutting Layup Shot"", ""url"": """"}, {""description"": ""Wilson REBOUND (Off:0 Def:11)"", ""url"": """"}]",True,possessions,4Q/OT | margin -3..3 | 300..120,team
wnba,wnba_shot_pace,shot_pace,possessions,get-possessions,2023,Playoffs,team,"{'OffDef': 'Offense', 'FilterComparison': 'Exactly', 'FilterEvent': 'OnFloor', 'FilterValue': 5, 'StartType': 'All', 'Season': '2023', 'SeasonType': 'Playoffs', 'TeamId': '1611661313'}",shot_pace,1611661313,4Q/OT | margin -3..3 | 300..120,get-possessions__possessions__off_def-Offense__filter_comparison-Exactly__filter_event-OnFloor__filter_value-5__start_type-All__season-2023__season_type-Playoffs__team_id-1611661313__f001ca9b,get-possessions,https://api.pbpstats.com/get-possessions/wnba?OffDef=Offense&FilterComparison=Exactly&FilterEvent=OnFloor&FilterValue=5&StartType=All&Season=2023&SeasonType=Playoffs&TeamId=1611661313,200,28,05:16,"MISS Vandersloot 18' Pullup Jump Shot
Wilson REBOUND (Off:0 Def:10)
",1,0,0,0,2023-10-18,1042300304,0,0,LVA,3,0,8,05:33,Off Arc 3 Miss,0,"[{""description"": ""MISS Vandersloot 18' Pullup Jump Shot"", ""url"": """"}, {""description"": ""Wilson REBOUND (Off:0 Def:10)"", ""url"": """"}]",True,possessions,4Q/OT | margin -3..3 | 300..120,team
wnba,wnba_shot_pace,shot_pace,possessions,get-possessions,2023,Playoffs,team,"{'OffDef': 'Offense', 'FilterComparison': 'Exactly', 'FilterEvent': 'OnFloor', 'FilterValue': 5, 'StartType': 'All', 'Season': '2023', 'SeasonType': 'Playoffs', 'TeamId': '1611661313'}",shot_pace,1611661313,4Q/OT | margin -3..3 | 300..120,get-possessions__possessions__off_def-Offense__filter_comparison-Exactly__filter_event-OnFloor__filter_value-5__start_type-All__season-2023__season_type-Playoffs__team_id-1611661313__f001ca9b,get-possessions,https://api.pbpstats.com/get-possessions/wnba?OffDef=Offense&FilterComparison=Exactly&FilterEvent=OnFloor&FilterValue=5&StartType=All&Season=2023&SeasonType=Playoffs&TeamId=1611661313,200,29,05:51,"MISS Stewart 20' Turnaround Jump Shot
Aces Rebound
",1,0,0,0,2023-10-18,1042300304,0,0,LVA,3,0,8,06:15,Off Arc 3 Make,0,"[{""description"": ""MISS Stewart 20' Turnaround Jump Shot"", ""url"": """"}, {""description"": ""Aces Rebound"", ""url"": """"}]",True,possessions,4Q/OT | margin -3..3 | 300..120,team
wnba,wnba_shot_pace,shot_pace,possessions,get-possessions,2023,Playoffs,team,"{'OffDef': 'Offense', 'FilterComparison': 'Exactly', 'FilterEvent': 'OnFloor', 'FilterValue': 5, 'StartType': 'All', 'Season': '2023', 'SeasonType': 'Playoffs', 'TeamId': '1611661313'}",shot_pace,1611661313,4Q/OT | margin -3..3 | 300..120,get-possessions__possessions__off_def-Offense__filter_comparison-Exactly__filter_event-OnFloor__filter_value-5__start_type-All__season-2023__season_type-Playoffs__team_id-1611661313__f001ca9b,get-possessions,https://api.pbpstats.com/get-possessions/wnba?OffDef=Offense&FilterComparison=Exactly&FilterEvent=OnFloor&FilterValue=5&StartType=All&Season=2023&SeasonType=Playoffs&TeamId=1611661313,200,30,06:29,"Stewart Bad Pass Turnover (P2.T9): George STEAL (3 STL)
",0,0,0,0,2023-10-18,1042300304,0,0,LVA,3,0,11,06:33,Off At Rim Block,1,"[{""description"": ""Stewart Bad Pass Turnover (P2.T9): George STEAL (3 STL)"", ""url"": """"}]",True,possessions,4Q/OT | margin -3..3 | 300..120,team
wnba,wnba_shot_pace,shot_pace,possessions,get-possessions,2023,Playoffs,team,"{'OffDef': 'Offense', 'FilterComparison': 'Exactly', 'FilterEvent': 'OnFloor', 'FilterValue': 5, 'StartType': 'All', 'Season': '2023', 'SeasonType': 'Playoffs', 'TeamId': '1611661313'}",shot_pace,1611661313,4Q/OT | margin -3..3 | 300..120,get-possessions__possessions__off_def-Offense__filter_comparison-Exactly__filter_event-OnFloor__filter_value-5__start_type-All__season-2023__season_type-Playoffs__team_id-1611661313__f001ca9b,get-possessions,https://api.pbpstats.com/get-possessions/wnba?OffDef=Offense&FilterComparison=Exactly&FilterEvent=OnFloor&FilterValue=5&StartType=All&Season=2023&SeasonType=Playoffs&TeamId=1611661313,200,31,06:50,"Ionescu 3' Cutting Layup Shot (8 PTS) (Vandersloot 5 AST)
",1,1,0,0,2023-10-18,1042300304,0,0,LVA,3,0,9,07:16,Off Arc 3 Make,0,"[{""description"": ""Ionescu 3' Cutting Layup Shot (8 PTS) (Vandersloot 5 AST)"", ""url"": """"}]",True,possessions,4Q/OT | margin -3..3 | 300..120,team
wnba,wnba_shot_pace,shot_pace,possessions,get-possessions,2023,Playoffs,team,"{'OffDef': 'Offense', 'FilterComparison': 'Exactly', 'FilterEvent': 'OnFloor', 'FilterValue': 5, 'StartType': 'All', 'Season': '2023', 'SeasonType': 'Playoffs', 'TeamId': '1611661313'}",shot_pace,1611661313,4Q/OT | margin -3..3 | 300..120,get-possessions__possessions__off_def-Offense__filter_comparison-Exactly__filter_event-OnFloor__filter_value-5__start_type-All__season-2023__season_type-Playoffs__team_id-1611661313__f001ca9b,get-possessions,https://api.pbpstats.com/get-possessions/wnba?OffDef=Offense&FilterComparison=Exactly&FilterEvent=OnFloor&FilterValue=5&StartType=All&Season=2023&SeasonType=Playoffs&TeamId=1611661313,200,32,07:30,"Stewart 3' Cutting Layup Shot (6 PTS) (Vandersloot 4 AST)
",1,1,0,0,2023-10-18,1042300304,0,0,LVA,3,0,10,07:38,Off At Rim Miss,0,"[{""description"": ""Stewart 3' Cutting Layup Shot (6 PTS) (Vandersloot 4 AST)"", ""url"": """"}]",True,possessions,4Q/OT | margin -3..3 | 300..120,team
wnba,wnba_shot_pace,shot_pace,possessions,get-possessions,2023,Playoffs,team,"{'OffDef': 'Offense', 'FilterComparison': 'Exactly', 'FilterEvent': 'OnFloor', 'FilterValue': 5, 'StartType': 'All', 'Season': '2023', 'SeasonType': 'Playoffs', 'TeamId': '1611661313'}",shot_pace,1611661313,4Q/OT | margin -3..3 | 300..120,get-possessions__possessions__off_def-Offense__filter_comparison-Exactly__filter_event-OnFloor__filter_value-5__start_type-All__season-2023__season_type-Playoffs__team_id-1611661313__f001ca9b,get-possessions,https://api.pbpstats.com/get-possessions/wnba?OffDef=Offense&FilterComparison=Exactly&FilterEvent=OnFloor&FilterValue=5&StartType=All&Season=2023&SeasonType=Playoffs&TeamId=1611661313,200,33,07:45,"MISS Jones 25' 3PT Jump Shot
Clark REBOUND (Off:3 Def:2)
",0,0,1,0,2023-10-18,1042300304,0,0,LVA,3,0,10,07:59,Off Short Mid-Range Miss,0,"[{""description"": ""MISS Jones 25' 3PT Jump Shot"", ""url"": """"}, {""description"": ""Clark REBOUND (Off:3 Def:2)"", ""url"": """"}]",True,possessions,4Q/OT | margin -3..3 | 300..120,team
wnba,wnba_shot_pace,shot_pace,possessions,get-possessions,2023,Playoffs,team,"{'OffDef': 'Offense', 'FilterComparison': 'Exactly', 'FilterEvent': 'OnFloor', 'FilterValue': 5, 'StartType': 'All', 'Season': '2023', 'SeasonType': 'Playoffs', 'TeamId': '1611661313'}",shot_pace,1611661313,4Q/OT | margin -3..3 | 300..120,get-possessions__possessions__off_def-Offense__filter_comparison-Exactly__filter_event-OnFloor__filter_value-5__start_type-All__season-2023__season_type-Playoffs__team_id-1611661313__f001ca9b,get-possessions,https://api.pbpstats.com/get-possessions/wnba?OffDef=Offense&FilterComparison=Exactly&FilterEvent=OnFloor&FilterValue=5&StartType=All&Season=2023&SeasonType=Playoffs&TeamId=1611661313,200,34,08:07,"Stewart Bad Pass Turnover (P1.T8): Plum STEAL (1 STL)
",0,0,0,0,2023-10-18,1042300304,0,0,LVA,3,0,10,08:22,Off Arc 3 Miss,1,"[{""description"": ""Stewart Bad Pass Turnover (P1.T8): Plum STEAL (1 STL)"", ""url"": """"}]",True,possessions,4Q/OT | margin -3..3 | 300..120,team
wnba,wnba_shot_pace,shot_pace,possessions,get-possessions,2023,Playoffs,team,"{'OffDef': 'Offense', 'FilterComparison': 'Exactly', 'FilterEvent': 'OnFloor', 'FilterValue': 5, 'StartType': 'All', 'Season': '2023', 'SeasonType': 'Playoffs', 'TeamId': '1611661313'}",shot_pace,1611661313,4Q/OT | margin -3..3 | 300..120,get-possessions__possessions__off_def-Offense__filter_comparison-Exactly__filter_event-OnFloor__filter_value-5__start_type-All__season-2023__season_type-Playoffs__team_id-1611661313__f001ca9b,get-possessions,https://api.pbpstats.com/get-possessions/wnba?OffDef=Offense&FilterComparison=Exactly&FilterEvent=OnFloor&FilterValue=5&StartType=All&Season=2023&SeasonType=Playoffs&TeamId=1611661313,200,35,08:32,"MISS Ionescu 25' 3PT Jump Shot
George REBOUND (Off:0 Def:4)
",0,0,1,0,2023-10-18,1042300304,0,0,LVA,3,0,10,08:48,Off Dead Ball,0,"[{""description"": ""MISS Ionescu 25' 3PT Jump Shot"", ""url"": """"}, {""description"": ""George REBOUND (Off:0 Def:4)"", ""url"": """"}]",True,possessions,4Q/OT | margin -3..3 | 300..120,team
wnba,wnba_shot_pace,shot_pace,possessions,get-possessions,2023,Playoffs,team,"{'OffDef': 'Offense', 'FilterComparison': 'Exactly', 'FilterEvent': 'OnFloor', 'FilterValue': 5, 'StartType': 'All', 'Season': '2023', 'SeasonType': 'Playoffs', 'TeamId': '1611661313'}",shot_pace,1611661313,4Q/OT | margin -3..3 | 300..120,get-possessions__possessions__off_def-Offense__filter_comparison-Exactly__filter_event-OnFloor__filter_value-5__start_type-All__season-2023__season_type-Playoffs__team_id-1611661313__f001ca9b,get-possessions,https://api.pbpstats.com/get-possessions/wnba?OffDef=Offense&FilterComparison=Exactly&FilterEvent=OnFloor&FilterValue=5&StartType=All&Season=2023&SeasonType=Playoffs&TeamId=1611661313,200,36,08:53,"MISS Vandersloot 3' Layup
Clark REBOUND (Off:3 Def:1)
",1,0,0,0,2023-10-18,1042300304,0,0,LVA,3,0,10,09:09,Off Short Mid-Range Make,0,"[{""description"": ""MISS Vandersloot 3' Layup"", ""url"": """"}, {""description"": ""Clark REBOUND (Off:3 Def:1)"", ""url"": """"}]",True,possessions,4Q/OT | margin -3..3 | 300..120,team
wnba,wnba_shot_pace,shot_pace,possessions,get-possessions,2023,Playoffs,team,"{'OffDef': 'Offense', 'FilterComparison': 'Exactly', 'FilterEvent': 'OnFloor', 'FilterValue': 5, 'StartType': 'All', 'Season': '2023', 'SeasonType': 'Playoffs', 'TeamId': '1611661313'}",shot_pace,1611661313,4Q/OT | margin -3..3 | 300..120,get-possessions__possessions__off_def-Offense__filter_comparison-Exactly__filter_event-OnFloor__filter_value-5__start_type-All__season-2023__season_type-Playoffs__team_id-1611661313__f001ca9b,get-possessions,https://api.pbpstats.com/get-possessions/wnba?OffDef=Offense&FilterComparison=Exactly&FilterEvent=OnFloor&FilterValue=5&StartType=All&Season=2023&SeasonType=Playoffs&TeamId=1611661313,200,37,09:24,"Ionescu 26' 3PT Step Back Jump Shot (6 PTS) (Stewart 4 AST)
",0,0,1,1,2023-10-18,1042300304,0,0,LVA,3,0,9,09:31,Off At Rim Miss,0,"[{""description"": ""Ionescu 26' 3PT Step Back Jump Shot (6 PTS) (Stewart 4 AST)"", ""url"": """"}]",True,possessions,4Q/OT | margin -3..3 | 300..120,team
wnba,wnba_shot_pace,shot_pace,possessions,get-possessions,2023,Playoffs,team,"{'OffDef': 'Offense', 'FilterComparison': 'Exactly', 'FilterEvent': 'OnFloor', 'FilterValue': 5, 'StartType': 'All', 'Season': '2023', 'SeasonType': 'Playoffs', 'TeamId': '1611661313'}",shot_pace,1611661313,4Q/OT | margin -3..3 | 300..120,get-possessions__possessions__off_def-Offense__filter_comparison-Exactly__filter_event-OnFloor__filter_value-5__start_type-All__season-2023__season_type-Playoffs__team_id-1611661313__f001ca9b,get-possessions,https://api.pbpstats.com/get-possessions/wnba?OffDef=Offense&FilterComparison=Exactly&FilterEvent=OnFloor&FilterValue=5&StartType=All&Season=2023&SeasonType=Playoffs&TeamId=1611661313,200,38,09:47,"MISS Laney 17' Pullup Jump Shot
Wilson REBOUND (Off:0 Def:9)
",1,0,0,0,2023-10-18,1042300304,0,0,LVA,3,0,9,10:00,Off Dead Ball,0,"[{""description"": ""MISS Laney 17' Pullup Jump Shot"", ""url"": """"}, {""description"": ""Wilson REBOUND (Off:0 Def:9)"", ""url"": """"}]",True,possessions,4Q/OT | margin -3..3 | 300..120,team
wnba,wnba_shot_pace,shot_pace,possessions,get-possessions,2023,Playoffs,team,"{'OffDef': 'Offense', 'FilterComparison': 'Exactly', 'FilterEvent': 'OnFloor', 'FilterValue': 5, 'StartType': 'All', 'Season': '2023', 'SeasonType': 'Playoffs', 'TeamId': '1611661313'}",shot_pace,1611661313,4Q/OT | margin -3..3 | 300..120,get-possessions__possessions__off_def-Offense__filter_comparison-Exactly__filter_event-OnFloor__filter_value-5__start_type-All__season-2023__season_type-Playoffs__team_id-1611661313__f001ca9b,get-possessions,https://api.pbpstats.com/get-possessions/wnba?OffDef=Offense&FilterComparison=Exactly&FilterEvent=OnFloor&FilterValue=5&StartType=All&Season=2023&SeasonType=Playoffs&TeamId=1611661313,200,39,00:02,"Jones 3' Layup (4 PTS) (Laney 3 AST)
",1,1,0,0,2023-10-18,1042300304,0,0,LVA,2,0,7,00:21,Off Dead Ball,0,"[{""description"": ""Jones 3' Layup (4 PTS) (Laney 3 AST)"", ""url"": """"}]",True,possessions,4Q/OT | margin -3..3 | 300..120,team
wnba,wnba_shot_pace,shot_pace,possessions,get-possessions,2023,Playoffs,team,"{'OffDef': 'Offense', 'FilterComparison': 'Exactly', 'FilterEvent': 'OnFloor', 'FilterValue': 5, 'StartType': 'All', 'Season': '2023', 'SeasonType': 'Playoffs', 'TeamId': '1611661313'}",shot_pace,1611661313,4Q/OT | margin -3..3 | 300..120,get-possessions__possessions__off_def-Offense__filter_comparison-Exactly__filter_event-OnFloor__filter_value-5__start_type-All__season-2023__season_type-Playoffs__team_id-1611661313__f001ca9b,get-possessions,https://api.pbpstats.com/get-possessions/wnba?OffDef=Offense&FilterComparison=Exactly&FilterEvent=OnFloor&FilterValue=5&StartType=All&Season=2023&SeasonType=Playoffs&TeamId=1611661313,200,40,00:32,"Vandersloot 3PT Jump Shot (12 PTS) (Stewart 3 AST)
",0,0,1,1,2023-10-18,1042300304,0,0,LVA,2,0,4,00:43,Off Arc 3 Miss,0,"[{""description"": ""Vandersloot 3PT Jump Shot (12 PTS) (Stewart 3 AST)"", ""url"": """"}]",True,possessions,4Q/OT | margin -3..3 | 300..120,team
wnba,wnba_shot_pace,shot_pace,possessions,get-possessions,2023,Playoffs,team,"{'OffDef': 'Offense', 'FilterComparison': 'Exactly', 'FilterEvent': 'OnFloor', 'FilterValue': 5, 'StartType': 'All', 'Season': '2023', 'SeasonType': 'Playoffs', 'TeamId': '1611661313'}",shot_pace,1611661313,4Q/OT | margin -3..3 | 300..120,get-possessions__possessions__off_def-Offense__filter_comparison-Exactly__filter_event-OnFloor__filter_value-5__start_type-All__season-2023__season_type-Playoffs__team_id-1611661313__f001ca9b,get-possessions,https://api.pbpstats.com/get-possessions/wnba?OffDef=Offense&FilterComparison=Exactly&FilterEvent=OnFloor&FilterValue=5&StartType=All&Season=2023&SeasonType=Playoffs&TeamId=1611661313,200,41,01:02,"Thornton Offensive Charge Foul (P1)
Thornton Offensive Foul Turnover (P1.T7)
",0,0,0,0,2023-10-18,1042300304,0,0,LVA,2,0,4,01:08,Off Arc 3 Miss,1,"[{""description"": ""Thornton Offensive Charge Foul (P1)"", ""url"": """"}, {""description"": ""Thornton Offensive Foul Turnover (P1.T7)"", ""url"": """"}]",True,possessions,4Q/OT | margin -3..3 | 300..120,team
wnba,wnba_shot_pace,shot_pace,possessions,get-possessions,2023,Playoffs,team,"{'OffDef': 'Offense', 'FilterComparison': 'Exactly', 'FilterEvent': 'OnFloor', 'FilterValue': 5, 'StartType': 'All', 'Season': '2023', 'SeasonType': 'Playoffs', 'TeamId': '1611661313'}",shot_pace,1611661313,4Q/OT | margin -3..3 | 300..120,get-possessions__possessions__off_def-Offense__filter_comparison-Exactly__filter_event-OnFloor__filter_value-5__start_type-All__season-2023__season_type-Playoffs__team_id-1611661313__f001ca9b,get-possessions,https://api.pbpstats.com/get-possessions/wnba?OffDef=Offense&FilterComparison=Exactly&FilterEvent=OnFloor&FilterValue=5&StartType=All&Season=2023&SeasonType=Playoffs&TeamId=1611661313,200,42,01:27,"Thornton 24' 3PT Jump Shot (3 PTS) (Laney 2 AST)
",0,0,1,1,2023-10-18,1042300304,0,0,LVA,2,0,1,01:45,Off Short Mid-Range Miss,0,"[{""description"": ""Thornton 24' 3PT Jump Shot (3 PTS) (Laney 2 AST)"", ""url"": """"}]",True,possessions,4Q/OT | margin -3..3 | 300..120,team
wnba,wnba_shot_pace,shot_pace,possessions,get-possessions,2023,Playoffs,team,"{'OffDef': 'Offense', 'FilterComparison': 'Exactly', 'FilterEvent': 'OnFloor', 'FilterValue': 5, 'StartType': 'All', 'Season': '2023', 'SeasonType': 'Playoffs', 'TeamId': '1611661313'}",shot_pace,1611661313,4Q/OT | margin -3..3 | 300..120,get-possessions__possessions__off_def-Offense__filter_comparison-Exactly__filter_event-OnFloor__filter_value-5__start_type-All__season-2023__season_type-Playoffs__team_id-1611661313__f001ca9b,get-possessions,https://api.pbpstats.com/get-possessions/wnba?OffDef=Offense&FilterComparison=Exactly&FilterEvent=OnFloor&FilterValue=5&StartType=All&Season=2023&SeasonType=Playoffs&TeamId=1611661313,200,43,01:59,"MISS Stewart 3' Running Layup
Plum REBOUND (Off:1 Def:5)
",1,0,0,0,2023-10-18,1042300304,0,0,LVA,2,0,1,02:06,Off Arc 3 Miss,0,"[{""description"": ""MISS Stewart 3' Running Layup"", ""url"": """"}, {""description"": ""Plum REBOUND (Off:1 Def:5)"", ""url"": """"}]",True,possessions,4Q/OT | margin -3..3 | 300..120,team
wnba,wnba_shot_pace,shot_pace,possessions,get-possessions,2023,Playoffs,team,"{'OffDef': 'Offense', 'FilterComparison': 'Exactly', 'FilterEvent': 'OnFloor', 'FilterValue': 5, 'StartType': 'All', 'Season': '2023', 'SeasonType': 'Playoffs', 'TeamId': '1611661313'}",shot_pace,1611661313,4Q/OT | margin -3..3 | 300..120,get-possessions__possessions__off_def-Offense__filter_comparison-Exactly__filter_event-OnFloor__filter_value-5__start_type-All__season-2023__season_type-Playoffs__team_id-1611661313__f001ca9b,get-possessions,https://api.pbpstats.com/get-possessions/wnba?OffDef=Offense&FilterComparison=Exactly&FilterEvent=OnFloor&FilterValue=5&StartType=All&Season=2023&SeasonType=Playoffs&TeamId=1611661313,200,44,02:19,"MISS Ionescu 24' 3PT Jump Shot
George REBOUND (Off:0 Def:3)
",0,0,1,0,2023-10-18,1042300304,0,0,LVA,2,0,1,02:33,Off At Rim Make,0,"[{""description"": ""MISS Ionescu 24' 3PT Jump Shot"", ""url"": """"}, {""description"": ""George REBOUND (Off:0 Def:3)"", ""url"": """"}]",True,possessions,4Q/OT | margin -3..3 | 300..120,team
wnba,wnba_shot_pace,shot_pace,possessions,get-possessions,2023,Playoffs,team,"{'OffDef': 'Offense', 'FilterComparison': 'Exactly', 'FilterEvent': 'OnFloor', 'FilterValue': 5, 'StartType': 'All', 'Season': '2023', 'SeasonType': 'Playoffs', 'TeamId': '1611661313'}",shot_pace,1611661313,4Q/OT | margin -3..3 | 300..120,get-possessions__possessions__off_def-Offense__filter_comparison-Exactly__filter_event-OnFloor__filter_value-5__start_type-All__season-2023__season_type-Playoffs__team_id-1611661313__f001ca9b,get-possessions,https://api.pbpstats.com/get-possessions/wnba?OffDef=Offense&FilterComparison=Exactly&FilterEvent=OnFloor&FilterValue=5&StartType=All&Season=2023&SeasonType=Playoffs&TeamId=1611661313,200,45,02:43,"Clark S.FOUL (P1.T4)
MISS Dolson Free Throw 1 of 2
LIBERTY Rebound
MISS Dolson Free Throw 2 of 2
Wilson REBOUND (Off:0 Def:8)
",0,0,0,0,2023-10-18,1042300304,0,0,LVA,2,1,3,02:57,Off Timeout,0,"[{""description"": ""Clark S.FOUL (P1.T4)"", ""url"": """"}, {""description"": ""MISS Dolson Free Throw 1 of 2"", ""url"": """"}, {""description"": ""LIBERTY Rebound"", ""url"": """"}, {""description"": ""MISS Dolson Free Throw 2 of 2"", ""url"": """"}, {""description"": ""Wilson REBOUND (Off:0 Def:8)"", ""url"": """"}]",True,possessions,4Q/OT | margin -3..3 | 300..120,team
wnba,wnba_shot_pace,shot_pace,possessions,get-possessions,2023,Playoffs,team,"{'OffDef': 'Offense', 'FilterComparison': 'Exactly', 'FilterEvent': 'OnFloor', 'FilterValue': 5, 'StartType': 'All', 'Season': '2023', 'SeasonType': 'Playoffs', 'TeamId': '1611661313'}",shot_pace,1611661313,4Q/OT | margin -3..3 | 300..120,get-possessions__possessions__off_def-Offense__filter_comparison-Exactly__filter_event-OnFloor__filter_value-5__start_type-All__season-2023__season_type-Playoffs__team_id-1611661313__f001ca9b,get-possessions,https://api.pbpstats.com/get-possessions/wnba?OffDef=Offense&FilterComparison=Exactly&FilterEvent=OnFloor&FilterValue=5&StartType=All&Season=2023&SeasonType=Playoffs&TeamId=1611661313,200,46,03:26,"Dolson 19' Jump Shot (2 PTS) (Ionescu 2 AST)
",1,1,0,0,2023-10-18,1042300304,0,0,LVA,2,0,1,03:54,Off At Rim Make,0,"[{""description"": ""Dolson 19' Jump Shot (2 PTS) (Ionescu 2 AST)"", ""url"": """"}]",True,possessions,4Q/OT | margin -3..3 | 300..120,team
wnba,wnba_shot_pace,shot_pace,possessions,get-possessions,2023,Playoffs,team,"{'OffDef': 'Offense', 'FilterComparison': 'Exactly', 'FilterEvent': 'OnFloor', 'FilterValue': 5, 'StartType': 'All', 'Season': '2023', 'SeasonType': 'Playoffs', 'TeamId': '1611661313'}",shot_pace,1611661313,4Q/OT | margin -3..3 | 300..120,get-possessions__possessions__off_def-Offense__filter_comparison-Exactly__filter_event-OnFloor__filter_value-5__start_type-All__season-2023__season_type-Playoffs__team_id-1611661313__f001ca9b,get-possessions,https://api.pbpstats.com/get-possessions/wnba?OffDef=Offense&FilterComparison=Exactly&FilterEvent=OnFloor&FilterValue=5&StartType=All&Season=2023&SeasonType=Playoffs&TeamId=1611661313,200,47,04:00,"MISS Stewart 24' 3PT Jump Shot
Young REBOUND (Off:0 Def:1)
",0,0,1,0,2023-10-18,1042300304,0,0,LVA,2,0,3,04:18,Off Short Mid-Range Make,0,"[{""description"": ""MISS Stewart 24' 3PT Jump Shot"", ""url"": """"}, {""description"": ""Young REBOUND (Off:0 Def:1)"", ""url"": """"}]",True,possessions,4Q/OT | margin -3..3 | 300..120,team
wnba,wnba_shot_pace,shot_pace,possessions,get-possessions,2023,Playoffs,team,"{'OffDef': 'Offense', 'FilterComparison': 'Exactly', 'FilterEvent': 'OnFloor', 'FilterValue': 5, 'StartType': 'All', 'Season': '2023', 'SeasonType': 'Playoffs', 'TeamId': '1611661313'}",shot_pace,1611661313,4Q/OT | margin -3..3 | 300..120,get-possessions__possessions__off_def-Offense__filter_comparison-Exactly__filter_event-OnFloor__filter_value-5__start_type-All__season-2023__season_type-Playoffs__team_id-1611661313__f001ca9b,get-possessions,https://api.pbpstats.com/get-possessions/wnba?OffDef=Offense&FilterComparison=Exactly&FilterEvent=OnFloor&FilterValue=5&StartType=All&Season=2023&SeasonType=Playoffs&TeamId=1611661313,200,48,04:42,"Stewart 7' Turnaround Jump Shot (4 PTS) (Ionescu 1 AST)
",1,1,0,0,2023-10-18,1042300304,0,0,LVA,2,0,3,04:52,Off FT Make,0,"[{""description"": ""Stewart 7' Turnaround Jump Shot (4 PTS) (Ionescu 1 AST)"", ""url"": """"}]",True,possessions,4Q/OT | margin -3..3 | 300..120,team
wnba,wnba_shot_pace,shot_pace,possessions,get-possessions,2023,Playoffs,team,"{'OffDef': 'Offense', 'FilterComparison': 'Exactly', 'FilterEvent': 'OnFloor', 'FilterValue': 5, 'StartType': 'All', 'Season': '2023', 'SeasonType': 'Playoffs', 'TeamId': '1611661313'}",shot_pace,1611661313,4Q/OT | margin -3..3 | 300..120,get-possessions__possessions__off_def-Offense__filter_comparison-Exactly__filter_event-OnFloor__filter_value-5__start_type-All__season-2023__season_type-Playoffs__team_id-1611661313__f001ca9b,get-possessions,https://api.pbpstats.com/get-possessions/wnba?OffDef=Offense&FilterComparison=Exactly&FilterEvent=OnFloor&FilterValue=5&StartType=All&Season=2023&SeasonType=Playoffs&TeamId=1611661313,200,49,05:12,"MISS Vandersloot 2' Driving Finger Roll Layup
Wilson REBOUND (Off:0 Def:7)
",1,0,0,0,2023-10-18,1042300304,0,0,LVA,2,0,4,05:28,Off At Rim Make,0,"[{""description"": ""MISS Vandersloot 2' Driving Finger Roll Layup"", ""url"": """"}, {""description"": ""Wilson REBOUND (Off:0 Def:7)"", ""url"": """"}]",True,possessions,4Q/OT | margin -3..3 | 300..120,team
wnba,wnba_shot_pace,shot_pace,possessions,get-possessions,2023,Playoffs,team,"{'OffDef': 'Offense', 'FilterComparison': 'Exactly', 'FilterEvent': 'OnFloor', 'FilterValue': 5, 'StartType': 'All', 'Season': '2023', 'SeasonType': 'Playoffs', 'TeamId': '1611661313'}",shot_pace,1611661313,4Q/OT | margin -3..3 | 300..120,get-possessions__possessions__off_def-Offense__filter_comparison-Exactly__filter_event-OnFloor__filter_value-5__start_type-All__season-2023__season_type-Playoffs__team_id-1611661313__f001ca9b,get-possessions,https://api.pbpstats.com/get-possessions/wnba?OffDef=Offense&FilterComparison=Exactly&FilterEvent=OnFloor&FilterValue=5&StartType=All&Season=2023&SeasonType=Playoffs&TeamId=1611661313,200,50,05:35,"MISS Jones 7' Driving Floating Jump Shot
Plum REBOUND (Off:1 Def:4)
",1,0,0,0,2023-10-18,1042300304,0,0,LVA,2,0,6,05:52,Off Arc 3 Miss,0,"[{""description"": ""MISS Jones 7' Driving Floating Jump Shot"", ""url"": """"}, {""description"": ""Plum REBOUND (Off:1 Def:4)"", ""url"": """"}]",True,possessions,4Q/OT | margin -3..3 | 300..120,team
wnba,wnba_shot_pace,shot_pace,possessions,get-possessions,2023,Playoffs,team,"{'OffDef': 'Offense', 'FilterComparison': 'Exactly', 'FilterEvent': 'OnFloor', 'FilterValue': 5, 'StartType': 'All', 'Season': '2023', 'SeasonType': 'Playoffs', 'TeamId': '1611661313'}",shot_pace,1611661313,4Q/OT | margin -3..3 | 300..120,get-possessions__possessions__off_def-Offense__filter_comparison-Exactly__filter_event-OnFloor__filter_value-5__start_type-All__season-2023__season_type-Playoffs__team_id-1611661313__f001ca9b,get-possessions,https://api.pbpstats.com/get-possessions/wnba?OffDef=Offense&FilterComparison=Exactly&FilterEvent=OnFloor&FilterValue=5&StartType=All&Season=2023&SeasonType=Playoffs&TeamId=1611661313,200,51,06:14,"MISS Jones 21' Running Pull-Up Jump Shot
Plum REBOUND (Off:1 Def:3)
",1,0,0,0,2023-10-18,1042300304,0,0,LVA,2,0,6,06:20,Off Corner 3 Miss,0,"[{""description"": ""MISS Jones 21' Running Pull-Up Jump Shot"", ""url"": """"}, {""description"": ""Plum REBOUND (Off:1 Def:3)"", ""url"": """"}]",True,possessions,4Q/OT | margin -3..3 | 300..120,team
wnba,wnba_shot_pace,shot_pace,possessions,get-possessions,2023,Playoffs,team,"{'OffDef': 'Offense', 'FilterComparison': 'Exactly', 'FilterEvent': 'OnFloor', 'FilterValue': 5, 'StartType': 'All', 'Season': '2023', 'SeasonType': 'Playoffs', 'TeamId': '1611661313'}",shot_pace,1611661313,4Q/OT | margin -3..3 | 300..120,get-possessions__possessions__off_def-Offense__filter_comparison-Exactly__filter_event-OnFloor__filter_value-5__start_type-All__season-2023__season_type-Playoffs__team_id-1611661313__f001ca9b,get-possessions,https://api.pbpstats.com/get-possessions/wnba?OffDef=Offense&FilterComparison=Exactly&FilterEvent=OnFloor&FilterValue=5&StartType=All&Season=2023&SeasonType=Playoffs&TeamId=1611661313,200,52,06:49,"Colson P.FOUL (P3.T3)
Laney 20' Step Back Jump Shot (11 PTS) (Vandersloot 3 AST)
",1,1,0,0,2023-10-18,1042300304,0,0,LVA,2,0,4,07:10,Off Corner 3 Make,0,"[{""description"": ""Colson P.FOUL (P3.T3)"", ""url"": """"}, {""description"": ""Laney 20' Step Back Jump Shot (11 PTS) (Vandersloot 3 AST)"", ""url"": """"}]",True,possessions,4Q/OT | margin -3..3 | 300..120,team
wnba,wnba_shot_pace,shot_pace,possessions,get-possessions,2023,Playoffs,team,"{'OffDef': 'Offense', 'FilterComparison': 'Exactly', 'FilterEvent': 'OnFloor', 'FilterValue': 5, 'StartType': 'All', 'Season': '2023', 'SeasonType': 'Playoffs', 'TeamId': '1611661313'}",shot_pace,1611661313,4Q/OT | margin -3..3 | 300..120,get-possessions__possessions__off_def-Offense__filter_comparison-Exactly__filter_event-OnFloor__filter_value-5__start_type-All__season-2023__season_type-Playoffs__team_id-1611661313__f001ca9b,get-possessions,https://api.pbpstats.com/get-possessions/wnba?OffDef=Offense&FilterComparison=Exactly&FilterEvent=OnFloor&FilterValue=5&StartType=All&Season=2023&SeasonType=Playoffs&TeamId=1611661313,200,53,07:22,"Ionescu Bad Pass Turnover (P1.T6): Wilson STEAL (1 STL)
",0,0,0,0,2023-10-18,1042300304,0,0,LVA,2,0,7,07:29,Off At Rim Miss,1,"[{""description"": ""Ionescu Bad Pass Turnover (P1.T6): Wilson STEAL (1 STL)"", ""url"": """"}]",True,possessions,4Q/OT | margin -3..3 | 300..120,team
wnba,wnba_shot_pace,shot_pace,possessions,get-possessions,2023,Playoffs,team,"{'OffDef': 'Offense', 'FilterComparison': 'Exactly', 'FilterEvent': 'OnFloor', 'FilterValue': 5, 'StartType': 'All', 'Season': '2023', 'SeasonType': 'Playoffs', 'TeamId': '1611661313'}",shot_pace,1611661313,4Q/OT | margin -3..3 | 300..120,get-possessions__possessions__off_def-Offense__filter_comparison-Exactly__filter_event-OnFloor__filter_value-5__start_type-All__season-2023__season_type-Playoffs__team_id-1611661313__f001ca9b,get-possessions,https://api.pbpstats.com/get-possessions/wnba?OffDef=Offense&FilterComparison=Exactly&FilterEvent=OnFloor&FilterValue=5&StartType=All&Season=2023&SeasonType=Playoffs&TeamId=1611661313,200,54,07:43,"Laney 11' Turnaround Fadeaway Bank Jump Shot (9 PTS)
",1,1,0,0,2023-10-18,1042300304,0,0,LVA,2,0,5,08:00,Off Timeout,0,"[{""description"": ""Laney 11' Turnaround Fadeaway Bank Jump Shot (9 PTS)"", ""url"": """"}]",True,possessions,4Q/OT | margin -3..3 | 300..120,team
wnba,wnba_shot_pace,shot_pace,possessions,get-possessions,2023,Playoffs,team,"{'OffDef': 'Offense', 'FilterComparison': 'Exactly', 'FilterEvent': 'OnFloor', 'FilterValue': 5, 'StartType': 'All', 'Season': '2023', 'SeasonType': 'Playoffs', 'TeamId': '1611661313'}",shot_pace,1611661313,4Q/OT | margin -3..3 | 300..120,get-possessions__possessions__off_def-Offense__filter_comparison-Exactly__filter_event-OnFloor__filter_value-5__start_type-All__season-2023__season_type-Playoffs__team_id-1611661313__f001ca9b,get-possessions,https://api.pbpstats.com/get-possessions/wnba?OffDef=Offense&FilterComparison=Exactly&FilterEvent=OnFloor&FilterValue=5&StartType=All&Season=2023&SeasonType=Playoffs&TeamId=1611661313,200,55,08:10,"MISS Vandersloot 24' 3PT Jump Shot
George REBOUND (Off:0 Def:2)
",0,0,1,0,2023-10-18,1042300304,0,0,LVA,2,0,7,08:23,Off FT Make,0,"[{""description"": ""MISS Vandersloot 24' 3PT Jump Shot"", ""url"": """"}, {""description"": ""George REBOUND (Off:0 Def:2)"", ""url"": """"}]",True,possessions,4Q/OT | margin -3..3 | 300..120,team
wnba,wnba_shot_pace,shot_pace,possessions,get-possessions,2023,Playoffs,team,"{'OffDef': 'Offense', 'FilterComparison': 'Exactly', 'FilterEvent': 'OnFloor', 'FilterValue': 5, 'StartType': 'All', 'Season': '2023', 'SeasonType': 'Playoffs', 'TeamId': '1611661313'}",shot_pace,1611661313,4Q/OT | margin -3..3 | 300..120,get-possessions__possessions__off_def-Offense__filter_comparison-Exactly__filter_event-OnFloor__filter_value-5__start_type-All__season-2023__season_type-Playoffs__team_id-1611661313__f001ca9b,get-possessions,https://api.pbpstats.com/get-possessions/wnba?OffDef=Offense&FilterComparison=Exactly&FilterEvent=OnFloor&FilterValue=5&StartType=All&Season=2023&SeasonType=Playoffs&TeamId=1611661313,200,56,08:30,"Colson P.FOUL (P2.T2)
Vandersloot Bad Pass Turnover (P4.T5): George STEAL (2 STL)
",0,0,0,0,2023-10-18,1042300304,0,0,LVA,2,0,10,08:53,Off At Rim Block,1,"[{""description"": ""Colson P.FOUL (P2.T2)"", ""url"": """"}, {""description"": ""Vandersloot Bad Pass Turnover (P4.T5): George STEAL (2 STL)"", ""url"": """"}]",True,possessions,4Q/OT | margin -3..3 | 300..120,team
wnba,wnba_shot_pace,shot_pace,possessions,get-possessions,2023,Playoffs,team,"{'OffDef': 'Offense', 'FilterComparison': 'Exactly', 'FilterEvent': 'OnFloor', 'FilterValue': 5, 'StartType': 'All', 'Season': '2023', 'SeasonType': 'Playoffs', 'TeamId': '1611661313'}",shot_pace,1611661313,4Q/OT | margin -3..3 | 300..120,get-possessions__possessions__off_def-Offense__filter_comparison-Exactly__filter_event-OnFloor__filter_value-5__start_type-All__season-2023__season_type-Playoffs__team_id-1611661313__f001ca9b,get-possessions,https://api.pbpstats.com/get-possessions/wnba?OffDef=Offense&FilterComparison=Exactly&FilterEvent=OnFloor&FilterValue=5&StartType=All&Season=2023&SeasonType=Playoffs&TeamId=1611661313,200,57,09:06,"MISS Jones 2' Cutting Layup Shot
Wilson REBOUND (Off:0 Def:6)
",1,0,0,0,2023-10-18,1042300304,0,0,LVA,2,0,10,09:23,Off Dead Ball,0,"[{""description"": ""MISS Jones 2' Cutting Layup Shot"", ""url"": """"}, {""description"": ""Wilson REBOUND (Off:0 Def:6)"", ""url"": """"}]",True,possessions,4Q/OT | margin -3..3 | 300..120,team
wnba,wnba_shot_pace,shot_pace,possessions,get-possessions,2023,Playoffs,team,"{'OffDef': 'Offense', 'FilterComparison': 'Exactly', 'FilterEvent': 'OnFloor', 'FilterValue': 5, 'StartType': 'All', 'Season': '2023', 'SeasonType': 'Playoffs', 'TeamId': '1611661313'}",shot_pace,1611661313,4Q/OT | margin -3..3 | 300..120,get-possessions__possessions__off_def-Offense__filter_comparison-Exactly__filter_event-OnFloor__filter_value-5__start_type-All__season-2023__season_type-Playoffs__team_id-1611661313__f001ca9b,get-possessions,https://api.pbpstats.com/get-possessions/wnba?OffDef=Offense&FilterComparison=Exactly&FilterEvent=OnFloor&FilterValue=5&StartType=All&Season=2023&SeasonType=Playoffs&TeamId=1611661313,200,58,09:33,"MISS Laney 3PT Jump Shot
LIBERTY Rebound
George L.B.FOUL (P1.T1)
MISS Vandersloot 24' 3PT Jump Shot
Wilson REBOUND (Off:0 Def:5)
",0,0,2,0,2023-10-18,1042300304,0,1,LVA,2,0,10,10:00,Off Dead Ball,0,"[{""description"": ""MISS Laney 3PT Jump Shot"", ""url"": """"}, {""description"": ""LIBERTY Rebound"", ""url"": """"}, {""description"": ""George L.B.FOUL (P1.T1)"", ""url"": """"}, {""description"": ""MISS Vandersloot 24' 3PT Jump Shot"", ""url"": """"}, {""description"": ""Wilson REBOUND (Off:0 Def:5)"", ""url"": """"}]",True,possessions,4Q/OT | margin -3..3 | 300..120,team
wnba,wnba_shot_pace,shot_pace,possessions,get-possessions,2023,Playoffs,team,"{'OffDef': 'Offense', 'FilterComparison': 'Exactly', 'FilterEvent': 'OnFloor', 'FilterValue': 5, 'StartType': 'All', 'Season': '2023', 'SeasonType': 'Playoffs', 'TeamId': '1611661313'}",shot_pace,1611661313,4Q/OT | margin -3..3 | 300..120,get-possessions__possessions__off_def-Offense__filter_comparison-Exactly__filter_event-OnFloor__filter_value-5__start_type-All__season-2023__season_type-Playoffs__team_id-1611661313__f001ca9b,get-possessions,https://api.pbpstats.com/get-possessions/wnba?OffDef=Offense&FilterComparison=Exactly&FilterEvent=OnFloor&FilterValue=5&StartType=All&Season=2023&SeasonType=Playoffs&TeamId=1611661313,200,59,00:00,"MISS Thornton 3' Driving Layup
Plum REBOUND (Off:0 Def:2)
",1,0,0,0,2023-10-18,1042300304,0,0,LVA,1,0,10,00:17,Off Dead Ball,0,"[{""description"": ""MISS Thornton 3' Driving Layup"", ""url"": """"}, {""description"": ""Plum REBOUND (Off:0 Def:2)"", ""url"": """"}]",True,possessions,4Q/OT | margin -3..3 | 300..120,team
wnba,wnba_shot_pace,shot_pace,possessions,get-possessions,2023,Playoffs,team,"{'OffDef': 'Offense', 'FilterComparison': 'Exactly', 'FilterEvent': 'OnFloor', 'FilterValue': 5, 'StartType': 'All', 'Season': '2023', 'SeasonType': 'Playoffs', 'TeamId': '1611661313'}",shot_pace,1611661313,4Q/OT | margin -3..3 | 300..120,get-possessions__possessions__off_def-Offense__filter_comparison-Exactly__filter_event-OnFloor__filter_value-5__start_type-All__season-2023__season_type-Playoffs__team_id-1611661313__f001ca9b,get-possessions,https://api.pbpstats.com/get-possessions/wnba?OffDef=Offense&FilterComparison=Exactly&FilterEvent=OnFloor&FilterValue=5&StartType=All&Season=2023&SeasonType=Playoffs&TeamId=1611661313,200,60,00:41,"Colson P.FOUL (P1.PN)
Laney Free Throw 1 of 2 (6 PTS)
Laney Free Throw 2 of 2 (7 PTS)
",0,0,0,0,2023-10-18,1042300304,1,0,LVA,1,0,8,00:58,Off Short Mid-Range Make,0,"[{""description"": ""Colson P.FOUL (P1.PN)"", ""url"": """"}, {""description"": ""Laney Free Throw 1 of 2 (6 PTS)"", ""url"": """"}, {""description"": ""Laney Free Throw 2 of 2 (7 PTS)"", ""url"": """"}]",True,possessions,4Q/OT | margin -3..3 | 300..120,team
wnba,wnba_shot_pace,shot_pace,possessions,get-possessions,2023,Playoffs,team,"{'OffDef': 'Offense', 'FilterComparison': 'Exactly', 'FilterEvent': 'OnFloor', 'FilterValue': 5, 'StartType': 'All', 'Season': '2023', 'SeasonType': 'Playoffs', 'TeamId': '1611661313'}",shot_pace,1611661313,4Q/OT | margin -3..3 | 300..120,get-possessions__possessions__off_def-Offense__filter_comparison-Exactly__filter_event-OnFloor__filter_value-5__start_type-All__season-2023__season_type-Playoffs__team_id-1611661313__f001ca9b,get-possessions,https://api.pbpstats.com/get-possessions/wnba?OffDef=Offense&FilterComparison=Exactly&FilterEvent=OnFloor&FilterValue=5&StartType=All&Season=2023&SeasonType=Playoffs&TeamId=1611661313,200,61,01:11,"Wilson S.FOUL (P2.T3)
Stewart Free Throw 1 of 3 (1 PTS)
Stewart Free Throw 2 of 3 (2 PTS)
MISS Stewart Free Throw 3 of 3
Ionescu REBOUND (Off:1 Def:1)
MISS Stewart 11' Jump Shot
George REBOUND (Off:0 Def:1)
",1,0,0,0,2023-10-18,1042300304,0,1,LVA,1,1,8,01:22,Off At Rim Miss,0,"[{""description"": ""Wilson S.FOUL (P2.T3)"", ""url"": """"}, {""description"": ""Stewart Free Throw 1 of 3 (1 PTS)"", ""url"": """"}, {""description"": ""Stewart Free Throw 2 of 3 (2 PTS)"", ""url"": """"}, {""description"": ""MISS Stewart Free Throw 3 of 3"", ""url"": """"}, {""description"": ""Ionescu REBOUND (Off:1 Def:1)"", ""url"": """"}, {""description"": ""MISS Stewart 11' Jump Shot"", ""url"": """"}, {""description"": ""George REBOUND (Off:0 Def:1)"", ""url"": """"}]",True,possessions,4Q/OT | margin -3..3 | 300..120,team
wnba,wnba_shot_pace,shot_pace,possessions,get-possessions,2023,Playoffs,team,"{'OffDef': 'Offense', 'FilterComparison': 'Exactly', 'FilterEvent': 'OnFloor', 'FilterValue': 5, 'StartType': 'All', 'Season': '2023', 'SeasonType': 'Playoffs', 'TeamId': '1611661313'}",shot_pace,1611661313,4Q/OT | margin -3..3 | 300..120,get-possessions__possessions__off_def-Offense__filter_comparison-Exactly__filter_event-OnFloor__filter_value-5__start_type-All__season-2023__season_type-Playoffs__team_id-1611661313__f001ca9b,get-possessions,https://api.pbpstats.com/get-possessions/wnba?OffDef=Offense&FilterComparison=Exactly&FilterEvent=OnFloor&FilterValue=5&StartType=All&Season=2023&SeasonType=Playoffs&TeamId=1611661313,200,62,01:46,"Laney 2' Running Layup (5 PTS)
",1,1,0,0,2023-10-18,1042300304,0,0,LVA,1,0,6,01:50,Off Steal,0,"[{""description"": ""Laney 2' Running Layup (5 PTS)"", ""url"": """"}]",True,possessions,4Q/OT | margin -3..3 | 300..120,team
wnba,wnba_shot_pace,shot_pace,possessions,get-possessions,2023,Playoffs,team,"{'OffDef': 'Offense', 'FilterComparison': 'Exactly', 'FilterEvent': 'OnFloor', 'FilterValue': 5, 'StartType': 'All', 'Season': '2023', 'SeasonType': 'Playoffs', 'TeamId': '1611661313'}",shot_pace,1611661313,4Q/OT | margin -3..3 | 300..120,get-possessions__possessions__off_def-Offense__filter_comparison-Exactly__filter_event-OnFloor__filter_value-5__start_type-All__season-2023__season_type-Playoffs__team_id-1611661313__f001ca9b,get-possessions,https://api.pbpstats.com/get-possessions/wnba?OffDef=Offense&FilterComparison=Exactly&FilterEvent=OnFloor&FilterValue=5&StartType=All&Season=2023&SeasonType=Playoffs&TeamId=1611661313,200,63,02:13,"Vandersloot 25' 3PT Jump Shot (9 PTS) (Stewart 2 AST)
",0,0,1,1,2023-10-18,1042300304,0,0,LVA,1,0,3,02:30,Off At Rim Miss,0,"[{""description"": ""Vandersloot 25' 3PT Jump Shot (9 PTS) (Stewart 2 AST)"", ""url"": """"}]",True,possessions,4Q/OT | margin -3..3 | 300..120,team
wnba,wnba_shot_pace,shot_pace,possessions,get-possessions,2023,Playoffs,team,"{'OffDef': 'Offense', 'FilterComparison': 'Exactly', 'FilterEvent': 'OnFloor', 'FilterValue': 5, 'StartType': 'All', 'Season': '2023', 'SeasonType': 'Playoffs', 'TeamId': '1611661313'}",shot_pace,1611661313,4Q/OT | margin -3..3 | 300..120,get-possessions__possessions__off_def-Offense__filter_comparison-Exactly__filter_event-OnFloor__filter_value-5__start_type-All__season-2023__season_type-Playoffs__team_id-1611661313__f001ca9b,get-possessions,https://api.pbpstats.com/get-possessions/wnba?OffDef=Offense&FilterComparison=Exactly&FilterEvent=OnFloor&FilterValue=5&StartType=All&Season=2023&SeasonType=Playoffs&TeamId=1611661313,200,64,02:39,"MISS Laney 18' Pullup Jump Shot
Plum REBOUND (Off:0 Def:1)
",1,0,0,0,2023-10-18,1042300304,0,0,LVA,1,0,3,02:51,Off At Rim Miss,0,"[{""description"": ""MISS Laney 18' Pullup Jump Shot"", ""url"": """"}, {""description"": ""Plum REBOUND (Off:0 Def:1)"", ""url"": """"}]",True,possessions,4Q/OT | margin -3..3 | 300..120,team
wnba,wnba_shot_pace,shot_pace,possessions,get-possessions,2023,Playoffs,team,"{'OffDef': 'Offense', 'FilterComparison': 'Exactly', 'FilterEvent': 'OnFloor', 'FilterValue': 5, 'StartType': 'All', 'Season': '2023', 'SeasonType': 'Playoffs', 'TeamId': '1611661313'}",shot_pace,1611661313,4Q/OT | margin -3..3 | 300..120,get-possessions__possessions__off_def-Offense__filter_comparison-Exactly__filter_event-OnFloor__filter_value-5__start_type-All__season-2023__season_type-Playoffs__team_id-1611661313__f001ca9b,get-possessions,https://api.pbpstats.com/get-possessions/wnba?OffDef=Offense&FilterComparison=Exactly&FilterEvent=OnFloor&FilterValue=5&StartType=All&Season=2023&SeasonType=Playoffs&TeamId=1611661313,200,65,03:05,"Vandersloot 3' Running Layup (5 PTS) (Stewart 1 AST)
Wilson S.FOUL (P1.T2)
Vandersloot Free Throw 1 of 1 (6 PTS)
",1,1,0,0,2023-10-18,1042300304,0,0,LVA,1,1,0,03:10,Off Corner 3 Miss,0,"[{""description"": ""Vandersloot 3' Running Layup (5 PTS) (Stewart 1 AST)"", ""url"": """"}, {""description"": ""Wilson S.FOUL (P1.T2)"", ""url"": """"}, {""description"": ""Vandersloot Free Throw 1 of 1 (6 PTS)"", ""url"": """"}]",True,possessions,4Q/OT | margin -3..3 | 300..120,team
wnba,wnba_shot_pace,shot_pace,possessions,get-possessions,2023,Playoffs,team,"{'OffDef': 'Offense', 'FilterComparison': 'Exactly', 'FilterEvent': 'OnFloor', 'FilterValue': 5, 'StartType': 'All', 'Season': '2023', 'SeasonType': 'Playoffs', 'TeamId': '1611661313'}",shot_pace,1611661313,4Q/OT | margin -3..3 | 300..120,get-possessions__possessions__off_def-Offense__filter_comparison-Exactly__filter_event-OnFloor__filter_value-5__start_type-All__season-2023__season_type-Playoffs__team_id-1611661313__f001ca9b,get-possessions,https://api.pbpstats.com/get-possessions/wnba?OffDef=Offense&FilterComparison=Exactly&FilterEvent=OnFloor&FilterValue=5&StartType=All&Season=2023&SeasonType=Playoffs&TeamId=1611661313,200,66,03:29,"MISS Ionescu 2' Cutting Layup Shot: Wilson BLOCK (1 BLK)
LIBERTY Rebound
Vandersloot Bad Pass Turnover (P3.T4): George STEAL (1 STL)
",1,0,0,0,2023-10-18,1042300304,0,1,LVA,1,0,0,03:46,Off Dead Ball,1,"[{""description"": ""MISS Ionescu 2' Cutting Layup Shot: Wilson BLOCK (1 BLK)"", ""url"": """"}, {""description"": ""LIBERTY Rebound"", ""url"": """"}, {""description"": ""Vandersloot Bad Pass Turnover (P3.T4): George STEAL (1 STL)"", ""url"": """"}]",True,possessions,4Q/OT | margin -3..3 | 300..120,team
wnba,wnba_shot_pace,shot_pace,possessions,get-possessions,2023,Playoffs,team,"{'OffDef': 'Offense', 'FilterComparison': 'Exactly', 'FilterEvent': 'OnFloor', 'FilterValue': 5, 'StartType': 'All', 'Season': '2023', 'SeasonType': 'Playoffs', 'TeamId': '1611661313'}",shot_pace,1611661313,4Q/OT | margin -3..3 | 300..120,get-possessions__possessions__off_def-Offense__filter_comparison-Exactly__filter_event-OnFloor__filter_value-5__start_type-All__season-2023__season_type-Playoffs__team_id-1611661313__f001ca9b,get-possessions,https://api.pbpstats.com/get-possessions/wnba?OffDef=Offense&FilterComparison=Exactly&FilterEvent=OnFloor&FilterValue=5&StartType=All&Season=2023&SeasonType=Playoffs&TeamId=1611661313,200,67,04:01,"MISS Vandersloot 26' 3PT Pullup Jump Shot
Wilson REBOUND (Off:0 Def:4)
",0,0,1,0,2023-10-18,1042300304,0,0,LVA,1,0,0,04:13,Off At Rim Make,0,"[{""description"": ""MISS Vandersloot 26' 3PT Pullup Jump Shot"", ""url"": """"}, {""description"": ""Wilson REBOUND (Off:0 Def:4)"", ""url"": """"}]",True,possessions,4Q/OT | margin -3..3 | 300..120,team
wnba,wnba_shot_pace,shot_pace,possessions,get-possessions,2023,Playoffs,team,"{'OffDef': 'Offense', 'FilterComparison': 'Exactly', 'FilterEvent': 'OnFloor', 'FilterValue': 5, 'StartType': 'All', 'Season': '2023', 'SeasonType': 'Playoffs', 'TeamId': '1611661313'}",shot_pace,1611661313,4Q/OT | margin -3..3 | 300..120,get-possessions__possessions__off_def-Offense__filter_comparison-Exactly__filter_event-OnFloor__filter_value-5__start_type-All__season-2023__season_type-Playoffs__team_id-1611661313__f001ca9b,get-possessions,https://api.pbpstats.com/get-possessions/wnba?OffDef=Offense&FilterComparison=Exactly&FilterEvent=OnFloor&FilterValue=5&StartType=All&Season=2023&SeasonType=Playoffs&TeamId=1611661313,200,68,04:42,"Ionescu 25' 3PT Running Jump Shot (3 PTS) (Vandersloot 2 AST)
",0,0,1,1,2023-10-18,1042300304,0,0,LVA,1,0,-1,04:48,Off Steal,0,"[{""description"": ""Ionescu 25' 3PT Running Jump Shot (3 PTS) (Vandersloot 2 AST)"", ""url"": """"}]",True,possessions,4Q/OT | margin -3..3 | 300..120,team
wnba,wnba_shot_pace,shot_pace,possessions,get-possessions,2023,Playoffs,team,"{'OffDef': 'Offense', 'FilterComparison': 'Exactly', 'FilterEvent': 'OnFloor', 'FilterValue': 5, 'StartType': 'All', 'Season': '2023', 'SeasonType': 'Playoffs', 'TeamId': '1611661313'}",shot_pace,1611661313,4Q/OT | margin -3..3 | 300..120,get-possessions__possessions__off_def-Offense__filter_comparison-Exactly__filter_event-OnFloor__filter_value-5__start_type-All__season-2023__season_type-Playoffs__team_id-1611661313__f001ca9b,get-possessions,https://api.pbpstats.com/get-possessions/wnba?OffDef=Offense&FilterComparison=Exactly&FilterEvent=OnFloor&FilterValue=5&StartType=All&Season=2023&SeasonType=Playoffs&TeamId=1611661313,200,69,05:06,"Vandersloot Out of Bounds - Bad Pass Turnover Turnover (P2.T3)
",0,0,0,0,2023-10-18,1042300304,0,0,LVA,1,0,-1,05:16,Off Dead Ball,1,"[{""description"": ""Vandersloot Out of Bounds - Bad Pass Turnover Turnover (P2.T3)"", ""url"": """"}]",True,possessions,4Q/OT | margin -3..3 | 300..120,team
wnba,wnba_shot_pace,shot_pace,possessions,get-possessions,2023,Playoffs,team,"{'OffDef': 'Offense', 'FilterComparison': 'Exactly', 'FilterEvent': 'OnFloor', 'FilterValue': 5, 'StartType': 'All', 'Season': '2023', 'SeasonType': 'Playoffs', 'TeamId': '1611661313'}",shot_pace,1611661313,4Q/OT | margin -3..3 | 300..120,get-possessions__possessions__off_def-Offense__filter_comparison-Exactly__filter_event-OnFloor__filter_value-5__start_type-All__season-2023__season_type-Playoffs__team_id-1611661313__f001ca9b,get-possessions,https://api.pbpstats.com/get-possessions/wnba?OffDef=Offense&FilterComparison=Exactly&FilterEvent=OnFloor&FilterValue=5&StartType=All&Season=2023&SeasonType=Playoffs&TeamId=1611661313,200,70,05:46,"MISS Ionescu 26' 3PT Pullup Jump Shot
Vandersloot REBOUND (Off:1 Def:0)
Vandersloot 3PT Jump Shot (3 PTS) (Laney 1 AST)
",0,0,2,1,2023-10-18,1042300304,0,1,LVA,1,0,-4,06:04,Off Short Mid-Range Make,0,"[{""description"": ""MISS Ionescu 26' 3PT Pullup Jump Shot"", ""url"": """"}, {""description"": ""Vandersloot REBOUND (Off:1 Def:0)"", ""url"": """"}, {""description"": ""Vandersloot 3PT Jump Shot (3 PTS) (Laney 1 AST)"", ""url"": """"}]",True,possessions,4Q/OT | margin -3..3 | 300..120,team
wnba,wnba_shot_pace,shot_pace,possessions,get-possessions,2023,Playoffs,team,"{'OffDef': 'Offense', 'FilterComparison': 'Exactly', 'FilterEvent': 'OnFloor', 'FilterValue': 5, 'StartType': 'All', 'Season': '2023', 'SeasonType': 'Playoffs', 'TeamId': '1611661313'}",shot_pace,1611661313,4Q/OT | margin -3..3 | 300..120,get-possessions__possessions__off_def-Offense__filter_comparison-Exactly__filter_event-OnFloor__filter_value-5__start_type-All__season-2023__season_type-Playoffs__team_id-1611661313__f001ca9b,get-possessions,https://api.pbpstats.com/get-possessions/wnba?OffDef=Offense&FilterComparison=Exactly&FilterEvent=OnFloor&FilterValue=5&StartType=All&Season=2023&SeasonType=Playoffs&TeamId=1611661313,200,71,06:19,"MISS Laney 8' Turnaround Jump Shot
LIBERTY Rebound
MISS Stewart 15' Pullup Jump Shot
Jones REBOUND (Off:1 Def:1)
Jones 3' Putback Layup (2 PTS)
",3,1,0,0,2023-10-18,1042300304,0,2,LVA,1,0,-4,06:34,Off Steal,0,"[{""description"": ""MISS Laney 8' Turnaround Jump Shot"", ""url"": """"}, {""description"": ""LIBERTY Rebound"", ""url"": """"}, {""description"": ""MISS Stewart 15' Pullup Jump Shot"", ""url"": """"}, {""description"": ""Jones REBOUND (Off:1 Def:1)"", ""url"": """"}, {""description"": ""Jones 3' Putback Layup (2 PTS)"", ""url"": """"}]",True,possessions,4Q/OT | margin -3..3 | 300..120,team
wnba,wnba_shot_pace,shot_pace,possessions,get-possessions,2023,Playoffs,team,"{'OffDef': 'Offense', 'FilterComparison': 'Exactly', 'FilterEvent': 'OnFloor', 'FilterValue': 5, 'StartType': 'All', 'Season': '2023', 'SeasonType': 'Playoffs', 'TeamId': '1611661313'}",shot_pace,1611661313,4Q/OT | margin -3..3 | 300..120,get-possessions__possessions__off_def-Offense__filter_comparison-Exactly__filter_event-OnFloor__filter_value-5__start_type-All__season-2023__season_type-Playoffs__team_id-1611661313__f001ca9b,get-possessions,https://api.pbpstats.com/get-possessions/wnba?OffDef=Offense&FilterComparison=Exactly&FilterEvent=OnFloor&FilterValue=5&StartType=All&Season=2023&SeasonType=Playoffs&TeamId=1611661313,200,72,06:39,"MISS Stewart 1' Cutting Layup Shot
Wilson REBOUND (Off:0 Def:3)
",1,0,0,0,2023-10-18,1042300304,0,0,LVA,1,0,-4,06:48,Off At Rim Miss,0,"[{""description"": ""MISS Stewart 1' Cutting Layup Shot"", ""url"": """"}, {""description"": ""Wilson REBOUND (Off:0 Def:3)"", ""url"": """"}]",True,possessions,4Q/OT | margin -3..3 | 300..120,team
wnba,wnba_shot_pace,shot_pace,possessions,get-possessions,2023,Playoffs,team,"{'OffDef': 'Offense', 'FilterComparison': 'Exactly', 'FilterEvent': 'OnFloor', 'FilterValue': 5, 'StartType': 'All', 'Season': '2023', 'SeasonType': 'Playoffs', 'TeamId': '1611661313'}",shot_pace,1611661313,4Q/OT | margin -3..3 | 300..120,get-possessions__possessions__off_def-Offense__filter_comparison-Exactly__filter_event-OnFloor__filter_value-5__start_type-All__season-2023__season_type-Playoffs__team_id-1611661313__f001ca9b,get-possessions,https://api.pbpstats.com/get-possessions/wnba?OffDef=Offense&FilterComparison=Exactly&FilterEvent=OnFloor&FilterValue=5&StartType=All&Season=2023&SeasonType=Playoffs&TeamId=1611661313,200,73,07:00,"Plum P.FOUL (P1.T1)
MISS Laney 25' 3PT Jump Shot
Aces Rebound
",0,0,1,0,2023-10-18,1042300304,0,0,LVA,1,0,-4,07:19,Off Steal,0,"[{""description"": ""Plum P.FOUL (P1.T1)"", ""url"": """"}, {""description"": ""MISS Laney 25' 3PT Jump Shot"", ""url"": """"}, {""description"": ""Aces Rebound"", ""url"": """"}]",True,possessions,4Q/OT | margin -3..3 | 300..120,team
wnba,wnba_shot_pace,shot_pace,possessions,get-possessions,2023,Playoffs,team,"{'OffDef': 'Offense', 'FilterComparison': 'Exactly', 'FilterEvent': 'OnFloor', 'FilterValue': 5, 'StartType': 'All', 'Season': '2023', 'SeasonType': 'Playoffs', 'TeamId': '1611661313'}",shot_pace,1611661313,4Q/OT | margin -3..3 | 300..120,get-possessions__possessions__off_def-Offense__filter_comparison-Exactly__filter_event-OnFloor__filter_value-5__start_type-All__season-2023__season_type-Playoffs__team_id-1611661313__f001ca9b,get-possessions,https://api.pbpstats.com/get-possessions/wnba?OffDef=Offense&FilterComparison=Exactly&FilterEvent=OnFloor&FilterValue=5&StartType=All&Season=2023&SeasonType=Playoffs&TeamId=1611661313,200,74,07:28,"Jones Traveling Turnover (P1.T2)
",0,0,0,0,2023-10-18,1042300304,0,0,LVA,1,0,-4,07:45,Off Corner 3 Make,1,"[{""description"": ""Jones Traveling Turnover (P1.T2)"", ""url"": """"}]",True,possessions,4Q/OT | margin -3..3 | 300..120,team
wnba,wnba_shot_pace,shot_pace,possessions,get-possessions,2023,Playoffs,team,"{'OffDef': 'Offense', 'FilterComparison': 'Exactly', 'FilterEvent': 'OnFloor', 'FilterValue': 5, 'StartType': 'All', 'Season': '2023', 'SeasonType': 'Playoffs', 'TeamId': '1611661313'}",shot_pace,1611661313,4Q/OT | margin -3..3 | 300..120,get-possessions__possessions__off_def-Offense__filter_comparison-Exactly__filter_event-OnFloor__filter_value-5__start_type-All__season-2023__season_type-Playoffs__team_id-1611661313__f001ca9b,get-possessions,https://api.pbpstats.com/get-possessions/wnba?OffDef=Offense&FilterComparison=Exactly&FilterEvent=OnFloor&FilterValue=5&StartType=All&Season=2023&SeasonType=Playoffs&TeamId=1611661313,200,75,07:57,"MISS Stewart 14' Fadeaway Jumper
Wilson REBOUND (Off:0 Def:2)
",1,0,0,0,2023-10-18,1042300304,0,0,LVA,1,0,-1,08:13,Off Dead Ball,0,"[{""description"": ""MISS Stewart 14' Fadeaway Jumper"", ""url"": """"}, {""description"": ""Wilson REBOUND (Off:0 Def:2)"", ""url"": """"}]",True,possessions,4Q/OT | margin -3..3 | 300..120,team
wnba,wnba_shot_pace,shot_pace,possessions,get-possessions,2023,Playoffs,team,"{'OffDef': 'Offense', 'FilterComparison': 'Exactly', 'FilterEvent': 'OnFloor', 'FilterValue': 5, 'StartType': 'All', 'Season': '2023', 'SeasonType': 'Playoffs', 'TeamId': '1611661313'}",shot_pace,1611661313,4Q/OT | margin -3..3 | 300..120,get-possessions__possessions__off_def-Offense__filter_comparison-Exactly__filter_event-OnFloor__filter_value-5__start_type-All__season-2023__season_type-Playoffs__team_id-1611661313__f001ca9b,get-possessions,https://api.pbpstats.com/get-possessions/wnba?OffDef=Offense&FilterComparison=Exactly&FilterEvent=OnFloor&FilterValue=5&StartType=All&Season=2023&SeasonType=Playoffs&TeamId=1611661313,200,76,08:18,"MISS Stewart 3' Running Alley Oop Layup Shot
Wilson REBOUND (Off:0 Def:1)
",1,0,0,0,2023-10-18,1042300304,0,0,LVA,1,0,-1,08:25,Off Arc 3 Miss,0,"[{""description"": ""MISS Stewart 3' Running Alley Oop Layup Shot"", ""url"": """"}, {""description"": ""Wilson REBOUND (Off:0 Def:1)"", ""url"": """"}]",True,possessions,4Q/OT | margin -3..3 | 300..120,team
wnba,wnba_shot_pace,shot_pace,possessions,get-possessions,2023,Playoffs,team,"{'OffDef': 'Offense', 'FilterComparison': 'Exactly', 'FilterEvent': 'OnFloor', 'FilterValue': 5, 'StartType': 'All', 'Season': '2023', 'SeasonType': 'Playoffs', 'TeamId': '1611661313'}",shot_pace,1611661313,4Q/OT | margin -3..3 | 300..120,get-possessions__possessions__off_def-Offense__filter_comparison-Exactly__filter_event-OnFloor__filter_value-5__start_type-All__season-2023__season_type-Playoffs__team_id-1611661313__f001ca9b,get-possessions,https://api.pbpstats.com/get-possessions/wnba?OffDef=Offense&FilterComparison=Exactly&FilterEvent=OnFloor&FilterValue=5&StartType=All&Season=2023&SeasonType=Playoffs&TeamId=1611661313,200,77,08:40,"Laney 3PT Jump Shot (3 PTS) (Vandersloot 1 AST)
",0,0,1,1,2023-10-18,1042300304,0,0,LVA,1,0,-4,08:54,Off At Rim Make,0,"[{""description"": ""Laney 3PT Jump Shot (3 PTS) (Vandersloot 1 AST)"", ""url"": """"}]",True,possessions,4Q/OT | margin -3..3 | 300..120,team
wnba,wnba_shot_pace,shot_pace,possessions,get-possessions,2023,Playoffs,team,"{'OffDef': 'Offense', 'FilterComparison': 'Exactly', 'FilterEvent': 'OnFloor', 'FilterValue': 5, 'StartType': 'All', 'Season': '2023', 'SeasonType': 'Playoffs', 'TeamId': '1611661313'}",shot_pace,1611661313,4Q/OT | margin -3..3 | 300..120,get-possessions__possessions__off_def-Offense__filter_comparison-Exactly__filter_event-OnFloor__filter_value-5__start_type-All__season-2023__season_type-Playoffs__team_id-1611661313__f001ca9b,get-possessions,https://api.pbpstats.com/get-possessions/wnba?OffDef=Offense&FilterComparison=Exactly&FilterEvent=OnFloor&FilterValue=5&StartType=All&Season=2023&SeasonType=Playoffs&TeamId=1611661313,200,78,09:17,"Vandersloot Out of Bounds - Bad Pass Turnover Turnover (P1.T1)
",0,0,0,0,2023-10-18,1042300304,0,0,LVA,1,0,-2,09:38,Off At Rim Make,1,"[{""description"": ""Vandersloot Out of Bounds - Bad Pass Turnover Turnover (P1.T1)"", ""url"": """"}]",True,possessions,4Q/OT | margin -3..3 | 300..120,team
wnba,wnba_shot_pace,shot_pace,possessions,get-possessions,2023,Playoffs,team,"{'OffDef': 'Offense', 'FilterComparison': 'Exactly', 'FilterEvent': 'OnFloor', 'FilterValue': 5, 'StartType': 'All', 'Season': '2023', 'SeasonType': 'Playoffs', 'TeamId': '1611661313'}",shot_pace,1611661313,4Q/OT | margin -3..3 | 300..120,get-possessions__possessions__off_def-Offense__filter_comparison-Exactly__filter_event-OnFloor__filter_value-5__start_type-All__season-2023__season_type-Playoffs__team_id-1611661313__f001ca9b,get-possessions,https://api.pbpstats.com/get-possessions/wnba?OffDef=Offense&FilterComparison=Exactly&FilterEvent=OnFloor&FilterValue=5&StartType=All&Season=2023&SeasonType=Playoffs&TeamId=1611661313,200,79,00:00,,0,0,0,0,2023-10-15,1042300303,0,0,LVA,4,0,14,00:09,Off Corner 3 Miss,0,[],True,possessions,4Q/OT | margin -3..3 | 300..120,team
wnba,wnba_shot_pace,shot_pace,possessions,get-possessions,2023,Playoffs,team,"{'OffDef': 'Offense', 'FilterComparison': 'Exactly', 'FilterEvent': 'OnFloor', 'FilterValue': 5, 'StartType': 'All', 'Season': '2023', 'SeasonType': 'Playoffs', 'TeamId': '1611661313'}",shot_pace,1611661313,4Q/OT | margin -3..3 | 300..120,get-possessions__possessions__off_def-Offense__filter_comparison-Exactly__filter_event-OnFloor__filter_value-5__start_type-All__season-2023__season_type-Playoffs__team_id-1611661313__f001ca9b,get-possessions,https://api.pbpstats.com/get-possessions/wnba?OffDef=Offense&FilterComparison=Exactly&FilterEvent=OnFloor&FilterValue=5&StartType=All&Season=2023&SeasonType=Playoffs&TeamId=1611661313,200,80,00:20,"Plum S.FOUL (P5.PN)
MISS Willoughby Free Throw 1 of 2
LIBERTY Rebound
MISS Willoughby Free Throw 2 of 2
Colson REBOUND (Off:0 Def:1)
",0,0,0,0,2023-10-15,1042300303,0,0,LVA,4,1,14,00:35,Off FT Make,0,"[{""description"": ""Plum S.FOUL (P5.PN)"", ""url"": """"}, {""description"": ""MISS Willoughby Free Throw 1 of 2"", ""url"": """"}, {""description"": ""LIBERTY Rebound"", ""url"": """"}, {""description"": ""MISS Willoughby Free Throw 2 of 2"", ""url"": """"}, {""description"": ""Colson REBOUND (Off:0 Def:1)"", ""url"": """"}]",True,possessions,4Q/OT | margin -3..3 | 300..120,team
wnba,wnba_shot_pace,shot_pace,possessions,get-possessions,2023,Playoffs,team,"{'OffDef': 'Offense', 'FilterComparison': 'Exactly', 'FilterEvent': 'OnFloor', 'FilterValue': 5, 'StartType': 'All', 'Season': '2023', 'SeasonType': 'Playoffs', 'TeamId': '1611661313'}",shot_pace,1611661313,4Q/OT | margin -3..3 | 300..120,get-possessions__possessions__off_def-Offense__filter_comparison-Exactly__filter_event-OnFloor__filter_value-5__start_type-All__season-2023__season_type-Playoffs__team_id-1611661313__f001ca9b,get-possessions,https://api.pbpstats.com/get-possessions/wnba?OffDef=Offense&FilterComparison=Exactly&FilterEvent=OnFloor&FilterValue=5&StartType=All&Season=2023&SeasonType=Playoffs&TeamId=1611661313,200,81,00:43,"Thornton 24' 3PT Jump Shot (6 PTS) (Sabally 1 AST)
",0,0,1,1,2023-10-15,1042300303,0,0,LVA,4,0,14,00:57,Off Arc 3 Make,0,"[{""description"": ""Thornton 24' 3PT Jump Shot (6 PTS) (Sabally 1 AST)"", ""url"": """"}]",True,possessions,4Q/OT | margin -3..3 | 300..120,team
wnba,wnba_shot_pace,shot_pace,possessions,get-possessions,2023,Playoffs,team,"{'OffDef': 'Offense', 'FilterComparison': 'Exactly', 'FilterEvent': 'OnFloor', 'FilterValue': 5, 'StartType': 'All', 'Season': '2023', 'SeasonType': 'Playoffs', 'TeamId': '1611661313'}",shot_pace,1611661313,4Q/OT | margin -3..3 | 300..120,get-possessions__possessions__off_def-Offense__filter_comparison-Exactly__filter_event-OnFloor__filter_value-5__start_type-All__season-2023__season_type-Playoffs__team_id-1611661313__f001ca9b,get-possessions,https://api.pbpstats.com/get-possessions/wnba?OffDef=Offense&FilterComparison=Exactly&FilterEvent=OnFloor&FilterValue=5&StartType=All&Season=2023&SeasonType=Playoffs&TeamId=1611661313,200,82,01:09,"Stewart Out of Bounds Lost Ball Turnover (P5.T11)
",0,0,0,0,2023-10-15,1042300303,0,0,LVA,4,0,17,01:10,Off Long Mid-Range Miss,1,"[{""description"": ""Stewart Out of Bounds Lost Ball Turnover (P5.T11)"", ""url"": """"}]",True,possessions,4Q/OT | margin -3..3 | 300..120,team
wnba,wnba_shot_pace,shot_pace,possessions,get-possessions,2023,Playoffs,team,"{'OffDef': 'Offense', 'FilterComparison': 'Exactly', 'FilterEvent': 'OnFloor', 'FilterValue': 5, 'StartType': 'All', 'Season': '2023', 'SeasonType': 'Playoffs', 'TeamId': '1611661313'}",shot_pace,1611661313,4Q/OT | margin -3..3 | 300..120,get-possessions__possessions__off_def-Offense__filter_comparison-Exactly__filter_event-OnFloor__filter_value-5__start_type-All__season-2023__season_type-Playoffs__team_id-1611661313__f001ca9b,get-possessions,https://api.pbpstats.com/get-possessions/wnba?OffDef=Offense&FilterComparison=Exactly&FilterEvent=OnFloor&FilterValue=5&StartType=All&Season=2023&SeasonType=Playoffs&TeamId=1611661313,200,83,01:23,"Vandersloot 2' Driving Layup (12 PTS)
",1,1,0,0,2023-10-15,1042300303,0,0,LVA,4,0,15,01:31,Off Dead Ball,0,"[{""description"": ""Vandersloot 2' Driving Layup (12 PTS)"", ""url"": """"}]",True,possessions,4Q/OT | margin -3..3 | 300..120,team
wnba,wnba_shot_pace,shot_pace,possessions,get-possessions,2023,Playoffs,team,"{'OffDef': 'Offense', 'FilterComparison': 'Exactly', 'FilterEvent': 'OnFloor', 'FilterValue': 5, 'StartType': 'All', 'Season': '2023', 'SeasonType': 'Playoffs', 'TeamId': '1611661313'}",shot_pace,1611661313,4Q/OT | margin -3..3 | 300..120,get-possessions__possessions__off_def-Offense__filter_comparison-Exactly__filter_event-OnFloor__filter_value-5__start_type-All__season-2023__season_type-Playoffs__team_id-1611661313__f001ca9b,get-possessions,https://api.pbpstats.com/get-possessions/wnba?OffDef=Offense&FilterComparison=Exactly&FilterEvent=OnFloor&FilterValue=5&StartType=All&Season=2023&SeasonType=Playoffs&TeamId=1611661313,200,84,01:43,"Ionescu 26' 3PT Jump Shot (9 PTS) (Laney 2 AST)
",0,0,1,1,2023-10-15,1042300303,0,0,LVA,4,0,12,01:55,Off Arc 3 Make,0,"[{""description"": ""Ionescu 26' 3PT Jump Shot (9 PTS) (Laney 2 AST)"", ""url"": """"}]",True,possessions,4Q/OT | margin -3..3 | 300..120,team
wnba,wnba_shot_pace,shot_pace,possessions,get-possessions,2023,Playoffs,team,"{'OffDef': 'Offense', 'FilterComparison': 'Exactly', 'FilterEvent': 'OnFloor', 'FilterValue': 5, 'StartType': 'All', 'Season': '2023', 'SeasonType': 'Playoffs', 'TeamId': '1611661313'}",shot_pace,1611661313,4Q/OT | margin -3..3 | 300..120,get-possessions__possessions__off_def-Offense__filter_comparison-Exactly__filter_event-OnFloor__filter_value-5__start_type-All__season-2023__season_type-Playoffs__team_id-1611661313__f001ca9b,get-possessions,https://api.pbpstats.com/get-possessions/wnba?OffDef=Offense&FilterComparison=Exactly&FilterEvent=OnFloor&FilterValue=5&StartType=All&Season=2023&SeasonType=Playoffs&TeamId=1611661313,200,85,02:22,"Clark P.FOUL (P3.PN)
Stewart Free Throw 1 of 2 (19 PTS)
Stewart Free Throw 2 of 2 (20 PTS)
",0,0,0,0,2023-10-15,1042300303,1,0,LVA,4,0,13,02:29,Off Short Mid-Range Miss,0,"[{""description"": ""Clark P.FOUL (P3.PN)"", ""url"": """"}, {""description"": ""Stewart Free Throw 1 of 2 (19 PTS)"", ""url"": """"}, {""description"": ""Stewart Free Throw 2 of 2 (20 PTS)"", ""url"": """"}]",True,possessions,4Q/OT | margin -3..3 | 300..120,team
wnba,wnba_shot_pace,shot_pace,possessions,get-possessions,2023,Playoffs,team,"{'OffDef': 'Offense', 'FilterComparison': 'Exactly', 'FilterEvent': 'OnFloor', 'FilterValue': 5, 'StartType': 'All', 'Season': '2023', 'SeasonType': 'Playoffs', 'TeamId': '1611661313'}",shot_pace,1611661313,4Q/OT | margin -3..3 | 300..120,get-possessions__possessions__off_def-Offense__filter_comparison-Exactly__filter_event-OnFloor__filter_value-5__start_type-All__season-2023__season_type-Playoffs__team_id-1611661313__f001ca9b,get-possessions,https://api.pbpstats.com/get-possessions/wnba?OffDef=Offense&FilterComparison=Exactly&FilterEvent=OnFloor&FilterValue=5&StartType=All&Season=2023&SeasonType=Playoffs&TeamId=1611661313,200,86,02:47,"Stokes P.FOUL (P1.T4)
Jones 26' 3PT Jump Shot (27 PTS) (Vandersloot 6 AST)
",0,0,1,1,2023-10-15,1042300303,0,0,LVA,4,0,10,03:03,Off Dead Ball,0,"[{""description"": ""Stokes P.FOUL (P1.T4)"", ""url"": """"}, {""description"": ""Jones 26' 3PT Jump Shot (27 PTS) (Vandersloot 6 AST)"", ""url"": """"}]",True,possessions,4Q/OT | margin -3..3 | 300..120,team
wnba,wnba_shot_pace,shot_pace,possessions,get-possessions,2023,Playoffs,team,"{'OffDef': 'Offense', 'FilterComparison': 'Exactly', 'FilterEvent': 'OnFloor', 'FilterValue': 5, 'StartType': 'All', 'Season': '2023', 'SeasonType': 'Playoffs', 'TeamId': '1611661313'}",shot_pace,1611661313,4Q/OT | margin -3..3 | 300..120,get-possessions__possessions__off_def-Offense__filter_comparison-Exactly__filter_event-OnFloor__filter_value-5__start_type-All__season-2023__season_type-Playoffs__team_id-1611661313__f001ca9b,get-possessions,https://api.pbpstats.com/get-possessions/wnba?OffDef=Offense&FilterComparison=Exactly&FilterEvent=OnFloor&FilterValue=5&StartType=All&Season=2023&SeasonType=Playoffs&TeamId=1611661313,200,87,03:15,"Bell P.FOUL (P1.T3)
Laney 25' 3PT Jump Shot (12 PTS) (Jones 3 AST)
",0,0,1,1,2023-10-15,1042300303,0,0,LVA,4,0,7,03:38,Off Arc 3 Make,0,"[{""description"": ""Bell P.FOUL (P1.T3)"", ""url"": """"}, {""description"": ""Laney 25' 3PT Jump Shot (12 PTS) (Jones 3 AST)"", ""url"": """"}]",True,possessions,4Q/OT | margin -3..3 | 300..120,team
wnba,wnba_shot_pace,shot_pace,possessions,get-possessions,2023,Playoffs,team,"{'OffDef': 'Offense', 'FilterComparison': 'Exactly', 'FilterEvent': 'OnFloor', 'FilterValue': 5, 'StartType': 'All', 'Season': '2023', 'SeasonType': 'Playoffs', 'TeamId': '1611661313'}",shot_pace,1611661313,4Q/OT | margin -3..3 | 300..120,get-possessions__possessions__off_def-Offense__filter_comparison-Exactly__filter_event-OnFloor__filter_value-5__start_type-All__season-2023__season_type-Playoffs__team_id-1611661313__f001ca9b,get-possessions,https://api.pbpstats.com/get-possessions/wnba?OffDef=Offense&FilterComparison=Exactly&FilterEvent=OnFloor&FilterValue=5&StartType=All&Season=2023&SeasonType=Playoffs&TeamId=1611661313,200,88,04:01,"Laney 2' Running Layup (9 PTS)
",1,1,0,0,2023-10-15,1042300303,0,0,LVA,4,0,8,04:06,Off Steal,0,"[{""description"": ""Laney 2' Running Layup (9 PTS)"", ""url"": """"}]",True,possessions,4Q/OT | margin -3..3 | 300..120,team
wnba,wnba_shot_pace,shot_pace,possessions,get-possessions,2023,Playoffs,team,"{'OffDef': 'Offense', 'FilterComparison': 'Exactly', 'FilterEvent': 'OnFloor', 'FilterValue': 5, 'StartType': 'All', 'Season': '2023', 'SeasonType': 'Playoffs', 'TeamId': '1611661313'}",shot_pace,1611661313,4Q/OT | margin -3..3 | 300..120,get-possessions__possessions__off_def-Offense__filter_comparison-Exactly__filter_event-OnFloor__filter_value-5__start_type-All__season-2023__season_type-Playoffs__team_id-1611661313__f001ca9b,get-possessions,https://api.pbpstats.com/get-possessions/wnba?OffDef=Offense&FilterComparison=Exactly&FilterEvent=OnFloor&FilterValue=5&StartType=All&Season=2023&SeasonType=Playoffs&TeamId=1611661313,200,89,04:17,"Stewart 11' Turnaround Fadeaway (18 PTS) (Vandersloot 5 AST)
",1,1,0,0,2023-10-15,1042300303,0,0,LVA,4,0,6,04:38,Off Arc 3 Miss,0,"[{""description"": ""Stewart 11' Turnaround Fadeaway (18 PTS) (Vandersloot 5 AST)"", ""url"": """"}]",True,possessions,4Q/OT | margin -3..3 | 300..120,team
wnba,wnba_shot_pace,shot_pace,possessions,get-possessions,2023,Playoffs,team,"{'OffDef': 'Offense', 'FilterComparison': 'Exactly', 'FilterEvent': 'OnFloor', 'FilterValue': 5, 'StartType': 'All', 'Season': '2023', 'SeasonType': 'Playoffs', 'TeamId': '1611661313'}",shot_pace,1611661313,4Q/OT | margin -3..3 | 300..120,get-possessions__possessions__off_def-Offense__filter_comparison-Exactly__filter_event-OnFloor__filter_value-5__start_type-All__season-2023__season_type-Playoffs__team_id-1611661313__f001ca9b,get-possessions,https://api.pbpstats.com/get-possessions/wnba?OffDef=Offense&FilterComparison=Exactly&FilterEvent=OnFloor&FilterValue=5&StartType=All&Season=2023&SeasonType=Playoffs&TeamId=1611661313,200,90,04:56,"MISS Ionescu 26' 3PT Pullup Jump Shot
Thornton REBOUND (Off:1 Def:0)
Stewart Lost Ball Turnover (P4.T10): Plum STEAL (2 STL)
",0,0,1,0,2023-10-15,1042300303,0,1,LVA,4,0,6,05:31,Off Timeout,1,"[{""description"": ""MISS Ionescu 26' 3PT Pullup Jump Shot"", ""url"": """"}, {""description"": ""Thornton REBOUND (Off:1 Def:0)"", ""url"": """"}, {""description"": ""Stewart Lost Ball Turnover (P4.T10): Plum STEAL (2 STL)"", ""url"": """"}]",True,possessions,4Q/OT | margin -3..3 | 300..120,team
wnba,wnba_shot_pace,shot_pace,possessions,get-possessions,2023,Playoffs,team,"{'OffDef': 'Offense', 'FilterComparison': 'Exactly', 'FilterEvent': 'OnFloor', 'FilterValue': 5, 'StartType': 'All', 'Season': '2023', 'SeasonType': 'Playoffs', 'TeamId': '1611661313'}",shot_pace,1611661313,4Q/OT | margin -3..3 | 300..120,get-possessions__possessions__off_def-Offense__filter_comparison-Exactly__filter_event-OnFloor__filter_value-5__start_type-All__season-2023__season_type-Playoffs__team_id-1611661313__f001ca9b,get-possessions,https://api.pbpstats.com/get-possessions/wnba?OffDef=Offense&FilterComparison=Exactly&FilterEvent=OnFloor&FilterValue=5&StartType=All&Season=2023&SeasonType=Playoffs&TeamId=1611661313,200,91,05:35,"Stewart Bad Pass Turnover (P3.T9): Wilson STEAL (1 STL)
",0,0,0,0,2023-10-15,1042300303,0,0,LVA,4,0,8,05:45,Off Short Mid-Range Make,1,"[{""description"": ""Stewart Bad Pass Turnover (P3.T9): Wilson STEAL (1 STL)"", ""url"": """"}]",True,possessions,4Q/OT | margin -3..3 | 300..120,team
wnba,wnba_shot_pace,shot_pace,possessions,get-possessions,2023,Playoffs,team,"{'OffDef': 'Offense', 'FilterComparison': 'Exactly', 'FilterEvent': 'OnFloor', 'FilterValue': 5, 'StartType': 'All', 'Season': '2023', 'SeasonType': 'Playoffs', 'TeamId': '1611661313'}",shot_pace,1611661313,4Q/OT | margin -3..3 | 300..120,get-possessions__possessions__off_def-Offense__filter_comparison-Exactly__filter_event-OnFloor__filter_value-5__start_type-All__season-2023__season_type-Playoffs__team_id-1611661313__f001ca9b,get-possessions,https://api.pbpstats.com/get-possessions/wnba?OffDef=Offense&FilterComparison=Exactly&FilterEvent=OnFloor&FilterValue=5&StartType=All&Season=2023&SeasonType=Playoffs&TeamId=1611661313,200,92,05:56,"MISS Laney 25' 3PT Jump Shot
Plum REBOUND (Off:1 Def:1)
",0,0,1,0,2023-10-15,1042300303,0,0,LVA,4,0,10,06:18,Off FT Miss,0,"[{""description"": ""MISS Laney 25' 3PT Jump Shot"", ""url"": """"}, {""description"": ""Plum REBOUND (Off:1 Def:1)"", ""url"": """"}]",True,possessions,4Q/OT | margin -3..3 | 300..120,team
wnba,wnba_shot_pace,shot_pace,possessions,get-possessions,2023,Playoffs,team,"{'OffDef': 'Offense', 'FilterComparison': 'Exactly', 'FilterEvent': 'OnFloor', 'FilterValue': 5, 'StartType': 'All', 'Season': '2023', 'SeasonType': 'Playoffs', 'TeamId': '1611661313'}",shot_pace,1611661313,4Q/OT | margin -3..3 | 300..120,get-possessions__possessions__off_def-Offense__filter_comparison-Exactly__filter_event-OnFloor__filter_value-5__start_type-All__season-2023__season_type-Playoffs__team_id-1611661313__f001ca9b,get-possessions,https://api.pbpstats.com/get-possessions/wnba?OffDef=Offense&FilterComparison=Exactly&FilterEvent=OnFloor&FilterValue=5&StartType=All&Season=2023&SeasonType=Playoffs&TeamId=1611661313,200,93,06:38,"Plum P.FOUL (P4.T2)
Stewart 8' Driving Floating Jump Shot (16 PTS) (Ionescu 11 AST)
",1,1,0,0,2023-10-15,1042300303,0,0,LVA,4,0,9,07:01,Off At Rim Miss,0,"[{""description"": ""Plum P.FOUL (P4.T2)"", ""url"": """"}, {""description"": ""Stewart 8' Driving Floating Jump Shot (16 PTS) (Ionescu 11 AST)"", ""url"": """"}]",True,possessions,4Q/OT | margin -3..3 | 300..120,team
wnba,wnba_shot_pace,shot_pace,possessions,get-possessions,2023,Playoffs,team,"{'OffDef': 'Offense', 'FilterComparison': 'Exactly', 'FilterEvent': 'OnFloor', 'FilterValue': 5, 'StartType': 'All', 'Season': '2023', 'SeasonType': 'Playoffs', 'TeamId': '1611661313'}",shot_pace,1611661313,4Q/OT | margin -3..3 | 300..120,get-possessions__possessions__off_def-Offense__filter_comparison-Exactly__filter_event-OnFloor__filter_value-5__start_type-All__season-2023__season_type-Playoffs__team_id-1611661313__f001ca9b,get-possessions,https://api.pbpstats.com/get-possessions/wnba?OffDef=Offense&FilterComparison=Exactly&FilterEvent=OnFloor&FilterValue=5&StartType=All&Season=2023&SeasonType=Playoffs&TeamId=1611661313,200,94,07:07,"MISS Laney 24' 3PT Jump Shot
Jones REBOUND (Off:1 Def:5)
Jones Bad Pass Turnover (P1.T8): Gray STEAL (3 STL)
",0,0,1,0,2023-10-15,1042300303,0,1,LVA,4,0,9,07:26,Off Long Mid-Range Miss,1,"[{""description"": ""MISS Laney 24' 3PT Jump Shot"", ""url"": """"}, {""description"": ""Jones REBOUND (Off:1 Def:5)"", ""url"": """"}, {""description"": ""Jones Bad Pass Turnover (P1.T8): Gray STEAL (3 STL)"", ""url"": """"}]",True,possessions,4Q/OT | margin -3..3 | 300..120,team
wnba,wnba_shot_pace,shot_pace,possessions,get-possessions,2023,Playoffs,team,"{'OffDef': 'Offense', 'FilterComparison': 'Exactly', 'FilterEvent': 'OnFloor', 'FilterValue': 5, 'StartType': 'All', 'Season': '2023', 'SeasonType': 'Playoffs', 'TeamId': '1611661313'}",shot_pace,1611661313,4Q/OT | margin -3..3 | 300..120,get-possessions__possessions__off_def-Offense__filter_comparison-Exactly__filter_event-OnFloor__filter_value-5__start_type-All__season-2023__season_type-Playoffs__team_id-1611661313__f001ca9b,get-possessions,https://api.pbpstats.com/get-possessions/wnba?OffDef=Offense&FilterComparison=Exactly&FilterEvent=OnFloor&FilterValue=5&StartType=All&Season=2023&SeasonType=Playoffs&TeamId=1611661313,200,95,07:46,"MISS Vandersloot 25' 3PT Pullup Jump Shot
Wilson REBOUND (Off:3 Def:8)
",0,0,1,0,2023-10-15,1042300303,0,0,LVA,4,0,9,07:58,Off Arc 3 Miss,0,"[{""description"": ""MISS Vandersloot 25' 3PT Pullup Jump Shot"", ""url"": """"}, {""description"": ""Wilson REBOUND (Off:3 Def:8)"", ""url"": """"}]",True,possessions,4Q/OT | margin -3..3 | 300..120,team
wnba,wnba_shot_pace,shot_pace,possessions,get-possessions,2023,Playoffs,team,"{'OffDef': 'Offense', 'FilterComparison': 'Exactly', 'FilterEvent': 'OnFloor', 'FilterValue': 5, 'StartType': 'All', 'Season': '2023', 'SeasonType': 'Playoffs', 'TeamId': '1611661313'}",shot_pace,1611661313,4Q/OT | margin -3..3 | 300..120,get-possessions__possessions__off_def-Offense__filter_comparison-Exactly__filter_event-OnFloor__filter_value-5__start_type-All__season-2023__season_type-Playoffs__team_id-1611661313__f001ca9b,get-possessions,https://api.pbpstats.com/get-possessions/wnba?OffDef=Offense&FilterComparison=Exactly&FilterEvent=OnFloor&FilterValue=5&StartType=All&Season=2023&SeasonType=Playoffs&TeamId=1611661313,200,96,08:12,"Plum S.FOUL (P3.T1)
MISS Johannès Free Throw 1 of 2
LIBERTY Rebound
Johannès Free Throw 2 of 2 (1 PTS)
",0,0,0,0,2023-10-15,1042300303,0,0,LVA,4,1,8,08:28,Off At Rim Make,0,"[{""description"": ""Plum S.FOUL (P3.T1)"", ""url"": """"}, {""description"": ""MISS Johannès Free Throw 1 of 2"", ""url"": """"}, {""description"": ""LIBERTY Rebound"", ""url"": """"}, {""description"": ""Johannès Free Throw 2 of 2 (1 PTS)"", ""url"": """"}]",True,possessions,4Q/OT | margin -3..3 | 300..120,team
wnba,wnba_shot_pace,shot_pace,possessions,get-possessions,2023,Playoffs,team,"{'OffDef': 'Offense', 'FilterComparison': 'Exactly', 'FilterEvent': 'OnFloor', 'FilterValue': 5, 'StartType': 'All', 'Season': '2023', 'SeasonType': 'Playoffs', 'TeamId': '1611661313'}",shot_pace,1611661313,4Q/OT | margin -3..3 | 300..120,get-possessions__possessions__off_def-Offense__filter_comparison-Exactly__filter_event-OnFloor__filter_value-5__start_type-All__season-2023__season_type-Playoffs__team_id-1611661313__f001ca9b,get-possessions,https://api.pbpstats.com/get-possessions/wnba?OffDef=Offense&FilterComparison=Exactly&FilterEvent=OnFloor&FilterValue=5&StartType=All&Season=2023&SeasonType=Playoffs&TeamId=1611661313,200,97,08:39,"Johannès Bad Pass Turnover (P1.T7): Gray STEAL (2 STL)
",0,0,0,0,2023-10-15,1042300303,0,0,LVA,4,0,10,08:54,Off FT Make,1,"[{""description"": ""Johannès Bad Pass Turnover (P1.T7): Gray STEAL (2 STL)"", ""url"": """"}]",True,possessions,4Q/OT | margin -3..3 | 300..120,team
wnba,wnba_shot_pace,shot_pace,possessions,get-possessions,2023,Playoffs,team,"{'OffDef': 'Offense', 'FilterComparison': 'Exactly', 'FilterEvent': 'OnFloor', 'FilterValue': 5, 'StartType': 'All', 'Season': '2023', 'SeasonType': 'Playoffs', 'TeamId': '1611661313'}",shot_pace,1611661313,4Q/OT | margin -3..3 | 300..120,get-possessions__possessions__off_def-Offense__filter_comparison-Exactly__filter_event-OnFloor__filter_value-5__start_type-All__season-2023__season_type-Playoffs__team_id-1611661313__f001ca9b,get-possessions,https://api.pbpstats.com/get-possessions/wnba?OffDef=Offense&FilterComparison=Exactly&FilterEvent=OnFloor&FilterValue=5&StartType=All&Season=2023&SeasonType=Playoffs&TeamId=1611661313,200,98,09:11,"Thornton 3PT Jump Shot (3 PTS) (Vandersloot 4 AST)
",0,0,1,1,2023-10-15,1042300303,0,0,LVA,4,0,9,09:24,Off Short Mid-Range Make,0,"[{""description"": ""Thornton 3PT Jump Shot (3 PTS) (Vandersloot 4 AST)"", ""url"": """"}]",True,possessions,4Q/OT | margin -3..3 | 300..120,team
wnba,wnba_shot_pace,shot_pace,possessions,get-possessions,2023,Playoffs,team,"{'OffDef': 'Offense', 'FilterComparison': 'Exactly', 'FilterEvent': 'OnFloor', 'FilterValue': 5, 'StartType': 'All', 'Season': '2023', 'SeasonType': 'Playoffs', 'TeamId': '1611661313'}",shot_pace,1611661313,4Q/OT | margin -3..3 | 300..120,get-possessions__possessions__off_def-Offense__filter_comparison-Exactly__filter_event-OnFloor__filter_value-5__start_type-All__season-2023__season_type-Playoffs__team_id-1611661313__f001ca9b,get-possessions,https://api.pbpstats.com/get-possessions/wnba?OffDef=Offense&FilterComparison=Exactly&FilterEvent=OnFloor&FilterValue=5&StartType=All&Season=2023&SeasonType=Playoffs&TeamId=1611661313,200,99,09:42,"MISS Johannès 25' 3PT Jump Shot
Wilson REBOUND (Off:3 Def:7)
",0,0,1,0,2023-10-15,1042300303,0,0,LVA,4,0,11,10:00,Off Dead Ball,0,"[{""description"": ""MISS Johannès 25' 3PT Jump Shot"", ""url"": """"}, {""description"": ""Wilson REBOUND (Off:3 Def:7)"", ""url"": """"}]",True,possessions,4Q/OT | margin -3..3 | 300..120,team
wnba,wnba_shot_pace,shot_pace,possessions,get-possessions,2023,Playoffs,team,"{'OffDef': 'Offense', 'FilterComparison': 'Exactly', 'FilterEvent': 'OnFloor', 'FilterValue': 5, 'StartType': 'All', 'Season': '2023', 'SeasonType': 'Playoffs', 'TeamId': '1611661313'}",shot_pace,1611661313,4Q/OT | margin -3..3 | 300..120,get-possessions__possessions__off_def-Offense__filter_comparison-Exactly__filter_event-OnFloor__filter_value-5__start_type-All__season-2023__season_type-Playoffs__team_id-1611661313__f001ca9b,get-possessions,https://api.pbpstats.com/get-possessions/wnba?OffDef=Offense&FilterComparison=Exactly&FilterEvent=OnFloor&FilterValue=5&StartType=All&Season=2023&SeasonType=Playoffs&TeamId=1611661313,200,100,00:04,"MISS Stewart 3' Driving Finger Roll Layup
Stewart REBOUND (Off:1 Def:8)
MISS Thornton 9' Turnaround Fadeaway Shot
Stokes REBOUND (Off:0 Def:7)
",2,0,0,0,2023-10-15,1042300303,0,1,LVA,3,0,11,00:31,Off At Rim Make,0,"[{""description"": ""MISS Stewart 3' Driving Finger Roll Layup"", ""url"": """"}, {""description"": ""Stewart REBOUND (Off:1 Def:8)"", ""url"": """"}, {""description"": ""MISS Thornton 9' Turnaround Fadeaway Shot"", ""url"": """"}, {""description"": ""Stokes REBOUND (Off:0 Def:7)"", ""url"": """"}]",True,possessions,4Q/OT | margin -3..3 | 300..120,team
wnba,wnba_shot_pace,shot_pace,possessions,get-possessions,2023,Playoffs,team,"{'OffDef': 'Offense', 'FilterComparison': 'Exactly', 'FilterEvent': 'OnFloor', 'FilterValue': 5, 'StartType': 'All', 'Season': '2023', 'SeasonType': 'Playoffs', 'TeamId': '1611661313'}",shot_pace,1611661313,4Q/OT | margin -3..3 | 300..120,get-possessions__possessions__off_def-Offense__filter_comparison-Exactly__filter_event-OnFloor__filter_value-5__start_type-All__season-2023__season_type-Playoffs__team_id-1611661313__f001ca9b,get-possessions,https://api.pbpstats.com/get-possessions/wnba?OffDef=Offense&FilterComparison=Exactly&FilterEvent=OnFloor&FilterValue=5&StartType=All&Season=2023&SeasonType=Playoffs&TeamId=1611661313,200,101,00:49,"MISS Stewart 10' Fadeaway Jumper
Stokes REBOUND (Off:0 Def:6)
",1,0,0,0,2023-10-15,1042300303,0,0,LVA,3,0,13,00:59,Off At Rim Block,0,"[{""description"": ""MISS Stewart 10' Fadeaway Jumper"", ""url"": """"}, {""description"": ""Stokes REBOUND (Off:0 Def:6)"", ""url"": """"}]",True,possessions,4Q/OT | margin -3..3 | 300..120,team
wnba,wnba_shot_pace,shot_pace,possessions,get-possessions,2023,Playoffs,team,"{'OffDef': 'Offense', 'FilterComparison': 'Exactly', 'FilterEvent': 'OnFloor', 'FilterValue': 5, 'StartType': 'All', 'Season': '2023', 'SeasonType': 'Playoffs', 'TeamId': '1611661313'}",shot_pace,1611661313,4Q/OT | margin -3..3 | 300..120,get-possessions__possessions__off_def-Offense__filter_comparison-Exactly__filter_event-OnFloor__filter_value-5__start_type-All__season-2023__season_type-Playoffs__team_id-1611661313__f001ca9b,get-possessions,https://api.pbpstats.com/get-possessions/wnba?OffDef=Offense&FilterComparison=Exactly&FilterEvent=OnFloor&FilterValue=5&StartType=All&Season=2023&SeasonType=Playoffs&TeamId=1611661313,200,102,01:20,"Clark S.FOUL (P2.T4)
MISS Vandersloot Free Throw 1 of 2
LIBERTY Rebound
Vandersloot Free Throw 2 of 2 (10 PTS)
",0,0,0,0,2023-10-15,1042300303,0,0,LVA,3,1,12,01:30,Off At Rim Make,0,"[{""description"": ""Clark S.FOUL (P2.T4)"", ""url"": """"}, {""description"": ""MISS Vandersloot Free Throw 1 of 2"", ""url"": """"}, {""description"": ""LIBERTY Rebound"", ""url"": """"}, {""description"": ""Vandersloot Free Throw 2 of 2 (10 PTS)"", ""url"": """"}]",True,possessions,4Q/OT | margin -3..3 | 300..120,team
wnba,wnba_shot_pace,shot_pace,possessions,get-possessions,2023,Playoffs,team,"{'OffDef': 'Offense', 'FilterComparison': 'Exactly', 'FilterEvent': 'OnFloor', 'FilterValue': 5, 'StartType': 'All', 'Season': '2023', 'SeasonType': 'Playoffs', 'TeamId': '1611661313'}",shot_pace,1611661313,4Q/OT | margin -3..3 | 300..120,get-possessions__possessions__off_def-Offense__filter_comparison-Exactly__filter_event-OnFloor__filter_value-5__start_type-All__season-2023__season_type-Playoffs__team_id-1611661313__f001ca9b,get-possessions,https://api.pbpstats.com/get-possessions/wnba?OffDef=Offense&FilterComparison=Exactly&FilterEvent=OnFloor&FilterValue=5&StartType=All&Season=2023&SeasonType=Playoffs&TeamId=1611661313,200,103,01:53,"Jones 26' 3PT Jump Shot (24 PTS) (Stewart 4 AST)
",0,0,1,1,2023-10-15,1042300303,0,0,LVA,3,0,11,02:00,Off Block,0,"[{""description"": ""Jones 26' 3PT Jump Shot (24 PTS) (Stewart 4 AST)"", ""url"": """"}]",True,possessions,4Q/OT | margin -3..3 | 300..120,team
wnba,wnba_shot_pace,shot_pace,possessions,get-possessions,2023,Playoffs,team,"{'OffDef': 'Offense', 'FilterComparison': 'Exactly', 'FilterEvent': 'OnFloor', 'FilterValue': 5, 'StartType': 'All', 'Season': '2023', 'SeasonType': 'Playoffs', 'TeamId': '1611661313'}",shot_pace,1611661313,4Q/OT | margin -3..3 | 300..120,get-possessions__possessions__off_def-Offense__filter_comparison-Exactly__filter_event-OnFloor__filter_value-5__start_type-All__season-2023__season_type-Playoffs__team_id-1611661313__f001ca9b,get-possessions,https://api.pbpstats.com/get-possessions/wnba?OffDef=Offense&FilterComparison=Exactly&FilterEvent=OnFloor&FilterValue=5&StartType=All&Season=2023&SeasonType=Playoffs&TeamId=1611661313,200,104,02:29,"MISS Jones 26' 3PT Jump Shot
Clark REBOUND (Off:1 Def:4)
",0,0,1,0,2023-10-15,1042300303,0,0,LVA,3,0,11,02:40,Off Short Mid-Range Miss,0,"[{""description"": ""MISS Jones 26' 3PT Jump Shot"", ""url"": """"}, {""description"": ""Clark REBOUND (Off:1 Def:4)"", ""url"": """"}]",True,possessions,4Q/OT | margin -3..3 | 300..120,team
wnba,wnba_shot_pace,shot_pace,possessions,get-possessions,2023,Playoffs,team,"{'OffDef': 'Offense', 'FilterComparison': 'Exactly', 'FilterEvent': 'OnFloor', 'FilterValue': 5, 'StartType': 'All', 'Season': '2023', 'SeasonType': 'Playoffs', 'TeamId': '1611661313'}",shot_pace,1611661313,4Q/OT | margin -3..3 | 300..120,get-possessions__possessions__off_def-Offense__filter_comparison-Exactly__filter_event-OnFloor__filter_value-5__start_type-All__season-2023__season_type-Playoffs__team_id-1611661313__f001ca9b,get-possessions,https://api.pbpstats.com/get-possessions/wnba?OffDef=Offense&FilterComparison=Exactly&FilterEvent=OnFloor&FilterValue=5&StartType=All&Season=2023&SeasonType=Playoffs&TeamId=1611661313,200,105,02:47,"MISS Stewart 17' Floating Jump Shot
Wilson REBOUND (Off:2 Def:6)
",1,0,0,0,2023-10-15,1042300303,0,0,LVA,3,0,11,03:14,Off Timeout,0,"[{""description"": ""MISS Stewart 17' Floating Jump Shot"", ""url"": """"}, {""description"": ""Wilson REBOUND (Off:2 Def:6)"", ""url"": """"}]",True,possessions,4Q/OT | margin -3..3 | 300..120,team
wnba,wnba_shot_pace,shot_pace,possessions,get-possessions,2023,Playoffs,team,"{'OffDef': 'Offense', 'FilterComparison': 'Exactly', 'FilterEvent': 'OnFloor', 'FilterValue': 5, 'StartType': 'All', 'Season': '2023', 'SeasonType': 'Playoffs', 'TeamId': '1611661313'}",shot_pace,1611661313,4Q/OT | margin -3..3 | 300..120,get-possessions__possessions__off_def-Offense__filter_comparison-Exactly__filter_event-OnFloor__filter_value-5__start_type-All__season-2023__season_type-Playoffs__team_id-1611661313__f001ca9b,get-possessions,https://api.pbpstats.com/get-possessions/wnba?OffDef=Offense&FilterComparison=Exactly&FilterEvent=OnFloor&FilterValue=5&StartType=All&Season=2023&SeasonType=Playoffs&TeamId=1611661313,200,106,03:33,"Stewart 3' Layup (14 PTS) (Jones 2 AST)
",1,1,0,0,2023-10-15,1042300303,0,0,LVA,3,0,11,03:46,Off Arc 3 Miss,0,"[{""description"": ""Stewart 3' Layup (14 PTS) (Jones 2 AST)"", ""url"": """"}]",True,possessions,4Q/OT | margin -3..3 | 300..120,team
wnba,wnba_shot_pace,shot_pace,possessions,get-possessions,2023,Playoffs,team,"{'OffDef': 'Offense', 'FilterComparison': 'Exactly', 'FilterEvent': 'OnFloor', 'FilterValue': 5, 'StartType': 'All', 'Season': '2023', 'SeasonType': 'Playoffs', 'TeamId': '1611661313'}",shot_pace,1611661313,4Q/OT | margin -3..3 | 300..120,get-possessions__possessions__off_def-Offense__filter_comparison-Exactly__filter_event-OnFloor__filter_value-5__start_type-All__season-2023__season_type-Playoffs__team_id-1611661313__f001ca9b,get-possessions,https://api.pbpstats.com/get-possessions/wnba?OffDef=Offense&FilterComparison=Exactly&FilterEvent=OnFloor&FilterValue=5&StartType=All&Season=2023&SeasonType=Playoffs&TeamId=1611661313,200,107,03:55,"MISS Stewart 26' 3PT Pullup Jump Shot
Gray REBOUND (Off:0 Def:2)
",0,0,1,0,2023-10-15,1042300303,0,0,LVA,3,0,11,04:11,Off FT Make,0,"[{""description"": ""MISS Stewart 26' 3PT Pullup Jump Shot"", ""url"": """"}, {""description"": ""Gray REBOUND (Off:0 Def:2)"", ""url"": """"}]",True,possessions,4Q/OT | margin -3..3 | 300..120,team
wnba,wnba_shot_pace,shot_pace,possessions,get-possessions,2023,Playoffs,team,"{'OffDef': 'Offense', 'FilterComparison': 'Exactly', 'FilterEvent': 'OnFloor', 'FilterValue': 5, 'StartType': 'All', 'Season': '2023', 'SeasonType': 'Playoffs', 'TeamId': '1611661313'}",shot_pace,1611661313,4Q/OT | margin -3..3 | 300..120,get-possessions__possessions__off_def-Offense__filter_comparison-Exactly__filter_event-OnFloor__filter_value-5__start_type-All__season-2023__season_type-Playoffs__team_id-1611661313__f001ca9b,get-possessions,https://api.pbpstats.com/get-possessions/wnba?OffDef=Offense&FilterComparison=Exactly&FilterEvent=OnFloor&FilterValue=5&StartType=All&Season=2023&SeasonType=Playoffs&TeamId=1611661313,200,108,04:22,"Jones 4' Reverse Layup (21 PTS)
",1,1,0,0,2023-10-15,1042300303,0,0,LVA,3,0,10,04:37,Off Block,0,"[{""description"": ""Jones 4' Reverse Layup (21 PTS)"", ""url"": """"}]",True,possessions,4Q/OT | margin -3..3 | 300..120,team
wnba,wnba_shot_pace,shot_pace,possessions,get-possessions,2023,Playoffs,team,"{'OffDef': 'Offense', 'FilterComparison': 'Exactly', 'FilterEvent': 'OnFloor', 'FilterValue': 5, 'StartType': 'All', 'Season': '2023', 'SeasonType': 'Playoffs', 'TeamId': '1611661313'}",shot_pace,1611661313,4Q/OT | margin -3..3 | 300..120,get-possessions__possessions__off_def-Offense__filter_comparison-Exactly__filter_event-OnFloor__filter_value-5__start_type-All__season-2023__season_type-Playoffs__team_id-1611661313__f001ca9b,get-possessions,https://api.pbpstats.com/get-possessions/wnba?OffDef=Offense&FilterComparison=Exactly&FilterEvent=OnFloor&FilterValue=5&StartType=All&Season=2023&SeasonType=Playoffs&TeamId=1611661313,200,109,05:01,"Wilson S.FOUL (P1.T3)
Stewart Free Throw 1 of 2 (12 PTS)
MISS Stewart Free Throw 2 of 2
Clark REBOUND (Off:1 Def:3)
",0,0,0,0,2023-10-15,1042300303,0,0,LVA,3,1,9,05:21,Off Dead Ball,0,"[{""description"": ""Wilson S.FOUL (P1.T3)"", ""url"": """"}, {""description"": ""Stewart Free Throw 1 of 2 (12 PTS)"", ""url"": """"}, {""description"": ""MISS Stewart Free Throw 2 of 2"", ""url"": """"}, {""description"": ""Clark REBOUND (Off:1 Def:3)"", ""url"": """"}]",True,possessions,4Q/OT | margin -3..3 | 300..120,team
wnba,wnba_shot_pace,shot_pace,possessions,get-possessions,2023,Playoffs,team,"{'OffDef': 'Offense', 'FilterComparison': 'Exactly', 'FilterEvent': 'OnFloor', 'FilterValue': 5, 'StartType': 'All', 'Season': '2023', 'SeasonType': 'Playoffs', 'TeamId': '1611661313'}",shot_pace,1611661313,4Q/OT | margin -3..3 | 300..120,get-possessions__possessions__off_def-Offense__filter_comparison-Exactly__filter_event-OnFloor__filter_value-5__start_type-All__season-2023__season_type-Playoffs__team_id-1611661313__f001ca9b,get-possessions,https://api.pbpstats.com/get-possessions/wnba?OffDef=Offense&FilterComparison=Exactly&FilterEvent=OnFloor&FilterValue=5&StartType=All&Season=2023&SeasonType=Playoffs&TeamId=1611661313,200,110,05:45,"Stewart Out of Bounds - Bad Pass Turnover Turnover (P2.T6)
",0,0,0,0,2023-10-15,1042300303,0,0,LVA,3,0,9,05:50,Off At Rim Miss,1,"[{""description"": ""Stewart Out of Bounds - Bad Pass Turnover Turnover (P2.T6)"", ""url"": """"}]",True,possessions,4Q/OT | margin -3..3 | 300..120,team
wnba,wnba_shot_pace,shot_pace,possessions,get-possessions,2023,Playoffs,team,"{'OffDef': 'Offense', 'FilterComparison': 'Exactly', 'FilterEvent': 'OnFloor', 'FilterValue': 5, 'StartType': 'All', 'Season': '2023', 'SeasonType': 'Playoffs', 'TeamId': '1611661313'}",shot_pace,1611661313,4Q/OT | margin -3..3 | 300..120,get-possessions__possessions__off_def-Offense__filter_comparison-Exactly__filter_event-OnFloor__filter_value-5__start_type-All__season-2023__season_type-Playoffs__team_id-1611661313__f001ca9b,get-possessions,https://api.pbpstats.com/get-possessions/wnba?OffDef=Offense&FilterComparison=Exactly&FilterEvent=OnFloor&FilterValue=5&StartType=All&Season=2023&SeasonType=Playoffs&TeamId=1611661313,200,111,06:18,"Young S.FOUL (P2.T2)
MISS Jones Free Throw 1 of 2
LIBERTY Rebound
Jones Free Throw 2 of 2 (19 PTS)
",0,0,0,0,2023-10-15,1042300303,0,0,LVA,3,1,8,06:35,Off Arc 3 Make,0,"[{""description"": ""Young S.FOUL (P2.T2)"", ""url"": """"}, {""description"": ""MISS Jones Free Throw 1 of 2"", ""url"": """"}, {""description"": ""LIBERTY Rebound"", ""url"": """"}, {""description"": ""Jones Free Throw 2 of 2 (19 PTS)"", ""url"": """"}]",True,possessions,4Q/OT | margin -3..3 | 300..120,team
wnba,wnba_shot_pace,shot_pace,possessions,get-possessions,2023,Playoffs,team,"{'OffDef': 'Offense', 'FilterComparison': 'Exactly', 'FilterEvent': 'OnFloor', 'FilterValue': 5, 'StartType': 'All', 'Season': '2023', 'SeasonType': 'Playoffs', 'TeamId': '1611661313'}",shot_pace,1611661313,4Q/OT | margin -3..3 | 300..120,get-possessions__possessions__off_def-Offense__filter_comparison-Exactly__filter_event-OnFloor__filter_value-5__start_type-All__season-2023__season_type-Playoffs__team_id-1611661313__f001ca9b,get-possessions,https://api.pbpstats.com/get-possessions/wnba?OffDef=Offense&FilterComparison=Exactly&FilterEvent=OnFloor&FilterValue=5&StartType=All&Season=2023&SeasonType=Playoffs&TeamId=1611661313,200,112,06:43,"Vandersloot Out of Bounds - Bad Pass Turnover Turnover (P1.T5)
",0,0,0,0,2023-10-15,1042300303,0,0,LVA,3,0,11,06:47,Off At Rim Miss,1,"[{""description"": ""Vandersloot Out of Bounds - Bad Pass Turnover Turnover (P1.T5)"", ""url"": """"}]",True,possessions,4Q/OT | margin -3..3 | 300..120,team
wnba,wnba_shot_pace,shot_pace,possessions,get-possessions,2023,Playoffs,team,"{'OffDef': 'Offense', 'FilterComparison': 'Exactly', 'FilterEvent': 'OnFloor', 'FilterValue': 5, 'StartType': 'All', 'Season': '2023', 'SeasonType': 'Playoffs', 'TeamId': '1611661313'}",shot_pace,1611661313,4Q/OT | margin -3..3 | 300..120,get-possessions__possessions__off_def-Offense__filter_comparison-Exactly__filter_event-OnFloor__filter_value-5__start_type-All__season-2023__season_type-Playoffs__team_id-1611661313__f001ca9b,get-possessions,https://api.pbpstats.com/get-possessions/wnba?OffDef=Offense&FilterComparison=Exactly&FilterEvent=OnFloor&FilterValue=5&StartType=All&Season=2023&SeasonType=Playoffs&TeamId=1611661313,200,113,07:08,"Vandersloot 20' Pullup Jump Shot (9 PTS) (Ionescu 10 AST)
",1,1,0,0,2023-10-15,1042300303,0,0,LVA,3,0,9,07:14,Off Dead Ball,0,"[{""description"": ""Vandersloot 20' Pullup Jump Shot (9 PTS) (Ionescu 10 AST)"", ""url"": """"}]",True,possessions,4Q/OT | margin -3..3 | 300..120,team
wnba,wnba_shot_pace,shot_pace,possessions,get-possessions,2023,Playoffs,team,"{'OffDef': 'Offense', 'FilterComparison': 'Exactly', 'FilterEvent': 'OnFloor', 'FilterValue': 5, 'StartType': 'All', 'Season': '2023', 'SeasonType': 'Playoffs', 'TeamId': '1611661313'}",shot_pace,1611661313,4Q/OT | margin -3..3 | 300..120,get-possessions__possessions__off_def-Offense__filter_comparison-Exactly__filter_event-OnFloor__filter_value-5__start_type-All__season-2023__season_type-Playoffs__team_id-1611661313__f001ca9b,get-possessions,https://api.pbpstats.com/get-possessions/wnba?OffDef=Offense&FilterComparison=Exactly&FilterEvent=OnFloor&FilterValue=5&StartType=All&Season=2023&SeasonType=Playoffs&TeamId=1611661313,200,114,07:16,"Stewart 3' Running Layup (11 PTS) (Ionescu 9 AST)
",1,1,0,0,2023-10-15,1042300303,0,0,LVA,3,0,7,07:20,Off At Rim Miss,0,"[{""description"": ""Stewart 3' Running Layup (11 PTS) (Ionescu 9 AST)"", ""url"": """"}]",True,possessions,4Q/OT | margin -3..3 | 300..120,team
wnba,wnba_shot_pace,shot_pace,possessions,get-possessions,2023,Playoffs,team,"{'OffDef': 'Offense', 'FilterComparison': 'Exactly', 'FilterEvent': 'OnFloor', 'FilterValue': 5, 'StartType': 'All', 'Season': '2023', 'SeasonType': 'Playoffs', 'TeamId': '1611661313'}",shot_pace,1611661313,4Q/OT | margin -3..3 | 300..120,get-possessions__possessions__off_def-Offense__filter_comparison-Exactly__filter_event-OnFloor__filter_value-5__start_type-All__season-2023__season_type-Playoffs__team_id-1611661313__f001ca9b,get-possessions,https://api.pbpstats.com/get-possessions/wnba?OffDef=Offense&FilterComparison=Exactly&FilterEvent=OnFloor&FilterValue=5&StartType=All&Season=2023&SeasonType=Playoffs&TeamId=1611661313,200,115,07:40,"Laney 2' Cutting Layup Shot (7 PTS) (Jones 1 AST)
",1,1,0,0,2023-10-15,1042300303,0,0,LVA,3,0,5,07:50,Off Long Mid-Range Miss,0,"[{""description"": ""Laney 2' Cutting Layup Shot (7 PTS) (Jones 1 AST)"", ""url"": """"}]",True,possessions,4Q/OT | margin -3..3 | 300..120,team
wnba,wnba_shot_pace,shot_pace,possessions,get-possessions,2023,Playoffs,team,"{'OffDef': 'Offense', 'FilterComparison': 'Exactly', 'FilterEvent': 'OnFloor', 'FilterValue': 5, 'StartType': 'All', 'Season': '2023', 'SeasonType': 'Playoffs', 'TeamId': '1611661313'}",shot_pace,1611661313,4Q/OT | margin -3..3 | 300..120,get-possessions__possessions__off_def-Offense__filter_comparison-Exactly__filter_event-OnFloor__filter_value-5__start_type-All__season-2023__season_type-Playoffs__team_id-1611661313__f001ca9b,get-possessions,https://api.pbpstats.com/get-possessions/wnba?OffDef=Offense&FilterComparison=Exactly&FilterEvent=OnFloor&FilterValue=5&StartType=All&Season=2023&SeasonType=Playoffs&TeamId=1611661313,200,116,08:05,"Plum P.FOUL (P2.T1)
MISS Jones 14' Turnaround Fadeaway Shot
Wilson REBOUND (Off:1 Def:5)
",1,0,0,0,2023-10-15,1042300303,0,0,LVA,3,0,5,08:34,Off Long Mid-Range Miss,0,"[{""description"": ""Plum P.FOUL (P2.T1)"", ""url"": """"}, {""description"": ""MISS Jones 14' Turnaround Fadeaway Shot"", ""url"": """"}, {""description"": ""Wilson REBOUND (Off:1 Def:5)"", ""url"": """"}]",True,possessions,4Q/OT | margin -3..3 | 300..120,team
wnba,wnba_shot_pace,shot_pace,possessions,get-possessions,2023,Playoffs,team,"{'OffDef': 'Offense', 'FilterComparison': 'Exactly', 'FilterEvent': 'OnFloor', 'FilterValue': 5, 'StartType': 'All', 'Season': '2023', 'SeasonType': 'Playoffs', 'TeamId': '1611661313'}",shot_pace,1611661313,4Q/OT | margin -3..3 | 300..120,get-possessions__possessions__off_def-Offense__filter_comparison-Exactly__filter_event-OnFloor__filter_value-5__start_type-All__season-2023__season_type-Playoffs__team_id-1611661313__f001ca9b,get-possessions,https://api.pbpstats.com/get-possessions/wnba?OffDef=Offense&FilterComparison=Exactly&FilterEvent=OnFloor&FilterValue=5&StartType=All&Season=2023&SeasonType=Playoffs&TeamId=1611661313,200,117,08:50,"MISS Vandersloot 7' Running Pull-Up Jump Shot
Wilson REBOUND (Off:1 Def:4)
",1,0,0,0,2023-10-15,1042300303,0,0,LVA,3,0,5,08:58,Off Steal,0,"[{""description"": ""MISS Vandersloot 7' Running Pull-Up Jump Shot"", ""url"": """"}, {""description"": ""Wilson REBOUND (Off:1 Def:4)"", ""url"": """"}]",True,possessions,4Q/OT | margin -3..3 | 300..120,team
wnba,wnba_shot_pace,shot_pace,possessions,get-possessions,2023,Playoffs,team,"{'OffDef': 'Offense', 'FilterComparison': 'Exactly', 'FilterEvent': 'OnFloor', 'FilterValue': 5, 'StartType': 'All', 'Season': '2023', 'SeasonType': 'Playoffs', 'TeamId': '1611661313'}",shot_pace,1611661313,4Q/OT | margin -3..3 | 300..120,get-possessions__possessions__off_def-Offense__filter_comparison-Exactly__filter_event-OnFloor__filter_value-5__start_type-All__season-2023__season_type-Playoffs__team_id-1611661313__f001ca9b,get-possessions,https://api.pbpstats.com/get-possessions/wnba?OffDef=Offense&FilterComparison=Exactly&FilterEvent=OnFloor&FilterValue=5&StartType=All&Season=2023&SeasonType=Playoffs&TeamId=1611661313,200,118,09:12,"Vandersloot 3' Driving Reverse Layup (7 PTS) (Stewart 3 AST)
",1,1,0,0,2023-10-15,1042300303,0,0,LVA,3,0,3,09:28,Off Short Mid-Range Miss,0,"[{""description"": ""Vandersloot 3' Driving Reverse Layup (7 PTS) (Stewart 3 AST)"", ""url"": """"}]",True,possessions,4Q/OT | margin -3..3 | 300..120,team
wnba,wnba_shot_pace,shot_pace,possessions,get-possessions,2023,Playoffs,team,"{'OffDef': 'Offense', 'FilterComparison': 'Exactly', 'FilterEvent': 'OnFloor', 'FilterValue': 5, 'StartType': 'All', 'Season': '2023', 'SeasonType': 'Playoffs', 'TeamId': '1611661313'}",shot_pace,1611661313,4Q/OT | margin -3..3 | 300..120,get-possessions__possessions__off_def-Offense__filter_comparison-Exactly__filter_event-OnFloor__filter_value-5__start_type-All__season-2023__season_type-Playoffs__team_id-1611661313__f001ca9b,get-possessions,https://api.pbpstats.com/get-possessions/wnba?OffDef=Offense&FilterComparison=Exactly&FilterEvent=OnFloor&FilterValue=5&StartType=All&Season=2023&SeasonType=Playoffs&TeamId=1611661313,200,119,00:04,"Laney Lost Ball Turnover (P1.T4): Gray STEAL (1 STL)
",0,0,0,0,2023-10-15,1042300303,0,0,LVA,2,0,3,00:11,Off At Rim Make,1,"[{""description"": ""Laney Lost Ball Turnover (P1.T4): Gray STEAL (1 STL)"", ""url"": """"}]",True,possessions,4Q/OT | margin -3..3 | 300..120,team
wnba,wnba_shot_pace,shot_pace,possessions,get-possessions,2023,Playoffs,team,"{'OffDef': 'Offense', 'FilterComparison': 'Exactly', 'FilterEvent': 'OnFloor', 'FilterValue': 5, 'StartType': 'All', 'Season': '2023', 'SeasonType': 'Playoffs', 'TeamId': '1611661313'}",shot_pace,1611661313,4Q/OT | margin -3..3 | 300..120,get-possessions__possessions__off_def-Offense__filter_comparison-Exactly__filter_event-OnFloor__filter_value-5__start_type-All__season-2023__season_type-Playoffs__team_id-1611661313__f001ca9b,get-possessions,https://api.pbpstats.com/get-possessions/wnba?OffDef=Offense&FilterComparison=Exactly&FilterEvent=OnFloor&FilterValue=5&StartType=All&Season=2023&SeasonType=Playoffs&TeamId=1611661313,200,120,00:22,"MISS Stewart 34' 3PT Jump Shot
Stokes REBOUND (Off:0 Def:5)
",0,0,1,0,2023-10-15,1042300303,0,0,LVA,2,0,5,00:36,Off Dead Ball,0,"[{""description"": ""MISS Stewart 34' 3PT Jump Shot"", ""url"": """"}, {""description"": ""Stokes REBOUND (Off:0 Def:5)"", ""url"": """"}]",True,possessions,4Q/OT | margin -3..3 | 300..120,team
wnba,wnba_shot_pace,shot_pace,possessions,get-possessions,2023,Playoffs,team,"{'OffDef': 'Offense', 'FilterComparison': 'Exactly', 'FilterEvent': 'OnFloor', 'FilterValue': 5, 'StartType': 'All', 'Season': '2023', 'SeasonType': 'Playoffs', 'TeamId': '1611661313'}",shot_pace,1611661313,4Q/OT | margin -3..3 | 300..120,get-possessions__possessions__off_def-Offense__filter_comparison-Exactly__filter_event-OnFloor__filter_value-5__start_type-All__season-2023__season_type-Playoffs__team_id-1611661313__f001ca9b,get-possessions,https://api.pbpstats.com/get-possessions/wnba?OffDef=Offense&FilterComparison=Exactly&FilterEvent=OnFloor&FilterValue=5&StartType=All&Season=2023&SeasonType=Playoffs&TeamId=1611661313,200,121,01:01,"MISS Laney 3PT Jump Shot
Wilson REBOUND (Off:1 Def:3)
",0,0,1,0,2023-10-15,1042300303,0,0,LVA,2,0,5,01:15,Off Short Mid-Range Make,0,"[{""description"": ""MISS Laney 3PT Jump Shot"", ""url"": """"}, {""description"": ""Wilson REBOUND (Off:1 Def:3)"", ""url"": """"}]",True,possessions,4Q/OT | margin -3..3 | 300..120,team
wnba,wnba_shot_pace,shot_pace,possessions,get-possessions,2023,Playoffs,team,"{'OffDef': 'Offense', 'FilterComparison': 'Exactly', 'FilterEvent': 'OnFloor', 'FilterValue': 5, 'StartType': 'All', 'Season': '2023', 'SeasonType': 'Playoffs', 'TeamId': '1611661313'}",shot_pace,1611661313,4Q/OT | margin -3..3 | 300..120,get-possessions__possessions__off_def-Offense__filter_comparison-Exactly__filter_event-OnFloor__filter_value-5__start_type-All__season-2023__season_type-Playoffs__team_id-1611661313__f001ca9b,get-possessions,https://api.pbpstats.com/get-possessions/wnba?OffDef=Offense&FilterComparison=Exactly&FilterEvent=OnFloor&FilterValue=5&StartType=All&Season=2023&SeasonType=Playoffs&TeamId=1611661313,200,122,01:31,"MISS Ionescu 25' 3PT Pullup Jump Shot
Stokes REBOUND (Off:0 Def:4)
",0,0,1,0,2023-10-15,1042300303,0,0,LVA,2,0,7,01:46,Off Dead Ball,0,"[{""description"": ""MISS Ionescu 25' 3PT Pullup Jump Shot"", ""url"": """"}, {""description"": ""Stokes REBOUND (Off:0 Def:4)"", ""url"": """"}]",True,possessions,4Q/OT | margin -3..3 | 300..120,team
wnba,wnba_shot_pace,shot_pace,possessions,get-possessions,2023,Playoffs,team,"{'OffDef': 'Offense', 'FilterComparison': 'Exactly', 'FilterEvent': 'OnFloor', 'FilterValue': 5, 'StartType': 'All', 'Season': '2023', 'SeasonType': 'Playoffs', 'TeamId': '1611661313'}",shot_pace,1611661313,4Q/OT | margin -3..3 | 300..120,get-possessions__possessions__off_def-Offense__filter_comparison-Exactly__filter_event-OnFloor__filter_value-5__start_type-All__season-2023__season_type-Playoffs__team_id-1611661313__f001ca9b,get-possessions,https://api.pbpstats.com/get-possessions/wnba?OffDef=Offense&FilterComparison=Exactly&FilterEvent=OnFloor&FilterValue=5&StartType=All&Season=2023&SeasonType=Playoffs&TeamId=1611661313,200,123,01:58,"Jones 10' Turnaround Fadeaway (18 PTS) (Ionescu 8 AST)
",1,1,0,0,2023-10-15,1042300303,0,0,LVA,2,0,5,02:11,Off Short Mid-Range Make,0,"[{""description"": ""Jones 10' Turnaround Fadeaway (18 PTS) (Ionescu 8 AST)"", ""url"": """"}]",True,possessions,4Q/OT | margin -3..3 | 300..120,team
wnba,wnba_shot_pace,shot_pace,possessions,get-possessions,2023,Playoffs,team,"{'OffDef': 'Offense', 'FilterComparison': 'Exactly', 'FilterEvent': 'OnFloor', 'FilterValue': 5, 'StartType': 'All', 'Season': '2023', 'SeasonType': 'Playoffs', 'TeamId': '1611661313'}",shot_pace,1611661313,4Q/OT | margin -3..3 | 300..120,get-possessions__possessions__off_def-Offense__filter_comparison-Exactly__filter_event-OnFloor__filter_value-5__start_type-All__season-2023__season_type-Playoffs__team_id-1611661313__f001ca9b,get-possessions,https://api.pbpstats.com/get-possessions/wnba?OffDef=Offense&FilterComparison=Exactly&FilterEvent=OnFloor&FilterValue=5&StartType=All&Season=2023&SeasonType=Playoffs&TeamId=1611661313,200,124,02:27,"Jones 2' Cutting Layup Shot (16 PTS) (Ionescu 7 AST)
",1,1,0,0,2023-10-15,1042300303,0,0,LVA,2,0,5,02:43,Off Dead Ball,0,"[{""description"": ""Jones 2' Cutting Layup Shot (16 PTS) (Ionescu 7 AST)"", ""url"": """"}]",True,possessions,4Q/OT | margin -3..3 | 300..120,team
wnba,wnba_shot_pace,shot_pace,possessions,get-possessions,2023,Playoffs,team,"{'OffDef': 'Offense', 'FilterComparison': 'Exactly', 'FilterEvent': 'OnFloor', 'FilterValue': 5, 'StartType': 'All', 'Season': '2023', 'SeasonType': 'Playoffs', 'TeamId': '1611661313'}",shot_pace,1611661313,4Q/OT | margin -3..3 | 300..120,get-possessions__possessions__off_def-Offense__filter_comparison-Exactly__filter_event-OnFloor__filter_value-5__start_type-All__season-2023__season_type-Playoffs__team_id-1611661313__f001ca9b,get-possessions,https://api.pbpstats.com/get-possessions/wnba?OffDef=Offense&FilterComparison=Exactly&FilterEvent=OnFloor&FilterValue=5&StartType=All&Season=2023&SeasonType=Playoffs&TeamId=1611661313,200,125,02:59,"Stewart 2' Driving Reverse Layup (9 PTS)
",1,1,0,0,2023-10-15,1042300303,0,0,LVA,2,0,3,03:11,Off Short Mid-Range Make,0,"[{""description"": ""Stewart 2' Driving Reverse Layup (9 PTS)"", ""url"": """"}]",True,possessions,4Q/OT | margin -3..3 | 300..120,team
wnba,wnba_shot_pace,shot_pace,possessions,get-possessions,2023,Playoffs,team,"{'OffDef': 'Offense', 'FilterComparison': 'Exactly', 'FilterEvent': 'OnFloor', 'FilterValue': 5, 'StartType': 'All', 'Season': '2023', 'SeasonType': 'Playoffs', 'TeamId': '1611661313'}",shot_pace,1611661313,4Q/OT | margin -3..3 | 300..120,get-possessions__possessions__off_def-Offense__filter_comparison-Exactly__filter_event-OnFloor__filter_value-5__start_type-All__season-2023__season_type-Playoffs__team_id-1611661313__f001ca9b,get-possessions,https://api.pbpstats.com/get-possessions/wnba?OffDef=Offense&FilterComparison=Exactly&FilterEvent=OnFloor&FilterValue=5&StartType=All&Season=2023&SeasonType=Playoffs&TeamId=1611661313,200,126,03:33,"Clark S.FOUL (P1.T1)
Jones Free Throw 1 of 2 (13 PTS)
Jones Free Throw 2 of 2 (14 PTS)
",0,0,0,0,2023-10-15,1042300303,0,0,LVA,2,1,3,03:43,Off FT Make,0,"[{""description"": ""Clark S.FOUL (P1.T1)"", ""url"": """"}, {""description"": ""Jones Free Throw 1 of 2 (13 PTS)"", ""url"": """"}, {""description"": ""Jones Free Throw 2 of 2 (14 PTS)"", ""url"": """"}]",True,possessions,4Q/OT | margin -3..3 | 300..120,team
wnba,wnba_shot_pace,shot_pace,possessions,get-possessions,2023,Playoffs,team,"{'OffDef': 'Offense', 'FilterComparison': 'Exactly', 'FilterEvent': 'OnFloor', 'FilterValue': 5, 'StartType': 'All', 'Season': '2023', 'SeasonType': 'Playoffs', 'TeamId': '1611661313'}",shot_pace,1611661313,4Q/OT | margin -3..3 | 300..120,get-possessions__possessions__off_def-Offense__filter_comparison-Exactly__filter_event-OnFloor__filter_value-5__start_type-All__season-2023__season_type-Playoffs__team_id-1611661313__f001ca9b,get-possessions,https://api.pbpstats.com/get-possessions/wnba?OffDef=Offense&FilterComparison=Exactly&FilterEvent=OnFloor&FilterValue=5&StartType=All&Season=2023&SeasonType=Playoffs&TeamId=1611661313,200,127,04:04,"MISS Vandersloot 24' 3PT Running Pull-Up Jump Shot
Wilson REBOUND (Off:0 Def:2)
",0,0,1,0,2023-10-15,1042300303,0,0,LVA,2,0,5,04:11,Off Arc 3 Miss,0,"[{""description"": ""MISS Vandersloot 24' 3PT Running Pull-Up Jump Shot"", ""url"": """"}, {""description"": ""Wilson REBOUND (Off:0 Def:2)"", ""url"": """"}]",True,possessions,4Q/OT | margin -3..3 | 300..120,team
wnba,wnba_shot_pace,shot_pace,possessions,get-possessions,2023,Playoffs,team,"{'OffDef': 'Offense', 'FilterComparison': 'Exactly', 'FilterEvent': 'OnFloor', 'FilterValue': 5, 'StartType': 'All', 'Season': '2023', 'SeasonType': 'Playoffs', 'TeamId': '1611661313'}",shot_pace,1611661313,4Q/OT | margin -3..3 | 300..120,get-possessions__possessions__off_def-Offense__filter_comparison-Exactly__filter_event-OnFloor__filter_value-5__start_type-All__season-2023__season_type-Playoffs__team_id-1611661313__f001ca9b,get-possessions,https://api.pbpstats.com/get-possessions/wnba?OffDef=Offense&FilterComparison=Exactly&FilterEvent=OnFloor&FilterValue=5&StartType=All&Season=2023&SeasonType=Playoffs&TeamId=1611661313,200,128,04:33,"MISS Ionescu 3PT Jump Shot
Young REBOUND (Off:0 Def:3)
",0,0,1,0,2023-10-15,1042300303,0,0,LVA,2,0,5,04:54,Off Timeout,0,"[{""description"": ""MISS Ionescu 3PT Jump Shot"", ""url"": """"}, {""description"": ""Young REBOUND (Off:0 Def:3)"", ""url"": """"}]",True,possessions,4Q/OT | margin -3..3 | 300..120,team
wnba,wnba_shot_pace,shot_pace,possessions,get-possessions,2023,Playoffs,team,"{'OffDef': 'Offense', 'FilterComparison': 'Exactly', 'FilterEvent': 'OnFloor', 'FilterValue': 5, 'StartType': 'All', 'Season': '2023', 'SeasonType': 'Playoffs', 'TeamId': '1611661313'}",shot_pace,1611661313,4Q/OT | margin -3..3 | 300..120,get-possessions__possessions__off_def-Offense__filter_comparison-Exactly__filter_event-OnFloor__filter_value-5__start_type-All__season-2023__season_type-Playoffs__team_id-1611661313__f001ca9b,get-possessions,https://api.pbpstats.com/get-possessions/wnba?OffDef=Offense&FilterComparison=Exactly&FilterEvent=OnFloor&FilterValue=5&StartType=All&Season=2023&SeasonType=Playoffs&TeamId=1611661313,200,129,05:15,"Stewart 2' Running Reverse Layup (7 PTS) (Laney 1 AST)
",1,1,0,0,2023-10-15,1042300303,0,0,LVA,2,0,5,05:19,Off Long Mid-Range Miss,0,"[{""description"": ""Stewart 2' Running Reverse Layup (7 PTS) (Laney 1 AST)"", ""url"": """"}]",True,possessions,4Q/OT | margin -3..3 | 300..120,team
wnba,wnba_shot_pace,shot_pace,possessions,get-possessions,2023,Playoffs,team,"{'OffDef': 'Offense', 'FilterComparison': 'Exactly', 'FilterEvent': 'OnFloor', 'FilterValue': 5, 'StartType': 'All', 'Season': '2023', 'SeasonType': 'Playoffs', 'TeamId': '1611661313'}",shot_pace,1611661313,4Q/OT | margin -3..3 | 300..120,get-possessions__possessions__off_def-Offense__filter_comparison-Exactly__filter_event-OnFloor__filter_value-5__start_type-All__season-2023__season_type-Playoffs__team_id-1611661313__f001ca9b,get-possessions,https://api.pbpstats.com/get-possessions/wnba?OffDef=Offense&FilterComparison=Exactly&FilterEvent=OnFloor&FilterValue=5&StartType=All&Season=2023&SeasonType=Playoffs&TeamId=1611661313,200,130,05:36,"MISS Ionescu 26' 3PT Jump Shot
Aces Rebound
",0,0,1,0,2023-10-15,1042300303,0,0,LVA,2,0,5,05:52,Off Arc 3 Miss,0,"[{""description"": ""MISS Ionescu 26' 3PT Jump Shot"", ""url"": """"}, {""description"": ""Aces Rebound"", ""url"": """"}]",True,possessions,4Q/OT | margin -3..3 | 300..120,team
wnba,wnba_shot_pace,shot_pace,possessions,get-possessions,2023,Playoffs,team,"{'OffDef': 'Offense', 'FilterComparison': 'Exactly', 'FilterEvent': 'OnFloor', 'FilterValue': 5, 'StartType': 'All', 'Season': '2023', 'SeasonType': 'Playoffs', 'TeamId': '1611661313'}",shot_pace,1611661313,4Q/OT | margin -3..3 | 300..120,get-possessions__possessions__off_def-Offense__filter_comparison-Exactly__filter_event-OnFloor__filter_value-5__start_type-All__season-2023__season_type-Playoffs__team_id-1611661313__f001ca9b,get-possessions,https://api.pbpstats.com/get-possessions/wnba?OffDef=Offense&FilterComparison=Exactly&FilterEvent=OnFloor&FilterValue=5&StartType=All&Season=2023&SeasonType=Playoffs&TeamId=1611661313,200,131,06:17,"Ionescu 3 Second Violation Turnover (P1.T3)
",0,0,0,0,2023-10-15,1042300303,0,0,LVA,2,0,5,06:37,Off FT Make,1,"[{""description"": ""Ionescu 3 Second Violation Turnover (P1.T3)"", ""url"": """"}]",True,possessions,4Q/OT | margin -3..3 | 300..120,team
wnba,wnba_shot_pace,shot_pace,possessions,get-possessions,2023,Playoffs,team,"{'OffDef': 'Offense', 'FilterComparison': 'Exactly', 'FilterEvent': 'OnFloor', 'FilterValue': 5, 'StartType': 'All', 'Season': '2023', 'SeasonType': 'Playoffs', 'TeamId': '1611661313'}",shot_pace,1611661313,4Q/OT | margin -3..3 | 300..120,get-possessions__possessions__off_def-Offense__filter_comparison-Exactly__filter_event-OnFloor__filter_value-5__start_type-All__season-2023__season_type-Playoffs__team_id-1611661313__f001ca9b,get-possessions,https://api.pbpstats.com/get-possessions/wnba?OffDef=Offense&FilterComparison=Exactly&FilterEvent=OnFloor&FilterValue=5&StartType=All&Season=2023&SeasonType=Playoffs&TeamId=1611661313,200,132,06:52,"Vandersloot 1' Driving Finger Roll Layup (5 PTS) (Ionescu 6 AST)
",1,1,0,0,2023-10-15,1042300303,0,0,LVA,2,0,5,07:06,Off Corner 3 Make,0,"[{""description"": ""Vandersloot 1' Driving Finger Roll Layup (5 PTS) (Ionescu 6 AST)"", ""url"": """"}]",True,possessions,4Q/OT | margin -3..3 | 300..120,team
wnba,wnba_shot_pace,shot_pace,possessions,get-possessions,2023,Playoffs,team,"{'OffDef': 'Offense', 'FilterComparison': 'Exactly', 'FilterEvent': 'OnFloor', 'FilterValue': 5, 'StartType': 'All', 'Season': '2023', 'SeasonType': 'Playoffs', 'TeamId': '1611661313'}",shot_pace,1611661313,4Q/OT | margin -3..3 | 300..120,get-possessions__possessions__off_def-Offense__filter_comparison-Exactly__filter_event-OnFloor__filter_value-5__start_type-All__season-2023__season_type-Playoffs__team_id-1611661313__f001ca9b,get-possessions,https://api.pbpstats.com/get-possessions/wnba?OffDef=Offense&FilterComparison=Exactly&FilterEvent=OnFloor&FilterValue=5&StartType=All&Season=2023&SeasonType=Playoffs&TeamId=1611661313,200,133,07:28,"Stewart 25' 3PT Jump Shot (5 PTS) (Ionescu 5 AST)
",0,0,1,1,2023-10-15,1042300303,0,0,LVA,2,0,5,07:45,Off FT Make,0,"[{""description"": ""Stewart 25' 3PT Jump Shot (5 PTS) (Ionescu 5 AST)"", ""url"": """"}]",True,possessions,4Q/OT | margin -3..3 | 300..120,team
wnba,wnba_shot_pace,shot_pace,possessions,get-possessions,2023,Playoffs,team,"{'OffDef': 'Offense', 'FilterComparison': 'Exactly', 'FilterEvent': 'OnFloor', 'FilterValue': 5, 'StartType': 'All', 'Season': '2023', 'SeasonType': 'Playoffs', 'TeamId': '1611661313'}",shot_pace,1611661313,4Q/OT | margin -3..3 | 300..120,get-possessions__possessions__off_def-Offense__filter_comparison-Exactly__filter_event-OnFloor__filter_value-5__start_type-All__season-2023__season_type-Playoffs__team_id-1611661313__f001ca9b,get-possessions,https://api.pbpstats.com/get-possessions/wnba?OffDef=Offense&FilterComparison=Exactly&FilterEvent=OnFloor&FilterValue=5&StartType=All&Season=2023&SeasonType=Playoffs&TeamId=1611661313,200,134,08:07,"Laney 3PT Jump Shot (5 PTS) (Vandersloot 3 AST)
",0,0,1,1,2023-10-15,1042300303,0,0,LVA,2,0,4,08:15,Off Long Mid-Range Miss,0,"[{""description"": ""Laney 3PT Jump Shot (5 PTS) (Vandersloot 3 AST)"", ""url"": """"}]",True,possessions,4Q/OT | margin -3..3 | 300..120,team
wnba,wnba_shot_pace,shot_pace,possessions,get-possessions,2023,Playoffs,team,"{'OffDef': 'Offense', 'FilterComparison': 'Exactly', 'FilterEvent': 'OnFloor', 'FilterValue': 5, 'StartType': 'All', 'Season': '2023', 'SeasonType': 'Playoffs', 'TeamId': '1611661313'}",shot_pace,1611661313,4Q/OT | margin -3..3 | 300..120,get-possessions__possessions__off_def-Offense__filter_comparison-Exactly__filter_event-OnFloor__filter_value-5__start_type-All__season-2023__season_type-Playoffs__team_id-1611661313__f001ca9b,get-possessions,https://api.pbpstats.com/get-possessions/wnba?OffDef=Offense&FilterComparison=Exactly&FilterEvent=OnFloor&FilterValue=5&StartType=All&Season=2023&SeasonType=Playoffs&TeamId=1611661313,200,135,08:41,"Jones 19' Jump Shot (12 PTS) (Vandersloot 2 AST)
",1,1,0,0,2023-10-15,1042300303,0,0,LVA,2,0,2,09:04,Off Dead Ball,0,"[{""description"": ""Jones 19' Jump Shot (12 PTS) (Vandersloot 2 AST)"", ""url"": """"}]",True,possessions,4Q/OT | margin -3..3 | 300..120,team
wnba,wnba_shot_pace,shot_pace,possessions,get-possessions,2023,Playoffs,team,"{'OffDef': 'Offense', 'FilterComparison': 'Exactly', 'FilterEvent': 'OnFloor', 'FilterValue': 5, 'StartType': 'All', 'Season': '2023', 'SeasonType': 'Playoffs', 'TeamId': '1611661313'}",shot_pace,1611661313,4Q/OT | margin -3..3 | 300..120,get-possessions__possessions__off_def-Offense__filter_comparison-Exactly__filter_event-OnFloor__filter_value-5__start_type-All__season-2023__season_type-Playoffs__team_id-1611661313__f001ca9b,get-possessions,https://api.pbpstats.com/get-possessions/wnba?OffDef=Offense&FilterComparison=Exactly&FilterEvent=OnFloor&FilterValue=5&StartType=All&Season=2023&SeasonType=Playoffs&TeamId=1611661313,200,136,09:17,"Jones 2' Cutting Layup Shot (10 PTS) (Johannès 1 AST)
",1,1,0,0,2023-10-15,1042300303,0,0,LVA,2,0,0,09:30,Off Arc 3 Make,0,"[{""description"": ""Jones 2' Cutting Layup Shot (10 PTS) (Johannès 1 AST)"", ""url"": """"}]",True,possessions,4Q/OT | margin -3..3 | 300..120,team
wnba,wnba_shot_pace,shot_pace,possessions,get-possessions,2023,Playoffs,team,"{'OffDef': 'Offense', 'FilterComparison': 'Exactly', 'FilterEvent': 'OnFloor', 'FilterValue': 5, 'StartType': 'All', 'Season': '2023', 'SeasonType': 'Playoffs', 'TeamId': '1611661313'}",shot_pace,1611661313,4Q/OT | margin -3..3 | 300..120,get-possessions__possessions__off_def-Offense__filter_comparison-Exactly__filter_event-OnFloor__filter_value-5__start_type-All__season-2023__season_type-Playoffs__team_id-1611661313__f001ca9b,get-possessions,https://api.pbpstats.com/get-possessions/wnba?OffDef=Offense&FilterComparison=Exactly&FilterEvent=OnFloor&FilterValue=5&StartType=All&Season=2023&SeasonType=Playoffs&TeamId=1611661313,200,137,00:00,"MISS Ionescu 6' Driving Floating Bank Jump Shot
LIBERTY Rebound
",1,0,0,0,2023-10-15,1042300303,0,0,LVA,1,0,3,00:18,Off FT Miss,0,"[{""description"": ""MISS Ionescu 6' Driving Floating Bank Jump Shot"", ""url"": """"}, {""description"": ""LIBERTY Rebound"", ""url"": """"}]",True,possessions,4Q/OT | margin -3..3 | 300..120,team
wnba,wnba_shot_pace,shot_pace,possessions,get-possessions,2023,Playoffs,team,"{'OffDef': 'Offense', 'FilterComparison': 'Exactly', 'FilterEvent': 'OnFloor', 'FilterValue': 5, 'StartType': 'All', 'Season': '2023', 'SeasonType': 'Playoffs', 'TeamId': '1611661313'}",shot_pace,1611661313,4Q/OT | margin -3..3 | 300..120,get-possessions__possessions__off_def-Offense__filter_comparison-Exactly__filter_event-OnFloor__filter_value-5__start_type-All__season-2023__season_type-Playoffs__team_id-1611661313__f001ca9b,get-possessions,https://api.pbpstats.com/get-possessions/wnba?OffDef=Offense&FilterComparison=Exactly&FilterEvent=OnFloor&FilterValue=5&StartType=All&Season=2023&SeasonType=Playoffs&TeamId=1611661313,200,138,00:27,"Dolson Bad Pass Turnover (P1.T2): Plum STEAL (1 STL)
",0,0,0,0,2023-10-15,1042300303,0,0,LVA,1,0,4,00:46,Off At Rim Make,1,"[{""description"": ""Dolson Bad Pass Turnover (P1.T2): Plum STEAL (1 STL)"", ""url"": """"}]",True,possessions,4Q/OT | margin -3..3 | 300..120,team
wnba,wnba_shot_pace,shot_pace,possessions,get-possessions,2023,Playoffs,team,"{'OffDef': 'Offense', 'FilterComparison': 'Exactly', 'FilterEvent': 'OnFloor', 'FilterValue': 5, 'StartType': 'All', 'Season': '2023', 'SeasonType': 'Playoffs', 'TeamId': '1611661313'}",shot_pace,1611661313,4Q/OT | margin -3..3 | 300..120,get-possessions__possessions__off_def-Offense__filter_comparison-Exactly__filter_event-OnFloor__filter_value-5__start_type-All__season-2023__season_type-Playoffs__team_id-1611661313__f001ca9b,get-possessions,https://api.pbpstats.com/get-possessions/wnba?OffDef=Offense&FilterComparison=Exactly&FilterEvent=OnFloor&FilterValue=5&StartType=All&Season=2023&SeasonType=Playoffs&TeamId=1611661313,200,139,00:56,"MISS Dolson 24' 3PT Jump Shot
Young REBOUND (Off:0 Def:2)
",0,0,1,0,2023-10-15,1042300303,0,0,LVA,1,0,6,01:15,Off Dead Ball,0,"[{""description"": ""MISS Dolson 24' 3PT Jump Shot"", ""url"": """"}, {""description"": ""Young REBOUND (Off:0 Def:2)"", ""url"": """"}]",True,possessions,4Q/OT | margin -3..3 | 300..120,team
wnba,wnba_shot_pace,shot_pace,possessions,get-possessions,2023,Playoffs,team,"{'OffDef': 'Offense', 'FilterComparison': 'Exactly', 'FilterEvent': 'OnFloor', 'FilterValue': 5, 'StartType': 'All', 'Season': '2023', 'SeasonType': 'Playoffs', 'TeamId': '1611661313'}",shot_pace,1611661313,4Q/OT | margin -3..3 | 300..120,get-possessions__possessions__off_def-Offense__filter_comparison-Exactly__filter_event-OnFloor__filter_value-5__start_type-All__season-2023__season_type-Playoffs__team_id-1611661313__f001ca9b,get-possessions,https://api.pbpstats.com/get-possessions/wnba?OffDef=Offense&FilterComparison=Exactly&FilterEvent=OnFloor&FilterValue=5&StartType=All&Season=2023&SeasonType=Playoffs&TeamId=1611661313,200,140,01:22,"MISS Jones 24' 3PT Jump Shot
Clark REBOUND (Off:0 Def:2)
",0,0,1,0,2023-10-15,1042300303,0,0,LVA,1,0,6,01:37,Off Corner 3 Make,0,"[{""description"": ""MISS Jones 24' 3PT Jump Shot"", ""url"": """"}, {""description"": ""Clark REBOUND (Off:0 Def:2)"", ""url"": """"}]",True,possessions,4Q/OT | margin -3..3 | 300..120,team
wnba,wnba_shot_pace,shot_pace,possessions,get-possessions,2023,Playoffs,team,"{'OffDef': 'Offense', 'FilterComparison': 'Exactly', 'FilterEvent': 'OnFloor', 'FilterValue': 5, 'StartType': 'All', 'Season': '2023', 'SeasonType': 'Playoffs', 'TeamId': '1611661313'}",shot_pace,1611661313,4Q/OT | margin -3..3 | 300..120,get-possessions__possessions__off_def-Offense__filter_comparison-Exactly__filter_event-OnFloor__filter_value-5__start_type-All__season-2023__season_type-Playoffs__team_id-1611661313__f001ca9b,get-possessions,https://api.pbpstats.com/get-possessions/wnba?OffDef=Offense&FilterComparison=Exactly&FilterEvent=OnFloor&FilterValue=5&StartType=All&Season=2023&SeasonType=Playoffs&TeamId=1611661313,200,141,01:56,"Ionescu 24' 3PT Running Jump Shot (6 PTS) (Stewart 2 AST)
",0,0,1,1,2023-10-15,1042300303,0,0,LVA,1,0,6,02:01,Off At Rim Block,0,"[{""description"": ""Ionescu 24' 3PT Running Jump Shot (6 PTS) (Stewart 2 AST)"", ""url"": """"}]",True,possessions,4Q/OT | margin -3..3 | 300..120,team
wnba,wnba_shot_pace,shot_pace,possessions,get-possessions,2023,Playoffs,team,"{'OffDef': 'Offense', 'FilterComparison': 'Exactly', 'FilterEvent': 'OnFloor', 'FilterValue': 5, 'StartType': 'All', 'Season': '2023', 'SeasonType': 'Playoffs', 'TeamId': '1611661313'}",shot_pace,1611661313,4Q/OT | margin -3..3 | 300..120,get-possessions__possessions__off_def-Offense__filter_comparison-Exactly__filter_event-OnFloor__filter_value-5__start_type-All__season-2023__season_type-Playoffs__team_id-1611661313__f001ca9b,get-possessions,https://api.pbpstats.com/get-possessions/wnba?OffDef=Offense&FilterComparison=Exactly&FilterEvent=OnFloor&FilterValue=5&StartType=All&Season=2023&SeasonType=Playoffs&TeamId=1611661313,200,142,02:15,"Plum P.FOUL (P1.T3)
MISS Jones 25' 3PT Jump Shot
Clark REBOUND (Off:0 Def:1)
",0,0,1,0,2023-10-15,1042300303,0,0,LVA,1,0,6,02:44,Off FT Make,0,"[{""description"": ""Plum P.FOUL (P1.T3)"", ""url"": """"}, {""description"": ""MISS Jones 25' 3PT Jump Shot"", ""url"": """"}, {""description"": ""Clark REBOUND (Off:0 Def:1)"", ""url"": """"}]",True,possessions,4Q/OT | margin -3..3 | 300..120,team
wnba,wnba_shot_pace,shot_pace,possessions,get-possessions,2023,Playoffs,team,"{'OffDef': 'Offense', 'FilterComparison': 'Exactly', 'FilterEvent': 'OnFloor', 'FilterValue': 5, 'StartType': 'All', 'Season': '2023', 'SeasonType': 'Playoffs', 'TeamId': '1611661313'}",shot_pace,1611661313,4Q/OT | margin -3..3 | 300..120,get-possessions__possessions__off_def-Offense__filter_comparison-Exactly__filter_event-OnFloor__filter_value-5__start_type-All__season-2023__season_type-Playoffs__team_id-1611661313__f001ca9b,get-possessions,https://api.pbpstats.com/get-possessions/wnba?OffDef=Offense&FilterComparison=Exactly&FilterEvent=OnFloor&FilterValue=5&StartType=All&Season=2023&SeasonType=Playoffs&TeamId=1611661313,200,143,03:11,"Vandersloot 24' 3PT Jump Shot (3 PTS) (Ionescu 4 AST)
",0,0,1,1,2023-10-15,1042300303,0,0,LVA,1,0,5,03:18,Off Block,0,"[{""description"": ""Vandersloot 24' 3PT Jump Shot (3 PTS) (Ionescu 4 AST)"", ""url"": """"}]",True,possessions,4Q/OT | margin -3..3 | 300..120,team
wnba,wnba_shot_pace,shot_pace,possessions,get-possessions,2023,Playoffs,team,"{'OffDef': 'Offense', 'FilterComparison': 'Exactly', 'FilterEvent': 'OnFloor', 'FilterValue': 5, 'StartType': 'All', 'Season': '2023', 'SeasonType': 'Playoffs', 'TeamId': '1611661313'}",shot_pace,1611661313,4Q/OT | margin -3..3 | 300..120,get-possessions__possessions__off_def-Offense__filter_comparison-Exactly__filter_event-OnFloor__filter_value-5__start_type-All__season-2023__season_type-Playoffs__team_id-1611661313__f001ca9b,get-possessions,https://api.pbpstats.com/get-possessions/wnba?OffDef=Offense&FilterComparison=Exactly&FilterEvent=OnFloor&FilterValue=5&StartType=All&Season=2023&SeasonType=Playoffs&TeamId=1611661313,200,144,03:33,"Jones 24' 3PT Running Pull-Up Jump Shot (8 PTS) (Ionescu 3 AST)
",0,0,1,1,2023-10-15,1042300303,0,0,LVA,1,0,2,03:42,Off Arc 3 Miss,0,"[{""description"": ""Jones 24' 3PT Running Pull-Up Jump Shot (8 PTS) (Ionescu 3 AST)"", ""url"": """"}]",True,possessions,4Q/OT | margin -3..3 | 300..120,team
wnba,wnba_shot_pace,shot_pace,possessions,get-possessions,2023,Playoffs,team,"{'OffDef': 'Offense', 'FilterComparison': 'Exactly', 'FilterEvent': 'OnFloor', 'FilterValue': 5, 'StartType': 'All', 'Season': '2023', 'SeasonType': 'Playoffs', 'TeamId': '1611661313'}",shot_pace,1611661313,4Q/OT | margin -3..3 | 300..120,get-possessions__possessions__off_def-Offense__filter_comparison-Exactly__filter_event-OnFloor__filter_value-5__start_type-All__season-2023__season_type-Playoffs__team_id-1611661313__f001ca9b,get-possessions,https://api.pbpstats.com/get-possessions/wnba?OffDef=Offense&FilterComparison=Exactly&FilterEvent=OnFloor&FilterValue=5&StartType=All&Season=2023&SeasonType=Playoffs&TeamId=1611661313,200,145,03:48,"Young P.FOUL (P1.T1)
Gray S.FOUL (P1.T2)
MISS Laney Free Throw 1 of 2
LIBERTY Rebound
MISS Laney Free Throw 2 of 2
Gray REBOUND (Off:0 Def:1)
",0,0,0,0,2023-10-15,1042300303,0,0,LVA,1,1,2,03:58,Off At Rim Miss,0,"[{""description"": ""Young P.FOUL (P1.T1)"", ""url"": """"}, {""description"": ""Gray S.FOUL (P1.T2)"", ""url"": """"}, {""description"": ""MISS Laney Free Throw 1 of 2"", ""url"": """"}, {""description"": ""LIBERTY Rebound"", ""url"": """"}, {""description"": ""MISS Laney Free Throw 2 of 2"", ""url"": """"}, {""description"": ""Gray REBOUND (Off:0 Def:1)"", ""url"": """"}]",True,possessions,4Q/OT | margin -3..3 | 300..120,team
wnba,wnba_shot_pace,shot_pace,possessions,get-possessions,2023,Playoffs,team,"{'OffDef': 'Offense', 'FilterComparison': 'Exactly', 'FilterEvent': 'OnFloor', 'FilterValue': 5, 'StartType': 'All', 'Season': '2023', 'SeasonType': 'Playoffs', 'TeamId': '1611661313'}",shot_pace,1611661313,4Q/OT | margin -3..3 | 300..120,get-possessions__possessions__off_def-Offense__filter_comparison-Exactly__filter_event-OnFloor__filter_value-5__start_type-All__season-2023__season_type-Playoffs__team_id-1611661313__f001ca9b,get-possessions,https://api.pbpstats.com/get-possessions/wnba?OffDef=Offense&FilterComparison=Exactly&FilterEvent=OnFloor&FilterValue=5&StartType=All&Season=2023&SeasonType=Playoffs&TeamId=1611661313,200,146,04:21,"Jones 2' Cutting Layup Shot (5 PTS) (Ionescu 2 AST)
",1,1,0,0,2023-10-15,1042300303,0,0,LVA,1,0,0,04:28,Off At Rim Miss,0,"[{""description"": ""Jones 2' Cutting Layup Shot (5 PTS) (Ionescu 2 AST)"", ""url"": """"}]",True,possessions,4Q/OT | margin -3..3 | 300..120,team
wnba,wnba_shot_pace,shot_pace,possessions,get-possessions,2023,Playoffs,team,"{'OffDef': 'Offense', 'FilterComparison': 'Exactly', 'FilterEvent': 'OnFloor', 'FilterValue': 5, 'StartType': 'All', 'Season': '2023', 'SeasonType': 'Playoffs', 'TeamId': '1611661313'}",shot_pace,1611661313,4Q/OT | margin -3..3 | 300..120,get-possessions__possessions__off_def-Offense__filter_comparison-Exactly__filter_event-OnFloor__filter_value-5__start_type-All__season-2023__season_type-Playoffs__team_id-1611661313__f001ca9b,get-possessions,https://api.pbpstats.com/get-possessions/wnba?OffDef=Offense&FilterComparison=Exactly&FilterEvent=OnFloor&FilterValue=5&StartType=All&Season=2023&SeasonType=Playoffs&TeamId=1611661313,200,147,04:48,"MISS Vandersloot 9' Pullup Jump Shot
Stokes REBOUND (Off:0 Def:3)
",1,0,0,0,2023-10-15,1042300303,0,0,LVA,1,0,0,05:05,Off FT Make,0,"[{""description"": ""MISS Vandersloot 9' Pullup Jump Shot"", ""url"": """"}, {""description"": ""Stokes REBOUND (Off:0 Def:3)"", ""url"": """"}]",True,possessions,4Q/OT | margin -3..3 | 300..120,team
wnba,wnba_shot_pace,shot_pace,possessions,get-possessions,2023,Playoffs,team,"{'OffDef': 'Offense', 'FilterComparison': 'Exactly', 'FilterEvent': 'OnFloor', 'FilterValue': 5, 'StartType': 'All', 'Season': '2023', 'SeasonType': 'Playoffs', 'TeamId': '1611661313'}",shot_pace,1611661313,4Q/OT | margin -3..3 | 300..120,get-possessions__possessions__off_def-Offense__filter_comparison-Exactly__filter_event-OnFloor__filter_value-5__start_type-All__season-2023__season_type-Playoffs__team_id-1611661313__f001ca9b,get-possessions,https://api.pbpstats.com/get-possessions/wnba?OffDef=Offense&FilterComparison=Exactly&FilterEvent=OnFloor&FilterValue=5&StartType=All&Season=2023&SeasonType=Playoffs&TeamId=1611661313,200,148,05:27,"MISS Stewart 8' Pullup Jump Shot
Aces Rebound
",1,0,0,0,2023-10-15,1042300303,0,0,LVA,1,0,2,05:42,Off Arc 3 Miss,0,"[{""description"": ""MISS Stewart 8' Pullup Jump Shot"", ""url"": """"}, {""description"": ""Aces Rebound"", ""url"": """"}]",True,possessions,4Q/OT | margin -3..3 | 300..120,team
wnba,wnba_shot_pace,shot_pace,possessions,get-possessions,2023,Playoffs,team,"{'OffDef': 'Offense', 'FilterComparison': 'Exactly', 'FilterEvent': 'OnFloor', 'FilterValue': 5, 'StartType': 'All', 'Season': '2023', 'SeasonType': 'Playoffs', 'TeamId': '1611661313'}",shot_pace,1611661313,4Q/OT | margin -3..3 | 300..120,get-possessions__possessions__off_def-Offense__filter_comparison-Exactly__filter_event-OnFloor__filter_value-5__start_type-All__season-2023__season_type-Playoffs__team_id-1611661313__f001ca9b,get-possessions,https://api.pbpstats.com/get-possessions/wnba?OffDef=Offense&FilterComparison=Exactly&FilterEvent=OnFloor&FilterValue=5&StartType=All&Season=2023&SeasonType=Playoffs&TeamId=1611661313,200,149,06:01,"Ionescu 3PT Jump Shot (3 PTS) (Vandersloot 1 AST)
",0,0,1,1,2023-10-15,1042300303,0,0,LVA,1,0,-1,06:20,Off FT Make,0,"[{""description"": ""Ionescu 3PT Jump Shot (3 PTS) (Vandersloot 1 AST)"", ""url"": """"}]",True,possessions,4Q/OT | margin -3..3 | 300..120,team
wnba,wnba_shot_pace,shot_pace,possessions,get-possessions,2023,Playoffs,team,"{'OffDef': 'Offense', 'FilterComparison': 'Exactly', 'FilterEvent': 'OnFloor', 'FilterValue': 5, 'StartType': 'All', 'Season': '2023', 'SeasonType': 'Playoffs', 'TeamId': '1611661313'}",shot_pace,1611661313,4Q/OT | margin -3..3 | 300..120,get-possessions__possessions__off_def-Offense__filter_comparison-Exactly__filter_event-OnFloor__filter_value-5__start_type-All__season-2023__season_type-Playoffs__team_id-1611661313__f001ca9b,get-possessions,https://api.pbpstats.com/get-possessions/wnba?OffDef=Offense&FilterComparison=Exactly&FilterEvent=OnFloor&FilterValue=5&StartType=All&Season=2023&SeasonType=Playoffs&TeamId=1611661313,200,150,06:27,"MISS Vandersloot 2' Running Reverse Layup
Stokes REBOUND (Off:0 Def:2)
",1,0,0,0,2023-10-15,1042300303,0,0,LVA,1,0,1,06:37,Off Short Mid-Range Make,0,"[{""description"": ""MISS Vandersloot 2' Running Reverse Layup"", ""url"": """"}, {""description"": ""Stokes REBOUND (Off:0 Def:2)"", ""url"": """"}]",True,possessions,4Q/OT | margin -3..3 | 300..120,team
wnba,wnba_shot_pace,shot_pace,possessions,get-possessions,2023,Playoffs,team,"{'OffDef': 'Offense', 'FilterComparison': 'Exactly', 'FilterEvent': 'OnFloor', 'FilterValue': 5, 'StartType': 'All', 'Season': '2023', 'SeasonType': 'Playoffs', 'TeamId': '1611661313'}",shot_pace,1611661313,4Q/OT | margin -3..3 | 300..120,get-possessions__possessions__off_def-Offense__filter_comparison-Exactly__filter_event-OnFloor__filter_value-5__start_type-All__season-2023__season_type-Playoffs__team_id-1611661313__f001ca9b,get-possessions,https://api.pbpstats.com/get-possessions/wnba?OffDef=Offense&FilterComparison=Exactly&FilterEvent=OnFloor&FilterValue=5&StartType=All&Season=2023&SeasonType=Playoffs&TeamId=1611661313,200,151,06:59,"Jones 24' 3PT Jump Shot (3 PTS) (Stewart 1 AST)
",0,0,1,1,2023-10-15,1042300303,0,0,LVA,1,0,0,07:13,Off Short Mid-Range Make,0,"[{""description"": ""Jones 24' 3PT Jump Shot (3 PTS) (Stewart 1 AST)"", ""url"": """"}]",True,possessions,4Q/OT | margin -3..3 | 300..120,team
wnba,wnba_shot_pace,shot_pace,possessions,get-possessions,2023,Playoffs,team,"{'OffDef': 'Offense', 'FilterComparison': 'Exactly', 'FilterEvent': 'OnFloor', 'FilterValue': 5, 'StartType': 'All', 'Season': '2023', 'SeasonType': 'Playoffs', 'TeamId': '1611661313'}",shot_pace,1611661313,4Q/OT | margin -3..3 | 300..120,get-possessions__possessions__off_def-Offense__filter_comparison-Exactly__filter_event-OnFloor__filter_value-5__start_type-All__season-2023__season_type-Playoffs__team_id-1611661313__f001ca9b,get-possessions,https://api.pbpstats.com/get-possessions/wnba?OffDef=Offense&FilterComparison=Exactly&FilterEvent=OnFloor&FilterValue=5&StartType=All&Season=2023&SeasonType=Playoffs&TeamId=1611661313,200,152,07:31,"Stewart Bad Pass Turnover (P1.T1): Stokes STEAL (1 STL)
",0,0,0,0,2023-10-15,1042300303,0,0,LVA,1,0,2,07:36,Off Steal,1,"[{""description"": ""Stewart Bad Pass Turnover (P1.T1): Stokes STEAL (1 STL)"", ""url"": """"}]",True,possessions,4Q/OT | margin -3..3 | 300..120,team
wnba,wnba_shot_pace,shot_pace,possessions,get-possessions,2023,Playoffs,team,"{'OffDef': 'Offense', 'FilterComparison': 'Exactly', 'FilterEvent': 'OnFloor', 'FilterValue': 5, 'StartType': 'All', 'Season': '2023', 'SeasonType': 'Playoffs', 'TeamId': '1611661313'}",shot_pace,1611661313,4Q/OT | margin -3..3 | 300..120,get-possessions__possessions__off_def-Offense__filter_comparison-Exactly__filter_event-OnFloor__filter_value-5__start_type-All__season-2023__season_type-Playoffs__team_id-1611661313__f001ca9b,get-possessions,https://api.pbpstats.com/get-possessions/wnba?OffDef=Offense&FilterComparison=Exactly&FilterEvent=OnFloor&FilterValue=5&StartType=All&Season=2023&SeasonType=Playoffs&TeamId=1611661313,200,153,07:55,"Stewart 2' Cutting Layup Shot (2 PTS) (Ionescu 1 AST)
",1,1,0,0,2023-10-15,1042300303,0,0,LVA,1,0,0,08:02,Off At Rim Make,0,"[{""description"": ""Stewart 2' Cutting Layup Shot (2 PTS) (Ionescu 1 AST)"", ""url"": """"}]",True,possessions,4Q/OT | margin -3..3 | 300..120,team
wnba,wnba_shot_pace,shot_pace,possessions,get-possessions,2023,Playoffs,team,"{'OffDef': 'Offense', 'FilterComparison': 'Exactly', 'FilterEvent': 'OnFloor', 'FilterValue': 5, 'StartType': 'All', 'Season': '2023', 'SeasonType': 'Playoffs', 'TeamId': '1611661313'}",shot_pace,1611661313,4Q/OT | margin -3..3 | 300..120,get-possessions__possessions__off_def-Offense__filter_comparison-Exactly__filter_event-OnFloor__filter_value-5__start_type-All__season-2023__season_type-Playoffs__team_id-1611661313__f001ca9b,get-possessions,https://api.pbpstats.com/get-possessions/wnba?OffDef=Offense&FilterComparison=Exactly&FilterEvent=OnFloor&FilterValue=5&StartType=All&Season=2023&SeasonType=Playoffs&TeamId=1611661313,200,154,08:23,"MISS Stewart 18' Jump Shot
Laney REBOUND (Off:1 Def:1)
Laney 1' Tip Layup Shot (2 PTS)
",2,1,0,0,2023-10-15,1042300303,0,1,LVA,1,0,0,08:33,Off At Rim Miss,0,"[{""description"": ""MISS Stewart 18' Jump Shot"", ""url"": """"}, {""description"": ""Laney REBOUND (Off:1 Def:1)"", ""url"": """"}, {""description"": ""Laney 1' Tip Layup Shot (2 PTS)"", ""url"": """"}]",True,possessions,4Q/OT | margin -3..3 | 300..120,team
wnba,wnba_shot_pace,shot_pace,possessions,get-possessions,2023,Playoffs,team,"{'OffDef': 'Offense', 'FilterComparison': 'Exactly', 'FilterEvent': 'OnFloor', 'FilterValue': 5, 'StartType': 'All', 'Season': '2023', 'SeasonType': 'Playoffs', 'TeamId': '1611661313'}",shot_pace,1611661313,4Q/OT | margin -3..3 | 300..120,get-possessions__possessions__off_def-Offense__filter_comparison-Exactly__filter_event-OnFloor__filter_value-5__start_type-All__season-2023__season_type-Playoffs__team_id-1611661313__f001ca9b,get-possessions,https://api.pbpstats.com/get-possessions/wnba?OffDef=Offense&FilterComparison=Exactly&FilterEvent=OnFloor&FilterValue=5&StartType=All&Season=2023&SeasonType=Playoffs&TeamId=1611661313,200,155,08:48,"MISS Ionescu 7' Floating Jump Shot
Wilson REBOUND (Off:0 Def:1)
",1,0,0,0,2023-10-15,1042300303,0,0,LVA,1,0,0,09:04,Off Dead Ball,0,"[{""description"": ""MISS Ionescu 7' Floating Jump Shot"", ""url"": """"}, {""description"": ""Wilson REBOUND (Off:0 Def:1)"", ""url"": """"}]",True,possessions,4Q/OT | margin -3..3 | 300..120,team
wnba,wnba_shot_pace,shot_pace,possessions,get-possessions,2023,Playoffs,team,"{'OffDef': 'Offense', 'FilterComparison': 'Exactly', 'FilterEvent': 'OnFloor', 'FilterValue': 5, 'StartType': 'All', 'Season': '2023', 'SeasonType': 'Playoffs', 'TeamId': '1611661313'}",shot_pace,1611661313,4Q/OT | margin -3..3 | 300..120,get-possessions__possessions__off_def-Offense__filter_comparison-Exactly__filter_event-OnFloor__filter_value-5__start_type-All__season-2023__season_type-Playoffs__team_id-1611661313__f001ca9b,get-possessions,https://api.pbpstats.com/get-possessions/wnba?OffDef=Offense&FilterComparison=Exactly&FilterEvent=OnFloor&FilterValue=5&StartType=All&Season=2023&SeasonType=Playoffs&TeamId=1611661313,200,156,09:16,"MISS Stewart 3PT Jump Shot
Young REBOUND (Off:0 Def:1)
",0,0,1,0,2023-10-15,1042300303,0,0,LVA,1,0,0,09:26,Off Steal,0,"[{""description"": ""MISS Stewart 3PT Jump Shot"", ""url"": """"}, {""description"": ""Young REBOUND (Off:0 Def:1)"", ""url"": """"}]",True,possessions,4Q/OT | margin -3..3 | 300..120,team
wnba,wnba_shot_pace,shot_pace,possessions,get-possessions,2023,Playoffs,team,"{'OffDef': 'Offense', 'FilterComparison': 'Exactly', 'FilterEvent': 'OnFloor', 'FilterValue': 5, 'StartType': 'All', 'Season': '2023', 'SeasonType': 'Playoffs', 'TeamId': '1611661313'}",shot_pace,1611661313,4Q/OT | margin -3..3 | 300..120,get-possessions__possessions__off_def-Offense__filter_comparison-Exactly__filter_event-OnFloor__filter_value-5__start_type-All__season-2023__season_type-Playoffs__team_id-1611661313__f001ca9b,get-possessions,https://api.pbpstats.com/get-possessions/wnba?OffDef=Offense&FilterComparison=Exactly&FilterEvent=OnFloor&FilterValue=5&StartType=All&Season=2023&SeasonType=Playoffs&TeamId=1611661313,200,157,09:37,"MISS Jones 1' Driving Layup
Stokes REBOUND (Off:0 Def:1)
",1,0,0,0,2023-10-15,1042300303,0,0,LVA,1,0,0,10:00,Off Dead Ball,0,"[{""description"": ""MISS Jones 1' Driving Layup"", ""url"": """"}, {""description"": ""Stokes REBOUND (Off:0 Def:1)"", ""url"": """"}]",True,possessions,4Q/OT | margin -3..3 | 300..120,team
wnba,wnba_shot_pace,shot_pace,possessions,get-possessions,2023,Playoffs,team,"{'OffDef': 'Offense', 'FilterComparison': 'Exactly', 'FilterEvent': 'OnFloor', 'FilterValue': 5, 'StartType': 'All', 'Season': '2023', 'SeasonType': 'Playoffs', 'TeamId': '1611661313'}",shot_pace,1611661313,4Q/OT | margin -3..3 | 300..120,get-possessions__possessions__off_def-Offense__filter_comparison-Exactly__filter_event-OnFloor__filter_value-5__start_type-All__season-2023__season_type-Playoffs__team_id-1611661313__f001ca9b,get-possessions,https://api.pbpstats.com/get-possessions/wnba?OffDef=Offense&FilterComparison=Exactly&FilterEvent=OnFloor&FilterValue=5&StartType=All&Season=2023&SeasonType=Playoffs&TeamId=1611661313,200,158,00:25,"MISS Johannès 3PT Step Back Jump Shot
Clark REBOUND (Off:0 Def:2)
",0,0,1,0,2023-10-11,1042300302,0,0,LVA,4,0,-28,00:41,Off FT Make,0,"[{""description"": ""MISS Johannès 3PT Step Back Jump Shot"", ""url"": """"}, {""description"": ""Clark REBOUND (Off:0 Def:2)"", ""url"": """"}]",True,possessions,4Q/OT | margin -3..3 | 300..120,team
wnba,wnba_shot_pace,shot_pace,possessions,get-possessions,2023,Playoffs,team,"{'OffDef': 'Offense', 'FilterComparison': 'Exactly', 'FilterEvent': 'OnFloor', 'FilterValue': 5, 'StartType': 'All', 'Season': '2023', 'SeasonType': 'Playoffs', 'TeamId': '1611661313'}",shot_pace,1611661313,4Q/OT | margin -3..3 | 300..120,get-possessions__possessions__off_def-Offense__filter_comparison-Exactly__filter_event-OnFloor__filter_value-5__start_type-All__season-2023__season_type-Playoffs__team_id-1611661313__f001ca9b,get-possessions,https://api.pbpstats.com/get-possessions/wnba?OffDef=Offense&FilterComparison=Exactly&FilterEvent=OnFloor&FilterValue=5&StartType=All&Season=2023&SeasonType=Playoffs&TeamId=1611661313,200,159,00:51,"MISS Willoughby 26' 3PT Jump Shot
Clark REBOUND (Off:0 Def:1)
",0,0,1,0,2023-10-11,1042300302,0,0,LVA,4,0,-26,01:12,Off FT Make,0,"[{""description"": ""MISS Willoughby 26' 3PT Jump Shot"", ""url"": """"}, {""description"": ""Clark REBOUND (Off:0 Def:1)"", ""url"": """"}]",True,possessions,4Q/OT | margin -3..3 | 300..120,team
wnba,wnba_shot_pace,shot_pace,possessions,get-possessions,2023,Playoffs,team,"{'OffDef': 'Offense', 'FilterComparison': 'Exactly', 'FilterEvent': 'OnFloor', 'FilterValue': 5, 'StartType': 'All', 'Season': '2023', 'SeasonType': 'Playoffs', 'TeamId': '1611661313'}",shot_pace,1611661313,4Q/OT | margin -3..3 | 300..120,get-possessions__possessions__off_def-Offense__filter_comparison-Exactly__filter_event-OnFloor__filter_value-5__start_type-All__season-2023__season_type-Playoffs__team_id-1611661313__f001ca9b,get-possessions,https://api.pbpstats.com/get-possessions/wnba?OffDef=Offense&FilterComparison=Exactly&FilterEvent=OnFloor&FilterValue=5&StartType=All&Season=2023&SeasonType=Playoffs&TeamId=1611661313,200,160,01:34,"George P.FOUL (P1.PN)
Willoughby Free Throw 1 of 2 (1 PTS)
Willoughby Free Throw 2 of 2 (2 PTS)
",0,0,0,0,2023-10-11,1042300302,1,0,LVA,4,0,-25,01:34,Off Arc 3 Miss,0,"[{""description"": ""George P.FOUL (P1.PN)"", ""url"": """"}, {""description"": ""Willoughby Free Throw 1 of 2 (1 PTS)"", ""url"": """"}, {""description"": ""Willoughby Free Throw 2 of 2 (2 PTS)"", ""url"": """"}]",True,possessions,4Q/OT | margin -3..3 | 300..120,team
wnba,wnba_shot_pace,shot_pace,possessions,get-possessions,2023,Playoffs,team,"{'OffDef': 'Offense', 'FilterComparison': 'Exactly', 'FilterEvent': 'OnFloor', 'FilterValue': 5, 'StartType': 'All', 'Season': '2023', 'SeasonType': 'Playoffs', 'TeamId': '1611661313'}",shot_pace,1611661313,4Q/OT | margin -3..3 | 300..120,get-possessions__possessions__off_def-Offense__filter_comparison-Exactly__filter_event-OnFloor__filter_value-5__start_type-All__season-2023__season_type-Playoffs__team_id-1611661313__f001ca9b,get-possessions,https://api.pbpstats.com/get-possessions/wnba?OffDef=Offense&FilterComparison=Exactly&FilterEvent=OnFloor&FilterValue=5&StartType=All&Season=2023&SeasonType=Playoffs&TeamId=1611661313,200,161,01:56,"Dolson 11' Jump Shot (2 PTS) (Vandersloot 4 AST)
",1,1,0,0,2023-10-11,1042300302,0,0,LVA,4,0,-27,02:03,Off Long Mid-Range Miss,0,"[{""description"": ""Dolson 11' Jump Shot (2 PTS) (Vandersloot 4 AST)"", ""url"": """"}]",True,possessions,4Q/OT | margin -3..3 | 300..120,team
wnba,wnba_shot_pace,shot_pace,possessions,get-possessions,2023,Playoffs,team,"{'OffDef': 'Offense', 'FilterComparison': 'Exactly', 'FilterEvent': 'OnFloor', 'FilterValue': 5, 'StartType': 'All', 'Season': '2023', 'SeasonType': 'Playoffs', 'TeamId': '1611661313'}",shot_pace,1611661313,4Q/OT | margin -3..3 | 300..120,get-possessions__possessions__off_def-Offense__filter_comparison-Exactly__filter_event-OnFloor__filter_value-5__start_type-All__season-2023__season_type-Playoffs__team_id-1611661313__f001ca9b,get-possessions,https://api.pbpstats.com/get-possessions/wnba?OffDef=Offense&FilterComparison=Exactly&FilterEvent=OnFloor&FilterValue=5&StartType=All&Season=2023&SeasonType=Playoffs&TeamId=1611661313,200,162,02:17,"Colson STEAL (1 STL): Johannès Bad Pass Turnover (P2.T10)
",0,0,0,0,2023-10-11,1042300302,0,0,LVA,4,0,-27,02:37,Off Arc 3 Make,1,"[{""description"": ""Colson STEAL (1 STL): Johannès Bad Pass Turnover (P2.T10)"", ""url"": """"}]",True,possessions,4Q/OT | margin -3..3 | 300..120,team
wnba,wnba_shot_pace,shot_pace,possessions,get-possessions,2023,Playoffs,team,"{'OffDef': 'Offense', 'FilterComparison': 'Exactly', 'FilterEvent': 'OnFloor', 'FilterValue': 5, 'StartType': 'All', 'Season': '2023', 'SeasonType': 'Playoffs', 'TeamId': '1611661313'}",shot_pace,1611661313,4Q/OT | margin -3..3 | 300..120,get-possessions__possessions__off_def-Offense__filter_comparison-Exactly__filter_event-OnFloor__filter_value-5__start_type-All__season-2023__season_type-Playoffs__team_id-1611661313__f001ca9b,get-possessions,https://api.pbpstats.com/get-possessions/wnba?OffDef=Offense&FilterComparison=Exactly&FilterEvent=OnFloor&FilterValue=5&StartType=All&Season=2023&SeasonType=Playoffs&TeamId=1611661313,200,163,03:03,"Vandersloot 27' 3PT Jump Shot (9 PTS)
",0,0,1,1,2023-10-11,1042300302,0,0,LVA,4,0,-27,03:12,Off Dead Ball,0,"[{""description"": ""Vandersloot 27' 3PT Jump Shot (9 PTS)"", ""url"": """"}]",True,possessions,4Q/OT | margin -3..3 | 300..120,team
wnba,wnba_shot_pace,shot_pace,possessions,get-possessions,2023,Playoffs,team,"{'OffDef': 'Offense', 'FilterComparison': 'Exactly', 'FilterEvent': 'OnFloor', 'FilterValue': 5, 'StartType': 'All', 'Season': '2023', 'SeasonType': 'Playoffs', 'TeamId': '1611661313'}",shot_pace,1611661313,4Q/OT | margin -3..3 | 300..120,get-possessions__possessions__off_def-Offense__filter_comparison-Exactly__filter_event-OnFloor__filter_value-5__start_type-All__season-2023__season_type-Playoffs__team_id-1611661313__f001ca9b,get-possessions,https://api.pbpstats.com/get-possessions/wnba?OffDef=Offense&FilterComparison=Exactly&FilterEvent=OnFloor&FilterValue=5&StartType=All&Season=2023&SeasonType=Playoffs&TeamId=1611661313,200,164,03:18,"Gray S.FOUL (P2.PN)
MISS Dolson Free Throw 1 of 2
Liberty Rebound
MISS Dolson Free Throw 2 of 2
Willoughby REBOUND (Off:1 Def:0)
Bell STEAL (1 STL): Dolson Bad Pass Turnover (P1.T9)
",0,0,0,0,2023-10-11,1042300302,0,1,LVA,4,1,-27,03:31,Off Arc 3 Miss,1,"[{""description"": ""Gray S.FOUL (P2.PN)"", ""url"": """"}, {""description"": ""MISS Dolson Free Throw 1 of 2"", ""url"": """"}, {""description"": ""Liberty Rebound"", ""url"": """"}, {""description"": ""MISS Dolson Free Throw 2 of 2"", ""url"": """"}, {""description"": ""Willoughby REBOUND (Off:1 Def:0)"", ""url"": """"}, {""description"": ""Bell STEAL (1 STL): Dolson Bad Pass Turnover (P1.T9)"", ""url"": """"}]",True,possessions,4Q/OT | margin -3..3 | 300..120,team
wnba,wnba_shot_pace,shot_pace,possessions,get-possessions,2023,Playoffs,team,"{'OffDef': 'Offense', 'FilterComparison': 'Exactly', 'FilterEvent': 'OnFloor', 'FilterValue': 5, 'StartType': 'All', 'Season': '2023', 'SeasonType': 'Playoffs', 'TeamId': '1611661313'}",shot_pace,1611661313,4Q/OT | margin -3..3 | 300..120,get-possessions__possessions__off_def-Offense__filter_comparison-Exactly__filter_event-OnFloor__filter_value-5__start_type-All__season-2023__season_type-Playoffs__team_id-1611661313__f001ca9b,get-possessions,https://api.pbpstats.com/get-possessions/wnba?OffDef=Offense&FilterComparison=Exactly&FilterEvent=OnFloor&FilterValue=5&StartType=All&Season=2023&SeasonType=Playoffs&TeamId=1611661313,200,165,03:54,"Wilson S.FOUL (P2.T4)
Laney Free Throw 1 of 2 (11 PTS)
Laney Free Throw 2 of 2 (12 PTS)
",0,0,0,0,2023-10-11,1042300302,0,0,LVA,4,1,-29,04:06,Off Arc 3 Make,0,"[{""description"": ""Wilson S.FOUL (P2.T4)"", ""url"": """"}, {""description"": ""Laney Free Throw 1 of 2 (11 PTS)"", ""url"": """"}, {""description"": ""Laney Free Throw 2 of 2 (12 PTS)"", ""url"": """"}]",True,possessions,4Q/OT | margin -3..3 | 300..120,team
wnba,wnba_shot_pace,shot_pace,possessions,get-possessions,2023,Playoffs,team,"{'OffDef': 'Offense', 'FilterComparison': 'Exactly', 'FilterEvent': 'OnFloor', 'FilterValue': 5, 'StartType': 'All', 'Season': '2023', 'SeasonType': 'Playoffs', 'TeamId': '1611661313'}",shot_pace,1611661313,4Q/OT | margin -3..3 | 300..120,get-possessions__possessions__off_def-Offense__filter_comparison-Exactly__filter_event-OnFloor__filter_value-5__start_type-All__season-2023__season_type-Playoffs__team_id-1611661313__f001ca9b,get-possessions,https://api.pbpstats.com/get-possessions/wnba?OffDef=Offense&FilterComparison=Exactly&FilterEvent=OnFloor&FilterValue=5&StartType=All&Season=2023&SeasonType=Playoffs&TeamId=1611661313,200,166,04:26,"Stewart 10' Turnaround Bank Shot (14 PTS) (Laney 5 AST)
",1,1,0,0,2023-10-11,1042300302,0,0,LVA,4,0,-28,04:37,Off FT Make,0,"[{""description"": ""Stewart 10' Turnaround Bank Shot (14 PTS) (Laney 5 AST)"", ""url"": """"}]",True,possessions,4Q/OT | margin -3..3 | 300..120,team
wnba,wnba_shot_pace,shot_pace,possessions,get-possessions,2023,Playoffs,team,"{'OffDef': 'Offense', 'FilterComparison': 'Exactly', 'FilterEvent': 'OnFloor', 'FilterValue': 5, 'StartType': 'All', 'Season': '2023', 'SeasonType': 'Playoffs', 'TeamId': '1611661313'}",shot_pace,1611661313,4Q/OT | margin -3..3 | 300..120,get-possessions__possessions__off_def-Offense__filter_comparison-Exactly__filter_event-OnFloor__filter_value-5__start_type-All__season-2023__season_type-Playoffs__team_id-1611661313__f001ca9b,get-possessions,https://api.pbpstats.com/get-possessions/wnba?OffDef=Offense&FilterComparison=Exactly&FilterEvent=OnFloor&FilterValue=5&StartType=All&Season=2023&SeasonType=Playoffs&TeamId=1611661313,200,167,04:59,"Stewart 3' Running Layup (12 PTS) (Vandersloot 3 AST)
",1,1,0,0,2023-10-11,1042300302,0,0,LVA,4,0,-27,05:04,Off Steal,0,"[{""description"": ""Stewart 3' Running Layup (12 PTS) (Vandersloot 3 AST)"", ""url"": """"}]",True,possessions,4Q/OT | margin -3..3 | 300..120,team
wnba,wnba_shot_pace,shot_pace,possessions,get-possessions,2023,Playoffs,team,"{'OffDef': 'Offense', 'FilterComparison': 'Exactly', 'FilterEvent': 'OnFloor', 'FilterValue': 5, 'StartType': 'All', 'Season': '2023', 'SeasonType': 'Playoffs', 'TeamId': '1611661313'}",shot_pace,1611661313,4Q/OT | margin -3..3 | 300..120,get-possessions__possessions__off_def-Offense__filter_comparison-Exactly__filter_event-OnFloor__filter_value-5__start_type-All__season-2023__season_type-Playoffs__team_id-1611661313__f001ca9b,get-possessions,https://api.pbpstats.com/get-possessions/wnba?OffDef=Offense&FilterComparison=Exactly&FilterEvent=OnFloor&FilterValue=5&StartType=All&Season=2023&SeasonType=Playoffs&TeamId=1611661313,200,168,05:16,"Vandersloot 3' Driving Layup (5 PTS) (Ionescu 3 AST)
Plum S.FOUL (P3.T3)
Vandersloot Free Throw 1 of 1 (6 PTS)
",1,1,0,0,2023-10-11,1042300302,0,0,LVA,4,1,-30,05:22,Off Dead Ball,0,"[{""description"": ""Vandersloot 3' Driving Layup (5 PTS) (Ionescu 3 AST)"", ""url"": """"}, {""description"": ""Plum S.FOUL (P3.T3)"", ""url"": """"}, {""description"": ""Vandersloot Free Throw 1 of 1 (6 PTS)"", ""url"": """"}]",True,possessions,4Q/OT | margin -3..3 | 300..120,team
wnba,wnba_shot_pace,shot_pace,possessions,get-possessions,2023,Playoffs,team,"{'OffDef': 'Offense', 'FilterComparison': 'Exactly', 'FilterEvent': 'OnFloor', 'FilterValue': 5, 'StartType': 'All', 'Season': '2023', 'SeasonType': 'Playoffs', 'TeamId': '1611661313'}",shot_pace,1611661313,4Q/OT | margin -3..3 | 300..120,get-possessions__possessions__off_def-Offense__filter_comparison-Exactly__filter_event-OnFloor__filter_value-5__start_type-All__season-2023__season_type-Playoffs__team_id-1611661313__f001ca9b,get-possessions,https://api.pbpstats.com/get-possessions/wnba?OffDef=Offense&FilterComparison=Exactly&FilterEvent=OnFloor&FilterValue=5&StartType=All&Season=2023&SeasonType=Playoffs&TeamId=1611661313,200,169,05:28,"Plum P.FOUL (P2.T2)
MISS Stewart 7' Driving Floating Jump Shot
Wilson REBOUND (Off:6 Def:9)
",1,0,0,0,2023-10-11,1042300302,0,0,LVA,4,0,-30,05:53,Off Timeout,0,"[{""description"": ""Plum P.FOUL (P2.T2)"", ""url"": """"}, {""description"": ""MISS Stewart 7' Driving Floating Jump Shot"", ""url"": """"}, {""description"": ""Wilson REBOUND (Off:6 Def:9)"", ""url"": """"}]",True,possessions,4Q/OT | margin -3..3 | 300..120,team
wnba,wnba_shot_pace,shot_pace,possessions,get-possessions,2023,Playoffs,team,"{'OffDef': 'Offense', 'FilterComparison': 'Exactly', 'FilterEvent': 'OnFloor', 'FilterValue': 5, 'StartType': 'All', 'Season': '2023', 'SeasonType': 'Playoffs', 'TeamId': '1611661313'}",shot_pace,1611661313,4Q/OT | margin -3..3 | 300..120,get-possessions__possessions__off_def-Offense__filter_comparison-Exactly__filter_event-OnFloor__filter_value-5__start_type-All__season-2023__season_type-Playoffs__team_id-1611661313__f001ca9b,get-possessions,https://api.pbpstats.com/get-possessions/wnba?OffDef=Offense&FilterComparison=Exactly&FilterEvent=OnFloor&FilterValue=5&StartType=All&Season=2023&SeasonType=Playoffs&TeamId=1611661313,200,170,06:11,"Vandersloot 4' Driving Layup (3 PTS)
",1,1,0,0,2023-10-11,1042300302,0,0,LVA,4,0,-32,06:22,Off Arc 3 Make,0,"[{""description"": ""Vandersloot 4' Driving Layup (3 PTS)"", ""url"": """"}]",True,possessions,4Q/OT | margin -3..3 | 300..120,team
wnba,wnba_shot_pace,shot_pace,possessions,get-possessions,2023,Playoffs,team,"{'OffDef': 'Offense', 'FilterComparison': 'Exactly', 'FilterEvent': 'OnFloor', 'FilterValue': 5, 'StartType': 'All', 'Season': '2023', 'SeasonType': 'Playoffs', 'TeamId': '1611661313'}",shot_pace,1611661313,4Q/OT | margin -3..3 | 300..120,get-possessions__possessions__off_def-Offense__filter_comparison-Exactly__filter_event-OnFloor__filter_value-5__start_type-All__season-2023__season_type-Playoffs__team_id-1611661313__f001ca9b,get-possessions,https://api.pbpstats.com/get-possessions/wnba?OffDef=Offense&FilterComparison=Exactly&FilterEvent=OnFloor&FilterValue=5&StartType=All&Season=2023&SeasonType=Playoffs&TeamId=1611661313,200,171,06:37,"MISS Laney 3PT Jump Shot
Vandersloot REBOUND (Off:3 Def:0)
MISS Laney 3PT Jump Shot
Young REBOUND (Off:0 Def:8)
",0,0,2,0,2023-10-11,1042300302,0,1,LVA,4,0,-29,07:00,Off Timeout,0,"[{""description"": ""MISS Laney 3PT Jump Shot"", ""url"": """"}, {""description"": ""Vandersloot REBOUND (Off:3 Def:0)"", ""url"": """"}, {""description"": ""MISS Laney 3PT Jump Shot"", ""url"": """"}, {""description"": ""Young REBOUND (Off:0 Def:8)"", ""url"": """"}]",True,possessions,4Q/OT | margin -3..3 | 300..120,team
wnba,wnba_shot_pace,shot_pace,possessions,get-possessions,2023,Playoffs,team,"{'OffDef': 'Offense', 'FilterComparison': 'Exactly', 'FilterEvent': 'OnFloor', 'FilterValue': 5, 'StartType': 'All', 'Season': '2023', 'SeasonType': 'Playoffs', 'TeamId': '1611661313'}",shot_pace,1611661313,4Q/OT | margin -3..3 | 300..120,get-possessions__possessions__off_def-Offense__filter_comparison-Exactly__filter_event-OnFloor__filter_value-5__start_type-All__season-2023__season_type-Playoffs__team_id-1611661313__f001ca9b,get-possessions,https://api.pbpstats.com/get-possessions/wnba?OffDef=Offense&FilterComparison=Exactly&FilterEvent=OnFloor&FilterValue=5&StartType=All&Season=2023&SeasonType=Playoffs&TeamId=1611661313,200,172,07:09,"MISS Ionescu 24' 3PT Jump Shot
ACES Rebound
",0,0,1,0,2023-10-11,1042300302,0,0,LVA,4,0,-27,07:23,Off FT Make,0,"[{""description"": ""MISS Ionescu 24' 3PT Jump Shot"", ""url"": """"}, {""description"": ""ACES Rebound"", ""url"": """"}]",True,possessions,4Q/OT | margin -3..3 | 300..120,team
wnba,wnba_shot_pace,shot_pace,possessions,get-possessions,2023,Playoffs,team,"{'OffDef': 'Offense', 'FilterComparison': 'Exactly', 'FilterEvent': 'OnFloor', 'FilterValue': 5, 'StartType': 'All', 'Season': '2023', 'SeasonType': 'Playoffs', 'TeamId': '1611661313'}",shot_pace,1611661313,4Q/OT | margin -3..3 | 300..120,get-possessions__possessions__off_def-Offense__filter_comparison-Exactly__filter_event-OnFloor__filter_value-5__start_type-All__season-2023__season_type-Playoffs__team_id-1611661313__f001ca9b,get-possessions,https://api.pbpstats.com/get-possessions/wnba?OffDef=Offense&FilterComparison=Exactly&FilterEvent=OnFloor&FilterValue=5&StartType=All&Season=2023&SeasonType=Playoffs&TeamId=1611661313,200,173,07:43,"Plum S.FOUL (P1.T1)
Vandersloot Free Throw 1 of 2 (1 PTS)
MISS Vandersloot Free Throw 2 of 2
Wilson REBOUND (Off:5 Def:8)
",0,0,0,0,2023-10-11,1042300302,0,0,LVA,4,1,-26,07:56,Off Short Mid-Range Miss,0,"[{""description"": ""Plum S.FOUL (P1.T1)"", ""url"": """"}, {""description"": ""Vandersloot Free Throw 1 of 2 (1 PTS)"", ""url"": """"}, {""description"": ""MISS Vandersloot Free Throw 2 of 2"", ""url"": """"}, {""description"": ""Wilson REBOUND (Off:5 Def:8)"", ""url"": """"}]",True,possessions,4Q/OT | margin -3..3 | 300..120,team
wnba,wnba_shot_pace,shot_pace,possessions,get-possessions,2023,Playoffs,team,"{'OffDef': 'Offense', 'FilterComparison': 'Exactly', 'FilterEvent': 'OnFloor', 'FilterValue': 5, 'StartType': 'All', 'Season': '2023', 'SeasonType': 'Playoffs', 'TeamId': '1611661313'}",shot_pace,1611661313,4Q/OT | margin -3..3 | 300..120,get-possessions__possessions__off_def-Offense__filter_comparison-Exactly__filter_event-OnFloor__filter_value-5__start_type-All__season-2023__season_type-Playoffs__team_id-1611661313__f001ca9b,get-possessions,https://api.pbpstats.com/get-possessions/wnba?OffDef=Offense&FilterComparison=Exactly&FilterEvent=OnFloor&FilterValue=5&StartType=All&Season=2023&SeasonType=Playoffs&TeamId=1611661313,200,174,08:15,"MISS Johannès 24' 3PT Jump Shot
Stewart REBOUND (Off:2 Def:10)
MISS Jones 26' 3PT Jump Shot
Young REBOUND (Off:0 Def:7)
",0,0,2,0,2023-10-11,1042300302,0,1,LVA,4,0,-26,08:33,Off Arc 3 Miss,0,"[{""description"": ""MISS Johannès 24' 3PT Jump Shot"", ""url"": """"}, {""description"": ""Stewart REBOUND (Off:2 Def:10)"", ""url"": """"}, {""description"": ""MISS Jones 26' 3PT Jump Shot"", ""url"": """"}, {""description"": ""Young REBOUND (Off:0 Def:7)"", ""url"": """"}]",True,possessions,4Q/OT | margin -3..3 | 300..120,team
wnba,wnba_shot_pace,shot_pace,possessions,get-possessions,2023,Playoffs,team,"{'OffDef': 'Offense', 'FilterComparison': 'Exactly', 'FilterEvent': 'OnFloor', 'FilterValue': 5, 'StartType': 'All', 'Season': '2023', 'SeasonType': 'Playoffs', 'TeamId': '1611661313'}",shot_pace,1611661313,4Q/OT | margin -3..3 | 300..120,get-possessions__possessions__off_def-Offense__filter_comparison-Exactly__filter_event-OnFloor__filter_value-5__start_type-All__season-2023__season_type-Playoffs__team_id-1611661313__f001ca9b,get-possessions,https://api.pbpstats.com/get-possessions/wnba?OffDef=Offense&FilterComparison=Exactly&FilterEvent=OnFloor&FilterValue=5&StartType=All&Season=2023&SeasonType=Playoffs&TeamId=1611661313,200,175,08:46,"Wilson BLOCK (1 BLK): MISS Thornton 3' Layup
Gray REBOUND (Off:0 Def:6)
",1,0,0,0,2023-10-11,1042300302,0,0,LVA,4,0,-26,08:56,Off Arc 3 Miss,0,"[{""description"": ""Wilson BLOCK (1 BLK): MISS Thornton 3' Layup"", ""url"": """"}, {""description"": ""Gray REBOUND (Off:0 Def:6)"", ""url"": """"}]",True,possessions,4Q/OT | margin -3..3 | 300..120,team
wnba,wnba_shot_pace,shot_pace,possessions,get-possessions,2023,Playoffs,team,"{'OffDef': 'Offense', 'FilterComparison': 'Exactly', 'FilterEvent': 'OnFloor', 'FilterValue': 5, 'StartType': 'All', 'Season': '2023', 'SeasonType': 'Playoffs', 'TeamId': '1611661313'}",shot_pace,1611661313,4Q/OT | margin -3..3 | 300..120,get-possessions__possessions__off_def-Offense__filter_comparison-Exactly__filter_event-OnFloor__filter_value-5__start_type-All__season-2023__season_type-Playoffs__team_id-1611661313__f001ca9b,get-possessions,https://api.pbpstats.com/get-possessions/wnba?OffDef=Offense&FilterComparison=Exactly&FilterEvent=OnFloor&FilterValue=5&StartType=All&Season=2023&SeasonType=Playoffs&TeamId=1611661313,200,176,09:10,"MISS Vandersloot 13' Pullup Jump Shot
Wilson REBOUND (Off:5 Def:7)
",1,0,0,0,2023-10-11,1042300302,0,0,LVA,4,0,-26,09:37,Off Arc 3 Make,0,"[{""description"": ""MISS Vandersloot 13' Pullup Jump Shot"", ""url"": """"}, {""description"": ""Wilson REBOUND (Off:5 Def:7)"", ""url"": """"}]",True,possessions,4Q/OT | margin -3..3 | 300..120,team
wnba,wnba_shot_pace,shot_pace,possessions,get-possessions,2023,Playoffs,team,"{'OffDef': 'Offense', 'FilterComparison': 'Exactly', 'FilterEvent': 'OnFloor', 'FilterValue': 5, 'StartType': 'All', 'Season': '2023', 'SeasonType': 'Playoffs', 'TeamId': '1611661313'}",shot_pace,1611661313,4Q/OT | margin -3..3 | 300..120,get-possessions__possessions__off_def-Offense__filter_comparison-Exactly__filter_event-OnFloor__filter_value-5__start_type-All__season-2023__season_type-Playoffs__team_id-1611661313__f001ca9b,get-possessions,https://api.pbpstats.com/get-possessions/wnba?OffDef=Offense&FilterComparison=Exactly&FilterEvent=OnFloor&FilterValue=5&StartType=All&Season=2023&SeasonType=Playoffs&TeamId=1611661313,200,177,00:00,"MISS Stewart 46' 3PT Jump Shot
Liberty Rebound
",0,0,1,0,2023-10-11,1042300302,0,0,LVA,3,0,-23,00:04,Off Arc 3 Miss,0,"[{""description"": ""MISS Stewart 46' 3PT Jump Shot"", ""url"": """"}, {""description"": ""Liberty Rebound"", ""url"": """"}]",True,possessions,4Q/OT | margin -3..3 | 300..120,team
wnba,wnba_shot_pace,shot_pace,possessions,get-possessions,2023,Playoffs,team,"{'OffDef': 'Offense', 'FilterComparison': 'Exactly', 'FilterEvent': 'OnFloor', 'FilterValue': 5, 'StartType': 'All', 'Season': '2023', 'SeasonType': 'Playoffs', 'TeamId': '1611661313'}",shot_pace,1611661313,4Q/OT | margin -3..3 | 300..120,get-possessions__possessions__off_def-Offense__filter_comparison-Exactly__filter_event-OnFloor__filter_value-5__start_type-All__season-2023__season_type-Playoffs__team_id-1611661313__f001ca9b,get-possessions,https://api.pbpstats.com/get-possessions/wnba?OffDef=Offense&FilterComparison=Exactly&FilterEvent=OnFloor&FilterValue=5&StartType=All&Season=2023&SeasonType=Playoffs&TeamId=1611661313,200,178,00:18,"Clark P.FOUL (P4.T3)
MISS Stewart 15' Pullup Jump Shot
Stokes REBOUND (Off:1 Def:6)
",1,0,0,0,2023-10-11,1042300302,0,0,LVA,3,0,-23,00:36,Off Short Mid-Range Make,0,"[{""description"": ""Clark P.FOUL (P4.T3)"", ""url"": """"}, {""description"": ""MISS Stewart 15' Pullup Jump Shot"", ""url"": """"}, {""description"": ""Stokes REBOUND (Off:1 Def:6)"", ""url"": """"}]",True,possessions,4Q/OT | margin -3..3 | 300..120,team
wnba,wnba_shot_pace,shot_pace,possessions,get-possessions,2023,Playoffs,team,"{'OffDef': 'Offense', 'FilterComparison': 'Exactly', 'FilterEvent': 'OnFloor', 'FilterValue': 5, 'StartType': 'All', 'Season': '2023', 'SeasonType': 'Playoffs', 'TeamId': '1611661313'}",shot_pace,1611661313,4Q/OT | margin -3..3 | 300..120,get-possessions__possessions__off_def-Offense__filter_comparison-Exactly__filter_event-OnFloor__filter_value-5__start_type-All__season-2023__season_type-Playoffs__team_id-1611661313__f001ca9b,get-possessions,https://api.pbpstats.com/get-possessions/wnba?OffDef=Offense&FilterComparison=Exactly&FilterEvent=OnFloor&FilterValue=5&StartType=All&Season=2023&SeasonType=Playoffs&TeamId=1611661313,200,179,00:49,"Thornton 3' Cutting Layup Shot (2 PTS) (Dolson 1 AST)
",1,1,0,0,2023-10-11,1042300302,0,0,LVA,3,0,-23,01:03,Off FT Make,0,"[{""description"": ""Thornton 3' Cutting Layup Shot (2 PTS) (Dolson 1 AST)"", ""url"": """"}]",True,possessions,4Q/OT | margin -3..3 | 300..120,team
wnba,wnba_shot_pace,shot_pace,possessions,get-possessions,2023,Playoffs,team,"{'OffDef': 'Offense', 'FilterComparison': 'Exactly', 'FilterEvent': 'OnFloor', 'FilterValue': 5, 'StartType': 'All', 'Season': '2023', 'SeasonType': 'Playoffs', 'TeamId': '1611661313'}",shot_pace,1611661313,4Q/OT | margin -3..3 | 300..120,get-possessions__possessions__off_def-Offense__filter_comparison-Exactly__filter_event-OnFloor__filter_value-5__start_type-All__season-2023__season_type-Playoffs__team_id-1611661313__f001ca9b,get-possessions,https://api.pbpstats.com/get-possessions/wnba?OffDef=Offense&FilterComparison=Exactly&FilterEvent=OnFloor&FilterValue=5&StartType=All&Season=2023&SeasonType=Playoffs&TeamId=1611661313,200,180,01:16,"Ionescu 3PT Jump Shot (10 PTS) (Johannès 3 AST)
",0,0,1,1,2023-10-11,1042300302,0,0,LVA,3,0,-24,01:41,Off Arc 3 Make,0,"[{""description"": ""Ionescu 3PT Jump Shot (10 PTS) (Johannès 3 AST)"", ""url"": """"}]",True,possessions,4Q/OT | margin -3..3 | 300..120,team
wnba,wnba_shot_pace,shot_pace,possessions,get-possessions,2023,Playoffs,team,"{'OffDef': 'Offense', 'FilterComparison': 'Exactly', 'FilterEvent': 'OnFloor', 'FilterValue': 5, 'StartType': 'All', 'Season': '2023', 'SeasonType': 'Playoffs', 'TeamId': '1611661313'}",shot_pace,1611661313,4Q/OT | margin -3..3 | 300..120,get-possessions__possessions__off_def-Offense__filter_comparison-Exactly__filter_event-OnFloor__filter_value-5__start_type-All__season-2023__season_type-Playoffs__team_id-1611661313__f001ca9b,get-possessions,https://api.pbpstats.com/get-possessions/wnba?OffDef=Offense&FilterComparison=Exactly&FilterEvent=OnFloor&FilterValue=5&StartType=All&Season=2023&SeasonType=Playoffs&TeamId=1611661313,200,181,02:03,"MISS Laney 26' 3PT Pullup Jump Shot
Young REBOUND (Off:0 Def:6)
",0,0,1,0,2023-10-11,1042300302,0,0,LVA,3,0,-21,02:25,Off Arc 3 Miss,0,"[{""description"": ""MISS Laney 26' 3PT Pullup Jump Shot"", ""url"": """"}, {""description"": ""Young REBOUND (Off:0 Def:6)"", ""url"": """"}]",True,possessions,4Q/OT | margin -3..3 | 300..120,team
wnba,wnba_shot_pace,shot_pace,possessions,get-possessions,2023,Playoffs,team,"{'OffDef': 'Offense', 'FilterComparison': 'Exactly', 'FilterEvent': 'OnFloor', 'FilterValue': 5, 'StartType': 'All', 'Season': '2023', 'SeasonType': 'Playoffs', 'TeamId': '1611661313'}",shot_pace,1611661313,4Q/OT | margin -3..3 | 300..120,get-possessions__possessions__off_def-Offense__filter_comparison-Exactly__filter_event-OnFloor__filter_value-5__start_type-All__season-2023__season_type-Playoffs__team_id-1611661313__f001ca9b,get-possessions,https://api.pbpstats.com/get-possessions/wnba?OffDef=Offense&FilterComparison=Exactly&FilterEvent=OnFloor&FilterValue=5&StartType=All&Season=2023&SeasonType=Playoffs&TeamId=1611661313,200,182,03:03,"MISS Laney 11' Turnaround Jump Shot
Wilson REBOUND (Off:5 Def:6)
",1,0,0,0,2023-10-11,1042300302,0,0,LVA,3,0,-21,03:32,Off At Rim Make,0,"[{""description"": ""MISS Laney 11' Turnaround Jump Shot"", ""url"": """"}, {""description"": ""Wilson REBOUND (Off:5 Def:6)"", ""url"": """"}]",True,possessions,4Q/OT | margin -3..3 | 300..120,team
wnba,wnba_shot_pace,shot_pace,possessions,get-possessions,2023,Playoffs,team,"{'OffDef': 'Offense', 'FilterComparison': 'Exactly', 'FilterEvent': 'OnFloor', 'FilterValue': 5, 'StartType': 'All', 'Season': '2023', 'SeasonType': 'Playoffs', 'TeamId': '1611661313'}",shot_pace,1611661313,4Q/OT | margin -3..3 | 300..120,get-possessions__possessions__off_def-Offense__filter_comparison-Exactly__filter_event-OnFloor__filter_value-5__start_type-All__season-2023__season_type-Playoffs__team_id-1611661313__f001ca9b,get-possessions,https://api.pbpstats.com/get-possessions/wnba?OffDef=Offense&FilterComparison=Exactly&FilterEvent=OnFloor&FilterValue=5&StartType=All&Season=2023&SeasonType=Playoffs&TeamId=1611661313,200,183,03:50,"Jones 3' Reverse Layup (22 PTS) (Ionescu 2 AST)
",1,1,0,0,2023-10-11,1042300302,0,0,LVA,3,0,-21,04:10,Off Short Mid-Range Make,0,"[{""description"": ""Jones 3' Reverse Layup (22 PTS) (Ionescu 2 AST)"", ""url"": """"}]",True,possessions,4Q/OT | margin -3..3 | 300..120,team
wnba,wnba_shot_pace,shot_pace,possessions,get-possessions,2023,Playoffs,team,"{'OffDef': 'Offense', 'FilterComparison': 'Exactly', 'FilterEvent': 'OnFloor', 'FilterValue': 5, 'StartType': 'All', 'Season': '2023', 'SeasonType': 'Playoffs', 'TeamId': '1611661313'}",shot_pace,1611661313,4Q/OT | margin -3..3 | 300..120,get-possessions__possessions__off_def-Offense__filter_comparison-Exactly__filter_event-OnFloor__filter_value-5__start_type-All__season-2023__season_type-Playoffs__team_id-1611661313__f001ca9b,get-possessions,https://api.pbpstats.com/get-possessions/wnba?OffDef=Offense&FilterComparison=Exactly&FilterEvent=OnFloor&FilterValue=5&StartType=All&Season=2023&SeasonType=Playoffs&TeamId=1611661313,200,184,04:27,"Laney 24' 3PT Jump Shot (10 PTS) (Johannès 2 AST)
",0,0,1,1,2023-10-11,1042300302,0,0,LVA,3,0,-22,04:40,Off FT Make,0,"[{""description"": ""Laney 24' 3PT Jump Shot (10 PTS) (Johannès 2 AST)"", ""url"": """"}]",True,possessions,4Q/OT | margin -3..3 | 300..120,team
wnba,wnba_shot_pace,shot_pace,possessions,get-possessions,2023,Playoffs,team,"{'OffDef': 'Offense', 'FilterComparison': 'Exactly', 'FilterEvent': 'OnFloor', 'FilterValue': 5, 'StartType': 'All', 'Season': '2023', 'SeasonType': 'Playoffs', 'TeamId': '1611661313'}",shot_pace,1611661313,4Q/OT | margin -3..3 | 300..120,get-possessions__possessions__off_def-Offense__filter_comparison-Exactly__filter_event-OnFloor__filter_value-5__start_type-All__season-2023__season_type-Playoffs__team_id-1611661313__f001ca9b,get-possessions,https://api.pbpstats.com/get-possessions/wnba?OffDef=Offense&FilterComparison=Exactly&FilterEvent=OnFloor&FilterValue=5&StartType=All&Season=2023&SeasonType=Playoffs&TeamId=1611661313,200,185,04:42,"Gray STEAL (1 STL): Johannès Bad Pass Turnover (P1.T8)
",0,0,0,0,2023-10-11,1042300302,0,0,LVA,3,0,-19,04:50,Off At Rim Miss,1,"[{""description"": ""Gray STEAL (1 STL): Johannès Bad Pass Turnover (P1.T8)"", ""url"": """"}]",True,possessions,4Q/OT | margin -3..3 | 300..120,team
wnba,wnba_shot_pace,shot_pace,possessions,get-possessions,2023,Playoffs,team,"{'OffDef': 'Offense', 'FilterComparison': 'Exactly', 'FilterEvent': 'OnFloor', 'FilterValue': 5, 'StartType': 'All', 'Season': '2023', 'SeasonType': 'Playoffs', 'TeamId': '1611661313'}",shot_pace,1611661313,4Q/OT | margin -3..3 | 300..120,get-possessions__possessions__off_def-Offense__filter_comparison-Exactly__filter_event-OnFloor__filter_value-5__start_type-All__season-2023__season_type-Playoffs__team_id-1611661313__f001ca9b,get-possessions,https://api.pbpstats.com/get-possessions/wnba?OffDef=Offense&FilterComparison=Exactly&FilterEvent=OnFloor&FilterValue=5&StartType=All&Season=2023&SeasonType=Playoffs&TeamId=1611661313,200,186,05:00,"Stewart Offensive Charge Foul (P1)
Stewart Offensive Foul Turnover (P2.T7)
",0,0,0,0,2023-10-11,1042300302,0,0,LVA,3,0,-19,05:04,Off Arc 3 Miss,1,"[{""description"": ""Stewart Offensive Charge Foul (P1)"", ""url"": """"}, {""description"": ""Stewart Offensive Foul Turnover (P2.T7)"", ""url"": """"}]",True,possessions,4Q/OT | margin -3..3 | 300..120,team
wnba,wnba_shot_pace,shot_pace,possessions,get-possessions,2023,Playoffs,team,"{'OffDef': 'Offense', 'FilterComparison': 'Exactly', 'FilterEvent': 'OnFloor', 'FilterValue': 5, 'StartType': 'All', 'Season': '2023', 'SeasonType': 'Playoffs', 'TeamId': '1611661313'}",shot_pace,1611661313,4Q/OT | margin -3..3 | 300..120,get-possessions__possessions__off_def-Offense__filter_comparison-Exactly__filter_event-OnFloor__filter_value-5__start_type-All__season-2023__season_type-Playoffs__team_id-1611661313__f001ca9b,get-possessions,https://api.pbpstats.com/get-possessions/wnba?OffDef=Offense&FilterComparison=Exactly&FilterEvent=OnFloor&FilterValue=5&StartType=All&Season=2023&SeasonType=Playoffs&TeamId=1611661313,200,187,05:17,"MISS Stewart 24' 3PT Running Jump Shot
Wilson REBOUND (Off:5 Def:5)
",0,0,1,0,2023-10-11,1042300302,0,0,LVA,3,0,-19,05:24,Off Block,0,"[{""description"": ""MISS Stewart 24' 3PT Running Jump Shot"", ""url"": """"}, {""description"": ""Wilson REBOUND (Off:5 Def:5)"", ""url"": """"}]",True,possessions,4Q/OT | margin -3..3 | 300..120,team
wnba,wnba_shot_pace,shot_pace,possessions,get-possessions,2023,Playoffs,team,"{'OffDef': 'Offense', 'FilterComparison': 'Exactly', 'FilterEvent': 'OnFloor', 'FilterValue': 5, 'StartType': 'All', 'Season': '2023', 'SeasonType': 'Playoffs', 'TeamId': '1611661313'}",shot_pace,1611661313,4Q/OT | margin -3..3 | 300..120,get-possessions__possessions__off_def-Offense__filter_comparison-Exactly__filter_event-OnFloor__filter_value-5__start_type-All__season-2023__season_type-Playoffs__team_id-1611661313__f001ca9b,get-possessions,https://api.pbpstats.com/get-possessions/wnba?OffDef=Offense&FilterComparison=Exactly&FilterEvent=OnFloor&FilterValue=5&StartType=All&Season=2023&SeasonType=Playoffs&TeamId=1611661313,200,188,05:34,"MISS Laney 25' 3PT Jump Shot
Young REBOUND (Off:0 Def:5)
",0,0,1,0,2023-10-11,1042300302,0,0,LVA,3,0,-19,05:55,Off Short Mid-Range Make,0,"[{""description"": ""MISS Laney 25' 3PT Jump Shot"", ""url"": """"}, {""description"": ""Young REBOUND (Off:0 Def:5)"", ""url"": """"}]",True,possessions,4Q/OT | margin -3..3 | 300..120,team
wnba,wnba_shot_pace,shot_pace,possessions,get-possessions,2023,Playoffs,team,"{'OffDef': 'Offense', 'FilterComparison': 'Exactly', 'FilterEvent': 'OnFloor', 'FilterValue': 5, 'StartType': 'All', 'Season': '2023', 'SeasonType': 'Playoffs', 'TeamId': '1611661313'}",shot_pace,1611661313,4Q/OT | margin -3..3 | 300..120,get-possessions__possessions__off_def-Offense__filter_comparison-Exactly__filter_event-OnFloor__filter_value-5__start_type-All__season-2023__season_type-Playoffs__team_id-1611661313__f001ca9b,get-possessions,https://api.pbpstats.com/get-possessions/wnba?OffDef=Offense&FilterComparison=Exactly&FilterEvent=OnFloor&FilterValue=5&StartType=All&Season=2023&SeasonType=Playoffs&TeamId=1611661313,200,189,06:11,"Wilson STEAL (1 STL): Vandersloot Bad Pass Turnover (P2.T6)
",0,0,0,0,2023-10-11,1042300302,0,0,LVA,3,0,-17,06:22,Off Timeout,1,"[{""description"": ""Wilson STEAL (1 STL): Vandersloot Bad Pass Turnover (P2.T6)"", ""url"": """"}]",True,possessions,4Q/OT | margin -3..3 | 300..120,team
wnba,wnba_shot_pace,shot_pace,possessions,get-possessions,2023,Playoffs,team,"{'OffDef': 'Offense', 'FilterComparison': 'Exactly', 'FilterEvent': 'OnFloor', 'FilterValue': 5, 'StartType': 'All', 'Season': '2023', 'SeasonType': 'Playoffs', 'TeamId': '1611661313'}",shot_pace,1611661313,4Q/OT | margin -3..3 | 300..120,get-possessions__possessions__off_def-Offense__filter_comparison-Exactly__filter_event-OnFloor__filter_value-5__start_type-All__season-2023__season_type-Playoffs__team_id-1611661313__f001ca9b,get-possessions,https://api.pbpstats.com/get-possessions/wnba?OffDef=Offense&FilterComparison=Exactly&FilterEvent=OnFloor&FilterValue=5&StartType=All&Season=2023&SeasonType=Playoffs&TeamId=1611661313,200,190,06:44,"MISS Laney 3PT Running Jump Shot
Stokes REBOUND (Off:0 Def:5)
",0,0,1,0,2023-10-11,1042300302,0,0,LVA,3,0,-15,06:52,Off Short Mid-Range Miss,0,"[{""description"": ""MISS Laney 3PT Running Jump Shot"", ""url"": """"}, {""description"": ""Stokes REBOUND (Off:0 Def:5)"", ""url"": """"}]",True,possessions,4Q/OT | margin -3..3 | 300..120,team
wnba,wnba_shot_pace,shot_pace,possessions,get-possessions,2023,Playoffs,team,"{'OffDef': 'Offense', 'FilterComparison': 'Exactly', 'FilterEvent': 'OnFloor', 'FilterValue': 5, 'StartType': 'All', 'Season': '2023', 'SeasonType': 'Playoffs', 'TeamId': '1611661313'}",shot_pace,1611661313,4Q/OT | margin -3..3 | 300..120,get-possessions__possessions__off_def-Offense__filter_comparison-Exactly__filter_event-OnFloor__filter_value-5__start_type-All__season-2023__season_type-Playoffs__team_id-1611661313__f001ca9b,get-possessions,https://api.pbpstats.com/get-possessions/wnba?OffDef=Offense&FilterComparison=Exactly&FilterEvent=OnFloor&FilterValue=5&StartType=All&Season=2023&SeasonType=Playoffs&TeamId=1611661313,200,191,07:07,"Stewart 11' Turnaround Jump Shot (10 PTS) (Laney 4 AST)
",1,1,0,0,2023-10-11,1042300302,0,0,LVA,3,0,-17,07:20,Off At Rim Make,0,"[{""description"": ""Stewart 11' Turnaround Jump Shot (10 PTS) (Laney 4 AST)"", ""url"": """"}]",True,possessions,4Q/OT | margin -3..3 | 300..120,team
wnba,wnba_shot_pace,shot_pace,possessions,get-possessions,2023,Playoffs,team,"{'OffDef': 'Offense', 'FilterComparison': 'Exactly', 'FilterEvent': 'OnFloor', 'FilterValue': 5, 'StartType': 'All', 'Season': '2023', 'SeasonType': 'Playoffs', 'TeamId': '1611661313'}",shot_pace,1611661313,4Q/OT | margin -3..3 | 300..120,get-possessions__possessions__off_def-Offense__filter_comparison-Exactly__filter_event-OnFloor__filter_value-5__start_type-All__season-2023__season_type-Playoffs__team_id-1611661313__f001ca9b,get-possessions,https://api.pbpstats.com/get-possessions/wnba?OffDef=Offense&FilterComparison=Exactly&FilterEvent=OnFloor&FilterValue=5&StartType=All&Season=2023&SeasonType=Playoffs&TeamId=1611661313,200,192,07:32,"Wilson S.FOUL (P1.T2)
Jones Free Throw 1 of 2 (20 PTS)
MISS Jones Free Throw 2 of 2
Gray REBOUND (Off:0 Def:5)
",0,0,0,0,2023-10-11,1042300302,0,0,LVA,3,1,-16,07:56,Off FT Make,0,"[{""description"": ""Wilson S.FOUL (P1.T2)"", ""url"": """"}, {""description"": ""Jones Free Throw 1 of 2 (20 PTS)"", ""url"": """"}, {""description"": ""MISS Jones Free Throw 2 of 2"", ""url"": """"}, {""description"": ""Gray REBOUND (Off:0 Def:5)"", ""url"": """"}]",True,possessions,4Q/OT | margin -3..3 | 300..120,team
wnba,wnba_shot_pace,shot_pace,possessions,get-possessions,2023,Playoffs,team,"{'OffDef': 'Offense', 'FilterComparison': 'Exactly', 'FilterEvent': 'OnFloor', 'FilterValue': 5, 'StartType': 'All', 'Season': '2023', 'SeasonType': 'Playoffs', 'TeamId': '1611661313'}",shot_pace,1611661313,4Q/OT | margin -3..3 | 300..120,get-possessions__possessions__off_def-Offense__filter_comparison-Exactly__filter_event-OnFloor__filter_value-5__start_type-All__season-2023__season_type-Playoffs__team_id-1611661313__f001ca9b,get-possessions,https://api.pbpstats.com/get-possessions/wnba?OffDef=Offense&FilterComparison=Exactly&FilterEvent=OnFloor&FilterValue=5&StartType=All&Season=2023&SeasonType=Playoffs&TeamId=1611661313,200,193,08:00,"Plum STEAL (3 STL): Laney Lost Ball Turnover (P3.T5)
",0,0,0,0,2023-10-11,1042300302,0,0,LVA,3,0,-13,08:17,Off FT Make,1,"[{""description"": ""Plum STEAL (3 STL): Laney Lost Ball Turnover (P3.T5)"", ""url"": """"}]",True,possessions,4Q/OT | margin -3..3 | 300..120,team
wnba,wnba_shot_pace,shot_pace,possessions,get-possessions,2023,Playoffs,team,"{'OffDef': 'Offense', 'FilterComparison': 'Exactly', 'FilterEvent': 'OnFloor', 'FilterValue': 5, 'StartType': 'All', 'Season': '2023', 'SeasonType': 'Playoffs', 'TeamId': '1611661313'}",shot_pace,1611661313,4Q/OT | margin -3..3 | 300..120,get-possessions__possessions__off_def-Offense__filter_comparison-Exactly__filter_event-OnFloor__filter_value-5__start_type-All__season-2023__season_type-Playoffs__team_id-1611661313__f001ca9b,get-possessions,https://api.pbpstats.com/get-possessions/wnba?OffDef=Offense&FilterComparison=Exactly&FilterEvent=OnFloor&FilterValue=5&StartType=All&Season=2023&SeasonType=Playoffs&TeamId=1611661313,200,194,08:22,"Stokes P.FOUL (P3.T1)
MISS Vandersloot 15' Pullup Jump Shot
Stokes REBOUND (Off:0 Def:4)
",1,0,0,0,2023-10-11,1042300302,0,0,LVA,3,0,-10,08:47,Off Steal,0,"[{""description"": ""Stokes P.FOUL (P3.T1)"", ""url"": """"}, {""description"": ""MISS Vandersloot 15' Pullup Jump Shot"", ""url"": """"}, {""description"": ""Stokes REBOUND (Off:0 Def:4)"", ""url"": """"}]",True,possessions,4Q/OT | margin -3..3 | 300..120,team
wnba,wnba_shot_pace,shot_pace,possessions,get-possessions,2023,Playoffs,team,"{'OffDef': 'Offense', 'FilterComparison': 'Exactly', 'FilterEvent': 'OnFloor', 'FilterValue': 5, 'StartType': 'All', 'Season': '2023', 'SeasonType': 'Playoffs', 'TeamId': '1611661313'}",shot_pace,1611661313,4Q/OT | margin -3..3 | 300..120,get-possessions__possessions__off_def-Offense__filter_comparison-Exactly__filter_event-OnFloor__filter_value-5__start_type-All__season-2023__season_type-Playoffs__team_id-1611661313__f001ca9b,get-possessions,https://api.pbpstats.com/get-possessions/wnba?OffDef=Offense&FilterComparison=Exactly&FilterEvent=OnFloor&FilterValue=5&StartType=All&Season=2023&SeasonType=Playoffs&TeamId=1611661313,200,195,08:55,"MISS Ionescu 25' 3PT Jump Shot
Vandersloot REBOUND (Off:2 Def:0)
MISS Stewart 12' Jump Shot
Gray REBOUND (Off:0 Def:4)
",1,0,1,0,2023-10-11,1042300302,0,1,LVA,3,0,-10,09:14,Off Long Mid-Range Make,0,"[{""description"": ""MISS Ionescu 25' 3PT Jump Shot"", ""url"": """"}, {""description"": ""Vandersloot REBOUND (Off:2 Def:0)"", ""url"": """"}, {""description"": ""MISS Stewart 12' Jump Shot"", ""url"": """"}, {""description"": ""Gray REBOUND (Off:0 Def:4)"", ""url"": """"}]",True,possessions,4Q/OT | margin -3..3 | 300..120,team
wnba,wnba_shot_pace,shot_pace,possessions,get-possessions,2023,Playoffs,team,"{'OffDef': 'Offense', 'FilterComparison': 'Exactly', 'FilterEvent': 'OnFloor', 'FilterValue': 5, 'StartType': 'All', 'Season': '2023', 'SeasonType': 'Playoffs', 'TeamId': '1611661313'}",shot_pace,1611661313,4Q/OT | margin -3..3 | 300..120,get-possessions__possessions__off_def-Offense__filter_comparison-Exactly__filter_event-OnFloor__filter_value-5__start_type-All__season-2023__season_type-Playoffs__team_id-1611661313__f001ca9b,get-possessions,https://api.pbpstats.com/get-possessions/wnba?OffDef=Offense&FilterComparison=Exactly&FilterEvent=OnFloor&FilterValue=5&StartType=All&Season=2023&SeasonType=Playoffs&TeamId=1611661313,200,196,09:33,"MISS Stewart 7' Driving Floating Bank Jump Shot
Stokes REBOUND (Off:0 Def:3)
",1,0,0,0,2023-10-11,1042300302,0,0,LVA,3,0,-8,10:00,Off Dead Ball,0,"[{""description"": ""MISS Stewart 7' Driving Floating Bank Jump Shot"", ""url"": """"}, {""description"": ""Stokes REBOUND (Off:0 Def:3)"", ""url"": """"}]",True,possessions,4Q/OT | margin -3..3 | 300..120,team
wnba,wnba_shot_pace,shot_pace,possessions,get-possessions,2023,Playoffs,team,"{'OffDef': 'Offense', 'FilterComparison': 'Exactly', 'FilterEvent': 'OnFloor', 'FilterValue': 5, 'StartType': 'All', 'Season': '2023', 'SeasonType': 'Playoffs', 'TeamId': '1611661313'}",shot_pace,1611661313,4Q/OT | margin -3..3 | 300..120,get-possessions__possessions__off_def-Offense__filter_comparison-Exactly__filter_event-OnFloor__filter_value-5__start_type-All__season-2023__season_type-Playoffs__team_id-1611661313__f001ca9b,get-possessions,https://api.pbpstats.com/get-possessions/wnba?OffDef=Offense&FilterComparison=Exactly&FilterEvent=OnFloor&FilterValue=5&StartType=All&Season=2023&SeasonType=Playoffs&TeamId=1611661313,200,197,00:01,"Plum STEAL (2 STL): Stewart Bad Pass Turnover (P1.T4)
",0,0,0,0,2023-10-11,1042300302,0,0,LVA,2,0,-8,00:03,Off At Rim Make,1,"[{""description"": ""Plum STEAL (2 STL): Stewart Bad Pass Turnover (P1.T4)"", ""url"": """"}]",True,possessions,4Q/OT | margin -3..3 | 300..120,team
wnba,wnba_shot_pace,shot_pace,possessions,get-possessions,2023,Playoffs,team,"{'OffDef': 'Offense', 'FilterComparison': 'Exactly', 'FilterEvent': 'OnFloor', 'FilterValue': 5, 'StartType': 'All', 'Season': '2023', 'SeasonType': 'Playoffs', 'TeamId': '1611661313'}",shot_pace,1611661313,4Q/OT | margin -3..3 | 300..120,get-possessions__possessions__off_def-Offense__filter_comparison-Exactly__filter_event-OnFloor__filter_value-5__start_type-All__season-2023__season_type-Playoffs__team_id-1611661313__f001ca9b,get-possessions,https://api.pbpstats.com/get-possessions/wnba?OffDef=Offense&FilterComparison=Exactly&FilterEvent=OnFloor&FilterValue=5&StartType=All&Season=2023&SeasonType=Playoffs&TeamId=1611661313,200,198,00:25,"Stokes P.FOUL (P2.PN)
Jones Free Throw 1 of 2 (19 PTS)
MISS Jones Free Throw 2 of 2
Wilson REBOUND (Off:4 Def:4)
",0,0,0,0,2023-10-11,1042300302,1,0,LVA,2,0,-7,00:36,Off Dead Ball,0,"[{""description"": ""Stokes P.FOUL (P2.PN)"", ""url"": """"}, {""description"": ""Jones Free Throw 1 of 2 (19 PTS)"", ""url"": """"}, {""description"": ""MISS Jones Free Throw 2 of 2"", ""url"": """"}, {""description"": ""Wilson REBOUND (Off:4 Def:4)"", ""url"": """"}]",True,possessions,4Q/OT | margin -3..3 | 300..120,team
wnba,wnba_shot_pace,shot_pace,possessions,get-possessions,2023,Playoffs,team,"{'OffDef': 'Offense', 'FilterComparison': 'Exactly', 'FilterEvent': 'OnFloor', 'FilterValue': 5, 'StartType': 'All', 'Season': '2023', 'SeasonType': 'Playoffs', 'TeamId': '1611661313'}",shot_pace,1611661313,4Q/OT | margin -3..3 | 300..120,get-possessions__possessions__off_def-Offense__filter_comparison-Exactly__filter_event-OnFloor__filter_value-5__start_type-All__season-2023__season_type-Playoffs__team_id-1611661313__f001ca9b,get-possessions,https://api.pbpstats.com/get-possessions/wnba?OffDef=Offense&FilterComparison=Exactly&FilterEvent=OnFloor&FilterValue=5&StartType=All&Season=2023&SeasonType=Playoffs&TeamId=1611661313,200,199,00:59,"Gray S.FOUL (P1.PN)
Jones Free Throw 1 of 2 (17 PTS)
Jones Free Throw 2 of 2 (18 PTS)
",0,0,0,0,2023-10-11,1042300302,0,0,LVA,2,1,-9,01:08,Off Arc 3 Miss,0,"[{""description"": ""Gray S.FOUL (P1.PN)"", ""url"": """"}, {""description"": ""Jones Free Throw 1 of 2 (17 PTS)"", ""url"": """"}, {""description"": ""Jones Free Throw 2 of 2 (18 PTS)"", ""url"": """"}]",True,possessions,4Q/OT | margin -3..3 | 300..120,team
wnba,wnba_shot_pace,shot_pace,possessions,get-possessions,2023,Playoffs,team,"{'OffDef': 'Offense', 'FilterComparison': 'Exactly', 'FilterEvent': 'OnFloor', 'FilterValue': 5, 'StartType': 'All', 'Season': '2023', 'SeasonType': 'Playoffs', 'TeamId': '1611661313'}",shot_pace,1611661313,4Q/OT | margin -3..3 | 300..120,get-possessions__possessions__off_def-Offense__filter_comparison-Exactly__filter_event-OnFloor__filter_value-5__start_type-All__season-2023__season_type-Playoffs__team_id-1611661313__f001ca9b,get-possessions,https://api.pbpstats.com/get-possessions/wnba?OffDef=Offense&FilterComparison=Exactly&FilterEvent=OnFloor&FilterValue=5&StartType=All&Season=2023&SeasonType=Playoffs&TeamId=1611661313,200,200,01:30,"Young P.FOUL (P3.T4)
MISS Ionescu 26' 3PT Pullup Jump Shot
ACES Rebound
",0,0,1,0,2023-10-11,1042300302,0,0,LVA,2,0,-9,01:49,Off Dead Ball,0,"[{""description"": ""Young P.FOUL (P3.T4)"", ""url"": """"}, {""description"": ""MISS Ionescu 26' 3PT Pullup Jump Shot"", ""url"": """"}, {""description"": ""ACES Rebound"", ""url"": """"}]",True,possessions,4Q/OT | margin -3..3 | 300..120,team
wnba,wnba_shot_pace,shot_pace,possessions,get-possessions,2023,Playoffs,team,"{'OffDef': 'Offense', 'FilterComparison': 'Exactly', 'FilterEvent': 'OnFloor', 'FilterValue': 5, 'StartType': 'All', 'Season': '2023', 'SeasonType': 'Playoffs', 'TeamId': '1611661313'}",shot_pace,1611661313,4Q/OT | margin -3..3 | 300..120,get-possessions__possessions__off_def-Offense__filter_comparison-Exactly__filter_event-OnFloor__filter_value-5__start_type-All__season-2023__season_type-Playoffs__team_id-1611661313__f001ca9b,get-possessions,https://api.pbpstats.com/get-possessions/wnba?OffDef=Offense&FilterComparison=Exactly&FilterEvent=OnFloor&FilterValue=5&StartType=All&Season=2023&SeasonType=Playoffs&TeamId=1611661313,200,201,02:17,"Ionescu 3PT Jump Shot (7 PTS) (Laney 3 AST)
",0,0,1,1,2023-10-11,1042300302,0,0,LVA,2,0,-12,02:24,Off At Rim Miss,0,"[{""description"": ""Ionescu 3PT Jump Shot (7 PTS) (Laney 3 AST)"", ""url"": """"}]",True,possessions,4Q/OT | margin -3..3 | 300..120,team
wnba,wnba_shot_pace,shot_pace,possessions,get-possessions,2023,Playoffs,team,"{'OffDef': 'Offense', 'FilterComparison': 'Exactly', 'FilterEvent': 'OnFloor', 'FilterValue': 5, 'StartType': 'All', 'Season': '2023', 'SeasonType': 'Playoffs', 'TeamId': '1611661313'}",shot_pace,1611661313,4Q/OT | margin -3..3 | 300..120,get-possessions__possessions__off_def-Offense__filter_comparison-Exactly__filter_event-OnFloor__filter_value-5__start_type-All__season-2023__season_type-Playoffs__team_id-1611661313__f001ca9b,get-possessions,https://api.pbpstats.com/get-possessions/wnba?OffDef=Offense&FilterComparison=Exactly&FilterEvent=OnFloor&FilterValue=5&StartType=All&Season=2023&SeasonType=Playoffs&TeamId=1611661313,200,202,02:42,"Jones 4' Cutting Layup Shot (16 PTS) (Laney 2 AST)
",1,1,0,0,2023-10-11,1042300302,0,0,LVA,2,0,-14,02:56,Off At Rim Block,0,"[{""description"": ""Jones 4' Cutting Layup Shot (16 PTS) (Laney 2 AST)"", ""url"": """"}]",True,possessions,4Q/OT | margin -3..3 | 300..120,team
wnba,wnba_shot_pace,shot_pace,possessions,get-possessions,2023,Playoffs,team,"{'OffDef': 'Offense', 'FilterComparison': 'Exactly', 'FilterEvent': 'OnFloor', 'FilterValue': 5, 'StartType': 'All', 'Season': '2023', 'SeasonType': 'Playoffs', 'TeamId': '1611661313'}",shot_pace,1611661313,4Q/OT | margin -3..3 | 300..120,get-possessions__possessions__off_def-Offense__filter_comparison-Exactly__filter_event-OnFloor__filter_value-5__start_type-All__season-2023__season_type-Playoffs__team_id-1611661313__f001ca9b,get-possessions,https://api.pbpstats.com/get-possessions/wnba?OffDef=Offense&FilterComparison=Exactly&FilterEvent=OnFloor&FilterValue=5&StartType=All&Season=2023&SeasonType=Playoffs&TeamId=1611661313,200,203,03:15,"MISS Laney 26' 3PT Jump Shot
Jones REBOUND (Off:7 Def:2)
Jones 3' Putback Layup (14 PTS)
",1,1,1,0,2023-10-11,1042300302,0,1,LVA,2,0,-16,03:26,Off Arc 3 Miss,0,"[{""description"": ""MISS Laney 26' 3PT Jump Shot"", ""url"": """"}, {""description"": ""Jones REBOUND (Off:7 Def:2)"", ""url"": """"}, {""description"": ""Jones 3' Putback Layup (14 PTS)"", ""url"": """"}]",True,possessions,4Q/OT | margin -3..3 | 300..120,team
wnba,wnba_shot_pace,shot_pace,possessions,get-possessions,2023,Playoffs,team,"{'OffDef': 'Offense', 'FilterComparison': 'Exactly', 'FilterEvent': 'OnFloor', 'FilterValue': 5, 'StartType': 'All', 'Season': '2023', 'SeasonType': 'Playoffs', 'TeamId': '1611661313'}",shot_pace,1611661313,4Q/OT | margin -3..3 | 300..120,get-possessions__possessions__off_def-Offense__filter_comparison-Exactly__filter_event-OnFloor__filter_value-5__start_type-All__season-2023__season_type-Playoffs__team_id-1611661313__f001ca9b,get-possessions,https://api.pbpstats.com/get-possessions/wnba?OffDef=Offense&FilterComparison=Exactly&FilterEvent=OnFloor&FilterValue=5&StartType=All&Season=2023&SeasonType=Playoffs&TeamId=1611661313,200,204,03:44,"Jones 3' Layup (12 PTS) (Stewart 3 AST)
",1,1,0,0,2023-10-11,1042300302,0,0,LVA,2,0,-18,03:59,Off Dead Ball,0,"[{""description"": ""Jones 3' Layup (12 PTS) (Stewart 3 AST)"", ""url"": """"}]",True,possessions,4Q/OT | margin -3..3 | 300..120,team
wnba,wnba_shot_pace,shot_pace,possessions,get-possessions,2023,Playoffs,team,"{'OffDef': 'Offense', 'FilterComparison': 'Exactly', 'FilterEvent': 'OnFloor', 'FilterValue': 5, 'StartType': 'All', 'Season': '2023', 'SeasonType': 'Playoffs', 'TeamId': '1611661313'}",shot_pace,1611661313,4Q/OT | margin -3..3 | 300..120,get-possessions__possessions__off_def-Offense__filter_comparison-Exactly__filter_event-OnFloor__filter_value-5__start_type-All__season-2023__season_type-Playoffs__team_id-1611661313__f001ca9b,get-possessions,https://api.pbpstats.com/get-possessions/wnba?OffDef=Offense&FilterComparison=Exactly&FilterEvent=OnFloor&FilterValue=5&StartType=All&Season=2023&SeasonType=Playoffs&TeamId=1611661313,200,205,04:01,"MISS Ionescu 9' Driving Floating Jump Shot
Young REBOUND (Off:0 Def:4)
",1,0,0,0,2023-10-11,1042300302,0,0,LVA,2,0,-18,04:20,Off At Rim Make,0,"[{""description"": ""MISS Ionescu 9' Driving Floating Jump Shot"", ""url"": """"}, {""description"": ""Young REBOUND (Off:0 Def:4)"", ""url"": """"}]",True,possessions,4Q/OT | margin -3..3 | 300..120,team
wnba,wnba_shot_pace,shot_pace,possessions,get-possessions,2023,Playoffs,team,"{'OffDef': 'Offense', 'FilterComparison': 'Exactly', 'FilterEvent': 'OnFloor', 'FilterValue': 5, 'StartType': 'All', 'Season': '2023', 'SeasonType': 'Playoffs', 'TeamId': '1611661313'}",shot_pace,1611661313,4Q/OT | margin -3..3 | 300..120,get-possessions__possessions__off_def-Offense__filter_comparison-Exactly__filter_event-OnFloor__filter_value-5__start_type-All__season-2023__season_type-Playoffs__team_id-1611661313__f001ca9b,get-possessions,https://api.pbpstats.com/get-possessions/wnba?OffDef=Offense&FilterComparison=Exactly&FilterEvent=OnFloor&FilterValue=5&StartType=All&Season=2023&SeasonType=Playoffs&TeamId=1611661313,200,206,04:20,"Laney Out of Bounds - Bad Pass Turnover Turnover (P2.T3)
",0,0,0,0,2023-10-11,1042300302,0,0,LVA,2,0,-16,04:41,Off Corner 3 Make,1,"[{""description"": ""Laney Out of Bounds - Bad Pass Turnover Turnover (P2.T3)"", ""url"": """"}]",True,possessions,4Q/OT | margin -3..3 | 300..120,team
wnba,wnba_shot_pace,shot_pace,possessions,get-possessions,2023,Playoffs,team,"{'OffDef': 'Offense', 'FilterComparison': 'Exactly', 'FilterEvent': 'OnFloor', 'FilterValue': 5, 'StartType': 'All', 'Season': '2023', 'SeasonType': 'Playoffs', 'TeamId': '1611661313'}",shot_pace,1611661313,4Q/OT | margin -3..3 | 300..120,get-possessions__possessions__off_def-Offense__filter_comparison-Exactly__filter_event-OnFloor__filter_value-5__start_type-All__season-2023__season_type-Playoffs__team_id-1611661313__f001ca9b,get-possessions,https://api.pbpstats.com/get-possessions/wnba?OffDef=Offense&FilterComparison=Exactly&FilterEvent=OnFloor&FilterValue=5&StartType=All&Season=2023&SeasonType=Playoffs&TeamId=1611661313,200,207,04:52,"Clark S.FOUL (P3.T3)
Stewart Free Throw 1 of 2 (8 PTS)
MISS Stewart Free Throw 2 of 2
Jones REBOUND (Off:5 Def:2)
MISS Stewart 25' 3PT Pullup Jump Shot
Jones REBOUND (Off:6 Def:2)
MISS Vandersloot 24' 3PT Jump Shot
Gray REBOUND (Off:0 Def:3)
",0,0,2,0,2023-10-11,1042300302,0,2,LVA,2,1,-14,05:17,Off Steal,0,"[{""description"": ""Clark S.FOUL (P3.T3)"", ""url"": """"}, {""description"": ""Stewart Free Throw 1 of 2 (8 PTS)"", ""url"": """"}, {""description"": ""MISS Stewart Free Throw 2 of 2"", ""url"": """"}, {""description"": ""Jones REBOUND (Off:5 Def:2)"", ""url"": """"}, {""description"": ""MISS Stewart 25' 3PT Pullup Jump Shot"", ""url"": """"}, {""description"": ""Jones REBOUND (Off:6 Def:2)"", ""url"": """"}, {""description"": ""MISS Vandersloot 24' 3PT Jump Shot"", ""url"": """"}, {""description"": ""Gray REBOUND (Off:0 Def:3)"", ""url"": """"}]",True,possessions,4Q/OT | margin -3..3 | 300..120,team
wnba,wnba_shot_pace,shot_pace,possessions,get-possessions,2023,Playoffs,team,"{'OffDef': 'Offense', 'FilterComparison': 'Exactly', 'FilterEvent': 'OnFloor', 'FilterValue': 5, 'StartType': 'All', 'Season': '2023', 'SeasonType': 'Playoffs', 'TeamId': '1611661313'}",shot_pace,1611661313,4Q/OT | margin -3..3 | 300..120,get-possessions__possessions__off_def-Offense__filter_comparison-Exactly__filter_event-OnFloor__filter_value-5__start_type-All__season-2023__season_type-Playoffs__team_id-1611661313__f001ca9b,get-possessions,https://api.pbpstats.com/get-possessions/wnba?OffDef=Offense&FilterComparison=Exactly&FilterEvent=OnFloor&FilterValue=5&StartType=All&Season=2023&SeasonType=Playoffs&TeamId=1611661313,200,208,05:35,"Jones 26' 3PT Pullup Jump Shot (10 PTS) (Stewart 2 AST)
",0,0,1,1,2023-10-11,1042300302,0,0,LVA,2,0,-17,05:49,Off Long Mid-Range Make,0,"[{""description"": ""Jones 26' 3PT Pullup Jump Shot (10 PTS) (Stewart 2 AST)"", ""url"": """"}]",True,possessions,4Q/OT | margin -3..3 | 300..120,team
wnba,wnba_shot_pace,shot_pace,possessions,get-possessions,2023,Playoffs,team,"{'OffDef': 'Offense', 'FilterComparison': 'Exactly', 'FilterEvent': 'OnFloor', 'FilterValue': 5, 'StartType': 'All', 'Season': '2023', 'SeasonType': 'Playoffs', 'TeamId': '1611661313'}",shot_pace,1611661313,4Q/OT | margin -3..3 | 300..120,get-possessions__possessions__off_def-Offense__filter_comparison-Exactly__filter_event-OnFloor__filter_value-5__start_type-All__season-2023__season_type-Playoffs__team_id-1611661313__f001ca9b,get-possessions,https://api.pbpstats.com/get-possessions/wnba?OffDef=Offense&FilterComparison=Exactly&FilterEvent=OnFloor&FilterValue=5&StartType=All&Season=2023&SeasonType=Playoffs&TeamId=1611661313,200,209,06:14,"Clark L.B.FOUL (P2.T2)
MISS Vandersloot 17' Pullup Jump Shot
Jones REBOUND (Off:4 Def:2)
Jones 1' Tip Layup Shot (7 PTS)
",2,1,0,0,2023-10-11,1042300302,0,1,LVA,2,0,-17,06:25,Off Dead Ball,0,"[{""description"": ""Clark L.B.FOUL (P2.T2)"", ""url"": """"}, {""description"": ""MISS Vandersloot 17' Pullup Jump Shot"", ""url"": """"}, {""description"": ""Jones REBOUND (Off:4 Def:2)"", ""url"": """"}, {""description"": ""Jones 1' Tip Layup Shot (7 PTS)"", ""url"": """"}]",True,possessions,4Q/OT | margin -3..3 | 300..120,team
wnba,wnba_shot_pace,shot_pace,possessions,get-possessions,2023,Playoffs,team,"{'OffDef': 'Offense', 'FilterComparison': 'Exactly', 'FilterEvent': 'OnFloor', 'FilterValue': 5, 'StartType': 'All', 'Season': '2023', 'SeasonType': 'Playoffs', 'TeamId': '1611661313'}",shot_pace,1611661313,4Q/OT | margin -3..3 | 300..120,get-possessions__possessions__off_def-Offense__filter_comparison-Exactly__filter_event-OnFloor__filter_value-5__start_type-All__season-2023__season_type-Playoffs__team_id-1611661313__f001ca9b,get-possessions,https://api.pbpstats.com/get-possessions/wnba?OffDef=Offense&FilterComparison=Exactly&FilterEvent=OnFloor&FilterValue=5&StartType=All&Season=2023&SeasonType=Playoffs&TeamId=1611661313,200,210,06:47,"MISS Jones 4' Cutting Layup Shot
Jones REBOUND (Off:3 Def:2)
Jones 4' Putback Layup (5 PTS)
",2,1,0,0,2023-10-11,1042300302,0,1,LVA,2,0,-19,07:13,Off Dead Ball,0,"[{""description"": ""MISS Jones 4' Cutting Layup Shot"", ""url"": """"}, {""description"": ""Jones REBOUND (Off:3 Def:2)"", ""url"": """"}, {""description"": ""Jones 4' Putback Layup (5 PTS)"", ""url"": """"}]",True,possessions,4Q/OT | margin -3..3 | 300..120,team
wnba,wnba_shot_pace,shot_pace,possessions,get-possessions,2023,Playoffs,team,"{'OffDef': 'Offense', 'FilterComparison': 'Exactly', 'FilterEvent': 'OnFloor', 'FilterValue': 5, 'StartType': 'All', 'Season': '2023', 'SeasonType': 'Playoffs', 'TeamId': '1611661313'}",shot_pace,1611661313,4Q/OT | margin -3..3 | 300..120,get-possessions__possessions__off_def-Offense__filter_comparison-Exactly__filter_event-OnFloor__filter_value-5__start_type-All__season-2023__season_type-Playoffs__team_id-1611661313__f001ca9b,get-possessions,https://api.pbpstats.com/get-possessions/wnba?OffDef=Offense&FilterComparison=Exactly&FilterEvent=OnFloor&FilterValue=5&StartType=All&Season=2023&SeasonType=Playoffs&TeamId=1611661313,200,211,07:21,"Stokes P.FOUL (P1.T1)
MISS Ionescu 25' 3PT Pullup Jump Shot
Young REBOUND (Off:0 Def:3)
",0,0,1,0,2023-10-11,1042300302,0,0,LVA,2,0,-19,07:38,Off Arc 3 Miss,0,"[{""description"": ""Stokes P.FOUL (P1.T1)"", ""url"": """"}, {""description"": ""MISS Ionescu 25' 3PT Pullup Jump Shot"", ""url"": """"}, {""description"": ""Young REBOUND (Off:0 Def:3)"", ""url"": """"}]",True,possessions,4Q/OT | margin -3..3 | 300..120,team
wnba,wnba_shot_pace,shot_pace,possessions,get-possessions,2023,Playoffs,team,"{'OffDef': 'Offense', 'FilterComparison': 'Exactly', 'FilterEvent': 'OnFloor', 'FilterValue': 5, 'StartType': 'All', 'Season': '2023', 'SeasonType': 'Playoffs', 'TeamId': '1611661313'}",shot_pace,1611661313,4Q/OT | margin -3..3 | 300..120,get-possessions__possessions__off_def-Offense__filter_comparison-Exactly__filter_event-OnFloor__filter_value-5__start_type-All__season-2023__season_type-Playoffs__team_id-1611661313__f001ca9b,get-possessions,https://api.pbpstats.com/get-possessions/wnba?OffDef=Offense&FilterComparison=Exactly&FilterEvent=OnFloor&FilterValue=5&StartType=All&Season=2023&SeasonType=Playoffs&TeamId=1611661313,200,212,07:45,"MISS Ionescu 5' Driving Reverse Layup
Stokes REBOUND (Off:0 Def:2)
",1,0,0,0,2023-10-11,1042300302,0,0,LVA,2,0,-19,07:54,Off Corner 3 Miss,0,"[{""description"": ""MISS Ionescu 5' Driving Reverse Layup"", ""url"": """"}, {""description"": ""Stokes REBOUND (Off:0 Def:2)"", ""url"": """"}]",True,possessions,4Q/OT | margin -3..3 | 300..120,team
wnba,wnba_shot_pace,shot_pace,possessions,get-possessions,2023,Playoffs,team,"{'OffDef': 'Offense', 'FilterComparison': 'Exactly', 'FilterEvent': 'OnFloor', 'FilterValue': 5, 'StartType': 'All', 'Season': '2023', 'SeasonType': 'Playoffs', 'TeamId': '1611661313'}",shot_pace,1611661313,4Q/OT | margin -3..3 | 300..120,get-possessions__possessions__off_def-Offense__filter_comparison-Exactly__filter_event-OnFloor__filter_value-5__start_type-All__season-2023__season_type-Playoffs__team_id-1611661313__f001ca9b,get-possessions,https://api.pbpstats.com/get-possessions/wnba?OffDef=Offense&FilterComparison=Exactly&FilterEvent=OnFloor&FilterValue=5&StartType=All&Season=2023&SeasonType=Playoffs&TeamId=1611661313,200,213,08:22,"Laney 3PT Jump Shot (7 PTS) (Vandersloot 2 AST)
",0,0,1,1,2023-10-11,1042300302,0,0,LVA,2,0,-22,08:46,Off Long Mid-Range Make,0,"[{""description"": ""Laney 3PT Jump Shot (7 PTS) (Vandersloot 2 AST)"", ""url"": """"}]",True,possessions,4Q/OT | margin -3..3 | 300..120,team
wnba,wnba_shot_pace,shot_pace,possessions,get-possessions,2023,Playoffs,team,"{'OffDef': 'Offense', 'FilterComparison': 'Exactly', 'FilterEvent': 'OnFloor', 'FilterValue': 5, 'StartType': 'All', 'Season': '2023', 'SeasonType': 'Playoffs', 'TeamId': '1611661313'}",shot_pace,1611661313,4Q/OT | margin -3..3 | 300..120,get-possessions__possessions__off_def-Offense__filter_comparison-Exactly__filter_event-OnFloor__filter_value-5__start_type-All__season-2023__season_type-Playoffs__team_id-1611661313__f001ca9b,get-possessions,https://api.pbpstats.com/get-possessions/wnba?OffDef=Offense&FilterComparison=Exactly&FilterEvent=OnFloor&FilterValue=5&StartType=All&Season=2023&SeasonType=Playoffs&TeamId=1611661313,200,214,09:00,"MISS Vandersloot 3PT Jump Shot
Jones REBOUND (Off:2 Def:1)
Laney 15' Pullup Jump Shot (4 PTS) (Vandersloot 1 AST)
",1,1,1,0,2023-10-11,1042300302,0,1,LVA,2,0,-22,09:27,Off Corner 3 Make,0,"[{""description"": ""MISS Vandersloot 3PT Jump Shot"", ""url"": """"}, {""description"": ""Jones REBOUND (Off:2 Def:1)"", ""url"": """"}, {""description"": ""Laney 15' Pullup Jump Shot (4 PTS) (Vandersloot 1 AST)"", ""url"": """"}]",True,possessions,4Q/OT | margin -3..3 | 300..120,team
wnba,wnba_shot_pace,shot_pace,possessions,get-possessions,2023,Playoffs,team,"{'OffDef': 'Offense', 'FilterComparison': 'Exactly', 'FilterEvent': 'OnFloor', 'FilterValue': 5, 'StartType': 'All', 'Season': '2023', 'SeasonType': 'Playoffs', 'TeamId': '1611661313'}",shot_pace,1611661313,4Q/OT | margin -3..3 | 300..120,get-possessions__possessions__off_def-Offense__filter_comparison-Exactly__filter_event-OnFloor__filter_value-5__start_type-All__season-2023__season_type-Playoffs__team_id-1611661313__f001ca9b,get-possessions,https://api.pbpstats.com/get-possessions/wnba?OffDef=Offense&FilterComparison=Exactly&FilterEvent=OnFloor&FilterValue=5&StartType=All&Season=2023&SeasonType=Playoffs&TeamId=1611661313,200,215,09:42,"MISS Ionescu 19' Pullup Jump Shot
Wilson REBOUND (Off:2 Def:3)
",1,0,0,0,2023-10-11,1042300302,0,0,LVA,2,0,-19,10:00,Off Dead Ball,0,"[{""description"": ""MISS Ionescu 19' Pullup Jump Shot"", ""url"": """"}, {""description"": ""Wilson REBOUND (Off:2 Def:3)"", ""url"": """"}]",True,possessions,4Q/OT | margin -3..3 | 300..120,team
wnba,wnba_shot_pace,shot_pace,possessions,get-possessions,2023,Playoffs,team,"{'OffDef': 'Offense', 'FilterComparison': 'Exactly', 'FilterEvent': 'OnFloor', 'FilterValue': 5, 'StartType': 'All', 'Season': '2023', 'SeasonType': 'Playoffs', 'TeamId': '1611661313'}",shot_pace,1611661313,4Q/OT | margin -3..3 | 300..120,get-possessions__possessions__off_def-Offense__filter_comparison-Exactly__filter_event-OnFloor__filter_value-5__start_type-All__season-2023__season_type-Playoffs__team_id-1611661313__f001ca9b,get-possessions,https://api.pbpstats.com/get-possessions/wnba?OffDef=Offense&FilterComparison=Exactly&FilterEvent=OnFloor&FilterValue=5&StartType=All&Season=2023&SeasonType=Playoffs&TeamId=1611661313,200,216,00:20,"Young S.FOUL (P2.PN)
Ionescu Free Throw 1 of 2 (3 PTS)
Ionescu Free Throw 2 of 2 (4 PTS)
",0,0,0,0,2023-10-11,1042300302,0,0,LVA,1,1,-19,00:23,Off At Rim Miss,0,"[{""description"": ""Young S.FOUL (P2.PN)"", ""url"": """"}, {""description"": ""Ionescu Free Throw 1 of 2 (3 PTS)"", ""url"": """"}, {""description"": ""Ionescu Free Throw 2 of 2 (4 PTS)"", ""url"": """"}]",True,possessions,4Q/OT | margin -3..3 | 300..120,team
wnba,wnba_shot_pace,shot_pace,possessions,get-possessions,2023,Playoffs,team,"{'OffDef': 'Offense', 'FilterComparison': 'Exactly', 'FilterEvent': 'OnFloor', 'FilterValue': 5, 'StartType': 'All', 'Season': '2023', 'SeasonType': 'Playoffs', 'TeamId': '1611661313'}",shot_pace,1611661313,4Q/OT | margin -3..3 | 300..120,get-possessions__possessions__off_def-Offense__filter_comparison-Exactly__filter_event-OnFloor__filter_value-5__start_type-All__season-2023__season_type-Playoffs__team_id-1611661313__f001ca9b,get-possessions,https://api.pbpstats.com/get-possessions/wnba?OffDef=Offense&FilterComparison=Exactly&FilterEvent=OnFloor&FilterValue=5&StartType=All&Season=2023&SeasonType=Playoffs&TeamId=1611661313,200,217,00:34,"Clark S.FOUL (P1.T2)
Ionescu Free Throw 1 of 2 (1 PTS)
Ionescu Free Throw 2 of 2 (2 PTS)
",0,0,0,0,2023-10-11,1042300302,0,0,LVA,1,1,-21,00:53,Off Timeout,0,"[{""description"": ""Clark S.FOUL (P1.T2)"", ""url"": """"}, {""description"": ""Ionescu Free Throw 1 of 2 (1 PTS)"", ""url"": """"}, {""description"": ""Ionescu Free Throw 2 of 2 (2 PTS)"", ""url"": """"}]",True,possessions,4Q/OT | margin -3..3 | 300..120,team
wnba,wnba_shot_pace,shot_pace,possessions,get-possessions,2023,Playoffs,team,"{'OffDef': 'Offense', 'FilterComparison': 'Exactly', 'FilterEvent': 'OnFloor', 'FilterValue': 5, 'StartType': 'All', 'Season': '2023', 'SeasonType': 'Playoffs', 'TeamId': '1611661313'}",shot_pace,1611661313,4Q/OT | margin -3..3 | 300..120,get-possessions__possessions__off_def-Offense__filter_comparison-Exactly__filter_event-OnFloor__filter_value-5__start_type-All__season-2023__season_type-Playoffs__team_id-1611661313__f001ca9b,get-possessions,https://api.pbpstats.com/get-possessions/wnba?OffDef=Offense&FilterComparison=Exactly&FilterEvent=OnFloor&FilterValue=5&StartType=All&Season=2023&SeasonType=Playoffs&TeamId=1611661313,200,218,01:07,"Stewart 15' Pullup Jump Shot (7 PTS) (Ionescu 1 AST)
",1,1,0,0,2023-10-11,1042300302,0,0,LVA,1,0,-21,01:20,Off Long Mid-Range Make,0,"[{""description"": ""Stewart 15' Pullup Jump Shot (7 PTS) (Ionescu 1 AST)"", ""url"": """"}]",True,possessions,4Q/OT | margin -3..3 | 300..120,team
wnba,wnba_shot_pace,shot_pace,possessions,get-possessions,2023,Playoffs,team,"{'OffDef': 'Offense', 'FilterComparison': 'Exactly', 'FilterEvent': 'OnFloor', 'FilterValue': 5, 'StartType': 'All', 'Season': '2023', 'SeasonType': 'Playoffs', 'TeamId': '1611661313'}",shot_pace,1611661313,4Q/OT | margin -3..3 | 300..120,get-possessions__possessions__off_def-Offense__filter_comparison-Exactly__filter_event-OnFloor__filter_value-5__start_type-All__season-2023__season_type-Playoffs__team_id-1611661313__f001ca9b,get-possessions,https://api.pbpstats.com/get-possessions/wnba?OffDef=Offense&FilterComparison=Exactly&FilterEvent=OnFloor&FilterValue=5&StartType=All&Season=2023&SeasonType=Playoffs&TeamId=1611661313,200,219,01:33,"MISS Johannès 26' 3PT Jump Shot
ACES Rebound
",0,0,1,0,2023-10-11,1042300302,0,0,LVA,1,0,-19,01:42,Off Short Mid-Range Make,0,"[{""description"": ""MISS Johannès 26' 3PT Jump Shot"", ""url"": """"}, {""description"": ""ACES Rebound"", ""url"": """"}]",True,possessions,4Q/OT | margin -3..3 | 300..120,team
wnba,wnba_shot_pace,shot_pace,possessions,get-possessions,2023,Playoffs,team,"{'OffDef': 'Offense', 'FilterComparison': 'Exactly', 'FilterEvent': 'OnFloor', 'FilterValue': 5, 'StartType': 'All', 'Season': '2023', 'SeasonType': 'Playoffs', 'TeamId': '1611661313'}",shot_pace,1611661313,4Q/OT | margin -3..3 | 300..120,get-possessions__possessions__off_def-Offense__filter_comparison-Exactly__filter_event-OnFloor__filter_value-5__start_type-All__season-2023__season_type-Playoffs__team_id-1611661313__f001ca9b,get-possessions,https://api.pbpstats.com/get-possessions/wnba?OffDef=Offense&FilterComparison=Exactly&FilterEvent=OnFloor&FilterValue=5&StartType=All&Season=2023&SeasonType=Playoffs&TeamId=1611661313,200,220,02:04,"Stewart 26' 3PT Jump Shot (5 PTS) (Johannès 1 AST)
",0,0,1,1,2023-10-11,1042300302,0,0,LVA,1,0,-20,02:14,Off Arc 3 Miss,0,"[{""description"": ""Stewart 26' 3PT Jump Shot (5 PTS) (Johannès 1 AST)"", ""url"": """"}]",True,possessions,4Q/OT | margin -3..3 | 300..120,team
wnba,wnba_shot_pace,shot_pace,possessions,get-possessions,2023,Playoffs,team,"{'OffDef': 'Offense', 'FilterComparison': 'Exactly', 'FilterEvent': 'OnFloor', 'FilterValue': 5, 'StartType': 'All', 'Season': '2023', 'SeasonType': 'Playoffs', 'TeamId': '1611661313'}",shot_pace,1611661313,4Q/OT | margin -3..3 | 300..120,get-possessions__possessions__off_def-Offense__filter_comparison-Exactly__filter_event-OnFloor__filter_value-5__start_type-All__season-2023__season_type-Playoffs__team_id-1611661313__f001ca9b,get-possessions,https://api.pbpstats.com/get-possessions/wnba?OffDef=Offense&FilterComparison=Exactly&FilterEvent=OnFloor&FilterValue=5&StartType=All&Season=2023&SeasonType=Playoffs&TeamId=1611661313,200,221,02:24,"Plum STEAL (1 STL): Laney Bad Pass Turnover (P1.T2)
",0,0,0,0,2023-10-11,1042300302,0,0,LVA,1,0,-20,02:36,Off Arc 3 Make,1,"[{""description"": ""Plum STEAL (1 STL): Laney Bad Pass Turnover (P1.T2)"", ""url"": """"}]",True,possessions,4Q/OT | margin -3..3 | 300..120,team
wnba,wnba_shot_pace,shot_pace,possessions,get-possessions,2023,Playoffs,team,"{'OffDef': 'Offense', 'FilterComparison': 'Exactly', 'FilterEvent': 'OnFloor', 'FilterValue': 5, 'StartType': 'All', 'Season': '2023', 'SeasonType': 'Playoffs', 'TeamId': '1611661313'}",shot_pace,1611661313,4Q/OT | margin -3..3 | 300..120,get-possessions__possessions__off_def-Offense__filter_comparison-Exactly__filter_event-OnFloor__filter_value-5__start_type-All__season-2023__season_type-Playoffs__team_id-1611661313__f001ca9b,get-possessions,https://api.pbpstats.com/get-possessions/wnba?OffDef=Offense&FilterComparison=Exactly&FilterEvent=OnFloor&FilterValue=5&StartType=All&Season=2023&SeasonType=Playoffs&TeamId=1611661313,200,222,02:58,"MISS Laney 3PT Jump Shot
Liberty Rebound
Johannès 24' 3PT Jump Shot (3 PTS) (Laney 1 AST)
",0,0,2,1,2023-10-11,1042300302,0,1,LVA,1,0,-20,03:18,Off FT Make,0,"[{""description"": ""MISS Laney 3PT Jump Shot"", ""url"": """"}, {""description"": ""Liberty Rebound"", ""url"": """"}, {""description"": ""Johannès 24' 3PT Jump Shot (3 PTS) (Laney 1 AST)"", ""url"": """"}]",True,possessions,4Q/OT | margin -3..3 | 300..120,team
wnba,wnba_shot_pace,shot_pace,possessions,get-possessions,2023,Playoffs,team,"{'OffDef': 'Offense', 'FilterComparison': 'Exactly', 'FilterEvent': 'OnFloor', 'FilterValue': 5, 'StartType': 'All', 'Season': '2023', 'SeasonType': 'Playoffs', 'TeamId': '1611661313'}",shot_pace,1611661313,4Q/OT | margin -3..3 | 300..120,get-possessions__possessions__off_def-Offense__filter_comparison-Exactly__filter_event-OnFloor__filter_value-5__start_type-All__season-2023__season_type-Playoffs__team_id-1611661313__f001ca9b,get-possessions,https://api.pbpstats.com/get-possessions/wnba?OffDef=Offense&FilterComparison=Exactly&FilterEvent=OnFloor&FilterValue=5&StartType=All&Season=2023&SeasonType=Playoffs&TeamId=1611661313,200,223,03:31,"Vandersloot Out of Bounds Lost Ball Turnover (P1.T1)
",0,0,0,0,2023-10-11,1042300302,0,0,LVA,1,0,-17,03:52,Off Arc 3 Make,1,"[{""description"": ""Vandersloot Out of Bounds Lost Ball Turnover (P1.T1)"", ""url"": """"}]",True,possessions,4Q/OT | margin -3..3 | 300..120,team
wnba,wnba_shot_pace,shot_pace,possessions,get-possessions,2023,Playoffs,team,"{'OffDef': 'Offense', 'FilterComparison': 'Exactly', 'FilterEvent': 'OnFloor', 'FilterValue': 5, 'StartType': 'All', 'Season': '2023', 'SeasonType': 'Playoffs', 'TeamId': '1611661313'}",shot_pace,1611661313,4Q/OT | margin -3..3 | 300..120,get-possessions__possessions__off_def-Offense__filter_comparison-Exactly__filter_event-OnFloor__filter_value-5__start_type-All__season-2023__season_type-Playoffs__team_id-1611661313__f001ca9b,get-possessions,https://api.pbpstats.com/get-possessions/wnba?OffDef=Offense&FilterComparison=Exactly&FilterEvent=OnFloor&FilterValue=5&StartType=All&Season=2023&SeasonType=Playoffs&TeamId=1611661313,200,224,04:16,"MISS Thornton 3PT Jump Shot
Jones REBOUND (Off:1 Def:1)
Jones 4' Putback Layup (2 PTS)
Young S.FOUL (P1.T1)
Jones Free Throw 1 of 1 (3 PTS)
",1,1,1,0,2023-10-11,1042300302,0,1,LVA,1,1,-17,04:33,Off FT Make,0,"[{""description"": ""MISS Thornton 3PT Jump Shot"", ""url"": """"}, {""description"": ""Jones REBOUND (Off:1 Def:1)"", ""url"": """"}, {""description"": ""Jones 4' Putback Layup (2 PTS)"", ""url"": """"}, {""description"": ""Young S.FOUL (P1.T1)"", ""url"": """"}, {""description"": ""Jones Free Throw 1 of 1 (3 PTS)"", ""url"": """"}]",True,possessions,4Q/OT | margin -3..3 | 300..120,team
wnba,wnba_shot_pace,shot_pace,possessions,get-possessions,2023,Playoffs,team,"{'OffDef': 'Offense', 'FilterComparison': 'Exactly', 'FilterEvent': 'OnFloor', 'FilterValue': 5, 'StartType': 'All', 'Season': '2023', 'SeasonType': 'Playoffs', 'TeamId': '1611661313'}",shot_pace,1611661313,4Q/OT | margin -3..3 | 300..120,get-possessions__possessions__off_def-Offense__filter_comparison-Exactly__filter_event-OnFloor__filter_value-5__start_type-All__season-2023__season_type-Playoffs__team_id-1611661313__f001ca9b,get-possessions,https://api.pbpstats.com/get-possessions/wnba?OffDef=Offense&FilterComparison=Exactly&FilterEvent=OnFloor&FilterValue=5&StartType=All&Season=2023&SeasonType=Playoffs&TeamId=1611661313,200,225,04:42,"MISS Stewart 11' Driving Floating Jump Shot
Plum REBOUND (Off:0 Def:1)
",1,0,0,0,2023-10-11,1042300302,0,0,LVA,1,0,-15,04:59,Off Dead Ball,0,"[{""description"": ""MISS Stewart 11' Driving Floating Jump Shot"", ""url"": """"}, {""description"": ""Plum REBOUND (Off:0 Def:1)"", ""url"": """"}]",True,possessions,4Q/OT | margin -3..3 | 300..120,team
wnba,wnba_shot_pace,shot_pace,possessions,get-possessions,2023,Playoffs,team,"{'OffDef': 'Offense', 'FilterComparison': 'Exactly', 'FilterEvent': 'OnFloor', 'FilterValue': 5, 'StartType': 'All', 'Season': '2023', 'SeasonType': 'Playoffs', 'TeamId': '1611661313'}",shot_pace,1611661313,4Q/OT | margin -3..3 | 300..120,get-possessions__possessions__off_def-Offense__filter_comparison-Exactly__filter_event-OnFloor__filter_value-5__start_type-All__season-2023__season_type-Playoffs__team_id-1611661313__f001ca9b,get-possessions,https://api.pbpstats.com/get-possessions/wnba?OffDef=Offense&FilterComparison=Exactly&FilterEvent=OnFloor&FilterValue=5&StartType=All&Season=2023&SeasonType=Playoffs&TeamId=1611661313,200,226,05:13,"Laney 4' Driving Layup (2 PTS) (Stewart 1 AST)
",1,1,0,0,2023-10-11,1042300302,0,0,LVA,1,0,-17,05:19,Off Arc 3 Miss,0,"[{""description"": ""Laney 4' Driving Layup (2 PTS) (Stewart 1 AST)"", ""url"": """"}]",True,possessions,4Q/OT | margin -3..3 | 300..120,team
wnba,wnba_shot_pace,shot_pace,possessions,get-possessions,2023,Playoffs,team,"{'OffDef': 'Offense', 'FilterComparison': 'Exactly', 'FilterEvent': 'OnFloor', 'FilterValue': 5, 'StartType': 'All', 'Season': '2023', 'SeasonType': 'Playoffs', 'TeamId': '1611661313'}",shot_pace,1611661313,4Q/OT | margin -3..3 | 300..120,get-possessions__possessions__off_def-Offense__filter_comparison-Exactly__filter_event-OnFloor__filter_value-5__start_type-All__season-2023__season_type-Playoffs__team_id-1611661313__f001ca9b,get-possessions,https://api.pbpstats.com/get-possessions/wnba?OffDef=Offense&FilterComparison=Exactly&FilterEvent=OnFloor&FilterValue=5&StartType=All&Season=2023&SeasonType=Playoffs&TeamId=1611661313,200,227,05:31,"MISS Jones 24' 3PT Jump Shot
Stewart REBOUND (Off:1 Def:0)
MISS Stewart 16' Jump Bank Shot
Stokes REBOUND (Off:0 Def:1)
",1,0,1,0,2023-10-11,1042300302,0,1,LVA,1,0,-17,06:01,Off At Rim Make,0,"[{""description"": ""MISS Jones 24' 3PT Jump Shot"", ""url"": """"}, {""description"": ""Stewart REBOUND (Off:1 Def:0)"", ""url"": """"}, {""description"": ""MISS Stewart 16' Jump Bank Shot"", ""url"": """"}, {""description"": ""Stokes REBOUND (Off:0 Def:1)"", ""url"": """"}]",True,possessions,4Q/OT | margin -3..3 | 300..120,team
wnba,wnba_shot_pace,shot_pace,possessions,get-possessions,2023,Playoffs,team,"{'OffDef': 'Offense', 'FilterComparison': 'Exactly', 'FilterEvent': 'OnFloor', 'FilterValue': 5, 'StartType': 'All', 'Season': '2023', 'SeasonType': 'Playoffs', 'TeamId': '1611661313'}",shot_pace,1611661313,4Q/OT | margin -3..3 | 300..120,get-possessions__possessions__off_def-Offense__filter_comparison-Exactly__filter_event-OnFloor__filter_value-5__start_type-All__season-2023__season_type-Playoffs__team_id-1611661313__f001ca9b,get-possessions,https://api.pbpstats.com/get-possessions/wnba?OffDef=Offense&FilterComparison=Exactly&FilterEvent=OnFloor&FilterValue=5&StartType=All&Season=2023&SeasonType=Playoffs&TeamId=1611661313,200,228,06:05,"MISS Vandersloot 3PT Jump Shot
Wilson REBOUND (Off:1 Def:2)
",0,0,1,0,2023-10-11,1042300302,0,0,LVA,1,0,-15,06:25,Off Arc 3 Make,0,"[{""description"": ""MISS Vandersloot 3PT Jump Shot"", ""url"": """"}, {""description"": ""Wilson REBOUND (Off:1 Def:2)"", ""url"": """"}]",True,possessions,4Q/OT | margin -3..3 | 300..120,team
wnba,wnba_shot_pace,shot_pace,possessions,get-possessions,2023,Playoffs,team,"{'OffDef': 'Offense', 'FilterComparison': 'Exactly', 'FilterEvent': 'OnFloor', 'FilterValue': 5, 'StartType': 'All', 'Season': '2023', 'SeasonType': 'Playoffs', 'TeamId': '1611661313'}",shot_pace,1611661313,4Q/OT | margin -3..3 | 300..120,get-possessions__possessions__off_def-Offense__filter_comparison-Exactly__filter_event-OnFloor__filter_value-5__start_type-All__season-2023__season_type-Playoffs__team_id-1611661313__f001ca9b,get-possessions,https://api.pbpstats.com/get-possessions/wnba?OffDef=Offense&FilterComparison=Exactly&FilterEvent=OnFloor&FilterValue=5&StartType=All&Season=2023&SeasonType=Playoffs&TeamId=1611661313,200,229,06:30,"MISS Stewart 3PT Jump Shot
Young REBOUND (Off:0 Def:2)
",0,0,1,0,2023-10-11,1042300302,0,0,LVA,1,0,-12,07:00,Off Timeout,0,"[{""description"": ""MISS Stewart 3PT Jump Shot"", ""url"": """"}, {""description"": ""Young REBOUND (Off:0 Def:2)"", ""url"": """"}]",True,possessions,4Q/OT | margin -3..3 | 300..120,team
wnba,wnba_shot_pace,shot_pace,possessions,get-possessions,2023,Playoffs,team,"{'OffDef': 'Offense', 'FilterComparison': 'Exactly', 'FilterEvent': 'OnFloor', 'FilterValue': 5, 'StartType': 'All', 'Season': '2023', 'SeasonType': 'Playoffs', 'TeamId': '1611661313'}",shot_pace,1611661313,4Q/OT | margin -3..3 | 300..120,get-possessions__possessions__off_def-Offense__filter_comparison-Exactly__filter_event-OnFloor__filter_value-5__start_type-All__season-2023__season_type-Playoffs__team_id-1611661313__f001ca9b,get-possessions,https://api.pbpstats.com/get-possessions/wnba?OffDef=Offense&FilterComparison=Exactly&FilterEvent=OnFloor&FilterValue=5&StartType=All&Season=2023&SeasonType=Playoffs&TeamId=1611661313,200,230,07:05,"MISS Jones 4' Cutting Layup Shot
Gray REBOUND (Off:0 Def:2)
",1,0,0,0,2023-10-11,1042300302,0,0,LVA,1,0,-10,07:24,Off FT Make,0,"[{""description"": ""MISS Jones 4' Cutting Layup Shot"", ""url"": """"}, {""description"": ""Gray REBOUND (Off:0 Def:2)"", ""url"": """"}]",True,possessions,4Q/OT | margin -3..3 | 300..120,team
wnba,wnba_shot_pace,shot_pace,possessions,get-possessions,2023,Playoffs,team,"{'OffDef': 'Offense', 'FilterComparison': 'Exactly', 'FilterEvent': 'OnFloor', 'FilterValue': 5, 'StartType': 'All', 'Season': '2023', 'SeasonType': 'Playoffs', 'TeamId': '1611661313'}",shot_pace,1611661313,4Q/OT | margin -3..3 | 300..120,get-possessions__possessions__off_def-Offense__filter_comparison-Exactly__filter_event-OnFloor__filter_value-5__start_type-All__season-2023__season_type-Playoffs__team_id-1611661313__f001ca9b,get-possessions,https://api.pbpstats.com/get-possessions/wnba?OffDef=Offense&FilterComparison=Exactly&FilterEvent=OnFloor&FilterValue=5&StartType=All&Season=2023&SeasonType=Playoffs&TeamId=1611661313,200,231,07:40,"MISS Ionescu 24' 3PT Jump Shot
Young REBOUND (Off:0 Def:1)
",0,0,1,0,2023-10-11,1042300302,0,0,LVA,1,0,-7,08:02,Off Arc 3 Make,0,"[{""description"": ""MISS Ionescu 24' 3PT Jump Shot"", ""url"": """"}, {""description"": ""Young REBOUND (Off:0 Def:1)"", ""url"": """"}]",True,possessions,4Q/OT | margin -3..3 | 300..120,team
wnba,wnba_shot_pace,shot_pace,possessions,get-possessions,2023,Playoffs,team,"{'OffDef': 'Offense', 'FilterComparison': 'Exactly', 'FilterEvent': 'OnFloor', 'FilterValue': 5, 'StartType': 'All', 'Season': '2023', 'SeasonType': 'Playoffs', 'TeamId': '1611661313'}",shot_pace,1611661313,4Q/OT | margin -3..3 | 300..120,get-possessions__possessions__off_def-Offense__filter_comparison-Exactly__filter_event-OnFloor__filter_value-5__start_type-All__season-2023__season_type-Playoffs__team_id-1611661313__f001ca9b,get-possessions,https://api.pbpstats.com/get-possessions/wnba?OffDef=Offense&FilterComparison=Exactly&FilterEvent=OnFloor&FilterValue=5&StartType=All&Season=2023&SeasonType=Playoffs&TeamId=1611661313,200,232,08:17,"Stewart 2' Driving Finger Roll Layup (2 PTS)
",1,1,0,0,2023-10-11,1042300302,0,0,LVA,1,0,-6,08:30,Off Corner 3 Make,0,"[{""description"": ""Stewart 2' Driving Finger Roll Layup (2 PTS)"", ""url"": """"}]",True,possessions,4Q/OT | margin -3..3 | 300..120,team
wnba,wnba_shot_pace,shot_pace,possessions,get-possessions,2023,Playoffs,team,"{'OffDef': 'Offense', 'FilterComparison': 'Exactly', 'FilterEvent': 'OnFloor', 'FilterValue': 5, 'StartType': 'All', 'Season': '2023', 'SeasonType': 'Playoffs', 'TeamId': '1611661313'}",shot_pace,1611661313,4Q/OT | margin -3..3 | 300..120,get-possessions__possessions__off_def-Offense__filter_comparison-Exactly__filter_event-OnFloor__filter_value-5__start_type-All__season-2023__season_type-Playoffs__team_id-1611661313__f001ca9b,get-possessions,https://api.pbpstats.com/get-possessions/wnba?OffDef=Offense&FilterComparison=Exactly&FilterEvent=OnFloor&FilterValue=5&StartType=All&Season=2023&SeasonType=Playoffs&TeamId=1611661313,200,233,08:38,"MISS Laney 11' Turnaround Fadeaway Shot
Vandersloot REBOUND (Off:1 Def:0)
MISS Laney 4' Driving Reverse Layup
Wilson REBOUND (Off:0 Def:1)
",2,0,0,0,2023-10-11,1042300302,0,1,LVA,1,0,-3,09:04,Off Short Mid-Range Miss,0,"[{""description"": ""MISS Laney 11' Turnaround Fadeaway Shot"", ""url"": """"}, {""description"": ""Vandersloot REBOUND (Off:1 Def:0)"", ""url"": """"}, {""description"": ""MISS Laney 4' Driving Reverse Layup"", ""url"": """"}, {""description"": ""Wilson REBOUND (Off:0 Def:1)"", ""url"": """"}]",True,possessions,4Q/OT | margin -3..3 | 300..120,team
wnba,wnba_shot_pace,shot_pace,possessions,get-possessions,2023,Playoffs,team,"{'OffDef': 'Offense', 'FilterComparison': 'Exactly', 'FilterEvent': 'OnFloor', 'FilterValue': 5, 'StartType': 'All', 'Season': '2023', 'SeasonType': 'Playoffs', 'TeamId': '1611661313'}",shot_pace,1611661313,4Q/OT | margin -3..3 | 300..120,get-possessions__possessions__off_def-Offense__filter_comparison-Exactly__filter_event-OnFloor__filter_value-5__start_type-All__season-2023__season_type-Playoffs__team_id-1611661313__f001ca9b,get-possessions,https://api.pbpstats.com/get-possessions/wnba?OffDef=Offense&FilterComparison=Exactly&FilterEvent=OnFloor&FilterValue=5&StartType=All&Season=2023&SeasonType=Playoffs&TeamId=1611661313,200,234,09:20,"MISS Laney 16' Jump Shot
Gray REBOUND (Off:0 Def:1)
",1,0,0,0,2023-10-11,1042300302,0,0,LVA,1,0,-3,09:43,Off Arc 3 Make,0,"[{""description"": ""MISS Laney 16' Jump Shot"", ""url"": """"}, {""description"": ""Gray REBOUND (Off:0 Def:1)"", ""url"": """"}]",True,possessions,4Q/OT | margin -3..3 | 300..120,team
wnba,wnba_shot_pace,shot_pace,possessions,get-possessions,2023,Playoffs,team,"{'OffDef': 'Offense', 'FilterComparison': 'Exactly', 'FilterEvent': 'OnFloor', 'FilterValue': 5, 'StartType': 'All', 'Season': '2023', 'SeasonType': 'Playoffs', 'TeamId': '1611661313'}",shot_pace,1611661313,4Q/OT | margin -3..3 | 300..120,get-possessions__possessions__off_def-Offense__filter_comparison-Exactly__filter_event-OnFloor__filter_value-5__start_type-All__season-2023__season_type-Playoffs__team_id-1611661313__f001ca9b,get-possessions,https://api.pbpstats.com/get-possessions/wnba?OffDef=Offense&FilterComparison=Exactly&FilterEvent=OnFloor&FilterValue=5&StartType=All&Season=2023&SeasonType=Playoffs&TeamId=1611661313,200,235,00:00,,0,0,0,0,2023-10-08,1042300301,0,0,LVA,4,0,-17,00:14,Off Steal,0,[],True,possessions,4Q/OT | margin -3..3 | 300..120,team
wnba,wnba_shot_pace,shot_pace,possessions,get-possessions,2023,Playoffs,team,"{'OffDef': 'Offense', 'FilterComparison': 'Exactly', 'FilterEvent': 'OnFloor', 'FilterValue': 5, 'StartType': 'All', 'Season': '2023', 'SeasonType': 'Playoffs', 'TeamId': '1611661313'}",shot_pace,1611661313,4Q/OT | margin -3..3 | 300..120,get-possessions__possessions__off_def-Offense__filter_comparison-Exactly__filter_event-OnFloor__filter_value-5__start_type-All__season-2023__season_type-Playoffs__team_id-1611661313__f001ca9b,get-possessions,https://api.pbpstats.com/get-possessions/wnba?OffDef=Offense&FilterComparison=Exactly&FilterEvent=OnFloor&FilterValue=5&StartType=All&Season=2023&SeasonType=Playoffs&TeamId=1611661313,200,236,00:34,"MISS Willoughby 15' Running Pull-Up Jump Shot
Clark REBOUND (Off:1 Def:4)
",1,0,0,0,2023-10-08,1042300301,0,0,LVA,4,0,-17,00:41,Off Steal,0,"[{""description"": ""MISS Willoughby 15' Running Pull-Up Jump Shot"", ""url"": """"}, {""description"": ""Clark REBOUND (Off:1 Def:4)"", ""url"": """"}]",True,possessions,4Q/OT | margin -3..3 | 300..120,team
wnba,wnba_shot_pace,shot_pace,possessions,get-possessions,2023,Playoffs,team,"{'OffDef': 'Offense', 'FilterComparison': 'Exactly', 'FilterEvent': 'OnFloor', 'FilterValue': 5, 'StartType': 'All', 'Season': '2023', 'SeasonType': 'Playoffs', 'TeamId': '1611661313'}",shot_pace,1611661313,4Q/OT | margin -3..3 | 300..120,get-possessions__possessions__off_def-Offense__filter_comparison-Exactly__filter_event-OnFloor__filter_value-5__start_type-All__season-2023__season_type-Playoffs__team_id-1611661313__f001ca9b,get-possessions,https://api.pbpstats.com/get-possessions/wnba?OffDef=Offense&FilterComparison=Exactly&FilterEvent=OnFloor&FilterValue=5&StartType=All&Season=2023&SeasonType=Playoffs&TeamId=1611661313,200,237,00:56,"Bell S.FOUL (P1.PN)
MISS Willoughby Free Throw 1 of 2
Liberty Rebound
MISS Willoughby Free Throw 2 of 2
Coates REBOUND (Off:0 Def:1)
",0,0,0,0,2023-10-08,1042300301,0,0,LVA,4,1,-17,01:20,Off FT Make,0,"[{""description"": ""Bell S.FOUL (P1.PN)"", ""url"": """"}, {""description"": ""MISS Willoughby Free Throw 1 of 2"", ""url"": """"}, {""description"": ""Liberty Rebound"", ""url"": """"}, {""description"": ""MISS Willoughby Free Throw 2 of 2"", ""url"": """"}, {""description"": ""Coates REBOUND (Off:0 Def:1)"", ""url"": """"}]",True,possessions,4Q/OT | margin -3..3 | 300..120,team
wnba,wnba_shot_pace,shot_pace,possessions,get-possessions,2023,Playoffs,team,"{'OffDef': 'Offense', 'FilterComparison': 'Exactly', 'FilterEvent': 'OnFloor', 'FilterValue': 5, 'StartType': 'All', 'Season': '2023', 'SeasonType': 'Playoffs', 'TeamId': '1611661313'}",shot_pace,1611661313,4Q/OT | margin -3..3 | 300..120,get-possessions__possessions__off_def-Offense__filter_comparison-Exactly__filter_event-OnFloor__filter_value-5__start_type-All__season-2023__season_type-Playoffs__team_id-1611661313__f001ca9b,get-possessions,https://api.pbpstats.com/get-possessions/wnba?OffDef=Offense&FilterComparison=Exactly&FilterEvent=OnFloor&FilterValue=5&StartType=All&Season=2023&SeasonType=Playoffs&TeamId=1611661313,200,238,01:20,"MISS Johannès 25' 3PT Jump Shot
ACES Rebound
",0,0,1,0,2023-10-08,1042300301,0,0,LVA,4,0,-15,01:34,Off Timeout,0,"[{""description"": ""MISS Johannès 25' 3PT Jump Shot"", ""url"": """"}, {""description"": ""ACES Rebound"", ""url"": """"}]",True,possessions,4Q/OT | margin -3..3 | 300..120,team
wnba,wnba_shot_pace,shot_pace,possessions,get-possessions,2023,Playoffs,team,"{'OffDef': 'Offense', 'FilterComparison': 'Exactly', 'FilterEvent': 'OnFloor', 'FilterValue': 5, 'StartType': 'All', 'Season': '2023', 'SeasonType': 'Playoffs', 'TeamId': '1611661313'}",shot_pace,1611661313,4Q/OT | margin -3..3 | 300..120,get-possessions__possessions__off_def-Offense__filter_comparison-Exactly__filter_event-OnFloor__filter_value-5__start_type-All__season-2023__season_type-Playoffs__team_id-1611661313__f001ca9b,get-possessions,https://api.pbpstats.com/get-possessions/wnba?OffDef=Offense&FilterComparison=Exactly&FilterEvent=OnFloor&FilterValue=5&StartType=All&Season=2023&SeasonType=Playoffs&TeamId=1611661313,200,239,01:58,"Laney 16' Pullup Jump Shot (11 PTS)
",1,1,0,0,2023-10-08,1042300301,0,0,LVA,4,0,-17,02:15,Off Arc 3 Make,0,"[{""description"": ""Laney 16' Pullup Jump Shot (11 PTS)"", ""url"": """"}]",True,possessions,4Q/OT | margin -3..3 | 300..120,team
wnba,wnba_shot_pace,shot_pace,possessions,get-possessions,2023,Playoffs,team,"{'OffDef': 'Offense', 'FilterComparison': 'Exactly', 'FilterEvent': 'OnFloor', 'FilterValue': 5, 'StartType': 'All', 'Season': '2023', 'SeasonType': 'Playoffs', 'TeamId': '1611661313'}",shot_pace,1611661313,4Q/OT | margin -3..3 | 300..120,get-possessions__possessions__off_def-Offense__filter_comparison-Exactly__filter_event-OnFloor__filter_value-5__start_type-All__season-2023__season_type-Playoffs__team_id-1611661313__f001ca9b,get-possessions,https://api.pbpstats.com/get-possessions/wnba?OffDef=Offense&FilterComparison=Exactly&FilterEvent=OnFloor&FilterValue=5&StartType=All&Season=2023&SeasonType=Playoffs&TeamId=1611661313,200,240,02:33,"Vandersloot 25' 3PT Pullup Jump Shot (10 PTS)
",0,0,1,1,2023-10-08,1042300301,0,0,LVA,4,0,-17,02:41,Off Corner 3 Miss,0,"[{""description"": ""Vandersloot 25' 3PT Pullup Jump Shot (10 PTS)"", ""url"": """"}]",True,possessions,4Q/OT | margin -3..3 | 300..120,team
wnba,wnba_shot_pace,shot_pace,possessions,get-possessions,2023,Playoffs,team,"{'OffDef': 'Offense', 'FilterComparison': 'Exactly', 'FilterEvent': 'OnFloor', 'FilterValue': 5, 'StartType': 'All', 'Season': '2023', 'SeasonType': 'Playoffs', 'TeamId': '1611661313'}",shot_pace,1611661313,4Q/OT | margin -3..3 | 300..120,get-possessions__possessions__off_def-Offense__filter_comparison-Exactly__filter_event-OnFloor__filter_value-5__start_type-All__season-2023__season_type-Playoffs__team_id-1611661313__f001ca9b,get-possessions,https://api.pbpstats.com/get-possessions/wnba?OffDef=Offense&FilterComparison=Exactly&FilterEvent=OnFloor&FilterValue=5&StartType=All&Season=2023&SeasonType=Playoffs&TeamId=1611661313,200,241,02:58,"MISS Ionescu 27' 3PT Jump Shot
Stewart REBOUND (Off:2 Def:6)
Stewart 6' Putback Layup (21 PTS)
",1,1,1,0,2023-10-08,1042300301,0,1,LVA,4,0,-20,03:07,Off Steal,0,"[{""description"": ""MISS Ionescu 27' 3PT Jump Shot"", ""url"": """"}, {""description"": ""Stewart REBOUND (Off:2 Def:6)"", ""url"": """"}, {""description"": ""Stewart 6' Putback Layup (21 PTS)"", ""url"": """"}]",True,possessions,4Q/OT | margin -3..3 | 300..120,team
wnba,wnba_shot_pace,shot_pace,possessions,get-possessions,2023,Playoffs,team,"{'OffDef': 'Offense', 'FilterComparison': 'Exactly', 'FilterEvent': 'OnFloor', 'FilterValue': 5, 'StartType': 'All', 'Season': '2023', 'SeasonType': 'Playoffs', 'TeamId': '1611661313'}",shot_pace,1611661313,4Q/OT | margin -3..3 | 300..120,get-possessions__possessions__off_def-Offense__filter_comparison-Exactly__filter_event-OnFloor__filter_value-5__start_type-All__season-2023__season_type-Playoffs__team_id-1611661313__f001ca9b,get-possessions,https://api.pbpstats.com/get-possessions/wnba?OffDef=Offense&FilterComparison=Exactly&FilterEvent=OnFloor&FilterValue=5&StartType=All&Season=2023&SeasonType=Playoffs&TeamId=1611661313,200,242,03:22,"Vandersloot 20' Pullup Jump Shot (7 PTS)
",1,1,0,0,2023-10-08,1042300301,0,0,LVA,4,0,-22,03:32,Off Short Mid-Range Make,0,"[{""description"": ""Vandersloot 20' Pullup Jump Shot (7 PTS)"", ""url"": """"}]",True,possessions,4Q/OT | margin -3..3 | 300..120,team
wnba,wnba_shot_pace,shot_pace,possessions,get-possessions,2023,Playoffs,team,"{'OffDef': 'Offense', 'FilterComparison': 'Exactly', 'FilterEvent': 'OnFloor', 'FilterValue': 5, 'StartType': 'All', 'Season': '2023', 'SeasonType': 'Playoffs', 'TeamId': '1611661313'}",shot_pace,1611661313,4Q/OT | margin -3..3 | 300..120,get-possessions__possessions__off_def-Offense__filter_comparison-Exactly__filter_event-OnFloor__filter_value-5__start_type-All__season-2023__season_type-Playoffs__team_id-1611661313__f001ca9b,get-possessions,https://api.pbpstats.com/get-possessions/wnba?OffDef=Offense&FilterComparison=Exactly&FilterEvent=OnFloor&FilterValue=5&StartType=All&Season=2023&SeasonType=Playoffs&TeamId=1611661313,200,243,03:53,"Gray S.FOUL (P1.T4)
Stewart Free Throw 1 of 2 (19 PTS)
MISS Stewart Free Throw 2 of 2
Young REBOUND (Off:0 Def:5)
",0,0,0,0,2023-10-08,1042300301,0,0,LVA,4,1,-21,04:12,Off Timeout,0,"[{""description"": ""Gray S.FOUL (P1.T4)"", ""url"": """"}, {""description"": ""Stewart Free Throw 1 of 2 (19 PTS)"", ""url"": """"}, {""description"": ""MISS Stewart Free Throw 2 of 2"", ""url"": """"}, {""description"": ""Young REBOUND (Off:0 Def:5)"", ""url"": """"}]",True,possessions,4Q/OT | margin -3..3 | 300..120,team
wnba,wnba_shot_pace,shot_pace,possessions,get-possessions,2023,Playoffs,team,"{'OffDef': 'Offense', 'FilterComparison': 'Exactly', 'FilterEvent': 'OnFloor', 'FilterValue': 5, 'StartType': 'All', 'Season': '2023', 'SeasonType': 'Playoffs', 'TeamId': '1611661313'}",shot_pace,1611661313,4Q/OT | margin -3..3 | 300..120,get-possessions__possessions__off_def-Offense__filter_comparison-Exactly__filter_event-OnFloor__filter_value-5__start_type-All__season-2023__season_type-Playoffs__team_id-1611661313__f001ca9b,get-possessions,https://api.pbpstats.com/get-possessions/wnba?OffDef=Offense&FilterComparison=Exactly&FilterEvent=OnFloor&FilterValue=5&StartType=All&Season=2023&SeasonType=Playoffs&TeamId=1611661313,200,244,04:26,"Plum P.FOUL (P4.T3)
MISS Stewart 18' Pullup Jump Shot
Plum REBOUND (Off:0 Def:5)
",1,0,0,0,2023-10-08,1042300301,0,0,LVA,4,0,-19,04:44,Off Short Mid-Range Make,0,"[{""description"": ""Plum P.FOUL (P4.T3)"", ""url"": """"}, {""description"": ""MISS Stewart 18' Pullup Jump Shot"", ""url"": """"}, {""description"": ""Plum REBOUND (Off:0 Def:5)"", ""url"": """"}]",True,possessions,4Q/OT | margin -3..3 | 300..120,team
wnba,wnba_shot_pace,shot_pace,possessions,get-possessions,2023,Playoffs,team,"{'OffDef': 'Offense', 'FilterComparison': 'Exactly', 'FilterEvent': 'OnFloor', 'FilterValue': 5, 'StartType': 'All', 'Season': '2023', 'SeasonType': 'Playoffs', 'TeamId': '1611661313'}",shot_pace,1611661313,4Q/OT | margin -3..3 | 300..120,get-possessions__possessions__off_def-Offense__filter_comparison-Exactly__filter_event-OnFloor__filter_value-5__start_type-All__season-2023__season_type-Playoffs__team_id-1611661313__f001ca9b,get-possessions,https://api.pbpstats.com/get-possessions/wnba?OffDef=Offense&FilterComparison=Exactly&FilterEvent=OnFloor&FilterValue=5&StartType=All&Season=2023&SeasonType=Playoffs&TeamId=1611661313,200,245,04:55,"Jones 5' Cutting Layup Shot (16 PTS) (Ionescu 5 AST)
",1,1,0,0,2023-10-08,1042300301,0,0,LVA,4,0,-19,05:09,Off Short Mid-Range Make,0,"[{""description"": ""Jones 5' Cutting Layup Shot (16 PTS) (Ionescu 5 AST)"", ""url"": """"}]",True,possessions,4Q/OT | margin -3..3 | 300..120,team
wnba,wnba_shot_pace,shot_pace,possessions,get-possessions,2023,Playoffs,team,"{'OffDef': 'Offense', 'FilterComparison': 'Exactly', 'FilterEvent': 'OnFloor', 'FilterValue': 5, 'StartType': 'All', 'Season': '2023', 'SeasonType': 'Playoffs', 'TeamId': '1611661313'}",shot_pace,1611661313,4Q/OT | margin -3..3 | 300..120,get-possessions__possessions__off_def-Offense__filter_comparison-Exactly__filter_event-OnFloor__filter_value-5__start_type-All__season-2023__season_type-Playoffs__team_id-1611661313__f001ca9b,get-possessions,https://api.pbpstats.com/get-possessions/wnba?OffDef=Offense&FilterComparison=Exactly&FilterEvent=OnFloor&FilterValue=5&StartType=All&Season=2023&SeasonType=Playoffs&TeamId=1611661313,200,246,05:13,"Young STEAL (3 STL): Jones Bad Pass Turnover (P1.T11)
",0,0,0,0,2023-10-08,1042300301,0,0,LVA,4,0,-17,05:28,Off Short Mid-Range Miss,1,"[{""description"": ""Young STEAL (3 STL): Jones Bad Pass Turnover (P1.T11)"", ""url"": """"}]",True,possessions,4Q/OT | margin -3..3 | 300..120,team
wnba,wnba_shot_pace,shot_pace,possessions,get-possessions,2023,Playoffs,team,"{'OffDef': 'Offense', 'FilterComparison': 'Exactly', 'FilterEvent': 'OnFloor', 'FilterValue': 5, 'StartType': 'All', 'Season': '2023', 'SeasonType': 'Playoffs', 'TeamId': '1611661313'}",shot_pace,1611661313,4Q/OT | margin -3..3 | 300..120,get-possessions__possessions__off_def-Offense__filter_comparison-Exactly__filter_event-OnFloor__filter_value-5__start_type-All__season-2023__season_type-Playoffs__team_id-1611661313__f001ca9b,get-possessions,https://api.pbpstats.com/get-possessions/wnba?OffDef=Offense&FilterComparison=Exactly&FilterEvent=OnFloor&FilterValue=5&StartType=All&Season=2023&SeasonType=Playoffs&TeamId=1611661313,200,247,05:49,"MISS Stewart 16' Turnaround Fadeaway Shot
ACES Rebound
",1,0,0,0,2023-10-08,1042300301,0,0,LVA,4,0,-17,06:09,Off FT Make,0,"[{""description"": ""MISS Stewart 16' Turnaround Fadeaway Shot"", ""url"": """"}, {""description"": ""ACES Rebound"", ""url"": """"}]",True,possessions,4Q/OT | margin -3..3 | 300..120,team
wnba,wnba_shot_pace,shot_pace,possessions,get-possessions,2023,Playoffs,team,"{'OffDef': 'Offense', 'FilterComparison': 'Exactly', 'FilterEvent': 'OnFloor', 'FilterValue': 5, 'StartType': 'All', 'Season': '2023', 'SeasonType': 'Playoffs', 'TeamId': '1611661313'}",shot_pace,1611661313,4Q/OT | margin -3..3 | 300..120,get-possessions__possessions__off_def-Offense__filter_comparison-Exactly__filter_event-OnFloor__filter_value-5__start_type-All__season-2023__season_type-Playoffs__team_id-1611661313__f001ca9b,get-possessions,https://api.pbpstats.com/get-possessions/wnba?OffDef=Offense&FilterComparison=Exactly&FilterEvent=OnFloor&FilterValue=5&StartType=All&Season=2023&SeasonType=Playoffs&TeamId=1611661313,200,248,06:10,"Plum STEAL (1 STL): Ionescu Bad Pass Turnover (P1.T10)
",0,0,0,0,2023-10-08,1042300301,0,0,LVA,4,0,-15,06:15,Off Short Mid-Range Make,1,"[{""description"": ""Plum STEAL (1 STL): Ionescu Bad Pass Turnover (P1.T10)"", ""url"": """"}]",True,possessions,4Q/OT | margin -3..3 | 300..120,team
wnba,wnba_shot_pace,shot_pace,possessions,get-possessions,2023,Playoffs,team,"{'OffDef': 'Offense', 'FilterComparison': 'Exactly', 'FilterEvent': 'OnFloor', 'FilterValue': 5, 'StartType': 'All', 'Season': '2023', 'SeasonType': 'Playoffs', 'TeamId': '1611661313'}",shot_pace,1611661313,4Q/OT | margin -3..3 | 300..120,get-possessions__possessions__off_def-Offense__filter_comparison-Exactly__filter_event-OnFloor__filter_value-5__start_type-All__season-2023__season_type-Playoffs__team_id-1611661313__f001ca9b,get-possessions,https://api.pbpstats.com/get-possessions/wnba?OffDef=Offense&FilterComparison=Exactly&FilterEvent=OnFloor&FilterValue=5&StartType=All&Season=2023&SeasonType=Playoffs&TeamId=1611661313,200,249,06:29,"MISS Jones 24' 3PT Jump Shot
Gray REBOUND (Off:0 Def:6)
",0,0,1,0,2023-10-08,1042300301,0,0,LVA,4,0,-13,06:47,Off FT Make,0,"[{""description"": ""MISS Jones 24' 3PT Jump Shot"", ""url"": """"}, {""description"": ""Gray REBOUND (Off:0 Def:6)"", ""url"": """"}]",True,possessions,4Q/OT | margin -3..3 | 300..120,team
wnba,wnba_shot_pace,shot_pace,possessions,get-possessions,2023,Playoffs,team,"{'OffDef': 'Offense', 'FilterComparison': 'Exactly', 'FilterEvent': 'OnFloor', 'FilterValue': 5, 'StartType': 'All', 'Season': '2023', 'SeasonType': 'Playoffs', 'TeamId': '1611661313'}",shot_pace,1611661313,4Q/OT | margin -3..3 | 300..120,get-possessions__possessions__off_def-Offense__filter_comparison-Exactly__filter_event-OnFloor__filter_value-5__start_type-All__season-2023__season_type-Playoffs__team_id-1611661313__f001ca9b,get-possessions,https://api.pbpstats.com/get-possessions/wnba?OffDef=Offense&FilterComparison=Exactly&FilterEvent=OnFloor&FilterValue=5&StartType=All&Season=2023&SeasonType=Playoffs&TeamId=1611661313,200,250,07:00,"Vandersloot 20' Pullup Jump Shot (5 PTS)
",1,1,0,0,2023-10-08,1042300301,0,0,LVA,4,0,-13,07:20,Off Short Mid-Range Make,0,"[{""description"": ""Vandersloot 20' Pullup Jump Shot (5 PTS)"", ""url"": """"}]",True,possessions,4Q/OT | margin -3..3 | 300..120,team
wnba,wnba_shot_pace,shot_pace,possessions,get-possessions,2023,Playoffs,team,"{'OffDef': 'Offense', 'FilterComparison': 'Exactly', 'FilterEvent': 'OnFloor', 'FilterValue': 5, 'StartType': 'All', 'Season': '2023', 'SeasonType': 'Playoffs', 'TeamId': '1611661313'}",shot_pace,1611661313,4Q/OT | margin -3..3 | 300..120,get-possessions__possessions__off_def-Offense__filter_comparison-Exactly__filter_event-OnFloor__filter_value-5__start_type-All__season-2023__season_type-Playoffs__team_id-1611661313__f001ca9b,get-possessions,https://api.pbpstats.com/get-possessions/wnba?OffDef=Offense&FilterComparison=Exactly&FilterEvent=OnFloor&FilterValue=5&StartType=All&Season=2023&SeasonType=Playoffs&TeamId=1611661313,200,251,07:36,"Young P.FOUL (P3.T2)
Laney 6' Cutting Layup Shot (9 PTS) (Vandersloot 6 AST)
",1,1,0,0,2023-10-08,1042300301,0,0,LVA,4,0,-13,07:56,Off Timeout,0,"[{""description"": ""Young P.FOUL (P3.T2)"", ""url"": """"}, {""description"": ""Laney 6' Cutting Layup Shot (9 PTS) (Vandersloot 6 AST)"", ""url"": """"}]",True,possessions,4Q/OT | margin -3..3 | 300..120,team
wnba,wnba_shot_pace,shot_pace,possessions,get-possessions,2023,Playoffs,team,"{'OffDef': 'Offense', 'FilterComparison': 'Exactly', 'FilterEvent': 'OnFloor', 'FilterValue': 5, 'StartType': 'All', 'Season': '2023', 'SeasonType': 'Playoffs', 'TeamId': '1611661313'}",shot_pace,1611661313,4Q/OT | margin -3..3 | 300..120,get-possessions__possessions__off_def-Offense__filter_comparison-Exactly__filter_event-OnFloor__filter_value-5__start_type-All__season-2023__season_type-Playoffs__team_id-1611661313__f001ca9b,get-possessions,https://api.pbpstats.com/get-possessions/wnba?OffDef=Offense&FilterComparison=Exactly&FilterEvent=OnFloor&FilterValue=5&StartType=All&Season=2023&SeasonType=Playoffs&TeamId=1611661313,200,252,08:11,"Young STEAL (2 STL): Laney Bad Pass Turnover (P3.T9)
",0,0,0,0,2023-10-08,1042300301,0,0,LVA,4,0,-11,08:13,Off Long Mid-Range Miss,1,"[{""description"": ""Young STEAL (2 STL): Laney Bad Pass Turnover (P3.T9)"", ""url"": """"}]",True,possessions,4Q/OT | margin -3..3 | 300..120,team
wnba,wnba_shot_pace,shot_pace,possessions,get-possessions,2023,Playoffs,team,"{'OffDef': 'Offense', 'FilterComparison': 'Exactly', 'FilterEvent': 'OnFloor', 'FilterValue': 5, 'StartType': 'All', 'Season': '2023', 'SeasonType': 'Playoffs', 'TeamId': '1611661313'}",shot_pace,1611661313,4Q/OT | margin -3..3 | 300..120,get-possessions__possessions__off_def-Offense__filter_comparison-Exactly__filter_event-OnFloor__filter_value-5__start_type-All__season-2023__season_type-Playoffs__team_id-1611661313__f001ca9b,get-possessions,https://api.pbpstats.com/get-possessions/wnba?OffDef=Offense&FilterComparison=Exactly&FilterEvent=OnFloor&FilterValue=5&StartType=All&Season=2023&SeasonType=Playoffs&TeamId=1611661313,200,253,08:36,"Stokes P.FOUL (P2.T1)
MISS Johannès 5' Cutting Layup Shot
Gray REBOUND (Off:0 Def:5)
",1,0,0,0,2023-10-08,1042300301,0,0,LVA,4,0,-11,08:57,Off Short Mid-Range Make,0,"[{""description"": ""Stokes P.FOUL (P2.T1)"", ""url"": """"}, {""description"": ""MISS Johannès 5' Cutting Layup Shot"", ""url"": """"}, {""description"": ""Gray REBOUND (Off:0 Def:5)"", ""url"": """"}]",True,possessions,4Q/OT | margin -3..3 | 300..120,team
wnba,wnba_shot_pace,shot_pace,possessions,get-possessions,2023,Playoffs,team,"{'OffDef': 'Offense', 'FilterComparison': 'Exactly', 'FilterEvent': 'OnFloor', 'FilterValue': 5, 'StartType': 'All', 'Season': '2023', 'SeasonType': 'Playoffs', 'TeamId': '1611661313'}",shot_pace,1611661313,4Q/OT | margin -3..3 | 300..120,get-possessions__possessions__off_def-Offense__filter_comparison-Exactly__filter_event-OnFloor__filter_value-5__start_type-All__season-2023__season_type-Playoffs__team_id-1611661313__f001ca9b,get-possessions,https://api.pbpstats.com/get-possessions/wnba?OffDef=Offense&FilterComparison=Exactly&FilterEvent=OnFloor&FilterValue=5&StartType=All&Season=2023&SeasonType=Playoffs&TeamId=1611661313,200,254,09:14,"MISS Laney 25' 3PT Jump Shot
Young REBOUND (Off:0 Def:4)
",0,0,1,0,2023-10-08,1042300301,0,0,LVA,4,0,-9,09:39,Off Short Mid-Range Make,0,"[{""description"": ""MISS Laney 25' 3PT Jump Shot"", ""url"": """"}, {""description"": ""Young REBOUND (Off:0 Def:4)"", ""url"": """"}]",True,possessions,4Q/OT | margin -3..3 | 300..120,team
wnba,wnba_shot_pace,shot_pace,possessions,get-possessions,2023,Playoffs,team,"{'OffDef': 'Offense', 'FilterComparison': 'Exactly', 'FilterEvent': 'OnFloor', 'FilterValue': 5, 'StartType': 'All', 'Season': '2023', 'SeasonType': 'Playoffs', 'TeamId': '1611661313'}",shot_pace,1611661313,4Q/OT | margin -3..3 | 300..120,get-possessions__possessions__off_def-Offense__filter_comparison-Exactly__filter_event-OnFloor__filter_value-5__start_type-All__season-2023__season_type-Playoffs__team_id-1611661313__f001ca9b,get-possessions,https://api.pbpstats.com/get-possessions/wnba?OffDef=Offense&FilterComparison=Exactly&FilterEvent=OnFloor&FilterValue=5&StartType=All&Season=2023&SeasonType=Playoffs&TeamId=1611661313,200,255,00:00,,0,0,0,0,2023-10-08,1042300301,0,0,LVA,3,0,-7,00:05,Off FT Make,0,[],True,possessions,4Q/OT | margin -3..3 | 300..120,team
wnba,wnba_shot_pace,shot_pace,possessions,get-possessions,2023,Playoffs,team,"{'OffDef': 'Offense', 'FilterComparison': 'Exactly', 'FilterEvent': 'OnFloor', 'FilterValue': 5, 'StartType': 'All', 'Season': '2023', 'SeasonType': 'Playoffs', 'TeamId': '1611661313'}",shot_pace,1611661313,4Q/OT | margin -3..3 | 300..120,get-possessions__possessions__off_def-Offense__filter_comparison-Exactly__filter_event-OnFloor__filter_value-5__start_type-All__season-2023__season_type-Playoffs__team_id-1611661313__f001ca9b,get-possessions,https://api.pbpstats.com/get-possessions/wnba?OffDef=Offense&FilterComparison=Exactly&FilterEvent=OnFloor&FilterValue=5&StartType=All&Season=2023&SeasonType=Playoffs&TeamId=1611661313,200,256,00:12,"Ionescu 16' Pullup Jump Shot (6 PTS)
",1,1,0,0,2023-10-08,1042300301,0,0,LVA,3,0,-6,00:31,Off FT Make,0,"[{""description"": ""Ionescu 16' Pullup Jump Shot (6 PTS)"", ""url"": """"}]",True,possessions,4Q/OT | margin -3..3 | 300..120,team
wnba,wnba_shot_pace,shot_pace,possessions,get-possessions,2023,Playoffs,team,"{'OffDef': 'Offense', 'FilterComparison': 'Exactly', 'FilterEvent': 'OnFloor', 'FilterValue': 5, 'StartType': 'All', 'Season': '2023', 'SeasonType': 'Playoffs', 'TeamId': '1611661313'}",shot_pace,1611661313,4Q/OT | margin -3..3 | 300..120,get-possessions__possessions__off_def-Offense__filter_comparison-Exactly__filter_event-OnFloor__filter_value-5__start_type-All__season-2023__season_type-Playoffs__team_id-1611661313__f001ca9b,get-possessions,https://api.pbpstats.com/get-possessions/wnba?OffDef=Offense&FilterComparison=Exactly&FilterEvent=OnFloor&FilterValue=5&StartType=All&Season=2023&SeasonType=Playoffs&TeamId=1611661313,200,257,00:40,"Clark S.FOUL (P4.PN)
Stewart Free Throw 1 of 2 (17 PTS)
Stewart Free Throw 2 of 2 (18 PTS)
",0,0,0,0,2023-10-08,1042300301,0,0,LVA,3,1,-6,00:47,Off Arc 3 Miss,0,"[{""description"": ""Clark S.FOUL (P4.PN)"", ""url"": """"}, {""description"": ""Stewart Free Throw 1 of 2 (17 PTS)"", ""url"": """"}, {""description"": ""Stewart Free Throw 2 of 2 (18 PTS)"", ""url"": """"}]",True,possessions,4Q/OT | margin -3..3 | 300..120,team
wnba,wnba_shot_pace,shot_pace,possessions,get-possessions,2023,Playoffs,team,"{'OffDef': 'Offense', 'FilterComparison': 'Exactly', 'FilterEvent': 'OnFloor', 'FilterValue': 5, 'StartType': 'All', 'Season': '2023', 'SeasonType': 'Playoffs', 'TeamId': '1611661313'}",shot_pace,1611661313,4Q/OT | margin -3..3 | 300..120,get-possessions__possessions__off_def-Offense__filter_comparison-Exactly__filter_event-OnFloor__filter_value-5__start_type-All__season-2023__season_type-Playoffs__team_id-1611661313__f001ca9b,get-possessions,https://api.pbpstats.com/get-possessions/wnba?OffDef=Offense&FilterComparison=Exactly&FilterEvent=OnFloor&FilterValue=5&StartType=All&Season=2023&SeasonType=Playoffs&TeamId=1611661313,200,258,00:50,"Wilson BLOCK (3 BLK): MISS Vandersloot 8' Driving Finger Roll Layup
Clark REBOUND (Off:0 Def:3)
",1,0,0,0,2023-10-08,1042300301,0,0,LVA,3,0,-6,01:05,Off Short Mid-Range Make,0,"[{""description"": ""Wilson BLOCK (3 BLK): MISS Vandersloot 8' Driving Finger Roll Layup"", ""url"": """"}, {""description"": ""Clark REBOUND (Off:0 Def:3)"", ""url"": """"}]",True,possessions,4Q/OT | margin -3..3 | 300..120,team
wnba,wnba_shot_pace,shot_pace,possessions,get-possessions,2023,Playoffs,team,"{'OffDef': 'Offense', 'FilterComparison': 'Exactly', 'FilterEvent': 'OnFloor', 'FilterValue': 5, 'StartType': 'All', 'Season': '2023', 'SeasonType': 'Playoffs', 'TeamId': '1611661313'}",shot_pace,1611661313,4Q/OT | margin -3..3 | 300..120,get-possessions__possessions__off_def-Offense__filter_comparison-Exactly__filter_event-OnFloor__filter_value-5__start_type-All__season-2023__season_type-Playoffs__team_id-1611661313__f001ca9b,get-possessions,https://api.pbpstats.com/get-possessions/wnba?OffDef=Offense&FilterComparison=Exactly&FilterEvent=OnFloor&FilterValue=5&StartType=All&Season=2023&SeasonType=Playoffs&TeamId=1611661313,200,259,01:22,"Clark P.FOUL (P3.T3)
Wilson BLOCK (2 BLK): MISS Stewart 14' Jump Shot
Gray REBOUND (Off:0 Def:4)
",1,0,0,0,2023-10-08,1042300301,0,0,LVA,3,0,-4,01:51,Off Corner 3 Miss,0,"[{""description"": ""Clark P.FOUL (P3.T3)"", ""url"": """"}, {""description"": ""Wilson BLOCK (2 BLK): MISS Stewart 14' Jump Shot"", ""url"": """"}, {""description"": ""Gray REBOUND (Off:0 Def:4)"", ""url"": """"}]",True,possessions,4Q/OT | margin -3..3 | 300..120,team
wnba,wnba_shot_pace,shot_pace,possessions,get-possessions,2023,Playoffs,team,"{'OffDef': 'Offense', 'FilterComparison': 'Exactly', 'FilterEvent': 'OnFloor', 'FilterValue': 5, 'StartType': 'All', 'Season': '2023', 'SeasonType': 'Playoffs', 'TeamId': '1611661313'}",shot_pace,1611661313,4Q/OT | margin -3..3 | 300..120,get-possessions__possessions__off_def-Offense__filter_comparison-Exactly__filter_event-OnFloor__filter_value-5__start_type-All__season-2023__season_type-Playoffs__team_id-1611661313__f001ca9b,get-possessions,https://api.pbpstats.com/get-possessions/wnba?OffDef=Offense&FilterComparison=Exactly&FilterEvent=OnFloor&FilterValue=5&StartType=All&Season=2023&SeasonType=Playoffs&TeamId=1611661313,200,260,02:05,"MISS Johannès 24' 3PT Pullup Jump Shot
Plum REBOUND (Off:0 Def:4)
",0,0,1,0,2023-10-08,1042300301,0,0,LVA,3,0,-4,02:20,Off Long Mid-Range Make,0,"[{""description"": ""MISS Johannès 24' 3PT Pullup Jump Shot"", ""url"": """"}, {""description"": ""Plum REBOUND (Off:0 Def:4)"", ""url"": """"}]",True,possessions,4Q/OT | margin -3..3 | 300..120,team
wnba,wnba_shot_pace,shot_pace,possessions,get-possessions,2023,Playoffs,team,"{'OffDef': 'Offense', 'FilterComparison': 'Exactly', 'FilterEvent': 'OnFloor', 'FilterValue': 5, 'StartType': 'All', 'Season': '2023', 'SeasonType': 'Playoffs', 'TeamId': '1611661313'}",shot_pace,1611661313,4Q/OT | margin -3..3 | 300..120,get-possessions__possessions__off_def-Offense__filter_comparison-Exactly__filter_event-OnFloor__filter_value-5__start_type-All__season-2023__season_type-Playoffs__team_id-1611661313__f001ca9b,get-possessions,https://api.pbpstats.com/get-possessions/wnba?OffDef=Offense&FilterComparison=Exactly&FilterEvent=OnFloor&FilterValue=5&StartType=All&Season=2023&SeasonType=Playoffs&TeamId=1611661313,200,261,02:33,"Laney 16' Pullup Jump Shot (7 PTS) (Jones 1 AST)
",1,1,0,0,2023-10-08,1042300301,0,0,LVA,3,0,-4,02:54,Off Corner 3 Make,0,"[{""description"": ""Laney 16' Pullup Jump Shot (7 PTS) (Jones 1 AST)"", ""url"": """"}]",True,possessions,4Q/OT | margin -3..3 | 300..120,team
wnba,wnba_shot_pace,shot_pace,possessions,get-possessions,2023,Playoffs,team,"{'OffDef': 'Offense', 'FilterComparison': 'Exactly', 'FilterEvent': 'OnFloor', 'FilterValue': 5, 'StartType': 'All', 'Season': '2023', 'SeasonType': 'Playoffs', 'TeamId': '1611661313'}",shot_pace,1611661313,4Q/OT | margin -3..3 | 300..120,get-possessions__possessions__off_def-Offense__filter_comparison-Exactly__filter_event-OnFloor__filter_value-5__start_type-All__season-2023__season_type-Playoffs__team_id-1611661313__f001ca9b,get-possessions,https://api.pbpstats.com/get-possessions/wnba?OffDef=Offense&FilterComparison=Exactly&FilterEvent=OnFloor&FilterValue=5&StartType=All&Season=2023&SeasonType=Playoffs&TeamId=1611661313,200,262,03:02,"MISS Ionescu 27' 3PT Jump Shot
Wilson REBOUND (Off:1 Def:7)
",0,0,1,0,2023-10-08,1042300301,0,0,LVA,3,0,-1,03:23,Off Short Mid-Range Miss,0,"[{""description"": ""MISS Ionescu 27' 3PT Jump Shot"", ""url"": """"}, {""description"": ""Wilson REBOUND (Off:1 Def:7)"", ""url"": """"}]",True,possessions,4Q/OT | margin -3..3 | 300..120,team
wnba,wnba_shot_pace,shot_pace,possessions,get-possessions,2023,Playoffs,team,"{'OffDef': 'Offense', 'FilterComparison': 'Exactly', 'FilterEvent': 'OnFloor', 'FilterValue': 5, 'StartType': 'All', 'Season': '2023', 'SeasonType': 'Playoffs', 'TeamId': '1611661313'}",shot_pace,1611661313,4Q/OT | margin -3..3 | 300..120,get-possessions__possessions__off_def-Offense__filter_comparison-Exactly__filter_event-OnFloor__filter_value-5__start_type-All__season-2023__season_type-Playoffs__team_id-1611661313__f001ca9b,get-possessions,https://api.pbpstats.com/get-possessions/wnba?OffDef=Offense&FilterComparison=Exactly&FilterEvent=OnFloor&FilterValue=5&StartType=All&Season=2023&SeasonType=Playoffs&TeamId=1611661313,200,263,03:39,"Laney Out of Bounds - Bad Pass Turnover Turnover (P2.T8)
",0,0,0,0,2023-10-08,1042300301,0,0,LVA,3,0,-1,03:41,Off Corner 3 Miss,1,"[{""description"": ""Laney Out of Bounds - Bad Pass Turnover Turnover (P2.T8)"", ""url"": """"}]",True,possessions,4Q/OT | margin -3..3 | 300..120,team
wnba,wnba_shot_pace,shot_pace,possessions,get-possessions,2023,Playoffs,team,"{'OffDef': 'Offense', 'FilterComparison': 'Exactly', 'FilterEvent': 'OnFloor', 'FilterValue': 5, 'StartType': 'All', 'Season': '2023', 'SeasonType': 'Playoffs', 'TeamId': '1611661313'}",shot_pace,1611661313,4Q/OT | margin -3..3 | 300..120,get-possessions__possessions__off_def-Offense__filter_comparison-Exactly__filter_event-OnFloor__filter_value-5__start_type-All__season-2023__season_type-Playoffs__team_id-1611661313__f001ca9b,get-possessions,https://api.pbpstats.com/get-possessions/wnba?OffDef=Offense&FilterComparison=Exactly&FilterEvent=OnFloor&FilterValue=5&StartType=All&Season=2023&SeasonType=Playoffs&TeamId=1611661313,200,264,04:00,"Wilson BLOCK (1 BLK): MISS Jones 4' Layup
ACES Rebound
",1,0,0,0,2023-10-08,1042300301,0,0,LVA,3,0,-1,04:07,Off Steal,0,"[{""description"": ""Wilson BLOCK (1 BLK): MISS Jones 4' Layup"", ""url"": """"}, {""description"": ""ACES Rebound"", ""url"": """"}]",True,possessions,4Q/OT | margin -3..3 | 300..120,team
wnba,wnba_shot_pace,shot_pace,possessions,get-possessions,2023,Playoffs,team,"{'OffDef': 'Offense', 'FilterComparison': 'Exactly', 'FilterEvent': 'OnFloor', 'FilterValue': 5, 'StartType': 'All', 'Season': '2023', 'SeasonType': 'Playoffs', 'TeamId': '1611661313'}",shot_pace,1611661313,4Q/OT | margin -3..3 | 300..120,get-possessions__possessions__off_def-Offense__filter_comparison-Exactly__filter_event-OnFloor__filter_value-5__start_type-All__season-2023__season_type-Playoffs__team_id-1611661313__f001ca9b,get-possessions,https://api.pbpstats.com/get-possessions/wnba?OffDef=Offense&FilterComparison=Exactly&FilterEvent=OnFloor&FilterValue=5&StartType=All&Season=2023&SeasonType=Playoffs&TeamId=1611661313,200,265,04:13,"Young STEAL (1 STL): Johannès Bad Pass Turnover (P3.T7)
",0,0,0,0,2023-10-08,1042300301,0,0,LVA,3,0,-1,04:20,Off Steal,1,"[{""description"": ""Young STEAL (1 STL): Johannès Bad Pass Turnover (P3.T7)"", ""url"": """"}]",True,possessions,4Q/OT | margin -3..3 | 300..120,team
wnba,wnba_shot_pace,shot_pace,possessions,get-possessions,2023,Playoffs,team,"{'OffDef': 'Offense', 'FilterComparison': 'Exactly', 'FilterEvent': 'OnFloor', 'FilterValue': 5, 'StartType': 'All', 'Season': '2023', 'SeasonType': 'Playoffs', 'TeamId': '1611661313'}",shot_pace,1611661313,4Q/OT | margin -3..3 | 300..120,get-possessions__possessions__off_def-Offense__filter_comparison-Exactly__filter_event-OnFloor__filter_value-5__start_type-All__season-2023__season_type-Playoffs__team_id-1611661313__f001ca9b,get-possessions,https://api.pbpstats.com/get-possessions/wnba?OffDef=Offense&FilterComparison=Exactly&FilterEvent=OnFloor&FilterValue=5&StartType=All&Season=2023&SeasonType=Playoffs&TeamId=1611661313,200,266,04:33,"MISS Stewart 20' Running Pull-Up Jump Shot
Jones REBOUND (Off:3 Def:7)
Jones 3' Putback Layup (14 PTS)
",2,1,0,0,2023-10-08,1042300301,0,1,LVA,3,0,-3,04:43,Off Short Mid-Range Miss,0,"[{""description"": ""MISS Stewart 20' Running Pull-Up Jump Shot"", ""url"": """"}, {""description"": ""Jones REBOUND (Off:3 Def:7)"", ""url"": """"}, {""description"": ""Jones 3' Putback Layup (14 PTS)"", ""url"": """"}]",True,possessions,4Q/OT | margin -3..3 | 300..120,team
wnba,wnba_shot_pace,shot_pace,possessions,get-possessions,2023,Playoffs,team,"{'OffDef': 'Offense', 'FilterComparison': 'Exactly', 'FilterEvent': 'OnFloor', 'FilterValue': 5, 'StartType': 'All', 'Season': '2023', 'SeasonType': 'Playoffs', 'TeamId': '1611661313'}",shot_pace,1611661313,4Q/OT | margin -3..3 | 300..120,get-possessions__possessions__off_def-Offense__filter_comparison-Exactly__filter_event-OnFloor__filter_value-5__start_type-All__season-2023__season_type-Playoffs__team_id-1611661313__f001ca9b,get-possessions,https://api.pbpstats.com/get-possessions/wnba?OffDef=Offense&FilterComparison=Exactly&FilterEvent=OnFloor&FilterValue=5&StartType=All&Season=2023&SeasonType=Playoffs&TeamId=1611661313,200,267,05:04,"Laney 6' Layup (5 PTS)
",1,1,0,0,2023-10-08,1042300301,0,0,LVA,3,0,-5,05:22,Off Timeout,0,"[{""description"": ""Laney 6' Layup (5 PTS)"", ""url"": """"}]",True,possessions,4Q/OT | margin -3..3 | 300..120,team
wnba,wnba_shot_pace,shot_pace,possessions,get-possessions,2023,Playoffs,team,"{'OffDef': 'Offense', 'FilterComparison': 'Exactly', 'FilterEvent': 'OnFloor', 'FilterValue': 5, 'StartType': 'All', 'Season': '2023', 'SeasonType': 'Playoffs', 'TeamId': '1611661313'}",shot_pace,1611661313,4Q/OT | margin -3..3 | 300..120,get-possessions__possessions__off_def-Offense__filter_comparison-Exactly__filter_event-OnFloor__filter_value-5__start_type-All__season-2023__season_type-Playoffs__team_id-1611661313__f001ca9b,get-possessions,https://api.pbpstats.com/get-possessions/wnba?OffDef=Offense&FilterComparison=Exactly&FilterEvent=OnFloor&FilterValue=5&StartType=All&Season=2023&SeasonType=Playoffs&TeamId=1611661313,200,268,05:31,"MISS Vandersloot 7' Driving Layup
Stokes REBOUND (Off:1 Def:2)
",1,0,0,0,2023-10-08,1042300301,0,0,LVA,3,0,-3,05:41,Off FT Make,0,"[{""description"": ""MISS Vandersloot 7' Driving Layup"", ""url"": """"}, {""description"": ""Stokes REBOUND (Off:1 Def:2)"", ""url"": """"}]",True,possessions,4Q/OT | margin -3..3 | 300..120,team
wnba,wnba_shot_pace,shot_pace,possessions,get-possessions,2023,Playoffs,team,"{'OffDef': 'Offense', 'FilterComparison': 'Exactly', 'FilterEvent': 'OnFloor', 'FilterValue': 5, 'StartType': 'All', 'Season': '2023', 'SeasonType': 'Playoffs', 'TeamId': '1611661313'}",shot_pace,1611661313,4Q/OT | margin -3..3 | 300..120,get-possessions__possessions__off_def-Offense__filter_comparison-Exactly__filter_event-OnFloor__filter_value-5__start_type-All__season-2023__season_type-Playoffs__team_id-1611661313__f001ca9b,get-possessions,https://api.pbpstats.com/get-possessions/wnba?OffDef=Offense&FilterComparison=Exactly&FilterEvent=OnFloor&FilterValue=5&StartType=All&Season=2023&SeasonType=Playoffs&TeamId=1611661313,200,269,05:55,"Young P.FOUL (P2.T2)
Gray BLOCK (2 BLK): MISS Stewart 11' Layup
Gray REBOUND (Off:0 Def:3)
",1,0,0,0,2023-10-08,1042300301,0,0,LVA,3,0,-2,06:27,Off Arc 3 Make,0,"[{""description"": ""Young P.FOUL (P2.T2)"", ""url"": """"}, {""description"": ""Gray BLOCK (2 BLK): MISS Stewart 11' Layup"", ""url"": """"}, {""description"": ""Gray REBOUND (Off:0 Def:3)"", ""url"": """"}]",True,possessions,4Q/OT | margin -3..3 | 300..120,team
wnba,wnba_shot_pace,shot_pace,possessions,get-possessions,2023,Playoffs,team,"{'OffDef': 'Offense', 'FilterComparison': 'Exactly', 'FilterEvent': 'OnFloor', 'FilterValue': 5, 'StartType': 'All', 'Season': '2023', 'SeasonType': 'Playoffs', 'TeamId': '1611661313'}",shot_pace,1611661313,4Q/OT | margin -3..3 | 300..120,get-possessions__possessions__off_def-Offense__filter_comparison-Exactly__filter_event-OnFloor__filter_value-5__start_type-All__season-2023__season_type-Playoffs__team_id-1611661313__f001ca9b,get-possessions,https://api.pbpstats.com/get-possessions/wnba?OffDef=Offense&FilterComparison=Exactly&FilterEvent=OnFloor&FilterValue=5&StartType=All&Season=2023&SeasonType=Playoffs&TeamId=1611661313,200,270,06:41,"Stewart 16' Floating Jump Shot (16 PTS) (Vandersloot 5 AST)
",1,1,0,0,2023-10-08,1042300301,0,0,LVA,3,0,-1,06:51,Off Arc 3 Miss,0,"[{""description"": ""Stewart 16' Floating Jump Shot (16 PTS) (Vandersloot 5 AST)"", ""url"": """"}]",True,possessions,4Q/OT | margin -3..3 | 300..120,team
wnba,wnba_shot_pace,shot_pace,possessions,get-possessions,2023,Playoffs,team,"{'OffDef': 'Offense', 'FilterComparison': 'Exactly', 'FilterEvent': 'OnFloor', 'FilterValue': 5, 'StartType': 'All', 'Season': '2023', 'SeasonType': 'Playoffs', 'TeamId': '1611661313'}",shot_pace,1611661313,4Q/OT | margin -3..3 | 300..120,get-possessions__possessions__off_def-Offense__filter_comparison-Exactly__filter_event-OnFloor__filter_value-5__start_type-All__season-2023__season_type-Playoffs__team_id-1611661313__f001ca9b,get-possessions,https://api.pbpstats.com/get-possessions/wnba?OffDef=Offense&FilterComparison=Exactly&FilterEvent=OnFloor&FilterValue=5&StartType=All&Season=2023&SeasonType=Playoffs&TeamId=1611661313,200,271,07:08,"MISS Vandersloot 26' 3PT Jump Shot
Wilson REBOUND (Off:1 Def:6)
",0,0,1,0,2023-10-08,1042300301,0,0,LVA,3,0,-1,07:29,Off Arc 3 Make,0,"[{""description"": ""MISS Vandersloot 26' 3PT Jump Shot"", ""url"": """"}, {""description"": ""Wilson REBOUND (Off:1 Def:6)"", ""url"": """"}]",True,possessions,4Q/OT | margin -3..3 | 300..120,team
wnba,wnba_shot_pace,shot_pace,possessions,get-possessions,2023,Playoffs,team,"{'OffDef': 'Offense', 'FilterComparison': 'Exactly', 'FilterEvent': 'OnFloor', 'FilterValue': 5, 'StartType': 'All', 'Season': '2023', 'SeasonType': 'Playoffs', 'TeamId': '1611661313'}",shot_pace,1611661313,4Q/OT | margin -3..3 | 300..120,get-possessions__possessions__off_def-Offense__filter_comparison-Exactly__filter_event-OnFloor__filter_value-5__start_type-All__season-2023__season_type-Playoffs__team_id-1611661313__f001ca9b,get-possessions,https://api.pbpstats.com/get-possessions/wnba?OffDef=Offense&FilterComparison=Exactly&FilterEvent=OnFloor&FilterValue=5&StartType=All&Season=2023&SeasonType=Playoffs&TeamId=1611661313,200,272,07:43,"Plum P.FOUL (P3.T1)
Stewart 6' Cutting Layup Shot (14 PTS) (Vandersloot 4 AST)
",1,1,0,0,2023-10-08,1042300301,0,0,LVA,3,0,0,07:59,Off Steal,0,"[{""description"": ""Plum P.FOUL (P3.T1)"", ""url"": """"}, {""description"": ""Stewart 6' Cutting Layup Shot (14 PTS) (Vandersloot 4 AST)"", ""url"": """"}]",True,possessions,4Q/OT | margin -3..3 | 300..120,team
wnba,wnba_shot_pace,shot_pace,possessions,get-possessions,2023,Playoffs,team,"{'OffDef': 'Offense', 'FilterComparison': 'Exactly', 'FilterEvent': 'OnFloor', 'FilterValue': 5, 'StartType': 'All', 'Season': '2023', 'SeasonType': 'Playoffs', 'TeamId': '1611661313'}",shot_pace,1611661313,4Q/OT | margin -3..3 | 300..120,get-possessions__possessions__off_def-Offense__filter_comparison-Exactly__filter_event-OnFloor__filter_value-5__start_type-All__season-2023__season_type-Playoffs__team_id-1611661313__f001ca9b,get-possessions,https://api.pbpstats.com/get-possessions/wnba?OffDef=Offense&FilterComparison=Exactly&FilterEvent=OnFloor&FilterValue=5&StartType=All&Season=2023&SeasonType=Playoffs&TeamId=1611661313,200,273,08:10,"MISS Stewart 13' Turnaround Jump Shot
Plum REBOUND (Off:0 Def:3)
",1,0,0,0,2023-10-08,1042300301,0,0,LVA,3,0,0,08:28,Off FT Miss,0,"[{""description"": ""MISS Stewart 13' Turnaround Jump Shot"", ""url"": """"}, {""description"": ""Plum REBOUND (Off:0 Def:3)"", ""url"": """"}]",True,possessions,4Q/OT | margin -3..3 | 300..120,team
wnba,wnba_shot_pace,shot_pace,possessions,get-possessions,2023,Playoffs,team,"{'OffDef': 'Offense', 'FilterComparison': 'Exactly', 'FilterEvent': 'OnFloor', 'FilterValue': 5, 'StartType': 'All', 'Season': '2023', 'SeasonType': 'Playoffs', 'TeamId': '1611661313'}",shot_pace,1611661313,4Q/OT | margin -3..3 | 300..120,get-possessions__possessions__off_def-Offense__filter_comparison-Exactly__filter_event-OnFloor__filter_value-5__start_type-All__season-2023__season_type-Playoffs__team_id-1611661313__f001ca9b,get-possessions,https://api.pbpstats.com/get-possessions/wnba?OffDef=Offense&FilterComparison=Exactly&FilterEvent=OnFloor&FilterValue=5&StartType=All&Season=2023&SeasonType=Playoffs&TeamId=1611661313,200,274,08:33,"MISS Stewart 19' Pullup Jump Shot
Wilson REBOUND (Off:1 Def:5)
",1,0,0,0,2023-10-08,1042300301,0,0,LVA,3,0,1,08:57,Off Long Mid-Range Make,0,"[{""description"": ""MISS Stewart 19' Pullup Jump Shot"", ""url"": """"}, {""description"": ""Wilson REBOUND (Off:1 Def:5)"", ""url"": """"}]",True,possessions,4Q/OT | margin -3..3 | 300..120,team
wnba,wnba_shot_pace,shot_pace,possessions,get-possessions,2023,Playoffs,team,"{'OffDef': 'Offense', 'FilterComparison': 'Exactly', 'FilterEvent': 'OnFloor', 'FilterValue': 5, 'StartType': 'All', 'Season': '2023', 'SeasonType': 'Playoffs', 'TeamId': '1611661313'}",shot_pace,1611661313,4Q/OT | margin -3..3 | 300..120,get-possessions__possessions__off_def-Offense__filter_comparison-Exactly__filter_event-OnFloor__filter_value-5__start_type-All__season-2023__season_type-Playoffs__team_id-1611661313__f001ca9b,get-possessions,https://api.pbpstats.com/get-possessions/wnba?OffDef=Offense&FilterComparison=Exactly&FilterEvent=OnFloor&FilterValue=5&StartType=All&Season=2023&SeasonType=Playoffs&TeamId=1611661313,200,275,09:10,"MISS Ionescu 26' 3PT Jump Shot
Wilson REBOUND (Off:1 Def:4)
",0,0,1,0,2023-10-08,1042300301,0,0,LVA,3,0,3,09:23,Off Short Mid-Range Make,0,"[{""description"": ""MISS Ionescu 26' 3PT Jump Shot"", ""url"": """"}, {""description"": ""Wilson REBOUND (Off:1 Def:4)"", ""url"": """"}]",True,possessions,4Q/OT | margin -3..3 | 300..120,team
wnba,wnba_shot_pace,shot_pace,possessions,get-possessions,2023,Playoffs,team,"{'OffDef': 'Offense', 'FilterComparison': 'Exactly', 'FilterEvent': 'OnFloor', 'FilterValue': 5, 'StartType': 'All', 'Season': '2023', 'SeasonType': 'Playoffs', 'TeamId': '1611661313'}",shot_pace,1611661313,4Q/OT | margin -3..3 | 300..120,get-possessions__possessions__off_def-Offense__filter_comparison-Exactly__filter_event-OnFloor__filter_value-5__start_type-All__season-2023__season_type-Playoffs__team_id-1611661313__f001ca9b,get-possessions,https://api.pbpstats.com/get-possessions/wnba?OffDef=Offense&FilterComparison=Exactly&FilterEvent=OnFloor&FilterValue=5&StartType=All&Season=2023&SeasonType=Playoffs&TeamId=1611661313,200,276,09:40,"Stewart 15' Pullup Jump Shot (12 PTS)
",1,1,0,0,2023-10-08,1042300301,0,0,LVA,3,0,3,10:00,Off Dead Ball,0,"[{""description"": ""Stewart 15' Pullup Jump Shot (12 PTS)"", ""url"": """"}]",True,possessions,4Q/OT | margin -3..3 | 300..120,team
wnba,wnba_shot_pace,shot_pace,possessions,get-possessions,2023,Playoffs,team,"{'OffDef': 'Offense', 'FilterComparison': 'Exactly', 'FilterEvent': 'OnFloor', 'FilterValue': 5, 'StartType': 'All', 'Season': '2023', 'SeasonType': 'Playoffs', 'TeamId': '1611661313'}",shot_pace,1611661313,4Q/OT | margin -3..3 | 300..120,get-possessions__possessions__off_def-Offense__filter_comparison-Exactly__filter_event-OnFloor__filter_value-5__start_type-All__season-2023__season_type-Playoffs__team_id-1611661313__f001ca9b,get-possessions,https://api.pbpstats.com/get-possessions/wnba?OffDef=Offense&FilterComparison=Exactly&FilterEvent=OnFloor&FilterValue=5&StartType=All&Season=2023&SeasonType=Playoffs&TeamId=1611661313,200,277,00:04,"Laney Out of Bounds - Bad Pass Turnover Turnover (P1.T6)
",0,0,0,0,2023-10-08,1042300301,0,0,LVA,2,0,3,00:25,Off Short Mid-Range Make,1,"[{""description"": ""Laney Out of Bounds - Bad Pass Turnover Turnover (P1.T6)"", ""url"": """"}]",True,possessions,4Q/OT | margin -3..3 | 300..120,team
wnba,wnba_shot_pace,shot_pace,possessions,get-possessions,2023,Playoffs,team,"{'OffDef': 'Offense', 'FilterComparison': 'Exactly', 'FilterEvent': 'OnFloor', 'FilterValue': 5, 'StartType': 'All', 'Season': '2023', 'SeasonType': 'Playoffs', 'TeamId': '1611661313'}",shot_pace,1611661313,4Q/OT | margin -3..3 | 300..120,get-possessions__possessions__off_def-Offense__filter_comparison-Exactly__filter_event-OnFloor__filter_value-5__start_type-All__season-2023__season_type-Playoffs__team_id-1611661313__f001ca9b,get-possessions,https://api.pbpstats.com/get-possessions/wnba?OffDef=Offense&FilterComparison=Exactly&FilterEvent=OnFloor&FilterValue=5&StartType=All&Season=2023&SeasonType=Playoffs&TeamId=1611661313,200,278,00:32,"Stewart 6' Layup (10 PTS) (Johannès 2 AST)
",1,1,0,0,2023-10-08,1042300301,0,0,LVA,2,0,3,00:46,Off Timeout,0,"[{""description"": ""Stewart 6' Layup (10 PTS) (Johannès 2 AST)"", ""url"": """"}]",True,possessions,4Q/OT | margin -3..3 | 300..120,team
wnba,wnba_shot_pace,shot_pace,possessions,get-possessions,2023,Playoffs,team,"{'OffDef': 'Offense', 'FilterComparison': 'Exactly', 'FilterEvent': 'OnFloor', 'FilterValue': 5, 'StartType': 'All', 'Season': '2023', 'SeasonType': 'Playoffs', 'TeamId': '1611661313'}",shot_pace,1611661313,4Q/OT | margin -3..3 | 300..120,get-possessions__possessions__off_def-Offense__filter_comparison-Exactly__filter_event-OnFloor__filter_value-5__start_type-All__season-2023__season_type-Playoffs__team_id-1611661313__f001ca9b,get-possessions,https://api.pbpstats.com/get-possessions/wnba?OffDef=Offense&FilterComparison=Exactly&FilterEvent=OnFloor&FilterValue=5&StartType=All&Season=2023&SeasonType=Playoffs&TeamId=1611661313,200,279,01:03,"Stewart 26' 3PT Jump Shot (8 PTS) (Johannès 1 AST)
",0,0,1,1,2023-10-08,1042300301,0,0,LVA,2,0,2,01:15,Off Arc 3 Make,0,"[{""description"": ""Stewart 26' 3PT Jump Shot (8 PTS) (Johannès 1 AST)"", ""url"": """"}]",True,possessions,4Q/OT | margin -3..3 | 300..120,team
wnba,wnba_shot_pace,shot_pace,possessions,get-possessions,2023,Playoffs,team,"{'OffDef': 'Offense', 'FilterComparison': 'Exactly', 'FilterEvent': 'OnFloor', 'FilterValue': 5, 'StartType': 'All', 'Season': '2023', 'SeasonType': 'Playoffs', 'TeamId': '1611661313'}",shot_pace,1611661313,4Q/OT | margin -3..3 | 300..120,get-possessions__possessions__off_def-Offense__filter_comparison-Exactly__filter_event-OnFloor__filter_value-5__start_type-All__season-2023__season_type-Playoffs__team_id-1611661313__f001ca9b,get-possessions,https://api.pbpstats.com/get-possessions/wnba?OffDef=Offense&FilterComparison=Exactly&FilterEvent=OnFloor&FilterValue=5&StartType=All&Season=2023&SeasonType=Playoffs&TeamId=1611661313,200,280,01:29,"Jones 5' Layup (12 PTS) (Ionescu 4 AST)
",1,1,0,0,2023-10-08,1042300301,0,0,LVA,2,0,3,01:39,Off Dead Ball,0,"[{""description"": ""Jones 5' Layup (12 PTS) (Ionescu 4 AST)"", ""url"": """"}]",True,possessions,4Q/OT | margin -3..3 | 300..120,team
wnba,wnba_shot_pace,shot_pace,possessions,get-possessions,2023,Playoffs,team,"{'OffDef': 'Offense', 'FilterComparison': 'Exactly', 'FilterEvent': 'OnFloor', 'FilterValue': 5, 'StartType': 'All', 'Season': '2023', 'SeasonType': 'Playoffs', 'TeamId': '1611661313'}",shot_pace,1611661313,4Q/OT | margin -3..3 | 300..120,get-possessions__possessions__off_def-Offense__filter_comparison-Exactly__filter_event-OnFloor__filter_value-5__start_type-All__season-2023__season_type-Playoffs__team_id-1611661313__f001ca9b,get-possessions,https://api.pbpstats.com/get-possessions/wnba?OffDef=Offense&FilterComparison=Exactly&FilterEvent=OnFloor&FilterValue=5&StartType=All&Season=2023&SeasonType=Playoffs&TeamId=1611661313,200,281,01:53,"Young P.FOUL (P1.T2)
Clark S.FOUL (P2.T3)
Stewart Free Throw 1 of 2 (5 PTS)
MISS Stewart Free Throw 2 of 2
Jones REBOUND (Off:2 Def:7)
MISS Stewart 26' 3PT Jump Shot
Young REBOUND (Off:0 Def:3)
",0,0,1,0,2023-10-08,1042300301,0,1,LVA,2,1,2,02:19,Off Short Mid-Range Make,0,"[{""description"": ""Young P.FOUL (P1.T2)"", ""url"": """"}, {""description"": ""Clark S.FOUL (P2.T3)"", ""url"": """"}, {""description"": ""Stewart Free Throw 1 of 2 (5 PTS)"", ""url"": """"}, {""description"": ""MISS Stewart Free Throw 2 of 2"", ""url"": """"}, {""description"": ""Jones REBOUND (Off:2 Def:7)"", ""url"": """"}, {""description"": ""MISS Stewart 26' 3PT Jump Shot"", ""url"": """"}, {""description"": ""Young REBOUND (Off:0 Def:3)"", ""url"": """"}]",True,possessions,4Q/OT | margin -3..3 | 300..120,team
wnba,wnba_shot_pace,shot_pace,possessions,get-possessions,2023,Playoffs,team,"{'OffDef': 'Offense', 'FilterComparison': 'Exactly', 'FilterEvent': 'OnFloor', 'FilterValue': 5, 'StartType': 'All', 'Season': '2023', 'SeasonType': 'Playoffs', 'TeamId': '1611661313'}",shot_pace,1611661313,4Q/OT | margin -3..3 | 300..120,get-possessions__possessions__off_def-Offense__filter_comparison-Exactly__filter_event-OnFloor__filter_value-5__start_type-All__season-2023__season_type-Playoffs__team_id-1611661313__f001ca9b,get-possessions,https://api.pbpstats.com/get-possessions/wnba?OffDef=Offense&FilterComparison=Exactly&FilterEvent=OnFloor&FilterValue=5&StartType=All&Season=2023&SeasonType=Playoffs&TeamId=1611661313,200,282,02:26,"Wilson STEAL (2 STL): Johannès Bad Pass Turnover (P2.T5)
",0,0,0,0,2023-10-08,1042300301,0,0,LVA,2,0,4,02:31,Off Short Mid-Range Miss,1,"[{""description"": ""Wilson STEAL (2 STL): Johannès Bad Pass Turnover (P2.T5)"", ""url"": """"}]",True,possessions,4Q/OT | margin -3..3 | 300..120,team
wnba,wnba_shot_pace,shot_pace,possessions,get-possessions,2023,Playoffs,team,"{'OffDef': 'Offense', 'FilterComparison': 'Exactly', 'FilterEvent': 'OnFloor', 'FilterValue': 5, 'StartType': 'All', 'Season': '2023', 'SeasonType': 'Playoffs', 'TeamId': '1611661313'}",shot_pace,1611661313,4Q/OT | margin -3..3 | 300..120,get-possessions__possessions__off_def-Offense__filter_comparison-Exactly__filter_event-OnFloor__filter_value-5__start_type-All__season-2023__season_type-Playoffs__team_id-1611661313__f001ca9b,get-possessions,https://api.pbpstats.com/get-possessions/wnba?OffDef=Offense&FilterComparison=Exactly&FilterEvent=OnFloor&FilterValue=5&StartType=All&Season=2023&SeasonType=Playoffs&TeamId=1611661313,200,283,02:48,"Johannès 26' 3PT Driving Floating Jump Shot (14 PTS) (Ionescu 3 AST)
",0,0,1,1,2023-10-08,1042300301,0,0,LVA,2,0,1,02:58,Off FT Make,0,"[{""description"": ""Johannès 26' 3PT Driving Floating Jump Shot (14 PTS) (Ionescu 3 AST)"", ""url"": """"}]",True,possessions,4Q/OT | margin -3..3 | 300..120,team
wnba,wnba_shot_pace,shot_pace,possessions,get-possessions,2023,Playoffs,team,"{'OffDef': 'Offense', 'FilterComparison': 'Exactly', 'FilterEvent': 'OnFloor', 'FilterValue': 5, 'StartType': 'All', 'Season': '2023', 'SeasonType': 'Playoffs', 'TeamId': '1611661313'}",shot_pace,1611661313,4Q/OT | margin -3..3 | 300..120,get-possessions__possessions__off_def-Offense__filter_comparison-Exactly__filter_event-OnFloor__filter_value-5__start_type-All__season-2023__season_type-Playoffs__team_id-1611661313__f001ca9b,get-possessions,https://api.pbpstats.com/get-possessions/wnba?OffDef=Offense&FilterComparison=Exactly&FilterEvent=OnFloor&FilterValue=5&StartType=All&Season=2023&SeasonType=Playoffs&TeamId=1611661313,200,284,03:24,"Johannès Traveling Turnover (P1.T4)
",0,0,0,0,2023-10-08,1042300301,0,0,LVA,2,0,3,03:33,Off Dead Ball,1,"[{""description"": ""Johannès Traveling Turnover (P1.T4)"", ""url"": """"}]",True,possessions,4Q/OT | margin -3..3 | 300..120,team
wnba,wnba_shot_pace,shot_pace,possessions,get-possessions,2023,Playoffs,team,"{'OffDef': 'Offense', 'FilterComparison': 'Exactly', 'FilterEvent': 'OnFloor', 'FilterValue': 5, 'StartType': 'All', 'Season': '2023', 'SeasonType': 'Playoffs', 'TeamId': '1611661313'}",shot_pace,1611661313,4Q/OT | margin -3..3 | 300..120,get-possessions__possessions__off_def-Offense__filter_comparison-Exactly__filter_event-OnFloor__filter_value-5__start_type-All__season-2023__season_type-Playoffs__team_id-1611661313__f001ca9b,get-possessions,https://api.pbpstats.com/get-possessions/wnba?OffDef=Offense&FilterComparison=Exactly&FilterEvent=OnFloor&FilterValue=5&StartType=All&Season=2023&SeasonType=Playoffs&TeamId=1611661313,200,285,03:48,"Johannès 25' 3PT Pullup Jump Shot (11 PTS) (Vandersloot 3 AST)
",0,0,1,1,2023-10-08,1042300301,0,0,LVA,2,0,0,04:07,Off Timeout,0,"[{""description"": ""Johannès 25' 3PT Pullup Jump Shot (11 PTS) (Vandersloot 3 AST)"", ""url"": """"}]",True,possessions,4Q/OT | margin -3..3 | 300..120,team
wnba,wnba_shot_pace,shot_pace,possessions,get-possessions,2023,Playoffs,team,"{'OffDef': 'Offense', 'FilterComparison': 'Exactly', 'FilterEvent': 'OnFloor', 'FilterValue': 5, 'StartType': 'All', 'Season': '2023', 'SeasonType': 'Playoffs', 'TeamId': '1611661313'}",shot_pace,1611661313,4Q/OT | margin -3..3 | 300..120,get-possessions__possessions__off_def-Offense__filter_comparison-Exactly__filter_event-OnFloor__filter_value-5__start_type-All__season-2023__season_type-Playoffs__team_id-1611661313__f001ca9b,get-possessions,https://api.pbpstats.com/get-possessions/wnba?OffDef=Offense&FilterComparison=Exactly&FilterEvent=OnFloor&FilterValue=5&StartType=All&Season=2023&SeasonType=Playoffs&TeamId=1611661313,200,286,04:36,"Vandersloot OFF.Foul (P1)
Vandersloot Offensive Foul Turnover (P2.T3)
",0,0,0,0,2023-10-08,1042300301,0,0,LVA,2,0,2,04:48,Off Short Mid-Range Make,1,"[{""description"": ""Vandersloot OFF.Foul (P1)"", ""url"": """"}, {""description"": ""Vandersloot Offensive Foul Turnover (P2.T3)"", ""url"": """"}]",True,possessions,4Q/OT | margin -3..3 | 300..120,team
wnba,wnba_shot_pace,shot_pace,possessions,get-possessions,2023,Playoffs,team,"{'OffDef': 'Offense', 'FilterComparison': 'Exactly', 'FilterEvent': 'OnFloor', 'FilterValue': 5, 'StartType': 'All', 'Season': '2023', 'SeasonType': 'Playoffs', 'TeamId': '1611661313'}",shot_pace,1611661313,4Q/OT | margin -3..3 | 300..120,get-possessions__possessions__off_def-Offense__filter_comparison-Exactly__filter_event-OnFloor__filter_value-5__start_type-All__season-2023__season_type-Playoffs__team_id-1611661313__f001ca9b,get-possessions,https://api.pbpstats.com/get-possessions/wnba?OffDef=Offense&FilterComparison=Exactly&FilterEvent=OnFloor&FilterValue=5&StartType=All&Season=2023&SeasonType=Playoffs&TeamId=1611661313,200,287,05:09,"MISS Vandersloot 24' 3PT Running Jump Shot
Stokes REBOUND (Off:1 Def:1)
",0,0,1,0,2023-10-08,1042300301,0,0,LVA,2,0,5,05:19,Off Block,0,"[{""description"": ""MISS Vandersloot 24' 3PT Running Jump Shot"", ""url"": """"}, {""description"": ""Stokes REBOUND (Off:1 Def:1)"", ""url"": """"}]",True,possessions,4Q/OT | margin -3..3 | 300..120,team
wnba,wnba_shot_pace,shot_pace,possessions,get-possessions,2023,Playoffs,team,"{'OffDef': 'Offense', 'FilterComparison': 'Exactly', 'FilterEvent': 'OnFloor', 'FilterValue': 5, 'StartType': 'All', 'Season': '2023', 'SeasonType': 'Playoffs', 'TeamId': '1611661313'}",shot_pace,1611661313,4Q/OT | margin -3..3 | 300..120,get-possessions__possessions__off_def-Offense__filter_comparison-Exactly__filter_event-OnFloor__filter_value-5__start_type-All__season-2023__season_type-Playoffs__team_id-1611661313__f001ca9b,get-possessions,https://api.pbpstats.com/get-possessions/wnba?OffDef=Offense&FilterComparison=Exactly&FilterEvent=OnFloor&FilterValue=5&StartType=All&Season=2023&SeasonType=Playoffs&TeamId=1611661313,200,288,05:38,"MISS Ionescu 26' 3PT Running Pull-Up Jump Shot
Jones REBOUND (Off:1 Def:6)
MISS Laney 24' 3PT Jump Shot
Ionescu REBOUND (Off:1 Def:0)
MISS Vandersloot 26' 3PT Pullup Jump Shot
Liberty Rebound
MISS Jones 24' 3PT Step Back Jump Shot
Gray REBOUND (Off:0 Def:2)
",0,0,4,0,2023-10-08,1042300301,0,3,LVA,2,0,5,06:03,Off Timeout,0,"[{""description"": ""MISS Ionescu 26' 3PT Running Pull-Up Jump Shot"", ""url"": """"}, {""description"": ""Jones REBOUND (Off:1 Def:6)"", ""url"": """"}, {""description"": ""MISS Laney 24' 3PT Jump Shot"", ""url"": """"}, {""description"": ""Ionescu REBOUND (Off:1 Def:0)"", ""url"": """"}, {""description"": ""MISS Vandersloot 26' 3PT Pullup Jump Shot"", ""url"": """"}, {""description"": ""Liberty Rebound"", ""url"": """"}, {""description"": ""MISS Jones 24' 3PT Step Back Jump Shot"", ""url"": """"}, {""description"": ""Gray REBOUND (Off:0 Def:2)"", ""url"": """"}]",True,possessions,4Q/OT | margin -3..3 | 300..120,team
wnba,wnba_shot_pace,shot_pace,possessions,get-possessions,2023,Playoffs,team,"{'OffDef': 'Offense', 'FilterComparison': 'Exactly', 'FilterEvent': 'OnFloor', 'FilterValue': 5, 'StartType': 'All', 'Season': '2023', 'SeasonType': 'Playoffs', 'TeamId': '1611661313'}",shot_pace,1611661313,4Q/OT | margin -3..3 | 300..120,get-possessions__possessions__off_def-Offense__filter_comparison-Exactly__filter_event-OnFloor__filter_value-5__start_type-All__season-2023__season_type-Playoffs__team_id-1611661313__f001ca9b,get-possessions,https://api.pbpstats.com/get-possessions/wnba?OffDef=Offense&FilterComparison=Exactly&FilterEvent=OnFloor&FilterValue=5&StartType=All&Season=2023&SeasonType=Playoffs&TeamId=1611661313,200,289,06:14,"MISS Vandersloot 20' Step Back Jump Shot
Young REBOUND (Off:0 Def:2)
",1,0,0,0,2023-10-08,1042300301,0,0,LVA,2,0,5,06:31,Off Short Mid-Range Make,0,"[{""description"": ""MISS Vandersloot 20' Step Back Jump Shot"", ""url"": """"}, {""description"": ""Young REBOUND (Off:0 Def:2)"", ""url"": """"}]",True,possessions,4Q/OT | margin -3..3 | 300..120,team
wnba,wnba_shot_pace,shot_pace,possessions,get-possessions,2023,Playoffs,team,"{'OffDef': 'Offense', 'FilterComparison': 'Exactly', 'FilterEvent': 'OnFloor', 'FilterValue': 5, 'StartType': 'All', 'Season': '2023', 'SeasonType': 'Playoffs', 'TeamId': '1611661313'}",shot_pace,1611661313,4Q/OT | margin -3..3 | 300..120,get-possessions__possessions__off_def-Offense__filter_comparison-Exactly__filter_event-OnFloor__filter_value-5__start_type-All__season-2023__season_type-Playoffs__team_id-1611661313__f001ca9b,get-possessions,https://api.pbpstats.com/get-possessions/wnba?OffDef=Offense&FilterComparison=Exactly&FilterEvent=OnFloor&FilterValue=5&StartType=All&Season=2023&SeasonType=Playoffs&TeamId=1611661313,200,290,06:48,"Plum P.FOUL (P2.T1)
Jones 4' Driving Reverse Layup (10 PTS) (Laney 1 AST)
",1,1,0,0,2023-10-08,1042300301,0,0,LVA,2,0,5,06:58,Off FT Make,0,"[{""description"": ""Plum P.FOUL (P2.T1)"", ""url"": """"}, {""description"": ""Jones 4' Driving Reverse Layup (10 PTS) (Laney 1 AST)"", ""url"": """"}]",True,possessions,4Q/OT | margin -3..3 | 300..120,team
wnba,wnba_shot_pace,shot_pace,possessions,get-possessions,2023,Playoffs,team,"{'OffDef': 'Offense', 'FilterComparison': 'Exactly', 'FilterEvent': 'OnFloor', 'FilterValue': 5, 'StartType': 'All', 'Season': '2023', 'SeasonType': 'Playoffs', 'TeamId': '1611661313'}",shot_pace,1611661313,4Q/OT | margin -3..3 | 300..120,get-possessions__possessions__off_def-Offense__filter_comparison-Exactly__filter_event-OnFloor__filter_value-5__start_type-All__season-2023__season_type-Playoffs__team_id-1611661313__f001ca9b,get-possessions,https://api.pbpstats.com/get-possessions/wnba?OffDef=Offense&FilterComparison=Exactly&FilterEvent=OnFloor&FilterValue=5&StartType=All&Season=2023&SeasonType=Playoffs&TeamId=1611661313,200,291,07:03,"MISS Jones 25' 3PT Jump Shot
Stewart REBOUND (Off:1 Def:2)
Clark STEAL (1 STL): Stewart Lost Ball Turnover (P1.T2)
",0,0,1,0,2023-10-08,1042300301,0,1,LVA,2,0,7,07:20,Off Short Mid-Range Miss,1,"[{""description"": ""MISS Jones 25' 3PT Jump Shot"", ""url"": """"}, {""description"": ""Stewart REBOUND (Off:1 Def:2)"", ""url"": """"}, {""description"": ""Clark STEAL (1 STL): Stewart Lost Ball Turnover (P1.T2)"", ""url"": """"}]",True,possessions,4Q/OT | margin -3..3 | 300..120,team
wnba,wnba_shot_pace,shot_pace,possessions,get-possessions,2023,Playoffs,team,"{'OffDef': 'Offense', 'FilterComparison': 'Exactly', 'FilterEvent': 'OnFloor', 'FilterValue': 5, 'StartType': 'All', 'Season': '2023', 'SeasonType': 'Playoffs', 'TeamId': '1611661313'}",shot_pace,1611661313,4Q/OT | margin -3..3 | 300..120,get-possessions__possessions__off_def-Offense__filter_comparison-Exactly__filter_event-OnFloor__filter_value-5__start_type-All__season-2023__season_type-Playoffs__team_id-1611661313__f001ca9b,get-possessions,https://api.pbpstats.com/get-possessions/wnba?OffDef=Offense&FilterComparison=Exactly&FilterEvent=OnFloor&FilterValue=5&StartType=All&Season=2023&SeasonType=Playoffs&TeamId=1611661313,200,292,07:48,"Thornton 25' 3PT Jump Shot (3 PTS) (Vandersloot 2 AST)
",0,0,1,1,2023-10-08,1042300301,0,0,LVA,2,0,5,08:05,Off Long Mid-Range Make,0,"[{""description"": ""Thornton 25' 3PT Jump Shot (3 PTS) (Vandersloot 2 AST)"", ""url"": """"}]",True,possessions,4Q/OT | margin -3..3 | 300..120,team
wnba,wnba_shot_pace,shot_pace,possessions,get-possessions,2023,Playoffs,team,"{'OffDef': 'Offense', 'FilterComparison': 'Exactly', 'FilterEvent': 'OnFloor', 'FilterValue': 5, 'StartType': 'All', 'Season': '2023', 'SeasonType': 'Playoffs', 'TeamId': '1611661313'}",shot_pace,1611661313,4Q/OT | margin -3..3 | 300..120,get-possessions__possessions__off_def-Offense__filter_comparison-Exactly__filter_event-OnFloor__filter_value-5__start_type-All__season-2023__season_type-Playoffs__team_id-1611661313__f001ca9b,get-possessions,https://api.pbpstats.com/get-possessions/wnba?OffDef=Offense&FilterComparison=Exactly&FilterEvent=OnFloor&FilterValue=5&StartType=All&Season=2023&SeasonType=Playoffs&TeamId=1611661313,200,293,08:17,"Jones 4' Layup (8 PTS)
",1,1,0,0,2023-10-08,1042300301,0,0,LVA,2,0,5,08:36,Off FT Make,0,"[{""description"": ""Jones 4' Layup (8 PTS)"", ""url"": """"}]",True,possessions,4Q/OT | margin -3..3 | 300..120,team
wnba,wnba_shot_pace,shot_pace,possessions,get-possessions,2023,Playoffs,team,"{'OffDef': 'Offense', 'FilterComparison': 'Exactly', 'FilterEvent': 'OnFloor', 'FilterValue': 5, 'StartType': 'All', 'Season': '2023', 'SeasonType': 'Playoffs', 'TeamId': '1611661313'}",shot_pace,1611661313,4Q/OT | margin -3..3 | 300..120,get-possessions__possessions__off_def-Offense__filter_comparison-Exactly__filter_event-OnFloor__filter_value-5__start_type-All__season-2023__season_type-Playoffs__team_id-1611661313__f001ca9b,get-possessions,https://api.pbpstats.com/get-possessions/wnba?OffDef=Offense&FilterComparison=Exactly&FilterEvent=OnFloor&FilterValue=5&StartType=All&Season=2023&SeasonType=Playoffs&TeamId=1611661313,200,294,08:36,"ACES T.Foul (Def. 3 Sec Wilson )
Ionescu Free Throw Technical (4 PTS)
Gray BLOCK (1 BLK): MISS Ionescu 5' Driving Layup
Clark REBOUND (Off:0 Def:2)
",1,0,0,0,2023-10-08,1042300301,0,0,LVA,2,0,5,09:08,Off Arc 3 Miss,0,"[{""description"": ""ACES T.Foul (Def. 3 Sec Wilson )"", ""url"": """"}, {""description"": ""Ionescu Free Throw Technical (4 PTS)"", ""url"": """"}, {""description"": ""Gray BLOCK (1 BLK): MISS Ionescu 5' Driving Layup"", ""url"": """"}, {""description"": ""Clark REBOUND (Off:0 Def:2)"", ""url"": """"}]",True,possessions,4Q/OT | margin -3..3 | 300..120,team
wnba,wnba_shot_pace,shot_pace,possessions,get-possessions,2023,Playoffs,team,"{'OffDef': 'Offense', 'FilterComparison': 'Exactly', 'FilterEvent': 'OnFloor', 'FilterValue': 5, 'StartType': 'All', 'Season': '2023', 'SeasonType': 'Playoffs', 'TeamId': '1611661313'}",shot_pace,1611661313,4Q/OT | margin -3..3 | 300..120,get-possessions__possessions__off_def-Offense__filter_comparison-Exactly__filter_event-OnFloor__filter_value-5__start_type-All__season-2023__season_type-Playoffs__team_id-1611661313__f001ca9b,get-possessions,https://api.pbpstats.com/get-possessions/wnba?OffDef=Offense&FilterComparison=Exactly&FilterEvent=OnFloor&FilterValue=5&StartType=All&Season=2023&SeasonType=Playoffs&TeamId=1611661313,200,295,09:32,"Jones 14' Turnaround Fadeaway (6 PTS)
",1,1,0,0,2023-10-08,1042300301,0,0,LVA,2,0,3,10:00,Off Dead Ball,0,"[{""description"": ""Jones 14' Turnaround Fadeaway (6 PTS)"", ""url"": """"}]",True,possessions,4Q/OT | margin -3..3 | 300..120,team
wnba,wnba_shot_pace,shot_pace,possessions,get-possessions,2023,Playoffs,team,"{'OffDef': 'Offense', 'FilterComparison': 'Exactly', 'FilterEvent': 'OnFloor', 'FilterValue': 5, 'StartType': 'All', 'Season': '2023', 'SeasonType': 'Playoffs', 'TeamId': '1611661313'}",shot_pace,1611661313,4Q/OT | margin -3..3 | 300..120,get-possessions__possessions__off_def-Offense__filter_comparison-Exactly__filter_event-OnFloor__filter_value-5__start_type-All__season-2023__season_type-Playoffs__team_id-1611661313__f001ca9b,get-possessions,https://api.pbpstats.com/get-possessions/wnba?OffDef=Offense&FilterComparison=Exactly&FilterEvent=OnFloor&FilterValue=5&StartType=All&Season=2023&SeasonType=Playoffs&TeamId=1611661313,200,296,00:26,"MISS Johannès 24' 3PT Jump Shot
Gray REBOUND (Off:0 Def:1)
",0,0,1,0,2023-10-08,1042300301,0,0,LVA,1,0,3,00:34,Off Dead Ball,0,"[{""description"": ""MISS Johannès 24' 3PT Jump Shot"", ""url"": """"}, {""description"": ""Gray REBOUND (Off:0 Def:1)"", ""url"": """"}]",True,possessions,4Q/OT | margin -3..3 | 300..120,team
wnba,wnba_shot_pace,shot_pace,possessions,get-possessions,2023,Playoffs,team,"{'OffDef': 'Offense', 'FilterComparison': 'Exactly', 'FilterEvent': 'OnFloor', 'FilterValue': 5, 'StartType': 'All', 'Season': '2023', 'SeasonType': 'Playoffs', 'TeamId': '1611661313'}",shot_pace,1611661313,4Q/OT | margin -3..3 | 300..120,get-possessions__possessions__off_def-Offense__filter_comparison-Exactly__filter_event-OnFloor__filter_value-5__start_type-All__season-2023__season_type-Playoffs__team_id-1611661313__f001ca9b,get-possessions,https://api.pbpstats.com/get-possessions/wnba?OffDef=Offense&FilterComparison=Exactly&FilterEvent=OnFloor&FilterValue=5&StartType=All&Season=2023&SeasonType=Playoffs&TeamId=1611661313,200,297,00:46,"Laney 4' Running Layup (2 PTS)
Wilson S.FOUL (P1.T4)
Laney Free Throw 1 of 1 (3 PTS)
",1,1,0,0,2023-10-08,1042300301,0,0,LVA,1,1,0,00:50,Off Arc 3 Miss,0,"[{""description"": ""Laney 4' Running Layup (2 PTS)"", ""url"": """"}, {""description"": ""Wilson S.FOUL (P1.T4)"", ""url"": """"}, {""description"": ""Laney Free Throw 1 of 1 (3 PTS)"", ""url"": """"}]",True,possessions,4Q/OT | margin -3..3 | 300..120,team
wnba,wnba_shot_pace,shot_pace,possessions,get-possessions,2023,Playoffs,team,"{'OffDef': 'Offense', 'FilterComparison': 'Exactly', 'FilterEvent': 'OnFloor', 'FilterValue': 5, 'StartType': 'All', 'Season': '2023', 'SeasonType': 'Playoffs', 'TeamId': '1611661313'}",shot_pace,1611661313,4Q/OT | margin -3..3 | 300..120,get-possessions__possessions__off_def-Offense__filter_comparison-Exactly__filter_event-OnFloor__filter_value-5__start_type-All__season-2023__season_type-Playoffs__team_id-1611661313__f001ca9b,get-possessions,https://api.pbpstats.com/get-possessions/wnba?OffDef=Offense&FilterComparison=Exactly&FilterEvent=OnFloor&FilterValue=5&StartType=All&Season=2023&SeasonType=Playoffs&TeamId=1611661313,200,298,01:03,"Johannès 26' 3PT Running Jump Shot (8 PTS) (Stewart 2 AST)
",0,0,1,1,2023-10-08,1042300301,0,0,LVA,1,0,-3,01:08,Off Arc 3 Miss,0,"[{""description"": ""Johannès 26' 3PT Running Jump Shot (8 PTS) (Stewart 2 AST)"", ""url"": """"}]",True,possessions,4Q/OT | margin -3..3 | 300..120,team
wnba,wnba_shot_pace,shot_pace,possessions,get-possessions,2023,Playoffs,team,"{'OffDef': 'Offense', 'FilterComparison': 'Exactly', 'FilterEvent': 'OnFloor', 'FilterValue': 5, 'StartType': 'All', 'Season': '2023', 'SeasonType': 'Playoffs', 'TeamId': '1611661313'}",shot_pace,1611661313,4Q/OT | margin -3..3 | 300..120,get-possessions__possessions__off_def-Offense__filter_comparison-Exactly__filter_event-OnFloor__filter_value-5__start_type-All__season-2023__season_type-Playoffs__team_id-1611661313__f001ca9b,get-possessions,https://api.pbpstats.com/get-possessions/wnba?OffDef=Offense&FilterComparison=Exactly&FilterEvent=OnFloor&FilterValue=5&StartType=All&Season=2023&SeasonType=Playoffs&TeamId=1611661313,200,299,01:19,"MISS Thornton 24' 3PT Jump Shot
Wilson REBOUND (Off:1 Def:3)
",0,0,1,0,2023-10-08,1042300301,0,0,LVA,1,0,-3,01:33,Off Short Mid-Range Make,0,"[{""description"": ""MISS Thornton 24' 3PT Jump Shot"", ""url"": """"}, {""description"": ""Wilson REBOUND (Off:1 Def:3)"", ""url"": """"}]",True,possessions,4Q/OT | margin -3..3 | 300..120,team
wnba,wnba_shot_pace,shot_pace,possessions,get-possessions,2023,Playoffs,team,"{'OffDef': 'Offense', 'FilterComparison': 'Exactly', 'FilterEvent': 'OnFloor', 'FilterValue': 5, 'StartType': 'All', 'Season': '2023', 'SeasonType': 'Playoffs', 'TeamId': '1611661313'}",shot_pace,1611661313,4Q/OT | margin -3..3 | 300..120,get-possessions__possessions__off_def-Offense__filter_comparison-Exactly__filter_event-OnFloor__filter_value-5__start_type-All__season-2023__season_type-Playoffs__team_id-1611661313__f001ca9b,get-possessions,https://api.pbpstats.com/get-possessions/wnba?OffDef=Offense&FilterComparison=Exactly&FilterEvent=OnFloor&FilterValue=5&StartType=All&Season=2023&SeasonType=Playoffs&TeamId=1611661313,200,300,01:54,"Clark P.FOUL (P1.T3)
Stewart 11' Driving Hook Shot (4 PTS) (Ionescu 2 AST)
",1,1,0,0,2023-10-08,1042300301,0,0,LVA,1,0,-3,02:14,Off Short Mid-Range Make,0,"[{""description"": ""Clark P.FOUL (P1.T3)"", ""url"": """"}, {""description"": ""Stewart 11' Driving Hook Shot (4 PTS) (Ionescu 2 AST)"", ""url"": """"}]",True,possessions,4Q/OT | margin -3..3 | 300..120,team
wnba,wnba_shot_pace,shot_pace,possessions,get-possessions,2023,Playoffs,team,"{'OffDef': 'Offense', 'FilterComparison': 'Exactly', 'FilterEvent': 'OnFloor', 'FilterValue': 5, 'StartType': 'All', 'Season': '2023', 'SeasonType': 'Playoffs', 'TeamId': '1611661313'}",shot_pace,1611661313,4Q/OT | margin -3..3 | 300..120,get-possessions__possessions__off_def-Offense__filter_comparison-Exactly__filter_event-OnFloor__filter_value-5__start_type-All__season-2023__season_type-Playoffs__team_id-1611661313__f001ca9b,get-possessions,https://api.pbpstats.com/get-possessions/wnba?OffDef=Offense&FilterComparison=Exactly&FilterEvent=OnFloor&FilterValue=5&StartType=All&Season=2023&SeasonType=Playoffs&TeamId=1611661313,200,301,02:47,"MISS Vandersloot 17' Pullup Jump Shot
Wilson REBOUND (Off:1 Def:2)
",1,0,0,0,2023-10-08,1042300301,0,0,LVA,1,0,-1,03:03,Off Long Mid-Range Make,0,"[{""description"": ""MISS Vandersloot 17' Pullup Jump Shot"", ""url"": """"}, {""description"": ""Wilson REBOUND (Off:1 Def:2)"", ""url"": """"}]",True,possessions,4Q/OT | margin -3..3 | 300..120,team
wnba,wnba_shot_pace,shot_pace,possessions,get-possessions,2023,Playoffs,team,"{'OffDef': 'Offense', 'FilterComparison': 'Exactly', 'FilterEvent': 'OnFloor', 'FilterValue': 5, 'StartType': 'All', 'Season': '2023', 'SeasonType': 'Playoffs', 'TeamId': '1611661313'}",shot_pace,1611661313,4Q/OT | margin -3..3 | 300..120,get-possessions__possessions__off_def-Offense__filter_comparison-Exactly__filter_event-OnFloor__filter_value-5__start_type-All__season-2023__season_type-Playoffs__team_id-1611661313__f001ca9b,get-possessions,https://api.pbpstats.com/get-possessions/wnba?OffDef=Offense&FilterComparison=Exactly&FilterEvent=OnFloor&FilterValue=5&StartType=All&Season=2023&SeasonType=Playoffs&TeamId=1611661313,200,302,03:18,"Johannès 24' 3PT Running Jump Shot (5 PTS) (Stewart 1 AST)
",0,0,1,1,2023-10-08,1042300301,0,0,LVA,1,0,-2,03:21,Off Long Mid-Range Miss,0,"[{""description"": ""Johannès 24' 3PT Running Jump Shot (5 PTS) (Stewart 1 AST)"", ""url"": """"}]",True,possessions,4Q/OT | margin -3..3 | 300..120,team
wnba,wnba_shot_pace,shot_pace,possessions,get-possessions,2023,Playoffs,team,"{'OffDef': 'Offense', 'FilterComparison': 'Exactly', 'FilterEvent': 'OnFloor', 'FilterValue': 5, 'StartType': 'All', 'Season': '2023', 'SeasonType': 'Playoffs', 'TeamId': '1611661313'}",shot_pace,1611661313,4Q/OT | margin -3..3 | 300..120,get-possessions__possessions__off_def-Offense__filter_comparison-Exactly__filter_event-OnFloor__filter_value-5__start_type-All__season-2023__season_type-Playoffs__team_id-1611661313__f001ca9b,get-possessions,https://api.pbpstats.com/get-possessions/wnba?OffDef=Offense&FilterComparison=Exactly&FilterEvent=OnFloor&FilterValue=5&StartType=All&Season=2023&SeasonType=Playoffs&TeamId=1611661313,200,303,03:35,"Johannès 5' Cutting Layup Shot (2 PTS) (Vandersloot 1 AST)
",1,1,0,0,2023-10-08,1042300301,0,0,LVA,1,0,-4,03:43,Off Short Mid-Range Miss,0,"[{""description"": ""Johannès 5' Cutting Layup Shot (2 PTS) (Vandersloot 1 AST)"", ""url"": """"}]",True,possessions,4Q/OT | margin -3..3 | 300..120,team
wnba,wnba_shot_pace,shot_pace,possessions,get-possessions,2023,Playoffs,team,"{'OffDef': 'Offense', 'FilterComparison': 'Exactly', 'FilterEvent': 'OnFloor', 'FilterValue': 5, 'StartType': 'All', 'Season': '2023', 'SeasonType': 'Playoffs', 'TeamId': '1611661313'}",shot_pace,1611661313,4Q/OT | margin -3..3 | 300..120,get-possessions__possessions__off_def-Offense__filter_comparison-Exactly__filter_event-OnFloor__filter_value-5__start_type-All__season-2023__season_type-Playoffs__team_id-1611661313__f001ca9b,get-possessions,https://api.pbpstats.com/get-possessions/wnba?OffDef=Offense&FilterComparison=Exactly&FilterEvent=OnFloor&FilterValue=5&StartType=All&Season=2023&SeasonType=Playoffs&TeamId=1611661313,200,304,03:54,"MISS Stewart 8' Pullup Jump Shot
Clark REBOUND (Off:0 Def:1)
",1,0,0,0,2023-10-08,1042300301,0,0,LVA,1,0,-4,04:10,Off Dead Ball,0,"[{""description"": ""MISS Stewart 8' Pullup Jump Shot"", ""url"": """"}, {""description"": ""Clark REBOUND (Off:0 Def:1)"", ""url"": """"}]",True,possessions,4Q/OT | margin -3..3 | 300..120,team
wnba,wnba_shot_pace,shot_pace,possessions,get-possessions,2023,Playoffs,team,"{'OffDef': 'Offense', 'FilterComparison': 'Exactly', 'FilterEvent': 'OnFloor', 'FilterValue': 5, 'StartType': 'All', 'Season': '2023', 'SeasonType': 'Playoffs', 'TeamId': '1611661313'}",shot_pace,1611661313,4Q/OT | margin -3..3 | 300..120,get-possessions__possessions__off_def-Offense__filter_comparison-Exactly__filter_event-OnFloor__filter_value-5__start_type-All__season-2023__season_type-Playoffs__team_id-1611661313__f001ca9b,get-possessions,https://api.pbpstats.com/get-possessions/wnba?OffDef=Offense&FilterComparison=Exactly&FilterEvent=OnFloor&FilterValue=5&StartType=All&Season=2023&SeasonType=Playoffs&TeamId=1611661313,200,305,04:18,"MISS Jones 13' Turnaround Fadeaway Shot
Plum REBOUND (Off:0 Def:2)
",1,0,0,0,2023-10-08,1042300301,0,0,LVA,1,0,-4,04:32,Off Dead Ball,0,"[{""description"": ""MISS Jones 13' Turnaround Fadeaway Shot"", ""url"": """"}, {""description"": ""Plum REBOUND (Off:0 Def:2)"", ""url"": """"}]",True,possessions,4Q/OT | margin -3..3 | 300..120,team
wnba,wnba_shot_pace,shot_pace,possessions,get-possessions,2023,Playoffs,team,"{'OffDef': 'Offense', 'FilterComparison': 'Exactly', 'FilterEvent': 'OnFloor', 'FilterValue': 5, 'StartType': 'All', 'Season': '2023', 'SeasonType': 'Playoffs', 'TeamId': '1611661313'}",shot_pace,1611661313,4Q/OT | margin -3..3 | 300..120,get-possessions__possessions__off_def-Offense__filter_comparison-Exactly__filter_event-OnFloor__filter_value-5__start_type-All__season-2023__season_type-Playoffs__team_id-1611661313__f001ca9b,get-possessions,https://api.pbpstats.com/get-possessions/wnba?OffDef=Offense&FilterComparison=Exactly&FilterEvent=OnFloor&FilterValue=5&StartType=All&Season=2023&SeasonType=Playoffs&TeamId=1611661313,200,306,04:56,"Stokes S.FOUL (P1.T2)
Jones Free Throw 1 of 2 (3 PTS)
Jones Free Throw 2 of 2 (4 PTS)
",0,0,0,0,2023-10-08,1042300301,0,0,LVA,1,1,-6,05:15,Off Arc 3 Make,0,"[{""description"": ""Stokes S.FOUL (P1.T2)"", ""url"": """"}, {""description"": ""Jones Free Throw 1 of 2 (3 PTS)"", ""url"": """"}, {""description"": ""Jones Free Throw 2 of 2 (4 PTS)"", ""url"": """"}]",True,possessions,4Q/OT | margin -3..3 | 300..120,team
wnba,wnba_shot_pace,shot_pace,possessions,get-possessions,2023,Playoffs,team,"{'OffDef': 'Offense', 'FilterComparison': 'Exactly', 'FilterEvent': 'OnFloor', 'FilterValue': 5, 'StartType': 'All', 'Season': '2023', 'SeasonType': 'Playoffs', 'TeamId': '1611661313'}",shot_pace,1611661313,4Q/OT | margin -3..3 | 300..120,get-possessions__possessions__off_def-Offense__filter_comparison-Exactly__filter_event-OnFloor__filter_value-5__start_type-All__season-2023__season_type-Playoffs__team_id-1611661313__f001ca9b,get-possessions,https://api.pbpstats.com/get-possessions/wnba?OffDef=Offense&FilterComparison=Exactly&FilterEvent=OnFloor&FilterValue=5&StartType=All&Season=2023&SeasonType=Playoffs&TeamId=1611661313,200,307,05:30,"Plum P.FOUL (P1.T1)
Jones 5' Driving Finger Roll Layup (2 PTS)
",1,1,0,0,2023-10-08,1042300301,0,0,LVA,1,0,-5,05:46,Off Arc 3 Miss,0,"[{""description"": ""Plum P.FOUL (P1.T1)"", ""url"": """"}, {""description"": ""Jones 5' Driving Finger Roll Layup (2 PTS)"", ""url"": """"}]",True,possessions,4Q/OT | margin -3..3 | 300..120,team
wnba,wnba_shot_pace,shot_pace,possessions,get-possessions,2023,Playoffs,team,"{'OffDef': 'Offense', 'FilterComparison': 'Exactly', 'FilterEvent': 'OnFloor', 'FilterValue': 5, 'StartType': 'All', 'Season': '2023', 'SeasonType': 'Playoffs', 'TeamId': '1611661313'}",shot_pace,1611661313,4Q/OT | margin -3..3 | 300..120,get-possessions__possessions__off_def-Offense__filter_comparison-Exactly__filter_event-OnFloor__filter_value-5__start_type-All__season-2023__season_type-Playoffs__team_id-1611661313__f001ca9b,get-possessions,https://api.pbpstats.com/get-possessions/wnba?OffDef=Offense&FilterComparison=Exactly&FilterEvent=OnFloor&FilterValue=5&StartType=All&Season=2023&SeasonType=Playoffs&TeamId=1611661313,200,308,06:14,"MISS Stewart 28' 3PT Jump Shot
Wilson REBOUND (Off:1 Def:1)
",0,0,1,0,2023-10-08,1042300301,0,0,LVA,1,0,-5,06:33,Off Arc 3 Make,0,"[{""description"": ""MISS Stewart 28' 3PT Jump Shot"", ""url"": """"}, {""description"": ""Wilson REBOUND (Off:1 Def:1)"", ""url"": """"}]",True,possessions,4Q/OT | margin -3..3 | 300..120,team
wnba,wnba_shot_pace,shot_pace,possessions,get-possessions,2023,Playoffs,team,"{'OffDef': 'Offense', 'FilterComparison': 'Exactly', 'FilterEvent': 'OnFloor', 'FilterValue': 5, 'StartType': 'All', 'Season': '2023', 'SeasonType': 'Playoffs', 'TeamId': '1611661313'}",shot_pace,1611661313,4Q/OT | margin -3..3 | 300..120,get-possessions__possessions__off_def-Offense__filter_comparison-Exactly__filter_event-OnFloor__filter_value-5__start_type-All__season-2023__season_type-Playoffs__team_id-1611661313__f001ca9b,get-possessions,https://api.pbpstats.com/get-possessions/wnba?OffDef=Offense&FilterComparison=Exactly&FilterEvent=OnFloor&FilterValue=5&StartType=All&Season=2023&SeasonType=Playoffs&TeamId=1611661313,200,309,06:39,"MISS Laney 24' 3PT Running Jump Shot
Young REBOUND (Off:0 Def:1)
",0,0,1,0,2023-10-08,1042300301,0,0,LVA,1,0,-2,06:46,Off Long Mid-Range Miss,0,"[{""description"": ""MISS Laney 24' 3PT Running Jump Shot"", ""url"": """"}, {""description"": ""Young REBOUND (Off:0 Def:1)"", ""url"": """"}]",True,possessions,4Q/OT | margin -3..3 | 300..120,team
wnba,wnba_shot_pace,shot_pace,possessions,get-possessions,2023,Playoffs,team,"{'OffDef': 'Offense', 'FilterComparison': 'Exactly', 'FilterEvent': 'OnFloor', 'FilterValue': 5, 'StartType': 'All', 'Season': '2023', 'SeasonType': 'Playoffs', 'TeamId': '1611661313'}",shot_pace,1611661313,4Q/OT | margin -3..3 | 300..120,get-possessions__possessions__off_def-Offense__filter_comparison-Exactly__filter_event-OnFloor__filter_value-5__start_type-All__season-2023__season_type-Playoffs__team_id-1611661313__f001ca9b,get-possessions,https://api.pbpstats.com/get-possessions/wnba?OffDef=Offense&FilterComparison=Exactly&FilterEvent=OnFloor&FilterValue=5&StartType=All&Season=2023&SeasonType=Playoffs&TeamId=1611661313,200,310,07:18,"Vandersloot 24' 3PT Step Back Jump Shot (3 PTS) (Ionescu 1 AST)
",0,0,1,1,2023-10-08,1042300301,0,0,LVA,1,0,-5,07:32,Off Short Mid-Range Make,0,"[{""description"": ""Vandersloot 24' 3PT Step Back Jump Shot (3 PTS) (Ionescu 1 AST)"", ""url"": """"}]",True,possessions,4Q/OT | margin -3..3 | 300..120,team
wnba,wnba_shot_pace,shot_pace,possessions,get-possessions,2023,Playoffs,team,"{'OffDef': 'Offense', 'FilterComparison': 'Exactly', 'FilterEvent': 'OnFloor', 'FilterValue': 5, 'StartType': 'All', 'Season': '2023', 'SeasonType': 'Playoffs', 'TeamId': '1611661313'}",shot_pace,1611661313,4Q/OT | margin -3..3 | 300..120,get-possessions__possessions__off_def-Offense__filter_comparison-Exactly__filter_event-OnFloor__filter_value-5__start_type-All__season-2023__season_type-Playoffs__team_id-1611661313__f001ca9b,get-possessions,https://api.pbpstats.com/get-possessions/wnba?OffDef=Offense&FilterComparison=Exactly&FilterEvent=OnFloor&FilterValue=5&StartType=All&Season=2023&SeasonType=Playoffs&TeamId=1611661313,200,311,07:37,"Wilson STEAL (1 STL): Vandersloot Bad Pass Turnover (P1.T1)
",0,0,0,0,2023-10-08,1042300301,0,0,LVA,1,0,-3,07:57,Off Arc 3 Make,1,"[{""description"": ""Wilson STEAL (1 STL): Vandersloot Bad Pass Turnover (P1.T1)"", ""url"": """"}]",True,possessions,4Q/OT | margin -3..3 | 300..120,team
wnba,wnba_shot_pace,shot_pace,possessions,get-possessions,2023,Playoffs,team,"{'OffDef': 'Offense', 'FilterComparison': 'Exactly', 'FilterEvent': 'OnFloor', 'FilterValue': 5, 'StartType': 'All', 'Season': '2023', 'SeasonType': 'Playoffs', 'TeamId': '1611661313'}",shot_pace,1611661313,4Q/OT | margin -3..3 | 300..120,get-possessions__possessions__off_def-Offense__filter_comparison-Exactly__filter_event-OnFloor__filter_value-5__start_type-All__season-2023__season_type-Playoffs__team_id-1611661313__f001ca9b,get-possessions,https://api.pbpstats.com/get-possessions/wnba?OffDef=Offense&FilterComparison=Exactly&FilterEvent=OnFloor&FilterValue=5&StartType=All&Season=2023&SeasonType=Playoffs&TeamId=1611661313,200,312,08:20,"Ionescu 29' 3PT Running Pull-Up Jump Shot (3 PTS)
",0,0,1,1,2023-10-08,1042300301,0,0,LVA,1,0,-3,08:26,Off Long Mid-Range Miss,0,"[{""description"": ""Ionescu 29' 3PT Running Pull-Up Jump Shot (3 PTS)"", ""url"": """"}]",True,possessions,4Q/OT | margin -3..3 | 300..120,team
wnba,wnba_shot_pace,shot_pace,possessions,get-possessions,2023,Playoffs,team,"{'OffDef': 'Offense', 'FilterComparison': 'Exactly', 'FilterEvent': 'OnFloor', 'FilterValue': 5, 'StartType': 'All', 'Season': '2023', 'SeasonType': 'Playoffs', 'TeamId': '1611661313'}",shot_pace,1611661313,4Q/OT | margin -3..3 | 300..120,get-possessions__possessions__off_def-Offense__filter_comparison-Exactly__filter_event-OnFloor__filter_value-5__start_type-All__season-2023__season_type-Playoffs__team_id-1611661313__f001ca9b,get-possessions,https://api.pbpstats.com/get-possessions/wnba?OffDef=Offense&FilterComparison=Exactly&FilterEvent=OnFloor&FilterValue=5&StartType=All&Season=2023&SeasonType=Playoffs&TeamId=1611661313,200,313,08:46,"MISS Stewart 3PT Jump Shot
Plum REBOUND (Off:0 Def:1)
",0,0,1,0,2023-10-08,1042300301,0,0,LVA,1,0,-3,09:07,Off Arc 3 Make,0,"[{""description"": ""MISS Stewart 3PT Jump Shot"", ""url"": """"}, {""description"": ""Plum REBOUND (Off:0 Def:1)"", ""url"": """"}]",True,possessions,4Q/OT | margin -3..3 | 300..120,team
wnba,wnba_shot_pace,shot_pace,possessions,get-possessions,2023,Playoffs,team,"{'OffDef': 'Offense', 'FilterComparison': 'Exactly', 'FilterEvent': 'OnFloor', 'FilterValue': 5, 'StartType': 'All', 'Season': '2023', 'SeasonType': 'Playoffs', 'TeamId': '1611661313'}",shot_pace,1611661313,4Q/OT | margin -3..3 | 300..120,get-possessions__possessions__off_def-Offense__filter_comparison-Exactly__filter_event-OnFloor__filter_value-5__start_type-All__season-2023__season_type-Playoffs__team_id-1611661313__f001ca9b,get-possessions,https://api.pbpstats.com/get-possessions/wnba?OffDef=Offense&FilterComparison=Exactly&FilterEvent=OnFloor&FilterValue=5&StartType=All&Season=2023&SeasonType=Playoffs&TeamId=1611661313,200,314,09:18,"Stewart 12' Fadeaway Jumper (2 PTS)
",1,1,0,0,2023-10-08,1042300301,0,0,LVA,1,0,-2,09:36,Off Short Mid-Range Make,0,"[{""description"": ""Stewart 12' Fadeaway Jumper (2 PTS)"", ""url"": """"}]",True,possessions,4Q/OT | margin -3..3 | 300..120,team
wnba,wnba_shot_pace,shot_pace,possessions,get-possessions,2023,Playoffs,team,"{'OffDef': 'Offense', 'FilterComparison': 'Exactly', 'FilterEvent': 'OnFloor', 'FilterValue': 5, 'StartType': 'All', 'Season': '2023', 'SeasonType': 'Playoffs', 'TeamId': '1611661313'}",shot_pace,1611661313,4Q/OT | margin -3..3 | 300..120,get-possessions__possessions__off_def-Offense__filter_comparison-Exactly__filter_event-OnFloor__filter_value-5__start_type-All__season-2023__season_type-Playoffs__team_id-1611661313__f001ca9b,get-possessions,https://api.pbpstats.com/get-possessions/wnba?OffDef=Offense&FilterComparison=Exactly&FilterEvent=OnFloor&FilterValue=5&StartType=All&Season=2023&SeasonType=Playoffs&TeamId=1611661313,200,315,00:06,"Carrington Personal Take Foul (P4.PN)
Stewart Free Throw 1 of 2 (26 PTS)
Stewart Free Throw 2 of 2 (27 PTS)
",0,0,0,0,2023-10-01,1042300214,1,0,CON,4,0,1,00:07,Off Timeout,0,"[{""description"": ""Carrington Personal Take Foul (P4.PN)"", ""url"": """"}, {""description"": ""Stewart Free Throw 1 of 2 (26 PTS)"", ""url"": """"}, {""description"": ""Stewart Free Throw 2 of 2 (27 PTS)"", ""url"": """"}]",True,possessions,4Q/OT | margin -3..3 | 300..120,team
wnba,wnba_shot_pace,shot_pace,possessions,get-possessions,2023,Playoffs,team,"{'OffDef': 'Offense', 'FilterComparison': 'Exactly', 'FilterEvent': 'OnFloor', 'FilterValue': 5, 'StartType': 'All', 'Season': '2023', 'SeasonType': 'Playoffs', 'TeamId': '1611661313'}",shot_pace,1611661313,4Q/OT | margin -3..3 | 300..120,get-possessions__possessions__off_def-Offense__filter_comparison-Exactly__filter_event-OnFloor__filter_value-5__start_type-All__season-2023__season_type-Playoffs__team_id-1611661313__f001ca9b,get-possessions,https://api.pbpstats.com/get-possessions/wnba?OffDef=Offense&FilterComparison=Exactly&FilterEvent=OnFloor&FilterValue=5&StartType=All&Season=2023&SeasonType=Playoffs&TeamId=1611661313,200,316,00:14,"Allen Personal Take Foul (P4.PN)
Laney Free Throw 1 of 2 (21 PTS)
MISS Laney Free Throw 2 of 2
Bonner REBOUND (Off:0 Def:6)
",0,0,0,0,2023-10-01,1042300214,1,0,CON,4,0,3,00:18,Off Arc 3 Make,0,"[{""description"": ""Allen Personal Take Foul (P4.PN)"", ""url"": """"}, {""description"": ""Laney Free Throw 1 of 2 (21 PTS)"", ""url"": """"}, {""description"": ""MISS Laney Free Throw 2 of 2"", ""url"": """"}, {""description"": ""Bonner REBOUND (Off:0 Def:6)"", ""url"": ""https://videos.nba.com/wnba/pbp/media/2023/10/01/1042300214/536/40656c58-4ea6-eccc-201c-5f5f5eb97304_960x540.mp4""}]",True,possessions,4Q/OT | margin -3..3 | 300..120,team
wnba,wnba_shot_pace,shot_pace,possessions,get-possessions,2023,Playoffs,team,"{'OffDef': 'Offense', 'FilterComparison': 'Exactly', 'FilterEvent': 'OnFloor', 'FilterValue': 5, 'StartType': 'All', 'Season': '2023', 'SeasonType': 'Playoffs', 'TeamId': '1611661313'}",shot_pace,1611661313,4Q/OT | margin -3..3 | 300..120,get-possessions__possessions__off_def-Offense__filter_comparison-Exactly__filter_event-OnFloor__filter_value-5__start_type-All__season-2023__season_type-Playoffs__team_id-1611661313__f001ca9b,get-possessions,https://api.pbpstats.com/get-possessions/wnba?OffDef=Offense&FilterComparison=Exactly&FilterEvent=OnFloor&FilterValue=5&StartType=All&Season=2023&SeasonType=Playoffs&TeamId=1611661313,200,317,00:29,"Carrington Personal Take Foul (P3.PN)
MISS Jones Free Throw 1 of 2
Liberty Rebound
Jones Free Throw 2 of 2 (25 PTS)
",0,0,0,0,2023-10-01,1042300214,1,0,CON,4,0,5,00:29,Off Corner 3 Miss,0,"[{""description"": ""Carrington Personal Take Foul (P3.PN)"", ""url"": """"}, {""description"": ""MISS Jones Free Throw 1 of 2"", ""url"": """"}, {""description"": ""Liberty Rebound"", ""url"": """"}, {""description"": ""Jones Free Throw 2 of 2 (25 PTS)"", ""url"": """"}]",True,possessions,4Q/OT | margin -3..3 | 300..120,team
wnba,wnba_shot_pace,shot_pace,possessions,get-possessions,2023,Playoffs,team,"{'OffDef': 'Offense', 'FilterComparison': 'Exactly', 'FilterEvent': 'OnFloor', 'FilterValue': 5, 'StartType': 'All', 'Season': '2023', 'SeasonType': 'Playoffs', 'TeamId': '1611661313'}",shot_pace,1611661313,4Q/OT | margin -3..3 | 300..120,get-possessions__possessions__off_def-Offense__filter_comparison-Exactly__filter_event-OnFloor__filter_value-5__start_type-All__season-2023__season_type-Playoffs__team_id-1611661313__f001ca9b,get-possessions,https://api.pbpstats.com/get-possessions/wnba?OffDef=Offense&FilterComparison=Exactly&FilterEvent=OnFloor&FilterValue=5&StartType=All&Season=2023&SeasonType=Playoffs&TeamId=1611661313,200,318,00:42,"Thomas S.FOUL (P4.PN)
Jones Free Throw 1 of 2 (23 PTS)
Jones Free Throw 2 of 2 (24 PTS)
",0,0,0,0,2023-10-01,1042300214,0,0,CON,4,1,3,00:45,Off Steal,0,"[{""description"": ""Thomas S.FOUL (P4.PN)"", ""url"": """"}, {""description"": ""Jones Free Throw 1 of 2 (23 PTS)"", ""url"": """"}, {""description"": ""Jones Free Throw 2 of 2 (24 PTS)"", ""url"": """"}]",True,possessions,4Q/OT | margin -3..3 | 300..120,team
wnba,wnba_shot_pace,shot_pace,possessions,get-possessions,2023,Playoffs,team,"{'OffDef': 'Offense', 'FilterComparison': 'Exactly', 'FilterEvent': 'OnFloor', 'FilterValue': 5, 'StartType': 'All', 'Season': '2023', 'SeasonType': 'Playoffs', 'TeamId': '1611661313'}",shot_pace,1611661313,4Q/OT | margin -3..3 | 300..120,get-possessions__possessions__off_def-Offense__filter_comparison-Exactly__filter_event-OnFloor__filter_value-5__start_type-All__season-2023__season_type-Playoffs__team_id-1611661313__f001ca9b,get-possessions,https://api.pbpstats.com/get-possessions/wnba?OffDef=Offense&FilterComparison=Exactly&FilterEvent=OnFloor&FilterValue=5&StartType=All&Season=2023&SeasonType=Playoffs&TeamId=1611661313,200,319,00:54,"MISS Stewart 15' Jump Shot
Jones REBOUND (Off:6 Def:8)
Hayes P.FOUL (P4.PN)
Jones Free Throw 1 of 2 (21 PTS)
Jones Free Throw 2 of 2 (22 PTS)
",1,0,0,0,2023-10-01,1042300214,1,1,CON,4,0,1,01:21,Off Timeout,0,"[{""description"": ""MISS Stewart 15' Jump Shot"", ""url"": ""https://videos.nba.com/wnba/pbp/media/2023/10/01/1042300214/500/802945d0-3819-021a-c325-ce39aceb3d13_960x540.mp4""}, {""description"": ""Jones REBOUND (Off:6 Def:8)"", ""url"": ""https://videos.nba.com/wnba/pbp/media/2023/10/01/1042300214/504/722cd1cc-c7bf-0e57-c568-9d0a043a9d14_960x540.mp4""}, {""description"": ""Hayes P.FOUL (P4.PN)"", ""url"": """"}, {""description"": ""Jones Free Throw 1 of 2 (21 PTS)"", ""url"": """"}, {""description"": ""Jones Free Throw 2 of 2 (22 PTS)"", ""url"": """"}]",True,possessions,4Q/OT | margin -3..3 | 300..120,team
wnba,wnba_shot_pace,shot_pace,possessions,get-possessions,2023,Playoffs,team,"{'OffDef': 'Offense', 'FilterComparison': 'Exactly', 'FilterEvent': 'OnFloor', 'FilterValue': 5, 'StartType': 'All', 'Season': '2023', 'SeasonType': 'Playoffs', 'TeamId': '1611661313'}",shot_pace,1611661313,4Q/OT | margin -3..3 | 300..120,get-possessions__possessions__off_def-Offense__filter_comparison-Exactly__filter_event-OnFloor__filter_value-5__start_type-All__season-2023__season_type-Playoffs__team_id-1611661313__f001ca9b,get-possessions,https://api.pbpstats.com/get-possessions/wnba?OffDef=Offense&FilterComparison=Exactly&FilterEvent=OnFloor&FilterValue=5&StartType=All&Season=2023&SeasonType=Playoffs&TeamId=1611661313,200,320,01:33,"Bonner S.FOUL (P3.PN)
Stewart Free Throw 1 of 2 (24 PTS)
Stewart Free Throw 2 of 2 (25 PTS)
",0,0,0,0,2023-10-01,1042300214,0,0,CON,4,1,2,01:42,Off At Rim Miss,0,"[{""description"": ""Bonner S.FOUL (P3.PN)"", ""url"": """"}, {""description"": ""Stewart Free Throw 1 of 2 (24 PTS)"", ""url"": """"}, {""description"": ""Stewart Free Throw 2 of 2 (25 PTS)"", ""url"": """"}]",True,possessions,4Q/OT | margin -3..3 | 300..120,team
wnba,wnba_shot_pace,shot_pace,possessions,get-possessions,2023,Playoffs,team,"{'OffDef': 'Offense', 'FilterComparison': 'Exactly', 'FilterEvent': 'OnFloor', 'FilterValue': 5, 'StartType': 'All', 'Season': '2023', 'SeasonType': 'Playoffs', 'TeamId': '1611661313'}",shot_pace,1611661313,4Q/OT | margin -3..3 | 300..120,get-possessions__possessions__off_def-Offense__filter_comparison-Exactly__filter_event-OnFloor__filter_value-5__start_type-All__season-2023__season_type-Playoffs__team_id-1611661313__f001ca9b,get-possessions,https://api.pbpstats.com/get-possessions/wnba?OffDef=Offense&FilterComparison=Exactly&FilterEvent=OnFloor&FilterValue=5&StartType=All&Season=2023&SeasonType=Playoffs&TeamId=1611661313,200,321,02:08,"Stewart 25' 3PT Jump Shot (23 PTS) (Vandersloot 7 AST)
",0,0,1,1,2023-10-01,1042300214,0,0,CON,4,0,-1,02:20,Off Dead Ball,0,"[{""description"": ""Stewart 25' 3PT Jump Shot (23 PTS) (Vandersloot 7 AST)"", ""url"": ""https://videos.nba.com/wnba/pbp/media/2023/10/01/1042300214/486/4572364e-b9a8-1ad8-2657-7b2e1ddd35b5_960x540.mp4""}]",True,possessions,4Q/OT | margin -3..3 | 300..120,team
wnba,wnba_shot_pace,shot_pace,possessions,get-possessions,2023,Playoffs,team,"{'OffDef': 'Offense', 'FilterComparison': 'Exactly', 'FilterEvent': 'OnFloor', 'FilterValue': 5, 'StartType': 'All', 'Season': '2023', 'SeasonType': 'Playoffs', 'TeamId': '1611661313'}",shot_pace,1611661313,4Q/OT | margin -3..3 | 300..120,get-possessions__possessions__off_def-Offense__filter_comparison-Exactly__filter_event-OnFloor__filter_value-5__start_type-All__season-2023__season_type-Playoffs__team_id-1611661313__f001ca9b,get-possessions,https://api.pbpstats.com/get-possessions/wnba?OffDef=Offense&FilterComparison=Exactly&FilterEvent=OnFloor&FilterValue=5&StartType=All&Season=2023&SeasonType=Playoffs&TeamId=1611661313,200,322,02:24,"MISS Stewart 16' Turnaround Jump Shot
Thomas REBOUND (Off:4 Def:11)
",1,0,0,0,2023-10-01,1042300214,0,0,CON,4,0,-1,02:49,Off FT Miss,0,"[{""description"": ""MISS Stewart 16' Turnaround Jump Shot"", ""url"": ""https://videos.nba.com/wnba/pbp/media/2023/10/01/1042300214/481/abeccf89-feea-dad9-ebd9-47a968c8c5e4_960x540.mp4""}, {""description"": ""Thomas REBOUND (Off:4 Def:11)"", ""url"": ""https://videos.nba.com/wnba/pbp/media/2023/10/01/1042300214/482/ef6f36cd-1145-5ba2-20b7-3d87501a7f78_960x540.mp4""}]",True,possessions,4Q/OT | margin -3..3 | 300..120,team
wnba,wnba_shot_pace,shot_pace,possessions,get-possessions,2023,Playoffs,team,"{'OffDef': 'Offense', 'FilterComparison': 'Exactly', 'FilterEvent': 'OnFloor', 'FilterValue': 5, 'StartType': 'All', 'Season': '2023', 'SeasonType': 'Playoffs', 'TeamId': '1611661313'}",shot_pace,1611661313,4Q/OT | margin -3..3 | 300..120,get-possessions__possessions__off_def-Offense__filter_comparison-Exactly__filter_event-OnFloor__filter_value-5__start_type-All__season-2023__season_type-Playoffs__team_id-1611661313__f001ca9b,get-possessions,https://api.pbpstats.com/get-possessions/wnba?OffDef=Offense&FilterComparison=Exactly&FilterEvent=OnFloor&FilterValue=5&StartType=All&Season=2023&SeasonType=Playoffs&TeamId=1611661313,200,323,03:00,"MISS Jones 26' 3PT Jump Shot
Thomas REBOUND (Off:4 Def:10)
",0,0,1,0,2023-10-01,1042300214,0,0,CON,4,0,0,03:14,Off At Rim Make,0,"[{""description"": ""MISS Jones 26' 3PT Jump Shot"", ""url"": ""https://videos.nba.com/wnba/pbp/media/2023/10/01/1042300214/473/c3b62127-cad3-b324-2204-b01b2d1ba521_960x540.mp4""}, {""description"": ""Thomas REBOUND (Off:4 Def:10)"", ""url"": ""https://videos.nba.com/wnba/pbp/media/2023/10/01/1042300214/474/621aea0f-4dc4-95d3-7502-11074fb756be_960x540.mp4""}]",True,possessions,4Q/OT | margin -3..3 | 300..120,team
wnba,wnba_shot_pace,shot_pace,possessions,get-possessions,2023,Playoffs,team,"{'OffDef': 'Offense', 'FilterComparison': 'Exactly', 'FilterEvent': 'OnFloor', 'FilterValue': 5, 'StartType': 'All', 'Season': '2023', 'SeasonType': 'Playoffs', 'TeamId': '1611661313'}",shot_pace,1611661313,4Q/OT | margin -3..3 | 300..120,get-possessions__possessions__off_def-Offense__filter_comparison-Exactly__filter_event-OnFloor__filter_value-5__start_type-All__season-2023__season_type-Playoffs__team_id-1611661313__f001ca9b,get-possessions,https://api.pbpstats.com/get-possessions/wnba?OffDef=Offense&FilterComparison=Exactly&FilterEvent=OnFloor&FilterValue=5&StartType=All&Season=2023&SeasonType=Playoffs&TeamId=1611661313,200,324,03:26,"Jones 25' 3PT Jump Shot (20 PTS) (Ionescu 7 AST)
",0,0,1,1,2023-10-01,1042300214,0,0,CON,4,0,-1,03:54,Off Arc 3 Make,0,"[{""description"": ""Jones 25' 3PT Jump Shot (20 PTS) (Ionescu 7 AST)"", ""url"": ""https://videos.nba.com/wnba/pbp/media/2023/10/01/1042300214/470/d5d2cad2-78ef-b643-3edc-14fc2561aec2_960x540.mp4""}]",True,possessions,4Q/OT | margin -3..3 | 300..120,team
wnba,wnba_shot_pace,shot_pace,possessions,get-possessions,2023,Playoffs,team,"{'OffDef': 'Offense', 'FilterComparison': 'Exactly', 'FilterEvent': 'OnFloor', 'FilterValue': 5, 'StartType': 'All', 'Season': '2023', 'SeasonType': 'Playoffs', 'TeamId': '1611661313'}",shot_pace,1611661313,4Q/OT | margin -3..3 | 300..120,get-possessions__possessions__off_def-Offense__filter_comparison-Exactly__filter_event-OnFloor__filter_value-5__start_type-All__season-2023__season_type-Playoffs__team_id-1611661313__f001ca9b,get-possessions,https://api.pbpstats.com/get-possessions/wnba?OffDef=Offense&FilterComparison=Exactly&FilterEvent=OnFloor&FilterValue=5&StartType=All&Season=2023&SeasonType=Playoffs&TeamId=1611661313,200,325,04:05,"MISS Laney 4' Step Back Jump Shot
Thomas REBOUND (Off:4 Def:9)
",1,0,0,0,2023-10-01,1042300214,0,0,CON,4,0,2,04:30,Off Short Mid-Range Miss,0,"[{""description"": ""MISS Laney 4' Step Back Jump Shot"", ""url"": ""https://videos.nba.com/wnba/pbp/media/2023/10/01/1042300214/463/1cab6eae-95c9-1719-80c7-b508bdbf6e83_960x540.mp4""}, {""description"": ""Thomas REBOUND (Off:4 Def:9)"", ""url"": ""https://videos.nba.com/wnba/pbp/media/2023/10/01/1042300214/464/11d417c2-ed85-0caa-8a6e-951815a28ba2_960x540.mp4""}]",True,possessions,4Q/OT | margin -3..3 | 300..120,team
wnba,wnba_shot_pace,shot_pace,possessions,get-possessions,2023,Playoffs,team,"{'OffDef': 'Offense', 'FilterComparison': 'Exactly', 'FilterEvent': 'OnFloor', 'FilterValue': 5, 'StartType': 'All', 'Season': '2023', 'SeasonType': 'Playoffs', 'TeamId': '1611661313'}",shot_pace,1611661313,4Q/OT | margin -3..3 | 300..120,get-possessions__possessions__off_def-Offense__filter_comparison-Exactly__filter_event-OnFloor__filter_value-5__start_type-All__season-2023__season_type-Playoffs__team_id-1611661313__f001ca9b,get-possessions,https://api.pbpstats.com/get-possessions/wnba?OffDef=Offense&FilterComparison=Exactly&FilterEvent=OnFloor&FilterValue=5&StartType=All&Season=2023&SeasonType=Playoffs&TeamId=1611661313,200,326,04:55,"Thomas S.FOUL (P3.PN)
Stewart Free Throw 1 of 2 (19 PTS)
Stewart Free Throw 2 of 2 (20 PTS)
",0,0,0,0,2023-10-01,1042300214,0,0,CON,4,1,0,05:13,Off Arc 3 Make,0,"[{""description"": ""Thomas S.FOUL (P3.PN)"", ""url"": """"}, {""description"": ""Stewart Free Throw 1 of 2 (19 PTS)"", ""url"": """"}, {""description"": ""Stewart Free Throw 2 of 2 (20 PTS)"", ""url"": """"}]",True,possessions,4Q/OT | margin -3..3 | 300..120,team
wnba,wnba_shot_pace,shot_pace,possessions,get-possessions,2023,Playoffs,team,"{'OffDef': 'Offense', 'FilterComparison': 'Exactly', 'FilterEvent': 'OnFloor', 'FilterValue': 5, 'StartType': 'All', 'Season': '2023', 'SeasonType': 'Playoffs', 'TeamId': '1611661313'}",shot_pace,1611661313,4Q/OT | margin -3..3 | 300..120,get-possessions__possessions__off_def-Offense__filter_comparison-Exactly__filter_event-OnFloor__filter_value-5__start_type-All__season-2023__season_type-Playoffs__team_id-1611661313__f001ca9b,get-possessions,https://api.pbpstats.com/get-possessions/wnba?OffDef=Offense&FilterComparison=Exactly&FilterEvent=OnFloor&FilterValue=5&StartType=All&Season=2023&SeasonType=Playoffs&TeamId=1611661313,200,327,05:33,"Jones 1' Cutting Layup Shot (17 PTS) (Ionescu 6 AST)
",1,1,0,0,2023-10-01,1042300214,0,0,CON,4,0,1,05:47,Off At Rim Miss,0,"[{""description"": ""Jones 1' Cutting Layup Shot (17 PTS) (Ionescu 6 AST)"", ""url"": ""https://videos.nba.com/wnba/pbp/media/2023/10/01/1042300214/449/63a80d7e-21e3-5bb7-80f0-20b1ed2eb43e_960x540.mp4""}]",True,possessions,4Q/OT | margin -3..3 | 300..120,team
wnba,wnba_shot_pace,shot_pace,possessions,get-possessions,2023,Playoffs,team,"{'OffDef': 'Offense', 'FilterComparison': 'Exactly', 'FilterEvent': 'OnFloor', 'FilterValue': 5, 'StartType': 'All', 'Season': '2023', 'SeasonType': 'Playoffs', 'TeamId': '1611661313'}",shot_pace,1611661313,4Q/OT | margin -3..3 | 300..120,get-possessions__possessions__off_def-Offense__filter_comparison-Exactly__filter_event-OnFloor__filter_value-5__start_type-All__season-2023__season_type-Playoffs__team_id-1611661313__f001ca9b,get-possessions,https://api.pbpstats.com/get-possessions/wnba?OffDef=Offense&FilterComparison=Exactly&FilterEvent=OnFloor&FilterValue=5&StartType=All&Season=2023&SeasonType=Playoffs&TeamId=1611661313,200,328,06:10,"MISS Laney 1' Layup
Jones REBOUND (Off:5 Def:6)
Hayes P.FOUL (P3.T4)
Vandersloot Traveling Turnover (P5.T13)
",1,0,0,0,2023-10-01,1042300214,0,1,CON,4,0,1,06:37,Off At Rim Make,1,"[{""description"": ""MISS Laney 1' Layup"", ""url"": ""https://videos.nba.com/wnba/pbp/media/2023/10/01/1042300214/439/27380a17-53bc-7050-1660-c46bf1b3bbb7_960x540.mp4""}, {""description"": ""Jones REBOUND (Off:5 Def:6)"", ""url"": ""https://videos.nba.com/wnba/pbp/media/2023/10/01/1042300214/440/23f746e8-b870-d2e3-fb0f-474d2c4696f8_960x540.mp4""}, {""description"": ""Hayes P.FOUL (P3.T4)"", ""url"": """"}, {""description"": ""Vandersloot Traveling Turnover (P5.T13)"", ""url"": ""https://videos.nba.com/wnba/pbp/media/2023/10/01/1042300214/443/c490df0b-c89b-6b56-b2c0-bc07cba15a29_960x540.mp4""}]",True,possessions,4Q/OT | margin -3..3 | 300..120,team
wnba,wnba_shot_pace,shot_pace,possessions,get-possessions,2023,Playoffs,team,"{'OffDef': 'Offense', 'FilterComparison': 'Exactly', 'FilterEvent': 'OnFloor', 'FilterValue': 5, 'StartType': 'All', 'Season': '2023', 'SeasonType': 'Playoffs', 'TeamId': '1611661313'}",shot_pace,1611661313,4Q/OT | margin -3..3 | 300..120,get-possessions__possessions__off_def-Offense__filter_comparison-Exactly__filter_event-OnFloor__filter_value-5__start_type-All__season-2023__season_type-Playoffs__team_id-1611661313__f001ca9b,get-possessions,https://api.pbpstats.com/get-possessions/wnba?OffDef=Offense&FilterComparison=Exactly&FilterEvent=OnFloor&FilterValue=5&StartType=All&Season=2023&SeasonType=Playoffs&TeamId=1611661313,200,329,06:52,"Nelson-Ododa S.FOUL (P2.T3)
MISS Jones Free Throw 1 of 2
Liberty Rebound
Jones Free Throw 2 of 2 (15 PTS)
",0,0,0,0,2023-10-01,1042300214,0,0,CON,4,1,2,07:01,Off Short Mid-Range Miss,0,"[{""description"": ""Nelson-Ododa S.FOUL (P2.T3)"", ""url"": """"}, {""description"": ""MISS Jones Free Throw 1 of 2"", ""url"": """"}, {""description"": ""Liberty Rebound"", ""url"": """"}, {""description"": ""Jones Free Throw 2 of 2 (15 PTS)"", ""url"": """"}]",True,possessions,4Q/OT | margin -3..3 | 300..120,team
wnba,wnba_shot_pace,shot_pace,possessions,get-possessions,2023,Playoffs,team,"{'OffDef': 'Offense', 'FilterComparison': 'Exactly', 'FilterEvent': 'OnFloor', 'FilterValue': 5, 'StartType': 'All', 'Season': '2023', 'SeasonType': 'Playoffs', 'TeamId': '1611661313'}",shot_pace,1611661313,4Q/OT | margin -3..3 | 300..120,get-possessions__possessions__off_def-Offense__filter_comparison-Exactly__filter_event-OnFloor__filter_value-5__start_type-All__season-2023__season_type-Playoffs__team_id-1611661313__f001ca9b,get-possessions,https://api.pbpstats.com/get-possessions/wnba?OffDef=Offense&FilterComparison=Exactly&FilterEvent=OnFloor&FilterValue=5&StartType=All&Season=2023&SeasonType=Playoffs&TeamId=1611661313,200,330,07:33,"Nelson-Ododa P.FOUL (P1.T2)
Nelson-Ododa BLOCK (1 BLK): MISS Jones 2' Layup
Hayes REBOUND (Off:0 Def:2)
",1,0,0,0,2023-10-01,1042300214,0,0,CON,4,0,2,08:04,Off Timeout,0,"[{""description"": ""Nelson-Ododa P.FOUL (P1.T2)"", ""url"": """"}, {""description"": ""Nelson-Ododa BLOCK (1 BLK): MISS Jones 2' Layup"", ""url"": """"}, {""description"": ""Hayes REBOUND (Off:0 Def:2)"", ""url"": """"}]",True,possessions,4Q/OT | margin -3..3 | 300..120,team
wnba,wnba_shot_pace,shot_pace,possessions,get-possessions,2023,Playoffs,team,"{'OffDef': 'Offense', 'FilterComparison': 'Exactly', 'FilterEvent': 'OnFloor', 'FilterValue': 5, 'StartType': 'All', 'Season': '2023', 'SeasonType': 'Playoffs', 'TeamId': '1611661313'}",shot_pace,1611661313,4Q/OT | margin -3..3 | 300..120,get-possessions__possessions__off_def-Offense__filter_comparison-Exactly__filter_event-OnFloor__filter_value-5__start_type-All__season-2023__season_type-Playoffs__team_id-1611661313__f001ca9b,get-possessions,https://api.pbpstats.com/get-possessions/wnba?OffDef=Offense&FilterComparison=Exactly&FilterEvent=OnFloor&FilterValue=5&StartType=All&Season=2023&SeasonType=Playoffs&TeamId=1611661313,200,331,08:14,"Harris STEAL (2 STL): Stewart Bad Pass Turnover (P2.T12)
",0,0,0,0,2023-10-01,1042300214,0,0,CON,4,0,4,08:31,Off At Rim Make,1,"[{""description"": ""Harris STEAL (2 STL): Stewart Bad Pass Turnover (P2.T12)"", ""url"": ""https://videos.nba.com/wnba/pbp/media/2023/10/01/1042300214/417/2d164769-71d3-741f-8bc4-4d245567309c_960x540.mp4""}]",True,possessions,4Q/OT | margin -3..3 | 300..120,team
wnba,wnba_shot_pace,shot_pace,possessions,get-possessions,2023,Playoffs,team,"{'OffDef': 'Offense', 'FilterComparison': 'Exactly', 'FilterEvent': 'OnFloor', 'FilterValue': 5, 'StartType': 'All', 'Season': '2023', 'SeasonType': 'Playoffs', 'TeamId': '1611661313'}",shot_pace,1611661313,4Q/OT | margin -3..3 | 300..120,get-possessions__possessions__off_def-Offense__filter_comparison-Exactly__filter_event-OnFloor__filter_value-5__start_type-All__season-2023__season_type-Playoffs__team_id-1611661313__f001ca9b,get-possessions,https://api.pbpstats.com/get-possessions/wnba?OffDef=Offense&FilterComparison=Exactly&FilterEvent=OnFloor&FilterValue=5&StartType=All&Season=2023&SeasonType=Playoffs&TeamId=1611661313,200,332,08:35,"MISS Vandersloot 7' Jump Shot
Bonner REBOUND (Off:0 Def:5)
",1,0,0,0,2023-10-01,1042300214,0,0,CON,4,0,6,08:57,Off Arc 3 Miss,0,"[{""description"": ""MISS Vandersloot 7' Jump Shot"", ""url"": ""https://videos.nba.com/wnba/pbp/media/2023/10/01/1042300214/413/071ed9f1-852b-949b-bd11-b52eb955179f_960x540.mp4""}, {""description"": ""Bonner REBOUND (Off:0 Def:5)"", ""url"": ""https://videos.nba.com/wnba/pbp/media/2023/10/01/1042300214/414/5b77c7b0-16c1-cf07-8991-ea518c9eaa75_960x540.mp4""}]",True,possessions,4Q/OT | margin -3..3 | 300..120,team
wnba,wnba_shot_pace,shot_pace,possessions,get-possessions,2023,Playoffs,team,"{'OffDef': 'Offense', 'FilterComparison': 'Exactly', 'FilterEvent': 'OnFloor', 'FilterValue': 5, 'StartType': 'All', 'Season': '2023', 'SeasonType': 'Playoffs', 'TeamId': '1611661313'}",shot_pace,1611661313,4Q/OT | margin -3..3 | 300..120,get-possessions__possessions__off_def-Offense__filter_comparison-Exactly__filter_event-OnFloor__filter_value-5__start_type-All__season-2023__season_type-Playoffs__team_id-1611661313__f001ca9b,get-possessions,https://api.pbpstats.com/get-possessions/wnba?OffDef=Offense&FilterComparison=Exactly&FilterEvent=OnFloor&FilterValue=5&StartType=All&Season=2023&SeasonType=Playoffs&TeamId=1611661313,200,333,09:17,"Harris Personal Take Foul (P1.T1)
Jones OFF.Foul (P3)
Jones Offensive Foul Turnover (P3.T11)
",0,0,0,0,2023-10-01,1042300214,0,0,CON,4,0,6,09:31,Off Timeout,1,"[{""description"": ""Harris Personal Take Foul (P1.T1)"", ""url"": """"}, {""description"": ""Jones OFF.Foul (P3)"", ""url"": """"}, {""description"": ""Jones Offensive Foul Turnover (P3.T11)"", ""url"": ""https://videos.nba.com/wnba/pbp/media/2023/10/01/1042300214/410/2a1fae72-d3f3-ed1a-9f68-3abb62e22e62_960x540.mp4""}]",True,possessions,4Q/OT | margin -3..3 | 300..120,team
wnba,wnba_shot_pace,shot_pace,possessions,get-possessions,2023,Playoffs,team,"{'OffDef': 'Offense', 'FilterComparison': 'Exactly', 'FilterEvent': 'OnFloor', 'FilterValue': 5, 'StartType': 'All', 'Season': '2023', 'SeasonType': 'Playoffs', 'TeamId': '1611661313'}",shot_pace,1611661313,4Q/OT | margin -3..3 | 300..120,get-possessions__possessions__off_def-Offense__filter_comparison-Exactly__filter_event-OnFloor__filter_value-5__start_type-All__season-2023__season_type-Playoffs__team_id-1611661313__f001ca9b,get-possessions,https://api.pbpstats.com/get-possessions/wnba?OffDef=Offense&FilterComparison=Exactly&FilterEvent=OnFloor&FilterValue=5&StartType=All&Season=2023&SeasonType=Playoffs&TeamId=1611661313,200,334,09:36,"MISS Ionescu 3' Driving Layup
Nelson-Ododa REBOUND (Off:1 Def:1)
",1,0,0,0,2023-10-01,1042300214,0,0,CON,4,0,8,10:00,Off Dead Ball,0,"[{""description"": ""MISS Ionescu 3' Driving Layup"", ""url"": ""https://videos.nba.com/wnba/pbp/media/2023/10/01/1042300214/398/ddc421ae-72be-b446-2941-3098dca74c83_960x540.mp4""}, {""description"": ""Nelson-Ododa REBOUND (Off:1 Def:1)"", ""url"": ""https://videos.nba.com/wnba/pbp/media/2023/10/01/1042300214/399/891da10c-a800-b7d5-f2b6-f57e290adf05_960x540.mp4""}]",True,possessions,4Q/OT | margin -3..3 | 300..120,team
wnba,wnba_shot_pace,shot_pace,possessions,get-possessions,2023,Playoffs,team,"{'OffDef': 'Offense', 'FilterComparison': 'Exactly', 'FilterEvent': 'OnFloor', 'FilterValue': 5, 'StartType': 'All', 'Season': '2023', 'SeasonType': 'Playoffs', 'TeamId': '1611661313'}",shot_pace,1611661313,4Q/OT | margin -3..3 | 300..120,get-possessions__possessions__off_def-Offense__filter_comparison-Exactly__filter_event-OnFloor__filter_value-5__start_type-All__season-2023__season_type-Playoffs__team_id-1611661313__f001ca9b,get-possessions,https://api.pbpstats.com/get-possessions/wnba?OffDef=Offense&FilterComparison=Exactly&FilterEvent=OnFloor&FilterValue=5&StartType=All&Season=2023&SeasonType=Playoffs&TeamId=1611661313,200,335,00:00,"MISS Ionescu 19' Jump Shot
Liberty Rebound
",1,0,0,0,2023-10-01,1042300214,0,0,CON,3,0,8,00:16,Off Arc 3 Miss,0,"[{""description"": ""MISS Ionescu 19' Jump Shot"", ""url"": ""https://videos.nba.com/wnba/pbp/media/2023/10/01/1042300214/392/b1b94bb8-a928-092c-d224-b819070757bb_960x540.mp4""}, {""description"": ""Liberty Rebound"", ""url"": """"}]",True,possessions,4Q/OT | margin -3..3 | 300..120,team
wnba,wnba_shot_pace,shot_pace,possessions,get-possessions,2023,Playoffs,team,"{'OffDef': 'Offense', 'FilterComparison': 'Exactly', 'FilterEvent': 'OnFloor', 'FilterValue': 5, 'StartType': 'All', 'Season': '2023', 'SeasonType': 'Playoffs', 'TeamId': '1611661313'}",shot_pace,1611661313,4Q/OT | margin -3..3 | 300..120,get-possessions__possessions__off_def-Offense__filter_comparison-Exactly__filter_event-OnFloor__filter_value-5__start_type-All__season-2023__season_type-Playoffs__team_id-1611661313__f001ca9b,get-possessions,https://api.pbpstats.com/get-possessions/wnba?OffDef=Offense&FilterComparison=Exactly&FilterEvent=OnFloor&FilterValue=5&StartType=All&Season=2023&SeasonType=Playoffs&TeamId=1611661313,200,336,00:29,"Laney 1' Cutting Layup Shot (20 PTS) (Jones 2 AST)
",1,1,0,0,2023-10-01,1042300214,0,0,CON,3,0,6,00:42,Off Corner 3 Make,0,"[{""description"": ""Laney 1' Cutting Layup Shot (20 PTS) (Jones 2 AST)"", ""url"": ""https://videos.nba.com/wnba/pbp/media/2023/10/01/1042300214/386/4e26f778-08f1-8a8d-bfca-7e5a8e0a8833_960x540.mp4""}]",True,possessions,4Q/OT | margin -3..3 | 300..120,team
wnba,wnba_shot_pace,shot_pace,possessions,get-possessions,2023,Playoffs,team,"{'OffDef': 'Offense', 'FilterComparison': 'Exactly', 'FilterEvent': 'OnFloor', 'FilterValue': 5, 'StartType': 'All', 'Season': '2023', 'SeasonType': 'Playoffs', 'TeamId': '1611661313'}",shot_pace,1611661313,4Q/OT | margin -3..3 | 300..120,get-possessions__possessions__off_def-Offense__filter_comparison-Exactly__filter_event-OnFloor__filter_value-5__start_type-All__season-2023__season_type-Playoffs__team_id-1611661313__f001ca9b,get-possessions,https://api.pbpstats.com/get-possessions/wnba?OffDef=Offense&FilterComparison=Exactly&FilterEvent=OnFloor&FilterValue=5&StartType=All&Season=2023&SeasonType=Playoffs&TeamId=1611661313,200,337,00:47,"MISS Stewart 17' Jump Shot
Thomas REBOUND (Off:4 Def:8)
",1,0,0,0,2023-10-01,1042300214,0,0,CON,3,0,9,01:12,Off At Rim Make,0,"[{""description"": ""MISS Stewart 17' Jump Shot"", ""url"": ""https://videos.nba.com/wnba/pbp/media/2023/10/01/1042300214/382/194deac3-0572-23ff-068b-7f4f4330d7e6_960x540.mp4""}, {""description"": ""Thomas REBOUND (Off:4 Def:8)"", ""url"": ""https://videos.nba.com/wnba/pbp/media/2023/10/01/1042300214/383/5f121f46-9b3b-b340-70c5-af994311027e_960x540.mp4""}]",True,possessions,4Q/OT | margin -3..3 | 300..120,team
wnba,wnba_shot_pace,shot_pace,possessions,get-possessions,2023,Playoffs,team,"{'OffDef': 'Offense', 'FilterComparison': 'Exactly', 'FilterEvent': 'OnFloor', 'FilterValue': 5, 'StartType': 'All', 'Season': '2023', 'SeasonType': 'Playoffs', 'TeamId': '1611661313'}",shot_pace,1611661313,4Q/OT | margin -3..3 | 300..120,get-possessions__possessions__off_def-Offense__filter_comparison-Exactly__filter_event-OnFloor__filter_value-5__start_type-All__season-2023__season_type-Playoffs__team_id-1611661313__f001ca9b,get-possessions,https://api.pbpstats.com/get-possessions/wnba?OffDef=Offense&FilterComparison=Exactly&FilterEvent=OnFloor&FilterValue=5&StartType=All&Season=2023&SeasonType=Playoffs&TeamId=1611661313,200,338,01:29,"Harris STEAL (1 STL): Vandersloot Bad Pass Turnover (P4.T10)
",0,0,0,0,2023-10-01,1042300214,0,0,CON,3,0,11,01:39,Off Steal,1,"[{""description"": ""Harris STEAL (1 STL): Vandersloot Bad Pass Turnover (P4.T10)"", ""url"": ""https://videos.nba.com/wnba/pbp/media/2023/10/01/1042300214/372/931cb950-cb95-b69b-885b-845be226a83f_960x540.mp4""}]",True,possessions,4Q/OT | margin -3..3 | 300..120,team
wnba,wnba_shot_pace,shot_pace,possessions,get-possessions,2023,Playoffs,team,"{'OffDef': 'Offense', 'FilterComparison': 'Exactly', 'FilterEvent': 'OnFloor', 'FilterValue': 5, 'StartType': 'All', 'Season': '2023', 'SeasonType': 'Playoffs', 'TeamId': '1611661313'}",shot_pace,1611661313,4Q/OT | margin -3..3 | 300..120,get-possessions__possessions__off_def-Offense__filter_comparison-Exactly__filter_event-OnFloor__filter_value-5__start_type-All__season-2023__season_type-Playoffs__team_id-1611661313__f001ca9b,get-possessions,https://api.pbpstats.com/get-possessions/wnba?OffDef=Offense&FilterComparison=Exactly&FilterEvent=OnFloor&FilterValue=5&StartType=All&Season=2023&SeasonType=Playoffs&TeamId=1611661313,200,339,02:01,"Jones 12' Turnaround Fadeaway (14 PTS) (Ionescu 5 AST)
",1,1,0,0,2023-10-01,1042300214,0,0,CON,3,0,9,02:14,Off Short Mid-Range Make,0,"[{""description"": ""Jones 12' Turnaround Fadeaway (14 PTS) (Ionescu 5 AST)"", ""url"": ""https://videos.nba.com/wnba/pbp/media/2023/10/01/1042300214/366/b35ae872-b535-70df-ea1c-0c023fa05ae4_960x540.mp4""}]",True,possessions,4Q/OT | margin -3..3 | 300..120,team
wnba,wnba_shot_pace,shot_pace,possessions,get-possessions,2023,Playoffs,team,"{'OffDef': 'Offense', 'FilterComparison': 'Exactly', 'FilterEvent': 'OnFloor', 'FilterValue': 5, 'StartType': 'All', 'Season': '2023', 'SeasonType': 'Playoffs', 'TeamId': '1611661313'}",shot_pace,1611661313,4Q/OT | margin -3..3 | 300..120,get-possessions__possessions__off_def-Offense__filter_comparison-Exactly__filter_event-OnFloor__filter_value-5__start_type-All__season-2023__season_type-Playoffs__team_id-1611661313__f001ca9b,get-possessions,https://api.pbpstats.com/get-possessions/wnba?OffDef=Offense&FilterComparison=Exactly&FilterEvent=OnFloor&FilterValue=5&StartType=All&Season=2023&SeasonType=Playoffs&TeamId=1611661313,200,340,02:43,"Stewart 13' Turnaround Jump Shot (18 PTS) (Ionescu 4 AST)
",1,1,0,0,2023-10-01,1042300214,0,0,CON,3,0,9,02:49,Off Arc 3 Miss,0,"[{""description"": ""Stewart 13' Turnaround Jump Shot (18 PTS) (Ionescu 4 AST)"", ""url"": ""https://videos.nba.com/wnba/pbp/media/2023/10/01/1042300214/362/8ade1cd1-20ca-ab1e-7134-90cc27a16123_960x540.mp4""}]",True,possessions,4Q/OT | margin -3..3 | 300..120,team
wnba,wnba_shot_pace,shot_pace,possessions,get-possessions,2023,Playoffs,team,"{'OffDef': 'Offense', 'FilterComparison': 'Exactly', 'FilterEvent': 'OnFloor', 'FilterValue': 5, 'StartType': 'All', 'Season': '2023', 'SeasonType': 'Playoffs', 'TeamId': '1611661313'}",shot_pace,1611661313,4Q/OT | margin -3..3 | 300..120,get-possessions__possessions__off_def-Offense__filter_comparison-Exactly__filter_event-OnFloor__filter_value-5__start_type-All__season-2023__season_type-Playoffs__team_id-1611661313__f001ca9b,get-possessions,https://api.pbpstats.com/get-possessions/wnba?OffDef=Offense&FilterComparison=Exactly&FilterEvent=OnFloor&FilterValue=5&StartType=All&Season=2023&SeasonType=Playoffs&TeamId=1611661313,200,341,03:25,"Jones 24' 3PT Jump Shot (12 PTS) (Vandersloot 6 AST)
",0,0,1,1,2023-10-01,1042300214,0,0,CON,3,0,6,03:42,Off Dead Ball,0,"[{""description"": ""Jones 24' 3PT Jump Shot (12 PTS) (Vandersloot 6 AST)"", ""url"": ""https://videos.nba.com/wnba/pbp/media/2023/10/01/1042300214/352/56aed4e0-5f7b-5720-2831-eab31551ee5f_960x540.mp4""}]",True,possessions,4Q/OT | margin -3..3 | 300..120,team
wnba,wnba_shot_pace,shot_pace,possessions,get-possessions,2023,Playoffs,team,"{'OffDef': 'Offense', 'FilterComparison': 'Exactly', 'FilterEvent': 'OnFloor', 'FilterValue': 5, 'StartType': 'All', 'Season': '2023', 'SeasonType': 'Playoffs', 'TeamId': '1611661313'}",shot_pace,1611661313,4Q/OT | margin -3..3 | 300..120,get-possessions__possessions__off_def-Offense__filter_comparison-Exactly__filter_event-OnFloor__filter_value-5__start_type-All__season-2023__season_type-Playoffs__team_id-1611661313__f001ca9b,get-possessions,https://api.pbpstats.com/get-possessions/wnba?OffDef=Offense&FilterComparison=Exactly&FilterEvent=OnFloor&FilterValue=5&StartType=All&Season=2023&SeasonType=Playoffs&TeamId=1611661313,200,342,03:59,"Jones 1' Layup (9 PTS) (Laney 5 AST)
",1,1,0,0,2023-10-01,1042300214,0,0,CON,3,0,4,04:15,Off Dead Ball,0,"[{""description"": ""Jones 1' Layup (9 PTS) (Laney 5 AST)"", ""url"": ""https://videos.nba.com/wnba/pbp/media/2023/10/01/1042300214/349/1df65790-99d0-bc7f-6f44-4c8b8456abb5_960x540.mp4""}]",True,possessions,4Q/OT | margin -3..3 | 300..120,team
wnba,wnba_shot_pace,shot_pace,possessions,get-possessions,2023,Playoffs,team,"{'OffDef': 'Offense', 'FilterComparison': 'Exactly', 'FilterEvent': 'OnFloor', 'FilterValue': 5, 'StartType': 'All', 'Season': '2023', 'SeasonType': 'Playoffs', 'TeamId': '1611661313'}",shot_pace,1611661313,4Q/OT | margin -3..3 | 300..120,get-possessions__possessions__off_def-Offense__filter_comparison-Exactly__filter_event-OnFloor__filter_value-5__start_type-All__season-2023__season_type-Playoffs__team_id-1611661313__f001ca9b,get-possessions,https://api.pbpstats.com/get-possessions/wnba?OffDef=Offense&FilterComparison=Exactly&FilterEvent=OnFloor&FilterValue=5&StartType=All&Season=2023&SeasonType=Playoffs&TeamId=1611661313,200,343,04:24,"MISS Ionescu 27' 3PT Jump Shot
Thomas REBOUND (Off:4 Def:7)
",0,0,1,0,2023-10-01,1042300214,0,0,CON,3,0,4,04:35,Off At Rim Make,0,"[{""description"": ""MISS Ionescu 27' 3PT Jump Shot"", ""url"": ""https://videos.nba.com/wnba/pbp/media/2023/10/01/1042300214/342/9131226d-76fa-dc8a-e3e3-b57eb4feaa84_960x540.mp4""}, {""description"": ""Thomas REBOUND (Off:4 Def:7)"", ""url"": ""https://videos.nba.com/wnba/pbp/media/2023/10/01/1042300214/343/b1979dfe-9c57-6382-417f-5d81154a7ad4_960x540.mp4""}]",True,possessions,4Q/OT | margin -3..3 | 300..120,team
wnba,wnba_shot_pace,shot_pace,possessions,get-possessions,2023,Playoffs,team,"{'OffDef': 'Offense', 'FilterComparison': 'Exactly', 'FilterEvent': 'OnFloor', 'FilterValue': 5, 'StartType': 'All', 'Season': '2023', 'SeasonType': 'Playoffs', 'TeamId': '1611661313'}",shot_pace,1611661313,4Q/OT | margin -3..3 | 300..120,get-possessions__possessions__off_def-Offense__filter_comparison-Exactly__filter_event-OnFloor__filter_value-5__start_type-All__season-2023__season_type-Playoffs__team_id-1611661313__f001ca9b,get-possessions,https://api.pbpstats.com/get-possessions/wnba?OffDef=Offense&FilterComparison=Exactly&FilterEvent=OnFloor&FilterValue=5&StartType=All&Season=2023&SeasonType=Playoffs&TeamId=1611661313,200,344,04:40,"MISS Stewart 25' 3PT Jump Shot
Carrington REBOUND (Off:0 Def:2)
",0,0,1,0,2023-10-01,1042300214,0,0,CON,3,0,6,04:49,Off Short Mid-Range Miss,0,"[{""description"": ""MISS Stewart 25' 3PT Jump Shot"", ""url"": ""https://videos.nba.com/wnba/pbp/media/2023/10/01/1042300214/339/8d559aec-0070-7ac2-834f-7a43e99b83e8_960x540.mp4""}, {""description"": ""Carrington REBOUND (Off:0 Def:2)"", ""url"": ""https://videos.nba.com/wnba/pbp/media/2023/10/01/1042300214/340/bbc7d91f-a179-6bfd-051e-46f31b525461_960x540.mp4""}]",True,possessions,4Q/OT | margin -3..3 | 300..120,team
wnba,wnba_shot_pace,shot_pace,possessions,get-possessions,2023,Playoffs,team,"{'OffDef': 'Offense', 'FilterComparison': 'Exactly', 'FilterEvent': 'OnFloor', 'FilterValue': 5, 'StartType': 'All', 'Season': '2023', 'SeasonType': 'Playoffs', 'TeamId': '1611661313'}",shot_pace,1611661313,4Q/OT | margin -3..3 | 300..120,get-possessions__possessions__off_def-Offense__filter_comparison-Exactly__filter_event-OnFloor__filter_value-5__start_type-All__season-2023__season_type-Playoffs__team_id-1611661313__f001ca9b,get-possessions,https://api.pbpstats.com/get-possessions/wnba?OffDef=Offense&FilterComparison=Exactly&FilterEvent=OnFloor&FilterValue=5&StartType=All&Season=2023&SeasonType=Playoffs&TeamId=1611661313,200,345,05:04,"Bonner P.FOUL (P2.T2)
Bonner BLOCK (2 BLK): MISS Jones 2' Layup
Liberty Rebound
Liberty Turnover: Shot Clock (T#9)
",1,0,0,0,2023-10-01,1042300214,0,0,CON,3,0,6,05:31,Off FT Miss,1,"[{""description"": ""Bonner P.FOUL (P2.T2)"", ""url"": """"}, {""description"": ""Bonner BLOCK (2 BLK): MISS Jones 2' Layup"", ""url"": ""https://videos.nba.com/wnba/pbp/media/2023/10/01/1042300214/333/b26527af-77f4-9422-782c-7947c707b59d_960x540.mp4""}, {""description"": ""Liberty Rebound"", ""url"": """"}, {""description"": ""Liberty Turnover: Shot Clock (T#9)"", ""url"": """"}]",True,possessions,4Q/OT | margin -3..3 | 300..120,team
wnba,wnba_shot_pace,shot_pace,possessions,get-possessions,2023,Playoffs,team,"{'OffDef': 'Offense', 'FilterComparison': 'Exactly', 'FilterEvent': 'OnFloor', 'FilterValue': 5, 'StartType': 'All', 'Season': '2023', 'SeasonType': 'Playoffs', 'TeamId': '1611661313'}",shot_pace,1611661313,4Q/OT | margin -3..3 | 300..120,get-possessions__possessions__off_def-Offense__filter_comparison-Exactly__filter_event-OnFloor__filter_value-5__start_type-All__season-2023__season_type-Playoffs__team_id-1611661313__f001ca9b,get-possessions,https://api.pbpstats.com/get-possessions/wnba?OffDef=Offense&FilterComparison=Exactly&FilterEvent=OnFloor&FilterValue=5&StartType=All&Season=2023&SeasonType=Playoffs&TeamId=1611661313,200,346,05:37,"MISS Laney 21' Jump Shot
Thomas REBOUND (Off:4 Def:6)
",1,0,0,0,2023-10-01,1042300214,0,0,CON,3,0,7,06:01,Off Short Mid-Range Make,0,"[{""description"": ""MISS Laney 21' Jump Shot"", ""url"": ""https://videos.nba.com/wnba/pbp/media/2023/10/01/1042300214/318/52442fc5-cda5-89d9-4d01-2c036f6ddf70_960x540.mp4""}, {""description"": ""Thomas REBOUND (Off:4 Def:6)"", ""url"": ""https://videos.nba.com/wnba/pbp/media/2023/10/01/1042300214/319/82bd7629-6be0-b53b-e2a9-f6aebe4b70b9_960x540.mp4""}]",True,possessions,4Q/OT | margin -3..3 | 300..120,team
wnba,wnba_shot_pace,shot_pace,possessions,get-possessions,2023,Playoffs,team,"{'OffDef': 'Offense', 'FilterComparison': 'Exactly', 'FilterEvent': 'OnFloor', 'FilterValue': 5, 'StartType': 'All', 'Season': '2023', 'SeasonType': 'Playoffs', 'TeamId': '1611661313'}",shot_pace,1611661313,4Q/OT | margin -3..3 | 300..120,get-possessions__possessions__off_def-Offense__filter_comparison-Exactly__filter_event-OnFloor__filter_value-5__start_type-All__season-2023__season_type-Playoffs__team_id-1611661313__f001ca9b,get-possessions,https://api.pbpstats.com/get-possessions/wnba?OffDef=Offense&FilterComparison=Exactly&FilterEvent=OnFloor&FilterValue=5&StartType=All&Season=2023&SeasonType=Playoffs&TeamId=1611661313,200,347,06:08,"MISS Laney 2' Driving Reverse Layup
Thomas REBOUND (Off:4 Def:5)
",1,0,0,0,2023-10-01,1042300214,0,0,CON,3,0,9,06:10,Off Short Mid-Range Miss,0,"[{""description"": ""MISS Laney 2' Driving Reverse Layup"", ""url"": ""https://videos.nba.com/wnba/pbp/media/2023/10/01/1042300214/390/5e77abcc-86aa-5070-18db-dbfd678a7414_960x540.mp4""}, {""description"": ""Thomas REBOUND (Off:4 Def:5)"", ""url"": ""https://videos.nba.com/wnba/pbp/media/2023/10/01/1042300214/391/989a8587-3150-441d-5084-f1814ca2ed20_960x540.mp4""}]",True,possessions,4Q/OT | margin -3..3 | 300..120,team
wnba,wnba_shot_pace,shot_pace,possessions,get-possessions,2023,Playoffs,team,"{'OffDef': 'Offense', 'FilterComparison': 'Exactly', 'FilterEvent': 'OnFloor', 'FilterValue': 5, 'StartType': 'All', 'Season': '2023', 'SeasonType': 'Playoffs', 'TeamId': '1611661313'}",shot_pace,1611661313,4Q/OT | margin -3..3 | 300..120,get-possessions__possessions__off_def-Offense__filter_comparison-Exactly__filter_event-OnFloor__filter_value-5__start_type-All__season-2023__season_type-Playoffs__team_id-1611661313__f001ca9b,get-possessions,https://api.pbpstats.com/get-possessions/wnba?OffDef=Offense&FilterComparison=Exactly&FilterEvent=OnFloor&FilterValue=5&StartType=All&Season=2023&SeasonType=Playoffs&TeamId=1611661313,200,348,06:41,"Ionescu 27' 3PT Jump Shot (9 PTS) (Vandersloot 5 AST)
",0,0,1,1,2023-10-01,1042300214,0,0,CON,3,0,6,06:58,Off At Rim Make,0,"[{""description"": ""Ionescu 27' 3PT Jump Shot (9 PTS) (Vandersloot 5 AST)"", ""url"": ""https://videos.nba.com/wnba/pbp/media/2023/10/01/1042300214/310/00436fc0-7d60-ca5f-341c-1064f81969fd_960x540.mp4""}]",True,possessions,4Q/OT | margin -3..3 | 300..120,team
wnba,wnba_shot_pace,shot_pace,possessions,get-possessions,2023,Playoffs,team,"{'OffDef': 'Offense', 'FilterComparison': 'Exactly', 'FilterEvent': 'OnFloor', 'FilterValue': 5, 'StartType': 'All', 'Season': '2023', 'SeasonType': 'Playoffs', 'TeamId': '1611661313'}",shot_pace,1611661313,4Q/OT | margin -3..3 | 300..120,get-possessions__possessions__off_def-Offense__filter_comparison-Exactly__filter_event-OnFloor__filter_value-5__start_type-All__season-2023__season_type-Playoffs__team_id-1611661313__f001ca9b,get-possessions,https://api.pbpstats.com/get-possessions/wnba?OffDef=Offense&FilterComparison=Exactly&FilterEvent=OnFloor&FilterValue=5&StartType=All&Season=2023&SeasonType=Playoffs&TeamId=1611661313,200,349,07:10,"Laney 25' 3PT Jump Shot (18 PTS) (Jones 1 AST)
",0,0,1,1,2023-10-01,1042300214,0,0,CON,3,0,5,07:18,Off Corner 3 Miss,0,"[{""description"": ""Laney 25' 3PT Jump Shot (18 PTS) (Jones 1 AST)"", ""url"": ""https://videos.nba.com/wnba/pbp/media/2023/10/01/1042300214/305/affdc37c-8956-95d7-84f3-a5602a1d8bdb_960x540.mp4""}]",True,possessions,4Q/OT | margin -3..3 | 300..120,team
wnba,wnba_shot_pace,shot_pace,possessions,get-possessions,2023,Playoffs,team,"{'OffDef': 'Offense', 'FilterComparison': 'Exactly', 'FilterEvent': 'OnFloor', 'FilterValue': 5, 'StartType': 'All', 'Season': '2023', 'SeasonType': 'Playoffs', 'TeamId': '1611661313'}",shot_pace,1611661313,4Q/OT | margin -3..3 | 300..120,get-possessions__possessions__off_def-Offense__filter_comparison-Exactly__filter_event-OnFloor__filter_value-5__start_type-All__season-2023__season_type-Playoffs__team_id-1611661313__f001ca9b,get-possessions,https://api.pbpstats.com/get-possessions/wnba?OffDef=Offense&FilterComparison=Exactly&FilterEvent=OnFloor&FilterValue=5&StartType=All&Season=2023&SeasonType=Playoffs&TeamId=1611661313,200,350,07:33,"MISS Jones 8' Jump Shot
Hiedeman REBOUND (Off:0 Def:3)
",1,0,0,0,2023-10-01,1042300214,0,0,CON,3,0,5,08:01,Off FT Miss,0,"[{""description"": ""MISS Jones 8' Jump Shot"", ""url"": ""https://videos.nba.com/wnba/pbp/media/2023/10/01/1042300214/301/26fadfed-e7a3-6a89-adee-c065dba1d77c_960x540.mp4""}, {""description"": ""Hiedeman REBOUND (Off:0 Def:3)"", ""url"": ""https://videos.nba.com/wnba/pbp/media/2023/10/01/1042300214/302/8c4ad628-f7b3-9c31-b42b-a8aafed5150f_960x540.mp4""}]",True,possessions,4Q/OT | margin -3..3 | 300..120,team
wnba,wnba_shot_pace,shot_pace,possessions,get-possessions,2023,Playoffs,team,"{'OffDef': 'Offense', 'FilterComparison': 'Exactly', 'FilterEvent': 'OnFloor', 'FilterValue': 5, 'StartType': 'All', 'Season': '2023', 'SeasonType': 'Playoffs', 'TeamId': '1611661313'}",shot_pace,1611661313,4Q/OT | margin -3..3 | 300..120,get-possessions__possessions__off_def-Offense__filter_comparison-Exactly__filter_event-OnFloor__filter_value-5__start_type-All__season-2023__season_type-Playoffs__team_id-1611661313__f001ca9b,get-possessions,https://api.pbpstats.com/get-possessions/wnba?OffDef=Offense&FilterComparison=Exactly&FilterEvent=OnFloor&FilterValue=5&StartType=All&Season=2023&SeasonType=Playoffs&TeamId=1611661313,200,351,08:19,"Bonner S.FOUL (P1.T1)
Jones Free Throw 1 of 2 (6 PTS)
Jones Free Throw 2 of 2 (7 PTS)
",0,0,0,0,2023-10-01,1042300214,0,0,CON,3,1,3,08:24,Off At Rim Block,0,"[{""description"": ""Bonner S.FOUL (P1.T1)"", ""url"": """"}, {""description"": ""Jones Free Throw 1 of 2 (6 PTS)"", ""url"": """"}, {""description"": ""Jones Free Throw 2 of 2 (7 PTS)"", ""url"": """"}]",True,possessions,4Q/OT | margin -3..3 | 300..120,team
wnba,wnba_shot_pace,shot_pace,possessions,get-possessions,2023,Playoffs,team,"{'OffDef': 'Offense', 'FilterComparison': 'Exactly', 'FilterEvent': 'OnFloor', 'FilterValue': 5, 'StartType': 'All', 'Season': '2023', 'SeasonType': 'Playoffs', 'TeamId': '1611661313'}",shot_pace,1611661313,4Q/OT | margin -3..3 | 300..120,get-possessions__possessions__off_def-Offense__filter_comparison-Exactly__filter_event-OnFloor__filter_value-5__start_type-All__season-2023__season_type-Playoffs__team_id-1611661313__f001ca9b,get-possessions,https://api.pbpstats.com/get-possessions/wnba?OffDef=Offense&FilterComparison=Exactly&FilterEvent=OnFloor&FilterValue=5&StartType=All&Season=2023&SeasonType=Playoffs&TeamId=1611661313,200,352,08:55,"Stewart Layup (16 PTS) (Vandersloot 4 AST)
",1,1,0,0,2023-10-01,1042300214,0,0,CON,3,0,1,08:59,Off Long Mid-Range Miss,0,"[{""description"": ""Stewart Layup (16 PTS) (Vandersloot 4 AST)"", ""url"": ""https://videos.nba.com/wnba/pbp/media/2023/10/01/1042300214/284/06c1b046-382c-7b2d-3137-9ee959d95e82_960x540.mp4""}]",True,possessions,4Q/OT | margin -3..3 | 300..120,team
wnba,wnba_shot_pace,shot_pace,possessions,get-possessions,2023,Playoffs,team,"{'OffDef': 'Offense', 'FilterComparison': 'Exactly', 'FilterEvent': 'OnFloor', 'FilterValue': 5, 'StartType': 'All', 'Season': '2023', 'SeasonType': 'Playoffs', 'TeamId': '1611661313'}",shot_pace,1611661313,4Q/OT | margin -3..3 | 300..120,get-possessions__possessions__off_def-Offense__filter_comparison-Exactly__filter_event-OnFloor__filter_value-5__start_type-All__season-2023__season_type-Playoffs__team_id-1611661313__f001ca9b,get-possessions,https://api.pbpstats.com/get-possessions/wnba?OffDef=Offense&FilterComparison=Exactly&FilterEvent=OnFloor&FilterValue=5&StartType=All&Season=2023&SeasonType=Playoffs&TeamId=1611661313,200,353,09:12,"MISS Vandersloot 1' Driving Reverse Layup
Thomas REBOUND (Off:3 Def:4)
",1,0,0,0,2023-10-01,1042300214,0,0,CON,3,0,1,09:35,Off Arc 3 Miss,0,"[{""description"": ""MISS Vandersloot 1' Driving Reverse Layup"", ""url"": ""https://videos.nba.com/wnba/pbp/media/2023/10/01/1042300214/280/fd79d020-5d3e-8474-86c7-e2e7c6e62559_960x540.mp4""}, {""description"": ""Thomas REBOUND (Off:3 Def:4)"", ""url"": ""https://videos.nba.com/wnba/pbp/media/2023/10/01/1042300214/281/70f770d3-af26-53bb-0090-d9e1adcedf75_960x540.mp4""}]",True,possessions,4Q/OT | margin -3..3 | 300..120,team
wnba,wnba_shot_pace,shot_pace,possessions,get-possessions,2023,Playoffs,team,"{'OffDef': 'Offense', 'FilterComparison': 'Exactly', 'FilterEvent': 'OnFloor', 'FilterValue': 5, 'StartType': 'All', 'Season': '2023', 'SeasonType': 'Playoffs', 'TeamId': '1611661313'}",shot_pace,1611661313,4Q/OT | margin -3..3 | 300..120,get-possessions__possessions__off_def-Offense__filter_comparison-Exactly__filter_event-OnFloor__filter_value-5__start_type-All__season-2023__season_type-Playoffs__team_id-1611661313__f001ca9b,get-possessions,https://api.pbpstats.com/get-possessions/wnba?OffDef=Offense&FilterComparison=Exactly&FilterEvent=OnFloor&FilterValue=5&StartType=All&Season=2023&SeasonType=Playoffs&TeamId=1611661313,200,354,00:00,"Ionescu 3' Layup (6 PTS) (Laney 4 AST)
",1,1,0,0,2023-10-01,1042300214,0,0,CON,2,0,-1,00:02,Off At Rim Block,0,"[{""description"": ""Ionescu 3' Layup (6 PTS) (Laney 4 AST)"", ""url"": ""https://videos.nba.com/wnba/pbp/media/2023/10/01/1042300214/267/c582390a-7e28-9ba9-03d7-45db40911bf6_960x540.mp4""}]",True,possessions,4Q/OT | margin -3..3 | 300..120,team
wnba,wnba_shot_pace,shot_pace,possessions,get-possessions,2023,Playoffs,team,"{'OffDef': 'Offense', 'FilterComparison': 'Exactly', 'FilterEvent': 'OnFloor', 'FilterValue': 5, 'StartType': 'All', 'Season': '2023', 'SeasonType': 'Playoffs', 'TeamId': '1611661313'}",shot_pace,1611661313,4Q/OT | margin -3..3 | 300..120,get-possessions__possessions__off_def-Offense__filter_comparison-Exactly__filter_event-OnFloor__filter_value-5__start_type-All__season-2023__season_type-Playoffs__team_id-1611661313__f001ca9b,get-possessions,https://api.pbpstats.com/get-possessions/wnba?OffDef=Offense&FilterComparison=Exactly&FilterEvent=OnFloor&FilterValue=5&StartType=All&Season=2023&SeasonType=Playoffs&TeamId=1611661313,200,355,00:29,"Allen S.FOUL (P3.PN)
Ionescu Free Throw 1 of 2 (3 PTS)
Ionescu Free Throw 2 of 2 (4 PTS)
",0,0,0,0,2023-10-01,1042300214,0,0,CON,2,1,-3,00:46,Off Long Mid-Range Miss,0,"[{""description"": ""Allen S.FOUL (P3.PN)"", ""url"": """"}, {""description"": ""Ionescu Free Throw 1 of 2 (3 PTS)"", ""url"": """"}, {""description"": ""Ionescu Free Throw 2 of 2 (4 PTS)"", ""url"": """"}]",True,possessions,4Q/OT | margin -3..3 | 300..120,team
wnba,wnba_shot_pace,shot_pace,possessions,get-possessions,2023,Playoffs,team,"{'OffDef': 'Offense', 'FilterComparison': 'Exactly', 'FilterEvent': 'OnFloor', 'FilterValue': 5, 'StartType': 'All', 'Season': '2023', 'SeasonType': 'Playoffs', 'TeamId': '1611661313'}",shot_pace,1611661313,4Q/OT | margin -3..3 | 300..120,get-possessions__possessions__off_def-Offense__filter_comparison-Exactly__filter_event-OnFloor__filter_value-5__start_type-All__season-2023__season_type-Playoffs__team_id-1611661313__f001ca9b,get-possessions,https://api.pbpstats.com/get-possessions/wnba?OffDef=Offense&FilterComparison=Exactly&FilterEvent=OnFloor&FilterValue=5&StartType=All&Season=2023&SeasonType=Playoffs&TeamId=1611661313,200,356,01:01,"MISS Stewart 3PT Jump Shot
Laney REBOUND (Off:2 Def:2)
Laney 1' Putback Layup (15 PTS)
",1,1,1,0,2023-10-01,1042300214,0,1,CON,2,0,-5,01:25,Off FT Make,0,"[{""description"": ""MISS Stewart 3PT Jump Shot"", ""url"": ""https://videos.nba.com/wnba/pbp/media/2023/10/01/1042300214/253/21603f51-4171-8aff-cb42-b68a3e4bb92d_960x540.mp4""}, {""description"": ""Laney REBOUND (Off:2 Def:2)"", ""url"": ""https://videos.nba.com/wnba/pbp/media/2023/10/01/1042300214/254/6a843100-3e02-4841-c6ed-3aea9c6c80d4_960x540.mp4""}, {""description"": ""Laney 1' Putback Layup (15 PTS)"", ""url"": ""https://videos.nba.com/wnba/pbp/media/2023/10/01/1042300214/255/19fc42ac-f705-4b17-e419-b702df350100_960x540.mp4""}]",True,possessions,4Q/OT | margin -3..3 | 300..120,team
wnba,wnba_shot_pace,shot_pace,possessions,get-possessions,2023,Playoffs,team,"{'OffDef': 'Offense', 'FilterComparison': 'Exactly', 'FilterEvent': 'OnFloor', 'FilterValue': 5, 'StartType': 'All', 'Season': '2023', 'SeasonType': 'Playoffs', 'TeamId': '1611661313'}",shot_pace,1611661313,4Q/OT | margin -3..3 | 300..120,get-possessions__possessions__off_def-Offense__filter_comparison-Exactly__filter_event-OnFloor__filter_value-5__start_type-All__season-2023__season_type-Playoffs__team_id-1611661313__f001ca9b,get-possessions,https://api.pbpstats.com/get-possessions/wnba?OffDef=Offense&FilterComparison=Exactly&FilterEvent=OnFloor&FilterValue=5&StartType=All&Season=2023&SeasonType=Playoffs&TeamId=1611661313,200,357,01:28,"Thomas L.B.FOUL (P2.T3)
Nelson-Ododa STEAL (1 STL): Vandersloot Lost Ball Turnover (P3.T8)
",0,0,0,0,2023-10-01,1042300214,0,0,CON,2,0,-4,01:41,Off At Rim Make,1,"[{""description"": ""Thomas L.B.FOUL (P2.T3)"", ""url"": """"}, {""description"": ""Nelson-Ododa STEAL (1 STL): Vandersloot Lost Ball Turnover (P3.T8)"", ""url"": ""https://videos.nba.com/wnba/pbp/media/2023/10/01/1042300214/245/0d747625-104a-78ac-da10-df3e7f82c380_960x540.mp4""}]",True,possessions,4Q/OT | margin -3..3 | 300..120,team
wnba,wnba_shot_pace,shot_pace,possessions,get-possessions,2023,Playoffs,team,"{'OffDef': 'Offense', 'FilterComparison': 'Exactly', 'FilterEvent': 'OnFloor', 'FilterValue': 5, 'StartType': 'All', 'Season': '2023', 'SeasonType': 'Playoffs', 'TeamId': '1611661313'}",shot_pace,1611661313,4Q/OT | margin -3..3 | 300..120,get-possessions__possessions__off_def-Offense__filter_comparison-Exactly__filter_event-OnFloor__filter_value-5__start_type-All__season-2023__season_type-Playoffs__team_id-1611661313__f001ca9b,get-possessions,https://api.pbpstats.com/get-possessions/wnba?OffDef=Offense&FilterComparison=Exactly&FilterEvent=OnFloor&FilterValue=5&StartType=All&Season=2023&SeasonType=Playoffs&TeamId=1611661313,200,358,02:03,"MISS Jones 3' Cutting Layup Shot
Liberty Rebound
Allen BLOCK (2 BLK): MISS Jones 3' Layup
Liberty Rebound
Stewart 1' Layup (14 PTS) (Vandersloot 3 AST)
",3,1,0,0,2023-10-01,1042300214,0,2,CON,2,0,-4,02:38,Off Short Mid-Range Make,0,"[{""description"": ""MISS Jones 3' Cutting Layup Shot"", ""url"": ""https://videos.nba.com/wnba/pbp/media/2023/10/01/1042300214/224/a178d07f-3368-f5d9-d177-7a5e8d076b98_960x540.mp4""}, {""description"": ""Liberty Rebound"", ""url"": """"}, {""description"": ""Allen BLOCK (2 BLK): MISS Jones 3' Layup"", ""url"": ""https://videos.nba.com/wnba/pbp/media/2023/10/01/1042300214/227/885729b7-40a6-4b95-1694-a8aba328ae27_960x540.mp4""}, {""description"": ""Liberty Rebound"", ""url"": """"}, {""description"": ""Stewart 1' Layup (14 PTS) (Vandersloot 3 AST)"", ""url"": ""https://videos.nba.com/wnba/pbp/media/2023/10/01/1042300214/231/c026b473-3193-ff39-fc44-2d4f5b37eccf_960x540.mp4""}]",True,possessions,4Q/OT | margin -3..3 | 300..120,team
wnba,wnba_shot_pace,shot_pace,possessions,get-possessions,2023,Playoffs,team,"{'OffDef': 'Offense', 'FilterComparison': 'Exactly', 'FilterEvent': 'OnFloor', 'FilterValue': 5, 'StartType': 'All', 'Season': '2023', 'SeasonType': 'Playoffs', 'TeamId': '1611661313'}",shot_pace,1611661313,4Q/OT | margin -3..3 | 300..120,get-possessions__possessions__off_def-Offense__filter_comparison-Exactly__filter_event-OnFloor__filter_value-5__start_type-All__season-2023__season_type-Playoffs__team_id-1611661313__f001ca9b,get-possessions,https://api.pbpstats.com/get-possessions/wnba?OffDef=Offense&FilterComparison=Exactly&FilterEvent=OnFloor&FilterValue=5&StartType=All&Season=2023&SeasonType=Playoffs&TeamId=1611661313,200,359,02:54,"Vandersloot 3PT Jump Shot (3 PTS) (Laney 3 AST)
",0,0,1,1,2023-10-01,1042300214,0,0,CON,2,0,-5,03:09,Off At Rim Make,0,"[{""description"": ""Vandersloot 3PT Jump Shot (3 PTS) (Laney 3 AST)"", ""url"": ""https://videos.nba.com/wnba/pbp/media/2023/10/01/1042300214/217/78d2c839-6750-2ed1-eee4-7421ee788a2f_960x540.mp4""}]",True,possessions,4Q/OT | margin -3..3 | 300..120,team
wnba,wnba_shot_pace,shot_pace,possessions,get-possessions,2023,Playoffs,team,"{'OffDef': 'Offense', 'FilterComparison': 'Exactly', 'FilterEvent': 'OnFloor', 'FilterValue': 5, 'StartType': 'All', 'Season': '2023', 'SeasonType': 'Playoffs', 'TeamId': '1611661313'}",shot_pace,1611661313,4Q/OT | margin -3..3 | 300..120,get-possessions__possessions__off_def-Offense__filter_comparison-Exactly__filter_event-OnFloor__filter_value-5__start_type-All__season-2023__season_type-Playoffs__team_id-1611661313__f001ca9b,get-possessions,https://api.pbpstats.com/get-possessions/wnba?OffDef=Offense&FilterComparison=Exactly&FilterEvent=OnFloor&FilterValue=5&StartType=All&Season=2023&SeasonType=Playoffs&TeamId=1611661313,200,360,03:29,"Jones 3' Cutting Layup Shot (5 PTS) (Ionescu 3 AST)
",1,1,0,0,2023-10-01,1042300214,0,0,CON,2,0,-5,03:42,Off At Rim Make,0,"[{""description"": ""Jones 3' Cutting Layup Shot (5 PTS) (Ionescu 3 AST)"", ""url"": ""https://videos.nba.com/wnba/pbp/media/2023/10/01/1042300214/213/21bfef9f-04a1-38f4-7157-95cc19053f32_960x540.mp4""}]",True,possessions,4Q/OT | margin -3..3 | 300..120,team
wnba,wnba_shot_pace,shot_pace,possessions,get-possessions,2023,Playoffs,team,"{'OffDef': 'Offense', 'FilterComparison': 'Exactly', 'FilterEvent': 'OnFloor', 'FilterValue': 5, 'StartType': 'All', 'Season': '2023', 'SeasonType': 'Playoffs', 'TeamId': '1611661313'}",shot_pace,1611661313,4Q/OT | margin -3..3 | 300..120,get-possessions__possessions__off_def-Offense__filter_comparison-Exactly__filter_event-OnFloor__filter_value-5__start_type-All__season-2023__season_type-Playoffs__team_id-1611661313__f001ca9b,get-possessions,https://api.pbpstats.com/get-possessions/wnba?OffDef=Offense&FilterComparison=Exactly&FilterEvent=OnFloor&FilterValue=5&StartType=All&Season=2023&SeasonType=Playoffs&TeamId=1611661313,200,361,03:59,"Laney 13' Pullup Jump Shot (13 PTS) (Vandersloot 2 AST)
",1,1,0,0,2023-10-01,1042300214,0,0,CON,2,0,-5,04:16,Off Steal,0,"[{""description"": ""Laney 13' Pullup Jump Shot (13 PTS) (Vandersloot 2 AST)"", ""url"": ""https://videos.nba.com/wnba/pbp/media/2023/10/01/1042300214/209/e7596d2d-e575-005b-3296-cb72a566a97b_960x540.mp4""}]",True,possessions,4Q/OT | margin -3..3 | 300..120,team
wnba,wnba_shot_pace,shot_pace,possessions,get-possessions,2023,Playoffs,team,"{'OffDef': 'Offense', 'FilterComparison': 'Exactly', 'FilterEvent': 'OnFloor', 'FilterValue': 5, 'StartType': 'All', 'Season': '2023', 'SeasonType': 'Playoffs', 'TeamId': '1611661313'}",shot_pace,1611661313,4Q/OT | margin -3..3 | 300..120,get-possessions__possessions__off_def-Offense__filter_comparison-Exactly__filter_event-OnFloor__filter_value-5__start_type-All__season-2023__season_type-Playoffs__team_id-1611661313__f001ca9b,get-possessions,https://api.pbpstats.com/get-possessions/wnba?OffDef=Offense&FilterComparison=Exactly&FilterEvent=OnFloor&FilterValue=5&StartType=All&Season=2023&SeasonType=Playoffs&TeamId=1611661313,200,362,04:21,"Thomas P.FOUL (P1.T2)
MISS Stewart 16' Fadeaway Jumper
Hiedeman REBOUND (Off:0 Def:2)
",1,0,0,0,2023-10-01,1042300214,0,0,CON,2,0,-5,04:43,Off At Rim Make,0,"[{""description"": ""Thomas P.FOUL (P1.T2)"", ""url"": """"}, {""description"": ""MISS Stewart 16' Fadeaway Jumper"", ""url"": ""https://videos.nba.com/wnba/pbp/media/2023/10/01/1042300214/205/fc348fab-88db-2674-8862-2b6bb18aafc9_960x540.mp4""}, {""description"": ""Hiedeman REBOUND (Off:0 Def:2)"", ""url"": ""https://videos.nba.com/wnba/pbp/media/2023/10/01/1042300214/206/3cf1c9f4-adac-cea5-f6ff-0c994ac5110e_960x540.mp4""}]",True,possessions,4Q/OT | margin -3..3 | 300..120,team
wnba,wnba_shot_pace,shot_pace,possessions,get-possessions,2023,Playoffs,team,"{'OffDef': 'Offense', 'FilterComparison': 'Exactly', 'FilterEvent': 'OnFloor', 'FilterValue': 5, 'StartType': 'All', 'Season': '2023', 'SeasonType': 'Playoffs', 'TeamId': '1611661313'}",shot_pace,1611661313,4Q/OT | margin -3..3 | 300..120,get-possessions__possessions__off_def-Offense__filter_comparison-Exactly__filter_event-OnFloor__filter_value-5__start_type-All__season-2023__season_type-Playoffs__team_id-1611661313__f001ca9b,get-possessions,https://api.pbpstats.com/get-possessions/wnba?OffDef=Offense&FilterComparison=Exactly&FilterEvent=OnFloor&FilterValue=5&StartType=All&Season=2023&SeasonType=Playoffs&TeamId=1611661313,200,363,04:55,"MISS Stewart 2' Layup
Stewart REBOUND (Off:1 Def:3)
Stewart 1' Putback Layup (12 PTS)
",2,1,0,0,2023-10-01,1042300214,0,1,CON,2,0,-5,05:01,Off Long Mid-Range Miss,0,"[{""description"": ""MISS Stewart 2' Layup"", ""url"": ""https://videos.nba.com/wnba/pbp/media/2023/10/01/1042300214/193/ba44ca24-c73b-23e3-28a9-ede6d8d293cc_960x540.mp4""}, {""description"": ""Stewart REBOUND (Off:1 Def:3)"", ""url"": ""https://videos.nba.com/wnba/pbp/media/2023/10/01/1042300214/194/d2e5eec5-1e8c-c805-3fb0-91507f9be0a5_960x540.mp4""}, {""description"": ""Stewart 1' Putback Layup (12 PTS)"", ""url"": ""https://videos.nba.com/wnba/pbp/media/2023/10/01/1042300214/195/6b05d299-15f5-ac28-8cc9-65a9b45eb817_960x540.mp4""}]",True,possessions,4Q/OT | margin -3..3 | 300..120,team
wnba,wnba_shot_pace,shot_pace,possessions,get-possessions,2023,Playoffs,team,"{'OffDef': 'Offense', 'FilterComparison': 'Exactly', 'FilterEvent': 'OnFloor', 'FilterValue': 5, 'StartType': 'All', 'Season': '2023', 'SeasonType': 'Playoffs', 'TeamId': '1611661313'}",shot_pace,1611661313,4Q/OT | margin -3..3 | 300..120,get-possessions__possessions__off_def-Offense__filter_comparison-Exactly__filter_event-OnFloor__filter_value-5__start_type-All__season-2023__season_type-Playoffs__team_id-1611661313__f001ca9b,get-possessions,https://api.pbpstats.com/get-possessions/wnba?OffDef=Offense&FilterComparison=Exactly&FilterEvent=OnFloor&FilterValue=5&StartType=All&Season=2023&SeasonType=Playoffs&TeamId=1611661313,200,364,05:28,"Stewart 24' 3PT Jump Shot (10 PTS)
",0,0,1,1,2023-10-01,1042300214,0,0,CON,2,0,-8,05:38,Off Short Mid-Range Miss,0,"[{""description"": ""Stewart 24' 3PT Jump Shot (10 PTS)"", ""url"": ""https://videos.nba.com/wnba/pbp/media/2023/10/01/1042300214/190/2859c3c5-296c-2528-dbde-8d0557b8442f_960x540.mp4""}]",True,possessions,4Q/OT | margin -3..3 | 300..120,team
wnba,wnba_shot_pace,shot_pace,possessions,get-possessions,2023,Playoffs,team,"{'OffDef': 'Offense', 'FilterComparison': 'Exactly', 'FilterEvent': 'OnFloor', 'FilterValue': 5, 'StartType': 'All', 'Season': '2023', 'SeasonType': 'Playoffs', 'TeamId': '1611661313'}",shot_pace,1611661313,4Q/OT | margin -3..3 | 300..120,get-possessions__possessions__off_def-Offense__filter_comparison-Exactly__filter_event-OnFloor__filter_value-5__start_type-All__season-2023__season_type-Playoffs__team_id-1611661313__f001ca9b,get-possessions,https://api.pbpstats.com/get-possessions/wnba?OffDef=Offense&FilterComparison=Exactly&FilterEvent=OnFloor&FilterValue=5&StartType=All&Season=2023&SeasonType=Playoffs&TeamId=1611661313,200,365,05:58,"Stewart 10' Pullup Jump Shot (7 PTS) (Vandersloot 1 AST)
",1,1,0,0,2023-10-01,1042300214,0,0,CON,2,0,-10,06:16,Off Timeout,0,"[{""description"": ""Stewart 10' Pullup Jump Shot (7 PTS) (Vandersloot 1 AST)"", ""url"": ""https://videos.nba.com/wnba/pbp/media/2023/10/01/1042300214/186/5b226204-79a8-9892-d239-c8379fba0f03_960x540.mp4""}]",True,possessions,4Q/OT | margin -3..3 | 300..120,team
wnba,wnba_shot_pace,shot_pace,possessions,get-possessions,2023,Playoffs,team,"{'OffDef': 'Offense', 'FilterComparison': 'Exactly', 'FilterEvent': 'OnFloor', 'FilterValue': 5, 'StartType': 'All', 'Season': '2023', 'SeasonType': 'Playoffs', 'TeamId': '1611661313'}",shot_pace,1611661313,4Q/OT | margin -3..3 | 300..120,get-possessions__possessions__off_def-Offense__filter_comparison-Exactly__filter_event-OnFloor__filter_value-5__start_type-All__season-2023__season_type-Playoffs__team_id-1611661313__f001ca9b,get-possessions,https://api.pbpstats.com/get-possessions/wnba?OffDef=Offense&FilterComparison=Exactly&FilterEvent=OnFloor&FilterValue=5&StartType=All&Season=2023&SeasonType=Playoffs&TeamId=1611661313,200,366,06:28,"Thomas STEAL (2 STL): Vandersloot Lost Ball Turnover (P2.T7)
",0,0,0,0,2023-10-01,1042300214,0,0,CON,2,0,-7,06:50,Off Arc 3 Make,1,"[{""description"": ""Thomas STEAL (2 STL): Vandersloot Lost Ball Turnover (P2.T7)"", ""url"": ""https://videos.nba.com/wnba/pbp/media/2023/10/01/1042300214/175/b0d9e69f-741d-f743-8607-e3b4205b1ec4_960x540.mp4""}]",True,possessions,4Q/OT | margin -3..3 | 300..120,team
wnba,wnba_shot_pace,shot_pace,possessions,get-possessions,2023,Playoffs,team,"{'OffDef': 'Offense', 'FilterComparison': 'Exactly', 'FilterEvent': 'OnFloor', 'FilterValue': 5, 'StartType': 'All', 'Season': '2023', 'SeasonType': 'Playoffs', 'TeamId': '1611661313'}",shot_pace,1611661313,4Q/OT | margin -3..3 | 300..120,get-possessions__possessions__off_def-Offense__filter_comparison-Exactly__filter_event-OnFloor__filter_value-5__start_type-All__season-2023__season_type-Playoffs__team_id-1611661313__f001ca9b,get-possessions,https://api.pbpstats.com/get-possessions/wnba?OffDef=Offense&FilterComparison=Exactly&FilterEvent=OnFloor&FilterValue=5&StartType=All&Season=2023&SeasonType=Playoffs&TeamId=1611661313,200,367,07:07,"MISS Dolson 25' 3PT Jump Shot
Thomas REBOUND (Off:3 Def:3)
",0,0,1,0,2023-10-01,1042300214,0,0,CON,2,0,-4,07:19,Off Arc 3 Miss,0,"[{""description"": ""MISS Dolson 25' 3PT Jump Shot"", ""url"": ""https://videos.nba.com/wnba/pbp/media/2023/10/01/1042300214/170/3bca08ab-bd4f-5af1-c60d-bf6b8013cde4_960x540.mp4""}, {""description"": ""Thomas REBOUND (Off:3 Def:3)"", ""url"": ""https://videos.nba.com/wnba/pbp/media/2023/10/01/1042300214/171/2875e649-5f59-7f1b-d499-fa68f362242a_960x540.mp4""}]",True,possessions,4Q/OT | margin -3..3 | 300..120,team
wnba,wnba_shot_pace,shot_pace,possessions,get-possessions,2023,Playoffs,team,"{'OffDef': 'Offense', 'FilterComparison': 'Exactly', 'FilterEvent': 'OnFloor', 'FilterValue': 5, 'StartType': 'All', 'Season': '2023', 'SeasonType': 'Playoffs', 'TeamId': '1611661313'}",shot_pace,1611661313,4Q/OT | margin -3..3 | 300..120,get-possessions__possessions__off_def-Offense__filter_comparison-Exactly__filter_event-OnFloor__filter_value-5__start_type-All__season-2023__season_type-Playoffs__team_id-1611661313__f001ca9b,get-possessions,https://api.pbpstats.com/get-possessions/wnba?OffDef=Offense&FilterComparison=Exactly&FilterEvent=OnFloor&FilterValue=5&StartType=All&Season=2023&SeasonType=Playoffs&TeamId=1611661313,200,368,07:27,"Bonner STEAL (2 STL): Vandersloot Bad Pass Turnover (P1.T6)
",0,0,0,0,2023-10-01,1042300214,0,0,CON,2,0,-4,07:50,Off Short Mid-Range Miss,1,"[{""description"": ""Bonner STEAL (2 STL): Vandersloot Bad Pass Turnover (P1.T6)"", ""url"": ""https://videos.nba.com/wnba/pbp/media/2023/10/01/1042300214/166/7f2a2cde-8524-c2db-0c13-6b16fdf2eb09_960x540.mp4""}]",True,possessions,4Q/OT | margin -3..3 | 300..120,team
wnba,wnba_shot_pace,shot_pace,possessions,get-possessions,2023,Playoffs,team,"{'OffDef': 'Offense', 'FilterComparison': 'Exactly', 'FilterEvent': 'OnFloor', 'FilterValue': 5, 'StartType': 'All', 'Season': '2023', 'SeasonType': 'Playoffs', 'TeamId': '1611661313'}",shot_pace,1611661313,4Q/OT | margin -3..3 | 300..120,get-possessions__possessions__off_def-Offense__filter_comparison-Exactly__filter_event-OnFloor__filter_value-5__start_type-All__season-2023__season_type-Playoffs__team_id-1611661313__f001ca9b,get-possessions,https://api.pbpstats.com/get-possessions/wnba?OffDef=Offense&FilterComparison=Exactly&FilterEvent=OnFloor&FilterValue=5&StartType=All&Season=2023&SeasonType=Playoffs&TeamId=1611661313,200,369,08:34,"Laney 1' Driving Layup (11 PTS)
",1,1,0,0,2023-10-01,1042300214,0,0,CON,2,0,-6,08:53,Off Short Mid-Range Make,0,"[{""description"": ""Laney 1' Driving Layup (11 PTS)"", ""url"": ""https://videos.nba.com/wnba/pbp/media/2023/10/01/1042300214/151/3ab4818f-1993-fad1-1c8c-b43cf0780122_960x540.mp4""}]",True,possessions,4Q/OT | margin -3..3 | 300..120,team
wnba,wnba_shot_pace,shot_pace,possessions,get-possessions,2023,Playoffs,team,"{'OffDef': 'Offense', 'FilterComparison': 'Exactly', 'FilterEvent': 'OnFloor', 'FilterValue': 5, 'StartType': 'All', 'Season': '2023', 'SeasonType': 'Playoffs', 'TeamId': '1611661313'}",shot_pace,1611661313,4Q/OT | margin -3..3 | 300..120,get-possessions__possessions__off_def-Offense__filter_comparison-Exactly__filter_event-OnFloor__filter_value-5__start_type-All__season-2023__season_type-Playoffs__team_id-1611661313__f001ca9b,get-possessions,https://api.pbpstats.com/get-possessions/wnba?OffDef=Offense&FilterComparison=Exactly&FilterEvent=OnFloor&FilterValue=5&StartType=All&Season=2023&SeasonType=Playoffs&TeamId=1611661313,200,370,09:13,"MISS Thornton 2' Layup
Thornton REBOUND (Off:1 Def:1)
MISS Thornton Putback Layup
Thornton REBOUND (Off:2 Def:1)
Allen S.FOUL (P2.T1)
Thornton Free Throw 1 of 2 (1 PTS)
Thornton Free Throw 2 of 2 (2 PTS)
",2,0,0,0,2023-10-01,1042300214,0,2,CON,2,1,-6,09:21,Off Long Mid-Range Miss,0,"[{""description"": ""MISS Thornton 2' Layup"", ""url"": ""https://videos.nba.com/wnba/pbp/media/2023/10/01/1042300214/140/43834247-e77e-bbe9-f1ba-b25896d97785_960x540.mp4""}, {""description"": ""Thornton REBOUND (Off:1 Def:1)"", ""url"": ""https://videos.nba.com/wnba/pbp/media/2023/10/01/1042300214/141/42f1373a-baae-0dfb-679e-aadddbe7d505_960x540.mp4""}, {""description"": ""MISS Thornton Putback Layup"", ""url"": ""https://videos.nba.com/wnba/pbp/media/2023/10/01/1042300214/142/d68ae24f-3a5a-2b6b-d359-83d9576298da_960x540.mp4""}, {""description"": ""Thornton REBOUND (Off:2 Def:1)"", ""url"": ""https://videos.nba.com/wnba/pbp/media/2023/10/01/1042300214/143/6493861f-0d2d-b23a-c327-187e3948f90b_960x540.mp4""}, {""description"": ""Allen S.FOUL (P2.T1)"", ""url"": """"}, {""description"": ""Thornton Free Throw 1 of 2 (1 PTS)"", ""url"": """"}, {""description"": ""Thornton Free Throw 2 of 2 (2 PTS)"", ""url"": """"}]",True,possessions,4Q/OT | margin -3..3 | 300..120,team
wnba,wnba_shot_pace,shot_pace,possessions,get-possessions,2023,Playoffs,team,"{'OffDef': 'Offense', 'FilterComparison': 'Exactly', 'FilterEvent': 'OnFloor', 'FilterValue': 5, 'StartType': 'All', 'Season': '2023', 'SeasonType': 'Playoffs', 'TeamId': '1611661313'}",shot_pace,1611661313,4Q/OT | margin -3..3 | 300..120,get-possessions__possessions__off_def-Offense__filter_comparison-Exactly__filter_event-OnFloor__filter_value-5__start_type-All__season-2023__season_type-Playoffs__team_id-1611661313__f001ca9b,get-possessions,https://api.pbpstats.com/get-possessions/wnba?OffDef=Offense&FilterComparison=Exactly&FilterEvent=OnFloor&FilterValue=5&StartType=All&Season=2023&SeasonType=Playoffs&TeamId=1611661313,200,371,09:30,"MISS Thornton 3PT Jump Shot
Carrington REBOUND (Off:0 Def:1)
",0,0,1,0,2023-10-01,1042300214,0,0,CON,2,0,-6,09:47,Off At Rim Make,0,"[{""description"": ""MISS Thornton 3PT Jump Shot"", ""url"": ""https://videos.nba.com/wnba/pbp/media/2023/10/01/1042300214/136/95b536ad-ca69-49a9-3c9b-6ab89a182a64_960x540.mp4""}, {""description"": ""Carrington REBOUND (Off:0 Def:1)"", ""url"": ""https://videos.nba.com/wnba/pbp/media/2023/10/01/1042300214/137/c7eb52c3-09bd-fea8-2539-b60b5f2c86d9_960x540.mp4""}]",True,possessions,4Q/OT | margin -3..3 | 300..120,team
wnba,wnba_shot_pace,shot_pace,possessions,get-possessions,2023,Playoffs,team,"{'OffDef': 'Offense', 'FilterComparison': 'Exactly', 'FilterEvent': 'OnFloor', 'FilterValue': 5, 'StartType': 'All', 'Season': '2023', 'SeasonType': 'Playoffs', 'TeamId': '1611661313'}",shot_pace,1611661313,4Q/OT | margin -3..3 | 300..120,get-possessions__possessions__off_def-Offense__filter_comparison-Exactly__filter_event-OnFloor__filter_value-5__start_type-All__season-2023__season_type-Playoffs__team_id-1611661313__f001ca9b,get-possessions,https://api.pbpstats.com/get-possessions/wnba?OffDef=Offense&FilterComparison=Exactly&FilterEvent=OnFloor&FilterValue=5&StartType=All&Season=2023&SeasonType=Playoffs&TeamId=1611661313,200,372,00:04,"MISS Stewart 6' Jump Shot
Bonner REBOUND (Off:0 Def:4)
",1,0,0,0,2023-10-01,1042300214,0,0,CON,1,0,-4,00:07,Off At Rim Make,0,"[{""description"": ""MISS Stewart 6' Jump Shot"", ""url"": ""https://videos.nba.com/wnba/pbp/media/2023/10/01/1042300214/125/8a5c8ef6-f629-da80-59f4-98c1fa661a13_960x540.mp4""}, {""description"": ""Bonner REBOUND (Off:0 Def:4)"", ""url"": ""https://videos.nba.com/wnba/pbp/media/2023/10/01/1042300214/126/99731666-ec95-0854-fc6e-b4719a1d46ed_960x540.mp4""}]",True,possessions,4Q/OT | margin -3..3 | 300..120,team
wnba,wnba_shot_pace,shot_pace,possessions,get-possessions,2023,Playoffs,team,"{'OffDef': 'Offense', 'FilterComparison': 'Exactly', 'FilterEvent': 'OnFloor', 'FilterValue': 5, 'StartType': 'All', 'Season': '2023', 'SeasonType': 'Playoffs', 'TeamId': '1611661313'}",shot_pace,1611661313,4Q/OT | margin -3..3 | 300..120,get-possessions__possessions__off_def-Offense__filter_comparison-Exactly__filter_event-OnFloor__filter_value-5__start_type-All__season-2023__season_type-Playoffs__team_id-1611661313__f001ca9b,get-possessions,https://api.pbpstats.com/get-possessions/wnba?OffDef=Offense&FilterComparison=Exactly&FilterEvent=OnFloor&FilterValue=5&StartType=All&Season=2023&SeasonType=Playoffs&TeamId=1611661313,200,373,00:28,"Jones Out of Bounds - Bad Pass Turnover Turnover (P2.T5)
",0,0,0,0,2023-10-01,1042300214,0,0,CON,1,0,-2,00:43,Off Arc 3 Miss,1,"[{""description"": ""Jones Out of Bounds - Bad Pass Turnover Turnover (P2.T5)"", ""url"": ""https://videos.nba.com/wnba/pbp/media/2023/10/01/1042300214/119/e320edd3-e324-fa31-c3fe-97cfec8793fa_960x540.mp4""}]",True,possessions,4Q/OT | margin -3..3 | 300..120,team
wnba,wnba_shot_pace,shot_pace,possessions,get-possessions,2023,Playoffs,team,"{'OffDef': 'Offense', 'FilterComparison': 'Exactly', 'FilterEvent': 'OnFloor', 'FilterValue': 5, 'StartType': 'All', 'Season': '2023', 'SeasonType': 'Playoffs', 'TeamId': '1611661313'}",shot_pace,1611661313,4Q/OT | margin -3..3 | 300..120,get-possessions__possessions__off_def-Offense__filter_comparison-Exactly__filter_event-OnFloor__filter_value-5__start_type-All__season-2023__season_type-Playoffs__team_id-1611661313__f001ca9b,get-possessions,https://api.pbpstats.com/get-possessions/wnba?OffDef=Offense&FilterComparison=Exactly&FilterEvent=OnFloor&FilterValue=5&StartType=All&Season=2023&SeasonType=Playoffs&TeamId=1611661313,200,374,00:59,"MISS Laney 24' 3PT Jump Shot
Jones REBOUND (Off:3 Def:3)
Bonner BLOCK (1 BLK): MISS Jones 3' Putback Layup
Jones REBOUND (Off:4 Def:3)
Hiedeman P.FOUL (P1.T3)
Jones 1' Driving Layup (3 PTS) (Laney 2 AST)
",2,1,1,0,2023-10-01,1042300214,0,2,CON,1,0,-4,01:22,Off Dead Ball,0,"[{""description"": ""MISS Laney 24' 3PT Jump Shot"", ""url"": ""https://videos.nba.com/wnba/pbp/media/2023/10/01/1042300214/105/50b1fa97-c821-3585-43db-87f92a752115_960x540.mp4""}, {""description"": ""Jones REBOUND (Off:3 Def:3)"", ""url"": ""https://videos.nba.com/wnba/pbp/media/2023/10/01/1042300214/106/63d1c738-999d-8401-9572-d3fdeaf30432_960x540.mp4""}, {""description"": ""Bonner BLOCK (1 BLK): MISS Jones 3' Putback Layup"", ""url"": ""https://videos.nba.com/wnba/pbp/media/2023/10/01/1042300214/107/c217b13f-e4e9-b1e4-d9a4-f88b3dae6933_960x540.mp4""}, {""description"": ""Jones REBOUND (Off:4 Def:3)"", ""url"": ""https://videos.nba.com/wnba/pbp/media/2023/10/01/1042300214/109/5ce21eab-f89c-3533-f34c-e07b0663874b_960x540.mp4""}, {""description"": ""Hiedeman P.FOUL (P1.T3)"", ""url"": """"}, {""description"": ""Jones 1' Driving Layup (3 PTS) (Laney 2 AST)"", ""url"": ""https://videos.nba.com/wnba/pbp/media/2023/10/01/1042300214/115/832db400-b461-d1f1-e24a-67b51de4e563_960x540.mp4""}]",True,possessions,4Q/OT | margin -3..3 | 300..120,team
wnba,wnba_shot_pace,shot_pace,possessions,get-possessions,2023,Playoffs,team,"{'OffDef': 'Offense', 'FilterComparison': 'Exactly', 'FilterEvent': 'OnFloor', 'FilterValue': 5, 'StartType': 'All', 'Season': '2023', 'SeasonType': 'Playoffs', 'TeamId': '1611661313'}",shot_pace,1611661313,4Q/OT | margin -3..3 | 300..120,get-possessions__possessions__off_def-Offense__filter_comparison-Exactly__filter_event-OnFloor__filter_value-5__start_type-All__season-2023__season_type-Playoffs__team_id-1611661313__f001ca9b,get-possessions,https://api.pbpstats.com/get-possessions/wnba?OffDef=Offense&FilterComparison=Exactly&FilterEvent=OnFloor&FilterValue=5&StartType=All&Season=2023&SeasonType=Playoffs&TeamId=1611661313,200,375,01:22,"MISS Vandersloot 3' Driving Layup
Allen REBOUND (Off:0 Def:1)
",1,0,0,0,2023-10-01,1042300214,0,0,CON,1,0,-4,01:36,Off Arc 3 Miss,0,"[{""description"": ""MISS Vandersloot 3' Driving Layup"", ""url"": ""https://videos.nba.com/wnba/pbp/media/2023/10/01/1042300214/100/e6edd4d1-146d-6cf6-d88e-a403901108f4_960x540.mp4""}, {""description"": ""Allen REBOUND (Off:0 Def:1)"", ""url"": ""https://videos.nba.com/wnba/pbp/media/2023/10/01/1042300214/101/9e9b72b8-a977-aa94-9672-8f8022dccfc1_960x540.mp4""}]",True,possessions,4Q/OT | margin -3..3 | 300..120,team
wnba,wnba_shot_pace,shot_pace,possessions,get-possessions,2023,Playoffs,team,"{'OffDef': 'Offense', 'FilterComparison': 'Exactly', 'FilterEvent': 'OnFloor', 'FilterValue': 5, 'StartType': 'All', 'Season': '2023', 'SeasonType': 'Playoffs', 'TeamId': '1611661313'}",shot_pace,1611661313,4Q/OT | margin -3..3 | 300..120,get-possessions__possessions__off_def-Offense__filter_comparison-Exactly__filter_event-OnFloor__filter_value-5__start_type-All__season-2023__season_type-Playoffs__team_id-1611661313__f001ca9b,get-possessions,https://api.pbpstats.com/get-possessions/wnba?OffDef=Offense&FilterComparison=Exactly&FilterEvent=OnFloor&FilterValue=5&StartType=All&Season=2023&SeasonType=Playoffs&TeamId=1611661313,200,376,01:55,"MISS Laney 3PT Jump Shot
Hiedeman REBOUND (Off:0 Def:1)
",0,0,1,0,2023-10-01,1042300214,0,0,CON,1,0,-4,02:14,Off Short Mid-Range Make,0,"[{""description"": ""MISS Laney 3PT Jump Shot"", ""url"": ""https://videos.nba.com/wnba/pbp/media/2023/10/01/1042300214/91/96378e00-47ed-dd42-3262-9d6910a819ea_960x540.mp4""}, {""description"": ""Hiedeman REBOUND (Off:0 Def:1)"", ""url"": ""https://videos.nba.com/wnba/pbp/media/2023/10/01/1042300214/92/73059b77-e56d-8c87-6122-9ef48f18aaf9_960x540.mp4""}]",True,possessions,4Q/OT | margin -3..3 | 300..120,team
wnba,wnba_shot_pace,shot_pace,possessions,get-possessions,2023,Playoffs,team,"{'OffDef': 'Offense', 'FilterComparison': 'Exactly', 'FilterEvent': 'OnFloor', 'FilterValue': 5, 'StartType': 'All', 'Season': '2023', 'SeasonType': 'Playoffs', 'TeamId': '1611661313'}",shot_pace,1611661313,4Q/OT | margin -3..3 | 300..120,get-possessions__possessions__off_def-Offense__filter_comparison-Exactly__filter_event-OnFloor__filter_value-5__start_type-All__season-2023__season_type-Playoffs__team_id-1611661313__f001ca9b,get-possessions,https://api.pbpstats.com/get-possessions/wnba?OffDef=Offense&FilterComparison=Exactly&FilterEvent=OnFloor&FilterValue=5&StartType=All&Season=2023&SeasonType=Playoffs&TeamId=1611661313,200,377,02:37,"Stewart 24' 3PT Pullup Jump Shot (5 PTS) (Laney 1 AST)
",0,0,1,1,2023-10-01,1042300214,0,0,CON,1,0,-5,02:42,Off Steal,0,"[{""description"": ""Stewart 24' 3PT Pullup Jump Shot (5 PTS) (Laney 1 AST)"", ""url"": ""https://videos.nba.com/wnba/pbp/media/2023/10/01/1042300214/87/05c56400-2126-638b-96a8-681b1b5542f2_960x540.mp4""}]",True,possessions,4Q/OT | margin -3..3 | 300..120,team
wnba,wnba_shot_pace,shot_pace,possessions,get-possessions,2023,Playoffs,team,"{'OffDef': 'Offense', 'FilterComparison': 'Exactly', 'FilterEvent': 'OnFloor', 'FilterValue': 5, 'StartType': 'All', 'Season': '2023', 'SeasonType': 'Playoffs', 'TeamId': '1611661313'}",shot_pace,1611661313,4Q/OT | margin -3..3 | 300..120,get-possessions__possessions__off_def-Offense__filter_comparison-Exactly__filter_event-OnFloor__filter_value-5__start_type-All__season-2023__season_type-Playoffs__team_id-1611661313__f001ca9b,get-possessions,https://api.pbpstats.com/get-possessions/wnba?OffDef=Offense&FilterComparison=Exactly&FilterEvent=OnFloor&FilterValue=5&StartType=All&Season=2023&SeasonType=Playoffs&TeamId=1611661313,200,378,02:47,"MISS Stewart 3' Layup
Thomas REBOUND (Off:2 Def:2)
",1,0,0,0,2023-10-01,1042300214,0,0,CON,1,0,-5,03:19,Off Timeout,0,"[{""description"": ""MISS Stewart 3' Layup"", ""url"": ""https://videos.nba.com/wnba/pbp/media/2023/10/01/1042300214/83/c7091dd7-718d-af4e-599a-a9acdae62864_960x540.mp4""}, {""description"": ""Thomas REBOUND (Off:2 Def:2)"", ""url"": ""https://videos.nba.com/wnba/pbp/media/2023/10/01/1042300214/84/1e839d83-1b9d-f0b3-0be5-ff5bae4048a8_960x540.mp4""}]",True,possessions,4Q/OT | margin -3..3 | 300..120,team
wnba,wnba_shot_pace,shot_pace,possessions,get-possessions,2023,Playoffs,team,"{'OffDef': 'Offense', 'FilterComparison': 'Exactly', 'FilterEvent': 'OnFloor', 'FilterValue': 5, 'StartType': 'All', 'Season': '2023', 'SeasonType': 'Playoffs', 'TeamId': '1611661313'}",shot_pace,1611661313,4Q/OT | margin -3..3 | 300..120,get-possessions__possessions__off_def-Offense__filter_comparison-Exactly__filter_event-OnFloor__filter_value-5__start_type-All__season-2023__season_type-Playoffs__team_id-1611661313__f001ca9b,get-possessions,https://api.pbpstats.com/get-possessions/wnba?OffDef=Offense&FilterComparison=Exactly&FilterEvent=OnFloor&FilterValue=5&StartType=All&Season=2023&SeasonType=Playoffs&TeamId=1611661313,200,379,03:22,"MISS Stewart 11' Turnaround Jump Shot
Bonner REBOUND (Off:0 Def:3)
",1,0,0,0,2023-10-01,1042300214,0,0,CON,1,0,-2,03:41,Off At Rim Make,0,"[{""description"": ""MISS Stewart 11' Turnaround Jump Shot"", ""url"": ""https://videos.nba.com/wnba/pbp/media/2023/10/01/1042300214/75/fe7c6f43-a35f-5a72-9566-e064a20cedd0_960x540.mp4""}, {""description"": ""Bonner REBOUND (Off:0 Def:3)"", ""url"": ""https://videos.nba.com/wnba/pbp/media/2023/10/01/1042300214/76/91dd09ab-67e9-e264-77b6-39210d1cf2f2_960x540.mp4""}]",True,possessions,4Q/OT | margin -3..3 | 300..120,team
wnba,wnba_shot_pace,shot_pace,possessions,get-possessions,2023,Playoffs,team,"{'OffDef': 'Offense', 'FilterComparison': 'Exactly', 'FilterEvent': 'OnFloor', 'FilterValue': 5, 'StartType': 'All', 'Season': '2023', 'SeasonType': 'Playoffs', 'TeamId': '1611661313'}",shot_pace,1611661313,4Q/OT | margin -3..3 | 300..120,get-possessions__possessions__off_def-Offense__filter_comparison-Exactly__filter_event-OnFloor__filter_value-5__start_type-All__season-2023__season_type-Playoffs__team_id-1611661313__f001ca9b,get-possessions,https://api.pbpstats.com/get-possessions/wnba?OffDef=Offense&FilterComparison=Exactly&FilterEvent=OnFloor&FilterValue=5&StartType=All&Season=2023&SeasonType=Playoffs&TeamId=1611661313,200,380,03:48,"Thomas STEAL (1 STL): Laney Bad Pass Turnover (P1.T4)
",0,0,0,0,2023-10-01,1042300214,0,0,CON,1,0,0,04:11,Off At Rim Make,1,"[{""description"": ""Thomas STEAL (1 STL): Laney Bad Pass Turnover (P1.T4)"", ""url"": ""https://videos.nba.com/wnba/pbp/media/2023/10/01/1042300214/71/83e8edec-76f8-74d5-3e73-dc40cb6a6a09_960x540.mp4""}]",True,possessions,4Q/OT | margin -3..3 | 300..120,team
wnba,wnba_shot_pace,shot_pace,possessions,get-possessions,2023,Playoffs,team,"{'OffDef': 'Offense', 'FilterComparison': 'Exactly', 'FilterEvent': 'OnFloor', 'FilterValue': 5, 'StartType': 'All', 'Season': '2023', 'SeasonType': 'Playoffs', 'TeamId': '1611661313'}",shot_pace,1611661313,4Q/OT | margin -3..3 | 300..120,get-possessions__possessions__off_def-Offense__filter_comparison-Exactly__filter_event-OnFloor__filter_value-5__start_type-All__season-2023__season_type-Playoffs__team_id-1611661313__f001ca9b,get-possessions,https://api.pbpstats.com/get-possessions/wnba?OffDef=Offense&FilterComparison=Exactly&FilterEvent=OnFloor&FilterValue=5&StartType=All&Season=2023&SeasonType=Playoffs&TeamId=1611661313,200,381,04:36,"Laney 24' 3PT Jump Shot (9 PTS) (Ionescu 2 AST)
",0,0,1,1,2023-10-01,1042300214,0,0,CON,1,0,-1,04:42,Off At Rim Miss,0,"[{""description"": ""Laney 24' 3PT Jump Shot (9 PTS) (Ionescu 2 AST)"", ""url"": ""https://videos.nba.com/wnba/pbp/media/2023/10/01/1042300214/67/230bcb0f-3e4e-305b-8c26-07394b211544_960x540.mp4""}]",True,possessions,4Q/OT | margin -3..3 | 300..120,team
wnba,wnba_shot_pace,shot_pace,possessions,get-possessions,2023,Playoffs,team,"{'OffDef': 'Offense', 'FilterComparison': 'Exactly', 'FilterEvent': 'OnFloor', 'FilterValue': 5, 'StartType': 'All', 'Season': '2023', 'SeasonType': 'Playoffs', 'TeamId': '1611661313'}",shot_pace,1611661313,4Q/OT | margin -3..3 | 300..120,get-possessions__possessions__off_def-Offense__filter_comparison-Exactly__filter_event-OnFloor__filter_value-5__start_type-All__season-2023__season_type-Playoffs__team_id-1611661313__f001ca9b,get-possessions,https://api.pbpstats.com/get-possessions/wnba?OffDef=Offense&FilterComparison=Exactly&FilterEvent=OnFloor&FilterValue=5&StartType=All&Season=2023&SeasonType=Playoffs&TeamId=1611661313,200,382,04:50,"MISS Laney 24' 3PT Jump Shot
Thomas REBOUND (Off:2 Def:1)
",0,0,1,0,2023-10-01,1042300214,0,0,CON,1,0,-1,05:05,Off Long Mid-Range Make,0,"[{""description"": ""MISS Laney 24' 3PT Jump Shot"", ""url"": ""https://videos.nba.com/wnba/pbp/media/2023/10/01/1042300214/63/79fe1ec6-a8b5-b867-9936-58f28e87ba02_960x540.mp4""}, {""description"": ""Thomas REBOUND (Off:2 Def:1)"", ""url"": ""https://videos.nba.com/wnba/pbp/media/2023/10/01/1042300214/64/c39d62be-a105-2110-7be5-a49ad5ce3cf8_960x540.mp4""}]",True,possessions,4Q/OT | margin -3..3 | 300..120,team
wnba,wnba_shot_pace,shot_pace,possessions,get-possessions,2023,Playoffs,team,"{'OffDef': 'Offense', 'FilterComparison': 'Exactly', 'FilterEvent': 'OnFloor', 'FilterValue': 5, 'StartType': 'All', 'Season': '2023', 'SeasonType': 'Playoffs', 'TeamId': '1611661313'}",shot_pace,1611661313,4Q/OT | margin -3..3 | 300..120,get-possessions__possessions__off_def-Offense__filter_comparison-Exactly__filter_event-OnFloor__filter_value-5__start_type-All__season-2023__season_type-Playoffs__team_id-1611661313__f001ca9b,get-possessions,https://api.pbpstats.com/get-possessions/wnba?OffDef=Offense&FilterComparison=Exactly&FilterEvent=OnFloor&FilterValue=5&StartType=All&Season=2023&SeasonType=Playoffs&TeamId=1611661313,200,383,05:16,"MISS Stewart 19' Jump Shot
Jones REBOUND (Off:2 Def:2)
Jones L.B.FOUL (P1.T1)
Jones Foul Turnover (P1.T3)
",1,0,0,0,2023-10-01,1042300214,0,1,CON,1,0,1,05:32,Off Steal,1,"[{""description"": ""MISS Stewart 19' Jump Shot"", ""url"": ""https://videos.nba.com/wnba/pbp/media/2023/10/01/1042300214/54/f515f299-580a-11e7-2eee-b46ab2f88d7c_960x540.mp4""}, {""description"": ""Jones REBOUND (Off:2 Def:2)"", ""url"": ""https://videos.nba.com/wnba/pbp/media/2023/10/01/1042300214/55/f068145d-4b9b-48ca-f4f1-70749e542101_960x540.mp4""}, {""description"": ""Jones L.B.FOUL (P1.T1)"", ""url"": """"}, {""description"": ""Jones Foul Turnover (P1.T3)"", ""url"": ""https://videos.nba.com/wnba/pbp/media/2023/10/01/1042300214/59/76fe9cb6-a94b-4b07-262c-e67cb7857f3e_960x540.mp4""}]",True,possessions,4Q/OT | margin -3..3 | 300..120,team
wnba,wnba_shot_pace,shot_pace,possessions,get-possessions,2023,Playoffs,team,"{'OffDef': 'Offense', 'FilterComparison': 'Exactly', 'FilterEvent': 'OnFloor', 'FilterValue': 5, 'StartType': 'All', 'Season': '2023', 'SeasonType': 'Playoffs', 'TeamId': '1611661313'}",shot_pace,1611661313,4Q/OT | margin -3..3 | 300..120,get-possessions__possessions__off_def-Offense__filter_comparison-Exactly__filter_event-OnFloor__filter_value-5__start_type-All__season-2023__season_type-Playoffs__team_id-1611661313__f001ca9b,get-possessions,https://api.pbpstats.com/get-possessions/wnba?OffDef=Offense&FilterComparison=Exactly&FilterEvent=OnFloor&FilterValue=5&StartType=All&Season=2023&SeasonType=Playoffs&TeamId=1611661313,200,384,05:42,"Laney 2' Layup (5 PTS)
Hayes S.FOUL (P2.T2)
Laney Free Throw 1 of 1 (6 PTS)
",1,1,0,0,2023-10-01,1042300214,0,0,CON,1,1,-2,05:49,Off Arc 3 Make,0,"[{""description"": ""Laney 2' Layup (5 PTS)"", ""url"": ""https://videos.nba.com/wnba/pbp/media/2023/10/01/1042300214/56/5d4e278c-70a5-9ba4-bb8b-aca442cf141f_960x540.mp4""}, {""description"": ""Hayes S.FOUL (P2.T2)"", ""url"": """"}, {""description"": ""Laney Free Throw 1 of 1 (6 PTS)"", ""url"": """"}]",True,possessions,4Q/OT | margin -3..3 | 300..120,team
wnba,wnba_shot_pace,shot_pace,possessions,get-possessions,2023,Playoffs,team,"{'OffDef': 'Offense', 'FilterComparison': 'Exactly', 'FilterEvent': 'OnFloor', 'FilterValue': 5, 'StartType': 'All', 'Season': '2023', 'SeasonType': 'Playoffs', 'TeamId': '1611661313'}",shot_pace,1611661313,4Q/OT | margin -3..3 | 300..120,get-possessions__possessions__off_def-Offense__filter_comparison-Exactly__filter_event-OnFloor__filter_value-5__start_type-All__season-2023__season_type-Playoffs__team_id-1611661313__f001ca9b,get-possessions,https://api.pbpstats.com/get-possessions/wnba?OffDef=Offense&FilterComparison=Exactly&FilterEvent=OnFloor&FilterValue=5&StartType=All&Season=2023&SeasonType=Playoffs&TeamId=1611661313,200,385,05:59,"Laney 3PT Jump Shot (3 PTS) (Stewart 1 AST)
",0,0,1,1,2023-10-01,1042300214,0,0,CON,1,0,-2,06:06,Off At Rim Miss,0,"[{""description"": ""Laney 3PT Jump Shot (3 PTS) (Stewart 1 AST)"", ""url"": ""https://videos.nba.com/wnba/pbp/media/2023/10/01/1042300214/45/5be217c0-362a-8e9d-589d-aed767f97d20_960x540.mp4""}]",True,possessions,4Q/OT | margin -3..3 | 300..120,team
wnba,wnba_shot_pace,shot_pace,possessions,get-possessions,2023,Playoffs,team,"{'OffDef': 'Offense', 'FilterComparison': 'Exactly', 'FilterEvent': 'OnFloor', 'FilterValue': 5, 'StartType': 'All', 'Season': '2023', 'SeasonType': 'Playoffs', 'TeamId': '1611661313'}",shot_pace,1611661313,4Q/OT | margin -3..3 | 300..120,get-possessions__possessions__off_def-Offense__filter_comparison-Exactly__filter_event-OnFloor__filter_value-5__start_type-All__season-2023__season_type-Playoffs__team_id-1611661313__f001ca9b,get-possessions,https://api.pbpstats.com/get-possessions/wnba?OffDef=Offense&FilterComparison=Exactly&FilterEvent=OnFloor&FilterValue=5&StartType=All&Season=2023&SeasonType=Playoffs&TeamId=1611661313,200,386,06:23,"Stewart 8' Hook Shot (2 PTS) (Ionescu 1 AST)
",1,1,0,0,2023-10-01,1042300214,0,0,CON,1,0,-4,06:30,Off Short Mid-Range Miss,0,"[{""description"": ""Stewart 8' Hook Shot (2 PTS) (Ionescu 1 AST)"", ""url"": ""https://videos.nba.com/wnba/pbp/media/2023/10/01/1042300214/40/baa6a6c4-eef1-6678-d012-80e0d4a8a631_960x540.mp4""}]",True,possessions,4Q/OT | margin -3..3 | 300..120,team
wnba,wnba_shot_pace,shot_pace,possessions,get-possessions,2023,Playoffs,team,"{'OffDef': 'Offense', 'FilterComparison': 'Exactly', 'FilterEvent': 'OnFloor', 'FilterValue': 5, 'StartType': 'All', 'Season': '2023', 'SeasonType': 'Playoffs', 'TeamId': '1611661313'}",shot_pace,1611661313,4Q/OT | margin -3..3 | 300..120,get-possessions__possessions__off_def-Offense__filter_comparison-Exactly__filter_event-OnFloor__filter_value-5__start_type-All__season-2023__season_type-Playoffs__team_id-1611661313__f001ca9b,get-possessions,https://api.pbpstats.com/get-possessions/wnba?OffDef=Offense&FilterComparison=Exactly&FilterEvent=OnFloor&FilterValue=5&StartType=All&Season=2023&SeasonType=Playoffs&TeamId=1611661313,200,387,06:49,"Stewart Out of Bounds - Bad Pass Turnover Turnover (P1.T2)
",0,0,0,0,2023-10-01,1042300214,0,0,CON,1,0,-4,07:04,Off At Rim Make,1,"[{""description"": ""Stewart Out of Bounds - Bad Pass Turnover Turnover (P1.T2)"", ""url"": ""https://videos.nba.com/wnba/pbp/media/2023/10/01/1042300214/37/2c2bafda-79cf-649d-61a8-e0b507a50b86_960x540.mp4""}]",True,possessions,4Q/OT | margin -3..3 | 300..120,team
wnba,wnba_shot_pace,shot_pace,possessions,get-possessions,2023,Playoffs,team,"{'OffDef': 'Offense', 'FilterComparison': 'Exactly', 'FilterEvent': 'OnFloor', 'FilterValue': 5, 'StartType': 'All', 'Season': '2023', 'SeasonType': 'Playoffs', 'TeamId': '1611661313'}",shot_pace,1611661313,4Q/OT | margin -3..3 | 300..120,get-possessions__possessions__off_def-Offense__filter_comparison-Exactly__filter_event-OnFloor__filter_value-5__start_type-All__season-2023__season_type-Playoffs__team_id-1611661313__f001ca9b,get-possessions,https://api.pbpstats.com/get-possessions/wnba?OffDef=Offense&FilterComparison=Exactly&FilterEvent=OnFloor&FilterValue=5&StartType=All&Season=2023&SeasonType=Playoffs&TeamId=1611661313,200,388,07:15,"MISS Laney 3PT Jump Shot
Bonner REBOUND (Off:0 Def:2)
",0,0,1,0,2023-10-01,1042300214,0,0,CON,1,0,-2,07:36,Off Arc 3 Miss,0,"[{""description"": ""MISS Laney 3PT Jump Shot"", ""url"": ""https://videos.nba.com/wnba/pbp/media/2023/10/01/1042300214/34/e7afe3e0-ad15-250c-28b6-9cc09dec476a_960x540.mp4""}, {""description"": ""Bonner REBOUND (Off:0 Def:2)"", ""url"": ""https://videos.nba.com/wnba/pbp/media/2023/10/01/1042300214/35/0f1dc212-7646-9931-6cbf-ab3de648102d_960x540.mp4""}]",True,possessions,4Q/OT | margin -3..3 | 300..120,team
wnba,wnba_shot_pace,shot_pace,possessions,get-possessions,2023,Playoffs,team,"{'OffDef': 'Offense', 'FilterComparison': 'Exactly', 'FilterEvent': 'OnFloor', 'FilterValue': 5, 'StartType': 'All', 'Season': '2023', 'SeasonType': 'Playoffs', 'TeamId': '1611661313'}",shot_pace,1611661313,4Q/OT | margin -3..3 | 300..120,get-possessions__possessions__off_def-Offense__filter_comparison-Exactly__filter_event-OnFloor__filter_value-5__start_type-All__season-2023__season_type-Playoffs__team_id-1611661313__f001ca9b,get-possessions,https://api.pbpstats.com/get-possessions/wnba?OffDef=Offense&FilterComparison=Exactly&FilterEvent=OnFloor&FilterValue=5&StartType=All&Season=2023&SeasonType=Playoffs&TeamId=1611661313,200,389,07:47,"Bonner STEAL (1 STL): Ionescu Lost Ball Turnover (P1.T1)
",0,0,0,0,2023-10-01,1042300214,0,0,CON,1,0,-2,07:52,Off Arc 3 Miss,1,"[{""description"": ""Bonner STEAL (1 STL): Ionescu Lost Ball Turnover (P1.T1)"", ""url"": ""https://videos.nba.com/wnba/pbp/media/2023/10/01/1042300214/27/4765f0ff-d7a2-eb99-9057-30b0ae70481a_960x540.mp4""}]",True,possessions,4Q/OT | margin -3..3 | 300..120,team
wnba,wnba_shot_pace,shot_pace,possessions,get-possessions,2023,Playoffs,team,"{'OffDef': 'Offense', 'FilterComparison': 'Exactly', 'FilterEvent': 'OnFloor', 'FilterValue': 5, 'StartType': 'All', 'Season': '2023', 'SeasonType': 'Playoffs', 'TeamId': '1611661313'}",shot_pace,1611661313,4Q/OT | margin -3..3 | 300..120,get-possessions__possessions__off_def-Offense__filter_comparison-Exactly__filter_event-OnFloor__filter_value-5__start_type-All__season-2023__season_type-Playoffs__team_id-1611661313__f001ca9b,get-possessions,https://api.pbpstats.com/get-possessions/wnba?OffDef=Offense&FilterComparison=Exactly&FilterEvent=OnFloor&FilterValue=5&StartType=All&Season=2023&SeasonType=Playoffs&TeamId=1611661313,200,390,08:23,"Ionescu 14' Pullup Jump Shot (2 PTS)
",1,1,0,0,2023-10-01,1042300214,0,0,CON,1,0,-4,08:40,Off At Rim Make,0,"[{""description"": ""Ionescu 14' Pullup Jump Shot (2 PTS)"", ""url"": ""https://videos.nba.com/wnba/pbp/media/2023/10/01/1042300214/24/8d1daa61-8147-9c82-737e-426d36fd4dca_960x540.mp4""}]",True,possessions,4Q/OT | margin -3..3 | 300..120,team
wnba,wnba_shot_pace,shot_pace,possessions,get-possessions,2023,Playoffs,team,"{'OffDef': 'Offense', 'FilterComparison': 'Exactly', 'FilterEvent': 'OnFloor', 'FilterValue': 5, 'StartType': 'All', 'Season': '2023', 'SeasonType': 'Playoffs', 'TeamId': '1611661313'}",shot_pace,1611661313,4Q/OT | margin -3..3 | 300..120,get-possessions__possessions__off_def-Offense__filter_comparison-Exactly__filter_event-OnFloor__filter_value-5__start_type-All__season-2023__season_type-Playoffs__team_id-1611661313__f001ca9b,get-possessions,https://api.pbpstats.com/get-possessions/wnba?OffDef=Offense&FilterComparison=Exactly&FilterEvent=OnFloor&FilterValue=5&StartType=All&Season=2023&SeasonType=Playoffs&TeamId=1611661313,200,391,08:55,"MISS Ionescu 24' 3PT Jump Shot
Hayes REBOUND (Off:0 Def:1)
",0,0,1,0,2023-10-01,1042300214,0,0,CON,1,0,-2,09:25,Off Arc 3 Make,0,"[{""description"": ""MISS Ionescu 24' 3PT Jump Shot"", ""url"": ""https://videos.nba.com/wnba/pbp/media/2023/10/01/1042300214/17/93a2521d-5376-58d7-b8cb-26dcdd5c74ef_960x540.mp4""}, {""description"": ""Hayes REBOUND (Off:0 Def:1)"", ""url"": ""https://videos.nba.com/wnba/pbp/media/2023/10/01/1042300214/18/a714e1c5-be82-4e91-de15-fba6f539ebe7_960x540.mp4""}]",True,possessions,4Q/OT | margin -3..3 | 300..120,team
wnba,wnba_shot_pace,shot_pace,possessions,get-possessions,2023,Playoffs,team,"{'OffDef': 'Offense', 'FilterComparison': 'Exactly', 'FilterEvent': 'OnFloor', 'FilterValue': 5, 'StartType': 'All', 'Season': '2023', 'SeasonType': 'Playoffs', 'TeamId': '1611661313'}",shot_pace,1611661313,4Q/OT | margin -3..3 | 300..120,get-possessions__possessions__off_def-Offense__filter_comparison-Exactly__filter_event-OnFloor__filter_value-5__start_type-All__season-2023__season_type-Playoffs__team_id-1611661313__f001ca9b,get-possessions,https://api.pbpstats.com/get-possessions/wnba?OffDef=Offense&FilterComparison=Exactly&FilterEvent=OnFloor&FilterValue=5&StartType=All&Season=2023&SeasonType=Playoffs&TeamId=1611661313,200,392,09:43,"Hayes BLOCK (1 BLK): MISS Laney 3' Driving Layup
Laney REBOUND (Off:1 Def:0)
Allen BLOCK (1 BLK): MISS Laney 2' Putback Layup
Jones REBOUND (Off:1 Def:0)
Hayes S.FOUL (P1.T1)
Jones Free Throw 1 of 2 (1 PTS)
MISS Jones Free Throw 2 of 2
Bonner REBOUND (Off:0 Def:1)
",2,0,0,0,2023-10-01,1042300214,0,2,CON,1,1,0,10:00,Off Dead Ball,0,"[{""description"": ""Hayes BLOCK (1 BLK): MISS Laney 3' Driving Layup"", ""url"": ""https://videos.nba.com/wnba/pbp/media/2023/10/01/1042300214/7/57e25862-c8f7-be11-d533-d9f225fb0418_960x540.mp4""}, {""description"": ""Laney REBOUND (Off:1 Def:0)"", ""url"": ""https://videos.nba.com/wnba/pbp/media/2023/10/01/1042300214/8/7829acf4-6572-65ba-47af-515b5b965e70_960x540.mp4""}, {""description"": ""Allen BLOCK (1 BLK): MISS Laney 2' Putback Layup"", ""url"": ""https://videos.nba.com/wnba/pbp/media/2023/10/01/1042300214/80/bd741315-fb77-a555-6bca-f55c00eff0ae_960x540.mp4""}, {""description"": ""Jones REBOUND (Off:1 Def:0)"", ""url"": ""https://videos.nba.com/wnba/pbp/media/2023/10/01/1042300214/82/bce133fe-aa45-efce-2188-5fe88c87a5d1_960x540.mp4""}, {""description"": ""Hayes S.FOUL (P1.T1)"", ""url"": """"}, {""description"": ""Jones Free Throw 1 of 2 (1 PTS)"", ""url"": """"}, {""description"": ""MISS Jones Free Throw 2 of 2"", ""url"": """"}, {""description"": ""Bonner REBOUND (Off:0 Def:1)"", ""url"": ""https://videos.nba.com/wnba/pbp/media/2023/10/01/1042300214/14/94faf804-8e7f-d9d6-c5a8-752726827ed2_960x540.mp4""}]",True,possessions,4Q/OT | margin -3..3 | 300..120,team
wnba,wnba_shot_pace,shot_pace,possessions,get-possessions,2023,Playoffs,team,"{'OffDef': 'Offense', 'FilterComparison': 'Exactly', 'FilterEvent': 'OnFloor', 'FilterValue': 5, 'StartType': 'All', 'Season': '2023', 'SeasonType': 'Playoffs', 'TeamId': '1611661313'}",shot_pace,1611661313,4Q/OT | margin -3..3 | 300..120,get-possessions__possessions__off_def-Offense__filter_comparison-Exactly__filter_event-OnFloor__filter_value-5__start_type-All__season-2023__season_type-Playoffs__team_id-1611661313__f001ca9b,get-possessions,https://api.pbpstats.com/get-possessions/wnba?OffDef=Offense&FilterComparison=Exactly&FilterEvent=OnFloor&FilterValue=5&StartType=All&Season=2023&SeasonType=Playoffs&TeamId=1611661313,200,393,00:12,"MISS Vandersloot 2' Driving Layup
Jones REBOUND (Off:4 Def:7)
Nelson-Ododa BLOCK (2 BLK): MISS Jones 1' Putback Layup
Jones REBOUND (Off:5 Def:7)
Liberty Turnover: Shot Clock (T#13)
",2,0,0,0,2023-09-29,1042300213,0,2,CON,4,0,11,00:37,Off Short Mid-Range Make,1,"[{""description"": ""MISS Vandersloot 2' Driving Layup"", ""url"": ""https://videos.nba.com/wnba/pbp/media/2023/09/29/1042300213/470/02d6108f-a949-55f9-b59c-bea24b466cb6_960x540.mp4""}, {""description"": ""Jones REBOUND (Off:4 Def:7)"", ""url"": ""https://videos.nba.com/wnba/pbp/media/2023/09/29/1042300213/471/12913bb3-6500-3de9-cb64-39ddcb935d69_960x540.mp4""}, {""description"": ""Nelson-Ododa BLOCK (2 BLK): MISS Jones 1' Putback Layup"", ""url"": """"}, {""description"": ""Jones REBOUND (Off:5 Def:7)"", ""url"": """"}, {""description"": ""Liberty Turnover: Shot Clock (T#13)"", ""url"": """"}]",True,possessions,4Q/OT | margin -3..3 | 300..120,team
wnba,wnba_shot_pace,shot_pace,possessions,get-possessions,2023,Playoffs,team,"{'OffDef': 'Offense', 'FilterComparison': 'Exactly', 'FilterEvent': 'OnFloor', 'FilterValue': 5, 'StartType': 'All', 'Season': '2023', 'SeasonType': 'Playoffs', 'TeamId': '1611661313'}",shot_pace,1611661313,4Q/OT | margin -3..3 | 300..120,get-possessions__possessions__off_def-Offense__filter_comparison-Exactly__filter_event-OnFloor__filter_value-5__start_type-All__season-2023__season_type-Playoffs__team_id-1611661313__f001ca9b,get-possessions,https://api.pbpstats.com/get-possessions/wnba?OffDef=Offense&FilterComparison=Exactly&FilterEvent=OnFloor&FilterValue=5&StartType=All&Season=2023&SeasonType=Playoffs&TeamId=1611661313,200,394,00:42,"MISS Stewart 25' 3PT Jump Shot
Hiedeman REBOUND (Off:0 Def:1)
",0,0,1,0,2023-09-29,1042300213,0,0,CON,4,0,13,01:01,Off Arc 3 Miss,0,"[{""description"": ""MISS Stewart 25' 3PT Jump Shot"", ""url"": ""https://videos.nba.com/wnba/pbp/media/2023/09/29/1042300213/464/08a2e06b-29a6-9efe-3588-e45adf6e363d_960x540.mp4""}, {""description"": ""Hiedeman REBOUND (Off:0 Def:1)"", ""url"": ""https://videos.nba.com/wnba/pbp/media/2023/09/29/1042300213/467/1edfabd8-a99d-f821-8f69-9e2de3fe05f8_960x540.mp4""}]",True,possessions,4Q/OT | margin -3..3 | 300..120,team
wnba,wnba_shot_pace,shot_pace,possessions,get-possessions,2023,Playoffs,team,"{'OffDef': 'Offense', 'FilterComparison': 'Exactly', 'FilterEvent': 'OnFloor', 'FilterValue': 5, 'StartType': 'All', 'Season': '2023', 'SeasonType': 'Playoffs', 'TeamId': '1611661313'}",shot_pace,1611661313,4Q/OT | margin -3..3 | 300..120,get-possessions__possessions__off_def-Offense__filter_comparison-Exactly__filter_event-OnFloor__filter_value-5__start_type-All__season-2023__season_type-Playoffs__team_id-1611661313__f001ca9b,get-possessions,https://api.pbpstats.com/get-possessions/wnba?OffDef=Offense&FilterComparison=Exactly&FilterEvent=OnFloor&FilterValue=5&StartType=All&Season=2023&SeasonType=Playoffs&TeamId=1611661313,200,395,01:08,"MISS Johannès 26' 3PT Jump Shot
Hayes REBOUND (Off:1 Def:5)
",0,0,1,0,2023-09-29,1042300213,0,0,CON,4,0,13,01:27,Off At Rim Make,0,"[{""description"": ""MISS Johannès 26' 3PT Jump Shot"", ""url"": ""https://videos.nba.com/wnba/pbp/media/2023/09/29/1042300213/460/8bcba499-cdee-4e0d-c096-cdd709d8d360_960x540.mp4""}, {""description"": ""Hayes REBOUND (Off:1 Def:5)"", ""url"": ""https://videos.nba.com/wnba/pbp/media/2023/09/29/1042300213/461/a44c809e-b14c-f08a-0860-d9910999ab42_960x540.mp4""}]",True,possessions,4Q/OT | margin -3..3 | 300..120,team
wnba,wnba_shot_pace,shot_pace,possessions,get-possessions,2023,Playoffs,team,"{'OffDef': 'Offense', 'FilterComparison': 'Exactly', 'FilterEvent': 'OnFloor', 'FilterValue': 5, 'StartType': 'All', 'Season': '2023', 'SeasonType': 'Playoffs', 'TeamId': '1611661313'}",shot_pace,1611661313,4Q/OT | margin -3..3 | 300..120,get-possessions__possessions__off_def-Offense__filter_comparison-Exactly__filter_event-OnFloor__filter_value-5__start_type-All__season-2023__season_type-Playoffs__team_id-1611661313__f001ca9b,get-possessions,https://api.pbpstats.com/get-possessions/wnba?OffDef=Offense&FilterComparison=Exactly&FilterEvent=OnFloor&FilterValue=5&StartType=All&Season=2023&SeasonType=Playoffs&TeamId=1611661313,200,396,01:50,"MISS Vandersloot 3PT Jump Shot
Harris REBOUND (Off:1 Def:1)
",0,0,1,0,2023-09-29,1042300213,0,0,CON,4,0,15,02:13,Off Arc 3 Make,0,"[{""description"": ""MISS Vandersloot 3PT Jump Shot"", ""url"": ""https://videos.nba.com/wnba/pbp/media/2023/09/29/1042300213/453/0cdaf946-06ff-1d27-2497-f24ff00809b1_960x540.mp4""}, {""description"": ""Harris REBOUND (Off:1 Def:1)"", ""url"": ""https://videos.nba.com/wnba/pbp/media/2023/09/29/1042300213/454/24552e78-3e5c-5240-a282-d412de51511a_960x540.mp4""}]",True,possessions,4Q/OT | margin -3..3 | 300..120,team
wnba,wnba_shot_pace,shot_pace,possessions,get-possessions,2023,Playoffs,team,"{'OffDef': 'Offense', 'FilterComparison': 'Exactly', 'FilterEvent': 'OnFloor', 'FilterValue': 5, 'StartType': 'All', 'Season': '2023', 'SeasonType': 'Playoffs', 'TeamId': '1611661313'}",shot_pace,1611661313,4Q/OT | margin -3..3 | 300..120,get-possessions__possessions__off_def-Offense__filter_comparison-Exactly__filter_event-OnFloor__filter_value-5__start_type-All__season-2023__season_type-Playoffs__team_id-1611661313__f001ca9b,get-possessions,https://api.pbpstats.com/get-possessions/wnba?OffDef=Offense&FilterComparison=Exactly&FilterEvent=OnFloor&FilterValue=5&StartType=All&Season=2023&SeasonType=Playoffs&TeamId=1611661313,200,397,02:55,"Stewart 14' Pullup Jump Shot (25 PTS) (Vandersloot 7 AST)
",1,1,0,0,2023-09-29,1042300213,0,0,CON,4,0,16,03:04,Off Steal,0,"[{""description"": ""Stewart 14' Pullup Jump Shot (25 PTS) (Vandersloot 7 AST)"", ""url"": ""https://videos.nba.com/wnba/pbp/media/2023/09/29/1042300213/440/bdad161f-48ed-ac59-ca0e-576e896fd2c3_960x540.mp4""}]",True,possessions,4Q/OT | margin -3..3 | 300..120,team
wnba,wnba_shot_pace,shot_pace,possessions,get-possessions,2023,Playoffs,team,"{'OffDef': 'Offense', 'FilterComparison': 'Exactly', 'FilterEvent': 'OnFloor', 'FilterValue': 5, 'StartType': 'All', 'Season': '2023', 'SeasonType': 'Playoffs', 'TeamId': '1611661313'}",shot_pace,1611661313,4Q/OT | margin -3..3 | 300..120,get-possessions__possessions__off_def-Offense__filter_comparison-Exactly__filter_event-OnFloor__filter_value-5__start_type-All__season-2023__season_type-Playoffs__team_id-1611661313__f001ca9b,get-possessions,https://api.pbpstats.com/get-possessions/wnba?OffDef=Offense&FilterComparison=Exactly&FilterEvent=OnFloor&FilterValue=5&StartType=All&Season=2023&SeasonType=Playoffs&TeamId=1611661313,200,398,03:10,"Bonner STEAL (2 STL): Vandersloot Bad Pass Turnover (P3.T12)
",0,0,0,0,2023-09-29,1042300213,0,0,CON,4,0,16,03:29,Off Arc 3 Make,1,"[{""description"": ""Bonner STEAL (2 STL): Vandersloot Bad Pass Turnover (P3.T12)"", ""url"": ""https://videos.nba.com/wnba/pbp/media/2023/09/29/1042300213/436/e3ad5d3b-5653-12b5-312d-23fda878e062_960x540.mp4""}]",True,possessions,4Q/OT | margin -3..3 | 300..120,team
wnba,wnba_shot_pace,shot_pace,possessions,get-possessions,2023,Playoffs,team,"{'OffDef': 'Offense', 'FilterComparison': 'Exactly', 'FilterEvent': 'OnFloor', 'FilterValue': 5, 'StartType': 'All', 'Season': '2023', 'SeasonType': 'Playoffs', 'TeamId': '1611661313'}",shot_pace,1611661313,4Q/OT | margin -3..3 | 300..120,get-possessions__possessions__off_def-Offense__filter_comparison-Exactly__filter_event-OnFloor__filter_value-5__start_type-All__season-2023__season_type-Playoffs__team_id-1611661313__f001ca9b,get-possessions,https://api.pbpstats.com/get-possessions/wnba?OffDef=Offense&FilterComparison=Exactly&FilterEvent=OnFloor&FilterValue=5&StartType=All&Season=2023&SeasonType=Playoffs&TeamId=1611661313,200,399,03:47,"Laney 1' Cutting Layup Shot (20 PTS) (Vandersloot 6 AST)
",1,1,0,0,2023-09-29,1042300213,0,0,CON,4,0,17,03:58,Off Short Mid-Range Make,0,"[{""description"": ""Laney 1' Cutting Layup Shot (20 PTS) (Vandersloot 6 AST)"", ""url"": ""https://videos.nba.com/wnba/pbp/media/2023/09/29/1042300213/431/08d8ac0c-d8e3-9332-e2fc-4020d78dbde0_960x540.mp4""}]",True,possessions,4Q/OT | margin -3..3 | 300..120,team
wnba,wnba_shot_pace,shot_pace,possessions,get-possessions,2023,Playoffs,team,"{'OffDef': 'Offense', 'FilterComparison': 'Exactly', 'FilterEvent': 'OnFloor', 'FilterValue': 5, 'StartType': 'All', 'Season': '2023', 'SeasonType': 'Playoffs', 'TeamId': '1611661313'}",shot_pace,1611661313,4Q/OT | margin -3..3 | 300..120,get-possessions__possessions__off_def-Offense__filter_comparison-Exactly__filter_event-OnFloor__filter_value-5__start_type-All__season-2023__season_type-Playoffs__team_id-1611661313__f001ca9b,get-possessions,https://api.pbpstats.com/get-possessions/wnba?OffDef=Offense&FilterComparison=Exactly&FilterEvent=OnFloor&FilterValue=5&StartType=All&Season=2023&SeasonType=Playoffs&TeamId=1611661313,200,400,04:17,"Vandersloot OFF.Foul (P3)
Vandersloot Offensive Foul Turnover (P2.T11)
",0,0,0,0,2023-09-29,1042300213,0,0,CON,4,0,19,04:34,Off Steal,1,"[{""description"": ""Vandersloot OFF.Foul (P3)"", ""url"": """"}, {""description"": ""Vandersloot Offensive Foul Turnover (P2.T11)"", ""url"": ""https://videos.nba.com/wnba/pbp/media/2023/09/29/1042300213/426/a7af9c5c-71a1-daa6-c089-6283be228d29_960x540.mp4""}]",True,possessions,4Q/OT | margin -3..3 | 300..120,team
wnba,wnba_shot_pace,shot_pace,possessions,get-possessions,2023,Playoffs,team,"{'OffDef': 'Offense', 'FilterComparison': 'Exactly', 'FilterEvent': 'OnFloor', 'FilterValue': 5, 'StartType': 'All', 'Season': '2023', 'SeasonType': 'Playoffs', 'TeamId': '1611661313'}",shot_pace,1611661313,4Q/OT | margin -3..3 | 300..120,get-possessions__possessions__off_def-Offense__filter_comparison-Exactly__filter_event-OnFloor__filter_value-5__start_type-All__season-2023__season_type-Playoffs__team_id-1611661313__f001ca9b,get-possessions,https://api.pbpstats.com/get-possessions/wnba?OffDef=Offense&FilterComparison=Exactly&FilterEvent=OnFloor&FilterValue=5&StartType=All&Season=2023&SeasonType=Playoffs&TeamId=1611661313,200,401,04:50,"Jones 4' Cutting Layup Shot (9 PTS) (Ionescu 5 AST)
Nelson-Ododa S.FOUL (P4.T2)
Jones Free Throw 1 of 1 (10 PTS)
",1,1,0,0,2023-09-29,1042300213,0,0,CON,4,1,16,05:09,Off Long Mid-Range Miss,0,"[{""description"": ""Jones 4' Cutting Layup Shot (9 PTS) (Ionescu 5 AST)"", ""url"": ""https://videos.nba.com/wnba/pbp/media/2023/09/29/1042300213/417/21023e07-1b08-b5d4-26fd-65a69b6b08f4_960x540.mp4""}, {""description"": ""Nelson-Ododa S.FOUL (P4.T2)"", ""url"": """"}, {""description"": ""Jones Free Throw 1 of 1 (10 PTS)"", ""url"": """"}]",True,possessions,4Q/OT | margin -3..3 | 300..120,team
wnba,wnba_shot_pace,shot_pace,possessions,get-possessions,2023,Playoffs,team,"{'OffDef': 'Offense', 'FilterComparison': 'Exactly', 'FilterEvent': 'OnFloor', 'FilterValue': 5, 'StartType': 'All', 'Season': '2023', 'SeasonType': 'Playoffs', 'TeamId': '1611661313'}",shot_pace,1611661313,4Q/OT | margin -3..3 | 300..120,get-possessions__possessions__off_def-Offense__filter_comparison-Exactly__filter_event-OnFloor__filter_value-5__start_type-All__season-2023__season_type-Playoffs__team_id-1611661313__f001ca9b,get-possessions,https://api.pbpstats.com/get-possessions/wnba?OffDef=Offense&FilterComparison=Exactly&FilterEvent=OnFloor&FilterValue=5&StartType=All&Season=2023&SeasonType=Playoffs&TeamId=1611661313,200,402,05:27,"Laney 25' 3PT Jump Shot (18 PTS)
",0,0,1,1,2023-09-29,1042300213,0,0,CON,4,0,13,05:54,Off Arc 3 Miss,0,"[{""description"": ""Laney 25' 3PT Jump Shot (18 PTS)"", ""url"": ""https://videos.nba.com/wnba/pbp/media/2023/09/29/1042300213/414/543a4d8c-9326-5f20-3e82-a76545484a47_960x540.mp4""}]",True,possessions,4Q/OT | margin -3..3 | 300..120,team
wnba,wnba_shot_pace,shot_pace,possessions,get-possessions,2023,Playoffs,team,"{'OffDef': 'Offense', 'FilterComparison': 'Exactly', 'FilterEvent': 'OnFloor', 'FilterValue': 5, 'StartType': 'All', 'Season': '2023', 'SeasonType': 'Playoffs', 'TeamId': '1611661313'}",shot_pace,1611661313,4Q/OT | margin -3..3 | 300..120,get-possessions__possessions__off_def-Offense__filter_comparison-Exactly__filter_event-OnFloor__filter_value-5__start_type-All__season-2023__season_type-Playoffs__team_id-1611661313__f001ca9b,get-possessions,https://api.pbpstats.com/get-possessions/wnba?OffDef=Offense&FilterComparison=Exactly&FilterEvent=OnFloor&FilterValue=5&StartType=All&Season=2023&SeasonType=Playoffs&TeamId=1611661313,200,403,05:59,"Hayes STEAL (1 STL): Laney Lost Ball Turnover (P3.T10)
",0,0,0,0,2023-09-29,1042300213,0,0,CON,4,0,13,06:16,Off At Rim Make,1,"[{""description"": ""Hayes STEAL (1 STL): Laney Lost Ball Turnover (P3.T10)"", ""url"": ""https://videos.nba.com/wnba/pbp/media/2023/09/29/1042300213/407/6da6ac3d-2f2f-0ce9-fd75-8ae3615329a4_960x540.mp4""}]",True,possessions,4Q/OT | margin -3..3 | 300..120,team
wnba,wnba_shot_pace,shot_pace,possessions,get-possessions,2023,Playoffs,team,"{'OffDef': 'Offense', 'FilterComparison': 'Exactly', 'FilterEvent': 'OnFloor', 'FilterValue': 5, 'StartType': 'All', 'Season': '2023', 'SeasonType': 'Playoffs', 'TeamId': '1611661313'}",shot_pace,1611661313,4Q/OT | margin -3..3 | 300..120,get-possessions__possessions__off_def-Offense__filter_comparison-Exactly__filter_event-OnFloor__filter_value-5__start_type-All__season-2023__season_type-Playoffs__team_id-1611661313__f001ca9b,get-possessions,https://api.pbpstats.com/get-possessions/wnba?OffDef=Offense&FilterComparison=Exactly&FilterEvent=OnFloor&FilterValue=5&StartType=All&Season=2023&SeasonType=Playoffs&TeamId=1611661313,200,404,06:36,"Vandersloot 4' Driving Reverse Layup (12 PTS)
",1,1,0,0,2023-09-29,1042300213,0,0,CON,4,0,13,06:48,Off Long Mid-Range Make,0,"[{""description"": ""Vandersloot 4' Driving Reverse Layup (12 PTS)"", ""url"": ""https://videos.nba.com/wnba/pbp/media/2023/09/29/1042300213/405/717f584c-3785-275e-3bd9-a82b5c404bf8_960x540.mp4""}]",True,possessions,4Q/OT | margin -3..3 | 300..120,team
wnba,wnba_shot_pace,shot_pace,possessions,get-possessions,2023,Playoffs,team,"{'OffDef': 'Offense', 'FilterComparison': 'Exactly', 'FilterEvent': 'OnFloor', 'FilterValue': 5, 'StartType': 'All', 'Season': '2023', 'SeasonType': 'Playoffs', 'TeamId': '1611661313'}",shot_pace,1611661313,4Q/OT | margin -3..3 | 300..120,get-possessions__possessions__off_def-Offense__filter_comparison-Exactly__filter_event-OnFloor__filter_value-5__start_type-All__season-2023__season_type-Playoffs__team_id-1611661313__f001ca9b,get-possessions,https://api.pbpstats.com/get-possessions/wnba?OffDef=Offense&FilterComparison=Exactly&FilterEvent=OnFloor&FilterValue=5&StartType=All&Season=2023&SeasonType=Playoffs&TeamId=1611661313,200,405,07:05,"Stewart OFF.Foul (P1)
Stewart Offensive Foul Turnover (P2.T9)
",0,0,0,0,2023-09-29,1042300213,0,0,CON,4,0,15,07:15,Off Arc 3 Miss,1,"[{""description"": ""Stewart OFF.Foul (P1)"", ""url"": """"}, {""description"": ""Stewart Offensive Foul Turnover (P2.T9)"", ""url"": ""https://videos.nba.com/wnba/pbp/media/2023/09/29/1042300213/400/57d26d6c-5211-add3-0a26-a90da8fac222_960x540.mp4""}]",True,possessions,4Q/OT | margin -3..3 | 300..120,team
wnba,wnba_shot_pace,shot_pace,possessions,get-possessions,2023,Playoffs,team,"{'OffDef': 'Offense', 'FilterComparison': 'Exactly', 'FilterEvent': 'OnFloor', 'FilterValue': 5, 'StartType': 'All', 'Season': '2023', 'SeasonType': 'Playoffs', 'TeamId': '1611661313'}",shot_pace,1611661313,4Q/OT | margin -3..3 | 300..120,get-possessions__possessions__off_def-Offense__filter_comparison-Exactly__filter_event-OnFloor__filter_value-5__start_type-All__season-2023__season_type-Playoffs__team_id-1611661313__f001ca9b,get-possessions,https://api.pbpstats.com/get-possessions/wnba?OffDef=Offense&FilterComparison=Exactly&FilterEvent=OnFloor&FilterValue=5&StartType=All&Season=2023&SeasonType=Playoffs&TeamId=1611661313,200,406,07:24,"MISS Vandersloot 6' Driving Layup
Thomas REBOUND (Off:3 Def:6)
",1,0,0,0,2023-09-29,1042300213,0,0,CON,4,0,15,07:44,Off Dead Ball,0,"[{""description"": ""MISS Vandersloot 6' Driving Layup"", ""url"": ""https://videos.nba.com/wnba/pbp/media/2023/09/29/1042300213/394/b832e51c-d758-ce57-61a4-0bfd774b2a0f_960x540.mp4""}, {""description"": ""Thomas REBOUND (Off:3 Def:6)"", ""url"": ""https://videos.nba.com/wnba/pbp/media/2023/09/29/1042300213/395/ac9fd60c-c40e-209c-52cd-5c7d8aede2cf_960x540.mp4""}]",True,possessions,4Q/OT | margin -3..3 | 300..120,team
wnba,wnba_shot_pace,shot_pace,possessions,get-possessions,2023,Playoffs,team,"{'OffDef': 'Offense', 'FilterComparison': 'Exactly', 'FilterEvent': 'OnFloor', 'FilterValue': 5, 'StartType': 'All', 'Season': '2023', 'SeasonType': 'Playoffs', 'TeamId': '1611661313'}",shot_pace,1611661313,4Q/OT | margin -3..3 | 300..120,get-possessions__possessions__off_def-Offense__filter_comparison-Exactly__filter_event-OnFloor__filter_value-5__start_type-All__season-2023__season_type-Playoffs__team_id-1611661313__f001ca9b,get-possessions,https://api.pbpstats.com/get-possessions/wnba?OffDef=Offense&FilterComparison=Exactly&FilterEvent=OnFloor&FilterValue=5&StartType=All&Season=2023&SeasonType=Playoffs&TeamId=1611661313,200,407,07:53,"MISS Stewart 9' Driving Floating Jump Shot
Thomas REBOUND (Off:3 Def:5)
",1,0,0,0,2023-09-29,1042300213,0,0,CON,4,0,15,08:03,Off FT Make,0,"[{""description"": ""MISS Stewart 9' Driving Floating Jump Shot"", ""url"": ""https://videos.nba.com/wnba/pbp/media/2023/09/29/1042300213/389/38c44681-fa7d-e44b-334c-9ded79b1b36f_960x540.mp4""}, {""description"": ""Thomas REBOUND (Off:3 Def:5)"", ""url"": ""https://videos.nba.com/wnba/pbp/media/2023/09/29/1042300213/390/407a23fd-d5dc-d908-ab01-693bb9898e9c_960x540.mp4""}]",True,possessions,4Q/OT | margin -3..3 | 300..120,team
wnba,wnba_shot_pace,shot_pace,possessions,get-possessions,2023,Playoffs,team,"{'OffDef': 'Offense', 'FilterComparison': 'Exactly', 'FilterEvent': 'OnFloor', 'FilterValue': 5, 'StartType': 'All', 'Season': '2023', 'SeasonType': 'Playoffs', 'TeamId': '1611661313'}",shot_pace,1611661313,4Q/OT | margin -3..3 | 300..120,get-possessions__possessions__off_def-Offense__filter_comparison-Exactly__filter_event-OnFloor__filter_value-5__start_type-All__season-2023__season_type-Playoffs__team_id-1611661313__f001ca9b,get-possessions,https://api.pbpstats.com/get-possessions/wnba?OffDef=Offense&FilterComparison=Exactly&FilterEvent=OnFloor&FilterValue=5&StartType=All&Season=2023&SeasonType=Playoffs&TeamId=1611661313,200,408,08:19,"Jones 3PT Jump Shot (7 PTS) (Vandersloot 5 AST)
",0,0,1,1,2023-09-29,1042300213,0,0,CON,4,0,14,08:29,Off At Rim Block,0,"[{""description"": ""Jones 3PT Jump Shot (7 PTS) (Vandersloot 5 AST)"", ""url"": ""https://videos.nba.com/wnba/pbp/media/2023/09/29/1042300213/379/d3f40d75-d1fe-c594-6a5f-fb96187ab6e6_960x540.mp4""}]",True,possessions,4Q/OT | margin -3..3 | 300..120,team
wnba,wnba_shot_pace,shot_pace,possessions,get-possessions,2023,Playoffs,team,"{'OffDef': 'Offense', 'FilterComparison': 'Exactly', 'FilterEvent': 'OnFloor', 'FilterValue': 5, 'StartType': 'All', 'Season': '2023', 'SeasonType': 'Playoffs', 'TeamId': '1611661313'}",shot_pace,1611661313,4Q/OT | margin -3..3 | 300..120,get-possessions__possessions__off_def-Offense__filter_comparison-Exactly__filter_event-OnFloor__filter_value-5__start_type-All__season-2023__season_type-Playoffs__team_id-1611661313__f001ca9b,get-possessions,https://api.pbpstats.com/get-possessions/wnba?OffDef=Offense&FilterComparison=Exactly&FilterEvent=OnFloor&FilterValue=5&StartType=All&Season=2023&SeasonType=Playoffs&TeamId=1611661313,200,409,08:59,"Stewart 15' Floating Jump Shot (22 PTS)
Thomas S.FOUL (P2.T1)
Stewart Free Throw 1 of 1 (23 PTS)
",1,1,0,0,2023-09-29,1042300213,0,0,CON,4,1,11,09:20,Off Long Mid-Range Make,0,"[{""description"": ""Stewart 15' Floating Jump Shot (22 PTS)"", ""url"": ""https://videos.nba.com/wnba/pbp/media/2023/09/29/1042300213/370/f755a19e-f8ec-cdfa-f5c4-6167c57af1d2_960x540.mp4""}, {""description"": ""Thomas S.FOUL (P2.T1)"", ""url"": """"}, {""description"": ""Stewart Free Throw 1 of 1 (23 PTS)"", ""url"": """"}]",True,possessions,4Q/OT | margin -3..3 | 300..120,team
wnba,wnba_shot_pace,shot_pace,possessions,get-possessions,2023,Playoffs,team,"{'OffDef': 'Offense', 'FilterComparison': 'Exactly', 'FilterEvent': 'OnFloor', 'FilterValue': 5, 'StartType': 'All', 'Season': '2023', 'SeasonType': 'Playoffs', 'TeamId': '1611661313'}",shot_pace,1611661313,4Q/OT | margin -3..3 | 300..120,get-possessions__possessions__off_def-Offense__filter_comparison-Exactly__filter_event-OnFloor__filter_value-5__start_type-All__season-2023__season_type-Playoffs__team_id-1611661313__f001ca9b,get-possessions,https://api.pbpstats.com/get-possessions/wnba?OffDef=Offense&FilterComparison=Exactly&FilterEvent=OnFloor&FilterValue=5&StartType=All&Season=2023&SeasonType=Playoffs&TeamId=1611661313,200,410,09:41,"Stewart 11' Fadeaway Jumper (20 PTS)
",1,1,0,0,2023-09-29,1042300213,0,0,CON,4,0,11,10:00,Off Dead Ball,0,"[{""description"": ""Stewart 11' Fadeaway Jumper (20 PTS)"", ""url"": ""https://videos.nba.com/wnba/pbp/media/2023/09/29/1042300213/367/f5005245-d573-da17-0c5a-06774f126ccd_960x540.mp4""}]",True,possessions,4Q/OT | margin -3..3 | 300..120,team
wnba,wnba_shot_pace,shot_pace,possessions,get-possessions,2023,Playoffs,team,"{'OffDef': 'Offense', 'FilterComparison': 'Exactly', 'FilterEvent': 'OnFloor', 'FilterValue': 5, 'StartType': 'All', 'Season': '2023', 'SeasonType': 'Playoffs', 'TeamId': '1611661313'}",shot_pace,1611661313,4Q/OT | margin -3..3 | 300..120,get-possessions__possessions__off_def-Offense__filter_comparison-Exactly__filter_event-OnFloor__filter_value-5__start_type-All__season-2023__season_type-Playoffs__team_id-1611661313__f001ca9b,get-possessions,https://api.pbpstats.com/get-possessions/wnba?OffDef=Offense&FilterComparison=Exactly&FilterEvent=OnFloor&FilterValue=5&StartType=All&Season=2023&SeasonType=Playoffs&TeamId=1611661313,200,411,00:25,"Nelson-Ododa P.FOUL (P3.T3)
Bonner BLOCK (3 BLK): MISS Stewart 6' Layup
Stewart REBOUND (Off:4 Def:6)
Stewart 4' Layup (18 PTS)
",2,1,0,0,2023-09-29,1042300213,0,1,CON,3,0,9,00:44,Off At Rim Make,0,"[{""description"": ""Nelson-Ododa P.FOUL (P3.T3)"", ""url"": """"}, {""description"": ""Bonner BLOCK (3 BLK): MISS Stewart 6' Layup"", ""url"": ""https://videos.nba.com/wnba/pbp/media/2023/09/29/1042300213/359/961c556f-5c06-3c41-fd28-a7897662cae1_960x540.mp4""}, {""description"": ""Stewart REBOUND (Off:4 Def:6)"", ""url"": ""https://videos.nba.com/wnba/pbp/media/2023/09/29/1042300213/360/819ec37d-1c75-8c36-5f4b-ae37ae30868a_960x540.mp4""}, {""description"": ""Stewart 4' Layup (18 PTS)"", ""url"": ""https://videos.nba.com/wnba/pbp/media/2023/09/29/1042300213/361/37b3bd9e-7bba-8f6f-e955-b381458939cc_960x540.mp4""}]",True,possessions,4Q/OT | margin -3..3 | 300..120,team
wnba,wnba_shot_pace,shot_pace,possessions,get-possessions,2023,Playoffs,team,"{'OffDef': 'Offense', 'FilterComparison': 'Exactly', 'FilterEvent': 'OnFloor', 'FilterValue': 5, 'StartType': 'All', 'Season': '2023', 'SeasonType': 'Playoffs', 'TeamId': '1611661313'}",shot_pace,1611661313,4Q/OT | margin -3..3 | 300..120,get-possessions__possessions__off_def-Offense__filter_comparison-Exactly__filter_event-OnFloor__filter_value-5__start_type-All__season-2023__season_type-Playoffs__team_id-1611661313__f001ca9b,get-possessions,https://api.pbpstats.com/get-possessions/wnba?OffDef=Offense&FilterComparison=Exactly&FilterEvent=OnFloor&FilterValue=5&StartType=All&Season=2023&SeasonType=Playoffs&TeamId=1611661313,200,412,01:00,"Nelson-Ododa STEAL (1 STL): Laney Lost Ball Turnover (P2.T8)
",0,0,0,0,2023-09-29,1042300213,0,0,CON,3,0,11,01:09,Off Long Mid-Range Miss,1,"[{""description"": ""Nelson-Ododa STEAL (1 STL): Laney Lost Ball Turnover (P2.T8)"", ""url"": ""https://videos.nba.com/wnba/pbp/media/2023/09/29/1042300213/349/c09e93f8-5e5c-07fb-deed-22c5068a2dc9_960x540.mp4""}]",True,possessions,4Q/OT | margin -3..3 | 300..120,team
wnba,wnba_shot_pace,shot_pace,possessions,get-possessions,2023,Playoffs,team,"{'OffDef': 'Offense', 'FilterComparison': 'Exactly', 'FilterEvent': 'OnFloor', 'FilterValue': 5, 'StartType': 'All', 'Season': '2023', 'SeasonType': 'Playoffs', 'TeamId': '1611661313'}",shot_pace,1611661313,4Q/OT | margin -3..3 | 300..120,get-possessions__possessions__off_def-Offense__filter_comparison-Exactly__filter_event-OnFloor__filter_value-5__start_type-All__season-2023__season_type-Playoffs__team_id-1611661313__f001ca9b,get-possessions,https://api.pbpstats.com/get-possessions/wnba?OffDef=Offense&FilterComparison=Exactly&FilterEvent=OnFloor&FilterValue=5&StartType=All&Season=2023&SeasonType=Playoffs&TeamId=1611661313,200,413,01:32,"MISS Ionescu 25' 3PT Jump Shot
Stewart REBOUND (Off:3 Def:6)
MISS Stewart 1' Putback Layup
Bonner REBOUND (Off:1 Def:7)
",1,0,1,0,2023-09-29,1042300213,0,1,CON,3,0,11,01:43,Off Arc 3 Make,0,"[{""description"": ""MISS Ionescu 25' 3PT Jump Shot"", ""url"": ""https://videos.nba.com/wnba/pbp/media/2023/09/29/1042300213/343/ff4135dd-da64-65e9-6dd7-91c4178fb52e_960x540.mp4""}, {""description"": ""Stewart REBOUND (Off:3 Def:6)"", ""url"": ""https://videos.nba.com/wnba/pbp/media/2023/09/29/1042300213/344/23b6e25e-cbc3-b9d7-52d9-1af18020f777_960x540.mp4""}, {""description"": ""MISS Stewart 1' Putback Layup"", ""url"": ""https://videos.nba.com/wnba/pbp/media/2023/09/29/1042300213/345/d65548c4-fd3c-eedd-ddc1-7ea3d513814f_960x540.mp4""}, {""description"": ""Bonner REBOUND (Off:1 Def:7)"", ""url"": ""https://videos.nba.com/wnba/pbp/media/2023/09/29/1042300213/346/704a71d8-98fe-8d75-5ba3-e759c83ab960_960x540.mp4""}]",True,possessions,4Q/OT | margin -3..3 | 300..120,team
wnba,wnba_shot_pace,shot_pace,possessions,get-possessions,2023,Playoffs,team,"{'OffDef': 'Offense', 'FilterComparison': 'Exactly', 'FilterEvent': 'OnFloor', 'FilterValue': 5, 'StartType': 'All', 'Season': '2023', 'SeasonType': 'Playoffs', 'TeamId': '1611661313'}",shot_pace,1611661313,4Q/OT | margin -3..3 | 300..120,get-possessions__possessions__off_def-Offense__filter_comparison-Exactly__filter_event-OnFloor__filter_value-5__start_type-All__season-2023__season_type-Playoffs__team_id-1611661313__f001ca9b,get-possessions,https://api.pbpstats.com/get-possessions/wnba?OffDef=Offense&FilterComparison=Exactly&FilterEvent=OnFloor&FilterValue=5&StartType=All&Season=2023&SeasonType=Playoffs&TeamId=1611661313,200,414,01:59,"Ionescu 3' Driving Layup (16 PTS)
",1,1,0,0,2023-09-29,1042300213,0,0,CON,3,0,12,02:10,Off At Rim Make,0,"[{""description"": ""Ionescu 3' Driving Layup (16 PTS)"", ""url"": ""https://videos.nba.com/wnba/pbp/media/2023/09/29/1042300213/340/4c86688c-37c9-d1b5-74ad-d50a01fbae73_960x540.mp4""}]",True,possessions,4Q/OT | margin -3..3 | 300..120,team
wnba,wnba_shot_pace,shot_pace,possessions,get-possessions,2023,Playoffs,team,"{'OffDef': 'Offense', 'FilterComparison': 'Exactly', 'FilterEvent': 'OnFloor', 'FilterValue': 5, 'StartType': 'All', 'Season': '2023', 'SeasonType': 'Playoffs', 'TeamId': '1611661313'}",shot_pace,1611661313,4Q/OT | margin -3..3 | 300..120,get-possessions__possessions__off_def-Offense__filter_comparison-Exactly__filter_event-OnFloor__filter_value-5__start_type-All__season-2023__season_type-Playoffs__team_id-1611661313__f001ca9b,get-possessions,https://api.pbpstats.com/get-possessions/wnba?OffDef=Offense&FilterComparison=Exactly&FilterEvent=OnFloor&FilterValue=5&StartType=All&Season=2023&SeasonType=Playoffs&TeamId=1611661313,200,415,02:17,"Bonner P.FOUL (P2.T2)
MISS Johannès 24' 3PT Jump Shot
Thomas REBOUND (Off:2 Def:4)
",0,0,1,0,2023-09-29,1042300213,0,0,CON,3,0,14,02:48,Off At Rim Make,0,"[{""description"": ""Bonner P.FOUL (P2.T2)"", ""url"": """"}, {""description"": ""MISS Johannès 24' 3PT Jump Shot"", ""url"": ""https://videos.nba.com/wnba/pbp/media/2023/09/29/1042300213/336/45cd7745-1731-91ba-280d-4f63ff731199_960x540.mp4""}, {""description"": ""Thomas REBOUND (Off:2 Def:4)"", ""url"": ""https://videos.nba.com/wnba/pbp/media/2023/09/29/1042300213/337/24457472-7308-8686-42f1-bf63c7272663_960x540.mp4""}]",True,possessions,4Q/OT | margin -3..3 | 300..120,team
wnba,wnba_shot_pace,shot_pace,possessions,get-possessions,2023,Playoffs,team,"{'OffDef': 'Offense', 'FilterComparison': 'Exactly', 'FilterEvent': 'OnFloor', 'FilterValue': 5, 'StartType': 'All', 'Season': '2023', 'SeasonType': 'Playoffs', 'TeamId': '1611661313'}",shot_pace,1611661313,4Q/OT | margin -3..3 | 300..120,get-possessions__possessions__off_def-Offense__filter_comparison-Exactly__filter_event-OnFloor__filter_value-5__start_type-All__season-2023__season_type-Playoffs__team_id-1611661313__f001ca9b,get-possessions,https://api.pbpstats.com/get-possessions/wnba?OffDef=Offense&FilterComparison=Exactly&FilterEvent=OnFloor&FilterValue=5&StartType=All&Season=2023&SeasonType=Playoffs&TeamId=1611661313,200,416,02:55,"MISS Stewart 7' Fadeaway Jumper
Thomas REBOUND (Off:2 Def:3)
",1,0,0,0,2023-09-29,1042300213,0,0,CON,3,0,16,03:11,Off Short Mid-Range Make,0,"[{""description"": ""MISS Stewart 7' Fadeaway Jumper"", ""url"": ""https://videos.nba.com/wnba/pbp/media/2023/09/29/1042300213/331/aec50208-9a86-17c2-bfdb-8a715d0d9cc5_960x540.mp4""}, {""description"": ""Thomas REBOUND (Off:2 Def:3)"", ""url"": ""https://videos.nba.com/wnba/pbp/media/2023/09/29/1042300213/332/30381f77-ce16-3f9b-2520-93ef62d7474d_960x540.mp4""}]",True,possessions,4Q/OT | margin -3..3 | 300..120,team
wnba,wnba_shot_pace,shot_pace,possessions,get-possessions,2023,Playoffs,team,"{'OffDef': 'Offense', 'FilterComparison': 'Exactly', 'FilterEvent': 'OnFloor', 'FilterValue': 5, 'StartType': 'All', 'Season': '2023', 'SeasonType': 'Playoffs', 'TeamId': '1611661313'}",shot_pace,1611661313,4Q/OT | margin -3..3 | 300..120,get-possessions__possessions__off_def-Offense__filter_comparison-Exactly__filter_event-OnFloor__filter_value-5__start_type-All__season-2023__season_type-Playoffs__team_id-1611661313__f001ca9b,get-possessions,https://api.pbpstats.com/get-possessions/wnba?OffDef=Offense&FilterComparison=Exactly&FilterEvent=OnFloor&FilterValue=5&StartType=All&Season=2023&SeasonType=Playoffs&TeamId=1611661313,200,417,03:25,"Harris S.FOUL (P3.T1)
Laney Free Throw 1 of 2 (14 PTS)
Laney Free Throw 2 of 2 (15 PTS)
",0,0,0,0,2023-09-29,1042300213,0,0,CON,3,1,16,03:30,Off At Rim Make,0,"[{""description"": ""Harris S.FOUL (P3.T1)"", ""url"": """"}, {""description"": ""Laney Free Throw 1 of 2 (14 PTS)"", ""url"": """"}, {""description"": ""Laney Free Throw 2 of 2 (15 PTS)"", ""url"": """"}]",True,possessions,4Q/OT | margin -3..3 | 300..120,team
wnba,wnba_shot_pace,shot_pace,possessions,get-possessions,2023,Playoffs,team,"{'OffDef': 'Offense', 'FilterComparison': 'Exactly', 'FilterEvent': 'OnFloor', 'FilterValue': 5, 'StartType': 'All', 'Season': '2023', 'SeasonType': 'Playoffs', 'TeamId': '1611661313'}",shot_pace,1611661313,4Q/OT | margin -3..3 | 300..120,get-possessions__possessions__off_def-Offense__filter_comparison-Exactly__filter_event-OnFloor__filter_value-5__start_type-All__season-2023__season_type-Playoffs__team_id-1611661313__f001ca9b,get-possessions,https://api.pbpstats.com/get-possessions/wnba?OffDef=Offense&FilterComparison=Exactly&FilterEvent=OnFloor&FilterValue=5&StartType=All&Season=2023&SeasonType=Playoffs&TeamId=1611661313,200,418,03:40,"Bonner BLOCK (2 BLK): MISS Jones 5' Driving Layup
Liberty Rebound
MISS Stewart 3PT Jump Shot
Stewart REBOUND (Off:2 Def:6)
Stewart 3' Putback Layup (16 PTS)
",2,1,1,0,2023-09-29,1042300213,0,2,CON,3,0,16,04:02,Off Dead Ball,0,"[{""description"": ""Bonner BLOCK (2 BLK): MISS Jones 5' Driving Layup"", ""url"": ""https://videos.nba.com/wnba/pbp/media/2023/09/29/1042300213/310/b3c9e457-8339-6a59-eb15-ae913b358751_960x540.mp4""}, {""description"": ""Liberty Rebound"", ""url"": """"}, {""description"": ""MISS Stewart 3PT Jump Shot"", ""url"": ""https://videos.nba.com/wnba/pbp/media/2023/09/29/1042300213/316/49700a86-9eb8-7ff6-d7d6-6b9a8a9e4eae_960x540.mp4""}, {""description"": ""Stewart REBOUND (Off:2 Def:6)"", ""url"": ""https://videos.nba.com/wnba/pbp/media/2023/09/29/1042300213/317/c2eeba7f-ca39-d1c9-b701-9bce097a0e2b_960x540.mp4""}, {""description"": ""Stewart 3' Putback Layup (16 PTS)"", ""url"": ""https://videos.nba.com/wnba/pbp/media/2023/09/29/1042300213/318/a81dda52-b258-59e0-73c3-912a26d00811_960x540.mp4""}]",True,possessions,4Q/OT | margin -3..3 | 300..120,team
wnba,wnba_shot_pace,shot_pace,possessions,get-possessions,2023,Playoffs,team,"{'OffDef': 'Offense', 'FilterComparison': 'Exactly', 'FilterEvent': 'OnFloor', 'FilterValue': 5, 'StartType': 'All', 'Season': '2023', 'SeasonType': 'Playoffs', 'TeamId': '1611661313'}",shot_pace,1611661313,4Q/OT | margin -3..3 | 300..120,get-possessions__possessions__off_def-Offense__filter_comparison-Exactly__filter_event-OnFloor__filter_value-5__start_type-All__season-2023__season_type-Playoffs__team_id-1611661313__f001ca9b,get-possessions,https://api.pbpstats.com/get-possessions/wnba?OffDef=Offense&FilterComparison=Exactly&FilterEvent=OnFloor&FilterValue=5&StartType=All&Season=2023&SeasonType=Playoffs&TeamId=1611661313,200,419,04:19,"MISS Laney 24' 3PT Jump Shot
Bonner REBOUND (Off:1 Def:6)
",0,0,1,0,2023-09-29,1042300213,0,0,CON,3,0,16,04:25,Off Dead Ball,0,"[{""description"": ""MISS Laney 24' 3PT Jump Shot"", ""url"": ""https://videos.nba.com/wnba/pbp/media/2023/09/29/1042300213/305/8906fd6d-ce08-5d60-028c-1fa31f130892_960x540.mp4""}, {""description"": ""Bonner REBOUND (Off:1 Def:6)"", ""url"": ""https://videos.nba.com/wnba/pbp/media/2023/09/29/1042300213/306/7b817c65-c76d-8a13-f673-2b33c1295122_960x540.mp4""}]",True,possessions,4Q/OT | margin -3..3 | 300..120,team
wnba,wnba_shot_pace,shot_pace,possessions,get-possessions,2023,Playoffs,team,"{'OffDef': 'Offense', 'FilterComparison': 'Exactly', 'FilterEvent': 'OnFloor', 'FilterValue': 5, 'StartType': 'All', 'Season': '2023', 'SeasonType': 'Playoffs', 'TeamId': '1611661313'}",shot_pace,1611661313,4Q/OT | margin -3..3 | 300..120,get-possessions__possessions__off_def-Offense__filter_comparison-Exactly__filter_event-OnFloor__filter_value-5__start_type-All__season-2023__season_type-Playoffs__team_id-1611661313__f001ca9b,get-possessions,https://api.pbpstats.com/get-possessions/wnba?OffDef=Offense&FilterComparison=Exactly&FilterEvent=OnFloor&FilterValue=5&StartType=All&Season=2023&SeasonType=Playoffs&TeamId=1611661313,200,420,04:43,"MISS Laney 6' Driving Layup
Laney REBOUND (Off:1 Def:4)
Laney 1' Putback Layup (13 PTS)
",2,1,0,0,2023-09-29,1042300213,0,1,CON,3,0,14,04:59,Off FT Make,0,"[{""description"": ""MISS Laney 6' Driving Layup"", ""url"": ""https://videos.nba.com/wnba/pbp/media/2023/09/29/1042300213/301/477f0197-5385-d815-a1a0-f60216038423_960x540.mp4""}, {""description"": ""Laney REBOUND (Off:1 Def:4)"", ""url"": ""https://videos.nba.com/wnba/pbp/media/2023/09/29/1042300213/302/03f8293a-7945-5d5e-5cc1-6c39ab5ef492_960x540.mp4""}, {""description"": ""Laney 1' Putback Layup (13 PTS)"", ""url"": ""https://videos.nba.com/wnba/pbp/media/2023/09/29/1042300213/303/dc96603f-6c06-8795-015f-4f41e1c478a4_960x540.mp4""}]",True,possessions,4Q/OT | margin -3..3 | 300..120,team
wnba,wnba_shot_pace,shot_pace,possessions,get-possessions,2023,Playoffs,team,"{'OffDef': 'Offense', 'FilterComparison': 'Exactly', 'FilterEvent': 'OnFloor', 'FilterValue': 5, 'StartType': 'All', 'Season': '2023', 'SeasonType': 'Playoffs', 'TeamId': '1611661313'}",shot_pace,1611661313,4Q/OT | margin -3..3 | 300..120,get-possessions__possessions__off_def-Offense__filter_comparison-Exactly__filter_event-OnFloor__filter_value-5__start_type-All__season-2023__season_type-Playoffs__team_id-1611661313__f001ca9b,get-possessions,https://api.pbpstats.com/get-possessions/wnba?OffDef=Offense&FilterComparison=Exactly&FilterEvent=OnFloor&FilterValue=5&StartType=All&Season=2023&SeasonType=Playoffs&TeamId=1611661313,200,421,05:10,"MISS Vandersloot 3' Driving Layup
Bonner REBOUND (Off:1 Def:5)
",1,0,0,0,2023-09-29,1042300213,0,0,CON,3,0,15,05:15,Off At Rim Miss,0,"[{""description"": ""MISS Vandersloot 3' Driving Layup"", ""url"": ""https://videos.nba.com/wnba/pbp/media/2023/09/29/1042300213/294/e6e356fb-4429-c39d-61ee-abc06ebdc9aa_960x540.mp4""}, {""description"": ""Bonner REBOUND (Off:1 Def:5)"", ""url"": ""https://videos.nba.com/wnba/pbp/media/2023/09/29/1042300213/295/86a9959c-97f6-783a-bc2e-7cc1d7a7d3e5_960x540.mp4""}]",True,possessions,4Q/OT | margin -3..3 | 300..120,team
wnba,wnba_shot_pace,shot_pace,possessions,get-possessions,2023,Playoffs,team,"{'OffDef': 'Offense', 'FilterComparison': 'Exactly', 'FilterEvent': 'OnFloor', 'FilterValue': 5, 'StartType': 'All', 'Season': '2023', 'SeasonType': 'Playoffs', 'TeamId': '1611661313'}",shot_pace,1611661313,4Q/OT | margin -3..3 | 300..120,get-possessions__possessions__off_def-Offense__filter_comparison-Exactly__filter_event-OnFloor__filter_value-5__start_type-All__season-2023__season_type-Playoffs__team_id-1611661313__f001ca9b,get-possessions,https://api.pbpstats.com/get-possessions/wnba?OffDef=Offense&FilterComparison=Exactly&FilterEvent=OnFloor&FilterValue=5&StartType=All&Season=2023&SeasonType=Playoffs&TeamId=1611661313,200,422,05:28,"MISS Ionescu 3' Driving Layup
Jones REBOUND (Off:3 Def:5)
Jones 1' Putback Layup (4 PTS)
",2,1,0,0,2023-09-29,1042300213,0,1,CON,3,0,13,05:52,Off Arc 3 Miss,0,"[{""description"": ""MISS Ionescu 3' Driving Layup"", ""url"": ""https://videos.nba.com/wnba/pbp/media/2023/09/29/1042300213/289/c48843fd-70f1-4b55-d6ef-025fc4d238f6_960x540.mp4""}, {""description"": ""Jones REBOUND (Off:3 Def:5)"", ""url"": ""https://videos.nba.com/wnba/pbp/media/2023/09/29/1042300213/290/56c4b989-7095-f5c2-6940-508259bc1296_960x540.mp4""}, {""description"": ""Jones 1' Putback Layup (4 PTS)"", ""url"": ""https://videos.nba.com/wnba/pbp/media/2023/09/29/1042300213/291/bf0fe7f6-c94c-38e5-a1da-6995b0ded5ae_960x540.mp4""}]",True,possessions,4Q/OT | margin -3..3 | 300..120,team
wnba,wnba_shot_pace,shot_pace,possessions,get-possessions,2023,Playoffs,team,"{'OffDef': 'Offense', 'FilterComparison': 'Exactly', 'FilterEvent': 'OnFloor', 'FilterValue': 5, 'StartType': 'All', 'Season': '2023', 'SeasonType': 'Playoffs', 'TeamId': '1611661313'}",shot_pace,1611661313,4Q/OT | margin -3..3 | 300..120,get-possessions__possessions__off_def-Offense__filter_comparison-Exactly__filter_event-OnFloor__filter_value-5__start_type-All__season-2023__season_type-Playoffs__team_id-1611661313__f001ca9b,get-possessions,https://api.pbpstats.com/get-possessions/wnba?OffDef=Offense&FilterComparison=Exactly&FilterEvent=OnFloor&FilterValue=5&StartType=All&Season=2023&SeasonType=Playoffs&TeamId=1611661313,200,423,06:11,"Ionescu 25' 3PT Jump Shot (14 PTS)
",0,0,1,1,2023-09-29,1042300213,0,0,CON,3,0,10,06:17,Off At Rim Miss,0,"[{""description"": ""Ionescu 25' 3PT Jump Shot (14 PTS)"", ""url"": ""https://videos.nba.com/wnba/pbp/media/2023/09/29/1042300213/286/bfd16f62-d110-302c-79a2-63653b21cb34_960x540.mp4""}]",True,possessions,4Q/OT | margin -3..3 | 300..120,team
wnba,wnba_shot_pace,shot_pace,possessions,get-possessions,2023,Playoffs,team,"{'OffDef': 'Offense', 'FilterComparison': 'Exactly', 'FilterEvent': 'OnFloor', 'FilterValue': 5, 'StartType': 'All', 'Season': '2023', 'SeasonType': 'Playoffs', 'TeamId': '1611661313'}",shot_pace,1611661313,4Q/OT | margin -3..3 | 300..120,get-possessions__possessions__off_def-Offense__filter_comparison-Exactly__filter_event-OnFloor__filter_value-5__start_type-All__season-2023__season_type-Playoffs__team_id-1611661313__f001ca9b,get-possessions,https://api.pbpstats.com/get-possessions/wnba?OffDef=Offense&FilterComparison=Exactly&FilterEvent=OnFloor&FilterValue=5&StartType=All&Season=2023&SeasonType=Playoffs&TeamId=1611661313,200,424,06:33,"Ionescu Out of Bounds Lost Ball Turnover (P1.T7)
",0,0,0,0,2023-09-29,1042300213,0,0,CON,3,0,10,06:48,Off FT Make,1,"[{""description"": ""Ionescu Out of Bounds Lost Ball Turnover (P1.T7)"", ""url"": ""https://videos.nba.com/wnba/pbp/media/2023/09/29/1042300213/283/301d0c61-599e-6503-ff81-65862282742c_960x540.mp4""}]",True,possessions,4Q/OT | margin -3..3 | 300..120,team
wnba,wnba_shot_pace,shot_pace,possessions,get-possessions,2023,Playoffs,team,"{'OffDef': 'Offense', 'FilterComparison': 'Exactly', 'FilterEvent': 'OnFloor', 'FilterValue': 5, 'StartType': 'All', 'Season': '2023', 'SeasonType': 'Playoffs', 'TeamId': '1611661313'}",shot_pace,1611661313,4Q/OT | margin -3..3 | 300..120,get-possessions__possessions__off_def-Offense__filter_comparison-Exactly__filter_event-OnFloor__filter_value-5__start_type-All__season-2023__season_type-Playoffs__team_id-1611661313__f001ca9b,get-possessions,https://api.pbpstats.com/get-possessions/wnba?OffDef=Offense&FilterComparison=Exactly&FilterEvent=OnFloor&FilterValue=5&StartType=All&Season=2023&SeasonType=Playoffs&TeamId=1611661313,200,425,07:00,"MISS Laney 20' Pullup Jump Shot
SUN Rebound
",1,0,0,0,2023-09-29,1042300213,0,0,CON,3,0,13,07:15,Off Short Mid-Range Make,0,"[{""description"": ""MISS Laney 20' Pullup Jump Shot"", ""url"": ""https://videos.nba.com/wnba/pbp/media/2023/09/29/1042300213/274/16b24c67-8650-83b9-f5d3-24df3c6e19b1_960x540.mp4""}, {""description"": ""SUN Rebound"", ""url"": """"}]",True,possessions,4Q/OT | margin -3..3 | 300..120,team
wnba,wnba_shot_pace,shot_pace,possessions,get-possessions,2023,Playoffs,team,"{'OffDef': 'Offense', 'FilterComparison': 'Exactly', 'FilterEvent': 'OnFloor', 'FilterValue': 5, 'StartType': 'All', 'Season': '2023', 'SeasonType': 'Playoffs', 'TeamId': '1611661313'}",shot_pace,1611661313,4Q/OT | margin -3..3 | 300..120,get-possessions__possessions__off_def-Offense__filter_comparison-Exactly__filter_event-OnFloor__filter_value-5__start_type-All__season-2023__season_type-Playoffs__team_id-1611661313__f001ca9b,get-possessions,https://api.pbpstats.com/get-possessions/wnba?OffDef=Offense&FilterComparison=Exactly&FilterEvent=OnFloor&FilterValue=5&StartType=All&Season=2023&SeasonType=Playoffs&TeamId=1611661313,200,426,07:24,"MISS Vandersloot 1' Driving Layup
Bonner REBOUND (Off:1 Def:4)
",1,0,0,0,2023-09-29,1042300213,0,0,CON,3,0,15,07:37,Off Dead Ball,0,"[{""description"": ""MISS Vandersloot 1' Driving Layup"", ""url"": ""https://videos.nba.com/wnba/pbp/media/2023/09/29/1042300213/270/14838e9e-dfb1-dcb6-84b8-cd7929049a2f_960x540.mp4""}, {""description"": ""Bonner REBOUND (Off:1 Def:4)"", ""url"": ""https://videos.nba.com/wnba/pbp/media/2023/09/29/1042300213/271/89409927-840e-148a-f6c3-2c1dc4b913ce_960x540.mp4""}]",True,possessions,4Q/OT | margin -3..3 | 300..120,team
wnba,wnba_shot_pace,shot_pace,possessions,get-possessions,2023,Playoffs,team,"{'OffDef': 'Offense', 'FilterComparison': 'Exactly', 'FilterEvent': 'OnFloor', 'FilterValue': 5, 'StartType': 'All', 'Season': '2023', 'SeasonType': 'Playoffs', 'TeamId': '1611661313'}",shot_pace,1611661313,4Q/OT | margin -3..3 | 300..120,get-possessions__possessions__off_def-Offense__filter_comparison-Exactly__filter_event-OnFloor__filter_value-5__start_type-All__season-2023__season_type-Playoffs__team_id-1611661313__f001ca9b,get-possessions,https://api.pbpstats.com/get-possessions/wnba?OffDef=Offense&FilterComparison=Exactly&FilterEvent=OnFloor&FilterValue=5&StartType=All&Season=2023&SeasonType=Playoffs&TeamId=1611661313,200,427,07:59,"MISS Vandersloot 3PT Jump Shot
Hayes REBOUND (Off:1 Def:4)
",0,0,1,0,2023-09-29,1042300213,0,0,CON,3,0,15,08:11,Off At Rim Miss,0,"[{""description"": ""MISS Vandersloot 3PT Jump Shot"", ""url"": ""https://videos.nba.com/wnba/pbp/media/2023/09/29/1042300213/267/a881e38f-055c-8b98-f829-e0de8313e29b_960x540.mp4""}, {""description"": ""Hayes REBOUND (Off:1 Def:4)"", ""url"": ""https://videos.nba.com/wnba/pbp/media/2023/09/29/1042300213/268/de2a4c29-f93e-f3b5-15b1-75a870b43bc6_960x540.mp4""}]",True,possessions,4Q/OT | margin -3..3 | 300..120,team
wnba,wnba_shot_pace,shot_pace,possessions,get-possessions,2023,Playoffs,team,"{'OffDef': 'Offense', 'FilterComparison': 'Exactly', 'FilterEvent': 'OnFloor', 'FilterValue': 5, 'StartType': 'All', 'Season': '2023', 'SeasonType': 'Playoffs', 'TeamId': '1611661313'}",shot_pace,1611661313,4Q/OT | margin -3..3 | 300..120,get-possessions__possessions__off_def-Offense__filter_comparison-Exactly__filter_event-OnFloor__filter_value-5__start_type-All__season-2023__season_type-Playoffs__team_id-1611661313__f001ca9b,get-possessions,https://api.pbpstats.com/get-possessions/wnba?OffDef=Offense&FilterComparison=Exactly&FilterEvent=OnFloor&FilterValue=5&StartType=All&Season=2023&SeasonType=Playoffs&TeamId=1611661313,200,428,08:28,"Vandersloot Out of Bounds Lost Ball Turnover (P1.T6)
",0,0,0,0,2023-09-29,1042300213,0,0,CON,3,0,15,08:38,Off Short Mid-Range Miss,1,"[{""description"": ""Vandersloot Out of Bounds Lost Ball Turnover (P1.T6)"", ""url"": ""https://videos.nba.com/wnba/pbp/media/2023/09/29/1042300213/264/40141438-d091-a6f3-93c7-c828779cd893_960x540.mp4""}]",True,possessions,4Q/OT | margin -3..3 | 300..120,team
wnba,wnba_shot_pace,shot_pace,possessions,get-possessions,2023,Playoffs,team,"{'OffDef': 'Offense', 'FilterComparison': 'Exactly', 'FilterEvent': 'OnFloor', 'FilterValue': 5, 'StartType': 'All', 'Season': '2023', 'SeasonType': 'Playoffs', 'TeamId': '1611661313'}",shot_pace,1611661313,4Q/OT | margin -3..3 | 300..120,get-possessions__possessions__off_def-Offense__filter_comparison-Exactly__filter_event-OnFloor__filter_value-5__start_type-All__season-2023__season_type-Playoffs__team_id-1611661313__f001ca9b,get-possessions,https://api.pbpstats.com/get-possessions/wnba?OffDef=Offense&FilterComparison=Exactly&FilterEvent=OnFloor&FilterValue=5&StartType=All&Season=2023&SeasonType=Playoffs&TeamId=1611661313,200,429,08:55,"MISS Vandersloot 3PT Jump Shot
Hayes REBOUND (Off:1 Def:3)
",0,0,1,0,2023-09-29,1042300213,0,0,CON,3,0,15,09:04,Off At Rim Miss,0,"[{""description"": ""MISS Vandersloot 3PT Jump Shot"", ""url"": ""https://videos.nba.com/wnba/pbp/media/2023/09/29/1042300213/260/0a59a5b8-4970-044a-e72f-0863db89d668_960x540.mp4""}, {""description"": ""Hayes REBOUND (Off:1 Def:3)"", ""url"": ""https://videos.nba.com/wnba/pbp/media/2023/09/29/1042300213/261/cd7b1bdf-cdf0-d8c7-a975-eaa91d99ba06_960x540.mp4""}]",True,possessions,4Q/OT | margin -3..3 | 300..120,team
wnba,wnba_shot_pace,shot_pace,possessions,get-possessions,2023,Playoffs,team,"{'OffDef': 'Offense', 'FilterComparison': 'Exactly', 'FilterEvent': 'OnFloor', 'FilterValue': 5, 'StartType': 'All', 'Season': '2023', 'SeasonType': 'Playoffs', 'TeamId': '1611661313'}",shot_pace,1611661313,4Q/OT | margin -3..3 | 300..120,get-possessions__possessions__off_def-Offense__filter_comparison-Exactly__filter_event-OnFloor__filter_value-5__start_type-All__season-2023__season_type-Playoffs__team_id-1611661313__f001ca9b,get-possessions,https://api.pbpstats.com/get-possessions/wnba?OffDef=Offense&FilterComparison=Exactly&FilterEvent=OnFloor&FilterValue=5&StartType=All&Season=2023&SeasonType=Playoffs&TeamId=1611661313,200,430,09:25,"Laney 3PT Jump Shot (11 PTS) (Ionescu 4 AST)
",0,0,1,1,2023-09-29,1042300213,0,0,CON,3,0,12,09:50,Off At Rim Make,0,"[{""description"": ""Laney 3PT Jump Shot (11 PTS) (Ionescu 4 AST)"", ""url"": ""https://videos.nba.com/wnba/pbp/media/2023/09/29/1042300213/256/d712fe8f-12be-2d21-8841-5e39b2494565_960x540.mp4""}]",True,possessions,4Q/OT | margin -3..3 | 300..120,team
wnba,wnba_shot_pace,shot_pace,possessions,get-possessions,2023,Playoffs,team,"{'OffDef': 'Offense', 'FilterComparison': 'Exactly', 'FilterEvent': 'OnFloor', 'FilterValue': 5, 'StartType': 'All', 'Season': '2023', 'SeasonType': 'Playoffs', 'TeamId': '1611661313'}",shot_pace,1611661313,4Q/OT | margin -3..3 | 300..120,get-possessions__possessions__off_def-Offense__filter_comparison-Exactly__filter_event-OnFloor__filter_value-5__start_type-All__season-2023__season_type-Playoffs__team_id-1611661313__f001ca9b,get-possessions,https://api.pbpstats.com/get-possessions/wnba?OffDef=Offense&FilterComparison=Exactly&FilterEvent=OnFloor&FilterValue=5&StartType=All&Season=2023&SeasonType=Playoffs&TeamId=1611661313,200,431,00:00,"MISS Vandersloot 3PT Jump Shot
Jones REBOUND (Off:2 Def:4)
Jones 1' Putback Layup (2 PTS)
",1,1,1,0,2023-09-29,1042300213,0,1,CON,2,0,12,00:25,Off At Rim Make,0,"[{""description"": ""MISS Vandersloot 3PT Jump Shot"", ""url"": ""https://videos.nba.com/wnba/pbp/media/2023/09/29/1042300213/248/f4c70934-7c83-0234-0402-9cc23b174e87_960x540.mp4""}, {""description"": ""Jones REBOUND (Off:2 Def:4)"", ""url"": ""https://videos.nba.com/wnba/pbp/media/2023/09/29/1042300213/249/24446702-904f-34b3-b5b8-4d2de71d5dac_960x540.mp4""}, {""description"": ""Jones 1' Putback Layup (2 PTS)"", ""url"": ""https://videos.nba.com/wnba/pbp/media/2023/09/29/1042300213/250/ec1d5dcc-88fe-cf1a-8160-884972bfc3c0_960x540.mp4""}]",True,possessions,4Q/OT | margin -3..3 | 300..120,team
wnba,wnba_shot_pace,shot_pace,possessions,get-possessions,2023,Playoffs,team,"{'OffDef': 'Offense', 'FilterComparison': 'Exactly', 'FilterEvent': 'OnFloor', 'FilterValue': 5, 'StartType': 'All', 'Season': '2023', 'SeasonType': 'Playoffs', 'TeamId': '1611661313'}",shot_pace,1611661313,4Q/OT | margin -3..3 | 300..120,get-possessions__possessions__off_def-Offense__filter_comparison-Exactly__filter_event-OnFloor__filter_value-5__start_type-All__season-2023__season_type-Playoffs__team_id-1611661313__f001ca9b,get-possessions,https://api.pbpstats.com/get-possessions/wnba?OffDef=Offense&FilterComparison=Exactly&FilterEvent=OnFloor&FilterValue=5&StartType=All&Season=2023&SeasonType=Playoffs&TeamId=1611661313,200,432,00:44,"MISS Laney 26' 3PT Jump Shot
Thomas REBOUND (Off:1 Def:2)
",0,0,1,0,2023-09-29,1042300213,0,0,CON,2,0,14,01:07,Off Timeout,0,"[{""description"": ""MISS Laney 26' 3PT Jump Shot"", ""url"": ""https://videos.nba.com/wnba/pbp/media/2023/09/29/1042300213/242/9b422eb2-27ba-0f20-d1d4-a7a9d3d69292_960x540.mp4""}, {""description"": ""Thomas REBOUND (Off:1 Def:2)"", ""url"": ""https://videos.nba.com/wnba/pbp/media/2023/09/29/1042300213/243/75fe12ca-9643-3121-701f-36c29e9567f0_960x540.mp4""}]",True,possessions,4Q/OT | margin -3..3 | 300..120,team
wnba,wnba_shot_pace,shot_pace,possessions,get-possessions,2023,Playoffs,team,"{'OffDef': 'Offense', 'FilterComparison': 'Exactly', 'FilterEvent': 'OnFloor', 'FilterValue': 5, 'StartType': 'All', 'Season': '2023', 'SeasonType': 'Playoffs', 'TeamId': '1611661313'}",shot_pace,1611661313,4Q/OT | margin -3..3 | 300..120,get-possessions__possessions__off_def-Offense__filter_comparison-Exactly__filter_event-OnFloor__filter_value-5__start_type-All__season-2023__season_type-Playoffs__team_id-1611661313__f001ca9b,get-possessions,https://api.pbpstats.com/get-possessions/wnba?OffDef=Offense&FilterComparison=Exactly&FilterEvent=OnFloor&FilterValue=5&StartType=All&Season=2023&SeasonType=Playoffs&TeamId=1611661313,200,433,01:26,"Bonner STEAL (1 STL): Jones Lost Ball Turnover (P2.T5)
",0,0,0,0,2023-09-29,1042300213,0,0,CON,2,0,17,01:39,Off Arc 3 Make,1,"[{""description"": ""Bonner STEAL (1 STL): Jones Lost Ball Turnover (P2.T5)"", ""url"": ""https://videos.nba.com/wnba/pbp/media/2023/09/29/1042300213/235/e7146ff0-5d4a-b532-9931-b05344315c7e_960x540.mp4""}]",True,possessions,4Q/OT | margin -3..3 | 300..120,team
wnba,wnba_shot_pace,shot_pace,possessions,get-possessions,2023,Playoffs,team,"{'OffDef': 'Offense', 'FilterComparison': 'Exactly', 'FilterEvent': 'OnFloor', 'FilterValue': 5, 'StartType': 'All', 'Season': '2023', 'SeasonType': 'Playoffs', 'TeamId': '1611661313'}",shot_pace,1611661313,4Q/OT | margin -3..3 | 300..120,get-possessions__possessions__off_def-Offense__filter_comparison-Exactly__filter_event-OnFloor__filter_value-5__start_type-All__season-2023__season_type-Playoffs__team_id-1611661313__f001ca9b,get-possessions,https://api.pbpstats.com/get-possessions/wnba?OffDef=Offense&FilterComparison=Exactly&FilterEvent=OnFloor&FilterValue=5&StartType=All&Season=2023&SeasonType=Playoffs&TeamId=1611661313,200,434,01:52,"Bonner BLOCK (1 BLK): MISS Jones 3' Layup
Thomas REBOUND (Off:1 Def:1)
",1,0,0,0,2023-09-29,1042300213,0,0,CON,2,0,20,02:04,Off Timeout,0,"[{""description"": ""Bonner BLOCK (1 BLK): MISS Jones 3' Layup"", ""url"": """"}, {""description"": ""Thomas REBOUND (Off:1 Def:1)"", ""url"": """"}]",True,possessions,4Q/OT | margin -3..3 | 300..120,team
wnba,wnba_shot_pace,shot_pace,possessions,get-possessions,2023,Playoffs,team,"{'OffDef': 'Offense', 'FilterComparison': 'Exactly', 'FilterEvent': 'OnFloor', 'FilterValue': 5, 'StartType': 'All', 'Season': '2023', 'SeasonType': 'Playoffs', 'TeamId': '1611661313'}",shot_pace,1611661313,4Q/OT | margin -3..3 | 300..120,get-possessions__possessions__off_def-Offense__filter_comparison-Exactly__filter_event-OnFloor__filter_value-5__start_type-All__season-2023__season_type-Playoffs__team_id-1611661313__f001ca9b,get-possessions,https://api.pbpstats.com/get-possessions/wnba?OffDef=Offense&FilterComparison=Exactly&FilterEvent=OnFloor&FilterValue=5&StartType=All&Season=2023&SeasonType=Playoffs&TeamId=1611661313,200,435,02:32,"Vandersloot 3' Driving Finger Roll Layup (10 PTS)
",1,1,0,0,2023-09-29,1042300213,0,0,CON,2,0,18,02:45,Off At Rim Make,0,"[{""description"": ""Vandersloot 3' Driving Finger Roll Layup (10 PTS)"", ""url"": ""https://videos.nba.com/wnba/pbp/media/2023/09/29/1042300213/222/048e1df3-1f17-fb70-c105-043fbb518088_960x540.mp4""}]",True,possessions,4Q/OT | margin -3..3 | 300..120,team
wnba,wnba_shot_pace,shot_pace,possessions,get-possessions,2023,Playoffs,team,"{'OffDef': 'Offense', 'FilterComparison': 'Exactly', 'FilterEvent': 'OnFloor', 'FilterValue': 5, 'StartType': 'All', 'Season': '2023', 'SeasonType': 'Playoffs', 'TeamId': '1611661313'}",shot_pace,1611661313,4Q/OT | margin -3..3 | 300..120,get-possessions__possessions__off_def-Offense__filter_comparison-Exactly__filter_event-OnFloor__filter_value-5__start_type-All__season-2023__season_type-Playoffs__team_id-1611661313__f001ca9b,get-possessions,https://api.pbpstats.com/get-possessions/wnba?OffDef=Offense&FilterComparison=Exactly&FilterEvent=OnFloor&FilterValue=5&StartType=All&Season=2023&SeasonType=Playoffs&TeamId=1611661313,200,436,02:50,"Harris STEAL (1 STL): Laney Lost Ball Turnover (P1.T4)
",0,0,0,0,2023-09-29,1042300213,0,0,CON,2,0,20,03:02,Off Short Mid-Range Miss,1,"[{""description"": ""Harris STEAL (1 STL): Laney Lost Ball Turnover (P1.T4)"", ""url"": ""https://videos.nba.com/wnba/pbp/media/2023/09/29/1042300213/218/6ef5b8c0-ff7e-d4ec-6a86-ffcb84a3783d_960x540.mp4""}]",True,possessions,4Q/OT | margin -3..3 | 300..120,team
wnba,wnba_shot_pace,shot_pace,possessions,get-possessions,2023,Playoffs,team,"{'OffDef': 'Offense', 'FilterComparison': 'Exactly', 'FilterEvent': 'OnFloor', 'FilterValue': 5, 'StartType': 'All', 'Season': '2023', 'SeasonType': 'Playoffs', 'TeamId': '1611661313'}",shot_pace,1611661313,4Q/OT | margin -3..3 | 300..120,get-possessions__possessions__off_def-Offense__filter_comparison-Exactly__filter_event-OnFloor__filter_value-5__start_type-All__season-2023__season_type-Playoffs__team_id-1611661313__f001ca9b,get-possessions,https://api.pbpstats.com/get-possessions/wnba?OffDef=Offense&FilterComparison=Exactly&FilterEvent=OnFloor&FilterValue=5&StartType=All&Season=2023&SeasonType=Playoffs&TeamId=1611661313,200,437,03:25,"Vandersloot 19' Pullup Jump Shot (8 PTS) (Jones 2 AST)
",1,1,0,0,2023-09-29,1042300213,0,0,CON,2,0,18,03:42,Off Short Mid-Range Make,0,"[{""description"": ""Vandersloot 19' Pullup Jump Shot (8 PTS) (Jones 2 AST)"", ""url"": ""https://videos.nba.com/wnba/pbp/media/2023/09/29/1042300213/214/34e3e22a-cdbe-2934-d564-1bc5940e4fe9_960x540.mp4""}]",True,possessions,4Q/OT | margin -3..3 | 300..120,team
wnba,wnba_shot_pace,shot_pace,possessions,get-possessions,2023,Playoffs,team,"{'OffDef': 'Offense', 'FilterComparison': 'Exactly', 'FilterEvent': 'OnFloor', 'FilterValue': 5, 'StartType': 'All', 'Season': '2023', 'SeasonType': 'Playoffs', 'TeamId': '1611661313'}",shot_pace,1611661313,4Q/OT | margin -3..3 | 300..120,get-possessions__possessions__off_def-Offense__filter_comparison-Exactly__filter_event-OnFloor__filter_value-5__start_type-All__season-2023__season_type-Playoffs__team_id-1611661313__f001ca9b,get-possessions,https://api.pbpstats.com/get-possessions/wnba?OffDef=Offense&FilterComparison=Exactly&FilterEvent=OnFloor&FilterValue=5&StartType=All&Season=2023&SeasonType=Playoffs&TeamId=1611661313,200,438,04:00,"Thornton OFF.Foul (P2)
Thornton Offensive Foul Turnover (P1.T3)
",0,0,0,0,2023-09-29,1042300213,0,0,CON,2,0,20,04:21,Off FT Make,1,"[{""description"": ""Thornton OFF.Foul (P2)"", ""url"": """"}, {""description"": ""Thornton Offensive Foul Turnover (P1.T3)"", ""url"": ""https://videos.nba.com/wnba/pbp/media/2023/09/29/1042300213/211/ea96d434-cc51-fe5e-0321-35a1d6baac2c_960x540.mp4""}]",True,possessions,4Q/OT | margin -3..3 | 300..120,team
wnba,wnba_shot_pace,shot_pace,possessions,get-possessions,2023,Playoffs,team,"{'OffDef': 'Offense', 'FilterComparison': 'Exactly', 'FilterEvent': 'OnFloor', 'FilterValue': 5, 'StartType': 'All', 'Season': '2023', 'SeasonType': 'Playoffs', 'TeamId': '1611661313'}",shot_pace,1611661313,4Q/OT | margin -3..3 | 300..120,get-possessions__possessions__off_def-Offense__filter_comparison-Exactly__filter_event-OnFloor__filter_value-5__start_type-All__season-2023__season_type-Playoffs__team_id-1611661313__f001ca9b,get-possessions,https://api.pbpstats.com/get-possessions/wnba?OffDef=Offense&FilterComparison=Exactly&FilterEvent=OnFloor&FilterValue=5&StartType=All&Season=2023&SeasonType=Playoffs&TeamId=1611661313,200,439,04:38,"Laney 2' Layup (8 PTS) (Vandersloot 4 AST)
",1,1,0,0,2023-09-29,1042300213,0,0,CON,2,0,20,04:46,Off Short Mid-Range Miss,0,"[{""description"": ""Laney 2' Layup (8 PTS) (Vandersloot 4 AST)"", ""url"": ""https://videos.nba.com/wnba/pbp/media/2023/09/29/1042300213/199/ee1498c8-5181-6d1b-a479-c3895f7d57c5_960x540.mp4""}]",True,possessions,4Q/OT | margin -3..3 | 300..120,team
wnba,wnba_shot_pace,shot_pace,possessions,get-possessions,2023,Playoffs,team,"{'OffDef': 'Offense', 'FilterComparison': 'Exactly', 'FilterEvent': 'OnFloor', 'FilterValue': 5, 'StartType': 'All', 'Season': '2023', 'SeasonType': 'Playoffs', 'TeamId': '1611661313'}",shot_pace,1611661313,4Q/OT | margin -3..3 | 300..120,get-possessions__possessions__off_def-Offense__filter_comparison-Exactly__filter_event-OnFloor__filter_value-5__start_type-All__season-2023__season_type-Playoffs__team_id-1611661313__f001ca9b,get-possessions,https://api.pbpstats.com/get-possessions/wnba?OffDef=Offense&FilterComparison=Exactly&FilterEvent=OnFloor&FilterValue=5&StartType=All&Season=2023&SeasonType=Playoffs&TeamId=1611661313,200,440,05:05,"Nelson-Ododa P.FOUL (P2.T2)
Stewart 14' Pullup Jump Shot (14 PTS) (Vandersloot 3 AST)
",1,1,0,0,2023-09-29,1042300213,0,0,CON,2,0,18,05:27,Off Timeout,0,"[{""description"": ""Nelson-Ododa P.FOUL (P2.T2)"", ""url"": """"}, {""description"": ""Stewart 14' Pullup Jump Shot (14 PTS) (Vandersloot 3 AST)"", ""url"": ""https://videos.nba.com/wnba/pbp/media/2023/09/29/1042300213/195/8425dcee-56d0-4492-52d0-58c140e68f84_960x540.mp4""}]",True,possessions,4Q/OT | margin -3..3 | 300..120,team
wnba,wnba_shot_pace,shot_pace,possessions,get-possessions,2023,Playoffs,team,"{'OffDef': 'Offense', 'FilterComparison': 'Exactly', 'FilterEvent': 'OnFloor', 'FilterValue': 5, 'StartType': 'All', 'Season': '2023', 'SeasonType': 'Playoffs', 'TeamId': '1611661313'}",shot_pace,1611661313,4Q/OT | margin -3..3 | 300..120,get-possessions__possessions__off_def-Offense__filter_comparison-Exactly__filter_event-OnFloor__filter_value-5__start_type-All__season-2023__season_type-Playoffs__team_id-1611661313__f001ca9b,get-possessions,https://api.pbpstats.com/get-possessions/wnba?OffDef=Offense&FilterComparison=Exactly&FilterEvent=OnFloor&FilterValue=5&StartType=All&Season=2023&SeasonType=Playoffs&TeamId=1611661313,200,441,05:56,"Johannès 24' 3PT Step Back Jump Shot (3 PTS) (Stewart 2 AST)
",0,0,1,1,2023-09-29,1042300213,0,0,CON,2,0,15,06:13,Off Short Mid-Range Make,0,"[{""description"": ""Johannès 24' 3PT Step Back Jump Shot (3 PTS) (Stewart 2 AST)"", ""url"": ""https://videos.nba.com/wnba/pbp/media/2023/09/29/1042300213/186/d52cf720-cd09-67e1-d0c3-51db9951a311_960x540.mp4""}]",True,possessions,4Q/OT | margin -3..3 | 300..120,team
wnba,wnba_shot_pace,shot_pace,possessions,get-possessions,2023,Playoffs,team,"{'OffDef': 'Offense', 'FilterComparison': 'Exactly', 'FilterEvent': 'OnFloor', 'FilterValue': 5, 'StartType': 'All', 'Season': '2023', 'SeasonType': 'Playoffs', 'TeamId': '1611661313'}",shot_pace,1611661313,4Q/OT | margin -3..3 | 300..120,get-possessions__possessions__off_def-Offense__filter_comparison-Exactly__filter_event-OnFloor__filter_value-5__start_type-All__season-2023__season_type-Playoffs__team_id-1611661313__f001ca9b,get-possessions,https://api.pbpstats.com/get-possessions/wnba?OffDef=Offense&FilterComparison=Exactly&FilterEvent=OnFloor&FilterValue=5&StartType=All&Season=2023&SeasonType=Playoffs&TeamId=1611661313,200,442,06:29,"MISS Stewart 13' Pullup Jump Shot
Hayes REBOUND (Off:0 Def:2)
",1,0,0,0,2023-09-29,1042300213,0,0,CON,2,0,17,06:43,Off At Rim Make,0,"[{""description"": ""MISS Stewart 13' Pullup Jump Shot"", ""url"": ""https://videos.nba.com/wnba/pbp/media/2023/09/29/1042300213/183/8c231276-270a-78e8-8764-c5db8b293c24_960x540.mp4""}, {""description"": ""Hayes REBOUND (Off:0 Def:2)"", ""url"": ""https://videos.nba.com/wnba/pbp/media/2023/09/29/1042300213/184/86193a4b-a3e6-057c-2d3e-aea6a7dc689d_960x540.mp4""}]",True,possessions,4Q/OT | margin -3..3 | 300..120,team
wnba,wnba_shot_pace,shot_pace,possessions,get-possessions,2023,Playoffs,team,"{'OffDef': 'Offense', 'FilterComparison': 'Exactly', 'FilterEvent': 'OnFloor', 'FilterValue': 5, 'StartType': 'All', 'Season': '2023', 'SeasonType': 'Playoffs', 'TeamId': '1611661313'}",shot_pace,1611661313,4Q/OT | margin -3..3 | 300..120,get-possessions__possessions__off_def-Offense__filter_comparison-Exactly__filter_event-OnFloor__filter_value-5__start_type-All__season-2023__season_type-Playoffs__team_id-1611661313__f001ca9b,get-possessions,https://api.pbpstats.com/get-possessions/wnba?OffDef=Offense&FilterComparison=Exactly&FilterEvent=OnFloor&FilterValue=5&StartType=All&Season=2023&SeasonType=Playoffs&TeamId=1611661313,200,443,07:00,"Dolson 8' Cutting Layup Shot (4 PTS) (Ionescu 3 AST)
",1,1,0,0,2023-09-29,1042300213,0,0,CON,2,0,17,07:10,Off Arc 3 Miss,0,"[{""description"": ""Dolson 8' Cutting Layup Shot (4 PTS) (Ionescu 3 AST)"", ""url"": ""https://videos.nba.com/wnba/pbp/media/2023/09/29/1042300213/173/2e385cf8-df0e-a2fa-0461-c2bb8fd37db7_960x540.mp4""}]",True,possessions,4Q/OT | margin -3..3 | 300..120,team
wnba,wnba_shot_pace,shot_pace,possessions,get-possessions,2023,Playoffs,team,"{'OffDef': 'Offense', 'FilterComparison': 'Exactly', 'FilterEvent': 'OnFloor', 'FilterValue': 5, 'StartType': 'All', 'Season': '2023', 'SeasonType': 'Playoffs', 'TeamId': '1611661313'}",shot_pace,1611661313,4Q/OT | margin -3..3 | 300..120,get-possessions__possessions__off_def-Offense__filter_comparison-Exactly__filter_event-OnFloor__filter_value-5__start_type-All__season-2023__season_type-Playoffs__team_id-1611661313__f001ca9b,get-possessions,https://api.pbpstats.com/get-possessions/wnba?OffDef=Offense&FilterComparison=Exactly&FilterEvent=OnFloor&FilterValue=5&StartType=All&Season=2023&SeasonType=Playoffs&TeamId=1611661313,200,444,07:30,"MISS Thornton 3PT Jump Shot
SUN Rebound
",0,0,1,0,2023-09-29,1042300213,0,0,CON,2,0,17,07:47,Off Short Mid-Range Make,0,"[{""description"": ""MISS Thornton 3PT Jump Shot"", ""url"": ""https://videos.nba.com/wnba/pbp/media/2023/09/29/1042300213/163/e174f278-3e9e-dcb2-82d2-7a2e3704083a_960x540.mp4""}, {""description"": ""SUN Rebound"", ""url"": """"}]",True,possessions,4Q/OT | margin -3..3 | 300..120,team
wnba,wnba_shot_pace,shot_pace,possessions,get-possessions,2023,Playoffs,team,"{'OffDef': 'Offense', 'FilterComparison': 'Exactly', 'FilterEvent': 'OnFloor', 'FilterValue': 5, 'StartType': 'All', 'Season': '2023', 'SeasonType': 'Playoffs', 'TeamId': '1611661313'}",shot_pace,1611661313,4Q/OT | margin -3..3 | 300..120,get-possessions__possessions__off_def-Offense__filter_comparison-Exactly__filter_event-OnFloor__filter_value-5__start_type-All__season-2023__season_type-Playoffs__team_id-1611661313__f001ca9b,get-possessions,https://api.pbpstats.com/get-possessions/wnba?OffDef=Offense&FilterComparison=Exactly&FilterEvent=OnFloor&FilterValue=5&StartType=All&Season=2023&SeasonType=Playoffs&TeamId=1611661313,200,445,07:58,"MISS Ionescu 30' 3PT Jump Shot
Bonner REBOUND (Off:1 Def:3)
",0,0,1,0,2023-09-29,1042300213,0,0,CON,2,0,19,08:07,Off Arc 3 Miss,0,"[{""description"": ""MISS Ionescu 30' 3PT Jump Shot"", ""url"": ""https://videos.nba.com/wnba/pbp/media/2023/09/29/1042300213/160/d493ab6f-37d0-9389-62a1-be96ebe57766_960x540.mp4""}, {""description"": ""Bonner REBOUND (Off:1 Def:3)"", ""url"": ""https://videos.nba.com/wnba/pbp/media/2023/09/29/1042300213/161/4452c200-5d0a-80dd-d8ac-eec1e8ed1d77_960x540.mp4""}]",True,possessions,4Q/OT | margin -3..3 | 300..120,team
wnba,wnba_shot_pace,shot_pace,possessions,get-possessions,2023,Playoffs,team,"{'OffDef': 'Offense', 'FilterComparison': 'Exactly', 'FilterEvent': 'OnFloor', 'FilterValue': 5, 'StartType': 'All', 'Season': '2023', 'SeasonType': 'Playoffs', 'TeamId': '1611661313'}",shot_pace,1611661313,4Q/OT | margin -3..3 | 300..120,get-possessions__possessions__off_def-Offense__filter_comparison-Exactly__filter_event-OnFloor__filter_value-5__start_type-All__season-2023__season_type-Playoffs__team_id-1611661313__f001ca9b,get-possessions,https://api.pbpstats.com/get-possessions/wnba?OffDef=Offense&FilterComparison=Exactly&FilterEvent=OnFloor&FilterValue=5&StartType=All&Season=2023&SeasonType=Playoffs&TeamId=1611661313,200,446,08:35,"Hayes P.FOUL (P1.T1)
MISS Dolson 27' 3PT Jump Shot
Thornton REBOUND (Off:1 Def:0)
Thornton 3' Putback Layup (2 PTS)
",1,1,1,0,2023-09-29,1042300213,0,1,CON,2,0,17,09:03,Off At Rim Make,0,"[{""description"": ""Hayes P.FOUL (P1.T1)"", ""url"": """"}, {""description"": ""MISS Dolson 27' 3PT Jump Shot"", ""url"": """"}, {""description"": ""Thornton REBOUND (Off:1 Def:0)"", ""url"": """"}, {""description"": ""Thornton 3' Putback Layup (2 PTS)"", ""url"": """"}]",True,possessions,4Q/OT | margin -3..3 | 300..120,team
wnba,wnba_shot_pace,shot_pace,possessions,get-possessions,2023,Playoffs,team,"{'OffDef': 'Offense', 'FilterComparison': 'Exactly', 'FilterEvent': 'OnFloor', 'FilterValue': 5, 'StartType': 'All', 'Season': '2023', 'SeasonType': 'Playoffs', 'TeamId': '1611661313'}",shot_pace,1611661313,4Q/OT | margin -3..3 | 300..120,get-possessions__possessions__off_def-Offense__filter_comparison-Exactly__filter_event-OnFloor__filter_value-5__start_type-All__season-2023__season_type-Playoffs__team_id-1611661313__f001ca9b,get-possessions,https://api.pbpstats.com/get-possessions/wnba?OffDef=Offense&FilterComparison=Exactly&FilterEvent=OnFloor&FilterValue=5&StartType=All&Season=2023&SeasonType=Playoffs&TeamId=1611661313,200,447,09:17,"MISS Dolson 5' Reverse Layup
Bonner REBOUND (Off:1 Def:2)
",1,0,0,0,2023-09-29,1042300213,0,0,CON,2,0,19,09:42,Off FT Make,0,"[{""description"": ""MISS Dolson 5' Reverse Layup"", ""url"": ""https://videos.nba.com/wnba/pbp/media/2023/09/29/1042300213/147/9d96cf12-4c6f-211e-500d-6e7093e41d58_960x540.mp4""}, {""description"": ""Bonner REBOUND (Off:1 Def:2)"", ""url"": ""https://videos.nba.com/wnba/pbp/media/2023/09/29/1042300213/148/0920990f-b24f-1ffe-3808-9610021aff88_960x540.mp4""}]",True,possessions,4Q/OT | margin -3..3 | 300..120,team
wnba,wnba_shot_pace,shot_pace,possessions,get-possessions,2023,Playoffs,team,"{'OffDef': 'Offense', 'FilterComparison': 'Exactly', 'FilterEvent': 'OnFloor', 'FilterValue': 5, 'StartType': 'All', 'Season': '2023', 'SeasonType': 'Playoffs', 'TeamId': '1611661313'}",shot_pace,1611661313,4Q/OT | margin -3..3 | 300..120,get-possessions__possessions__off_def-Offense__filter_comparison-Exactly__filter_event-OnFloor__filter_value-5__start_type-All__season-2023__season_type-Playoffs__team_id-1611661313__f001ca9b,get-possessions,https://api.pbpstats.com/get-possessions/wnba?OffDef=Offense&FilterComparison=Exactly&FilterEvent=OnFloor&FilterValue=5&StartType=All&Season=2023&SeasonType=Playoffs&TeamId=1611661313,200,448,00:00,"MISS Ionescu 28' 3PT Running Jump Shot
Liberty Rebound
",0,0,1,0,2023-09-29,1042300213,0,0,CON,1,0,21,00:06,Off Dead Ball,0,"[{""description"": ""MISS Ionescu 28' 3PT Running Jump Shot"", ""url"": ""https://videos.nba.com/wnba/pbp/media/2023/09/29/1042300213/135/500614ac-90a4-2d8a-bd04-b07f3aa533da_960x540.mp4""}, {""description"": ""Liberty Rebound"", ""url"": """"}]",True,possessions,4Q/OT | margin -3..3 | 300..120,team
wnba,wnba_shot_pace,shot_pace,possessions,get-possessions,2023,Playoffs,team,"{'OffDef': 'Offense', 'FilterComparison': 'Exactly', 'FilterEvent': 'OnFloor', 'FilterValue': 5, 'StartType': 'All', 'Season': '2023', 'SeasonType': 'Playoffs', 'TeamId': '1611661313'}",shot_pace,1611661313,4Q/OT | margin -3..3 | 300..120,get-possessions__possessions__off_def-Offense__filter_comparison-Exactly__filter_event-OnFloor__filter_value-5__start_type-All__season-2023__season_type-Playoffs__team_id-1611661313__f001ca9b,get-possessions,https://api.pbpstats.com/get-possessions/wnba?OffDef=Offense&FilterComparison=Exactly&FilterEvent=OnFloor&FilterValue=5&StartType=All&Season=2023&SeasonType=Playoffs&TeamId=1611661313,200,449,00:16,"Stewart 3' Running Jump Shot (11 PTS) (Laney 4 AST)
Carrington S.FOUL (P1.PN)
Stewart Free Throw 1 of 1 (12 PTS)
",1,1,0,0,2023-09-29,1042300213,0,0,CON,1,1,18,00:19,Off Block,0,"[{""description"": ""Stewart 3' Running Jump Shot (11 PTS) (Laney 4 AST)"", ""url"": ""https://videos.nba.com/wnba/pbp/media/2023/09/29/1042300213/125/adc89664-b5bc-1f7e-a7f6-cab11434f84c_960x540.mp4""}, {""description"": ""Carrington S.FOUL (P1.PN)"", ""url"": """"}, {""description"": ""Stewart Free Throw 1 of 1 (12 PTS)"", ""url"": """"}]",True,possessions,4Q/OT | margin -3..3 | 300..120,team
wnba,wnba_shot_pace,shot_pace,possessions,get-possessions,2023,Playoffs,team,"{'OffDef': 'Offense', 'FilterComparison': 'Exactly', 'FilterEvent': 'OnFloor', 'FilterValue': 5, 'StartType': 'All', 'Season': '2023', 'SeasonType': 'Playoffs', 'TeamId': '1611661313'}",shot_pace,1611661313,4Q/OT | margin -3..3 | 300..120,get-possessions__possessions__off_def-Offense__filter_comparison-Exactly__filter_event-OnFloor__filter_value-5__start_type-All__season-2023__season_type-Playoffs__team_id-1611661313__f001ca9b,get-possessions,https://api.pbpstats.com/get-possessions/wnba?OffDef=Offense&FilterComparison=Exactly&FilterEvent=OnFloor&FilterValue=5&StartType=All&Season=2023&SeasonType=Playoffs&TeamId=1611661313,200,450,00:32,"Dolson 9' Turnaround Jump Shot (2 PTS) (Vandersloot 2 AST)
",1,1,0,0,2023-09-29,1042300213,0,0,CON,1,0,16,00:40,Off At Rim Make,0,"[{""description"": ""Dolson 9' Turnaround Jump Shot (2 PTS) (Vandersloot 2 AST)"", ""url"": ""https://videos.nba.com/wnba/pbp/media/2023/09/29/1042300213/120/ddb52150-df9c-2628-7a16-85057b6e8b49_960x540.mp4""}]",True,possessions,4Q/OT | margin -3..3 | 300..120,team
wnba,wnba_shot_pace,shot_pace,possessions,get-possessions,2023,Playoffs,team,"{'OffDef': 'Offense', 'FilterComparison': 'Exactly', 'FilterEvent': 'OnFloor', 'FilterValue': 5, 'StartType': 'All', 'Season': '2023', 'SeasonType': 'Playoffs', 'TeamId': '1611661313'}",shot_pace,1611661313,4Q/OT | margin -3..3 | 300..120,get-possessions__possessions__off_def-Offense__filter_comparison-Exactly__filter_event-OnFloor__filter_value-5__start_type-All__season-2023__season_type-Playoffs__team_id-1611661313__f001ca9b,get-possessions,https://api.pbpstats.com/get-possessions/wnba?OffDef=Offense&FilterComparison=Exactly&FilterEvent=OnFloor&FilterValue=5&StartType=All&Season=2023&SeasonType=Playoffs&TeamId=1611661313,200,451,00:51,"Stewart 2' Running Layup (9 PTS) (Laney 3 AST)
",1,1,0,0,2023-09-29,1042300213,0,0,CON,1,0,16,00:57,Off Short Mid-Range Miss,0,"[{""description"": ""Stewart 2' Running Layup (9 PTS) (Laney 3 AST)"", ""url"": ""https://videos.nba.com/wnba/pbp/media/2023/09/29/1042300213/109/fbb7b9c6-a36c-76de-69ca-446c099a5b58_960x540.mp4""}]",True,possessions,4Q/OT | margin -3..3 | 300..120,team
wnba,wnba_shot_pace,shot_pace,possessions,get-possessions,2023,Playoffs,team,"{'OffDef': 'Offense', 'FilterComparison': 'Exactly', 'FilterEvent': 'OnFloor', 'FilterValue': 5, 'StartType': 'All', 'Season': '2023', 'SeasonType': 'Playoffs', 'TeamId': '1611661313'}",shot_pace,1611661313,4Q/OT | margin -3..3 | 300..120,get-possessions__possessions__off_def-Offense__filter_comparison-Exactly__filter_event-OnFloor__filter_value-5__start_type-All__season-2023__season_type-Playoffs__team_id-1611661313__f001ca9b,get-possessions,https://api.pbpstats.com/get-possessions/wnba?OffDef=Offense&FilterComparison=Exactly&FilterEvent=OnFloor&FilterValue=5&StartType=All&Season=2023&SeasonType=Playoffs&TeamId=1611661313,200,452,01:02,"MISS Jones 27' 3PT Jump Shot
Bonner REBOUND (Off:0 Def:1)
",0,0,1,0,2023-09-29,1042300213,0,0,CON,1,0,16,01:17,Off At Rim Make,0,"[{""description"": ""MISS Jones 27' 3PT Jump Shot"", ""url"": ""https://videos.nba.com/wnba/pbp/media/2023/09/29/1042300213/105/12b08661-1f7d-0531-0569-927b8fa76e79_960x540.mp4""}, {""description"": ""Bonner REBOUND (Off:0 Def:1)"", ""url"": ""https://videos.nba.com/wnba/pbp/media/2023/09/29/1042300213/106/10f36ee8-bae4-31ab-78ec-9cf64f972738_960x540.mp4""}]",True,possessions,4Q/OT | margin -3..3 | 300..120,team
wnba,wnba_shot_pace,shot_pace,possessions,get-possessions,2023,Playoffs,team,"{'OffDef': 'Offense', 'FilterComparison': 'Exactly', 'FilterEvent': 'OnFloor', 'FilterValue': 5, 'StartType': 'All', 'Season': '2023', 'SeasonType': 'Playoffs', 'TeamId': '1611661313'}",shot_pace,1611661313,4Q/OT | margin -3..3 | 300..120,get-possessions__possessions__off_def-Offense__filter_comparison-Exactly__filter_event-OnFloor__filter_value-5__start_type-All__season-2023__season_type-Playoffs__team_id-1611661313__f001ca9b,get-possessions,https://api.pbpstats.com/get-possessions/wnba?OffDef=Offense&FilterComparison=Exactly&FilterEvent=OnFloor&FilterValue=5&StartType=All&Season=2023&SeasonType=Playoffs&TeamId=1611661313,200,453,01:24,"Nelson-Ododa BLOCK (1 BLK): MISS Ionescu 3' Driving Layup
Carrington REBOUND (Off:0 Def:1)
",1,0,0,0,2023-09-29,1042300213,0,0,CON,1,0,18,01:40,Off Dead Ball,0,"[{""description"": ""Nelson-Ododa BLOCK (1 BLK): MISS Ionescu 3' Driving Layup"", ""url"": ""https://videos.nba.com/wnba/pbp/media/2023/09/29/1042300213/101/097688b0-dd25-0478-27f8-1c2f4587652d_960x540.mp4""}, {""description"": ""Carrington REBOUND (Off:0 Def:1)"", ""url"": ""https://videos.nba.com/wnba/pbp/media/2023/09/29/1042300213/103/41dd11c9-7268-0070-da3b-604c628a3d18_960x540.mp4""}]",True,possessions,4Q/OT | margin -3..3 | 300..120,team
wnba,wnba_shot_pace,shot_pace,possessions,get-possessions,2023,Playoffs,team,"{'OffDef': 'Offense', 'FilterComparison': 'Exactly', 'FilterEvent': 'OnFloor', 'FilterValue': 5, 'StartType': 'All', 'Season': '2023', 'SeasonType': 'Playoffs', 'TeamId': '1611661313'}",shot_pace,1611661313,4Q/OT | margin -3..3 | 300..120,get-possessions__possessions__off_def-Offense__filter_comparison-Exactly__filter_event-OnFloor__filter_value-5__start_type-All__season-2023__season_type-Playoffs__team_id-1611661313__f001ca9b,get-possessions,https://api.pbpstats.com/get-possessions/wnba?OffDef=Offense&FilterComparison=Exactly&FilterEvent=OnFloor&FilterValue=5&StartType=All&Season=2023&SeasonType=Playoffs&TeamId=1611661313,200,454,01:56,"Ionescu 2' Driving Finger Roll Layup (11 PTS) (Jones 1 AST)
",1,1,0,0,2023-09-29,1042300213,0,0,CON,1,0,16,02:17,Off Short Mid-Range Make,0,"[{""description"": ""Ionescu 2' Driving Finger Roll Layup (11 PTS) (Jones 1 AST)"", ""url"": ""https://videos.nba.com/wnba/pbp/media/2023/09/29/1042300213/96/0f13db9e-c8f9-09c0-438b-2c18ad14fa82_960x540.mp4""}]",True,possessions,4Q/OT | margin -3..3 | 300..120,team
wnba,wnba_shot_pace,shot_pace,possessions,get-possessions,2023,Playoffs,team,"{'OffDef': 'Offense', 'FilterComparison': 'Exactly', 'FilterEvent': 'OnFloor', 'FilterValue': 5, 'StartType': 'All', 'Season': '2023', 'SeasonType': 'Playoffs', 'TeamId': '1611661313'}",shot_pace,1611661313,4Q/OT | margin -3..3 | 300..120,get-possessions__possessions__off_def-Offense__filter_comparison-Exactly__filter_event-OnFloor__filter_value-5__start_type-All__season-2023__season_type-Playoffs__team_id-1611661313__f001ca9b,get-possessions,https://api.pbpstats.com/get-possessions/wnba?OffDef=Offense&FilterComparison=Exactly&FilterEvent=OnFloor&FilterValue=5&StartType=All&Season=2023&SeasonType=Playoffs&TeamId=1611661313,200,455,02:27,"Harris S.FOUL (P2.PN)
Vandersloot Free Throw 1 of 2 (5 PTS)
Vandersloot Free Throw 2 of 2 (6 PTS)
",0,0,0,0,2023-09-29,1042300213,0,0,CON,1,1,16,02:43,Off Dead Ball,0,"[{""description"": ""Harris S.FOUL (P2.PN)"", ""url"": """"}, {""description"": ""Vandersloot Free Throw 1 of 2 (5 PTS)"", ""url"": """"}, {""description"": ""Vandersloot Free Throw 2 of 2 (6 PTS)"", ""url"": """"}]",True,possessions,4Q/OT | margin -3..3 | 300..120,team
wnba,wnba_shot_pace,shot_pace,possessions,get-possessions,2023,Playoffs,team,"{'OffDef': 'Offense', 'FilterComparison': 'Exactly', 'FilterEvent': 'OnFloor', 'FilterValue': 5, 'StartType': 'All', 'Season': '2023', 'SeasonType': 'Playoffs', 'TeamId': '1611661313'}",shot_pace,1611661313,4Q/OT | margin -3..3 | 300..120,get-possessions__possessions__off_def-Offense__filter_comparison-Exactly__filter_event-OnFloor__filter_value-5__start_type-All__season-2023__season_type-Playoffs__team_id-1611661313__f001ca9b,get-possessions,https://api.pbpstats.com/get-possessions/wnba?OffDef=Offense&FilterComparison=Exactly&FilterEvent=OnFloor&FilterValue=5&StartType=All&Season=2023&SeasonType=Playoffs&TeamId=1611661313,200,456,02:54,"Laney 4' Running Reverse Layup (6 PTS) (Ionescu 2 AST)
",1,1,0,0,2023-09-29,1042300213,0,0,CON,1,0,14,03:03,Off Short Mid-Range Miss,0,"[{""description"": ""Laney 4' Running Reverse Layup (6 PTS) (Ionescu 2 AST)"", ""url"": ""https://videos.nba.com/wnba/pbp/media/2023/09/29/1042300213/82/12add2d8-005d-729d-fcc1-960d080cb93f_960x540.mp4""}]",True,possessions,4Q/OT | margin -3..3 | 300..120,team
wnba,wnba_shot_pace,shot_pace,possessions,get-possessions,2023,Playoffs,team,"{'OffDef': 'Offense', 'FilterComparison': 'Exactly', 'FilterEvent': 'OnFloor', 'FilterValue': 5, 'StartType': 'All', 'Season': '2023', 'SeasonType': 'Playoffs', 'TeamId': '1611661313'}",shot_pace,1611661313,4Q/OT | margin -3..3 | 300..120,get-possessions__possessions__off_def-Offense__filter_comparison-Exactly__filter_event-OnFloor__filter_value-5__start_type-All__season-2023__season_type-Playoffs__team_id-1611661313__f001ca9b,get-possessions,https://api.pbpstats.com/get-possessions/wnba?OffDef=Offense&FilterComparison=Exactly&FilterEvent=OnFloor&FilterValue=5&StartType=All&Season=2023&SeasonType=Playoffs&TeamId=1611661313,200,457,03:17,"Stewart 11' Pullup Jump Shot (7 PTS)
",1,1,0,0,2023-09-29,1042300213,0,0,CON,1,0,12,03:27,Off Arc 3 Miss,0,"[{""description"": ""Stewart 11' Pullup Jump Shot (7 PTS)"", ""url"": ""https://videos.nba.com/wnba/pbp/media/2023/09/29/1042300213/78/33c13187-87dc-396f-fb77-d1a9f5383c22_960x540.mp4""}]",True,possessions,4Q/OT | margin -3..3 | 300..120,team
wnba,wnba_shot_pace,shot_pace,possessions,get-possessions,2023,Playoffs,team,"{'OffDef': 'Offense', 'FilterComparison': 'Exactly', 'FilterEvent': 'OnFloor', 'FilterValue': 5, 'StartType': 'All', 'Season': '2023', 'SeasonType': 'Playoffs', 'TeamId': '1611661313'}",shot_pace,1611661313,4Q/OT | margin -3..3 | 300..120,get-possessions__possessions__off_def-Offense__filter_comparison-Exactly__filter_event-OnFloor__filter_value-5__start_type-All__season-2023__season_type-Playoffs__team_id-1611661313__f001ca9b,get-possessions,https://api.pbpstats.com/get-possessions/wnba?OffDef=Offense&FilterComparison=Exactly&FilterEvent=OnFloor&FilterValue=5&StartType=All&Season=2023&SeasonType=Playoffs&TeamId=1611661313,200,458,03:47,"Laney 3' Running Jump Shot (4 PTS) (Ionescu 1 AST)
",1,1,0,0,2023-09-29,1042300213,0,0,CON,1,0,10,03:50,Off Steal,0,"[{""description"": ""Laney 3' Running Jump Shot (4 PTS) (Ionescu 1 AST)"", ""url"": ""https://videos.nba.com/wnba/pbp/media/2023/09/29/1042300213/74/c67ece89-374f-143f-2982-1ce589f9e7d3_960x540.mp4""}]",True,possessions,4Q/OT | margin -3..3 | 300..120,team
wnba,wnba_shot_pace,shot_pace,possessions,get-possessions,2023,Playoffs,team,"{'OffDef': 'Offense', 'FilterComparison': 'Exactly', 'FilterEvent': 'OnFloor', 'FilterValue': 5, 'StartType': 'All', 'Season': '2023', 'SeasonType': 'Playoffs', 'TeamId': '1611661313'}",shot_pace,1611661313,4Q/OT | margin -3..3 | 300..120,get-possessions__possessions__off_def-Offense__filter_comparison-Exactly__filter_event-OnFloor__filter_value-5__start_type-All__season-2023__season_type-Playoffs__team_id-1611661313__f001ca9b,get-possessions,https://api.pbpstats.com/get-possessions/wnba?OffDef=Offense&FilterComparison=Exactly&FilterEvent=OnFloor&FilterValue=5&StartType=All&Season=2023&SeasonType=Playoffs&TeamId=1611661313,200,459,04:05,"Stewart 25' 3PT Jump Shot (5 PTS) (Laney 2 AST)
",0,0,1,1,2023-09-29,1042300213,0,0,CON,1,0,7,04:13,Off Short Mid-Range Miss,0,"[{""description"": ""Stewart 25' 3PT Jump Shot (5 PTS) (Laney 2 AST)"", ""url"": ""https://videos.nba.com/wnba/pbp/media/2023/09/29/1042300213/69/a005a464-3672-3de7-71ec-d550576e80e8_960x540.mp4""}]",True,possessions,4Q/OT | margin -3..3 | 300..120,team
wnba,wnba_shot_pace,shot_pace,possessions,get-possessions,2023,Playoffs,team,"{'OffDef': 'Offense', 'FilterComparison': 'Exactly', 'FilterEvent': 'OnFloor', 'FilterValue': 5, 'StartType': 'All', 'Season': '2023', 'SeasonType': 'Playoffs', 'TeamId': '1611661313'}",shot_pace,1611661313,4Q/OT | margin -3..3 | 300..120,get-possessions__possessions__off_def-Offense__filter_comparison-Exactly__filter_event-OnFloor__filter_value-5__start_type-All__season-2023__season_type-Playoffs__team_id-1611661313__f001ca9b,get-possessions,https://api.pbpstats.com/get-possessions/wnba?OffDef=Offense&FilterComparison=Exactly&FilterEvent=OnFloor&FilterValue=5&StartType=All&Season=2023&SeasonType=Playoffs&TeamId=1611661313,200,460,04:27,"Vandersloot 3' Driving Floating Bank Jump Shot (4 PTS)
",1,1,0,0,2023-09-29,1042300213,0,0,CON,1,0,5,04:31,Off Steal,0,"[{""description"": ""Vandersloot 3' Driving Floating Bank Jump Shot (4 PTS)"", ""url"": ""https://videos.nba.com/wnba/pbp/media/2023/09/29/1042300213/66/6758d2f2-1a2d-518d-f386-4afb66155f92_960x540.mp4""}]",True,possessions,4Q/OT | margin -3..3 | 300..120,team
wnba,wnba_shot_pace,shot_pace,possessions,get-possessions,2023,Playoffs,team,"{'OffDef': 'Offense', 'FilterComparison': 'Exactly', 'FilterEvent': 'OnFloor', 'FilterValue': 5, 'StartType': 'All', 'Season': '2023', 'SeasonType': 'Playoffs', 'TeamId': '1611661313'}",shot_pace,1611661313,4Q/OT | margin -3..3 | 300..120,get-possessions__possessions__off_def-Offense__filter_comparison-Exactly__filter_event-OnFloor__filter_value-5__start_type-All__season-2023__season_type-Playoffs__team_id-1611661313__f001ca9b,get-possessions,https://api.pbpstats.com/get-possessions/wnba?OffDef=Offense&FilterComparison=Exactly&FilterEvent=OnFloor&FilterValue=5&StartType=All&Season=2023&SeasonType=Playoffs&TeamId=1611661313,200,461,04:39,"Vandersloot 2' Driving Layup (2 PTS)
",1,1,0,0,2023-09-29,1042300213,0,0,CON,1,0,3,04:50,Off At Rim Make,0,"[{""description"": ""Vandersloot 2' Driving Layup (2 PTS)"", ""url"": ""https://videos.nba.com/wnba/pbp/media/2023/09/29/1042300213/63/a0f9dfc4-8af0-bd02-5e73-659db0f75300_960x540.mp4""}]",True,possessions,4Q/OT | margin -3..3 | 300..120,team
wnba,wnba_shot_pace,shot_pace,possessions,get-possessions,2023,Playoffs,team,"{'OffDef': 'Offense', 'FilterComparison': 'Exactly', 'FilterEvent': 'OnFloor', 'FilterValue': 5, 'StartType': 'All', 'Season': '2023', 'SeasonType': 'Playoffs', 'TeamId': '1611661313'}",shot_pace,1611661313,4Q/OT | margin -3..3 | 300..120,get-possessions__possessions__off_def-Offense__filter_comparison-Exactly__filter_event-OnFloor__filter_value-5__start_type-All__season-2023__season_type-Playoffs__team_id-1611661313__f001ca9b,get-possessions,https://api.pbpstats.com/get-possessions/wnba?OffDef=Offense&FilterComparison=Exactly&FilterEvent=OnFloor&FilterValue=5&StartType=All&Season=2023&SeasonType=Playoffs&TeamId=1611661313,200,462,05:05,"Nelson-Ododa P.FOUL (P1.T4)
Stewart Out of Bounds - Bad Pass Turnover Turnover (P1.T2)
",0,0,0,0,2023-09-29,1042300213,0,0,CON,1,0,5,05:22,Off Long Mid-Range Miss,1,"[{""description"": ""Nelson-Ododa P.FOUL (P1.T4)"", ""url"": """"}, {""description"": ""Stewart Out of Bounds - Bad Pass Turnover Turnover (P1.T2)"", ""url"": ""https://videos.nba.com/wnba/pbp/media/2023/09/29/1042300213/60/f8a3505b-eaae-ed6c-b10f-568284d3fcf6_960x540.mp4""}]",True,possessions,4Q/OT | margin -3..3 | 300..120,team
wnba,wnba_shot_pace,shot_pace,possessions,get-possessions,2023,Playoffs,team,"{'OffDef': 'Offense', 'FilterComparison': 'Exactly', 'FilterEvent': 'OnFloor', 'FilterValue': 5, 'StartType': 'All', 'Season': '2023', 'SeasonType': 'Playoffs', 'TeamId': '1611661313'}",shot_pace,1611661313,4Q/OT | margin -3..3 | 300..120,get-possessions__possessions__off_def-Offense__filter_comparison-Exactly__filter_event-OnFloor__filter_value-5__start_type-All__season-2023__season_type-Playoffs__team_id-1611661313__f001ca9b,get-possessions,https://api.pbpstats.com/get-possessions/wnba?OffDef=Offense&FilterComparison=Exactly&FilterEvent=OnFloor&FilterValue=5&StartType=All&Season=2023&SeasonType=Playoffs&TeamId=1611661313,200,463,05:45,"MISS Laney 12' Pullup Jump Shot
Liberty Rebound
MISS Laney 25' 3PT Jump Shot
Jones REBOUND (Off:1 Def:0)
MISS Jones 5' Putback Layup
Stewart REBOUND (Off:1 Def:1)
Ionescu 26' 3PT Jump Shot (9 PTS) (Stewart 1 AST)
",2,0,2,1,2023-09-29,1042300213,0,3,CON,1,0,2,06:13,Off FT Make,0,"[{""description"": ""MISS Laney 12' Pullup Jump Shot"", ""url"": ""https://videos.nba.com/wnba/pbp/media/2023/09/29/1042300213/47/cf76008b-69eb-403a-0df1-b8e403fa54b0_960x540.mp4""}, {""description"": ""Liberty Rebound"", ""url"": """"}, {""description"": ""MISS Laney 25' 3PT Jump Shot"", ""url"": ""https://videos.nba.com/wnba/pbp/media/2023/09/29/1042300213/50/6662f0d8-3363-3790-b908-6ccfdfdf0714_960x540.mp4""}, {""description"": ""Jones REBOUND (Off:1 Def:0)"", ""url"": ""https://videos.nba.com/wnba/pbp/media/2023/09/29/1042300213/51/bac4147c-03c8-79b3-7ed6-be3b793905f1_960x540.mp4""}, {""description"": ""MISS Jones 5' Putback Layup"", ""url"": ""https://videos.nba.com/wnba/pbp/media/2023/09/29/1042300213/52/48d14d5d-1fb5-1d96-8f6d-15a651ea797a_960x540.mp4""}, {""description"": ""Stewart REBOUND (Off:1 Def:1)"", ""url"": ""https://videos.nba.com/wnba/pbp/media/2023/09/29/1042300213/53/8c4f972e-d84f-fc0b-b700-1fbd8d4d6ef7_960x540.mp4""}, {""description"": ""Ionescu 26' 3PT Jump Shot (9 PTS) (Stewart 1 AST)"", ""url"": ""https://videos.nba.com/wnba/pbp/media/2023/09/29/1042300213/54/6697a742-08b0-04d0-9b3e-4bcfa0581a59_960x540.mp4""}]",True,possessions,4Q/OT | margin -3..3 | 300..120,team
wnba,wnba_shot_pace,shot_pace,possessions,get-possessions,2023,Playoffs,team,"{'OffDef': 'Offense', 'FilterComparison': 'Exactly', 'FilterEvent': 'OnFloor', 'FilterValue': 5, 'StartType': 'All', 'Season': '2023', 'SeasonType': 'Playoffs', 'TeamId': '1611661313'}",shot_pace,1611661313,4Q/OT | margin -3..3 | 300..120,get-possessions__possessions__off_def-Offense__filter_comparison-Exactly__filter_event-OnFloor__filter_value-5__start_type-All__season-2023__season_type-Playoffs__team_id-1611661313__f001ca9b,get-possessions,https://api.pbpstats.com/get-possessions/wnba?OffDef=Offense&FilterComparison=Exactly&FilterEvent=OnFloor&FilterValue=5&StartType=All&Season=2023&SeasonType=Playoffs&TeamId=1611661313,200,464,06:33,"Hiedeman P.FOUL (P2.T2)
Harris P.FOUL (P1.T3)
Jones Traveling Turnover (P1.T1)
",0,0,0,0,2023-09-29,1042300213,0,0,CON,1,0,4,06:53,Off Long Mid-Range Make,1,"[{""description"": ""Hiedeman P.FOUL (P2.T2)"", ""url"": """"}, {""description"": ""Harris P.FOUL (P1.T3)"", ""url"": """"}, {""description"": ""Jones Traveling Turnover (P1.T1)"", ""url"": ""https://videos.nba.com/wnba/pbp/media/2023/09/29/1042300213/42/bb7b10b8-70b0-15df-14ce-454100526dd0_960x540.mp4""}]",True,possessions,4Q/OT | margin -3..3 | 300..120,team
wnba,wnba_shot_pace,shot_pace,possessions,get-possessions,2023,Playoffs,team,"{'OffDef': 'Offense', 'FilterComparison': 'Exactly', 'FilterEvent': 'OnFloor', 'FilterValue': 5, 'StartType': 'All', 'Season': '2023', 'SeasonType': 'Playoffs', 'TeamId': '1611661313'}",shot_pace,1611661313,4Q/OT | margin -3..3 | 300..120,get-possessions__possessions__off_def-Offense__filter_comparison-Exactly__filter_event-OnFloor__filter_value-5__start_type-All__season-2023__season_type-Playoffs__team_id-1611661313__f001ca9b,get-possessions,https://api.pbpstats.com/get-possessions/wnba?OffDef=Offense&FilterComparison=Exactly&FilterEvent=OnFloor&FilterValue=5&StartType=All&Season=2023&SeasonType=Playoffs&TeamId=1611661313,200,465,07:13,"Ionescu 26' 3PT Jump Shot (6 PTS) (Vandersloot 1 AST)
",0,0,1,1,2023-09-29,1042300213,0,0,CON,1,0,3,07:21,Off At Rim Block,0,"[{""description"": ""Ionescu 26' 3PT Jump Shot (6 PTS) (Vandersloot 1 AST)"", ""url"": ""https://videos.nba.com/wnba/pbp/media/2023/09/29/1042300213/32/084c38d2-a63a-5f1b-3714-6c84cc1610a4_960x540.mp4""}]",True,possessions,4Q/OT | margin -3..3 | 300..120,team
wnba,wnba_shot_pace,shot_pace,possessions,get-possessions,2023,Playoffs,team,"{'OffDef': 'Offense', 'FilterComparison': 'Exactly', 'FilterEvent': 'OnFloor', 'FilterValue': 5, 'StartType': 'All', 'Season': '2023', 'SeasonType': 'Playoffs', 'TeamId': '1611661313'}",shot_pace,1611661313,4Q/OT | margin -3..3 | 300..120,get-possessions__possessions__off_def-Offense__filter_comparison-Exactly__filter_event-OnFloor__filter_value-5__start_type-All__season-2023__season_type-Playoffs__team_id-1611661313__f001ca9b,get-possessions,https://api.pbpstats.com/get-possessions/wnba?OffDef=Offense&FilterComparison=Exactly&FilterEvent=OnFloor&FilterValue=5&StartType=All&Season=2023&SeasonType=Playoffs&TeamId=1611661313,200,466,07:33,"Stewart 12' Turnaround Jump Shot (2 PTS)
",1,1,0,0,2023-09-29,1042300213,0,0,CON,1,0,1,07:52,Off Dead Ball,0,"[{""description"": ""Stewart 12' Turnaround Jump Shot (2 PTS)"", ""url"": ""https://videos.nba.com/wnba/pbp/media/2023/09/29/1042300213/28/e7f94299-5aea-c4b6-23d4-9bd71ea2649e_960x540.mp4""}]",True,possessions,4Q/OT | margin -3..3 | 300..120,team
wnba,wnba_shot_pace,shot_pace,possessions,get-possessions,2023,Playoffs,team,"{'OffDef': 'Offense', 'FilterComparison': 'Exactly', 'FilterEvent': 'OnFloor', 'FilterValue': 5, 'StartType': 'All', 'Season': '2023', 'SeasonType': 'Playoffs', 'TeamId': '1611661313'}",shot_pace,1611661313,4Q/OT | margin -3..3 | 300..120,get-possessions__possessions__off_def-Offense__filter_comparison-Exactly__filter_event-OnFloor__filter_value-5__start_type-All__season-2023__season_type-Playoffs__team_id-1611661313__f001ca9b,get-possessions,https://api.pbpstats.com/get-possessions/wnba?OffDef=Offense&FilterComparison=Exactly&FilterEvent=OnFloor&FilterValue=5&StartType=All&Season=2023&SeasonType=Playoffs&TeamId=1611661313,200,467,08:00,"MISS Laney 5' Driving Layup
Nelson-Ododa REBOUND (Off:0 Def:1)
",1,0,0,0,2023-09-29,1042300213,0,0,CON,1,0,1,08:09,Off Long Mid-Range Miss,0,"[{""description"": ""MISS Laney 5' Driving Layup"", ""url"": ""https://videos.nba.com/wnba/pbp/media/2023/09/29/1042300213/23/07eaaa80-a1bb-9c58-0229-42bd1d042a43_960x540.mp4""}, {""description"": ""Nelson-Ododa REBOUND (Off:0 Def:1)"", ""url"": ""https://videos.nba.com/wnba/pbp/media/2023/09/29/1042300213/24/8fab1bdf-a6d7-b267-fb7c-32faf458a6ba_960x540.mp4""}]",True,possessions,4Q/OT | margin -3..3 | 300..120,team
wnba,wnba_shot_pace,shot_pace,possessions,get-possessions,2023,Playoffs,team,"{'OffDef': 'Offense', 'FilterComparison': 'Exactly', 'FilterEvent': 'OnFloor', 'FilterValue': 5, 'StartType': 'All', 'Season': '2023', 'SeasonType': 'Playoffs', 'TeamId': '1611661313'}",shot_pace,1611661313,4Q/OT | margin -3..3 | 300..120,get-possessions__possessions__off_def-Offense__filter_comparison-Exactly__filter_event-OnFloor__filter_value-5__start_type-All__season-2023__season_type-Playoffs__team_id-1611661313__f001ca9b,get-possessions,https://api.pbpstats.com/get-possessions/wnba?OffDef=Offense&FilterComparison=Exactly&FilterEvent=OnFloor&FilterValue=5&StartType=All&Season=2023&SeasonType=Playoffs&TeamId=1611661313,200,468,08:29,"Hiedeman P.FOUL (P1.T1)
MISS Stewart 15' Pullup Jump Shot
Hayes REBOUND (Off:0 Def:1)
",1,0,0,0,2023-09-29,1042300213,0,0,CON,1,0,1,08:43,Off At Rim Make,0,"[{""description"": ""Hiedeman P.FOUL (P1.T1)"", ""url"": """"}, {""description"": ""MISS Stewart 15' Pullup Jump Shot"", ""url"": ""https://videos.nba.com/wnba/pbp/media/2023/09/29/1042300213/19/989b3170-4b84-942a-a9d7-1dd94115a198_960x540.mp4""}, {""description"": ""Hayes REBOUND (Off:0 Def:1)"", ""url"": ""https://videos.nba.com/wnba/pbp/media/2023/09/29/1042300213/20/a3e629bf-4f8a-d949-3c32-fb21b5c2ab4a_960x540.mp4""}]",True,possessions,4Q/OT | margin -3..3 | 300..120,team
wnba,wnba_shot_pace,shot_pace,possessions,get-possessions,2023,Playoffs,team,"{'OffDef': 'Offense', 'FilterComparison': 'Exactly', 'FilterEvent': 'OnFloor', 'FilterValue': 5, 'StartType': 'All', 'Season': '2023', 'SeasonType': 'Playoffs', 'TeamId': '1611661313'}",shot_pace,1611661313,4Q/OT | margin -3..3 | 300..120,get-possessions__possessions__off_def-Offense__filter_comparison-Exactly__filter_event-OnFloor__filter_value-5__start_type-All__season-2023__season_type-Playoffs__team_id-1611661313__f001ca9b,get-possessions,https://api.pbpstats.com/get-possessions/wnba?OffDef=Offense&FilterComparison=Exactly&FilterEvent=OnFloor&FilterValue=5&StartType=All&Season=2023&SeasonType=Playoffs&TeamId=1611661313,200,469,09:01,"Laney 3' Driving Reverse Layup (2 PTS)
",1,1,0,0,2023-09-29,1042300213,0,0,CON,1,0,1,09:14,Off At Rim Make,0,"[{""description"": ""Laney 3' Driving Reverse Layup (2 PTS)"", ""url"": ""https://videos.nba.com/wnba/pbp/media/2023/09/29/1042300213/14/8a4afeed-9d05-bfaf-6408-8b28bdbcadfb_960x540.mp4""}]",True,possessions,4Q/OT | margin -3..3 | 300..120,team
wnba,wnba_shot_pace,shot_pace,possessions,get-possessions,2023,Playoffs,team,"{'OffDef': 'Offense', 'FilterComparison': 'Exactly', 'FilterEvent': 'OnFloor', 'FilterValue': 5, 'StartType': 'All', 'Season': '2023', 'SeasonType': 'Playoffs', 'TeamId': '1611661313'}",shot_pace,1611661313,4Q/OT | margin -3..3 | 300..120,get-possessions__possessions__off_def-Offense__filter_comparison-Exactly__filter_event-OnFloor__filter_value-5__start_type-All__season-2023__season_type-Playoffs__team_id-1611661313__f001ca9b,get-possessions,https://api.pbpstats.com/get-possessions/wnba?OffDef=Offense&FilterComparison=Exactly&FilterEvent=OnFloor&FilterValue=5&StartType=All&Season=2023&SeasonType=Playoffs&TeamId=1611661313,200,470,09:43,"Ionescu 24' 3PT Jump Shot (3 PTS) (Laney 1 AST)
",0,0,1,1,2023-09-29,1042300213,0,0,CON,1,0,0,10:00,Off Dead Ball,0,"[{""description"": ""Ionescu 24' 3PT Jump Shot (3 PTS) (Laney 1 AST)"", ""url"": ""https://videos.nba.com/wnba/pbp/media/2023/09/29/1042300213/7/10f30133-a062-11d0-e087-64530cec08bb_960x540.mp4""}]",True,possessions,4Q/OT | margin -3..3 | 300..120,team
wnba,wnba_shot_pace,shot_pace,possessions,get-possessions,2023,Playoffs,team,"{'OffDef': 'Offense', 'FilterComparison': 'Exactly', 'FilterEvent': 'OnFloor', 'FilterValue': 5, 'StartType': 'All', 'Season': '2023', 'SeasonType': 'Playoffs', 'TeamId': '1611661313'}",shot_pace,1611661313,4Q/OT | margin -3..3 | 300..120,get-possessions__possessions__off_def-Offense__filter_comparison-Exactly__filter_event-OnFloor__filter_value-5__start_type-All__season-2023__season_type-Playoffs__team_id-1611661313__f001ca9b,get-possessions,https://api.pbpstats.com/get-possessions/wnba?OffDef=Offense&FilterComparison=Exactly&FilterEvent=OnFloor&FilterValue=5&StartType=All&Season=2023&SeasonType=Playoffs&TeamId=1611661313,200,471,00:04,"LIBERTY Turnover: Shot Clock (T#14)
",0,0,0,0,2023-09-26,1042300212,0,0,CON,4,0,7,00:28,Off FT Make,1,"[{""description"": ""LIBERTY Turnover: Shot Clock (T#14)"", ""url"": """"}]",True,possessions,4Q/OT | margin -3..3 | 300..120,team
wnba,wnba_shot_pace,shot_pace,possessions,get-possessions,2023,Playoffs,team,"{'OffDef': 'Offense', 'FilterComparison': 'Exactly', 'FilterEvent': 'OnFloor', 'FilterValue': 5, 'StartType': 'All', 'Season': '2023', 'SeasonType': 'Playoffs', 'TeamId': '1611661313'}",shot_pace,1611661313,4Q/OT | margin -3..3 | 300..120,get-possessions__possessions__off_def-Offense__filter_comparison-Exactly__filter_event-OnFloor__filter_value-5__start_type-All__season-2023__season_type-Playoffs__team_id-1611661313__f001ca9b,get-possessions,https://api.pbpstats.com/get-possessions/wnba?OffDef=Offense&FilterComparison=Exactly&FilterEvent=OnFloor&FilterValue=5&StartType=All&Season=2023&SeasonType=Playoffs&TeamId=1611661313,200,472,00:36,"Vandersloot 3' Driving Finger Roll Layup (19 PTS)
",1,1,0,0,2023-09-26,1042300212,0,0,CON,4,0,7,00:57,Off Arc 3 Miss,0,"[{""description"": ""Vandersloot 3' Driving Finger Roll Layup (19 PTS)"", ""url"": ""https://videos.nba.com/wnba/pbp/media/2023/09/26/1042300212/497/4c028935-1f65-234c-4f83-97f4dba9d37b_960x540.mp4""}]",True,possessions,4Q/OT | margin -3..3 | 300..120,team
wnba,wnba_shot_pace,shot_pace,possessions,get-possessions,2023,Playoffs,team,"{'OffDef': 'Offense', 'FilterComparison': 'Exactly', 'FilterEvent': 'OnFloor', 'FilterValue': 5, 'StartType': 'All', 'Season': '2023', 'SeasonType': 'Playoffs', 'TeamId': '1611661313'}",shot_pace,1611661313,4Q/OT | margin -3..3 | 300..120,get-possessions__possessions__off_def-Offense__filter_comparison-Exactly__filter_event-OnFloor__filter_value-5__start_type-All__season-2023__season_type-Playoffs__team_id-1611661313__f001ca9b,get-possessions,https://api.pbpstats.com/get-possessions/wnba?OffDef=Offense&FilterComparison=Exactly&FilterEvent=OnFloor&FilterValue=5&StartType=All&Season=2023&SeasonType=Playoffs&TeamId=1611661313,200,473,01:09,"MISS Ionescu 5' Finger Roll Layup
Jones REBOUND (Off:4 Def:9)
MISS Jones 3' Putback Layup
Nelson-Ododa REBOUND (Off:2 Def:4)
",2,0,0,0,2023-09-26,1042300212,0,1,CON,4,0,7,01:35,Off Steal,0,"[{""description"": ""MISS Ionescu 5' Finger Roll Layup"", ""url"": ""https://videos.nba.com/wnba/pbp/media/2023/09/26/1042300212/491/7848b4ae-b5e8-20ef-0776-102eeb8e8a02_960x540.mp4""}, {""description"": ""Jones REBOUND (Off:4 Def:9)"", ""url"": ""https://videos.nba.com/wnba/pbp/media/2023/09/26/1042300212/492/8a3d35b0-fb48-2712-bb47-e16362c27246_960x540.mp4""}, {""description"": ""MISS Jones 3' Putback Layup"", ""url"": ""https://videos.nba.com/wnba/pbp/media/2023/09/26/1042300212/493/de31b00d-7557-fbc3-e061-77f6db549b46_960x540.mp4""}, {""description"": ""Nelson-Ododa REBOUND (Off:2 Def:4)"", ""url"": ""https://videos.nba.com/wnba/pbp/media/2023/09/26/1042300212/494/e6dadc36-b8d2-6ec8-996b-c148037d60e9_960x540.mp4""}]",True,possessions,4Q/OT | margin -3..3 | 300..120,team
wnba,wnba_shot_pace,shot_pace,possessions,get-possessions,2023,Playoffs,team,"{'OffDef': 'Offense', 'FilterComparison': 'Exactly', 'FilterEvent': 'OnFloor', 'FilterValue': 5, 'StartType': 'All', 'Season': '2023', 'SeasonType': 'Playoffs', 'TeamId': '1611661313'}",shot_pace,1611661313,4Q/OT | margin -3..3 | 300..120,get-possessions__possessions__off_def-Offense__filter_comparison-Exactly__filter_event-OnFloor__filter_value-5__start_type-All__season-2023__season_type-Playoffs__team_id-1611661313__f001ca9b,get-possessions,https://api.pbpstats.com/get-possessions/wnba?OffDef=Offense&FilterComparison=Exactly&FilterEvent=OnFloor&FilterValue=5&StartType=All&Season=2023&SeasonType=Playoffs&TeamId=1611661313,200,474,01:43,"Bonner P.FOUL (P3.PN)
Ionescu Free Throw 1 of 2 (20 PTS)
Ionescu Free Throw 2 of 2 (21 PTS)
",0,0,0,0,2023-09-26,1042300212,1,0,CON,4,0,5,02:02,Off Short Mid-Range Make,0,"[{""description"": ""Bonner P.FOUL (P3.PN)"", ""url"": """"}, {""description"": ""Ionescu Free Throw 1 of 2 (20 PTS)"", ""url"": """"}, {""description"": ""Ionescu Free Throw 2 of 2 (21 PTS)"", ""url"": """"}]",True,possessions,4Q/OT | margin -3..3 | 300..120,team
wnba,wnba_shot_pace,shot_pace,possessions,get-possessions,2023,Playoffs,team,"{'OffDef': 'Offense', 'FilterComparison': 'Exactly', 'FilterEvent': 'OnFloor', 'FilterValue': 5, 'StartType': 'All', 'Season': '2023', 'SeasonType': 'Playoffs', 'TeamId': '1611661313'}",shot_pace,1611661313,4Q/OT | margin -3..3 | 300..120,get-possessions__possessions__off_def-Offense__filter_comparison-Exactly__filter_event-OnFloor__filter_value-5__start_type-All__season-2023__season_type-Playoffs__team_id-1611661313__f001ca9b,get-possessions,https://api.pbpstats.com/get-possessions/wnba?OffDef=Offense&FilterComparison=Exactly&FilterEvent=OnFloor&FilterValue=5&StartType=All&Season=2023&SeasonType=Playoffs&TeamId=1611661313,200,475,02:25,"Laney OFF.Foul (P4)
Laney Offensive Foul Turnover (P2.T13)
",0,0,0,0,2023-09-26,1042300212,0,0,CON,4,0,7,02:38,Off Arc 3 Make,1,"[{""description"": ""Laney OFF.Foul (P4)"", ""url"": """"}, {""description"": ""Laney Offensive Foul Turnover (P2.T13)"", ""url"": ""https://videos.nba.com/wnba/pbp/media/2023/09/26/1042300212/481/bbddd91b-c4b0-cd7f-1808-ab6078faaf5f_960x540.mp4""}]",True,possessions,4Q/OT | margin -3..3 | 300..120,team
wnba,wnba_shot_pace,shot_pace,possessions,get-possessions,2023,Playoffs,team,"{'OffDef': 'Offense', 'FilterComparison': 'Exactly', 'FilterEvent': 'OnFloor', 'FilterValue': 5, 'StartType': 'All', 'Season': '2023', 'SeasonType': 'Playoffs', 'TeamId': '1611661313'}",shot_pace,1611661313,4Q/OT | margin -3..3 | 300..120,get-possessions__possessions__off_def-Offense__filter_comparison-Exactly__filter_event-OnFloor__filter_value-5__start_type-All__season-2023__season_type-Playoffs__team_id-1611661313__f001ca9b,get-possessions,https://api.pbpstats.com/get-possessions/wnba?OffDef=Offense&FilterComparison=Exactly&FilterEvent=OnFloor&FilterValue=5&StartType=All&Season=2023&SeasonType=Playoffs&TeamId=1611661313,200,476,02:55,"Thomas L.B.FOUL (P3.T4)
Laney 25' 3PT Jump Shot (20 PTS)
",0,0,1,1,2023-09-26,1042300212,0,0,CON,4,0,7,03:17,Off Dead Ball,0,"[{""description"": ""Thomas L.B.FOUL (P3.T4)"", ""url"": """"}, {""description"": ""Laney 25' 3PT Jump Shot (20 PTS)"", ""url"": ""https://videos.nba.com/wnba/pbp/media/2023/09/26/1042300212/474/c1733149-520f-dab9-1300-7c493258af6f_960x540.mp4""}]",True,possessions,4Q/OT | margin -3..3 | 300..120,team
wnba,wnba_shot_pace,shot_pace,possessions,get-possessions,2023,Playoffs,team,"{'OffDef': 'Offense', 'FilterComparison': 'Exactly', 'FilterEvent': 'OnFloor', 'FilterValue': 5, 'StartType': 'All', 'Season': '2023', 'SeasonType': 'Playoffs', 'TeamId': '1611661313'}",shot_pace,1611661313,4Q/OT | margin -3..3 | 300..120,get-possessions__possessions__off_def-Offense__filter_comparison-Exactly__filter_event-OnFloor__filter_value-5__start_type-All__season-2023__season_type-Playoffs__team_id-1611661313__f001ca9b,get-possessions,https://api.pbpstats.com/get-possessions/wnba?OffDef=Offense&FilterComparison=Exactly&FilterEvent=OnFloor&FilterValue=5&StartType=All&Season=2023&SeasonType=Playoffs&TeamId=1611661313,200,477,03:39,"Vandersloot 1' Cutting Layup Shot (17 PTS) (Laney 3 AST)
",1,1,0,0,2023-09-26,1042300212,0,0,CON,4,0,5,03:50,Off FT Make,0,"[{""description"": ""Vandersloot 1' Cutting Layup Shot (17 PTS) (Laney 3 AST)"", ""url"": ""https://videos.nba.com/wnba/pbp/media/2023/09/26/1042300212/468/de333119-a0fa-d800-428a-5ad559e5f560_960x540.mp4""}]",True,possessions,4Q/OT | margin -3..3 | 300..120,team
wnba,wnba_shot_pace,shot_pace,possessions,get-possessions,2023,Playoffs,team,"{'OffDef': 'Offense', 'FilterComparison': 'Exactly', 'FilterEvent': 'OnFloor', 'FilterValue': 5, 'StartType': 'All', 'Season': '2023', 'SeasonType': 'Playoffs', 'TeamId': '1611661313'}",shot_pace,1611661313,4Q/OT | margin -3..3 | 300..120,get-possessions__possessions__off_def-Offense__filter_comparison-Exactly__filter_event-OnFloor__filter_value-5__start_type-All__season-2023__season_type-Playoffs__team_id-1611661313__f001ca9b,get-possessions,https://api.pbpstats.com/get-possessions/wnba?OffDef=Offense&FilterComparison=Exactly&FilterEvent=OnFloor&FilterValue=5&StartType=All&Season=2023&SeasonType=Playoffs&TeamId=1611661313,200,478,04:07,"Laney 3PT Running Jump Shot (17 PTS) (Ionescu 5 AST)
",0,0,1,1,2023-09-26,1042300212,0,0,CON,4,0,6,04:12,Off At Rim Miss,0,"[{""description"": ""Laney 3PT Running Jump Shot (17 PTS) (Ionescu 5 AST)"", ""url"": ""https://videos.nba.com/wnba/pbp/media/2023/09/26/1042300212/461/dd7dc1db-e1a2-5d10-b62c-bd3540ad45f2_960x540.mp4""}]",True,possessions,4Q/OT | margin -3..3 | 300..120,team
wnba,wnba_shot_pace,shot_pace,possessions,get-possessions,2023,Playoffs,team,"{'OffDef': 'Offense', 'FilterComparison': 'Exactly', 'FilterEvent': 'OnFloor', 'FilterValue': 5, 'StartType': 'All', 'Season': '2023', 'SeasonType': 'Playoffs', 'TeamId': '1611661313'}",shot_pace,1611661313,4Q/OT | margin -3..3 | 300..120,get-possessions__possessions__off_def-Offense__filter_comparison-Exactly__filter_event-OnFloor__filter_value-5__start_type-All__season-2023__season_type-Playoffs__team_id-1611661313__f001ca9b,get-possessions,https://api.pbpstats.com/get-possessions/wnba?OffDef=Offense&FilterComparison=Exactly&FilterEvent=OnFloor&FilterValue=5&StartType=All&Season=2023&SeasonType=Playoffs&TeamId=1611661313,200,479,04:17,"MISS Stewart 10' Turnaround Jump Shot
Stewart REBOUND (Off:3 Def:8)
Hayes P.FOUL (P1.T3)
Jones Bad Pass Turnover (P3.T12): Thomas STEAL (1 STL)
",1,0,0,0,2023-09-26,1042300212,0,1,CON,4,0,6,04:42,Off FT Make,1,"[{""description"": ""MISS Stewart 10' Turnaround Jump Shot"", ""url"": ""https://videos.nba.com/wnba/pbp/media/2023/09/26/1042300212/453/00404933-1fde-5f84-5792-d46c42441d59_960x540.mp4""}, {""description"": ""Stewart REBOUND (Off:3 Def:8)"", ""url"": ""https://videos.nba.com/wnba/pbp/media/2023/09/26/1042300212/454/7bcf29a9-5d0e-16c1-a763-30120ea1e96d_960x540.mp4""}, {""description"": ""Hayes P.FOUL (P1.T3)"", ""url"": """"}, {""description"": ""Jones Bad Pass Turnover (P3.T12): Thomas STEAL (1 STL)"", ""url"": ""https://videos.nba.com/wnba/pbp/media/2023/09/26/1042300212/457/a9946f4f-e6fc-8572-521e-f33dc97c719c_960x540.mp4""}]",True,possessions,4Q/OT | margin -3..3 | 300..120,team
wnba,wnba_shot_pace,shot_pace,possessions,get-possessions,2023,Playoffs,team,"{'OffDef': 'Offense', 'FilterComparison': 'Exactly', 'FilterEvent': 'OnFloor', 'FilterValue': 5, 'StartType': 'All', 'Season': '2023', 'SeasonType': 'Playoffs', 'TeamId': '1611661313'}",shot_pace,1611661313,4Q/OT | margin -3..3 | 300..120,get-possessions__possessions__off_def-Offense__filter_comparison-Exactly__filter_event-OnFloor__filter_value-5__start_type-All__season-2023__season_type-Playoffs__team_id-1611661313__f001ca9b,get-possessions,https://api.pbpstats.com/get-possessions/wnba?OffDef=Offense&FilterComparison=Exactly&FilterEvent=OnFloor&FilterValue=5&StartType=All&Season=2023&SeasonType=Playoffs&TeamId=1611661313,200,480,05:03,"MISS Stewart 15' Turnaround Jump Shot
LIBERTY Rebound
LIBERTY Turnover: Shot Clock (T#11)
",1,0,0,0,2023-09-26,1042300212,0,0,CON,4,0,8,05:27,Off Timeout,1,"[{""description"": ""MISS Stewart 15' Turnaround Jump Shot"", ""url"": ""https://videos.nba.com/wnba/pbp/media/2023/09/26/1042300212/444/57d203ab-945e-11d2-ebb9-2b03bcf6d37e_960x540.mp4""}, {""description"": ""LIBERTY Rebound"", ""url"": """"}, {""description"": ""LIBERTY Turnover: Shot Clock (T#11)"", ""url"": """"}]",True,possessions,4Q/OT | margin -3..3 | 300..120,team
wnba,wnba_shot_pace,shot_pace,possessions,get-possessions,2023,Playoffs,team,"{'OffDef': 'Offense', 'FilterComparison': 'Exactly', 'FilterEvent': 'OnFloor', 'FilterValue': 5, 'StartType': 'All', 'Season': '2023', 'SeasonType': 'Playoffs', 'TeamId': '1611661313'}",shot_pace,1611661313,4Q/OT | margin -3..3 | 300..120,get-possessions__possessions__off_def-Offense__filter_comparison-Exactly__filter_event-OnFloor__filter_value-5__start_type-All__season-2023__season_type-Playoffs__team_id-1611661313__f001ca9b,get-possessions,https://api.pbpstats.com/get-possessions/wnba?OffDef=Offense&FilterComparison=Exactly&FilterEvent=OnFloor&FilterValue=5&StartType=All&Season=2023&SeasonType=Playoffs&TeamId=1611661313,200,481,05:38,"MISS Ionescu 3' Driving Layup
Bonner REBOUND (Off:0 Def:7)
",1,0,0,0,2023-09-26,1042300212,0,0,CON,4,0,8,05:56,Off Long Mid-Range Miss,0,"[{""description"": ""MISS Ionescu 3' Driving Layup"", ""url"": ""https://videos.nba.com/wnba/pbp/media/2023/09/26/1042300212/438/a8a09e00-f504-6a1f-483c-dbd37f3e9959_960x540.mp4""}, {""description"": ""Bonner REBOUND (Off:0 Def:7)"", ""url"": ""https://videos.nba.com/wnba/pbp/media/2023/09/26/1042300212/439/6a366d42-0f8b-0cfd-ca6b-8ba57d3ab945_960x540.mp4""}]",True,possessions,4Q/OT | margin -3..3 | 300..120,team
wnba,wnba_shot_pace,shot_pace,possessions,get-possessions,2023,Playoffs,team,"{'OffDef': 'Offense', 'FilterComparison': 'Exactly', 'FilterEvent': 'OnFloor', 'FilterValue': 5, 'StartType': 'All', 'Season': '2023', 'SeasonType': 'Playoffs', 'TeamId': '1611661313'}",shot_pace,1611661313,4Q/OT | margin -3..3 | 300..120,get-possessions__possessions__off_def-Offense__filter_comparison-Exactly__filter_event-OnFloor__filter_value-5__start_type-All__season-2023__season_type-Playoffs__team_id-1611661313__f001ca9b,get-possessions,https://api.pbpstats.com/get-possessions/wnba?OffDef=Offense&FilterComparison=Exactly&FilterEvent=OnFloor&FilterValue=5&StartType=All&Season=2023&SeasonType=Playoffs&TeamId=1611661313,200,482,06:26,"MISS Laney 17' Jump Shot
Nelson-Ododa REBOUND (Off:2 Def:3)
",1,0,0,0,2023-09-26,1042300212,0,0,CON,4,0,8,06:44,Off Long Mid-Range Make,0,"[{""description"": ""MISS Laney 17' Jump Shot"", ""url"": ""https://videos.nba.com/wnba/pbp/media/2023/09/26/1042300212/432/9ad7220d-e198-8585-0d11-2fdafbc7d095_960x540.mp4""}, {""description"": ""Nelson-Ododa REBOUND (Off:2 Def:3)"", ""url"": ""https://videos.nba.com/wnba/pbp/media/2023/09/26/1042300212/433/22abb5e4-8a51-8af5-89bc-bd8af92b75d4_960x540.mp4""}]",True,possessions,4Q/OT | margin -3..3 | 300..120,team
wnba,wnba_shot_pace,shot_pace,possessions,get-possessions,2023,Playoffs,team,"{'OffDef': 'Offense', 'FilterComparison': 'Exactly', 'FilterEvent': 'OnFloor', 'FilterValue': 5, 'StartType': 'All', 'Season': '2023', 'SeasonType': 'Playoffs', 'TeamId': '1611661313'}",shot_pace,1611661313,4Q/OT | margin -3..3 | 300..120,get-possessions__possessions__off_def-Offense__filter_comparison-Exactly__filter_event-OnFloor__filter_value-5__start_type-All__season-2023__season_type-Playoffs__team_id-1611661313__f001ca9b,get-possessions,https://api.pbpstats.com/get-possessions/wnba?OffDef=Offense&FilterComparison=Exactly&FilterEvent=OnFloor&FilterValue=5&StartType=All&Season=2023&SeasonType=Playoffs&TeamId=1611661313,200,483,07:07,"Stewart 28' 3PT Running Jump Shot (11 PTS) (Vandersloot 4 AST)
",0,0,1,1,2023-09-26,1042300212,0,0,CON,4,0,7,07:13,Off Short Mid-Range Miss,0,"[{""description"": ""Stewart 28' 3PT Running Jump Shot (11 PTS) (Vandersloot 4 AST)"", ""url"": ""https://videos.nba.com/wnba/pbp/media/2023/09/26/1042300212/427/29955524-5ef8-c678-a49a-27534ab1896e_960x540.mp4""}]",True,possessions,4Q/OT | margin -3..3 | 300..120,team
wnba,wnba_shot_pace,shot_pace,possessions,get-possessions,2023,Playoffs,team,"{'OffDef': 'Offense', 'FilterComparison': 'Exactly', 'FilterEvent': 'OnFloor', 'FilterValue': 5, 'StartType': 'All', 'Season': '2023', 'SeasonType': 'Playoffs', 'TeamId': '1611661313'}",shot_pace,1611661313,4Q/OT | margin -3..3 | 300..120,get-possessions__possessions__off_def-Offense__filter_comparison-Exactly__filter_event-OnFloor__filter_value-5__start_type-All__season-2023__season_type-Playoffs__team_id-1611661313__f001ca9b,get-possessions,https://api.pbpstats.com/get-possessions/wnba?OffDef=Offense&FilterComparison=Exactly&FilterEvent=OnFloor&FilterValue=5&StartType=All&Season=2023&SeasonType=Playoffs&TeamId=1611661313,200,484,07:35,"Vandersloot 18' Jump Shot (15 PTS) (Laney 2 AST)
",1,1,0,0,2023-09-26,1042300212,0,0,CON,4,0,5,08:03,Off Long Mid-Range Make,0,"[{""description"": ""Vandersloot 18' Jump Shot (15 PTS) (Laney 2 AST)"", ""url"": ""https://videos.nba.com/wnba/pbp/media/2023/09/26/1042300212/423/8858797d-7e66-6831-b6c9-9a23abb1a457_960x540.mp4""}]",True,possessions,4Q/OT | margin -3..3 | 300..120,team
wnba,wnba_shot_pace,shot_pace,possessions,get-possessions,2023,Playoffs,team,"{'OffDef': 'Offense', 'FilterComparison': 'Exactly', 'FilterEvent': 'OnFloor', 'FilterValue': 5, 'StartType': 'All', 'Season': '2023', 'SeasonType': 'Playoffs', 'TeamId': '1611661313'}",shot_pace,1611661313,4Q/OT | margin -3..3 | 300..120,get-possessions__possessions__off_def-Offense__filter_comparison-Exactly__filter_event-OnFloor__filter_value-5__start_type-All__season-2023__season_type-Playoffs__team_id-1611661313__f001ca9b,get-possessions,https://api.pbpstats.com/get-possessions/wnba?OffDef=Offense&FilterComparison=Exactly&FilterEvent=OnFloor&FilterValue=5&StartType=All&Season=2023&SeasonType=Playoffs&TeamId=1611661313,200,485,08:21,"Laney 1' Running Layup (13 PTS)
Harris S.FOUL (P3.T2)
Laney Free Throw 1 of 1 (14 PTS)
",1,1,0,0,2023-09-26,1042300212,0,0,CON,4,1,4,08:25,Off Steal,0,"[{""description"": ""Laney 1' Running Layup (13 PTS)"", ""url"": ""https://videos.nba.com/wnba/pbp/media/2023/09/26/1042300212/414/7950427b-6233-83a2-9b97-c41311ce2c16_960x540.mp4""}, {""description"": ""Harris S.FOUL (P3.T2)"", ""url"": """"}, {""description"": ""Laney Free Throw 1 of 1 (14 PTS)"", ""url"": """"}]",True,possessions,4Q/OT | margin -3..3 | 300..120,team
wnba,wnba_shot_pace,shot_pace,possessions,get-possessions,2023,Playoffs,team,"{'OffDef': 'Offense', 'FilterComparison': 'Exactly', 'FilterEvent': 'OnFloor', 'FilterValue': 5, 'StartType': 'All', 'Season': '2023', 'SeasonType': 'Playoffs', 'TeamId': '1611661313'}",shot_pace,1611661313,4Q/OT | margin -3..3 | 300..120,get-possessions__possessions__off_def-Offense__filter_comparison-Exactly__filter_event-OnFloor__filter_value-5__start_type-All__season-2023__season_type-Playoffs__team_id-1611661313__f001ca9b,get-possessions,https://api.pbpstats.com/get-possessions/wnba?OffDef=Offense&FilterComparison=Exactly&FilterEvent=OnFloor&FilterValue=5&StartType=All&Season=2023&SeasonType=Playoffs&TeamId=1611661313,200,486,08:40,"Allen S.FOUL (P5.T1)
Ionescu Free Throw 1 of 2 (18 PTS)
Ionescu Free Throw 2 of 2 (19 PTS)
",0,0,0,0,2023-09-26,1042300212,0,0,CON,4,1,2,08:52,Off Arc 3 Miss,0,"[{""description"": ""Allen S.FOUL (P5.T1)"", ""url"": """"}, {""description"": ""Ionescu Free Throw 1 of 2 (18 PTS)"", ""url"": """"}, {""description"": ""Ionescu Free Throw 2 of 2 (19 PTS)"", ""url"": """"}]",True,possessions,4Q/OT | margin -3..3 | 300..120,team
wnba,wnba_shot_pace,shot_pace,possessions,get-possessions,2023,Playoffs,team,"{'OffDef': 'Offense', 'FilterComparison': 'Exactly', 'FilterEvent': 'OnFloor', 'FilterValue': 5, 'StartType': 'All', 'Season': '2023', 'SeasonType': 'Playoffs', 'TeamId': '1611661313'}",shot_pace,1611661313,4Q/OT | margin -3..3 | 300..120,get-possessions__possessions__off_def-Offense__filter_comparison-Exactly__filter_event-OnFloor__filter_value-5__start_type-All__season-2023__season_type-Playoffs__team_id-1611661313__f001ca9b,get-possessions,https://api.pbpstats.com/get-possessions/wnba?OffDef=Offense&FilterComparison=Exactly&FilterEvent=OnFloor&FilterValue=5&StartType=All&Season=2023&SeasonType=Playoffs&TeamId=1611661313,200,487,09:11,"MISS Stewart 24' 3PT Jump Shot
Bonner REBOUND (Off:0 Def:6)
",0,0,1,0,2023-09-26,1042300212,0,0,CON,4,0,2,09:27,Off Arc 3 Make,0,"[{""description"": ""MISS Stewart 24' 3PT Jump Shot"", ""url"": ""https://videos.nba.com/wnba/pbp/media/2023/09/26/1042300212/400/2b661770-6ff7-0b19-1486-83abc9962359_960x540.mp4""}, {""description"": ""Bonner REBOUND (Off:0 Def:6)"", ""url"": ""https://videos.nba.com/wnba/pbp/media/2023/09/26/1042300212/401/45d8f3da-fa27-7c1d-7e72-15d28e051c94_960x540.mp4""}]",True,possessions,4Q/OT | margin -3..3 | 300..120,team
wnba,wnba_shot_pace,shot_pace,possessions,get-possessions,2023,Playoffs,team,"{'OffDef': 'Offense', 'FilterComparison': 'Exactly', 'FilterEvent': 'OnFloor', 'FilterValue': 5, 'StartType': 'All', 'Season': '2023', 'SeasonType': 'Playoffs', 'TeamId': '1611661313'}",shot_pace,1611661313,4Q/OT | margin -3..3 | 300..120,get-possessions__possessions__off_def-Offense__filter_comparison-Exactly__filter_event-OnFloor__filter_value-5__start_type-All__season-2023__season_type-Playoffs__team_id-1611661313__f001ca9b,get-possessions,https://api.pbpstats.com/get-possessions/wnba?OffDef=Offense&FilterComparison=Exactly&FilterEvent=OnFloor&FilterValue=5&StartType=All&Season=2023&SeasonType=Playoffs&TeamId=1611661313,200,488,09:45,"Vandersloot 24' 3PT Jump Shot (13 PTS) (Stewart 5 AST)
",0,0,1,1,2023-09-26,1042300212,0,0,CON,4,0,2,10:00,Off Dead Ball,0,"[{""description"": ""Vandersloot 24' 3PT Jump Shot (13 PTS) (Stewart 5 AST)"", ""url"": """"}]",True,possessions,4Q/OT | margin -3..3 | 300..120,team
wnba,wnba_shot_pace,shot_pace,possessions,get-possessions,2023,Playoffs,team,"{'OffDef': 'Offense', 'FilterComparison': 'Exactly', 'FilterEvent': 'OnFloor', 'FilterValue': 5, 'StartType': 'All', 'Season': '2023', 'SeasonType': 'Playoffs', 'TeamId': '1611661313'}",shot_pace,1611661313,4Q/OT | margin -3..3 | 300..120,get-possessions__possessions__off_def-Offense__filter_comparison-Exactly__filter_event-OnFloor__filter_value-5__start_type-All__season-2023__season_type-Playoffs__team_id-1611661313__f001ca9b,get-possessions,https://api.pbpstats.com/get-possessions/wnba?OffDef=Offense&FilterComparison=Exactly&FilterEvent=OnFloor&FilterValue=5&StartType=All&Season=2023&SeasonType=Playoffs&TeamId=1611661313,200,489,00:08,"MISS Ionescu 31' 3PT Jump Shot
Jones REBOUND (Off:3 Def:8)
MISS Jones 4' Putback Layup: Nelson-Ododa BLOCK (1 BLK)
Hayes REBOUND (Off:1 Def:2)
",1,0,1,0,2023-09-26,1042300212,0,1,CON,3,0,2,00:30,Off FT Make,0,"[{""description"": ""MISS Ionescu 31' 3PT Jump Shot"", ""url"": ""https://videos.nba.com/wnba/pbp/media/2023/09/26/1042300212/379/d139564e-2013-8314-a358-76e50ad0c6fc_960x540.mp4""}, {""description"": ""Jones REBOUND (Off:3 Def:8)"", ""url"": ""https://videos.nba.com/wnba/pbp/media/2023/09/26/1042300212/380/e1951b71-33eb-c5a9-89d3-7301616afd39_960x540.mp4""}, {""description"": ""MISS Jones 4' Putback Layup: Nelson-Ododa BLOCK (1 BLK)"", ""url"": ""https://videos.nba.com/wnba/pbp/media/2023/09/26/1042300212/381/b4a082bb-0dc9-e228-d406-6ff83cbade0a_960x540.mp4""}, {""description"": ""Hayes REBOUND (Off:1 Def:2)"", ""url"": ""https://videos.nba.com/wnba/pbp/media/2023/09/26/1042300212/383/57b2dfce-e487-305c-f411-afacce427854_960x540.mp4""}]",True,possessions,4Q/OT | margin -3..3 | 300..120,team
wnba,wnba_shot_pace,shot_pace,possessions,get-possessions,2023,Playoffs,team,"{'OffDef': 'Offense', 'FilterComparison': 'Exactly', 'FilterEvent': 'OnFloor', 'FilterValue': 5, 'StartType': 'All', 'Season': '2023', 'SeasonType': 'Playoffs', 'TeamId': '1611661313'}",shot_pace,1611661313,4Q/OT | margin -3..3 | 300..120,get-possessions__possessions__off_def-Offense__filter_comparison-Exactly__filter_event-OnFloor__filter_value-5__start_type-All__season-2023__season_type-Playoffs__team_id-1611661313__f001ca9b,get-possessions,https://api.pbpstats.com/get-possessions/wnba?OffDef=Offense&FilterComparison=Exactly&FilterEvent=OnFloor&FilterValue=5&StartType=All&Season=2023&SeasonType=Playoffs&TeamId=1611661313,200,490,00:39,"Ionescu Bad Pass Turnover (P4.T10): Nelson-Ododa STEAL (2 STL)
",0,0,0,0,2023-09-26,1042300212,0,0,CON,3,0,4,00:55,Off FT Make,1,"[{""description"": ""Ionescu Bad Pass Turnover (P4.T10): Nelson-Ododa STEAL (2 STL)"", ""url"": ""https://videos.nba.com/wnba/pbp/media/2023/09/26/1042300212/371/340820d7-e2df-d195-9505-7878394fdcbb_960x540.mp4""}]",True,possessions,4Q/OT | margin -3..3 | 300..120,team
wnba,wnba_shot_pace,shot_pace,possessions,get-possessions,2023,Playoffs,team,"{'OffDef': 'Offense', 'FilterComparison': 'Exactly', 'FilterEvent': 'OnFloor', 'FilterValue': 5, 'StartType': 'All', 'Season': '2023', 'SeasonType': 'Playoffs', 'TeamId': '1611661313'}",shot_pace,1611661313,4Q/OT | margin -3..3 | 300..120,get-possessions__possessions__off_def-Offense__filter_comparison-Exactly__filter_event-OnFloor__filter_value-5__start_type-All__season-2023__season_type-Playoffs__team_id-1611661313__f001ca9b,get-possessions,https://api.pbpstats.com/get-possessions/wnba?OffDef=Offense&FilterComparison=Exactly&FilterEvent=OnFloor&FilterValue=5&StartType=All&Season=2023&SeasonType=Playoffs&TeamId=1611661313,200,491,00:55,"Vandersloot Lost Ball Turnover (P2.T9)
",0,0,0,0,2023-09-26,1042300212,0,0,CON,3,0,5,01:15,Off FT Make,1,"[{""description"": ""Vandersloot Lost Ball Turnover (P2.T9)"", ""url"": ""https://videos.nba.com/wnba/pbp/media/2023/09/26/1042300212/365/29a50c54-6c31-14d5-fd62-b78bb6784851_960x540.mp4""}]",True,possessions,4Q/OT | margin -3..3 | 300..120,team
wnba,wnba_shot_pace,shot_pace,possessions,get-possessions,2023,Playoffs,team,"{'OffDef': 'Offense', 'FilterComparison': 'Exactly', 'FilterEvent': 'OnFloor', 'FilterValue': 5, 'StartType': 'All', 'Season': '2023', 'SeasonType': 'Playoffs', 'TeamId': '1611661313'}",shot_pace,1611661313,4Q/OT | margin -3..3 | 300..120,get-possessions__possessions__off_def-Offense__filter_comparison-Exactly__filter_event-OnFloor__filter_value-5__start_type-All__season-2023__season_type-Playoffs__team_id-1611661313__f001ca9b,get-possessions,https://api.pbpstats.com/get-possessions/wnba?OffDef=Offense&FilterComparison=Exactly&FilterEvent=OnFloor&FilterValue=5&StartType=All&Season=2023&SeasonType=Playoffs&TeamId=1611661313,200,492,01:21,"MISS Vandersloot 3' Driving Layup
Nelson-Ododa REBOUND (Off:2 Def:2)
",1,0,0,0,2023-09-26,1042300212,0,0,CON,3,0,6,01:32,Off At Rim Block,0,"[{""description"": ""MISS Vandersloot 3' Driving Layup"", ""url"": ""https://videos.nba.com/wnba/pbp/media/2023/09/26/1042300212/355/fcc1ba0f-1f1a-67b2-4f5b-4d5c411b682e_960x540.mp4""}, {""description"": ""Nelson-Ododa REBOUND (Off:2 Def:2)"", ""url"": ""https://videos.nba.com/wnba/pbp/media/2023/09/26/1042300212/356/12007d2f-fb9f-9b2b-bf78-98ee11b94d9c_960x540.mp4""}]",True,possessions,4Q/OT | margin -3..3 | 300..120,team
wnba,wnba_shot_pace,shot_pace,possessions,get-possessions,2023,Playoffs,team,"{'OffDef': 'Offense', 'FilterComparison': 'Exactly', 'FilterEvent': 'OnFloor', 'FilterValue': 5, 'StartType': 'All', 'Season': '2023', 'SeasonType': 'Playoffs', 'TeamId': '1611661313'}",shot_pace,1611661313,4Q/OT | margin -3..3 | 300..120,get-possessions__possessions__off_def-Offense__filter_comparison-Exactly__filter_event-OnFloor__filter_value-5__start_type-All__season-2023__season_type-Playoffs__team_id-1611661313__f001ca9b,get-possessions,https://api.pbpstats.com/get-possessions/wnba?OffDef=Offense&FilterComparison=Exactly&FilterEvent=OnFloor&FilterValue=5&StartType=All&Season=2023&SeasonType=Playoffs&TeamId=1611661313,200,493,01:40,"Laney Lost Ball Turnover (P1.T8): Nelson-Ododa STEAL (1 STL)
",0,0,0,0,2023-09-26,1042300212,0,0,CON,3,0,6,01:58,Off Short Mid-Range Make,1,"[{""description"": ""Laney Lost Ball Turnover (P1.T8): Nelson-Ododa STEAL (1 STL)"", ""url"": ""https://videos.nba.com/wnba/pbp/media/2023/09/26/1042300212/351/4e58682a-e475-c3e6-9b3c-0ee89f5b2d71_960x540.mp4""}]",True,possessions,4Q/OT | margin -3..3 | 300..120,team
wnba,wnba_shot_pace,shot_pace,possessions,get-possessions,2023,Playoffs,team,"{'OffDef': 'Offense', 'FilterComparison': 'Exactly', 'FilterEvent': 'OnFloor', 'FilterValue': 5, 'StartType': 'All', 'Season': '2023', 'SeasonType': 'Playoffs', 'TeamId': '1611661313'}",shot_pace,1611661313,4Q/OT | margin -3..3 | 300..120,get-possessions__possessions__off_def-Offense__filter_comparison-Exactly__filter_event-OnFloor__filter_value-5__start_type-All__season-2023__season_type-Playoffs__team_id-1611661313__f001ca9b,get-possessions,https://api.pbpstats.com/get-possessions/wnba?OffDef=Offense&FilterComparison=Exactly&FilterEvent=OnFloor&FilterValue=5&StartType=All&Season=2023&SeasonType=Playoffs&TeamId=1611661313,200,494,02:09,"MISS Vandersloot 26' 3PT Jump Shot
Bonner REBOUND (Off:0 Def:5)
",0,0,1,0,2023-09-26,1042300212,0,0,CON,3,0,8,02:22,Off Corner 3 Miss,0,"[{""description"": ""MISS Vandersloot 26' 3PT Jump Shot"", ""url"": ""https://videos.nba.com/wnba/pbp/media/2023/09/26/1042300212/348/befd43e1-8062-5a20-8005-b50426b28dcf_960x540.mp4""}, {""description"": ""Bonner REBOUND (Off:0 Def:5)"", ""url"": ""https://videos.nba.com/wnba/pbp/media/2023/09/26/1042300212/349/c9166727-005d-0d29-ba80-7103201b2f25_960x540.mp4""}]",True,possessions,4Q/OT | margin -3..3 | 300..120,team
wnba,wnba_shot_pace,shot_pace,possessions,get-possessions,2023,Playoffs,team,"{'OffDef': 'Offense', 'FilterComparison': 'Exactly', 'FilterEvent': 'OnFloor', 'FilterValue': 5, 'StartType': 'All', 'Season': '2023', 'SeasonType': 'Playoffs', 'TeamId': '1611661313'}",shot_pace,1611661313,4Q/OT | margin -3..3 | 300..120,get-possessions__possessions__off_def-Offense__filter_comparison-Exactly__filter_event-OnFloor__filter_value-5__start_type-All__season-2023__season_type-Playoffs__team_id-1611661313__f001ca9b,get-possessions,https://api.pbpstats.com/get-possessions/wnba?OffDef=Offense&FilterComparison=Exactly&FilterEvent=OnFloor&FilterValue=5&StartType=All&Season=2023&SeasonType=Playoffs&TeamId=1611661313,200,495,02:29,"MISS Jones 24' 3PT Jump Shot
Thomas REBOUND (Off:1 Def:6)
",0,0,1,0,2023-09-26,1042300212,0,0,CON,3,0,8,02:50,Off Timeout,0,"[{""description"": ""MISS Jones 24' 3PT Jump Shot"", ""url"": ""https://videos.nba.com/wnba/pbp/media/2023/09/26/1042300212/344/e636a8d6-7847-c706-bc0a-a105e8ae43f3_960x540.mp4""}, {""description"": ""Thomas REBOUND (Off:1 Def:6)"", ""url"": ""https://videos.nba.com/wnba/pbp/media/2023/09/26/1042300212/345/a5a936ce-760a-d6cd-f91c-403ca152afbd_960x540.mp4""}]",True,possessions,4Q/OT | margin -3..3 | 300..120,team
wnba,wnba_shot_pace,shot_pace,possessions,get-possessions,2023,Playoffs,team,"{'OffDef': 'Offense', 'FilterComparison': 'Exactly', 'FilterEvent': 'OnFloor', 'FilterValue': 5, 'StartType': 'All', 'Season': '2023', 'SeasonType': 'Playoffs', 'TeamId': '1611661313'}",shot_pace,1611661313,4Q/OT | margin -3..3 | 300..120,get-possessions__possessions__off_def-Offense__filter_comparison-Exactly__filter_event-OnFloor__filter_value-5__start_type-All__season-2023__season_type-Playoffs__team_id-1611661313__f001ca9b,get-possessions,https://api.pbpstats.com/get-possessions/wnba?OffDef=Offense&FilterComparison=Exactly&FilterEvent=OnFloor&FilterValue=5&StartType=All&Season=2023&SeasonType=Playoffs&TeamId=1611661313,200,496,03:00,"MISS Laney 3PT Jump Shot
Hayes REBOUND (Off:1 Def:1)
",0,0,1,0,2023-09-26,1042300212,0,0,CON,3,0,8,03:13,Off FT Make,0,"[{""description"": ""MISS Laney 3PT Jump Shot"", ""url"": ""https://videos.nba.com/wnba/pbp/media/2023/09/26/1042300212/339/bdf6ca24-3165-ac6b-feb5-daeb10824b80_960x540.mp4""}, {""description"": ""Hayes REBOUND (Off:1 Def:1)"", ""url"": ""https://videos.nba.com/wnba/pbp/media/2023/09/26/1042300212/340/4edfaf8f-ebe8-08d5-fa52-66e00951be5f_960x540.mp4""}]",True,possessions,4Q/OT | margin -3..3 | 300..120,team
wnba,wnba_shot_pace,shot_pace,possessions,get-possessions,2023,Playoffs,team,"{'OffDef': 'Offense', 'FilterComparison': 'Exactly', 'FilterEvent': 'OnFloor', 'FilterValue': 5, 'StartType': 'All', 'Season': '2023', 'SeasonType': 'Playoffs', 'TeamId': '1611661313'}",shot_pace,1611661313,4Q/OT | margin -3..3 | 300..120,get-possessions__possessions__off_def-Offense__filter_comparison-Exactly__filter_event-OnFloor__filter_value-5__start_type-All__season-2023__season_type-Playoffs__team_id-1611661313__f001ca9b,get-possessions,https://api.pbpstats.com/get-possessions/wnba?OffDef=Offense&FilterComparison=Exactly&FilterEvent=OnFloor&FilterValue=5&StartType=All&Season=2023&SeasonType=Playoffs&TeamId=1611661313,200,497,03:17,"Bonner P.FOUL (P2.T2)
Ionescu Bad Pass Turnover (P3.T7): Harris STEAL (1 STL)
",0,0,0,0,2023-09-26,1042300212,0,0,CON,3,0,9,03:34,Off Dead Ball,1,"[{""description"": ""Bonner P.FOUL (P2.T2)"", ""url"": """"}, {""description"": ""Ionescu Bad Pass Turnover (P3.T7): Harris STEAL (1 STL)"", ""url"": ""https://videos.nba.com/wnba/pbp/media/2023/09/26/1042300212/332/be5202f6-0a69-5492-16d7-c2db0db00fc9_960x540.mp4""}]",True,possessions,4Q/OT | margin -3..3 | 300..120,team
wnba,wnba_shot_pace,shot_pace,possessions,get-possessions,2023,Playoffs,team,"{'OffDef': 'Offense', 'FilterComparison': 'Exactly', 'FilterEvent': 'OnFloor', 'FilterValue': 5, 'StartType': 'All', 'Season': '2023', 'SeasonType': 'Playoffs', 'TeamId': '1611661313'}",shot_pace,1611661313,4Q/OT | margin -3..3 | 300..120,get-possessions__possessions__off_def-Offense__filter_comparison-Exactly__filter_event-OnFloor__filter_value-5__start_type-All__season-2023__season_type-Playoffs__team_id-1611661313__f001ca9b,get-possessions,https://api.pbpstats.com/get-possessions/wnba?OffDef=Offense&FilterComparison=Exactly&FilterEvent=OnFloor&FilterValue=5&StartType=All&Season=2023&SeasonType=Playoffs&TeamId=1611661313,200,498,03:51,"Ionescu Offensive Charge Foul (P1)
Ionescu Offensive Foul Turnover (P2.T6)
",0,0,0,0,2023-09-26,1042300212,0,0,CON,3,0,9,03:56,Off Steal,1,"[{""description"": ""Ionescu Offensive Charge Foul (P1)"", ""url"": """"}, {""description"": ""Ionescu Offensive Foul Turnover (P2.T6)"", ""url"": ""https://videos.nba.com/wnba/pbp/media/2023/09/26/1042300212/328/c50fd9b1-6146-19e2-0a1c-ef57a06ade19_960x540.mp4""}]",True,possessions,4Q/OT | margin -3..3 | 300..120,team
wnba,wnba_shot_pace,shot_pace,possessions,get-possessions,2023,Playoffs,team,"{'OffDef': 'Offense', 'FilterComparison': 'Exactly', 'FilterEvent': 'OnFloor', 'FilterValue': 5, 'StartType': 'All', 'Season': '2023', 'SeasonType': 'Playoffs', 'TeamId': '1611661313'}",shot_pace,1611661313,4Q/OT | margin -3..3 | 300..120,get-possessions__possessions__off_def-Offense__filter_comparison-Exactly__filter_event-OnFloor__filter_value-5__start_type-All__season-2023__season_type-Playoffs__team_id-1611661313__f001ca9b,get-possessions,https://api.pbpstats.com/get-possessions/wnba?OffDef=Offense&FilterComparison=Exactly&FilterEvent=OnFloor&FilterValue=5&StartType=All&Season=2023&SeasonType=Playoffs&TeamId=1611661313,200,499,04:14,"Vandersloot 24' 3PT Jump Shot (10 PTS) (Stewart 4 AST)
",0,0,1,1,2023-09-26,1042300212,0,0,CON,3,0,6,04:34,Off Arc 3 Make,0,"[{""description"": ""Vandersloot 24' 3PT Jump Shot (10 PTS) (Stewart 4 AST)"", ""url"": ""https://videos.nba.com/wnba/pbp/media/2023/09/26/1042300212/318/83746830-4705-11e1-7bac-89483896d276_960x540.mp4""}]",True,possessions,4Q/OT | margin -3..3 | 300..120,team
