league,job_id,job_family,variant,endpoint,season,season_type,scope,request_params,source,team_id,clutch_window,request_id,request_table,request_url,request_status,request_row_index,end_time,events,fg2a,fg2m,fg3a,fg3m,game_date,game_id,non_shooting_fouls_that_resulted_in_fts,offensive_rebounds,opponent,period,shooting_fouls_drawn,start_score_differential,start_time,start_type,turnovers,video_urls,is_playoffs,job_variant,window_label,request_scope
wnba,wnba_shot_pace,shot_pace,possessions,get-possessions,2025,Regular Season,team,"{'OffDef': 'Offense', 'Season': '2025', 'SeasonType': 'Regular Season', 'TeamId': '1611661321'}",shot_pace,1611661321,4Q/OT | margin -3..3 | 300..120,get-possessions__possessions__off_def-Offense__season-2025__season_type-Regular_Season__team_id-1611661321__534a4266,get-possessions,https://api.pbpstats.com/get-possessions/wnba?OffDef=Offense&Season=2025&SeasonType=Regular+Season&TeamId=1611661321,200,0,00:00,,0,0,0,0,2025-09-11,1022500284,0,0,PHX,4,0,21,00:15,Off Arc 3 Miss,0,[],False,possessions,4Q/OT | margin -3..3 | 300..120,team
wnba,wnba_shot_pace,shot_pace,possessions,get-possessions,2025,Regular Season,team,"{'OffDef': 'Offense', 'Season': '2025', 'SeasonType': 'Regular Season', 'TeamId': '1611661321'}",shot_pace,1611661321,4Q/OT | margin -3..3 | 300..120,get-possessions__possessions__off_def-Offense__season-2025__season_type-Regular_Season__team_id-1611661321__534a4266,get-possessions,https://api.pbpstats.com/get-possessions/wnba?OffDef=Offense&Season=2025&SeasonType=Regular+Season&TeamId=1611661321,200,1,00:34,"James 2' Driving Layup (20 PTS)
",1,1,0,0,2025-09-11,1022500284,0,0,PHX,4,0,19,00:49,Off Arc 3 Make,0,"[{""description"": ""James 2' Driving Layup (20 PTS)"", ""url"": """"}]",False,possessions,4Q/OT | margin -3..3 | 300..120,team
wnba,wnba_shot_pace,shot_pace,possessions,get-possessions,2025,Regular Season,team,"{'OffDef': 'Offense', 'Season': '2025', 'SeasonType': 'Regular Season', 'TeamId': '1611661321'}",shot_pace,1611661321,4Q/OT | margin -3..3 | 300..120,get-possessions__possessions__off_def-Offense__season-2025__season_type-Regular_Season__team_id-1611661321__534a4266,get-possessions,https://api.pbpstats.com/get-possessions/wnba?OffDef=Offense&Season=2025&SeasonType=Regular+Season&TeamId=1611661321,200,2,01:00,"MISS Jones 3' Layup
Held REBOUND (Off:0 Def:2)
",1,0,0,0,2025-09-11,1022500284,0,0,PHX,4,0,22,01:08,Off Short Mid-Range Make,0,"[{""description"": ""MISS Jones 3' Layup"", ""url"": """"}, {""description"": ""Held REBOUND (Off:0 Def:2)"", ""url"": """"}]",False,possessions,4Q/OT | margin -3..3 | 300..120,team
wnba,wnba_shot_pace,shot_pace,possessions,get-possessions,2025,Regular Season,team,"{'OffDef': 'Offense', 'Season': '2025', 'SeasonType': 'Regular Season', 'TeamId': '1611661321'}",shot_pace,1611661321,4Q/OT | margin -3..3 | 300..120,get-possessions__possessions__off_def-Offense__season-2025__season_type-Regular_Season__team_id-1611661321__534a4266,get-possessions,https://api.pbpstats.com/get-possessions/wnba?OffDef=Offense&Season=2025&SeasonType=Regular+Season&TeamId=1611661321,200,3,01:18,"MISS Miller 4' Driving Layup
Mercury Rebound
",1,0,0,0,2025-09-11,1022500284,0,0,PHX,4,0,24,01:33,Off Corner 3 Make,0,"[{""description"": ""MISS Miller 4' Driving Layup"", ""url"": """"}, {""description"": ""Mercury Rebound"", ""url"": """"}]",False,possessions,4Q/OT | margin -3..3 | 300..120,team
wnba,wnba_shot_pace,shot_pace,possessions,get-possessions,2025,Regular Season,team,"{'OffDef': 'Offense', 'Season': '2025', 'SeasonType': 'Regular Season', 'TeamId': '1611661321'}",shot_pace,1611661321,4Q/OT | margin -3..3 | 300..120,get-possessions__possessions__off_def-Offense__season-2025__season_type-Regular_Season__team_id-1611661321__534a4266,get-possessions,https://api.pbpstats.com/get-possessions/wnba?OffDef=Offense&Season=2025&SeasonType=Regular+Season&TeamId=1611661321,200,4,01:44,"Jones 2' Driving Layup (6 PTS)
",1,1,0,0,2025-09-11,1022500284,0,0,PHX,4,0,25,01:48,Off Long Mid-Range Miss,0,"[{""description"": ""Jones 2' Driving Layup (6 PTS)"", ""url"": """"}]",False,possessions,4Q/OT | margin -3..3 | 300..120,team
wnba,wnba_shot_pace,shot_pace,possessions,get-possessions,2025,Regular Season,team,"{'OffDef': 'Offense', 'Season': '2025', 'SeasonType': 'Regular Season', 'TeamId': '1611661321'}",shot_pace,1611661321,4Q/OT | margin -3..3 | 300..120,get-possessions__possessions__off_def-Offense__season-2025__season_type-Regular_Season__team_id-1611661321__534a4266,get-possessions,https://api.pbpstats.com/get-possessions/wnba?OffDef=Offense&Season=2025&SeasonType=Regular+Season&TeamId=1611661321,200,5,02:07,"MISS Williams 4' Driving Layup: Brown BLOCK (1 BLK)
Brown REBOUND (Off:1 Def:4)
",1,0,0,0,2025-09-11,1022500284,0,0,PHX,4,0,25,02:20,Off Short Mid-Range Make,0,"[{""description"": ""MISS Williams 4' Driving Layup: Brown BLOCK (1 BLK)"", ""url"": """"}, {""description"": ""Brown REBOUND (Off:1 Def:4)"", ""url"": """"}]",False,possessions,4Q/OT | margin -3..3 | 300..120,team
wnba,wnba_shot_pace,shot_pace,possessions,get-possessions,2025,Regular Season,team,"{'OffDef': 'Offense', 'Season': '2025', 'SeasonType': 'Regular Season', 'TeamId': '1611661321'}",shot_pace,1611661321,4Q/OT | margin -3..3 | 300..120,get-possessions__possessions__off_def-Offense__season-2025__season_type-Regular_Season__team_id-1611661321__534a4266,get-possessions,https://api.pbpstats.com/get-possessions/wnba?OffDef=Offense&Season=2025&SeasonType=Regular+Season&TeamId=1611661321,200,6,02:36,"Williams 15' Pullup Jump Shot (2 PTS)
",1,1,0,0,2025-09-11,1022500284,0,0,PHX,4,0,25,02:50,Off Dead Ball,0,"[{""description"": ""Williams 15' Pullup Jump Shot (2 PTS)"", ""url"": """"}]",False,possessions,4Q/OT | margin -3..3 | 300..120,team
wnba,wnba_shot_pace,shot_pace,possessions,get-possessions,2025,Regular Season,team,"{'OffDef': 'Offense', 'Season': '2025', 'SeasonType': 'Regular Season', 'TeamId': '1611661321'}",shot_pace,1611661321,4Q/OT | margin -3..3 | 300..120,get-possessions__possessions__off_def-Offense__season-2025__season_type-Regular_Season__team_id-1611661321__534a4266,get-possessions,https://api.pbpstats.com/get-possessions/wnba?OffDef=Offense&Season=2025&SeasonType=Regular+Season&TeamId=1611661321,200,7,02:56,"Laksa P.FOUL (P4.T3)
James Bad Pass Turnover (P3.T10): Westbeld STEAL (1 STL)
",0,0,0,0,2025-09-11,1022500284,0,0,PHX,4,0,25,03:20,Off FT Make,1,"[{""description"": ""Laksa P.FOUL (P4.T3)"", ""url"": """"}, {""description"": ""James Bad Pass Turnover (P3.T10): Westbeld STEAL (1 STL)"", ""url"": """"}]",False,possessions,4Q/OT | margin -3..3 | 300..120,team
wnba,wnba_shot_pace,shot_pace,possessions,get-possessions,2025,Regular Season,team,"{'OffDef': 'Offense', 'Season': '2025', 'SeasonType': 'Regular Season', 'TeamId': '1611661321'}",shot_pace,1611661321,4Q/OT | margin -3..3 | 300..120,get-possessions__possessions__off_def-Offense__season-2025__season_type-Regular_Season__team_id-1611661321__534a4266,get-possessions,https://api.pbpstats.com/get-possessions/wnba?OffDef=Offense&Season=2025&SeasonType=Regular+Season&TeamId=1611661321,200,8,03:36,"Okonkwo 3' Cutting Layup Shot (20 PTS) (Miller 2 AST)
",1,1,0,0,2025-09-11,1022500284,0,0,PHX,4,0,24,03:49,Off Dead Ball,0,"[{""description"": ""Okonkwo 3' Cutting Layup Shot (20 PTS) (Miller 2 AST)"", ""url"": """"}]",False,possessions,4Q/OT | margin -3..3 | 300..120,team
wnba,wnba_shot_pace,shot_pace,possessions,get-possessions,2025,Regular Season,team,"{'OffDef': 'Offense', 'Season': '2025', 'SeasonType': 'Regular Season', 'TeamId': '1611661321'}",shot_pace,1611661321,4Q/OT | margin -3..3 | 300..120,get-possessions__possessions__off_def-Offense__season-2025__season_type-Regular_Season__team_id-1611661321__534a4266,get-possessions,https://api.pbpstats.com/get-possessions/wnba?OffDef=Offense&Season=2025&SeasonType=Regular+Season&TeamId=1611661321,200,9,03:59,"MISS James 3PT Running Jump Shot
Okonkwo REBOUND (Off:3 Def:1)
MISS Miller 3' Driving Finger Roll Layup
WINGS Rebound
WINGS Turnover: Shot Clock (T#9)
",1,0,1,0,2025-09-11,1022500284,0,2,PHX,4,0,24,04:29,Off At Rim Miss,1,"[{""description"": ""MISS James 3PT Running Jump Shot"", ""url"": """"}, {""description"": ""Okonkwo REBOUND (Off:3 Def:1)"", ""url"": """"}, {""description"": ""MISS Miller 3' Driving Finger Roll Layup"", ""url"": """"}, {""description"": ""WINGS Rebound"", ""url"": """"}, {""description"": ""WINGS Turnover: Shot Clock (T#9)"", ""url"": """"}]",False,possessions,4Q/OT | margin -3..3 | 300..120,team
wnba,wnba_shot_pace,shot_pace,possessions,get-possessions,2025,Regular Season,team,"{'OffDef': 'Offense', 'Season': '2025', 'SeasonType': 'Regular Season', 'TeamId': '1611661321'}",shot_pace,1611661321,4Q/OT | margin -3..3 | 300..120,get-possessions__possessions__off_def-Offense__season-2025__season_type-Regular_Season__team_id-1611661321__534a4266,get-possessions,https://api.pbpstats.com/get-possessions/wnba?OffDef=Offense&Season=2025&SeasonType=Regular+Season&TeamId=1611661321,200,10,04:40,"Williams P.FOUL (P3.T2)
MISS Jones 25' 3PT Jump Shot
Miller REBOUND (Off:1 Def:5)
MISS Bueckers 27' 3PT Jump Shot
Brown REBOUND (Off:1 Def:3)
",0,0,2,0,2025-09-11,1022500284,0,1,PHX,4,0,24,05:13,Off Steal,0,"[{""description"": ""Williams P.FOUL (P3.T2)"", ""url"": """"}, {""description"": ""MISS Jones 25' 3PT Jump Shot"", ""url"": """"}, {""description"": ""Miller REBOUND (Off:1 Def:5)"", ""url"": """"}, {""description"": ""MISS Bueckers 27' 3PT Jump Shot"", ""url"": """"}, {""description"": ""Brown REBOUND (Off:1 Def:3)"", ""url"": """"}]",False,possessions,4Q/OT | margin -3..3 | 300..120,team
wnba,wnba_shot_pace,shot_pace,possessions,get-possessions,2025,Regular Season,team,"{'OffDef': 'Offense', 'Season': '2025', 'SeasonType': 'Regular Season', 'TeamId': '1611661321'}",shot_pace,1611661321,4Q/OT | margin -3..3 | 300..120,get-possessions__possessions__off_def-Offense__season-2025__season_type-Regular_Season__team_id-1611661321__534a4266,get-possessions,https://api.pbpstats.com/get-possessions/wnba?OffDef=Offense&Season=2025&SeasonType=Regular+Season&TeamId=1611661321,200,11,05:37,"Okonkwo 25' 3PT Jump Shot (18 PTS) (Bueckers 7 AST)
",0,0,1,1,2025-09-11,1022500284,0,0,PHX,4,0,21,05:55,Off Long Mid-Range Make,0,"[{""description"": ""Okonkwo 25' 3PT Jump Shot (18 PTS) (Bueckers 7 AST)"", ""url"": """"}]",False,possessions,4Q/OT | margin -3..3 | 300..120,team
wnba,wnba_shot_pace,shot_pace,possessions,get-possessions,2025,Regular Season,team,"{'OffDef': 'Offense', 'Season': '2025', 'SeasonType': 'Regular Season', 'TeamId': '1611661321'}",shot_pace,1611661321,4Q/OT | margin -3..3 | 300..120,get-possessions__possessions__off_def-Offense__season-2025__season_type-Regular_Season__team_id-1611661321__534a4266,get-possessions,https://api.pbpstats.com/get-possessions/wnba?OffDef=Offense&Season=2025&SeasonType=Regular+Season&TeamId=1611661321,200,12,05:59,"MISS Bueckers 13' Fadeaway Jumper
James REBOUND (Off:4 Def:4)
MISS Miller 27' 3PT Jump Shot
Okonkwo REBOUND (Off:1 Def:1)
MISS James 3PT Jump Shot
Okonkwo REBOUND (Off:2 Def:1)
James Bad Pass Turnover (P2.T8): Williams STEAL (2 STL)
",1,0,2,0,2025-09-11,1022500284,0,3,PHX,4,0,23,06:34,Off Arc 3 Miss,1,"[{""description"": ""MISS Bueckers 13' Fadeaway Jumper"", ""url"": """"}, {""description"": ""James REBOUND (Off:4 Def:4)"", ""url"": """"}, {""description"": ""MISS Miller 27' 3PT Jump Shot"", ""url"": """"}, {""description"": ""Okonkwo REBOUND (Off:1 Def:1)"", ""url"": """"}, {""description"": ""MISS James 3PT Jump Shot"", ""url"": """"}, {""description"": ""Okonkwo REBOUND (Off:2 Def:1)"", ""url"": """"}, {""description"": ""James Bad Pass Turnover (P2.T8): Williams STEAL (2 STL)"", ""url"": """"}]",False,possessions,4Q/OT | margin -3..3 | 300..120,team
wnba,wnba_shot_pace,shot_pace,possessions,get-possessions,2025,Regular Season,team,"{'OffDef': 'Offense', 'Season': '2025', 'SeasonType': 'Regular Season', 'TeamId': '1611661321'}",shot_pace,1611661321,4Q/OT | margin -3..3 | 300..120,get-possessions__possessions__off_def-Offense__season-2025__season_type-Regular_Season__team_id-1611661321__534a4266,get-possessions,https://api.pbpstats.com/get-possessions/wnba?OffDef=Offense&Season=2025&SeasonType=Regular+Season&TeamId=1611661321,200,13,06:57,"Williams P.FOUL (P2.T1)
Bueckers 3' Layup (24 PTS) (Hines-Allen 6 AST)
",1,1,0,0,2025-09-11,1022500284,0,0,PHX,4,0,21,07:27,Off Dead Ball,0,"[{""description"": ""Williams P.FOUL (P2.T1)"", ""url"": """"}, {""description"": ""Bueckers 3' Layup (24 PTS) (Hines-Allen 6 AST)"", ""url"": """"}]",False,possessions,4Q/OT | margin -3..3 | 300..120,team
wnba,wnba_shot_pace,shot_pace,possessions,get-possessions,2025,Regular Season,team,"{'OffDef': 'Offense', 'Season': '2025', 'SeasonType': 'Regular Season', 'TeamId': '1611661321'}",shot_pace,1611661321,4Q/OT | margin -3..3 | 300..120,get-possessions__possessions__off_def-Offense__season-2025__season_type-Regular_Season__team_id-1611661321__534a4266,get-possessions,https://api.pbpstats.com/get-possessions/wnba?OffDef=Offense&Season=2025&SeasonType=Regular+Season&TeamId=1611661321,200,14,07:35,"MISS Hines-Allen 27' 3PT Jump Shot
Brown REBOUND (Off:1 Def:2)
",0,0,1,0,2025-09-11,1022500284,0,0,PHX,4,0,21,07:52,Off Steal,0,"[{""description"": ""MISS Hines-Allen 27' 3PT Jump Shot"", ""url"": """"}, {""description"": ""Brown REBOUND (Off:1 Def:2)"", ""url"": """"}]",False,possessions,4Q/OT | margin -3..3 | 300..120,team
wnba,wnba_shot_pace,shot_pace,possessions,get-possessions,2025,Regular Season,team,"{'OffDef': 'Offense', 'Season': '2025', 'SeasonType': 'Regular Season', 'TeamId': '1611661321'}",shot_pace,1611661321,4Q/OT | margin -3..3 | 300..120,get-possessions__possessions__off_def-Offense__season-2025__season_type-Regular_Season__team_id-1611661321__534a4266,get-possessions,https://api.pbpstats.com/get-possessions/wnba?OffDef=Offense&Season=2025&SeasonType=Regular+Season&TeamId=1611661321,200,15,07:59,"MISS James 27' 3PT Jump Shot
Hines-Allen REBOUND (Off:4 Def:5)
MISS Hines-Allen 17' Pullup Jump Shot
Bueckers REBOUND (Off:3 Def:4)
MISS Bueckers 4' Putback Layup
Held REBOUND (Off:0 Def:1)
",2,0,1,0,2025-09-11,1022500284,0,2,PHX,4,0,21,08:26,Off FT Make,0,"[{""description"": ""MISS James 27' 3PT Jump Shot"", ""url"": """"}, {""description"": ""Hines-Allen REBOUND (Off:4 Def:5)"", ""url"": """"}, {""description"": ""MISS Hines-Allen 17' Pullup Jump Shot"", ""url"": """"}, {""description"": ""Bueckers REBOUND (Off:3 Def:4)"", ""url"": """"}, {""description"": ""MISS Bueckers 4' Putback Layup"", ""url"": """"}, {""description"": ""Held REBOUND (Off:0 Def:1)"", ""url"": """"}]",False,possessions,4Q/OT | margin -3..3 | 300..120,team
wnba,wnba_shot_pace,shot_pace,possessions,get-possessions,2025,Regular Season,team,"{'OffDef': 'Offense', 'Season': '2025', 'SeasonType': 'Regular Season', 'TeamId': '1611661321'}",shot_pace,1611661321,4Q/OT | margin -3..3 | 300..120,get-possessions__possessions__off_def-Offense__season-2025__season_type-Regular_Season__team_id-1611661321__534a4266,get-possessions,https://api.pbpstats.com/get-possessions/wnba?OffDef=Offense&Season=2025&SeasonType=Regular+Season&TeamId=1611661321,200,16,08:47,"MISS Okonkwo 25' 3PT Jump Shot
Westbeld REBOUND (Off:1 Def:2)
",0,0,1,0,2025-09-11,1022500284,0,0,PHX,4,0,23,08:54,Off Short Mid-Range Miss,0,"[{""description"": ""MISS Okonkwo 25' 3PT Jump Shot"", ""url"": """"}, {""description"": ""Westbeld REBOUND (Off:1 Def:2)"", ""url"": """"}]",False,possessions,4Q/OT | margin -3..3 | 300..120,team
wnba,wnba_shot_pace,shot_pace,possessions,get-possessions,2025,Regular Season,team,"{'OffDef': 'Offense', 'Season': '2025', 'SeasonType': 'Regular Season', 'TeamId': '1611661321'}",shot_pace,1611661321,4Q/OT | margin -3..3 | 300..120,get-possessions__possessions__off_def-Offense__season-2025__season_type-Regular_Season__team_id-1611661321__534a4266,get-possessions,https://api.pbpstats.com/get-possessions/wnba?OffDef=Offense&Season=2025&SeasonType=Regular+Season&TeamId=1611661321,200,17,09:10,"MISS James 25' 3PT Running Jump Shot
Mack REBOUND (Off:0 Def:3)
",0,0,1,0,2025-09-11,1022500284,0,0,PHX,4,0,23,09:17,Off Steal,0,"[{""description"": ""MISS James 25' 3PT Running Jump Shot"", ""url"": """"}, {""description"": ""Mack REBOUND (Off:0 Def:3)"", ""url"": """"}]",False,possessions,4Q/OT | margin -3..3 | 300..120,team
wnba,wnba_shot_pace,shot_pace,possessions,get-possessions,2025,Regular Season,team,"{'OffDef': 'Offense', 'Season': '2025', 'SeasonType': 'Regular Season', 'TeamId': '1611661321'}",shot_pace,1611661321,4Q/OT | margin -3..3 | 300..120,get-possessions__possessions__off_def-Offense__season-2025__season_type-Regular_Season__team_id-1611661321__534a4266,get-possessions,https://api.pbpstats.com/get-possessions/wnba?OffDef=Offense&Season=2025&SeasonType=Regular+Season&TeamId=1611661321,200,18,09:30,"Bueckers 8' Driving Floating Jump Shot (22 PTS)
",1,1,0,0,2025-09-11,1022500284,0,0,PHX,4,0,21,09:49,Off FT Make,0,"[{""description"": ""Bueckers 8' Driving Floating Jump Shot (22 PTS)"", ""url"": """"}]",False,possessions,4Q/OT | margin -3..3 | 300..120,team
wnba,wnba_shot_pace,shot_pace,possessions,get-possessions,2025,Regular Season,team,"{'OffDef': 'Offense', 'Season': '2025', 'SeasonType': 'Regular Season', 'TeamId': '1611661321'}",shot_pace,1611661321,4Q/OT | margin -3..3 | 300..120,get-possessions__possessions__off_def-Offense__season-2025__season_type-Regular_Season__team_id-1611661321__534a4266,get-possessions,https://api.pbpstats.com/get-possessions/wnba?OffDef=Offense&Season=2025&SeasonType=Regular+Season&TeamId=1611661321,200,19,00:13,"James 2' Running Layup (18 PTS) (Berger 3 AST)
",1,1,0,0,2025-09-11,1022500284,0,0,PHX,3,0,20,00:17,Off Steal,0,"[{""description"": ""James 2' Running Layup (18 PTS) (Berger 3 AST)"", ""url"": """"}]",False,possessions,4Q/OT | margin -3..3 | 300..120,team
wnba,wnba_shot_pace,shot_pace,possessions,get-possessions,2025,Regular Season,team,"{'OffDef': 'Offense', 'Season': '2025', 'SeasonType': 'Regular Season', 'TeamId': '1611661321'}",shot_pace,1611661321,4Q/OT | margin -3..3 | 300..120,get-possessions__possessions__off_def-Offense__season-2025__season_type-Regular_Season__team_id-1611661321__534a4266,get-possessions,https://api.pbpstats.com/get-possessions/wnba?OffDef=Offense&Season=2025&SeasonType=Regular+Season&TeamId=1611661321,200,20,00:30,"Okonkwo 3' Running Layup (15 PTS) (Miller 1 AST)
",1,1,0,0,2025-09-11,1022500284,0,0,PHX,3,0,18,00:38,Off Steal,0,"[{""description"": ""Okonkwo 3' Running Layup (15 PTS) (Miller 1 AST)"", ""url"": """"}]",False,possessions,4Q/OT | margin -3..3 | 300..120,team
wnba,wnba_shot_pace,shot_pace,possessions,get-possessions,2025,Regular Season,team,"{'OffDef': 'Offense', 'Season': '2025', 'SeasonType': 'Regular Season', 'TeamId': '1611661321'}",shot_pace,1611661321,4Q/OT | margin -3..3 | 300..120,get-possessions__possessions__off_def-Offense__season-2025__season_type-Regular_Season__team_id-1611661321__534a4266,get-possessions,https://api.pbpstats.com/get-possessions/wnba?OffDef=Offense&Season=2025&SeasonType=Regular+Season&TeamId=1611661321,200,21,00:43,"MISS Hines-Allen 19' Pullup Jump Shot
Williams REBOUND (Off:0 Def:1)
",1,0,0,0,2025-09-11,1022500284,0,0,PHX,3,0,18,00:59,Off Arc 3 Make,0,"[{""description"": ""MISS Hines-Allen 19' Pullup Jump Shot"", ""url"": """"}, {""description"": ""Williams REBOUND (Off:0 Def:1)"", ""url"": """"}]",False,possessions,4Q/OT | margin -3..3 | 300..120,team
wnba,wnba_shot_pace,shot_pace,possessions,get-possessions,2025,Regular Season,team,"{'OffDef': 'Offense', 'Season': '2025', 'SeasonType': 'Regular Season', 'TeamId': '1611661321'}",shot_pace,1611661321,4Q/OT | margin -3..3 | 300..120,get-possessions__possessions__off_def-Offense__season-2025__season_type-Regular_Season__team_id-1611661321__534a4266,get-possessions,https://api.pbpstats.com/get-possessions/wnba?OffDef=Offense&Season=2025&SeasonType=Regular+Season&TeamId=1611661321,200,22,01:10,"MISS Hines-Allen 7' Hook Shot
Hines-Allen REBOUND (Off:3 Def:5)
Miller 3' Cutting Layup Shot (4 PTS) (Hines-Allen 5 AST)
",2,1,0,0,2025-09-11,1022500284,0,1,PHX,3,0,19,01:34,Off FT Make,0,"[{""description"": ""MISS Hines-Allen 7' Hook Shot"", ""url"": """"}, {""description"": ""Hines-Allen REBOUND (Off:3 Def:5)"", ""url"": """"}, {""description"": ""Miller 3' Cutting Layup Shot (4 PTS) (Hines-Allen 5 AST)"", ""url"": """"}]",False,possessions,4Q/OT | margin -3..3 | 300..120,team
wnba,wnba_shot_pace,shot_pace,possessions,get-possessions,2025,Regular Season,team,"{'OffDef': 'Offense', 'Season': '2025', 'SeasonType': 'Regular Season', 'TeamId': '1611661321'}",shot_pace,1611661321,4Q/OT | margin -3..3 | 300..120,get-possessions__possessions__off_def-Offense__season-2025__season_type-Regular_Season__team_id-1611661321__534a4266,get-possessions,https://api.pbpstats.com/get-possessions/wnba?OffDef=Offense&Season=2025&SeasonType=Regular+Season&TeamId=1611661321,200,23,01:58,"Whitcomb S.FOUL (P2.PN)
Miller Free Throw 1 of 2 (1 PTS)
Miller Free Throw 2 of 2 (2 PTS)
",0,0,0,0,2025-09-11,1022500284,0,0,PHX,3,1,19,02:01,Off Arc 3 Miss,0,"[{""description"": ""Whitcomb S.FOUL (P2.PN)"", ""url"": """"}, {""description"": ""Miller Free Throw 1 of 2 (1 PTS)"", ""url"": """"}, {""description"": ""Miller Free Throw 2 of 2 (2 PTS)"", ""url"": """"}]",False,possessions,4Q/OT | margin -3..3 | 300..120,team
wnba,wnba_shot_pace,shot_pace,possessions,get-possessions,2025,Regular Season,team,"{'OffDef': 'Offense', 'Season': '2025', 'SeasonType': 'Regular Season', 'TeamId': '1611661321'}",shot_pace,1611661321,4Q/OT | margin -3..3 | 300..120,get-possessions__possessions__off_def-Offense__season-2025__season_type-Regular_Season__team_id-1611661321__534a4266,get-possessions,https://api.pbpstats.com/get-possessions/wnba?OffDef=Offense&Season=2025&SeasonType=Regular+Season&TeamId=1611661321,200,24,02:26,"MISS Miller 26' 3PT Jump Shot
WINGS Rebound
Sabally L.B.FOUL (P1.T4)
Bueckers 10' Jump Bank Shot (20 PTS) (Hines-Allen 4 AST)
",1,1,1,0,2025-09-11,1022500284,0,1,PHX,3,0,17,02:59,Off Arc 3 Make,0,"[{""description"": ""MISS Miller 26' 3PT Jump Shot"", ""url"": """"}, {""description"": ""WINGS Rebound"", ""url"": """"}, {""description"": ""Sabally L.B.FOUL (P1.T4)"", ""url"": """"}, {""description"": ""Bueckers 10' Jump Bank Shot (20 PTS) (Hines-Allen 4 AST)"", ""url"": """"}]",False,possessions,4Q/OT | margin -3..3 | 300..120,team
wnba,wnba_shot_pace,shot_pace,possessions,get-possessions,2025,Regular Season,team,"{'OffDef': 'Offense', 'Season': '2025', 'SeasonType': 'Regular Season', 'TeamId': '1611661321'}",shot_pace,1611661321,4Q/OT | margin -3..3 | 300..120,get-possessions__possessions__off_def-Offense__season-2025__season_type-Regular_Season__team_id-1611661321__534a4266,get-possessions,https://api.pbpstats.com/get-possessions/wnba?OffDef=Offense&Season=2025&SeasonType=Regular+Season&TeamId=1611661321,200,25,03:17,"Laksa P.FOUL (P3.T3)
Okonkwo 13' Pullup Jump Shot (13 PTS)
",1,1,0,0,2025-09-11,1022500284,0,0,PHX,3,0,18,03:34,Off Arc 3 Miss,0,"[{""description"": ""Laksa P.FOUL (P3.T3)"", ""url"": """"}, {""description"": ""Okonkwo 13' Pullup Jump Shot (13 PTS)"", ""url"": """"}]",False,possessions,4Q/OT | margin -3..3 | 300..120,team
wnba,wnba_shot_pace,shot_pace,possessions,get-possessions,2025,Regular Season,team,"{'OffDef': 'Offense', 'Season': '2025', 'SeasonType': 'Regular Season', 'TeamId': '1611661321'}",shot_pace,1611661321,4Q/OT | margin -3..3 | 300..120,get-possessions__possessions__off_def-Offense__season-2025__season_type-Regular_Season__team_id-1611661321__534a4266,get-possessions,https://api.pbpstats.com/get-possessions/wnba?OffDef=Offense&Season=2025&SeasonType=Regular+Season&TeamId=1611661321,200,26,03:42,"Bueckers Bad Pass Turnover (P1.T7): Akoa Makani STEAL (1 STL)
",0,0,0,0,2025-09-11,1022500284,0,0,PHX,3,0,18,03:48,Off Steal,1,"[{""description"": ""Bueckers Bad Pass Turnover (P1.T7): Akoa Makani STEAL (1 STL)"", ""url"": """"}]",False,possessions,4Q/OT | margin -3..3 | 300..120,team
wnba,wnba_shot_pace,shot_pace,possessions,get-possessions,2025,Regular Season,team,"{'OffDef': 'Offense', 'Season': '2025', 'SeasonType': 'Regular Season', 'TeamId': '1611661321'}",shot_pace,1611661321,4Q/OT | margin -3..3 | 300..120,get-possessions__possessions__off_def-Offense__season-2025__season_type-Regular_Season__team_id-1611661321__534a4266,get-possessions,https://api.pbpstats.com/get-possessions/wnba?OffDef=Offense&Season=2025&SeasonType=Regular+Season&TeamId=1611661321,200,27,04:14,"James 7' Running Pull-Up Jump Shot (16 PTS) (Bueckers 6 AST)
",1,1,0,0,2025-09-11,1022500284,0,0,PHX,3,0,16,04:19,Off Steal,0,"[{""description"": ""James 7' Running Pull-Up Jump Shot (16 PTS) (Bueckers 6 AST)"", ""url"": """"}]",False,possessions,4Q/OT | margin -3..3 | 300..120,team
wnba,wnba_shot_pace,shot_pace,possessions,get-possessions,2025,Regular Season,team,"{'OffDef': 'Offense', 'Season': '2025', 'SeasonType': 'Regular Season', 'TeamId': '1611661321'}",shot_pace,1611661321,4Q/OT | margin -3..3 | 300..120,get-possessions__possessions__off_def-Offense__season-2025__season_type-Regular_Season__team_id-1611661321__534a4266,get-possessions,https://api.pbpstats.com/get-possessions/wnba?OffDef=Offense&Season=2025&SeasonType=Regular+Season&TeamId=1611661321,200,28,04:26,"MISS Okonkwo 27' 3PT Jump Shot
Sabally REBOUND (Off:1 Def:4)
",0,0,1,0,2025-09-11,1022500284,0,0,PHX,3,0,16,04:38,Off Long Mid-Range Miss,0,"[{""description"": ""MISS Okonkwo 27' 3PT Jump Shot"", ""url"": """"}, {""description"": ""Sabally REBOUND (Off:1 Def:4)"", ""url"": """"}]",False,possessions,4Q/OT | margin -3..3 | 300..120,team
wnba,wnba_shot_pace,shot_pace,possessions,get-possessions,2025,Regular Season,team,"{'OffDef': 'Offense', 'Season': '2025', 'SeasonType': 'Regular Season', 'TeamId': '1611661321'}",shot_pace,1611661321,4Q/OT | margin -3..3 | 300..120,get-possessions__possessions__off_def-Offense__season-2025__season_type-Regular_Season__team_id-1611661321__534a4266,get-possessions,https://api.pbpstats.com/get-possessions/wnba?OffDef=Offense&Season=2025&SeasonType=Regular+Season&TeamId=1611661321,200,29,04:55,"MISS Okonkwo 3' Running Layup
Bueckers REBOUND (Off:2 Def:4)
MISS James 27' 3PT Pullup Jump Shot
Siegrist REBOUND (Off:2 Def:0)
MISS Siegrist 14' Jump Shot
Sabally REBOUND (Off:1 Def:3)
",2,0,1,0,2025-09-11,1022500284,0,2,PHX,3,0,16,05:10,Off Steal,0,"[{""description"": ""MISS Okonkwo 3' Running Layup"", ""url"": """"}, {""description"": ""Bueckers REBOUND (Off:2 Def:4)"", ""url"": """"}, {""description"": ""MISS James 27' 3PT Pullup Jump Shot"", ""url"": """"}, {""description"": ""Siegrist REBOUND (Off:2 Def:0)"", ""url"": """"}, {""description"": ""MISS Siegrist 14' Jump Shot"", ""url"": """"}, {""description"": ""Sabally REBOUND (Off:1 Def:3)"", ""url"": """"}]",False,possessions,4Q/OT | margin -3..3 | 300..120,team
wnba,wnba_shot_pace,shot_pace,possessions,get-possessions,2025,Regular Season,team,"{'OffDef': 'Offense', 'Season': '2025', 'SeasonType': 'Regular Season', 'TeamId': '1611661321'}",shot_pace,1611661321,4Q/OT | margin -3..3 | 300..120,get-possessions__possessions__off_def-Offense__season-2025__season_type-Regular_Season__team_id-1611661321__534a4266,get-possessions,https://api.pbpstats.com/get-possessions/wnba?OffDef=Offense&Season=2025&SeasonType=Regular+Season&TeamId=1611661321,200,30,05:24,"Akoa Makani S.FOUL (P1.T2)
MISS Bueckers Free Throw 1 of 2
WINGS Rebound
Bueckers Free Throw 2 of 2 (18 PTS)
",0,0,0,0,2025-09-11,1022500284,0,0,PHX,3,1,15,05:31,Off Arc 3 Miss,0,"[{""description"": ""Akoa Makani S.FOUL (P1.T2)"", ""url"": """"}, {""description"": ""MISS Bueckers Free Throw 1 of 2"", ""url"": """"}, {""description"": ""WINGS Rebound"", ""url"": """"}, {""description"": ""Bueckers Free Throw 2 of 2 (18 PTS)"", ""url"": """"}]",False,possessions,4Q/OT | margin -3..3 | 300..120,team
wnba,wnba_shot_pace,shot_pace,possessions,get-possessions,2025,Regular Season,team,"{'OffDef': 'Offense', 'Season': '2025', 'SeasonType': 'Regular Season', 'TeamId': '1611661321'}",shot_pace,1611661321,4Q/OT | margin -3..3 | 300..120,get-possessions__possessions__off_def-Offense__season-2025__season_type-Regular_Season__team_id-1611661321__534a4266,get-possessions,https://api.pbpstats.com/get-possessions/wnba?OffDef=Offense&Season=2025&SeasonType=Regular+Season&TeamId=1611661321,200,31,05:51,"Bueckers 8' Turnaround Fadeaway (17 PTS)
",1,1,0,0,2025-09-11,1022500284,0,0,PHX,3,0,13,06:00,Off Arc 3 Miss,0,"[{""description"": ""Bueckers 8' Turnaround Fadeaway (17 PTS)"", ""url"": """"}]",False,possessions,4Q/OT | margin -3..3 | 300..120,team
wnba,wnba_shot_pace,shot_pace,possessions,get-possessions,2025,Regular Season,team,"{'OffDef': 'Offense', 'Season': '2025', 'SeasonType': 'Regular Season', 'TeamId': '1611661321'}",shot_pace,1611661321,4Q/OT | margin -3..3 | 300..120,get-possessions__possessions__off_def-Offense__season-2025__season_type-Regular_Season__team_id-1611661321__534a4266,get-possessions,https://api.pbpstats.com/get-possessions/wnba?OffDef=Offense&Season=2025&SeasonType=Regular+Season&TeamId=1611661321,200,32,06:09,"James Lost Ball Turnover (P1.T6): Sabally STEAL (2 STL)
",0,0,0,0,2025-09-11,1022500284,0,0,PHX,3,0,13,06:15,Off Steal,1,"[{""description"": ""James Lost Ball Turnover (P1.T6): Sabally STEAL (2 STL)"", ""url"": """"}]",False,possessions,4Q/OT | margin -3..3 | 300..120,team
wnba,wnba_shot_pace,shot_pace,possessions,get-possessions,2025,Regular Season,team,"{'OffDef': 'Offense', 'Season': '2025', 'SeasonType': 'Regular Season', 'TeamId': '1611661321'}",shot_pace,1611661321,4Q/OT | margin -3..3 | 300..120,get-possessions__possessions__off_def-Offense__season-2025__season_type-Regular_Season__team_id-1611661321__534a4266,get-possessions,https://api.pbpstats.com/get-possessions/wnba?OffDef=Offense&Season=2025&SeasonType=Regular+Season&TeamId=1611661321,200,33,06:49,"Berger Out of Bounds - Bad Pass Turnover Turnover (P1.T5)
",0,0,0,0,2025-09-11,1022500284,0,0,PHX,3,0,13,07:00,Off Arc 3 Make,1,"[{""description"": ""Berger Out of Bounds - Bad Pass Turnover Turnover (P1.T5)"", ""url"": """"}]",False,possessions,4Q/OT | margin -3..3 | 300..120,team
wnba,wnba_shot_pace,shot_pace,possessions,get-possessions,2025,Regular Season,team,"{'OffDef': 'Offense', 'Season': '2025', 'SeasonType': 'Regular Season', 'TeamId': '1611661321'}",shot_pace,1611661321,4Q/OT | margin -3..3 | 300..120,get-possessions__possessions__off_def-Offense__season-2025__season_type-Regular_Season__team_id-1611661321__534a4266,get-possessions,https://api.pbpstats.com/get-possessions/wnba?OffDef=Offense&Season=2025&SeasonType=Regular+Season&TeamId=1611661321,200,34,07:15,"Siegrist 3' Layup (10 PTS) (Berger 2 AST)
",1,1,0,0,2025-09-11,1022500284,0,0,PHX,3,0,14,07:22,Off At Rim Make,0,"[{""description"": ""Siegrist 3' Layup (10 PTS) (Berger 2 AST)"", ""url"": """"}]",False,possessions,4Q/OT | margin -3..3 | 300..120,team
wnba,wnba_shot_pace,shot_pace,possessions,get-possessions,2025,Regular Season,team,"{'OffDef': 'Offense', 'Season': '2025', 'SeasonType': 'Regular Season', 'TeamId': '1611661321'}",shot_pace,1611661321,4Q/OT | margin -3..3 | 300..120,get-possessions__possessions__off_def-Offense__season-2025__season_type-Regular_Season__team_id-1611661321__534a4266,get-possessions,https://api.pbpstats.com/get-possessions/wnba?OffDef=Offense&Season=2025&SeasonType=Regular+Season&TeamId=1611661321,200,35,07:34,"Jones Bad Pass Turnover (P3.T4): Sabally STEAL (1 STL)
",0,0,0,0,2025-09-11,1022500284,0,0,PHX,3,0,16,07:53,Off Short Mid-Range Miss,1,"[{""description"": ""Jones Bad Pass Turnover (P3.T4): Sabally STEAL (1 STL)"", ""url"": """"}]",False,possessions,4Q/OT | margin -3..3 | 300..120,team
wnba,wnba_shot_pace,shot_pace,possessions,get-possessions,2025,Regular Season,team,"{'OffDef': 'Offense', 'Season': '2025', 'SeasonType': 'Regular Season', 'TeamId': '1611661321'}",shot_pace,1611661321,4Q/OT | margin -3..3 | 300..120,get-possessions__possessions__off_def-Offense__season-2025__season_type-Regular_Season__team_id-1611661321__534a4266,get-possessions,https://api.pbpstats.com/get-possessions/wnba?OffDef=Offense&Season=2025&SeasonType=Regular+Season&TeamId=1611661321,200,36,08:05,"MISS Jones 3' Driving Reverse Layup
Sabally REBOUND (Off:1 Def:2)
",1,0,0,0,2025-09-11,1022500284,0,0,PHX,3,0,16,08:17,Off Dead Ball,0,"[{""description"": ""MISS Jones 3' Driving Reverse Layup"", ""url"": """"}, {""description"": ""Sabally REBOUND (Off:1 Def:2)"", ""url"": """"}]",False,possessions,4Q/OT | margin -3..3 | 300..120,team
wnba,wnba_shot_pace,shot_pace,possessions,get-possessions,2025,Regular Season,team,"{'OffDef': 'Offense', 'Season': '2025', 'SeasonType': 'Regular Season', 'TeamId': '1611661321'}",shot_pace,1611661321,4Q/OT | margin -3..3 | 300..120,get-possessions__possessions__off_def-Offense__season-2025__season_type-Regular_Season__team_id-1611661321__534a4266,get-possessions,https://api.pbpstats.com/get-possessions/wnba?OffDef=Offense&Season=2025&SeasonType=Regular+Season&TeamId=1611661321,200,37,08:35,"Siegrist 13' Floating Jump Shot (8 PTS)
",1,1,0,0,2025-09-11,1022500284,0,0,PHX,3,0,14,08:44,Off Arc 3 Miss,0,"[{""description"": ""Siegrist 13' Floating Jump Shot (8 PTS)"", ""url"": """"}]",False,possessions,4Q/OT | margin -3..3 | 300..120,team
wnba,wnba_shot_pace,shot_pace,possessions,get-possessions,2025,Regular Season,team,"{'OffDef': 'Offense', 'Season': '2025', 'SeasonType': 'Regular Season', 'TeamId': '1611661321'}",shot_pace,1611661321,4Q/OT | margin -3..3 | 300..120,get-possessions__possessions__off_def-Offense__season-2025__season_type-Regular_Season__team_id-1611661321__534a4266,get-possessions,https://api.pbpstats.com/get-possessions/wnba?OffDef=Offense&Season=2025&SeasonType=Regular+Season&TeamId=1611661321,200,38,09:00,"Jones 3' Driving Layup (4 PTS) (Bueckers 5 AST)
",1,1,0,0,2025-09-11,1022500284,0,0,PHX,3,0,12,09:10,Off Block,0,"[{""description"": ""Jones 3' Driving Layup (4 PTS) (Bueckers 5 AST)"", ""url"": """"}]",False,possessions,4Q/OT | margin -3..3 | 300..120,team
wnba,wnba_shot_pace,shot_pace,possessions,get-possessions,2025,Regular Season,team,"{'OffDef': 'Offense', 'Season': '2025', 'SeasonType': 'Regular Season', 'TeamId': '1611661321'}",shot_pace,1611661321,4Q/OT | margin -3..3 | 300..120,get-possessions__possessions__off_def-Offense__season-2025__season_type-Regular_Season__team_id-1611661321__534a4266,get-possessions,https://api.pbpstats.com/get-possessions/wnba?OffDef=Offense&Season=2025&SeasonType=Regular+Season&TeamId=1611661321,200,39,09:33,"MISS Bueckers 15' Pullup Jump Shot
Siegrist REBOUND (Off:1 Def:0)
Laksa S.FOUL (P2.T1)
Siegrist Free Throw 1 of 2 (5 PTS)
Siegrist Free Throw 2 of 2 (6 PTS)
",1,0,0,0,2025-09-11,1022500284,0,1,PHX,3,1,10,10:00,Off Dead Ball,0,"[{""description"": ""MISS Bueckers 15' Pullup Jump Shot"", ""url"": """"}, {""description"": ""Siegrist REBOUND (Off:1 Def:0)"", ""url"": """"}, {""description"": ""Laksa S.FOUL (P2.T1)"", ""url"": """"}, {""description"": ""Siegrist Free Throw 1 of 2 (5 PTS)"", ""url"": """"}, {""description"": ""Siegrist Free Throw 2 of 2 (6 PTS)"", ""url"": """"}]",False,possessions,4Q/OT | margin -3..3 | 300..120,team
wnba,wnba_shot_pace,shot_pace,possessions,get-possessions,2025,Regular Season,team,"{'OffDef': 'Offense', 'Season': '2025', 'SeasonType': 'Regular Season', 'TeamId': '1611661321'}",shot_pace,1611661321,4Q/OT | margin -3..3 | 300..120,get-possessions__possessions__off_def-Offense__season-2025__season_type-Regular_Season__team_id-1611661321__534a4266,get-possessions,https://api.pbpstats.com/get-possessions/wnba?OffDef=Offense&Season=2025&SeasonType=Regular+Season&TeamId=1611661321,200,40,00:01,"MISS Bueckers 17' Pullup Jump Shot
Laksa REBOUND (Off:0 Def:1)
",1,0,0,0,2025-09-11,1022500284,0,0,PHX,2,0,10,00:14,Off At Rim Make,0,"[{""description"": ""MISS Bueckers 17' Pullup Jump Shot"", ""url"": """"}, {""description"": ""Laksa REBOUND (Off:0 Def:1)"", ""url"": """"}]",False,possessions,4Q/OT | margin -3..3 | 300..120,team
wnba,wnba_shot_pace,shot_pace,possessions,get-possessions,2025,Regular Season,team,"{'OffDef': 'Offense', 'Season': '2025', 'SeasonType': 'Regular Season', 'TeamId': '1611661321'}",shot_pace,1611661321,4Q/OT | margin -3..3 | 300..120,get-possessions__possessions__off_def-Offense__season-2025__season_type-Regular_Season__team_id-1611661321__534a4266,get-possessions,https://api.pbpstats.com/get-possessions/wnba?OffDef=Offense&Season=2025&SeasonType=Regular+Season&TeamId=1611661321,200,41,00:34,"Bueckers 24' 3PT Pullup Jump Shot (15 PTS)
",0,0,1,1,2025-09-11,1022500284,0,0,PHX,2,0,9,00:43,Off Dead Ball,0,"[{""description"": ""Bueckers 24' 3PT Pullup Jump Shot (15 PTS)"", ""url"": """"}]",False,possessions,4Q/OT | margin -3..3 | 300..120,team
wnba,wnba_shot_pace,shot_pace,possessions,get-possessions,2025,Regular Season,team,"{'OffDef': 'Offense', 'Season': '2025', 'SeasonType': 'Regular Season', 'TeamId': '1611661321'}",shot_pace,1611661321,4Q/OT | margin -3..3 | 300..120,get-possessions__possessions__off_def-Offense__season-2025__season_type-Regular_Season__team_id-1611661321__534a4266,get-possessions,https://api.pbpstats.com/get-possessions/wnba?OffDef=Offense&Season=2025&SeasonType=Regular+Season&TeamId=1611661321,200,42,00:54,"Okonkwo 24' 3PT Running Jump Shot (11 PTS) (Bueckers 4 AST)
",0,0,1,1,2025-09-11,1022500284,0,0,PHX,2,0,6,00:59,Off At Rim Block,0,"[{""description"": ""Okonkwo 24' 3PT Running Jump Shot (11 PTS) (Bueckers 4 AST)"", ""url"": """"}]",False,possessions,4Q/OT | margin -3..3 | 300..120,team
wnba,wnba_shot_pace,shot_pace,possessions,get-possessions,2025,Regular Season,team,"{'OffDef': 'Offense', 'Season': '2025', 'SeasonType': 'Regular Season', 'TeamId': '1611661321'}",shot_pace,1611661321,4Q/OT | margin -3..3 | 300..120,get-possessions__possessions__off_def-Offense__season-2025__season_type-Regular_Season__team_id-1611661321__534a4266,get-possessions,https://api.pbpstats.com/get-possessions/wnba?OffDef=Offense&Season=2025&SeasonType=Regular+Season&TeamId=1611661321,200,43,01:15,"MISS James 2' Driving Layup
James REBOUND (Off:3 Def:2)
Bueckers 1' Cutting Layup Shot (12 PTS) (Siegrist 2 AST)
",2,1,0,0,2025-09-11,1022500284,0,1,PHX,2,0,4,01:33,Off Short Mid-Range Make,0,"[{""description"": ""MISS James 2' Driving Layup"", ""url"": """"}, {""description"": ""James REBOUND (Off:3 Def:2)"", ""url"": """"}, {""description"": ""Bueckers 1' Cutting Layup Shot (12 PTS) (Siegrist 2 AST)"", ""url"": """"}]",False,possessions,4Q/OT | margin -3..3 | 300..120,team
wnba,wnba_shot_pace,shot_pace,possessions,get-possessions,2025,Regular Season,team,"{'OffDef': 'Offense', 'Season': '2025', 'SeasonType': 'Regular Season', 'TeamId': '1611661321'}",shot_pace,1611661321,4Q/OT | margin -3..3 | 300..120,get-possessions__possessions__off_def-Offense__season-2025__season_type-Regular_Season__team_id-1611661321__534a4266,get-possessions,https://api.pbpstats.com/get-possessions/wnba?OffDef=Offense&Season=2025&SeasonType=Regular+Season&TeamId=1611661321,200,44,01:53,"Bueckers 5' Driving Finger Roll Layup (10 PTS)
",1,1,0,0,2025-09-11,1022500284,0,0,PHX,2,0,4,02:07,Off Short Mid-Range Miss,0,"[{""description"": ""Bueckers 5' Driving Finger Roll Layup (10 PTS)"", ""url"": """"}]",False,possessions,4Q/OT | margin -3..3 | 300..120,team
wnba,wnba_shot_pace,shot_pace,possessions,get-possessions,2025,Regular Season,team,"{'OffDef': 'Offense', 'Season': '2025', 'SeasonType': 'Regular Season', 'TeamId': '1611661321'}",shot_pace,1611661321,4Q/OT | margin -3..3 | 300..120,get-possessions__possessions__off_def-Offense__season-2025__season_type-Regular_Season__team_id-1611661321__534a4266,get-possessions,https://api.pbpstats.com/get-possessions/wnba?OffDef=Offense&Season=2025&SeasonType=Regular+Season&TeamId=1611661321,200,45,02:30,"Bueckers 7' Pullup Jump Shot (7 PTS)
Held S.FOUL (P1.T3)
Bueckers Free Throw 1 of 1 (8 PTS)
",1,1,0,0,2025-09-11,1022500284,0,0,PHX,2,1,1,02:50,Off Arc 3 Make,0,"[{""description"": ""Bueckers 7' Pullup Jump Shot (7 PTS)"", ""url"": """"}, {""description"": ""Held S.FOUL (P1.T3)"", ""url"": """"}, {""description"": ""Bueckers Free Throw 1 of 1 (8 PTS)"", ""url"": """"}]",False,possessions,4Q/OT | margin -3..3 | 300..120,team
wnba,wnba_shot_pace,shot_pace,possessions,get-possessions,2025,Regular Season,team,"{'OffDef': 'Offense', 'Season': '2025', 'SeasonType': 'Regular Season', 'TeamId': '1611661321'}",shot_pace,1611661321,4Q/OT | margin -3..3 | 300..120,get-possessions__possessions__off_def-Offense__season-2025__season_type-Regular_Season__team_id-1611661321__534a4266,get-possessions,https://api.pbpstats.com/get-possessions/wnba?OffDef=Offense&Season=2025&SeasonType=Regular+Season&TeamId=1611661321,200,46,03:09,"Thomas P.FOUL (P1.T2)
MISS James 3' Driving Floating Jump Shot
James REBOUND (Off:2 Def:2)
James 1' Tip Layup Shot (14 PTS)
",2,1,0,0,2025-09-11,1022500284,0,1,PHX,2,0,2,03:26,Off Short Mid-Range Miss,0,"[{""description"": ""Thomas P.FOUL (P1.T2)"", ""url"": """"}, {""description"": ""MISS James 3' Driving Floating Jump Shot"", ""url"": """"}, {""description"": ""James REBOUND (Off:2 Def:2)"", ""url"": """"}, {""description"": ""James 1' Tip Layup Shot (14 PTS)"", ""url"": """"}]",False,possessions,4Q/OT | margin -3..3 | 300..120,team
wnba,wnba_shot_pace,shot_pace,possessions,get-possessions,2025,Regular Season,team,"{'OffDef': 'Offense', 'Season': '2025', 'SeasonType': 'Regular Season', 'TeamId': '1611661321'}",shot_pace,1611661321,4Q/OT | margin -3..3 | 300..120,get-possessions__possessions__off_def-Offense__season-2025__season_type-Regular_Season__team_id-1611661321__534a4266,get-possessions,https://api.pbpstats.com/get-possessions/wnba?OffDef=Offense&Season=2025&SeasonType=Regular+Season&TeamId=1611661321,200,47,03:42,"Siegrist 7' Turnaround Jump Shot (4 PTS)
",1,1,0,0,2025-09-11,1022500284,0,0,PHX,2,0,0,03:52,Off At Rim Make,0,"[{""description"": ""Siegrist 7' Turnaround Jump Shot (4 PTS)"", ""url"": """"}]",False,possessions,4Q/OT | margin -3..3 | 300..120,team
wnba,wnba_shot_pace,shot_pace,possessions,get-possessions,2025,Regular Season,team,"{'OffDef': 'Offense', 'Season': '2025', 'SeasonType': 'Regular Season', 'TeamId': '1611661321'}",shot_pace,1611661321,4Q/OT | margin -3..3 | 300..120,get-possessions__possessions__off_def-Offense__season-2025__season_type-Regular_Season__team_id-1611661321__534a4266,get-possessions,https://api.pbpstats.com/get-possessions/wnba?OffDef=Offense&Season=2025&SeasonType=Regular+Season&TeamId=1611661321,200,48,04:06,"Okonkwo 1' Driving Finger Roll Layup (8 PTS) (Siegrist 1 AST)
",1,1,0,0,2025-09-11,1022500284,0,0,PHX,2,0,0,04:25,Off FT Make,0,"[{""description"": ""Okonkwo 1' Driving Finger Roll Layup (8 PTS) (Siegrist 1 AST)"", ""url"": """"}]",False,possessions,4Q/OT | margin -3..3 | 300..120,team
wnba,wnba_shot_pace,shot_pace,possessions,get-possessions,2025,Regular Season,team,"{'OffDef': 'Offense', 'Season': '2025', 'SeasonType': 'Regular Season', 'TeamId': '1611661321'}",shot_pace,1611661321,4Q/OT | margin -3..3 | 300..120,get-possessions__possessions__off_def-Offense__season-2025__season_type-Regular_Season__team_id-1611661321__534a4266,get-possessions,https://api.pbpstats.com/get-possessions/wnba?OffDef=Offense&Season=2025&SeasonType=Regular+Season&TeamId=1611661321,200,49,04:37,"Copper P.FOUL (P2.T1)
Okonkwo 24' 3PT Jump Shot (6 PTS) (Jones 3 AST)
",0,0,1,1,2025-09-11,1022500284,0,0,PHX,2,0,-2,05:02,Off At Rim Make,0,"[{""description"": ""Copper P.FOUL (P2.T1)"", ""url"": """"}, {""description"": ""Okonkwo 24' 3PT Jump Shot (6 PTS) (Jones 3 AST)"", ""url"": """"}]",False,possessions,4Q/OT | margin -3..3 | 300..120,team
wnba,wnba_shot_pace,shot_pace,possessions,get-possessions,2025,Regular Season,team,"{'OffDef': 'Offense', 'Season': '2025', 'SeasonType': 'Regular Season', 'TeamId': '1611661321'}",shot_pace,1611661321,4Q/OT | margin -3..3 | 300..120,get-possessions__possessions__off_def-Offense__season-2025__season_type-Regular_Season__team_id-1611661321__534a4266,get-possessions,https://api.pbpstats.com/get-possessions/wnba?OffDef=Offense&Season=2025&SeasonType=Regular+Season&TeamId=1611661321,200,50,05:15,"Okonkwo 24' 3PT Jump Shot (3 PTS) (Jones 2 AST)
",0,0,1,1,2025-09-11,1022500284,0,0,PHX,2,0,-3,05:22,Off Short Mid-Range Miss,0,"[{""description"": ""Okonkwo 24' 3PT Jump Shot (3 PTS) (Jones 2 AST)"", ""url"": """"}]",False,possessions,4Q/OT | margin -3..3 | 300..120,team
wnba,wnba_shot_pace,shot_pace,possessions,get-possessions,2025,Regular Season,team,"{'OffDef': 'Offense', 'Season': '2025', 'SeasonType': 'Regular Season', 'TeamId': '1611661321'}",shot_pace,1611661321,4Q/OT | margin -3..3 | 300..120,get-possessions__possessions__off_def-Offense__season-2025__season_type-Regular_Season__team_id-1611661321__534a4266,get-possessions,https://api.pbpstats.com/get-possessions/wnba?OffDef=Offense&Season=2025&SeasonType=Regular+Season&TeamId=1611661321,200,51,05:48,"James 2' Driving Layup (12 PTS)
",1,1,0,0,2025-09-11,1022500284,0,0,PHX,2,0,-5,06:13,Off Timeout,0,"[{""description"": ""James 2' Driving Layup (12 PTS)"", ""url"": """"}]",False,possessions,4Q/OT | margin -3..3 | 300..120,team
wnba,wnba_shot_pace,shot_pace,possessions,get-possessions,2025,Regular Season,team,"{'OffDef': 'Offense', 'Season': '2025', 'SeasonType': 'Regular Season', 'TeamId': '1611661321'}",shot_pace,1611661321,4Q/OT | margin -3..3 | 300..120,get-possessions__possessions__off_def-Offense__season-2025__season_type-Regular_Season__team_id-1611661321__534a4266,get-possessions,https://api.pbpstats.com/get-possessions/wnba?OffDef=Offense&Season=2025&SeasonType=Regular+Season&TeamId=1611661321,200,52,06:34,"MISS Hines-Allen 3PT Jump Shot
Mercury Rebound
",0,0,1,0,2025-09-11,1022500284,0,0,PHX,2,0,-2,06:50,Off At Rim Make,0,"[{""description"": ""MISS Hines-Allen 3PT Jump Shot"", ""url"": """"}, {""description"": ""Mercury Rebound"", ""url"": """"}]",False,possessions,4Q/OT | margin -3..3 | 300..120,team
wnba,wnba_shot_pace,shot_pace,possessions,get-possessions,2025,Regular Season,team,"{'OffDef': 'Offense', 'Season': '2025', 'SeasonType': 'Regular Season', 'TeamId': '1611661321'}",shot_pace,1611661321,4Q/OT | margin -3..3 | 300..120,get-possessions__possessions__off_def-Offense__season-2025__season_type-Regular_Season__team_id-1611661321__534a4266,get-possessions,https://api.pbpstats.com/get-possessions/wnba?OffDef=Offense&Season=2025&SeasonType=Regular+Season&TeamId=1611661321,200,53,07:14,"James 3PT Jump Shot (10 PTS) (Jones 1 AST)
",0,0,1,1,2025-09-11,1022500284,0,0,PHX,2,0,-3,07:34,Off Short Mid-Range Make,0,"[{""description"": ""James 3PT Jump Shot (10 PTS) (Jones 1 AST)"", ""url"": """"}]",False,possessions,4Q/OT | margin -3..3 | 300..120,team
wnba,wnba_shot_pace,shot_pace,possessions,get-possessions,2025,Regular Season,team,"{'OffDef': 'Offense', 'Season': '2025', 'SeasonType': 'Regular Season', 'TeamId': '1611661321'}",shot_pace,1611661321,4Q/OT | margin -3..3 | 300..120,get-possessions__possessions__off_def-Offense__season-2025__season_type-Regular_Season__team_id-1611661321__534a4266,get-possessions,https://api.pbpstats.com/get-possessions/wnba?OffDef=Offense&Season=2025&SeasonType=Regular+Season&TeamId=1611661321,200,54,07:57,"MISS Jones 4' Floating Jump Shot
WINGS Rebound
MISS Hines-Allen 15' Jump Shot
Hines-Allen REBOUND (Off:2 Def:1)
Hines-Allen 2' Driving Floating Jump Shot (7 PTS)
",3,1,0,0,2025-09-11,1022500284,0,2,PHX,2,0,-3,08:16,Off Short Mid-Range Miss,0,"[{""description"": ""MISS Jones 4' Floating Jump Shot"", ""url"": """"}, {""description"": ""WINGS Rebound"", ""url"": """"}, {""description"": ""MISS Hines-Allen 15' Jump Shot"", ""url"": """"}, {""description"": ""Hines-Allen REBOUND (Off:2 Def:1)"", ""url"": """"}, {""description"": ""Hines-Allen 2' Driving Floating Jump Shot (7 PTS)"", ""url"": """"}]",False,possessions,4Q/OT | margin -3..3 | 300..120,team
wnba,wnba_shot_pace,shot_pace,possessions,get-possessions,2025,Regular Season,team,"{'OffDef': 'Offense', 'Season': '2025', 'SeasonType': 'Regular Season', 'TeamId': '1611661321'}",shot_pace,1611661321,4Q/OT | margin -3..3 | 300..120,get-possessions__possessions__off_def-Offense__season-2025__season_type-Regular_Season__team_id-1611661321__534a4266,get-possessions,https://api.pbpstats.com/get-possessions/wnba?OffDef=Offense&Season=2025&SeasonType=Regular+Season&TeamId=1611661321,200,55,08:30,"MISS Berger 25' 3PT Jump Shot
Hines-Allen REBOUND (Off:1 Def:1)
MISS Miller 24' 3PT Jump Shot
Mack REBOUND (Off:0 Def:2)
",0,0,2,0,2025-09-11,1022500284,0,1,PHX,2,0,-3,08:58,Off Arc 3 Miss,0,"[{""description"": ""MISS Berger 25' 3PT Jump Shot"", ""url"": """"}, {""description"": ""Hines-Allen REBOUND (Off:1 Def:1)"", ""url"": """"}, {""description"": ""MISS Miller 24' 3PT Jump Shot"", ""url"": """"}, {""description"": ""Mack REBOUND (Off:0 Def:2)"", ""url"": """"}]",False,possessions,4Q/OT | margin -3..3 | 300..120,team
wnba,wnba_shot_pace,shot_pace,possessions,get-possessions,2025,Regular Season,team,"{'OffDef': 'Offense', 'Season': '2025', 'SeasonType': 'Regular Season', 'TeamId': '1611661321'}",shot_pace,1611661321,4Q/OT | margin -3..3 | 300..120,get-possessions__possessions__off_def-Offense__season-2025__season_type-Regular_Season__team_id-1611661321__534a4266,get-possessions,https://api.pbpstats.com/get-possessions/wnba?OffDef=Offense&Season=2025&SeasonType=Regular+Season&TeamId=1611661321,200,56,09:06,"Jones Bad Pass Turnover (P2.T3): Williams STEAL (1 STL)
",0,0,0,0,2025-09-11,1022500284,0,0,PHX,2,0,-3,09:22,Off Steal,1,"[{""description"": ""Jones Bad Pass Turnover (P2.T3): Williams STEAL (1 STL)"", ""url"": """"}]",False,possessions,4Q/OT | margin -3..3 | 300..120,team
wnba,wnba_shot_pace,shot_pace,possessions,get-possessions,2025,Regular Season,team,"{'OffDef': 'Offense', 'Season': '2025', 'SeasonType': 'Regular Season', 'TeamId': '1611661321'}",shot_pace,1611661321,4Q/OT | margin -3..3 | 300..120,get-possessions__possessions__off_def-Offense__season-2025__season_type-Regular_Season__team_id-1611661321__534a4266,get-possessions,https://api.pbpstats.com/get-possessions/wnba?OffDef=Offense&Season=2025&SeasonType=Regular+Season&TeamId=1611661321,200,57,09:37,"MISS James 16' Step Back Jump Shot
Akoa Makani REBOUND (Off:0 Def:3)
",1,0,0,0,2025-09-11,1022500284,0,0,PHX,2,0,-3,10:00,Off Dead Ball,0,"[{""description"": ""MISS James 16' Step Back Jump Shot"", ""url"": """"}, {""description"": ""Akoa Makani REBOUND (Off:0 Def:3)"", ""url"": """"}]",False,possessions,4Q/OT | margin -3..3 | 300..120,team
wnba,wnba_shot_pace,shot_pace,possessions,get-possessions,2025,Regular Season,team,"{'OffDef': 'Offense', 'Season': '2025', 'SeasonType': 'Regular Season', 'TeamId': '1611661321'}",shot_pace,1611661321,4Q/OT | margin -3..3 | 300..120,get-possessions__possessions__off_def-Offense__season-2025__season_type-Regular_Season__team_id-1611661321__534a4266,get-possessions,https://api.pbpstats.com/get-possessions/wnba?OffDef=Offense&Season=2025&SeasonType=Regular+Season&TeamId=1611661321,200,58,00:12,"Berger 6' Floating Jump Shot (4 PTS)
",1,1,0,0,2025-09-11,1022500284,0,0,PHX,1,0,-5,00:31,Off Arc 3 Miss,0,"[{""description"": ""Berger 6' Floating Jump Shot (4 PTS)"", ""url"": """"}]",False,possessions,4Q/OT | margin -3..3 | 300..120,team
wnba,wnba_shot_pace,shot_pace,possessions,get-possessions,2025,Regular Season,team,"{'OffDef': 'Offense', 'Season': '2025', 'SeasonType': 'Regular Season', 'TeamId': '1611661321'}",shot_pace,1611661321,4Q/OT | margin -3..3 | 300..120,get-possessions__possessions__off_def-Offense__season-2025__season_type-Regular_Season__team_id-1611661321__534a4266,get-possessions,https://api.pbpstats.com/get-possessions/wnba?OffDef=Offense&Season=2025&SeasonType=Regular+Season&TeamId=1611661321,200,59,00:44,"Hines-Allen Out of Bounds - Bad Pass Turnover Turnover (P1.T2)
",0,0,0,0,2025-09-11,1022500284,0,0,PHX,1,0,-5,00:55,Off Corner 3 Make,1,"[{""description"": ""Hines-Allen Out of Bounds - Bad Pass Turnover Turnover (P1.T2)"", ""url"": """"}]",False,possessions,4Q/OT | margin -3..3 | 300..120,team
wnba,wnba_shot_pace,shot_pace,possessions,get-possessions,2025,Regular Season,team,"{'OffDef': 'Offense', 'Season': '2025', 'SeasonType': 'Regular Season', 'TeamId': '1611661321'}",shot_pace,1611661321,4Q/OT | margin -3..3 | 300..120,get-possessions__possessions__off_def-Offense__season-2025__season_type-Regular_Season__team_id-1611661321__534a4266,get-possessions,https://api.pbpstats.com/get-possessions/wnba?OffDef=Offense&Season=2025&SeasonType=Regular+Season&TeamId=1611661321,200,60,01:13,"James 24' 3PT Running Pull-Up Jump Shot (7 PTS)
",0,0,1,1,2025-09-11,1022500284,0,0,PHX,1,0,-5,01:18,Off Long Mid-Range Miss,0,"[{""description"": ""James 24' 3PT Running Pull-Up Jump Shot (7 PTS)"", ""url"": """"}]",False,possessions,4Q/OT | margin -3..3 | 300..120,team
wnba,wnba_shot_pace,shot_pace,possessions,get-possessions,2025,Regular Season,team,"{'OffDef': 'Offense', 'Season': '2025', 'SeasonType': 'Regular Season', 'TeamId': '1611661321'}",shot_pace,1611661321,4Q/OT | margin -3..3 | 300..120,get-possessions__possessions__off_def-Offense__season-2025__season_type-Regular_Season__team_id-1611661321__534a4266,get-possessions,https://api.pbpstats.com/get-possessions/wnba?OffDef=Offense&Season=2025&SeasonType=Regular+Season&TeamId=1611661321,200,61,01:38,"Hines-Allen 6' Driving Floating Bank Jump Shot (5 PTS) (Berger 1 AST)
",1,1,0,0,2025-09-11,1022500284,0,0,PHX,1,0,-7,01:48,Off FT Make,0,"[{""description"": ""Hines-Allen 6' Driving Floating Bank Jump Shot (5 PTS) (Berger 1 AST)"", ""url"": """"}]",False,possessions,4Q/OT | margin -3..3 | 300..120,team
wnba,wnba_shot_pace,shot_pace,possessions,get-possessions,2025,Regular Season,team,"{'OffDef': 'Offense', 'Season': '2025', 'SeasonType': 'Regular Season', 'TeamId': '1611661321'}",shot_pace,1611661321,4Q/OT | margin -3..3 | 300..120,get-possessions__possessions__off_def-Offense__season-2025__season_type-Regular_Season__team_id-1611661321__534a4266,get-possessions,https://api.pbpstats.com/get-possessions/wnba?OffDef=Offense&Season=2025&SeasonType=Regular+Season&TeamId=1611661321,200,62,02:04,"MISS Okonkwo 24' 3PT Running Jump Shot
Bueckers REBOUND (Off:1 Def:1)
Hines-Allen 1' Driving Layup (2 PTS) (Bueckers 3 AST)
Williams S.FOUL (P1.T4)
Hines-Allen Free Throw 1 of 1 (3 PTS)
",1,1,1,0,2025-09-11,1022500284,0,1,PHX,1,1,-8,02:18,Off Steal,0,"[{""description"": ""MISS Okonkwo 24' 3PT Running Jump Shot"", ""url"": """"}, {""description"": ""Bueckers REBOUND (Off:1 Def:1)"", ""url"": """"}, {""description"": ""Hines-Allen 1' Driving Layup (2 PTS) (Bueckers 3 AST)"", ""url"": """"}, {""description"": ""Williams S.FOUL (P1.T4)"", ""url"": """"}, {""description"": ""Hines-Allen Free Throw 1 of 1 (3 PTS)"", ""url"": """"}]",False,possessions,4Q/OT | margin -3..3 | 300..120,team
wnba,wnba_shot_pace,shot_pace,possessions,get-possessions,2025,Regular Season,team,"{'OffDef': 'Offense', 'Season': '2025', 'SeasonType': 'Regular Season', 'TeamId': '1611661321'}",shot_pace,1611661321,4Q/OT | margin -3..3 | 300..120,get-possessions__possessions__off_def-Offense__season-2025__season_type-Regular_Season__team_id-1611661321__534a4266,get-possessions,https://api.pbpstats.com/get-possessions/wnba?OffDef=Offense&Season=2025&SeasonType=Regular+Season&TeamId=1611661321,200,63,02:38,"James 6' Driving Floating Jump Shot (4 PTS) (Hines-Allen 3 AST)
",1,1,0,0,2025-09-11,1022500284,0,0,PHX,1,0,-10,02:48,Off Arc 3 Miss,0,"[{""description"": ""James 6' Driving Floating Jump Shot (4 PTS) (Hines-Allen 3 AST)"", ""url"": """"}]",False,possessions,4Q/OT | margin -3..3 | 300..120,team
wnba,wnba_shot_pace,shot_pace,possessions,get-possessions,2025,Regular Season,team,"{'OffDef': 'Offense', 'Season': '2025', 'SeasonType': 'Regular Season', 'TeamId': '1611661321'}",shot_pace,1611661321,4Q/OT | margin -3..3 | 300..120,get-possessions__possessions__off_def-Offense__season-2025__season_type-Regular_Season__team_id-1611661321__534a4266,get-possessions,https://api.pbpstats.com/get-possessions/wnba?OffDef=Offense&Season=2025&SeasonType=Regular+Season&TeamId=1611661321,200,64,03:04,"MISS Bueckers 2' Driving Finger Roll Layup
James REBOUND (Off:1 Def:0)
Bueckers 21' Jump Shot (5 PTS) (James 1 AST)
",2,1,0,0,2025-09-11,1022500284,0,1,PHX,1,0,-12,03:19,Off Dead Ball,0,"[{""description"": ""MISS Bueckers 2' Driving Finger Roll Layup"", ""url"": """"}, {""description"": ""James REBOUND (Off:1 Def:0)"", ""url"": """"}, {""description"": ""Bueckers 21' Jump Shot (5 PTS) (James 1 AST)"", ""url"": """"}]",False,possessions,4Q/OT | margin -3..3 | 300..120,team
wnba,wnba_shot_pace,shot_pace,possessions,get-possessions,2025,Regular Season,team,"{'OffDef': 'Offense', 'Season': '2025', 'SeasonType': 'Regular Season', 'TeamId': '1611661321'}",shot_pace,1611661321,4Q/OT | margin -3..3 | 300..120,get-possessions__possessions__off_def-Offense__season-2025__season_type-Regular_Season__team_id-1611661321__534a4266,get-possessions,https://api.pbpstats.com/get-possessions/wnba?OffDef=Offense&Season=2025&SeasonType=Regular+Season&TeamId=1611661321,200,65,03:23,"James 2' Driving Floating Jump Shot (2 PTS) (Bueckers 2 AST)
Whitcomb S.FOUL (P1.T3)
MISS James Free Throw 1 of 1
Westbeld REBOUND (Off:0 Def:1)
",1,1,0,0,2025-09-11,1022500284,0,0,PHX,1,1,-14,03:35,Off Arc 3 Make,0,"[{""description"": ""James 2' Driving Floating Jump Shot (2 PTS) (Bueckers 2 AST)"", ""url"": """"}, {""description"": ""Whitcomb S.FOUL (P1.T3)"", ""url"": """"}, {""description"": ""MISS James Free Throw 1 of 1"", ""url"": """"}, {""description"": ""Westbeld REBOUND (Off:0 Def:1)"", ""url"": """"}]",False,possessions,4Q/OT | margin -3..3 | 300..120,team
wnba,wnba_shot_pace,shot_pace,possessions,get-possessions,2025,Regular Season,team,"{'OffDef': 'Offense', 'Season': '2025', 'SeasonType': 'Regular Season', 'TeamId': '1611661321'}",shot_pace,1611661321,4Q/OT | margin -3..3 | 300..120,get-possessions__possessions__off_def-Offense__season-2025__season_type-Regular_Season__team_id-1611661321__534a4266,get-possessions,https://api.pbpstats.com/get-possessions/wnba?OffDef=Offense&Season=2025&SeasonType=Regular+Season&TeamId=1611661321,200,66,03:49,"Bueckers 3PT Pullup Jump Shot (3 PTS)
",0,0,1,1,2025-09-11,1022500284,0,0,PHX,1,0,-14,03:57,Off Dead Ball,0,"[{""description"": ""Bueckers 3PT Pullup Jump Shot (3 PTS)"", ""url"": """"}]",False,possessions,4Q/OT | margin -3..3 | 300..120,team
wnba,wnba_shot_pace,shot_pace,possessions,get-possessions,2025,Regular Season,team,"{'OffDef': 'Offense', 'Season': '2025', 'SeasonType': 'Regular Season', 'TeamId': '1611661321'}",shot_pace,1611661321,4Q/OT | margin -3..3 | 300..120,get-possessions__possessions__off_def-Offense__season-2025__season_type-Regular_Season__team_id-1611661321__534a4266,get-possessions,https://api.pbpstats.com/get-possessions/wnba?OffDef=Offense&Season=2025&SeasonType=Regular+Season&TeamId=1611661321,200,67,04:09,"Brown S.FOUL (P1.T2)
MISS Jones Free Throw 1 of 2
WINGS Rebound
MISS Jones Free Throw 2 of 2
Thomas REBOUND (Off:0 Def:2)
",0,0,0,0,2025-09-11,1022500284,0,0,PHX,1,1,-14,04:24,Off Arc 3 Make,0,"[{""description"": ""Brown S.FOUL (P1.T2)"", ""url"": """"}, {""description"": ""MISS Jones Free Throw 1 of 2"", ""url"": """"}, {""description"": ""WINGS Rebound"", ""url"": """"}, {""description"": ""MISS Jones Free Throw 2 of 2"", ""url"": """"}, {""description"": ""Thomas REBOUND (Off:0 Def:2)"", ""url"": """"}]",False,possessions,4Q/OT | margin -3..3 | 300..120,team
wnba,wnba_shot_pace,shot_pace,possessions,get-possessions,2025,Regular Season,team,"{'OffDef': 'Offense', 'Season': '2025', 'SeasonType': 'Regular Season', 'TeamId': '1611661321'}",shot_pace,1611661321,4Q/OT | margin -3..3 | 300..120,get-possessions__possessions__off_def-Offense__season-2025__season_type-Regular_Season__team_id-1611661321__534a4266,get-possessions,https://api.pbpstats.com/get-possessions/wnba?OffDef=Offense&Season=2025&SeasonType=Regular+Season&TeamId=1611661321,200,68,04:45,"MISS Okonkwo 24' 3PT Jump Shot
Brown REBOUND (Off:0 Def:1)
",0,0,1,0,2025-09-11,1022500284,0,0,PHX,1,0,-11,04:58,Off Short Mid-Range Make,0,"[{""description"": ""MISS Okonkwo 24' 3PT Jump Shot"", ""url"": """"}, {""description"": ""Brown REBOUND (Off:0 Def:1)"", ""url"": """"}]",False,possessions,4Q/OT | margin -3..3 | 300..120,team
wnba,wnba_shot_pace,shot_pace,possessions,get-possessions,2025,Regular Season,team,"{'OffDef': 'Offense', 'Season': '2025', 'SeasonType': 'Regular Season', 'TeamId': '1611661321'}",shot_pace,1611661321,4Q/OT | margin -3..3 | 300..120,get-possessions__possessions__off_def-Offense__season-2025__season_type-Regular_Season__team_id-1611661321__534a4266,get-possessions,https://api.pbpstats.com/get-possessions/wnba?OffDef=Offense&Season=2025&SeasonType=Regular+Season&TeamId=1611661321,200,69,05:07,"Copper P.FOUL (P1.T1)
MISS Bueckers 19' Pullup Jump Shot
Sabally REBOUND (Off:0 Def:1)
",1,0,0,0,2025-09-11,1022500284,0,0,PHX,1,0,-9,05:34,Off Arc 3 Make,0,"[{""description"": ""Copper P.FOUL (P1.T1)"", ""url"": """"}, {""description"": ""MISS Bueckers 19' Pullup Jump Shot"", ""url"": """"}, {""description"": ""Sabally REBOUND (Off:0 Def:1)"", ""url"": """"}]",False,possessions,4Q/OT | margin -3..3 | 300..120,team
wnba,wnba_shot_pace,shot_pace,possessions,get-possessions,2025,Regular Season,team,"{'OffDef': 'Offense', 'Season': '2025', 'SeasonType': 'Regular Season', 'TeamId': '1611661321'}",shot_pace,1611661321,4Q/OT | margin -3..3 | 300..120,get-possessions__possessions__off_def-Offense__season-2025__season_type-Regular_Season__team_id-1611661321__534a4266,get-possessions,https://api.pbpstats.com/get-possessions/wnba?OffDef=Offense&Season=2025&SeasonType=Regular+Season&TeamId=1611661321,200,70,05:40,"Jones Bad Pass Turnover (P1.T1): Thomas STEAL (1 STL)
",0,0,0,0,2025-09-11,1022500284,0,0,PHX,1,0,-6,05:50,Off FT Miss,1,"[{""description"": ""Jones Bad Pass Turnover (P1.T1): Thomas STEAL (1 STL)"", ""url"": """"}]",False,possessions,4Q/OT | margin -3..3 | 300..120,team
wnba,wnba_shot_pace,shot_pace,possessions,get-possessions,2025,Regular Season,team,"{'OffDef': 'Offense', 'Season': '2025', 'SeasonType': 'Regular Season', 'TeamId': '1611661321'}",shot_pace,1611661321,4Q/OT | margin -3..3 | 300..120,get-possessions__possessions__off_def-Offense__season-2025__season_type-Regular_Season__team_id-1611661321__534a4266,get-possessions,https://api.pbpstats.com/get-possessions/wnba?OffDef=Offense&Season=2025&SeasonType=Regular+Season&TeamId=1611661321,200,71,06:10,"MISS Hines-Allen 26' 3PT Jump Shot
Akoa Makani REBOUND (Off:0 Def:2)
",0,0,1,0,2025-09-11,1022500284,0,0,PHX,1,0,-4,06:29,Off Block,0,"[{""description"": ""MISS Hines-Allen 26' 3PT Jump Shot"", ""url"": """"}, {""description"": ""Akoa Makani REBOUND (Off:0 Def:2)"", ""url"": """"}]",False,possessions,4Q/OT | margin -3..3 | 300..120,team
wnba,wnba_shot_pace,shot_pace,possessions,get-possessions,2025,Regular Season,team,"{'OffDef': 'Offense', 'Season': '2025', 'SeasonType': 'Regular Season', 'TeamId': '1611661321'}",shot_pace,1611661321,4Q/OT | margin -3..3 | 300..120,get-possessions__possessions__off_def-Offense__season-2025__season_type-Regular_Season__team_id-1611661321__534a4266,get-possessions,https://api.pbpstats.com/get-possessions/wnba?OffDef=Offense&Season=2025&SeasonType=Regular+Season&TeamId=1611661321,200,72,06:44,"Jones 2' Cutting Layup Shot (2 PTS) (Bueckers 1 AST)
",1,1,0,0,2025-09-11,1022500284,0,0,PHX,1,0,-6,06:56,Off Short Mid-Range Make,0,"[{""description"": ""Jones 2' Cutting Layup Shot (2 PTS) (Bueckers 1 AST)"", ""url"": """"}]",False,possessions,4Q/OT | margin -3..3 | 300..120,team
wnba,wnba_shot_pace,shot_pace,possessions,get-possessions,2025,Regular Season,team,"{'OffDef': 'Offense', 'Season': '2025', 'SeasonType': 'Regular Season', 'TeamId': '1611661321'}",shot_pace,1611661321,4Q/OT | margin -3..3 | 300..120,get-possessions__possessions__off_def-Offense__season-2025__season_type-Regular_Season__team_id-1611661321__534a4266,get-possessions,https://api.pbpstats.com/get-possessions/wnba?OffDef=Offense&Season=2025&SeasonType=Regular+Season&TeamId=1611661321,200,73,07:07,"MISS Siegrist 24' 3PT Jump Shot
WINGS Rebound
Siegrist 14' Jump Shot (2 PTS) (Hines-Allen 2 AST)
",1,1,1,0,2025-09-11,1022500284,0,1,PHX,1,0,-6,07:33,Off FT Make,0,"[{""description"": ""MISS Siegrist 24' 3PT Jump Shot"", ""url"": """"}, {""description"": ""WINGS Rebound"", ""url"": """"}, {""description"": ""Siegrist 14' Jump Shot (2 PTS) (Hines-Allen 2 AST)"", ""url"": """"}]",False,possessions,4Q/OT | margin -3..3 | 300..120,team
wnba,wnba_shot_pace,shot_pace,possessions,get-possessions,2025,Regular Season,team,"{'OffDef': 'Offense', 'Season': '2025', 'SeasonType': 'Regular Season', 'TeamId': '1611661321'}",shot_pace,1611661321,4Q/OT | margin -3..3 | 300..120,get-possessions__possessions__off_def-Offense__season-2025__season_type-Regular_Season__team_id-1611661321__534a4266,get-possessions,https://api.pbpstats.com/get-possessions/wnba?OffDef=Offense&Season=2025&SeasonType=Regular+Season&TeamId=1611661321,200,74,07:36,"MISS Hines-Allen 3PT Jump Shot
Thomas REBOUND (Off:0 Def:1)
",0,0,1,0,2025-09-11,1022500284,0,0,PHX,1,0,-5,08:02,Off FT Make,0,"[{""description"": ""MISS Hines-Allen 3PT Jump Shot"", ""url"": """"}, {""description"": ""Thomas REBOUND (Off:0 Def:1)"", ""url"": """"}]",False,possessions,4Q/OT | margin -3..3 | 300..120,team
wnba,wnba_shot_pace,shot_pace,possessions,get-possessions,2025,Regular Season,team,"{'OffDef': 'Offense', 'Season': '2025', 'SeasonType': 'Regular Season', 'TeamId': '1611661321'}",shot_pace,1611661321,4Q/OT | margin -3..3 | 300..120,get-possessions__possessions__off_def-Offense__season-2025__season_type-Regular_Season__team_id-1611661321__534a4266,get-possessions,https://api.pbpstats.com/get-possessions/wnba?OffDef=Offense&Season=2025&SeasonType=Regular+Season&TeamId=1611661321,200,75,08:19,"MISS Siegrist 15' Step Back Jump Shot
Akoa Makani REBOUND (Off:0 Def:1)
",1,0,0,0,2025-09-11,1022500284,0,0,PHX,1,0,-3,08:37,Off Arc 3 Make,0,"[{""description"": ""MISS Siegrist 15' Step Back Jump Shot"", ""url"": """"}, {""description"": ""Akoa Makani REBOUND (Off:0 Def:1)"", ""url"": """"}]",False,possessions,4Q/OT | margin -3..3 | 300..120,team
wnba,wnba_shot_pace,shot_pace,possessions,get-possessions,2025,Regular Season,team,"{'OffDef': 'Offense', 'Season': '2025', 'SeasonType': 'Regular Season', 'TeamId': '1611661321'}",shot_pace,1611661321,4Q/OT | margin -3..3 | 300..120,get-possessions__possessions__off_def-Offense__season-2025__season_type-Regular_Season__team_id-1611661321__534a4266,get-possessions,https://api.pbpstats.com/get-possessions/wnba?OffDef=Offense&Season=2025&SeasonType=Regular+Season&TeamId=1611661321,200,76,08:51,"Berger 9' Driving Floating Jump Shot (2 PTS) (Hines-Allen 1 AST)
",1,1,0,0,2025-09-11,1022500284,0,0,PHX,1,0,-2,09:09,Off At Rim Make,0,"[{""description"": ""Berger 9' Driving Floating Jump Shot (2 PTS) (Hines-Allen 1 AST)"", ""url"": """"}]",False,possessions,4Q/OT | margin -3..3 | 300..120,team
wnba,wnba_shot_pace,shot_pace,possessions,get-possessions,2025,Regular Season,team,"{'OffDef': 'Offense', 'Season': '2025', 'SeasonType': 'Regular Season', 'TeamId': '1611661321'}",shot_pace,1611661321,4Q/OT | margin -3..3 | 300..120,get-possessions__possessions__off_def-Offense__season-2025__season_type-Regular_Season__team_id-1611661321__534a4266,get-possessions,https://api.pbpstats.com/get-possessions/wnba?OffDef=Offense&Season=2025&SeasonType=Regular+Season&TeamId=1611661321,200,77,09:23,"MISS Bueckers 17' Jump Shot
Mack REBOUND (Off:0 Def:1)
",1,0,0,0,2025-09-11,1022500284,0,0,PHX,1,0,0,09:41,Off Dead Ball,0,"[{""description"": ""MISS Bueckers 17' Jump Shot"", ""url"": """"}, {""description"": ""Mack REBOUND (Off:0 Def:1)"", ""url"": """"}]",False,possessions,4Q/OT | margin -3..3 | 300..120,team
wnba,wnba_shot_pace,shot_pace,possessions,get-possessions,2025,Regular Season,team,"{'OffDef': 'Offense', 'Season': '2025', 'SeasonType': 'Regular Season', 'TeamId': '1611661321'}",shot_pace,1611661321,4Q/OT | margin -3..3 | 300..120,get-possessions__possessions__off_def-Offense__season-2025__season_type-Regular_Season__team_id-1611661321__534a4266,get-possessions,https://api.pbpstats.com/get-possessions/wnba?OffDef=Offense&Season=2025&SeasonType=Regular+Season&TeamId=1611661321,200,78,00:10,"MISS Miller 25' 3PT Step Back Jump Shot
Vanloo REBOUND (Off:0 Def:1)
",0,0,1,0,2025-09-07,1022500274,0,0,LAS,4,0,-14,00:23,Off Arc 3 Miss,0,"[{""description"": ""MISS Miller 25' 3PT Step Back Jump Shot"", ""url"": """"}, {""description"": ""Vanloo REBOUND (Off:0 Def:1)"", ""url"": """"}]",False,possessions,4Q/OT | margin -3..3 | 300..120,team
wnba,wnba_shot_pace,shot_pace,possessions,get-possessions,2025,Regular Season,team,"{'OffDef': 'Offense', 'Season': '2025', 'SeasonType': 'Regular Season', 'TeamId': '1611661321'}",shot_pace,1611661321,4Q/OT | margin -3..3 | 300..120,get-possessions__possessions__off_def-Offense__season-2025__season_type-Regular_Season__team_id-1611661321__534a4266,get-possessions,https://api.pbpstats.com/get-possessions/wnba?OffDef=Offense&Season=2025&SeasonType=Regular+Season&TeamId=1611661321,200,79,00:44,"MISS Miller 25' 3PT Jump Shot
Feagin REBOUND (Off:0 Def:1)
",0,0,1,0,2025-09-07,1022500274,0,0,LAS,4,0,-14,01:01,Off FT Make,0,"[{""description"": ""MISS Miller 25' 3PT Jump Shot"", ""url"": """"}, {""description"": ""Feagin REBOUND (Off:0 Def:1)"", ""url"": """"}]",False,possessions,4Q/OT | margin -3..3 | 300..120,team
wnba,wnba_shot_pace,shot_pace,possessions,get-possessions,2025,Regular Season,team,"{'OffDef': 'Offense', 'Season': '2025', 'SeasonType': 'Regular Season', 'TeamId': '1611661321'}",shot_pace,1611661321,4Q/OT | margin -3..3 | 300..120,get-possessions__possessions__off_def-Offense__season-2025__season_type-Regular_Season__team_id-1611661321__534a4266,get-possessions,https://api.pbpstats.com/get-possessions/wnba?OffDef=Offense&Season=2025&SeasonType=Regular+Season&TeamId=1611661321,200,80,01:06,"Williams 5' Running Layup (4 PTS) (Berger 4 AST)
",1,1,0,0,2025-09-07,1022500274,0,0,LAS,4,0,-14,01:09,Off Short Mid-Range Miss,0,"[{""description"": ""Williams 5' Running Layup (4 PTS) (Berger 4 AST)"", ""url"": """"}]",False,possessions,4Q/OT | margin -3..3 | 300..120,team
wnba,wnba_shot_pace,shot_pace,possessions,get-possessions,2025,Regular Season,team,"{'OffDef': 'Offense', 'Season': '2025', 'SeasonType': 'Regular Season', 'TeamId': '1611661321'}",shot_pace,1611661321,4Q/OT | margin -3..3 | 300..120,get-possessions__possessions__off_def-Offense__season-2025__season_type-Regular_Season__team_id-1611661321__534a4266,get-possessions,https://api.pbpstats.com/get-possessions/wnba?OffDef=Offense&Season=2025&SeasonType=Regular+Season&TeamId=1611661321,200,81,01:28,"Miller 26' 3PT Jump Shot (3 PTS) (Berger 3 AST)
",0,0,1,1,2025-09-07,1022500274,0,0,LAS,4,0,-17,01:38,Off At Rim Make,0,"[{""description"": ""Miller 26' 3PT Jump Shot (3 PTS) (Berger 3 AST)"", ""url"": """"}]",False,possessions,4Q/OT | margin -3..3 | 300..120,team
wnba,wnba_shot_pace,shot_pace,possessions,get-possessions,2025,Regular Season,team,"{'OffDef': 'Offense', 'Season': '2025', 'SeasonType': 'Regular Season', 'TeamId': '1611661321'}",shot_pace,1611661321,4Q/OT | margin -3..3 | 300..120,get-possessions__possessions__off_def-Offense__season-2025__season_type-Regular_Season__team_id-1611661321__534a4266,get-possessions,https://api.pbpstats.com/get-possessions/wnba?OffDef=Offense&Season=2025&SeasonType=Regular+Season&TeamId=1611661321,200,82,02:06,"Burrell STEAL (3 STL): Miller Lost Ball Turnover (P2.T17)
",0,0,0,0,2025-09-07,1022500274,0,0,LAS,4,0,-15,02:25,Off FT Miss,1,"[{""description"": ""Burrell STEAL (3 STL): Miller Lost Ball Turnover (P2.T17)"", ""url"": """"}]",False,possessions,4Q/OT | margin -3..3 | 300..120,team
wnba,wnba_shot_pace,shot_pace,possessions,get-possessions,2025,Regular Season,team,"{'OffDef': 'Offense', 'Season': '2025', 'SeasonType': 'Regular Season', 'TeamId': '1611661321'}",shot_pace,1611661321,4Q/OT | margin -3..3 | 300..120,get-possessions__possessions__off_def-Offense__season-2025__season_type-Regular_Season__team_id-1611661321__534a4266,get-possessions,https://api.pbpstats.com/get-possessions/wnba?OffDef=Offense&Season=2025&SeasonType=Regular+Season&TeamId=1611661321,200,83,02:39,"MISS Williams 4' Pullup Jump Shot
Brink REBOUND (Off:0 Def:8)
",1,0,0,0,2025-09-07,1022500274,0,0,LAS,4,0,-15,02:50,Off Arc 3 Miss,0,"[{""description"": ""MISS Williams 4' Pullup Jump Shot"", ""url"": """"}, {""description"": ""Brink REBOUND (Off:0 Def:8)"", ""url"": """"}]",False,possessions,4Q/OT | margin -3..3 | 300..120,team
wnba,wnba_shot_pace,shot_pace,possessions,get-possessions,2025,Regular Season,team,"{'OffDef': 'Offense', 'Season': '2025', 'SeasonType': 'Regular Season', 'TeamId': '1611661321'}",shot_pace,1611661321,4Q/OT | margin -3..3 | 300..120,get-possessions__possessions__off_def-Offense__season-2025__season_type-Regular_Season__team_id-1611661321__534a4266,get-possessions,https://api.pbpstats.com/get-possessions/wnba?OffDef=Offense&Season=2025&SeasonType=Regular+Season&TeamId=1611661321,200,84,03:13,"MISS Jones 24' 3PT Jump Shot
Brink REBOUND (Off:0 Def:7)
",0,0,1,0,2025-09-07,1022500274,0,0,LAS,4,0,-15,03:26,Off Block,0,"[{""description"": ""MISS Jones 24' 3PT Jump Shot"", ""url"": """"}, {""description"": ""Brink REBOUND (Off:0 Def:7)"", ""url"": """"}]",False,possessions,4Q/OT | margin -3..3 | 300..120,team
wnba,wnba_shot_pace,shot_pace,possessions,get-possessions,2025,Regular Season,team,"{'OffDef': 'Offense', 'Season': '2025', 'SeasonType': 'Regular Season', 'TeamId': '1611661321'}",shot_pace,1611661321,4Q/OT | margin -3..3 | 300..120,get-possessions__possessions__off_def-Offense__season-2025__season_type-Regular_Season__team_id-1611661321__534a4266,get-possessions,https://api.pbpstats.com/get-possessions/wnba?OffDef=Offense&Season=2025&SeasonType=Regular+Season&TeamId=1611661321,200,85,03:45,"MISS Hines-Allen 5' Layup
Hines-Allen REBOUND (Off:3 Def:10)
Brink BLOCK (1 BLK): MISS Hines-Allen 5' Putback Layup
Siegrist REBOUND (Off:3 Def:1)
Siegrist 2' Putback Layup (13 PTS)
",3,1,0,0,2025-09-07,1022500274,0,2,LAS,4,0,-17,03:57,Off FT Make,0,"[{""description"": ""MISS Hines-Allen 5' Layup"", ""url"": """"}, {""description"": ""Hines-Allen REBOUND (Off:3 Def:10)"", ""url"": """"}, {""description"": ""Brink BLOCK (1 BLK): MISS Hines-Allen 5' Putback Layup"", ""url"": """"}, {""description"": ""Siegrist REBOUND (Off:3 Def:1)"", ""url"": """"}, {""description"": ""Siegrist 2' Putback Layup (13 PTS)"", ""url"": """"}]",False,possessions,4Q/OT | margin -3..3 | 300..120,team
wnba,wnba_shot_pace,shot_pace,possessions,get-possessions,2025,Regular Season,team,"{'OffDef': 'Offense', 'Season': '2025', 'SeasonType': 'Regular Season', 'TeamId': '1611661321'}",shot_pace,1611661321,4Q/OT | margin -3..3 | 300..120,get-possessions__possessions__off_def-Offense__season-2025__season_type-Regular_Season__team_id-1611661321__534a4266,get-possessions,https://api.pbpstats.com/get-possessions/wnba?OffDef=Offense&Season=2025&SeasonType=Regular+Season&TeamId=1611661321,200,86,04:04,"Stevens S.FOUL (P3.T1)
Hines-Allen Free Throw 1 of 2 (14 PTS)
Hines-Allen Free Throw 2 of 2 (15 PTS)
",0,0,0,0,2025-09-07,1022500274,0,0,LAS,4,1,-16,04:11,Off Short Mid-Range Miss,0,"[{""description"": ""Stevens S.FOUL (P3.T1)"", ""url"": """"}, {""description"": ""Hines-Allen Free Throw 1 of 2 (14 PTS)"", ""url"": """"}, {""description"": ""Hines-Allen Free Throw 2 of 2 (15 PTS)"", ""url"": """"}]",False,possessions,4Q/OT | margin -3..3 | 300..120,team
wnba,wnba_shot_pace,shot_pace,possessions,get-possessions,2025,Regular Season,team,"{'OffDef': 'Offense', 'Season': '2025', 'SeasonType': 'Regular Season', 'TeamId': '1611661321'}",shot_pace,1611661321,4Q/OT | margin -3..3 | 300..120,get-possessions__possessions__off_def-Offense__season-2025__season_type-Regular_Season__team_id-1611661321__534a4266,get-possessions,https://api.pbpstats.com/get-possessions/wnba?OffDef=Offense&Season=2025&SeasonType=Regular+Season&TeamId=1611661321,200,87,04:15,"MISS Hines-Allen 24' 3PT Jump Shot
Barker REBOUND (Off:0 Def:4)
",0,0,1,0,2025-09-07,1022500274,0,0,LAS,4,0,-16,04:33,Off At Rim Make,0,"[{""description"": ""MISS Hines-Allen 24' 3PT Jump Shot"", ""url"": """"}, {""description"": ""Barker REBOUND (Off:0 Def:4)"", ""url"": """"}]",False,possessions,4Q/OT | margin -3..3 | 300..120,team
wnba,wnba_shot_pace,shot_pace,possessions,get-possessions,2025,Regular Season,team,"{'OffDef': 'Offense', 'Season': '2025', 'SeasonType': 'Regular Season', 'TeamId': '1611661321'}",shot_pace,1611661321,4Q/OT | margin -3..3 | 300..120,get-possessions__possessions__off_def-Offense__season-2025__season_type-Regular_Season__team_id-1611661321__534a4266,get-possessions,https://api.pbpstats.com/get-possessions/wnba?OffDef=Offense&Season=2025&SeasonType=Regular+Season&TeamId=1611661321,200,88,04:52,"Bueckers 9' Driving Floating Jump Shot (18 PTS)
",1,1,0,0,2025-09-07,1022500274,0,0,LAS,4,0,-16,04:57,Off Short Mid-Range Miss,0,"[{""description"": ""Bueckers 9' Driving Floating Jump Shot (18 PTS)"", ""url"": """"}]",False,possessions,4Q/OT | margin -3..3 | 300..120,team
wnba,wnba_shot_pace,shot_pace,possessions,get-possessions,2025,Regular Season,team,"{'OffDef': 'Offense', 'Season': '2025', 'SeasonType': 'Regular Season', 'TeamId': '1611661321'}",shot_pace,1611661321,4Q/OT | margin -3..3 | 300..120,get-possessions__possessions__off_def-Offense__season-2025__season_type-Regular_Season__team_id-1611661321__534a4266,get-possessions,https://api.pbpstats.com/get-possessions/wnba?OffDef=Offense&Season=2025&SeasonType=Regular+Season&TeamId=1611661321,200,89,05:30,"Siegrist 2' Cutting Layup Shot (11 PTS) (Hines-Allen 7 AST)
",1,1,0,0,2025-09-07,1022500274,0,0,LAS,4,0,-18,05:43,Off At Rim Make,0,"[{""description"": ""Siegrist 2' Cutting Layup Shot (11 PTS) (Hines-Allen 7 AST)"", ""url"": """"}]",False,possessions,4Q/OT | margin -3..3 | 300..120,team
wnba,wnba_shot_pace,shot_pace,possessions,get-possessions,2025,Regular Season,team,"{'OffDef': 'Offense', 'Season': '2025', 'SeasonType': 'Regular Season', 'TeamId': '1611661321'}",shot_pace,1611661321,4Q/OT | margin -3..3 | 300..120,get-possessions__possessions__off_def-Offense__season-2025__season_type-Regular_Season__team_id-1611661321__534a4266,get-possessions,https://api.pbpstats.com/get-possessions/wnba?OffDef=Offense&Season=2025&SeasonType=Regular+Season&TeamId=1611661321,200,90,05:53,"Wings Turnover: Shot Clock (T#16)
",0,0,0,0,2025-09-07,1022500274,0,0,LAS,4,0,-16,06:21,Off Arc 3 Make,1,"[{""description"": ""Wings Turnover: Shot Clock (T#16)"", ""url"": """"}]",False,possessions,4Q/OT | margin -3..3 | 300..120,team
wnba,wnba_shot_pace,shot_pace,possessions,get-possessions,2025,Regular Season,team,"{'OffDef': 'Offense', 'Season': '2025', 'SeasonType': 'Regular Season', 'TeamId': '1611661321'}",shot_pace,1611661321,4Q/OT | margin -3..3 | 300..120,get-possessions__possessions__off_def-Offense__season-2025__season_type-Regular_Season__team_id-1611661321__534a4266,get-possessions,https://api.pbpstats.com/get-possessions/wnba?OffDef=Offense&Season=2025&SeasonType=Regular+Season&TeamId=1611661321,200,91,06:57,"MISS Okonkwo 5' Running Layup
Siegrist REBOUND (Off:2 Def:1)
MISS Bueckers 9' Pullup Jump Shot
Stevens REBOUND (Off:0 Def:10)
",2,0,0,0,2025-09-07,1022500274,0,1,LAS,4,0,-13,07:09,Off Steal,0,"[{""description"": ""MISS Okonkwo 5' Running Layup"", ""url"": """"}, {""description"": ""Siegrist REBOUND (Off:2 Def:1)"", ""url"": """"}, {""description"": ""MISS Bueckers 9' Pullup Jump Shot"", ""url"": """"}, {""description"": ""Stevens REBOUND (Off:0 Def:10)"", ""url"": """"}]",False,possessions,4Q/OT | margin -3..3 | 300..120,team
wnba,wnba_shot_pace,shot_pace,possessions,get-possessions,2025,Regular Season,team,"{'OffDef': 'Offense', 'Season': '2025', 'SeasonType': 'Regular Season', 'TeamId': '1611661321'}",shot_pace,1611661321,4Q/OT | margin -3..3 | 300..120,get-possessions__possessions__off_def-Offense__season-2025__season_type-Regular_Season__team_id-1611661321__534a4266,get-possessions,https://api.pbpstats.com/get-possessions/wnba?OffDef=Offense&Season=2025&SeasonType=Regular+Season&TeamId=1611661321,200,92,07:37,"MISS Jones 7' Turnaround Bank Hook Shot
Hamby REBOUND (Off:2 Def:4)
",1,0,0,0,2025-09-07,1022500274,0,0,LAS,4,0,-13,07:56,Off Timeout,0,"[{""description"": ""MISS Jones 7' Turnaround Bank Hook Shot"", ""url"": """"}, {""description"": ""Hamby REBOUND (Off:2 Def:4)"", ""url"": """"}]",False,possessions,4Q/OT | margin -3..3 | 300..120,team
wnba,wnba_shot_pace,shot_pace,possessions,get-possessions,2025,Regular Season,team,"{'OffDef': 'Offense', 'Season': '2025', 'SeasonType': 'Regular Season', 'TeamId': '1611661321'}",shot_pace,1611661321,4Q/OT | margin -3..3 | 300..120,get-possessions__possessions__off_def-Offense__season-2025__season_type-Regular_Season__team_id-1611661321__534a4266,get-possessions,https://api.pbpstats.com/get-possessions/wnba?OffDef=Offense&Season=2025&SeasonType=Regular+Season&TeamId=1611661321,200,93,08:03,"Burrell STEAL (2 STL): Jones Bad Pass Turnover (P6.T15)
",0,0,0,0,2025-09-07,1022500274,0,0,LAS,4,0,-11,08:07,Off Short Mid-Range Miss,1,"[{""description"": ""Burrell STEAL (2 STL): Jones Bad Pass Turnover (P6.T15)"", ""url"": """"}]",False,possessions,4Q/OT | margin -3..3 | 300..120,team
wnba,wnba_shot_pace,shot_pace,possessions,get-possessions,2025,Regular Season,team,"{'OffDef': 'Offense', 'Season': '2025', 'SeasonType': 'Regular Season', 'TeamId': '1611661321'}",shot_pace,1611661321,4Q/OT | margin -3..3 | 300..120,get-possessions__possessions__off_def-Offense__season-2025__season_type-Regular_Season__team_id-1611661321__534a4266,get-possessions,https://api.pbpstats.com/get-possessions/wnba?OffDef=Offense&Season=2025&SeasonType=Regular+Season&TeamId=1611661321,200,94,08:11,"Hamby BLOCK (1 BLK): MISS Hines-Allen 13' Driving Layup
Hamby REBOUND (Off:2 Def:3)
",1,0,0,0,2025-09-07,1022500274,0,0,LAS,4,0,-11,08:38,Off FT Make,0,"[{""description"": ""Hamby BLOCK (1 BLK): MISS Hines-Allen 13' Driving Layup"", ""url"": """"}, {""description"": ""Hamby REBOUND (Off:2 Def:3)"", ""url"": """"}]",False,possessions,4Q/OT | margin -3..3 | 300..120,team
wnba,wnba_shot_pace,shot_pace,possessions,get-possessions,2025,Regular Season,team,"{'OffDef': 'Offense', 'Season': '2025', 'SeasonType': 'Regular Season', 'TeamId': '1611661321'}",shot_pace,1611661321,4Q/OT | margin -3..3 | 300..120,get-possessions__possessions__off_def-Offense__season-2025__season_type-Regular_Season__team_id-1611661321__534a4266,get-possessions,https://api.pbpstats.com/get-possessions/wnba?OffDef=Offense&Season=2025&SeasonType=Regular+Season&TeamId=1611661321,200,95,08:50,"Allemand STEAL (5 STL): Jones Bad Pass Turnover (P5.T14)
",0,0,0,0,2025-09-07,1022500274,0,0,LAS,4,0,-8,09:07,Off FT Make,1,"[{""description"": ""Allemand STEAL (5 STL): Jones Bad Pass Turnover (P5.T14)"", ""url"": """"}]",False,possessions,4Q/OT | margin -3..3 | 300..120,team
wnba,wnba_shot_pace,shot_pace,possessions,get-possessions,2025,Regular Season,team,"{'OffDef': 'Offense', 'Season': '2025', 'SeasonType': 'Regular Season', 'TeamId': '1611661321'}",shot_pace,1611661321,4Q/OT | margin -3..3 | 300..120,get-possessions__possessions__off_def-Offense__season-2025__season_type-Regular_Season__team_id-1611661321__534a4266,get-possessions,https://api.pbpstats.com/get-possessions/wnba?OffDef=Offense&Season=2025&SeasonType=Regular+Season&TeamId=1611661321,200,96,09:19,"MISS Berger 12' Turnaround Jump Shot
Stevens REBOUND (Off:0 Def:9)
",1,0,0,0,2025-09-07,1022500274,0,0,LAS,4,0,-5,09:47,Off Corner 3 Make,0,"[{""description"": ""MISS Berger 12' Turnaround Jump Shot"", ""url"": """"}, {""description"": ""Stevens REBOUND (Off:0 Def:9)"", ""url"": """"}]",False,possessions,4Q/OT | margin -3..3 | 300..120,team
wnba,wnba_shot_pace,shot_pace,possessions,get-possessions,2025,Regular Season,team,"{'OffDef': 'Offense', 'Season': '2025', 'SeasonType': 'Regular Season', 'TeamId': '1611661321'}",shot_pace,1611661321,4Q/OT | margin -3..3 | 300..120,get-possessions__possessions__off_def-Offense__season-2025__season_type-Regular_Season__team_id-1611661321__534a4266,get-possessions,https://api.pbpstats.com/get-possessions/wnba?OffDef=Offense&Season=2025&SeasonType=Regular+Season&TeamId=1611661321,200,97,00:08,"Okonkwo 24' 3PT Jump Shot (9 PTS) (Hines-Allen 6 AST)
",0,0,1,1,2025-09-07,1022500274,0,0,LAS,3,0,-2,00:25,Off FT Miss,0,"[{""description"": ""Okonkwo 24' 3PT Jump Shot (9 PTS) (Hines-Allen 6 AST)"", ""url"": """"}]",False,possessions,4Q/OT | margin -3..3 | 300..120,team
wnba,wnba_shot_pace,shot_pace,possessions,get-possessions,2025,Regular Season,team,"{'OffDef': 'Offense', 'Season': '2025', 'SeasonType': 'Regular Season', 'TeamId': '1611661321'}",shot_pace,1611661321,4Q/OT | margin -3..3 | 300..120,get-possessions__possessions__off_def-Offense__season-2025__season_type-Regular_Season__team_id-1611661321__534a4266,get-possessions,https://api.pbpstats.com/get-possessions/wnba?OffDef=Offense&Season=2025&SeasonType=Regular+Season&TeamId=1611661321,200,98,00:42,"Williams 4' Driving Layup (2 PTS)
",1,1,0,0,2025-09-07,1022500274,0,0,LAS,3,0,-4,00:51,Off Steal,0,"[{""description"": ""Williams 4' Driving Layup (2 PTS)"", ""url"": """"}]",False,possessions,4Q/OT | margin -3..3 | 300..120,team
wnba,wnba_shot_pace,shot_pace,possessions,get-possessions,2025,Regular Season,team,"{'OffDef': 'Offense', 'Season': '2025', 'SeasonType': 'Regular Season', 'TeamId': '1611661321'}",shot_pace,1611661321,4Q/OT | margin -3..3 | 300..120,get-possessions__possessions__off_def-Offense__season-2025__season_type-Regular_Season__team_id-1611661321__534a4266,get-possessions,https://api.pbpstats.com/get-possessions/wnba?OffDef=Offense&Season=2025&SeasonType=Regular+Season&TeamId=1611661321,200,99,01:07,"Stevens S.FOUL (P2.PN)
Okonkwo Free Throw 1 of 2 (5 PTS)
Okonkwo Free Throw 2 of 2 (6 PTS)
",0,0,0,0,2025-09-07,1022500274,0,0,LAS,3,1,-6,01:24,Off FT Make,0,"[{""description"": ""Stevens S.FOUL (P2.PN)"", ""url"": """"}, {""description"": ""Okonkwo Free Throw 1 of 2 (5 PTS)"", ""url"": """"}, {""description"": ""Okonkwo Free Throw 2 of 2 (6 PTS)"", ""url"": """"}]",False,possessions,4Q/OT | margin -3..3 | 300..120,team
wnba,wnba_shot_pace,shot_pace,possessions,get-possessions,2025,Regular Season,team,"{'OffDef': 'Offense', 'Season': '2025', 'SeasonType': 'Regular Season', 'TeamId': '1611661321'}",shot_pace,1611661321,4Q/OT | margin -3..3 | 300..120,get-possessions__possessions__off_def-Offense__season-2025__season_type-Regular_Season__team_id-1611661321__534a4266,get-possessions,https://api.pbpstats.com/get-possessions/wnba?OffDef=Offense&Season=2025&SeasonType=Regular+Season&TeamId=1611661321,200,100,01:34,"Barker P.FOUL (P2.PN)
Bueckers Free Throw 1 of 2 (15 PTS)
Bueckers Free Throw 2 of 2 (16 PTS)
",0,0,0,0,2025-09-07,1022500274,1,0,LAS,3,0,-5,01:41,Off At Rim Make,0,"[{""description"": ""Barker P.FOUL (P2.PN)"", ""url"": """"}, {""description"": ""Bueckers Free Throw 1 of 2 (15 PTS)"", ""url"": """"}, {""description"": ""Bueckers Free Throw 2 of 2 (16 PTS)"", ""url"": """"}]",False,possessions,4Q/OT | margin -3..3 | 300..120,team
wnba,wnba_shot_pace,shot_pace,possessions,get-possessions,2025,Regular Season,team,"{'OffDef': 'Offense', 'Season': '2025', 'SeasonType': 'Regular Season', 'TeamId': '1611661321'}",shot_pace,1611661321,4Q/OT | margin -3..3 | 300..120,get-possessions__possessions__off_def-Offense__season-2025__season_type-Regular_Season__team_id-1611661321__534a4266,get-possessions,https://api.pbpstats.com/get-possessions/wnba?OffDef=Offense&Season=2025&SeasonType=Regular+Season&TeamId=1611661321,200,101,01:45,"MISS James 3PT Jump Shot
Okonkwo REBOUND (Off:1 Def:3)
Barker P.FOUL (P1.T3)
Allemand STEAL (4 STL): Siegrist Bad Pass Turnover (P1.T13)
",0,0,1,0,2025-09-07,1022500274,0,1,LAS,3,0,-3,02:10,Off Dead Ball,1,"[{""description"": ""MISS James 3PT Jump Shot"", ""url"": """"}, {""description"": ""Okonkwo REBOUND (Off:1 Def:3)"", ""url"": """"}, {""description"": ""Barker P.FOUL (P1.T3)"", ""url"": """"}, {""description"": ""Allemand STEAL (4 STL): Siegrist Bad Pass Turnover (P1.T13)"", ""url"": """"}]",False,possessions,4Q/OT | margin -3..3 | 300..120,team
wnba,wnba_shot_pace,shot_pace,possessions,get-possessions,2025,Regular Season,team,"{'OffDef': 'Offense', 'Season': '2025', 'SeasonType': 'Regular Season', 'TeamId': '1611661321'}",shot_pace,1611661321,4Q/OT | margin -3..3 | 300..120,get-possessions__possessions__off_def-Offense__season-2025__season_type-Regular_Season__team_id-1611661321__534a4266,get-possessions,https://api.pbpstats.com/get-possessions/wnba?OffDef=Offense&Season=2025&SeasonType=Regular+Season&TeamId=1611661321,200,102,02:26,"MISS Siegrist 25' 3PT Running Jump Shot
Brink REBOUND (Off:0 Def:6)
",0,0,1,0,2025-09-07,1022500274,0,0,LAS,3,0,-3,02:36,Off Arc 3 Miss,0,"[{""description"": ""MISS Siegrist 25' 3PT Running Jump Shot"", ""url"": """"}, {""description"": ""Brink REBOUND (Off:0 Def:6)"", ""url"": """"}]",False,possessions,4Q/OT | margin -3..3 | 300..120,team
wnba,wnba_shot_pace,shot_pace,possessions,get-possessions,2025,Regular Season,team,"{'OffDef': 'Offense', 'Season': '2025', 'SeasonType': 'Regular Season', 'TeamId': '1611661321'}",shot_pace,1611661321,4Q/OT | margin -3..3 | 300..120,get-possessions__possessions__off_def-Offense__season-2025__season_type-Regular_Season__team_id-1611661321__534a4266,get-possessions,https://api.pbpstats.com/get-possessions/wnba?OffDef=Offense&Season=2025&SeasonType=Regular+Season&TeamId=1611661321,200,103,02:42,"MISS Siegrist 5' Layup
Siegrist REBOUND (Off:1 Def:1)
MISS Hines-Allen 3' Driving Layup
Brink REBOUND (Off:0 Def:5)
",2,0,0,0,2025-09-07,1022500274,0,1,LAS,3,0,-3,03:20,Off At Rim Make,0,"[{""description"": ""MISS Siegrist 5' Layup"", ""url"": """"}, {""description"": ""Siegrist REBOUND (Off:1 Def:1)"", ""url"": """"}, {""description"": ""MISS Hines-Allen 3' Driving Layup"", ""url"": """"}, {""description"": ""Brink REBOUND (Off:0 Def:5)"", ""url"": """"}]",False,possessions,4Q/OT | margin -3..3 | 300..120,team
wnba,wnba_shot_pace,shot_pace,possessions,get-possessions,2025,Regular Season,team,"{'OffDef': 'Offense', 'Season': '2025', 'SeasonType': 'Regular Season', 'TeamId': '1611661321'}",shot_pace,1611661321,4Q/OT | margin -3..3 | 300..120,get-possessions__possessions__off_def-Offense__season-2025__season_type-Regular_Season__team_id-1611661321__534a4266,get-possessions,https://api.pbpstats.com/get-possessions/wnba?OffDef=Offense&Season=2025&SeasonType=Regular+Season&TeamId=1611661321,200,104,03:26,"MISS Siegrist 12' Pullup Jump Shot
Brink REBOUND (Off:0 Def:4)
",1,0,0,0,2025-09-07,1022500274,0,0,LAS,3,0,-1,03:41,Off At Rim Make,0,"[{""description"": ""MISS Siegrist 12' Pullup Jump Shot"", ""url"": """"}, {""description"": ""Brink REBOUND (Off:0 Def:4)"", ""url"": """"}]",False,possessions,4Q/OT | margin -3..3 | 300..120,team
wnba,wnba_shot_pace,shot_pace,possessions,get-possessions,2025,Regular Season,team,"{'OffDef': 'Offense', 'Season': '2025', 'SeasonType': 'Regular Season', 'TeamId': '1611661321'}",shot_pace,1611661321,4Q/OT | margin -3..3 | 300..120,get-possessions__possessions__off_def-Offense__season-2025__season_type-Regular_Season__team_id-1611661321__534a4266,get-possessions,https://api.pbpstats.com/get-possessions/wnba?OffDef=Offense&Season=2025&SeasonType=Regular+Season&TeamId=1611661321,200,105,03:47,"MISS Berger 24' 3PT Jump Shot
Hines-Allen REBOUND (Off:2 Def:7)
MISS Jones 5' Driving Layup
Berger REBOUND (Off:3 Def:2)
Allemand STEAL (3 STL): Hines-Allen Bad Pass Turnover (P1.T12)
",1,0,1,0,2025-09-07,1022500274,0,2,LAS,3,0,1,04:09,Off Arc 3 Miss,1,"[{""description"": ""MISS Berger 24' 3PT Jump Shot"", ""url"": """"}, {""description"": ""Hines-Allen REBOUND (Off:2 Def:7)"", ""url"": """"}, {""description"": ""MISS Jones 5' Driving Layup"", ""url"": """"}, {""description"": ""Berger REBOUND (Off:3 Def:2)"", ""url"": """"}, {""description"": ""Allemand STEAL (3 STL): Hines-Allen Bad Pass Turnover (P1.T12)"", ""url"": """"}]",False,possessions,4Q/OT | margin -3..3 | 300..120,team
wnba,wnba_shot_pace,shot_pace,possessions,get-possessions,2025,Regular Season,team,"{'OffDef': 'Offense', 'Season': '2025', 'SeasonType': 'Regular Season', 'TeamId': '1611661321'}",shot_pace,1611661321,4Q/OT | margin -3..3 | 300..120,get-possessions__possessions__off_def-Offense__season-2025__season_type-Regular_Season__team_id-1611661321__534a4266,get-possessions,https://api.pbpstats.com/get-possessions/wnba?OffDef=Offense&Season=2025&SeasonType=Regular+Season&TeamId=1611661321,200,106,04:26,"Hines-Allen 24' 3PT Jump Shot (13 PTS) (Berger 2 AST)
",0,0,1,1,2025-09-07,1022500274,0,0,LAS,3,0,-2,04:41,Off Timeout,0,"[{""description"": ""Hines-Allen 24' 3PT Jump Shot (13 PTS) (Berger 2 AST)"", ""url"": """"}]",False,possessions,4Q/OT | margin -3..3 | 300..120,team
wnba,wnba_shot_pace,shot_pace,possessions,get-possessions,2025,Regular Season,team,"{'OffDef': 'Offense', 'Season': '2025', 'SeasonType': 'Regular Season', 'TeamId': '1611661321'}",shot_pace,1611661321,4Q/OT | margin -3..3 | 300..120,get-possessions__possessions__off_def-Offense__season-2025__season_type-Regular_Season__team_id-1611661321__534a4266,get-possessions,https://api.pbpstats.com/get-possessions/wnba?OffDef=Offense&Season=2025&SeasonType=Regular+Season&TeamId=1611661321,200,107,04:47,"MISS Siegrist 25' 3PT Jump Shot
Jackson REBOUND (Off:1 Def:2)
",0,0,1,0,2025-09-07,1022500274,0,0,LAS,3,0,-2,05:02,Off Arc 3 Miss,0,"[{""description"": ""MISS Siegrist 25' 3PT Jump Shot"", ""url"": """"}, {""description"": ""Jackson REBOUND (Off:1 Def:2)"", ""url"": """"}]",False,possessions,4Q/OT | margin -3..3 | 300..120,team
wnba,wnba_shot_pace,shot_pace,possessions,get-possessions,2025,Regular Season,team,"{'OffDef': 'Offense', 'Season': '2025', 'SeasonType': 'Regular Season', 'TeamId': '1611661321'}",shot_pace,1611661321,4Q/OT | margin -3..3 | 300..120,get-possessions__possessions__off_def-Offense__season-2025__season_type-Regular_Season__team_id-1611661321__534a4266,get-possessions,https://api.pbpstats.com/get-possessions/wnba?OffDef=Offense&Season=2025&SeasonType=Regular+Season&TeamId=1611661321,200,108,05:18,"Bueckers 2' Layup (14 PTS) (Hines-Allen 5 AST)
",1,1,0,0,2025-09-07,1022500274,0,0,LAS,3,0,-4,05:30,Off Arc 3 Make,0,"[{""description"": ""Bueckers 2' Layup (14 PTS) (Hines-Allen 5 AST)"", ""url"": """"}]",False,possessions,4Q/OT | margin -3..3 | 300..120,team
wnba,wnba_shot_pace,shot_pace,possessions,get-possessions,2025,Regular Season,team,"{'OffDef': 'Offense', 'Season': '2025', 'SeasonType': 'Regular Season', 'TeamId': '1611661321'}",shot_pace,1611661321,4Q/OT | margin -3..3 | 300..120,get-possessions__possessions__off_def-Offense__season-2025__season_type-Regular_Season__team_id-1611661321__534a4266,get-possessions,https://api.pbpstats.com/get-possessions/wnba?OffDef=Offense&Season=2025&SeasonType=Regular+Season&TeamId=1611661321,200,109,05:39,"Berger 4' Driving Layup (7 PTS) (Siegrist 1 AST)
",1,1,0,0,2025-09-07,1022500274,0,0,LAS,3,0,-3,06:02,Off Arc 3 Make,0,"[{""description"": ""Berger 4' Driving Layup (7 PTS) (Siegrist 1 AST)"", ""url"": """"}]",False,possessions,4Q/OT | margin -3..3 | 300..120,team
wnba,wnba_shot_pace,shot_pace,possessions,get-possessions,2025,Regular Season,team,"{'OffDef': 'Offense', 'Season': '2025', 'SeasonType': 'Regular Season', 'TeamId': '1611661321'}",shot_pace,1611661321,4Q/OT | margin -3..3 | 300..120,get-possessions__possessions__off_def-Offense__season-2025__season_type-Regular_Season__team_id-1611661321__534a4266,get-possessions,https://api.pbpstats.com/get-possessions/wnba?OffDef=Offense&Season=2025&SeasonType=Regular+Season&TeamId=1611661321,200,110,06:16,"Hamby P.FOUL (P2.T2)
Siegrist 15' Pullup Jump Shot (9 PTS) (Bueckers 7 AST)
",1,1,0,0,2025-09-07,1022500274,0,0,LAS,3,0,-2,06:43,Off Short Mid-Range Miss,0,"[{""description"": ""Hamby P.FOUL (P2.T2)"", ""url"": """"}, {""description"": ""Siegrist 15' Pullup Jump Shot (9 PTS) (Bueckers 7 AST)"", ""url"": """"}]",False,possessions,4Q/OT | margin -3..3 | 300..120,team
wnba,wnba_shot_pace,shot_pace,possessions,get-possessions,2025,Regular Season,team,"{'OffDef': 'Offense', 'Season': '2025', 'SeasonType': 'Regular Season', 'TeamId': '1611661321'}",shot_pace,1611661321,4Q/OT | margin -3..3 | 300..120,get-possessions__possessions__off_def-Offense__season-2025__season_type-Regular_Season__team_id-1611661321__534a4266,get-possessions,https://api.pbpstats.com/get-possessions/wnba?OffDef=Offense&Season=2025&SeasonType=Regular+Season&TeamId=1611661321,200,111,07:01,"MISS Hines-Allen 20' Jump Shot
Stevens REBOUND (Off:0 Def:8)
",1,0,0,0,2025-09-07,1022500274,0,0,LAS,3,0,-2,07:18,Off At Rim Make,0,"[{""description"": ""MISS Hines-Allen 20' Jump Shot"", ""url"": """"}, {""description"": ""Stevens REBOUND (Off:0 Def:8)"", ""url"": """"}]",False,possessions,4Q/OT | margin -3..3 | 300..120,team
wnba,wnba_shot_pace,shot_pace,possessions,get-possessions,2025,Regular Season,team,"{'OffDef': 'Offense', 'Season': '2025', 'SeasonType': 'Regular Season', 'TeamId': '1611661321'}",shot_pace,1611661321,4Q/OT | margin -3..3 | 300..120,get-possessions__possessions__off_def-Offense__season-2025__season_type-Regular_Season__team_id-1611661321__534a4266,get-possessions,https://api.pbpstats.com/get-possessions/wnba?OffDef=Offense&Season=2025&SeasonType=Regular+Season&TeamId=1611661321,200,112,07:29,"Bueckers 6' Driving Layup (12 PTS)
",1,1,0,0,2025-09-07,1022500274,0,0,LAS,3,0,-2,07:37,Off Short Mid-Range Miss,0,"[{""description"": ""Bueckers 6' Driving Layup (12 PTS)"", ""url"": """"}]",False,possessions,4Q/OT | margin -3..3 | 300..120,team
wnba,wnba_shot_pace,shot_pace,possessions,get-possessions,2025,Regular Season,team,"{'OffDef': 'Offense', 'Season': '2025', 'SeasonType': 'Regular Season', 'TeamId': '1611661321'}",shot_pace,1611661321,4Q/OT | margin -3..3 | 300..120,get-possessions__possessions__off_def-Offense__season-2025__season_type-Regular_Season__team_id-1611661321__534a4266,get-possessions,https://api.pbpstats.com/get-possessions/wnba?OffDef=Offense&Season=2025&SeasonType=Regular+Season&TeamId=1611661321,200,113,07:55,"Hamby S.FOUL (P1.T1)
Hines-Allen Free Throw 1 of 2 (9 PTS)
Hines-Allen Free Throw 2 of 2 (10 PTS)
",0,0,0,0,2025-09-07,1022500274,0,0,LAS,3,1,-4,08:01,Off Short Mid-Range Make,0,"[{""description"": ""Hamby S.FOUL (P1.T1)"", ""url"": """"}, {""description"": ""Hines-Allen Free Throw 1 of 2 (9 PTS)"", ""url"": """"}, {""description"": ""Hines-Allen Free Throw 2 of 2 (10 PTS)"", ""url"": """"}]",False,possessions,4Q/OT | margin -3..3 | 300..120,team
wnba,wnba_shot_pace,shot_pace,possessions,get-possessions,2025,Regular Season,team,"{'OffDef': 'Offense', 'Season': '2025', 'SeasonType': 'Regular Season', 'TeamId': '1611661321'}",shot_pace,1611661321,4Q/OT | margin -3..3 | 300..120,get-possessions__possessions__off_def-Offense__season-2025__season_type-Regular_Season__team_id-1611661321__534a4266,get-possessions,https://api.pbpstats.com/get-possessions/wnba?OffDef=Offense&Season=2025&SeasonType=Regular+Season&TeamId=1611661321,200,114,08:22,"Hines-Allen 2' Running Layup (8 PTS) (Berger 1 AST)
",1,1,0,0,2025-09-07,1022500274,0,0,LAS,3,0,-4,08:26,Off Short Mid-Range Miss,0,"[{""description"": ""Hines-Allen 2' Running Layup (8 PTS) (Berger 1 AST)"", ""url"": """"}]",False,possessions,4Q/OT | margin -3..3 | 300..120,team
wnba,wnba_shot_pace,shot_pace,possessions,get-possessions,2025,Regular Season,team,"{'OffDef': 'Offense', 'Season': '2025', 'SeasonType': 'Regular Season', 'TeamId': '1611661321'}",shot_pace,1611661321,4Q/OT | margin -3..3 | 300..120,get-possessions__possessions__off_def-Offense__season-2025__season_type-Regular_Season__team_id-1611661321__534a4266,get-possessions,https://api.pbpstats.com/get-possessions/wnba?OffDef=Offense&Season=2025&SeasonType=Regular+Season&TeamId=1611661321,200,115,08:40,"Hines-Allen 12' Jump Shot (6 PTS) (Bueckers 6 AST)
",1,1,0,0,2025-09-07,1022500274,0,0,LAS,3,0,-6,08:52,Off FT Miss,0,"[{""description"": ""Hines-Allen 12' Jump Shot (6 PTS) (Bueckers 6 AST)"", ""url"": """"}]",False,possessions,4Q/OT | margin -3..3 | 300..120,team
wnba,wnba_shot_pace,shot_pace,possessions,get-possessions,2025,Regular Season,team,"{'OffDef': 'Offense', 'Season': '2025', 'SeasonType': 'Regular Season', 'TeamId': '1611661321'}",shot_pace,1611661321,4Q/OT | margin -3..3 | 300..120,get-possessions__possessions__off_def-Offense__season-2025__season_type-Regular_Season__team_id-1611661321__534a4266,get-possessions,https://api.pbpstats.com/get-possessions/wnba?OffDef=Offense&Season=2025&SeasonType=Regular+Season&TeamId=1611661321,200,116,09:07,"Siegrist 24' 3PT Jump Shot (7 PTS) (Bueckers 5 AST)
",0,0,1,1,2025-09-07,1022500274,0,0,LAS,3,0,-9,09:12,Off Short Mid-Range Make,0,"[{""description"": ""Siegrist 24' 3PT Jump Shot (7 PTS) (Bueckers 5 AST)"", ""url"": """"}]",False,possessions,4Q/OT | margin -3..3 | 300..120,team
wnba,wnba_shot_pace,shot_pace,possessions,get-possessions,2025,Regular Season,team,"{'OffDef': 'Offense', 'Season': '2025', 'SeasonType': 'Regular Season', 'TeamId': '1611661321'}",shot_pace,1611661321,4Q/OT | margin -3..3 | 300..120,get-possessions__possessions__off_def-Offense__season-2025__season_type-Regular_Season__team_id-1611661321__534a4266,get-possessions,https://api.pbpstats.com/get-possessions/wnba?OffDef=Offense&Season=2025&SeasonType=Regular+Season&TeamId=1611661321,200,117,09:34,"Bueckers 5' Floating Jump Shot (10 PTS) (Jones 5 AST)
",1,1,0,0,2025-09-07,1022500274,0,0,LAS,3,0,-9,10:00,Off Dead Ball,0,"[{""description"": ""Bueckers 5' Floating Jump Shot (10 PTS) (Jones 5 AST)"", ""url"": """"}]",False,possessions,4Q/OT | margin -3..3 | 300..120,team
wnba,wnba_shot_pace,shot_pace,possessions,get-possessions,2025,Regular Season,team,"{'OffDef': 'Offense', 'Season': '2025', 'SeasonType': 'Regular Season', 'TeamId': '1611661321'}",shot_pace,1611661321,4Q/OT | margin -3..3 | 300..120,get-possessions__possessions__off_def-Offense__season-2025__season_type-Regular_Season__team_id-1611661321__534a4266,get-possessions,https://api.pbpstats.com/get-possessions/wnba?OffDef=Offense&Season=2025&SeasonType=Regular+Season&TeamId=1611661321,200,118,00:00,"MISS Siegrist 16' Pullup Jump Shot
Wings Rebound
",1,0,0,0,2025-09-07,1022500274,0,1,LAS,2,0,-9,00:11,Off Arc 3 Miss,0,"[{""description"": ""MISS Siegrist 16' Pullup Jump Shot"", ""url"": """"}, {""description"": ""Wings Rebound"", ""url"": """"}]",False,possessions,4Q/OT | margin -3..3 | 300..120,team
wnba,wnba_shot_pace,shot_pace,possessions,get-possessions,2025,Regular Season,team,"{'OffDef': 'Offense', 'Season': '2025', 'SeasonType': 'Regular Season', 'TeamId': '1611661321'}",shot_pace,1611661321,4Q/OT | margin -3..3 | 300..120,get-possessions__possessions__off_def-Offense__season-2025__season_type-Regular_Season__team_id-1611661321__534a4266,get-possessions,https://api.pbpstats.com/get-possessions/wnba?OffDef=Offense&Season=2025&SeasonType=Regular+Season&TeamId=1611661321,200,119,00:33,"Bueckers 3' Cutting Layup Shot (8 PTS) (Jones 4 AST)
",1,1,0,0,2025-09-07,1022500274,0,0,LAS,2,0,-11,00:45,Off At Rim Make,0,"[{""description"": ""Bueckers 3' Cutting Layup Shot (8 PTS) (Jones 4 AST)"", ""url"": """"}]",False,possessions,4Q/OT | margin -3..3 | 300..120,team
wnba,wnba_shot_pace,shot_pace,possessions,get-possessions,2025,Regular Season,team,"{'OffDef': 'Offense', 'Season': '2025', 'SeasonType': 'Regular Season', 'TeamId': '1611661321'}",shot_pace,1611661321,4Q/OT | margin -3..3 | 300..120,get-possessions__possessions__off_def-Offense__season-2025__season_type-Regular_Season__team_id-1611661321__534a4266,get-possessions,https://api.pbpstats.com/get-possessions/wnba?OffDef=Offense&Season=2025&SeasonType=Regular+Season&TeamId=1611661321,200,120,00:58,"Allemand S.FOUL (P3.T4)
Bueckers Free Throw 1 of 2 (5 PTS)
Bueckers Free Throw 2 of 2 (6 PTS)
",0,0,0,0,2025-09-07,1022500274,0,0,LAS,2,1,-11,01:03,Off Short Mid-Range Miss,0,"[{""description"": ""Allemand S.FOUL (P3.T4)"", ""url"": """"}, {""description"": ""Bueckers Free Throw 1 of 2 (5 PTS)"", ""url"": """"}, {""description"": ""Bueckers Free Throw 2 of 2 (6 PTS)"", ""url"": """"}]",False,possessions,4Q/OT | margin -3..3 | 300..120,team
wnba,wnba_shot_pace,shot_pace,possessions,get-possessions,2025,Regular Season,team,"{'OffDef': 'Offense', 'Season': '2025', 'SeasonType': 'Regular Season', 'TeamId': '1611661321'}",shot_pace,1611661321,4Q/OT | margin -3..3 | 300..120,get-possessions__possessions__off_def-Offense__season-2025__season_type-Regular_Season__team_id-1611661321__534a4266,get-possessions,https://api.pbpstats.com/get-possessions/wnba?OffDef=Offense&Season=2025&SeasonType=Regular+Season&TeamId=1611661321,200,121,01:14,"MISS Okonkwo 27' 3PT Jump Shot
Jackson REBOUND (Off:0 Def:1)
",0,0,1,0,2025-09-07,1022500274,0,0,LAS,2,0,-11,01:30,Off At Rim Make,0,"[{""description"": ""MISS Okonkwo 27' 3PT Jump Shot"", ""url"": """"}, {""description"": ""Jackson REBOUND (Off:0 Def:1)"", ""url"": """"}]",False,possessions,4Q/OT | margin -3..3 | 300..120,team
wnba,wnba_shot_pace,shot_pace,possessions,get-possessions,2025,Regular Season,team,"{'OffDef': 'Offense', 'Season': '2025', 'SeasonType': 'Regular Season', 'TeamId': '1611661321'}",shot_pace,1611661321,4Q/OT | margin -3..3 | 300..120,get-possessions__possessions__off_def-Offense__season-2025__season_type-Regular_Season__team_id-1611661321__534a4266,get-possessions,https://api.pbpstats.com/get-possessions/wnba?OffDef=Offense&Season=2025&SeasonType=Regular+Season&TeamId=1611661321,200,122,01:37,"Stevens STEAL (2 STL): Jones Bad Pass Turnover (P4.T11)
",0,0,0,0,2025-09-07,1022500274,0,0,LAS,2,0,-9,01:46,Off Short Mid-Range Miss,1,"[{""description"": ""Stevens STEAL (2 STL): Jones Bad Pass Turnover (P4.T11)"", ""url"": """"}]",False,possessions,4Q/OT | margin -3..3 | 300..120,team
wnba,wnba_shot_pace,shot_pace,possessions,get-possessions,2025,Regular Season,team,"{'OffDef': 'Offense', 'Season': '2025', 'SeasonType': 'Regular Season', 'TeamId': '1611661321'}",shot_pace,1611661321,4Q/OT | margin -3..3 | 300..120,get-possessions__possessions__off_def-Offense__season-2025__season_type-Regular_Season__team_id-1611661321__534a4266,get-possessions,https://api.pbpstats.com/get-possessions/wnba?OffDef=Offense&Season=2025&SeasonType=Regular+Season&TeamId=1611661321,200,123,01:55,"MISS Jones 25' 3PT Jump Shot
Plum REBOUND (Off:0 Def:1)
",0,0,1,0,2025-09-07,1022500274,0,0,LAS,2,0,-9,02:11,Off Short Mid-Range Miss,0,"[{""description"": ""MISS Jones 25' 3PT Jump Shot"", ""url"": """"}, {""description"": ""Plum REBOUND (Off:0 Def:1)"", ""url"": """"}]",False,possessions,4Q/OT | margin -3..3 | 300..120,team
wnba,wnba_shot_pace,shot_pace,possessions,get-possessions,2025,Regular Season,team,"{'OffDef': 'Offense', 'Season': '2025', 'SeasonType': 'Regular Season', 'TeamId': '1611661321'}",shot_pace,1611661321,4Q/OT | margin -3..3 | 300..120,get-possessions__possessions__off_def-Offense__season-2025__season_type-Regular_Season__team_id-1611661321__534a4266,get-possessions,https://api.pbpstats.com/get-possessions/wnba?OffDef=Offense&Season=2025&SeasonType=Regular+Season&TeamId=1611661321,200,124,02:27,"Siegrist 14' Jump Shot (4 PTS) (Jones 3 AST)
",1,1,0,0,2025-09-07,1022500274,0,0,LAS,2,0,-11,02:46,Off Timeout,0,"[{""description"": ""Siegrist 14' Jump Shot (4 PTS) (Jones 3 AST)"", ""url"": """"}]",False,possessions,4Q/OT | margin -3..3 | 300..120,team
wnba,wnba_shot_pace,shot_pace,possessions,get-possessions,2025,Regular Season,team,"{'OffDef': 'Offense', 'Season': '2025', 'SeasonType': 'Regular Season', 'TeamId': '1611661321'}",shot_pace,1611661321,4Q/OT | margin -3..3 | 300..120,get-possessions__possessions__off_def-Offense__season-2025__season_type-Regular_Season__team_id-1611661321__534a4266,get-possessions,https://api.pbpstats.com/get-possessions/wnba?OffDef=Offense&Season=2025&SeasonType=Regular+Season&TeamId=1611661321,200,125,03:02,"Hines-Allen 2' Running Layup (4 PTS) (Jones 2 AST)
",1,1,0,0,2025-09-07,1022500274,0,0,LAS,2,0,-11,03:09,Off Arc 3 Miss,0,"[{""description"": ""Hines-Allen 2' Running Layup (4 PTS) (Jones 2 AST)"", ""url"": """"}]",False,possessions,4Q/OT | margin -3..3 | 300..120,team
wnba,wnba_shot_pace,shot_pace,possessions,get-possessions,2025,Regular Season,team,"{'OffDef': 'Offense', 'Season': '2025', 'SeasonType': 'Regular Season', 'TeamId': '1611661321'}",shot_pace,1611661321,4Q/OT | margin -3..3 | 300..120,get-possessions__possessions__off_def-Offense__season-2025__season_type-Regular_Season__team_id-1611661321__534a4266,get-possessions,https://api.pbpstats.com/get-possessions/wnba?OffDef=Offense&Season=2025&SeasonType=Regular+Season&TeamId=1611661321,200,126,03:23,"MISS Siegrist 4' Cutting Layup Shot
Hamby REBOUND (Off:2 Def:2)
",1,0,0,0,2025-09-07,1022500274,0,0,LAS,2,0,-11,03:40,Off Arc 3 Make,0,"[{""description"": ""MISS Siegrist 4' Cutting Layup Shot"", ""url"": """"}, {""description"": ""Hamby REBOUND (Off:2 Def:2)"", ""url"": """"}]",False,possessions,4Q/OT | margin -3..3 | 300..120,team
wnba,wnba_shot_pace,shot_pace,possessions,get-possessions,2025,Regular Season,team,"{'OffDef': 'Offense', 'Season': '2025', 'SeasonType': 'Regular Season', 'TeamId': '1611661321'}",shot_pace,1611661321,4Q/OT | margin -3..3 | 300..120,get-possessions__possessions__off_def-Offense__season-2025__season_type-Regular_Season__team_id-1611661321__534a4266,get-possessions,https://api.pbpstats.com/get-possessions/wnba?OffDef=Offense&Season=2025&SeasonType=Regular+Season&TeamId=1611661321,200,127,03:52,"Stevens L.B.FOUL (P1.T2)
Plum P.FOUL (P2.T3)
MISS Okonkwo 5' Reverse Layup
Stevens REBOUND (Off:0 Def:7)
",1,0,0,0,2025-09-07,1022500274,0,0,LAS,2,0,-8,04:20,Off Dead Ball,0,"[{""description"": ""Stevens L.B.FOUL (P1.T2)"", ""url"": """"}, {""description"": ""Plum P.FOUL (P2.T3)"", ""url"": """"}, {""description"": ""MISS Okonkwo 5' Reverse Layup"", ""url"": """"}, {""description"": ""Stevens REBOUND (Off:0 Def:7)"", ""url"": """"}]",False,possessions,4Q/OT | margin -3..3 | 300..120,team
wnba,wnba_shot_pace,shot_pace,possessions,get-possessions,2025,Regular Season,team,"{'OffDef': 'Offense', 'Season': '2025', 'SeasonType': 'Regular Season', 'TeamId': '1611661321'}",shot_pace,1611661321,4Q/OT | margin -3..3 | 300..120,get-possessions__possessions__off_def-Offense__season-2025__season_type-Regular_Season__team_id-1611661321__534a4266,get-possessions,https://api.pbpstats.com/get-possessions/wnba?OffDef=Offense&Season=2025&SeasonType=Regular+Season&TeamId=1611661321,200,128,04:34,"Bueckers 3' Reverse Layup (4 PTS) (Hines-Allen 4 AST)
",1,1,0,0,2025-09-07,1022500274,0,0,LAS,2,0,-10,04:42,Off Arc 3 Miss,0,"[{""description"": ""Bueckers 3' Reverse Layup (4 PTS) (Hines-Allen 4 AST)"", ""url"": """"}]",False,possessions,4Q/OT | margin -3..3 | 300..120,team
wnba,wnba_shot_pace,shot_pace,possessions,get-possessions,2025,Regular Season,team,"{'OffDef': 'Offense', 'Season': '2025', 'SeasonType': 'Regular Season', 'TeamId': '1611661321'}",shot_pace,1611661321,4Q/OT | margin -3..3 | 300..120,get-possessions__possessions__off_def-Offense__season-2025__season_type-Regular_Season__team_id-1611661321__534a4266,get-possessions,https://api.pbpstats.com/get-possessions/wnba?OffDef=Offense&Season=2025&SeasonType=Regular+Season&TeamId=1611661321,200,129,04:52,"MISS Bueckers 11' Running Pull-Up Jump Shot
Brink REBOUND (Off:0 Def:3)
",1,0,0,0,2025-09-07,1022500274,0,0,LAS,2,0,-10,05:03,Off Steal,0,"[{""description"": ""MISS Bueckers 11' Running Pull-Up Jump Shot"", ""url"": """"}, {""description"": ""Brink REBOUND (Off:0 Def:3)"", ""url"": """"}]",False,possessions,4Q/OT | margin -3..3 | 300..120,team
wnba,wnba_shot_pace,shot_pace,possessions,get-possessions,2025,Regular Season,team,"{'OffDef': 'Offense', 'Season': '2025', 'SeasonType': 'Regular Season', 'TeamId': '1611661321'}",shot_pace,1611661321,4Q/OT | margin -3..3 | 300..120,get-possessions__possessions__off_def-Offense__season-2025__season_type-Regular_Season__team_id-1611661321__534a4266,get-possessions,https://api.pbpstats.com/get-possessions/wnba?OffDef=Offense&Season=2025&SeasonType=Regular+Season&TeamId=1611661321,200,130,05:26,"Jones 3' Cutting Layup Shot (6 PTS) (Hines-Allen 3 AST)
",1,1,0,0,2025-09-07,1022500274,0,0,LAS,2,0,-12,05:41,Off Timeout,0,"[{""description"": ""Jones 3' Cutting Layup Shot (6 PTS) (Hines-Allen 3 AST)"", ""url"": """"}]",False,possessions,4Q/OT | margin -3..3 | 300..120,team
wnba,wnba_shot_pace,shot_pace,possessions,get-possessions,2025,Regular Season,team,"{'OffDef': 'Offense', 'Season': '2025', 'SeasonType': 'Regular Season', 'TeamId': '1611661321'}",shot_pace,1611661321,4Q/OT | margin -3..3 | 300..120,get-possessions__possessions__off_def-Offense__season-2025__season_type-Regular_Season__team_id-1611661321__534a4266,get-possessions,https://api.pbpstats.com/get-possessions/wnba?OffDef=Offense&Season=2025&SeasonType=Regular+Season&TeamId=1611661321,200,131,05:46,"MISS Williams 26' 3PT Jump Shot
Stevens REBOUND (Off:0 Def:6)
",0,0,1,0,2025-09-07,1022500274,0,0,LAS,2,0,-9,05:59,Off Corner 3 Miss,0,"[{""description"": ""MISS Williams 26' 3PT Jump Shot"", ""url"": """"}, {""description"": ""Stevens REBOUND (Off:0 Def:6)"", ""url"": """"}]",False,possessions,4Q/OT | margin -3..3 | 300..120,team
wnba,wnba_shot_pace,shot_pace,possessions,get-possessions,2025,Regular Season,team,"{'OffDef': 'Offense', 'Season': '2025', 'SeasonType': 'Regular Season', 'TeamId': '1611661321'}",shot_pace,1611661321,4Q/OT | margin -3..3 | 300..120,get-possessions__possessions__off_def-Offense__season-2025__season_type-Regular_Season__team_id-1611661321__534a4266,get-possessions,https://api.pbpstats.com/get-possessions/wnba?OffDef=Offense&Season=2025&SeasonType=Regular+Season&TeamId=1611661321,200,132,06:21,"Berger 26' 3PT Jump Shot (5 PTS) (Hines-Allen 2 AST)
",0,0,1,1,2025-09-07,1022500274,0,0,LAS,2,0,-12,06:30,Off Short Mid-Range Make,0,"[{""description"": ""Berger 26' 3PT Jump Shot (5 PTS) (Hines-Allen 2 AST)"", ""url"": """"}]",False,possessions,4Q/OT | margin -3..3 | 300..120,team
wnba,wnba_shot_pace,shot_pace,possessions,get-possessions,2025,Regular Season,team,"{'OffDef': 'Offense', 'Season': '2025', 'SeasonType': 'Regular Season', 'TeamId': '1611661321'}",shot_pace,1611661321,4Q/OT | margin -3..3 | 300..120,get-possessions__possessions__off_def-Offense__season-2025__season_type-Regular_Season__team_id-1611661321__534a4266,get-possessions,https://api.pbpstats.com/get-possessions/wnba?OffDef=Offense&Season=2025&SeasonType=Regular+Season&TeamId=1611661321,200,133,06:38,"MISS Siegrist 26' 3PT Jump Shot
Brink REBOUND (Off:0 Def:2)
",0,0,1,0,2025-09-07,1022500274,0,0,LAS,2,0,-10,06:53,Off Short Mid-Range Miss,0,"[{""description"": ""MISS Siegrist 26' 3PT Jump Shot"", ""url"": """"}, {""description"": ""Brink REBOUND (Off:0 Def:2)"", ""url"": """"}]",False,possessions,4Q/OT | margin -3..3 | 300..120,team
wnba,wnba_shot_pace,shot_pace,possessions,get-possessions,2025,Regular Season,team,"{'OffDef': 'Offense', 'Season': '2025', 'SeasonType': 'Regular Season', 'TeamId': '1611661321'}",shot_pace,1611661321,4Q/OT | margin -3..3 | 300..120,get-possessions__possessions__off_def-Offense__season-2025__season_type-Regular_Season__team_id-1611661321__534a4266,get-possessions,https://api.pbpstats.com/get-possessions/wnba?OffDef=Offense&Season=2025&SeasonType=Regular+Season&TeamId=1611661321,200,134,07:11,"Plum S.FOUL (P1.T1)
Bueckers Free Throw 1 of 2 (1 PTS)
Bueckers Free Throw 2 of 2 (2 PTS)
",0,0,0,0,2025-09-07,1022500274,0,0,LAS,2,1,-12,07:22,Off FT Make,0,"[{""description"": ""Plum S.FOUL (P1.T1)"", ""url"": """"}, {""description"": ""Bueckers Free Throw 1 of 2 (1 PTS)"", ""url"": """"}, {""description"": ""Bueckers Free Throw 2 of 2 (2 PTS)"", ""url"": """"}]",False,possessions,4Q/OT | margin -3..3 | 300..120,team
wnba,wnba_shot_pace,shot_pace,possessions,get-possessions,2025,Regular Season,team,"{'OffDef': 'Offense', 'Season': '2025', 'SeasonType': 'Regular Season', 'TeamId': '1611661321'}",shot_pace,1611661321,4Q/OT | margin -3..3 | 300..120,get-possessions__possessions__off_def-Offense__season-2025__season_type-Regular_Season__team_id-1611661321__534a4266,get-possessions,https://api.pbpstats.com/get-possessions/wnba?OffDef=Offense&Season=2025&SeasonType=Regular+Season&TeamId=1611661321,200,135,07:29,"MISS Jones 9' Turnaround Jump Shot
Stevens REBOUND (Off:0 Def:5)
",1,0,0,0,2025-09-07,1022500274,0,0,LAS,2,0,-10,07:43,Off Dead Ball,0,"[{""description"": ""MISS Jones 9' Turnaround Jump Shot"", ""url"": """"}, {""description"": ""Stevens REBOUND (Off:0 Def:5)"", ""url"": """"}]",False,possessions,4Q/OT | margin -3..3 | 300..120,team
wnba,wnba_shot_pace,shot_pace,possessions,get-possessions,2025,Regular Season,team,"{'OffDef': 'Offense', 'Season': '2025', 'SeasonType': 'Regular Season', 'TeamId': '1611661321'}",shot_pace,1611661321,4Q/OT | margin -3..3 | 300..120,get-possessions__possessions__off_def-Offense__season-2025__season_type-Regular_Season__team_id-1611661321__534a4266,get-possessions,https://api.pbpstats.com/get-possessions/wnba?OffDef=Offense&Season=2025&SeasonType=Regular+Season&TeamId=1611661321,200,136,08:01,"Berger 3' Cutting Layup Shot (2 PTS) (Bueckers 4 AST)
",1,1,0,0,2025-09-07,1022500274,0,0,LAS,2,0,-12,08:14,Off Corner 3 Miss,0,"[{""description"": ""Berger 3' Cutting Layup Shot (2 PTS) (Bueckers 4 AST)"", ""url"": """"}]",False,possessions,4Q/OT | margin -3..3 | 300..120,team
wnba,wnba_shot_pace,shot_pace,possessions,get-possessions,2025,Regular Season,team,"{'OffDef': 'Offense', 'Season': '2025', 'SeasonType': 'Regular Season', 'TeamId': '1611661321'}",shot_pace,1611661321,4Q/OT | margin -3..3 | 300..120,get-possessions__possessions__off_def-Offense__season-2025__season_type-Regular_Season__team_id-1611661321__534a4266,get-possessions,https://api.pbpstats.com/get-possessions/wnba?OffDef=Offense&Season=2025&SeasonType=Regular+Season&TeamId=1611661321,200,137,08:30,"Burrell STEAL (1 STL): Jones Lost Ball Turnover (P3.T10)
",0,0,0,0,2025-09-07,1022500274,0,0,LAS,2,0,-12,08:44,Off Arc 3 Make,1,"[{""description"": ""Burrell STEAL (1 STL): Jones Lost Ball Turnover (P3.T10)"", ""url"": """"}]",False,possessions,4Q/OT | margin -3..3 | 300..120,team
wnba,wnba_shot_pace,shot_pace,possessions,get-possessions,2025,Regular Season,team,"{'OffDef': 'Offense', 'Season': '2025', 'SeasonType': 'Regular Season', 'TeamId': '1611661321'}",shot_pace,1611661321,4Q/OT | margin -3..3 | 300..120,get-possessions__possessions__off_def-Offense__season-2025__season_type-Regular_Season__team_id-1611661321__534a4266,get-possessions,https://api.pbpstats.com/get-possessions/wnba?OffDef=Offense&Season=2025&SeasonType=Regular+Season&TeamId=1611661321,200,138,08:50,"MISS James 25' 3PT Pullup Jump Shot
Brink REBOUND (Off:0 Def:1)
",0,0,1,0,2025-09-07,1022500274,0,0,LAS,2,0,-9,09:05,Off Short Mid-Range Make,0,"[{""description"": ""MISS James 25' 3PT Pullup Jump Shot"", ""url"": """"}, {""description"": ""Brink REBOUND (Off:0 Def:1)"", ""url"": """"}]",False,possessions,4Q/OT | margin -3..3 | 300..120,team
wnba,wnba_shot_pace,shot_pace,possessions,get-possessions,2025,Regular Season,team,"{'OffDef': 'Offense', 'Season': '2025', 'SeasonType': 'Regular Season', 'TeamId': '1611661321'}",shot_pace,1611661321,4Q/OT | margin -3..3 | 300..120,get-possessions__possessions__off_def-Offense__season-2025__season_type-Regular_Season__team_id-1611661321__534a4266,get-possessions,https://api.pbpstats.com/get-possessions/wnba?OffDef=Offense&Season=2025&SeasonType=Regular+Season&TeamId=1611661321,200,139,09:16,"Miller Out of Bounds Lost Ball Turnover (P1.T9)
",0,0,0,0,2025-09-07,1022500274,0,0,LAS,2,0,-7,09:20,Off Arc 3 Miss,1,"[{""description"": ""Miller Out of Bounds Lost Ball Turnover (P1.T9)"", ""url"": """"}]",False,possessions,4Q/OT | margin -3..3 | 300..120,team
wnba,wnba_shot_pace,shot_pace,possessions,get-possessions,2025,Regular Season,team,"{'OffDef': 'Offense', 'Season': '2025', 'SeasonType': 'Regular Season', 'TeamId': '1611661321'}",shot_pace,1611661321,4Q/OT | margin -3..3 | 300..120,get-possessions__possessions__off_def-Offense__season-2025__season_type-Regular_Season__team_id-1611661321__534a4266,get-possessions,https://api.pbpstats.com/get-possessions/wnba?OffDef=Offense&Season=2025&SeasonType=Regular+Season&TeamId=1611661321,200,140,09:43,"MISS Hines-Allen 6' Hook Shot
Barker REBOUND (Off:0 Def:3)
",1,0,0,0,2025-09-07,1022500274,0,0,LAS,2,0,-7,10:00,Off Dead Ball,0,"[{""description"": ""MISS Hines-Allen 6' Hook Shot"", ""url"": """"}, {""description"": ""Barker REBOUND (Off:0 Def:3)"", ""url"": """"}]",False,possessions,4Q/OT | margin -3..3 | 300..120,team
wnba,wnba_shot_pace,shot_pace,possessions,get-possessions,2025,Regular Season,team,"{'OffDef': 'Offense', 'Season': '2025', 'SeasonType': 'Regular Season', 'TeamId': '1611661321'}",shot_pace,1611661321,4Q/OT | margin -3..3 | 300..120,get-possessions__possessions__off_def-Offense__season-2025__season_type-Regular_Season__team_id-1611661321__534a4266,get-possessions,https://api.pbpstats.com/get-possessions/wnba?OffDef=Offense&Season=2025&SeasonType=Regular+Season&TeamId=1611661321,200,141,00:01,"MISS Berger 5' Driving Layup
Barker REBOUND (Off:0 Def:2)
",1,0,0,0,2025-09-07,1022500274,0,0,LAS,1,0,-7,00:14,Off Short Mid-Range Make,0,"[{""description"": ""MISS Berger 5' Driving Layup"", ""url"": """"}, {""description"": ""Barker REBOUND (Off:0 Def:2)"", ""url"": """"}]",False,possessions,4Q/OT | margin -3..3 | 300..120,team
wnba,wnba_shot_pace,shot_pace,possessions,get-possessions,2025,Regular Season,team,"{'OffDef': 'Offense', 'Season': '2025', 'SeasonType': 'Regular Season', 'TeamId': '1611661321'}",shot_pace,1611661321,4Q/OT | margin -3..3 | 300..120,get-possessions__possessions__off_def-Offense__season-2025__season_type-Regular_Season__team_id-1611661321__534a4266,get-possessions,https://api.pbpstats.com/get-possessions/wnba?OffDef=Offense&Season=2025&SeasonType=Regular+Season&TeamId=1611661321,200,142,00:30,"MISS James 4' Running Layup
SPARKS Rebound
",1,0,0,0,2025-09-07,1022500274,0,0,LAS,1,0,-5,00:36,Off Short Mid-Range Miss,0,"[{""description"": ""MISS James 4' Running Layup"", ""url"": """"}, {""description"": ""SPARKS Rebound"", ""url"": """"}]",False,possessions,4Q/OT | margin -3..3 | 300..120,team
wnba,wnba_shot_pace,shot_pace,possessions,get-possessions,2025,Regular Season,team,"{'OffDef': 'Offense', 'Season': '2025', 'SeasonType': 'Regular Season', 'TeamId': '1611661321'}",shot_pace,1611661321,4Q/OT | margin -3..3 | 300..120,get-possessions__possessions__off_def-Offense__season-2025__season_type-Regular_Season__team_id-1611661321__534a4266,get-possessions,https://api.pbpstats.com/get-possessions/wnba?OffDef=Offense&Season=2025&SeasonType=Regular+Season&TeamId=1611661321,200,143,00:58,"MISS Hines-Allen 25' 3PT Jump Shot
Berger REBOUND (Off:2 Def:1)
MISS Berger 6' Pullup Jump Shot
Hines-Allen REBOUND (Off:1 Def:2)
MISS Hines-Allen 1' Putback Layup
Barker REBOUND (Off:0 Def:1)
",2,0,1,0,2025-09-07,1022500274,0,2,LAS,1,0,-5,01:20,Off Short Mid-Range Make,0,"[{""description"": ""MISS Hines-Allen 25' 3PT Jump Shot"", ""url"": """"}, {""description"": ""Berger REBOUND (Off:2 Def:1)"", ""url"": """"}, {""description"": ""MISS Berger 6' Pullup Jump Shot"", ""url"": """"}, {""description"": ""Hines-Allen REBOUND (Off:1 Def:2)"", ""url"": """"}, {""description"": ""MISS Hines-Allen 1' Putback Layup"", ""url"": """"}, {""description"": ""Barker REBOUND (Off:0 Def:1)"", ""url"": """"}]",False,possessions,4Q/OT | margin -3..3 | 300..120,team
wnba,wnba_shot_pace,shot_pace,possessions,get-possessions,2025,Regular Season,team,"{'OffDef': 'Offense', 'Season': '2025', 'SeasonType': 'Regular Season', 'TeamId': '1611661321'}",shot_pace,1611661321,4Q/OT | margin -3..3 | 300..120,get-possessions__possessions__off_def-Offense__season-2025__season_type-Regular_Season__team_id-1611661321__534a4266,get-possessions,https://api.pbpstats.com/get-possessions/wnba?OffDef=Offense&Season=2025&SeasonType=Regular+Season&TeamId=1611661321,200,144,01:33,"Jackson S.FOUL (P1.T3)
James Free Throw 1 of 2 (1 PTS)
James Free Throw 2 of 2 (2 PTS)
",0,0,0,0,2025-09-07,1022500274,0,0,LAS,1,1,-5,01:45,Off Dead Ball,0,"[{""description"": ""Jackson S.FOUL (P1.T3)"", ""url"": """"}, {""description"": ""James Free Throw 1 of 2 (1 PTS)"", ""url"": """"}, {""description"": ""James Free Throw 2 of 2 (2 PTS)"", ""url"": """"}]",False,possessions,4Q/OT | margin -3..3 | 300..120,team
wnba,wnba_shot_pace,shot_pace,possessions,get-possessions,2025,Regular Season,team,"{'OffDef': 'Offense', 'Season': '2025', 'SeasonType': 'Regular Season', 'TeamId': '1611661321'}",shot_pace,1611661321,4Q/OT | margin -3..3 | 300..120,get-possessions__possessions__off_def-Offense__season-2025__season_type-Regular_Season__team_id-1611661321__534a4266,get-possessions,https://api.pbpstats.com/get-possessions/wnba?OffDef=Offense&Season=2025&SeasonType=Regular+Season&TeamId=1611661321,200,145,02:10,"Okonkwo 2' Running Layup (4 PTS) (Hines-Allen 1 AST)
",1,1,0,0,2025-09-07,1022500274,0,0,LAS,1,0,-7,02:17,Off Steal,0,"[{""description"": ""Okonkwo 2' Running Layup (4 PTS) (Hines-Allen 1 AST)"", ""url"": """"}]",False,possessions,4Q/OT | margin -3..3 | 300..120,team
wnba,wnba_shot_pace,shot_pace,possessions,get-possessions,2025,Regular Season,team,"{'OffDef': 'Offense', 'Season': '2025', 'SeasonType': 'Regular Season', 'TeamId': '1611661321'}",shot_pace,1611661321,4Q/OT | margin -3..3 | 300..120,get-possessions__possessions__off_def-Offense__season-2025__season_type-Regular_Season__team_id-1611661321__534a4266,get-possessions,https://api.pbpstats.com/get-possessions/wnba?OffDef=Offense&Season=2025&SeasonType=Regular+Season&TeamId=1611661321,200,146,02:28,"Hamby STEAL (1 STL): Okonkwo Bad Pass Turnover (P2.T8)
",0,0,0,0,2025-09-07,1022500274,0,0,LAS,1,0,-7,02:45,Off FT Miss,1,"[{""description"": ""Hamby STEAL (1 STL): Okonkwo Bad Pass Turnover (P2.T8)"", ""url"": """"}]",False,possessions,4Q/OT | margin -3..3 | 300..120,team
wnba,wnba_shot_pace,shot_pace,possessions,get-possessions,2025,Regular Season,team,"{'OffDef': 'Offense', 'Season': '2025', 'SeasonType': 'Regular Season', 'TeamId': '1611661321'}",shot_pace,1611661321,4Q/OT | margin -3..3 | 300..120,get-possessions__possessions__off_def-Offense__season-2025__season_type-Regular_Season__team_id-1611661321__534a4266,get-possessions,https://api.pbpstats.com/get-possessions/wnba?OffDef=Offense&Season=2025&SeasonType=Regular+Season&TeamId=1611661321,200,147,03:09,"Allemand S.FOUL (P2.T2)
Okonkwo Free Throw 1 of 2 (1 PTS)
Okonkwo Free Throw 2 of 2 (2 PTS)
",0,0,0,0,2025-09-07,1022500274,0,0,LAS,1,1,-8,03:10,Off Arc 3 Miss,0,"[{""description"": ""Allemand S.FOUL (P2.T2)"", ""url"": """"}, {""description"": ""Okonkwo Free Throw 1 of 2 (1 PTS)"", ""url"": """"}, {""description"": ""Okonkwo Free Throw 2 of 2 (2 PTS)"", ""url"": """"}]",False,possessions,4Q/OT | margin -3..3 | 300..120,team
wnba,wnba_shot_pace,shot_pace,possessions,get-possessions,2025,Regular Season,team,"{'OffDef': 'Offense', 'Season': '2025', 'SeasonType': 'Regular Season', 'TeamId': '1611661321'}",shot_pace,1611661321,4Q/OT | margin -3..3 | 300..120,get-possessions__possessions__off_def-Offense__season-2025__season_type-Regular_Season__team_id-1611661321__534a4266,get-possessions,https://api.pbpstats.com/get-possessions/wnba?OffDef=Offense&Season=2025&SeasonType=Regular+Season&TeamId=1611661321,200,148,03:25,"Jones 6' Driving Layup (4 PTS) (Bueckers 3 AST)
Allemand S.FOUL (P1.T1)
MISS Jones Free Throw 1 of 1
Stevens REBOUND (Off:0 Def:4)
",1,1,0,0,2025-09-07,1022500274,0,0,LAS,1,1,-10,03:44,Off Short Mid-Range Make,0,"[{""description"": ""Jones 6' Driving Layup (4 PTS) (Bueckers 3 AST)"", ""url"": """"}, {""description"": ""Allemand S.FOUL (P1.T1)"", ""url"": """"}, {""description"": ""MISS Jones Free Throw 1 of 1"", ""url"": """"}, {""description"": ""Stevens REBOUND (Off:0 Def:4)"", ""url"": """"}]",False,possessions,4Q/OT | margin -3..3 | 300..120,team
wnba,wnba_shot_pace,shot_pace,possessions,get-possessions,2025,Regular Season,team,"{'OffDef': 'Offense', 'Season': '2025', 'SeasonType': 'Regular Season', 'TeamId': '1611661321'}",shot_pace,1611661321,4Q/OT | margin -3..3 | 300..120,get-possessions__possessions__off_def-Offense__season-2025__season_type-Regular_Season__team_id-1611661321__534a4266,get-possessions,https://api.pbpstats.com/get-possessions/wnba?OffDef=Offense&Season=2025&SeasonType=Regular+Season&TeamId=1611661321,200,149,03:52,"MISS James 18' Running Pull-Up Jump Shot
Stevens REBOUND (Off:0 Def:3)
",1,0,0,0,2025-09-07,1022500274,0,0,LAS,1,0,-8,03:59,Off Corner 3 Miss,0,"[{""description"": ""MISS James 18' Running Pull-Up Jump Shot"", ""url"": """"}, {""description"": ""Stevens REBOUND (Off:0 Def:3)"", ""url"": """"}]",False,possessions,4Q/OT | margin -3..3 | 300..120,team
wnba,wnba_shot_pace,shot_pace,possessions,get-possessions,2025,Regular Season,team,"{'OffDef': 'Offense', 'Season': '2025', 'SeasonType': 'Regular Season', 'TeamId': '1611661321'}",shot_pace,1611661321,4Q/OT | margin -3..3 | 300..120,get-possessions__possessions__off_def-Offense__season-2025__season_type-Regular_Season__team_id-1611661321__534a4266,get-possessions,https://api.pbpstats.com/get-possessions/wnba?OffDef=Offense&Season=2025&SeasonType=Regular+Season&TeamId=1611661321,200,150,04:15,"Jones Out of Bounds - Bad Pass Turnover Turnover (P2.T7)
",0,0,0,0,2025-09-07,1022500274,0,0,LAS,1,0,-8,04:17,Off Long Mid-Range Miss,1,"[{""description"": ""Jones Out of Bounds - Bad Pass Turnover Turnover (P2.T7)"", ""url"": """"}]",False,possessions,4Q/OT | margin -3..3 | 300..120,team
wnba,wnba_shot_pace,shot_pace,possessions,get-possessions,2025,Regular Season,team,"{'OffDef': 'Offense', 'Season': '2025', 'SeasonType': 'Regular Season', 'TeamId': '1611661321'}",shot_pace,1611661321,4Q/OT | margin -3..3 | 300..120,get-possessions__possessions__off_def-Offense__season-2025__season_type-Regular_Season__team_id-1611661321__534a4266,get-possessions,https://api.pbpstats.com/get-possessions/wnba?OffDef=Offense&Season=2025&SeasonType=Regular+Season&TeamId=1611661321,200,151,04:37,"MISS Okonkwo 25' 3PT Jump Shot
Wings Rebound
MISS Jones 4' Driving Layup
Wings Rebound
James Out of Bounds - Bad Pass Turnover Turnover (P1.T6)
",1,0,1,0,2025-09-07,1022500274,0,2,LAS,1,0,-8,05:00,Off Short Mid-Range Miss,1,"[{""description"": ""MISS Okonkwo 25' 3PT Jump Shot"", ""url"": """"}, {""description"": ""Wings Rebound"", ""url"": """"}, {""description"": ""MISS Jones 4' Driving Layup"", ""url"": """"}, {""description"": ""Wings Rebound"", ""url"": """"}, {""description"": ""James Out of Bounds - Bad Pass Turnover Turnover (P1.T6)"", ""url"": """"}]",False,possessions,4Q/OT | margin -3..3 | 300..120,team
wnba,wnba_shot_pace,shot_pace,possessions,get-possessions,2025,Regular Season,team,"{'OffDef': 'Offense', 'Season': '2025', 'SeasonType': 'Regular Season', 'TeamId': '1611661321'}",shot_pace,1611661321,4Q/OT | margin -3..3 | 300..120,get-possessions__possessions__off_def-Offense__season-2025__season_type-Regular_Season__team_id-1611661321__534a4266,get-possessions,https://api.pbpstats.com/get-possessions/wnba?OffDef=Offense&Season=2025&SeasonType=Regular+Season&TeamId=1611661321,200,152,05:12,"MISS Okonkwo 26' 3PT Jump Shot
Stevens REBOUND (Off:0 Def:2)
",0,0,1,0,2025-09-07,1022500274,0,0,LAS,1,0,-8,05:34,Off Arc 3 Make,0,"[{""description"": ""MISS Okonkwo 26' 3PT Jump Shot"", ""url"": """"}, {""description"": ""Stevens REBOUND (Off:0 Def:2)"", ""url"": """"}]",False,possessions,4Q/OT | margin -3..3 | 300..120,team
wnba,wnba_shot_pace,shot_pace,possessions,get-possessions,2025,Regular Season,team,"{'OffDef': 'Offense', 'Season': '2025', 'SeasonType': 'Regular Season', 'TeamId': '1611661321'}",shot_pace,1611661321,4Q/OT | margin -3..3 | 300..120,get-possessions__possessions__off_def-Offense__season-2025__season_type-Regular_Season__team_id-1611661321__534a4266,get-possessions,https://api.pbpstats.com/get-possessions/wnba?OffDef=Offense&Season=2025&SeasonType=Regular+Season&TeamId=1611661321,200,153,05:45,"MISS Siegrist 3PT Running Jump Shot
Stevens REBOUND (Off:0 Def:1)
",0,0,1,0,2025-09-07,1022500274,0,0,LAS,1,0,-5,05:52,Off Arc 3 Miss,0,"[{""description"": ""MISS Siegrist 3PT Running Jump Shot"", ""url"": """"}, {""description"": ""Stevens REBOUND (Off:0 Def:1)"", ""url"": """"}]",False,possessions,4Q/OT | margin -3..3 | 300..120,team
wnba,wnba_shot_pace,shot_pace,possessions,get-possessions,2025,Regular Season,team,"{'OffDef': 'Offense', 'Season': '2025', 'SeasonType': 'Regular Season', 'TeamId': '1611661321'}",shot_pace,1611661321,4Q/OT | margin -3..3 | 300..120,get-possessions__possessions__off_def-Offense__season-2025__season_type-Regular_Season__team_id-1611661321__534a4266,get-possessions,https://api.pbpstats.com/get-possessions/wnba?OffDef=Offense&Season=2025&SeasonType=Regular+Season&TeamId=1611661321,200,154,06:04,"Allemand STEAL (2 STL): Okonkwo Bad Pass Turnover (P1.T5)
",0,0,0,0,2025-09-07,1022500274,0,0,LAS,1,0,-5,06:17,Off Timeout,1,"[{""description"": ""Allemand STEAL (2 STL): Okonkwo Bad Pass Turnover (P1.T5)"", ""url"": """"}]",False,possessions,4Q/OT | margin -3..3 | 300..120,team
wnba,wnba_shot_pace,shot_pace,possessions,get-possessions,2025,Regular Season,team,"{'OffDef': 'Offense', 'Season': '2025', 'SeasonType': 'Regular Season', 'TeamId': '1611661321'}",shot_pace,1611661321,4Q/OT | margin -3..3 | 300..120,get-possessions__possessions__off_def-Offense__season-2025__season_type-Regular_Season__team_id-1611661321__534a4266,get-possessions,https://api.pbpstats.com/get-possessions/wnba?OffDef=Offense&Season=2025&SeasonType=Regular+Season&TeamId=1611661321,200,155,06:23,"Allemand STEAL (1 STL): Bueckers Bad Pass Turnover (P1.T4)
",0,0,0,0,2025-09-07,1022500274,0,0,LAS,1,0,-3,06:33,Off At Rim Make,1,"[{""description"": ""Allemand STEAL (1 STL): Bueckers Bad Pass Turnover (P1.T4)"", ""url"": """"}]",False,possessions,4Q/OT | margin -3..3 | 300..120,team
wnba,wnba_shot_pace,shot_pace,possessions,get-possessions,2025,Regular Season,team,"{'OffDef': 'Offense', 'Season': '2025', 'SeasonType': 'Regular Season', 'TeamId': '1611661321'}",shot_pace,1611661321,4Q/OT | margin -3..3 | 300..120,get-possessions__possessions__off_def-Offense__season-2025__season_type-Regular_Season__team_id-1611661321__534a4266,get-possessions,https://api.pbpstats.com/get-possessions/wnba?OffDef=Offense&Season=2025&SeasonType=Regular+Season&TeamId=1611661321,200,156,06:37,"Stevens STEAL (1 STL): Berger Bad Pass Turnover (P1.T3)
",0,0,0,0,2025-09-07,1022500274,0,0,LAS,1,0,-1,06:48,Off Arc 3 Miss,1,"[{""description"": ""Stevens STEAL (1 STL): Berger Bad Pass Turnover (P1.T3)"", ""url"": """"}]",False,possessions,4Q/OT | margin -3..3 | 300..120,team
wnba,wnba_shot_pace,shot_pace,possessions,get-possessions,2025,Regular Season,team,"{'OffDef': 'Offense', 'Season': '2025', 'SeasonType': 'Regular Season', 'TeamId': '1611661321'}",shot_pace,1611661321,4Q/OT | margin -3..3 | 300..120,get-possessions__possessions__off_def-Offense__season-2025__season_type-Regular_Season__team_id-1611661321__534a4266,get-possessions,https://api.pbpstats.com/get-possessions/wnba?OffDef=Offense&Season=2025&SeasonType=Regular+Season&TeamId=1611661321,200,157,07:10,"MISS Hines-Allen 4' Cutting Layup Shot
Hamby REBOUND (Off:0 Def:1)
",1,0,0,0,2025-09-07,1022500274,0,0,LAS,1,0,-1,07:27,Off Arc 3 Make,0,"[{""description"": ""MISS Hines-Allen 4' Cutting Layup Shot"", ""url"": """"}, {""description"": ""Hamby REBOUND (Off:0 Def:1)"", ""url"": """"}]",False,possessions,4Q/OT | margin -3..3 | 300..120,team
wnba,wnba_shot_pace,shot_pace,possessions,get-possessions,2025,Regular Season,team,"{'OffDef': 'Offense', 'Season': '2025', 'SeasonType': 'Regular Season', 'TeamId': '1611661321'}",shot_pace,1611661321,4Q/OT | margin -3..3 | 300..120,get-possessions__possessions__off_def-Offense__season-2025__season_type-Regular_Season__team_id-1611661321__534a4266,get-possessions,https://api.pbpstats.com/get-possessions/wnba?OffDef=Offense&Season=2025&SeasonType=Regular+Season&TeamId=1611661321,200,158,07:38,"Hines-Allen 3' Driving Layup (2 PTS) (Bueckers 2 AST)
",1,1,0,0,2025-09-07,1022500274,0,0,LAS,1,0,0,07:48,Off Short Mid-Range Make,0,"[{""description"": ""Hines-Allen 3' Driving Layup (2 PTS) (Bueckers 2 AST)"", ""url"": """"}]",False,possessions,4Q/OT | margin -3..3 | 300..120,team
wnba,wnba_shot_pace,shot_pace,possessions,get-possessions,2025,Regular Season,team,"{'OffDef': 'Offense', 'Season': '2025', 'SeasonType': 'Regular Season', 'TeamId': '1611661321'}",shot_pace,1611661321,4Q/OT | margin -3..3 | 300..120,get-possessions__possessions__off_def-Offense__season-2025__season_type-Regular_Season__team_id-1611661321__534a4266,get-possessions,https://api.pbpstats.com/get-possessions/wnba?OffDef=Offense&Season=2025&SeasonType=Regular+Season&TeamId=1611661321,200,159,08:05,"Jones 14' Running Pull-Up Jump Shot (2 PTS) (Bueckers 1 AST)
",1,1,0,0,2025-09-07,1022500274,0,0,LAS,1,0,0,08:12,Off Arc 3 Miss,0,"[{""description"": ""Jones 14' Running Pull-Up Jump Shot (2 PTS) (Bueckers 1 AST)"", ""url"": """"}]",False,possessions,4Q/OT | margin -3..3 | 300..120,team
wnba,wnba_shot_pace,shot_pace,possessions,get-possessions,2025,Regular Season,team,"{'OffDef': 'Offense', 'Season': '2025', 'SeasonType': 'Regular Season', 'TeamId': '1611661321'}",shot_pace,1611661321,4Q/OT | margin -3..3 | 300..120,get-possessions__possessions__off_def-Offense__season-2025__season_type-Regular_Season__team_id-1611661321__534a4266,get-possessions,https://api.pbpstats.com/get-possessions/wnba?OffDef=Offense&Season=2025&SeasonType=Regular+Season&TeamId=1611661321,200,160,08:32,"Jones Out of Bounds - Bad Pass Turnover Turnover (P1.T2)
",0,0,0,0,2025-09-07,1022500274,0,0,LAS,1,0,0,08:41,Off Dead Ball,1,"[{""description"": ""Jones Out of Bounds - Bad Pass Turnover Turnover (P1.T2)"", ""url"": """"}]",False,possessions,4Q/OT | margin -3..3 | 300..120,team
wnba,wnba_shot_pace,shot_pace,possessions,get-possessions,2025,Regular Season,team,"{'OffDef': 'Offense', 'Season': '2025', 'SeasonType': 'Regular Season', 'TeamId': '1611661321'}",shot_pace,1611661321,4Q/OT | margin -3..3 | 300..120,get-possessions__possessions__off_def-Offense__season-2025__season_type-Regular_Season__team_id-1611661321__534a4266,get-possessions,https://api.pbpstats.com/get-possessions/wnba?OffDef=Offense&Season=2025&SeasonType=Regular+Season&TeamId=1611661321,200,161,08:51,"Siegrist 3' Cutting Layup Shot (2 PTS) (Jones 1 AST)
",1,1,0,0,2025-09-07,1022500274,0,0,LAS,1,0,-2,09:11,Off Arc 3 Miss,0,"[{""description"": ""Siegrist 3' Cutting Layup Shot (2 PTS) (Jones 1 AST)"", ""url"": """"}]",False,possessions,4Q/OT | margin -3..3 | 300..120,team
wnba,wnba_shot_pace,shot_pace,possessions,get-possessions,2025,Regular Season,team,"{'OffDef': 'Offense', 'Season': '2025', 'SeasonType': 'Regular Season', 'TeamId': '1611661321'}",shot_pace,1611661321,4Q/OT | margin -3..3 | 300..120,get-possessions__possessions__off_def-Offense__season-2025__season_type-Regular_Season__team_id-1611661321__534a4266,get-possessions,https://api.pbpstats.com/get-possessions/wnba?OffDef=Offense&Season=2025&SeasonType=Regular+Season&TeamId=1611661321,200,162,09:23,"MISS Hines-Allen 25' 3PT Jump Shot
Berger REBOUND (Off:1 Def:0)
Wings Turnover: Shot Clock (T#1)
",0,0,1,0,2025-09-07,1022500274,0,1,LAS,1,0,-2,09:47,Off FT Make,1,"[{""description"": ""MISS Hines-Allen 25' 3PT Jump Shot"", ""url"": """"}, {""description"": ""Berger REBOUND (Off:1 Def:0)"", ""url"": """"}, {""description"": ""Wings Turnover: Shot Clock (T#1)"", ""url"": """"}]",False,possessions,4Q/OT | margin -3..3 | 300..120,team
wnba,wnba_shot_pace,shot_pace,possessions,get-possessions,2025,Regular Season,team,"{'OffDef': 'Offense', 'Season': '2025', 'SeasonType': 'Regular Season', 'TeamId': '1611661321'}",shot_pace,1611661321,4Q/OT | margin -3..3 | 300..120,get-possessions__possessions__off_def-Offense__season-2025__season_type-Regular_Season__team_id-1611661321__534a4266,get-possessions,https://api.pbpstats.com/get-possessions/wnba?OffDef=Offense&Season=2025&SeasonType=Regular+Season&TeamId=1611661321,200,163,00:00,"MISS Bueckers 26' 3PT Pullup Jump Shot
Wings Rebound
",0,0,1,0,2025-09-04,1022500266,0,0,GSV,4,0,-4,00:07,Off Timeout,0,"[{""description"": ""MISS Bueckers 26' 3PT Pullup Jump Shot"", ""url"": """"}, {""description"": ""Wings Rebound"", ""url"": """"}]",False,possessions,4Q/OT | margin -3..3 | 300..120,team
wnba,wnba_shot_pace,shot_pace,possessions,get-possessions,2025,Regular Season,team,"{'OffDef': 'Offense', 'Season': '2025', 'SeasonType': 'Regular Season', 'TeamId': '1611661321'}",shot_pace,1611661321,4Q/OT | margin -3..3 | 300..120,get-possessions__possessions__off_def-Offense__season-2025__season_type-Regular_Season__team_id-1611661321__534a4266,get-possessions,https://api.pbpstats.com/get-possessions/wnba?OffDef=Offense&Season=2025&SeasonType=Regular+Season&TeamId=1611661321,200,164,00:07,"Bueckers 5' Layup (27 PTS) (Jones 7 AST)
",1,1,0,0,2025-09-04,1022500266,0,0,GSV,4,0,-4,00:11,Off Timeout,0,"[{""description"": ""Bueckers 5' Layup (27 PTS) (Jones 7 AST)"", ""url"": """"}]",False,possessions,4Q/OT | margin -3..3 | 300..120,team
wnba,wnba_shot_pace,shot_pace,possessions,get-possessions,2025,Regular Season,team,"{'OffDef': 'Offense', 'Season': '2025', 'SeasonType': 'Regular Season', 'TeamId': '1611661321'}",shot_pace,1611661321,4Q/OT | margin -3..3 | 300..120,get-possessions__possessions__off_def-Offense__season-2025__season_type-Regular_Season__team_id-1611661321__534a4266,get-possessions,https://api.pbpstats.com/get-possessions/wnba?OffDef=Offense&Season=2025&SeasonType=Regular+Season&TeamId=1611661321,200,165,00:12,"Bueckers 4' Driving Layup (25 PTS) (Jones 6 AST)
",1,1,0,0,2025-09-04,1022500266,0,0,GSV,4,0,-4,00:15,Off Timeout,0,"[{""description"": ""Bueckers 4' Driving Layup (25 PTS) (Jones 6 AST)"", ""url"": """"}]",False,possessions,4Q/OT | margin -3..3 | 300..120,team
wnba,wnba_shot_pace,shot_pace,possessions,get-possessions,2025,Regular Season,team,"{'OffDef': 'Offense', 'Season': '2025', 'SeasonType': 'Regular Season', 'TeamId': '1611661321'}",shot_pace,1611661321,4Q/OT | margin -3..3 | 300..120,get-possessions__possessions__off_def-Offense__season-2025__season_type-Regular_Season__team_id-1611661321__534a4266,get-possessions,https://api.pbpstats.com/get-possessions/wnba?OffDef=Offense&Season=2025&SeasonType=Regular+Season&TeamId=1611661321,200,166,00:18,"Bueckers 13' Pullup Jump Shot (23 PTS) (Jones 5 AST)
",1,1,0,0,2025-09-04,1022500266,0,0,GSV,4,0,-5,00:22,Off Timeout,0,"[{""description"": ""Bueckers 13' Pullup Jump Shot (23 PTS) (Jones 5 AST)"", ""url"": """"}]",False,possessions,4Q/OT | margin -3..3 | 300..120,team
wnba,wnba_shot_pace,shot_pace,possessions,get-possessions,2025,Regular Season,team,"{'OffDef': 'Offense', 'Season': '2025', 'SeasonType': 'Regular Season', 'TeamId': '1611661321'}",shot_pace,1611661321,4Q/OT | margin -3..3 | 300..120,get-possessions__possessions__off_def-Offense__season-2025__season_type-Regular_Season__team_id-1611661321__534a4266,get-possessions,https://api.pbpstats.com/get-possessions/wnba?OffDef=Offense&Season=2025&SeasonType=Regular+Season&TeamId=1611661321,200,167,00:43,"MISS Siegrist 17' Pullup Jump Shot
Hines-Allen REBOUND (Off:5 Def:6)
MISS Bueckers 15' Pullup Jump Shot
Billings REBOUND (Off:1 Def:6)
",2,0,0,0,2025-09-04,1022500266,0,1,GSV,4,0,-2,01:17,Off Steal,0,"[{""description"": ""MISS Siegrist 17' Pullup Jump Shot"", ""url"": """"}, {""description"": ""Hines-Allen REBOUND (Off:5 Def:6)"", ""url"": """"}, {""description"": ""MISS Bueckers 15' Pullup Jump Shot"", ""url"": """"}, {""description"": ""Billings REBOUND (Off:1 Def:6)"", ""url"": """"}]",False,possessions,4Q/OT | margin -3..3 | 300..120,team
wnba,wnba_shot_pace,shot_pace,possessions,get-possessions,2025,Regular Season,team,"{'OffDef': 'Offense', 'Season': '2025', 'SeasonType': 'Regular Season', 'TeamId': '1611661321'}",shot_pace,1611661321,4Q/OT | margin -3..3 | 300..120,get-possessions__possessions__off_def-Offense__season-2025__season_type-Regular_Season__team_id-1611661321__534a4266,get-possessions,https://api.pbpstats.com/get-possessions/wnba?OffDef=Offense&Season=2025&SeasonType=Regular+Season&TeamId=1611661321,200,168,01:39,"MISS Siegrist 3PT Running Jump Shot
Burton REBOUND (Off:1 Def:2)
",0,0,1,0,2025-09-04,1022500266,0,0,GSV,4,0,-2,01:47,Off Steal,0,"[{""description"": ""MISS Siegrist 3PT Running Jump Shot"", ""url"": """"}, {""description"": ""Burton REBOUND (Off:1 Def:2)"", ""url"": """"}]",False,possessions,4Q/OT | margin -3..3 | 300..120,team
wnba,wnba_shot_pace,shot_pace,possessions,get-possessions,2025,Regular Season,team,"{'OffDef': 'Offense', 'Season': '2025', 'SeasonType': 'Regular Season', 'TeamId': '1611661321'}",shot_pace,1611661321,4Q/OT | margin -3..3 | 300..120,get-possessions__possessions__off_def-Offense__season-2025__season_type-Regular_Season__team_id-1611661321__534a4266,get-possessions,https://api.pbpstats.com/get-possessions/wnba?OffDef=Offense&Season=2025&SeasonType=Regular+Season&TeamId=1611661321,200,169,02:04,"MISS Bueckers 16' Pullup Jump Shot
Salaün REBOUND (Off:0 Def:6)
",1,0,0,0,2025-09-04,1022500266,0,0,GSV,4,0,-2,02:26,Off Long Mid-Range Make,0,"[{""description"": ""MISS Bueckers 16' Pullup Jump Shot"", ""url"": """"}, {""description"": ""Salaün REBOUND (Off:0 Def:6)"", ""url"": """"}]",False,possessions,4Q/OT | margin -3..3 | 300..120,team
wnba,wnba_shot_pace,shot_pace,possessions,get-possessions,2025,Regular Season,team,"{'OffDef': 'Offense', 'Season': '2025', 'SeasonType': 'Regular Season', 'TeamId': '1611661321'}",shot_pace,1611661321,4Q/OT | margin -3..3 | 300..120,get-possessions__possessions__off_def-Offense__season-2025__season_type-Regular_Season__team_id-1611661321__534a4266,get-possessions,https://api.pbpstats.com/get-possessions/wnba?OffDef=Offense&Season=2025&SeasonType=Regular+Season&TeamId=1611661321,200,170,02:34,"MISS Berger 8' Floating Jump Shot
Berger REBOUND (Off:1 Def:4)
MISS Bueckers 25' 3PT Pullup Jump Shot
Berger REBOUND (Off:2 Def:4)
Billings BLOCK (3 BLK): MISS Berger 6' Turnaround Jump Shot
Billings REBOUND (Off:1 Def:5)
",2,0,1,0,2025-09-04,1022500266,0,2,GSV,4,0,0,03:22,Off FT Make,0,"[{""description"": ""MISS Berger 8' Floating Jump Shot"", ""url"": """"}, {""description"": ""Berger REBOUND (Off:1 Def:4)"", ""url"": """"}, {""description"": ""MISS Bueckers 25' 3PT Pullup Jump Shot"", ""url"": """"}, {""description"": ""Berger REBOUND (Off:2 Def:4)"", ""url"": """"}, {""description"": ""Billings BLOCK (3 BLK): MISS Berger 6' Turnaround Jump Shot"", ""url"": """"}, {""description"": ""Billings REBOUND (Off:1 Def:5)"", ""url"": """"}]",False,possessions,4Q/OT | margin -3..3 | 300..120,team
wnba,wnba_shot_pace,shot_pace,possessions,get-possessions,2025,Regular Season,team,"{'OffDef': 'Offense', 'Season': '2025', 'SeasonType': 'Regular Season', 'TeamId': '1611661321'}",shot_pace,1611661321,4Q/OT | margin -3..3 | 300..120,get-possessions__possessions__off_def-Offense__season-2025__season_type-Regular_Season__team_id-1611661321__534a4266,get-possessions,https://api.pbpstats.com/get-possessions/wnba?OffDef=Offense&Season=2025&SeasonType=Regular+Season&TeamId=1611661321,200,171,03:34,"Bueckers 11' Pullup Jump Shot (20 PTS) (Siegrist 1 AST)
Burton S.FOUL (P2.T4)
Bueckers Free Throw 1 of 1 (21 PTS)
",1,1,0,0,2025-09-04,1022500266,0,0,GSV,4,1,-1,03:52,Off Arc 3 Miss,0,"[{""description"": ""Bueckers 11' Pullup Jump Shot (20 PTS) (Siegrist 1 AST)"", ""url"": """"}, {""description"": ""Burton S.FOUL (P2.T4)"", ""url"": """"}, {""description"": ""Bueckers Free Throw 1 of 1 (21 PTS)"", ""url"": """"}]",False,possessions,4Q/OT | margin -3..3 | 300..120,team
wnba,wnba_shot_pace,shot_pace,possessions,get-possessions,2025,Regular Season,team,"{'OffDef': 'Offense', 'Season': '2025', 'SeasonType': 'Regular Season', 'TeamId': '1611661321'}",shot_pace,1611661321,4Q/OT | margin -3..3 | 300..120,get-possessions__possessions__off_def-Offense__season-2025__season_type-Regular_Season__team_id-1611661321__534a4266,get-possessions,https://api.pbpstats.com/get-possessions/wnba?OffDef=Offense&Season=2025&SeasonType=Regular+Season&TeamId=1611661321,200,172,04:16,"Amihere S.FOUL (P2.T3)
Hines-Allen Free Throw 1 of 2 (12 PTS)
MISS Hines-Allen Free Throw 2 of 2
Salaün REBOUND (Off:0 Def:5)
",0,0,0,0,2025-09-04,1022500266,0,0,GSV,4,1,-2,04:39,Off Short Mid-Range Make,0,"[{""description"": ""Amihere S.FOUL (P2.T3)"", ""url"": """"}, {""description"": ""Hines-Allen Free Throw 1 of 2 (12 PTS)"", ""url"": """"}, {""description"": ""MISS Hines-Allen Free Throw 2 of 2"", ""url"": """"}, {""description"": ""Salaün REBOUND (Off:0 Def:5)"", ""url"": """"}]",False,possessions,4Q/OT | margin -3..3 | 300..120,team
wnba,wnba_shot_pace,shot_pace,possessions,get-possessions,2025,Regular Season,team,"{'OffDef': 'Offense', 'Season': '2025', 'SeasonType': 'Regular Season', 'TeamId': '1611661321'}",shot_pace,1611661321,4Q/OT | margin -3..3 | 300..120,get-possessions__possessions__off_def-Offense__season-2025__season_type-Regular_Season__team_id-1611661321__534a4266,get-possessions,https://api.pbpstats.com/get-possessions/wnba?OffDef=Offense&Season=2025&SeasonType=Regular+Season&TeamId=1611661321,200,173,04:50,"MISS Siegrist 3PT Jump Shot
Hines-Allen REBOUND (Off:4 Def:6)
Amihere STEAL (1 STL): Hines-Allen Lost Ball Turnover (P4.T9)
",0,0,1,0,2025-09-04,1022500266,0,1,GSV,4,0,0,05:12,Off Steal,1,"[{""description"": ""MISS Siegrist 3PT Jump Shot"", ""url"": """"}, {""description"": ""Hines-Allen REBOUND (Off:4 Def:6)"", ""url"": """"}, {""description"": ""Amihere STEAL (1 STL): Hines-Allen Lost Ball Turnover (P4.T9)"", ""url"": """"}]",False,possessions,4Q/OT | margin -3..3 | 300..120,team
wnba,wnba_shot_pace,shot_pace,possessions,get-possessions,2025,Regular Season,team,"{'OffDef': 'Offense', 'Season': '2025', 'SeasonType': 'Regular Season', 'TeamId': '1611661321'}",shot_pace,1611661321,4Q/OT | margin -3..3 | 300..120,get-possessions__possessions__off_def-Offense__season-2025__season_type-Regular_Season__team_id-1611661321__534a4266,get-possessions,https://api.pbpstats.com/get-possessions/wnba?OffDef=Offense&Season=2025&SeasonType=Regular+Season&TeamId=1611661321,200,174,05:27,"Jones 7' Turnaround Jump Shot (18 PTS) (Bueckers 6 AST)
",1,1,0,0,2025-09-04,1022500266,0,0,GSV,4,0,-2,05:48,Off Short Mid-Range Make,0,"[{""description"": ""Jones 7' Turnaround Jump Shot (18 PTS) (Bueckers 6 AST)"", ""url"": """"}]",False,possessions,4Q/OT | margin -3..3 | 300..120,team
wnba,wnba_shot_pace,shot_pace,possessions,get-possessions,2025,Regular Season,team,"{'OffDef': 'Offense', 'Season': '2025', 'SeasonType': 'Regular Season', 'TeamId': '1611661321'}",shot_pace,1611661321,4Q/OT | margin -3..3 | 300..120,get-possessions__possessions__off_def-Offense__season-2025__season_type-Regular_Season__team_id-1611661321__534a4266,get-possessions,https://api.pbpstats.com/get-possessions/wnba?OffDef=Offense&Season=2025&SeasonType=Regular+Season&TeamId=1611661321,200,175,06:06,"Leite P.FOUL (P2.T2)
MISS Siegrist 25' 3PT Jump Shot
Amihere REBOUND (Off:1 Def:3)
",0,0,1,0,2025-09-04,1022500266,0,0,GSV,4,0,0,06:32,Off Timeout,0,"[{""description"": ""Leite P.FOUL (P2.T2)"", ""url"": """"}, {""description"": ""MISS Siegrist 25' 3PT Jump Shot"", ""url"": """"}, {""description"": ""Amihere REBOUND (Off:1 Def:3)"", ""url"": """"}]",False,possessions,4Q/OT | margin -3..3 | 300..120,team
wnba,wnba_shot_pace,shot_pace,possessions,get-possessions,2025,Regular Season,team,"{'OffDef': 'Offense', 'Season': '2025', 'SeasonType': 'Regular Season', 'TeamId': '1611661321'}",shot_pace,1611661321,4Q/OT | margin -3..3 | 300..120,get-possessions__possessions__off_def-Offense__season-2025__season_type-Regular_Season__team_id-1611661321__534a4266,get-possessions,https://api.pbpstats.com/get-possessions/wnba?OffDef=Offense&Season=2025&SeasonType=Regular+Season&TeamId=1611661321,200,176,07:03,"Bueckers 7' Floating Jump Shot (18 PTS)
",1,1,0,0,2025-09-04,1022500266,0,0,GSV,4,0,1,07:16,Off Dead Ball,0,"[{""description"": ""Bueckers 7' Floating Jump Shot (18 PTS)"", ""url"": """"}]",False,possessions,4Q/OT | margin -3..3 | 300..120,team
wnba,wnba_shot_pace,shot_pace,possessions,get-possessions,2025,Regular Season,team,"{'OffDef': 'Offense', 'Season': '2025', 'SeasonType': 'Regular Season', 'TeamId': '1611661321'}",shot_pace,1611661321,4Q/OT | margin -3..3 | 300..120,get-possessions__possessions__off_def-Offense__season-2025__season_type-Regular_Season__team_id-1611661321__534a4266,get-possessions,https://api.pbpstats.com/get-possessions/wnba?OffDef=Offense&Season=2025&SeasonType=Regular+Season&TeamId=1611661321,200,177,07:32,"Jones 5' Driving Hook Shot (16 PTS)
",1,1,0,0,2025-09-04,1022500266,0,0,GSV,4,0,-1,07:51,Off Short Mid-Range Make,0,"[{""description"": ""Jones 5' Driving Hook Shot (16 PTS)"", ""url"": """"}]",False,possessions,4Q/OT | margin -3..3 | 300..120,team
wnba,wnba_shot_pace,shot_pace,possessions,get-possessions,2025,Regular Season,team,"{'OffDef': 'Offense', 'Season': '2025', 'SeasonType': 'Regular Season', 'TeamId': '1611661321'}",shot_pace,1611661321,4Q/OT | margin -3..3 | 300..120,get-possessions__possessions__off_def-Offense__season-2025__season_type-Regular_Season__team_id-1611661321__534a4266,get-possessions,https://api.pbpstats.com/get-possessions/wnba?OffDef=Offense&Season=2025&SeasonType=Regular+Season&TeamId=1611661321,200,178,08:10,"MISS Hines-Allen 5' Layup
Hines-Allen REBOUND (Off:3 Def:6)
Billings S.FOUL (P2.T1)
Hines-Allen Free Throw 1 of 2 (10 PTS)
Hines-Allen Free Throw 2 of 2 (11 PTS)
",1,0,0,0,2025-09-04,1022500266,0,1,GSV,4,1,-1,08:31,Off Arc 3 Make,0,"[{""description"": ""MISS Hines-Allen 5' Layup"", ""url"": """"}, {""description"": ""Hines-Allen REBOUND (Off:3 Def:6)"", ""url"": """"}, {""description"": ""Billings S.FOUL (P2.T1)"", ""url"": """"}, {""description"": ""Hines-Allen Free Throw 1 of 2 (10 PTS)"", ""url"": """"}, {""description"": ""Hines-Allen Free Throw 2 of 2 (11 PTS)"", ""url"": """"}]",False,possessions,4Q/OT | margin -3..3 | 300..120,team
wnba,wnba_shot_pace,shot_pace,possessions,get-possessions,2025,Regular Season,team,"{'OffDef': 'Offense', 'Season': '2025', 'SeasonType': 'Regular Season', 'TeamId': '1611661321'}",shot_pace,1611661321,4Q/OT | margin -3..3 | 300..120,get-possessions__possessions__off_def-Offense__season-2025__season_type-Regular_Season__team_id-1611661321__534a4266,get-possessions,https://api.pbpstats.com/get-possessions/wnba?OffDef=Offense&Season=2025&SeasonType=Regular+Season&TeamId=1611661321,200,179,08:44,"Hines-Allen Out of Bounds - Bad Pass Turnover Turnover (P3.T8)
",0,0,0,0,2025-09-04,1022500266,0,0,GSV,4,0,2,08:57,Off FT Make,1,"[{""description"": ""Hines-Allen Out of Bounds - Bad Pass Turnover Turnover (P3.T8)"", ""url"": """"}]",False,possessions,4Q/OT | margin -3..3 | 300..120,team
wnba,wnba_shot_pace,shot_pace,possessions,get-possessions,2025,Regular Season,team,"{'OffDef': 'Offense', 'Season': '2025', 'SeasonType': 'Regular Season', 'TeamId': '1611661321'}",shot_pace,1611661321,4Q/OT | margin -3..3 | 300..120,get-possessions__possessions__off_def-Offense__season-2025__season_type-Regular_Season__team_id-1611661321__534a4266,get-possessions,https://api.pbpstats.com/get-possessions/wnba?OffDef=Offense&Season=2025&SeasonType=Regular+Season&TeamId=1611661321,200,180,09:05,"MISS Hines-Allen 25' 3PT Jump Shot
Amihere REBOUND (Off:1 Def:2)
",0,0,1,0,2025-09-04,1022500266,0,0,GSV,4,0,4,09:26,Off At Rim Miss,0,"[{""description"": ""MISS Hines-Allen 25' 3PT Jump Shot"", ""url"": """"}, {""description"": ""Amihere REBOUND (Off:1 Def:2)"", ""url"": """"}]",False,possessions,4Q/OT | margin -3..3 | 300..120,team
wnba,wnba_shot_pace,shot_pace,possessions,get-possessions,2025,Regular Season,team,"{'OffDef': 'Offense', 'Season': '2025', 'SeasonType': 'Regular Season', 'TeamId': '1611661321'}",shot_pace,1611661321,4Q/OT | margin -3..3 | 300..120,get-possessions__possessions__off_def-Offense__season-2025__season_type-Regular_Season__team_id-1611661321__534a4266,get-possessions,https://api.pbpstats.com/get-possessions/wnba?OffDef=Offense&Season=2025&SeasonType=Regular+Season&TeamId=1611661321,200,181,00:03,"Billings P.FOUL (P1.T4)
MISS James 7' Driving Layup
Salaün REBOUND (Off:0 Def:4)
",1,0,0,0,2025-09-04,1022500266,0,0,GSV,3,0,4,00:22,Off Short Mid-Range Make,0,"[{""description"": ""Billings P.FOUL (P1.T4)"", ""url"": """"}, {""description"": ""MISS James 7' Driving Layup"", ""url"": """"}, {""description"": ""Salaün REBOUND (Off:0 Def:4)"", ""url"": """"}]",False,possessions,4Q/OT | margin -3..3 | 300..120,team
wnba,wnba_shot_pace,shot_pace,possessions,get-possessions,2025,Regular Season,team,"{'OffDef': 'Offense', 'Season': '2025', 'SeasonType': 'Regular Season', 'TeamId': '1611661321'}",shot_pace,1611661321,4Q/OT | margin -3..3 | 300..120,get-possessions__possessions__off_def-Offense__season-2025__season_type-Regular_Season__team_id-1611661321__534a4266,get-possessions,https://api.pbpstats.com/get-possessions/wnba?OffDef=Offense&Season=2025&SeasonType=Regular+Season&TeamId=1611661321,200,182,00:37,"MISS James 3PT Jump Shot
Amihere REBOUND (Off:0 Def:1)
",0,0,1,0,2025-09-04,1022500266,0,0,GSV,3,0,6,01:03,Off Long Mid-Range Make,0,"[{""description"": ""MISS James 3PT Jump Shot"", ""url"": """"}, {""description"": ""Amihere REBOUND (Off:0 Def:1)"", ""url"": """"}]",False,possessions,4Q/OT | margin -3..3 | 300..120,team
wnba,wnba_shot_pace,shot_pace,possessions,get-possessions,2025,Regular Season,team,"{'OffDef': 'Offense', 'Season': '2025', 'SeasonType': 'Regular Season', 'TeamId': '1611661321'}",shot_pace,1611661321,4Q/OT | margin -3..3 | 300..120,get-possessions__possessions__off_def-Offense__season-2025__season_type-Regular_Season__team_id-1611661321__534a4266,get-possessions,https://api.pbpstats.com/get-possessions/wnba?OffDef=Offense&Season=2025&SeasonType=Regular+Season&TeamId=1611661321,200,183,01:20,"James 18' Pullup Jump Shot (5 PTS)
",1,1,0,0,2025-09-04,1022500266,0,0,GSV,3,0,6,01:33,Off At Rim Make,0,"[{""description"": ""James 18' Pullup Jump Shot (5 PTS)"", ""url"": """"}]",False,possessions,4Q/OT | margin -3..3 | 300..120,team
wnba,wnba_shot_pace,shot_pace,possessions,get-possessions,2025,Regular Season,team,"{'OffDef': 'Offense', 'Season': '2025', 'SeasonType': 'Regular Season', 'TeamId': '1611661321'}",shot_pace,1611661321,4Q/OT | margin -3..3 | 300..120,get-possessions__possessions__off_def-Offense__season-2025__season_type-Regular_Season__team_id-1611661321__534a4266,get-possessions,https://api.pbpstats.com/get-possessions/wnba?OffDef=Offense&Season=2025&SeasonType=Regular+Season&TeamId=1611661321,200,184,02:02,"Amihere S.FOUL (P1.T3)
Bueckers Free Throw 1 of 2 (15 PTS)
Bueckers Free Throw 2 of 2 (16 PTS)
",0,0,0,0,2025-09-04,1022500266,0,0,GSV,3,1,6,02:15,Off Arc 3 Make,0,"[{""description"": ""Amihere S.FOUL (P1.T3)"", ""url"": """"}, {""description"": ""Bueckers Free Throw 1 of 2 (15 PTS)"", ""url"": """"}, {""description"": ""Bueckers Free Throw 2 of 2 (16 PTS)"", ""url"": """"}]",False,possessions,4Q/OT | margin -3..3 | 300..120,team
wnba,wnba_shot_pace,shot_pace,possessions,get-possessions,2025,Regular Season,team,"{'OffDef': 'Offense', 'Season': '2025', 'SeasonType': 'Regular Season', 'TeamId': '1611661321'}",shot_pace,1611661321,4Q/OT | margin -3..3 | 300..120,get-possessions__possessions__off_def-Offense__season-2025__season_type-Regular_Season__team_id-1611661321__534a4266,get-possessions,https://api.pbpstats.com/get-possessions/wnba?OffDef=Offense&Season=2025&SeasonType=Regular+Season&TeamId=1611661321,200,185,02:17,"Billings BLOCK (2 BLK): MISS Siegrist 7' Layup
Leite REBOUND (Off:0 Def:1)
",1,0,0,0,2025-09-04,1022500266,0,0,GSV,3,0,9,02:34,Off FT Miss,0,"[{""description"": ""Billings BLOCK (2 BLK): MISS Siegrist 7' Layup"", ""url"": """"}, {""description"": ""Leite REBOUND (Off:0 Def:1)"", ""url"": """"}]",False,possessions,4Q/OT | margin -3..3 | 300..120,team
wnba,wnba_shot_pace,shot_pace,possessions,get-possessions,2025,Regular Season,team,"{'OffDef': 'Offense', 'Season': '2025', 'SeasonType': 'Regular Season', 'TeamId': '1611661321'}",shot_pace,1611661321,4Q/OT | margin -3..3 | 300..120,get-possessions__possessions__off_def-Offense__season-2025__season_type-Regular_Season__team_id-1611661321__534a4266,get-possessions,https://api.pbpstats.com/get-possessions/wnba?OffDef=Offense&Season=2025&SeasonType=Regular+Season&TeamId=1611661321,200,186,02:54,"Martin S.FOUL (P1.T2)
Bueckers Free Throw 1 of 2 (13 PTS)
Bueckers Free Throw 2 of 2 (14 PTS)
",0,0,0,0,2025-09-04,1022500266,0,0,GSV,3,1,9,03:15,Off Arc 3 Make,0,"[{""description"": ""Martin S.FOUL (P1.T2)"", ""url"": """"}, {""description"": ""Bueckers Free Throw 1 of 2 (13 PTS)"", ""url"": """"}, {""description"": ""Bueckers Free Throw 2 of 2 (14 PTS)"", ""url"": """"}]",False,possessions,4Q/OT | margin -3..3 | 300..120,team
wnba,wnba_shot_pace,shot_pace,possessions,get-possessions,2025,Regular Season,team,"{'OffDef': 'Offense', 'Season': '2025', 'SeasonType': 'Regular Season', 'TeamId': '1611661321'}",shot_pace,1611661321,4Q/OT | margin -3..3 | 300..120,get-possessions__possessions__off_def-Offense__season-2025__season_type-Regular_Season__team_id-1611661321__534a4266,get-possessions,https://api.pbpstats.com/get-possessions/wnba?OffDef=Offense&Season=2025&SeasonType=Regular+Season&TeamId=1611661321,200,187,03:28,"Hines-Allen 3' Cutting Layup Shot (9 PTS) (Bueckers 5 AST)
",1,1,0,0,2025-09-04,1022500266,0,0,GSV,3,0,10,03:41,Off FT Miss,0,"[{""description"": ""Hines-Allen 3' Cutting Layup Shot (9 PTS) (Bueckers 5 AST)"", ""url"": """"}]",False,possessions,4Q/OT | margin -3..3 | 300..120,team
wnba,wnba_shot_pace,shot_pace,possessions,get-possessions,2025,Regular Season,team,"{'OffDef': 'Offense', 'Season': '2025', 'SeasonType': 'Regular Season', 'TeamId': '1611661321'}",shot_pace,1611661321,4Q/OT | margin -3..3 | 300..120,get-possessions__possessions__off_def-Offense__season-2025__season_type-Regular_Season__team_id-1611661321__534a4266,get-possessions,https://api.pbpstats.com/get-possessions/wnba?OffDef=Offense&Season=2025&SeasonType=Regular+Season&TeamId=1611661321,200,188,03:53,"MISS Bueckers 18' Pullup Jump Shot
Billings REBOUND (Off:0 Def:4)
",1,0,0,0,2025-09-04,1022500266,0,0,GSV,3,0,11,04:14,Off Short Mid-Range Make,0,"[{""description"": ""MISS Bueckers 18' Pullup Jump Shot"", ""url"": """"}, {""description"": ""Billings REBOUND (Off:0 Def:4)"", ""url"": """"}]",False,possessions,4Q/OT | margin -3..3 | 300..120,team
wnba,wnba_shot_pace,shot_pace,possessions,get-possessions,2025,Regular Season,team,"{'OffDef': 'Offense', 'Season': '2025', 'SeasonType': 'Regular Season', 'TeamId': '1611661321'}",shot_pace,1611661321,4Q/OT | margin -3..3 | 300..120,get-possessions__possessions__off_def-Offense__season-2025__season_type-Regular_Season__team_id-1611661321__534a4266,get-possessions,https://api.pbpstats.com/get-possessions/wnba?OffDef=Offense&Season=2025&SeasonType=Regular+Season&TeamId=1611661321,200,189,04:30,"Billings STEAL (1 STL): Jones Lost Ball Turnover (P3.T7)
",0,0,0,0,2025-09-04,1022500266,0,0,GSV,3,0,13,04:47,Off Dead Ball,1,"[{""description"": ""Billings STEAL (1 STL): Jones Lost Ball Turnover (P3.T7)"", ""url"": """"}]",False,possessions,4Q/OT | margin -3..3 | 300..120,team
wnba,wnba_shot_pace,shot_pace,possessions,get-possessions,2025,Regular Season,team,"{'OffDef': 'Offense', 'Season': '2025', 'SeasonType': 'Regular Season', 'TeamId': '1611661321'}",shot_pace,1611661321,4Q/OT | margin -3..3 | 300..120,get-possessions__possessions__off_def-Offense__season-2025__season_type-Regular_Season__team_id-1611661321__534a4266,get-possessions,https://api.pbpstats.com/get-possessions/wnba?OffDef=Offense&Season=2025&SeasonType=Regular+Season&TeamId=1611661321,200,190,05:13,"Bueckers 10' Pullup Jump Shot (12 PTS) (Jones 4 AST)
",1,1,0,0,2025-09-04,1022500266,0,0,GSV,3,0,11,05:27,Off Short Mid-Range Make,0,"[{""description"": ""Bueckers 10' Pullup Jump Shot (12 PTS) (Jones 4 AST)"", ""url"": """"}]",False,possessions,4Q/OT | margin -3..3 | 300..120,team
wnba,wnba_shot_pace,shot_pace,possessions,get-possessions,2025,Regular Season,team,"{'OffDef': 'Offense', 'Season': '2025', 'SeasonType': 'Regular Season', 'TeamId': '1611661321'}",shot_pace,1611661321,4Q/OT | margin -3..3 | 300..120,get-possessions__possessions__off_def-Offense__season-2025__season_type-Regular_Season__team_id-1611661321__534a4266,get-possessions,https://api.pbpstats.com/get-possessions/wnba?OffDef=Offense&Season=2025&SeasonType=Regular+Season&TeamId=1611661321,200,191,05:40,"Rupert STEAL (1 STL): Hines-Allen Bad Pass Turnover (P2.T6)
",0,0,0,0,2025-09-04,1022500266,0,0,GSV,3,0,13,05:50,Off Steal,1,"[{""description"": ""Rupert STEAL (1 STL): Hines-Allen Bad Pass Turnover (P2.T6)"", ""url"": """"}]",False,possessions,4Q/OT | margin -3..3 | 300..120,team
wnba,wnba_shot_pace,shot_pace,possessions,get-possessions,2025,Regular Season,team,"{'OffDef': 'Offense', 'Season': '2025', 'SeasonType': 'Regular Season', 'TeamId': '1611661321'}",shot_pace,1611661321,4Q/OT | margin -3..3 | 300..120,get-possessions__possessions__off_def-Offense__season-2025__season_type-Regular_Season__team_id-1611661321__534a4266,get-possessions,https://api.pbpstats.com/get-possessions/wnba?OffDef=Offense&Season=2025&SeasonType=Regular+Season&TeamId=1611661321,200,192,05:52,"MISS Jones 24' 3PT Jump Shot
Salaün REBOUND (Off:0 Def:3)
",0,0,1,0,2025-09-04,1022500266,0,0,GSV,3,0,13,06:05,Off Long Mid-Range Miss,0,"[{""description"": ""MISS Jones 24' 3PT Jump Shot"", ""url"": """"}, {""description"": ""Salaün REBOUND (Off:0 Def:3)"", ""url"": """"}]",False,possessions,4Q/OT | margin -3..3 | 300..120,team
wnba,wnba_shot_pace,shot_pace,possessions,get-possessions,2025,Regular Season,team,"{'OffDef': 'Offense', 'Season': '2025', 'SeasonType': 'Regular Season', 'TeamId': '1611661321'}",shot_pace,1611661321,4Q/OT | margin -3..3 | 300..120,get-possessions__possessions__off_def-Offense__season-2025__season_type-Regular_Season__team_id-1611661321__534a4266,get-possessions,https://api.pbpstats.com/get-possessions/wnba?OffDef=Offense&Season=2025&SeasonType=Regular+Season&TeamId=1611661321,200,193,06:29,"Siegrist 3PT Jump Shot (16 PTS) (Jones 3 AST)
",0,0,1,1,2025-09-04,1022500266,0,0,GSV,3,0,10,06:44,Off Short Mid-Range Make,0,"[{""description"": ""Siegrist 3PT Jump Shot (16 PTS) (Jones 3 AST)"", ""url"": """"}]",False,possessions,4Q/OT | margin -3..3 | 300..120,team
wnba,wnba_shot_pace,shot_pace,possessions,get-possessions,2025,Regular Season,team,"{'OffDef': 'Offense', 'Season': '2025', 'SeasonType': 'Regular Season', 'TeamId': '1611661321'}",shot_pace,1611661321,4Q/OT | margin -3..3 | 300..120,get-possessions__possessions__off_def-Offense__season-2025__season_type-Regular_Season__team_id-1611661321__534a4266,get-possessions,https://api.pbpstats.com/get-possessions/wnba?OffDef=Offense&Season=2025&SeasonType=Regular+Season&TeamId=1611661321,200,194,06:52,"MISS Hines-Allen 24' 3PT Jump Shot
Charles REBOUND (Off:2 Def:5)
",0,0,1,0,2025-09-04,1022500266,0,0,GSV,3,0,12,07:11,Off Steal,0,"[{""description"": ""MISS Hines-Allen 24' 3PT Jump Shot"", ""url"": """"}, {""description"": ""Charles REBOUND (Off:2 Def:5)"", ""url"": """"}]",False,possessions,4Q/OT | margin -3..3 | 300..120,team
wnba,wnba_shot_pace,shot_pace,possessions,get-possessions,2025,Regular Season,team,"{'OffDef': 'Offense', 'Season': '2025', 'SeasonType': 'Regular Season', 'TeamId': '1611661321'}",shot_pace,1611661321,4Q/OT | margin -3..3 | 300..120,get-possessions__possessions__off_def-Offense__season-2025__season_type-Regular_Season__team_id-1611661321__534a4266,get-possessions,https://api.pbpstats.com/get-possessions/wnba?OffDef=Offense&Season=2025&SeasonType=Regular+Season&TeamId=1611661321,200,195,07:35,"Siegrist 3' Running Layup (13 PTS) (Jones 2 AST)
",1,1,0,0,2025-09-04,1022500266,0,0,GSV,3,0,10,07:40,Off At Rim Miss,0,"[{""description"": ""Siegrist 3' Running Layup (13 PTS) (Jones 2 AST)"", ""url"": """"}]",False,possessions,4Q/OT | margin -3..3 | 300..120,team
wnba,wnba_shot_pace,shot_pace,possessions,get-possessions,2025,Regular Season,team,"{'OffDef': 'Offense', 'Season': '2025', 'SeasonType': 'Regular Season', 'TeamId': '1611661321'}",shot_pace,1611661321,4Q/OT | margin -3..3 | 300..120,get-possessions__possessions__off_def-Offense__season-2025__season_type-Regular_Season__team_id-1611661321__534a4266,get-possessions,https://api.pbpstats.com/get-possessions/wnba?OffDef=Offense&Season=2025&SeasonType=Regular+Season&TeamId=1611661321,200,196,07:55,"Hines-Allen Out of Bounds - Bad Pass Turnover Turnover (P1.T5)
",0,0,0,0,2025-09-04,1022500266,0,0,GSV,3,0,10,08:06,Off Arc 3 Make,1,"[{""description"": ""Hines-Allen Out of Bounds - Bad Pass Turnover Turnover (P1.T5)"", ""url"": """"}]",False,possessions,4Q/OT | margin -3..3 | 300..120,team
wnba,wnba_shot_pace,shot_pace,possessions,get-possessions,2025,Regular Season,team,"{'OffDef': 'Offense', 'Season': '2025', 'SeasonType': 'Regular Season', 'TeamId': '1611661321'}",shot_pace,1611661321,4Q/OT | margin -3..3 | 300..120,get-possessions__possessions__off_def-Offense__season-2025__season_type-Regular_Season__team_id-1611661321__534a4266,get-possessions,https://api.pbpstats.com/get-possessions/wnba?OffDef=Offense&Season=2025&SeasonType=Regular+Season&TeamId=1611661321,200,197,08:21,"MISS Bueckers 20' Pullup Jump Shot
VALKYRIES Rebound
",1,0,0,0,2025-09-04,1022500266,0,0,GSV,3,0,13,08:31,Off Arc 3 Miss,0,"[{""description"": ""MISS Bueckers 20' Pullup Jump Shot"", ""url"": """"}, {""description"": ""VALKYRIES Rebound"", ""url"": """"}]",False,possessions,4Q/OT | margin -3..3 | 300..120,team
wnba,wnba_shot_pace,shot_pace,possessions,get-possessions,2025,Regular Season,team,"{'OffDef': 'Offense', 'Season': '2025', 'SeasonType': 'Regular Season', 'TeamId': '1611661321'}",shot_pace,1611661321,4Q/OT | margin -3..3 | 300..120,get-possessions__possessions__off_def-Offense__season-2025__season_type-Regular_Season__team_id-1611661321__534a4266,get-possessions,https://api.pbpstats.com/get-possessions/wnba?OffDef=Offense&Season=2025&SeasonType=Regular+Season&TeamId=1611661321,200,198,08:47,"Bueckers 15' Step Back Jump Shot (10 PTS) (Hines-Allen 4 AST)
",1,1,0,0,2025-09-04,1022500266,0,0,GSV,3,0,11,09:07,Off Dead Ball,0,"[{""description"": ""Bueckers 15' Step Back Jump Shot (10 PTS) (Hines-Allen 4 AST)"", ""url"": """"}]",False,possessions,4Q/OT | margin -3..3 | 300..120,team
wnba,wnba_shot_pace,shot_pace,possessions,get-possessions,2025,Regular Season,team,"{'OffDef': 'Offense', 'Season': '2025', 'SeasonType': 'Regular Season', 'TeamId': '1611661321'}",shot_pace,1611661321,4Q/OT | margin -3..3 | 300..120,get-possessions__possessions__off_def-Offense__season-2025__season_type-Regular_Season__team_id-1611661321__534a4266,get-possessions,https://api.pbpstats.com/get-possessions/wnba?OffDef=Offense&Season=2025&SeasonType=Regular+Season&TeamId=1611661321,200,199,09:19,"Bueckers 15' Pullup Jump Shot (8 PTS)
",1,1,0,0,2025-09-04,1022500266,0,0,GSV,3,0,9,09:33,Off Short Mid-Range Make,0,"[{""description"": ""Bueckers 15' Pullup Jump Shot (8 PTS)"", ""url"": """"}]",False,possessions,4Q/OT | margin -3..3 | 300..120,team
wnba,wnba_shot_pace,shot_pace,possessions,get-possessions,2025,Regular Season,team,"{'OffDef': 'Offense', 'Season': '2025', 'SeasonType': 'Regular Season', 'TeamId': '1611661321'}",shot_pace,1611661321,4Q/OT | margin -3..3 | 300..120,get-possessions__possessions__off_def-Offense__season-2025__season_type-Regular_Season__team_id-1611661321__534a4266,get-possessions,https://api.pbpstats.com/get-possessions/wnba?OffDef=Offense&Season=2025&SeasonType=Regular+Season&TeamId=1611661321,200,200,09:47,"Rupert S.FOUL (P1.T1)
Jones Free Throw 1 of 2 (13 PTS)
Jones Free Throw 2 of 2 (14 PTS)
",0,0,0,0,2025-09-04,1022500266,0,0,GSV,3,1,9,10:00,Off Dead Ball,0,"[{""description"": ""Rupert S.FOUL (P1.T1)"", ""url"": """"}, {""description"": ""Jones Free Throw 1 of 2 (13 PTS)"", ""url"": """"}, {""description"": ""Jones Free Throw 2 of 2 (14 PTS)"", ""url"": """"}]",False,possessions,4Q/OT | margin -3..3 | 300..120,team
wnba,wnba_shot_pace,shot_pace,possessions,get-possessions,2025,Regular Season,team,"{'OffDef': 'Offense', 'Season': '2025', 'SeasonType': 'Regular Season', 'TeamId': '1611661321'}",shot_pace,1611661321,4Q/OT | margin -3..3 | 300..120,get-possessions__possessions__off_def-Offense__season-2025__season_type-Regular_Season__team_id-1611661321__534a4266,get-possessions,https://api.pbpstats.com/get-possessions/wnba?OffDef=Offense&Season=2025&SeasonType=Regular+Season&TeamId=1611661321,200,201,00:01,"Bueckers 17' Pullup Jump Shot (6 PTS)
",1,1,0,0,2025-09-04,1022500266,0,0,GSV,2,0,7,00:10,Off Steal,0,"[{""description"": ""Bueckers 17' Pullup Jump Shot (6 PTS)"", ""url"": """"}]",False,possessions,4Q/OT | margin -3..3 | 300..120,team
wnba,wnba_shot_pace,shot_pace,possessions,get-possessions,2025,Regular Season,team,"{'OffDef': 'Offense', 'Season': '2025', 'SeasonType': 'Regular Season', 'TeamId': '1611661321'}",shot_pace,1611661321,4Q/OT | margin -3..3 | 300..120,get-possessions__possessions__off_def-Offense__season-2025__season_type-Regular_Season__team_id-1611661321__534a4266,get-possessions,https://api.pbpstats.com/get-possessions/wnba?OffDef=Offense&Season=2025&SeasonType=Regular+Season&TeamId=1611661321,200,202,00:30,"Salaün L.B.FOUL (P2.PN)
MISS Siegrist Free Throw 1 of 2
Wings Rebound
MISS Siegrist Free Throw 2 of 2
Salaün REBOUND (Off:0 Def:2)
",0,0,0,0,2025-09-04,1022500266,1,0,GSV,2,0,7,00:31,Off Dead Ball,0,"[{""description"": ""Salaün L.B.FOUL (P2.PN)"", ""url"": """"}, {""description"": ""MISS Siegrist Free Throw 1 of 2"", ""url"": """"}, {""description"": ""Wings Rebound"", ""url"": """"}, {""description"": ""MISS Siegrist Free Throw 2 of 2"", ""url"": """"}, {""description"": ""Salaün REBOUND (Off:0 Def:2)"", ""url"": """"}]",False,possessions,4Q/OT | margin -3..3 | 300..120,team
wnba,wnba_shot_pace,shot_pace,possessions,get-possessions,2025,Regular Season,team,"{'OffDef': 'Offense', 'Season': '2025', 'SeasonType': 'Regular Season', 'TeamId': '1611661321'}",shot_pace,1611661321,4Q/OT | margin -3..3 | 300..120,get-possessions__possessions__off_def-Offense__season-2025__season_type-Regular_Season__team_id-1611661321__534a4266,get-possessions,https://api.pbpstats.com/get-possessions/wnba?OffDef=Offense&Season=2025&SeasonType=Regular+Season&TeamId=1611661321,200,203,00:51,"Martin STEAL (1 STL): Bueckers Bad Pass Turnover (P2.T4)
",0,0,0,0,2025-09-04,1022500266,0,0,GSV,2,0,7,00:56,Off Block,1,"[{""description"": ""Martin STEAL (1 STL): Bueckers Bad Pass Turnover (P2.T4)"", ""url"": """"}]",False,possessions,4Q/OT | margin -3..3 | 300..120,team
wnba,wnba_shot_pace,shot_pace,possessions,get-possessions,2025,Regular Season,team,"{'OffDef': 'Offense', 'Season': '2025', 'SeasonType': 'Regular Season', 'TeamId': '1611661321'}",shot_pace,1611661321,4Q/OT | margin -3..3 | 300..120,get-possessions__possessions__off_def-Offense__season-2025__season_type-Regular_Season__team_id-1611661321__534a4266,get-possessions,https://api.pbpstats.com/get-possessions/wnba?OffDef=Offense&Season=2025&SeasonType=Regular+Season&TeamId=1611661321,200,204,01:17,"Rupert BLOCK (3 BLK): MISS Jones 3' Layup
Wings Rebound
Siegrist 25' 3PT Jump Shot (11 PTS) (Berger 2 AST)
",1,0,1,1,2025-09-04,1022500266,0,1,GSV,2,0,4,01:35,Off Short Mid-Range Miss,0,"[{""description"": ""Rupert BLOCK (3 BLK): MISS Jones 3' Layup"", ""url"": """"}, {""description"": ""Wings Rebound"", ""url"": """"}, {""description"": ""Siegrist 25' 3PT Jump Shot (11 PTS) (Berger 2 AST)"", ""url"": """"}]",False,possessions,4Q/OT | margin -3..3 | 300..120,team
wnba,wnba_shot_pace,shot_pace,possessions,get-possessions,2025,Regular Season,team,"{'OffDef': 'Offense', 'Season': '2025', 'SeasonType': 'Regular Season', 'TeamId': '1611661321'}",shot_pace,1611661321,4Q/OT | margin -3..3 | 300..120,get-possessions__possessions__off_def-Offense__season-2025__season_type-Regular_Season__team_id-1611661321__534a4266,get-possessions,https://api.pbpstats.com/get-possessions/wnba?OffDef=Offense&Season=2025&SeasonType=Regular+Season&TeamId=1611661321,200,205,01:57,"Charles P.FOUL (P3.T4)
Salaün S.FOUL (P1.PN)
Siegrist Free Throw 1 of 2 (8 PTS)
MISS Siegrist Free Throw 2 of 2
Salaün REBOUND (Off:0 Def:1)
",0,0,0,0,2025-09-04,1022500266,0,0,GSV,2,1,3,02:13,Off Short Mid-Range Miss,0,"[{""description"": ""Charles P.FOUL (P3.T4)"", ""url"": """"}, {""description"": ""Salaün S.FOUL (P1.PN)"", ""url"": """"}, {""description"": ""Siegrist Free Throw 1 of 2 (8 PTS)"", ""url"": """"}, {""description"": ""MISS Siegrist Free Throw 2 of 2"", ""url"": """"}, {""description"": ""Salaün REBOUND (Off:0 Def:1)"", ""url"": """"}]",False,possessions,4Q/OT | margin -3..3 | 300..120,team
wnba,wnba_shot_pace,shot_pace,possessions,get-possessions,2025,Regular Season,team,"{'OffDef': 'Offense', 'Season': '2025', 'SeasonType': 'Regular Season', 'TeamId': '1611661321'}",shot_pace,1611661321,4Q/OT | margin -3..3 | 300..120,get-possessions__possessions__off_def-Offense__season-2025__season_type-Regular_Season__team_id-1611661321__534a4266,get-possessions,https://api.pbpstats.com/get-possessions/wnba?OffDef=Offense&Season=2025&SeasonType=Regular+Season&TeamId=1611661321,200,206,02:32,"Hines-Allen 6' Driving Layup (7 PTS) (Jones 1 AST)
",1,1,0,0,2025-09-04,1022500266,0,0,GSV,2,0,1,02:45,Off FT Make,0,"[{""description"": ""Hines-Allen 6' Driving Layup (7 PTS) (Jones 1 AST)"", ""url"": """"}]",False,possessions,4Q/OT | margin -3..3 | 300..120,team
wnba,wnba_shot_pace,shot_pace,possessions,get-possessions,2025,Regular Season,team,"{'OffDef': 'Offense', 'Season': '2025', 'SeasonType': 'Regular Season', 'TeamId': '1611661321'}",shot_pace,1611661321,4Q/OT | margin -3..3 | 300..120,get-possessions__possessions__off_def-Offense__season-2025__season_type-Regular_Season__team_id-1611661321__534a4266,get-possessions,https://api.pbpstats.com/get-possessions/wnba?OffDef=Offense&Season=2025&SeasonType=Regular+Season&TeamId=1611661321,200,207,02:57,"Bueckers Out of Bounds - Bad Pass Turnover Turnover (P1.T3)
",0,0,0,0,2025-09-04,1022500266,0,0,GSV,2,0,4,03:04,Off Steal,1,"[{""description"": ""Bueckers Out of Bounds - Bad Pass Turnover Turnover (P1.T3)"", ""url"": """"}]",False,possessions,4Q/OT | margin -3..3 | 300..120,team
wnba,wnba_shot_pace,shot_pace,possessions,get-possessions,2025,Regular Season,team,"{'OffDef': 'Offense', 'Season': '2025', 'SeasonType': 'Regular Season', 'TeamId': '1611661321'}",shot_pace,1611661321,4Q/OT | margin -3..3 | 300..120,get-possessions__possessions__off_def-Offense__season-2025__season_type-Regular_Season__team_id-1611661321__534a4266,get-possessions,https://api.pbpstats.com/get-possessions/wnba?OffDef=Offense&Season=2025&SeasonType=Regular+Season&TeamId=1611661321,200,208,03:59,"Okonkwo Free Throw Flagrant 1 of 2 (1 PTS)
Okonkwo Free Throw Flagrant 2 of 2 (2 PTS)
Charles STEAL (1 STL): Jones Lost Ball Turnover (P2.T2)
",0,0,0,0,2025-09-04,1022500266,0,0,GSV,2,0,2,04:12,Off Dead Ball,1,"[{""description"": ""Okonkwo Free Throw Flagrant 1 of 2 (1 PTS)"", ""url"": """"}, {""description"": ""Okonkwo Free Throw Flagrant 2 of 2 (2 PTS)"", ""url"": """"}, {""description"": ""Charles STEAL (1 STL): Jones Lost Ball Turnover (P2.T2)"", ""url"": """"}]",False,possessions,4Q/OT | margin -3..3 | 300..120,team
wnba,wnba_shot_pace,shot_pace,possessions,get-possessions,2025,Regular Season,team,"{'OffDef': 'Offense', 'Season': '2025', 'SeasonType': 'Regular Season', 'TeamId': '1611661321'}",shot_pace,1611661321,4Q/OT | margin -3..3 | 300..120,get-possessions__possessions__off_def-Offense__season-2025__season_type-Regular_Season__team_id-1611661321__534a4266,get-possessions,https://api.pbpstats.com/get-possessions/wnba?OffDef=Offense&Season=2025&SeasonType=Regular+Season&TeamId=1611661321,200,209,04:33,"Rupert BLOCK (2 BLK): MISS Siegrist 6' Running Layup
Wings Rebound
MISS Okonkwo 25' 3PT Jump Shot
VALKYRIES Rebound
",1,0,1,0,2025-09-04,1022500266,0,1,GSV,2,0,2,04:38,Off Block,0,"[{""description"": ""Rupert BLOCK (2 BLK): MISS Siegrist 6' Running Layup"", ""url"": """"}, {""description"": ""Wings Rebound"", ""url"": """"}, {""description"": ""MISS Okonkwo 25' 3PT Jump Shot"", ""url"": """"}, {""description"": ""VALKYRIES Rebound"", ""url"": """"}]",False,possessions,4Q/OT | margin -3..3 | 300..120,team
wnba,wnba_shot_pace,shot_pace,possessions,get-possessions,2025,Regular Season,team,"{'OffDef': 'Offense', 'Season': '2025', 'SeasonType': 'Regular Season', 'TeamId': '1611661321'}",shot_pace,1611661321,4Q/OT | margin -3..3 | 300..120,get-possessions__possessions__off_def-Offense__season-2025__season_type-Regular_Season__team_id-1611661321__534a4266,get-possessions,https://api.pbpstats.com/get-possessions/wnba?OffDef=Offense&Season=2025&SeasonType=Regular+Season&TeamId=1611661321,200,210,05:00,"Jones 9' Turnaround Fadeaway (12 PTS)
",1,1,0,0,2025-09-04,1022500266,0,0,GSV,2,0,0,05:19,Off Timeout,0,"[{""description"": ""Jones 9' Turnaround Fadeaway (12 PTS)"", ""url"": """"}]",False,possessions,4Q/OT | margin -3..3 | 300..120,team
wnba,wnba_shot_pace,shot_pace,possessions,get-possessions,2025,Regular Season,team,"{'OffDef': 'Offense', 'Season': '2025', 'SeasonType': 'Regular Season', 'TeamId': '1611661321'}",shot_pace,1611661321,4Q/OT | margin -3..3 | 300..120,get-possessions__possessions__off_def-Offense__season-2025__season_type-Regular_Season__team_id-1611661321__534a4266,get-possessions,https://api.pbpstats.com/get-possessions/wnba?OffDef=Offense&Season=2025&SeasonType=Regular+Season&TeamId=1611661321,200,211,05:29,"MISS Siegrist 3' Running Layup
Chen REBOUND (Off:1 Def:1)
",1,0,0,0,2025-09-04,1022500266,0,0,GSV,2,0,0,05:35,Off Arc 3 Miss,0,"[{""description"": ""MISS Siegrist 3' Running Layup"", ""url"": """"}, {""description"": ""Chen REBOUND (Off:1 Def:1)"", ""url"": """"}]",False,possessions,4Q/OT | margin -3..3 | 300..120,team
wnba,wnba_shot_pace,shot_pace,possessions,get-possessions,2025,Regular Season,team,"{'OffDef': 'Offense', 'Season': '2025', 'SeasonType': 'Regular Season', 'TeamId': '1611661321'}",shot_pace,1611661321,4Q/OT | margin -3..3 | 300..120,get-possessions__possessions__off_def-Offense__season-2025__season_type-Regular_Season__team_id-1611661321__534a4266,get-possessions,https://api.pbpstats.com/get-possessions/wnba?OffDef=Offense&Season=2025&SeasonType=Regular+Season&TeamId=1611661321,200,212,06:09,"Jones 8' Turnaround Fadeaway (10 PTS) (Bueckers 4 AST)
",1,1,0,0,2025-09-04,1022500266,0,0,GSV,2,0,-2,06:17,Off Arc 3 Miss,0,"[{""description"": ""Jones 8' Turnaround Fadeaway (10 PTS) (Bueckers 4 AST)"", ""url"": """"}]",False,possessions,4Q/OT | margin -3..3 | 300..120,team
wnba,wnba_shot_pace,shot_pace,possessions,get-possessions,2025,Regular Season,team,"{'OffDef': 'Offense', 'Season': '2025', 'SeasonType': 'Regular Season', 'TeamId': '1611661321'}",shot_pace,1611661321,4Q/OT | margin -3..3 | 300..120,get-possessions__possessions__off_def-Offense__season-2025__season_type-Regular_Season__team_id-1611661321__534a4266,get-possessions,https://api.pbpstats.com/get-possessions/wnba?OffDef=Offense&Season=2025&SeasonType=Regular+Season&TeamId=1611661321,200,213,06:38,"Jones 6' Layup (7 PTS) (Hines-Allen 3 AST)
Leite S.FOUL (P1.T2)
Jones Free Throw 1 of 1 (8 PTS)
",1,1,0,0,2025-09-04,1022500266,0,0,GSV,2,1,-5,06:50,Off Short Mid-Range Make,0,"[{""description"": ""Jones 6' Layup (7 PTS) (Hines-Allen 3 AST)"", ""url"": """"}, {""description"": ""Leite S.FOUL (P1.T2)"", ""url"": """"}, {""description"": ""Jones Free Throw 1 of 1 (8 PTS)"", ""url"": """"}]",False,possessions,4Q/OT | margin -3..3 | 300..120,team
wnba,wnba_shot_pace,shot_pace,possessions,get-possessions,2025,Regular Season,team,"{'OffDef': 'Offense', 'Season': '2025', 'SeasonType': 'Regular Season', 'TeamId': '1611661321'}",shot_pace,1611661321,4Q/OT | margin -3..3 | 300..120,get-possessions__possessions__off_def-Offense__season-2025__season_type-Regular_Season__team_id-1611661321__534a4266,get-possessions,https://api.pbpstats.com/get-possessions/wnba?OffDef=Offense&Season=2025&SeasonType=Regular+Season&TeamId=1611661321,200,214,07:13,"Bueckers 16' Pullup Jump Shot (4 PTS)
",1,1,0,0,2025-09-04,1022500266,0,0,GSV,2,0,-5,07:21,Off Steal,0,"[{""description"": ""Bueckers 16' Pullup Jump Shot (4 PTS)"", ""url"": """"}]",False,possessions,4Q/OT | margin -3..3 | 300..120,team
wnba,wnba_shot_pace,shot_pace,possessions,get-possessions,2025,Regular Season,team,"{'OffDef': 'Offense', 'Season': '2025', 'SeasonType': 'Regular Season', 'TeamId': '1611661321'}",shot_pace,1611661321,4Q/OT | margin -3..3 | 300..120,get-possessions__possessions__off_def-Offense__season-2025__season_type-Regular_Season__team_id-1611661321__534a4266,get-possessions,https://api.pbpstats.com/get-possessions/wnba?OffDef=Offense&Season=2025&SeasonType=Regular+Season&TeamId=1611661321,200,215,07:28,"Charles P.FOUL (P2.T1)
MISS Jones 25' 3PT Jump Shot
Martin REBOUND (Off:1 Def:3)
",0,0,1,0,2025-09-04,1022500266,0,0,GSV,2,0,-5,07:57,Off Arc 3 Make,0,"[{""description"": ""Charles P.FOUL (P2.T1)"", ""url"": """"}, {""description"": ""MISS Jones 25' 3PT Jump Shot"", ""url"": """"}, {""description"": ""Martin REBOUND (Off:1 Def:3)"", ""url"": """"}]",False,possessions,4Q/OT | margin -3..3 | 300..120,team
wnba,wnba_shot_pace,shot_pace,possessions,get-possessions,2025,Regular Season,team,"{'OffDef': 'Offense', 'Season': '2025', 'SeasonType': 'Regular Season', 'TeamId': '1611661321'}",shot_pace,1611661321,4Q/OT | margin -3..3 | 300..120,get-possessions__possessions__off_def-Offense__season-2025__season_type-Regular_Season__team_id-1611661321__534a4266,get-possessions,https://api.pbpstats.com/get-possessions/wnba?OffDef=Offense&Season=2025&SeasonType=Regular+Season&TeamId=1611661321,200,216,08:04,"MISS Berger 25' 3PT Jump Shot
Charles REBOUND (Off:0 Def:4)
",0,0,1,0,2025-09-04,1022500266,0,0,GSV,2,0,-2,08:23,Off Short Mid-Range Make,0,"[{""description"": ""MISS Berger 25' 3PT Jump Shot"", ""url"": """"}, {""description"": ""Charles REBOUND (Off:0 Def:4)"", ""url"": """"}]",False,possessions,4Q/OT | margin -3..3 | 300..120,team
wnba,wnba_shot_pace,shot_pace,possessions,get-possessions,2025,Regular Season,team,"{'OffDef': 'Offense', 'Season': '2025', 'SeasonType': 'Regular Season', 'TeamId': '1611661321'}",shot_pace,1611661321,4Q/OT | margin -3..3 | 300..120,get-possessions__possessions__off_def-Offense__season-2025__season_type-Regular_Season__team_id-1611661321__534a4266,get-possessions,https://api.pbpstats.com/get-possessions/wnba?OffDef=Offense&Season=2025&SeasonType=Regular+Season&TeamId=1611661321,200,217,08:44,"Rupert BLOCK (1 BLK): MISS Hines-Allen 4' Layup
Hines-Allen REBOUND (Off:2 Def:2)
MISS James 24' 3PT Jump Shot
Martin REBOUND (Off:1 Def:2)
",1,0,1,0,2025-09-04,1022500266,0,1,GSV,2,0,0,09:03,Off FT Miss,0,"[{""description"": ""Rupert BLOCK (1 BLK): MISS Hines-Allen 4' Layup"", ""url"": """"}, {""description"": ""Hines-Allen REBOUND (Off:2 Def:2)"", ""url"": """"}, {""description"": ""MISS James 24' 3PT Jump Shot"", ""url"": """"}, {""description"": ""Martin REBOUND (Off:1 Def:2)"", ""url"": """"}]",False,possessions,4Q/OT | margin -3..3 | 300..120,team
wnba,wnba_shot_pace,shot_pace,possessions,get-possessions,2025,Regular Season,team,"{'OffDef': 'Offense', 'Season': '2025', 'SeasonType': 'Regular Season', 'TeamId': '1611661321'}",shot_pace,1611661321,4Q/OT | margin -3..3 | 300..120,get-possessions__possessions__off_def-Offense__season-2025__season_type-Regular_Season__team_id-1611661321__534a4266,get-possessions,https://api.pbpstats.com/get-possessions/wnba?OffDef=Offense&Season=2025&SeasonType=Regular+Season&TeamId=1611661321,200,218,09:14,"MISS Miller 24' 3PT Jump Shot
Charles REBOUND (Off:0 Def:3)
",0,0,1,0,2025-09-04,1022500266,0,0,GSV,2,0,1,09:32,Off Dead Ball,0,"[{""description"": ""MISS Miller 24' 3PT Jump Shot"", ""url"": """"}, {""description"": ""Charles REBOUND (Off:0 Def:3)"", ""url"": """"}]",False,possessions,4Q/OT | margin -3..3 | 300..120,team
wnba,wnba_shot_pace,shot_pace,possessions,get-possessions,2025,Regular Season,team,"{'OffDef': 'Offense', 'Season': '2025', 'SeasonType': 'Regular Season', 'TeamId': '1611661321'}",shot_pace,1611661321,4Q/OT | margin -3..3 | 300..120,get-possessions__possessions__off_def-Offense__season-2025__season_type-Regular_Season__team_id-1611661321__534a4266,get-possessions,https://api.pbpstats.com/get-possessions/wnba?OffDef=Offense&Season=2025&SeasonType=Regular+Season&TeamId=1611661321,200,219,09:47,"Hines-Allen 1' Reverse Layup (5 PTS)
",1,1,0,0,2025-09-04,1022500266,0,0,GSV,2,0,-1,10:00,Off Dead Ball,0,"[{""description"": ""Hines-Allen 1' Reverse Layup (5 PTS)"", ""url"": """"}]",False,possessions,4Q/OT | margin -3..3 | 300..120,team
wnba,wnba_shot_pace,shot_pace,possessions,get-possessions,2025,Regular Season,team,"{'OffDef': 'Offense', 'Season': '2025', 'SeasonType': 'Regular Season', 'TeamId': '1611661321'}",shot_pace,1611661321,4Q/OT | margin -3..3 | 300..120,get-possessions__possessions__off_def-Offense__season-2025__season_type-Regular_Season__team_id-1611661321__534a4266,get-possessions,https://api.pbpstats.com/get-possessions/wnba?OffDef=Offense&Season=2025&SeasonType=Regular+Season&TeamId=1611661321,200,220,00:01,"MISS Miller 4' Layup
Hines-Allen REBOUND (Off:1 Def:2)
Fágbénlé S.FOUL (P1.T2)
MISS Hines-Allen Free Throw 1 of 2
Wings Rebound
Hines-Allen Free Throw 2 of 2 (3 PTS)
",1,0,0,0,2025-09-04,1022500266,0,1,GSV,1,1,-2,00:20,Off Long Mid-Range Make,0,"[{""description"": ""MISS Miller 4' Layup"", ""url"": """"}, {""description"": ""Hines-Allen REBOUND (Off:1 Def:2)"", ""url"": """"}, {""description"": ""Fágbénlé S.FOUL (P1.T2)"", ""url"": """"}, {""description"": ""MISS Hines-Allen Free Throw 1 of 2"", ""url"": """"}, {""description"": ""Wings Rebound"", ""url"": """"}, {""description"": ""Hines-Allen Free Throw 2 of 2 (3 PTS)"", ""url"": """"}]",False,possessions,4Q/OT | margin -3..3 | 300..120,team
wnba,wnba_shot_pace,shot_pace,possessions,get-possessions,2025,Regular Season,team,"{'OffDef': 'Offense', 'Season': '2025', 'SeasonType': 'Regular Season', 'TeamId': '1611661321'}",shot_pace,1611661321,4Q/OT | margin -3..3 | 300..120,get-possessions__possessions__off_def-Offense__season-2025__season_type-Regular_Season__team_id-1611661321__534a4266,get-possessions,https://api.pbpstats.com/get-possessions/wnba?OffDef=Offense&Season=2025&SeasonType=Regular+Season&TeamId=1611661321,200,221,00:30,"MISS James 3' Running Layup
Charles REBOUND (Off:0 Def:2)
",1,0,0,0,2025-09-04,1022500266,0,0,GSV,1,0,0,00:36,Off Arc 3 Miss,0,"[{""description"": ""MISS James 3' Running Layup"", ""url"": """"}, {""description"": ""Charles REBOUND (Off:0 Def:2)"", ""url"": """"}]",False,possessions,4Q/OT | margin -3..3 | 300..120,team
wnba,wnba_shot_pace,shot_pace,possessions,get-possessions,2025,Regular Season,team,"{'OffDef': 'Offense', 'Season': '2025', 'SeasonType': 'Regular Season', 'TeamId': '1611661321'}",shot_pace,1611661321,4Q/OT | margin -3..3 | 300..120,get-possessions__possessions__off_def-Offense__season-2025__season_type-Regular_Season__team_id-1611661321__534a4266,get-possessions,https://api.pbpstats.com/get-possessions/wnba?OffDef=Offense&Season=2025&SeasonType=Regular+Season&TeamId=1611661321,200,222,00:57,"James 28' 3PT Jump Shot (3 PTS) (Hines-Allen 2 AST)
",0,0,1,1,2025-09-04,1022500266,0,0,GSV,1,0,-3,01:03,Off Long Mid-Range Miss,0,"[{""description"": ""James 28' 3PT Jump Shot (3 PTS) (Hines-Allen 2 AST)"", ""url"": """"}]",False,possessions,4Q/OT | margin -3..3 | 300..120,team
wnba,wnba_shot_pace,shot_pace,possessions,get-possessions,2025,Regular Season,team,"{'OffDef': 'Offense', 'Season': '2025', 'SeasonType': 'Regular Season', 'TeamId': '1611661321'}",shot_pace,1611661321,4Q/OT | margin -3..3 | 300..120,get-possessions__possessions__off_def-Offense__season-2025__season_type-Regular_Season__team_id-1611661321__534a4266,get-possessions,https://api.pbpstats.com/get-possessions/wnba?OffDef=Offense&Season=2025&SeasonType=Regular+Season&TeamId=1611661321,200,223,01:24,"MISS Siegrist 25' 3PT Jump Shot
Charles REBOUND (Off:0 Def:1)
",0,0,1,0,2025-09-04,1022500266,0,0,GSV,1,0,-3,01:48,Off FT Make,0,"[{""description"": ""MISS Siegrist 25' 3PT Jump Shot"", ""url"": """"}, {""description"": ""Charles REBOUND (Off:0 Def:1)"", ""url"": """"}]",False,possessions,4Q/OT | margin -3..3 | 300..120,team
wnba,wnba_shot_pace,shot_pace,possessions,get-possessions,2025,Regular Season,team,"{'OffDef': 'Offense', 'Season': '2025', 'SeasonType': 'Regular Season', 'TeamId': '1611661321'}",shot_pace,1611661321,4Q/OT | margin -3..3 | 300..120,get-possessions__possessions__off_def-Offense__season-2025__season_type-Regular_Season__team_id-1611661321__534a4266,get-possessions,https://api.pbpstats.com/get-possessions/wnba?OffDef=Offense&Season=2025&SeasonType=Regular+Season&TeamId=1611661321,200,224,01:48,"MISS James 10' Driving Layup
VALKYRIES Rebound
",1,0,0,0,2025-09-04,1022500266,0,0,GSV,1,0,-1,02:00,Off FT Make,0,"[{""description"": ""MISS James 10' Driving Layup"", ""url"": """"}, {""description"": ""VALKYRIES Rebound"", ""url"": """"}]",False,possessions,4Q/OT | margin -3..3 | 300..120,team
wnba,wnba_shot_pace,shot_pace,possessions,get-possessions,2025,Regular Season,team,"{'OffDef': 'Offense', 'Season': '2025', 'SeasonType': 'Regular Season', 'TeamId': '1611661321'}",shot_pace,1611661321,4Q/OT | margin -3..3 | 300..120,get-possessions__possessions__off_def-Offense__season-2025__season_type-Regular_Season__team_id-1611661321__534a4266,get-possessions,https://api.pbpstats.com/get-possessions/wnba?OffDef=Offense&Season=2025&SeasonType=Regular+Season&TeamId=1611661321,200,225,02:17,"MISS Siegrist 13' Step Back Jump Shot
Fágbénlé REBOUND (Off:0 Def:1)
",1,0,0,0,2025-09-04,1022500266,0,0,GSV,1,0,2,02:35,Off Corner 3 Make,0,"[{""description"": ""MISS Siegrist 13' Step Back Jump Shot"", ""url"": """"}, {""description"": ""Fágbénlé REBOUND (Off:0 Def:1)"", ""url"": """"}]",False,possessions,4Q/OT | margin -3..3 | 300..120,team
wnba,wnba_shot_pace,shot_pace,possessions,get-possessions,2025,Regular Season,team,"{'OffDef': 'Offense', 'Season': '2025', 'SeasonType': 'Regular Season', 'TeamId': '1611661321'}",shot_pace,1611661321,4Q/OT | margin -3..3 | 300..120,get-possessions__possessions__off_def-Offense__season-2025__season_type-Regular_Season__team_id-1611661321__534a4266,get-possessions,https://api.pbpstats.com/get-possessions/wnba?OffDef=Offense&Season=2025&SeasonType=Regular+Season&TeamId=1611661321,200,226,02:50,"Billings BLOCK (1 BLK): MISS Okonkwo 5' Layup
VALKYRIES Rebound
",1,0,0,0,2025-09-04,1022500266,0,0,GSV,1,0,5,03:06,Off Short Mid-Range Make,0,"[{""description"": ""Billings BLOCK (1 BLK): MISS Okonkwo 5' Layup"", ""url"": """"}, {""description"": ""VALKYRIES Rebound"", ""url"": """"}]",False,possessions,4Q/OT | margin -3..3 | 300..120,team
wnba,wnba_shot_pace,shot_pace,possessions,get-possessions,2025,Regular Season,team,"{'OffDef': 'Offense', 'Season': '2025', 'SeasonType': 'Regular Season', 'TeamId': '1611661321'}",shot_pace,1611661321,4Q/OT | margin -3..3 | 300..120,get-possessions__possessions__off_def-Offense__season-2025__season_type-Regular_Season__team_id-1611661321__534a4266,get-possessions,https://api.pbpstats.com/get-possessions/wnba?OffDef=Offense&Season=2025&SeasonType=Regular+Season&TeamId=1611661321,200,227,03:20,"Siegrist 5' Running Layup (7 PTS) (James 1 AST)
",1,1,0,0,2025-09-04,1022500266,0,0,GSV,1,0,5,03:26,Off Steal,0,"[{""description"": ""Siegrist 5' Running Layup (7 PTS) (James 1 AST)"", ""url"": """"}]",False,possessions,4Q/OT | margin -3..3 | 300..120,team
wnba,wnba_shot_pace,shot_pace,possessions,get-possessions,2025,Regular Season,team,"{'OffDef': 'Offense', 'Season': '2025', 'SeasonType': 'Regular Season', 'TeamId': '1611661321'}",shot_pace,1611661321,4Q/OT | margin -3..3 | 300..120,get-possessions__possessions__off_def-Offense__season-2025__season_type-Regular_Season__team_id-1611661321__534a4266,get-possessions,https://api.pbpstats.com/get-possessions/wnba?OffDef=Offense&Season=2025&SeasonType=Regular+Season&TeamId=1611661321,200,228,03:46,"MISS Okonkwo 25' 3PT Pullup Jump Shot
Martin REBOUND (Off:0 Def:1)
",0,0,1,0,2025-09-04,1022500266,0,0,GSV,1,0,5,04:05,Off FT Make,0,"[{""description"": ""MISS Okonkwo 25' 3PT Pullup Jump Shot"", ""url"": """"}, {""description"": ""Martin REBOUND (Off:0 Def:1)"", ""url"": """"}]",False,possessions,4Q/OT | margin -3..3 | 300..120,team
wnba,wnba_shot_pace,shot_pace,possessions,get-possessions,2025,Regular Season,team,"{'OffDef': 'Offense', 'Season': '2025', 'SeasonType': 'Regular Season', 'TeamId': '1611661321'}",shot_pace,1611661321,4Q/OT | margin -3..3 | 300..120,get-possessions__possessions__off_def-Offense__season-2025__season_type-Regular_Season__team_id-1611661321__534a4266,get-possessions,https://api.pbpstats.com/get-possessions/wnba?OffDef=Offense&Season=2025&SeasonType=Regular+Season&TeamId=1611661321,200,229,04:09,"MISS Hines-Allen 26' 3PT Jump Shot
Billings REBOUND (Off:0 Def:3)
",0,0,1,0,2025-09-04,1022500266,0,0,GSV,1,0,8,04:21,Off Short Mid-Range Miss,0,"[{""description"": ""MISS Hines-Allen 26' 3PT Jump Shot"", ""url"": """"}, {""description"": ""Billings REBOUND (Off:0 Def:3)"", ""url"": """"}]",False,possessions,4Q/OT | margin -3..3 | 300..120,team
wnba,wnba_shot_pace,shot_pace,possessions,get-possessions,2025,Regular Season,team,"{'OffDef': 'Offense', 'Season': '2025', 'SeasonType': 'Regular Season', 'TeamId': '1611661321'}",shot_pace,1611661321,4Q/OT | margin -3..3 | 300..120,get-possessions__possessions__off_def-Offense__season-2025__season_type-Regular_Season__team_id-1611661321__534a4266,get-possessions,https://api.pbpstats.com/get-possessions/wnba?OffDef=Offense&Season=2025&SeasonType=Regular+Season&TeamId=1611661321,200,230,04:41,"Hines-Allen 5' Cutting Layup Shot (2 PTS) (Bueckers 3 AST)
",1,1,0,0,2025-09-04,1022500266,0,0,GSV,1,0,6,04:49,Off Short Mid-Range Miss,0,"[{""description"": ""Hines-Allen 5' Cutting Layup Shot (2 PTS) (Bueckers 3 AST)"", ""url"": """"}]",False,possessions,4Q/OT | margin -3..3 | 300..120,team
wnba,wnba_shot_pace,shot_pace,possessions,get-possessions,2025,Regular Season,team,"{'OffDef': 'Offense', 'Season': '2025', 'SeasonType': 'Regular Season', 'TeamId': '1611661321'}",shot_pace,1611661321,4Q/OT | margin -3..3 | 300..120,get-possessions__possessions__off_def-Offense__season-2025__season_type-Regular_Season__team_id-1611661321__534a4266,get-possessions,https://api.pbpstats.com/get-possessions/wnba?OffDef=Offense&Season=2025&SeasonType=Regular+Season&TeamId=1611661321,200,231,05:02,"Burton BLOCK (1 BLK): MISS Bueckers 3' Running Layup
Wings Rebound
MISS Bueckers 13' Pullup Jump Shot
Billings REBOUND (Off:0 Def:2)
",2,0,0,0,2025-09-04,1022500266,0,1,GSV,1,0,6,05:23,Off Steal,0,"[{""description"": ""Burton BLOCK (1 BLK): MISS Bueckers 3' Running Layup"", ""url"": """"}, {""description"": ""Wings Rebound"", ""url"": """"}, {""description"": ""MISS Bueckers 13' Pullup Jump Shot"", ""url"": """"}, {""description"": ""Billings REBOUND (Off:0 Def:2)"", ""url"": """"}]",False,possessions,4Q/OT | margin -3..3 | 300..120,team
wnba,wnba_shot_pace,shot_pace,possessions,get-possessions,2025,Regular Season,team,"{'OffDef': 'Offense', 'Season': '2025', 'SeasonType': 'Regular Season', 'TeamId': '1611661321'}",shot_pace,1611661321,4Q/OT | margin -3..3 | 300..120,get-possessions__possessions__off_def-Offense__season-2025__season_type-Regular_Season__team_id-1611661321__534a4266,get-possessions,https://api.pbpstats.com/get-possessions/wnba?OffDef=Offense&Season=2025&SeasonType=Regular+Season&TeamId=1611661321,200,232,05:43,"Jones 6' Driving Layup (5 PTS) (Bueckers 2 AST)
",1,1,0,0,2025-09-04,1022500266,0,0,GSV,1,0,4,05:54,Off At Rim Make,0,"[{""description"": ""Jones 6' Driving Layup (5 PTS) (Bueckers 2 AST)"", ""url"": """"}]",False,possessions,4Q/OT | margin -3..3 | 300..120,team
wnba,wnba_shot_pace,shot_pace,possessions,get-possessions,2025,Regular Season,team,"{'OffDef': 'Offense', 'Season': '2025', 'SeasonType': 'Regular Season', 'TeamId': '1611661321'}",shot_pace,1611661321,4Q/OT | margin -3..3 | 300..120,get-possessions__possessions__off_def-Offense__season-2025__season_type-Regular_Season__team_id-1611661321__534a4266,get-possessions,https://api.pbpstats.com/get-possessions/wnba?OffDef=Offense&Season=2025&SeasonType=Regular+Season&TeamId=1611661321,200,233,06:02,"Charles P.FOUL (P1.T1)
MISS Berger 26' 3PT Jump Shot
Billings REBOUND (Off:0 Def:1)
",0,0,1,0,2025-09-04,1022500266,0,0,GSV,1,0,6,06:24,Off At Rim Make,0,"[{""description"": ""Charles P.FOUL (P1.T1)"", ""url"": """"}, {""description"": ""MISS Berger 26' 3PT Jump Shot"", ""url"": """"}, {""description"": ""Billings REBOUND (Off:0 Def:1)"", ""url"": """"}]",False,possessions,4Q/OT | margin -3..3 | 300..120,team
wnba,wnba_shot_pace,shot_pace,possessions,get-possessions,2025,Regular Season,team,"{'OffDef': 'Offense', 'Season': '2025', 'SeasonType': 'Regular Season', 'TeamId': '1611661321'}",shot_pace,1611661321,4Q/OT | margin -3..3 | 300..120,get-possessions__possessions__off_def-Offense__season-2025__season_type-Regular_Season__team_id-1611661321__534a4266,get-possessions,https://api.pbpstats.com/get-possessions/wnba?OffDef=Offense&Season=2025&SeasonType=Regular+Season&TeamId=1611661321,200,234,06:33,"MISS Bueckers 25' 3PT Pullup Jump Shot
Burton REBOUND (Off:1 Def:1)
",0,0,1,0,2025-09-04,1022500266,0,0,GSV,1,0,8,06:53,Off Short Mid-Range Make,0,"[{""description"": ""MISS Bueckers 25' 3PT Pullup Jump Shot"", ""url"": """"}, {""description"": ""Burton REBOUND (Off:1 Def:1)"", ""url"": """"}]",False,possessions,4Q/OT | margin -3..3 | 300..120,team
wnba,wnba_shot_pace,shot_pace,possessions,get-possessions,2025,Regular Season,team,"{'OffDef': 'Offense', 'Season': '2025', 'SeasonType': 'Regular Season', 'TeamId': '1611661321'}",shot_pace,1611661321,4Q/OT | margin -3..3 | 300..120,get-possessions__possessions__off_def-Offense__season-2025__season_type-Regular_Season__team_id-1611661321__534a4266,get-possessions,https://api.pbpstats.com/get-possessions/wnba?OffDef=Offense&Season=2025&SeasonType=Regular+Season&TeamId=1611661321,200,235,07:17,"Jones 24' 3PT Jump Bank Shot (3 PTS) (Hines-Allen 1 AST)
",0,0,1,1,2025-09-04,1022500266,0,0,GSV,1,0,7,07:40,Off Arc 3 Miss,0,"[{""description"": ""Jones 24' 3PT Jump Bank Shot (3 PTS) (Hines-Allen 1 AST)"", ""url"": """"}]",False,possessions,4Q/OT | margin -3..3 | 300..120,team
wnba,wnba_shot_pace,shot_pace,possessions,get-possessions,2025,Regular Season,team,"{'OffDef': 'Offense', 'Season': '2025', 'SeasonType': 'Regular Season', 'TeamId': '1611661321'}",shot_pace,1611661321,4Q/OT | margin -3..3 | 300..120,get-possessions__possessions__off_def-Offense__season-2025__season_type-Regular_Season__team_id-1611661321__534a4266,get-possessions,https://api.pbpstats.com/get-possessions/wnba?OffDef=Offense&Season=2025&SeasonType=Regular+Season&TeamId=1611661321,200,236,08:05,"MISS Siegrist 26' 3PT Running Jump Shot
Jones REBOUND (Off:1 Def:0)
Jones Out of Bounds Lost Ball Turnover (P1.T1)
",0,0,1,0,2025-09-04,1022500266,0,1,GSV,1,0,7,08:15,Off Short Mid-Range Miss,1,"[{""description"": ""MISS Siegrist 26' 3PT Running Jump Shot"", ""url"": """"}, {""description"": ""Jones REBOUND (Off:1 Def:0)"", ""url"": """"}, {""description"": ""Jones Out of Bounds Lost Ball Turnover (P1.T1)"", ""url"": """"}]",False,possessions,4Q/OT | margin -3..3 | 300..120,team
wnba,wnba_shot_pace,shot_pace,possessions,get-possessions,2025,Regular Season,team,"{'OffDef': 'Offense', 'Season': '2025', 'SeasonType': 'Regular Season', 'TeamId': '1611661321'}",shot_pace,1611661321,4Q/OT | margin -3..3 | 300..120,get-possessions__possessions__off_def-Offense__season-2025__season_type-Regular_Season__team_id-1611661321__534a4266,get-possessions,https://api.pbpstats.com/get-possessions/wnba?OffDef=Offense&Season=2025&SeasonType=Regular+Season&TeamId=1611661321,200,237,08:33,"Bueckers 17' Running Pull-Up Jump Shot (2 PTS)
",1,1,0,0,2025-09-04,1022500266,0,0,GSV,1,0,5,08:35,Off Block,0,"[{""description"": ""Bueckers 17' Running Pull-Up Jump Shot (2 PTS)"", ""url"": """"}]",False,possessions,4Q/OT | margin -3..3 | 300..120,team
wnba,wnba_shot_pace,shot_pace,possessions,get-possessions,2025,Regular Season,team,"{'OffDef': 'Offense', 'Season': '2025', 'SeasonType': 'Regular Season', 'TeamId': '1611661321'}",shot_pace,1611661321,4Q/OT | margin -3..3 | 300..120,get-possessions__possessions__off_def-Offense__season-2025__season_type-Regular_Season__team_id-1611661321__534a4266,get-possessions,https://api.pbpstats.com/get-possessions/wnba?OffDef=Offense&Season=2025&SeasonType=Regular+Season&TeamId=1611661321,200,238,08:53,"Siegrist 12' Pullup Jump Shot (5 PTS) (Berger 1 AST)
",1,1,0,0,2025-09-04,1022500266,0,0,GSV,1,0,3,09:00,Off Arc 3 Miss,0,"[{""description"": ""Siegrist 12' Pullup Jump Shot (5 PTS) (Berger 1 AST)"", ""url"": """"}]",False,possessions,4Q/OT | margin -3..3 | 300..120,team
wnba,wnba_shot_pace,shot_pace,possessions,get-possessions,2025,Regular Season,team,"{'OffDef': 'Offense', 'Season': '2025', 'SeasonType': 'Regular Season', 'TeamId': '1611661321'}",shot_pace,1611661321,4Q/OT | margin -3..3 | 300..120,get-possessions__possessions__off_def-Offense__season-2025__season_type-Regular_Season__team_id-1611661321__534a4266,get-possessions,https://api.pbpstats.com/get-possessions/wnba?OffDef=Offense&Season=2025&SeasonType=Regular+Season&TeamId=1611661321,200,239,09:27,"Siegrist 25' 3PT Jump Shot (3 PTS) (Bueckers 1 AST)
",0,0,1,1,2025-09-04,1022500266,0,0,GSV,1,0,0,09:43,Off Long Mid-Range Miss,0,"[{""description"": ""Siegrist 25' 3PT Jump Shot (3 PTS) (Bueckers 1 AST)"", ""url"": """"}]",False,possessions,4Q/OT | margin -3..3 | 300..120,team
wnba,wnba_shot_pace,shot_pace,possessions,get-possessions,2025,Regular Season,team,"{'OffDef': 'Offense', 'Season': '2025', 'SeasonType': 'Regular Season', 'TeamId': '1611661321'}",shot_pace,1611661321,4Q/OT | margin -3..3 | 300..120,get-possessions__possessions__off_def-Offense__season-2025__season_type-Regular_Season__team_id-1611661321__534a4266,get-possessions,https://api.pbpstats.com/get-possessions/wnba?OffDef=Offense&Season=2025&SeasonType=Regular+Season&TeamId=1611661321,200,240,00:18,"MISS Miller 3PT Jump Shot
Kosu REBOUND (Off:0 Def:2)
",0,0,1,0,2025-09-01,1022500259,0,0,MIN,4,0,-25,00:35,Off Arc 3 Make,0,"[{""description"": ""MISS Miller 3PT Jump Shot"", ""url"": """"}, {""description"": ""Kosu REBOUND (Off:0 Def:2)"", ""url"": """"}]",False,possessions,4Q/OT | margin -3..3 | 300..120,team
wnba,wnba_shot_pace,shot_pace,possessions,get-possessions,2025,Regular Season,team,"{'OffDef': 'Offense', 'Season': '2025', 'SeasonType': 'Regular Season', 'TeamId': '1611661321'}",shot_pace,1611661321,4Q/OT | margin -3..3 | 300..120,get-possessions__possessions__off_def-Offense__season-2025__season_type-Regular_Season__team_id-1611661321__534a4266,get-possessions,https://api.pbpstats.com/get-possessions/wnba?OffDef=Offense&Season=2025&SeasonType=Regular+Season&TeamId=1611661321,200,241,00:52,"Miller 2' Running Layup (12 PTS)
",1,1,0,0,2025-09-01,1022500259,0,0,MIN,4,0,-24,00:55,Off Steal,0,"[{""description"": ""Miller 2' Running Layup (12 PTS)"", ""url"": """"}]",False,possessions,4Q/OT | margin -3..3 | 300..120,team
wnba,wnba_shot_pace,shot_pace,possessions,get-possessions,2025,Regular Season,team,"{'OffDef': 'Offense', 'Season': '2025', 'SeasonType': 'Regular Season', 'TeamId': '1611661321'}",shot_pace,1611661321,4Q/OT | margin -3..3 | 300..120,get-possessions__possessions__off_def-Offense__season-2025__season_type-Regular_Season__team_id-1611661321__534a4266,get-possessions,https://api.pbpstats.com/get-possessions/wnba?OffDef=Offense&Season=2025&SeasonType=Regular+Season&TeamId=1611661321,200,242,01:02,"Okonkwo Offensive Charge Foul (P3)
Okonkwo Offensive Foul Turnover (P2.T14)
",0,0,0,0,2025-09-01,1022500259,0,0,MIN,4,0,-24,01:06,Off Steal,1,"[{""description"": ""Okonkwo Offensive Charge Foul (P3)"", ""url"": """"}, {""description"": ""Okonkwo Offensive Foul Turnover (P2.T14)"", ""url"": """"}]",False,possessions,4Q/OT | margin -3..3 | 300..120,team
wnba,wnba_shot_pace,shot_pace,possessions,get-possessions,2025,Regular Season,team,"{'OffDef': 'Offense', 'Season': '2025', 'SeasonType': 'Regular Season', 'TeamId': '1611661321'}",shot_pace,1611661321,4Q/OT | margin -3..3 | 300..120,get-possessions__possessions__off_def-Offense__season-2025__season_type-Regular_Season__team_id-1611661321__534a4266,get-possessions,https://api.pbpstats.com/get-possessions/wnba?OffDef=Offense&Season=2025&SeasonType=Regular+Season&TeamId=1611661321,200,243,01:21,"Taylor S.FOUL (P1.PN)
MISS Williams Free Throw 1 of 2
Wings Rebound
Williams Free Throw 2 of 2 (9 PTS)
",0,0,0,0,2025-09-01,1022500259,0,0,MIN,4,1,-25,01:40,Off At Rim Make,0,"[{""description"": ""Taylor S.FOUL (P1.PN)"", ""url"": """"}, {""description"": ""MISS Williams Free Throw 1 of 2"", ""url"": """"}, {""description"": ""Wings Rebound"", ""url"": """"}, {""description"": ""Williams Free Throw 2 of 2 (9 PTS)"", ""url"": """"}]",False,possessions,4Q/OT | margin -3..3 | 300..120,team
wnba,wnba_shot_pace,shot_pace,possessions,get-possessions,2025,Regular Season,team,"{'OffDef': 'Offense', 'Season': '2025', 'SeasonType': 'Regular Season', 'TeamId': '1611661321'}",shot_pace,1611661321,4Q/OT | margin -3..3 | 300..120,get-possessions__possessions__off_def-Offense__season-2025__season_type-Regular_Season__team_id-1611661321__534a4266,get-possessions,https://api.pbpstats.com/get-possessions/wnba?OffDef=Offense&Season=2025&SeasonType=Regular+Season&TeamId=1611661321,200,244,01:44,"MISS Okonkwo 3PT Jump Shot
Kliundikova REBOUND (Off:0 Def:7)
",0,0,1,0,2025-09-01,1022500259,0,0,MIN,4,0,-23,01:59,Off Dead Ball,0,"[{""description"": ""MISS Okonkwo 3PT Jump Shot"", ""url"": """"}, {""description"": ""Kliundikova REBOUND (Off:0 Def:7)"", ""url"": """"}]",False,possessions,4Q/OT | margin -3..3 | 300..120,team
wnba,wnba_shot_pace,shot_pace,possessions,get-possessions,2025,Regular Season,team,"{'OffDef': 'Offense', 'Season': '2025', 'SeasonType': 'Regular Season', 'TeamId': '1611661321'}",shot_pace,1611661321,4Q/OT | margin -3..3 | 300..120,get-possessions__possessions__off_def-Offense__season-2025__season_type-Regular_Season__team_id-1611661321__534a4266,get-possessions,https://api.pbpstats.com/get-possessions/wnba?OffDef=Offense&Season=2025&SeasonType=Regular+Season&TeamId=1611661321,200,245,02:11,"MISS Miller 4' Driving Layup
Kosu REBOUND (Off:0 Def:1)
",1,0,0,0,2025-09-01,1022500259,0,0,MIN,4,0,-23,02:22,Off At Rim Make,0,"[{""description"": ""MISS Miller 4' Driving Layup"", ""url"": """"}, {""description"": ""Kosu REBOUND (Off:0 Def:1)"", ""url"": """"}]",False,possessions,4Q/OT | margin -3..3 | 300..120,team
wnba,wnba_shot_pace,shot_pace,possessions,get-possessions,2025,Regular Season,team,"{'OffDef': 'Offense', 'Season': '2025', 'SeasonType': 'Regular Season', 'TeamId': '1611661321'}",shot_pace,1611661321,4Q/OT | margin -3..3 | 300..120,get-possessions__possessions__off_def-Offense__season-2025__season_type-Regular_Season__team_id-1611661321__534a4266,get-possessions,https://api.pbpstats.com/get-possessions/wnba?OffDef=Offense&Season=2025&SeasonType=Regular+Season&TeamId=1611661321,200,246,02:37,"Miller OFF.Foul (P4)
Miller Offensive Foul Turnover (P2.T13)
",0,0,0,0,2025-09-01,1022500259,0,0,MIN,4,0,-21,02:55,Off Dead Ball,1,"[{""description"": ""Miller OFF.Foul (P4)"", ""url"": """"}, {""description"": ""Miller Offensive Foul Turnover (P2.T13)"", ""url"": """"}]",False,possessions,4Q/OT | margin -3..3 | 300..120,team
wnba,wnba_shot_pace,shot_pace,possessions,get-possessions,2025,Regular Season,team,"{'OffDef': 'Offense', 'Season': '2025', 'SeasonType': 'Regular Season', 'TeamId': '1611661321'}",shot_pace,1611661321,4Q/OT | margin -3..3 | 300..120,get-possessions__possessions__off_def-Offense__season-2025__season_type-Regular_Season__team_id-1611661321__534a4266,get-possessions,https://api.pbpstats.com/get-possessions/wnba?OffDef=Offense&Season=2025&SeasonType=Regular+Season&TeamId=1611661321,200,247,03:10,"MISS Miller 6' Driving Layup
Shepard REBOUND (Off:2 Def:6)
",1,0,0,0,2025-09-01,1022500259,0,0,MIN,4,0,-21,03:22,Off Short Mid-Range Miss,0,"[{""description"": ""MISS Miller 6' Driving Layup"", ""url"": """"}, {""description"": ""Shepard REBOUND (Off:2 Def:6)"", ""url"": """"}]",False,possessions,4Q/OT | margin -3..3 | 300..120,team
wnba,wnba_shot_pace,shot_pace,possessions,get-possessions,2025,Regular Season,team,"{'OffDef': 'Offense', 'Season': '2025', 'SeasonType': 'Regular Season', 'TeamId': '1611661321'}",shot_pace,1611661321,4Q/OT | margin -3..3 | 300..120,get-possessions__possessions__off_def-Offense__season-2025__season_type-Regular_Season__team_id-1611661321__534a4266,get-possessions,https://api.pbpstats.com/get-possessions/wnba?OffDef=Offense&Season=2025&SeasonType=Regular+Season&TeamId=1611661321,200,248,03:36,"MISS Williams 3PT Jump Shot
Kliundikova REBOUND (Off:0 Def:6)
",0,0,1,0,2025-09-01,1022500259,0,0,MIN,4,0,-21,03:51,Off Short Mid-Range Make,0,"[{""description"": ""MISS Williams 3PT Jump Shot"", ""url"": """"}, {""description"": ""Kliundikova REBOUND (Off:0 Def:6)"", ""url"": """"}]",False,possessions,4Q/OT | margin -3..3 | 300..120,team
wnba,wnba_shot_pace,shot_pace,possessions,get-possessions,2025,Regular Season,team,"{'OffDef': 'Offense', 'Season': '2025', 'SeasonType': 'Regular Season', 'TeamId': '1611661321'}",shot_pace,1611661321,4Q/OT | margin -3..3 | 300..120,get-possessions__possessions__off_def-Offense__season-2025__season_type-Regular_Season__team_id-1611661321__534a4266,get-possessions,https://api.pbpstats.com/get-possessions/wnba?OffDef=Offense&Season=2025&SeasonType=Regular+Season&TeamId=1611661321,200,249,04:23,"Sherrod P.FOUL (P1.PN)
MISS Williams Free Throw 1 of 2
Wings Rebound
Williams Free Throw 2 of 2 (8 PTS)
",0,0,0,0,2025-09-01,1022500259,1,0,MIN,4,0,-20,04:33,Off At Rim Make,0,"[{""description"": ""Sherrod P.FOUL (P1.PN)"", ""url"": """"}, {""description"": ""MISS Williams Free Throw 1 of 2"", ""url"": """"}, {""description"": ""Wings Rebound"", ""url"": """"}, {""description"": ""Williams Free Throw 2 of 2 (8 PTS)"", ""url"": """"}]",False,possessions,4Q/OT | margin -3..3 | 300..120,team
wnba,wnba_shot_pace,shot_pace,possessions,get-possessions,2025,Regular Season,team,"{'OffDef': 'Offense', 'Season': '2025', 'SeasonType': 'Regular Season', 'TeamId': '1611661321'}",shot_pace,1611661321,4Q/OT | margin -3..3 | 300..120,get-possessions__possessions__off_def-Offense__season-2025__season_type-Regular_Season__team_id-1611661321__534a4266,get-possessions,https://api.pbpstats.com/get-possessions/wnba?OffDef=Offense&Season=2025&SeasonType=Regular+Season&TeamId=1611661321,200,250,04:50,"Hiedeman P.FOUL (P1.PN)
Hines-Allen Free Throw 1 of 2 (6 PTS)
Hines-Allen Free Throw 2 of 2 (7 PTS)
",0,0,0,0,2025-09-01,1022500259,1,0,MIN,4,0,-20,04:58,Off Long Mid-Range Miss,0,"[{""description"": ""Hiedeman P.FOUL (P1.PN)"", ""url"": """"}, {""description"": ""Hines-Allen Free Throw 1 of 2 (6 PTS)"", ""url"": """"}, {""description"": ""Hines-Allen Free Throw 2 of 2 (7 PTS)"", ""url"": """"}]",False,possessions,4Q/OT | margin -3..3 | 300..120,team
wnba,wnba_shot_pace,shot_pace,possessions,get-possessions,2025,Regular Season,team,"{'OffDef': 'Offense', 'Season': '2025', 'SeasonType': 'Regular Season', 'TeamId': '1611661321'}",shot_pace,1611661321,4Q/OT | margin -3..3 | 300..120,get-possessions__possessions__off_def-Offense__season-2025__season_type-Regular_Season__team_id-1611661321__534a4266,get-possessions,https://api.pbpstats.com/get-possessions/wnba?OffDef=Offense&Season=2025&SeasonType=Regular+Season&TeamId=1611661321,200,251,05:19,"Bueckers 6' Driving Finger Roll Layup (17 PTS)
",1,1,0,0,2025-09-01,1022500259,0,0,MIN,4,0,-22,05:35,Off Short Mid-Range Make,0,"[{""description"": ""Bueckers 6' Driving Finger Roll Layup (17 PTS)"", ""url"": """"}]",False,possessions,4Q/OT | margin -3..3 | 300..120,team
wnba,wnba_shot_pace,shot_pace,possessions,get-possessions,2025,Regular Season,team,"{'OffDef': 'Offense', 'Season': '2025', 'SeasonType': 'Regular Season', 'TeamId': '1611661321'}",shot_pace,1611661321,4Q/OT | margin -3..3 | 300..120,get-possessions__possessions__off_def-Offense__season-2025__season_type-Regular_Season__team_id-1611661321__534a4266,get-possessions,https://api.pbpstats.com/get-possessions/wnba?OffDef=Offense&Season=2025&SeasonType=Regular+Season&TeamId=1611661321,200,252,05:54,"Kliundikova STEAL (2 STL): Siegrist Bad Pass Turnover (P1.T12)
",0,0,0,0,2025-09-01,1022500259,0,0,MIN,4,0,-20,06:04,Off At Rim Make,1,"[{""description"": ""Kliundikova STEAL (2 STL): Siegrist Bad Pass Turnover (P1.T12)"", ""url"": """"}]",False,possessions,4Q/OT | margin -3..3 | 300..120,team
wnba,wnba_shot_pace,shot_pace,possessions,get-possessions,2025,Regular Season,team,"{'OffDef': 'Offense', 'Season': '2025', 'SeasonType': 'Regular Season', 'TeamId': '1611661321'}",shot_pace,1611661321,4Q/OT | margin -3..3 | 300..120,get-possessions__possessions__off_def-Offense__season-2025__season_type-Regular_Season__team_id-1611661321__534a4266,get-possessions,https://api.pbpstats.com/get-possessions/wnba?OffDef=Offense&Season=2025&SeasonType=Regular+Season&TeamId=1611661321,200,253,06:23,"Kliundikova P.FOUL (P3.T4)
MISS Miller 10' Driving Floating Jump Shot
Kliundikova REBOUND (Off:0 Def:5)
",1,0,0,0,2025-09-01,1022500259,0,0,MIN,4,0,-18,07:02,Off Dead Ball,0,"[{""description"": ""Kliundikova P.FOUL (P3.T4)"", ""url"": """"}, {""description"": ""MISS Miller 10' Driving Floating Jump Shot"", ""url"": """"}, {""description"": ""Kliundikova REBOUND (Off:0 Def:5)"", ""url"": """"}]",False,possessions,4Q/OT | margin -3..3 | 300..120,team
wnba,wnba_shot_pace,shot_pace,possessions,get-possessions,2025,Regular Season,team,"{'OffDef': 'Offense', 'Season': '2025', 'SeasonType': 'Regular Season', 'TeamId': '1611661321'}",shot_pace,1611661321,4Q/OT | margin -3..3 | 300..120,get-possessions__possessions__off_def-Offense__season-2025__season_type-Regular_Season__team_id-1611661321__534a4266,get-possessions,https://api.pbpstats.com/get-possessions/wnba?OffDef=Offense&Season=2025&SeasonType=Regular+Season&TeamId=1611661321,200,254,07:12,"Smith S.FOUL (P5.T3)
MISS Hines-Allen Free Throw 1 of 2
Wings Rebound
Hines-Allen Free Throw 2 of 2 (5 PTS)
",0,0,0,0,2025-09-01,1022500259,0,0,MIN,4,1,-19,07:26,Off Steal,0,"[{""description"": ""Smith S.FOUL (P5.T3)"", ""url"": """"}, {""description"": ""MISS Hines-Allen Free Throw 1 of 2"", ""url"": """"}, {""description"": ""Wings Rebound"", ""url"": """"}, {""description"": ""Hines-Allen Free Throw 2 of 2 (5 PTS)"", ""url"": """"}]",False,possessions,4Q/OT | margin -3..3 | 300..120,team
wnba,wnba_shot_pace,shot_pace,possessions,get-possessions,2025,Regular Season,team,"{'OffDef': 'Offense', 'Season': '2025', 'SeasonType': 'Regular Season', 'TeamId': '1611661321'}",shot_pace,1611661321,4Q/OT | margin -3..3 | 300..120,get-possessions__possessions__off_def-Offense__season-2025__season_type-Regular_Season__team_id-1611661321__534a4266,get-possessions,https://api.pbpstats.com/get-possessions/wnba?OffDef=Offense&Season=2025&SeasonType=Regular+Season&TeamId=1611661321,200,255,07:46,"MISS Bueckers 15' Jump Shot
Sherrod REBOUND (Off:0 Def:1)
",1,0,0,0,2025-09-01,1022500259,0,0,MIN,4,0,-19,08:07,Off Timeout,0,"[{""description"": ""MISS Bueckers 15' Jump Shot"", ""url"": """"}, {""description"": ""Sherrod REBOUND (Off:0 Def:1)"", ""url"": """"}]",False,possessions,4Q/OT | margin -3..3 | 300..120,team
wnba,wnba_shot_pace,shot_pace,possessions,get-possessions,2025,Regular Season,team,"{'OffDef': 'Offense', 'Season': '2025', 'SeasonType': 'Regular Season', 'TeamId': '1611661321'}",shot_pace,1611661321,4Q/OT | margin -3..3 | 300..120,get-possessions__possessions__off_def-Offense__season-2025__season_type-Regular_Season__team_id-1611661321__534a4266,get-possessions,https://api.pbpstats.com/get-possessions/wnba?OffDef=Offense&Season=2025&SeasonType=Regular+Season&TeamId=1611661321,200,256,08:21,"Carleton P.FOUL (P1.T1)
Kliundikova P.FOUL (P2.T2)
MISS Siegrist 4' Turnaround Hook Shot
Kliundikova REBOUND (Off:0 Def:4)
",1,0,0,0,2025-09-01,1022500259,0,0,MIN,4,0,-17,08:56,Off Arc 3 Make,0,"[{""description"": ""Carleton P.FOUL (P1.T1)"", ""url"": """"}, {""description"": ""Kliundikova P.FOUL (P2.T2)"", ""url"": """"}, {""description"": ""MISS Siegrist 4' Turnaround Hook Shot"", ""url"": """"}, {""description"": ""Kliundikova REBOUND (Off:0 Def:4)"", ""url"": """"}]",False,possessions,4Q/OT | margin -3..3 | 300..120,team
wnba,wnba_shot_pace,shot_pace,possessions,get-possessions,2025,Regular Season,team,"{'OffDef': 'Offense', 'Season': '2025', 'SeasonType': 'Regular Season', 'TeamId': '1611661321'}",shot_pace,1611661321,4Q/OT | margin -3..3 | 300..120,get-possessions__possessions__off_def-Offense__season-2025__season_type-Regular_Season__team_id-1611661321__534a4266,get-possessions,https://api.pbpstats.com/get-possessions/wnba?OffDef=Offense&Season=2025&SeasonType=Regular+Season&TeamId=1611661321,200,257,09:01,"MISS Hines-Allen 3' Driving Layup
Kliundikova REBOUND (Off:0 Def:3)
",1,0,0,0,2025-09-01,1022500259,0,0,MIN,4,0,-14,09:12,Off FT Make,0,"[{""description"": ""MISS Hines-Allen 3' Driving Layup"", ""url"": """"}, {""description"": ""Kliundikova REBOUND (Off:0 Def:3)"", ""url"": """"}]",False,possessions,4Q/OT | margin -3..3 | 300..120,team
wnba,wnba_shot_pace,shot_pace,possessions,get-possessions,2025,Regular Season,team,"{'OffDef': 'Offense', 'Season': '2025', 'SeasonType': 'Regular Season', 'TeamId': '1611661321'}",shot_pace,1611661321,4Q/OT | margin -3..3 | 300..120,get-possessions__possessions__off_def-Offense__season-2025__season_type-Regular_Season__team_id-1611661321__534a4266,get-possessions,https://api.pbpstats.com/get-possessions/wnba?OffDef=Offense&Season=2025&SeasonType=Regular+Season&TeamId=1611661321,200,258,09:22,"Williams 24' 3PT Jump Shot (7 PTS) (Bueckers 2 AST)
",0,0,1,1,2025-09-01,1022500259,0,0,MIN,4,0,-15,09:39,Off Corner 3 Make,0,"[{""description"": ""Williams 24' 3PT Jump Shot (7 PTS) (Bueckers 2 AST)"", ""url"": """"}]",False,possessions,4Q/OT | margin -3..3 | 300..120,team
wnba,wnba_shot_pace,shot_pace,possessions,get-possessions,2025,Regular Season,team,"{'OffDef': 'Offense', 'Season': '2025', 'SeasonType': 'Regular Season', 'TeamId': '1611661321'}",shot_pace,1611661321,4Q/OT | margin -3..3 | 300..120,get-possessions__possessions__off_def-Offense__season-2025__season_type-Regular_Season__team_id-1611661321__534a4266,get-possessions,https://api.pbpstats.com/get-possessions/wnba?OffDef=Offense&Season=2025&SeasonType=Regular+Season&TeamId=1611661321,200,259,00:00,"MISS Hines-Allen 48' 3PT Pullup Jump Shot
Wings Rebound
",0,0,1,0,2025-09-01,1022500259,0,0,MIN,3,0,-12,00:03,Off Arc 3 Make,0,"[{""description"": ""MISS Hines-Allen 48' 3PT Pullup Jump Shot"", ""url"": """"}, {""description"": ""Wings Rebound"", ""url"": """"}]",False,possessions,4Q/OT | margin -3..3 | 300..120,team
wnba,wnba_shot_pace,shot_pace,possessions,get-possessions,2025,Regular Season,team,"{'OffDef': 'Offense', 'Season': '2025', 'SeasonType': 'Regular Season', 'TeamId': '1611661321'}",shot_pace,1611661321,4Q/OT | margin -3..3 | 300..120,get-possessions__possessions__off_def-Offense__season-2025__season_type-Regular_Season__team_id-1611661321__534a4266,get-possessions,https://api.pbpstats.com/get-possessions/wnba?OffDef=Offense&Season=2025&SeasonType=Regular+Season&TeamId=1611661321,200,260,00:22,"Berger 17' Step Back Jump Shot (2 PTS)
",1,1,0,0,2025-09-01,1022500259,0,0,MIN,3,0,-11,00:46,Off At Rim Make,0,"[{""description"": ""Berger 17' Step Back Jump Shot (2 PTS)"", ""url"": """"}]",False,possessions,4Q/OT | margin -3..3 | 300..120,team
wnba,wnba_shot_pace,shot_pace,possessions,get-possessions,2025,Regular Season,team,"{'OffDef': 'Offense', 'Season': '2025', 'SeasonType': 'Regular Season', 'TeamId': '1611661321'}",shot_pace,1611661321,4Q/OT | margin -3..3 | 300..120,get-possessions__possessions__off_def-Offense__season-2025__season_type-Regular_Season__team_id-1611661321__534a4266,get-possessions,https://api.pbpstats.com/get-possessions/wnba?OffDef=Offense&Season=2025&SeasonType=Regular+Season&TeamId=1611661321,200,261,00:56,"MISS Siegrist 4' Running Layup
LYNX Rebound
",1,0,0,0,2025-09-01,1022500259,0,0,MIN,3,0,-9,01:01,Off Short Mid-Range Miss,0,"[{""description"": ""MISS Siegrist 4' Running Layup"", ""url"": """"}, {""description"": ""LYNX Rebound"", ""url"": """"}]",False,possessions,4Q/OT | margin -3..3 | 300..120,team
wnba,wnba_shot_pace,shot_pace,possessions,get-possessions,2025,Regular Season,team,"{'OffDef': 'Offense', 'Season': '2025', 'SeasonType': 'Regular Season', 'TeamId': '1611661321'}",shot_pace,1611661321,4Q/OT | margin -3..3 | 300..120,get-possessions__possessions__off_def-Offense__season-2025__season_type-Regular_Season__team_id-1611661321__534a4266,get-possessions,https://api.pbpstats.com/get-possessions/wnba?OffDef=Offense&Season=2025&SeasonType=Regular+Season&TeamId=1611661321,200,262,01:25,"Miller 3' Driving Layup (10 PTS) (Williams 2 AST)
",1,1,0,0,2025-09-01,1022500259,0,0,MIN,3,0,-11,01:41,Off Dead Ball,0,"[{""description"": ""Miller 3' Driving Layup (10 PTS) (Williams 2 AST)"", ""url"": """"}]",False,possessions,4Q/OT | margin -3..3 | 300..120,team
wnba,wnba_shot_pace,shot_pace,possessions,get-possessions,2025,Regular Season,team,"{'OffDef': 'Offense', 'Season': '2025', 'SeasonType': 'Regular Season', 'TeamId': '1611661321'}",shot_pace,1611661321,4Q/OT | margin -3..3 | 300..120,get-possessions__possessions__off_def-Offense__season-2025__season_type-Regular_Season__team_id-1611661321__534a4266,get-possessions,https://api.pbpstats.com/get-possessions/wnba?OffDef=Offense&Season=2025&SeasonType=Regular+Season&TeamId=1611661321,200,263,01:59,"Wings Turnover: Shot Clock (T#11)
",0,0,0,0,2025-09-01,1022500259,0,0,MIN,3,0,-11,02:20,Off Arc 3 Miss,1,"[{""description"": ""Wings Turnover: Shot Clock (T#11)"", ""url"": """"}]",False,possessions,4Q/OT | margin -3..3 | 300..120,team
wnba,wnba_shot_pace,shot_pace,possessions,get-possessions,2025,Regular Season,team,"{'OffDef': 'Offense', 'Season': '2025', 'SeasonType': 'Regular Season', 'TeamId': '1611661321'}",shot_pace,1611661321,4Q/OT | margin -3..3 | 300..120,get-possessions__possessions__off_def-Offense__season-2025__season_type-Regular_Season__team_id-1611661321__534a4266,get-possessions,https://api.pbpstats.com/get-possessions/wnba?OffDef=Offense&Season=2025&SeasonType=Regular+Season&TeamId=1611661321,200,264,02:27,"MISS Siegrist 3PT Jump Shot
Williams REBOUND (Off:2 Def:0)
Williams STEAL (2 STL): Williams Bad Pass Turnover (P1.T10)
",0,0,1,0,2025-09-01,1022500259,0,1,MIN,3,0,-11,02:47,Off At Rim Miss,1,"[{""description"": ""MISS Siegrist 3PT Jump Shot"", ""url"": """"}, {""description"": ""Williams REBOUND (Off:2 Def:0)"", ""url"": """"}, {""description"": ""Williams STEAL (2 STL): Williams Bad Pass Turnover (P1.T10)"", ""url"": """"}]",False,possessions,4Q/OT | margin -3..3 | 300..120,team
wnba,wnba_shot_pace,shot_pace,possessions,get-possessions,2025,Regular Season,team,"{'OffDef': 'Offense', 'Season': '2025', 'SeasonType': 'Regular Season', 'TeamId': '1611661321'}",shot_pace,1611661321,4Q/OT | margin -3..3 | 300..120,get-possessions__possessions__off_def-Offense__season-2025__season_type-Regular_Season__team_id-1611661321__534a4266,get-possessions,https://api.pbpstats.com/get-possessions/wnba?OffDef=Offense&Season=2025&SeasonType=Regular+Season&TeamId=1611661321,200,265,03:01,"MISS Williams 12' Pullup Jump Shot
Williams REBOUND (Off:1 Def:2)
",1,0,0,0,2025-09-01,1022500259,0,0,MIN,3,0,-11,03:26,Off Arc 3 Make,0,"[{""description"": ""MISS Williams 12' Pullup Jump Shot"", ""url"": """"}, {""description"": ""Williams REBOUND (Off:1 Def:2)"", ""url"": """"}]",False,possessions,4Q/OT | margin -3..3 | 300..120,team
wnba,wnba_shot_pace,shot_pace,possessions,get-possessions,2025,Regular Season,team,"{'OffDef': 'Offense', 'Season': '2025', 'SeasonType': 'Regular Season', 'TeamId': '1611661321'}",shot_pace,1611661321,4Q/OT | margin -3..3 | 300..120,get-possessions__possessions__off_def-Offense__season-2025__season_type-Regular_Season__team_id-1611661321__534a4266,get-possessions,https://api.pbpstats.com/get-possessions/wnba?OffDef=Offense&Season=2025&SeasonType=Regular+Season&TeamId=1611661321,200,266,03:39,"MISS Bueckers 13' Jump Shot
LYNX Rebound
",1,0,0,0,2025-09-01,1022500259,0,0,MIN,3,0,-8,04:00,Off Arc 3 Make,0,"[{""description"": ""MISS Bueckers 13' Jump Shot"", ""url"": """"}, {""description"": ""LYNX Rebound"", ""url"": """"}]",False,possessions,4Q/OT | margin -3..3 | 300..120,team
wnba,wnba_shot_pace,shot_pace,possessions,get-possessions,2025,Regular Season,team,"{'OffDef': 'Offense', 'Season': '2025', 'SeasonType': 'Regular Season', 'TeamId': '1611661321'}",shot_pace,1611661321,4Q/OT | margin -3..3 | 300..120,get-possessions__possessions__off_def-Offense__season-2025__season_type-Regular_Season__team_id-1611661321__534a4266,get-possessions,https://api.pbpstats.com/get-possessions/wnba?OffDef=Offense&Season=2025&SeasonType=Regular+Season&TeamId=1611661321,200,267,04:13,"Miller 4' Running Layup (8 PTS)
",1,1,0,0,2025-09-01,1022500259,0,0,MIN,3,0,-7,04:18,Off Short Mid-Range Miss,0,"[{""description"": ""Miller 4' Running Layup (8 PTS)"", ""url"": """"}]",False,possessions,4Q/OT | margin -3..3 | 300..120,team
wnba,wnba_shot_pace,shot_pace,possessions,get-possessions,2025,Regular Season,team,"{'OffDef': 'Offense', 'Season': '2025', 'SeasonType': 'Regular Season', 'TeamId': '1611661321'}",shot_pace,1611661321,4Q/OT | margin -3..3 | 300..120,get-possessions__possessions__off_def-Offense__season-2025__season_type-Regular_Season__team_id-1611661321__534a4266,get-possessions,https://api.pbpstats.com/get-possessions/wnba?OffDef=Offense&Season=2025&SeasonType=Regular+Season&TeamId=1611661321,200,268,04:41,"Collier BLOCK (3 BLK): MISS Bueckers 4' Layup
Miller REBOUND (Off:4 Def:0)
Bueckers 11' Pullup Jump Shot (15 PTS) (Miller 2 AST)
",2,1,0,0,2025-09-01,1022500259,0,1,MIN,3,0,-9,05:09,Off Timeout,0,"[{""description"": ""Collier BLOCK (3 BLK): MISS Bueckers 4' Layup"", ""url"": """"}, {""description"": ""Miller REBOUND (Off:4 Def:0)"", ""url"": """"}, {""description"": ""Bueckers 11' Pullup Jump Shot (15 PTS) (Miller 2 AST)"", ""url"": """"}]",False,possessions,4Q/OT | margin -3..3 | 300..120,team
wnba,wnba_shot_pace,shot_pace,possessions,get-possessions,2025,Regular Season,team,"{'OffDef': 'Offense', 'Season': '2025', 'SeasonType': 'Regular Season', 'TeamId': '1611661321'}",shot_pace,1611661321,4Q/OT | margin -3..3 | 300..120,get-possessions__possessions__off_def-Offense__season-2025__season_type-Regular_Season__team_id-1611661321__534a4266,get-possessions,https://api.pbpstats.com/get-possessions/wnba?OffDef=Offense&Season=2025&SeasonType=Regular+Season&TeamId=1611661321,200,269,05:17,"Shepard STEAL (1 STL): Miller Bad Pass Turnover (P1.T9)
",0,0,0,0,2025-09-01,1022500259,0,0,MIN,3,0,-7,05:25,Off Steal,1,"[{""description"": ""Shepard STEAL (1 STL): Miller Bad Pass Turnover (P1.T9)"", ""url"": """"}]",False,possessions,4Q/OT | margin -3..3 | 300..120,team
wnba,wnba_shot_pace,shot_pace,possessions,get-possessions,2025,Regular Season,team,"{'OffDef': 'Offense', 'Season': '2025', 'SeasonType': 'Regular Season', 'TeamId': '1611661321'}",shot_pace,1611661321,4Q/OT | margin -3..3 | 300..120,get-possessions__possessions__off_def-Offense__season-2025__season_type-Regular_Season__team_id-1611661321__534a4266,get-possessions,https://api.pbpstats.com/get-possessions/wnba?OffDef=Offense&Season=2025&SeasonType=Regular+Season&TeamId=1611661321,200,270,05:27,"MISS Miller 4' Driving Layup
Shepard REBOUND (Off:0 Def:5)
",1,0,0,0,2025-09-01,1022500259,0,0,MIN,3,0,-7,05:49,Off Dead Ball,0,"[{""description"": ""MISS Miller 4' Driving Layup"", ""url"": """"}, {""description"": ""Shepard REBOUND (Off:0 Def:5)"", ""url"": """"}]",False,possessions,4Q/OT | margin -3..3 | 300..120,team
wnba,wnba_shot_pace,shot_pace,possessions,get-possessions,2025,Regular Season,team,"{'OffDef': 'Offense', 'Season': '2025', 'SeasonType': 'Regular Season', 'TeamId': '1611661321'}",shot_pace,1611661321,4Q/OT | margin -3..3 | 300..120,get-possessions__possessions__off_def-Offense__season-2025__season_type-Regular_Season__team_id-1611661321__534a4266,get-possessions,https://api.pbpstats.com/get-possessions/wnba?OffDef=Offense&Season=2025&SeasonType=Regular+Season&TeamId=1611661321,200,271,05:58,"Collier BLOCK (1 BLK): MISS Siegrist 3' Layup
Siegrist REBOUND (Off:2 Def:2)
Collier BLOCK (2 BLK): MISS Siegrist 4' Putback Layup
Wings Rebound
MISS Bueckers 12' Turnaround Fadeaway Shot
Shepard REBOUND (Off:0 Def:4)
",3,0,0,0,2025-09-01,1022500259,0,2,MIN,3,0,-7,06:26,Off At Rim Make,0,"[{""description"": ""Collier BLOCK (1 BLK): MISS Siegrist 3' Layup"", ""url"": """"}, {""description"": ""Siegrist REBOUND (Off:2 Def:2)"", ""url"": """"}, {""description"": ""Collier BLOCK (2 BLK): MISS Siegrist 4' Putback Layup"", ""url"": """"}, {""description"": ""Wings Rebound"", ""url"": """"}, {""description"": ""MISS Bueckers 12' Turnaround Fadeaway Shot"", ""url"": """"}, {""description"": ""Shepard REBOUND (Off:0 Def:4)"", ""url"": """"}]",False,possessions,4Q/OT | margin -3..3 | 300..120,team
wnba,wnba_shot_pace,shot_pace,possessions,get-possessions,2025,Regular Season,team,"{'OffDef': 'Offense', 'Season': '2025', 'SeasonType': 'Regular Season', 'TeamId': '1611661321'}",shot_pace,1611661321,4Q/OT | margin -3..3 | 300..120,get-possessions__possessions__off_def-Offense__season-2025__season_type-Regular_Season__team_id-1611661321__534a4266,get-possessions,https://api.pbpstats.com/get-possessions/wnba?OffDef=Offense&Season=2025&SeasonType=Regular+Season&TeamId=1611661321,200,272,06:38,"Okonkwo 5' Driving Layup (12 PTS) (Bueckers 1 AST)
Smith S.FOUL (P4.T3)
MISS Okonkwo Free Throw 1 of 1
Shepard REBOUND (Off:0 Def:3)
",1,1,0,0,2025-09-01,1022500259,0,0,MIN,3,1,-7,06:52,Off Long Mid-Range Miss,0,"[{""description"": ""Okonkwo 5' Driving Layup (12 PTS) (Bueckers 1 AST)"", ""url"": """"}, {""description"": ""Smith S.FOUL (P4.T3)"", ""url"": """"}, {""description"": ""MISS Okonkwo Free Throw 1 of 1"", ""url"": """"}, {""description"": ""Shepard REBOUND (Off:0 Def:3)"", ""url"": """"}]",False,possessions,4Q/OT | margin -3..3 | 300..120,team
wnba,wnba_shot_pace,shot_pace,possessions,get-possessions,2025,Regular Season,team,"{'OffDef': 'Offense', 'Season': '2025', 'SeasonType': 'Regular Season', 'TeamId': '1611661321'}",shot_pace,1611661321,4Q/OT | margin -3..3 | 300..120,get-possessions__possessions__off_def-Offense__season-2025__season_type-Regular_Season__team_id-1611661321__534a4266,get-possessions,https://api.pbpstats.com/get-possessions/wnba?OffDef=Offense&Season=2025&SeasonType=Regular+Season&TeamId=1611661321,200,273,07:08,"Bueckers 3' Driving Layup (13 PTS)
",1,1,0,0,2025-09-01,1022500259,0,0,MIN,3,0,-9,07:19,Off FT Make,0,"[{""description"": ""Bueckers 3' Driving Layup (13 PTS)"", ""url"": """"}]",False,possessions,4Q/OT | margin -3..3 | 300..120,team
wnba,wnba_shot_pace,shot_pace,possessions,get-possessions,2025,Regular Season,team,"{'OffDef': 'Offense', 'Season': '2025', 'SeasonType': 'Regular Season', 'TeamId': '1611661321'}",shot_pace,1611661321,4Q/OT | margin -3..3 | 300..120,get-possessions__possessions__off_def-Offense__season-2025__season_type-Regular_Season__team_id-1611661321__534a4266,get-possessions,https://api.pbpstats.com/get-possessions/wnba?OffDef=Offense&Season=2025&SeasonType=Regular+Season&TeamId=1611661321,200,274,07:23,"Smith STEAL (1 STL): Hines-Allen Bad Pass Turnover (P3.T8)
",0,0,0,0,2025-09-01,1022500259,0,0,MIN,3,0,-7,07:42,Off At Rim Make,1,"[{""description"": ""Smith STEAL (1 STL): Hines-Allen Bad Pass Turnover (P3.T8)"", ""url"": """"}]",False,possessions,4Q/OT | margin -3..3 | 300..120,team
wnba,wnba_shot_pace,shot_pace,possessions,get-possessions,2025,Regular Season,team,"{'OffDef': 'Offense', 'Season': '2025', 'SeasonType': 'Regular Season', 'TeamId': '1611661321'}",shot_pace,1611661321,4Q/OT | margin -3..3 | 300..120,get-possessions__possessions__off_def-Offense__season-2025__season_type-Regular_Season__team_id-1611661321__534a4266,get-possessions,https://api.pbpstats.com/get-possessions/wnba?OffDef=Offense&Season=2025&SeasonType=Regular+Season&TeamId=1611661321,200,275,08:04,"Hines-Allen 17' Jump Shot (4 PTS) (Berger 4 AST)
",1,1,0,0,2025-09-01,1022500259,0,0,MIN,3,0,-7,08:18,Off Long Mid-Range Make,0,"[{""description"": ""Hines-Allen 17' Jump Shot (4 PTS) (Berger 4 AST)"", ""url"": """"}]",False,possessions,4Q/OT | margin -3..3 | 300..120,team
wnba,wnba_shot_pace,shot_pace,possessions,get-possessions,2025,Regular Season,team,"{'OffDef': 'Offense', 'Season': '2025', 'SeasonType': 'Regular Season', 'TeamId': '1611661321'}",shot_pace,1611661321,4Q/OT | margin -3..3 | 300..120,get-possessions__possessions__off_def-Offense__season-2025__season_type-Regular_Season__team_id-1611661321__534a4266,get-possessions,https://api.pbpstats.com/get-possessions/wnba?OffDef=Offense&Season=2025&SeasonType=Regular+Season&TeamId=1611661321,200,276,08:23,"Collier P.FOUL (P1.T2)
MISS Siegrist 11' Driving Floating Jump Shot
Hiedeman REBOUND (Off:0 Def:3)
",1,0,0,0,2025-09-01,1022500259,0,0,MIN,3,0,-5,08:45,Off Short Mid-Range Make,0,"[{""description"": ""Collier P.FOUL (P1.T2)"", ""url"": """"}, {""description"": ""MISS Siegrist 11' Driving Floating Jump Shot"", ""url"": """"}, {""description"": ""Hiedeman REBOUND (Off:0 Def:3)"", ""url"": """"}]",False,possessions,4Q/OT | margin -3..3 | 300..120,team
wnba,wnba_shot_pace,shot_pace,possessions,get-possessions,2025,Regular Season,team,"{'OffDef': 'Offense', 'Season': '2025', 'SeasonType': 'Regular Season', 'TeamId': '1611661321'}",shot_pace,1611661321,4Q/OT | margin -3..3 | 300..120,get-possessions__possessions__off_def-Offense__season-2025__season_type-Regular_Season__team_id-1611661321__534a4266,get-possessions,https://api.pbpstats.com/get-possessions/wnba?OffDef=Offense&Season=2025&SeasonType=Regular+Season&TeamId=1611661321,200,277,09:04,"Siegrist 15' Pullup Jump Shot (12 PTS) (Berger 3 AST)
",1,1,0,0,2025-09-01,1022500259,0,0,MIN,3,0,-5,09:20,Off Short Mid-Range Miss,0,"[{""description"": ""Siegrist 15' Pullup Jump Shot (12 PTS) (Berger 3 AST)"", ""url"": """"}]",False,possessions,4Q/OT | margin -3..3 | 300..120,team
wnba,wnba_shot_pace,shot_pace,possessions,get-possessions,2025,Regular Season,team,"{'OffDef': 'Offense', 'Season': '2025', 'SeasonType': 'Regular Season', 'TeamId': '1611661321'}",shot_pace,1611661321,4Q/OT | margin -3..3 | 300..120,get-possessions__possessions__off_def-Offense__season-2025__season_type-Regular_Season__team_id-1611661321__534a4266,get-possessions,https://api.pbpstats.com/get-possessions/wnba?OffDef=Offense&Season=2025&SeasonType=Regular+Season&TeamId=1611661321,200,278,09:43,"Williams S.FOUL (P3.T1)
Bueckers Free Throw 1 of 2 (10 PTS)
Bueckers Free Throw 2 of 2 (11 PTS)
",0,0,0,0,2025-09-01,1022500259,0,0,MIN,3,1,-7,10:00,Off Dead Ball,0,"[{""description"": ""Williams S.FOUL (P3.T1)"", ""url"": """"}, {""description"": ""Bueckers Free Throw 1 of 2 (10 PTS)"", ""url"": """"}, {""description"": ""Bueckers Free Throw 2 of 2 (11 PTS)"", ""url"": """"}]",False,possessions,4Q/OT | margin -3..3 | 300..120,team
wnba,wnba_shot_pace,shot_pace,possessions,get-possessions,2025,Regular Season,team,"{'OffDef': 'Offense', 'Season': '2025', 'SeasonType': 'Regular Season', 'TeamId': '1611661321'}",shot_pace,1611661321,4Q/OT | margin -3..3 | 300..120,get-possessions__possessions__off_def-Offense__season-2025__season_type-Regular_Season__team_id-1611661321__534a4266,get-possessions,https://api.pbpstats.com/get-possessions/wnba?OffDef=Offense&Season=2025&SeasonType=Regular+Season&TeamId=1611661321,200,279,00:19,"Bueckers 4' Layup (8 PTS) (Hines-Allen 2 AST)
Williams S.FOUL (P2.PN)
Bueckers Free Throw 1 of 1 (9 PTS)
",1,1,0,0,2025-09-01,1022500259,0,0,MIN,2,1,-10,00:31,Off Timeout,0,"[{""description"": ""Bueckers 4' Layup (8 PTS) (Hines-Allen 2 AST)"", ""url"": """"}, {""description"": ""Williams S.FOUL (P2.PN)"", ""url"": """"}, {""description"": ""Bueckers Free Throw 1 of 1 (9 PTS)"", ""url"": """"}]",False,possessions,4Q/OT | margin -3..3 | 300..120,team
wnba,wnba_shot_pace,shot_pace,possessions,get-possessions,2025,Regular Season,team,"{'OffDef': 'Offense', 'Season': '2025', 'SeasonType': 'Regular Season', 'TeamId': '1611661321'}",shot_pace,1611661321,4Q/OT | margin -3..3 | 300..120,get-possessions__possessions__off_def-Offense__season-2025__season_type-Regular_Season__team_id-1611661321__534a4266,get-possessions,https://api.pbpstats.com/get-possessions/wnba?OffDef=Offense&Season=2025&SeasonType=Regular+Season&TeamId=1611661321,200,280,00:45,"MISS Okonkwo 5' Turnaround Hook Shot
Collier REBOUND (Off:1 Def:2)
",1,0,0,0,2025-09-01,1022500259,0,0,MIN,2,0,-8,00:57,Off Arc 3 Miss,0,"[{""description"": ""MISS Okonkwo 5' Turnaround Hook Shot"", ""url"": """"}, {""description"": ""Collier REBOUND (Off:1 Def:2)"", ""url"": """"}]",False,possessions,4Q/OT | margin -3..3 | 300..120,team
wnba,wnba_shot_pace,shot_pace,possessions,get-possessions,2025,Regular Season,team,"{'OffDef': 'Offense', 'Season': '2025', 'SeasonType': 'Regular Season', 'TeamId': '1611661321'}",shot_pace,1611661321,4Q/OT | margin -3..3 | 300..120,get-possessions__possessions__off_def-Offense__season-2025__season_type-Regular_Season__team_id-1611661321__534a4266,get-possessions,https://api.pbpstats.com/get-possessions/wnba?OffDef=Offense&Season=2025&SeasonType=Regular+Season&TeamId=1611661321,200,281,01:10,"Smith S.FOUL (P3.T4)
Okonkwo Free Throw 1 of 2 (9 PTS)
Okonkwo Free Throw 2 of 2 (10 PTS)
",0,0,0,0,2025-09-01,1022500259,0,0,MIN,2,1,-10,01:23,Off Long Mid-Range Make,0,"[{""description"": ""Smith S.FOUL (P3.T4)"", ""url"": """"}, {""description"": ""Okonkwo Free Throw 1 of 2 (9 PTS)"", ""url"": """"}, {""description"": ""Okonkwo Free Throw 2 of 2 (10 PTS)"", ""url"": """"}]",False,possessions,4Q/OT | margin -3..3 | 300..120,team
wnba,wnba_shot_pace,shot_pace,possessions,get-possessions,2025,Regular Season,team,"{'OffDef': 'Offense', 'Season': '2025', 'SeasonType': 'Regular Season', 'TeamId': '1611661321'}",shot_pace,1611661321,4Q/OT | margin -3..3 | 300..120,get-possessions__possessions__off_def-Offense__season-2025__season_type-Regular_Season__team_id-1611661321__534a4266,get-possessions,https://api.pbpstats.com/get-possessions/wnba?OffDef=Offense&Season=2025&SeasonType=Regular+Season&TeamId=1611661321,200,282,01:30,"Miller 3' Driving Layup (6 PTS) (Siegrist 2 AST)
",1,1,0,0,2025-09-01,1022500259,0,0,MIN,2,0,-10,01:52,Off Arc 3 Make,0,"[{""description"": ""Miller 3' Driving Layup (6 PTS) (Siegrist 2 AST)"", ""url"": """"}]",False,possessions,4Q/OT | margin -3..3 | 300..120,team
wnba,wnba_shot_pace,shot_pace,possessions,get-possessions,2025,Regular Season,team,"{'OffDef': 'Offense', 'Season': '2025', 'SeasonType': 'Regular Season', 'TeamId': '1611661321'}",shot_pace,1611661321,4Q/OT | margin -3..3 | 300..120,get-possessions__possessions__off_def-Offense__season-2025__season_type-Regular_Season__team_id-1611661321__534a4266,get-possessions,https://api.pbpstats.com/get-possessions/wnba?OffDef=Offense&Season=2025&SeasonType=Regular+Season&TeamId=1611661321,200,283,02:03,"Siegrist 8' Fadeaway Jumper (10 PTS)
",1,1,0,0,2025-09-01,1022500259,0,0,MIN,2,0,-9,02:18,Off Corner 3 Make,0,"[{""description"": ""Siegrist 8' Fadeaway Jumper (10 PTS)"", ""url"": """"}]",False,possessions,4Q/OT | margin -3..3 | 300..120,team
wnba,wnba_shot_pace,shot_pace,possessions,get-possessions,2025,Regular Season,team,"{'OffDef': 'Offense', 'Season': '2025', 'SeasonType': 'Regular Season', 'TeamId': '1611661321'}",shot_pace,1611661321,4Q/OT | margin -3..3 | 300..120,get-possessions__possessions__off_def-Offense__season-2025__season_type-Regular_Season__team_id-1611661321__534a4266,get-possessions,https://api.pbpstats.com/get-possessions/wnba?OffDef=Offense&Season=2025&SeasonType=Regular+Season&TeamId=1611661321,200,284,02:30,"Berger OFF.Foul (P1)
Berger Offensive Foul Turnover (P2.T7)
",0,0,0,0,2025-09-01,1022500259,0,0,MIN,2,0,-6,02:41,Off Corner 3 Make,1,"[{""description"": ""Berger OFF.Foul (P1)"", ""url"": """"}, {""description"": ""Berger Offensive Foul Turnover (P2.T7)"", ""url"": """"}]",False,possessions,4Q/OT | margin -3..3 | 300..120,team
wnba,wnba_shot_pace,shot_pace,possessions,get-possessions,2025,Regular Season,team,"{'OffDef': 'Offense', 'Season': '2025', 'SeasonType': 'Regular Season', 'TeamId': '1611661321'}",shot_pace,1611661321,4Q/OT | margin -3..3 | 300..120,get-possessions__possessions__off_def-Offense__season-2025__season_type-Regular_Season__team_id-1611661321__534a4266,get-possessions,https://api.pbpstats.com/get-possessions/wnba?OffDef=Offense&Season=2025&SeasonType=Regular+Season&TeamId=1611661321,200,285,02:55,"MISS Berger 17' Pullup Jump Shot
Miller REBOUND (Off:3 Def:0)
Smith S.FOUL (P2.T3)
MISS Miller Free Throw 1 of 2
Wings Rebound
MISS Miller Free Throw 2 of 2
Smith REBOUND (Off:2 Def:2)
",1,0,0,0,2025-09-01,1022500259,0,1,MIN,2,1,-3,03:44,Off Arc 3 Make,0,"[{""description"": ""MISS Berger 17' Pullup Jump Shot"", ""url"": """"}, {""description"": ""Miller REBOUND (Off:3 Def:0)"", ""url"": """"}, {""description"": ""Smith S.FOUL (P2.T3)"", ""url"": """"}, {""description"": ""MISS Miller Free Throw 1 of 2"", ""url"": """"}, {""description"": ""Wings Rebound"", ""url"": """"}, {""description"": ""MISS Miller Free Throw 2 of 2"", ""url"": """"}, {""description"": ""Smith REBOUND (Off:2 Def:2)"", ""url"": """"}]",False,possessions,4Q/OT | margin -3..3 | 300..120,team
wnba,wnba_shot_pace,shot_pace,possessions,get-possessions,2025,Regular Season,team,"{'OffDef': 'Offense', 'Season': '2025', 'SeasonType': 'Regular Season', 'TeamId': '1611661321'}",shot_pace,1611661321,4Q/OT | margin -3..3 | 300..120,get-possessions__possessions__off_def-Offense__season-2025__season_type-Regular_Season__team_id-1611661321__534a4266,get-possessions,https://api.pbpstats.com/get-possessions/wnba?OffDef=Offense&Season=2025&SeasonType=Regular+Season&TeamId=1611661321,200,286,04:02,"Bueckers 7' Pullup Jump Shot (6 PTS)
",1,1,0,0,2025-09-01,1022500259,0,0,MIN,2,0,-2,04:09,Off Short Mid-Range Miss,0,"[{""description"": ""Bueckers 7' Pullup Jump Shot (6 PTS)"", ""url"": """"}]",False,possessions,4Q/OT | margin -3..3 | 300..120,team
wnba,wnba_shot_pace,shot_pace,possessions,get-possessions,2025,Regular Season,team,"{'OffDef': 'Offense', 'Season': '2025', 'SeasonType': 'Regular Season', 'TeamId': '1611661321'}",shot_pace,1611661321,4Q/OT | margin -3..3 | 300..120,get-possessions__possessions__off_def-Offense__season-2025__season_type-Regular_Season__team_id-1611661321__534a4266,get-possessions,https://api.pbpstats.com/get-possessions/wnba?OffDef=Offense&Season=2025&SeasonType=Regular+Season&TeamId=1611661321,200,287,04:26,"Okonkwo 3' Driving Layup (7 PTS) (Siegrist 1 AST)
Kliundikova S.FOUL (P1.T2)
Okonkwo Free Throw 1 of 1 (8 PTS)
",1,1,0,0,2025-09-01,1022500259,0,0,MIN,2,1,-5,04:37,Off Steal,0,"[{""description"": ""Okonkwo 3' Driving Layup (7 PTS) (Siegrist 1 AST)"", ""url"": """"}, {""description"": ""Kliundikova S.FOUL (P1.T2)"", ""url"": """"}, {""description"": ""Okonkwo Free Throw 1 of 1 (8 PTS)"", ""url"": """"}]",False,possessions,4Q/OT | margin -3..3 | 300..120,team
wnba,wnba_shot_pace,shot_pace,possessions,get-possessions,2025,Regular Season,team,"{'OffDef': 'Offense', 'Season': '2025', 'SeasonType': 'Regular Season', 'TeamId': '1611661321'}",shot_pace,1611661321,4Q/OT | margin -3..3 | 300..120,get-possessions__possessions__off_def-Offense__season-2025__season_type-Regular_Season__team_id-1611661321__534a4266,get-possessions,https://api.pbpstats.com/get-possessions/wnba?OffDef=Offense&Season=2025&SeasonType=Regular+Season&TeamId=1611661321,200,288,04:44,"MISS Okonkwo 13' Pullup Jump Shot
Shepard REBOUND (Off:0 Def:2)
",1,0,0,0,2025-09-01,1022500259,0,0,MIN,2,0,-5,05:09,Off Dead Ball,0,"[{""description"": ""MISS Okonkwo 13' Pullup Jump Shot"", ""url"": """"}, {""description"": ""Shepard REBOUND (Off:0 Def:2)"", ""url"": """"}]",False,possessions,4Q/OT | margin -3..3 | 300..120,team
wnba,wnba_shot_pace,shot_pace,possessions,get-possessions,2025,Regular Season,team,"{'OffDef': 'Offense', 'Season': '2025', 'SeasonType': 'Regular Season', 'TeamId': '1611661321'}",shot_pace,1611661321,4Q/OT | margin -3..3 | 300..120,get-possessions__possessions__off_def-Offense__season-2025__season_type-Regular_Season__team_id-1611661321__534a4266,get-possessions,https://api.pbpstats.com/get-possessions/wnba?OffDef=Offense&Season=2025&SeasonType=Regular+Season&TeamId=1611661321,200,289,05:27,"MISS Siegrist 3PT Jump Shot
Wings Rebound
Shepard L.B.FOUL (P1.T1)
Bueckers 6' Driving Layup (4 PTS)
",1,1,1,0,2025-09-01,1022500259,0,1,MIN,2,0,-7,05:58,Off Timeout,0,"[{""description"": ""MISS Siegrist 3PT Jump Shot"", ""url"": """"}, {""description"": ""Wings Rebound"", ""url"": """"}, {""description"": ""Shepard L.B.FOUL (P1.T1)"", ""url"": """"}, {""description"": ""Bueckers 6' Driving Layup (4 PTS)"", ""url"": """"}]",False,possessions,4Q/OT | margin -3..3 | 300..120,team
wnba,wnba_shot_pace,shot_pace,possessions,get-possessions,2025,Regular Season,team,"{'OffDef': 'Offense', 'Season': '2025', 'SeasonType': 'Regular Season', 'TeamId': '1611661321'}",shot_pace,1611661321,4Q/OT | margin -3..3 | 300..120,get-possessions__possessions__off_def-Offense__season-2025__season_type-Regular_Season__team_id-1611661321__534a4266,get-possessions,https://api.pbpstats.com/get-possessions/wnba?OffDef=Offense&Season=2025&SeasonType=Regular+Season&TeamId=1611661321,200,290,06:21,"MISS Bueckers 24' 3PT Jump Shot
Hines-Allen REBOUND (Off:1 Def:2)
MISS Bueckers 14' Step Back Jump Shot
Kliundikova REBOUND (Off:0 Def:2)
",1,0,1,0,2025-09-01,1022500259,0,1,MIN,2,0,-7,06:48,Off Short Mid-Range Make,0,"[{""description"": ""MISS Bueckers 24' 3PT Jump Shot"", ""url"": """"}, {""description"": ""Hines-Allen REBOUND (Off:1 Def:2)"", ""url"": """"}, {""description"": ""MISS Bueckers 14' Step Back Jump Shot"", ""url"": """"}, {""description"": ""Kliundikova REBOUND (Off:0 Def:2)"", ""url"": """"}]",False,possessions,4Q/OT | margin -3..3 | 300..120,team
wnba,wnba_shot_pace,shot_pace,possessions,get-possessions,2025,Regular Season,team,"{'OffDef': 'Offense', 'Season': '2025', 'SeasonType': 'Regular Season', 'TeamId': '1611661321'}",shot_pace,1611661321,4Q/OT | margin -3..3 | 300..120,get-possessions__possessions__off_def-Offense__season-2025__season_type-Regular_Season__team_id-1611661321__534a4266,get-possessions,https://api.pbpstats.com/get-possessions/wnba?OffDef=Offense&Season=2025&SeasonType=Regular+Season&TeamId=1611661321,200,291,06:54,"Carleton BLOCK (1 BLK): MISS Berger 4' Running Layup
Kliundikova REBOUND (Off:0 Def:1)
",1,0,0,0,2025-09-01,1022500259,0,0,MIN,2,0,-5,07:03,Off Steal,0,"[{""description"": ""Carleton BLOCK (1 BLK): MISS Berger 4' Running Layup"", ""url"": """"}, {""description"": ""Kliundikova REBOUND (Off:0 Def:1)"", ""url"": """"}]",False,possessions,4Q/OT | margin -3..3 | 300..120,team
wnba,wnba_shot_pace,shot_pace,possessions,get-possessions,2025,Regular Season,team,"{'OffDef': 'Offense', 'Season': '2025', 'SeasonType': 'Regular Season', 'TeamId': '1611661321'}",shot_pace,1611661321,4Q/OT | margin -3..3 | 300..120,get-possessions__possessions__off_def-Offense__season-2025__season_type-Regular_Season__team_id-1611661321__534a4266,get-possessions,https://api.pbpstats.com/get-possessions/wnba?OffDef=Offense&Season=2025&SeasonType=Regular+Season&TeamId=1611661321,200,292,07:22,"Carrington BLOCK (1 BLK): MISS Miller 7' Running Layup
LYNX Rebound
",1,0,0,0,2025-09-01,1022500259,0,0,MIN,2,0,-5,07:26,Off At Rim Miss,0,"[{""description"": ""Carrington BLOCK (1 BLK): MISS Miller 7' Running Layup"", ""url"": """"}, {""description"": ""LYNX Rebound"", ""url"": """"}]",False,possessions,4Q/OT | margin -3..3 | 300..120,team
wnba,wnba_shot_pace,shot_pace,possessions,get-possessions,2025,Regular Season,team,"{'OffDef': 'Offense', 'Season': '2025', 'SeasonType': 'Regular Season', 'TeamId': '1611661321'}",shot_pace,1611661321,4Q/OT | margin -3..3 | 300..120,get-possessions__possessions__off_def-Offense__season-2025__season_type-Regular_Season__team_id-1611661321__534a4266,get-possessions,https://api.pbpstats.com/get-possessions/wnba?OffDef=Offense&Season=2025&SeasonType=Regular+Season&TeamId=1611661321,200,293,07:39,"Hines-Allen 2' Running Layup (2 PTS) (Okonkwo 1 AST)
",1,1,0,0,2025-09-01,1022500259,0,0,MIN,2,0,-7,07:43,Off Steal,0,"[{""description"": ""Hines-Allen 2' Running Layup (2 PTS) (Okonkwo 1 AST)"", ""url"": """"}]",False,possessions,4Q/OT | margin -3..3 | 300..120,team
wnba,wnba_shot_pace,shot_pace,possessions,get-possessions,2025,Regular Season,team,"{'OffDef': 'Offense', 'Season': '2025', 'SeasonType': 'Regular Season', 'TeamId': '1611661321'}",shot_pace,1611661321,4Q/OT | margin -3..3 | 300..120,get-possessions__possessions__off_def-Offense__season-2025__season_type-Regular_Season__team_id-1611661321__534a4266,get-possessions,https://api.pbpstats.com/get-possessions/wnba?OffDef=Offense&Season=2025&SeasonType=Regular+Season&TeamId=1611661321,200,294,07:47,"Kliundikova STEAL (1 STL): Bueckers Lost Ball Turnover (P1.T6)
",0,0,0,0,2025-09-01,1022500259,0,0,MIN,2,0,-7,08:00,Off Dead Ball,1,"[{""description"": ""Kliundikova STEAL (1 STL): Bueckers Lost Ball Turnover (P1.T6)"", ""url"": """"}]",False,possessions,4Q/OT | margin -3..3 | 300..120,team
wnba,wnba_shot_pace,shot_pace,possessions,get-possessions,2025,Regular Season,team,"{'OffDef': 'Offense', 'Season': '2025', 'SeasonType': 'Regular Season', 'TeamId': '1611661321'}",shot_pace,1611661321,4Q/OT | margin -3..3 | 300..120,get-possessions__possessions__off_def-Offense__season-2025__season_type-Regular_Season__team_id-1611661321__534a4266,get-possessions,https://api.pbpstats.com/get-possessions/wnba?OffDef=Offense&Season=2025&SeasonType=Regular+Season&TeamId=1611661321,200,295,08:16,"Hines-Allen Out of Bounds - Bad Pass Turnover Turnover (P2.T5)
",0,0,0,0,2025-09-01,1022500259,0,0,MIN,2,0,-7,08:34,Off Arc 3 Make,1,"[{""description"": ""Hines-Allen Out of Bounds - Bad Pass Turnover Turnover (P2.T5)"", ""url"": """"}]",False,possessions,4Q/OT | margin -3..3 | 300..120,team
wnba,wnba_shot_pace,shot_pace,possessions,get-possessions,2025,Regular Season,team,"{'OffDef': 'Offense', 'Season': '2025', 'SeasonType': 'Regular Season', 'TeamId': '1611661321'}",shot_pace,1611661321,4Q/OT | margin -3..3 | 300..120,get-possessions__possessions__off_def-Offense__season-2025__season_type-Regular_Season__team_id-1611661321__534a4266,get-possessions,https://api.pbpstats.com/get-possessions/wnba?OffDef=Offense&Season=2025&SeasonType=Regular+Season&TeamId=1611661321,200,296,08:41,"MISS Williams 21' Jump Shot
Hiedeman REBOUND (Off:0 Def:2)
",1,0,0,0,2025-09-01,1022500259,0,0,MIN,2,0,-4,08:54,Off Dead Ball,0,"[{""description"": ""MISS Williams 21' Jump Shot"", ""url"": """"}, {""description"": ""Hiedeman REBOUND (Off:0 Def:2)"", ""url"": """"}]",False,possessions,4Q/OT | margin -3..3 | 300..120,team
wnba,wnba_shot_pace,shot_pace,possessions,get-possessions,2025,Regular Season,team,"{'OffDef': 'Offense', 'Season': '2025', 'SeasonType': 'Regular Season', 'TeamId': '1611661321'}",shot_pace,1611661321,4Q/OT | margin -3..3 | 300..120,get-possessions__possessions__off_def-Offense__season-2025__season_type-Regular_Season__team_id-1611661321__534a4266,get-possessions,https://api.pbpstats.com/get-possessions/wnba?OffDef=Offense&Season=2025&SeasonType=Regular+Season&TeamId=1611661321,200,297,09:06,"Kliundikova BLOCK (1 BLK): MISS Hines-Allen 5' Driving Layup
Wings Rebound
Miller 5' Driving Layup (4 PTS) (Williams 1 AST)
",2,1,0,0,2025-09-01,1022500259,0,1,MIN,2,0,-6,09:27,Off At Rim Make,0,"[{""description"": ""Kliundikova BLOCK (1 BLK): MISS Hines-Allen 5' Driving Layup"", ""url"": """"}, {""description"": ""Wings Rebound"", ""url"": """"}, {""description"": ""Miller 5' Driving Layup (4 PTS) (Williams 1 AST)"", ""url"": """"}]",False,possessions,4Q/OT | margin -3..3 | 300..120,team
wnba,wnba_shot_pace,shot_pace,possessions,get-possessions,2025,Regular Season,team,"{'OffDef': 'Offense', 'Season': '2025', 'SeasonType': 'Regular Season', 'TeamId': '1611661321'}",shot_pace,1611661321,4Q/OT | margin -3..3 | 300..120,get-possessions__possessions__off_def-Offense__season-2025__season_type-Regular_Season__team_id-1611661321__534a4266,get-possessions,https://api.pbpstats.com/get-possessions/wnba?OffDef=Offense&Season=2025&SeasonType=Regular+Season&TeamId=1611661321,200,298,09:36,"MISS Williams 11' Turnaround Fadeaway Shot
Hiedeman REBOUND (Off:0 Def:1)
",1,0,0,0,2025-09-01,1022500259,0,0,MIN,2,0,-4,10:00,Off Dead Ball,0,"[{""description"": ""MISS Williams 11' Turnaround Fadeaway Shot"", ""url"": """"}, {""description"": ""Hiedeman REBOUND (Off:0 Def:1)"", ""url"": """"}]",False,possessions,4Q/OT | margin -3..3 | 300..120,team
wnba,wnba_shot_pace,shot_pace,possessions,get-possessions,2025,Regular Season,team,"{'OffDef': 'Offense', 'Season': '2025', 'SeasonType': 'Regular Season', 'TeamId': '1611661321'}",shot_pace,1611661321,4Q/OT | margin -3..3 | 300..120,get-possessions__possessions__off_def-Offense__season-2025__season_type-Regular_Season__team_id-1611661321__534a4266,get-possessions,https://api.pbpstats.com/get-possessions/wnba?OffDef=Offense&Season=2025&SeasonType=Regular+Season&TeamId=1611661321,200,299,00:00,"MISS Miller 29' 3PT Jump Shot
Wings Rebound
",0,0,1,0,2025-09-01,1022500259,0,0,MIN,1,0,-4,00:09,Off At Rim Make,0,"[{""description"": ""MISS Miller 29' 3PT Jump Shot"", ""url"": """"}, {""description"": ""Wings Rebound"", ""url"": """"}]",False,possessions,4Q/OT | margin -3..3 | 300..120,team
wnba,wnba_shot_pace,shot_pace,possessions,get-possessions,2025,Regular Season,team,"{'OffDef': 'Offense', 'Season': '2025', 'SeasonType': 'Regular Season', 'TeamId': '1611661321'}",shot_pace,1611661321,4Q/OT | margin -3..3 | 300..120,get-possessions__possessions__off_def-Offense__season-2025__season_type-Regular_Season__team_id-1611661321__534a4266,get-possessions,https://api.pbpstats.com/get-possessions/wnba?OffDef=Offense&Season=2025&SeasonType=Regular+Season&TeamId=1611661321,200,300,00:14,"MISS Sundell 24' 3PT Jump Shot
Williams REBOUND (Off:1 Def:1)
",0,0,1,0,2025-09-01,1022500259,0,0,MIN,1,0,-2,00:30,Off At Rim Make,0,"[{""description"": ""MISS Sundell 24' 3PT Jump Shot"", ""url"": """"}, {""description"": ""Williams REBOUND (Off:1 Def:1)"", ""url"": """"}]",False,possessions,4Q/OT | margin -3..3 | 300..120,team
wnba,wnba_shot_pace,shot_pace,possessions,get-possessions,2025,Regular Season,team,"{'OffDef': 'Offense', 'Season': '2025', 'SeasonType': 'Regular Season', 'TeamId': '1611661321'}",shot_pace,1611661321,4Q/OT | margin -3..3 | 300..120,get-possessions__possessions__off_def-Offense__season-2025__season_type-Regular_Season__team_id-1611661321__534a4266,get-possessions,https://api.pbpstats.com/get-possessions/wnba?OffDef=Offense&Season=2025&SeasonType=Regular+Season&TeamId=1611661321,200,301,00:33,"Carrington STEAL (1 STL): Sundell Bad Pass Turnover (P1.T4)
",0,0,0,0,2025-09-01,1022500259,0,0,MIN,1,0,0,00:48,Off At Rim Miss,1,"[{""description"": ""Carrington STEAL (1 STL): Sundell Bad Pass Turnover (P1.T4)"", ""url"": """"}]",False,possessions,4Q/OT | margin -3..3 | 300..120,team
wnba,wnba_shot_pace,shot_pace,possessions,get-possessions,2025,Regular Season,team,"{'OffDef': 'Offense', 'Season': '2025', 'SeasonType': 'Regular Season', 'TeamId': '1611661321'}",shot_pace,1611661321,4Q/OT | margin -3..3 | 300..120,get-possessions__possessions__off_def-Offense__season-2025__season_type-Regular_Season__team_id-1611661321__534a4266,get-possessions,https://api.pbpstats.com/get-possessions/wnba?OffDef=Offense&Season=2025&SeasonType=Regular+Season&TeamId=1611661321,200,302,01:06,"Smith P.FOUL (P1.PN)
Okonkwo Free Throw 1 of 2 (5 PTS)
MISS Okonkwo Free Throw 2 of 2
Carrington REBOUND (Off:0 Def:1)
",0,0,0,0,2025-09-01,1022500259,1,0,MIN,1,0,-1,01:08,Off At Rim Miss,0,"[{""description"": ""Smith P.FOUL (P1.PN)"", ""url"": """"}, {""description"": ""Okonkwo Free Throw 1 of 2 (5 PTS)"", ""url"": """"}, {""description"": ""MISS Okonkwo Free Throw 2 of 2"", ""url"": """"}, {""description"": ""Carrington REBOUND (Off:0 Def:1)"", ""url"": """"}]",False,possessions,4Q/OT | margin -3..3 | 300..120,team
wnba,wnba_shot_pace,shot_pace,possessions,get-possessions,2025,Regular Season,team,"{'OffDef': 'Offense', 'Season': '2025', 'SeasonType': 'Regular Season', 'TeamId': '1611661321'}",shot_pace,1611661321,4Q/OT | margin -3..3 | 300..120,get-possessions__possessions__off_def-Offense__season-2025__season_type-Regular_Season__team_id-1611661321__534a4266,get-possessions,https://api.pbpstats.com/get-possessions/wnba?OffDef=Offense&Season=2025&SeasonType=Regular+Season&TeamId=1611661321,200,303,01:20,"MISS Williams 14' Pullup Jump Shot
Siegrist REBOUND (Off:1 Def:0)
MISS Miller 3' Layup
Miller REBOUND (Off:2 Def:0)
Miller 3' Layup (2 PTS)
",3,1,0,0,2025-09-01,1022500259,0,2,MIN,1,0,-3,01:50,Off Long Mid-Range Make,0,"[{""description"": ""MISS Williams 14' Pullup Jump Shot"", ""url"": """"}, {""description"": ""Siegrist REBOUND (Off:1 Def:0)"", ""url"": """"}, {""description"": ""MISS Miller 3' Layup"", ""url"": """"}, {""description"": ""Miller REBOUND (Off:2 Def:0)"", ""url"": """"}, {""description"": ""Miller 3' Layup (2 PTS)"", ""url"": """"}]",False,possessions,4Q/OT | margin -3..3 | 300..120,team
wnba,wnba_shot_pace,shot_pace,possessions,get-possessions,2025,Regular Season,team,"{'OffDef': 'Offense', 'Season': '2025', 'SeasonType': 'Regular Season', 'TeamId': '1611661321'}",shot_pace,1611661321,4Q/OT | margin -3..3 | 300..120,get-possessions__possessions__off_def-Offense__season-2025__season_type-Regular_Season__team_id-1611661321__534a4266,get-possessions,https://api.pbpstats.com/get-possessions/wnba?OffDef=Offense&Season=2025&SeasonType=Regular+Season&TeamId=1611661321,200,304,02:00,"MISS Siegrist 3PT Jump Shot
Williams REBOUND (Off:1 Def:0)
Williams S.FOUL (P1.T2)
Williams Free Throw 1 of 2 (3 PTS)
Williams Free Throw 2 of 2 (4 PTS)
",0,0,1,0,2025-09-01,1022500259,0,1,MIN,1,1,-3,02:15,Off FT Make,0,"[{""description"": ""MISS Siegrist 3PT Jump Shot"", ""url"": """"}, {""description"": ""Williams REBOUND (Off:1 Def:0)"", ""url"": """"}, {""description"": ""Williams S.FOUL (P1.T2)"", ""url"": """"}, {""description"": ""Williams Free Throw 1 of 2 (3 PTS)"", ""url"": """"}, {""description"": ""Williams Free Throw 2 of 2 (4 PTS)"", ""url"": """"}]",False,possessions,4Q/OT | margin -3..3 | 300..120,team
wnba,wnba_shot_pace,shot_pace,possessions,get-possessions,2025,Regular Season,team,"{'OffDef': 'Offense', 'Season': '2025', 'SeasonType': 'Regular Season', 'TeamId': '1611661321'}",shot_pace,1611661321,4Q/OT | margin -3..3 | 300..120,get-possessions__possessions__off_def-Offense__season-2025__season_type-Regular_Season__team_id-1611661321__534a4266,get-possessions,https://api.pbpstats.com/get-possessions/wnba?OffDef=Offense&Season=2025&SeasonType=Regular+Season&TeamId=1611661321,200,305,02:31,"Williams 4' Driving Layup (2 PTS)
",1,1,0,0,2025-09-01,1022500259,0,0,MIN,1,0,-3,02:51,Off Dead Ball,0,"[{""description"": ""Williams 4' Driving Layup (2 PTS)"", ""url"": """"}]",False,possessions,4Q/OT | margin -3..3 | 300..120,team
wnba,wnba_shot_pace,shot_pace,possessions,get-possessions,2025,Regular Season,team,"{'OffDef': 'Offense', 'Season': '2025', 'SeasonType': 'Regular Season', 'TeamId': '1611661321'}",shot_pace,1611661321,4Q/OT | margin -3..3 | 300..120,get-possessions__possessions__off_def-Offense__season-2025__season_type-Regular_Season__team_id-1611661321__534a4266,get-possessions,https://api.pbpstats.com/get-possessions/wnba?OffDef=Offense&Season=2025&SeasonType=Regular+Season&TeamId=1611661321,200,306,03:05,"MISS Miller 26' 3PT Jump Shot
Shepard REBOUND (Off:0 Def:1)
",0,0,1,0,2025-09-01,1022500259,0,0,MIN,1,0,-3,03:24,Off Steal,0,"[{""description"": ""MISS Miller 26' 3PT Jump Shot"", ""url"": """"}, {""description"": ""Shepard REBOUND (Off:0 Def:1)"", ""url"": """"}]",False,possessions,4Q/OT | margin -3..3 | 300..120,team
wnba,wnba_shot_pace,shot_pace,possessions,get-possessions,2025,Regular Season,team,"{'OffDef': 'Offense', 'Season': '2025', 'SeasonType': 'Regular Season', 'TeamId': '1611661321'}",shot_pace,1611661321,4Q/OT | margin -3..3 | 300..120,get-possessions__possessions__off_def-Offense__season-2025__season_type-Regular_Season__team_id-1611661321__534a4266,get-possessions,https://api.pbpstats.com/get-possessions/wnba?OffDef=Offense&Season=2025&SeasonType=Regular+Season&TeamId=1611661321,200,307,03:51,"MISS Bueckers 18' Pullup Jump Shot
Berger REBOUND (Off:1 Def:0)
Siegrist 3' Layup (8 PTS) (Berger 2 AST)
",2,1,0,0,2025-09-01,1022500259,0,1,MIN,1,0,-5,04:13,Off Timeout,0,"[{""description"": ""MISS Bueckers 18' Pullup Jump Shot"", ""url"": """"}, {""description"": ""Berger REBOUND (Off:1 Def:0)"", ""url"": """"}, {""description"": ""Siegrist 3' Layup (8 PTS) (Berger 2 AST)"", ""url"": """"}]",False,possessions,4Q/OT | margin -3..3 | 300..120,team
wnba,wnba_shot_pace,shot_pace,possessions,get-possessions,2025,Regular Season,team,"{'OffDef': 'Offense', 'Season': '2025', 'SeasonType': 'Regular Season', 'TeamId': '1611661321'}",shot_pace,1611661321,4Q/OT | margin -3..3 | 300..120,get-possessions__possessions__off_def-Offense__season-2025__season_type-Regular_Season__team_id-1611661321__534a4266,get-possessions,https://api.pbpstats.com/get-possessions/wnba?OffDef=Offense&Season=2025&SeasonType=Regular+Season&TeamId=1611661321,200,308,04:33,"Williams STEAL (1 STL): Berger Bad Pass Turnover (P1.T3)
",0,0,0,0,2025-09-01,1022500259,0,0,MIN,1,0,-3,04:48,Off Arc 3 Make,1,"[{""description"": ""Williams STEAL (1 STL): Berger Bad Pass Turnover (P1.T3)"", ""url"": """"}]",False,possessions,4Q/OT | margin -3..3 | 300..120,team
wnba,wnba_shot_pace,shot_pace,possessions,get-possessions,2025,Regular Season,team,"{'OffDef': 'Offense', 'Season': '2025', 'SeasonType': 'Regular Season', 'TeamId': '1611661321'}",shot_pace,1611661321,4Q/OT | margin -3..3 | 300..120,get-possessions__possessions__off_def-Offense__season-2025__season_type-Regular_Season__team_id-1611661321__534a4266,get-possessions,https://api.pbpstats.com/get-possessions/wnba?OffDef=Offense&Season=2025&SeasonType=Regular+Season&TeamId=1611661321,200,309,05:01,"Siegrist 3PT Jump Shot (6 PTS) (Miller 1 AST)
",0,0,1,1,2025-09-01,1022500259,0,0,MIN,1,0,-3,05:15,Off At Rim Miss,0,"[{""description"": ""Siegrist 3PT Jump Shot (6 PTS) (Miller 1 AST)"", ""url"": """"}]",False,possessions,4Q/OT | margin -3..3 | 300..120,team
wnba,wnba_shot_pace,shot_pace,possessions,get-possessions,2025,Regular Season,team,"{'OffDef': 'Offense', 'Season': '2025', 'SeasonType': 'Regular Season', 'TeamId': '1611661321'}",shot_pace,1611661321,4Q/OT | margin -3..3 | 300..120,get-possessions__possessions__off_def-Offense__season-2025__season_type-Regular_Season__team_id-1611661321__534a4266,get-possessions,https://api.pbpstats.com/get-possessions/wnba?OffDef=Offense&Season=2025&SeasonType=Regular+Season&TeamId=1611661321,200,310,05:42,"MISS Berger 24' 3PT Jump Shot
Miller REBOUND (Off:1 Def:0)
MISS Miller 5' Layup
Smith REBOUND (Off:0 Def:1)
",1,0,1,0,2025-09-01,1022500259,0,1,MIN,1,0,-2,06:10,Off Long Mid-Range Make,0,"[{""description"": ""MISS Berger 24' 3PT Jump Shot"", ""url"": """"}, {""description"": ""Miller REBOUND (Off:1 Def:0)"", ""url"": """"}, {""description"": ""MISS Miller 5' Layup"", ""url"": """"}, {""description"": ""Smith REBOUND (Off:0 Def:1)"", ""url"": """"}]",False,possessions,4Q/OT | margin -3..3 | 300..120,team
wnba,wnba_shot_pace,shot_pace,possessions,get-possessions,2025,Regular Season,team,"{'OffDef': 'Offense', 'Season': '2025', 'SeasonType': 'Regular Season', 'TeamId': '1611661321'}",shot_pace,1611661321,4Q/OT | margin -3..3 | 300..120,get-possessions__possessions__off_def-Offense__season-2025__season_type-Regular_Season__team_id-1611661321__534a4266,get-possessions,https://api.pbpstats.com/get-possessions/wnba?OffDef=Offense&Season=2025&SeasonType=Regular+Season&TeamId=1611661321,200,311,06:15,"MISS Berger 2' Running Layup
Collier REBOUND (Off:0 Def:1)
",1,0,0,0,2025-09-01,1022500259,0,0,MIN,1,0,0,06:21,Off Steal,0,"[{""description"": ""MISS Berger 2' Running Layup"", ""url"": """"}, {""description"": ""Collier REBOUND (Off:0 Def:1)"", ""url"": """"}]",False,possessions,4Q/OT | margin -3..3 | 300..120,team
wnba,wnba_shot_pace,shot_pace,possessions,get-possessions,2025,Regular Season,team,"{'OffDef': 'Offense', 'Season': '2025', 'SeasonType': 'Regular Season', 'TeamId': '1611661321'}",shot_pace,1611661321,4Q/OT | margin -3..3 | 300..120,get-possessions__possessions__off_def-Offense__season-2025__season_type-Regular_Season__team_id-1611661321__534a4266,get-possessions,https://api.pbpstats.com/get-possessions/wnba?OffDef=Offense&Season=2025&SeasonType=Regular+Season&TeamId=1611661321,200,312,06:27,"Okonkwo OFF.Foul (P2)
Okonkwo Offensive Foul Turnover (P1.T2)
",0,0,0,0,2025-09-01,1022500259,0,0,MIN,1,0,0,06:37,Off Arc 3 Make,1,"[{""description"": ""Okonkwo OFF.Foul (P2)"", ""url"": """"}, {""description"": ""Okonkwo Offensive Foul Turnover (P1.T2)"", ""url"": """"}]",False,possessions,4Q/OT | margin -3..3 | 300..120,team
wnba,wnba_shot_pace,shot_pace,possessions,get-possessions,2025,Regular Season,team,"{'OffDef': 'Offense', 'Season': '2025', 'SeasonType': 'Regular Season', 'TeamId': '1611661321'}",shot_pace,1611661321,4Q/OT | margin -3..3 | 300..120,get-possessions__possessions__off_def-Offense__season-2025__season_type-Regular_Season__team_id-1611661321__534a4266,get-possessions,https://api.pbpstats.com/get-possessions/wnba?OffDef=Offense&Season=2025&SeasonType=Regular+Season&TeamId=1611661321,200,313,06:51,"Carrington S.FOUL (P1.T1)
Okonkwo Free Throw 1 of 2 (3 PTS)
Okonkwo Free Throw 2 of 2 (4 PTS)
",0,0,0,0,2025-09-01,1022500259,0,0,MIN,1,1,1,07:03,Off FT Make,0,"[{""description"": ""Carrington S.FOUL (P1.T1)"", ""url"": """"}, {""description"": ""Okonkwo Free Throw 1 of 2 (3 PTS)"", ""url"": """"}, {""description"": ""Okonkwo Free Throw 2 of 2 (4 PTS)"", ""url"": """"}]",False,possessions,4Q/OT | margin -3..3 | 300..120,team
wnba,wnba_shot_pace,shot_pace,possessions,get-possessions,2025,Regular Season,team,"{'OffDef': 'Offense', 'Season': '2025', 'SeasonType': 'Regular Season', 'TeamId': '1611661321'}",shot_pace,1611661321,4Q/OT | margin -3..3 | 300..120,get-possessions__possessions__off_def-Offense__season-2025__season_type-Regular_Season__team_id-1611661321__534a4266,get-possessions,https://api.pbpstats.com/get-possessions/wnba?OffDef=Offense&Season=2025&SeasonType=Regular+Season&TeamId=1611661321,200,314,07:21,"Hines-Allen Traveling Turnover (P1.T1)
",0,0,0,0,2025-09-01,1022500259,0,0,MIN,1,0,4,07:35,Off Long Mid-Range Miss,1,"[{""description"": ""Hines-Allen Traveling Turnover (P1.T1)"", ""url"": """"}]",False,possessions,4Q/OT | margin -3..3 | 300..120,team
wnba,wnba_shot_pace,shot_pace,possessions,get-possessions,2025,Regular Season,team,"{'OffDef': 'Offense', 'Season': '2025', 'SeasonType': 'Regular Season', 'TeamId': '1611661321'}",shot_pace,1611661321,4Q/OT | margin -3..3 | 300..120,get-possessions__possessions__off_def-Offense__season-2025__season_type-Regular_Season__team_id-1611661321__534a4266,get-possessions,https://api.pbpstats.com/get-possessions/wnba?OffDef=Offense&Season=2025&SeasonType=Regular+Season&TeamId=1611661321,200,315,07:47,"Bueckers 13' Pullup Jump Shot (2 PTS) (Berger 1 AST)
",1,1,0,0,2025-09-01,1022500259,0,0,MIN,1,0,2,08:08,Off Dead Ball,0,"[{""description"": ""Bueckers 13' Pullup Jump Shot (2 PTS) (Berger 1 AST)"", ""url"": """"}]",False,possessions,4Q/OT | margin -3..3 | 300..120,team
wnba,wnba_shot_pace,shot_pace,possessions,get-possessions,2025,Regular Season,team,"{'OffDef': 'Offense', 'Season': '2025', 'SeasonType': 'Regular Season', 'TeamId': '1611661321'}",shot_pace,1611661321,4Q/OT | margin -3..3 | 300..120,get-possessions__possessions__off_def-Offense__season-2025__season_type-Regular_Season__team_id-1611661321__534a4266,get-possessions,https://api.pbpstats.com/get-possessions/wnba?OffDef=Offense&Season=2025&SeasonType=Regular+Season&TeamId=1611661321,200,316,08:34,"Siegrist 24' 3PT Step Back Jump Shot (3 PTS) (Hines-Allen 1 AST)
",0,0,1,1,2025-09-01,1022500259,0,0,MIN,1,0,-1,08:59,Off Corner 3 Make,0,"[{""description"": ""Siegrist 24' 3PT Step Back Jump Shot (3 PTS) (Hines-Allen 1 AST)"", ""url"": """"}]",False,possessions,4Q/OT | margin -3..3 | 300..120,team
wnba,wnba_shot_pace,shot_pace,possessions,get-possessions,2025,Regular Season,team,"{'OffDef': 'Offense', 'Season': '2025', 'SeasonType': 'Regular Season', 'TeamId': '1611661321'}",shot_pace,1611661321,4Q/OT | margin -3..3 | 300..120,get-possessions__possessions__off_def-Offense__season-2025__season_type-Regular_Season__team_id-1611661321__534a4266,get-possessions,https://api.pbpstats.com/get-possessions/wnba?OffDef=Offense&Season=2025&SeasonType=Regular+Season&TeamId=1611661321,200,317,09:20,"Okonkwo 5' Driving Layup (2 PTS)
",1,1,0,0,2025-09-01,1022500259,0,0,MIN,1,0,0,09:40,Off Corner 3 Miss,0,"[{""description"": ""Okonkwo 5' Driving Layup (2 PTS)"", ""url"": """"}]",False,possessions,4Q/OT | margin -3..3 | 300..120,team
wnba,wnba_shot_pace,shot_pace,possessions,get-possessions,2025,Regular Season,team,"{'OffDef': 'Offense', 'Season': '2025', 'SeasonType': 'Regular Season', 'TeamId': '1611661321'}",shot_pace,1611661321,4Q/OT | margin -3..3 | 300..120,get-possessions__possessions__off_def-Offense__season-2025__season_type-Regular_Season__team_id-1611661321__534a4266,get-possessions,https://api.pbpstats.com/get-possessions/wnba?OffDef=Offense&Season=2025&SeasonType=Regular+Season&TeamId=1611661321,200,318,00:01,"MISS Miller 14' Step Back Jump Shot
Walker-Kimbrough REBOUND (Off:0 Def:1)
",1,0,0,0,2025-08-29,1022500250,0,0,ATL,4,0,-22,00:20,Off Corner 3 Make,0,"[{""description"": ""MISS Miller 14' Step Back Jump Shot"", ""url"": """"}, {""description"": ""Walker-Kimbrough REBOUND (Off:0 Def:1)"", ""url"": """"}]",False,possessions,4Q/OT | margin -3..3 | 300..120,team
wnba,wnba_shot_pace,shot_pace,possessions,get-possessions,2025,Regular Season,team,"{'OffDef': 'Offense', 'Season': '2025', 'SeasonType': 'Regular Season', 'TeamId': '1611661321'}",shot_pace,1611661321,4Q/OT | margin -3..3 | 300..120,get-possessions__possessions__off_def-Offense__season-2025__season_type-Regular_Season__team_id-1611661321__534a4266,get-possessions,https://api.pbpstats.com/get-possessions/wnba?OffDef=Offense&Season=2025&SeasonType=Regular+Season&TeamId=1611661321,200,319,00:39,"MISS Miller 25' 3PT Pullup Jump Shot
Paopao REBOUND (Off:2 Def:4)
",0,0,1,0,2025-08-29,1022500250,0,0,ATL,4,0,-19,00:50,Off Arc 3 Make,0,"[{""description"": ""MISS Miller 25' 3PT Pullup Jump Shot"", ""url"": """"}, {""description"": ""Paopao REBOUND (Off:2 Def:4)"", ""url"": """"}]",False,possessions,4Q/OT | margin -3..3 | 300..120,team
wnba,wnba_shot_pace,shot_pace,possessions,get-possessions,2025,Regular Season,team,"{'OffDef': 'Offense', 'Season': '2025', 'SeasonType': 'Regular Season', 'TeamId': '1611661321'}",shot_pace,1611661321,4Q/OT | margin -3..3 | 300..120,get-possessions__possessions__off_def-Offense__season-2025__season_type-Regular_Season__team_id-1611661321__534a4266,get-possessions,https://api.pbpstats.com/get-possessions/wnba?OffDef=Offense&Season=2025&SeasonType=Regular+Season&TeamId=1611661321,200,320,01:07,"Miller 3' Driving Reverse Layup (6 PTS)
",1,1,0,0,2025-08-29,1022500250,0,0,ATL,4,0,-18,01:15,Off Arc 3 Miss,0,"[{""description"": ""Miller 3' Driving Reverse Layup (6 PTS)"", ""url"": """"}]",False,possessions,4Q/OT | margin -3..3 | 300..120,team
wnba,wnba_shot_pace,shot_pace,possessions,get-possessions,2025,Regular Season,team,"{'OffDef': 'Offense', 'Season': '2025', 'SeasonType': 'Regular Season', 'TeamId': '1611661321'}",shot_pace,1611661321,4Q/OT | margin -3..3 | 300..120,get-possessions__possessions__off_def-Offense__season-2025__season_type-Regular_Season__team_id-1611661321__534a4266,get-possessions,https://api.pbpstats.com/get-possessions/wnba?OffDef=Offense&Season=2025&SeasonType=Regular+Season&TeamId=1611661321,200,321,01:30,"MISS Williams 3' Driving Layup
DREAM Rebound
",1,0,0,0,2025-08-29,1022500250,0,0,ATL,4,0,-18,01:44,Off FT Make,0,"[{""description"": ""MISS Williams 3' Driving Layup"", ""url"": """"}, {""description"": ""DREAM Rebound"", ""url"": """"}]",False,possessions,4Q/OT | margin -3..3 | 300..120,team
wnba,wnba_shot_pace,shot_pace,possessions,get-possessions,2025,Regular Season,team,"{'OffDef': 'Offense', 'Season': '2025', 'SeasonType': 'Regular Season', 'TeamId': '1611661321'}",shot_pace,1611661321,4Q/OT | margin -3..3 | 300..120,get-possessions__possessions__off_def-Offense__season-2025__season_type-Regular_Season__team_id-1611661321__534a4266,get-possessions,https://api.pbpstats.com/get-possessions/wnba?OffDef=Offense&Season=2025&SeasonType=Regular+Season&TeamId=1611661321,200,322,01:58,"MISS Williams 24' 3PT Jump Shot
Hillmon REBOUND (Off:0 Def:5)
",0,0,1,0,2025-08-29,1022500250,0,0,ATL,4,0,-16,02:20,Off At Rim Make,0,"[{""description"": ""MISS Williams 24' 3PT Jump Shot"", ""url"": """"}, {""description"": ""Hillmon REBOUND (Off:0 Def:5)"", ""url"": """"}]",False,possessions,4Q/OT | margin -3..3 | 300..120,team
wnba,wnba_shot_pace,shot_pace,possessions,get-possessions,2025,Regular Season,team,"{'OffDef': 'Offense', 'Season': '2025', 'SeasonType': 'Regular Season', 'TeamId': '1611661321'}",shot_pace,1611661321,4Q/OT | margin -3..3 | 300..120,get-possessions__possessions__off_def-Offense__season-2025__season_type-Regular_Season__team_id-1611661321__534a4266,get-possessions,https://api.pbpstats.com/get-possessions/wnba?OffDef=Offense&Season=2025&SeasonType=Regular+Season&TeamId=1611661321,200,323,02:33,"MISS Hines-Allen 24' 3PT Jump Shot
Siegrist REBOUND (Off:2 Def:3)
Jones BLOCK (2 BLK): MISS Siegrist 3' Reverse Layup
DREAM Rebound
",1,0,1,0,2025-08-29,1022500250,0,1,ATL,4,0,-14,02:53,Off At Rim Make,0,"[{""description"": ""MISS Hines-Allen 24' 3PT Jump Shot"", ""url"": """"}, {""description"": ""Siegrist REBOUND (Off:2 Def:3)"", ""url"": """"}, {""description"": ""Jones BLOCK (2 BLK): MISS Siegrist 3' Reverse Layup"", ""url"": """"}, {""description"": ""DREAM Rebound"", ""url"": """"}]",False,possessions,4Q/OT | margin -3..3 | 300..120,team
wnba,wnba_shot_pace,shot_pace,possessions,get-possessions,2025,Regular Season,team,"{'OffDef': 'Offense', 'Season': '2025', 'SeasonType': 'Regular Season', 'TeamId': '1611661321'}",shot_pace,1611661321,4Q/OT | margin -3..3 | 300..120,get-possessions__possessions__off_def-Offense__season-2025__season_type-Regular_Season__team_id-1611661321__534a4266,get-possessions,https://api.pbpstats.com/get-possessions/wnba?OffDef=Offense&Season=2025&SeasonType=Regular+Season&TeamId=1611661321,200,324,03:10,"Berger 1' Running Layup (8 PTS)
Caldwell S.FOUL (P2.T3)
Berger Free Throw 1 of 1 (9 PTS)
",1,1,0,0,2025-08-29,1022500250,0,0,ATL,4,1,-15,03:14,Off Arc 3 Miss,0,"[{""description"": ""Berger 1' Running Layup (8 PTS)"", ""url"": """"}, {""description"": ""Caldwell S.FOUL (P2.T3)"", ""url"": """"}, {""description"": ""Berger Free Throw 1 of 1 (9 PTS)"", ""url"": """"}]",False,possessions,4Q/OT | margin -3..3 | 300..120,team
wnba,wnba_shot_pace,shot_pace,possessions,get-possessions,2025,Regular Season,team,"{'OffDef': 'Offense', 'Season': '2025', 'SeasonType': 'Regular Season', 'TeamId': '1611661321'}",shot_pace,1611661321,4Q/OT | margin -3..3 | 300..120,get-possessions__possessions__off_def-Offense__season-2025__season_type-Regular_Season__team_id-1611661321__534a4266,get-possessions,https://api.pbpstats.com/get-possessions/wnba?OffDef=Offense&Season=2025&SeasonType=Regular+Season&TeamId=1611661321,200,325,03:38,"MISS Bueckers 24' 3PT Step Back Jump Shot
Siegrist REBOUND (Off:1 Def:3)
Bueckers OFF.Foul (P1)
Bueckers Offensive Foul Turnover (P4.T12)
",0,0,1,0,2025-08-29,1022500250,0,1,ATL,4,0,-15,04:01,Off FT Make,1,"[{""description"": ""MISS Bueckers 24' 3PT Step Back Jump Shot"", ""url"": """"}, {""description"": ""Siegrist REBOUND (Off:1 Def:3)"", ""url"": """"}, {""description"": ""Bueckers OFF.Foul (P1)"", ""url"": """"}, {""description"": ""Bueckers Offensive Foul Turnover (P4.T12)"", ""url"": """"}]",False,possessions,4Q/OT | margin -3..3 | 300..120,team
wnba,wnba_shot_pace,shot_pace,possessions,get-possessions,2025,Regular Season,team,"{'OffDef': 'Offense', 'Season': '2025', 'SeasonType': 'Regular Season', 'TeamId': '1611661321'}",shot_pace,1611661321,4Q/OT | margin -3..3 | 300..120,get-possessions__possessions__off_def-Offense__season-2025__season_type-Regular_Season__team_id-1611661321__534a4266,get-possessions,https://api.pbpstats.com/get-possessions/wnba?OffDef=Offense&Season=2025&SeasonType=Regular+Season&TeamId=1611661321,200,326,04:24,"Bueckers 1' Cutting Layup Shot (16 PTS) (Okonkwo 1 AST)
",1,1,0,0,2025-08-29,1022500250,0,0,ATL,4,0,-15,04:44,Off Timeout,0,"[{""description"": ""Bueckers 1' Cutting Layup Shot (16 PTS) (Okonkwo 1 AST)"", ""url"": """"}]",False,possessions,4Q/OT | margin -3..3 | 300..120,team
wnba,wnba_shot_pace,shot_pace,possessions,get-possessions,2025,Regular Season,team,"{'OffDef': 'Offense', 'Season': '2025', 'SeasonType': 'Regular Season', 'TeamId': '1611661321'}",shot_pace,1611661321,4Q/OT | margin -3..3 | 300..120,get-possessions__possessions__off_def-Offense__season-2025__season_type-Regular_Season__team_id-1611661321__534a4266,get-possessions,https://api.pbpstats.com/get-possessions/wnba?OffDef=Offense&Season=2025&SeasonType=Regular+Season&TeamId=1611661321,200,327,04:49,"MISS Hines-Allen 7' Turnaround Fadeaway Shot
Howard REBOUND (Off:0 Def:4)
",1,0,0,0,2025-08-29,1022500250,0,0,ATL,4,0,-13,05:05,Off Short Mid-Range Make,0,"[{""description"": ""MISS Hines-Allen 7' Turnaround Fadeaway Shot"", ""url"": """"}, {""description"": ""Howard REBOUND (Off:0 Def:4)"", ""url"": """"}]",False,possessions,4Q/OT | margin -3..3 | 300..120,team
wnba,wnba_shot_pace,shot_pace,possessions,get-possessions,2025,Regular Season,team,"{'OffDef': 'Offense', 'Season': '2025', 'SeasonType': 'Regular Season', 'TeamId': '1611661321'}",shot_pace,1611661321,4Q/OT | margin -3..3 | 300..120,get-possessions__possessions__off_def-Offense__season-2025__season_type-Regular_Season__team_id-1611661321__534a4266,get-possessions,https://api.pbpstats.com/get-possessions/wnba?OffDef=Offense&Season=2025&SeasonType=Regular+Season&TeamId=1611661321,200,328,05:16,"MISS Siegrist 12' Turnaround Jump Shot
Gray REBOUND (Off:1 Def:3)
",1,0,0,0,2025-08-29,1022500250,0,0,ATL,4,0,-11,05:40,Off Steal,0,"[{""description"": ""MISS Siegrist 12' Turnaround Jump Shot"", ""url"": """"}, {""description"": ""Gray REBOUND (Off:1 Def:3)"", ""url"": """"}]",False,possessions,4Q/OT | margin -3..3 | 300..120,team
wnba,wnba_shot_pace,shot_pace,possessions,get-possessions,2025,Regular Season,team,"{'OffDef': 'Offense', 'Season': '2025', 'SeasonType': 'Regular Season', 'TeamId': '1611661321'}",shot_pace,1611661321,4Q/OT | margin -3..3 | 300..120,get-possessions__possessions__off_def-Offense__season-2025__season_type-Regular_Season__team_id-1611661321__534a4266,get-possessions,https://api.pbpstats.com/get-possessions/wnba?OffDef=Offense&Season=2025&SeasonType=Regular+Season&TeamId=1611661321,200,329,05:50,"MISS Hines-Allen 22' Jump Shot
Wings Rebound
Jones P.FOUL (P3.T2)
Howard BLOCK (6 BLK): MISS Bueckers 5' Driving Layup
Wings Rebound
Bueckers 1' Cutting Layup Shot (14 PTS) (Williams 1 AST)
",3,1,0,0,2025-08-29,1022500250,0,2,ATL,4,0,-13,06:26,Off Steal,0,"[{""description"": ""MISS Hines-Allen 22' Jump Shot"", ""url"": """"}, {""description"": ""Wings Rebound"", ""url"": """"}, {""description"": ""Jones P.FOUL (P3.T2)"", ""url"": """"}, {""description"": ""Howard BLOCK (6 BLK): MISS Bueckers 5' Driving Layup"", ""url"": """"}, {""description"": ""Wings Rebound"", ""url"": """"}, {""description"": ""Bueckers 1' Cutting Layup Shot (14 PTS) (Williams 1 AST)"", ""url"": """"}]",False,possessions,4Q/OT | margin -3..3 | 300..120,team
wnba,wnba_shot_pace,shot_pace,possessions,get-possessions,2025,Regular Season,team,"{'OffDef': 'Offense', 'Season': '2025', 'SeasonType': 'Regular Season', 'TeamId': '1611661321'}",shot_pace,1611661321,4Q/OT | margin -3..3 | 300..120,get-possessions__possessions__off_def-Offense__season-2025__season_type-Regular_Season__team_id-1611661321__534a4266,get-possessions,https://api.pbpstats.com/get-possessions/wnba?OffDef=Offense&Season=2025&SeasonType=Regular+Season&TeamId=1611661321,200,330,06:47,"Howard P.FOUL (P2.T1)
Hines-Allen OFF.Foul (P3)
Hines-Allen Offensive Foul Turnover (P2.T11)
",0,0,0,0,2025-08-29,1022500250,0,0,ATL,4,0,-13,07:03,Off FT Make,1,"[{""description"": ""Howard P.FOUL (P2.T1)"", ""url"": """"}, {""description"": ""Hines-Allen OFF.Foul (P3)"", ""url"": """"}, {""description"": ""Hines-Allen Offensive Foul Turnover (P2.T11)"", ""url"": """"}]",False,possessions,4Q/OT | margin -3..3 | 300..120,team
wnba,wnba_shot_pace,shot_pace,possessions,get-possessions,2025,Regular Season,team,"{'OffDef': 'Offense', 'Season': '2025', 'SeasonType': 'Regular Season', 'TeamId': '1611661321'}",shot_pace,1611661321,4Q/OT | margin -3..3 | 300..120,get-possessions__possessions__off_def-Offense__season-2025__season_type-Regular_Season__team_id-1611661321__534a4266,get-possessions,https://api.pbpstats.com/get-possessions/wnba?OffDef=Offense&Season=2025&SeasonType=Regular+Season&TeamId=1611661321,200,331,07:17,"Williams 16' Step Back Jump Shot (2 PTS) (Berger 5 AST)
",1,1,0,0,2025-08-29,1022500250,0,0,ATL,4,0,-14,07:31,Off At Rim Make,0,"[{""description"": ""Williams 16' Step Back Jump Shot (2 PTS) (Berger 5 AST)"", ""url"": """"}]",False,possessions,4Q/OT | margin -3..3 | 300..120,team
wnba,wnba_shot_pace,shot_pace,possessions,get-possessions,2025,Regular Season,team,"{'OffDef': 'Offense', 'Season': '2025', 'SeasonType': 'Regular Season', 'TeamId': '1611661321'}",shot_pace,1611661321,4Q/OT | margin -3..3 | 300..120,get-possessions__possessions__off_def-Offense__season-2025__season_type-Regular_Season__team_id-1611661321__534a4266,get-possessions,https://api.pbpstats.com/get-possessions/wnba?OffDef=Offense&Season=2025&SeasonType=Regular+Season&TeamId=1611661321,200,332,07:42,"MISS Bueckers 1' Cutting Layup Shot
Gray REBOUND (Off:1 Def:2)
",1,0,0,0,2025-08-29,1022500250,0,0,ATL,4,0,-12,08:07,Off Timeout,0,"[{""description"": ""MISS Bueckers 1' Cutting Layup Shot"", ""url"": """"}, {""description"": ""Gray REBOUND (Off:1 Def:2)"", ""url"": """"}]",False,possessions,4Q/OT | margin -3..3 | 300..120,team
wnba,wnba_shot_pace,shot_pace,possessions,get-possessions,2025,Regular Season,team,"{'OffDef': 'Offense', 'Season': '2025', 'SeasonType': 'Regular Season', 'TeamId': '1611661321'}",shot_pace,1611661321,4Q/OT | margin -3..3 | 300..120,get-possessions__possessions__off_def-Offense__season-2025__season_type-Regular_Season__team_id-1611661321__534a4266,get-possessions,https://api.pbpstats.com/get-possessions/wnba?OffDef=Offense&Season=2025&SeasonType=Regular+Season&TeamId=1611661321,200,333,08:12,"Howard BLOCK (5 BLK): MISS Berger 2' Driving Layup
Wings Rebound
MISS Okonkwo 5' Driving Layup
Howard REBOUND (Off:0 Def:3)
",2,0,0,0,2025-08-29,1022500250,0,1,ATL,4,0,-9,08:31,Off Arc 3 Miss,0,"[{""description"": ""Howard BLOCK (5 BLK): MISS Berger 2' Driving Layup"", ""url"": """"}, {""description"": ""Wings Rebound"", ""url"": """"}, {""description"": ""MISS Okonkwo 5' Driving Layup"", ""url"": """"}, {""description"": ""Howard REBOUND (Off:0 Def:3)"", ""url"": """"}]",False,possessions,4Q/OT | margin -3..3 | 300..120,team
wnba,wnba_shot_pace,shot_pace,possessions,get-possessions,2025,Regular Season,team,"{'OffDef': 'Offense', 'Season': '2025', 'SeasonType': 'Regular Season', 'TeamId': '1611661321'}",shot_pace,1611661321,4Q/OT | margin -3..3 | 300..120,get-possessions__possessions__off_def-Offense__season-2025__season_type-Regular_Season__team_id-1611661321__534a4266,get-possessions,https://api.pbpstats.com/get-possessions/wnba?OffDef=Offense&Season=2025&SeasonType=Regular+Season&TeamId=1611661321,200,334,08:51,"MISS Hines-Allen 24' 3PT Jump Shot
Coffey REBOUND (Off:0 Def:3)
",0,0,1,0,2025-08-29,1022500250,0,0,ATL,4,0,-9,09:09,Off Arc 3 Make,0,"[{""description"": ""MISS Hines-Allen 24' 3PT Jump Shot"", ""url"": """"}, {""description"": ""Coffey REBOUND (Off:0 Def:3)"", ""url"": """"}]",False,possessions,4Q/OT | margin -3..3 | 300..120,team
wnba,wnba_shot_pace,shot_pace,possessions,get-possessions,2025,Regular Season,team,"{'OffDef': 'Offense', 'Season': '2025', 'SeasonType': 'Regular Season', 'TeamId': '1611661321'}",shot_pace,1611661321,4Q/OT | margin -3..3 | 300..120,get-possessions__possessions__off_def-Offense__season-2025__season_type-Regular_Season__team_id-1611661321__534a4266,get-possessions,https://api.pbpstats.com/get-possessions/wnba?OffDef=Offense&Season=2025&SeasonType=Regular+Season&TeamId=1611661321,200,335,09:24,"MISS Hines-Allen 24' 3PT Jump Shot
DREAM Rebound
",0,0,1,0,2025-08-29,1022500250,0,0,ATL,4,0,-6,09:47,Off At Rim Make,0,"[{""description"": ""MISS Hines-Allen 24' 3PT Jump Shot"", ""url"": """"}, {""description"": ""DREAM Rebound"", ""url"": """"}]",False,possessions,4Q/OT | margin -3..3 | 300..120,team
wnba,wnba_shot_pace,shot_pace,possessions,get-possessions,2025,Regular Season,team,"{'OffDef': 'Offense', 'Season': '2025', 'SeasonType': 'Regular Season', 'TeamId': '1611661321'}",shot_pace,1611661321,4Q/OT | margin -3..3 | 300..120,get-possessions__possessions__off_def-Offense__season-2025__season_type-Regular_Season__team_id-1611661321__534a4266,get-possessions,https://api.pbpstats.com/get-possessions/wnba?OffDef=Offense&Season=2025&SeasonType=Regular+Season&TeamId=1611661321,200,336,00:04,"Siegrist 26' 3PT Jump Shot (23 PTS) (Berger 4 AST)
",0,0,1,1,2025-08-29,1022500250,0,0,ATL,3,0,-7,00:22,Off Steal,0,"[{""description"": ""Siegrist 26' 3PT Jump Shot (23 PTS) (Berger 4 AST)"", ""url"": """"}]",False,possessions,4Q/OT | margin -3..3 | 300..120,team
wnba,wnba_shot_pace,shot_pace,possessions,get-possessions,2025,Regular Season,team,"{'OffDef': 'Offense', 'Season': '2025', 'SeasonType': 'Regular Season', 'TeamId': '1611661321'}",shot_pace,1611661321,4Q/OT | margin -3..3 | 300..120,get-possessions__possessions__off_def-Offense__season-2025__season_type-Regular_Season__team_id-1611661321__534a4266,get-possessions,https://api.pbpstats.com/get-possessions/wnba?OffDef=Offense&Season=2025&SeasonType=Regular+Season&TeamId=1611661321,200,337,00:43,"Caldwell STEAL (1 STL): Hines-Allen Bad Pass Turnover (P1.T10)
",0,0,0,0,2025-08-29,1022500250,0,0,ATL,3,0,-7,00:58,Off Dead Ball,1,"[{""description"": ""Caldwell STEAL (1 STL): Hines-Allen Bad Pass Turnover (P1.T10)"", ""url"": """"}]",False,possessions,4Q/OT | margin -3..3 | 300..120,team
wnba,wnba_shot_pace,shot_pace,possessions,get-possessions,2025,Regular Season,team,"{'OffDef': 'Offense', 'Season': '2025', 'SeasonType': 'Regular Season', 'TeamId': '1611661321'}",shot_pace,1611661321,4Q/OT | margin -3..3 | 300..120,get-possessions__possessions__off_def-Offense__season-2025__season_type-Regular_Season__team_id-1611661321__534a4266,get-possessions,https://api.pbpstats.com/get-possessions/wnba?OffDef=Offense&Season=2025&SeasonType=Regular+Season&TeamId=1611661321,200,338,01:11,"Hines-Allen 1' Driving Layup (11 PTS) (Bueckers 10 AST)
",1,1,0,0,2025-08-29,1022500250,0,0,ATL,3,0,-9,01:23,Off At Rim Make,0,"[{""description"": ""Hines-Allen 1' Driving Layup (11 PTS) (Bueckers 10 AST)"", ""url"": """"}]",False,possessions,4Q/OT | margin -3..3 | 300..120,team
wnba,wnba_shot_pace,shot_pace,possessions,get-possessions,2025,Regular Season,team,"{'OffDef': 'Offense', 'Season': '2025', 'SeasonType': 'Regular Season', 'TeamId': '1611661321'}",shot_pace,1611661321,4Q/OT | margin -3..3 | 300..120,get-possessions__possessions__off_def-Offense__season-2025__season_type-Regular_Season__team_id-1611661321__534a4266,get-possessions,https://api.pbpstats.com/get-possessions/wnba?OffDef=Offense&Season=2025&SeasonType=Regular+Season&TeamId=1611661321,200,339,01:41,"Hines-Allen 25' 3PT Jump Shot (9 PTS) (Bueckers 9 AST)
",0,0,1,1,2025-08-29,1022500250,0,0,ATL,3,0,-10,01:56,Off Short Mid-Range Make,0,"[{""description"": ""Hines-Allen 25' 3PT Jump Shot (9 PTS) (Bueckers 9 AST)"", ""url"": """"}]",False,possessions,4Q/OT | margin -3..3 | 300..120,team
wnba,wnba_shot_pace,shot_pace,possessions,get-possessions,2025,Regular Season,team,"{'OffDef': 'Offense', 'Season': '2025', 'SeasonType': 'Regular Season', 'TeamId': '1611661321'}",shot_pace,1611661321,4Q/OT | margin -3..3 | 300..120,get-possessions__possessions__off_def-Offense__season-2025__season_type-Regular_Season__team_id-1611661321__534a4266,get-possessions,https://api.pbpstats.com/get-possessions/wnba?OffDef=Offense&Season=2025&SeasonType=Regular+Season&TeamId=1611661321,200,340,02:27,"MISS Okonkwo 24' 3PT Jump Shot
Caldwell REBOUND (Off:1 Def:1)
",0,0,1,0,2025-08-29,1022500250,0,0,ATL,3,0,-8,02:58,Off At Rim Make,0,"[{""description"": ""MISS Okonkwo 24' 3PT Jump Shot"", ""url"": """"}, {""description"": ""Caldwell REBOUND (Off:1 Def:1)"", ""url"": """"}]",False,possessions,4Q/OT | margin -3..3 | 300..120,team
wnba,wnba_shot_pace,shot_pace,possessions,get-possessions,2025,Regular Season,team,"{'OffDef': 'Offense', 'Season': '2025', 'SeasonType': 'Regular Season', 'TeamId': '1611661321'}",shot_pace,1611661321,4Q/OT | margin -3..3 | 300..120,get-possessions__possessions__off_def-Offense__season-2025__season_type-Regular_Season__team_id-1611661321__534a4266,get-possessions,https://api.pbpstats.com/get-possessions/wnba?OffDef=Offense&Season=2025&SeasonType=Regular+Season&TeamId=1611661321,200,341,03:21,"Hillmon S.FOUL (P1.T4)
Okonkwo Free Throw 1 of 2 (10 PTS)
Okonkwo Free Throw 2 of 2 (11 PTS)
",0,0,0,0,2025-08-29,1022500250,0,0,ATL,3,1,-8,03:35,Off Corner 3 Make,0,"[{""description"": ""Hillmon S.FOUL (P1.T4)"", ""url"": """"}, {""description"": ""Okonkwo Free Throw 1 of 2 (10 PTS)"", ""url"": """"}, {""description"": ""Okonkwo Free Throw 2 of 2 (11 PTS)"", ""url"": """"}]",False,possessions,4Q/OT | margin -3..3 | 300..120,team
wnba,wnba_shot_pace,shot_pace,possessions,get-possessions,2025,Regular Season,team,"{'OffDef': 'Offense', 'Season': '2025', 'SeasonType': 'Regular Season', 'TeamId': '1611661321'}",shot_pace,1611661321,4Q/OT | margin -3..3 | 300..120,get-possessions__possessions__off_def-Offense__season-2025__season_type-Regular_Season__team_id-1611661321__534a4266,get-possessions,https://api.pbpstats.com/get-possessions/wnba?OffDef=Offense&Season=2025&SeasonType=Regular+Season&TeamId=1611661321,200,342,03:48,"Okonkwo OFF.Foul (P2)
Okonkwo Offensive Foul Turnover (P1.T9)
",0,0,0,0,2025-08-29,1022500250,0,0,ATL,3,0,-5,04:03,Off At Rim Make,1,"[{""description"": ""Okonkwo OFF.Foul (P2)"", ""url"": """"}, {""description"": ""Okonkwo Offensive Foul Turnover (P1.T9)"", ""url"": """"}]",False,possessions,4Q/OT | margin -3..3 | 300..120,team
wnba,wnba_shot_pace,shot_pace,possessions,get-possessions,2025,Regular Season,team,"{'OffDef': 'Offense', 'Season': '2025', 'SeasonType': 'Regular Season', 'TeamId': '1611661321'}",shot_pace,1611661321,4Q/OT | margin -3..3 | 300..120,get-possessions__possessions__off_def-Offense__season-2025__season_type-Regular_Season__team_id-1611661321__534a4266,get-possessions,https://api.pbpstats.com/get-possessions/wnba?OffDef=Offense&Season=2025&SeasonType=Regular+Season&TeamId=1611661321,200,343,04:28,"MISS Bueckers 16' Pullup Jump Shot
Okonkwo REBOUND (Off:2 Def:3)
MISS Siegrist 2' Driving Layup
Wings Rebound
Okonkwo 24' 3PT Pullup Jump Shot (9 PTS) (Bueckers 8 AST)
",2,0,1,1,2025-08-29,1022500250,0,2,ATL,3,0,-6,04:57,Off FT Make,0,"[{""description"": ""MISS Bueckers 16' Pullup Jump Shot"", ""url"": """"}, {""description"": ""Okonkwo REBOUND (Off:2 Def:3)"", ""url"": """"}, {""description"": ""MISS Siegrist 2' Driving Layup"", ""url"": """"}, {""description"": ""Wings Rebound"", ""url"": """"}, {""description"": ""Okonkwo 24' 3PT Pullup Jump Shot (9 PTS) (Bueckers 8 AST)"", ""url"": """"}]",False,possessions,4Q/OT | margin -3..3 | 300..120,team
wnba,wnba_shot_pace,shot_pace,possessions,get-possessions,2025,Regular Season,team,"{'OffDef': 'Offense', 'Season': '2025', 'SeasonType': 'Regular Season', 'TeamId': '1611661321'}",shot_pace,1611661321,4Q/OT | margin -3..3 | 300..120,get-possessions__possessions__off_def-Offense__season-2025__season_type-Regular_Season__team_id-1611661321__534a4266,get-possessions,https://api.pbpstats.com/get-possessions/wnba?OffDef=Offense&Season=2025&SeasonType=Regular+Season&TeamId=1611661321,200,344,05:09,"Howard BLOCK (4 BLK): MISS Siegrist 3' Running Layup
Wings Rebound
Bueckers 17' Pullup Jump Shot (12 PTS)
",2,1,0,0,2025-08-29,1022500250,0,1,ATL,3,0,-6,05:21,Off Arc 3 Miss,0,"[{""description"": ""Howard BLOCK (4 BLK): MISS Siegrist 3' Running Layup"", ""url"": """"}, {""description"": ""Wings Rebound"", ""url"": """"}, {""description"": ""Bueckers 17' Pullup Jump Shot (12 PTS)"", ""url"": """"}]",False,possessions,4Q/OT | margin -3..3 | 300..120,team
wnba,wnba_shot_pace,shot_pace,possessions,get-possessions,2025,Regular Season,team,"{'OffDef': 'Offense', 'Season': '2025', 'SeasonType': 'Regular Season', 'TeamId': '1611661321'}",shot_pace,1611661321,4Q/OT | margin -3..3 | 300..120,get-possessions__possessions__off_def-Offense__season-2025__season_type-Regular_Season__team_id-1611661321__534a4266,get-possessions,https://api.pbpstats.com/get-possessions/wnba?OffDef=Offense&Season=2025&SeasonType=Regular+Season&TeamId=1611661321,200,345,05:42,"Siegrist 2' Driving Layup (20 PTS) (Hines-Allen 2 AST)
",1,1,0,0,2025-08-29,1022500250,0,0,ATL,3,0,-8,05:56,Off At Rim Make,0,"[{""description"": ""Siegrist 2' Driving Layup (20 PTS) (Hines-Allen 2 AST)"", ""url"": """"}]",False,possessions,4Q/OT | margin -3..3 | 300..120,team
wnba,wnba_shot_pace,shot_pace,possessions,get-possessions,2025,Regular Season,team,"{'OffDef': 'Offense', 'Season': '2025', 'SeasonType': 'Regular Season', 'TeamId': '1611661321'}",shot_pace,1611661321,4Q/OT | margin -3..3 | 300..120,get-possessions__possessions__off_def-Offense__season-2025__season_type-Regular_Season__team_id-1611661321__534a4266,get-possessions,https://api.pbpstats.com/get-possessions/wnba?OffDef=Offense&Season=2025&SeasonType=Regular+Season&TeamId=1611661321,200,346,06:19,"Bueckers 4' Driving Floating Jump Shot (9 PTS)
Jones S.FOUL (P1.T3)
Bueckers Free Throw 1 of 1 (10 PTS)
",1,1,0,0,2025-08-29,1022500250,0,0,ATL,3,1,-9,06:39,Off At Rim Make,0,"[{""description"": ""Bueckers 4' Driving Floating Jump Shot (9 PTS)"", ""url"": """"}, {""description"": ""Jones S.FOUL (P1.T3)"", ""url"": """"}, {""description"": ""Bueckers Free Throw 1 of 1 (10 PTS)"", ""url"": """"}]",False,possessions,4Q/OT | margin -3..3 | 300..120,team
wnba,wnba_shot_pace,shot_pace,possessions,get-possessions,2025,Regular Season,team,"{'OffDef': 'Offense', 'Season': '2025', 'SeasonType': 'Regular Season', 'TeamId': '1611661321'}",shot_pace,1611661321,4Q/OT | margin -3..3 | 300..120,get-possessions__possessions__off_def-Offense__season-2025__season_type-Regular_Season__team_id-1611661321__534a4266,get-possessions,https://api.pbpstats.com/get-possessions/wnba?OffDef=Offense&Season=2025&SeasonType=Regular+Season&TeamId=1611661321,200,347,06:47,"Paopao P.FOUL (P1.T2)
Berger 3' Driving Floating Jump Shot (6 PTS) (Hines-Allen 1 AST)
",1,1,0,0,2025-08-29,1022500250,0,0,ATL,3,0,-9,07:05,Off Corner 3 Make,0,"[{""description"": ""Paopao P.FOUL (P1.T2)"", ""url"": """"}, {""description"": ""Berger 3' Driving Floating Jump Shot (6 PTS) (Hines-Allen 1 AST)"", ""url"": """"}]",False,possessions,4Q/OT | margin -3..3 | 300..120,team
wnba,wnba_shot_pace,shot_pace,possessions,get-possessions,2025,Regular Season,team,"{'OffDef': 'Offense', 'Season': '2025', 'SeasonType': 'Regular Season', 'TeamId': '1611661321'}",shot_pace,1611661321,4Q/OT | margin -3..3 | 300..120,get-possessions__possessions__off_def-Offense__season-2025__season_type-Regular_Season__team_id-1611661321__534a4266,get-possessions,https://api.pbpstats.com/get-possessions/wnba?OffDef=Offense&Season=2025&SeasonType=Regular+Season&TeamId=1611661321,200,348,07:17,"Okonkwo 4' Cutting Layup Shot (6 PTS) (Bueckers 7 AST)
",1,1,0,0,2025-08-29,1022500250,0,0,ATL,3,0,-8,07:26,Off At Rim Miss,0,"[{""description"": ""Okonkwo 4' Cutting Layup Shot (6 PTS) (Bueckers 7 AST)"", ""url"": """"}]",False,possessions,4Q/OT | margin -3..3 | 300..120,team
wnba,wnba_shot_pace,shot_pace,possessions,get-possessions,2025,Regular Season,team,"{'OffDef': 'Offense', 'Season': '2025', 'SeasonType': 'Regular Season', 'TeamId': '1611661321'}",shot_pace,1611661321,4Q/OT | margin -3..3 | 300..120,get-possessions__possessions__off_def-Offense__season-2025__season_type-Regular_Season__team_id-1611661321__534a4266,get-possessions,https://api.pbpstats.com/get-possessions/wnba?OffDef=Offense&Season=2025&SeasonType=Regular+Season&TeamId=1611661321,200,349,07:33,"Howard BLOCK (3 BLK): MISS Siegrist 3' Turnaround Hook Shot
Jones REBOUND (Off:2 Def:2)
",1,0,0,0,2025-08-29,1022500250,0,0,ATL,3,0,-8,07:48,Off At Rim Make,0,"[{""description"": ""Howard BLOCK (3 BLK): MISS Siegrist 3' Turnaround Hook Shot"", ""url"": """"}, {""description"": ""Jones REBOUND (Off:2 Def:2)"", ""url"": """"}]",False,possessions,4Q/OT | margin -3..3 | 300..120,team
wnba,wnba_shot_pace,shot_pace,possessions,get-possessions,2025,Regular Season,team,"{'OffDef': 'Offense', 'Season': '2025', 'SeasonType': 'Regular Season', 'TeamId': '1611661321'}",shot_pace,1611661321,4Q/OT | margin -3..3 | 300..120,get-possessions__possessions__off_def-Offense__season-2025__season_type-Regular_Season__team_id-1611661321__534a4266,get-possessions,https://api.pbpstats.com/get-possessions/wnba?OffDef=Offense&Season=2025&SeasonType=Regular+Season&TeamId=1611661321,200,350,08:00,"Siegrist 12' Fadeaway Jumper (18 PTS) (Berger 3 AST)
",1,1,0,0,2025-08-29,1022500250,0,0,ATL,3,0,-8,08:20,Off Dead Ball,0,"[{""description"": ""Siegrist 12' Fadeaway Jumper (18 PTS) (Berger 3 AST)"", ""url"": """"}]",False,possessions,4Q/OT | margin -3..3 | 300..120,team
wnba,wnba_shot_pace,shot_pace,possessions,get-possessions,2025,Regular Season,team,"{'OffDef': 'Offense', 'Season': '2025', 'SeasonType': 'Regular Season', 'TeamId': '1611661321'}",shot_pace,1611661321,4Q/OT | margin -3..3 | 300..120,get-possessions__possessions__off_def-Offense__season-2025__season_type-Regular_Season__team_id-1611661321__534a4266,get-possessions,https://api.pbpstats.com/get-possessions/wnba?OffDef=Offense&Season=2025&SeasonType=Regular+Season&TeamId=1611661321,200,351,08:32,"MISS Miller 12' Turnaround Fadeaway Shot
Hillmon REBOUND (Off:0 Def:4)
",1,0,0,0,2025-08-29,1022500250,0,0,ATL,3,0,-8,08:48,Off Corner 3 Miss,0,"[{""description"": ""MISS Miller 12' Turnaround Fadeaway Shot"", ""url"": """"}, {""description"": ""Hillmon REBOUND (Off:0 Def:4)"", ""url"": """"}]",False,possessions,4Q/OT | margin -3..3 | 300..120,team
wnba,wnba_shot_pace,shot_pace,possessions,get-possessions,2025,Regular Season,team,"{'OffDef': 'Offense', 'Season': '2025', 'SeasonType': 'Regular Season', 'TeamId': '1611661321'}",shot_pace,1611661321,4Q/OT | margin -3..3 | 300..120,get-possessions__possessions__off_def-Offense__season-2025__season_type-Regular_Season__team_id-1611661321__534a4266,get-possessions,https://api.pbpstats.com/get-possessions/wnba?OffDef=Offense&Season=2025&SeasonType=Regular+Season&TeamId=1611661321,200,352,09:05,"Jones BLOCK (1 BLK): MISS Hines-Allen 3' Cutting Layup Shot
Jones REBOUND (Off:1 Def:1)
",1,0,0,0,2025-08-29,1022500250,0,0,ATL,3,0,-8,09:17,Off Corner 3 Miss,0,"[{""description"": ""Jones BLOCK (1 BLK): MISS Hines-Allen 3' Cutting Layup Shot"", ""url"": """"}, {""description"": ""Jones REBOUND (Off:1 Def:1)"", ""url"": """"}]",False,possessions,4Q/OT | margin -3..3 | 300..120,team
wnba,wnba_shot_pace,shot_pace,possessions,get-possessions,2025,Regular Season,team,"{'OffDef': 'Offense', 'Season': '2025', 'SeasonType': 'Regular Season', 'TeamId': '1611661321'}",shot_pace,1611661321,4Q/OT | margin -3..3 | 300..120,get-possessions__possessions__off_def-Offense__season-2025__season_type-Regular_Season__team_id-1611661321__534a4266,get-possessions,https://api.pbpstats.com/get-possessions/wnba?OffDef=Offense&Season=2025&SeasonType=Regular+Season&TeamId=1611661321,200,353,09:41,"Howard S.FOUL (P1.T1)
Bueckers Free Throw 1 of 2 (7 PTS)
MISS Bueckers Free Throw 2 of 2
Hillmon REBOUND (Off:0 Def:3)
",0,0,0,0,2025-08-29,1022500250,0,0,ATL,3,1,-9,10:00,Off Dead Ball,0,"[{""description"": ""Howard S.FOUL (P1.T1)"", ""url"": """"}, {""description"": ""Bueckers Free Throw 1 of 2 (7 PTS)"", ""url"": """"}, {""description"": ""MISS Bueckers Free Throw 2 of 2"", ""url"": """"}, {""description"": ""Hillmon REBOUND (Off:0 Def:3)"", ""url"": """"}]",False,possessions,4Q/OT | margin -3..3 | 300..120,team
wnba,wnba_shot_pace,shot_pace,possessions,get-possessions,2025,Regular Season,team,"{'OffDef': 'Offense', 'Season': '2025', 'SeasonType': 'Regular Season', 'TeamId': '1611661321'}",shot_pace,1611661321,4Q/OT | margin -3..3 | 300..120,get-possessions__possessions__off_def-Offense__season-2025__season_type-Regular_Season__team_id-1611661321__534a4266,get-possessions,https://api.pbpstats.com/get-possessions/wnba?OffDef=Offense&Season=2025&SeasonType=Regular+Season&TeamId=1611661321,200,354,00:22,"MISS Miller 2' Cutting Layup Shot
Miller REBOUND (Off:1 Def:2)
Miller 3' Putback Layup (4 PTS)
Gray S.FOUL (P2.T2)
MISS Miller Free Throw 1 of 1
Hillmon REBOUND (Off:0 Def:2)
",2,1,0,0,2025-08-29,1022500250,0,1,ATL,2,1,-11,00:37,Off Timeout,0,"[{""description"": ""MISS Miller 2' Cutting Layup Shot"", ""url"": """"}, {""description"": ""Miller REBOUND (Off:1 Def:2)"", ""url"": """"}, {""description"": ""Miller 3' Putback Layup (4 PTS)"", ""url"": """"}, {""description"": ""Gray S.FOUL (P2.T2)"", ""url"": """"}, {""description"": ""MISS Miller Free Throw 1 of 1"", ""url"": """"}, {""description"": ""Hillmon REBOUND (Off:0 Def:2)"", ""url"": """"}]",False,possessions,4Q/OT | margin -3..3 | 300..120,team
wnba,wnba_shot_pace,shot_pace,possessions,get-possessions,2025,Regular Season,team,"{'OffDef': 'Offense', 'Season': '2025', 'SeasonType': 'Regular Season', 'TeamId': '1611661321'}",shot_pace,1611661321,4Q/OT | margin -3..3 | 300..120,get-possessions__possessions__off_def-Offense__season-2025__season_type-Regular_Season__team_id-1611661321__534a4266,get-possessions,https://api.pbpstats.com/get-possessions/wnba?OffDef=Offense&Season=2025&SeasonType=Regular+Season&TeamId=1611661321,200,355,00:48,"MISS Siegrist 19' Step Back Jump Shot
Griner REBOUND (Off:0 Def:1)
",1,0,0,0,2025-08-29,1022500250,0,0,ATL,2,0,-10,00:58,Off At Rim Miss,0,"[{""description"": ""MISS Siegrist 19' Step Back Jump Shot"", ""url"": """"}, {""description"": ""Griner REBOUND (Off:0 Def:1)"", ""url"": """"}]",False,possessions,4Q/OT | margin -3..3 | 300..120,team
wnba,wnba_shot_pace,shot_pace,possessions,get-possessions,2025,Regular Season,team,"{'OffDef': 'Offense', 'Season': '2025', 'SeasonType': 'Regular Season', 'TeamId': '1611661321'}",shot_pace,1611661321,4Q/OT | margin -3..3 | 300..120,get-possessions__possessions__off_def-Offense__season-2025__season_type-Regular_Season__team_id-1611661321__534a4266,get-possessions,https://api.pbpstats.com/get-possessions/wnba?OffDef=Offense&Season=2025&SeasonType=Regular+Season&TeamId=1611661321,200,356,01:10,"MISS Bueckers 18' Step Back Jump Shot
Gray REBOUND (Off:1 Def:1)
",1,0,0,0,2025-08-29,1022500250,0,0,ATL,2,0,-10,01:25,Off Dead Ball,0,"[{""description"": ""MISS Bueckers 18' Step Back Jump Shot"", ""url"": """"}, {""description"": ""Gray REBOUND (Off:1 Def:1)"", ""url"": """"}]",False,possessions,4Q/OT | margin -3..3 | 300..120,team
wnba,wnba_shot_pace,shot_pace,possessions,get-possessions,2025,Regular Season,team,"{'OffDef': 'Offense', 'Season': '2025', 'SeasonType': 'Regular Season', 'TeamId': '1611661321'}",shot_pace,1611661321,4Q/OT | margin -3..3 | 300..120,get-possessions__possessions__off_def-Offense__season-2025__season_type-Regular_Season__team_id-1611661321__534a4266,get-possessions,https://api.pbpstats.com/get-possessions/wnba?OffDef=Offense&Season=2025&SeasonType=Regular+Season&TeamId=1611661321,200,357,01:39,"Bueckers 20' Step Back Jump Shot (6 PTS)
",1,1,0,0,2025-08-29,1022500250,0,0,ATL,2,0,-12,01:48,Off Short Mid-Range Miss,0,"[{""description"": ""Bueckers 20' Step Back Jump Shot (6 PTS)"", ""url"": """"}]",False,possessions,4Q/OT | margin -3..3 | 300..120,team
wnba,wnba_shot_pace,shot_pace,possessions,get-possessions,2025,Regular Season,team,"{'OffDef': 'Offense', 'Season': '2025', 'SeasonType': 'Regular Season', 'TeamId': '1611661321'}",shot_pace,1611661321,4Q/OT | margin -3..3 | 300..120,get-possessions__possessions__off_def-Offense__season-2025__season_type-Regular_Season__team_id-1611661321__534a4266,get-possessions,https://api.pbpstats.com/get-possessions/wnba?OffDef=Offense&Season=2025&SeasonType=Regular+Season&TeamId=1611661321,200,358,02:01,"Coffey STEAL (1 STL): Siegrist Lost Ball Turnover (P2.T8)
",0,0,0,0,2025-08-29,1022500250,0,0,ATL,2,0,-12,02:21,Off At Rim Make,1,"[{""description"": ""Coffey STEAL (1 STL): Siegrist Lost Ball Turnover (P2.T8)"", ""url"": """"}]",False,possessions,4Q/OT | margin -3..3 | 300..120,team
wnba,wnba_shot_pace,shot_pace,possessions,get-possessions,2025,Regular Season,team,"{'OffDef': 'Offense', 'Season': '2025', 'SeasonType': 'Regular Season', 'TeamId': '1611661321'}",shot_pace,1611661321,4Q/OT | margin -3..3 | 300..120,get-possessions__possessions__off_def-Offense__season-2025__season_type-Regular_Season__team_id-1611661321__534a4266,get-possessions,https://api.pbpstats.com/get-possessions/wnba?OffDef=Offense&Season=2025&SeasonType=Regular+Season&TeamId=1611661321,200,359,02:35,"Siegrist 25' 3PT Pullup Jump Shot (16 PTS) (Berger 2 AST)
",0,0,1,1,2025-08-29,1022500250,0,0,ATL,2,0,-13,02:52,Off Arc 3 Make,0,"[{""description"": ""Siegrist 25' 3PT Pullup Jump Shot (16 PTS) (Berger 2 AST)"", ""url"": """"}]",False,possessions,4Q/OT | margin -3..3 | 300..120,team
wnba,wnba_shot_pace,shot_pace,possessions,get-possessions,2025,Regular Season,team,"{'OffDef': 'Offense', 'Season': '2025', 'SeasonType': 'Regular Season', 'TeamId': '1611661321'}",shot_pace,1611661321,4Q/OT | margin -3..3 | 300..120,get-possessions__possessions__off_def-Offense__season-2025__season_type-Regular_Season__team_id-1611661321__534a4266,get-possessions,https://api.pbpstats.com/get-possessions/wnba?OffDef=Offense&Season=2025&SeasonType=Regular+Season&TeamId=1611661321,200,360,03:09,"MISS Miller 7' Turnaround Hook Shot
Howard REBOUND (Off:0 Def:2)
",1,0,0,0,2025-08-29,1022500250,0,0,ATL,2,0,-10,03:41,Off Timeout,0,"[{""description"": ""MISS Miller 7' Turnaround Hook Shot"", ""url"": """"}, {""description"": ""Howard REBOUND (Off:0 Def:2)"", ""url"": """"}]",False,possessions,4Q/OT | margin -3..3 | 300..120,team
wnba,wnba_shot_pace,shot_pace,possessions,get-possessions,2025,Regular Season,team,"{'OffDef': 'Offense', 'Season': '2025', 'SeasonType': 'Regular Season', 'TeamId': '1611661321'}",shot_pace,1611661321,4Q/OT | margin -3..3 | 300..120,get-possessions__possessions__off_def-Offense__season-2025__season_type-Regular_Season__team_id-1611661321__534a4266,get-possessions,https://api.pbpstats.com/get-possessions/wnba?OffDef=Offense&Season=2025&SeasonType=Regular+Season&TeamId=1611661321,200,361,03:45,"MISS Hines-Allen 1' Running Layup
Paopao REBOUND (Off:1 Def:3)
",1,0,0,0,2025-08-29,1022500250,0,0,ATL,2,0,-7,03:54,Off Corner 3 Miss,0,"[{""description"": ""MISS Hines-Allen 1' Running Layup"", ""url"": """"}, {""description"": ""Paopao REBOUND (Off:1 Def:3)"", ""url"": """"}]",False,possessions,4Q/OT | margin -3..3 | 300..120,team
wnba,wnba_shot_pace,shot_pace,possessions,get-possessions,2025,Regular Season,team,"{'OffDef': 'Offense', 'Season': '2025', 'SeasonType': 'Regular Season', 'TeamId': '1611661321'}",shot_pace,1611661321,4Q/OT | margin -3..3 | 300..120,get-possessions__possessions__off_def-Offense__season-2025__season_type-Regular_Season__team_id-1611661321__534a4266,get-possessions,https://api.pbpstats.com/get-possessions/wnba?OffDef=Offense&Season=2025&SeasonType=Regular+Season&TeamId=1611661321,200,362,04:17,"Siegrist 6' Driving Floating Jump Shot (13 PTS) (Bueckers 6 AST)
",1,1,0,0,2025-08-29,1022500250,0,0,ATL,2,0,-9,04:35,Off Corner 3 Make,0,"[{""description"": ""Siegrist 6' Driving Floating Jump Shot (13 PTS) (Bueckers 6 AST)"", ""url"": """"}]",False,possessions,4Q/OT | margin -3..3 | 300..120,team
wnba,wnba_shot_pace,shot_pace,possessions,get-possessions,2025,Regular Season,team,"{'OffDef': 'Offense', 'Season': '2025', 'SeasonType': 'Regular Season', 'TeamId': '1611661321'}",shot_pace,1611661321,4Q/OT | margin -3..3 | 300..120,get-possessions__possessions__off_def-Offense__season-2025__season_type-Regular_Season__team_id-1611661321__534a4266,get-possessions,https://api.pbpstats.com/get-possessions/wnba?OffDef=Offense&Season=2025&SeasonType=Regular+Season&TeamId=1611661321,200,363,04:51,"Berger 2' Cutting Layup Shot (4 PTS) (Bueckers 5 AST)
",1,1,0,0,2025-08-29,1022500250,0,0,ATL,2,0,-8,05:08,Off At Rim Make,0,"[{""description"": ""Berger 2' Cutting Layup Shot (4 PTS) (Bueckers 5 AST)"", ""url"": """"}]",False,possessions,4Q/OT | margin -3..3 | 300..120,team
wnba,wnba_shot_pace,shot_pace,possessions,get-possessions,2025,Regular Season,team,"{'OffDef': 'Offense', 'Season': '2025', 'SeasonType': 'Regular Season', 'TeamId': '1611661321'}",shot_pace,1611661321,4Q/OT | margin -3..3 | 300..120,get-possessions__possessions__off_def-Offense__season-2025__season_type-Regular_Season__team_id-1611661321__534a4266,get-possessions,https://api.pbpstats.com/get-possessions/wnba?OffDef=Offense&Season=2025&SeasonType=Regular+Season&TeamId=1611661321,200,364,05:25,"Bueckers 5' Pullup Jump Shot (4 PTS)
",1,1,0,0,2025-08-29,1022500250,0,0,ATL,2,0,-8,05:38,Off Corner 3 Make,0,"[{""description"": ""Bueckers 5' Pullup Jump Shot (4 PTS)"", ""url"": """"}]",False,possessions,4Q/OT | margin -3..3 | 300..120,team
wnba,wnba_shot_pace,shot_pace,possessions,get-possessions,2025,Regular Season,team,"{'OffDef': 'Offense', 'Season': '2025', 'SeasonType': 'Regular Season', 'TeamId': '1611661321'}",shot_pace,1611661321,4Q/OT | margin -3..3 | 300..120,get-possessions__possessions__off_def-Offense__season-2025__season_type-Regular_Season__team_id-1611661321__534a4266,get-possessions,https://api.pbpstats.com/get-possessions/wnba?OffDef=Offense&Season=2025&SeasonType=Regular+Season&TeamId=1611661321,200,365,06:00,"MISS Okonkwo 24' 3PT Jump Shot
DREAM Rebound
",0,0,1,0,2025-08-29,1022500250,0,0,ATL,2,0,-5,06:16,Off Short Mid-Range Make,0,"[{""description"": ""MISS Okonkwo 24' 3PT Jump Shot"", ""url"": """"}, {""description"": ""DREAM Rebound"", ""url"": """"}]",False,possessions,4Q/OT | margin -3..3 | 300..120,team
wnba,wnba_shot_pace,shot_pace,possessions,get-possessions,2025,Regular Season,team,"{'OffDef': 'Offense', 'Season': '2025', 'SeasonType': 'Regular Season', 'TeamId': '1611661321'}",shot_pace,1611661321,4Q/OT | margin -3..3 | 300..120,get-possessions__possessions__off_def-Offense__season-2025__season_type-Regular_Season__team_id-1611661321__534a4266,get-possessions,https://api.pbpstats.com/get-possessions/wnba?OffDef=Offense&Season=2025&SeasonType=Regular+Season&TeamId=1611661321,200,366,06:23,"Howard STEAL (1 STL): Bueckers Bad Pass Turnover (P3.T7)
",0,0,0,0,2025-08-29,1022500250,0,0,ATL,2,0,-3,06:35,Off Arc 3 Make,1,"[{""description"": ""Howard STEAL (1 STL): Bueckers Bad Pass Turnover (P3.T7)"", ""url"": """"}]",False,possessions,4Q/OT | margin -3..3 | 300..120,team
wnba,wnba_shot_pace,shot_pace,possessions,get-possessions,2025,Regular Season,team,"{'OffDef': 'Offense', 'Season': '2025', 'SeasonType': 'Regular Season', 'TeamId': '1611661321'}",shot_pace,1611661321,4Q/OT | margin -3..3 | 300..120,get-possessions__possessions__off_def-Offense__season-2025__season_type-Regular_Season__team_id-1611661321__534a4266,get-possessions,https://api.pbpstats.com/get-possessions/wnba?OffDef=Offense&Season=2025&SeasonType=Regular+Season&TeamId=1611661321,200,367,06:54,"Paopao STEAL (2 STL): Bueckers Lost Ball Turnover (P2.T6)
",0,0,0,0,2025-08-29,1022500250,0,0,ATL,2,0,0,07:10,Off Timeout,1,"[{""description"": ""Paopao STEAL (2 STL): Bueckers Lost Ball Turnover (P2.T6)"", ""url"": """"}]",False,possessions,4Q/OT | margin -3..3 | 300..120,team
wnba,wnba_shot_pace,shot_pace,possessions,get-possessions,2025,Regular Season,team,"{'OffDef': 'Offense', 'Season': '2025', 'SeasonType': 'Regular Season', 'TeamId': '1611661321'}",shot_pace,1611661321,4Q/OT | margin -3..3 | 300..120,get-possessions__possessions__off_def-Offense__season-2025__season_type-Regular_Season__team_id-1611661321__534a4266,get-possessions,https://api.pbpstats.com/get-possessions/wnba?OffDef=Offense&Season=2025&SeasonType=Regular+Season&TeamId=1611661321,200,368,07:13,"Paopao STEAL (1 STL): Bueckers Bad Pass Turnover (P1.T5)
",0,0,0,0,2025-08-29,1022500250,0,0,ATL,2,0,2,07:17,Off Arc 3 Miss,1,"[{""description"": ""Paopao STEAL (1 STL): Bueckers Bad Pass Turnover (P1.T5)"", ""url"": """"}]",False,possessions,4Q/OT | margin -3..3 | 300..120,team
wnba,wnba_shot_pace,shot_pace,possessions,get-possessions,2025,Regular Season,team,"{'OffDef': 'Offense', 'Season': '2025', 'SeasonType': 'Regular Season', 'TeamId': '1611661321'}",shot_pace,1611661321,4Q/OT | margin -3..3 | 300..120,get-possessions__possessions__off_def-Offense__season-2025__season_type-Regular_Season__team_id-1611661321__534a4266,get-possessions,https://api.pbpstats.com/get-possessions/wnba?OffDef=Offense&Season=2025&SeasonType=Regular+Season&TeamId=1611661321,200,369,07:34,"MISS Miller 24' 3PT Pullup Jump Shot
Wings Rebound
Wings Turnover: Shot Clock (T#4)
",0,0,1,0,2025-08-29,1022500250,0,0,ATL,2,0,2,08:02,Off Arc 3 Make,1,"[{""description"": ""MISS Miller 24' 3PT Pullup Jump Shot"", ""url"": """"}, {""description"": ""Wings Rebound"", ""url"": """"}, {""description"": ""Wings Turnover: Shot Clock (T#4)"", ""url"": """"}]",False,possessions,4Q/OT | margin -3..3 | 300..120,team
wnba,wnba_shot_pace,shot_pace,possessions,get-possessions,2025,Regular Season,team,"{'OffDef': 'Offense', 'Season': '2025', 'SeasonType': 'Regular Season', 'TeamId': '1611661321'}",shot_pace,1611661321,4Q/OT | margin -3..3 | 300..120,get-possessions__possessions__off_def-Offense__season-2025__season_type-Regular_Season__team_id-1611661321__534a4266,get-possessions,https://api.pbpstats.com/get-possessions/wnba?OffDef=Offense&Season=2025&SeasonType=Regular+Season&TeamId=1611661321,200,370,08:27,"Miller 3' Running Layup (2 PTS)
",1,1,0,0,2025-08-29,1022500250,0,0,ATL,2,0,3,08:31,Off Arc 3 Miss,0,"[{""description"": ""Miller 3' Running Layup (2 PTS)"", ""url"": """"}]",False,possessions,4Q/OT | margin -3..3 | 300..120,team
wnba,wnba_shot_pace,shot_pace,possessions,get-possessions,2025,Regular Season,team,"{'OffDef': 'Offense', 'Season': '2025', 'SeasonType': 'Regular Season', 'TeamId': '1611661321'}",shot_pace,1611661321,4Q/OT | margin -3..3 | 300..120,get-possessions__possessions__off_def-Offense__season-2025__season_type-Regular_Season__team_id-1611661321__534a4266,get-possessions,https://api.pbpstats.com/get-possessions/wnba?OffDef=Offense&Season=2025&SeasonType=Regular+Season&TeamId=1611661321,200,371,08:50,"Howard BLOCK (2 BLK): MISS Hines-Allen 2' Running Reverse Layup
Wings Rebound
MISS Berger 3' Driving Layup
Okonkwo REBOUND (Off:1 Def:1)
Okonkwo 1' Tip Layup Shot (4 PTS)
",3,1,0,0,2025-08-29,1022500250,0,2,ATL,2,0,1,09:12,Off Arc 3 Miss,0,"[{""description"": ""Howard BLOCK (2 BLK): MISS Hines-Allen 2' Running Reverse Layup"", ""url"": """"}, {""description"": ""Wings Rebound"", ""url"": """"}, {""description"": ""MISS Berger 3' Driving Layup"", ""url"": """"}, {""description"": ""Okonkwo REBOUND (Off:1 Def:1)"", ""url"": """"}, {""description"": ""Okonkwo 1' Tip Layup Shot (4 PTS)"", ""url"": """"}]",False,possessions,4Q/OT | margin -3..3 | 300..120,team
wnba,wnba_shot_pace,shot_pace,possessions,get-possessions,2025,Regular Season,team,"{'OffDef': 'Offense', 'Season': '2025', 'SeasonType': 'Regular Season', 'TeamId': '1611661321'}",shot_pace,1611661321,4Q/OT | margin -3..3 | 300..120,get-possessions__possessions__off_def-Offense__season-2025__season_type-Regular_Season__team_id-1611661321__534a4266,get-possessions,https://api.pbpstats.com/get-possessions/wnba?OffDef=Offense&Season=2025&SeasonType=Regular+Season&TeamId=1611661321,200,372,09:21,"Gray P.FOUL (P1.T1)
Gray STEAL (1 STL): Siegrist Lost Ball Turnover (P1.T3)
",0,0,0,0,2025-08-29,1022500250,0,0,ATL,2,0,1,09:35,Off Arc 3 Make,1,"[{""description"": ""Gray P.FOUL (P1.T1)"", ""url"": """"}, {""description"": ""Gray STEAL (1 STL): Siegrist Lost Ball Turnover (P1.T3)"", ""url"": """"}]",False,possessions,4Q/OT | margin -3..3 | 300..120,team
wnba,wnba_shot_pace,shot_pace,possessions,get-possessions,2025,Regular Season,team,"{'OffDef': 'Offense', 'Season': '2025', 'SeasonType': 'Regular Season', 'TeamId': '1611661321'}",shot_pace,1611661321,4Q/OT | margin -3..3 | 300..120,get-possessions__possessions__off_def-Offense__season-2025__season_type-Regular_Season__team_id-1611661321__534a4266,get-possessions,https://api.pbpstats.com/get-possessions/wnba?OffDef=Offense&Season=2025&SeasonType=Regular+Season&TeamId=1611661321,200,373,09:44,"Hines-Allen 21' Jump Shot (6 PTS) (Berger 1 AST)
",1,1,0,0,2025-08-29,1022500250,0,0,ATL,2,0,2,10:00,Off Dead Ball,0,"[{""description"": ""Hines-Allen 21' Jump Shot (6 PTS) (Berger 1 AST)"", ""url"": """"}]",False,possessions,4Q/OT | margin -3..3 | 300..120,team
wnba,wnba_shot_pace,shot_pace,possessions,get-possessions,2025,Regular Season,team,"{'OffDef': 'Offense', 'Season': '2025', 'SeasonType': 'Regular Season', 'TeamId': '1611661321'}",shot_pace,1611661321,4Q/OT | margin -3..3 | 300..120,get-possessions__possessions__off_def-Offense__season-2025__season_type-Regular_Season__team_id-1611661321__534a4266,get-possessions,https://api.pbpstats.com/get-possessions/wnba?OffDef=Offense&Season=2025&SeasonType=Regular+Season&TeamId=1611661321,200,374,00:20,"Siegrist 16' Step Back Jump Shot (11 PTS)
",1,1,0,0,2025-08-29,1022500250,0,0,ATL,1,0,0,00:38,Off Dead Ball,0,"[{""description"": ""Siegrist 16' Step Back Jump Shot (11 PTS)"", ""url"": """"}]",False,possessions,4Q/OT | margin -3..3 | 300..120,team
wnba,wnba_shot_pace,shot_pace,possessions,get-possessions,2025,Regular Season,team,"{'OffDef': 'Offense', 'Season': '2025', 'SeasonType': 'Regular Season', 'TeamId': '1611661321'}",shot_pace,1611661321,4Q/OT | margin -3..3 | 300..120,get-possessions__possessions__off_def-Offense__season-2025__season_type-Regular_Season__team_id-1611661321__534a4266,get-possessions,https://api.pbpstats.com/get-possessions/wnba?OffDef=Offense&Season=2025&SeasonType=Regular+Season&TeamId=1611661321,200,375,00:45,"MISS Okonkwo 24' 3PT Jump Shot
Coffey REBOUND (Off:0 Def:2)
",0,0,1,0,2025-08-29,1022500250,0,0,ATL,1,0,0,01:16,Off Corner 3 Make,0,"[{""description"": ""MISS Okonkwo 24' 3PT Jump Shot"", ""url"": """"}, {""description"": ""Coffey REBOUND (Off:0 Def:2)"", ""url"": """"}]",False,possessions,4Q/OT | margin -3..3 | 300..120,team
wnba,wnba_shot_pace,shot_pace,possessions,get-possessions,2025,Regular Season,team,"{'OffDef': 'Offense', 'Season': '2025', 'SeasonType': 'Regular Season', 'TeamId': '1611661321'}",shot_pace,1611661321,4Q/OT | margin -3..3 | 300..120,get-possessions__possessions__off_def-Offense__season-2025__season_type-Regular_Season__team_id-1611661321__534a4266,get-possessions,https://api.pbpstats.com/get-possessions/wnba?OffDef=Offense&Season=2025&SeasonType=Regular+Season&TeamId=1611661321,200,376,01:48,"Hines-Allen 2' Driving Layup (4 PTS)
",1,1,0,0,2025-08-29,1022500250,0,0,ATL,1,0,1,02:05,Off At Rim Make,0,"[{""description"": ""Hines-Allen 2' Driving Layup (4 PTS)"", ""url"": """"}]",False,possessions,4Q/OT | margin -3..3 | 300..120,team
wnba,wnba_shot_pace,shot_pace,possessions,get-possessions,2025,Regular Season,team,"{'OffDef': 'Offense', 'Season': '2025', 'SeasonType': 'Regular Season', 'TeamId': '1611661321'}",shot_pace,1611661321,4Q/OT | margin -3..3 | 300..120,get-possessions__possessions__off_def-Offense__season-2025__season_type-Regular_Season__team_id-1611661321__534a4266,get-possessions,https://api.pbpstats.com/get-possessions/wnba?OffDef=Offense&Season=2025&SeasonType=Regular+Season&TeamId=1611661321,200,377,02:26,"MISS Bueckers 24' 3PT Pullup Jump Shot
DREAM Rebound
",0,0,1,0,2025-08-29,1022500250,0,0,ATL,1,0,3,02:34,Off Long Mid-Range Miss,0,"[{""description"": ""MISS Bueckers 24' 3PT Pullup Jump Shot"", ""url"": """"}, {""description"": ""DREAM Rebound"", ""url"": """"}]",False,possessions,4Q/OT | margin -3..3 | 300..120,team
wnba,wnba_shot_pace,shot_pace,possessions,get-possessions,2025,Regular Season,team,"{'OffDef': 'Offense', 'Season': '2025', 'SeasonType': 'Regular Season', 'TeamId': '1611661321'}",shot_pace,1611661321,4Q/OT | margin -3..3 | 300..120,get-possessions__possessions__off_def-Offense__season-2025__season_type-Regular_Season__team_id-1611661321__534a4266,get-possessions,https://api.pbpstats.com/get-possessions/wnba?OffDef=Offense&Season=2025&SeasonType=Regular+Season&TeamId=1611661321,200,378,02:54,"MISS Siegrist 3PT Jump Shot
Coffey REBOUND (Off:0 Def:1)
",0,0,1,0,2025-08-29,1022500250,0,0,ATL,1,0,3,03:05,Off FT Miss,0,"[{""description"": ""MISS Siegrist 3PT Jump Shot"", ""url"": """"}, {""description"": ""Coffey REBOUND (Off:0 Def:1)"", ""url"": """"}]",False,possessions,4Q/OT | margin -3..3 | 300..120,team
wnba,wnba_shot_pace,shot_pace,possessions,get-possessions,2025,Regular Season,team,"{'OffDef': 'Offense', 'Season': '2025', 'SeasonType': 'Regular Season', 'TeamId': '1611661321'}",shot_pace,1611661321,4Q/OT | margin -3..3 | 300..120,get-possessions__possessions__off_def-Offense__season-2025__season_type-Regular_Season__team_id-1611661321__534a4266,get-possessions,https://api.pbpstats.com/get-possessions/wnba?OffDef=Offense&Season=2025&SeasonType=Regular+Season&TeamId=1611661321,200,379,03:32,"Siegrist 24' 3PT Jump Shot (9 PTS) (Bueckers 4 AST)
",0,0,1,1,2025-08-29,1022500250,0,0,ATL,1,0,1,03:51,Off Short Mid-Range Make,0,"[{""description"": ""Siegrist 24' 3PT Jump Shot (9 PTS) (Bueckers 4 AST)"", ""url"": """"}]",False,possessions,4Q/OT | margin -3..3 | 300..120,team
wnba,wnba_shot_pace,shot_pace,possessions,get-possessions,2025,Regular Season,team,"{'OffDef': 'Offense', 'Season': '2025', 'SeasonType': 'Regular Season', 'TeamId': '1611661321'}",shot_pace,1611661321,4Q/OT | margin -3..3 | 300..120,get-possessions__possessions__off_def-Offense__season-2025__season_type-Regular_Season__team_id-1611661321__534a4266,get-possessions,https://api.pbpstats.com/get-possessions/wnba?OffDef=Offense&Season=2025&SeasonType=Regular+Season&TeamId=1611661321,200,380,04:06,"Caldwell S.FOUL (P1.T1)
Berger Free Throw 1 of 2 (1 PTS)
Berger Free Throw 2 of 2 (2 PTS)
",0,0,0,0,2025-08-29,1022500250,0,0,ATL,1,1,1,04:22,Off At Rim Make,0,"[{""description"": ""Caldwell S.FOUL (P1.T1)"", ""url"": """"}, {""description"": ""Berger Free Throw 1 of 2 (1 PTS)"", ""url"": """"}, {""description"": ""Berger Free Throw 2 of 2 (2 PTS)"", ""url"": """"}]",False,possessions,4Q/OT | margin -3..3 | 300..120,team
wnba,wnba_shot_pace,shot_pace,possessions,get-possessions,2025,Regular Season,team,"{'OffDef': 'Offense', 'Season': '2025', 'SeasonType': 'Regular Season', 'TeamId': '1611661321'}",shot_pace,1611661321,4Q/OT | margin -3..3 | 300..120,get-possessions__possessions__off_def-Offense__season-2025__season_type-Regular_Season__team_id-1611661321__534a4266,get-possessions,https://api.pbpstats.com/get-possessions/wnba?OffDef=Offense&Season=2025&SeasonType=Regular+Season&TeamId=1611661321,200,381,04:29,"Howard BLOCK (1 BLK): MISS Okonkwo 1' Cutting Layup Shot
Howard REBOUND (Off:0 Def:1)
",1,0,0,0,2025-08-29,1022500250,0,0,ATL,1,0,3,04:45,Off Steal,0,"[{""description"": ""Howard BLOCK (1 BLK): MISS Okonkwo 1' Cutting Layup Shot"", ""url"": """"}, {""description"": ""Howard REBOUND (Off:0 Def:1)"", ""url"": """"}]",False,possessions,4Q/OT | margin -3..3 | 300..120,team
wnba,wnba_shot_pace,shot_pace,possessions,get-possessions,2025,Regular Season,team,"{'OffDef': 'Offense', 'Season': '2025', 'SeasonType': 'Regular Season', 'TeamId': '1611661321'}",shot_pace,1611661321,4Q/OT | margin -3..3 | 300..120,get-possessions__possessions__off_def-Offense__season-2025__season_type-Regular_Season__team_id-1611661321__534a4266,get-possessions,https://api.pbpstats.com/get-possessions/wnba?OffDef=Offense&Season=2025&SeasonType=Regular+Season&TeamId=1611661321,200,382,04:58,"Okonkwo 1' Cutting Layup Shot (2 PTS) (Bueckers 3 AST)
",1,1,0,0,2025-08-29,1022500250,0,0,ATL,1,0,1,05:15,Off Short Mid-Range Make,0,"[{""description"": ""Okonkwo 1' Cutting Layup Shot (2 PTS) (Bueckers 3 AST)"", ""url"": """"}]",False,possessions,4Q/OT | margin -3..3 | 300..120,team
wnba,wnba_shot_pace,shot_pace,possessions,get-possessions,2025,Regular Season,team,"{'OffDef': 'Offense', 'Season': '2025', 'SeasonType': 'Regular Season', 'TeamId': '1611661321'}",shot_pace,1611661321,4Q/OT | margin -3..3 | 300..120,get-possessions__possessions__off_def-Offense__season-2025__season_type-Regular_Season__team_id-1611661321__534a4266,get-possessions,https://api.pbpstats.com/get-possessions/wnba?OffDef=Offense&Season=2025&SeasonType=Regular+Season&TeamId=1611661321,200,383,05:38,"Berger Out of Bounds Lost Ball Turnover (P1.T2)
",0,0,0,0,2025-08-29,1022500250,0,0,ATL,1,0,3,05:42,Off Corner 3 Miss,1,"[{""description"": ""Berger Out of Bounds Lost Ball Turnover (P1.T2)"", ""url"": """"}]",False,possessions,4Q/OT | margin -3..3 | 300..120,team
wnba,wnba_shot_pace,shot_pace,possessions,get-possessions,2025,Regular Season,team,"{'OffDef': 'Offense', 'Season': '2025', 'SeasonType': 'Regular Season', 'TeamId': '1611661321'}",shot_pace,1611661321,4Q/OT | margin -3..3 | 300..120,get-possessions__possessions__off_def-Offense__season-2025__season_type-Regular_Season__team_id-1611661321__534a4266,get-possessions,https://api.pbpstats.com/get-possessions/wnba?OffDef=Offense&Season=2025&SeasonType=Regular+Season&TeamId=1611661321,200,384,06:02,"Hines-Allen 2' Driving Layup (2 PTS) (Bueckers 2 AST)
",1,1,0,0,2025-08-29,1022500250,0,0,ATL,1,0,1,06:10,Off At Rim Miss,0,"[{""description"": ""Hines-Allen 2' Driving Layup (2 PTS) (Bueckers 2 AST)"", ""url"": """"}]",False,possessions,4Q/OT | margin -3..3 | 300..120,team
wnba,wnba_shot_pace,shot_pace,possessions,get-possessions,2025,Regular Season,team,"{'OffDef': 'Offense', 'Season': '2025', 'SeasonType': 'Regular Season', 'TeamId': '1611661321'}",shot_pace,1611661321,4Q/OT | margin -3..3 | 300..120,get-possessions__possessions__off_def-Offense__season-2025__season_type-Regular_Season__team_id-1611661321__534a4266,get-possessions,https://api.pbpstats.com/get-possessions/wnba?OffDef=Offense&Season=2025&SeasonType=Regular+Season&TeamId=1611661321,200,385,06:23,"Siegrist 5' Running Layup (6 PTS)
",1,1,0,0,2025-08-29,1022500250,0,0,ATL,1,0,-1,06:28,Off At Rim Miss,0,"[{""description"": ""Siegrist 5' Running Layup (6 PTS)"", ""url"": """"}]",False,possessions,4Q/OT | margin -3..3 | 300..120,team
wnba,wnba_shot_pace,shot_pace,possessions,get-possessions,2025,Regular Season,team,"{'OffDef': 'Offense', 'Season': '2025', 'SeasonType': 'Regular Season', 'TeamId': '1611661321'}",shot_pace,1611661321,4Q/OT | margin -3..3 | 300..120,get-possessions__possessions__off_def-Offense__season-2025__season_type-Regular_Season__team_id-1611661321__534a4266,get-possessions,https://api.pbpstats.com/get-possessions/wnba?OffDef=Offense&Season=2025&SeasonType=Regular+Season&TeamId=1611661321,200,386,06:41,"Bueckers 7' Pullup Jump Shot (2 PTS)
",1,1,0,0,2025-08-29,1022500250,0,0,ATL,1,0,-3,06:55,Off Short Mid-Range Make,0,"[{""description"": ""Bueckers 7' Pullup Jump Shot (2 PTS)"", ""url"": """"}]",False,possessions,4Q/OT | margin -3..3 | 300..120,team
wnba,wnba_shot_pace,shot_pace,possessions,get-possessions,2025,Regular Season,team,"{'OffDef': 'Offense', 'Season': '2025', 'SeasonType': 'Regular Season', 'TeamId': '1611661321'}",shot_pace,1611661321,4Q/OT | margin -3..3 | 300..120,get-possessions__possessions__off_def-Offense__season-2025__season_type-Regular_Season__team_id-1611661321__534a4266,get-possessions,https://api.pbpstats.com/get-possessions/wnba?OffDef=Offense&Season=2025&SeasonType=Regular+Season&TeamId=1611661321,200,387,07:09,"Miller Step Out of Bounds Turnover (P1.T1)
",0,0,0,0,2025-08-29,1022500250,0,0,ATL,1,0,-1,07:26,Off Arc 3 Make,1,"[{""description"": ""Miller Step Out of Bounds Turnover (P1.T1)"", ""url"": """"}]",False,possessions,4Q/OT | margin -3..3 | 300..120,team
wnba,wnba_shot_pace,shot_pace,possessions,get-possessions,2025,Regular Season,team,"{'OffDef': 'Offense', 'Season': '2025', 'SeasonType': 'Regular Season', 'TeamId': '1611661321'}",shot_pace,1611661321,4Q/OT | margin -3..3 | 300..120,get-possessions__possessions__off_def-Offense__season-2025__season_type-Regular_Season__team_id-1611661321__534a4266,get-possessions,https://api.pbpstats.com/get-possessions/wnba?OffDef=Offense&Season=2025&SeasonType=Regular+Season&TeamId=1611661321,200,388,07:38,"Paopao BLOCK (1 BLK): MISS Bueckers 3' Driving Layup
Paopao REBOUND (Off:0 Def:2)
",1,0,0,0,2025-08-29,1022500250,0,0,ATL,1,0,2,07:56,Off Arc 3 Miss,0,"[{""description"": ""Paopao BLOCK (1 BLK): MISS Bueckers 3' Driving Layup"", ""url"": """"}, {""description"": ""Paopao REBOUND (Off:0 Def:2)"", ""url"": """"}]",False,possessions,4Q/OT | margin -3..3 | 300..120,team
wnba,wnba_shot_pace,shot_pace,possessions,get-possessions,2025,Regular Season,team,"{'OffDef': 'Offense', 'Season': '2025', 'SeasonType': 'Regular Season', 'TeamId': '1611661321'}",shot_pace,1611661321,4Q/OT | margin -3..3 | 300..120,get-possessions__possessions__off_def-Offense__season-2025__season_type-Regular_Season__team_id-1611661321__534a4266,get-possessions,https://api.pbpstats.com/get-possessions/wnba?OffDef=Offense&Season=2025&SeasonType=Regular+Season&TeamId=1611661321,200,389,08:08,"MISS Bueckers 16' Turnaround Jump Shot
Paopao REBOUND (Off:0 Def:1)
",1,0,0,0,2025-08-29,1022500250,0,0,ATL,1,0,2,08:22,Off At Rim Make,0,"[{""description"": ""MISS Bueckers 16' Turnaround Jump Shot"", ""url"": """"}, {""description"": ""Paopao REBOUND (Off:0 Def:1)"", ""url"": """"}]",False,possessions,4Q/OT | margin -3..3 | 300..120,team
wnba,wnba_shot_pace,shot_pace,possessions,get-possessions,2025,Regular Season,team,"{'OffDef': 'Offense', 'Season': '2025', 'SeasonType': 'Regular Season', 'TeamId': '1611661321'}",shot_pace,1611661321,4Q/OT | margin -3..3 | 300..120,get-possessions__possessions__off_def-Offense__season-2025__season_type-Regular_Season__team_id-1611661321__534a4266,get-possessions,https://api.pbpstats.com/get-possessions/wnba?OffDef=Offense&Season=2025&SeasonType=Regular+Season&TeamId=1611661321,200,390,08:36,"MISS Hines-Allen 3' Driving Layup
Hillmon REBOUND (Off:0 Def:1)
",1,0,0,0,2025-08-29,1022500250,0,0,ATL,1,0,4,08:54,Off Dead Ball,0,"[{""description"": ""MISS Hines-Allen 3' Driving Layup"", ""url"": """"}, {""description"": ""Hillmon REBOUND (Off:0 Def:1)"", ""url"": """"}]",False,possessions,4Q/OT | margin -3..3 | 300..120,team
wnba,wnba_shot_pace,shot_pace,possessions,get-possessions,2025,Regular Season,team,"{'OffDef': 'Offense', 'Season': '2025', 'SeasonType': 'Regular Season', 'TeamId': '1611661321'}",shot_pace,1611661321,4Q/OT | margin -3..3 | 300..120,get-possessions__possessions__off_def-Offense__season-2025__season_type-Regular_Season__team_id-1611661321__534a4266,get-possessions,https://api.pbpstats.com/get-possessions/wnba?OffDef=Offense&Season=2025&SeasonType=Regular+Season&TeamId=1611661321,200,391,09:21,"Siegrist 3' Running Layup (4 PTS) (Miller 1 AST)
",1,1,0,0,2025-08-29,1022500250,0,0,ATL,1,0,2,09:25,Off Steal,0,"[{""description"": ""Siegrist 3' Running Layup (4 PTS) (Miller 1 AST)"", ""url"": """"}]",False,possessions,4Q/OT | margin -3..3 | 300..120,team
wnba,wnba_shot_pace,shot_pace,possessions,get-possessions,2025,Regular Season,team,"{'OffDef': 'Offense', 'Season': '2025', 'SeasonType': 'Regular Season', 'TeamId': '1611661321'}",shot_pace,1611661321,4Q/OT | margin -3..3 | 300..120,get-possessions__possessions__off_def-Offense__season-2025__season_type-Regular_Season__team_id-1611661321__534a4266,get-possessions,https://api.pbpstats.com/get-possessions/wnba?OffDef=Offense&Season=2025&SeasonType=Regular+Season&TeamId=1611661321,200,392,09:39,"Siegrist 1' Running Layup (2 PTS) (Bueckers 1 AST)
",1,1,0,0,2025-08-29,1022500250,0,0,ATL,1,0,0,09:43,Off Corner 3 Miss,0,"[{""description"": ""Siegrist 1' Running Layup (2 PTS) (Bueckers 1 AST)"", ""url"": """"}]",False,possessions,4Q/OT | margin -3..3 | 300..120,team
wnba,wnba_shot_pace,shot_pace,possessions,get-possessions,2025,Regular Season,team,"{'OffDef': 'Offense', 'Season': '2025', 'SeasonType': 'Regular Season', 'TeamId': '1611661321'}",shot_pace,1611661321,4Q/OT | margin -3..3 | 300..120,get-possessions__possessions__off_def-Offense__season-2025__season_type-Regular_Season__team_id-1611661321__534a4266,get-possessions,https://api.pbpstats.com/get-possessions/wnba?OffDef=Offense&Season=2025&SeasonType=Regular+Season&TeamId=1611661321,200,393,00:00,,0,0,0,0,2025-08-27,1022500246,0,0,CON,4,0,-6,00:06,Off FT Make,0,[],False,possessions,4Q/OT | margin -3..3 | 300..120,team
wnba,wnba_shot_pace,shot_pace,possessions,get-possessions,2025,Regular Season,team,"{'OffDef': 'Offense', 'Season': '2025', 'SeasonType': 'Regular Season', 'TeamId': '1611661321'}",shot_pace,1611661321,4Q/OT | margin -3..3 | 300..120,get-possessions__possessions__off_def-Offense__season-2025__season_type-Regular_Season__team_id-1611661321__534a4266,get-possessions,https://api.pbpstats.com/get-possessions/wnba?OffDef=Offense&Season=2025&SeasonType=Regular+Season&TeamId=1611661321,200,394,00:08,"MISS Hines-Allen 26' 3PT Jump Shot
Charles REBOUND (Off:0 Def:5)
",0,0,1,0,2025-08-27,1022500246,0,0,CON,4,0,-4,00:16,Off Timeout,0,"[{""description"": ""MISS Hines-Allen 26' 3PT Jump Shot"", ""url"": """"}, {""description"": ""Charles REBOUND (Off:0 Def:5)"", ""url"": """"}]",False,possessions,4Q/OT | margin -3..3 | 300..120,team
wnba,wnba_shot_pace,shot_pace,possessions,get-possessions,2025,Regular Season,team,"{'OffDef': 'Offense', 'Season': '2025', 'SeasonType': 'Regular Season', 'TeamId': '1611661321'}",shot_pace,1611661321,4Q/OT | margin -3..3 | 300..120,get-possessions__possessions__off_def-Offense__season-2025__season_type-Regular_Season__team_id-1611661321__534a4266,get-possessions,https://api.pbpstats.com/get-possessions/wnba?OffDef=Offense&Season=2025&SeasonType=Regular+Season&TeamId=1611661321,200,395,00:18,"James 4' Driving Layup (22 PTS)
",1,1,0,0,2025-08-27,1022500246,0,0,CON,4,0,-4,00:22,Off Timeout,0,"[{""description"": ""James 4' Driving Layup (22 PTS)"", ""url"": """"}]",False,possessions,4Q/OT | margin -3..3 | 300..120,team
wnba,wnba_shot_pace,shot_pace,possessions,get-possessions,2025,Regular Season,team,"{'OffDef': 'Offense', 'Season': '2025', 'SeasonType': 'Regular Season', 'TeamId': '1611661321'}",shot_pace,1611661321,4Q/OT | margin -3..3 | 300..120,get-possessions__possessions__off_def-Offense__season-2025__season_type-Regular_Season__team_id-1611661321__534a4266,get-possessions,https://api.pbpstats.com/get-possessions/wnba?OffDef=Offense&Season=2025&SeasonType=Regular+Season&TeamId=1611661321,200,396,00:27,"Mabrey S.FOUL (P3.PN)
Okonkwo Free Throw 1 of 2 (13 PTS)
Okonkwo Free Throw 2 of 2 (14 PTS)
",0,0,0,0,2025-08-27,1022500246,0,0,CON,4,1,-4,00:41,Off Dead Ball,0,"[{""description"": ""Mabrey S.FOUL (P3.PN)"", ""url"": """"}, {""description"": ""Okonkwo Free Throw 1 of 2 (13 PTS)"", ""url"": """"}, {""description"": ""Okonkwo Free Throw 2 of 2 (14 PTS)"", ""url"": """"}]",False,possessions,4Q/OT | margin -3..3 | 300..120,team
wnba,wnba_shot_pace,shot_pace,possessions,get-possessions,2025,Regular Season,team,"{'OffDef': 'Offense', 'Season': '2025', 'SeasonType': 'Regular Season', 'TeamId': '1611661321'}",shot_pace,1611661321,4Q/OT | margin -3..3 | 300..120,get-possessions__possessions__off_def-Offense__season-2025__season_type-Regular_Season__team_id-1611661321__534a4266,get-possessions,https://api.pbpstats.com/get-possessions/wnba?OffDef=Offense&Season=2025&SeasonType=Regular+Season&TeamId=1611661321,200,397,01:03,"MISS Hines-Allen 6' Turnaround Jump Shot
Mabrey REBOUND (Off:0 Def:4)
",1,0,0,0,2025-08-27,1022500246,0,0,CON,4,0,-4,01:10,Off Timeout,0,"[{""description"": ""MISS Hines-Allen 6' Turnaround Jump Shot"", ""url"": """"}, {""description"": ""Mabrey REBOUND (Off:0 Def:4)"", ""url"": """"}]",False,possessions,4Q/OT | margin -3..3 | 300..120,team
wnba,wnba_shot_pace,shot_pace,possessions,get-possessions,2025,Regular Season,team,"{'OffDef': 'Offense', 'Season': '2025', 'SeasonType': 'Regular Season', 'TeamId': '1611661321'}",shot_pace,1611661321,4Q/OT | margin -3..3 | 300..120,get-possessions__possessions__off_def-Offense__season-2025__season_type-Regular_Season__team_id-1611661321__534a4266,get-possessions,https://api.pbpstats.com/get-possessions/wnba?OffDef=Offense&Season=2025&SeasonType=Regular+Season&TeamId=1611661321,200,398,01:13,"MISS James 15' Pullup Jump Shot
Charles REBOUND (Off:0 Def:4)
",1,0,0,0,2025-08-27,1022500246,0,0,CON,4,0,-2,01:26,Off Dead Ball,0,"[{""description"": ""MISS James 15' Pullup Jump Shot"", ""url"": """"}, {""description"": ""Charles REBOUND (Off:0 Def:4)"", ""url"": """"}]",False,possessions,4Q/OT | margin -3..3 | 300..120,team
wnba,wnba_shot_pace,shot_pace,possessions,get-possessions,2025,Regular Season,team,"{'OffDef': 'Offense', 'Season': '2025', 'SeasonType': 'Regular Season', 'TeamId': '1611661321'}",shot_pace,1611661321,4Q/OT | margin -3..3 | 300..120,get-possessions__possessions__off_def-Offense__season-2025__season_type-Regular_Season__team_id-1611661321__534a4266,get-possessions,https://api.pbpstats.com/get-possessions/wnba?OffDef=Offense&Season=2025&SeasonType=Regular+Season&TeamId=1611661321,200,399,01:49,"Hines-Allen 4' Driving Layup (18 PTS) (Berger 6 AST)
",1,1,0,0,2025-08-27,1022500246,0,0,CON,4,0,-4,01:57,Off FT Make,0,"[{""description"": ""Hines-Allen 4' Driving Layup (18 PTS) (Berger 6 AST)"", ""url"": """"}]",False,possessions,4Q/OT | margin -3..3 | 300..120,team
wnba,wnba_shot_pace,shot_pace,possessions,get-possessions,2025,Regular Season,team,"{'OffDef': 'Offense', 'Season': '2025', 'SeasonType': 'Regular Season', 'TeamId': '1611661321'}",shot_pace,1611661321,4Q/OT | margin -3..3 | 300..120,get-possessions__possessions__off_def-Offense__season-2025__season_type-Regular_Season__team_id-1611661321__534a4266,get-possessions,https://api.pbpstats.com/get-possessions/wnba?OffDef=Offense&Season=2025&SeasonType=Regular+Season&TeamId=1611661321,200,400,02:21,"Charles S.FOUL (P2.T4)
Siegrist Free Throw 1 of 2 (14 PTS)
Siegrist Free Throw 2 of 2 (15 PTS)
",0,0,0,0,2025-08-27,1022500246,0,0,CON,4,1,-4,02:35,Off Dead Ball,0,"[{""description"": ""Charles S.FOUL (P2.T4)"", ""url"": """"}, {""description"": ""Siegrist Free Throw 1 of 2 (14 PTS)"", ""url"": """"}, {""description"": ""Siegrist Free Throw 2 of 2 (15 PTS)"", ""url"": """"}]",False,possessions,4Q/OT | margin -3..3 | 300..120,team
wnba,wnba_shot_pace,shot_pace,possessions,get-possessions,2025,Regular Season,team,"{'OffDef': 'Offense', 'Season': '2025', 'SeasonType': 'Regular Season', 'TeamId': '1611661321'}",shot_pace,1611661321,4Q/OT | margin -3..3 | 300..120,get-possessions__possessions__off_def-Offense__season-2025__season_type-Regular_Season__team_id-1611661321__534a4266,get-possessions,https://api.pbpstats.com/get-possessions/wnba?OffDef=Offense&Season=2025&SeasonType=Regular+Season&TeamId=1611661321,200,401,02:48,"James Bad Pass Turnover (P1.T13): Morrow STEAL (2 STL)
",0,0,0,0,2025-08-27,1022500246,0,0,CON,4,0,-4,03:01,Off Timeout,1,"[{""description"": ""James Bad Pass Turnover (P1.T13): Morrow STEAL (2 STL)"", ""url"": """"}]",False,possessions,4Q/OT | margin -3..3 | 300..120,team
wnba,wnba_shot_pace,shot_pace,possessions,get-possessions,2025,Regular Season,team,"{'OffDef': 'Offense', 'Season': '2025', 'SeasonType': 'Regular Season', 'TeamId': '1611661321'}",shot_pace,1611661321,4Q/OT | margin -3..3 | 300..120,get-possessions__possessions__off_def-Offense__season-2025__season_type-Regular_Season__team_id-1611661321__534a4266,get-possessions,https://api.pbpstats.com/get-possessions/wnba?OffDef=Offense&Season=2025&SeasonType=Regular+Season&TeamId=1611661321,200,402,03:10,"MISS James 2' Running Reverse Layup: Charles BLOCK (1 BLK)
Mabrey REBOUND (Off:0 Def:3)
",1,0,0,0,2025-08-27,1022500246,0,0,CON,4,0,-4,03:17,Off Short Mid-Range Miss,0,"[{""description"": ""MISS James 2' Running Reverse Layup: Charles BLOCK (1 BLK)"", ""url"": """"}, {""description"": ""Mabrey REBOUND (Off:0 Def:3)"", ""url"": """"}]",False,possessions,4Q/OT | margin -3..3 | 300..120,team
wnba,wnba_shot_pace,shot_pace,possessions,get-possessions,2025,Regular Season,team,"{'OffDef': 'Offense', 'Season': '2025', 'SeasonType': 'Regular Season', 'TeamId': '1611661321'}",shot_pace,1611661321,4Q/OT | margin -3..3 | 300..120,get-possessions__possessions__off_def-Offense__season-2025__season_type-Regular_Season__team_id-1611661321__534a4266,get-possessions,https://api.pbpstats.com/get-possessions/wnba?OffDef=Offense&Season=2025&SeasonType=Regular+Season&TeamId=1611661321,200,403,03:44,"MISS Berger 12' Turnaround Jump Shot
Hines-Allen REBOUND (Off:1 Def:6)
Charles S.FOUL (P1.T3)
Hines-Allen Free Throw 1 of 2 (16 PTS)
MISS Hines-Allen Free Throw 2 of 2
Morrow REBOUND (Off:1 Def:10)
",1,0,0,0,2025-08-27,1022500246,0,1,CON,4,1,-5,03:56,Off Block,0,"[{""description"": ""MISS Berger 12' Turnaround Jump Shot"", ""url"": """"}, {""description"": ""Hines-Allen REBOUND (Off:1 Def:6)"", ""url"": """"}, {""description"": ""Charles S.FOUL (P1.T3)"", ""url"": """"}, {""description"": ""Hines-Allen Free Throw 1 of 2 (16 PTS)"", ""url"": """"}, {""description"": ""MISS Hines-Allen Free Throw 2 of 2"", ""url"": """"}, {""description"": ""Morrow REBOUND (Off:1 Def:10)"", ""url"": """"}]",False,possessions,4Q/OT | margin -3..3 | 300..120,team
wnba,wnba_shot_pace,shot_pace,possessions,get-possessions,2025,Regular Season,team,"{'OffDef': 'Offense', 'Season': '2025', 'SeasonType': 'Regular Season', 'TeamId': '1611661321'}",shot_pace,1611661321,4Q/OT | margin -3..3 | 300..120,get-possessions__possessions__off_def-Offense__season-2025__season_type-Regular_Season__team_id-1611661321__534a4266,get-possessions,https://api.pbpstats.com/get-possessions/wnba?OffDef=Offense&Season=2025&SeasonType=Regular+Season&TeamId=1611661321,200,404,04:13,"MISS James 3PT Jump Shot
Sun Rebound
",0,0,1,0,2025-08-27,1022500246,0,0,CON,4,0,-5,04:24,Off Steal,0,"[{""description"": ""MISS James 3PT Jump Shot"", ""url"": """"}, {""description"": ""Sun Rebound"", ""url"": """"}]",False,possessions,4Q/OT | margin -3..3 | 300..120,team
wnba,wnba_shot_pace,shot_pace,possessions,get-possessions,2025,Regular Season,team,"{'OffDef': 'Offense', 'Season': '2025', 'SeasonType': 'Regular Season', 'TeamId': '1611661321'}",shot_pace,1611661321,4Q/OT | margin -3..3 | 300..120,get-possessions__possessions__off_def-Offense__season-2025__season_type-Regular_Season__team_id-1611661321__534a4266,get-possessions,https://api.pbpstats.com/get-possessions/wnba?OffDef=Offense&Season=2025&SeasonType=Regular+Season&TeamId=1611661321,200,405,04:45,"James 24' 3PT Running Jump Shot (20 PTS) (Siegrist 3 AST)
",0,0,1,1,2025-08-27,1022500246,0,0,CON,4,0,-8,04:49,Off At Rim Miss,0,"[{""description"": ""James 24' 3PT Running Jump Shot (20 PTS) (Siegrist 3 AST)"", ""url"": """"}]",False,possessions,4Q/OT | margin -3..3 | 300..120,team
wnba,wnba_shot_pace,shot_pace,possessions,get-possessions,2025,Regular Season,team,"{'OffDef': 'Offense', 'Season': '2025', 'SeasonType': 'Regular Season', 'TeamId': '1611661321'}",shot_pace,1611661321,4Q/OT | margin -3..3 | 300..120,get-possessions__possessions__off_def-Offense__season-2025__season_type-Regular_Season__team_id-1611661321__534a4266,get-possessions,https://api.pbpstats.com/get-possessions/wnba?OffDef=Offense&Season=2025&SeasonType=Regular+Season&TeamId=1611661321,200,406,04:57,"Nelson-Ododa P.FOUL (P2.T2)
MISS James 8' Driving Layup
Lacan REBOUND (Off:1 Def:2)
",1,0,0,0,2025-08-27,1022500246,0,0,CON,4,0,-8,05:11,Off Steal,0,"[{""description"": ""Nelson-Ododa P.FOUL (P2.T2)"", ""url"": """"}, {""description"": ""MISS James 8' Driving Layup"", ""url"": """"}, {""description"": ""Lacan REBOUND (Off:1 Def:2)"", ""url"": """"}]",False,possessions,4Q/OT | margin -3..3 | 300..120,team
wnba,wnba_shot_pace,shot_pace,possessions,get-possessions,2025,Regular Season,team,"{'OffDef': 'Offense', 'Season': '2025', 'SeasonType': 'Regular Season', 'TeamId': '1611661321'}",shot_pace,1611661321,4Q/OT | margin -3..3 | 300..120,get-possessions__possessions__off_def-Offense__season-2025__season_type-Regular_Season__team_id-1611661321__534a4266,get-possessions,https://api.pbpstats.com/get-possessions/wnba?OffDef=Offense&Season=2025&SeasonType=Regular+Season&TeamId=1611661321,200,407,05:25,"James 28' 3PT Jump Shot (17 PTS) (Berger 5 AST)
",0,0,1,1,2025-08-27,1022500246,0,0,CON,4,0,-11,05:34,Off Long Mid-Range Miss,0,"[{""description"": ""James 28' 3PT Jump Shot (17 PTS) (Berger 5 AST)"", ""url"": """"}]",False,possessions,4Q/OT | margin -3..3 | 300..120,team
wnba,wnba_shot_pace,shot_pace,possessions,get-possessions,2025,Regular Season,team,"{'OffDef': 'Offense', 'Season': '2025', 'SeasonType': 'Regular Season', 'TeamId': '1611661321'}",shot_pace,1611661321,4Q/OT | margin -3..3 | 300..120,get-possessions__possessions__off_def-Offense__season-2025__season_type-Regular_Season__team_id-1611661321__534a4266,get-possessions,https://api.pbpstats.com/get-possessions/wnba?OffDef=Offense&Season=2025&SeasonType=Regular+Season&TeamId=1611661321,200,408,06:00,"MISS Hines-Allen 25' 3PT Jump Shot
Sun Rebound
",0,0,1,0,2025-08-27,1022500246,0,0,CON,4,0,-11,06:13,Off Steal,0,"[{""description"": ""MISS Hines-Allen 25' 3PT Jump Shot"", ""url"": """"}, {""description"": ""Sun Rebound"", ""url"": """"}]",False,possessions,4Q/OT | margin -3..3 | 300..120,team
wnba,wnba_shot_pace,shot_pace,possessions,get-possessions,2025,Regular Season,team,"{'OffDef': 'Offense', 'Season': '2025', 'SeasonType': 'Regular Season', 'TeamId': '1611661321'}",shot_pace,1611661321,4Q/OT | margin -3..3 | 300..120,get-possessions__possessions__off_def-Offense__season-2025__season_type-Regular_Season__team_id-1611661321__534a4266,get-possessions,https://api.pbpstats.com/get-possessions/wnba?OffDef=Offense&Season=2025&SeasonType=Regular+Season&TeamId=1611661321,200,409,06:28,"James 8' Driving Floating Jump Shot (13 PTS)
Mabrey S.FOUL (P2.T1)
James Free Throw 1 of 1 (14 PTS)
",1,1,0,0,2025-08-27,1022500246,0,0,CON,4,1,-14,06:32,Off Arc 3 Miss,0,"[{""description"": ""James 8' Driving Floating Jump Shot (13 PTS)"", ""url"": """"}, {""description"": ""Mabrey S.FOUL (P2.T1)"", ""url"": """"}, {""description"": ""James Free Throw 1 of 1 (14 PTS)"", ""url"": """"}]",False,possessions,4Q/OT | margin -3..3 | 300..120,team
wnba,wnba_shot_pace,shot_pace,possessions,get-possessions,2025,Regular Season,team,"{'OffDef': 'Offense', 'Season': '2025', 'SeasonType': 'Regular Season', 'TeamId': '1611661321'}",shot_pace,1611661321,4Q/OT | margin -3..3 | 300..120,get-possessions__possessions__off_def-Offense__season-2025__season_type-Regular_Season__team_id-1611661321__534a4266,get-possessions,https://api.pbpstats.com/get-possessions/wnba?OffDef=Offense&Season=2025&SeasonType=Regular+Season&TeamId=1611661321,200,410,06:52,"MISS Siegrist 7' Turnaround Fadeaway Shot
Mabrey REBOUND (Off:0 Def:2)
",1,0,0,0,2025-08-27,1022500246,0,0,CON,4,0,-14,07:07,Off FT Make,0,"[{""description"": ""MISS Siegrist 7' Turnaround Fadeaway Shot"", ""url"": """"}, {""description"": ""Mabrey REBOUND (Off:0 Def:2)"", ""url"": """"}]",False,possessions,4Q/OT | margin -3..3 | 300..120,team
wnba,wnba_shot_pace,shot_pace,possessions,get-possessions,2025,Regular Season,team,"{'OffDef': 'Offense', 'Season': '2025', 'SeasonType': 'Regular Season', 'TeamId': '1611661321'}",shot_pace,1611661321,4Q/OT | margin -3..3 | 300..120,get-possessions__possessions__off_def-Offense__season-2025__season_type-Regular_Season__team_id-1611661321__534a4266,get-possessions,https://api.pbpstats.com/get-possessions/wnba?OffDef=Offense&Season=2025&SeasonType=Regular+Season&TeamId=1611661321,200,411,07:17,"Miller Lost Ball Turnover (P2.T12): Morrow STEAL (1 STL)
",0,0,0,0,2025-08-27,1022500246,0,0,CON,4,0,-12,07:31,Off Short Mid-Range Make,1,"[{""description"": ""Miller Lost Ball Turnover (P2.T12): Morrow STEAL (1 STL)"", ""url"": """"}]",False,possessions,4Q/OT | margin -3..3 | 300..120,team
wnba,wnba_shot_pace,shot_pace,possessions,get-possessions,2025,Regular Season,team,"{'OffDef': 'Offense', 'Season': '2025', 'SeasonType': 'Regular Season', 'TeamId': '1611661321'}",shot_pace,1611661321,4Q/OT | margin -3..3 | 300..120,get-possessions__possessions__off_def-Offense__season-2025__season_type-Regular_Season__team_id-1611661321__534a4266,get-possessions,https://api.pbpstats.com/get-possessions/wnba?OffDef=Offense&Season=2025&SeasonType=Regular+Season&TeamId=1611661321,200,412,07:43,"Okonkwo 2' Cutting Layup Shot (12 PTS) (James 6 AST)
",1,1,0,0,2025-08-27,1022500246,0,0,CON,4,0,-12,08:01,Off Short Mid-Range Make,0,"[{""description"": ""Okonkwo 2' Cutting Layup Shot (12 PTS) (James 6 AST)"", ""url"": """"}]",False,possessions,4Q/OT | margin -3..3 | 300..120,team
wnba,wnba_shot_pace,shot_pace,possessions,get-possessions,2025,Regular Season,team,"{'OffDef': 'Offense', 'Season': '2025', 'SeasonType': 'Regular Season', 'TeamId': '1611661321'}",shot_pace,1611661321,4Q/OT | margin -3..3 | 300..120,get-possessions__possessions__off_def-Offense__season-2025__season_type-Regular_Season__team_id-1611661321__534a4266,get-possessions,https://api.pbpstats.com/get-possessions/wnba?OffDef=Offense&Season=2025&SeasonType=Regular+Season&TeamId=1611661321,200,413,08:24,"Miller Out of Bounds - Bad Pass Turnover Turnover (P1.T11)
",0,0,0,0,2025-08-27,1022500246,0,0,CON,4,0,-10,08:29,Off Short Mid-Range Miss,1,"[{""description"": ""Miller Out of Bounds - Bad Pass Turnover Turnover (P1.T11)"", ""url"": """"}]",False,possessions,4Q/OT | margin -3..3 | 300..120,team
wnba,wnba_shot_pace,shot_pace,possessions,get-possessions,2025,Regular Season,team,"{'OffDef': 'Offense', 'Season': '2025', 'SeasonType': 'Regular Season', 'TeamId': '1611661321'}",shot_pace,1611661321,4Q/OT | margin -3..3 | 300..120,get-possessions__possessions__off_def-Offense__season-2025__season_type-Regular_Season__team_id-1611661321__534a4266,get-possessions,https://api.pbpstats.com/get-possessions/wnba?OffDef=Offense&Season=2025&SeasonType=Regular+Season&TeamId=1611661321,200,414,08:56,"Okonkwo 25' 3PT Jump Shot (10 PTS) (Berger 4 AST)
",0,0,1,1,2025-08-27,1022500246,0,0,CON,4,0,-13,09:10,Off FT Make,0,"[{""description"": ""Okonkwo 25' 3PT Jump Shot (10 PTS) (Berger 4 AST)"", ""url"": """"}]",False,possessions,4Q/OT | margin -3..3 | 300..120,team
wnba,wnba_shot_pace,shot_pace,possessions,get-possessions,2025,Regular Season,team,"{'OffDef': 'Offense', 'Season': '2025', 'SeasonType': 'Regular Season', 'TeamId': '1611661321'}",shot_pace,1611661321,4Q/OT | margin -3..3 | 300..120,get-possessions__possessions__off_def-Offense__season-2025__season_type-Regular_Season__team_id-1611661321__534a4266,get-possessions,https://api.pbpstats.com/get-possessions/wnba?OffDef=Offense&Season=2025&SeasonType=Regular+Season&TeamId=1611661321,200,415,09:30,"Miller 4' Running Layup (5 PTS) (Okonkwo 2 AST)
",1,1,0,0,2025-08-27,1022500246,0,0,CON,4,0,-13,09:35,Off Short Mid-Range Miss,0,"[{""description"": ""Miller 4' Running Layup (5 PTS) (Okonkwo 2 AST)"", ""url"": """"}]",False,possessions,4Q/OT | margin -3..3 | 300..120,team
wnba,wnba_shot_pace,shot_pace,possessions,get-possessions,2025,Regular Season,team,"{'OffDef': 'Offense', 'Season': '2025', 'SeasonType': 'Regular Season', 'TeamId': '1611661321'}",shot_pace,1611661321,4Q/OT | margin -3..3 | 300..120,get-possessions__possessions__off_def-Offense__season-2025__season_type-Regular_Season__team_id-1611661321__534a4266,get-possessions,https://api.pbpstats.com/get-possessions/wnba?OffDef=Offense&Season=2025&SeasonType=Regular+Season&TeamId=1611661321,200,416,09:43,"MISS James 5' Driving Layup
Rivers REBOUND (Off:0 Def:1)
",1,0,0,0,2025-08-27,1022500246,0,0,CON,4,0,-13,10:00,Off Dead Ball,0,"[{""description"": ""MISS James 5' Driving Layup"", ""url"": """"}, {""description"": ""Rivers REBOUND (Off:0 Def:1)"", ""url"": """"}]",False,possessions,4Q/OT | margin -3..3 | 300..120,team
wnba,wnba_shot_pace,shot_pace,possessions,get-possessions,2025,Regular Season,team,"{'OffDef': 'Offense', 'Season': '2025', 'SeasonType': 'Regular Season', 'TeamId': '1611661321'}",shot_pace,1611661321,4Q/OT | margin -3..3 | 300..120,get-possessions__possessions__off_def-Offense__season-2025__season_type-Regular_Season__team_id-1611661321__534a4266,get-possessions,https://api.pbpstats.com/get-possessions/wnba?OffDef=Offense&Season=2025&SeasonType=Regular+Season&TeamId=1611661321,200,417,00:06,"Rivers S.FOUL (P2.PN)
MISS Siegrist Free Throw 1 of 2
WINGS Rebound
MISS Siegrist Free Throw 2 of 2
Nelson-Ododa REBOUND (Off:0 Def:2)
",0,0,0,0,2025-08-27,1022500246,0,0,CON,3,1,-13,00:28,Off Arc 3 Miss,0,"[{""description"": ""Rivers S.FOUL (P2.PN)"", ""url"": """"}, {""description"": ""MISS Siegrist Free Throw 1 of 2"", ""url"": """"}, {""description"": ""WINGS Rebound"", ""url"": """"}, {""description"": ""MISS Siegrist Free Throw 2 of 2"", ""url"": """"}, {""description"": ""Nelson-Ododa REBOUND (Off:0 Def:2)"", ""url"": """"}]",False,possessions,4Q/OT | margin -3..3 | 300..120,team
wnba,wnba_shot_pace,shot_pace,possessions,get-possessions,2025,Regular Season,team,"{'OffDef': 'Offense', 'Season': '2025', 'SeasonType': 'Regular Season', 'TeamId': '1611661321'}",shot_pace,1611661321,4Q/OT | margin -3..3 | 300..120,get-possessions__possessions__off_def-Offense__season-2025__season_type-Regular_Season__team_id-1611661321__534a4266,get-possessions,https://api.pbpstats.com/get-possessions/wnba?OffDef=Offense&Season=2025&SeasonType=Regular+Season&TeamId=1611661321,200,418,00:38,"MISS Okonkwo 24' 3PT Jump Shot
Morrow REBOUND (Off:1 Def:9)
",0,0,1,0,2025-08-27,1022500246,0,0,CON,3,0,-13,00:56,Off Short Mid-Range Make,0,"[{""description"": ""MISS Okonkwo 24' 3PT Jump Shot"", ""url"": """"}, {""description"": ""Morrow REBOUND (Off:1 Def:9)"", ""url"": """"}]",False,possessions,4Q/OT | margin -3..3 | 300..120,team
wnba,wnba_shot_pace,shot_pace,possessions,get-possessions,2025,Regular Season,team,"{'OffDef': 'Offense', 'Season': '2025', 'SeasonType': 'Regular Season', 'TeamId': '1611661321'}",shot_pace,1611661321,4Q/OT | margin -3..3 | 300..120,get-possessions__possessions__off_def-Offense__season-2025__season_type-Regular_Season__team_id-1611661321__534a4266,get-possessions,https://api.pbpstats.com/get-possessions/wnba?OffDef=Offense&Season=2025&SeasonType=Regular+Season&TeamId=1611661321,200,419,01:14,"Mabrey S.FOUL (P1.T3)
MISS Miller Free Throw 1 of 2
WINGS Rebound
Miller Free Throw 2 of 2 (3 PTS)
",0,0,0,0,2025-08-27,1022500246,0,0,CON,3,1,-12,01:26,Off Short Mid-Range Make,0,"[{""description"": ""Mabrey S.FOUL (P1.T3)"", ""url"": """"}, {""description"": ""MISS Miller Free Throw 1 of 2"", ""url"": """"}, {""description"": ""WINGS Rebound"", ""url"": """"}, {""description"": ""Miller Free Throw 2 of 2 (3 PTS)"", ""url"": """"}]",False,possessions,4Q/OT | margin -3..3 | 300..120,team
wnba,wnba_shot_pace,shot_pace,possessions,get-possessions,2025,Regular Season,team,"{'OffDef': 'Offense', 'Season': '2025', 'SeasonType': 'Regular Season', 'TeamId': '1611661321'}",shot_pace,1611661321,4Q/OT | margin -3..3 | 300..120,get-possessions__possessions__off_def-Offense__season-2025__season_type-Regular_Season__team_id-1611661321__534a4266,get-possessions,https://api.pbpstats.com/get-possessions/wnba?OffDef=Offense&Season=2025&SeasonType=Regular+Season&TeamId=1611661321,200,420,01:42,"MISS Jones 28' 3PT Pullup Jump Shot
Sun Rebound
",0,0,1,0,2025-08-27,1022500246,0,0,CON,3,0,-10,02:10,Off At Rim Make,0,"[{""description"": ""MISS Jones 28' 3PT Pullup Jump Shot"", ""url"": """"}, {""description"": ""Sun Rebound"", ""url"": """"}]",False,possessions,4Q/OT | margin -3..3 | 300..120,team
wnba,wnba_shot_pace,shot_pace,possessions,get-possessions,2025,Regular Season,team,"{'OffDef': 'Offense', 'Season': '2025', 'SeasonType': 'Regular Season', 'TeamId': '1611661321'}",shot_pace,1611661321,4Q/OT | margin -3..3 | 300..120,get-possessions__possessions__off_def-Offense__season-2025__season_type-Regular_Season__team_id-1611661321__534a4266,get-possessions,https://api.pbpstats.com/get-possessions/wnba?OffDef=Offense&Season=2025&SeasonType=Regular+Season&TeamId=1611661321,200,421,02:29,"MISS Hines-Allen 16' Pullup Jump Shot
Morrow REBOUND (Off:0 Def:8)
",1,0,0,0,2025-08-27,1022500246,0,0,CON,3,0,-8,02:49,Off Dead Ball,0,"[{""description"": ""MISS Hines-Allen 16' Pullup Jump Shot"", ""url"": """"}, {""description"": ""Morrow REBOUND (Off:0 Def:8)"", ""url"": """"}]",False,possessions,4Q/OT | margin -3..3 | 300..120,team
wnba,wnba_shot_pace,shot_pace,possessions,get-possessions,2025,Regular Season,team,"{'OffDef': 'Offense', 'Season': '2025', 'SeasonType': 'Regular Season', 'TeamId': '1611661321'}",shot_pace,1611661321,4Q/OT | margin -3..3 | 300..120,get-possessions__possessions__off_def-Offense__season-2025__season_type-Regular_Season__team_id-1611661321__534a4266,get-possessions,https://api.pbpstats.com/get-possessions/wnba?OffDef=Offense&Season=2025&SeasonType=Regular+Season&TeamId=1611661321,200,422,02:59,"Hines-Allen 3' Cutting Layup Shot (15 PTS) (James 5 AST)
",1,1,0,0,2025-08-27,1022500246,0,0,CON,3,0,-10,03:09,Off FT Make,0,"[{""description"": ""Hines-Allen 3' Cutting Layup Shot (15 PTS) (James 5 AST)"", ""url"": """"}]",False,possessions,4Q/OT | margin -3..3 | 300..120,team
wnba,wnba_shot_pace,shot_pace,possessions,get-possessions,2025,Regular Season,team,"{'OffDef': 'Offense', 'Season': '2025', 'SeasonType': 'Regular Season', 'TeamId': '1611661321'}",shot_pace,1611661321,4Q/OT | margin -3..3 | 300..120,get-possessions__possessions__off_def-Offense__season-2025__season_type-Regular_Season__team_id-1611661321__534a4266,get-possessions,https://api.pbpstats.com/get-possessions/wnba?OffDef=Offense&Season=2025&SeasonType=Regular+Season&TeamId=1611661321,200,423,03:21,"James 2' Driving Finger Roll Layup (11 PTS) (Jones 5 AST)
",1,1,0,0,2025-08-27,1022500246,0,0,CON,3,0,-10,03:31,Off At Rim Make,0,"[{""description"": ""James 2' Driving Finger Roll Layup (11 PTS) (Jones 5 AST)"", ""url"": """"}]",False,possessions,4Q/OT | margin -3..3 | 300..120,team
wnba,wnba_shot_pace,shot_pace,possessions,get-possessions,2025,Regular Season,team,"{'OffDef': 'Offense', 'Season': '2025', 'SeasonType': 'Regular Season', 'TeamId': '1611661321'}",shot_pace,1611661321,4Q/OT | margin -3..3 | 300..120,get-possessions__possessions__off_def-Offense__season-2025__season_type-Regular_Season__team_id-1611661321__534a4266,get-possessions,https://api.pbpstats.com/get-possessions/wnba?OffDef=Offense&Season=2025&SeasonType=Regular+Season&TeamId=1611661321,200,424,03:40,"Siegrist 12' Pullup Jump Shot (13 PTS)
",1,1,0,0,2025-08-27,1022500246,0,0,CON,3,0,-10,03:50,Off At Rim Make,0,"[{""description"": ""Siegrist 12' Pullup Jump Shot (13 PTS)"", ""url"": """"}]",False,possessions,4Q/OT | margin -3..3 | 300..120,team
wnba,wnba_shot_pace,shot_pace,possessions,get-possessions,2025,Regular Season,team,"{'OffDef': 'Offense', 'Season': '2025', 'SeasonType': 'Regular Season', 'TeamId': '1611661321'}",shot_pace,1611661321,4Q/OT | margin -3..3 | 300..120,get-possessions__possessions__off_def-Offense__season-2025__season_type-Regular_Season__team_id-1611661321__534a4266,get-possessions,https://api.pbpstats.com/get-possessions/wnba?OffDef=Offense&Season=2025&SeasonType=Regular+Season&TeamId=1611661321,200,425,04:04,"Rivers S.FOUL (P1.T2)
Hines-Allen Free Throw 1 of 2 (12 PTS)
Hines-Allen Free Throw 2 of 2 (13 PTS)
",0,0,0,0,2025-08-27,1022500246,0,0,CON,3,1,-10,04:14,Off Short Mid-Range Miss,0,"[{""description"": ""Rivers S.FOUL (P1.T2)"", ""url"": """"}, {""description"": ""Hines-Allen Free Throw 1 of 2 (12 PTS)"", ""url"": """"}, {""description"": ""Hines-Allen Free Throw 2 of 2 (13 PTS)"", ""url"": """"}]",False,possessions,4Q/OT | margin -3..3 | 300..120,team
wnba,wnba_shot_pace,shot_pace,possessions,get-possessions,2025,Regular Season,team,"{'OffDef': 'Offense', 'Season': '2025', 'SeasonType': 'Regular Season', 'TeamId': '1611661321'}",shot_pace,1611661321,4Q/OT | margin -3..3 | 300..120,get-possessions__possessions__off_def-Offense__season-2025__season_type-Regular_Season__team_id-1611661321__534a4266,get-possessions,https://api.pbpstats.com/get-possessions/wnba?OffDef=Offense&Season=2025&SeasonType=Regular+Season&TeamId=1611661321,200,426,04:37,"MISS Okonkwo 24' 3PT Jump Shot
Jones REBOUND (Off:3 Def:2)
Morrow S.FOUL (P1.T1)
Hines-Allen Free Throw 1 of 2 (10 PTS)
Hines-Allen Free Throw 2 of 2 (11 PTS)
",0,0,1,0,2025-08-27,1022500246,0,1,CON,3,1,-12,04:59,Off Timeout,0,"[{""description"": ""MISS Okonkwo 24' 3PT Jump Shot"", ""url"": """"}, {""description"": ""Jones REBOUND (Off:3 Def:2)"", ""url"": """"}, {""description"": ""Morrow S.FOUL (P1.T1)"", ""url"": """"}, {""description"": ""Hines-Allen Free Throw 1 of 2 (10 PTS)"", ""url"": """"}, {""description"": ""Hines-Allen Free Throw 2 of 2 (11 PTS)"", ""url"": """"}]",False,possessions,4Q/OT | margin -3..3 | 300..120,team
wnba,wnba_shot_pace,shot_pace,possessions,get-possessions,2025,Regular Season,team,"{'OffDef': 'Offense', 'Season': '2025', 'SeasonType': 'Regular Season', 'TeamId': '1611661321'}",shot_pace,1611661321,4Q/OT | margin -3..3 | 300..120,get-possessions__possessions__off_def-Offense__season-2025__season_type-Regular_Season__team_id-1611661321__534a4266,get-possessions,https://api.pbpstats.com/get-possessions/wnba?OffDef=Offense&Season=2025&SeasonType=Regular+Season&TeamId=1611661321,200,427,05:19,"Okonkwo Traveling Turnover (P1.T10)
",0,0,0,0,2025-08-27,1022500246,0,0,CON,3,0,-10,05:34,Off Timeout,1,"[{""description"": ""Okonkwo Traveling Turnover (P1.T10)"", ""url"": """"}]",False,possessions,4Q/OT | margin -3..3 | 300..120,team
wnba,wnba_shot_pace,shot_pace,possessions,get-possessions,2025,Regular Season,team,"{'OffDef': 'Offense', 'Season': '2025', 'SeasonType': 'Regular Season', 'TeamId': '1611661321'}",shot_pace,1611661321,4Q/OT | margin -3..3 | 300..120,get-possessions__possessions__off_def-Offense__season-2025__season_type-Regular_Season__team_id-1611661321__534a4266,get-possessions,https://api.pbpstats.com/get-possessions/wnba?OffDef=Offense&Season=2025&SeasonType=Regular+Season&TeamId=1611661321,200,428,05:48,"Siegrist Out of Bounds - Bad Pass Turnover Turnover (P2.T9)
",0,0,0,0,2025-08-27,1022500246,0,0,CON,3,0,-7,06:00,Off Long Mid-Range Make,1,"[{""description"": ""Siegrist Out of Bounds - Bad Pass Turnover Turnover (P2.T9)"", ""url"": """"}]",False,possessions,4Q/OT | margin -3..3 | 300..120,team
wnba,wnba_shot_pace,shot_pace,possessions,get-possessions,2025,Regular Season,team,"{'OffDef': 'Offense', 'Season': '2025', 'SeasonType': 'Regular Season', 'TeamId': '1611661321'}",shot_pace,1611661321,4Q/OT | margin -3..3 | 300..120,get-possessions__possessions__off_def-Offense__season-2025__season_type-Regular_Season__team_id-1611661321__534a4266,get-possessions,https://api.pbpstats.com/get-possessions/wnba?OffDef=Offense&Season=2025&SeasonType=Regular+Season&TeamId=1611661321,200,429,06:18,"MISS Hines-Allen 17' Pullup Jump Shot
WINGS Rebound
Siegrist 4' Cutting Layup Shot (11 PTS) (Jones 4 AST)
",2,1,0,0,2025-08-27,1022500246,0,1,CON,3,0,-7,06:28,Off Dead Ball,0,"[{""description"": ""MISS Hines-Allen 17' Pullup Jump Shot"", ""url"": """"}, {""description"": ""WINGS Rebound"", ""url"": """"}, {""description"": ""Siegrist 4' Cutting Layup Shot (11 PTS) (Jones 4 AST)"", ""url"": """"}]",False,possessions,4Q/OT | margin -3..3 | 300..120,team
wnba,wnba_shot_pace,shot_pace,possessions,get-possessions,2025,Regular Season,team,"{'OffDef': 'Offense', 'Season': '2025', 'SeasonType': 'Regular Season', 'TeamId': '1611661321'}",shot_pace,1611661321,4Q/OT | margin -3..3 | 300..120,get-possessions__possessions__off_def-Offense__season-2025__season_type-Regular_Season__team_id-1611661321__534a4266,get-possessions,https://api.pbpstats.com/get-possessions/wnba?OffDef=Offense&Season=2025&SeasonType=Regular+Season&TeamId=1611661321,200,430,06:30,"Hines-Allen Lost Ball Turnover (P2.T8): Lacan STEAL (4 STL)
",0,0,0,0,2025-08-27,1022500246,0,0,CON,3,0,-7,06:34,Off Long Mid-Range Miss,1,"[{""description"": ""Hines-Allen Lost Ball Turnover (P2.T8): Lacan STEAL (4 STL)"", ""url"": """"}]",False,possessions,4Q/OT | margin -3..3 | 300..120,team
wnba,wnba_shot_pace,shot_pace,possessions,get-possessions,2025,Regular Season,team,"{'OffDef': 'Offense', 'Season': '2025', 'SeasonType': 'Regular Season', 'TeamId': '1611661321'}",shot_pace,1611661321,4Q/OT | margin -3..3 | 300..120,get-possessions__possessions__off_def-Offense__season-2025__season_type-Regular_Season__team_id-1611661321__534a4266,get-possessions,https://api.pbpstats.com/get-possessions/wnba?OffDef=Offense&Season=2025&SeasonType=Regular+Season&TeamId=1611661321,200,431,06:56,"Hines-Allen 3' Cutting Layup Shot (9 PTS) (Jones 3 AST)
",1,1,0,0,2025-08-27,1022500246,0,0,CON,3,0,-9,07:05,Off Long Mid-Range Miss,0,"[{""description"": ""Hines-Allen 3' Cutting Layup Shot (9 PTS) (Jones 3 AST)"", ""url"": """"}]",False,possessions,4Q/OT | margin -3..3 | 300..120,team
wnba,wnba_shot_pace,shot_pace,possessions,get-possessions,2025,Regular Season,team,"{'OffDef': 'Offense', 'Season': '2025', 'SeasonType': 'Regular Season', 'TeamId': '1611661321'}",shot_pace,1611661321,4Q/OT | margin -3..3 | 300..120,get-possessions__possessions__off_def-Offense__season-2025__season_type-Regular_Season__team_id-1611661321__534a4266,get-possessions,https://api.pbpstats.com/get-possessions/wnba?OffDef=Offense&Season=2025&SeasonType=Regular+Season&TeamId=1611661321,200,432,07:17,"MISS James 7' Driving Layup
Morrow REBOUND (Off:0 Def:7)
",1,0,0,0,2025-08-27,1022500246,0,0,CON,3,0,-9,07:33,Off FT Make,0,"[{""description"": ""MISS James 7' Driving Layup"", ""url"": """"}, {""description"": ""Morrow REBOUND (Off:0 Def:7)"", ""url"": """"}]",False,possessions,4Q/OT | margin -3..3 | 300..120,team
wnba,wnba_shot_pace,shot_pace,possessions,get-possessions,2025,Regular Season,team,"{'OffDef': 'Offense', 'Season': '2025', 'SeasonType': 'Regular Season', 'TeamId': '1611661321'}",shot_pace,1611661321,4Q/OT | margin -3..3 | 300..120,get-possessions__possessions__off_def-Offense__season-2025__season_type-Regular_Season__team_id-1611661321__534a4266,get-possessions,https://api.pbpstats.com/get-possessions/wnba?OffDef=Offense&Season=2025&SeasonType=Regular+Season&TeamId=1611661321,200,433,07:40,"MISS James 3PT Running Jump Shot
Morrow REBOUND (Off:0 Def:6)
",0,0,1,0,2025-08-27,1022500246,0,0,CON,3,0,-6,07:45,Off At Rim Miss,0,"[{""description"": ""MISS James 3PT Running Jump Shot"", ""url"": """"}, {""description"": ""Morrow REBOUND (Off:0 Def:6)"", ""url"": """"}]",False,possessions,4Q/OT | margin -3..3 | 300..120,team
wnba,wnba_shot_pace,shot_pace,possessions,get-possessions,2025,Regular Season,team,"{'OffDef': 'Offense', 'Season': '2025', 'SeasonType': 'Regular Season', 'TeamId': '1611661321'}",shot_pace,1611661321,4Q/OT | margin -3..3 | 300..120,get-possessions__possessions__off_def-Offense__season-2025__season_type-Regular_Season__team_id-1611661321__534a4266,get-possessions,https://api.pbpstats.com/get-possessions/wnba?OffDef=Offense&Season=2025&SeasonType=Regular+Season&TeamId=1611661321,200,434,07:52,"Jones Bad Pass Turnover (P2.T7): Hartley STEAL (1 STL)
",0,0,0,0,2025-08-27,1022500246,0,0,CON,3,0,-6,08:07,Off FT Make,1,"[{""description"": ""Jones Bad Pass Turnover (P2.T7): Hartley STEAL (1 STL)"", ""url"": """"}]",False,possessions,4Q/OT | margin -3..3 | 300..120,team
wnba,wnba_shot_pace,shot_pace,possessions,get-possessions,2025,Regular Season,team,"{'OffDef': 'Offense', 'Season': '2025', 'SeasonType': 'Regular Season', 'TeamId': '1611661321'}",shot_pace,1611661321,4Q/OT | margin -3..3 | 300..120,get-possessions__possessions__off_def-Offense__season-2025__season_type-Regular_Season__team_id-1611661321__534a4266,get-possessions,https://api.pbpstats.com/get-possessions/wnba?OffDef=Offense&Season=2025&SeasonType=Regular+Season&TeamId=1611661321,200,435,08:18,"Berger 8' Turnaround Jump Shot (5 PTS)
",1,1,0,0,2025-08-27,1022500246,0,0,CON,3,0,-5,08:41,Off Short Mid-Range Make,0,"[{""description"": ""Berger 8' Turnaround Jump Shot (5 PTS)"", ""url"": """"}]",False,possessions,4Q/OT | margin -3..3 | 300..120,team
wnba,wnba_shot_pace,shot_pace,possessions,get-possessions,2025,Regular Season,team,"{'OffDef': 'Offense', 'Season': '2025', 'SeasonType': 'Regular Season', 'TeamId': '1611661321'}",shot_pace,1611661321,4Q/OT | margin -3..3 | 300..120,get-possessions__possessions__off_def-Offense__season-2025__season_type-Regular_Season__team_id-1611661321__534a4266,get-possessions,https://api.pbpstats.com/get-possessions/wnba?OffDef=Offense&Season=2025&SeasonType=Regular+Season&TeamId=1611661321,200,436,09:04,"Geiselsöder 2' Cutting Layup Shot (4 PTS) (James 4 AST)
",1,1,0,0,2025-08-27,1022500246,0,0,CON,3,0,-5,09:21,Off At Rim Make,0,"[{""description"": ""Geiselsöder 2' Cutting Layup Shot (4 PTS) (James 4 AST)"", ""url"": """"}]",False,possessions,4Q/OT | margin -3..3 | 300..120,team
wnba,wnba_shot_pace,shot_pace,possessions,get-possessions,2025,Regular Season,team,"{'OffDef': 'Offense', 'Season': '2025', 'SeasonType': 'Regular Season', 'TeamId': '1611661321'}",shot_pace,1611661321,4Q/OT | margin -3..3 | 300..120,get-possessions__possessions__off_def-Offense__season-2025__season_type-Regular_Season__team_id-1611661321__534a4266,get-possessions,https://api.pbpstats.com/get-possessions/wnba?OffDef=Offense&Season=2025&SeasonType=Regular+Season&TeamId=1611661321,200,437,09:29,"Jones 7' Turnaround Fadeaway (12 PTS) (Siegrist 2 AST)
",1,1,0,0,2025-08-27,1022500246,0,0,CON,3,0,-5,09:35,Off Arc 3 Miss,0,"[{""description"": ""Jones 7' Turnaround Fadeaway (12 PTS) (Siegrist 2 AST)"", ""url"": """"}]",False,possessions,4Q/OT | margin -3..3 | 300..120,team
wnba,wnba_shot_pace,shot_pace,possessions,get-possessions,2025,Regular Season,team,"{'OffDef': 'Offense', 'Season': '2025', 'SeasonType': 'Regular Season', 'TeamId': '1611661321'}",shot_pace,1611661321,4Q/OT | margin -3..3 | 300..120,get-possessions__possessions__off_def-Offense__season-2025__season_type-Regular_Season__team_id-1611661321__534a4266,get-possessions,https://api.pbpstats.com/get-possessions/wnba?OffDef=Offense&Season=2025&SeasonType=Regular+Season&TeamId=1611661321,200,438,00:02,"MISS Berger 6' Driving Finger Roll Layup
Geiselsöder REBOUND (Off:1 Def:2)
Geiselsöder 1' Tip Layup Shot (2 PTS)
",2,1,0,0,2025-08-27,1022500246,0,1,CON,2,0,-4,00:07,Off Dead Ball,0,"[{""description"": ""MISS Berger 6' Driving Finger Roll Layup"", ""url"": """"}, {""description"": ""Geiselsöder REBOUND (Off:1 Def:2)"", ""url"": """"}, {""description"": ""Geiselsöder 1' Tip Layup Shot (2 PTS)"", ""url"": """"}]",False,possessions,4Q/OT | margin -3..3 | 300..120,team
wnba,wnba_shot_pace,shot_pace,possessions,get-possessions,2025,Regular Season,team,"{'OffDef': 'Offense', 'Season': '2025', 'SeasonType': 'Regular Season', 'TeamId': '1611661321'}",shot_pace,1611661321,4Q/OT | margin -3..3 | 300..120,get-possessions__possessions__off_def-Offense__season-2025__season_type-Regular_Season__team_id-1611661321__534a4266,get-possessions,https://api.pbpstats.com/get-possessions/wnba?OffDef=Offense&Season=2025&SeasonType=Regular+Season&TeamId=1611661321,200,439,00:28,"Jones 8' Turnaround Jump Shot (10 PTS)
",1,1,0,0,2025-08-27,1022500246,0,0,CON,2,0,-6,00:34,Off FT Make,0,"[{""description"": ""Jones 8' Turnaround Jump Shot (10 PTS)"", ""url"": """"}]",False,possessions,4Q/OT | margin -3..3 | 300..120,team
wnba,wnba_shot_pace,shot_pace,possessions,get-possessions,2025,Regular Season,team,"{'OffDef': 'Offense', 'Season': '2025', 'SeasonType': 'Regular Season', 'TeamId': '1611661321'}",shot_pace,1611661321,4Q/OT | margin -3..3 | 300..120,get-possessions__possessions__off_def-Offense__season-2025__season_type-Regular_Season__team_id-1611661321__534a4266,get-possessions,https://api.pbpstats.com/get-possessions/wnba?OffDef=Offense&Season=2025&SeasonType=Regular+Season&TeamId=1611661321,200,440,00:41,"MISS James 3PT Jump Shot
Morrow REBOUND (Off:0 Def:5)
",0,0,1,0,2025-08-27,1022500246,0,0,CON,2,0,-3,01:08,Off Short Mid-Range Make,0,"[{""description"": ""MISS James 3PT Jump Shot"", ""url"": """"}, {""description"": ""Morrow REBOUND (Off:0 Def:5)"", ""url"": """"}]",False,possessions,4Q/OT | margin -3..3 | 300..120,team
wnba,wnba_shot_pace,shot_pace,possessions,get-possessions,2025,Regular Season,team,"{'OffDef': 'Offense', 'Season': '2025', 'SeasonType': 'Regular Season', 'TeamId': '1611661321'}",shot_pace,1611661321,4Q/OT | margin -3..3 | 300..120,get-possessions__possessions__off_def-Offense__season-2025__season_type-Regular_Season__team_id-1611661321__534a4266,get-possessions,https://api.pbpstats.com/get-possessions/wnba?OffDef=Offense&Season=2025&SeasonType=Regular+Season&TeamId=1611661321,200,441,01:23,"Geiselsöder OFF.Foul (P2)
Geiselsöder Offensive Foul Turnover (P2.T6)
",0,0,0,0,2025-08-27,1022500246,0,0,CON,2,0,-1,01:39,Off At Rim Make,1,"[{""description"": ""Geiselsöder OFF.Foul (P2)"", ""url"": """"}, {""description"": ""Geiselsöder Offensive Foul Turnover (P2.T6)"", ""url"": """"}]",False,possessions,4Q/OT | margin -3..3 | 300..120,team
wnba,wnba_shot_pace,shot_pace,possessions,get-possessions,2025,Regular Season,team,"{'OffDef': 'Offense', 'Season': '2025', 'SeasonType': 'Regular Season', 'TeamId': '1611661321'}",shot_pace,1611661321,4Q/OT | margin -3..3 | 300..120,get-possessions__possessions__off_def-Offense__season-2025__season_type-Regular_Season__team_id-1611661321__534a4266,get-possessions,https://api.pbpstats.com/get-possessions/wnba?OffDef=Offense&Season=2025&SeasonType=Regular+Season&TeamId=1611661321,200,442,01:47,"MISS Geiselsöder 3PT Jump Shot
Morrow REBOUND (Off:0 Def:4)
",0,0,1,0,2025-08-27,1022500246,0,0,CON,2,0,1,02:04,Off FT Make,0,"[{""description"": ""MISS Geiselsöder 3PT Jump Shot"", ""url"": """"}, {""description"": ""Morrow REBOUND (Off:0 Def:4)"", ""url"": """"}]",False,possessions,4Q/OT | margin -3..3 | 300..120,team
wnba,wnba_shot_pace,shot_pace,possessions,get-possessions,2025,Regular Season,team,"{'OffDef': 'Offense', 'Season': '2025', 'SeasonType': 'Regular Season', 'TeamId': '1611661321'}",shot_pace,1611661321,4Q/OT | margin -3..3 | 300..120,get-possessions__possessions__off_def-Offense__season-2025__season_type-Regular_Season__team_id-1611661321__534a4266,get-possessions,https://api.pbpstats.com/get-possessions/wnba?OffDef=Offense&Season=2025&SeasonType=Regular+Season&TeamId=1611661321,200,443,02:09,"MISS Geiselsöder 5' Driving Hook Shot
Mabrey REBOUND (Off:0 Def:1)
",1,0,0,0,2025-08-27,1022500246,0,0,CON,2,0,3,02:35,Off Arc 3 Make,0,"[{""description"": ""MISS Geiselsöder 5' Driving Hook Shot"", ""url"": """"}, {""description"": ""Mabrey REBOUND (Off:0 Def:1)"", ""url"": """"}]",False,possessions,4Q/OT | margin -3..3 | 300..120,team
wnba,wnba_shot_pace,shot_pace,possessions,get-possessions,2025,Regular Season,team,"{'OffDef': 'Offense', 'Season': '2025', 'SeasonType': 'Regular Season', 'TeamId': '1611661321'}",shot_pace,1611661321,4Q/OT | margin -3..3 | 300..120,get-possessions__possessions__off_def-Offense__season-2025__season_type-Regular_Season__team_id-1611661321__534a4266,get-possessions,https://api.pbpstats.com/get-possessions/wnba?OffDef=Offense&Season=2025&SeasonType=Regular+Season&TeamId=1611661321,200,444,02:52,"James 2' Driving Layup (9 PTS)
",1,1,0,0,2025-08-27,1022500246,0,0,CON,2,0,4,03:06,Off Short Mid-Range Make,0,"[{""description"": ""James 2' Driving Layup (9 PTS)"", ""url"": """"}]",False,possessions,4Q/OT | margin -3..3 | 300..120,team
wnba,wnba_shot_pace,shot_pace,possessions,get-possessions,2025,Regular Season,team,"{'OffDef': 'Offense', 'Season': '2025', 'SeasonType': 'Regular Season', 'TeamId': '1611661321'}",shot_pace,1611661321,4Q/OT | margin -3..3 | 300..120,get-possessions__possessions__off_def-Offense__season-2025__season_type-Regular_Season__team_id-1611661321__534a4266,get-possessions,https://api.pbpstats.com/get-possessions/wnba?OffDef=Offense&Season=2025&SeasonType=Regular+Season&TeamId=1611661321,200,445,03:24,"MISS Miller 25' 3PT Jump Shot
Sun Rebound
",0,0,1,0,2025-08-27,1022500246,0,0,CON,2,0,6,03:43,Off At Rim Make,0,"[{""description"": ""MISS Miller 25' 3PT Jump Shot"", ""url"": """"}, {""description"": ""Sun Rebound"", ""url"": """"}]",False,possessions,4Q/OT | margin -3..3 | 300..120,team
wnba,wnba_shot_pace,shot_pace,possessions,get-possessions,2025,Regular Season,team,"{'OffDef': 'Offense', 'Season': '2025', 'SeasonType': 'Regular Season', 'TeamId': '1611661321'}",shot_pace,1611661321,4Q/OT | margin -3..3 | 300..120,get-possessions__possessions__off_def-Offense__season-2025__season_type-Regular_Season__team_id-1611661321__534a4266,get-possessions,https://api.pbpstats.com/get-possessions/wnba?OffDef=Offense&Season=2025&SeasonType=Regular+Season&TeamId=1611661321,200,446,03:57,"Siegrist 2' Running Layup (9 PTS) (James 3 AST)
",1,1,0,0,2025-08-27,1022500246,0,0,CON,2,0,6,04:04,Off Arc 3 Miss,0,"[{""description"": ""Siegrist 2' Running Layup (9 PTS) (James 3 AST)"", ""url"": """"}]",False,possessions,4Q/OT | margin -3..3 | 300..120,team
wnba,wnba_shot_pace,shot_pace,possessions,get-possessions,2025,Regular Season,team,"{'OffDef': 'Offense', 'Season': '2025', 'SeasonType': 'Regular Season', 'TeamId': '1611661321'}",shot_pace,1611661321,4Q/OT | margin -3..3 | 300..120,get-possessions__possessions__off_def-Offense__season-2025__season_type-Regular_Season__team_id-1611661321__534a4266,get-possessions,https://api.pbpstats.com/get-possessions/wnba?OffDef=Offense&Season=2025&SeasonType=Regular+Season&TeamId=1611661321,200,447,04:19,"Miller 3' Running Layup (2 PTS)
",1,1,0,0,2025-08-27,1022500246,0,0,CON,2,0,4,04:24,Off Corner 3 Miss,0,"[{""description"": ""Miller 3' Running Layup (2 PTS)"", ""url"": """"}]",False,possessions,4Q/OT | margin -3..3 | 300..120,team
wnba,wnba_shot_pace,shot_pace,possessions,get-possessions,2025,Regular Season,team,"{'OffDef': 'Offense', 'Season': '2025', 'SeasonType': 'Regular Season', 'TeamId': '1611661321'}",shot_pace,1611661321,4Q/OT | margin -3..3 | 300..120,get-possessions__possessions__off_def-Offense__season-2025__season_type-Regular_Season__team_id-1611661321__534a4266,get-possessions,https://api.pbpstats.com/get-possessions/wnba?OffDef=Offense&Season=2025&SeasonType=Regular+Season&TeamId=1611661321,200,448,04:44,"Siegrist 10' Fadeaway Jumper (7 PTS) (Jones 2 AST)
",1,1,0,0,2025-08-27,1022500246,0,0,CON,2,0,2,05:00,Off Timeout,0,"[{""description"": ""Siegrist 10' Fadeaway Jumper (7 PTS) (Jones 2 AST)"", ""url"": """"}]",False,possessions,4Q/OT | margin -3..3 | 300..120,team
wnba,wnba_shot_pace,shot_pace,possessions,get-possessions,2025,Regular Season,team,"{'OffDef': 'Offense', 'Season': '2025', 'SeasonType': 'Regular Season', 'TeamId': '1611661321'}",shot_pace,1611661321,4Q/OT | margin -3..3 | 300..120,get-possessions__possessions__off_def-Offense__season-2025__season_type-Regular_Season__team_id-1611661321__534a4266,get-possessions,https://api.pbpstats.com/get-possessions/wnba?OffDef=Offense&Season=2025&SeasonType=Regular+Season&TeamId=1611661321,200,449,05:09,"MISS Okonkwo 24' 3PT Pullup Jump Shot
Hartley REBOUND (Off:0 Def:2)
",0,0,1,0,2025-08-27,1022500246,0,0,CON,2,0,5,05:23,Off Long Mid-Range Make,0,"[{""description"": ""MISS Okonkwo 24' 3PT Pullup Jump Shot"", ""url"": """"}, {""description"": ""Hartley REBOUND (Off:0 Def:2)"", ""url"": """"}]",False,possessions,4Q/OT | margin -3..3 | 300..120,team
wnba,wnba_shot_pace,shot_pace,possessions,get-possessions,2025,Regular Season,team,"{'OffDef': 'Offense', 'Season': '2025', 'SeasonType': 'Regular Season', 'TeamId': '1611661321'}",shot_pace,1611661321,4Q/OT | margin -3..3 | 300..120,get-possessions__possessions__off_def-Offense__season-2025__season_type-Regular_Season__team_id-1611661321__534a4266,get-possessions,https://api.pbpstats.com/get-possessions/wnba?OffDef=Offense&Season=2025&SeasonType=Regular+Season&TeamId=1611661321,200,450,05:37,"Siegrist 3' Layup (5 PTS) (Okonkwo 1 AST)
",1,1,0,0,2025-08-27,1022500246,0,0,CON,2,0,5,05:46,Off FT Make,0,"[{""description"": ""Siegrist 3' Layup (5 PTS) (Okonkwo 1 AST)"", ""url"": """"}]",False,possessions,4Q/OT | margin -3..3 | 300..120,team
wnba,wnba_shot_pace,shot_pace,possessions,get-possessions,2025,Regular Season,team,"{'OffDef': 'Offense', 'Season': '2025', 'SeasonType': 'Regular Season', 'TeamId': '1611661321'}",shot_pace,1611661321,4Q/OT | margin -3..3 | 300..120,get-possessions__possessions__off_def-Offense__season-2025__season_type-Regular_Season__team_id-1611661321__534a4266,get-possessions,https://api.pbpstats.com/get-possessions/wnba?OffDef=Offense&Season=2025&SeasonType=Regular+Season&TeamId=1611661321,200,451,05:50,"Jones Bad Pass Turnover (P1.T5): Mabrey STEAL (1 STL)
",0,0,0,0,2025-08-27,1022500246,0,0,CON,2,0,7,05:58,Off Dead Ball,1,"[{""description"": ""Jones Bad Pass Turnover (P1.T5): Mabrey STEAL (1 STL)"", ""url"": """"}]",False,possessions,4Q/OT | margin -3..3 | 300..120,team
wnba,wnba_shot_pace,shot_pace,possessions,get-possessions,2025,Regular Season,team,"{'OffDef': 'Offense', 'Season': '2025', 'SeasonType': 'Regular Season', 'TeamId': '1611661321'}",shot_pace,1611661321,4Q/OT | margin -3..3 | 300..120,get-possessions__possessions__off_def-Offense__season-2025__season_type-Regular_Season__team_id-1611661321__534a4266,get-possessions,https://api.pbpstats.com/get-possessions/wnba?OffDef=Offense&Season=2025&SeasonType=Regular+Season&TeamId=1611661321,200,452,06:08,"Lacan P.FOUL (P2.T2)
MISS Geiselsöder 13' Turnaround Fadeaway Shot
Morrow REBOUND (Off:0 Def:3)
",1,0,0,0,2025-08-27,1022500246,0,0,CON,2,0,7,06:28,Off Short Mid-Range Make,0,"[{""description"": ""Lacan P.FOUL (P2.T2)"", ""url"": """"}, {""description"": ""MISS Geiselsöder 13' Turnaround Fadeaway Shot"", ""url"": """"}, {""description"": ""Morrow REBOUND (Off:0 Def:3)"", ""url"": """"}]",False,possessions,4Q/OT | margin -3..3 | 300..120,team
wnba,wnba_shot_pace,shot_pace,possessions,get-possessions,2025,Regular Season,team,"{'OffDef': 'Offense', 'Season': '2025', 'SeasonType': 'Regular Season', 'TeamId': '1611661321'}",shot_pace,1611661321,4Q/OT | margin -3..3 | 300..120,get-possessions__possessions__off_def-Offense__season-2025__season_type-Regular_Season__team_id-1611661321__534a4266,get-possessions,https://api.pbpstats.com/get-possessions/wnba?OffDef=Offense&Season=2025&SeasonType=Regular+Season&TeamId=1611661321,200,453,06:34,"MISS Berger 7' Driving Floating Jump Shot
Morrow REBOUND (Off:0 Def:2)
",1,0,0,0,2025-08-27,1022500246,0,0,CON,2,0,9,06:52,Off Long Mid-Range Make,0,"[{""description"": ""MISS Berger 7' Driving Floating Jump Shot"", ""url"": """"}, {""description"": ""Morrow REBOUND (Off:0 Def:2)"", ""url"": """"}]",False,possessions,4Q/OT | margin -3..3 | 300..120,team
wnba,wnba_shot_pace,shot_pace,possessions,get-possessions,2025,Regular Season,team,"{'OffDef': 'Offense', 'Season': '2025', 'SeasonType': 'Regular Season', 'TeamId': '1611661321'}",shot_pace,1611661321,4Q/OT | margin -3..3 | 300..120,get-possessions__possessions__off_def-Offense__season-2025__season_type-Regular_Season__team_id-1611661321__534a4266,get-possessions,https://api.pbpstats.com/get-possessions/wnba?OffDef=Offense&Season=2025&SeasonType=Regular+Season&TeamId=1611661321,200,454,07:07,"Hartley P.FOUL (P1.T1)
MISS Okonkwo 6' Driving Layup
Charles REBOUND (Off:0 Def:3)
",1,0,0,0,2025-08-27,1022500246,0,0,CON,2,0,11,07:28,Off Short Mid-Range Miss,0,"[{""description"": ""Hartley P.FOUL (P1.T1)"", ""url"": """"}, {""description"": ""MISS Okonkwo 6' Driving Layup"", ""url"": """"}, {""description"": ""Charles REBOUND (Off:0 Def:3)"", ""url"": """"}]",False,possessions,4Q/OT | margin -3..3 | 300..120,team
wnba,wnba_shot_pace,shot_pace,possessions,get-possessions,2025,Regular Season,team,"{'OffDef': 'Offense', 'Season': '2025', 'SeasonType': 'Regular Season', 'TeamId': '1611661321'}",shot_pace,1611661321,4Q/OT | margin -3..3 | 300..120,get-possessions__possessions__off_def-Offense__season-2025__season_type-Regular_Season__team_id-1611661321__534a4266,get-possessions,https://api.pbpstats.com/get-possessions/wnba?OffDef=Offense&Season=2025&SeasonType=Regular+Season&TeamId=1611661321,200,455,07:41,"MISS Okonkwo 25' 3PT Running Jump Shot
Morrow REBOUND (Off:0 Def:1)
",0,0,1,0,2025-08-27,1022500246,0,0,CON,2,0,11,07:49,Off Long Mid-Range Miss,0,"[{""description"": ""MISS Okonkwo 25' 3PT Running Jump Shot"", ""url"": """"}, {""description"": ""Morrow REBOUND (Off:0 Def:1)"", ""url"": """"}]",False,possessions,4Q/OT | margin -3..3 | 300..120,team
wnba,wnba_shot_pace,shot_pace,possessions,get-possessions,2025,Regular Season,team,"{'OffDef': 'Offense', 'Season': '2025', 'SeasonType': 'Regular Season', 'TeamId': '1611661321'}",shot_pace,1611661321,4Q/OT | margin -3..3 | 300..120,get-possessions__possessions__off_def-Offense__season-2025__season_type-Regular_Season__team_id-1611661321__534a4266,get-possessions,https://api.pbpstats.com/get-possessions/wnba?OffDef=Offense&Season=2025&SeasonType=Regular+Season&TeamId=1611661321,200,456,08:16,"Okonkwo 20' Pullup Jump Shot (7 PTS) (Berger 3 AST)
",1,1,0,0,2025-08-27,1022500246,0,0,CON,2,0,9,08:27,Off Corner 3 Make,0,"[{""description"": ""Okonkwo 20' Pullup Jump Shot (7 PTS) (Berger 3 AST)"", ""url"": """"}]",False,possessions,4Q/OT | margin -3..3 | 300..120,team
wnba,wnba_shot_pace,shot_pace,possessions,get-possessions,2025,Regular Season,team,"{'OffDef': 'Offense', 'Season': '2025', 'SeasonType': 'Regular Season', 'TeamId': '1611661321'}",shot_pace,1611661321,4Q/OT | margin -3..3 | 300..120,get-possessions__possessions__off_def-Offense__season-2025__season_type-Regular_Season__team_id-1611661321__534a4266,get-possessions,https://api.pbpstats.com/get-possessions/wnba?OffDef=Offense&Season=2025&SeasonType=Regular+Season&TeamId=1611661321,200,457,08:35,"MISS Berger 3PT Jump Shot
Allen REBOUND (Off:0 Def:1)
",0,0,1,0,2025-08-27,1022500246,0,0,CON,2,0,12,08:51,Off Short Mid-Range Miss,0,"[{""description"": ""MISS Berger 3PT Jump Shot"", ""url"": """"}, {""description"": ""Allen REBOUND (Off:0 Def:1)"", ""url"": """"}]",False,possessions,4Q/OT | margin -3..3 | 300..120,team
wnba,wnba_shot_pace,shot_pace,possessions,get-possessions,2025,Regular Season,team,"{'OffDef': 'Offense', 'Season': '2025', 'SeasonType': 'Regular Season', 'TeamId': '1611661321'}",shot_pace,1611661321,4Q/OT | margin -3..3 | 300..120,get-possessions__possessions__off_def-Offense__season-2025__season_type-Regular_Season__team_id-1611661321__534a4266,get-possessions,https://api.pbpstats.com/get-possessions/wnba?OffDef=Offense&Season=2025&SeasonType=Regular+Season&TeamId=1611661321,200,458,09:05,"Okonkwo 24' 3PT Running Jump Shot (5 PTS) (James 2 AST)
",0,0,1,1,2025-08-27,1022500246,0,0,CON,2,0,9,09:10,Off Short Mid-Range Miss,0,"[{""description"": ""Okonkwo 24' 3PT Running Jump Shot (5 PTS) (James 2 AST)"", ""url"": """"}]",False,possessions,4Q/OT | margin -3..3 | 300..120,team
wnba,wnba_shot_pace,shot_pace,possessions,get-possessions,2025,Regular Season,team,"{'OffDef': 'Offense', 'Season': '2025', 'SeasonType': 'Regular Season', 'TeamId': '1611661321'}",shot_pace,1611661321,4Q/OT | margin -3..3 | 300..120,get-possessions__possessions__off_def-Offense__season-2025__season_type-Regular_Season__team_id-1611661321__534a4266,get-possessions,https://api.pbpstats.com/get-possessions/wnba?OffDef=Offense&Season=2025&SeasonType=Regular+Season&TeamId=1611661321,200,459,09:23,"Geiselsöder Bad Pass Turnover (P1.T4): Allen STEAL (1 STL)
",0,0,0,0,2025-08-27,1022500246,0,0,CON,2,0,9,09:36,Off Short Mid-Range Miss,1,"[{""description"": ""Geiselsöder Bad Pass Turnover (P1.T4): Allen STEAL (1 STL)"", ""url"": """"}]",False,possessions,4Q/OT | margin -3..3 | 300..120,team
wnba,wnba_shot_pace,shot_pace,possessions,get-possessions,2025,Regular Season,team,"{'OffDef': 'Offense', 'Season': '2025', 'SeasonType': 'Regular Season', 'TeamId': '1611661321'}",shot_pace,1611661321,4Q/OT | margin -3..3 | 300..120,get-possessions__possessions__off_def-Offense__season-2025__season_type-Regular_Season__team_id-1611661321__534a4266,get-possessions,https://api.pbpstats.com/get-possessions/wnba?OffDef=Offense&Season=2025&SeasonType=Regular+Season&TeamId=1611661321,200,460,00:24,"MISS Hines-Allen 17' Jump Shot
Jones REBOUND (Off:1 Def:2)
MISS Jones 2' Putback Layup: Rivers BLOCK (1 BLK)
Jones REBOUND (Off:2 Def:2)
Hines-Allen 3' Driving Layup (7 PTS) (Berger 2 AST)
",3,1,0,0,2025-08-27,1022500246,0,2,CON,1,0,7,00:44,Off Arc 3 Make,0,"[{""description"": ""MISS Hines-Allen 17' Jump Shot"", ""url"": """"}, {""description"": ""Jones REBOUND (Off:1 Def:2)"", ""url"": """"}, {""description"": ""MISS Jones 2' Putback Layup: Rivers BLOCK (1 BLK)"", ""url"": """"}, {""description"": ""Jones REBOUND (Off:2 Def:2)"", ""url"": """"}, {""description"": ""Hines-Allen 3' Driving Layup (7 PTS) (Berger 2 AST)"", ""url"": """"}]",False,possessions,4Q/OT | margin -3..3 | 300..120,team
wnba,wnba_shot_pace,shot_pace,possessions,get-possessions,2025,Regular Season,team,"{'OffDef': 'Offense', 'Season': '2025', 'SeasonType': 'Regular Season', 'TeamId': '1611661321'}",shot_pace,1611661321,4Q/OT | margin -3..3 | 300..120,get-possessions__possessions__off_def-Offense__season-2025__season_type-Regular_Season__team_id-1611661321__534a4266,get-possessions,https://api.pbpstats.com/get-possessions/wnba?OffDef=Offense&Season=2025&SeasonType=Regular+Season&TeamId=1611661321,200,461,00:59,"Okonkwo 5' Driving Finger Roll Layup (2 PTS) (Berger 1 AST)
",1,1,0,0,2025-08-27,1022500246,0,0,CON,1,0,8,01:23,Off Arc 3 Make,0,"[{""description"": ""Okonkwo 5' Driving Finger Roll Layup (2 PTS) (Berger 1 AST)"", ""url"": """"}]",False,possessions,4Q/OT | margin -3..3 | 300..120,team
wnba,wnba_shot_pace,shot_pace,possessions,get-possessions,2025,Regular Season,team,"{'OffDef': 'Offense', 'Season': '2025', 'SeasonType': 'Regular Season', 'TeamId': '1611661321'}",shot_pace,1611661321,4Q/OT | margin -3..3 | 300..120,get-possessions__possessions__off_def-Offense__season-2025__season_type-Regular_Season__team_id-1611661321__534a4266,get-possessions,https://api.pbpstats.com/get-possessions/wnba?OffDef=Offense&Season=2025&SeasonType=Regular+Season&TeamId=1611661321,200,462,01:46,"MISS Jones 7' Turnaround Jump Shot
Nelson-Ododa REBOUND (Off:0 Def:1)
",1,0,0,0,2025-08-27,1022500246,0,0,CON,1,0,11,02:00,Off Dead Ball,0,"[{""description"": ""MISS Jones 7' Turnaround Jump Shot"", ""url"": """"}, {""description"": ""Nelson-Ododa REBOUND (Off:0 Def:1)"", ""url"": """"}]",False,possessions,4Q/OT | margin -3..3 | 300..120,team
wnba,wnba_shot_pace,shot_pace,possessions,get-possessions,2025,Regular Season,team,"{'OffDef': 'Offense', 'Season': '2025', 'SeasonType': 'Regular Season', 'TeamId': '1611661321'}",shot_pace,1611661321,4Q/OT | margin -3..3 | 300..120,get-possessions__possessions__off_def-Offense__season-2025__season_type-Regular_Season__team_id-1611661321__534a4266,get-possessions,https://api.pbpstats.com/get-possessions/wnba?OffDef=Offense&Season=2025&SeasonType=Regular+Season&TeamId=1611661321,200,463,02:15,"Hines-Allen 3PT Jump Shot (5 PTS) (Miller 1 AST)
",0,0,1,1,2025-08-27,1022500246,0,0,CON,1,0,8,02:26,Off Long Mid-Range Miss,0,"[{""description"": ""Hines-Allen 3PT Jump Shot (5 PTS) (Miller 1 AST)"", ""url"": """"}]",False,possessions,4Q/OT | margin -3..3 | 300..120,team
wnba,wnba_shot_pace,shot_pace,possessions,get-possessions,2025,Regular Season,team,"{'OffDef': 'Offense', 'Season': '2025', 'SeasonType': 'Regular Season', 'TeamId': '1611661321'}",shot_pace,1611661321,4Q/OT | margin -3..3 | 300..120,get-possessions__possessions__off_def-Offense__season-2025__season_type-Regular_Season__team_id-1611661321__534a4266,get-possessions,https://api.pbpstats.com/get-possessions/wnba?OffDef=Offense&Season=2025&SeasonType=Regular+Season&TeamId=1611661321,200,464,02:48,"Berger 6' Turnaround Jump Shot (2 PTS)
Touré S.FOUL (P1.T3)
Berger Free Throw 1 of 1 (3 PTS)
",1,1,0,0,2025-08-27,1022500246,0,0,CON,1,1,5,02:59,Off Steal,0,"[{""description"": ""Berger 6' Turnaround Jump Shot (2 PTS)"", ""url"": """"}, {""description"": ""Touré S.FOUL (P1.T3)"", ""url"": """"}, {""description"": ""Berger Free Throw 1 of 1 (3 PTS)"", ""url"": """"}]",False,possessions,4Q/OT | margin -3..3 | 300..120,team
wnba,wnba_shot_pace,shot_pace,possessions,get-possessions,2025,Regular Season,team,"{'OffDef': 'Offense', 'Season': '2025', 'SeasonType': 'Regular Season', 'TeamId': '1611661321'}",shot_pace,1611661321,4Q/OT | margin -3..3 | 300..120,get-possessions__possessions__off_def-Offense__season-2025__season_type-Regular_Season__team_id-1611661321__534a4266,get-possessions,https://api.pbpstats.com/get-possessions/wnba?OffDef=Offense&Season=2025&SeasonType=Regular+Season&TeamId=1611661321,200,465,03:06,"Hines-Allen Bad Pass Turnover (P1.T3): Lacan STEAL (3 STL)
",0,0,0,0,2025-08-27,1022500246,0,0,CON,1,0,5,03:24,Off FT Make,1,"[{""description"": ""Hines-Allen Bad Pass Turnover (P1.T3): Lacan STEAL (3 STL)"", ""url"": """"}]",False,possessions,4Q/OT | margin -3..3 | 300..120,team
wnba,wnba_shot_pace,shot_pace,possessions,get-possessions,2025,Regular Season,team,"{'OffDef': 'Offense', 'Season': '2025', 'SeasonType': 'Regular Season', 'TeamId': '1611661321'}",shot_pace,1611661321,4Q/OT | margin -3..3 | 300..120,get-possessions__possessions__off_def-Offense__season-2025__season_type-Regular_Season__team_id-1611661321__534a4266,get-possessions,https://api.pbpstats.com/get-possessions/wnba?OffDef=Offense&Season=2025&SeasonType=Regular+Season&TeamId=1611661321,200,466,03:41,"Hines-Allen 5' Running Layup (2 PTS)
",1,1,0,0,2025-08-27,1022500246,0,0,CON,1,0,5,03:46,Off Corner 3 Miss,0,"[{""description"": ""Hines-Allen 5' Running Layup (2 PTS)"", ""url"": """"}]",False,possessions,4Q/OT | margin -3..3 | 300..120,team
wnba,wnba_shot_pace,shot_pace,possessions,get-possessions,2025,Regular Season,team,"{'OffDef': 'Offense', 'Season': '2025', 'SeasonType': 'Regular Season', 'TeamId': '1611661321'}",shot_pace,1611661321,4Q/OT | margin -3..3 | 300..120,get-possessions__possessions__off_def-Offense__season-2025__season_type-Regular_Season__team_id-1611661321__534a4266,get-possessions,https://api.pbpstats.com/get-possessions/wnba?OffDef=Offense&Season=2025&SeasonType=Regular+Season&TeamId=1611661321,200,467,04:00,"MISS Miller 3' Driving Finger Roll Layup
Edwards REBOUND (Off:0 Def:1)
",1,0,0,0,2025-08-27,1022500246,0,0,CON,1,0,5,04:13,Off Short Mid-Range Make,0,"[{""description"": ""MISS Miller 3' Driving Finger Roll Layup"", ""url"": """"}, {""description"": ""Edwards REBOUND (Off:0 Def:1)"", ""url"": """"}]",False,possessions,4Q/OT | margin -3..3 | 300..120,team
wnba,wnba_shot_pace,shot_pace,possessions,get-possessions,2025,Regular Season,team,"{'OffDef': 'Offense', 'Season': '2025', 'SeasonType': 'Regular Season', 'TeamId': '1611661321'}",shot_pace,1611661321,4Q/OT | margin -3..3 | 300..120,get-possessions__possessions__off_def-Offense__season-2025__season_type-Regular_Season__team_id-1611661321__534a4266,get-possessions,https://api.pbpstats.com/get-possessions/wnba?OffDef=Offense&Season=2025&SeasonType=Regular+Season&TeamId=1611661321,200,468,04:17,"Sundell Lost Ball Turnover (P1.T2): Lacan STEAL (2 STL)
",0,0,0,0,2025-08-27,1022500246,0,0,CON,1,0,7,04:26,Off At Rim Make,1,"[{""description"": ""Sundell Lost Ball Turnover (P1.T2): Lacan STEAL (2 STL)"", ""url"": """"}]",False,possessions,4Q/OT | margin -3..3 | 300..120,team
wnba,wnba_shot_pace,shot_pace,possessions,get-possessions,2025,Regular Season,team,"{'OffDef': 'Offense', 'Season': '2025', 'SeasonType': 'Regular Season', 'TeamId': '1611661321'}",shot_pace,1611661321,4Q/OT | margin -3..3 | 300..120,get-possessions__possessions__off_def-Offense__season-2025__season_type-Regular_Season__team_id-1611661321__534a4266,get-possessions,https://api.pbpstats.com/get-possessions/wnba?OffDef=Offense&Season=2025&SeasonType=Regular+Season&TeamId=1611661321,200,469,04:42,"Jones 3' Running Reverse Layup (8 PTS)
",1,1,0,0,2025-08-27,1022500246,0,0,CON,1,0,7,04:48,Off FT Miss,0,"[{""description"": ""Jones 3' Running Reverse Layup (8 PTS)"", ""url"": """"}]",False,possessions,4Q/OT | margin -3..3 | 300..120,team
wnba,wnba_shot_pace,shot_pace,possessions,get-possessions,2025,Regular Season,team,"{'OffDef': 'Offense', 'Season': '2025', 'SeasonType': 'Regular Season', 'TeamId': '1611661321'}",shot_pace,1611661321,4Q/OT | margin -3..3 | 300..120,get-possessions__possessions__off_def-Offense__season-2025__season_type-Regular_Season__team_id-1611661321__534a4266,get-possessions,https://api.pbpstats.com/get-possessions/wnba?OffDef=Offense&Season=2025&SeasonType=Regular+Season&TeamId=1611661321,200,470,05:00,"Siegrist Lost Ball Turnover (P1.T1): Lacan STEAL (1 STL)
",0,0,0,0,2025-08-27,1022500246,0,0,CON,1,0,8,05:13,Off Arc 3 Miss,1,"[{""description"": ""Siegrist Lost Ball Turnover (P1.T1): Lacan STEAL (1 STL)"", ""url"": """"}]",False,possessions,4Q/OT | margin -3..3 | 300..120,team
wnba,wnba_shot_pace,shot_pace,possessions,get-possessions,2025,Regular Season,team,"{'OffDef': 'Offense', 'Season': '2025', 'SeasonType': 'Regular Season', 'TeamId': '1611661321'}",shot_pace,1611661321,4Q/OT | margin -3..3 | 300..120,get-possessions__possessions__off_def-Offense__season-2025__season_type-Regular_Season__team_id-1611661321__534a4266,get-possessions,https://api.pbpstats.com/get-possessions/wnba?OffDef=Offense&Season=2025&SeasonType=Regular+Season&TeamId=1611661321,200,471,05:33,"Siegrist 2' Cutting Layup Shot (2 PTS) (James 1 AST)
Edwards S.FOUL (P1.T2)
Siegrist Free Throw 1 of 1 (3 PTS)
",1,1,0,0,2025-08-27,1022500246,0,0,CON,1,1,5,05:44,Off At Rim Make,0,"[{""description"": ""Siegrist 2' Cutting Layup Shot (2 PTS) (James 1 AST)"", ""url"": """"}, {""description"": ""Edwards S.FOUL (P1.T2)"", ""url"": """"}, {""description"": ""Siegrist Free Throw 1 of 1 (3 PTS)"", ""url"": """"}]",False,possessions,4Q/OT | margin -3..3 | 300..120,team
wnba,wnba_shot_pace,shot_pace,possessions,get-possessions,2025,Regular Season,team,"{'OffDef': 'Offense', 'Season': '2025', 'SeasonType': 'Regular Season', 'TeamId': '1611661321'}",shot_pace,1611661321,4Q/OT | margin -3..3 | 300..120,get-possessions__possessions__off_def-Offense__season-2025__season_type-Regular_Season__team_id-1611661321__534a4266,get-possessions,https://api.pbpstats.com/get-possessions/wnba?OffDef=Offense&Season=2025&SeasonType=Regular+Season&TeamId=1611661321,200,472,05:49,"MISS James 6' Driving Floating Jump Shot
Lacan REBOUND (Off:0 Def:1)
",1,0,0,0,2025-08-27,1022500246,0,0,CON,1,0,7,06:08,Off FT Make,0,"[{""description"": ""MISS James 6' Driving Floating Jump Shot"", ""url"": """"}, {""description"": ""Lacan REBOUND (Off:0 Def:1)"", ""url"": """"}]",False,possessions,4Q/OT | margin -3..3 | 300..120,team
wnba,wnba_shot_pace,shot_pace,possessions,get-possessions,2025,Regular Season,team,"{'OffDef': 'Offense', 'Season': '2025', 'SeasonType': 'Regular Season', 'TeamId': '1611661321'}",shot_pace,1611661321,4Q/OT | margin -3..3 | 300..120,get-possessions__possessions__off_def-Offense__season-2025__season_type-Regular_Season__team_id-1611661321__534a4266,get-possessions,https://api.pbpstats.com/get-possessions/wnba?OffDef=Offense&Season=2025&SeasonType=Regular+Season&TeamId=1611661321,200,473,06:20,"James 3PT Jump Shot (7 PTS) (Jones 1 AST)
",0,0,1,1,2025-08-27,1022500246,0,0,CON,1,0,5,06:30,Off Dead Ball,0,"[{""description"": ""James 3PT Jump Shot (7 PTS) (Jones 1 AST)"", ""url"": """"}]",False,possessions,4Q/OT | margin -3..3 | 300..120,team
wnba,wnba_shot_pace,shot_pace,possessions,get-possessions,2025,Regular Season,team,"{'OffDef': 'Offense', 'Season': '2025', 'SeasonType': 'Regular Season', 'TeamId': '1611661321'}",shot_pace,1611661321,4Q/OT | margin -3..3 | 300..120,get-possessions__possessions__off_def-Offense__season-2025__season_type-Regular_Season__team_id-1611661321__534a4266,get-possessions,https://api.pbpstats.com/get-possessions/wnba?OffDef=Offense&Season=2025&SeasonType=Regular+Season&TeamId=1611661321,200,474,06:40,"Jones 3' Driving Reverse Layup (6 PTS)
",1,1,0,0,2025-08-27,1022500246,0,0,CON,1,0,3,06:54,Off Short Mid-Range Miss,0,"[{""description"": ""Jones 3' Driving Reverse Layup (6 PTS)"", ""url"": """"}]",False,possessions,4Q/OT | margin -3..3 | 300..120,team
wnba,wnba_shot_pace,shot_pace,possessions,get-possessions,2025,Regular Season,team,"{'OffDef': 'Offense', 'Season': '2025', 'SeasonType': 'Regular Season', 'TeamId': '1611661321'}",shot_pace,1611661321,4Q/OT | margin -3..3 | 300..120,get-possessions__possessions__off_def-Offense__season-2025__season_type-Regular_Season__team_id-1611661321__534a4266,get-possessions,https://api.pbpstats.com/get-possessions/wnba?OffDef=Offense&Season=2025&SeasonType=Regular+Season&TeamId=1611661321,200,475,07:01,"MISS Siegrist 25' 3PT Jump Shot
Hartley REBOUND (Off:0 Def:1)
",0,0,1,0,2025-08-27,1022500246,0,0,CON,1,0,3,07:14,Off FT Make,0,"[{""description"": ""MISS Siegrist 25' 3PT Jump Shot"", ""url"": """"}, {""description"": ""Hartley REBOUND (Off:0 Def:1)"", ""url"": """"}]",False,possessions,4Q/OT | margin -3..3 | 300..120,team
wnba,wnba_shot_pace,shot_pace,possessions,get-possessions,2025,Regular Season,team,"{'OffDef': 'Offense', 'Season': '2025', 'SeasonType': 'Regular Season', 'TeamId': '1611661321'}",shot_pace,1611661321,4Q/OT | margin -3..3 | 300..120,get-possessions__possessions__off_def-Offense__season-2025__season_type-Regular_Season__team_id-1611661321__534a4266,get-possessions,https://api.pbpstats.com/get-possessions/wnba?OffDef=Offense&Season=2025&SeasonType=Regular+Season&TeamId=1611661321,200,476,07:26,"MISS James 3PT Running Jump Shot
Charles REBOUND (Off:0 Def:2)
",0,0,1,0,2025-08-27,1022500246,0,0,CON,1,0,5,07:33,Off Steal,0,"[{""description"": ""MISS James 3PT Running Jump Shot"", ""url"": """"}, {""description"": ""Charles REBOUND (Off:0 Def:2)"", ""url"": """"}]",False,possessions,4Q/OT | margin -3..3 | 300..120,team
wnba,wnba_shot_pace,shot_pace,possessions,get-possessions,2025,Regular Season,team,"{'OffDef': 'Offense', 'Season': '2025', 'SeasonType': 'Regular Season', 'TeamId': '1611661321'}",shot_pace,1611661321,4Q/OT | margin -3..3 | 300..120,get-possessions__possessions__off_def-Offense__season-2025__season_type-Regular_Season__team_id-1611661321__534a4266,get-possessions,https://api.pbpstats.com/get-possessions/wnba?OffDef=Offense&Season=2025&SeasonType=Regular+Season&TeamId=1611661321,200,477,07:46,"James 8' Running Pull-Up Jump Shot (4 PTS)
",1,1,0,0,2025-08-27,1022500246,0,0,CON,1,0,3,07:50,Off Steal,0,"[{""description"": ""James 8' Running Pull-Up Jump Shot (4 PTS)"", ""url"": """"}]",False,possessions,4Q/OT | margin -3..3 | 300..120,team
wnba,wnba_shot_pace,shot_pace,possessions,get-possessions,2025,Regular Season,team,"{'OffDef': 'Offense', 'Season': '2025', 'SeasonType': 'Regular Season', 'TeamId': '1611661321'}",shot_pace,1611661321,4Q/OT | margin -3..3 | 300..120,get-possessions__possessions__off_def-Offense__season-2025__season_type-Regular_Season__team_id-1611661321__534a4266,get-possessions,https://api.pbpstats.com/get-possessions/wnba?OffDef=Offense&Season=2025&SeasonType=Regular+Season&TeamId=1611661321,200,478,08:02,"Jones 4' Driving Finger Roll Layup (4 PTS)
",1,1,0,0,2025-08-27,1022500246,0,0,CON,1,0,1,08:09,Off Steal,0,"[{""description"": ""Jones 4' Driving Finger Roll Layup (4 PTS)"", ""url"": """"}]",False,possessions,4Q/OT | margin -3..3 | 300..120,team
wnba,wnba_shot_pace,shot_pace,possessions,get-possessions,2025,Regular Season,team,"{'OffDef': 'Offense', 'Season': '2025', 'SeasonType': 'Regular Season', 'TeamId': '1611661321'}",shot_pace,1611661321,4Q/OT | margin -3..3 | 300..120,get-possessions__possessions__off_def-Offense__season-2025__season_type-Regular_Season__team_id-1611661321__534a4266,get-possessions,https://api.pbpstats.com/get-possessions/wnba?OffDef=Offense&Season=2025&SeasonType=Regular+Season&TeamId=1611661321,200,479,08:18,"Lacan P.FOUL (P1.T1)
Jones 3' Driving Finger Roll Layup (2 PTS) (Siegrist 1 AST)
",1,1,0,0,2025-08-27,1022500246,0,0,CON,1,0,-1,08:42,Off Arc 3 Make,0,"[{""description"": ""Lacan P.FOUL (P1.T1)"", ""url"": """"}, {""description"": ""Jones 3' Driving Finger Roll Layup (2 PTS) (Siegrist 1 AST)"", ""url"": """"}]",False,possessions,4Q/OT | margin -3..3 | 300..120,team
wnba,wnba_shot_pace,shot_pace,possessions,get-possessions,2025,Regular Season,team,"{'OffDef': 'Offense', 'Season': '2025', 'SeasonType': 'Regular Season', 'TeamId': '1611661321'}",shot_pace,1611661321,4Q/OT | margin -3..3 | 300..120,get-possessions__possessions__off_def-Offense__season-2025__season_type-Regular_Season__team_id-1611661321__534a4266,get-possessions,https://api.pbpstats.com/get-possessions/wnba?OffDef=Offense&Season=2025&SeasonType=Regular+Season&TeamId=1611661321,200,480,09:00,"James 6' Driving Layup (2 PTS) (Geiselsöder 1 AST)
",1,1,0,0,2025-08-27,1022500246,0,0,CON,1,0,0,09:11,Off Short Mid-Range Miss,0,"[{""description"": ""James 6' Driving Layup (2 PTS) (Geiselsöder 1 AST)"", ""url"": """"}]",False,possessions,4Q/OT | margin -3..3 | 300..120,team
wnba,wnba_shot_pace,shot_pace,possessions,get-possessions,2025,Regular Season,team,"{'OffDef': 'Offense', 'Season': '2025', 'SeasonType': 'Regular Season', 'TeamId': '1611661321'}",shot_pace,1611661321,4Q/OT | margin -3..3 | 300..120,get-possessions__possessions__off_def-Offense__season-2025__season_type-Regular_Season__team_id-1611661321__534a4266,get-possessions,https://api.pbpstats.com/get-possessions/wnba?OffDef=Offense&Season=2025&SeasonType=Regular+Season&TeamId=1611661321,200,481,09:32,"MISS Geiselsöder 24' 3PT Jump Shot
James REBOUND (Off:1 Def:0)
MISS Siegrist 6' Driving Layup
Charles REBOUND (Off:0 Def:1)
",1,0,1,0,2025-08-27,1022500246,0,1,CON,1,0,0,10:00,Off Dead Ball,0,"[{""description"": ""MISS Geiselsöder 24' 3PT Jump Shot"", ""url"": """"}, {""description"": ""James REBOUND (Off:1 Def:0)"", ""url"": """"}, {""description"": ""MISS Siegrist 6' Driving Layup"", ""url"": """"}, {""description"": ""Charles REBOUND (Off:0 Def:1)"", ""url"": """"}]",False,possessions,4Q/OT | margin -3..3 | 300..120,team
wnba,wnba_shot_pace,shot_pace,possessions,get-possessions,2025,Regular Season,team,"{'OffDef': 'Offense', 'Season': '2025', 'SeasonType': 'Regular Season', 'TeamId': '1611661321'}",shot_pace,1611661321,4Q/OT | margin -3..3 | 300..120,get-possessions__possessions__off_def-Offense__season-2025__season_type-Regular_Season__team_id-1611661321__534a4266,get-possessions,https://api.pbpstats.com/get-possessions/wnba?OffDef=Offense&Season=2025&SeasonType=Regular+Season&TeamId=1611661321,200,482,00:00,,0,0,0,0,2025-08-24,1022500239,0,0,GSV,4,0,-9,00:03,Off Timeout,0,[],False,possessions,4Q/OT | margin -3..3 | 300..120,team
wnba,wnba_shot_pace,shot_pace,possessions,get-possessions,2025,Regular Season,team,"{'OffDef': 'Offense', 'Season': '2025', 'SeasonType': 'Regular Season', 'TeamId': '1611661321'}",shot_pace,1611661321,4Q/OT | margin -3..3 | 300..120,get-possessions__possessions__off_def-Offense__season-2025__season_type-Regular_Season__team_id-1611661321__534a4266,get-possessions,https://api.pbpstats.com/get-possessions/wnba?OffDef=Offense&Season=2025&SeasonType=Regular+Season&TeamId=1611661321,200,483,00:05,"MISS Bueckers 8' Driving Layup: Burton BLOCK (4 BLK)
Bueckers REBOUND (Off:1 Def:0)
MISS Jones 25' 3PT Pullup Jump Shot
Hines-Allen REBOUND (Off:4 Def:4)
MISS Hines-Allen 3' Layup
Charles REBOUND (Off:2 Def:4)
",2,0,1,0,2025-08-24,1022500239,0,2,GSV,4,0,-7,00:21,Off Steal,0,"[{""description"": ""MISS Bueckers 8' Driving Layup: Burton BLOCK (4 BLK)"", ""url"": """"}, {""description"": ""Bueckers REBOUND (Off:1 Def:0)"", ""url"": """"}, {""description"": ""MISS Jones 25' 3PT Pullup Jump Shot"", ""url"": """"}, {""description"": ""Hines-Allen REBOUND (Off:4 Def:4)"", ""url"": """"}, {""description"": ""MISS Hines-Allen 3' Layup"", ""url"": """"}, {""description"": ""Charles REBOUND (Off:2 Def:4)"", ""url"": """"}]",False,possessions,4Q/OT | margin -3..3 | 300..120,team
wnba,wnba_shot_pace,shot_pace,possessions,get-possessions,2025,Regular Season,team,"{'OffDef': 'Offense', 'Season': '2025', 'SeasonType': 'Regular Season', 'TeamId': '1611661321'}",shot_pace,1611661321,4Q/OT | margin -3..3 | 300..120,get-possessions__possessions__off_def-Offense__season-2025__season_type-Regular_Season__team_id-1611661321__534a4266,get-possessions,https://api.pbpstats.com/get-possessions/wnba?OffDef=Offense&Season=2025&SeasonType=Regular+Season&TeamId=1611661321,200,484,00:31,"Jones 24' 3PT Jump Shot (15 PTS) (Bueckers 9 AST)
",0,0,1,1,2025-08-24,1022500239,0,0,GSV,4,0,-10,00:34,Off Timeout,0,"[{""description"": ""Jones 24' 3PT Jump Shot (15 PTS) (Bueckers 9 AST)"", ""url"": """"}]",False,possessions,4Q/OT | margin -3..3 | 300..120,team
wnba,wnba_shot_pace,shot_pace,possessions,get-possessions,2025,Regular Season,team,"{'OffDef': 'Offense', 'Season': '2025', 'SeasonType': 'Regular Season', 'TeamId': '1611661321'}",shot_pace,1611661321,4Q/OT | margin -3..3 | 300..120,get-possessions__possessions__off_def-Offense__season-2025__season_type-Regular_Season__team_id-1611661321__534a4266,get-possessions,https://api.pbpstats.com/get-possessions/wnba?OffDef=Offense&Season=2025&SeasonType=Regular+Season&TeamId=1611661321,200,485,01:06,"Bueckers 6' Driving Floating Bank Jump Shot (9 PTS)
",1,1,0,0,2025-08-24,1022500239,0,0,GSV,4,0,-12,01:17,Off Corner 3 Make,0,"[{""description"": ""Bueckers 6' Driving Floating Bank Jump Shot (9 PTS)"", ""url"": """"}]",False,possessions,4Q/OT | margin -3..3 | 300..120,team
wnba,wnba_shot_pace,shot_pace,possessions,get-possessions,2025,Regular Season,team,"{'OffDef': 'Offense', 'Season': '2025', 'SeasonType': 'Regular Season', 'TeamId': '1611661321'}",shot_pace,1611661321,4Q/OT | margin -3..3 | 300..120,get-possessions__possessions__off_def-Offense__season-2025__season_type-Regular_Season__team_id-1611661321__534a4266,get-possessions,https://api.pbpstats.com/get-possessions/wnba?OffDef=Offense&Season=2025&SeasonType=Regular+Season&TeamId=1611661321,200,486,01:36,"Geiselsöder Bad Pass Turnover (P1.T4): Martin STEAL (1 STL)
",0,0,0,0,2025-08-24,1022500239,0,0,GSV,4,0,-9,01:48,Off Arc 3 Miss,1,"[{""description"": ""Geiselsöder Bad Pass Turnover (P1.T4): Martin STEAL (1 STL)"", ""url"": """"}]",False,possessions,4Q/OT | margin -3..3 | 300..120,team
wnba,wnba_shot_pace,shot_pace,possessions,get-possessions,2025,Regular Season,team,"{'OffDef': 'Offense', 'Season': '2025', 'SeasonType': 'Regular Season', 'TeamId': '1611661321'}",shot_pace,1611661321,4Q/OT | margin -3..3 | 300..120,get-possessions__possessions__off_def-Offense__season-2025__season_type-Regular_Season__team_id-1611661321__534a4266,get-possessions,https://api.pbpstats.com/get-possessions/wnba?OffDef=Offense&Season=2025&SeasonType=Regular+Season&TeamId=1611661321,200,487,02:07,"Bueckers 24' 3PT Pullup Jump Shot (7 PTS)
",0,0,1,1,2025-08-24,1022500239,0,0,GSV,4,0,-12,02:16,Off Arc 3 Make,0,"[{""description"": ""Bueckers 24' 3PT Pullup Jump Shot (7 PTS)"", ""url"": """"}]",False,possessions,4Q/OT | margin -3..3 | 300..120,team
wnba,wnba_shot_pace,shot_pace,possessions,get-possessions,2025,Regular Season,team,"{'OffDef': 'Offense', 'Season': '2025', 'SeasonType': 'Regular Season', 'TeamId': '1611661321'}",shot_pace,1611661321,4Q/OT | margin -3..3 | 300..120,get-possessions__possessions__off_def-Offense__season-2025__season_type-Regular_Season__team_id-1611661321__534a4266,get-possessions,https://api.pbpstats.com/get-possessions/wnba?OffDef=Offense&Season=2025&SeasonType=Regular+Season&TeamId=1611661321,200,488,02:28,"Fágbénlé S.FOUL (P3.T3)
MISS Jones Free Throw 1 of 2
WINGS Rebound
Jones Free Throw 2 of 2 (12 PTS)
",0,0,0,0,2025-08-24,1022500239,0,0,GSV,4,1,-10,02:33,Off Arc 3 Miss,0,"[{""description"": ""Fágbénlé S.FOUL (P3.T3)"", ""url"": """"}, {""description"": ""MISS Jones Free Throw 1 of 2"", ""url"": """"}, {""description"": ""WINGS Rebound"", ""url"": """"}, {""description"": ""Jones Free Throw 2 of 2 (12 PTS)"", ""url"": """"}]",False,possessions,4Q/OT | margin -3..3 | 300..120,team
wnba,wnba_shot_pace,shot_pace,possessions,get-possessions,2025,Regular Season,team,"{'OffDef': 'Offense', 'Season': '2025', 'SeasonType': 'Regular Season', 'TeamId': '1611661321'}",shot_pace,1611661321,4Q/OT | margin -3..3 | 300..120,get-possessions__possessions__off_def-Offense__season-2025__season_type-Regular_Season__team_id-1611661321__534a4266,get-possessions,https://api.pbpstats.com/get-possessions/wnba?OffDef=Offense&Season=2025&SeasonType=Regular+Season&TeamId=1611661321,200,489,03:10,"Siegrist 3' Cutting Layup Shot (15 PTS) (Hines-Allen 1 AST)
Martin S.FOUL (P1.T2)
Siegrist Free Throw 1 of 1 (16 PTS)
",1,1,0,0,2025-08-24,1022500239,0,0,GSV,4,1,-13,03:14,Off Steal,0,"[{""description"": ""Siegrist 3' Cutting Layup Shot (15 PTS) (Hines-Allen 1 AST)"", ""url"": """"}, {""description"": ""Martin S.FOUL (P1.T2)"", ""url"": """"}, {""description"": ""Siegrist Free Throw 1 of 1 (16 PTS)"", ""url"": """"}]",False,possessions,4Q/OT | margin -3..3 | 300..120,team
wnba,wnba_shot_pace,shot_pace,possessions,get-possessions,2025,Regular Season,team,"{'OffDef': 'Offense', 'Season': '2025', 'SeasonType': 'Regular Season', 'TeamId': '1611661321'}",shot_pace,1611661321,4Q/OT | margin -3..3 | 300..120,get-possessions__possessions__off_def-Offense__season-2025__season_type-Regular_Season__team_id-1611661321__534a4266,get-possessions,https://api.pbpstats.com/get-possessions/wnba?OffDef=Offense&Season=2025&SeasonType=Regular+Season&TeamId=1611661321,200,490,03:31,"Siegrist 5' Layup (13 PTS)
",1,1,0,0,2025-08-24,1022500239,0,0,GSV,4,0,-15,03:48,Off Short Mid-Range Make,0,"[{""description"": ""Siegrist 5' Layup (13 PTS)"", ""url"": """"}]",False,possessions,4Q/OT | margin -3..3 | 300..120,team
wnba,wnba_shot_pace,shot_pace,possessions,get-possessions,2025,Regular Season,team,"{'OffDef': 'Offense', 'Season': '2025', 'SeasonType': 'Regular Season', 'TeamId': '1611661321'}",shot_pace,1611661321,4Q/OT | margin -3..3 | 300..120,get-possessions__possessions__off_def-Offense__season-2025__season_type-Regular_Season__team_id-1611661321__534a4266,get-possessions,https://api.pbpstats.com/get-possessions/wnba?OffDef=Offense&Season=2025&SeasonType=Regular+Season&TeamId=1611661321,200,491,04:06,"Geiselsöder 24' 3PT Jump Shot (3 PTS) (Bueckers 8 AST)
",0,0,1,1,2025-08-24,1022500239,0,0,GSV,4,0,-16,04:21,Off FT Make,0,"[{""description"": ""Geiselsöder 24' 3PT Jump Shot (3 PTS) (Bueckers 8 AST)"", ""url"": """"}]",False,possessions,4Q/OT | margin -3..3 | 300..120,team
wnba,wnba_shot_pace,shot_pace,possessions,get-possessions,2025,Regular Season,team,"{'OffDef': 'Offense', 'Season': '2025', 'SeasonType': 'Regular Season', 'TeamId': '1611661321'}",shot_pace,1611661321,4Q/OT | margin -3..3 | 300..120,get-possessions__possessions__off_def-Offense__season-2025__season_type-Regular_Season__team_id-1611661321__534a4266,get-possessions,https://api.pbpstats.com/get-possessions/wnba?OffDef=Offense&Season=2025&SeasonType=Regular+Season&TeamId=1611661321,200,492,04:40,"Jones 3' Driving Layup (8 PTS)
Rupert S.FOUL (P3.T1)
MISS Jones Free Throw 1 of 1
Jones REBOUND (Off:1 Def:1)
Jones 3PT Jump Shot (11 PTS) (Bueckers 7 AST)
",1,1,1,1,2025-08-24,1022500239,0,1,GSV,4,1,-19,04:52,Off Arc 3 Make,0,"[{""description"": ""Jones 3' Driving Layup (8 PTS)"", ""url"": """"}, {""description"": ""Rupert S.FOUL (P3.T1)"", ""url"": """"}, {""description"": ""MISS Jones Free Throw 1 of 1"", ""url"": """"}, {""description"": ""Jones REBOUND (Off:1 Def:1)"", ""url"": """"}, {""description"": ""Jones 3PT Jump Shot (11 PTS) (Bueckers 7 AST)"", ""url"": """"}]",False,possessions,4Q/OT | margin -3..3 | 300..120,team
wnba,wnba_shot_pace,shot_pace,possessions,get-possessions,2025,Regular Season,team,"{'OffDef': 'Offense', 'Season': '2025', 'SeasonType': 'Regular Season', 'TeamId': '1611661321'}",shot_pace,1611661321,4Q/OT | margin -3..3 | 300..120,get-possessions__possessions__off_def-Offense__season-2025__season_type-Regular_Season__team_id-1611661321__534a4266,get-possessions,https://api.pbpstats.com/get-possessions/wnba?OffDef=Offense&Season=2025&SeasonType=Regular+Season&TeamId=1611661321,200,493,05:10,"MISS Siegrist 10' Step Back Jump Shot
Siegrist REBOUND (Off:3 Def:2)
MISS Hines-Allen 3PT Jump Shot
Burton REBOUND (Off:0 Def:4)
",1,0,1,0,2025-08-24,1022500239,0,1,GSV,4,0,-16,05:34,Off Arc 3 Make,0,"[{""description"": ""MISS Siegrist 10' Step Back Jump Shot"", ""url"": """"}, {""description"": ""Siegrist REBOUND (Off:3 Def:2)"", ""url"": """"}, {""description"": ""MISS Hines-Allen 3PT Jump Shot"", ""url"": """"}, {""description"": ""Burton REBOUND (Off:0 Def:4)"", ""url"": """"}]",False,possessions,4Q/OT | margin -3..3 | 300..120,team
wnba,wnba_shot_pace,shot_pace,possessions,get-possessions,2025,Regular Season,team,"{'OffDef': 'Offense', 'Season': '2025', 'SeasonType': 'Regular Season', 'TeamId': '1611661321'}",shot_pace,1611661321,4Q/OT | margin -3..3 | 300..120,get-possessions__possessions__off_def-Offense__season-2025__season_type-Regular_Season__team_id-1611661321__534a4266,get-possessions,https://api.pbpstats.com/get-possessions/wnba?OffDef=Offense&Season=2025&SeasonType=Regular+Season&TeamId=1611661321,200,494,05:54,"Berger 14' Jump Shot (11 PTS) (Jones 1 AST)
",1,1,0,0,2025-08-24,1022500239,0,0,GSV,4,0,-15,06:08,Off Arc 3 Make,0,"[{""description"": ""Berger 14' Jump Shot (11 PTS) (Jones 1 AST)"", ""url"": """"}]",False,possessions,4Q/OT | margin -3..3 | 300..120,team
wnba,wnba_shot_pace,shot_pace,possessions,get-possessions,2025,Regular Season,team,"{'OffDef': 'Offense', 'Season': '2025', 'SeasonType': 'Regular Season', 'TeamId': '1611661321'}",shot_pace,1611661321,4Q/OT | margin -3..3 | 300..120,get-possessions__possessions__off_def-Offense__season-2025__season_type-Regular_Season__team_id-1611661321__534a4266,get-possessions,https://api.pbpstats.com/get-possessions/wnba?OffDef=Offense&Season=2025&SeasonType=Regular+Season&TeamId=1611661321,200,495,06:33,"MISS Bueckers 4' Jump Shot: Burton BLOCK (3 BLK)
WINGS Rebound
MISS Berger 24' 3PT Jump Shot
Fágbénlé REBOUND (Off:2 Def:6)
",1,0,1,0,2025-08-24,1022500239,0,1,GSV,4,0,-12,07:02,Off Timeout,0,"[{""description"": ""MISS Bueckers 4' Jump Shot: Burton BLOCK (3 BLK)"", ""url"": """"}, {""description"": ""WINGS Rebound"", ""url"": """"}, {""description"": ""MISS Berger 24' 3PT Jump Shot"", ""url"": """"}, {""description"": ""Fágbénlé REBOUND (Off:2 Def:6)"", ""url"": """"}]",False,possessions,4Q/OT | margin -3..3 | 300..120,team
wnba,wnba_shot_pace,shot_pace,possessions,get-possessions,2025,Regular Season,team,"{'OffDef': 'Offense', 'Season': '2025', 'SeasonType': 'Regular Season', 'TeamId': '1611661321'}",shot_pace,1611661321,4Q/OT | margin -3..3 | 300..120,get-possessions__possessions__off_def-Offense__season-2025__season_type-Regular_Season__team_id-1611661321__534a4266,get-possessions,https://api.pbpstats.com/get-possessions/wnba?OffDef=Offense&Season=2025&SeasonType=Regular+Season&TeamId=1611661321,200,496,07:31,"Jones 3' Driving Reverse Layup (6 PTS) (Berger 4 AST)
",1,1,0,0,2025-08-24,1022500239,0,0,GSV,4,0,-14,07:53,Off Timeout,0,"[{""description"": ""Jones 3' Driving Reverse Layup (6 PTS) (Berger 4 AST)"", ""url"": """"}]",False,possessions,4Q/OT | margin -3..3 | 300..120,team
wnba,wnba_shot_pace,shot_pace,possessions,get-possessions,2025,Regular Season,team,"{'OffDef': 'Offense', 'Season': '2025', 'SeasonType': 'Regular Season', 'TeamId': '1611661321'}",shot_pace,1611661321,4Q/OT | margin -3..3 | 300..120,get-possessions__possessions__off_def-Offense__season-2025__season_type-Regular_Season__team_id-1611661321__534a4266,get-possessions,https://api.pbpstats.com/get-possessions/wnba?OffDef=Offense&Season=2025&SeasonType=Regular+Season&TeamId=1611661321,200,497,08:05,"MISS James 10' Driving Floating Bank Jump Shot
Rupert REBOUND (Off:0 Def:6)
",1,0,0,0,2025-08-24,1022500239,0,0,GSV,4,0,-12,08:25,Off Arc 3 Make,0,"[{""description"": ""MISS James 10' Driving Floating Bank Jump Shot"", ""url"": """"}, {""description"": ""Rupert REBOUND (Off:0 Def:6)"", ""url"": """"}]",False,possessions,4Q/OT | margin -3..3 | 300..120,team
wnba,wnba_shot_pace,shot_pace,possessions,get-possessions,2025,Regular Season,team,"{'OffDef': 'Offense', 'Season': '2025', 'SeasonType': 'Regular Season', 'TeamId': '1611661321'}",shot_pace,1611661321,4Q/OT | margin -3..3 | 300..120,get-possessions__possessions__off_def-Offense__season-2025__season_type-Regular_Season__team_id-1611661321__534a4266,get-possessions,https://api.pbpstats.com/get-possessions/wnba?OffDef=Offense&Season=2025&SeasonType=Regular+Season&TeamId=1611661321,200,498,08:46,"MISS Okonkwo 3' Driving Layup
Martin REBOUND (Off:0 Def:4)
",1,0,0,0,2025-08-24,1022500239,0,0,GSV,4,0,-8,09:06,Off At Rim Make,0,"[{""description"": ""MISS Okonkwo 3' Driving Layup"", ""url"": """"}, {""description"": ""Martin REBOUND (Off:0 Def:4)"", ""url"": """"}]",False,possessions,4Q/OT | margin -3..3 | 300..120,team
wnba,wnba_shot_pace,shot_pace,possessions,get-possessions,2025,Regular Season,team,"{'OffDef': 'Offense', 'Season': '2025', 'SeasonType': 'Regular Season', 'TeamId': '1611661321'}",shot_pace,1611661321,4Q/OT | margin -3..3 | 300..120,get-possessions__possessions__off_def-Offense__season-2025__season_type-Regular_Season__team_id-1611661321__534a4266,get-possessions,https://api.pbpstats.com/get-possessions/wnba?OffDef=Offense&Season=2025&SeasonType=Regular+Season&TeamId=1611661321,200,499,09:23,"MISS James 3PT Jump Shot
Rupert REBOUND (Off:0 Def:5)
",0,0,1,0,2025-08-24,1022500239,0,0,GSV,4,0,-6,09:39,Off Steal,0,"[{""description"": ""MISS James 3PT Jump Shot"", ""url"": """"}, {""description"": ""Rupert REBOUND (Off:0 Def:5)"", ""url"": """"}]",False,possessions,4Q/OT | margin -3..3 | 300..120,team
