league,job_id,job_family,variant,endpoint,season,season_type,scope,request_params,source,team_id,clutch_window,request_id,request_table,request_url,request_status,request_row_index,end_time,events,fg2a,fg2m,fg3a,fg3m,game_date,game_id,non_shooting_fouls_that_resulted_in_fts,offensive_rebounds,opponent,period,shooting_fouls_drawn,start_score_differential,start_time,start_type,turnovers,video_urls,is_playoffs,job_variant,window_label,request_scope
wnba,wnba_shot_pace,shot_pace,possessions,get-possessions,2024,Regular Season,team,"{'OffDef': 'Offense', 'FilterComparison': 'Exactly', 'FilterEvent': 'OnFloor', 'FilterValue': 5, 'StartType': 'All', 'Season': '2024', 'SeasonType': 'Regular Season', 'TeamId': '1611661330'}",shot_pace,1611661330,4Q/OT | margin -3..3 | 300..120,get-possessions__possessions__off_def-Offense__filter_comparison-Exactly__filter_event-OnFloor__filter_value-5__start_type-All__season-2024__season_type-Regular_Season__team_id-1611661330__d64e970c,get-possessions,https://api.pbpstats.com/get-possessions/wnba?OffDef=Offense&FilterComparison=Exactly&FilterEvent=OnFloor&FilterValue=5&StartType=All&Season=2024&SeasonType=Regular+Season&TeamId=1611661330,200,0,00:23,"Dream Turnover: Shot Clock (T#17)
",0,0,0,0,2024-09-19,1022400236,0,0,NYL,4,0,11,00:47,Off Short Mid-Range Miss,1,"[{""description"": ""Dream Turnover: Shot Clock (T#17)"", ""url"": """"}]",False,possessions,4Q/OT | margin -3..3 | 300..120,team
wnba,wnba_shot_pace,shot_pace,possessions,get-possessions,2024,Regular Season,team,"{'OffDef': 'Offense', 'FilterComparison': 'Exactly', 'FilterEvent': 'OnFloor', 'FilterValue': 5, 'StartType': 'All', 'Season': '2024', 'SeasonType': 'Regular Season', 'TeamId': '1611661330'}",shot_pace,1611661330,4Q/OT | margin -3..3 | 300..120,get-possessions__possessions__off_def-Offense__filter_comparison-Exactly__filter_event-OnFloor__filter_value-5__start_type-All__season-2024__season_type-Regular_Season__team_id-1611661330__d64e970c,get-possessions,https://api.pbpstats.com/get-possessions/wnba?OffDef=Offense&FilterComparison=Exactly&FilterEvent=OnFloor&FilterValue=5&StartType=All&Season=2024&SeasonType=Regular+Season&TeamId=1611661330,200,1,00:52,"Sherrod P.FOUL (P2.PN)
MISS Coffey Free Throw 1 of 2
Dream Rebound
Coffey Free Throw 2 of 2 (5 PTS)
",0,0,0,0,2024-09-19,1022400236,1,0,NYL,4,0,10,00:56,Off Steal,0,"[{""description"": ""Sherrod P.FOUL (P2.PN)"", ""url"": """"}, {""description"": ""MISS Coffey Free Throw 1 of 2"", ""url"": """"}, {""description"": ""Dream Rebound"", ""url"": """"}, {""description"": ""Coffey Free Throw 2 of 2 (5 PTS)"", ""url"": """"}]",False,possessions,4Q/OT | margin -3..3 | 300..120,team
wnba,wnba_shot_pace,shot_pace,possessions,get-possessions,2024,Regular Season,team,"{'OffDef': 'Offense', 'FilterComparison': 'Exactly', 'FilterEvent': 'OnFloor', 'FilterValue': 5, 'StartType': 'All', 'Season': '2024', 'SeasonType': 'Regular Season', 'TeamId': '1611661330'}",shot_pace,1611661330,4Q/OT | margin -3..3 | 300..120,get-possessions__possessions__off_def-Offense__filter_comparison-Exactly__filter_event-OnFloor__filter_value-5__start_type-All__season-2024__season_type-Regular_Season__team_id-1611661330__d64e970c,get-possessions,https://api.pbpstats.com/get-possessions/wnba?OffDef=Offense&FilterComparison=Exactly&FilterEvent=OnFloor&FilterValue=5&StartType=All&Season=2024&SeasonType=Regular+Season&TeamId=1611661330,200,2,01:15,"Thornton P.FOUL (P1.PN)
Jones Free Throw 1 of 2 (3 PTS)
Jones Free Throw 2 of 2 (4 PTS)
",0,0,0,0,2024-09-19,1022400236,1,0,NYL,4,0,8,01:25,Off At Rim Miss,0,"[{""description"": ""Thornton P.FOUL (P1.PN)"", ""url"": """"}, {""description"": ""Jones Free Throw 1 of 2 (3 PTS)"", ""url"": """"}, {""description"": ""Jones Free Throw 2 of 2 (4 PTS)"", ""url"": """"}]",False,possessions,4Q/OT | margin -3..3 | 300..120,team
wnba,wnba_shot_pace,shot_pace,possessions,get-possessions,2024,Regular Season,team,"{'OffDef': 'Offense', 'FilterComparison': 'Exactly', 'FilterEvent': 'OnFloor', 'FilterValue': 5, 'StartType': 'All', 'Season': '2024', 'SeasonType': 'Regular Season', 'TeamId': '1611661330'}",shot_pace,1611661330,4Q/OT | margin -3..3 | 300..120,get-possessions__possessions__off_def-Offense__filter_comparison-Exactly__filter_event-OnFloor__filter_value-5__start_type-All__season-2024__season_type-Regular_Season__team_id-1611661330__d64e970c,get-possessions,https://api.pbpstats.com/get-possessions/wnba?OffDef=Offense&FilterComparison=Exactly&FilterEvent=OnFloor&FilterValue=5&StartType=All&Season=2024&SeasonType=Regular+Season&TeamId=1611661330,200,3,01:41,"Sabally P.FOUL (P1.T3)
MISS Amihere 4' Driving Layup
Sabally REBOUND (Off:2 Def:2)
",1,0,0,0,2024-09-19,1022400236,0,0,NYL,4,0,8,02:15,Off Timeout,0,"[{""description"": ""Sabally P.FOUL (P1.T3)"", ""url"": """"}, {""description"": ""MISS Amihere 4' Driving Layup"", ""url"": ""https://videos.nba.com/wnba/pbp/media/2024/09/19/1022400236/515/42d2133b-3ea6-1305-8f61-d140cc7285b0_960x540.mp4""}, {""description"": ""Sabally REBOUND (Off:2 Def:2)"", ""url"": ""https://videos.nba.com/wnba/pbp/media/2024/09/19/1022400236/516/12bc5c2b-86e8-06e9-9b67-b7fb8c3d21bb_960x540.mp4""}]",False,possessions,4Q/OT | margin -3..3 | 300..120,team
wnba,wnba_shot_pace,shot_pace,possessions,get-possessions,2024,Regular Season,team,"{'OffDef': 'Offense', 'FilterComparison': 'Exactly', 'FilterEvent': 'OnFloor', 'FilterValue': 5, 'StartType': 'All', 'Season': '2024', 'SeasonType': 'Regular Season', 'TeamId': '1611661330'}",shot_pace,1611661330,4Q/OT | margin -3..3 | 300..120,get-possessions__possessions__off_def-Offense__filter_comparison-Exactly__filter_event-OnFloor__filter_value-5__start_type-All__season-2024__season_type-Regular_Season__team_id-1611661330__d64e970c,get-possessions,https://api.pbpstats.com/get-possessions/wnba?OffDef=Offense&FilterComparison=Exactly&FilterEvent=OnFloor&FilterValue=5&StartType=All&Season=2024&SeasonType=Regular+Season&TeamId=1611661330,200,4,02:23,"Davis BLOCK (1 BLK): MISS Cubaj 5' Layup
Sabally REBOUND (Off:2 Def:1)
",1,0,0,0,2024-09-19,1022400236,0,0,NYL,4,0,11,02:46,Off FT Make,0,"[{""description"": ""Davis BLOCK (1 BLK): MISS Cubaj 5' Layup"", ""url"": ""https://videos.nba.com/wnba/pbp/media/2024/09/19/1022400236/500/c3be40e8-8d27-f2e8-446f-597d3563fac3_960x540.mp4""}, {""description"": ""Sabally REBOUND (Off:2 Def:1)"", ""url"": ""https://videos.nba.com/wnba/pbp/media/2024/09/19/1022400236/502/c6d46ecd-9c93-8442-6197-26be1d54dfa2_960x540.mp4""}]",False,possessions,4Q/OT | margin -3..3 | 300..120,team
wnba,wnba_shot_pace,shot_pace,possessions,get-possessions,2024,Regular Season,team,"{'OffDef': 'Offense', 'FilterComparison': 'Exactly', 'FilterEvent': 'OnFloor', 'FilterValue': 5, 'StartType': 'All', 'Season': '2024', 'SeasonType': 'Regular Season', 'TeamId': '1611661330'}",shot_pace,1611661330,4Q/OT | margin -3..3 | 300..120,get-possessions__possessions__off_def-Offense__filter_comparison-Exactly__filter_event-OnFloor__filter_value-5__start_type-All__season-2024__season_type-Regular_Season__team_id-1611661330__d64e970c,get-possessions,https://api.pbpstats.com/get-possessions/wnba?OffDef=Offense&FilterComparison=Exactly&FilterEvent=OnFloor&FilterValue=5&StartType=All&Season=2024&SeasonType=Regular+Season&TeamId=1611661330,200,5,02:55,"MISS Cubaj 13' Turnaround Jump Shot
Dream Rebound
Dream Turnover: Shot Clock (T#16)
",1,0,0,0,2024-09-19,1022400236,0,0,NYL,4,0,12,03:19,Off Steal,1,"[{""description"": ""MISS Cubaj 13' Turnaround Jump Shot"", ""url"": ""https://videos.nba.com/wnba/pbp/media/2024/09/19/1022400236/490/3bda5c11-28ee-1d61-9a39-3832e96ce3bd_960x540.mp4""}, {""description"": ""Dream Rebound"", ""url"": """"}, {""description"": ""Dream Turnover: Shot Clock (T#16)"", ""url"": """"}]",False,possessions,4Q/OT | margin -3..3 | 300..120,team
wnba,wnba_shot_pace,shot_pace,possessions,get-possessions,2024,Regular Season,team,"{'OffDef': 'Offense', 'FilterComparison': 'Exactly', 'FilterEvent': 'OnFloor', 'FilterValue': 5, 'StartType': 'All', 'Season': '2024', 'SeasonType': 'Regular Season', 'TeamId': '1611661330'}",shot_pace,1611661330,4Q/OT | margin -3..3 | 300..120,get-possessions__possessions__off_def-Offense__filter_comparison-Exactly__filter_event-OnFloor__filter_value-5__start_type-All__season-2024__season_type-Regular_Season__team_id-1611661330__d64e970c,get-possessions,https://api.pbpstats.com/get-possessions/wnba?OffDef=Offense&FilterComparison=Exactly&FilterEvent=OnFloor&FilterValue=5&StartType=All&Season=2024&SeasonType=Regular+Season&TeamId=1611661330,200,6,03:26,"MISS Kalu 26' 3PT Jump Shot
Jones REBOUND (Off:0 Def:10)
",0,0,1,0,2024-09-19,1022400236,0,0,NYL,4,0,12,03:51,Off FT Make,0,"[{""description"": ""MISS Kalu 26' 3PT Jump Shot"", ""url"": ""https://videos.nba.com/wnba/pbp/media/2024/09/19/1022400236/486/7308a690-e137-46b4-01c0-7e336a22c38f_960x540.mp4""}, {""description"": ""Jones REBOUND (Off:0 Def:10)"", ""url"": ""https://videos.nba.com/wnba/pbp/media/2024/09/19/1022400236/487/690a9718-69dc-bc42-02f5-15683a3f1f03_960x540.mp4""}]",False,possessions,4Q/OT | margin -3..3 | 300..120,team
wnba,wnba_shot_pace,shot_pace,possessions,get-possessions,2024,Regular Season,team,"{'OffDef': 'Offense', 'FilterComparison': 'Exactly', 'FilterEvent': 'OnFloor', 'FilterValue': 5, 'StartType': 'All', 'Season': '2024', 'SeasonType': 'Regular Season', 'TeamId': '1611661330'}",shot_pace,1611661330,4Q/OT | margin -3..3 | 300..120,get-possessions__possessions__off_def-Offense__filter_comparison-Exactly__filter_event-OnFloor__filter_value-5__start_type-All__season-2024__season_type-Regular_Season__team_id-1611661330__d64e970c,get-possessions,https://api.pbpstats.com/get-possessions/wnba?OffDef=Offense&FilterComparison=Exactly&FilterEvent=OnFloor&FilterValue=5&StartType=All&Season=2024&SeasonType=Regular+Season&TeamId=1611661330,200,7,04:01,"Jones BLOCK (3 BLK): MISS Caldwell 4' Driving Layup
Cubaj REBOUND (Off:1 Def:2)
Jones 10' Floating Jump Shot (2 PTS) (Cubaj 2 AST)
",2,1,0,0,2024-09-19,1022400236,0,1,NYL,4,0,11,04:26,Off Long Mid-Range Make,0,"[{""description"": ""Jones BLOCK (3 BLK): MISS Caldwell 4' Driving Layup"", ""url"": ""https://videos.nba.com/wnba/pbp/media/2024/09/19/1022400236/475/2e91bae9-d5d2-b205-969f-4ad012acc8d0_960x540.mp4""}, {""description"": ""Cubaj REBOUND (Off:1 Def:2)"", ""url"": ""https://videos.nba.com/wnba/pbp/media/2024/09/19/1022400236/477/a35f59e1-eaff-3b9f-b85a-4bf87baec7d3_960x540.mp4""}, {""description"": ""Jones 10' Floating Jump Shot (2 PTS) (Cubaj 2 AST)"", ""url"": ""https://videos.nba.com/wnba/pbp/media/2024/09/19/1022400236/478/00e01929-8cca-1500-7913-279166f6b2d6_960x540.mp4""}]",False,possessions,4Q/OT | margin -3..3 | 300..120,team
wnba,wnba_shot_pace,shot_pace,possessions,get-possessions,2024,Regular Season,team,"{'OffDef': 'Offense', 'FilterComparison': 'Exactly', 'FilterEvent': 'OnFloor', 'FilterValue': 5, 'StartType': 'All', 'Season': '2024', 'SeasonType': 'Regular Season', 'TeamId': '1611661330'}",shot_pace,1611661330,4Q/OT | margin -3..3 | 300..120,get-possessions__possessions__off_def-Offense__filter_comparison-Exactly__filter_event-OnFloor__filter_value-5__start_type-All__season-2024__season_type-Regular_Season__team_id-1611661330__d64e970c,get-possessions,https://api.pbpstats.com/get-possessions/wnba?OffDef=Offense&FilterComparison=Exactly&FilterEvent=OnFloor&FilterValue=5&StartType=All&Season=2024&SeasonType=Regular+Season&TeamId=1611661330,200,8,04:46,"Cubaj OFF.Foul (P4)
Cubaj Offensive Foul Turnover (P1.T15)
",0,0,0,0,2024-09-19,1022400236,0,0,NYL,4,0,13,04:56,Off Dead Ball,1,"[{""description"": ""Cubaj OFF.Foul (P4)"", ""url"": """"}, {""description"": ""Cubaj Offensive Foul Turnover (P1.T15)"", ""url"": ""https://videos.nba.com/wnba/pbp/media/2024/09/19/1022400236/471/b4cb63e7-1262-4fae-25a6-067207eb5a70_960x540.mp4""}]",False,possessions,4Q/OT | margin -3..3 | 300..120,team
wnba,wnba_shot_pace,shot_pace,possessions,get-possessions,2024,Regular Season,team,"{'OffDef': 'Offense', 'FilterComparison': 'Exactly', 'FilterEvent': 'OnFloor', 'FilterValue': 5, 'StartType': 'All', 'Season': '2024', 'SeasonType': 'Regular Season', 'TeamId': '1611661330'}",shot_pace,1611661330,4Q/OT | margin -3..3 | 300..120,get-possessions__possessions__off_def-Offense__filter_comparison-Exactly__filter_event-OnFloor__filter_value-5__start_type-All__season-2024__season_type-Regular_Season__team_id-1611661330__d64e970c,get-possessions,https://api.pbpstats.com/get-possessions/wnba?OffDef=Offense&FilterComparison=Exactly&FilterEvent=OnFloor&FilterValue=5&StartType=All&Season=2024&SeasonType=Regular+Season&TeamId=1611661330,200,9,05:17,"Amihere Traveling Turnover (P2.T14)
",0,0,0,0,2024-09-19,1022400236,0,0,NYL,4,0,13,05:30,Off Arc 3 Miss,1,"[{""description"": ""Amihere Traveling Turnover (P2.T14)"", ""url"": ""https://videos.nba.com/wnba/pbp/media/2024/09/19/1022400236/460/70193c8f-9cca-cc5a-149e-d30056787088_960x540.mp4""}]",False,possessions,4Q/OT | margin -3..3 | 300..120,team
wnba,wnba_shot_pace,shot_pace,possessions,get-possessions,2024,Regular Season,team,"{'OffDef': 'Offense', 'FilterComparison': 'Exactly', 'FilterEvent': 'OnFloor', 'FilterValue': 5, 'StartType': 'All', 'Season': '2024', 'SeasonType': 'Regular Season', 'TeamId': '1611661330'}",shot_pace,1611661330,4Q/OT | margin -3..3 | 300..120,get-possessions__possessions__off_def-Offense__filter_comparison-Exactly__filter_event-OnFloor__filter_value-5__start_type-All__season-2024__season_type-Regular_Season__team_id-1611661330__d64e970c,get-possessions,https://api.pbpstats.com/get-possessions/wnba?OffDef=Offense&FilterComparison=Exactly&FilterEvent=OnFloor&FilterValue=5&StartType=All&Season=2024&SeasonType=Regular+Season&TeamId=1611661330,200,10,05:48,"Cubaj 11' Jump Shot (3 PTS) (Canada 6 AST)
",1,1,0,0,2024-09-19,1022400236,0,0,NYL,4,0,11,06:10,Off Short Mid-Range Make,0,"[{""description"": ""Cubaj 11' Jump Shot (3 PTS) (Canada 6 AST)"", ""url"": ""https://videos.nba.com/wnba/pbp/media/2024/09/19/1022400236/455/0bb88c8d-b1ef-cb5a-2510-bc619abc949e_960x540.mp4""}]",False,possessions,4Q/OT | margin -3..3 | 300..120,team
wnba,wnba_shot_pace,shot_pace,possessions,get-possessions,2024,Regular Season,team,"{'OffDef': 'Offense', 'FilterComparison': 'Exactly', 'FilterEvent': 'OnFloor', 'FilterValue': 5, 'StartType': 'All', 'Season': '2024', 'SeasonType': 'Regular Season', 'TeamId': '1611661330'}",shot_pace,1611661330,4Q/OT | margin -3..3 | 300..120,get-possessions__possessions__off_def-Offense__filter_comparison-Exactly__filter_event-OnFloor__filter_value-5__start_type-All__season-2024__season_type-Regular_Season__team_id-1611661330__d64e970c,get-possessions,https://api.pbpstats.com/get-possessions/wnba?OffDef=Offense&FilterComparison=Exactly&FilterEvent=OnFloor&FilterValue=5&StartType=All&Season=2024&SeasonType=Regular+Season&TeamId=1611661330,200,11,06:23,"Sabally STEAL (2 STL): Amihere Lost Ball Turnover (P1.T13)
",0,0,0,0,2024-09-19,1022400236,0,0,NYL,4,0,13,06:44,Off Short Mid-Range Miss,1,"[{""description"": ""Sabally STEAL (2 STL): Amihere Lost Ball Turnover (P1.T13)"", ""url"": ""https://videos.nba.com/wnba/pbp/media/2024/09/19/1022400236/450/7cb69066-b68b-cdbf-88b1-9d86fd2b3e16_960x540.mp4""}]",False,possessions,4Q/OT | margin -3..3 | 300..120,team
wnba,wnba_shot_pace,shot_pace,possessions,get-possessions,2024,Regular Season,team,"{'OffDef': 'Offense', 'FilterComparison': 'Exactly', 'FilterEvent': 'OnFloor', 'FilterValue': 5, 'StartType': 'All', 'Season': '2024', 'SeasonType': 'Regular Season', 'TeamId': '1611661330'}",shot_pace,1611661330,4Q/OT | margin -3..3 | 300..120,get-possessions__possessions__off_def-Offense__filter_comparison-Exactly__filter_event-OnFloor__filter_value-5__start_type-All__season-2024__season_type-Regular_Season__team_id-1611661330__d64e970c,get-possessions,https://api.pbpstats.com/get-possessions/wnba?OffDef=Offense&FilterComparison=Exactly&FilterEvent=OnFloor&FilterValue=5&StartType=All&Season=2024&SeasonType=Regular+Season&TeamId=1611661330,200,12,07:09,"Sabally STEAL (1 STL): Caldwell Bad Pass Turnover (P1.T12)
",0,0,0,0,2024-09-19,1022400236,0,0,NYL,4,0,13,07:28,Off Timeout,1,"[{""description"": ""Sabally STEAL (1 STL): Caldwell Bad Pass Turnover (P1.T12)"", ""url"": ""https://videos.nba.com/wnba/pbp/media/2024/09/19/1022400236/442/09e2a860-86a1-3833-5bf2-9448820bab7a_960x540.mp4""}]",False,possessions,4Q/OT | margin -3..3 | 300..120,team
wnba,wnba_shot_pace,shot_pace,possessions,get-possessions,2024,Regular Season,team,"{'OffDef': 'Offense', 'FilterComparison': 'Exactly', 'FilterEvent': 'OnFloor', 'FilterValue': 5, 'StartType': 'All', 'Season': '2024', 'SeasonType': 'Regular Season', 'TeamId': '1611661330'}",shot_pace,1611661330,4Q/OT | margin -3..3 | 300..120,get-possessions__possessions__off_def-Offense__filter_comparison-Exactly__filter_event-OnFloor__filter_value-5__start_type-All__season-2024__season_type-Regular_Season__team_id-1611661330__d64e970c,get-possessions,https://api.pbpstats.com/get-possessions/wnba?OffDef=Offense&FilterComparison=Exactly&FilterEvent=OnFloor&FilterValue=5&StartType=All&Season=2024&SeasonType=Regular+Season&TeamId=1611661330,200,13,07:39,"MISS Cubaj 9' Turnaround Bank Hook Shot
Jones REBOUND (Off:0 Def:9)
",1,0,0,0,2024-09-19,1022400236,0,0,NYL,4,0,15,07:57,Off At Rim Make,0,"[{""description"": ""MISS Cubaj 9' Turnaround Bank Hook Shot"", ""url"": ""https://videos.nba.com/wnba/pbp/media/2024/09/19/1022400236/435/d89eaa1f-db98-91aa-3bbe-d62a35de0083_960x540.mp4""}, {""description"": ""Jones REBOUND (Off:0 Def:9)"", ""url"": ""https://videos.nba.com/wnba/pbp/media/2024/09/19/1022400236/436/5880129b-3c51-1746-f895-a83d8a22a196_960x540.mp4""}]",False,possessions,4Q/OT | margin -3..3 | 300..120,team
wnba,wnba_shot_pace,shot_pace,possessions,get-possessions,2024,Regular Season,team,"{'OffDef': 'Offense', 'FilterComparison': 'Exactly', 'FilterEvent': 'OnFloor', 'FilterValue': 5, 'StartType': 'All', 'Season': '2024', 'SeasonType': 'Regular Season', 'TeamId': '1611661330'}",shot_pace,1611661330,4Q/OT | margin -3..3 | 300..120,get-possessions__possessions__off_def-Offense__filter_comparison-Exactly__filter_event-OnFloor__filter_value-5__start_type-All__season-2024__season_type-Regular_Season__team_id-1611661330__d64e970c,get-possessions,https://api.pbpstats.com/get-possessions/wnba?OffDef=Offense&FilterComparison=Exactly&FilterEvent=OnFloor&FilterValue=5&StartType=All&Season=2024&SeasonType=Regular+Season&TeamId=1611661330,200,14,08:02,"Sherrod STEAL (1 STL): Jones Lost Ball Turnover (P3.T11)
",0,0,0,0,2024-09-19,1022400236,0,0,NYL,4,0,17,08:12,Off Long Mid-Range Make,1,"[{""description"": ""Sherrod STEAL (1 STL): Jones Lost Ball Turnover (P3.T11)"", ""url"": ""https://videos.nba.com/wnba/pbp/media/2024/09/19/1022400236/432/d5870f4c-236a-30ee-cc83-b8ec5f0170d8_960x540.mp4""}]",False,possessions,4Q/OT | margin -3..3 | 300..120,team
wnba,wnba_shot_pace,shot_pace,possessions,get-possessions,2024,Regular Season,team,"{'OffDef': 'Offense', 'FilterComparison': 'Exactly', 'FilterEvent': 'OnFloor', 'FilterValue': 5, 'StartType': 'All', 'Season': '2024', 'SeasonType': 'Regular Season', 'TeamId': '1611661330'}",shot_pace,1611661330,4Q/OT | margin -3..3 | 300..120,get-possessions__possessions__off_def-Offense__filter_comparison-Exactly__filter_event-OnFloor__filter_value-5__start_type-All__season-2024__season_type-Regular_Season__team_id-1611661330__d64e970c,get-possessions,https://api.pbpstats.com/get-possessions/wnba?OffDef=Offense&FilterComparison=Exactly&FilterEvent=OnFloor&FilterValue=5&StartType=All&Season=2024&SeasonType=Regular+Season&TeamId=1611661330,200,15,08:29,"Jones P.FOUL (P4.T1)
Kalu 15' Pullup Jump Shot (2 PTS)
Sherrod S.FOUL (P1.T2)
Kalu Free Throw 1 of 1 (3 PTS)
",1,1,0,0,2024-09-19,1022400236,0,0,NYL,4,1,16,09:03,Off Arc 3 Make,0,"[{""description"": ""Jones P.FOUL (P4.T1)"", ""url"": """"}, {""description"": ""Kalu 15' Pullup Jump Shot (2 PTS)"", ""url"": ""https://videos.nba.com/wnba/pbp/media/2024/09/19/1022400236/427/5696e0c8-2e40-5c02-0a48-93d27331113c_960x540.mp4""}, {""description"": ""Sherrod S.FOUL (P1.T2)"", ""url"": """"}, {""description"": ""Kalu Free Throw 1 of 1 (3 PTS)"", ""url"": """"}]",False,possessions,4Q/OT | margin -3..3 | 300..120,team
wnba,wnba_shot_pace,shot_pace,possessions,get-possessions,2024,Regular Season,team,"{'OffDef': 'Offense', 'FilterComparison': 'Exactly', 'FilterEvent': 'OnFloor', 'FilterValue': 5, 'StartType': 'All', 'Season': '2024', 'SeasonType': 'Regular Season', 'TeamId': '1611661330'}",shot_pace,1611661330,4Q/OT | margin -3..3 | 300..120,get-possessions__possessions__off_def-Offense__filter_comparison-Exactly__filter_event-OnFloor__filter_value-5__start_type-All__season-2024__season_type-Regular_Season__team_id-1611661330__d64e970c,get-possessions,https://api.pbpstats.com/get-possessions/wnba?OffDef=Offense&FilterComparison=Exactly&FilterEvent=OnFloor&FilterValue=5&StartType=All&Season=2024&SeasonType=Regular+Season&TeamId=1611661330,200,16,09:26,"Amihere 3' Driving Layup (2 PTS) (Jones 1 AST)
",1,1,0,0,2024-09-19,1022400236,0,0,NYL,4,0,17,09:44,Off Short Mid-Range Miss,0,"[{""description"": ""Amihere 3' Driving Layup (2 PTS) (Jones 1 AST)"", ""url"": ""https://videos.nba.com/wnba/pbp/media/2024/09/19/1022400236/420/ab4f841e-aa0d-6fbc-14ec-cc680073ee12_960x540.mp4""}]",False,possessions,4Q/OT | margin -3..3 | 300..120,team
wnba,wnba_shot_pace,shot_pace,possessions,get-possessions,2024,Regular Season,team,"{'OffDef': 'Offense', 'FilterComparison': 'Exactly', 'FilterEvent': 'OnFloor', 'FilterValue': 5, 'StartType': 'All', 'Season': '2024', 'SeasonType': 'Regular Season', 'TeamId': '1611661330'}",shot_pace,1611661330,4Q/OT | margin -3..3 | 300..120,get-possessions__possessions__off_def-Offense__filter_comparison-Exactly__filter_event-OnFloor__filter_value-5__start_type-All__season-2024__season_type-Regular_Season__team_id-1611661330__d64e970c,get-possessions,https://api.pbpstats.com/get-possessions/wnba?OffDef=Offense&FilterComparison=Exactly&FilterEvent=OnFloor&FilterValue=5&StartType=All&Season=2024&SeasonType=Regular+Season&TeamId=1611661330,200,17,00:00,,0,0,0,0,2024-09-19,1022400236,0,0,NYL,3,0,17,00:03,Off FT Miss,0,[],False,possessions,4Q/OT | margin -3..3 | 300..120,team
wnba,wnba_shot_pace,shot_pace,possessions,get-possessions,2024,Regular Season,team,"{'OffDef': 'Offense', 'FilterComparison': 'Exactly', 'FilterEvent': 'OnFloor', 'FilterValue': 5, 'StartType': 'All', 'Season': '2024', 'SeasonType': 'Regular Season', 'TeamId': '1611661330'}",shot_pace,1611661330,4Q/OT | margin -3..3 | 300..120,get-possessions__possessions__off_def-Offense__filter_comparison-Exactly__filter_event-OnFloor__filter_value-5__start_type-All__season-2024__season_type-Regular_Season__team_id-1611661330__d64e970c,get-possessions,https://api.pbpstats.com/get-possessions/wnba?OffDef=Offense&FilterComparison=Exactly&FilterEvent=OnFloor&FilterValue=5&StartType=All&Season=2024&SeasonType=Regular+Season&TeamId=1611661330,200,18,00:18,"MISS Caldwell 26' 3PT Jump Shot
Davis REBOUND (Off:1 Def:1)
",0,0,1,0,2024-09-19,1022400236,0,0,NYL,3,0,18,00:32,Off Short Mid-Range Make,0,"[{""description"": ""MISS Caldwell 26' 3PT Jump Shot"", ""url"": ""https://videos.nba.com/wnba/pbp/media/2024/09/19/1022400236/397/9a72ec74-65e6-2d7a-5b37-07f07c2ba5dc_960x540.mp4""}, {""description"": ""Davis REBOUND (Off:1 Def:1)"", ""url"": ""https://videos.nba.com/wnba/pbp/media/2024/09/19/1022400236/398/8a671460-31be-e5e1-731c-a06ce1132698_960x540.mp4""}]",False,possessions,4Q/OT | margin -3..3 | 300..120,team
wnba,wnba_shot_pace,shot_pace,possessions,get-possessions,2024,Regular Season,team,"{'OffDef': 'Offense', 'FilterComparison': 'Exactly', 'FilterEvent': 'OnFloor', 'FilterValue': 5, 'StartType': 'All', 'Season': '2024', 'SeasonType': 'Regular Season', 'TeamId': '1611661330'}",shot_pace,1611661330,4Q/OT | margin -3..3 | 300..120,get-possessions__possessions__off_def-Offense__filter_comparison-Exactly__filter_event-OnFloor__filter_value-5__start_type-All__season-2024__season_type-Regular_Season__team_id-1611661330__d64e970c,get-possessions,https://api.pbpstats.com/get-possessions/wnba?OffDef=Offense&FilterComparison=Exactly&FilterEvent=OnFloor&FilterValue=5&StartType=All&Season=2024&SeasonType=Regular+Season&TeamId=1611661330,200,19,00:40,"MISS Kalu 9' Running Pull-Up Jump Shot
LIBERTY Rebound
",1,0,0,0,2024-09-19,1022400236,0,0,NYL,3,0,20,00:48,Off Steal,0,"[{""description"": ""MISS Kalu 9' Running Pull-Up Jump Shot"", ""url"": ""https://videos.nba.com/wnba/pbp/media/2024/09/19/1022400236/393/d7ba393d-74dc-e41c-6642-a3cd71b10bb2_960x540.mp4""}, {""description"": ""LIBERTY Rebound"", ""url"": """"}]",False,possessions,4Q/OT | margin -3..3 | 300..120,team
wnba,wnba_shot_pace,shot_pace,possessions,get-possessions,2024,Regular Season,team,"{'OffDef': 'Offense', 'FilterComparison': 'Exactly', 'FilterEvent': 'OnFloor', 'FilterValue': 5, 'StartType': 'All', 'Season': '2024', 'SeasonType': 'Regular Season', 'TeamId': '1611661330'}",shot_pace,1611661330,4Q/OT | margin -3..3 | 300..120,get-possessions__possessions__off_def-Offense__filter_comparison-Exactly__filter_event-OnFloor__filter_value-5__start_type-All__season-2024__season_type-Regular_Season__team_id-1611661330__d64e970c,get-possessions,https://api.pbpstats.com/get-possessions/wnba?OffDef=Offense&FilterComparison=Exactly&FilterEvent=OnFloor&FilterValue=5&StartType=All&Season=2024&SeasonType=Regular+Season&TeamId=1611661330,200,20,01:14,"Vandersloot S.FOUL (P3.PN)
Caldwell Free Throw 1 of 2 (6 PTS)
Caldwell Free Throw 2 of 2 (7 PTS)
",0,0,0,0,2024-09-19,1022400236,0,0,NYL,3,1,18,01:29,Off Dead Ball,0,"[{""description"": ""Vandersloot S.FOUL (P3.PN)"", ""url"": """"}, {""description"": ""Caldwell Free Throw 1 of 2 (6 PTS)"", ""url"": """"}, {""description"": ""Caldwell Free Throw 2 of 2 (7 PTS)"", ""url"": """"}]",False,possessions,4Q/OT | margin -3..3 | 300..120,team
wnba,wnba_shot_pace,shot_pace,possessions,get-possessions,2024,Regular Season,team,"{'OffDef': 'Offense', 'FilterComparison': 'Exactly', 'FilterEvent': 'OnFloor', 'FilterValue': 5, 'StartType': 'All', 'Season': '2024', 'SeasonType': 'Regular Season', 'TeamId': '1611661330'}",shot_pace,1611661330,4Q/OT | margin -3..3 | 300..120,get-possessions__possessions__off_def-Offense__filter_comparison-Exactly__filter_event-OnFloor__filter_value-5__start_type-All__season-2024__season_type-Regular_Season__team_id-1611661330__d64e970c,get-possessions,https://api.pbpstats.com/get-possessions/wnba?OffDef=Offense&FilterComparison=Exactly&FilterEvent=OnFloor&FilterValue=5&StartType=All&Season=2024&SeasonType=Regular+Season&TeamId=1611661330,200,21,01:33,"Vandersloot STEAL (1 STL): Coffey Bad Pass Turnover (P3.T10)
",0,0,0,0,2024-09-19,1022400236,0,0,NYL,3,0,18,01:41,Off FT Make,1,"[{""description"": ""Vandersloot STEAL (1 STL): Coffey Bad Pass Turnover (P3.T10)"", ""url"": ""https://videos.nba.com/wnba/pbp/media/2024/09/19/1022400236/380/df7d0877-10d5-efb6-cdbe-45afb03c447c_960x540.mp4""}]",False,possessions,4Q/OT | margin -3..3 | 300..120,team
wnba,wnba_shot_pace,shot_pace,possessions,get-possessions,2024,Regular Season,team,"{'OffDef': 'Offense', 'FilterComparison': 'Exactly', 'FilterEvent': 'OnFloor', 'FilterValue': 5, 'StartType': 'All', 'Season': '2024', 'SeasonType': 'Regular Season', 'TeamId': '1611661330'}",shot_pace,1611661330,4Q/OT | margin -3..3 | 300..120,get-possessions__possessions__off_def-Offense__filter_comparison-Exactly__filter_event-OnFloor__filter_value-5__start_type-All__season-2024__season_type-Regular_Season__team_id-1611661330__d64e970c,get-possessions,https://api.pbpstats.com/get-possessions/wnba?OffDef=Offense&FilterComparison=Exactly&FilterEvent=OnFloor&FilterValue=5&StartType=All&Season=2024&SeasonType=Regular+Season&TeamId=1611661330,200,22,01:56,"Davis S.FOUL (P1.T4)
MISS Cubaj Free Throw 1 of 2
Dream Rebound
Cubaj Free Throw 2 of 2 (1 PTS)
",0,0,0,0,2024-09-19,1022400236,0,0,NYL,3,1,19,02:14,Off Dead Ball,0,"[{""description"": ""Davis S.FOUL (P1.T4)"", ""url"": """"}, {""description"": ""MISS Cubaj Free Throw 1 of 2"", ""url"": """"}, {""description"": ""Dream Rebound"", ""url"": """"}, {""description"": ""Cubaj Free Throw 2 of 2 (1 PTS)"", ""url"": """"}]",False,possessions,4Q/OT | margin -3..3 | 300..120,team
wnba,wnba_shot_pace,shot_pace,possessions,get-possessions,2024,Regular Season,team,"{'OffDef': 'Offense', 'FilterComparison': 'Exactly', 'FilterEvent': 'OnFloor', 'FilterValue': 5, 'StartType': 'All', 'Season': '2024', 'SeasonType': 'Regular Season', 'TeamId': '1611661330'}",shot_pace,1611661330,4Q/OT | margin -3..3 | 300..120,get-possessions__possessions__off_def-Offense__filter_comparison-Exactly__filter_event-OnFloor__filter_value-5__start_type-All__season-2024__season_type-Regular_Season__team_id-1611661330__d64e970c,get-possessions,https://api.pbpstats.com/get-possessions/wnba?OffDef=Offense&FilterComparison=Exactly&FilterEvent=OnFloor&FilterValue=5&StartType=All&Season=2024&SeasonType=Regular+Season&TeamId=1611661330,200,23,02:30,"Howard 24' 3PT Jump Shot (13 PTS) (Caldwell 1 AST)
",0,0,1,1,2024-09-19,1022400236,0,0,NYL,3,0,16,02:54,Off At Rim Make,0,"[{""description"": ""Howard 24' 3PT Jump Shot (13 PTS) (Caldwell 1 AST)"", ""url"": ""https://videos.nba.com/wnba/pbp/media/2024/09/19/1022400236/364/fe8b9bd1-e1b3-6a95-acec-89e6f83fd73c_960x540.mp4""}]",False,possessions,4Q/OT | margin -3..3 | 300..120,team
wnba,wnba_shot_pace,shot_pace,possessions,get-possessions,2024,Regular Season,team,"{'OffDef': 'Offense', 'FilterComparison': 'Exactly', 'FilterEvent': 'OnFloor', 'FilterValue': 5, 'StartType': 'All', 'Season': '2024', 'SeasonType': 'Regular Season', 'TeamId': '1611661330'}",shot_pace,1611661330,4Q/OT | margin -3..3 | 300..120,get-possessions__possessions__off_def-Offense__filter_comparison-Exactly__filter_event-OnFloor__filter_value-5__start_type-All__season-2024__season_type-Regular_Season__team_id-1611661330__d64e970c,get-possessions,https://api.pbpstats.com/get-possessions/wnba?OffDef=Offense&FilterComparison=Exactly&FilterEvent=OnFloor&FilterValue=5&StartType=All&Season=2024&SeasonType=Regular+Season&TeamId=1611661330,200,24,03:21,"Howard 25' 3PT Jump Shot (10 PTS) (Cubaj 1 AST)
",0,0,1,1,2024-09-19,1022400236,0,0,NYL,3,0,15,03:40,Off FT Miss,0,"[{""description"": ""Howard 25' 3PT Jump Shot (10 PTS) (Cubaj 1 AST)"", ""url"": ""https://videos.nba.com/wnba/pbp/media/2024/09/19/1022400236/359/2270061f-4683-85ac-c70a-9110563b8e0f_960x540.mp4""}]",False,possessions,4Q/OT | margin -3..3 | 300..120,team
wnba,wnba_shot_pace,shot_pace,possessions,get-possessions,2024,Regular Season,team,"{'OffDef': 'Offense', 'FilterComparison': 'Exactly', 'FilterEvent': 'OnFloor', 'FilterValue': 5, 'StartType': 'All', 'Season': '2024', 'SeasonType': 'Regular Season', 'TeamId': '1611661330'}",shot_pace,1611661330,4Q/OT | margin -3..3 | 300..120,get-possessions__possessions__off_def-Offense__filter_comparison-Exactly__filter_event-OnFloor__filter_value-5__start_type-All__season-2024__season_type-Regular_Season__team_id-1611661330__d64e970c,get-possessions,https://api.pbpstats.com/get-possessions/wnba?OffDef=Offense&FilterComparison=Exactly&FilterEvent=OnFloor&FilterValue=5&StartType=All&Season=2024&SeasonType=Regular+Season&TeamId=1611661330,200,25,03:47,"MISS Canada 4' Running Layup
Jones REBOUND (Off:0 Def:8)
",1,0,0,0,2024-09-19,1022400236,0,0,NYL,3,0,17,03:56,Off Short Mid-Range Miss,0,"[{""description"": ""MISS Canada 4' Running Layup"", ""url"": ""https://videos.nba.com/wnba/pbp/media/2024/09/19/1022400236/345/9cb3fdb1-70b7-c4ab-ee9e-ef37d8e2a101_960x540.mp4""}, {""description"": ""Jones REBOUND (Off:0 Def:8)"", ""url"": ""https://videos.nba.com/wnba/pbp/media/2024/09/19/1022400236/346/62bc0df5-a75c-dd43-2c8e-c09ed676a1ed_960x540.mp4""}]",False,possessions,4Q/OT | margin -3..3 | 300..120,team
wnba,wnba_shot_pace,shot_pace,possessions,get-possessions,2024,Regular Season,team,"{'OffDef': 'Offense', 'FilterComparison': 'Exactly', 'FilterEvent': 'OnFloor', 'FilterValue': 5, 'StartType': 'All', 'Season': '2024', 'SeasonType': 'Regular Season', 'TeamId': '1611661330'}",shot_pace,1611661330,4Q/OT | margin -3..3 | 300..120,get-possessions__possessions__off_def-Offense__filter_comparison-Exactly__filter_event-OnFloor__filter_value-5__start_type-All__season-2024__season_type-Regular_Season__team_id-1611661330__d64e970c,get-possessions,https://api.pbpstats.com/get-possessions/wnba?OffDef=Offense&FilterComparison=Exactly&FilterEvent=OnFloor&FilterValue=5&StartType=All&Season=2024&SeasonType=Regular+Season&TeamId=1611661330,200,26,04:15,"Canada 2' Driving Finger Roll Layup (8 PTS)
Ionescu S.FOUL (P1.T3)
MISS Canada Free Throw 1 of 1
Jones REBOUND (Off:0 Def:7)
",1,1,0,0,2024-09-19,1022400236,0,0,NYL,3,1,15,04:31,Off FT Make,0,"[{""description"": ""Canada 2' Driving Finger Roll Layup (8 PTS)"", ""url"": ""https://videos.nba.com/wnba/pbp/media/2024/09/19/1022400236/338/7ec3b364-5fb0-b671-2e67-2ec4d6677d46_960x540.mp4""}, {""description"": ""Ionescu S.FOUL (P1.T3)"", ""url"": """"}, {""description"": ""MISS Canada Free Throw 1 of 1"", ""url"": """"}, {""description"": ""Jones REBOUND (Off:0 Def:7)"", ""url"": ""https://videos.nba.com/wnba/pbp/media/2024/09/19/1022400236/342/483d4dc0-0d3c-9d33-6669-cd66e6dedbab_960x540.mp4""}]",False,possessions,4Q/OT | margin -3..3 | 300..120,team
wnba,wnba_shot_pace,shot_pace,possessions,get-possessions,2024,Regular Season,team,"{'OffDef': 'Offense', 'FilterComparison': 'Exactly', 'FilterEvent': 'OnFloor', 'FilterValue': 5, 'StartType': 'All', 'Season': '2024', 'SeasonType': 'Regular Season', 'TeamId': '1611661330'}",shot_pace,1611661330,4Q/OT | margin -3..3 | 300..120,get-possessions__possessions__off_def-Offense__filter_comparison-Exactly__filter_event-OnFloor__filter_value-5__start_type-All__season-2024__season_type-Regular_Season__team_id-1611661330__d64e970c,get-possessions,https://api.pbpstats.com/get-possessions/wnba?OffDef=Offense&FilterComparison=Exactly&FilterEvent=OnFloor&FilterValue=5&StartType=All&Season=2024&SeasonType=Regular+Season&TeamId=1611661330,200,27,04:42,"Vandersloot P.FOUL (P2.T2)
Dream Turnover: Shot Clock (T#9)
",0,0,0,0,2024-09-19,1022400236,0,0,NYL,3,0,18,05:06,Off Short Mid-Range Miss,1,"[{""description"": ""Vandersloot P.FOUL (P2.T2)"", ""url"": """"}, {""description"": ""Dream Turnover: Shot Clock (T#9)"", ""url"": """"}]",False,possessions,4Q/OT | margin -3..3 | 300..120,team
wnba,wnba_shot_pace,shot_pace,possessions,get-possessions,2024,Regular Season,team,"{'OffDef': 'Offense', 'FilterComparison': 'Exactly', 'FilterEvent': 'OnFloor', 'FilterValue': 5, 'StartType': 'All', 'Season': '2024', 'SeasonType': 'Regular Season', 'TeamId': '1611661330'}",shot_pace,1611661330,4Q/OT | margin -3..3 | 300..120,get-possessions__possessions__off_def-Offense__filter_comparison-Exactly__filter_event-OnFloor__filter_value-5__start_type-All__season-2024__season_type-Regular_Season__team_id-1611661330__d64e970c,get-possessions,https://api.pbpstats.com/get-possessions/wnba?OffDef=Offense&FilterComparison=Exactly&FilterEvent=OnFloor&FilterValue=5&StartType=All&Season=2024&SeasonType=Regular+Season&TeamId=1611661330,200,28,05:20,"MISS Charles 6' Driving Hook Shot
Jones REBOUND (Off:0 Def:6)
",1,0,0,0,2024-09-19,1022400236,0,0,NYL,3,0,18,05:46,Off Long Mid-Range Make,0,"[{""description"": ""MISS Charles 6' Driving Hook Shot"", ""url"": ""https://videos.nba.com/wnba/pbp/media/2024/09/19/1022400236/319/24cdb1d9-cdff-8b0e-c501-05e297760ea6_960x540.mp4""}, {""description"": ""Jones REBOUND (Off:0 Def:6)"", ""url"": ""https://videos.nba.com/wnba/pbp/media/2024/09/19/1022400236/320/cfa47240-5ffb-dc6c-ba03-24af3c160bcf_960x540.mp4""}]",False,possessions,4Q/OT | margin -3..3 | 300..120,team
wnba,wnba_shot_pace,shot_pace,possessions,get-possessions,2024,Regular Season,team,"{'OffDef': 'Offense', 'FilterComparison': 'Exactly', 'FilterEvent': 'OnFloor', 'FilterValue': 5, 'StartType': 'All', 'Season': '2024', 'SeasonType': 'Regular Season', 'TeamId': '1611661330'}",shot_pace,1611661330,4Q/OT | margin -3..3 | 300..120,get-possessions__possessions__off_def-Offense__filter_comparison-Exactly__filter_event-OnFloor__filter_value-5__start_type-All__season-2024__season_type-Regular_Season__team_id-1611661330__d64e970c,get-possessions,https://api.pbpstats.com/get-possessions/wnba?OffDef=Offense&FilterComparison=Exactly&FilterEvent=OnFloor&FilterValue=5&StartType=All&Season=2024&SeasonType=Regular+Season&TeamId=1611661330,200,29,05:56,"Canada 4' Turnaround Hook Shot (6 PTS) (Howard 4 AST)
",1,1,0,0,2024-09-19,1022400236,0,0,NYL,3,0,18,06:08,Off Dead Ball,0,"[{""description"": ""Canada 4' Turnaround Hook Shot (6 PTS) (Howard 4 AST)"", ""url"": ""https://videos.nba.com/wnba/pbp/media/2024/09/19/1022400236/315/e2c3c591-32e7-014f-1e08-817f2fe19526_960x540.mp4""}]",False,possessions,4Q/OT | margin -3..3 | 300..120,team
wnba,wnba_shot_pace,shot_pace,possessions,get-possessions,2024,Regular Season,team,"{'OffDef': 'Offense', 'FilterComparison': 'Exactly', 'FilterEvent': 'OnFloor', 'FilterValue': 5, 'StartType': 'All', 'Season': '2024', 'SeasonType': 'Regular Season', 'TeamId': '1611661330'}",shot_pace,1611661330,4Q/OT | margin -3..3 | 300..120,get-possessions__possessions__off_def-Offense__filter_comparison-Exactly__filter_event-OnFloor__filter_value-5__start_type-All__season-2024__season_type-Regular_Season__team_id-1611661330__d64e970c,get-possessions,https://api.pbpstats.com/get-possessions/wnba?OffDef=Offense&FilterComparison=Exactly&FilterEvent=OnFloor&FilterValue=5&StartType=All&Season=2024&SeasonType=Regular+Season&TeamId=1611661330,200,30,06:26,"Howard 24' 3PT Jump Shot (7 PTS) (Gray 5 AST)
",0,0,1,1,2024-09-19,1022400236,0,0,NYL,3,0,15,06:49,Off Dead Ball,0,"[{""description"": ""Howard 24' 3PT Jump Shot (7 PTS) (Gray 5 AST)"", ""url"": ""https://videos.nba.com/wnba/pbp/media/2024/09/19/1022400236/310/5b6a8513-fa89-c179-f639-c6275f8526ec_960x540.mp4""}]",False,possessions,4Q/OT | margin -3..3 | 300..120,team
wnba,wnba_shot_pace,shot_pace,possessions,get-possessions,2024,Regular Season,team,"{'OffDef': 'Offense', 'FilterComparison': 'Exactly', 'FilterEvent': 'OnFloor', 'FilterValue': 5, 'StartType': 'All', 'Season': '2024', 'SeasonType': 'Regular Season', 'TeamId': '1611661330'}",shot_pace,1611661330,4Q/OT | margin -3..3 | 300..120,get-possessions__possessions__off_def-Offense__filter_comparison-Exactly__filter_event-OnFloor__filter_value-5__start_type-All__season-2024__season_type-Regular_Season__team_id-1611661330__d64e970c,get-possessions,https://api.pbpstats.com/get-possessions/wnba?OffDef=Offense&FilterComparison=Exactly&FilterEvent=OnFloor&FilterValue=5&StartType=All&Season=2024&SeasonType=Regular+Season&TeamId=1611661330,200,31,06:57,"Vandersloot BLOCK (1 BLK): MISS Hillmon 3' Driving Layup
Dream Rebound
MISS Howard 7' Driving Floating Jump Shot
Laney-Hamilton REBOUND (Off:0 Def:2)
",2,0,0,0,2024-09-19,1022400236,0,1,NYL,3,0,15,07:18,Off Dead Ball,0,"[{""description"": ""Vandersloot BLOCK (1 BLK): MISS Hillmon 3' Driving Layup"", ""url"": ""https://videos.nba.com/wnba/pbp/media/2024/09/19/1022400236/299/91049ac5-1a61-eb07-0707-458d1d076951_960x540.mp4""}, {""description"": ""Dream Rebound"", ""url"": """"}, {""description"": ""MISS Howard 7' Driving Floating Jump Shot"", ""url"": ""https://videos.nba.com/wnba/pbp/media/2024/09/19/1022400236/305/75c91e27-0280-4fb5-7b13-4851b49e62e4_960x540.mp4""}, {""description"": ""Laney-Hamilton REBOUND (Off:0 Def:2)"", ""url"": ""https://videos.nba.com/wnba/pbp/media/2024/09/19/1022400236/306/4c4a0789-0aa7-0e2d-30ab-1956e9b0f042_960x540.mp4""}]",False,possessions,4Q/OT | margin -3..3 | 300..120,team
wnba,wnba_shot_pace,shot_pace,possessions,get-possessions,2024,Regular Season,team,"{'OffDef': 'Offense', 'FilterComparison': 'Exactly', 'FilterEvent': 'OnFloor', 'FilterValue': 5, 'StartType': 'All', 'Season': '2024', 'SeasonType': 'Regular Season', 'TeamId': '1611661330'}",shot_pace,1611661330,4Q/OT | margin -3..3 | 300..120,get-possessions__possessions__off_def-Offense__filter_comparison-Exactly__filter_event-OnFloor__filter_value-5__start_type-All__season-2024__season_type-Regular_Season__team_id-1611661330__d64e970c,get-possessions,https://api.pbpstats.com/get-possessions/wnba?OffDef=Offense&FilterComparison=Exactly&FilterEvent=OnFloor&FilterValue=5&StartType=All&Season=2024&SeasonType=Regular+Season&TeamId=1611661330,200,32,07:30,"MISS Hillmon 4' Running Layup
Hillmon REBOUND (Off:1 Def:1)
Vandersloot S.FOUL (P1.T1)
Hillmon Free Throw 1 of 2 (13 PTS)
MISS Hillmon Free Throw 2 of 2
Gray REBOUND (Off:1 Def:4)
Gray 5' Driving Layup (10 PTS) (Charles 3 AST)
",2,1,0,0,2024-09-19,1022400236,0,2,NYL,3,1,12,07:51,Off Long Mid-Range Miss,0,"[{""description"": ""MISS Hillmon 4' Running Layup"", ""url"": ""https://videos.nba.com/wnba/pbp/media/2024/09/19/1022400236/289/20b988dd-ee59-ba6f-aae8-bf21b4b599b3_960x540.mp4""}, {""description"": ""Hillmon REBOUND (Off:1 Def:1)"", ""url"": ""https://videos.nba.com/wnba/pbp/media/2024/09/19/1022400236/290/df4f67c5-1238-422c-53af-3f1b82919e43_960x540.mp4""}, {""description"": ""Vandersloot S.FOUL (P1.T1)"", ""url"": """"}, {""description"": ""Hillmon Free Throw 1 of 2 (13 PTS)"", ""url"": """"}, {""description"": ""MISS Hillmon Free Throw 2 of 2"", ""url"": """"}, {""description"": ""Gray REBOUND (Off:1 Def:4)"", ""url"": ""https://videos.nba.com/wnba/pbp/media/2024/09/19/1022400236/295/81e1762e-7933-d28f-f6f1-7f71da17ed31_960x540.mp4""}, {""description"": ""Gray 5' Driving Layup (10 PTS) (Charles 3 AST)"", ""url"": ""https://videos.nba.com/wnba/pbp/media/2024/09/19/1022400236/296/b587c284-0e67-20fb-5780-8494871b29dd_960x540.mp4""}]",False,possessions,4Q/OT | margin -3..3 | 300..120,team
wnba,wnba_shot_pace,shot_pace,possessions,get-possessions,2024,Regular Season,team,"{'OffDef': 'Offense', 'FilterComparison': 'Exactly', 'FilterEvent': 'OnFloor', 'FilterValue': 5, 'StartType': 'All', 'Season': '2024', 'SeasonType': 'Regular Season', 'TeamId': '1611661330'}",shot_pace,1611661330,4Q/OT | margin -3..3 | 300..120,get-possessions__possessions__off_def-Offense__filter_comparison-Exactly__filter_event-OnFloor__filter_value-5__start_type-All__season-2024__season_type-Regular_Season__team_id-1611661330__d64e970c,get-possessions,https://api.pbpstats.com/get-possessions/wnba?OffDef=Offense&FilterComparison=Exactly&FilterEvent=OnFloor&FilterValue=5&StartType=All&Season=2024&SeasonType=Regular+Season&TeamId=1611661330,200,33,08:16,"Charles 2' Layup (10 PTS) (Canada 5 AST)
",1,1,0,0,2024-09-19,1022400236,0,0,NYL,3,0,10,08:33,Off Steal,0,"[{""description"": ""Charles 2' Layup (10 PTS) (Canada 5 AST)"", ""url"": ""https://videos.nba.com/wnba/pbp/media/2024/09/19/1022400236/279/442a79ae-fe8d-fd53-934e-eb7a8cbe2666_960x540.mp4""}]",False,possessions,4Q/OT | margin -3..3 | 300..120,team
wnba,wnba_shot_pace,shot_pace,possessions,get-possessions,2024,Regular Season,team,"{'OffDef': 'Offense', 'FilterComparison': 'Exactly', 'FilterEvent': 'OnFloor', 'FilterValue': 5, 'StartType': 'All', 'Season': '2024', 'SeasonType': 'Regular Season', 'TeamId': '1611661330'}",shot_pace,1611661330,4Q/OT | margin -3..3 | 300..120,get-possessions__possessions__off_def-Offense__filter_comparison-Exactly__filter_event-OnFloor__filter_value-5__start_type-All__season-2024__season_type-Regular_Season__team_id-1611661330__d64e970c,get-possessions,https://api.pbpstats.com/get-possessions/wnba?OffDef=Offense&FilterComparison=Exactly&FilterEvent=OnFloor&FilterValue=5&StartType=All&Season=2024&SeasonType=Regular+Season&TeamId=1611661330,200,34,08:37,"Jones STEAL (1 STL): Canada Lost Ball Turnover (P2.T8)
",0,0,0,0,2024-09-19,1022400236,0,0,NYL,3,0,10,08:53,Off Arc 3 Make,1,"[{""description"": ""Jones STEAL (1 STL): Canada Lost Ball Turnover (P2.T8)"", ""url"": ""https://videos.nba.com/wnba/pbp/media/2024/09/19/1022400236/275/b6c46e13-0e0b-9595-49b2-11f117dd66ae_960x540.mp4""}]",False,possessions,4Q/OT | margin -3..3 | 300..120,team
wnba,wnba_shot_pace,shot_pace,possessions,get-possessions,2024,Regular Season,team,"{'OffDef': 'Offense', 'FilterComparison': 'Exactly', 'FilterEvent': 'OnFloor', 'FilterValue': 5, 'StartType': 'All', 'Season': '2024', 'SeasonType': 'Regular Season', 'TeamId': '1611661330'}",shot_pace,1611661330,4Q/OT | margin -3..3 | 300..120,get-possessions__possessions__off_def-Offense__filter_comparison-Exactly__filter_event-OnFloor__filter_value-5__start_type-All__season-2024__season_type-Regular_Season__team_id-1611661330__d64e970c,get-possessions,https://api.pbpstats.com/get-possessions/wnba?OffDef=Offense&FilterComparison=Exactly&FilterEvent=OnFloor&FilterValue=5&StartType=All&Season=2024&SeasonType=Regular+Season&TeamId=1611661330,200,35,08:58,"MISS Canada 15' Driving Finger Roll Layup
Jones REBOUND (Off:0 Def:5)
",1,0,0,0,2024-09-19,1022400236,0,0,NYL,3,0,13,09:14,Off At Rim Make,0,"[{""description"": ""MISS Canada 15' Driving Finger Roll Layup"", ""url"": ""https://videos.nba.com/wnba/pbp/media/2024/09/19/1022400236/271/12d1f5ff-57e7-0055-2d3d-db523fd056d3_960x540.mp4""}, {""description"": ""Jones REBOUND (Off:0 Def:5)"", ""url"": ""https://videos.nba.com/wnba/pbp/media/2024/09/19/1022400236/272/6546e748-71e0-d8eb-2cc8-5957e1202ed9_960x540.mp4""}]",False,possessions,4Q/OT | margin -3..3 | 300..120,team
wnba,wnba_shot_pace,shot_pace,possessions,get-possessions,2024,Regular Season,team,"{'OffDef': 'Offense', 'FilterComparison': 'Exactly', 'FilterEvent': 'OnFloor', 'FilterValue': 5, 'StartType': 'All', 'Season': '2024', 'SeasonType': 'Regular Season', 'TeamId': '1611661330'}",shot_pace,1611661330,4Q/OT | margin -3..3 | 300..120,get-possessions__possessions__off_def-Offense__filter_comparison-Exactly__filter_event-OnFloor__filter_value-5__start_type-All__season-2024__season_type-Regular_Season__team_id-1611661330__d64e970c,get-possessions,https://api.pbpstats.com/get-possessions/wnba?OffDef=Offense&FilterComparison=Exactly&FilterEvent=OnFloor&FilterValue=5&StartType=All&Season=2024&SeasonType=Regular+Season&TeamId=1611661330,200,36,09:37,"Hillmon 3' Layup (12 PTS) (Canada 4 AST)
",1,1,0,0,2024-09-19,1022400236,0,0,NYL,3,0,13,10:00,Off Dead Ball,0,"[{""description"": ""Hillmon 3' Layup (12 PTS) (Canada 4 AST)"", ""url"": ""https://videos.nba.com/wnba/pbp/media/2024/09/19/1022400236/267/1e677953-978b-1e26-7969-4e6f9f2751ea_960x540.mp4""}]",False,possessions,4Q/OT | margin -3..3 | 300..120,team
wnba,wnba_shot_pace,shot_pace,possessions,get-possessions,2024,Regular Season,team,"{'OffDef': 'Offense', 'FilterComparison': 'Exactly', 'FilterEvent': 'OnFloor', 'FilterValue': 5, 'StartType': 'All', 'Season': '2024', 'SeasonType': 'Regular Season', 'TeamId': '1611661330'}",shot_pace,1611661330,4Q/OT | margin -3..3 | 300..120,get-possessions__possessions__off_def-Offense__filter_comparison-Exactly__filter_event-OnFloor__filter_value-5__start_type-All__season-2024__season_type-Regular_Season__team_id-1611661330__d64e970c,get-possessions,https://api.pbpstats.com/get-possessions/wnba?OffDef=Offense&FilterComparison=Exactly&FilterEvent=OnFloor&FilterValue=5&StartType=All&Season=2024&SeasonType=Regular+Season&TeamId=1611661330,200,37,00:00,"MISS Caldwell 41' 3PT Pullup Jump Shot
Dream Rebound
",0,0,1,0,2024-09-19,1022400236,0,0,NYL,2,0,13,00:03,Off Steal,0,"[{""description"": ""MISS Caldwell 41' 3PT Pullup Jump Shot"", ""url"": ""https://videos.nba.com/wnba/pbp/media/2024/09/19/1022400236/251/3710f8d3-0d5a-d033-3f68-2a0d01737236_960x540.mp4""}, {""description"": ""Dream Rebound"", ""url"": """"}]",False,possessions,4Q/OT | margin -3..3 | 300..120,team
wnba,wnba_shot_pace,shot_pace,possessions,get-possessions,2024,Regular Season,team,"{'OffDef': 'Offense', 'FilterComparison': 'Exactly', 'FilterEvent': 'OnFloor', 'FilterValue': 5, 'StartType': 'All', 'Season': '2024', 'SeasonType': 'Regular Season', 'TeamId': '1611661330'}",shot_pace,1611661330,4Q/OT | margin -3..3 | 300..120,get-possessions__possessions__off_def-Offense__filter_comparison-Exactly__filter_event-OnFloor__filter_value-5__start_type-All__season-2024__season_type-Regular_Season__team_id-1611661330__d64e970c,get-possessions,https://api.pbpstats.com/get-possessions/wnba?OffDef=Offense&FilterComparison=Exactly&FilterEvent=OnFloor&FilterValue=5&StartType=All&Season=2024&SeasonType=Regular+Season&TeamId=1611661330,200,38,00:22,"Jones BLOCK (2 BLK): MISS Charles 10' Turnaround Fadeaway Shot
Dream Rebound
Coffey 10' Pullup Jump Shot (4 PTS)
",2,1,0,0,2024-09-19,1022400236,0,1,NYL,2,0,11,00:46,Off FT Make,0,"[{""description"": ""Jones BLOCK (2 BLK): MISS Charles 10' Turnaround Fadeaway Shot"", ""url"": ""https://videos.nba.com/wnba/pbp/media/2024/09/19/1022400236/242/63e7f99e-fb79-e81d-77f6-132ab1a88d25_960x540.mp4""}, {""description"": ""Dream Rebound"", ""url"": """"}, {""description"": ""Coffey 10' Pullup Jump Shot (4 PTS)"", ""url"": ""https://videos.nba.com/wnba/pbp/media/2024/09/19/1022400236/248/48133ebf-ced4-fabd-3d3b-872d083f3bee_960x540.mp4""}]",False,possessions,4Q/OT | margin -3..3 | 300..120,team
wnba,wnba_shot_pace,shot_pace,possessions,get-possessions,2024,Regular Season,team,"{'OffDef': 'Offense', 'FilterComparison': 'Exactly', 'FilterEvent': 'OnFloor', 'FilterValue': 5, 'StartType': 'All', 'Season': '2024', 'SeasonType': 'Regular Season', 'TeamId': '1611661330'}",shot_pace,1611661330,4Q/OT | margin -3..3 | 300..120,get-possessions__possessions__off_def-Offense__filter_comparison-Exactly__filter_event-OnFloor__filter_value-5__start_type-All__season-2024__season_type-Regular_Season__team_id-1611661330__d64e970c,get-possessions,https://api.pbpstats.com/get-possessions/wnba?OffDef=Offense&FilterComparison=Exactly&FilterEvent=OnFloor&FilterValue=5&StartType=All&Season=2024&SeasonType=Regular+Season&TeamId=1611661330,200,39,01:10,"Charles 14' Jump Shot (8 PTS) (Howard 3 AST)
",1,1,0,0,2024-09-19,1022400236,0,0,NYL,2,0,11,01:34,Off Corner 3 Miss,0,"[{""description"": ""Charles 14' Jump Shot (8 PTS) (Howard 3 AST)"", ""url"": ""https://videos.nba.com/wnba/pbp/media/2024/09/19/1022400236/231/b8ffb3e2-d809-e244-47a4-3ad9bf20c3d0_960x540.mp4""}]",False,possessions,4Q/OT | margin -3..3 | 300..120,team
wnba,wnba_shot_pace,shot_pace,possessions,get-possessions,2024,Regular Season,team,"{'OffDef': 'Offense', 'FilterComparison': 'Exactly', 'FilterEvent': 'OnFloor', 'FilterValue': 5, 'StartType': 'All', 'Season': '2024', 'SeasonType': 'Regular Season', 'TeamId': '1611661330'}",shot_pace,1611661330,4Q/OT | margin -3..3 | 300..120,get-possessions__possessions__off_def-Offense__filter_comparison-Exactly__filter_event-OnFloor__filter_value-5__start_type-All__season-2024__season_type-Regular_Season__team_id-1611661330__d64e970c,get-possessions,https://api.pbpstats.com/get-possessions/wnba?OffDef=Offense&FilterComparison=Exactly&FilterEvent=OnFloor&FilterValue=5&StartType=All&Season=2024&SeasonType=Regular+Season&TeamId=1611661330,200,40,01:47,"MISS Canada 6' Running Layup
Fiebich REBOUND (Off:0 Def:1)
",1,0,0,0,2024-09-19,1022400236,0,0,NYL,2,0,11,01:54,Off Short Mid-Range Miss,0,"[{""description"": ""MISS Canada 6' Running Layup"", ""url"": ""https://videos.nba.com/wnba/pbp/media/2024/09/19/1022400236/226/dd7f9279-494c-a77b-4343-71816234f635_960x540.mp4""}, {""description"": ""Fiebich REBOUND (Off:0 Def:1)"", ""url"": ""https://videos.nba.com/wnba/pbp/media/2024/09/19/1022400236/227/50892430-67c8-f683-0364-956e961dd990_960x540.mp4""}]",False,possessions,4Q/OT | margin -3..3 | 300..120,team
wnba,wnba_shot_pace,shot_pace,possessions,get-possessions,2024,Regular Season,team,"{'OffDef': 'Offense', 'FilterComparison': 'Exactly', 'FilterEvent': 'OnFloor', 'FilterValue': 5, 'StartType': 'All', 'Season': '2024', 'SeasonType': 'Regular Season', 'TeamId': '1611661330'}",shot_pace,1611661330,4Q/OT | margin -3..3 | 300..120,get-possessions__possessions__off_def-Offense__filter_comparison-Exactly__filter_event-OnFloor__filter_value-5__start_type-All__season-2024__season_type-Regular_Season__team_id-1611661330__d64e970c,get-possessions,https://api.pbpstats.com/get-possessions/wnba?OffDef=Offense&FilterComparison=Exactly&FilterEvent=OnFloor&FilterValue=5&StartType=All&Season=2024&SeasonType=Regular+Season&TeamId=1611661330,200,41,02:04,"Canada Out of Bounds Lost Ball Turnover (P1.T7)
",0,0,0,0,2024-09-19,1022400236,0,0,NYL,2,0,11,02:16,Off Short Mid-Range Make,1,"[{""description"": ""Canada Out of Bounds Lost Ball Turnover (P1.T7)"", ""url"": ""https://videos.nba.com/wnba/pbp/media/2024/09/19/1022400236/221/a8718c79-2451-ffcb-2f08-ca40e23b5709_960x540.mp4""}]",False,possessions,4Q/OT | margin -3..3 | 300..120,team
wnba,wnba_shot_pace,shot_pace,possessions,get-possessions,2024,Regular Season,team,"{'OffDef': 'Offense', 'FilterComparison': 'Exactly', 'FilterEvent': 'OnFloor', 'FilterValue': 5, 'StartType': 'All', 'Season': '2024', 'SeasonType': 'Regular Season', 'TeamId': '1611661330'}",shot_pace,1611661330,4Q/OT | margin -3..3 | 300..120,get-possessions__possessions__off_def-Offense__filter_comparison-Exactly__filter_event-OnFloor__filter_value-5__start_type-All__season-2024__season_type-Regular_Season__team_id-1611661330__d64e970c,get-possessions,https://api.pbpstats.com/get-possessions/wnba?OffDef=Offense&FilterComparison=Exactly&FilterEvent=OnFloor&FilterValue=5&StartType=All&Season=2024&SeasonType=Regular+Season&TeamId=1611661330,200,42,02:27,"Hillmon 3' Layup (10 PTS) (Canada 3 AST)
",1,1,0,0,2024-09-19,1022400236,0,0,NYL,2,0,11,02:36,Off Short Mid-Range Miss,0,"[{""description"": ""Hillmon 3' Layup (10 PTS) (Canada 3 AST)"", ""url"": ""https://videos.nba.com/wnba/pbp/media/2024/09/19/1022400236/217/431178c1-0249-ecc3-d1f7-d27c576d5489_960x540.mp4""}]",False,possessions,4Q/OT | margin -3..3 | 300..120,team
wnba,wnba_shot_pace,shot_pace,possessions,get-possessions,2024,Regular Season,team,"{'OffDef': 'Offense', 'FilterComparison': 'Exactly', 'FilterEvent': 'OnFloor', 'FilterValue': 5, 'StartType': 'All', 'Season': '2024', 'SeasonType': 'Regular Season', 'TeamId': '1611661330'}",shot_pace,1611661330,4Q/OT | margin -3..3 | 300..120,get-possessions__possessions__off_def-Offense__filter_comparison-Exactly__filter_event-OnFloor__filter_value-5__start_type-All__season-2024__season_type-Regular_Season__team_id-1611661330__d64e970c,get-possessions,https://api.pbpstats.com/get-possessions/wnba?OffDef=Offense&FilterComparison=Exactly&FilterEvent=OnFloor&FilterValue=5&StartType=All&Season=2024&SeasonType=Regular+Season&TeamId=1611661330,200,43,02:48,"MISS Canada 27' 3PT Jump Shot
Thornton REBOUND (Off:1 Def:1)
",0,0,1,0,2024-09-19,1022400236,0,0,NYL,2,0,11,03:11,Off FT Make,0,"[{""description"": ""MISS Canada 27' 3PT Jump Shot"", ""url"": ""https://videos.nba.com/wnba/pbp/media/2024/09/19/1022400236/213/da139936-09bf-ab75-eea6-80022ce1ab57_960x540.mp4""}, {""description"": ""Thornton REBOUND (Off:1 Def:1)"", ""url"": ""https://videos.nba.com/wnba/pbp/media/2024/09/19/1022400236/214/d1535764-22d0-38ec-3676-0a2a81eba0fd_960x540.mp4""}]",False,possessions,4Q/OT | margin -3..3 | 300..120,team
wnba,wnba_shot_pace,shot_pace,possessions,get-possessions,2024,Regular Season,team,"{'OffDef': 'Offense', 'FilterComparison': 'Exactly', 'FilterEvent': 'OnFloor', 'FilterValue': 5, 'StartType': 'All', 'Season': '2024', 'SeasonType': 'Regular Season', 'TeamId': '1611661330'}",shot_pace,1611661330,4Q/OT | margin -3..3 | 300..120,get-possessions__possessions__off_def-Offense__filter_comparison-Exactly__filter_event-OnFloor__filter_value-5__start_type-All__season-2024__season_type-Regular_Season__team_id-1611661330__d64e970c,get-possessions,https://api.pbpstats.com/get-possessions/wnba?OffDef=Offense&FilterComparison=Exactly&FilterEvent=OnFloor&FilterValue=5&StartType=All&Season=2024&SeasonType=Regular+Season&TeamId=1611661330,200,44,03:32,"Jones S.FOUL (P2.T2)
Howard Free Throw 1 of 2 (3 PTS)
Howard Free Throw 2 of 2 (4 PTS)
",0,0,0,0,2024-09-19,1022400236,0,0,NYL,2,1,12,03:38,Off Short Mid-Range Miss,0,"[{""description"": ""Jones S.FOUL (P2.T2)"", ""url"": """"}, {""description"": ""Howard Free Throw 1 of 2 (3 PTS)"", ""url"": """"}, {""description"": ""Howard Free Throw 2 of 2 (4 PTS)"", ""url"": """"}]",False,possessions,4Q/OT | margin -3..3 | 300..120,team
wnba,wnba_shot_pace,shot_pace,possessions,get-possessions,2024,Regular Season,team,"{'OffDef': 'Offense', 'FilterComparison': 'Exactly', 'FilterEvent': 'OnFloor', 'FilterValue': 5, 'StartType': 'All', 'Season': '2024', 'SeasonType': 'Regular Season', 'TeamId': '1611661330'}",shot_pace,1611661330,4Q/OT | margin -3..3 | 300..120,get-possessions__possessions__off_def-Offense__filter_comparison-Exactly__filter_event-OnFloor__filter_value-5__start_type-All__season-2024__season_type-Regular_Season__team_id-1611661330__d64e970c,get-possessions,https://api.pbpstats.com/get-possessions/wnba?OffDef=Offense&FilterComparison=Exactly&FilterEvent=OnFloor&FilterValue=5&StartType=All&Season=2024&SeasonType=Regular+Season&TeamId=1611661330,200,45,03:53,"Hillmon 2' Cutting Layup Shot (8 PTS) (Howard 2 AST)
",1,1,0,0,2024-09-19,1022400236,0,0,NYL,2,0,10,04:19,Off At Rim Make,0,"[{""description"": ""Hillmon 2' Cutting Layup Shot (8 PTS) (Howard 2 AST)"", ""url"": ""https://videos.nba.com/wnba/pbp/media/2024/09/19/1022400236/194/7602a336-2a25-5a9a-2784-99b220f189c5_960x540.mp4""}]",False,possessions,4Q/OT | margin -3..3 | 300..120,team
wnba,wnba_shot_pace,shot_pace,possessions,get-possessions,2024,Regular Season,team,"{'OffDef': 'Offense', 'FilterComparison': 'Exactly', 'FilterEvent': 'OnFloor', 'FilterValue': 5, 'StartType': 'All', 'Season': '2024', 'SeasonType': 'Regular Season', 'TeamId': '1611661330'}",shot_pace,1611661330,4Q/OT | margin -3..3 | 300..120,get-possessions__possessions__off_def-Offense__filter_comparison-Exactly__filter_event-OnFloor__filter_value-5__start_type-All__season-2024__season_type-Regular_Season__team_id-1611661330__d64e970c,get-possessions,https://api.pbpstats.com/get-possessions/wnba?OffDef=Offense&FilterComparison=Exactly&FilterEvent=OnFloor&FilterValue=5&StartType=All&Season=2024&SeasonType=Regular+Season&TeamId=1611661330,200,46,04:28,"MISS Canada 5' Jump Shot
Jones REBOUND (Off:0 Def:4)
",1,0,0,0,2024-09-19,1022400236,0,0,NYL,2,0,12,04:57,Off Arc 3 Miss,0,"[{""description"": ""MISS Canada 5' Jump Shot"", ""url"": ""https://videos.nba.com/wnba/pbp/media/2024/09/19/1022400236/190/81713467-d835-e6c6-fe01-ce166758fd08_960x540.mp4""}, {""description"": ""Jones REBOUND (Off:0 Def:4)"", ""url"": ""https://videos.nba.com/wnba/pbp/media/2024/09/19/1022400236/191/6261a9e2-1cc0-402b-a518-6a48c7db9819_960x540.mp4""}]",False,possessions,4Q/OT | margin -3..3 | 300..120,team
wnba,wnba_shot_pace,shot_pace,possessions,get-possessions,2024,Regular Season,team,"{'OffDef': 'Offense', 'FilterComparison': 'Exactly', 'FilterEvent': 'OnFloor', 'FilterValue': 5, 'StartType': 'All', 'Season': '2024', 'SeasonType': 'Regular Season', 'TeamId': '1611661330'}",shot_pace,1611661330,4Q/OT | margin -3..3 | 300..120,get-possessions__possessions__off_def-Offense__filter_comparison-Exactly__filter_event-OnFloor__filter_value-5__start_type-All__season-2024__season_type-Regular_Season__team_id-1611661330__d64e970c,get-possessions,https://api.pbpstats.com/get-possessions/wnba?OffDef=Offense&FilterComparison=Exactly&FilterEvent=OnFloor&FilterValue=5&StartType=All&Season=2024&SeasonType=Regular+Season&TeamId=1611661330,200,47,05:04,"Jones BLOCK (1 BLK): MISS Charles 15' Turnaround Fadeaway Shot
Stewart REBOUND (Off:0 Def:2)
",1,0,0,0,2024-09-19,1022400236,0,0,NYL,2,0,12,05:19,Off Dead Ball,0,"[{""description"": ""Jones BLOCK (1 BLK): MISS Charles 15' Turnaround Fadeaway Shot"", ""url"": ""https://videos.nba.com/wnba/pbp/media/2024/09/19/1022400236/185/6de558f0-9ec8-5820-decf-723e5f321c2c_960x540.mp4""}, {""description"": ""Stewart REBOUND (Off:0 Def:2)"", ""url"": ""https://videos.nba.com/wnba/pbp/media/2024/09/19/1022400236/187/3ed7b848-61e4-7384-0f86-67c0391000ba_960x540.mp4""}]",False,possessions,4Q/OT | margin -3..3 | 300..120,team
wnba,wnba_shot_pace,shot_pace,possessions,get-possessions,2024,Regular Season,team,"{'OffDef': 'Offense', 'FilterComparison': 'Exactly', 'FilterEvent': 'OnFloor', 'FilterValue': 5, 'StartType': 'All', 'Season': '2024', 'SeasonType': 'Regular Season', 'TeamId': '1611661330'}",shot_pace,1611661330,4Q/OT | margin -3..3 | 300..120,get-possessions__possessions__off_def-Offense__filter_comparison-Exactly__filter_event-OnFloor__filter_value-5__start_type-All__season-2024__season_type-Regular_Season__team_id-1611661330__d64e970c,get-possessions,https://api.pbpstats.com/get-possessions/wnba?OffDef=Offense&FilterComparison=Exactly&FilterEvent=OnFloor&FilterValue=5&StartType=All&Season=2024&SeasonType=Regular+Season&TeamId=1611661330,200,48,05:30,"MISS Howard 27' 3PT Jump Shot
Charles REBOUND (Off:3 Def:5)
Charles 16' Step Back Jump Shot (6 PTS)
",1,1,1,0,2024-09-19,1022400236,0,1,NYL,2,0,10,05:53,Off Arc 3 Make,0,"[{""description"": ""MISS Howard 27' 3PT Jump Shot"", ""url"": ""https://videos.nba.com/wnba/pbp/media/2024/09/19/1022400236/181/ff3b2f14-1e69-f70e-d266-cfd5bb10e064_960x540.mp4""}, {""description"": ""Charles REBOUND (Off:3 Def:5)"", ""url"": ""https://videos.nba.com/wnba/pbp/media/2024/09/19/1022400236/182/d3ef10df-2998-9f74-746a-9c58f2085600_960x540.mp4""}, {""description"": ""Charles 16' Step Back Jump Shot (6 PTS)"", ""url"": ""https://videos.nba.com/wnba/pbp/media/2024/09/19/1022400236/183/0996a848-be53-7296-1219-305ea7494c90_960x540.mp4""}]",False,possessions,4Q/OT | margin -3..3 | 300..120,team
wnba,wnba_shot_pace,shot_pace,possessions,get-possessions,2024,Regular Season,team,"{'OffDef': 'Offense', 'FilterComparison': 'Exactly', 'FilterEvent': 'OnFloor', 'FilterValue': 5, 'StartType': 'All', 'Season': '2024', 'SeasonType': 'Regular Season', 'TeamId': '1611661330'}",shot_pace,1611661330,4Q/OT | margin -3..3 | 300..120,get-possessions__possessions__off_def-Offense__filter_comparison-Exactly__filter_event-OnFloor__filter_value-5__start_type-All__season-2024__season_type-Regular_Season__team_id-1611661330__d64e970c,get-possessions,https://api.pbpstats.com/get-possessions/wnba?OffDef=Offense&FilterComparison=Exactly&FilterEvent=OnFloor&FilterValue=5&StartType=All&Season=2024&SeasonType=Regular+Season&TeamId=1611661330,200,49,06:06,"Charles 11' Fadeaway Jumper (4 PTS) (Gray 4 AST)
",1,1,0,0,2024-09-19,1022400236,0,0,NYL,2,0,11,06:18,Off Steal,0,"[{""description"": ""Charles 11' Fadeaway Jumper (4 PTS) (Gray 4 AST)"", ""url"": ""https://videos.nba.com/wnba/pbp/media/2024/09/19/1022400236/178/bb30d615-7d1b-0376-6515-06c85071a9c8_960x540.mp4""}]",False,possessions,4Q/OT | margin -3..3 | 300..120,team
wnba,wnba_shot_pace,shot_pace,possessions,get-possessions,2024,Regular Season,team,"{'OffDef': 'Offense', 'FilterComparison': 'Exactly', 'FilterEvent': 'OnFloor', 'FilterValue': 5, 'StartType': 'All', 'Season': '2024', 'SeasonType': 'Regular Season', 'TeamId': '1611661330'}",shot_pace,1611661330,4Q/OT | margin -3..3 | 300..120,get-possessions__possessions__off_def-Offense__filter_comparison-Exactly__filter_event-OnFloor__filter_value-5__start_type-All__season-2024__season_type-Regular_Season__team_id-1611661330__d64e970c,get-possessions,https://api.pbpstats.com/get-possessions/wnba?OffDef=Offense&FilterComparison=Exactly&FilterEvent=OnFloor&FilterValue=5&StartType=All&Season=2024&SeasonType=Regular+Season&TeamId=1611661330,200,50,06:43,"Hillmon 1' Cutting Layup Shot (6 PTS) (Howard 1 AST)
",1,1,0,0,2024-09-19,1022400236,0,0,NYL,2,0,9,06:57,Off Short Mid-Range Miss,0,"[{""description"": ""Hillmon 1' Cutting Layup Shot (6 PTS) (Howard 1 AST)"", ""url"": ""https://videos.nba.com/wnba/pbp/media/2024/09/19/1022400236/169/0a689015-0aea-d7a6-3862-41f17618882e_960x540.mp4""}]",False,possessions,4Q/OT | margin -3..3 | 300..120,team
wnba,wnba_shot_pace,shot_pace,possessions,get-possessions,2024,Regular Season,team,"{'OffDef': 'Offense', 'FilterComparison': 'Exactly', 'FilterEvent': 'OnFloor', 'FilterValue': 5, 'StartType': 'All', 'Season': '2024', 'SeasonType': 'Regular Season', 'TeamId': '1611661330'}",shot_pace,1611661330,4Q/OT | margin -3..3 | 300..120,get-possessions__possessions__off_def-Offense__filter_comparison-Exactly__filter_event-OnFloor__filter_value-5__start_type-All__season-2024__season_type-Regular_Season__team_id-1611661330__d64e970c,get-possessions,https://api.pbpstats.com/get-possessions/wnba?OffDef=Offense&FilterComparison=Exactly&FilterEvent=OnFloor&FilterValue=5&StartType=All&Season=2024&SeasonType=Regular+Season&TeamId=1611661330,200,51,07:12,"Burke S.FOUL (P1.T1)
MISS Gray Free Throw 1 of 2
Dream Rebound
Gray Free Throw 2 of 2 (8 PTS)
",0,0,0,0,2024-09-19,1022400236,0,0,NYL,2,1,8,07:28,Off At Rim Miss,0,"[{""description"": ""Burke S.FOUL (P1.T1)"", ""url"": """"}, {""description"": ""MISS Gray Free Throw 1 of 2"", ""url"": """"}, {""description"": ""Dream Rebound"", ""url"": """"}, {""description"": ""Gray Free Throw 2 of 2 (8 PTS)"", ""url"": """"}]",False,possessions,4Q/OT | margin -3..3 | 300..120,team
wnba,wnba_shot_pace,shot_pace,possessions,get-possessions,2024,Regular Season,team,"{'OffDef': 'Offense', 'FilterComparison': 'Exactly', 'FilterEvent': 'OnFloor', 'FilterValue': 5, 'StartType': 'All', 'Season': '2024', 'SeasonType': 'Regular Season', 'TeamId': '1611661330'}",shot_pace,1611661330,4Q/OT | margin -3..3 | 300..120,get-possessions__possessions__off_def-Offense__filter_comparison-Exactly__filter_event-OnFloor__filter_value-5__start_type-All__season-2024__season_type-Regular_Season__team_id-1611661330__d64e970c,get-possessions,https://api.pbpstats.com/get-possessions/wnba?OffDef=Offense&FilterComparison=Exactly&FilterEvent=OnFloor&FilterValue=5&StartType=All&Season=2024&SeasonType=Regular+Season&TeamId=1611661330,200,52,07:50,"Caldwell 26' 3PT Jump Shot (5 PTS) (Gray 3 AST)
",0,0,1,1,2024-09-19,1022400236,0,0,NYL,2,0,5,08:15,Off Arc 3 Make,0,"[{""description"": ""Caldwell 26' 3PT Jump Shot (5 PTS) (Gray 3 AST)"", ""url"": ""https://videos.nba.com/wnba/pbp/media/2024/09/19/1022400236/145/5628e36e-3f1c-1dc9-d08e-24cbb1d9625f_960x540.mp4""}]",False,possessions,4Q/OT | margin -3..3 | 300..120,team
wnba,wnba_shot_pace,shot_pace,possessions,get-possessions,2024,Regular Season,team,"{'OffDef': 'Offense', 'FilterComparison': 'Exactly', 'FilterEvent': 'OnFloor', 'FilterValue': 5, 'StartType': 'All', 'Season': '2024', 'SeasonType': 'Regular Season', 'TeamId': '1611661330'}",shot_pace,1611661330,4Q/OT | margin -3..3 | 300..120,get-possessions__possessions__off_def-Offense__filter_comparison-Exactly__filter_event-OnFloor__filter_value-5__start_type-All__season-2024__season_type-Regular_Season__team_id-1611661330__d64e970c,get-possessions,https://api.pbpstats.com/get-possessions/wnba?OffDef=Offense&FilterComparison=Exactly&FilterEvent=OnFloor&FilterValue=5&StartType=All&Season=2024&SeasonType=Regular+Season&TeamId=1611661330,200,53,08:21,"MISS Gray 25' 3PT Jump Shot
Coffey REBOUND (Off:1 Def:1)
Fiebich STEAL (1 STL): Coffey Lost Ball Turnover (P2.T6)
",0,0,1,0,2024-09-19,1022400236,0,1,NYL,2,0,8,08:35,Off Short Mid-Range Miss,1,"[{""description"": ""MISS Gray 25' 3PT Jump Shot"", ""url"": ""https://videos.nba.com/wnba/pbp/media/2024/09/19/1022400236/139/d34c1fdd-0db1-3d43-cc58-ff0ca921beae_960x540.mp4""}, {""description"": ""Coffey REBOUND (Off:1 Def:1)"", ""url"": ""https://videos.nba.com/wnba/pbp/media/2024/09/19/1022400236/140/9c53fd2e-63e1-2cf1-800d-f4ea1b0eb332_960x540.mp4""}, {""description"": ""Fiebich STEAL (1 STL): Coffey Lost Ball Turnover (P2.T6)"", ""url"": ""https://videos.nba.com/wnba/pbp/media/2024/09/19/1022400236/141/ab12760e-82be-1e11-5210-6276cb50d232_960x540.mp4""}]",False,possessions,4Q/OT | margin -3..3 | 300..120,team
wnba,wnba_shot_pace,shot_pace,possessions,get-possessions,2024,Regular Season,team,"{'OffDef': 'Offense', 'FilterComparison': 'Exactly', 'FilterEvent': 'OnFloor', 'FilterValue': 5, 'StartType': 'All', 'Season': '2024', 'SeasonType': 'Regular Season', 'TeamId': '1611661330'}",shot_pace,1611661330,4Q/OT | margin -3..3 | 300..120,get-possessions__possessions__off_def-Offense__filter_comparison-Exactly__filter_event-OnFloor__filter_value-5__start_type-All__season-2024__season_type-Regular_Season__team_id-1611661330__d64e970c,get-possessions,https://api.pbpstats.com/get-possessions/wnba?OffDef=Offense&FilterComparison=Exactly&FilterEvent=OnFloor&FilterValue=5&StartType=All&Season=2024&SeasonType=Regular+Season&TeamId=1611661330,200,54,08:58,"Coffey 6' Turnaround Bank Shot (2 PTS)
",1,1,0,0,2024-09-19,1022400236,0,0,NYL,2,0,6,09:18,Off Dead Ball,0,"[{""description"": ""Coffey 6' Turnaround Bank Shot (2 PTS)"", ""url"": ""https://videos.nba.com/wnba/pbp/media/2024/09/19/1022400236/136/50ef9c67-031c-48f8-221b-306fb217bca9_960x540.mp4""}]",False,possessions,4Q/OT | margin -3..3 | 300..120,team
wnba,wnba_shot_pace,shot_pace,possessions,get-possessions,2024,Regular Season,team,"{'OffDef': 'Offense', 'FilterComparison': 'Exactly', 'FilterEvent': 'OnFloor', 'FilterValue': 5, 'StartType': 'All', 'Season': '2024', 'SeasonType': 'Regular Season', 'TeamId': '1611661330'}",shot_pace,1611661330,4Q/OT | margin -3..3 | 300..120,get-possessions__possessions__off_def-Offense__filter_comparison-Exactly__filter_event-OnFloor__filter_value-5__start_type-All__season-2024__season_type-Regular_Season__team_id-1611661330__d64e970c,get-possessions,https://api.pbpstats.com/get-possessions/wnba?OffDef=Offense&FilterComparison=Exactly&FilterEvent=OnFloor&FilterValue=5&StartType=All&Season=2024&SeasonType=Regular+Season&TeamId=1611661330,200,55,09:39,"Jones OFF.Foul (P2)
Jones Offensive Foul Turnover (P2.T5)
",0,0,0,0,2024-09-19,1022400236,0,0,NYL,2,0,6,09:43,Off Dead Ball,1,"[{""description"": ""Jones OFF.Foul (P2)"", ""url"": """"}, {""description"": ""Jones Offensive Foul Turnover (P2.T5)"", ""url"": ""https://videos.nba.com/wnba/pbp/media/2024/09/19/1022400236/130/d1099259-1119-a3cf-fc43-9eaa764ba86c_960x540.mp4""}]",False,possessions,4Q/OT | margin -3..3 | 300..120,team
wnba,wnba_shot_pace,shot_pace,possessions,get-possessions,2024,Regular Season,team,"{'OffDef': 'Offense', 'FilterComparison': 'Exactly', 'FilterEvent': 'OnFloor', 'FilterValue': 5, 'StartType': 'All', 'Season': '2024', 'SeasonType': 'Regular Season', 'TeamId': '1611661330'}",shot_pace,1611661330,4Q/OT | margin -3..3 | 300..120,get-possessions__possessions__off_def-Offense__filter_comparison-Exactly__filter_event-OnFloor__filter_value-5__start_type-All__season-2024__season_type-Regular_Season__team_id-1611661330__d64e970c,get-possessions,https://api.pbpstats.com/get-possessions/wnba?OffDef=Offense&FilterComparison=Exactly&FilterEvent=OnFloor&FilterValue=5&StartType=All&Season=2024&SeasonType=Regular+Season&TeamId=1611661330,200,56,09:54,"Jones Out of Bounds Lost Ball Turnover (P1.T4)
",0,0,0,0,2024-09-19,1022400236,0,0,NYL,2,0,6,10:00,Off Dead Ball,1,"[{""description"": ""Jones Out of Bounds Lost Ball Turnover (P1.T4)"", ""url"": ""https://videos.nba.com/wnba/pbp/media/2024/09/19/1022400236/125/431f7853-94ff-d592-5ff4-e7575eb25427_960x540.mp4""}]",False,possessions,4Q/OT | margin -3..3 | 300..120,team
wnba,wnba_shot_pace,shot_pace,possessions,get-possessions,2024,Regular Season,team,"{'OffDef': 'Offense', 'FilterComparison': 'Exactly', 'FilterEvent': 'OnFloor', 'FilterValue': 5, 'StartType': 'All', 'Season': '2024', 'SeasonType': 'Regular Season', 'TeamId': '1611661330'}",shot_pace,1611661330,4Q/OT | margin -3..3 | 300..120,get-possessions__possessions__off_def-Offense__filter_comparison-Exactly__filter_event-OnFloor__filter_value-5__start_type-All__season-2024__season_type-Regular_Season__team_id-1611661330__d64e970c,get-possessions,https://api.pbpstats.com/get-possessions/wnba?OffDef=Offense&FilterComparison=Exactly&FilterEvent=OnFloor&FilterValue=5&StartType=All&Season=2024&SeasonType=Regular+Season&TeamId=1611661330,200,57,00:09,"Coffey Out of Bounds Lost Ball Turnover (P1.T3)
",0,0,0,0,2024-09-19,1022400236,0,0,NYL,1,0,6,00:13,Off Short Mid-Range Miss,1,"[{""description"": ""Coffey Out of Bounds Lost Ball Turnover (P1.T3)"", ""url"": ""https://videos.nba.com/wnba/pbp/media/2024/09/19/1022400236/116/eb18c31e-b419-4204-70ba-68f77d48255e_960x540.mp4""}]",False,possessions,4Q/OT | margin -3..3 | 300..120,team
wnba,wnba_shot_pace,shot_pace,possessions,get-possessions,2024,Regular Season,team,"{'OffDef': 'Offense', 'FilterComparison': 'Exactly', 'FilterEvent': 'OnFloor', 'FilterValue': 5, 'StartType': 'All', 'Season': '2024', 'SeasonType': 'Regular Season', 'TeamId': '1611661330'}",shot_pace,1611661330,4Q/OT | margin -3..3 | 300..120,get-possessions__possessions__off_def-Offense__filter_comparison-Exactly__filter_event-OnFloor__filter_value-5__start_type-All__season-2024__season_type-Regular_Season__team_id-1611661330__d64e970c,get-possessions,https://api.pbpstats.com/get-possessions/wnba?OffDef=Offense&FilterComparison=Exactly&FilterEvent=OnFloor&FilterValue=5&StartType=All&Season=2024&SeasonType=Regular+Season&TeamId=1611661330,200,58,00:32,"MISS Coffey 5' Cutting Layup Shot
Caldwell REBOUND (Off:1 Def:0)
Caldwell 3' Putback Layup (2 PTS)
",2,1,0,0,2024-09-19,1022400236,0,1,NYL,1,0,4,00:58,Off FT Make,0,"[{""description"": ""MISS Coffey 5' Cutting Layup Shot"", ""url"": ""https://videos.nba.com/wnba/pbp/media/2024/09/19/1022400236/110/9fbf137b-98a5-3a34-384a-427c9f934303_960x540.mp4""}, {""description"": ""Caldwell REBOUND (Off:1 Def:0)"", ""url"": ""https://videos.nba.com/wnba/pbp/media/2024/09/19/1022400236/111/d4dcb6b2-7acf-d81b-ab59-842295d01efd_960x540.mp4""}, {""description"": ""Caldwell 3' Putback Layup (2 PTS)"", ""url"": ""https://videos.nba.com/wnba/pbp/media/2024/09/19/1022400236/112/cf197c72-9baf-1a8c-e136-b5ebd0e40164_960x540.mp4""}]",False,possessions,4Q/OT | margin -3..3 | 300..120,team
wnba,wnba_shot_pace,shot_pace,possessions,get-possessions,2024,Regular Season,team,"{'OffDef': 'Offense', 'FilterComparison': 'Exactly', 'FilterEvent': 'OnFloor', 'FilterValue': 5, 'StartType': 'All', 'Season': '2024', 'SeasonType': 'Regular Season', 'TeamId': '1611661330'}",shot_pace,1611661330,4Q/OT | margin -3..3 | 300..120,get-possessions__possessions__off_def-Offense__filter_comparison-Exactly__filter_event-OnFloor__filter_value-5__start_type-All__season-2024__season_type-Regular_Season__team_id-1611661330__d64e970c,get-possessions,https://api.pbpstats.com/get-possessions/wnba?OffDef=Offense&FilterComparison=Exactly&FilterEvent=OnFloor&FilterValue=5&StartType=All&Season=2024&SeasonType=Regular+Season&TeamId=1611661330,200,59,01:02,"Stewart STEAL (1 STL): Charles Bad Pass Turnover (P1.T2)
",0,0,0,0,2024-09-19,1022400236,0,0,NYL,1,0,6,01:12,Off Steal,1,"[{""description"": ""Stewart STEAL (1 STL): Charles Bad Pass Turnover (P1.T2)"", ""url"": ""https://videos.nba.com/wnba/pbp/media/2024/09/19/1022400236/102/3ba545f8-b8a0-50d3-9913-e74ff6b13eca_960x540.mp4""}]",False,possessions,4Q/OT | margin -3..3 | 300..120,team
wnba,wnba_shot_pace,shot_pace,possessions,get-possessions,2024,Regular Season,team,"{'OffDef': 'Offense', 'FilterComparison': 'Exactly', 'FilterEvent': 'OnFloor', 'FilterValue': 5, 'StartType': 'All', 'Season': '2024', 'SeasonType': 'Regular Season', 'TeamId': '1611661330'}",shot_pace,1611661330,4Q/OT | margin -3..3 | 300..120,get-possessions__possessions__off_def-Offense__filter_comparison-Exactly__filter_event-OnFloor__filter_value-5__start_type-All__season-2024__season_type-Regular_Season__team_id-1611661330__d64e970c,get-possessions,https://api.pbpstats.com/get-possessions/wnba?OffDef=Offense&FilterComparison=Exactly&FilterEvent=OnFloor&FilterValue=5&StartType=All&Season=2024&SeasonType=Regular+Season&TeamId=1611661330,200,60,01:29,"Fiebich P.FOUL (P1.T2)
Charles 5' Driving Hook Shot (2 PTS)
",1,1,0,0,2024-09-19,1022400236,0,0,NYL,1,0,4,01:48,Off At Rim Make,0,"[{""description"": ""Fiebich P.FOUL (P1.T2)"", ""url"": """"}, {""description"": ""Charles 5' Driving Hook Shot (2 PTS)"", ""url"": ""https://videos.nba.com/wnba/pbp/media/2024/09/19/1022400236/96/c5407380-30c8-a218-ad46-15064eff1dd5_960x540.mp4""}]",False,possessions,4Q/OT | margin -3..3 | 300..120,team
wnba,wnba_shot_pace,shot_pace,possessions,get-possessions,2024,Regular Season,team,"{'OffDef': 'Offense', 'FilterComparison': 'Exactly', 'FilterEvent': 'OnFloor', 'FilterValue': 5, 'StartType': 'All', 'Season': '2024', 'SeasonType': 'Regular Season', 'TeamId': '1611661330'}",shot_pace,1611661330,4Q/OT | margin -3..3 | 300..120,get-possessions__possessions__off_def-Offense__filter_comparison-Exactly__filter_event-OnFloor__filter_value-5__start_type-All__season-2024__season_type-Regular_Season__team_id-1611661330__d64e970c,get-possessions,https://api.pbpstats.com/get-possessions/wnba?OffDef=Offense&FilterComparison=Exactly&FilterEvent=OnFloor&FilterValue=5&StartType=All&Season=2024&SeasonType=Regular+Season&TeamId=1611661330,200,61,01:58,"MISS Gray 29' 3PT Pullup Jump Shot
Jones REBOUND (Off:0 Def:3)
",0,0,1,0,2024-09-19,1022400236,0,0,NYL,1,0,6,02:22,Off At Rim Miss,0,"[{""description"": ""MISS Gray 29' 3PT Pullup Jump Shot"", ""url"": ""https://videos.nba.com/wnba/pbp/media/2024/09/19/1022400236/80/5091a377-8568-12f5-d584-d1a76eb90b98_960x540.mp4""}, {""description"": ""Jones REBOUND (Off:0 Def:3)"", ""url"": ""https://videos.nba.com/wnba/pbp/media/2024/09/19/1022400236/81/61e53fea-2ddb-a160-4ea1-7c4a013dcd2c_960x540.mp4""}]",False,possessions,4Q/OT | margin -3..3 | 300..120,team
wnba,wnba_shot_pace,shot_pace,possessions,get-possessions,2024,Regular Season,team,"{'OffDef': 'Offense', 'FilterComparison': 'Exactly', 'FilterEvent': 'OnFloor', 'FilterValue': 5, 'StartType': 'All', 'Season': '2024', 'SeasonType': 'Regular Season', 'TeamId': '1611661330'}",shot_pace,1611661330,4Q/OT | margin -3..3 | 300..120,get-possessions__possessions__off_def-Offense__filter_comparison-Exactly__filter_event-OnFloor__filter_value-5__start_type-All__season-2024__season_type-Regular_Season__team_id-1611661330__d64e970c,get-possessions,https://api.pbpstats.com/get-possessions/wnba?OffDef=Offense&FilterComparison=Exactly&FilterEvent=OnFloor&FilterValue=5&StartType=All&Season=2024&SeasonType=Regular+Season&TeamId=1611661330,200,62,02:41,"Canada 2' Running Layup (4 PTS)
",1,1,0,0,2024-09-19,1022400236,0,0,NYL,1,0,4,02:47,Off Steal,0,"[{""description"": ""Canada 2' Running Layup (4 PTS)"", ""url"": ""https://videos.nba.com/wnba/pbp/media/2024/09/19/1022400236/77/d67a624d-cdc0-a2ce-9969-c9658ce66153_960x540.mp4""}]",False,possessions,4Q/OT | margin -3..3 | 300..120,team
wnba,wnba_shot_pace,shot_pace,possessions,get-possessions,2024,Regular Season,team,"{'OffDef': 'Offense', 'FilterComparison': 'Exactly', 'FilterEvent': 'OnFloor', 'FilterValue': 5, 'StartType': 'All', 'Season': '2024', 'SeasonType': 'Regular Season', 'TeamId': '1611661330'}",shot_pace,1611661330,4Q/OT | margin -3..3 | 300..120,get-possessions__possessions__off_def-Offense__filter_comparison-Exactly__filter_event-OnFloor__filter_value-5__start_type-All__season-2024__season_type-Regular_Season__team_id-1611661330__d64e970c,get-possessions,https://api.pbpstats.com/get-possessions/wnba?OffDef=Offense&FilterComparison=Exactly&FilterEvent=OnFloor&FilterValue=5&StartType=All&Season=2024&SeasonType=Regular+Season&TeamId=1611661330,200,63,03:09,"Hillmon 3' Layup (4 PTS) (Gray 2 AST)
",1,1,0,0,2024-09-19,1022400236,0,0,NYL,1,0,2,03:26,Off Arc 3 Make,0,"[{""description"": ""Hillmon 3' Layup (4 PTS) (Gray 2 AST)"", ""url"": ""https://videos.nba.com/wnba/pbp/media/2024/09/19/1022400236/71/9f3d06bc-49dc-0a10-65d6-5c76eefed68f_960x540.mp4""}]",False,possessions,4Q/OT | margin -3..3 | 300..120,team
wnba,wnba_shot_pace,shot_pace,possessions,get-possessions,2024,Regular Season,team,"{'OffDef': 'Offense', 'FilterComparison': 'Exactly', 'FilterEvent': 'OnFloor', 'FilterValue': 5, 'StartType': 'All', 'Season': '2024', 'SeasonType': 'Regular Season', 'TeamId': '1611661330'}",shot_pace,1611661330,4Q/OT | margin -3..3 | 300..120,get-possessions__possessions__off_def-Offense__filter_comparison-Exactly__filter_event-OnFloor__filter_value-5__start_type-All__season-2024__season_type-Regular_Season__team_id-1611661330__d64e970c,get-possessions,https://api.pbpstats.com/get-possessions/wnba?OffDef=Offense&FilterComparison=Exactly&FilterEvent=OnFloor&FilterValue=5&StartType=All&Season=2024&SeasonType=Regular+Season&TeamId=1611661330,200,64,03:36,"Canada 2' Driving Finger Roll Layup (2 PTS)
",1,1,0,0,2024-09-19,1022400236,0,0,NYL,1,0,3,03:49,Off Arc 3 Make,0,"[{""description"": ""Canada 2' Driving Finger Roll Layup (2 PTS)"", ""url"": ""https://videos.nba.com/wnba/pbp/media/2024/09/19/1022400236/68/a563fe75-1ade-b34e-91c3-4da0e0050d3f_960x540.mp4""}]",False,possessions,4Q/OT | margin -3..3 | 300..120,team
wnba,wnba_shot_pace,shot_pace,possessions,get-possessions,2024,Regular Season,team,"{'OffDef': 'Offense', 'FilterComparison': 'Exactly', 'FilterEvent': 'OnFloor', 'FilterValue': 5, 'StartType': 'All', 'Season': '2024', 'SeasonType': 'Regular Season', 'TeamId': '1611661330'}",shot_pace,1611661330,4Q/OT | margin -3..3 | 300..120,get-possessions__possessions__off_def-Offense__filter_comparison-Exactly__filter_event-OnFloor__filter_value-5__start_type-All__season-2024__season_type-Regular_Season__team_id-1611661330__d64e970c,get-possessions,https://api.pbpstats.com/get-possessions/wnba?OffDef=Offense&FilterComparison=Exactly&FilterEvent=OnFloor&FilterValue=5&StartType=All&Season=2024&SeasonType=Regular+Season&TeamId=1611661330,200,65,04:07,"Gray 3' Driving Layup (7 PTS) (Canada 2 AST)
",1,1,0,0,2024-09-19,1022400236,0,0,NYL,1,0,4,04:20,Off Timeout,0,"[{""description"": ""Gray 3' Driving Layup (7 PTS) (Canada 2 AST)"", ""url"": ""https://videos.nba.com/wnba/pbp/media/2024/09/19/1022400236/64/23fa1b4f-ce08-7ee8-aaa3-888ecd53ea87_960x540.mp4""}]",False,possessions,4Q/OT | margin -3..3 | 300..120,team
wnba,wnba_shot_pace,shot_pace,possessions,get-possessions,2024,Regular Season,team,"{'OffDef': 'Offense', 'FilterComparison': 'Exactly', 'FilterEvent': 'OnFloor', 'FilterValue': 5, 'StartType': 'All', 'Season': '2024', 'SeasonType': 'Regular Season', 'TeamId': '1611661330'}",shot_pace,1611661330,4Q/OT | margin -3..3 | 300..120,get-possessions__possessions__off_def-Offense__filter_comparison-Exactly__filter_event-OnFloor__filter_value-5__start_type-All__season-2024__season_type-Regular_Season__team_id-1611661330__d64e970c,get-possessions,https://api.pbpstats.com/get-possessions/wnba?OffDef=Offense&FilterComparison=Exactly&FilterEvent=OnFloor&FilterValue=5&StartType=All&Season=2024&SeasonType=Regular+Season&TeamId=1611661330,200,66,04:32,"MISS Howard 25' 3PT Running Jump Shot
Laney-Hamilton REBOUND (Off:0 Def:1)
",0,0,1,0,2024-09-19,1022400236,0,0,NYL,1,0,4,04:39,Off Arc 3 Miss,0,"[{""description"": ""MISS Howard 25' 3PT Running Jump Shot"", ""url"": ""https://videos.nba.com/wnba/pbp/media/2024/09/19/1022400236/56/7f1f0037-5e61-c6f3-b9d3-39e702704571_960x540.mp4""}, {""description"": ""Laney-Hamilton REBOUND (Off:0 Def:1)"", ""url"": ""https://videos.nba.com/wnba/pbp/media/2024/09/19/1022400236/57/21bc7898-76a9-81a6-54a4-64fc9721a536_960x540.mp4""}]",False,possessions,4Q/OT | margin -3..3 | 300..120,team
wnba,wnba_shot_pace,shot_pace,possessions,get-possessions,2024,Regular Season,team,"{'OffDef': 'Offense', 'FilterComparison': 'Exactly', 'FilterEvent': 'OnFloor', 'FilterValue': 5, 'StartType': 'All', 'Season': '2024', 'SeasonType': 'Regular Season', 'TeamId': '1611661330'}",shot_pace,1611661330,4Q/OT | margin -3..3 | 300..120,get-possessions__possessions__off_def-Offense__filter_comparison-Exactly__filter_event-OnFloor__filter_value-5__start_type-All__season-2024__season_type-Regular_Season__team_id-1611661330__d64e970c,get-possessions,https://api.pbpstats.com/get-possessions/wnba?OffDef=Offense&FilterComparison=Exactly&FilterEvent=OnFloor&FilterValue=5&StartType=All&Season=2024&SeasonType=Regular+Season&TeamId=1611661330,200,67,05:03,"Howard 2' Driving Layup (2 PTS) (Canada 1 AST)
",1,1,0,0,2024-09-19,1022400236,0,0,NYL,1,0,2,05:21,Off Dead Ball,0,"[{""description"": ""Howard 2' Driving Layup (2 PTS) (Canada 1 AST)"", ""url"": ""https://videos.nba.com/wnba/pbp/media/2024/09/19/1022400236/52/91d18f34-8a2c-d203-0bc8-e31132680ccf_960x540.mp4""}]",False,possessions,4Q/OT | margin -3..3 | 300..120,team
wnba,wnba_shot_pace,shot_pace,possessions,get-possessions,2024,Regular Season,team,"{'OffDef': 'Offense', 'FilterComparison': 'Exactly', 'FilterEvent': 'OnFloor', 'FilterValue': 5, 'StartType': 'All', 'Season': '2024', 'SeasonType': 'Regular Season', 'TeamId': '1611661330'}",shot_pace,1611661330,4Q/OT | margin -3..3 | 300..120,get-possessions__possessions__off_def-Offense__filter_comparison-Exactly__filter_event-OnFloor__filter_value-5__start_type-All__season-2024__season_type-Regular_Season__team_id-1611661330__d64e970c,get-possessions,https://api.pbpstats.com/get-possessions/wnba?OffDef=Offense&FilterComparison=Exactly&FilterEvent=OnFloor&FilterValue=5&StartType=All&Season=2024&SeasonType=Regular+Season&TeamId=1611661330,200,68,05:33,"Gray 26' 3PT Jump Shot (5 PTS) (Charles 2 AST)
",0,0,1,1,2024-09-19,1022400236,0,0,NYL,1,0,-1,05:55,Off Long Mid-Range Miss,0,"[{""description"": ""Gray 26' 3PT Jump Shot (5 PTS) (Charles 2 AST)"", ""url"": ""https://videos.nba.com/wnba/pbp/media/2024/09/19/1022400236/47/b169e8aa-fdad-c1f9-3535-85eb51adfa3b_960x540.mp4""}]",False,possessions,4Q/OT | margin -3..3 | 300..120,team
wnba,wnba_shot_pace,shot_pace,possessions,get-possessions,2024,Regular Season,team,"{'OffDef': 'Offense', 'FilterComparison': 'Exactly', 'FilterEvent': 'OnFloor', 'FilterValue': 5, 'StartType': 'All', 'Season': '2024', 'SeasonType': 'Regular Season', 'TeamId': '1611661330'}",shot_pace,1611661330,4Q/OT | margin -3..3 | 300..120,get-possessions__possessions__off_def-Offense__filter_comparison-Exactly__filter_event-OnFloor__filter_value-5__start_type-All__season-2024__season_type-Regular_Season__team_id-1611661330__d64e970c,get-possessions,https://api.pbpstats.com/get-possessions/wnba?OffDef=Offense&FilterComparison=Exactly&FilterEvent=OnFloor&FilterValue=5&StartType=All&Season=2024&SeasonType=Regular+Season&TeamId=1611661330,200,69,06:16,"Hillmon 2' Running Layup (2 PTS) (Gray 1 AST)
",1,1,0,0,2024-09-19,1022400236,0,0,NYL,1,0,-3,06:22,Off Arc 3 Miss,0,"[{""description"": ""Hillmon 2' Running Layup (2 PTS) (Gray 1 AST)"", ""url"": ""https://videos.nba.com/wnba/pbp/media/2024/09/19/1022400236/43/ac865fd7-393e-ac40-373a-a8fb6644cdcd_960x540.mp4""}]",False,possessions,4Q/OT | margin -3..3 | 300..120,team
wnba,wnba_shot_pace,shot_pace,possessions,get-possessions,2024,Regular Season,team,"{'OffDef': 'Offense', 'FilterComparison': 'Exactly', 'FilterEvent': 'OnFloor', 'FilterValue': 5, 'StartType': 'All', 'Season': '2024', 'SeasonType': 'Regular Season', 'TeamId': '1611661330'}",shot_pace,1611661330,4Q/OT | margin -3..3 | 300..120,get-possessions__possessions__off_def-Offense__filter_comparison-Exactly__filter_event-OnFloor__filter_value-5__start_type-All__season-2024__season_type-Regular_Season__team_id-1611661330__d64e970c,get-possessions,https://api.pbpstats.com/get-possessions/wnba?OffDef=Offense&FilterComparison=Exactly&FilterEvent=OnFloor&FilterValue=5&StartType=All&Season=2024&SeasonType=Regular+Season&TeamId=1611661330,200,70,06:39,"Laney-Hamilton P.FOUL (P1.T1)
MISS Canada 13' Pullup Jump Shot
Charles REBOUND (Off:1 Def:2)
MISS Howard 20' Pullup Jump Shot
Charles REBOUND (Off:2 Def:2)
Gray 3' Driving Layup (2 PTS) (Charles 1 AST)
",3,1,0,0,2024-09-19,1022400236,0,2,NYL,1,0,-5,07:20,Off Short Mid-Range Miss,0,"[{""description"": ""Laney-Hamilton P.FOUL (P1.T1)"", ""url"": """"}, {""description"": ""MISS Canada 13' Pullup Jump Shot"", ""url"": ""https://videos.nba.com/wnba/pbp/media/2024/09/19/1022400236/35/4c77bd03-f1f3-0c59-bc12-59acc14328c1_960x540.mp4""}, {""description"": ""Charles REBOUND (Off:1 Def:2)"", ""url"": ""https://videos.nba.com/wnba/pbp/media/2024/09/19/1022400236/36/9adda014-c655-55c6-d22f-b9795fb30e81_960x540.mp4""}, {""description"": ""MISS Howard 20' Pullup Jump Shot"", ""url"": ""https://videos.nba.com/wnba/pbp/media/2024/09/19/1022400236/37/67ddeaa4-39dc-2e66-9ac6-121b5060bc7d_960x540.mp4""}, {""description"": ""Charles REBOUND (Off:2 Def:2)"", ""url"": ""https://videos.nba.com/wnba/pbp/media/2024/09/19/1022400236/38/d8b0d4a0-5495-3d20-4237-cfc860ba8481_960x540.mp4""}, {""description"": ""Gray 3' Driving Layup (2 PTS) (Charles 1 AST)"", ""url"": ""https://videos.nba.com/wnba/pbp/media/2024/09/19/1022400236/39/29e4ec84-396f-e18e-4f21-2381c490bc92_960x540.mp4""}]",False,possessions,4Q/OT | margin -3..3 | 300..120,team
wnba,wnba_shot_pace,shot_pace,possessions,get-possessions,2024,Regular Season,team,"{'OffDef': 'Offense', 'FilterComparison': 'Exactly', 'FilterEvent': 'OnFloor', 'FilterValue': 5, 'StartType': 'All', 'Season': '2024', 'SeasonType': 'Regular Season', 'TeamId': '1611661330'}",shot_pace,1611661330,4Q/OT | margin -3..3 | 300..120,get-possessions__possessions__off_def-Offense__filter_comparison-Exactly__filter_event-OnFloor__filter_value-5__start_type-All__season-2024__season_type-Regular_Season__team_id-1611661330__d64e970c,get-possessions,https://api.pbpstats.com/get-possessions/wnba?OffDef=Offense&FilterComparison=Exactly&FilterEvent=OnFloor&FilterValue=5&StartType=All&Season=2024&SeasonType=Regular+Season&TeamId=1611661330,200,71,07:27,"MISS Charles 13' Pullup Jump Shot
Stewart REBOUND (Off:0 Def:1)
",1,0,0,0,2024-09-19,1022400236,0,0,NYL,1,0,-5,07:38,Off Short Mid-Range Miss,0,"[{""description"": ""MISS Charles 13' Pullup Jump Shot"", ""url"": ""https://videos.nba.com/wnba/pbp/media/2024/09/19/1022400236/29/ea1df841-16b7-5468-2627-20e714ab3c85_960x540.mp4""}, {""description"": ""Stewart REBOUND (Off:0 Def:1)"", ""url"": ""https://videos.nba.com/wnba/pbp/media/2024/09/19/1022400236/30/4bf908d5-0b37-070e-b09b-185bfc1f5703_960x540.mp4""}]",False,possessions,4Q/OT | margin -3..3 | 300..120,team
wnba,wnba_shot_pace,shot_pace,possessions,get-possessions,2024,Regular Season,team,"{'OffDef': 'Offense', 'FilterComparison': 'Exactly', 'FilterEvent': 'OnFloor', 'FilterValue': 5, 'StartType': 'All', 'Season': '2024', 'SeasonType': 'Regular Season', 'TeamId': '1611661330'}",shot_pace,1611661330,4Q/OT | margin -3..3 | 300..120,get-possessions__possessions__off_def-Offense__filter_comparison-Exactly__filter_event-OnFloor__filter_value-5__start_type-All__season-2024__season_type-Regular_Season__team_id-1611661330__d64e970c,get-possessions,https://api.pbpstats.com/get-possessions/wnba?OffDef=Offense&FilterComparison=Exactly&FilterEvent=OnFloor&FilterValue=5&StartType=All&Season=2024&SeasonType=Regular+Season&TeamId=1611661330,200,72,08:06,"Ionescu BLOCK (1 BLK): MISS Howard 13' Pullup Jump Shot
Howard REBOUND (Off:1 Def:0)
MISS Howard 11' Jump Shot
Jones REBOUND (Off:0 Def:2)
",2,0,0,0,2024-09-19,1022400236,0,1,NYL,1,0,-5,08:36,Off At Rim Make,0,"[{""description"": ""Ionescu BLOCK (1 BLK): MISS Howard 13' Pullup Jump Shot"", ""url"": ""https://videos.nba.com/wnba/pbp/media/2024/09/19/1022400236/17/20a56642-1d3d-cd4f-92d5-6700741c5e8e_960x540.mp4""}, {""description"": ""Howard REBOUND (Off:1 Def:0)"", ""url"": ""https://videos.nba.com/wnba/pbp/media/2024/09/19/1022400236/19/2d252dd5-767f-88fd-0af1-d51a8228f5c9_960x540.mp4""}, {""description"": ""MISS Howard 11' Jump Shot"", ""url"": ""https://videos.nba.com/wnba/pbp/media/2024/09/19/1022400236/20/fe8c15fb-8ded-71f3-d49b-38805494efbc_960x540.mp4""}, {""description"": ""Jones REBOUND (Off:0 Def:2)"", ""url"": ""https://videos.nba.com/wnba/pbp/media/2024/09/19/1022400236/21/5932781a-7fa2-0285-81b7-62fa2c0305dd_960x540.mp4""}]",False,possessions,4Q/OT | margin -3..3 | 300..120,team
wnba,wnba_shot_pace,shot_pace,possessions,get-possessions,2024,Regular Season,team,"{'OffDef': 'Offense', 'FilterComparison': 'Exactly', 'FilterEvent': 'OnFloor', 'FilterValue': 5, 'StartType': 'All', 'Season': '2024', 'SeasonType': 'Regular Season', 'TeamId': '1611661330'}",shot_pace,1611661330,4Q/OT | margin -3..3 | 300..120,get-possessions__possessions__off_def-Offense__filter_comparison-Exactly__filter_event-OnFloor__filter_value-5__start_type-All__season-2024__season_type-Regular_Season__team_id-1611661330__d64e970c,get-possessions,https://api.pbpstats.com/get-possessions/wnba?OffDef=Offense&FilterComparison=Exactly&FilterEvent=OnFloor&FilterValue=5&StartType=All&Season=2024&SeasonType=Regular+Season&TeamId=1611661330,200,73,08:40,"Ionescu STEAL (1 STL): Hillmon Lost Ball Turnover (P1.T1)
",0,0,0,0,2024-09-19,1022400236,0,0,NYL,1,0,-3,08:56,Off Long Mid-Range Miss,1,"[{""description"": ""Ionescu STEAL (1 STL): Hillmon Lost Ball Turnover (P1.T1)"", ""url"": ""https://videos.nba.com/wnba/pbp/media/2024/09/19/1022400236/13/67a9a588-e8f9-b134-bbd0-6aa9061a9aa7_960x540.mp4""}]",False,possessions,4Q/OT | margin -3..3 | 300..120,team
wnba,wnba_shot_pace,shot_pace,possessions,get-possessions,2024,Regular Season,team,"{'OffDef': 'Offense', 'FilterComparison': 'Exactly', 'FilterEvent': 'OnFloor', 'FilterValue': 5, 'StartType': 'All', 'Season': '2024', 'SeasonType': 'Regular Season', 'TeamId': '1611661330'}",shot_pace,1611661330,4Q/OT | margin -3..3 | 300..120,get-possessions__possessions__off_def-Offense__filter_comparison-Exactly__filter_event-OnFloor__filter_value-5__start_type-All__season-2024__season_type-Regular_Season__team_id-1611661330__d64e970c,get-possessions,https://api.pbpstats.com/get-possessions/wnba?OffDef=Offense&FilterComparison=Exactly&FilterEvent=OnFloor&FilterValue=5&StartType=All&Season=2024&SeasonType=Regular+Season&TeamId=1611661330,200,74,09:16,"MISS Charles 7' Fadeaway Jumper
Jones REBOUND (Off:0 Def:1)
",1,0,0,0,2024-09-19,1022400236,0,0,NYL,1,0,-3,09:39,Off Arc 3 Make,0,"[{""description"": ""MISS Charles 7' Fadeaway Jumper"", ""url"": ""https://videos.nba.com/wnba/pbp/media/2024/09/19/1022400236/9/06e5c6b6-bfa6-60c7-feb8-947cd719718e_960x540.mp4""}, {""description"": ""Jones REBOUND (Off:0 Def:1)"", ""url"": ""https://videos.nba.com/wnba/pbp/media/2024/09/19/1022400236/10/44ff37f5-4302-d13a-d01f-80799f2d6bc7_960x540.mp4""}]",False,possessions,4Q/OT | margin -3..3 | 300..120,team
wnba,wnba_shot_pace,shot_pace,possessions,get-possessions,2024,Regular Season,team,"{'OffDef': 'Offense', 'FilterComparison': 'Exactly', 'FilterEvent': 'OnFloor', 'FilterValue': 5, 'StartType': 'All', 'Season': '2024', 'SeasonType': 'Regular Season', 'TeamId': '1611661330'}",shot_pace,1611661330,4Q/OT | margin -3..3 | 300..120,get-possessions__possessions__off_def-Offense__filter_comparison-Exactly__filter_event-OnFloor__filter_value-5__start_type-All__season-2024__season_type-Regular_Season__team_id-1611661330__d64e970c,get-possessions,https://api.pbpstats.com/get-possessions/wnba?OffDef=Offense&FilterComparison=Exactly&FilterEvent=OnFloor&FilterValue=5&StartType=All&Season=2024&SeasonType=Regular+Season&TeamId=1611661330,200,75,00:00,,0,0,0,0,2024-09-17,1022400232,0,0,CHI,4,0,16,00:07,Off Short Mid-Range Make,0,[],False,possessions,4Q/OT | margin -3..3 | 300..120,team
wnba,wnba_shot_pace,shot_pace,possessions,get-possessions,2024,Regular Season,team,"{'OffDef': 'Offense', 'FilterComparison': 'Exactly', 'FilterEvent': 'OnFloor', 'FilterValue': 5, 'StartType': 'All', 'Season': '2024', 'SeasonType': 'Regular Season', 'TeamId': '1611661330'}",shot_pace,1611661330,4Q/OT | margin -3..3 | 300..120,get-possessions__possessions__off_def-Offense__filter_comparison-Exactly__filter_event-OnFloor__filter_value-5__start_type-All__season-2024__season_type-Regular_Season__team_id-1611661330__d64e970c,get-possessions,https://api.pbpstats.com/get-possessions/wnba?OffDef=Offense&FilterComparison=Exactly&FilterEvent=OnFloor&FilterValue=5&StartType=All&Season=2024&SeasonType=Regular+Season&TeamId=1611661330,200,76,00:17,"DREAM Turnover: Shot Clock (T#9)
",0,0,0,0,2024-09-17,1022400232,0,0,CHI,4,0,18,00:41,Off Steal,1,"[{""description"": ""DREAM Turnover: Shot Clock (T#9)"", ""url"": """"}]",False,possessions,4Q/OT | margin -3..3 | 300..120,team
wnba,wnba_shot_pace,shot_pace,possessions,get-possessions,2024,Regular Season,team,"{'OffDef': 'Offense', 'FilterComparison': 'Exactly', 'FilterEvent': 'OnFloor', 'FilterValue': 5, 'StartType': 'All', 'Season': '2024', 'SeasonType': 'Regular Season', 'TeamId': '1611661330'}",shot_pace,1611661330,4Q/OT | margin -3..3 | 300..120,get-possessions__possessions__off_def-Offense__filter_comparison-Exactly__filter_event-OnFloor__filter_value-5__start_type-All__season-2024__season_type-Regular_Season__team_id-1611661330__d64e970c,get-possessions,https://api.pbpstats.com/get-possessions/wnba?OffDef=Offense&FilterComparison=Exactly&FilterEvent=OnFloor&FilterValue=5&StartType=All&Season=2024&SeasonType=Regular+Season&TeamId=1611661330,200,77,00:55,"Banham Personal Take Foul (P5.PN)
Canada Free Throw 1 of 2 (17 PTS)
Canada Free Throw 2 of 2 (18 PTS)
",0,0,0,0,2024-09-17,1022400232,1,0,CHI,4,0,16,00:55,Off Steal,0,"[{""description"": ""Banham Personal Take Foul (P5.PN)"", ""url"": """"}, {""description"": ""Canada Free Throw 1 of 2 (17 PTS)"", ""url"": """"}, {""description"": ""Canada Free Throw 2 of 2 (18 PTS)"", ""url"": """"}]",False,possessions,4Q/OT | margin -3..3 | 300..120,team
wnba,wnba_shot_pace,shot_pace,possessions,get-possessions,2024,Regular Season,team,"{'OffDef': 'Offense', 'FilterComparison': 'Exactly', 'FilterEvent': 'OnFloor', 'FilterValue': 5, 'StartType': 'All', 'Season': '2024', 'SeasonType': 'Regular Season', 'TeamId': '1611661330'}",shot_pace,1611661330,4Q/OT | margin -3..3 | 300..120,get-possessions__possessions__off_def-Offense__filter_comparison-Exactly__filter_event-OnFloor__filter_value-5__start_type-All__season-2024__season_type-Regular_Season__team_id-1611661330__d64e970c,get-possessions,https://api.pbpstats.com/get-possessions/wnba?OffDef=Offense&FilterComparison=Exactly&FilterEvent=OnFloor&FilterValue=5&StartType=All&Season=2024&SeasonType=Regular+Season&TeamId=1611661330,200,78,01:06,"Onyenwere S.FOUL (P6.PN)
Gray Free Throw 1 of 2 (14 PTS)
Gray Free Throw 2 of 2 (15 PTS)
",0,0,0,0,2024-09-17,1022400232,0,0,CHI,4,1,14,01:09,Off Steal,0,"[{""description"": ""Onyenwere S.FOUL (P6.PN)"", ""url"": """"}, {""description"": ""Gray Free Throw 1 of 2 (14 PTS)"", ""url"": """"}, {""description"": ""Gray Free Throw 2 of 2 (15 PTS)"", ""url"": """"}]",False,possessions,4Q/OT | margin -3..3 | 300..120,team
wnba,wnba_shot_pace,shot_pace,possessions,get-possessions,2024,Regular Season,team,"{'OffDef': 'Offense', 'FilterComparison': 'Exactly', 'FilterEvent': 'OnFloor', 'FilterValue': 5, 'StartType': 'All', 'Season': '2024', 'SeasonType': 'Regular Season', 'TeamId': '1611661330'}",shot_pace,1611661330,4Q/OT | margin -3..3 | 300..120,get-possessions__possessions__off_def-Offense__filter_comparison-Exactly__filter_event-OnFloor__filter_value-5__start_type-All__season-2024__season_type-Regular_Season__team_id-1611661330__d64e970c,get-possessions,https://api.pbpstats.com/get-possessions/wnba?OffDef=Offense&FilterComparison=Exactly&FilterEvent=OnFloor&FilterValue=5&StartType=All&Season=2024&SeasonType=Regular+Season&TeamId=1611661330,200,79,01:28,"MISS Charles 7' Hook Shot
Hillmon REBOUND (Off:2 Def:3)
Howard 3PT Jump Shot (15 PTS) (Hillmon 3 AST)
",1,0,1,1,2024-09-17,1022400232,0,1,CHI,4,0,11,01:48,Off Arc 3 Make,0,"[{""description"": ""MISS Charles 7' Hook Shot"", ""url"": ""https://videos.nba.com/wnba/pbp/media/2024/09/17/1022400232/494/3042124b-a5aa-e9d0-aa24-41b5a78bac1b_960x540.mp4""}, {""description"": ""Hillmon REBOUND (Off:2 Def:3)"", ""url"": ""https://videos.nba.com/wnba/pbp/media/2024/09/17/1022400232/495/6f555db8-3f13-6695-fbbf-974f7aa6bf5c_960x540.mp4""}, {""description"": ""Howard 3PT Jump Shot (15 PTS) (Hillmon 3 AST)"", ""url"": ""https://videos.nba.com/wnba/pbp/media/2024/09/17/1022400232/496/f9d6388f-7b0a-2222-7844-82e278e6203b_960x540.mp4""}]",False,possessions,4Q/OT | margin -3..3 | 300..120,team
wnba,wnba_shot_pace,shot_pace,possessions,get-possessions,2024,Regular Season,team,"{'OffDef': 'Offense', 'FilterComparison': 'Exactly', 'FilterEvent': 'OnFloor', 'FilterValue': 5, 'StartType': 'All', 'Season': '2024', 'SeasonType': 'Regular Season', 'TeamId': '1611661330'}",shot_pace,1611661330,4Q/OT | margin -3..3 | 300..120,get-possessions__possessions__off_def-Offense__filter_comparison-Exactly__filter_event-OnFloor__filter_value-5__start_type-All__season-2024__season_type-Regular_Season__team_id-1611661330__d64e970c,get-possessions,https://api.pbpstats.com/get-possessions/wnba?OffDef=Offense&FilterComparison=Exactly&FilterEvent=OnFloor&FilterValue=5&StartType=All&Season=2024&SeasonType=Regular+Season&TeamId=1611661330,200,80,01:59,"Davis S.FOUL (P3.PN)
Hillmon Free Throw 1 of 2 (5 PTS)
Hillmon Free Throw 2 of 2 (6 PTS)
",0,0,0,0,2024-09-17,1022400232,0,0,CHI,4,1,12,02:18,Off At Rim Make,0,"[{""description"": ""Davis S.FOUL (P3.PN)"", ""url"": """"}, {""description"": ""Hillmon Free Throw 1 of 2 (5 PTS)"", ""url"": """"}, {""description"": ""Hillmon Free Throw 2 of 2 (6 PTS)"", ""url"": """"}]",False,possessions,4Q/OT | margin -3..3 | 300..120,team
wnba,wnba_shot_pace,shot_pace,possessions,get-possessions,2024,Regular Season,team,"{'OffDef': 'Offense', 'FilterComparison': 'Exactly', 'FilterEvent': 'OnFloor', 'FilterValue': 5, 'StartType': 'All', 'Season': '2024', 'SeasonType': 'Regular Season', 'TeamId': '1611661330'}",shot_pace,1611661330,4Q/OT | margin -3..3 | 300..120,get-possessions__possessions__off_def-Offense__filter_comparison-Exactly__filter_event-OnFloor__filter_value-5__start_type-All__season-2024__season_type-Regular_Season__team_id-1611661330__d64e970c,get-possessions,https://api.pbpstats.com/get-possessions/wnba?OffDef=Offense&FilterComparison=Exactly&FilterEvent=OnFloor&FilterValue=5&StartType=All&Season=2024&SeasonType=Regular+Season&TeamId=1611661330,200,81,02:28,"Gray 24' 3PT Jump Shot (13 PTS) (Charles 4 AST)
",0,0,1,1,2024-09-17,1022400232,0,0,CHI,4,0,11,02:48,Off Block,0,"[{""description"": ""Gray 24' 3PT Jump Shot (13 PTS) (Charles 4 AST)"", ""url"": ""https://videos.nba.com/wnba/pbp/media/2024/09/17/1022400232/482/25d71f24-f3fc-299f-88b0-7aa93513e880_960x540.mp4""}]",False,possessions,4Q/OT | margin -3..3 | 300..120,team
wnba,wnba_shot_pace,shot_pace,possessions,get-possessions,2024,Regular Season,team,"{'OffDef': 'Offense', 'FilterComparison': 'Exactly', 'FilterEvent': 'OnFloor', 'FilterValue': 5, 'StartType': 'All', 'Season': '2024', 'SeasonType': 'Regular Season', 'TeamId': '1611661330'}",shot_pace,1611661330,4Q/OT | margin -3..3 | 300..120,get-possessions__possessions__off_def-Offense__filter_comparison-Exactly__filter_event-OnFloor__filter_value-5__start_type-All__season-2024__season_type-Regular_Season__team_id-1611661330__d64e970c,get-possessions,https://api.pbpstats.com/get-possessions/wnba?OffDef=Offense&FilterComparison=Exactly&FilterEvent=OnFloor&FilterValue=5&StartType=All&Season=2024&SeasonType=Regular+Season&TeamId=1611661330,200,82,03:11,"MISS Gray 2' Driving Layup
Hillmon REBOUND (Off:1 Def:3)
MISS Howard 25' 3PT Jump Shot
DREAM Rebound
MISS Charles 13' Fadeaway Jumper
Allen REBOUND (Off:1 Def:3)
",2,0,1,0,2024-09-17,1022400232,0,2,CHI,4,0,11,03:50,Off Timeout,0,"[{""description"": ""MISS Gray 2' Driving Layup"", ""url"": ""https://videos.nba.com/wnba/pbp/media/2024/09/17/1022400232/472/aff2abec-2234-a51d-94f8-ea4c17722efd_960x540.mp4""}, {""description"": ""Hillmon REBOUND (Off:1 Def:3)"", ""url"": ""https://videos.nba.com/wnba/pbp/media/2024/09/17/1022400232/473/eb6c1e58-33f5-b914-db75-ee7139a4fcbd_960x540.mp4""}, {""description"": ""MISS Howard 25' 3PT Jump Shot"", ""url"": ""https://videos.nba.com/wnba/pbp/media/2024/09/17/1022400232/474/5f0f1697-9269-3228-1433-869a44f035c6_960x540.mp4""}, {""description"": ""DREAM Rebound"", ""url"": """"}, {""description"": ""MISS Charles 13' Fadeaway Jumper"", ""url"": ""https://videos.nba.com/wnba/pbp/media/2024/09/17/1022400232/477/9b638b5a-6a06-3555-64e3-6e78e478b64e_960x540.mp4""}, {""description"": ""Allen REBOUND (Off:1 Def:3)"", ""url"": ""https://videos.nba.com/wnba/pbp/media/2024/09/17/1022400232/478/082736bf-3fb7-322a-d466-23c7071baf28_960x540.mp4""}]",False,possessions,4Q/OT | margin -3..3 | 300..120,team
wnba,wnba_shot_pace,shot_pace,possessions,get-possessions,2024,Regular Season,team,"{'OffDef': 'Offense', 'FilterComparison': 'Exactly', 'FilterEvent': 'OnFloor', 'FilterValue': 5, 'StartType': 'All', 'Season': '2024', 'SeasonType': 'Regular Season', 'TeamId': '1611661330'}",shot_pace,1611661330,4Q/OT | margin -3..3 | 300..120,get-possessions__possessions__off_def-Offense__filter_comparison-Exactly__filter_event-OnFloor__filter_value-5__start_type-All__season-2024__season_type-Regular_Season__team_id-1611661330__d64e970c,get-possessions,https://api.pbpstats.com/get-possessions/wnba?OffDef=Offense&FilterComparison=Exactly&FilterEvent=OnFloor&FilterValue=5&StartType=All&Season=2024&SeasonType=Regular+Season&TeamId=1611661330,200,83,04:09,"Charles 8' Driving Hook Shot (16 PTS) (Canada 5 AST)
",1,1,0,0,2024-09-17,1022400232,0,0,CHI,4,0,11,04:31,Off At Rim Make,0,"[{""description"": ""Charles 8' Driving Hook Shot (16 PTS) (Canada 5 AST)"", ""url"": ""https://videos.nba.com/wnba/pbp/media/2024/09/17/1022400232/461/2f6210aa-6d6b-354b-978e-f7bd4abc0ba5_960x540.mp4""}]",False,possessions,4Q/OT | margin -3..3 | 300..120,team
wnba,wnba_shot_pace,shot_pace,possessions,get-possessions,2024,Regular Season,team,"{'OffDef': 'Offense', 'FilterComparison': 'Exactly', 'FilterEvent': 'OnFloor', 'FilterValue': 5, 'StartType': 'All', 'Season': '2024', 'SeasonType': 'Regular Season', 'TeamId': '1611661330'}",shot_pace,1611661330,4Q/OT | margin -3..3 | 300..120,get-possessions__possessions__off_def-Offense__filter_comparison-Exactly__filter_event-OnFloor__filter_value-5__start_type-All__season-2024__season_type-Regular_Season__team_id-1611661330__d64e970c,get-possessions,https://api.pbpstats.com/get-possessions/wnba?OffDef=Offense&FilterComparison=Exactly&FilterEvent=OnFloor&FilterValue=5&StartType=All&Season=2024&SeasonType=Regular+Season&TeamId=1611661330,200,84,04:44,"MISS Charles 17' Running Jump Shot
Turner REBOUND (Off:0 Def:9)
",1,0,0,0,2024-09-17,1022400232,0,0,CHI,4,0,13,04:54,Off Steal,0,"[{""description"": ""MISS Charles 17' Running Jump Shot"", ""url"": ""https://videos.nba.com/wnba/pbp/media/2024/09/17/1022400232/457/33b93168-8f33-5e13-07d6-6f794287f6f7_960x540.mp4""}, {""description"": ""Turner REBOUND (Off:0 Def:9)"", ""url"": ""https://videos.nba.com/wnba/pbp/media/2024/09/17/1022400232/458/84ee5f18-f77e-6555-1b21-5b6f7e5122c4_960x540.mp4""}]",False,possessions,4Q/OT | margin -3..3 | 300..120,team
wnba,wnba_shot_pace,shot_pace,possessions,get-possessions,2024,Regular Season,team,"{'OffDef': 'Offense', 'FilterComparison': 'Exactly', 'FilterEvent': 'OnFloor', 'FilterValue': 5, 'StartType': 'All', 'Season': '2024', 'SeasonType': 'Regular Season', 'TeamId': '1611661330'}",shot_pace,1611661330,4Q/OT | margin -3..3 | 300..120,get-possessions__possessions__off_def-Offense__filter_comparison-Exactly__filter_event-OnFloor__filter_value-5__start_type-All__season-2024__season_type-Regular_Season__team_id-1611661330__d64e970c,get-possessions,https://api.pbpstats.com/get-possessions/wnba?OffDef=Offense&FilterComparison=Exactly&FilterEvent=OnFloor&FilterValue=5&StartType=All&Season=2024&SeasonType=Regular+Season&TeamId=1611661330,200,85,05:12,"Canada 24' 3PT Pullup Jump Shot (16 PTS) (Charles 3 AST)
",0,0,1,1,2024-09-17,1022400232,0,0,CHI,4,0,10,05:32,Off Short Mid-Range Make,0,"[{""description"": ""Canada 24' 3PT Pullup Jump Shot (16 PTS) (Charles 3 AST)"", ""url"": ""https://videos.nba.com/wnba/pbp/media/2024/09/17/1022400232/453/d1775cbf-1fd9-21ef-54c4-3bab4aa6b287_960x540.mp4""}]",False,possessions,4Q/OT | margin -3..3 | 300..120,team
wnba,wnba_shot_pace,shot_pace,possessions,get-possessions,2024,Regular Season,team,"{'OffDef': 'Offense', 'FilterComparison': 'Exactly', 'FilterEvent': 'OnFloor', 'FilterValue': 5, 'StartType': 'All', 'Season': '2024', 'SeasonType': 'Regular Season', 'TeamId': '1611661330'}",shot_pace,1611661330,4Q/OT | margin -3..3 | 300..120,get-possessions__possessions__off_def-Offense__filter_comparison-Exactly__filter_event-OnFloor__filter_value-5__start_type-All__season-2024__season_type-Regular_Season__team_id-1611661330__d64e970c,get-possessions,https://api.pbpstats.com/get-possessions/wnba?OffDef=Offense&FilterComparison=Exactly&FilterEvent=OnFloor&FilterValue=5&StartType=All&Season=2024&SeasonType=Regular+Season&TeamId=1611661330,200,86,05:47,"Jefferson S.FOUL (P1.T4)
Canada Free Throw 1 of 2 (12 PTS)
Canada Free Throw 2 of 2 (13 PTS)
",0,0,0,0,2024-09-17,1022400232,0,0,CHI,4,1,10,05:50,Off Long Mid-Range Miss,0,"[{""description"": ""Jefferson S.FOUL (P1.T4)"", ""url"": """"}, {""description"": ""Canada Free Throw 1 of 2 (12 PTS)"", ""url"": """"}, {""description"": ""Canada Free Throw 2 of 2 (13 PTS)"", ""url"": """"}]",False,possessions,4Q/OT | margin -3..3 | 300..120,team
wnba,wnba_shot_pace,shot_pace,possessions,get-possessions,2024,Regular Season,team,"{'OffDef': 'Offense', 'FilterComparison': 'Exactly', 'FilterEvent': 'OnFloor', 'FilterValue': 5, 'StartType': 'All', 'Season': '2024', 'SeasonType': 'Regular Season', 'TeamId': '1611661330'}",shot_pace,1611661330,4Q/OT | margin -3..3 | 300..120,get-possessions__possessions__off_def-Offense__filter_comparison-Exactly__filter_event-OnFloor__filter_value-5__start_type-All__season-2024__season_type-Regular_Season__team_id-1611661330__d64e970c,get-possessions,https://api.pbpstats.com/get-possessions/wnba?OffDef=Offense&FilterComparison=Exactly&FilterEvent=OnFloor&FilterValue=5&StartType=All&Season=2024&SeasonType=Regular+Season&TeamId=1611661330,200,87,06:04,"Charles 11' Jump Shot (14 PTS) (Canada 4 AST)
",1,1,0,0,2024-09-17,1022400232,0,0,CHI,4,0,8,06:28,Off Arc 3 Make,0,"[{""description"": ""Charles 11' Jump Shot (14 PTS) (Canada 4 AST)"", ""url"": ""https://videos.nba.com/wnba/pbp/media/2024/09/17/1022400232/440/de6611a3-8ffe-c7cd-78bd-dcd584cfbd31_960x540.mp4""}]",False,possessions,4Q/OT | margin -3..3 | 300..120,team
wnba,wnba_shot_pace,shot_pace,possessions,get-possessions,2024,Regular Season,team,"{'OffDef': 'Offense', 'FilterComparison': 'Exactly', 'FilterEvent': 'OnFloor', 'FilterValue': 5, 'StartType': 'All', 'Season': '2024', 'SeasonType': 'Regular Season', 'TeamId': '1611661330'}",shot_pace,1611661330,4Q/OT | margin -3..3 | 300..120,get-possessions__possessions__off_def-Offense__filter_comparison-Exactly__filter_event-OnFloor__filter_value-5__start_type-All__season-2024__season_type-Regular_Season__team_id-1611661330__d64e970c,get-possessions,https://api.pbpstats.com/get-possessions/wnba?OffDef=Offense&FilterComparison=Exactly&FilterEvent=OnFloor&FilterValue=5&StartType=All&Season=2024&SeasonType=Regular+Season&TeamId=1611661330,200,88,06:43,"Charles Out of Bounds - Bad Pass Turnover Turnover (P2.T8)
",0,0,0,0,2024-09-17,1022400232,0,0,CHI,4,0,11,06:53,Off Short Mid-Range Miss,1,"[{""description"": ""Charles Out of Bounds - Bad Pass Turnover Turnover (P2.T8)"", ""url"": ""https://videos.nba.com/wnba/pbp/media/2024/09/17/1022400232/438/72b79fb3-ea20-e031-659d-24a4b59ea512_960x540.mp4""}]",False,possessions,4Q/OT | margin -3..3 | 300..120,team
wnba,wnba_shot_pace,shot_pace,possessions,get-possessions,2024,Regular Season,team,"{'OffDef': 'Offense', 'FilterComparison': 'Exactly', 'FilterEvent': 'OnFloor', 'FilterValue': 5, 'StartType': 'All', 'Season': '2024', 'SeasonType': 'Regular Season', 'TeamId': '1611661330'}",shot_pace,1611661330,4Q/OT | margin -3..3 | 300..120,get-possessions__possessions__off_def-Offense__filter_comparison-Exactly__filter_event-OnFloor__filter_value-5__start_type-All__season-2024__season_type-Regular_Season__team_id-1611661330__d64e970c,get-possessions,https://api.pbpstats.com/get-possessions/wnba?OffDef=Offense&FilterComparison=Exactly&FilterEvent=OnFloor&FilterValue=5&StartType=All&Season=2024&SeasonType=Regular+Season&TeamId=1611661330,200,89,07:23,"Charles 2' Layup (12 PTS) (Gray 1 AST)
",1,1,0,0,2024-09-17,1022400232,0,0,CHI,4,0,9,07:28,Off At Rim Miss,0,"[{""description"": ""Charles 2' Layup (12 PTS) (Gray 1 AST)"", ""url"": ""https://videos.nba.com/wnba/pbp/media/2024/09/17/1022400232/427/8afd306c-0d96-569a-d6e1-6ca5929e0ecb_960x540.mp4""}]",False,possessions,4Q/OT | margin -3..3 | 300..120,team
wnba,wnba_shot_pace,shot_pace,possessions,get-possessions,2024,Regular Season,team,"{'OffDef': 'Offense', 'FilterComparison': 'Exactly', 'FilterEvent': 'OnFloor', 'FilterValue': 5, 'StartType': 'All', 'Season': '2024', 'SeasonType': 'Regular Season', 'TeamId': '1611661330'}",shot_pace,1611661330,4Q/OT | margin -3..3 | 300..120,get-possessions__possessions__off_def-Offense__filter_comparison-Exactly__filter_event-OnFloor__filter_value-5__start_type-All__season-2024__season_type-Regular_Season__team_id-1611661330__d64e970c,get-possessions,https://api.pbpstats.com/get-possessions/wnba?OffDef=Offense&FilterComparison=Exactly&FilterEvent=OnFloor&FilterValue=5&StartType=All&Season=2024&SeasonType=Regular+Season&TeamId=1611661330,200,90,07:42,"MISS Coffey 2' Cutting Layup Shot
Banham REBOUND (Off:1 Def:1)
",1,0,0,0,2024-09-17,1022400232,0,0,CHI,4,0,9,07:55,Off Long Mid-Range Miss,0,"[{""description"": ""MISS Coffey 2' Cutting Layup Shot"", ""url"": ""https://videos.nba.com/wnba/pbp/media/2024/09/17/1022400232/423/d4746696-2eb5-f29f-9b76-13bc39851873_960x540.mp4""}, {""description"": ""Banham REBOUND (Off:1 Def:1)"", ""url"": ""https://videos.nba.com/wnba/pbp/media/2024/09/17/1022400232/424/86dc1f12-c48f-fa3d-2ef1-a7969c5310fd_960x540.mp4""}]",False,possessions,4Q/OT | margin -3..3 | 300..120,team
wnba,wnba_shot_pace,shot_pace,possessions,get-possessions,2024,Regular Season,team,"{'OffDef': 'Offense', 'FilterComparison': 'Exactly', 'FilterEvent': 'OnFloor', 'FilterValue': 5, 'StartType': 'All', 'Season': '2024', 'SeasonType': 'Regular Season', 'TeamId': '1611661330'}",shot_pace,1611661330,4Q/OT | margin -3..3 | 300..120,get-possessions__possessions__off_def-Offense__filter_comparison-Exactly__filter_event-OnFloor__filter_value-5__start_type-All__season-2024__season_type-Regular_Season__team_id-1611661330__d64e970c,get-possessions,https://api.pbpstats.com/get-possessions/wnba?OffDef=Offense&FilterComparison=Exactly&FilterEvent=OnFloor&FilterValue=5&StartType=All&Season=2024&SeasonType=Regular+Season&TeamId=1611661330,200,91,08:17,"Onyenwere S.FOUL (P5.T3)
MISS Canada Free Throw 1 of 2
DREAM Rebound
Canada Free Throw 2 of 2 (11 PTS)
",0,0,0,0,2024-09-17,1022400232,0,0,CHI,4,1,8,08:30,Off Timeout,0,"[{""description"": ""Onyenwere S.FOUL (P5.T3)"", ""url"": """"}, {""description"": ""MISS Canada Free Throw 1 of 2"", ""url"": """"}, {""description"": ""DREAM Rebound"", ""url"": """"}, {""description"": ""Canada Free Throw 2 of 2 (11 PTS)"", ""url"": """"}]",False,possessions,4Q/OT | margin -3..3 | 300..120,team
wnba,wnba_shot_pace,shot_pace,possessions,get-possessions,2024,Regular Season,team,"{'OffDef': 'Offense', 'FilterComparison': 'Exactly', 'FilterEvent': 'OnFloor', 'FilterValue': 5, 'StartType': 'All', 'Season': '2024', 'SeasonType': 'Regular Season', 'TeamId': '1611661330'}",shot_pace,1611661330,4Q/OT | margin -3..3 | 300..120,get-possessions__possessions__off_def-Offense__filter_comparison-Exactly__filter_event-OnFloor__filter_value-5__start_type-All__season-2024__season_type-Regular_Season__team_id-1611661330__d64e970c,get-possessions,https://api.pbpstats.com/get-possessions/wnba?OffDef=Offense&FilterComparison=Exactly&FilterEvent=OnFloor&FilterValue=5&StartType=All&Season=2024&SeasonType=Regular+Season&TeamId=1611661330,200,92,08:31,"Canada 2' Driving Layup (10 PTS)
",1,1,0,0,2024-09-17,1022400232,0,0,CHI,4,0,6,08:37,Off Arc 3 Miss,0,"[{""description"": ""Canada 2' Driving Layup (10 PTS)"", ""url"": ""https://videos.nba.com/wnba/pbp/media/2024/09/17/1022400232/407/2f1f3617-ce3d-2fe9-1d5d-aef637c2bbe8_960x540.mp4""}]",False,possessions,4Q/OT | margin -3..3 | 300..120,team
wnba,wnba_shot_pace,shot_pace,possessions,get-possessions,2024,Regular Season,team,"{'OffDef': 'Offense', 'FilterComparison': 'Exactly', 'FilterEvent': 'OnFloor', 'FilterValue': 5, 'StartType': 'All', 'Season': '2024', 'SeasonType': 'Regular Season', 'TeamId': '1611661330'}",shot_pace,1611661330,4Q/OT | margin -3..3 | 300..120,get-possessions__possessions__off_def-Offense__filter_comparison-Exactly__filter_event-OnFloor__filter_value-5__start_type-All__season-2024__season_type-Regular_Season__team_id-1611661330__d64e970c,get-possessions,https://api.pbpstats.com/get-possessions/wnba?OffDef=Offense&FilterComparison=Exactly&FilterEvent=OnFloor&FilterValue=5&StartType=All&Season=2024&SeasonType=Regular+Season&TeamId=1611661330,200,93,09:03,"Banham P.FOUL (P4.T1)
Davis P.FOUL (P2.T2)
MISS Coffey 4' Cutting Layup Shot
Harrison REBOUND (Off:3 Def:7)
",1,0,0,0,2024-09-17,1022400232,0,0,CHI,4,0,6,09:40,Off At Rim Make,0,"[{""description"": ""Banham P.FOUL (P4.T1)"", ""url"": """"}, {""description"": ""Davis P.FOUL (P2.T2)"", ""url"": """"}, {""description"": ""MISS Coffey 4' Cutting Layup Shot"", ""url"": ""https://videos.nba.com/wnba/pbp/media/2024/09/17/1022400232/398/a0f3aeab-0313-c7b8-1f90-c831dd1c1cbb_960x540.mp4""}, {""description"": ""Harrison REBOUND (Off:3 Def:7)"", ""url"": ""https://videos.nba.com/wnba/pbp/media/2024/09/17/1022400232/399/4ffaa5cc-6005-632c-1ffd-8409575c478e_960x540.mp4""}]",False,possessions,4Q/OT | margin -3..3 | 300..120,team
wnba,wnba_shot_pace,shot_pace,possessions,get-possessions,2024,Regular Season,team,"{'OffDef': 'Offense', 'FilterComparison': 'Exactly', 'FilterEvent': 'OnFloor', 'FilterValue': 5, 'StartType': 'All', 'Season': '2024', 'SeasonType': 'Regular Season', 'TeamId': '1611661330'}",shot_pace,1611661330,4Q/OT | margin -3..3 | 300..120,get-possessions__possessions__off_def-Offense__filter_comparison-Exactly__filter_event-OnFloor__filter_value-5__start_type-All__season-2024__season_type-Regular_Season__team_id-1611661330__d64e970c,get-possessions,https://api.pbpstats.com/get-possessions/wnba?OffDef=Offense&FilterComparison=Exactly&FilterEvent=OnFloor&FilterValue=5&StartType=All&Season=2024&SeasonType=Regular+Season&TeamId=1611661330,200,94,00:00,"MISS Howard 17' Turnaround Jump Shot
DREAM Rebound
",1,0,0,0,2024-09-17,1022400232,0,0,CHI,3,0,8,00:18,Off Dead Ball,0,"[{""description"": ""MISS Howard 17' Turnaround Jump Shot"", ""url"": ""https://videos.nba.com/wnba/pbp/media/2024/09/17/1022400232/384/d2e178e6-9434-0354-63a4-f9e5abe52910_960x540.mp4""}, {""description"": ""DREAM Rebound"", ""url"": """"}]",False,possessions,4Q/OT | margin -3..3 | 300..120,team
wnba,wnba_shot_pace,shot_pace,possessions,get-possessions,2024,Regular Season,team,"{'OffDef': 'Offense', 'FilterComparison': 'Exactly', 'FilterEvent': 'OnFloor', 'FilterValue': 5, 'StartType': 'All', 'Season': '2024', 'SeasonType': 'Regular Season', 'TeamId': '1611661330'}",shot_pace,1611661330,4Q/OT | margin -3..3 | 300..120,get-possessions__possessions__off_def-Offense__filter_comparison-Exactly__filter_event-OnFloor__filter_value-5__start_type-All__season-2024__season_type-Regular_Season__team_id-1611661330__d64e970c,get-possessions,https://api.pbpstats.com/get-possessions/wnba?OffDef=Offense&FilterComparison=Exactly&FilterEvent=OnFloor&FilterValue=5&StartType=All&Season=2024&SeasonType=Regular+Season&TeamId=1611661330,200,95,00:29,"MISS Canada 24' 3PT Jump Shot
Davis REBOUND (Off:0 Def:1)
",0,0,1,0,2024-09-17,1022400232,0,0,CHI,3,0,8,00:42,Off Arc 3 Miss,0,"[{""description"": ""MISS Canada 24' 3PT Jump Shot"", ""url"": ""https://videos.nba.com/wnba/pbp/media/2024/09/17/1022400232/379/b3eeef33-569f-6521-e8d6-0afbe471ce2f_960x540.mp4""}, {""description"": ""Davis REBOUND (Off:0 Def:1)"", ""url"": ""https://videos.nba.com/wnba/pbp/media/2024/09/17/1022400232/380/71da6f51-c715-c858-42f8-76efa9a9ddec_960x540.mp4""}]",False,possessions,4Q/OT | margin -3..3 | 300..120,team
wnba,wnba_shot_pace,shot_pace,possessions,get-possessions,2024,Regular Season,team,"{'OffDef': 'Offense', 'FilterComparison': 'Exactly', 'FilterEvent': 'OnFloor', 'FilterValue': 5, 'StartType': 'All', 'Season': '2024', 'SeasonType': 'Regular Season', 'TeamId': '1611661330'}",shot_pace,1611661330,4Q/OT | margin -3..3 | 300..120,get-possessions__possessions__off_def-Offense__filter_comparison-Exactly__filter_event-OnFloor__filter_value-5__start_type-All__season-2024__season_type-Regular_Season__team_id-1611661330__d64e970c,get-possessions,https://api.pbpstats.com/get-possessions/wnba?OffDef=Offense&FilterComparison=Exactly&FilterEvent=OnFloor&FilterValue=5&StartType=All&Season=2024&SeasonType=Regular+Season&TeamId=1611661330,200,96,01:02,"Onyenwere S.FOUL (P3.PN)
MISS Gray Free Throw 1 of 2
DREAM Rebound
MISS Gray Free Throw 2 of 2
Harrison REBOUND (Off:3 Def:6)
",0,0,0,0,2024-09-17,1022400232,0,0,CHI,3,1,8,01:17,Off FT Make,0,"[{""description"": ""Onyenwere S.FOUL (P3.PN)"", ""url"": """"}, {""description"": ""MISS Gray Free Throw 1 of 2"", ""url"": """"}, {""description"": ""DREAM Rebound"", ""url"": """"}, {""description"": ""MISS Gray Free Throw 2 of 2"", ""url"": """"}, {""description"": ""Harrison REBOUND (Off:3 Def:6)"", ""url"": ""https://videos.nba.com/wnba/pbp/media/2024/09/17/1022400232/376/e04b6c2e-934c-090b-6c09-7df281721900_960x540.mp4""}]",False,possessions,4Q/OT | margin -3..3 | 300..120,team
wnba,wnba_shot_pace,shot_pace,possessions,get-possessions,2024,Regular Season,team,"{'OffDef': 'Offense', 'FilterComparison': 'Exactly', 'FilterEvent': 'OnFloor', 'FilterValue': 5, 'StartType': 'All', 'Season': '2024', 'SeasonType': 'Regular Season', 'TeamId': '1611661330'}",shot_pace,1611661330,4Q/OT | margin -3..3 | 300..120,get-possessions__possessions__off_def-Offense__filter_comparison-Exactly__filter_event-OnFloor__filter_value-5__start_type-All__season-2024__season_type-Regular_Season__team_id-1611661330__d64e970c,get-possessions,https://api.pbpstats.com/get-possessions/wnba?OffDef=Offense&FilterComparison=Exactly&FilterEvent=OnFloor&FilterValue=5&StartType=All&Season=2024&SeasonType=Regular+Season&TeamId=1611661330,200,97,01:17,"Gray Lost Ball Turnover (P2.T7)
",0,0,0,0,2024-09-17,1022400232,0,0,CHI,3,0,10,01:30,Off FT Make,1,"[{""description"": ""Gray Lost Ball Turnover (P2.T7)"", ""url"": """"}]",False,possessions,4Q/OT | margin -3..3 | 300..120,team
wnba,wnba_shot_pace,shot_pace,possessions,get-possessions,2024,Regular Season,team,"{'OffDef': 'Offense', 'FilterComparison': 'Exactly', 'FilterEvent': 'OnFloor', 'FilterValue': 5, 'StartType': 'All', 'Season': '2024', 'SeasonType': 'Regular Season', 'TeamId': '1611661330'}",shot_pace,1611661330,4Q/OT | margin -3..3 | 300..120,get-possessions__possessions__off_def-Offense__filter_comparison-Exactly__filter_event-OnFloor__filter_value-5__start_type-All__season-2024__season_type-Regular_Season__team_id-1611661330__d64e970c,get-possessions,https://api.pbpstats.com/get-possessions/wnba?OffDef=Offense&FilterComparison=Exactly&FilterEvent=OnFloor&FilterValue=5&StartType=All&Season=2024&SeasonType=Regular+Season&TeamId=1611661330,200,98,01:36,"MISS Charles 3' Running Layup
Harrison REBOUND (Off:3 Def:5)
",1,0,0,0,2024-09-17,1022400232,0,0,CHI,3,0,12,01:45,Off Steal,0,"[{""description"": ""MISS Charles 3' Running Layup"", ""url"": ""https://videos.nba.com/wnba/pbp/media/2024/09/17/1022400232/353/8610c7f7-da91-fec5-1b5d-5feb78bc928b_960x540.mp4""}, {""description"": ""Harrison REBOUND (Off:3 Def:5)"", ""url"": ""https://videos.nba.com/wnba/pbp/media/2024/09/17/1022400232/354/77c89d33-80c5-f5ba-e36e-a2ddd30ebd01_960x540.mp4""}]",False,possessions,4Q/OT | margin -3..3 | 300..120,team
wnba,wnba_shot_pace,shot_pace,possessions,get-possessions,2024,Regular Season,team,"{'OffDef': 'Offense', 'FilterComparison': 'Exactly', 'FilterEvent': 'OnFloor', 'FilterValue': 5, 'StartType': 'All', 'Season': '2024', 'SeasonType': 'Regular Season', 'TeamId': '1611661330'}",shot_pace,1611661330,4Q/OT | margin -3..3 | 300..120,get-possessions__possessions__off_def-Offense__filter_comparison-Exactly__filter_event-OnFloor__filter_value-5__start_type-All__season-2024__season_type-Regular_Season__team_id-1611661330__d64e970c,get-possessions,https://api.pbpstats.com/get-possessions/wnba?OffDef=Offense&FilterComparison=Exactly&FilterEvent=OnFloor&FilterValue=5&StartType=All&Season=2024&SeasonType=Regular+Season&TeamId=1611661330,200,99,02:11,"Charles 13' Turnaround Jump Shot (10 PTS) (Caldwell 1 AST)
",1,1,0,0,2024-09-17,1022400232,0,0,CHI,3,0,10,02:33,Off Short Mid-Range Make,0,"[{""description"": ""Charles 13' Turnaround Jump Shot (10 PTS) (Caldwell 1 AST)"", ""url"": ""https://videos.nba.com/wnba/pbp/media/2024/09/17/1022400232/349/7ce8e084-beca-de20-5caa-475514dd99ee_960x540.mp4""}]",False,possessions,4Q/OT | margin -3..3 | 300..120,team
wnba,wnba_shot_pace,shot_pace,possessions,get-possessions,2024,Regular Season,team,"{'OffDef': 'Offense', 'FilterComparison': 'Exactly', 'FilterEvent': 'OnFloor', 'FilterValue': 5, 'StartType': 'All', 'Season': '2024', 'SeasonType': 'Regular Season', 'TeamId': '1611661330'}",shot_pace,1611661330,4Q/OT | margin -3..3 | 300..120,get-possessions__possessions__off_def-Offense__filter_comparison-Exactly__filter_event-OnFloor__filter_value-5__start_type-All__season-2024__season_type-Regular_Season__team_id-1611661330__d64e970c,get-possessions,https://api.pbpstats.com/get-possessions/wnba?OffDef=Offense&FilterComparison=Exactly&FilterEvent=OnFloor&FilterValue=5&StartType=All&Season=2024&SeasonType=Regular+Season&TeamId=1611661330,200,100,02:49,"Onyenwere P.FOUL (P2.T3)
Gray 1' Driving Layup (10 PTS) (Charles 2 AST)
Turner S.FOUL (P4.T4)
MISS Gray Free Throw 1 of 1
Harrison REBOUND (Off:3 Def:4)
",1,1,0,0,2024-09-17,1022400232,0,0,CHI,3,1,10,03:02,Off Long Mid-Range Miss,0,"[{""description"": ""Onyenwere P.FOUL (P2.T3)"", ""url"": """"}, {""description"": ""Gray 1' Driving Layup (10 PTS) (Charles 2 AST)"", ""url"": ""https://videos.nba.com/wnba/pbp/media/2024/09/17/1022400232/341/32b676a0-c5ea-d223-8e1d-28faaab8f0d7_960x540.mp4""}, {""description"": ""Turner S.FOUL (P4.T4)"", ""url"": """"}, {""description"": ""MISS Gray Free Throw 1 of 1"", ""url"": """"}, {""description"": ""Harrison REBOUND (Off:3 Def:4)"", ""url"": ""https://videos.nba.com/wnba/pbp/media/2024/09/17/1022400232/346/9ebe68da-76bb-7ade-ab58-ef6f1e41d8cf_960x540.mp4""}]",False,possessions,4Q/OT | margin -3..3 | 300..120,team
wnba,wnba_shot_pace,shot_pace,possessions,get-possessions,2024,Regular Season,team,"{'OffDef': 'Offense', 'FilterComparison': 'Exactly', 'FilterEvent': 'OnFloor', 'FilterValue': 5, 'StartType': 'All', 'Season': '2024', 'SeasonType': 'Regular Season', 'TeamId': '1611661330'}",shot_pace,1611661330,4Q/OT | margin -3..3 | 300..120,get-possessions__possessions__off_def-Offense__filter_comparison-Exactly__filter_event-OnFloor__filter_value-5__start_type-All__season-2024__season_type-Regular_Season__team_id-1611661330__d64e970c,get-possessions,https://api.pbpstats.com/get-possessions/wnba?OffDef=Offense&FilterComparison=Exactly&FilterEvent=OnFloor&FilterValue=5&StartType=All&Season=2024&SeasonType=Regular+Season&TeamId=1611661330,200,101,03:30,"MISS Canada 4' Driving Layup: Turner BLOCK (1 BLK)
Sky Rebound
",1,0,0,0,2024-09-17,1022400232,0,0,CHI,3,0,10,03:46,Off At Rim Make,0,"[{""description"": ""MISS Canada 4' Driving Layup: Turner BLOCK (1 BLK)"", ""url"": ""https://videos.nba.com/wnba/pbp/media/2024/09/17/1022400232/332/ba4e0981-cd53-edc5-d659-1e86746cfeb5_960x540.mp4""}, {""description"": ""Sky Rebound"", ""url"": """"}]",False,possessions,4Q/OT | margin -3..3 | 300..120,team
wnba,wnba_shot_pace,shot_pace,possessions,get-possessions,2024,Regular Season,team,"{'OffDef': 'Offense', 'FilterComparison': 'Exactly', 'FilterEvent': 'OnFloor', 'FilterValue': 5, 'StartType': 'All', 'Season': '2024', 'SeasonType': 'Regular Season', 'TeamId': '1611661330'}",shot_pace,1611661330,4Q/OT | margin -3..3 | 300..120,get-possessions__possessions__off_def-Offense__filter_comparison-Exactly__filter_event-OnFloor__filter_value-5__start_type-All__season-2024__season_type-Regular_Season__team_id-1611661330__d64e970c,get-possessions,https://api.pbpstats.com/get-possessions/wnba?OffDef=Offense&FilterComparison=Exactly&FilterEvent=OnFloor&FilterValue=5&StartType=All&Season=2024&SeasonType=Regular+Season&TeamId=1611661330,200,102,04:06,"MISS Caldwell 3PT Jump Shot
DREAM Rebound
DREAM Turnover: Shot Clock (T#6)
",0,0,1,0,2024-09-17,1022400232,0,0,CHI,3,0,12,04:32,Off Arc 3 Make,1,"[{""description"": ""MISS Caldwell 3PT Jump Shot"", ""url"": ""https://videos.nba.com/wnba/pbp/media/2024/09/17/1022400232/327/30f7e6b1-6deb-030b-2c1f-6c8d36b99f0e_960x540.mp4""}, {""description"": ""DREAM Rebound"", ""url"": """"}, {""description"": ""DREAM Turnover: Shot Clock (T#6)"", ""url"": """"}]",False,possessions,4Q/OT | margin -3..3 | 300..120,team
wnba,wnba_shot_pace,shot_pace,possessions,get-possessions,2024,Regular Season,team,"{'OffDef': 'Offense', 'FilterComparison': 'Exactly', 'FilterEvent': 'OnFloor', 'FilterValue': 5, 'StartType': 'All', 'Season': '2024', 'SeasonType': 'Regular Season', 'TeamId': '1611661330'}",shot_pace,1611661330,4Q/OT | margin -3..3 | 300..120,get-possessions__possessions__off_def-Offense__filter_comparison-Exactly__filter_event-OnFloor__filter_value-5__start_type-All__season-2024__season_type-Regular_Season__team_id-1611661330__d64e970c,get-possessions,https://api.pbpstats.com/get-possessions/wnba?OffDef=Offense&FilterComparison=Exactly&FilterEvent=OnFloor&FilterValue=5&StartType=All&Season=2024&SeasonType=Regular+Season&TeamId=1611661330,200,103,04:48,"Onyenwere P.FOUL (P1.T1)
Harrison S.FOUL (P2.T2)
Hillmon Free Throw 1 of 2 (3 PTS)
Hillmon Free Throw 2 of 2 (4 PTS)
",0,0,0,0,2024-09-17,1022400232,0,0,CHI,3,1,13,05:07,Off At Rim Make,0,"[{""description"": ""Onyenwere P.FOUL (P1.T1)"", ""url"": """"}, {""description"": ""Harrison S.FOUL (P2.T2)"", ""url"": """"}, {""description"": ""Hillmon Free Throw 1 of 2 (3 PTS)"", ""url"": """"}, {""description"": ""Hillmon Free Throw 2 of 2 (4 PTS)"", ""url"": """"}]",False,possessions,4Q/OT | margin -3..3 | 300..120,team
wnba,wnba_shot_pace,shot_pace,possessions,get-possessions,2024,Regular Season,team,"{'OffDef': 'Offense', 'FilterComparison': 'Exactly', 'FilterEvent': 'OnFloor', 'FilterValue': 5, 'StartType': 'All', 'Season': '2024', 'SeasonType': 'Regular Season', 'TeamId': '1611661330'}",shot_pace,1611661330,4Q/OT | margin -3..3 | 300..120,get-possessions__possessions__off_def-Offense__filter_comparison-Exactly__filter_event-OnFloor__filter_value-5__start_type-All__season-2024__season_type-Regular_Season__team_id-1611661330__d64e970c,get-possessions,https://api.pbpstats.com/get-possessions/wnba?OffDef=Offense&FilterComparison=Exactly&FilterEvent=OnFloor&FilterValue=5&StartType=All&Season=2024&SeasonType=Regular+Season&TeamId=1611661330,200,104,05:33,"Howard 2' Running Layup (12 PTS)
",1,1,0,0,2024-09-17,1022400232,0,0,CHI,3,0,13,05:38,Off Steal,0,"[{""description"": ""Howard 2' Running Layup (12 PTS)"", ""url"": ""https://videos.nba.com/wnba/pbp/media/2024/09/17/1022400232/313/e4d47c4a-a57b-6c45-7de2-b488ac7e0d3c_960x540.mp4""}]",False,possessions,4Q/OT | margin -3..3 | 300..120,team
wnba,wnba_shot_pace,shot_pace,possessions,get-possessions,2024,Regular Season,team,"{'OffDef': 'Offense', 'FilterComparison': 'Exactly', 'FilterEvent': 'OnFloor', 'FilterValue': 5, 'StartType': 'All', 'Season': '2024', 'SeasonType': 'Regular Season', 'TeamId': '1611661330'}",shot_pace,1611661330,4Q/OT | margin -3..3 | 300..120,get-possessions__possessions__off_def-Offense__filter_comparison-Exactly__filter_event-OnFloor__filter_value-5__start_type-All__season-2024__season_type-Regular_Season__team_id-1611661330__d64e970c,get-possessions,https://api.pbpstats.com/get-possessions/wnba?OffDef=Offense&FilterComparison=Exactly&FilterEvent=OnFloor&FilterValue=5&StartType=All&Season=2024&SeasonType=Regular+Season&TeamId=1611661330,200,105,05:51,"Howard 15' Turnaround Fadeaway (10 PTS)
",1,1,0,0,2024-09-17,1022400232,0,0,CHI,3,0,11,06:20,Off Arc 3 Make,0,"[{""description"": ""Howard 15' Turnaround Fadeaway (10 PTS)"", ""url"": ""https://videos.nba.com/wnba/pbp/media/2024/09/17/1022400232/310/2f88cd29-cc71-6d4d-f04c-dbe37be039a1_960x540.mp4""}]",False,possessions,4Q/OT | margin -3..3 | 300..120,team
wnba,wnba_shot_pace,shot_pace,possessions,get-possessions,2024,Regular Season,team,"{'OffDef': 'Offense', 'FilterComparison': 'Exactly', 'FilterEvent': 'OnFloor', 'FilterValue': 5, 'StartType': 'All', 'Season': '2024', 'SeasonType': 'Regular Season', 'TeamId': '1611661330'}",shot_pace,1611661330,4Q/OT | margin -3..3 | 300..120,get-possessions__possessions__off_def-Offense__filter_comparison-Exactly__filter_event-OnFloor__filter_value-5__start_type-All__season-2024__season_type-Regular_Season__team_id-1611661330__d64e970c,get-possessions,https://api.pbpstats.com/get-possessions/wnba?OffDef=Offense&FilterComparison=Exactly&FilterEvent=OnFloor&FilterValue=5&StartType=All&Season=2024&SeasonType=Regular+Season&TeamId=1611661330,200,106,06:41,"Charles 1' Layup (8 PTS) (Canada 3 AST)
",1,1,0,0,2024-09-17,1022400232,0,0,CHI,3,0,12,07:03,Off Long Mid-Range Miss,0,"[{""description"": ""Charles 1' Layup (8 PTS) (Canada 3 AST)"", ""url"": ""https://videos.nba.com/wnba/pbp/media/2024/09/17/1022400232/306/19c99b4e-6030-693e-6047-b9d4ef090c8c_960x540.mp4""}]",False,possessions,4Q/OT | margin -3..3 | 300..120,team
wnba,wnba_shot_pace,shot_pace,possessions,get-possessions,2024,Regular Season,team,"{'OffDef': 'Offense', 'FilterComparison': 'Exactly', 'FilterEvent': 'OnFloor', 'FilterValue': 5, 'StartType': 'All', 'Season': '2024', 'SeasonType': 'Regular Season', 'TeamId': '1611661330'}",shot_pace,1611661330,4Q/OT | margin -3..3 | 300..120,get-possessions__possessions__off_def-Offense__filter_comparison-Exactly__filter_event-OnFloor__filter_value-5__start_type-All__season-2024__season_type-Regular_Season__team_id-1611661330__d64e970c,get-possessions,https://api.pbpstats.com/get-possessions/wnba?OffDef=Offense&FilterComparison=Exactly&FilterEvent=OnFloor&FilterValue=5&StartType=All&Season=2024&SeasonType=Regular+Season&TeamId=1611661330,200,107,07:26,"MISS Charles 6' Driving Floating Jump Shot
Turner REBOUND (Off:0 Def:8)
",1,0,0,0,2024-09-17,1022400232,0,0,CHI,3,0,12,07:46,Off Dead Ball,0,"[{""description"": ""MISS Charles 6' Driving Floating Jump Shot"", ""url"": ""https://videos.nba.com/wnba/pbp/media/2024/09/17/1022400232/298/42688349-19fa-8667-a6ef-cdf8e2116511_960x540.mp4""}, {""description"": ""Turner REBOUND (Off:0 Def:8)"", ""url"": ""https://videos.nba.com/wnba/pbp/media/2024/09/17/1022400232/299/e614c88f-d38d-98a1-203f-6668a312fcdf_960x540.mp4""}]",False,possessions,4Q/OT | margin -3..3 | 300..120,team
wnba,wnba_shot_pace,shot_pace,possessions,get-possessions,2024,Regular Season,team,"{'OffDef': 'Offense', 'FilterComparison': 'Exactly', 'FilterEvent': 'OnFloor', 'FilterValue': 5, 'StartType': 'All', 'Season': '2024', 'SeasonType': 'Regular Season', 'TeamId': '1611661330'}",shot_pace,1611661330,4Q/OT | margin -3..3 | 300..120,get-possessions__possessions__off_def-Offense__filter_comparison-Exactly__filter_event-OnFloor__filter_value-5__start_type-All__season-2024__season_type-Regular_Season__team_id-1611661330__d64e970c,get-possessions,https://api.pbpstats.com/get-possessions/wnba?OffDef=Offense&FilterComparison=Exactly&FilterEvent=OnFloor&FilterValue=5&StartType=All&Season=2024&SeasonType=Regular+Season&TeamId=1611661330,200,108,07:51,"MISS Gray 6' Driving Layup
Harrison REBOUND (Off:2 Def:3)
",1,0,0,0,2024-09-17,1022400232,0,0,CHI,3,0,12,07:59,Off At Rim Miss,0,"[{""description"": ""MISS Gray 6' Driving Layup"", ""url"": ""https://videos.nba.com/wnba/pbp/media/2024/09/17/1022400232/295/cb4bc30e-606d-edcd-688a-2fe368e0f3f1_960x540.mp4""}, {""description"": ""Harrison REBOUND (Off:2 Def:3)"", ""url"": ""https://videos.nba.com/wnba/pbp/media/2024/09/17/1022400232/296/fe63cab9-fce2-05aa-2b48-afeee9ef141e_960x540.mp4""}]",False,possessions,4Q/OT | margin -3..3 | 300..120,team
wnba,wnba_shot_pace,shot_pace,possessions,get-possessions,2024,Regular Season,team,"{'OffDef': 'Offense', 'FilterComparison': 'Exactly', 'FilterEvent': 'OnFloor', 'FilterValue': 5, 'StartType': 'All', 'Season': '2024', 'SeasonType': 'Regular Season', 'TeamId': '1611661330'}",shot_pace,1611661330,4Q/OT | margin -3..3 | 300..120,get-possessions__possessions__off_def-Offense__filter_comparison-Exactly__filter_event-OnFloor__filter_value-5__start_type-All__season-2024__season_type-Regular_Season__team_id-1611661330__d64e970c,get-possessions,https://api.pbpstats.com/get-possessions/wnba?OffDef=Offense&FilterComparison=Exactly&FilterEvent=OnFloor&FilterValue=5&StartType=All&Season=2024&SeasonType=Regular+Season&TeamId=1611661330,200,109,08:09,"MISS Howard 24' 3PT Jump Shot
Allen REBOUND (Off:1 Def:2)
",0,0,1,0,2024-09-17,1022400232,0,0,CHI,3,0,12,08:30,Off FT Make,0,"[{""description"": ""MISS Howard 24' 3PT Jump Shot"", ""url"": ""https://videos.nba.com/wnba/pbp/media/2024/09/17/1022400232/291/b086c9a1-7841-82ca-d37f-b035284d0717_960x540.mp4""}, {""description"": ""Allen REBOUND (Off:1 Def:2)"", ""url"": ""https://videos.nba.com/wnba/pbp/media/2024/09/17/1022400232/292/7e7318c3-5980-89ad-5a45-75ea6fc272ec_960x540.mp4""}]",False,possessions,4Q/OT | margin -3..3 | 300..120,team
wnba,wnba_shot_pace,shot_pace,possessions,get-possessions,2024,Regular Season,team,"{'OffDef': 'Offense', 'FilterComparison': 'Exactly', 'FilterEvent': 'OnFloor', 'FilterValue': 5, 'StartType': 'All', 'Season': '2024', 'SeasonType': 'Regular Season', 'TeamId': '1611661330'}",shot_pace,1611661330,4Q/OT | margin -3..3 | 300..120,get-possessions__possessions__off_def-Offense__filter_comparison-Exactly__filter_event-OnFloor__filter_value-5__start_type-All__season-2024__season_type-Regular_Season__team_id-1611661330__d64e970c,get-possessions,https://api.pbpstats.com/get-possessions/wnba?OffDef=Offense&FilterComparison=Exactly&FilterEvent=OnFloor&FilterValue=5&StartType=All&Season=2024&SeasonType=Regular+Season&TeamId=1611661330,200,110,08:49,"Howard 11' Pullup Jump Shot (8 PTS) (Hillmon 2 AST)
",1,1,0,0,2024-09-17,1022400232,0,0,CHI,3,0,12,09:14,Off At Rim Make,0,"[{""description"": ""Howard 11' Pullup Jump Shot (8 PTS) (Hillmon 2 AST)"", ""url"": ""https://videos.nba.com/wnba/pbp/media/2024/09/17/1022400232/285/31bb7630-38ff-4a19-04ed-b2cc0341530e_960x540.mp4""}]",False,possessions,4Q/OT | margin -3..3 | 300..120,team
wnba,wnba_shot_pace,shot_pace,possessions,get-possessions,2024,Regular Season,team,"{'OffDef': 'Offense', 'FilterComparison': 'Exactly', 'FilterEvent': 'OnFloor', 'FilterValue': 5, 'StartType': 'All', 'Season': '2024', 'SeasonType': 'Regular Season', 'TeamId': '1611661330'}",shot_pace,1611661330,4Q/OT | margin -3..3 | 300..120,get-possessions__possessions__off_def-Offense__filter_comparison-Exactly__filter_event-OnFloor__filter_value-5__start_type-All__season-2024__season_type-Regular_Season__team_id-1611661330__d64e970c,get-possessions,https://api.pbpstats.com/get-possessions/wnba?OffDef=Offense&FilterComparison=Exactly&FilterEvent=OnFloor&FilterValue=5&StartType=All&Season=2024&SeasonType=Regular+Season&TeamId=1611661330,200,111,09:29,"MISS Canada 14' Pullup Jump Shot
Howard REBOUND (Off:2 Def:1)
MISS Charles 25' 3PT Jump Shot
Harrison REBOUND (Off:2 Def:2)
",1,0,1,0,2024-09-17,1022400232,0,1,CHI,3,0,14,10:00,Off Dead Ball,0,"[{""description"": ""MISS Canada 14' Pullup Jump Shot"", ""url"": ""https://videos.nba.com/wnba/pbp/media/2024/09/17/1022400232/279/0e889c8e-1bdc-571c-0e0c-721a26125fef_960x540.mp4""}, {""description"": ""Howard REBOUND (Off:2 Def:1)"", ""url"": ""https://videos.nba.com/wnba/pbp/media/2024/09/17/1022400232/280/6d65760a-57e4-32a0-ec22-7c29d7c8d71f_960x540.mp4""}, {""description"": ""MISS Charles 25' 3PT Jump Shot"", ""url"": ""https://videos.nba.com/wnba/pbp/media/2024/09/17/1022400232/281/edfbc940-3bf4-dbe4-aa67-a54ec5788536_960x540.mp4""}, {""description"": ""Harrison REBOUND (Off:2 Def:2)"", ""url"": ""https://videos.nba.com/wnba/pbp/media/2024/09/17/1022400232/282/f93e2a9c-d63a-5c26-e84e-462fb6c6d4c9_960x540.mp4""}]",False,possessions,4Q/OT | margin -3..3 | 300..120,team
wnba,wnba_shot_pace,shot_pace,possessions,get-possessions,2024,Regular Season,team,"{'OffDef': 'Offense', 'FilterComparison': 'Exactly', 'FilterEvent': 'OnFloor', 'FilterValue': 5, 'StartType': 'All', 'Season': '2024', 'SeasonType': 'Regular Season', 'TeamId': '1611661330'}",shot_pace,1611661330,4Q/OT | margin -3..3 | 300..120,get-possessions__possessions__off_def-Offense__filter_comparison-Exactly__filter_event-OnFloor__filter_value-5__start_type-All__season-2024__season_type-Regular_Season__team_id-1611661330__d64e970c,get-possessions,https://api.pbpstats.com/get-possessions/wnba?OffDef=Offense&FilterComparison=Exactly&FilterEvent=OnFloor&FilterValue=5&StartType=All&Season=2024&SeasonType=Regular+Season&TeamId=1611661330,200,112,00:00,"MISS Howard 25' 3PT Pullup Jump Shot
DREAM Rebound
",0,0,1,0,2024-09-17,1022400232,0,0,CHI,2,0,14,00:18,Off FT Make,0,"[{""description"": ""MISS Howard 25' 3PT Pullup Jump Shot"", ""url"": ""https://videos.nba.com/wnba/pbp/media/2024/09/17/1022400232/266/69fe855e-887e-9f96-3a56-60e1358484fc_960x540.mp4""}, {""description"": ""DREAM Rebound"", ""url"": """"}]",False,possessions,4Q/OT | margin -3..3 | 300..120,team
wnba,wnba_shot_pace,shot_pace,possessions,get-possessions,2024,Regular Season,team,"{'OffDef': 'Offense', 'FilterComparison': 'Exactly', 'FilterEvent': 'OnFloor', 'FilterValue': 5, 'StartType': 'All', 'Season': '2024', 'SeasonType': 'Regular Season', 'TeamId': '1611661330'}",shot_pace,1611661330,4Q/OT | margin -3..3 | 300..120,get-possessions__possessions__off_def-Offense__filter_comparison-Exactly__filter_event-OnFloor__filter_value-5__start_type-All__season-2024__season_type-Regular_Season__team_id-1611661330__d64e970c,get-possessions,https://api.pbpstats.com/get-possessions/wnba?OffDef=Offense&FilterComparison=Exactly&FilterEvent=OnFloor&FilterValue=5&StartType=All&Season=2024&SeasonType=Regular+Season&TeamId=1611661330,200,113,00:30,"MISS Coffey 20' Pullup Jump Shot
Howard REBOUND (Off:1 Def:1)
Davis S.FOUL (P1.PN)
MISS Amihere Free Throw 1 of 2
DREAM Rebound
MISS Amihere Free Throw 2 of 2
Harrison REBOUND (Off:2 Def:1)
",1,0,0,0,2024-09-17,1022400232,0,1,CHI,2,1,16,00:55,Off At Rim Make,0,"[{""description"": ""MISS Coffey 20' Pullup Jump Shot"", ""url"": ""https://videos.nba.com/wnba/pbp/media/2024/09/17/1022400232/250/e3a4db9f-081b-ae3e-da1b-34c5548f9a82_960x540.mp4""}, {""description"": ""Howard REBOUND (Off:1 Def:1)"", ""url"": ""https://videos.nba.com/wnba/pbp/media/2024/09/17/1022400232/251/82859030-d6e4-de41-fc4b-1d01c422b692_960x540.mp4""}, {""description"": ""Davis S.FOUL (P1.PN)"", ""url"": """"}, {""description"": ""MISS Amihere Free Throw 1 of 2"", ""url"": """"}, {""description"": ""DREAM Rebound"", ""url"": """"}, {""description"": ""MISS Amihere Free Throw 2 of 2"", ""url"": """"}, {""description"": ""Harrison REBOUND (Off:2 Def:1)"", ""url"": ""https://videos.nba.com/wnba/pbp/media/2024/09/17/1022400232/261/e1650b32-27a7-d926-7cfa-f913d30f3fdd_960x540.mp4""}]",False,possessions,4Q/OT | margin -3..3 | 300..120,team
wnba,wnba_shot_pace,shot_pace,possessions,get-possessions,2024,Regular Season,team,"{'OffDef': 'Offense', 'FilterComparison': 'Exactly', 'FilterEvent': 'OnFloor', 'FilterValue': 5, 'StartType': 'All', 'Season': '2024', 'SeasonType': 'Regular Season', 'TeamId': '1611661330'}",shot_pace,1611661330,4Q/OT | margin -3..3 | 300..120,get-possessions__possessions__off_def-Offense__filter_comparison-Exactly__filter_event-OnFloor__filter_value-5__start_type-All__season-2024__season_type-Regular_Season__team_id-1611661330__d64e970c,get-possessions,https://api.pbpstats.com/get-possessions/wnba?OffDef=Offense&FilterComparison=Exactly&FilterEvent=OnFloor&FilterValue=5&StartType=All&Season=2024&SeasonType=Regular+Season&TeamId=1611661330,200,114,01:10,"Banham P.FOUL (P3.PN)
MISS Jones Free Throw 1 of 2
DREAM Rebound
Jones Free Throw 2 of 2 (6 PTS)
",0,0,0,0,2024-09-17,1022400232,1,0,CHI,2,0,17,01:20,Off FT Make,0,"[{""description"": ""Banham P.FOUL (P3.PN)"", ""url"": """"}, {""description"": ""MISS Jones Free Throw 1 of 2"", ""url"": """"}, {""description"": ""DREAM Rebound"", ""url"": """"}, {""description"": ""Jones Free Throw 2 of 2 (6 PTS)"", ""url"": """"}]",False,possessions,4Q/OT | margin -3..3 | 300..120,team
wnba,wnba_shot_pace,shot_pace,possessions,get-possessions,2024,Regular Season,team,"{'OffDef': 'Offense', 'FilterComparison': 'Exactly', 'FilterEvent': 'OnFloor', 'FilterValue': 5, 'StartType': 'All', 'Season': '2024', 'SeasonType': 'Regular Season', 'TeamId': '1611661330'}",shot_pace,1611661330,4Q/OT | margin -3..3 | 300..120,get-possessions__possessions__off_def-Offense__filter_comparison-Exactly__filter_event-OnFloor__filter_value-5__start_type-All__season-2024__season_type-Regular_Season__team_id-1611661330__d64e970c,get-possessions,https://api.pbpstats.com/get-possessions/wnba?OffDef=Offense&FilterComparison=Exactly&FilterEvent=OnFloor&FilterValue=5&StartType=All&Season=2024&SeasonType=Regular+Season&TeamId=1611661330,200,115,01:31,"Gray 24' 3PT Jump Shot (8 PTS) (Jones 2 AST)
",0,0,1,1,2024-09-17,1022400232,0,0,CHI,2,0,15,01:44,Off FT Make,0,"[{""description"": ""Gray 24' 3PT Jump Shot (8 PTS) (Jones 2 AST)"", ""url"": ""https://videos.nba.com/wnba/pbp/media/2024/09/17/1022400232/233/f0320f55-981a-f0d5-d192-5276c04b7177_960x540.mp4""}]",False,possessions,4Q/OT | margin -3..3 | 300..120,team
wnba,wnba_shot_pace,shot_pace,possessions,get-possessions,2024,Regular Season,team,"{'OffDef': 'Offense', 'FilterComparison': 'Exactly', 'FilterEvent': 'OnFloor', 'FilterValue': 5, 'StartType': 'All', 'Season': '2024', 'SeasonType': 'Regular Season', 'TeamId': '1611661330'}",shot_pace,1611661330,4Q/OT | margin -3..3 | 300..120,get-possessions__possessions__off_def-Offense__filter_comparison-Exactly__filter_event-OnFloor__filter_value-5__start_type-All__season-2024__season_type-Regular_Season__team_id-1611661330__d64e970c,get-possessions,https://api.pbpstats.com/get-possessions/wnba?OffDef=Offense&FilterComparison=Exactly&FilterEvent=OnFloor&FilterValue=5&StartType=All&Season=2024&SeasonType=Regular+Season&TeamId=1611661330,200,116,01:54,"Jones 3' Driving Layup (5 PTS)
",1,1,0,0,2024-09-17,1022400232,0,0,CHI,2,0,15,02:06,Off FT Make,0,"[{""description"": ""Jones 3' Driving Layup (5 PTS)"", ""url"": ""https://videos.nba.com/wnba/pbp/media/2024/09/17/1022400232/228/6052eb8a-298a-21ba-9f63-10ad667d2648_960x540.mp4""}]",False,possessions,4Q/OT | margin -3..3 | 300..120,team
wnba,wnba_shot_pace,shot_pace,possessions,get-possessions,2024,Regular Season,team,"{'OffDef': 'Offense', 'FilterComparison': 'Exactly', 'FilterEvent': 'OnFloor', 'FilterValue': 5, 'StartType': 'All', 'Season': '2024', 'SeasonType': 'Regular Season', 'TeamId': '1611661330'}",shot_pace,1611661330,4Q/OT | margin -3..3 | 300..120,get-possessions__possessions__off_def-Offense__filter_comparison-Exactly__filter_event-OnFloor__filter_value-5__start_type-All__season-2024__season_type-Regular_Season__team_id-1611661330__d64e970c,get-possessions,https://api.pbpstats.com/get-possessions/wnba?OffDef=Offense&FilterComparison=Exactly&FilterEvent=OnFloor&FilterValue=5&StartType=All&Season=2024&SeasonType=Regular+Season&TeamId=1611661330,200,117,02:13,"Hillmon Out of Bounds - Bad Pass Turnover Turnover (P1.T5)
",0,0,0,0,2024-09-17,1022400232,0,0,CHI,2,0,17,02:14,Off Short Mid-Range Miss,1,"[{""description"": ""Hillmon Out of Bounds - Bad Pass Turnover Turnover (P1.T5)"", ""url"": ""https://videos.nba.com/wnba/pbp/media/2024/09/17/1022400232/221/ce09b45a-b233-55e5-8e1a-42b2cc5055ee_960x540.mp4""}]",False,possessions,4Q/OT | margin -3..3 | 300..120,team
wnba,wnba_shot_pace,shot_pace,possessions,get-possessions,2024,Regular Season,team,"{'OffDef': 'Offense', 'FilterComparison': 'Exactly', 'FilterEvent': 'OnFloor', 'FilterValue': 5, 'StartType': 'All', 'Season': '2024', 'SeasonType': 'Regular Season', 'TeamId': '1611661330'}",shot_pace,1611661330,4Q/OT | margin -3..3 | 300..120,get-possessions__possessions__off_def-Offense__filter_comparison-Exactly__filter_event-OnFloor__filter_value-5__start_type-All__season-2024__season_type-Regular_Season__team_id-1611661330__d64e970c,get-possessions,https://api.pbpstats.com/get-possessions/wnba?OffDef=Offense&FilterComparison=Exactly&FilterEvent=OnFloor&FilterValue=5&StartType=All&Season=2024&SeasonType=Regular+Season&TeamId=1611661330,200,118,02:44,"Howard 1' Running Layup (6 PTS) (Jones 1 AST)
",1,1,0,0,2024-09-17,1022400232,0,0,CHI,2,0,15,02:48,Off FT Miss,0,"[{""description"": ""Howard 1' Running Layup (6 PTS) (Jones 1 AST)"", ""url"": ""https://videos.nba.com/wnba/pbp/media/2024/09/17/1022400232/217/a17a6ca7-f9ee-29c8-9a7f-31e2def7595e_960x540.mp4""}]",False,possessions,4Q/OT | margin -3..3 | 300..120,team
wnba,wnba_shot_pace,shot_pace,possessions,get-possessions,2024,Regular Season,team,"{'OffDef': 'Offense', 'FilterComparison': 'Exactly', 'FilterEvent': 'OnFloor', 'FilterValue': 5, 'StartType': 'All', 'Season': '2024', 'SeasonType': 'Regular Season', 'TeamId': '1611661330'}",shot_pace,1611661330,4Q/OT | margin -3..3 | 300..120,get-possessions__possessions__off_def-Offense__filter_comparison-Exactly__filter_event-OnFloor__filter_value-5__start_type-All__season-2024__season_type-Regular_Season__team_id-1611661330__d64e970c,get-possessions,https://api.pbpstats.com/get-possessions/wnba?OffDef=Offense&FilterComparison=Exactly&FilterEvent=OnFloor&FilterValue=5&StartType=All&Season=2024&SeasonType=Regular+Season&TeamId=1611661330,200,119,03:08,"MISS Gray 1' Running Layup
Charles REBOUND (Off:1 Def:7)
MISS Charles 1' Putback Layup
Gray REBOUND (Off:1 Def:1)
Gray 1' Putback Layup (5 PTS)
",3,1,0,0,2024-09-17,1022400232,0,2,CHI,2,0,15,03:22,Off Steal,0,"[{""description"": ""MISS Gray 1' Running Layup"", ""url"": ""https://videos.nba.com/wnba/pbp/media/2024/09/17/1022400232/201/c8d977ed-9e43-2668-2148-9160f77e8fa5_960x540.mp4""}, {""description"": ""Charles REBOUND (Off:1 Def:7)"", ""url"": ""https://videos.nba.com/wnba/pbp/media/2024/09/17/1022400232/202/8b1c1f66-14f9-36a1-2045-5d5df1619051_960x540.mp4""}, {""description"": ""MISS Charles 1' Putback Layup"", ""url"": ""https://videos.nba.com/wnba/pbp/media/2024/09/17/1022400232/203/55cfbfa6-6e73-c086-6e8b-75931c49f8fc_960x540.mp4""}, {""description"": ""Gray REBOUND (Off:1 Def:1)"", ""url"": ""https://videos.nba.com/wnba/pbp/media/2024/09/17/1022400232/204/e9fb549b-7179-c8d4-f540-22f8b4b628d5_960x540.mp4""}, {""description"": ""Gray 1' Putback Layup (5 PTS)"", ""url"": ""https://videos.nba.com/wnba/pbp/media/2024/09/17/1022400232/205/650c83c8-4105-1136-215d-40c114885366_960x540.mp4""}]",False,possessions,4Q/OT | margin -3..3 | 300..120,team
wnba,wnba_shot_pace,shot_pace,possessions,get-possessions,2024,Regular Season,team,"{'OffDef': 'Offense', 'FilterComparison': 'Exactly', 'FilterEvent': 'OnFloor', 'FilterValue': 5, 'StartType': 'All', 'Season': '2024', 'SeasonType': 'Regular Season', 'TeamId': '1611661330'}",shot_pace,1611661330,4Q/OT | margin -3..3 | 300..120,get-possessions__possessions__off_def-Offense__filter_comparison-Exactly__filter_event-OnFloor__filter_value-5__start_type-All__season-2024__season_type-Regular_Season__team_id-1611661330__d64e970c,get-possessions,https://api.pbpstats.com/get-possessions/wnba?OffDef=Offense&FilterComparison=Exactly&FilterEvent=OnFloor&FilterValue=5&StartType=All&Season=2024&SeasonType=Regular+Season&TeamId=1611661330,200,120,03:45,"Turner S.FOUL (P3.T4)
Gray Free Throw 1 of 2 (2 PTS)
Gray Free Throw 2 of 2 (3 PTS)
",0,0,0,0,2024-09-17,1022400232,0,0,CHI,2,1,13,03:59,Off Arc 3 Miss,0,"[{""description"": ""Turner S.FOUL (P3.T4)"", ""url"": """"}, {""description"": ""Gray Free Throw 1 of 2 (2 PTS)"", ""url"": """"}, {""description"": ""Gray Free Throw 2 of 2 (3 PTS)"", ""url"": """"}]",False,possessions,4Q/OT | margin -3..3 | 300..120,team
wnba,wnba_shot_pace,shot_pace,possessions,get-possessions,2024,Regular Season,team,"{'OffDef': 'Offense', 'FilterComparison': 'Exactly', 'FilterEvent': 'OnFloor', 'FilterValue': 5, 'StartType': 'All', 'Season': '2024', 'SeasonType': 'Regular Season', 'TeamId': '1611661330'}",shot_pace,1611661330,4Q/OT | margin -3..3 | 300..120,get-possessions__possessions__off_def-Offense__filter_comparison-Exactly__filter_event-OnFloor__filter_value-5__start_type-All__season-2024__season_type-Regular_Season__team_id-1611661330__d64e970c,get-possessions,https://api.pbpstats.com/get-possessions/wnba?OffDef=Offense&FilterComparison=Exactly&FilterEvent=OnFloor&FilterValue=5&StartType=All&Season=2024&SeasonType=Regular+Season&TeamId=1611661330,200,121,04:09,"MISS Charles 14' Turnaround Jump Shot
Allen REBOUND (Off:1 Def:1)
",1,0,0,0,2024-09-17,1022400232,0,0,CHI,2,0,13,04:23,Off Short Mid-Range Miss,0,"[{""description"": ""MISS Charles 14' Turnaround Jump Shot"", ""url"": ""https://videos.nba.com/wnba/pbp/media/2024/09/17/1022400232/187/0242f962-bbdd-e28b-a362-a9f047eb972a_960x540.mp4""}, {""description"": ""Allen REBOUND (Off:1 Def:1)"", ""url"": ""https://videos.nba.com/wnba/pbp/media/2024/09/17/1022400232/188/392f5720-459c-ecb8-fe5f-d3b20f4552b4_960x540.mp4""}]",False,possessions,4Q/OT | margin -3..3 | 300..120,team
wnba,wnba_shot_pace,shot_pace,possessions,get-possessions,2024,Regular Season,team,"{'OffDef': 'Offense', 'FilterComparison': 'Exactly', 'FilterEvent': 'OnFloor', 'FilterValue': 5, 'StartType': 'All', 'Season': '2024', 'SeasonType': 'Regular Season', 'TeamId': '1611661330'}",shot_pace,1611661330,4Q/OT | margin -3..3 | 300..120,get-possessions__possessions__off_def-Offense__filter_comparison-Exactly__filter_event-OnFloor__filter_value-5__start_type-All__season-2024__season_type-Regular_Season__team_id-1611661330__d64e970c,get-possessions,https://api.pbpstats.com/get-possessions/wnba?OffDef=Offense&FilterComparison=Exactly&FilterEvent=OnFloor&FilterValue=5&StartType=All&Season=2024&SeasonType=Regular+Season&TeamId=1611661330,200,122,04:53,"MISS Hillmon 19' Jump Shot
DREAM Rebound
Allen L.B.FOUL (P2.T3)
Charles 5' Hook Shot (6 PTS) (Hillmon 1 AST)
",2,1,0,0,2024-09-17,1022400232,0,1,CHI,2,0,11,05:13,Off Short Mid-Range Make,0,"[{""description"": ""MISS Hillmon 19' Jump Shot"", ""url"": ""https://videos.nba.com/wnba/pbp/media/2024/09/17/1022400232/179/89c16f07-1fbf-4d3c-31d2-1e928da7ed0d_960x540.mp4""}, {""description"": ""DREAM Rebound"", ""url"": """"}, {""description"": ""Allen L.B.FOUL (P2.T3)"", ""url"": """"}, {""description"": ""Charles 5' Hook Shot (6 PTS) (Hillmon 1 AST)"", ""url"": ""https://videos.nba.com/wnba/pbp/media/2024/09/17/1022400232/183/c5977742-c620-1238-1c18-5556488e4dab_960x540.mp4""}]",False,possessions,4Q/OT | margin -3..3 | 300..120,team
wnba,wnba_shot_pace,shot_pace,possessions,get-possessions,2024,Regular Season,team,"{'OffDef': 'Offense', 'FilterComparison': 'Exactly', 'FilterEvent': 'OnFloor', 'FilterValue': 5, 'StartType': 'All', 'Season': '2024', 'SeasonType': 'Regular Season', 'TeamId': '1611661330'}",shot_pace,1611661330,4Q/OT | margin -3..3 | 300..120,get-possessions__possessions__off_def-Offense__filter_comparison-Exactly__filter_event-OnFloor__filter_value-5__start_type-All__season-2024__season_type-Regular_Season__team_id-1611661330__d64e970c,get-possessions,https://api.pbpstats.com/get-possessions/wnba?OffDef=Offense&FilterComparison=Exactly&FilterEvent=OnFloor&FilterValue=5&StartType=All&Season=2024&SeasonType=Regular+Season&TeamId=1611661330,200,123,05:18,"MISS Gray 3PT Jump Shot
Turner REBOUND (Off:0 Def:7)
",0,0,1,0,2024-09-17,1022400232,0,0,CHI,2,0,13,05:37,Off Long Mid-Range Make,0,"[{""description"": ""MISS Gray 3PT Jump Shot"", ""url"": ""https://videos.nba.com/wnba/pbp/media/2024/09/17/1022400232/176/2b2cda1f-e106-105f-d856-837e1f732369_960x540.mp4""}, {""description"": ""Turner REBOUND (Off:0 Def:7)"", ""url"": ""https://videos.nba.com/wnba/pbp/media/2024/09/17/1022400232/177/6bd72387-761b-223d-cc17-adb47f87e3ad_960x540.mp4""}]",False,possessions,4Q/OT | margin -3..3 | 300..120,team
wnba,wnba_shot_pace,shot_pace,possessions,get-possessions,2024,Regular Season,team,"{'OffDef': 'Offense', 'FilterComparison': 'Exactly', 'FilterEvent': 'OnFloor', 'FilterValue': 5, 'StartType': 'All', 'Season': '2024', 'SeasonType': 'Regular Season', 'TeamId': '1611661330'}",shot_pace,1611661330,4Q/OT | margin -3..3 | 300..120,get-possessions__possessions__off_def-Offense__filter_comparison-Exactly__filter_event-OnFloor__filter_value-5__start_type-All__season-2024__season_type-Regular_Season__team_id-1611661330__d64e970c,get-possessions,https://api.pbpstats.com/get-possessions/wnba?OffDef=Offense&FilterComparison=Exactly&FilterEvent=OnFloor&FilterValue=5&StartType=All&Season=2024&SeasonType=Regular+Season&TeamId=1611661330,200,124,05:58,"Canada 6' Driving Floating Jump Shot (8 PTS)
",1,1,0,0,2024-09-17,1022400232,0,0,CHI,2,0,13,06:04,Off At Rim Miss,0,"[{""description"": ""Canada 6' Driving Floating Jump Shot (8 PTS)"", ""url"": ""https://videos.nba.com/wnba/pbp/media/2024/09/17/1022400232/168/0fdf954d-5276-4dbb-61e1-ffb9f7dd2baf_960x540.mp4""}]",False,possessions,4Q/OT | margin -3..3 | 300..120,team
wnba,wnba_shot_pace,shot_pace,possessions,get-possessions,2024,Regular Season,team,"{'OffDef': 'Offense', 'FilterComparison': 'Exactly', 'FilterEvent': 'OnFloor', 'FilterValue': 5, 'StartType': 'All', 'Season': '2024', 'SeasonType': 'Regular Season', 'TeamId': '1611661330'}",shot_pace,1611661330,4Q/OT | margin -3..3 | 300..120,get-possessions__possessions__off_def-Offense__filter_comparison-Exactly__filter_event-OnFloor__filter_value-5__start_type-All__season-2024__season_type-Regular_Season__team_id-1611661330__d64e970c,get-possessions,https://api.pbpstats.com/get-possessions/wnba?OffDef=Offense&FilterComparison=Exactly&FilterEvent=OnFloor&FilterValue=5&StartType=All&Season=2024&SeasonType=Regular+Season&TeamId=1611661330,200,125,06:30,"Charles 5' Turnaround Hook Shot (4 PTS)
",1,1,0,0,2024-09-17,1022400232,0,0,CHI,2,0,11,06:36,Off Steal,0,"[{""description"": ""Charles 5' Turnaround Hook Shot (4 PTS)"", ""url"": ""https://videos.nba.com/wnba/pbp/media/2024/09/17/1022400232/162/32acd017-05f1-44ba-1d75-582a58d98456_960x540.mp4""}]",False,possessions,4Q/OT | margin -3..3 | 300..120,team
wnba,wnba_shot_pace,shot_pace,possessions,get-possessions,2024,Regular Season,team,"{'OffDef': 'Offense', 'FilterComparison': 'Exactly', 'FilterEvent': 'OnFloor', 'FilterValue': 5, 'StartType': 'All', 'Season': '2024', 'SeasonType': 'Regular Season', 'TeamId': '1611661330'}",shot_pace,1611661330,4Q/OT | margin -3..3 | 300..120,get-possessions__possessions__off_def-Offense__filter_comparison-Exactly__filter_event-OnFloor__filter_value-5__start_type-All__season-2024__season_type-Regular_Season__team_id-1611661330__d64e970c,get-possessions,https://api.pbpstats.com/get-possessions/wnba?OffDef=Offense&FilterComparison=Exactly&FilterEvent=OnFloor&FilterValue=5&StartType=All&Season=2024&SeasonType=Regular+Season&TeamId=1611661330,200,126,07:03,"Coffey 3' Cutting Layup Shot (4 PTS) (Charles 1 AST)
",1,1,0,0,2024-09-17,1022400232,0,0,CHI,2,0,10,07:16,Off Short Mid-Range Miss,0,"[{""description"": ""Coffey 3' Cutting Layup Shot (4 PTS) (Charles 1 AST)"", ""url"": ""https://videos.nba.com/wnba/pbp/media/2024/09/17/1022400232/151/bd1a28d7-39d2-653a-cc6a-6ad716f3e980_960x540.mp4""}]",False,possessions,4Q/OT | margin -3..3 | 300..120,team
wnba,wnba_shot_pace,shot_pace,possessions,get-possessions,2024,Regular Season,team,"{'OffDef': 'Offense', 'FilterComparison': 'Exactly', 'FilterEvent': 'OnFloor', 'FilterValue': 5, 'StartType': 'All', 'Season': '2024', 'SeasonType': 'Regular Season', 'TeamId': '1611661330'}",shot_pace,1611661330,4Q/OT | margin -3..3 | 300..120,get-possessions__possessions__off_def-Offense__filter_comparison-Exactly__filter_event-OnFloor__filter_value-5__start_type-All__season-2024__season_type-Regular_Season__team_id-1611661330__d64e970c,get-possessions,https://api.pbpstats.com/get-possessions/wnba?OffDef=Offense&FilterComparison=Exactly&FilterEvent=OnFloor&FilterValue=5&StartType=All&Season=2024&SeasonType=Regular+Season&TeamId=1611661330,200,127,07:40,"Charles Offensive Charge Foul (P1)
Charles Offensive Foul Turnover (P1.T4)
",0,0,0,0,2024-09-17,1022400232,0,0,CHI,2,0,10,07:45,Off Arc 3 Miss,1,"[{""description"": ""Charles Offensive Charge Foul (P1)"", ""url"": """"}, {""description"": ""Charles Offensive Foul Turnover (P1.T4)"", ""url"": ""https://videos.nba.com/wnba/pbp/media/2024/09/17/1022400232/146/0a729c68-fa87-9e79-9bda-a7f624c2e74c_960x540.mp4""}]",False,possessions,4Q/OT | margin -3..3 | 300..120,team
wnba,wnba_shot_pace,shot_pace,possessions,get-possessions,2024,Regular Season,team,"{'OffDef': 'Offense', 'FilterComparison': 'Exactly', 'FilterEvent': 'OnFloor', 'FilterValue': 5, 'StartType': 'All', 'Season': '2024', 'SeasonType': 'Regular Season', 'TeamId': '1611661330'}",shot_pace,1611661330,4Q/OT | margin -3..3 | 300..120,get-possessions__possessions__off_def-Offense__filter_comparison-Exactly__filter_event-OnFloor__filter_value-5__start_type-All__season-2024__season_type-Regular_Season__team_id-1611661330__d64e970c,get-possessions,https://api.pbpstats.com/get-possessions/wnba?OffDef=Offense&FilterComparison=Exactly&FilterEvent=OnFloor&FilterValue=5&StartType=All&Season=2024&SeasonType=Regular+Season&TeamId=1611661330,200,128,08:06,"Evans P.FOUL (P1.T2)
Coffey 3 Second Violation Turnover (P1.T3)
",0,0,0,0,2024-09-17,1022400232,0,0,CHI,2,0,10,08:30,Off At Rim Make,1,"[{""description"": ""Evans P.FOUL (P1.T2)"", ""url"": """"}, {""description"": ""Coffey 3 Second Violation Turnover (P1.T3)"", ""url"": ""https://videos.nba.com/wnba/pbp/media/2024/09/17/1022400232/141/80e331f9-ac51-6c0f-b1ee-a91f04a87512_960x540.mp4""}]",False,possessions,4Q/OT | margin -3..3 | 300..120,team
wnba,wnba_shot_pace,shot_pace,possessions,get-possessions,2024,Regular Season,team,"{'OffDef': 'Offense', 'FilterComparison': 'Exactly', 'FilterEvent': 'OnFloor', 'FilterValue': 5, 'StartType': 'All', 'Season': '2024', 'SeasonType': 'Regular Season', 'TeamId': '1611661330'}",shot_pace,1611661330,4Q/OT | margin -3..3 | 300..120,get-possessions__possessions__off_def-Offense__filter_comparison-Exactly__filter_event-OnFloor__filter_value-5__start_type-All__season-2024__season_type-Regular_Season__team_id-1611661330__d64e970c,get-possessions,https://api.pbpstats.com/get-possessions/wnba?OffDef=Offense&FilterComparison=Exactly&FilterEvent=OnFloor&FilterValue=5&StartType=All&Season=2024&SeasonType=Regular+Season&TeamId=1611661330,200,129,08:34,"MISS Gray 2' Running Layup
Onyenwere REBOUND (Off:0 Def:1)
",1,0,0,0,2024-09-17,1022400232,0,0,CHI,2,0,12,08:40,Off Short Mid-Range Miss,0,"[{""description"": ""MISS Gray 2' Running Layup"", ""url"": ""https://videos.nba.com/wnba/pbp/media/2024/09/17/1022400232/134/682e6a05-4508-1cd3-e99d-ce74c3ea5781_960x540.mp4""}, {""description"": ""Onyenwere REBOUND (Off:0 Def:1)"", ""url"": ""https://videos.nba.com/wnba/pbp/media/2024/09/17/1022400232/135/2c1ad2dc-e27a-5ce2-e641-1314a07ed9f4_960x540.mp4""}]",False,possessions,4Q/OT | margin -3..3 | 300..120,team
wnba,wnba_shot_pace,shot_pace,possessions,get-possessions,2024,Regular Season,team,"{'OffDef': 'Offense', 'FilterComparison': 'Exactly', 'FilterEvent': 'OnFloor', 'FilterValue': 5, 'StartType': 'All', 'Season': '2024', 'SeasonType': 'Regular Season', 'TeamId': '1611661330'}",shot_pace,1611661330,4Q/OT | margin -3..3 | 300..120,get-possessions__possessions__off_def-Offense__filter_comparison-Exactly__filter_event-OnFloor__filter_value-5__start_type-All__season-2024__season_type-Regular_Season__team_id-1611661330__d64e970c,get-possessions,https://api.pbpstats.com/get-possessions/wnba?OffDef=Offense&FilterComparison=Exactly&FilterEvent=OnFloor&FilterValue=5&StartType=All&Season=2024&SeasonType=Regular+Season&TeamId=1611661330,200,130,09:04,"Coffey 8' Jump Shot (2 PTS) (Canada 2 AST)
",1,1,0,0,2024-09-17,1022400232,0,0,CHI,2,0,10,09:15,Off Short Mid-Range Miss,0,"[{""description"": ""Coffey 8' Jump Shot (2 PTS) (Canada 2 AST)"", ""url"": ""https://videos.nba.com/wnba/pbp/media/2024/09/17/1022400232/130/82ff48dd-7cfc-1fed-642f-dabedb31fa50_960x540.mp4""}]",False,possessions,4Q/OT | margin -3..3 | 300..120,team
wnba,wnba_shot_pace,shot_pace,possessions,get-possessions,2024,Regular Season,team,"{'OffDef': 'Offense', 'FilterComparison': 'Exactly', 'FilterEvent': 'OnFloor', 'FilterValue': 5, 'StartType': 'All', 'Season': '2024', 'SeasonType': 'Regular Season', 'TeamId': '1611661330'}",shot_pace,1611661330,4Q/OT | margin -3..3 | 300..120,get-possessions__possessions__off_def-Offense__filter_comparison-Exactly__filter_event-OnFloor__filter_value-5__start_type-All__season-2024__season_type-Regular_Season__team_id-1611661330__d64e970c,get-possessions,https://api.pbpstats.com/get-possessions/wnba?OffDef=Offense&FilterComparison=Exactly&FilterEvent=OnFloor&FilterValue=5&StartType=All&Season=2024&SeasonType=Regular+Season&TeamId=1611661330,200,131,09:45,"Banham S.FOUL (P2.T1)
Charles Free Throw 1 of 2 (1 PTS)
Charles Free Throw 2 of 2 (2 PTS)
",0,0,0,0,2024-09-17,1022400232,0,0,CHI,2,1,8,10:00,Off Dead Ball,0,"[{""description"": ""Banham S.FOUL (P2.T1)"", ""url"": """"}, {""description"": ""Charles Free Throw 1 of 2 (1 PTS)"", ""url"": """"}, {""description"": ""Charles Free Throw 2 of 2 (2 PTS)"", ""url"": """"}]",False,possessions,4Q/OT | margin -3..3 | 300..120,team
wnba,wnba_shot_pace,shot_pace,possessions,get-possessions,2024,Regular Season,team,"{'OffDef': 'Offense', 'FilterComparison': 'Exactly', 'FilterEvent': 'OnFloor', 'FilterValue': 5, 'StartType': 'All', 'Season': '2024', 'SeasonType': 'Regular Season', 'TeamId': '1611661330'}",shot_pace,1611661330,4Q/OT | margin -3..3 | 300..120,get-possessions__possessions__off_def-Offense__filter_comparison-Exactly__filter_event-OnFloor__filter_value-5__start_type-All__season-2024__season_type-Regular_Season__team_id-1611661330__d64e970c,get-possessions,https://api.pbpstats.com/get-possessions/wnba?OffDef=Offense&FilterComparison=Exactly&FilterEvent=OnFloor&FilterValue=5&StartType=All&Season=2024&SeasonType=Regular+Season&TeamId=1611661330,200,132,00:03,"Turner S.FOUL (P2.PN)
Howard Free Throw 1 of 2 (3 PTS)
Howard Free Throw 2 of 2 (4 PTS)
",0,0,0,0,2024-09-17,1022400232,0,0,CHI,1,1,6,00:14,Off Corner 3 Miss,0,"[{""description"": ""Turner S.FOUL (P2.PN)"", ""url"": """"}, {""description"": ""Howard Free Throw 1 of 2 (3 PTS)"", ""url"": """"}, {""description"": ""Howard Free Throw 2 of 2 (4 PTS)"", ""url"": """"}]",False,possessions,4Q/OT | margin -3..3 | 300..120,team
wnba,wnba_shot_pace,shot_pace,possessions,get-possessions,2024,Regular Season,team,"{'OffDef': 'Offense', 'FilterComparison': 'Exactly', 'FilterEvent': 'OnFloor', 'FilterValue': 5, 'StartType': 'All', 'Season': '2024', 'SeasonType': 'Regular Season', 'TeamId': '1611661330'}",shot_pace,1611661330,4Q/OT | margin -3..3 | 300..120,get-possessions__possessions__off_def-Offense__filter_comparison-Exactly__filter_event-OnFloor__filter_value-5__start_type-All__season-2024__season_type-Regular_Season__team_id-1611661330__d64e970c,get-possessions,https://api.pbpstats.com/get-possessions/wnba?OffDef=Offense&FilterComparison=Exactly&FilterEvent=OnFloor&FilterValue=5&StartType=All&Season=2024&SeasonType=Regular+Season&TeamId=1611661330,200,133,00:39,"MISS Howard 17' Jump Shot
Turner REBOUND (Off:0 Def:6)
",1,0,0,0,2024-09-17,1022400232,0,0,CHI,1,0,6,00:58,Off Dead Ball,0,"[{""description"": ""MISS Howard 17' Jump Shot"", ""url"": ""https://videos.nba.com/wnba/pbp/media/2024/09/17/1022400232/102/f363fc3e-6899-eec8-3bee-1f02fa5cc774_960x540.mp4""}, {""description"": ""Turner REBOUND (Off:0 Def:6)"", ""url"": ""https://videos.nba.com/wnba/pbp/media/2024/09/17/1022400232/103/04deae57-d1d7-a7be-90d4-d6712acdc8e0_960x540.mp4""}]",False,possessions,4Q/OT | margin -3..3 | 300..120,team
wnba,wnba_shot_pace,shot_pace,possessions,get-possessions,2024,Regular Season,team,"{'OffDef': 'Offense', 'FilterComparison': 'Exactly', 'FilterEvent': 'OnFloor', 'FilterValue': 5, 'StartType': 'All', 'Season': '2024', 'SeasonType': 'Regular Season', 'TeamId': '1611661330'}",shot_pace,1611661330,4Q/OT | margin -3..3 | 300..120,get-possessions__possessions__off_def-Offense__filter_comparison-Exactly__filter_event-OnFloor__filter_value-5__start_type-All__season-2024__season_type-Regular_Season__team_id-1611661330__d64e970c,get-possessions,https://api.pbpstats.com/get-possessions/wnba?OffDef=Offense&FilterComparison=Exactly&FilterEvent=OnFloor&FilterValue=5&StartType=All&Season=2024&SeasonType=Regular+Season&TeamId=1611661330,200,134,01:10,"Cubaj 5' Hook Shot (4 PTS)
",1,1,0,0,2024-09-17,1022400232,0,0,CHI,1,0,4,01:26,Off Arc 3 Miss,0,"[{""description"": ""Cubaj 5' Hook Shot (4 PTS)"", ""url"": ""https://videos.nba.com/wnba/pbp/media/2024/09/17/1022400232/100/a27d9bc3-0f5a-a4ca-7a65-f2bbdfc5f1de_960x540.mp4""}]",False,possessions,4Q/OT | margin -3..3 | 300..120,team
wnba,wnba_shot_pace,shot_pace,possessions,get-possessions,2024,Regular Season,team,"{'OffDef': 'Offense', 'FilterComparison': 'Exactly', 'FilterEvent': 'OnFloor', 'FilterValue': 5, 'StartType': 'All', 'Season': '2024', 'SeasonType': 'Regular Season', 'TeamId': '1611661330'}",shot_pace,1611661330,4Q/OT | margin -3..3 | 300..120,get-possessions__possessions__off_def-Offense__filter_comparison-Exactly__filter_event-OnFloor__filter_value-5__start_type-All__season-2024__season_type-Regular_Season__team_id-1611661330__d64e970c,get-possessions,https://api.pbpstats.com/get-possessions/wnba?OffDef=Offense&FilterComparison=Exactly&FilterEvent=OnFloor&FilterValue=5&StartType=All&Season=2024&SeasonType=Regular+Season&TeamId=1611661330,200,135,01:43,"Cubaj 1' Cutting Layup Shot (2 PTS) (Howard 3 AST)
",1,1,0,0,2024-09-17,1022400232,0,0,CHI,1,0,2,01:57,Off Short Mid-Range Make,0,"[{""description"": ""Cubaj 1' Cutting Layup Shot (2 PTS) (Howard 3 AST)"", ""url"": ""https://videos.nba.com/wnba/pbp/media/2024/09/17/1022400232/96/e18b69ed-831f-1ad7-f80d-b28b8aa346d7_960x540.mp4""}]",False,possessions,4Q/OT | margin -3..3 | 300..120,team
wnba,wnba_shot_pace,shot_pace,possessions,get-possessions,2024,Regular Season,team,"{'OffDef': 'Offense', 'FilterComparison': 'Exactly', 'FilterEvent': 'OnFloor', 'FilterValue': 5, 'StartType': 'All', 'Season': '2024', 'SeasonType': 'Regular Season', 'TeamId': '1611661330'}",shot_pace,1611661330,4Q/OT | margin -3..3 | 300..120,get-possessions__possessions__off_def-Offense__filter_comparison-Exactly__filter_event-OnFloor__filter_value-5__start_type-All__season-2024__season_type-Regular_Season__team_id-1611661330__d64e970c,get-possessions,https://api.pbpstats.com/get-possessions/wnba?OffDef=Offense&FilterComparison=Exactly&FilterEvent=OnFloor&FilterValue=5&StartType=All&Season=2024&SeasonType=Regular+Season&TeamId=1611661330,200,136,02:12,"Jones 1' Layup (2 PTS) (Howard 2 AST)
Harrison S.FOUL (P1.T4)
Jones Free Throw 1 of 1 (3 PTS)
",1,1,0,0,2024-09-17,1022400232,0,0,CHI,1,1,1,02:23,Off Short Mid-Range Miss,0,"[{""description"": ""Jones 1' Layup (2 PTS) (Howard 2 AST)"", ""url"": ""https://videos.nba.com/wnba/pbp/media/2024/09/17/1022400232/86/a2ff9cc9-71be-3faf-2e62-b32e42ac8e4c_960x540.mp4""}, {""description"": ""Harrison S.FOUL (P1.T4)"", ""url"": """"}, {""description"": ""Jones Free Throw 1 of 1 (3 PTS)"", ""url"": """"}]",False,possessions,4Q/OT | margin -3..3 | 300..120,team
wnba,wnba_shot_pace,shot_pace,possessions,get-possessions,2024,Regular Season,team,"{'OffDef': 'Offense', 'FilterComparison': 'Exactly', 'FilterEvent': 'OnFloor', 'FilterValue': 5, 'StartType': 'All', 'Season': '2024', 'SeasonType': 'Regular Season', 'TeamId': '1611661330'}",shot_pace,1611661330,4Q/OT | margin -3..3 | 300..120,get-possessions__possessions__off_def-Offense__filter_comparison-Exactly__filter_event-OnFloor__filter_value-5__start_type-All__season-2024__season_type-Regular_Season__team_id-1611661330__d64e970c,get-possessions,https://api.pbpstats.com/get-possessions/wnba?OffDef=Offense&FilterComparison=Exactly&FilterEvent=OnFloor&FilterValue=5&StartType=All&Season=2024&SeasonType=Regular+Season&TeamId=1611661330,200,137,02:50,"MISS Jones 3PT Jump Shot
Caldwell REBOUND (Off:1 Def:0)
Caldwell 1' Putback Layup (2 PTS)
",1,1,1,0,2024-09-17,1022400232,0,1,CHI,1,0,-1,03:04,Off Steal,0,"[{""description"": ""MISS Jones 3PT Jump Shot"", ""url"": ""https://videos.nba.com/wnba/pbp/media/2024/09/17/1022400232/81/89918837-515a-d983-fa3c-23b950cd9c90_960x540.mp4""}, {""description"": ""Caldwell REBOUND (Off:1 Def:0)"", ""url"": ""https://videos.nba.com/wnba/pbp/media/2024/09/17/1022400232/82/5dfae744-231a-e352-4d8e-28af34d6b12a_960x540.mp4""}, {""description"": ""Caldwell 1' Putback Layup (2 PTS)"", ""url"": ""https://videos.nba.com/wnba/pbp/media/2024/09/17/1022400232/83/16886bad-e0c0-17d5-a717-035b9262ac80_960x540.mp4""}]",False,possessions,4Q/OT | margin -3..3 | 300..120,team
wnba,wnba_shot_pace,shot_pace,possessions,get-possessions,2024,Regular Season,team,"{'OffDef': 'Offense', 'FilterComparison': 'Exactly', 'FilterEvent': 'OnFloor', 'FilterValue': 5, 'StartType': 'All', 'Season': '2024', 'SeasonType': 'Regular Season', 'TeamId': '1611661330'}",shot_pace,1611661330,4Q/OT | margin -3..3 | 300..120,get-possessions__possessions__off_def-Offense__filter_comparison-Exactly__filter_event-OnFloor__filter_value-5__start_type-All__season-2024__season_type-Regular_Season__team_id-1611661330__d64e970c,get-possessions,https://api.pbpstats.com/get-possessions/wnba?OffDef=Offense&FilterComparison=Exactly&FilterEvent=OnFloor&FilterValue=5&StartType=All&Season=2024&SeasonType=Regular+Season&TeamId=1611661330,200,138,03:05,"MISS Howard 13' Pullup Jump Shot
Evans REBOUND (Off:0 Def:1)
",1,0,0,0,2024-09-17,1022400232,0,0,CHI,1,0,-1,03:28,Off Short Mid-Range Make,0,"[{""description"": ""MISS Howard 13' Pullup Jump Shot"", ""url"": ""https://videos.nba.com/wnba/pbp/media/2024/09/17/1022400232/72/ca51350c-eb85-4a96-094b-893faddebb92_960x540.mp4""}, {""description"": ""Evans REBOUND (Off:0 Def:1)"", ""url"": ""https://videos.nba.com/wnba/pbp/media/2024/09/17/1022400232/73/39b2e836-55dc-8084-40ab-d99f0630c060_960x540.mp4""}]",False,possessions,4Q/OT | margin -3..3 | 300..120,team
wnba,wnba_shot_pace,shot_pace,possessions,get-possessions,2024,Regular Season,team,"{'OffDef': 'Offense', 'FilterComparison': 'Exactly', 'FilterEvent': 'OnFloor', 'FilterValue': 5, 'StartType': 'All', 'Season': '2024', 'SeasonType': 'Regular Season', 'TeamId': '1611661330'}",shot_pace,1611661330,4Q/OT | margin -3..3 | 300..120,get-possessions__possessions__off_def-Offense__filter_comparison-Exactly__filter_event-OnFloor__filter_value-5__start_type-All__season-2024__season_type-Regular_Season__team_id-1611661330__d64e970c,get-possessions,https://api.pbpstats.com/get-possessions/wnba?OffDef=Offense&FilterComparison=Exactly&FilterEvent=OnFloor&FilterValue=5&StartType=All&Season=2024&SeasonType=Regular+Season&TeamId=1611661330,200,139,03:43,"MISS Gray 15' Jump Shot
Turner REBOUND (Off:0 Def:5)
",1,0,0,0,2024-09-17,1022400232,0,0,CHI,1,0,1,04:11,Off Timeout,0,"[{""description"": ""MISS Gray 15' Jump Shot"", ""url"": ""https://videos.nba.com/wnba/pbp/media/2024/09/17/1022400232/68/36cfb7bb-d3e0-34f0-3b36-42191d5d4c2f_960x540.mp4""}, {""description"": ""Turner REBOUND (Off:0 Def:5)"", ""url"": ""https://videos.nba.com/wnba/pbp/media/2024/09/17/1022400232/69/00af3dac-78b3-6de7-b62c-68a0052120f2_960x540.mp4""}]",False,possessions,4Q/OT | margin -3..3 | 300..120,team
wnba,wnba_shot_pace,shot_pace,possessions,get-possessions,2024,Regular Season,team,"{'OffDef': 'Offense', 'FilterComparison': 'Exactly', 'FilterEvent': 'OnFloor', 'FilterValue': 5, 'StartType': 'All', 'Season': '2024', 'SeasonType': 'Regular Season', 'TeamId': '1611661330'}",shot_pace,1611661330,4Q/OT | margin -3..3 | 300..120,get-possessions__possessions__off_def-Offense__filter_comparison-Exactly__filter_event-OnFloor__filter_value-5__start_type-All__season-2024__season_type-Regular_Season__team_id-1611661330__d64e970c,get-possessions,https://api.pbpstats.com/get-possessions/wnba?OffDef=Offense&FilterComparison=Exactly&FilterEvent=OnFloor&FilterValue=5&StartType=All&Season=2024&SeasonType=Regular+Season&TeamId=1611661330,200,140,04:32,"MISS Howard 3PT Jump Shot
Turner REBOUND (Off:0 Def:4)
",0,0,1,0,2024-09-17,1022400232,0,0,CHI,1,0,1,04:48,Off Short Mid-Range Miss,0,"[{""description"": ""MISS Howard 3PT Jump Shot"", ""url"": ""https://videos.nba.com/wnba/pbp/media/2024/09/17/1022400232/57/c2f6be49-47b8-2db1-c6aa-52976c73db18_960x540.mp4""}, {""description"": ""Turner REBOUND (Off:0 Def:4)"", ""url"": ""https://videos.nba.com/wnba/pbp/media/2024/09/17/1022400232/58/063b653a-e524-6165-96fa-1169a7d3e9ba_960x540.mp4""}]",False,possessions,4Q/OT | margin -3..3 | 300..120,team
wnba,wnba_shot_pace,shot_pace,possessions,get-possessions,2024,Regular Season,team,"{'OffDef': 'Offense', 'FilterComparison': 'Exactly', 'FilterEvent': 'OnFloor', 'FilterValue': 5, 'StartType': 'All', 'Season': '2024', 'SeasonType': 'Regular Season', 'TeamId': '1611661330'}",shot_pace,1611661330,4Q/OT | margin -3..3 | 300..120,get-possessions__possessions__off_def-Offense__filter_comparison-Exactly__filter_event-OnFloor__filter_value-5__start_type-All__season-2024__season_type-Regular_Season__team_id-1611661330__d64e970c,get-possessions,https://api.pbpstats.com/get-possessions/wnba?OffDef=Offense&FilterComparison=Exactly&FilterEvent=OnFloor&FilterValue=5&StartType=All&Season=2024&SeasonType=Regular+Season&TeamId=1611661330,200,141,05:03,"MISS Howard 3PT Jump Shot
Turner REBOUND (Off:0 Def:3)
",0,0,1,0,2024-09-17,1022400232,0,0,CHI,1,0,1,05:20,Off Short Mid-Range Miss,0,"[{""description"": ""MISS Howard 3PT Jump Shot"", ""url"": ""https://videos.nba.com/wnba/pbp/media/2024/09/17/1022400232/53/0ed6947e-4b1d-2e3c-e0a0-c855e3328d14_960x540.mp4""}, {""description"": ""Turner REBOUND (Off:0 Def:3)"", ""url"": ""https://videos.nba.com/wnba/pbp/media/2024/09/17/1022400232/54/1360d698-7951-753c-b589-250619d314e3_960x540.mp4""}]",False,possessions,4Q/OT | margin -3..3 | 300..120,team
wnba,wnba_shot_pace,shot_pace,possessions,get-possessions,2024,Regular Season,team,"{'OffDef': 'Offense', 'FilterComparison': 'Exactly', 'FilterEvent': 'OnFloor', 'FilterValue': 5, 'StartType': 'All', 'Season': '2024', 'SeasonType': 'Regular Season', 'TeamId': '1611661330'}",shot_pace,1611661330,4Q/OT | margin -3..3 | 300..120,get-possessions__possessions__off_def-Offense__filter_comparison-Exactly__filter_event-OnFloor__filter_value-5__start_type-All__season-2024__season_type-Regular_Season__team_id-1611661330__d64e970c,get-possessions,https://api.pbpstats.com/get-possessions/wnba?OffDef=Offense&FilterComparison=Exactly&FilterEvent=OnFloor&FilterValue=5&StartType=All&Season=2024&SeasonType=Regular+Season&TeamId=1611661330,200,142,05:44,"Howard 14' Turnaround Jump Shot (2 PTS)
",1,1,0,0,2024-09-17,1022400232,0,0,CHI,1,0,-1,05:51,Off Short Mid-Range Miss,0,"[{""description"": ""Howard 14' Turnaround Jump Shot (2 PTS)"", ""url"": ""https://videos.nba.com/wnba/pbp/media/2024/09/17/1022400232/50/4f96a163-0e38-6a73-861b-91cb8f5d2c7d_960x540.mp4""}]",False,possessions,4Q/OT | margin -3..3 | 300..120,team
wnba,wnba_shot_pace,shot_pace,possessions,get-possessions,2024,Regular Season,team,"{'OffDef': 'Offense', 'FilterComparison': 'Exactly', 'FilterEvent': 'OnFloor', 'FilterValue': 5, 'StartType': 'All', 'Season': '2024', 'SeasonType': 'Regular Season', 'TeamId': '1611661330'}",shot_pace,1611661330,4Q/OT | margin -3..3 | 300..120,get-possessions__possessions__off_def-Offense__filter_comparison-Exactly__filter_event-OnFloor__filter_value-5__start_type-All__season-2024__season_type-Regular_Season__team_id-1611661330__d64e970c,get-possessions,https://api.pbpstats.com/get-possessions/wnba?OffDef=Offense&FilterComparison=Exactly&FilterEvent=OnFloor&FilterValue=5&StartType=All&Season=2024&SeasonType=Regular+Season&TeamId=1611661330,200,143,06:12,"Gray Bad Pass Turnover (P1.T2): Turner STEAL (1 STL)
",0,0,0,0,2024-09-17,1022400232,0,0,CHI,1,0,-1,06:25,Off At Rim Make,1,"[{""description"": ""Gray Bad Pass Turnover (P1.T2): Turner STEAL (1 STL)"", ""url"": ""https://videos.nba.com/wnba/pbp/media/2024/09/17/1022400232/46/87120a9d-24ce-edd5-717a-1388aa265594_960x540.mp4""}]",False,possessions,4Q/OT | margin -3..3 | 300..120,team
wnba,wnba_shot_pace,shot_pace,possessions,get-possessions,2024,Regular Season,team,"{'OffDef': 'Offense', 'FilterComparison': 'Exactly', 'FilterEvent': 'OnFloor', 'FilterValue': 5, 'StartType': 'All', 'Season': '2024', 'SeasonType': 'Regular Season', 'TeamId': '1611661330'}",shot_pace,1611661330,4Q/OT | margin -3..3 | 300..120,get-possessions__possessions__off_def-Offense__filter_comparison-Exactly__filter_event-OnFloor__filter_value-5__start_type-All__season-2024__season_type-Regular_Season__team_id-1611661330__d64e970c,get-possessions,https://api.pbpstats.com/get-possessions/wnba?OffDef=Offense&FilterComparison=Exactly&FilterEvent=OnFloor&FilterValue=5&StartType=All&Season=2024&SeasonType=Regular+Season&TeamId=1611661330,200,144,06:41,"Banham S.FOUL (P1.T3)
Gray Free Throw 1 of 3 (1 PTS)
MISS Gray Free Throw 2 of 3
DREAM Rebound
MISS Gray Free Throw 3 of 3
Turner REBOUND (Off:0 Def:2)
",0,0,0,0,2024-09-17,1022400232,0,0,CHI,1,1,0,06:58,Off At Rim Miss,0,"[{""description"": ""Banham S.FOUL (P1.T3)"", ""url"": """"}, {""description"": ""Gray Free Throw 1 of 3 (1 PTS)"", ""url"": """"}, {""description"": ""MISS Gray Free Throw 2 of 3"", ""url"": """"}, {""description"": ""DREAM Rebound"", ""url"": """"}, {""description"": ""MISS Gray Free Throw 3 of 3"", ""url"": """"}, {""description"": ""Turner REBOUND (Off:0 Def:2)"", ""url"": ""https://videos.nba.com/wnba/pbp/media/2024/09/17/1022400232/41/0d96f930-e5ee-b7aa-509d-b50d7189e75e_960x540.mp4""}]",False,possessions,4Q/OT | margin -3..3 | 300..120,team
wnba,wnba_shot_pace,shot_pace,possessions,get-possessions,2024,Regular Season,team,"{'OffDef': 'Offense', 'FilterComparison': 'Exactly', 'FilterEvent': 'OnFloor', 'FilterValue': 5, 'StartType': 'All', 'Season': '2024', 'SeasonType': 'Regular Season', 'TeamId': '1611661330'}",shot_pace,1611661330,4Q/OT | margin -3..3 | 300..120,get-possessions__possessions__off_def-Offense__filter_comparison-Exactly__filter_event-OnFloor__filter_value-5__start_type-All__season-2024__season_type-Regular_Season__team_id-1611661330__d64e970c,get-possessions,https://api.pbpstats.com/get-possessions/wnba?OffDef=Offense&FilterComparison=Exactly&FilterEvent=OnFloor&FilterValue=5&StartType=All&Season=2024&SeasonType=Regular+Season&TeamId=1611661330,200,145,07:20,"Turner P.FOUL (P1.T2)
Hillmon 3' Cutting Layup Shot (2 PTS) (Canada 1 AST)
",1,1,0,0,2024-09-17,1022400232,0,0,CHI,1,0,-2,07:37,Off Short Mid-Range Make,0,"[{""description"": ""Turner P.FOUL (P1.T2)"", ""url"": """"}, {""description"": ""Hillmon 3' Cutting Layup Shot (2 PTS) (Canada 1 AST)"", ""url"": ""https://videos.nba.com/wnba/pbp/media/2024/09/17/1022400232/31/61a50639-6bb5-e865-4804-56ed1a17bf10_960x540.mp4""}]",False,possessions,4Q/OT | margin -3..3 | 300..120,team
wnba,wnba_shot_pace,shot_pace,possessions,get-possessions,2024,Regular Season,team,"{'OffDef': 'Offense', 'FilterComparison': 'Exactly', 'FilterEvent': 'OnFloor', 'FilterValue': 5, 'StartType': 'All', 'Season': '2024', 'SeasonType': 'Regular Season', 'TeamId': '1611661330'}",shot_pace,1611661330,4Q/OT | margin -3..3 | 300..120,get-possessions__possessions__off_def-Offense__filter_comparison-Exactly__filter_event-OnFloor__filter_value-5__start_type-All__season-2024__season_type-Regular_Season__team_id-1611661330__d64e970c,get-possessions,https://api.pbpstats.com/get-possessions/wnba?OffDef=Offense&FilterComparison=Exactly&FilterEvent=OnFloor&FilterValue=5&StartType=All&Season=2024&SeasonType=Regular+Season&TeamId=1611661330,200,146,08:06,"Canada 25' 3PT Jump Shot (6 PTS) (Howard 1 AST)
",0,0,1,1,2024-09-17,1022400232,0,0,CHI,1,0,-3,08:27,Off Corner 3 Make,0,"[{""description"": ""Canada 25' 3PT Jump Shot (6 PTS) (Howard 1 AST)"", ""url"": ""https://videos.nba.com/wnba/pbp/media/2024/09/17/1022400232/24/93adeb4c-3596-3165-c476-f0a40b09fd3e_960x540.mp4""}]",False,possessions,4Q/OT | margin -3..3 | 300..120,team
wnba,wnba_shot_pace,shot_pace,possessions,get-possessions,2024,Regular Season,team,"{'OffDef': 'Offense', 'FilterComparison': 'Exactly', 'FilterEvent': 'OnFloor', 'FilterValue': 5, 'StartType': 'All', 'Season': '2024', 'SeasonType': 'Regular Season', 'TeamId': '1611661330'}",shot_pace,1611661330,4Q/OT | margin -3..3 | 300..120,get-possessions__possessions__off_def-Offense__filter_comparison-Exactly__filter_event-OnFloor__filter_value-5__start_type-All__season-2024__season_type-Regular_Season__team_id-1611661330__d64e970c,get-possessions,https://api.pbpstats.com/get-possessions/wnba?OffDef=Offense&FilterComparison=Exactly&FilterEvent=OnFloor&FilterValue=5&StartType=All&Season=2024&SeasonType=Regular+Season&TeamId=1611661330,200,147,08:33,"MISS Canada 3' Running Layup: Harrison BLOCK (1 BLK)
Turner REBOUND (Off:0 Def:1)
",1,0,0,0,2024-09-17,1022400232,0,0,CHI,1,0,0,08:41,Off Short Mid-Range Miss,0,"[{""description"": ""MISS Canada 3' Running Layup: Harrison BLOCK (1 BLK)"", ""url"": ""https://videos.nba.com/wnba/pbp/media/2024/09/17/1022400232/19/d9db2a6c-dfac-978d-5d5f-963e30e36da1_960x540.mp4""}, {""description"": ""Turner REBOUND (Off:0 Def:1)"", ""url"": ""https://videos.nba.com/wnba/pbp/media/2024/09/17/1022400232/21/80b37562-b7dc-6d83-8edb-a36113a6860b_960x540.mp4""}]",False,possessions,4Q/OT | margin -3..3 | 300..120,team
wnba,wnba_shot_pace,shot_pace,possessions,get-possessions,2024,Regular Season,team,"{'OffDef': 'Offense', 'FilterComparison': 'Exactly', 'FilterEvent': 'OnFloor', 'FilterValue': 5, 'StartType': 'All', 'Season': '2024', 'SeasonType': 'Regular Season', 'TeamId': '1611661330'}",shot_pace,1611661330,4Q/OT | margin -3..3 | 300..120,get-possessions__possessions__off_def-Offense__filter_comparison-Exactly__filter_event-OnFloor__filter_value-5__start_type-All__season-2024__season_type-Regular_Season__team_id-1611661330__d64e970c,get-possessions,https://api.pbpstats.com/get-possessions/wnba?OffDef=Offense&FilterComparison=Exactly&FilterEvent=OnFloor&FilterValue=5&StartType=All&Season=2024&SeasonType=Regular+Season&TeamId=1611661330,200,148,09:02,"Howard Out of Bounds - Bad Pass Turnover Turnover (P1.T1)
",0,0,0,0,2024-09-17,1022400232,0,0,CHI,1,0,0,09:22,Off Arc 3 Make,1,"[{""description"": ""Howard Out of Bounds - Bad Pass Turnover Turnover (P1.T1)"", ""url"": ""https://videos.nba.com/wnba/pbp/media/2024/09/17/1022400232/16/e420fd93-279b-4661-05de-1f457bdcd2cb_960x540.mp4""}]",False,possessions,4Q/OT | margin -3..3 | 300..120,team
wnba,wnba_shot_pace,shot_pace,possessions,get-possessions,2024,Regular Season,team,"{'OffDef': 'Offense', 'FilterComparison': 'Exactly', 'FilterEvent': 'OnFloor', 'FilterValue': 5, 'StartType': 'All', 'Season': '2024', 'SeasonType': 'Regular Season', 'TeamId': '1611661330'}",shot_pace,1611661330,4Q/OT | margin -3..3 | 300..120,get-possessions__possessions__off_def-Offense__filter_comparison-Exactly__filter_event-OnFloor__filter_value-5__start_type-All__season-2024__season_type-Regular_Season__team_id-1611661330__d64e970c,get-possessions,https://api.pbpstats.com/get-possessions/wnba?OffDef=Offense&FilterComparison=Exactly&FilterEvent=OnFloor&FilterValue=5&StartType=All&Season=2024&SeasonType=Regular+Season&TeamId=1611661330,200,149,09:38,"Canada 1' Driving Layup (2 PTS)
Allen S.FOUL (P1.T1)
Canada Free Throw 1 of 1 (3 PTS)
",1,1,0,0,2024-09-17,1022400232,0,0,CHI,1,1,0,09:49,Off Block,0,"[{""description"": ""Canada 1' Driving Layup (2 PTS)"", ""url"": ""https://videos.nba.com/wnba/pbp/media/2024/09/17/1022400232/10/9361163f-b443-f86b-3aaa-26fe461f1f68_960x540.mp4""}, {""description"": ""Allen S.FOUL (P1.T1)"", ""url"": """"}, {""description"": ""Canada Free Throw 1 of 1 (3 PTS)"", ""url"": """"}]",False,possessions,4Q/OT | margin -3..3 | 300..120,team
wnba,wnba_shot_pace,shot_pace,possessions,get-possessions,2024,Regular Season,team,"{'OffDef': 'Offense', 'FilterComparison': 'Exactly', 'FilterEvent': 'OnFloor', 'FilterValue': 5, 'StartType': 'All', 'Season': '2024', 'SeasonType': 'Regular Season', 'TeamId': '1611661330'}",shot_pace,1611661330,4Q/OT | margin -3..3 | 300..120,get-possessions__possessions__off_def-Offense__filter_comparison-Exactly__filter_event-OnFloor__filter_value-5__start_type-All__season-2024__season_type-Regular_Season__team_id-1611661330__d64e970c,get-possessions,https://api.pbpstats.com/get-possessions/wnba?OffDef=Offense&FilterComparison=Exactly&FilterEvent=OnFloor&FilterValue=5&StartType=All&Season=2024&SeasonType=Regular+Season&TeamId=1611661330,200,150,00:09,"MISS Canada 20' Jump Shot
Dolson REBOUND (Off:1 Def:5)
",1,0,0,0,2024-09-15,1022400226,0,0,WAS,5,0,3,00:34,Off Dead Ball,0,"[{""description"": ""MISS Canada 20' Jump Shot"", ""url"": ""https://videos.nba.com/wnba/pbp/media/2024/09/15/1022400226/562/97307518-2917-13fd-b2e5-3e195585fd47_960x540.mp4""}, {""description"": ""Dolson REBOUND (Off:1 Def:5)"", ""url"": ""https://videos.nba.com/wnba/pbp/media/2024/09/15/1022400226/563/b1ae72de-bc15-490b-4a87-bbbab91825d4_960x540.mp4""}]",False,possessions,4Q/OT | margin -3..3 | 300..120,team
wnba,wnba_shot_pace,shot_pace,possessions,get-possessions,2024,Regular Season,team,"{'OffDef': 'Offense', 'FilterComparison': 'Exactly', 'FilterEvent': 'OnFloor', 'FilterValue': 5, 'StartType': 'All', 'Season': '2024', 'SeasonType': 'Regular Season', 'TeamId': '1611661330'}",shot_pace,1611661330,4Q/OT | margin -3..3 | 300..120,get-possessions__possessions__off_def-Offense__filter_comparison-Exactly__filter_event-OnFloor__filter_value-5__start_type-All__season-2024__season_type-Regular_Season__team_id-1611661330__d64e970c,get-possessions,https://api.pbpstats.com/get-possessions/wnba?OffDef=Offense&FilterComparison=Exactly&FilterEvent=OnFloor&FilterValue=5&StartType=All&Season=2024&SeasonType=Regular+Season&TeamId=1611661330,200,151,00:59,"Dolson S.FOUL (P5.T3)
Howard Free Throw 1 of 2 (13 PTS)
Howard Free Throw 2 of 2 (14 PTS)
",0,0,0,0,2024-09-15,1022400226,0,0,WAS,5,1,1,01:18,Off Timeout,0,"[{""description"": ""Dolson S.FOUL (P5.T3)"", ""url"": """"}, {""description"": ""Howard Free Throw 1 of 2 (13 PTS)"", ""url"": """"}, {""description"": ""Howard Free Throw 2 of 2 (14 PTS)"", ""url"": """"}]",False,possessions,4Q/OT | margin -3..3 | 300..120,team
wnba,wnba_shot_pace,shot_pace,possessions,get-possessions,2024,Regular Season,team,"{'OffDef': 'Offense', 'FilterComparison': 'Exactly', 'FilterEvent': 'OnFloor', 'FilterValue': 5, 'StartType': 'All', 'Season': '2024', 'SeasonType': 'Regular Season', 'TeamId': '1611661330'}",shot_pace,1611661330,4Q/OT | margin -3..3 | 300..120,get-possessions__possessions__off_def-Offense__filter_comparison-Exactly__filter_event-OnFloor__filter_value-5__start_type-All__season-2024__season_type-Regular_Season__team_id-1611661330__d64e970c,get-possessions,https://api.pbpstats.com/get-possessions/wnba?OffDef=Offense&FilterComparison=Exactly&FilterEvent=OnFloor&FilterValue=5&StartType=All&Season=2024&SeasonType=Regular+Season&TeamId=1611661330,200,152,01:35,"Hillmon 22' Jump Shot (10 PTS) (Canada 5 AST)
",1,1,0,0,2024-09-15,1022400226,0,0,WAS,5,0,-1,01:57,Off Short Mid-Range Miss,0,"[{""description"": ""Hillmon 22' Jump Shot (10 PTS) (Canada 5 AST)"", ""url"": ""https://videos.nba.com/wnba/pbp/media/2024/09/15/1022400226/547/4cf48418-cded-4eba-90ec-51a3bb91a621_960x540.mp4""}]",False,possessions,4Q/OT | margin -3..3 | 300..120,team
wnba,wnba_shot_pace,shot_pace,possessions,get-possessions,2024,Regular Season,team,"{'OffDef': 'Offense', 'FilterComparison': 'Exactly', 'FilterEvent': 'OnFloor', 'FilterValue': 5, 'StartType': 'All', 'Season': '2024', 'SeasonType': 'Regular Season', 'TeamId': '1611661330'}",shot_pace,1611661330,4Q/OT | margin -3..3 | 300..120,get-possessions__possessions__off_def-Offense__filter_comparison-Exactly__filter_event-OnFloor__filter_value-5__start_type-All__season-2024__season_type-Regular_Season__team_id-1611661330__d64e970c,get-possessions,https://api.pbpstats.com/get-possessions/wnba?OffDef=Offense&FilterComparison=Exactly&FilterEvent=OnFloor&FilterValue=5&StartType=All&Season=2024&SeasonType=Regular+Season&TeamId=1611661330,200,153,02:16,"Hillmon OFF.Foul (P4)
Hillmon Offensive Foul Turnover (P2.T18)
",0,0,0,0,2024-09-15,1022400226,0,0,WAS,5,0,-1,02:32,Off Timeout,1,"[{""description"": ""Hillmon OFF.Foul (P4)"", ""url"": """"}, {""description"": ""Hillmon Offensive Foul Turnover (P2.T18)"", ""url"": ""https://videos.nba.com/wnba/pbp/media/2024/09/15/1022400226/544/b2ef093f-8330-6171-9c4c-9fec865df9d1_960x540.mp4""}]",False,possessions,4Q/OT | margin -3..3 | 300..120,team
wnba,wnba_shot_pace,shot_pace,possessions,get-possessions,2024,Regular Season,team,"{'OffDef': 'Offense', 'FilterComparison': 'Exactly', 'FilterEvent': 'OnFloor', 'FilterValue': 5, 'StartType': 'All', 'Season': '2024', 'SeasonType': 'Regular Season', 'TeamId': '1611661330'}",shot_pace,1611661330,4Q/OT | margin -3..3 | 300..120,get-possessions__possessions__off_def-Offense__filter_comparison-Exactly__filter_event-OnFloor__filter_value-5__start_type-All__season-2024__season_type-Regular_Season__team_id-1611661330__d64e970c,get-possessions,https://api.pbpstats.com/get-possessions/wnba?OffDef=Offense&FilterComparison=Exactly&FilterEvent=OnFloor&FilterValue=5&StartType=All&Season=2024&SeasonType=Regular+Season&TeamId=1611661330,200,154,02:42,"Sykes P.FOUL (P4.T2)
MISS Howard 26' 3PT Jump Shot
Gray REBOUND (Off:2 Def:6)
MISS Charles 20' Jump Shot
Engstler REBOUND (Off:2 Def:2)
",1,0,1,0,2024-09-15,1022400226,0,1,WAS,5,0,-1,03:27,Off Steal,0,"[{""description"": ""Sykes P.FOUL (P4.T2)"", ""url"": """"}, {""description"": ""MISS Howard 26' 3PT Jump Shot"", ""url"": ""https://videos.nba.com/wnba/pbp/media/2024/09/15/1022400226/536/dcfaf2fd-5ea4-5cb3-4213-bcf1dd28019c_960x540.mp4""}, {""description"": ""Gray REBOUND (Off:2 Def:6)"", ""url"": ""https://videos.nba.com/wnba/pbp/media/2024/09/15/1022400226/537/db2354fc-e49c-0a91-f523-10e5fbce82d7_960x540.mp4""}, {""description"": ""MISS Charles 20' Jump Shot"", ""url"": ""https://videos.nba.com/wnba/pbp/media/2024/09/15/1022400226/538/f6383c42-61c6-5ede-93d1-c589b1cc1590_960x540.mp4""}, {""description"": ""Engstler REBOUND (Off:2 Def:2)"", ""url"": ""https://videos.nba.com/wnba/pbp/media/2024/09/15/1022400226/539/57de9b03-2f2b-9c0c-6637-be8052d2c24a_960x540.mp4""}]",False,possessions,4Q/OT | margin -3..3 | 300..120,team
wnba,wnba_shot_pace,shot_pace,possessions,get-possessions,2024,Regular Season,team,"{'OffDef': 'Offense', 'FilterComparison': 'Exactly', 'FilterEvent': 'OnFloor', 'FilterValue': 5, 'StartType': 'All', 'Season': '2024', 'SeasonType': 'Regular Season', 'TeamId': '1611661330'}",shot_pace,1611661330,4Q/OT | margin -3..3 | 300..120,get-possessions__possessions__off_def-Offense__filter_comparison-Exactly__filter_event-OnFloor__filter_value-5__start_type-All__season-2024__season_type-Regular_Season__team_id-1611661330__d64e970c,get-possessions,https://api.pbpstats.com/get-possessions/wnba?OffDef=Offense&FilterComparison=Exactly&FilterEvent=OnFloor&FilterValue=5&StartType=All&Season=2024&SeasonType=Regular+Season&TeamId=1611661330,200,155,03:39,"MISS Charles 6' Layup
Charles REBOUND (Off:2 Def:7)
Engstler S.FOUL (P3.T1)
Charles Free Throw 1 of 2 (19 PTS)
Charles Free Throw 2 of 2 (20 PTS)
",1,0,0,0,2024-09-15,1022400226,0,1,WAS,5,1,-3,03:50,Off Steal,0,"[{""description"": ""MISS Charles 6' Layup"", ""url"": ""https://videos.nba.com/wnba/pbp/media/2024/09/15/1022400226/526/a4a5c869-748b-c836-18b6-bd53acd1fd0c_960x540.mp4""}, {""description"": ""Charles REBOUND (Off:2 Def:7)"", ""url"": ""https://videos.nba.com/wnba/pbp/media/2024/09/15/1022400226/527/b50d3c5e-6395-c91f-6a5a-9ea727248582_960x540.mp4""}, {""description"": ""Engstler S.FOUL (P3.T1)"", ""url"": """"}, {""description"": ""Charles Free Throw 1 of 2 (19 PTS)"", ""url"": """"}, {""description"": ""Charles Free Throw 2 of 2 (20 PTS)"", ""url"": """"}]",False,possessions,4Q/OT | margin -3..3 | 300..120,team
wnba,wnba_shot_pace,shot_pace,possessions,get-possessions,2024,Regular Season,team,"{'OffDef': 'Offense', 'FilterComparison': 'Exactly', 'FilterEvent': 'OnFloor', 'FilterValue': 5, 'StartType': 'All', 'Season': '2024', 'SeasonType': 'Regular Season', 'TeamId': '1611661330'}",shot_pace,1611661330,4Q/OT | margin -3..3 | 300..120,get-possessions__possessions__off_def-Offense__filter_comparison-Exactly__filter_event-OnFloor__filter_value-5__start_type-All__season-2024__season_type-Regular_Season__team_id-1611661330__d64e970c,get-possessions,https://api.pbpstats.com/get-possessions/wnba?OffDef=Offense&FilterComparison=Exactly&FilterEvent=OnFloor&FilterValue=5&StartType=All&Season=2024&SeasonType=Regular+Season&TeamId=1611661330,200,156,04:10,"Sykes STEAL (2 STL): Howard Bad Pass Turnover (P5.T17)
",0,0,0,0,2024-09-15,1022400226,0,0,WAS,5,0,-3,04:38,Off Corner 3 Make,1,"[{""description"": ""Sykes STEAL (2 STL): Howard Bad Pass Turnover (P5.T17)"", ""url"": ""https://videos.nba.com/wnba/pbp/media/2024/09/15/1022400226/521/0cdf18a5-e796-ff09-685e-1374312f14a8_960x540.mp4""}]",False,possessions,4Q/OT | margin -3..3 | 300..120,team
wnba,wnba_shot_pace,shot_pace,possessions,get-possessions,2024,Regular Season,team,"{'OffDef': 'Offense', 'FilterComparison': 'Exactly', 'FilterEvent': 'OnFloor', 'FilterValue': 5, 'StartType': 'All', 'Season': '2024', 'SeasonType': 'Regular Season', 'TeamId': '1611661330'}",shot_pace,1611661330,4Q/OT | margin -3..3 | 300..120,get-possessions__possessions__off_def-Offense__filter_comparison-Exactly__filter_event-OnFloor__filter_value-5__start_type-All__season-2024__season_type-Regular_Season__team_id-1611661330__d64e970c,get-possessions,https://api.pbpstats.com/get-possessions/wnba?OffDef=Offense&FilterComparison=Exactly&FilterEvent=OnFloor&FilterValue=5&StartType=All&Season=2024&SeasonType=Regular+Season&TeamId=1611661330,200,157,00:00,"MISS Canada 19' Jump Shot
Dream Rebound
",1,0,0,0,2024-09-15,1022400226,0,0,WAS,4,0,0,00:07,Off Steal,0,"[{""description"": ""MISS Canada 19' Jump Shot"", ""url"": ""https://videos.nba.com/wnba/pbp/media/2024/09/15/1022400226/515/46e32137-fbed-7260-8c2d-ccf397a54341_960x540.mp4""}, {""description"": ""Dream Rebound"", ""url"": """"}]",False,possessions,4Q/OT | margin -3..3 | 300..120,team
wnba,wnba_shot_pace,shot_pace,possessions,get-possessions,2024,Regular Season,team,"{'OffDef': 'Offense', 'FilterComparison': 'Exactly', 'FilterEvent': 'OnFloor', 'FilterValue': 5, 'StartType': 'All', 'Season': '2024', 'SeasonType': 'Regular Season', 'TeamId': '1611661330'}",shot_pace,1611661330,4Q/OT | margin -3..3 | 300..120,get-possessions__possessions__off_def-Offense__filter_comparison-Exactly__filter_event-OnFloor__filter_value-5__start_type-All__season-2024__season_type-Regular_Season__team_id-1611661330__d64e970c,get-possessions,https://api.pbpstats.com/get-possessions/wnba?OffDef=Offense&FilterComparison=Exactly&FilterEvent=OnFloor&FilterValue=5&StartType=All&Season=2024&SeasonType=Regular+Season&TeamId=1611661330,200,158,00:30,"Hillmon 20' Jump Shot (8 PTS) (Charles 3 AST)
",1,1,0,0,2024-09-15,1022400226,0,0,WAS,4,0,-2,00:51,Off Steal,0,"[{""description"": ""Hillmon 20' Jump Shot (8 PTS) (Charles 3 AST)"", ""url"": ""https://videos.nba.com/wnba/pbp/media/2024/09/15/1022400226/509/d24a3c3a-7359-38a9-d13a-87224c060941_960x540.mp4""}]",False,possessions,4Q/OT | margin -3..3 | 300..120,team
wnba,wnba_shot_pace,shot_pace,possessions,get-possessions,2024,Regular Season,team,"{'OffDef': 'Offense', 'FilterComparison': 'Exactly', 'FilterEvent': 'OnFloor', 'FilterValue': 5, 'StartType': 'All', 'Season': '2024', 'SeasonType': 'Regular Season', 'TeamId': '1611661330'}",shot_pace,1611661330,4Q/OT | margin -3..3 | 300..120,get-possessions__possessions__off_def-Offense__filter_comparison-Exactly__filter_event-OnFloor__filter_value-5__start_type-All__season-2024__season_type-Regular_Season__team_id-1611661330__d64e970c,get-possessions,https://api.pbpstats.com/get-possessions/wnba?OffDef=Offense&FilterComparison=Exactly&FilterEvent=OnFloor&FilterValue=5&StartType=All&Season=2024&SeasonType=Regular+Season&TeamId=1611661330,200,159,01:10,"Howard Out of Bounds Lost Ball Turnover (P4.T16)
",0,0,0,0,2024-09-15,1022400226,0,0,WAS,4,0,-2,01:30,Off Timeout,1,"[{""description"": ""Howard Out of Bounds Lost Ball Turnover (P4.T16)"", ""url"": ""https://videos.nba.com/wnba/pbp/media/2024/09/15/1022400226/512/ce2195e3-0ab8-7e99-ef2e-1846f285a6f3_960x540.mp4""}]",False,possessions,4Q/OT | margin -3..3 | 300..120,team
wnba,wnba_shot_pace,shot_pace,possessions,get-possessions,2024,Regular Season,team,"{'OffDef': 'Offense', 'FilterComparison': 'Exactly', 'FilterEvent': 'OnFloor', 'FilterValue': 5, 'StartType': 'All', 'Season': '2024', 'SeasonType': 'Regular Season', 'TeamId': '1611661330'}",shot_pace,1611661330,4Q/OT | margin -3..3 | 300..120,get-possessions__possessions__off_def-Offense__filter_comparison-Exactly__filter_event-OnFloor__filter_value-5__start_type-All__season-2024__season_type-Regular_Season__team_id-1611661330__d64e970c,get-possessions,https://api.pbpstats.com/get-possessions/wnba?OffDef=Offense&FilterComparison=Exactly&FilterEvent=OnFloor&FilterValue=5&StartType=All&Season=2024&SeasonType=Regular+Season&TeamId=1611661330,200,160,01:50,"MISS Canada 24' 3PT Jump Shot
Dream Rebound
Dream Turnover: Shot Clock (T#15)
",0,0,1,0,2024-09-15,1022400226,0,0,WAS,4,0,1,02:13,Off Short Mid-Range Miss,1,"[{""description"": ""MISS Canada 24' 3PT Jump Shot"", ""url"": ""https://videos.nba.com/wnba/pbp/media/2024/09/15/1022400226/493/9169d802-804a-bcb0-4bd2-2d65d4749860_960x540.mp4""}, {""description"": ""Dream Rebound"", ""url"": """"}, {""description"": ""Dream Turnover: Shot Clock (T#15)"", ""url"": """"}]",False,possessions,4Q/OT | margin -3..3 | 300..120,team
wnba,wnba_shot_pace,shot_pace,possessions,get-possessions,2024,Regular Season,team,"{'OffDef': 'Offense', 'FilterComparison': 'Exactly', 'FilterEvent': 'OnFloor', 'FilterValue': 5, 'StartType': 'All', 'Season': '2024', 'SeasonType': 'Regular Season', 'TeamId': '1611661330'}",shot_pace,1611661330,4Q/OT | margin -3..3 | 300..120,get-possessions__possessions__off_def-Offense__filter_comparison-Exactly__filter_event-OnFloor__filter_value-5__start_type-All__season-2024__season_type-Regular_Season__team_id-1611661330__d64e970c,get-possessions,https://api.pbpstats.com/get-possessions/wnba?OffDef=Offense&FilterComparison=Exactly&FilterEvent=OnFloor&FilterValue=5&StartType=All&Season=2024&SeasonType=Regular+Season&TeamId=1611661330,200,161,02:39,"MISS Hillmon 24' 3PT Jump Shot
Dream Rebound
Gray 16' Pullup Jump Shot (12 PTS)
",1,1,1,0,2024-09-15,1022400226,0,1,WAS,4,0,-1,03:12,Off Timeout,0,"[{""description"": ""MISS Hillmon 24' 3PT Jump Shot"", ""url"": ""https://videos.nba.com/wnba/pbp/media/2024/09/15/1022400226/487/e97081b3-d134-d2e2-c8ba-707e4c5559dd_960x540.mp4""}, {""description"": ""Dream Rebound"", ""url"": """"}, {""description"": ""Gray 16' Pullup Jump Shot (12 PTS)"", ""url"": ""https://videos.nba.com/wnba/pbp/media/2024/09/15/1022400226/490/67ed7d19-4473-a1e7-32a8-7e442a9f2105_960x540.mp4""}]",False,possessions,4Q/OT | margin -3..3 | 300..120,team
wnba,wnba_shot_pace,shot_pace,possessions,get-possessions,2024,Regular Season,team,"{'OffDef': 'Offense', 'FilterComparison': 'Exactly', 'FilterEvent': 'OnFloor', 'FilterValue': 5, 'StartType': 'All', 'Season': '2024', 'SeasonType': 'Regular Season', 'TeamId': '1611661330'}",shot_pace,1611661330,4Q/OT | margin -3..3 | 300..120,get-possessions__possessions__off_def-Offense__filter_comparison-Exactly__filter_event-OnFloor__filter_value-5__start_type-All__season-2024__season_type-Regular_Season__team_id-1611661330__d64e970c,get-possessions,https://api.pbpstats.com/get-possessions/wnba?OffDef=Offense&FilterComparison=Exactly&FilterEvent=OnFloor&FilterValue=5&StartType=All&Season=2024&SeasonType=Regular+Season&TeamId=1611661330,200,162,03:24,"Dolson S.FOUL (P4.PN)
MISS Charles Free Throw 1 of 2
Dream Rebound
MISS Charles Free Throw 2 of 2
Sykes REBOUND (Off:0 Def:3)
",0,0,0,0,2024-09-15,1022400226,0,0,WAS,4,1,-1,03:39,Off FT Make,0,"[{""description"": ""Dolson S.FOUL (P4.PN)"", ""url"": """"}, {""description"": ""MISS Charles Free Throw 1 of 2"", ""url"": """"}, {""description"": ""Dream Rebound"", ""url"": """"}, {""description"": ""MISS Charles Free Throw 2 of 2"", ""url"": """"}, {""description"": ""Sykes REBOUND (Off:0 Def:3)"", ""url"": ""https://videos.nba.com/wnba/pbp/media/2024/09/15/1022400226/482/280ce680-db40-df55-a045-f2697fc12297_960x540.mp4""}]",False,possessions,4Q/OT | margin -3..3 | 300..120,team
wnba,wnba_shot_pace,shot_pace,possessions,get-possessions,2024,Regular Season,team,"{'OffDef': 'Offense', 'FilterComparison': 'Exactly', 'FilterEvent': 'OnFloor', 'FilterValue': 5, 'StartType': 'All', 'Season': '2024', 'SeasonType': 'Regular Season', 'TeamId': '1611661330'}",shot_pace,1611661330,4Q/OT | margin -3..3 | 300..120,get-possessions__possessions__off_def-Offense__filter_comparison-Exactly__filter_event-OnFloor__filter_value-5__start_type-All__season-2024__season_type-Regular_Season__team_id-1611661330__d64e970c,get-possessions,https://api.pbpstats.com/get-possessions/wnba?OffDef=Offense&FilterComparison=Exactly&FilterEvent=OnFloor&FilterValue=5&StartType=All&Season=2024&SeasonType=Regular+Season&TeamId=1611661330,200,163,03:39,"MISS Gray 6' Layup
MYSTICS Rebound
",1,0,0,0,2024-09-15,1022400226,0,0,WAS,4,0,1,03:54,Off FT Make,0,"[{""description"": ""MISS Gray 6' Layup"", ""url"": ""https://videos.nba.com/wnba/pbp/media/2024/09/15/1022400226/469/8bf80cbf-ce22-d1e8-faa0-3ddd570c5035_960x540.mp4""}, {""description"": ""MYSTICS Rebound"", ""url"": """"}]",False,possessions,4Q/OT | margin -3..3 | 300..120,team
wnba,wnba_shot_pace,shot_pace,possessions,get-possessions,2024,Regular Season,team,"{'OffDef': 'Offense', 'FilterComparison': 'Exactly', 'FilterEvent': 'OnFloor', 'FilterValue': 5, 'StartType': 'All', 'Season': '2024', 'SeasonType': 'Regular Season', 'TeamId': '1611661330'}",shot_pace,1611661330,4Q/OT | margin -3..3 | 300..120,get-possessions__possessions__off_def-Offense__filter_comparison-Exactly__filter_event-OnFloor__filter_value-5__start_type-All__season-2024__season_type-Regular_Season__team_id-1611661330__d64e970c,get-possessions,https://api.pbpstats.com/get-possessions/wnba?OffDef=Offense&FilterComparison=Exactly&FilterEvent=OnFloor&FilterValue=5&StartType=All&Season=2024&SeasonType=Regular+Season&TeamId=1611661330,200,164,04:04,"Hillmon 4' Layup (5 PTS) (Charles 2 AST)
Samuelson S.FOUL (P2.T4)
Hillmon Free Throw 1 of 1 (6 PTS)
",1,1,0,0,2024-09-15,1022400226,0,0,WAS,4,1,0,04:41,Off Timeout,0,"[{""description"": ""Hillmon 4' Layup (5 PTS) (Charles 2 AST)"", ""url"": ""https://videos.nba.com/wnba/pbp/media/2024/09/15/1022400226/458/8e8a8427-433b-dfc8-35d5-c72454a40439_960x540.mp4""}, {""description"": ""Samuelson S.FOUL (P2.T4)"", ""url"": """"}, {""description"": ""Hillmon Free Throw 1 of 1 (6 PTS)"", ""url"": """"}]",False,possessions,4Q/OT | margin -3..3 | 300..120,team
wnba,wnba_shot_pace,shot_pace,possessions,get-possessions,2024,Regular Season,team,"{'OffDef': 'Offense', 'FilterComparison': 'Exactly', 'FilterEvent': 'OnFloor', 'FilterValue': 5, 'StartType': 'All', 'Season': '2024', 'SeasonType': 'Regular Season', 'TeamId': '1611661330'}",shot_pace,1611661330,4Q/OT | margin -3..3 | 300..120,get-possessions__possessions__off_def-Offense__filter_comparison-Exactly__filter_event-OnFloor__filter_value-5__start_type-All__season-2024__season_type-Regular_Season__team_id-1611661330__d64e970c,get-possessions,https://api.pbpstats.com/get-possessions/wnba?OffDef=Offense&FilterComparison=Exactly&FilterEvent=OnFloor&FilterValue=5&StartType=All&Season=2024&SeasonType=Regular+Season&TeamId=1611661330,200,165,04:41,"Caldwell 10' Turnaround Jump Shot (4 PTS)
",1,1,0,0,2024-09-15,1022400226,0,0,WAS,4,0,-2,04:54,Off Corner 3 Miss,0,"[{""description"": ""Caldwell 10' Turnaround Jump Shot (4 PTS)"", ""url"": ""https://videos.nba.com/wnba/pbp/media/2024/09/15/1022400226/449/2da5d5c1-5980-22fd-6c1e-e38579b71a9b_960x540.mp4""}]",False,possessions,4Q/OT | margin -3..3 | 300..120,team
wnba,wnba_shot_pace,shot_pace,possessions,get-possessions,2024,Regular Season,team,"{'OffDef': 'Offense', 'FilterComparison': 'Exactly', 'FilterEvent': 'OnFloor', 'FilterValue': 5, 'StartType': 'All', 'Season': '2024', 'SeasonType': 'Regular Season', 'TeamId': '1611661330'}",shot_pace,1611661330,4Q/OT | margin -3..3 | 300..120,get-possessions__possessions__off_def-Offense__filter_comparison-Exactly__filter_event-OnFloor__filter_value-5__start_type-All__season-2024__season_type-Regular_Season__team_id-1611661330__d64e970c,get-possessions,https://api.pbpstats.com/get-possessions/wnba?OffDef=Offense&FilterComparison=Exactly&FilterEvent=OnFloor&FilterValue=5&StartType=All&Season=2024&SeasonType=Regular+Season&TeamId=1611661330,200,166,05:05,"MISS Caldwell 24' 3PT Jump Shot
Walker-Kimbrough REBOUND (Off:0 Def:2)
",0,0,1,0,2024-09-15,1022400226,0,0,WAS,4,0,-2,05:27,Off At Rim Make,0,"[{""description"": ""MISS Caldwell 24' 3PT Jump Shot"", ""url"": ""https://videos.nba.com/wnba/pbp/media/2024/09/15/1022400226/445/974b8222-f196-77fd-75e1-bbbc763ad56d_960x540.mp4""}, {""description"": ""Walker-Kimbrough REBOUND (Off:0 Def:2)"", ""url"": ""https://videos.nba.com/wnba/pbp/media/2024/09/15/1022400226/446/5249a177-548d-4bbb-640b-92672178fa93_960x540.mp4""}]",False,possessions,4Q/OT | margin -3..3 | 300..120,team
wnba,wnba_shot_pace,shot_pace,possessions,get-possessions,2024,Regular Season,team,"{'OffDef': 'Offense', 'FilterComparison': 'Exactly', 'FilterEvent': 'OnFloor', 'FilterValue': 5, 'StartType': 'All', 'Season': '2024', 'SeasonType': 'Regular Season', 'TeamId': '1611661330'}",shot_pace,1611661330,4Q/OT | margin -3..3 | 300..120,get-possessions__possessions__off_def-Offense__filter_comparison-Exactly__filter_event-OnFloor__filter_value-5__start_type-All__season-2024__season_type-Regular_Season__team_id-1611661330__d64e970c,get-possessions,https://api.pbpstats.com/get-possessions/wnba?OffDef=Offense&FilterComparison=Exactly&FilterEvent=OnFloor&FilterValue=5&StartType=All&Season=2024&SeasonType=Regular+Season&TeamId=1611661330,200,167,05:40,"Canada 3' Layup (14 PTS)
",1,1,0,0,2024-09-15,1022400226,0,0,WAS,4,0,-2,05:50,Off At Rim Make,0,"[{""description"": ""Canada 3' Layup (14 PTS)"", ""url"": ""https://videos.nba.com/wnba/pbp/media/2024/09/15/1022400226/442/2b156eb0-5daf-2066-00c8-09c1b541a685_960x540.mp4""}]",False,possessions,4Q/OT | margin -3..3 | 300..120,team
wnba,wnba_shot_pace,shot_pace,possessions,get-possessions,2024,Regular Season,team,"{'OffDef': 'Offense', 'FilterComparison': 'Exactly', 'FilterEvent': 'OnFloor', 'FilterValue': 5, 'StartType': 'All', 'Season': '2024', 'SeasonType': 'Regular Season', 'TeamId': '1611661330'}",shot_pace,1611661330,4Q/OT | margin -3..3 | 300..120,get-possessions__possessions__off_def-Offense__filter_comparison-Exactly__filter_event-OnFloor__filter_value-5__start_type-All__season-2024__season_type-Regular_Season__team_id-1611661330__d64e970c,get-possessions,https://api.pbpstats.com/get-possessions/wnba?OffDef=Offense&FilterComparison=Exactly&FilterEvent=OnFloor&FilterValue=5&StartType=All&Season=2024&SeasonType=Regular+Season&TeamId=1611661330,200,168,06:10,"MISS Caldwell 9' Driving Layup
Dream Rebound
MISS Howard 16' Jump Shot
Atkins REBOUND (Off:0 Def:2)
",2,0,0,0,2024-09-15,1022400226,0,1,WAS,4,0,0,06:42,Off Timeout,0,"[{""description"": ""MISS Caldwell 9' Driving Layup"", ""url"": ""https://videos.nba.com/wnba/pbp/media/2024/09/15/1022400226/435/a3a5e619-33e9-a792-212f-bdd224f4c3bf_960x540.mp4""}, {""description"": ""Dream Rebound"", ""url"": """"}, {""description"": ""MISS Howard 16' Jump Shot"", ""url"": ""https://videos.nba.com/wnba/pbp/media/2024/09/15/1022400226/437/c2b3c027-982b-6dc0-3f11-894dc56c2666_960x540.mp4""}, {""description"": ""Atkins REBOUND (Off:0 Def:2)"", ""url"": ""https://videos.nba.com/wnba/pbp/media/2024/09/15/1022400226/438/0db8feaa-0dd2-20fb-3e38-b782c03ed9e8_960x540.mp4""}]",False,possessions,4Q/OT | margin -3..3 | 300..120,team
wnba,wnba_shot_pace,shot_pace,possessions,get-possessions,2024,Regular Season,team,"{'OffDef': 'Offense', 'FilterComparison': 'Exactly', 'FilterEvent': 'OnFloor', 'FilterValue': 5, 'StartType': 'All', 'Season': '2024', 'SeasonType': 'Regular Season', 'TeamId': '1611661330'}",shot_pace,1611661330,4Q/OT | margin -3..3 | 300..120,get-possessions__possessions__off_def-Offense__filter_comparison-Exactly__filter_event-OnFloor__filter_value-5__start_type-All__season-2024__season_type-Regular_Season__team_id-1611661330__d64e970c,get-possessions,https://api.pbpstats.com/get-possessions/wnba?OffDef=Offense&FilterComparison=Exactly&FilterEvent=OnFloor&FilterValue=5&StartType=All&Season=2024&SeasonType=Regular+Season&TeamId=1611661330,200,169,06:48,"Melbourne P.FOUL (P1.T3)
MISS Howard 26' 3PT Jump Shot
Melbourne REBOUND (Off:0 Def:1)
",0,0,1,0,2024-09-15,1022400226,0,0,WAS,4,0,2,07:06,Off Steal,0,"[{""description"": ""Melbourne P.FOUL (P1.T3)"", ""url"": """"}, {""description"": ""MISS Howard 26' 3PT Jump Shot"", ""url"": ""https://videos.nba.com/wnba/pbp/media/2024/09/15/1022400226/425/bbb5bbf8-0f4b-454d-e21a-27a732807305_960x540.mp4""}, {""description"": ""Melbourne REBOUND (Off:0 Def:1)"", ""url"": ""https://videos.nba.com/wnba/pbp/media/2024/09/15/1022400226/426/87541d8f-7f7c-60f0-b6e2-8d843dba0051_960x540.mp4""}]",False,possessions,4Q/OT | margin -3..3 | 300..120,team
wnba,wnba_shot_pace,shot_pace,possessions,get-possessions,2024,Regular Season,team,"{'OffDef': 'Offense', 'FilterComparison': 'Exactly', 'FilterEvent': 'OnFloor', 'FilterValue': 5, 'StartType': 'All', 'Season': '2024', 'SeasonType': 'Regular Season', 'TeamId': '1611661330'}",shot_pace,1611661330,4Q/OT | margin -3..3 | 300..120,get-possessions__possessions__off_def-Offense__filter_comparison-Exactly__filter_event-OnFloor__filter_value-5__start_type-All__season-2024__season_type-Regular_Season__team_id-1611661330__d64e970c,get-possessions,https://api.pbpstats.com/get-possessions/wnba?OffDef=Offense&FilterComparison=Exactly&FilterEvent=OnFloor&FilterValue=5&StartType=All&Season=2024&SeasonType=Regular+Season&TeamId=1611661330,200,170,07:22,"MISS Coffey 26' 3PT Jump Shot
Canada REBOUND (Off:1 Def:0)
MISS Gray 28' 3PT Jump Shot
Coffey REBOUND (Off:1 Def:0)
Samuelson STEAL (2 STL): Canada Bad Pass Turnover (P1.T14)
",0,0,2,0,2024-09-15,1022400226,0,2,WAS,4,0,2,07:49,Off At Rim Miss,1,"[{""description"": ""MISS Coffey 26' 3PT Jump Shot"", ""url"": ""https://videos.nba.com/wnba/pbp/media/2024/09/15/1022400226/413/61d8ead4-d928-d976-c711-3f27eb01d1bb_960x540.mp4""}, {""description"": ""Canada REBOUND (Off:1 Def:0)"", ""url"": ""https://videos.nba.com/wnba/pbp/media/2024/09/15/1022400226/414/110cbe0e-9646-bd9e-a0e1-f75cfdc44c56_960x540.mp4""}, {""description"": ""MISS Gray 28' 3PT Jump Shot"", ""url"": ""https://videos.nba.com/wnba/pbp/media/2024/09/15/1022400226/415/6c89b4d9-7129-1d70-1b75-6a46c0d8615b_960x540.mp4""}, {""description"": ""Coffey REBOUND (Off:1 Def:0)"", ""url"": ""https://videos.nba.com/wnba/pbp/media/2024/09/15/1022400226/416/5050807f-c0d3-d0a0-b22f-88a886721ee4_960x540.mp4""}, {""description"": ""Samuelson STEAL (2 STL): Canada Bad Pass Turnover (P1.T14)"", ""url"": ""https://videos.nba.com/wnba/pbp/media/2024/09/15/1022400226/417/8a88930a-c7ba-cfe1-c558-4944deba7a45_960x540.mp4""}]",False,possessions,4Q/OT | margin -3..3 | 300..120,team
wnba,wnba_shot_pace,shot_pace,possessions,get-possessions,2024,Regular Season,team,"{'OffDef': 'Offense', 'FilterComparison': 'Exactly', 'FilterEvent': 'OnFloor', 'FilterValue': 5, 'StartType': 'All', 'Season': '2024', 'SeasonType': 'Regular Season', 'TeamId': '1611661330'}",shot_pace,1611661330,4Q/OT | margin -3..3 | 300..120,get-possessions__possessions__off_def-Offense__filter_comparison-Exactly__filter_event-OnFloor__filter_value-5__start_type-All__season-2024__season_type-Regular_Season__team_id-1611661330__d64e970c,get-possessions,https://api.pbpstats.com/get-possessions/wnba?OffDef=Offense&FilterComparison=Exactly&FilterEvent=OnFloor&FilterValue=5&StartType=All&Season=2024&SeasonType=Regular+Season&TeamId=1611661330,200,171,08:05,"MISS Howard 26' 3PT Pullup Jump Shot
Dream Rebound
Dream Turnover: Shot Clock (T#13)
",0,0,1,0,2024-09-15,1022400226,0,0,WAS,4,0,3,08:32,Off Arc 3 Make,1,"[{""description"": ""MISS Howard 26' 3PT Pullup Jump Shot"", ""url"": ""https://videos.nba.com/wnba/pbp/media/2024/09/15/1022400226/400/88aae364-2c1c-3d99-8a74-f61f1d9979d4_960x540.mp4""}, {""description"": ""Dream Rebound"", ""url"": """"}, {""description"": ""Dream Turnover: Shot Clock (T#13)"", ""url"": """"}]",False,possessions,4Q/OT | margin -3..3 | 300..120,team
wnba,wnba_shot_pace,shot_pace,possessions,get-possessions,2024,Regular Season,team,"{'OffDef': 'Offense', 'FilterComparison': 'Exactly', 'FilterEvent': 'OnFloor', 'FilterValue': 5, 'StartType': 'All', 'Season': '2024', 'SeasonType': 'Regular Season', 'TeamId': '1611661330'}",shot_pace,1611661330,4Q/OT | margin -3..3 | 300..120,get-possessions__possessions__off_def-Offense__filter_comparison-Exactly__filter_event-OnFloor__filter_value-5__start_type-All__season-2024__season_type-Regular_Season__team_id-1611661330__d64e970c,get-possessions,https://api.pbpstats.com/get-possessions/wnba?OffDef=Offense&FilterComparison=Exactly&FilterEvent=OnFloor&FilterValue=5&StartType=All&Season=2024&SeasonType=Regular+Season&TeamId=1611661330,200,172,08:48,"Koné P.FOUL (P3.T2)
Melbourne BLOCK (1 BLK): MISS Hillmon 6' Layup
Dream Rebound
Charles 16' Jump Shot (18 PTS) (Canada 4 AST)
",2,1,0,0,2024-09-15,1022400226,0,1,WAS,4,0,4,09:06,Off At Rim Miss,0,"[{""description"": ""Koné P.FOUL (P3.T2)"", ""url"": """"}, {""description"": ""Melbourne BLOCK (1 BLK): MISS Hillmon 6' Layup"", ""url"": ""https://videos.nba.com/wnba/pbp/media/2024/09/15/1022400226/393/1e48cfda-f6d5-de9f-d548-49f737d785b7_960x540.mp4""}, {""description"": ""Dream Rebound"", ""url"": """"}, {""description"": ""Charles 16' Jump Shot (18 PTS) (Canada 4 AST)"", ""url"": ""https://videos.nba.com/wnba/pbp/media/2024/09/15/1022400226/396/2eb2b3ec-2b39-1166-968e-c014a3ca1d62_960x540.mp4""}]",False,possessions,4Q/OT | margin -3..3 | 300..120,team
wnba,wnba_shot_pace,shot_pace,possessions,get-possessions,2024,Regular Season,team,"{'OffDef': 'Offense', 'FilterComparison': 'Exactly', 'FilterEvent': 'OnFloor', 'FilterValue': 5, 'StartType': 'All', 'Season': '2024', 'SeasonType': 'Regular Season', 'TeamId': '1611661330'}",shot_pace,1611661330,4Q/OT | margin -3..3 | 300..120,get-possessions__possessions__off_def-Offense__filter_comparison-Exactly__filter_event-OnFloor__filter_value-5__start_type-All__season-2024__season_type-Regular_Season__team_id-1611661330__d64e970c,get-possessions,https://api.pbpstats.com/get-possessions/wnba?OffDef=Offense&FilterComparison=Exactly&FilterEvent=OnFloor&FilterValue=5&StartType=All&Season=2024&SeasonType=Regular+Season&TeamId=1611661330,200,173,09:20,"MISS Hillmon 4' Layup
Dream Rebound
Atkins BLOCK (1 BLK): MISS Gray 3PT Jump Shot
Gray REBOUND (Off:1 Def:4)
Gray 4' Layup (9 PTS)
Koné S.FOUL (P2.T1)
Gray Free Throw 1 of 1 (10 PTS)
",2,1,1,0,2024-09-15,1022400226,0,2,WAS,4,1,1,10:00,Off Dead Ball,0,"[{""description"": ""MISS Hillmon 4' Layup"", ""url"": ""https://videos.nba.com/wnba/pbp/media/2024/09/15/1022400226/377/c656bb98-8af8-b257-3fc0-17f711d44bd9_960x540.mp4""}, {""description"": ""Dream Rebound"", ""url"": """"}, {""description"": ""Atkins BLOCK (1 BLK): MISS Gray 3PT Jump Shot"", ""url"": ""https://videos.nba.com/wnba/pbp/media/2024/09/15/1022400226/382/fcfe2fa1-d421-e633-ce4a-345228fb4b25_960x540.mp4""}, {""description"": ""Gray REBOUND (Off:1 Def:4)"", ""url"": ""https://videos.nba.com/wnba/pbp/media/2024/09/15/1022400226/384/a471e79f-c2f1-585a-9870-cf7d1b8c37f0_960x540.mp4""}, {""description"": ""Gray 4' Layup (9 PTS)"", ""url"": ""https://videos.nba.com/wnba/pbp/media/2024/09/15/1022400226/385/3dba23c7-4e86-6853-d628-a42487ef831e_960x540.mp4""}, {""description"": ""Koné S.FOUL (P2.T1)"", ""url"": """"}, {""description"": ""Gray Free Throw 1 of 1 (10 PTS)"", ""url"": """"}]",False,possessions,4Q/OT | margin -3..3 | 300..120,team
wnba,wnba_shot_pace,shot_pace,possessions,get-possessions,2024,Regular Season,team,"{'OffDef': 'Offense', 'FilterComparison': 'Exactly', 'FilterEvent': 'OnFloor', 'FilterValue': 5, 'StartType': 'All', 'Season': '2024', 'SeasonType': 'Regular Season', 'TeamId': '1611661330'}",shot_pace,1611661330,4Q/OT | margin -3..3 | 300..120,get-possessions__possessions__off_def-Offense__filter_comparison-Exactly__filter_event-OnFloor__filter_value-5__start_type-All__season-2024__season_type-Regular_Season__team_id-1611661330__d64e970c,get-possessions,https://api.pbpstats.com/get-possessions/wnba?OffDef=Offense&FilterComparison=Exactly&FilterEvent=OnFloor&FilterValue=5&StartType=All&Season=2024&SeasonType=Regular+Season&TeamId=1611661330,200,174,00:00,"MISS Charles 45' 3PT Jump Shot
Dream Rebound
",0,0,1,0,2024-09-15,1022400226,0,0,WAS,3,0,1,00:03,Off FT Make,0,"[{""description"": ""MISS Charles 45' 3PT Jump Shot"", ""url"": ""https://videos.nba.com/wnba/pbp/media/2024/09/15/1022400226/369/b1c298fa-ae2a-180e-3cad-b98c22b357a8_960x540.mp4""}, {""description"": ""Dream Rebound"", ""url"": """"}]",False,possessions,4Q/OT | margin -3..3 | 300..120,team
wnba,wnba_shot_pace,shot_pace,possessions,get-possessions,2024,Regular Season,team,"{'OffDef': 'Offense', 'FilterComparison': 'Exactly', 'FilterEvent': 'OnFloor', 'FilterValue': 5, 'StartType': 'All', 'Season': '2024', 'SeasonType': 'Regular Season', 'TeamId': '1611661330'}",shot_pace,1611661330,4Q/OT | margin -3..3 | 300..120,get-possessions__possessions__off_def-Offense__filter_comparison-Exactly__filter_event-OnFloor__filter_value-5__start_type-All__season-2024__season_type-Regular_Season__team_id-1611661330__d64e970c,get-possessions,https://api.pbpstats.com/get-possessions/wnba?OffDef=Offense&FilterComparison=Exactly&FilterEvent=OnFloor&FilterValue=5&StartType=All&Season=2024&SeasonType=Regular+Season&TeamId=1611661330,200,175,00:13,"Sykes P.FOUL (P3.PN)
Caldwell Free Throw 1 of 2 (1 PTS)
Caldwell Free Throw 2 of 2 (2 PTS)
",0,0,0,0,2024-09-15,1022400226,1,0,WAS,3,0,0,00:36,Off FT Make,0,"[{""description"": ""Sykes P.FOUL (P3.PN)"", ""url"": """"}, {""description"": ""Caldwell Free Throw 1 of 2 (1 PTS)"", ""url"": """"}, {""description"": ""Caldwell Free Throw 2 of 2 (2 PTS)"", ""url"": """"}]",False,possessions,4Q/OT | margin -3..3 | 300..120,team
wnba,wnba_shot_pace,shot_pace,possessions,get-possessions,2024,Regular Season,team,"{'OffDef': 'Offense', 'FilterComparison': 'Exactly', 'FilterEvent': 'OnFloor', 'FilterValue': 5, 'StartType': 'All', 'Season': '2024', 'SeasonType': 'Regular Season', 'TeamId': '1611661330'}",shot_pace,1611661330,4Q/OT | margin -3..3 | 300..120,get-possessions__possessions__off_def-Offense__filter_comparison-Exactly__filter_event-OnFloor__filter_value-5__start_type-All__season-2024__season_type-Regular_Season__team_id-1611661330__d64e970c,get-possessions,https://api.pbpstats.com/get-possessions/wnba?OffDef=Offense&FilterComparison=Exactly&FilterEvent=OnFloor&FilterValue=5&StartType=All&Season=2024&SeasonType=Regular+Season&TeamId=1611661330,200,176,00:44,"Sykes STEAL (1 STL): Howard Bad Pass Turnover (P3.T12)
",0,0,0,0,2024-09-15,1022400226,0,0,WAS,3,0,3,01:00,Off Arc 3 Make,1,"[{""description"": ""Sykes STEAL (1 STL): Howard Bad Pass Turnover (P3.T12)"", ""url"": ""https://videos.nba.com/wnba/pbp/media/2024/09/15/1022400226/345/8eba8737-f403-ed37-447d-11cda35d006c_960x540.mp4""}]",False,possessions,4Q/OT | margin -3..3 | 300..120,team
wnba,wnba_shot_pace,shot_pace,possessions,get-possessions,2024,Regular Season,team,"{'OffDef': 'Offense', 'FilterComparison': 'Exactly', 'FilterEvent': 'OnFloor', 'FilterValue': 5, 'StartType': 'All', 'Season': '2024', 'SeasonType': 'Regular Season', 'TeamId': '1611661330'}",shot_pace,1611661330,4Q/OT | margin -3..3 | 300..120,get-possessions__possessions__off_def-Offense__filter_comparison-Exactly__filter_event-OnFloor__filter_value-5__start_type-All__season-2024__season_type-Regular_Season__team_id-1611661330__d64e970c,get-possessions,https://api.pbpstats.com/get-possessions/wnba?OffDef=Offense&FilterComparison=Exactly&FilterEvent=OnFloor&FilterValue=5&StartType=All&Season=2024&SeasonType=Regular+Season&TeamId=1611661330,200,177,01:13,"MISS Gray 28' 3PT Pullup Jump Shot
MYSTICS Rebound
",0,0,1,0,2024-09-15,1022400226,0,0,WAS,3,0,6,01:40,Off FT Make,0,"[{""description"": ""MISS Gray 28' 3PT Pullup Jump Shot"", ""url"": ""https://videos.nba.com/wnba/pbp/media/2024/09/15/1022400226/340/c2044941-4e64-787b-da74-62e4e525700a_960x540.mp4""}, {""description"": ""MYSTICS Rebound"", ""url"": """"}]",False,possessions,4Q/OT | margin -3..3 | 300..120,team
wnba,wnba_shot_pace,shot_pace,possessions,get-possessions,2024,Regular Season,team,"{'OffDef': 'Offense', 'FilterComparison': 'Exactly', 'FilterEvent': 'OnFloor', 'FilterValue': 5, 'StartType': 'All', 'Season': '2024', 'SeasonType': 'Regular Season', 'TeamId': '1611661330'}",shot_pace,1611661330,4Q/OT | margin -3..3 | 300..120,get-possessions__possessions__off_def-Offense__filter_comparison-Exactly__filter_event-OnFloor__filter_value-5__start_type-All__season-2024__season_type-Regular_Season__team_id-1611661330__d64e970c,get-possessions,https://api.pbpstats.com/get-possessions/wnba?OffDef=Offense&FilterComparison=Exactly&FilterEvent=OnFloor&FilterValue=5&StartType=All&Season=2024&SeasonType=Regular+Season&TeamId=1611661330,200,178,01:59,"Sykes L.B.FOUL (P2.PN)
Howard Free Throw 1 of 2 (11 PTS)
Howard Free Throw 2 of 2 (12 PTS)
",0,0,0,0,2024-09-15,1022400226,1,0,WAS,3,0,7,01:59,Off Steal,0,"[{""description"": ""Sykes L.B.FOUL (P2.PN)"", ""url"": """"}, {""description"": ""Howard Free Throw 1 of 2 (11 PTS)"", ""url"": """"}, {""description"": ""Howard Free Throw 2 of 2 (12 PTS)"", ""url"": """"}]",False,possessions,4Q/OT | margin -3..3 | 300..120,team
wnba,wnba_shot_pace,shot_pace,possessions,get-possessions,2024,Regular Season,team,"{'OffDef': 'Offense', 'FilterComparison': 'Exactly', 'FilterEvent': 'OnFloor', 'FilterValue': 5, 'StartType': 'All', 'Season': '2024', 'SeasonType': 'Regular Season', 'TeamId': '1611661330'}",shot_pace,1611661330,4Q/OT | margin -3..3 | 300..120,get-possessions__possessions__off_def-Offense__filter_comparison-Exactly__filter_event-OnFloor__filter_value-5__start_type-All__season-2024__season_type-Regular_Season__team_id-1611661330__d64e970c,get-possessions,https://api.pbpstats.com/get-possessions/wnba?OffDef=Offense&FilterComparison=Exactly&FilterEvent=OnFloor&FilterValue=5&StartType=All&Season=2024&SeasonType=Regular+Season&TeamId=1611661330,200,179,02:08,"MISS Caldwell 3PT Jump Shot
Koné REBOUND (Off:1 Def:3)
",0,0,1,0,2024-09-15,1022400226,0,0,WAS,3,0,7,02:30,Off FT Make,0,"[{""description"": ""MISS Caldwell 3PT Jump Shot"", ""url"": ""https://videos.nba.com/wnba/pbp/media/2024/09/15/1022400226/323/3d51606b-6f68-d237-4c15-b3d21e0726e0_960x540.mp4""}, {""description"": ""Koné REBOUND (Off:1 Def:3)"", ""url"": ""https://videos.nba.com/wnba/pbp/media/2024/09/15/1022400226/324/e92cbb8f-6c41-338a-af81-774a92de38e2_960x540.mp4""}]",False,possessions,4Q/OT | margin -3..3 | 300..120,team
wnba,wnba_shot_pace,shot_pace,possessions,get-possessions,2024,Regular Season,team,"{'OffDef': 'Offense', 'FilterComparison': 'Exactly', 'FilterEvent': 'OnFloor', 'FilterValue': 5, 'StartType': 'All', 'Season': '2024', 'SeasonType': 'Regular Season', 'TeamId': '1611661330'}",shot_pace,1611661330,4Q/OT | margin -3..3 | 300..120,get-possessions__possessions__off_def-Offense__filter_comparison-Exactly__filter_event-OnFloor__filter_value-5__start_type-All__season-2024__season_type-Regular_Season__team_id-1611661330__d64e970c,get-possessions,https://api.pbpstats.com/get-possessions/wnba?OffDef=Offense&FilterComparison=Exactly&FilterEvent=OnFloor&FilterValue=5&StartType=All&Season=2024&SeasonType=Regular+Season&TeamId=1611661330,200,180,02:40,"Charles Traveling Turnover (P3.T11)
",0,0,0,0,2024-09-15,1022400226,0,0,WAS,3,0,9,02:57,Off Corner 3 Make,1,"[{""description"": ""Charles Traveling Turnover (P3.T11)"", ""url"": ""https://videos.nba.com/wnba/pbp/media/2024/09/15/1022400226/310/254f0d62-91d9-b56b-e815-28577e9e9baf_960x540.mp4""}]",False,possessions,4Q/OT | margin -3..3 | 300..120,team
wnba,wnba_shot_pace,shot_pace,possessions,get-possessions,2024,Regular Season,team,"{'OffDef': 'Offense', 'FilterComparison': 'Exactly', 'FilterEvent': 'OnFloor', 'FilterValue': 5, 'StartType': 'All', 'Season': '2024', 'SeasonType': 'Regular Season', 'TeamId': '1611661330'}",shot_pace,1611661330,4Q/OT | margin -3..3 | 300..120,get-possessions__possessions__off_def-Offense__filter_comparison-Exactly__filter_event-OnFloor__filter_value-5__start_type-All__season-2024__season_type-Regular_Season__team_id-1611661330__d64e970c,get-possessions,https://api.pbpstats.com/get-possessions/wnba?OffDef=Offense&FilterComparison=Exactly&FilterEvent=OnFloor&FilterValue=5&StartType=All&Season=2024&SeasonType=Regular+Season&TeamId=1611661330,200,181,03:14,"MISS Charles 22' Jump Shot
Samuelson REBOUND (Off:0 Def:2)
",1,0,0,0,2024-09-15,1022400226,0,0,WAS,3,0,12,03:34,Off Long Mid-Range Miss,0,"[{""description"": ""MISS Charles 22' Jump Shot"", ""url"": ""https://videos.nba.com/wnba/pbp/media/2024/09/15/1022400226/306/d6b1a8ff-678c-a35b-9cbd-c76fcda2310d_960x540.mp4""}, {""description"": ""Samuelson REBOUND (Off:0 Def:2)"", ""url"": ""https://videos.nba.com/wnba/pbp/media/2024/09/15/1022400226/307/b42a8a6d-a48f-a5dd-508a-3bd4a3272e76_960x540.mp4""}]",False,possessions,4Q/OT | margin -3..3 | 300..120,team
wnba,wnba_shot_pace,shot_pace,possessions,get-possessions,2024,Regular Season,team,"{'OffDef': 'Offense', 'FilterComparison': 'Exactly', 'FilterEvent': 'OnFloor', 'FilterValue': 5, 'StartType': 'All', 'Season': '2024', 'SeasonType': 'Regular Season', 'TeamId': '1611661330'}",shot_pace,1611661330,4Q/OT | margin -3..3 | 300..120,get-possessions__possessions__off_def-Offense__filter_comparison-Exactly__filter_event-OnFloor__filter_value-5__start_type-All__season-2024__season_type-Regular_Season__team_id-1611661330__d64e970c,get-possessions,https://api.pbpstats.com/get-possessions/wnba?OffDef=Offense&FilterComparison=Exactly&FilterEvent=OnFloor&FilterValue=5&StartType=All&Season=2024&SeasonType=Regular+Season&TeamId=1611661330,200,182,03:42,"MISS Jones 7' Layup
Sykes REBOUND (Off:0 Def:2)
",1,0,0,0,2024-09-15,1022400226,0,0,WAS,3,0,12,04:05,Off Corner 3 Miss,0,"[{""description"": ""MISS Jones 7' Layup"", ""url"": ""https://videos.nba.com/wnba/pbp/media/2024/09/15/1022400226/302/5771a49c-b352-44c2-aa7a-13f08652ff4d_960x540.mp4""}, {""description"": ""Sykes REBOUND (Off:0 Def:2)"", ""url"": ""https://videos.nba.com/wnba/pbp/media/2024/09/15/1022400226/303/581498c0-6a09-06f5-ed47-b7be64f32406_960x540.mp4""}]",False,possessions,4Q/OT | margin -3..3 | 300..120,team
wnba,wnba_shot_pace,shot_pace,possessions,get-possessions,2024,Regular Season,team,"{'OffDef': 'Offense', 'FilterComparison': 'Exactly', 'FilterEvent': 'OnFloor', 'FilterValue': 5, 'StartType': 'All', 'Season': '2024', 'SeasonType': 'Regular Season', 'TeamId': '1611661330'}",shot_pace,1611661330,4Q/OT | margin -3..3 | 300..120,get-possessions__possessions__off_def-Offense__filter_comparison-Exactly__filter_event-OnFloor__filter_value-5__start_type-All__season-2024__season_type-Regular_Season__team_id-1611661330__d64e970c,get-possessions,https://api.pbpstats.com/get-possessions/wnba?OffDef=Offense&FilterComparison=Exactly&FilterEvent=OnFloor&FilterValue=5&StartType=All&Season=2024&SeasonType=Regular+Season&TeamId=1611661330,200,183,04:32,"Gray 28' 3PT Jump Shot (7 PTS) (Jones 1 AST)
",0,0,1,1,2024-09-15,1022400226,0,0,WAS,3,0,9,04:44,Off Dead Ball,0,"[{""description"": ""Gray 28' 3PT Jump Shot (7 PTS) (Jones 1 AST)"", ""url"": ""https://videos.nba.com/wnba/pbp/media/2024/09/15/1022400226/298/d47bdc30-6d8b-cc4a-97d2-aac525734e93_960x540.mp4""}]",False,possessions,4Q/OT | margin -3..3 | 300..120,team
wnba,wnba_shot_pace,shot_pace,possessions,get-possessions,2024,Regular Season,team,"{'OffDef': 'Offense', 'FilterComparison': 'Exactly', 'FilterEvent': 'OnFloor', 'FilterValue': 5, 'StartType': 'All', 'Season': '2024', 'SeasonType': 'Regular Season', 'TeamId': '1611661330'}",shot_pace,1611661330,4Q/OT | margin -3..3 | 300..120,get-possessions__possessions__off_def-Offense__filter_comparison-Exactly__filter_event-OnFloor__filter_value-5__start_type-All__season-2024__season_type-Regular_Season__team_id-1611661330__d64e970c,get-possessions,https://api.pbpstats.com/get-possessions/wnba?OffDef=Offense&FilterComparison=Exactly&FilterEvent=OnFloor&FilterValue=5&StartType=All&Season=2024&SeasonType=Regular+Season&TeamId=1611661330,200,184,04:58,"Dolson S.FOUL (P3.T4)
Hillmon Free Throw 1 of 2 (3 PTS)
MISS Hillmon Free Throw 2 of 2
MYSTICS Rebound
",0,0,0,0,2024-09-15,1022400226,0,0,WAS,3,1,8,05:20,Off FT Make,0,"[{""description"": ""Dolson S.FOUL (P3.T4)"", ""url"": """"}, {""description"": ""Hillmon Free Throw 1 of 2 (3 PTS)"", ""url"": """"}, {""description"": ""MISS Hillmon Free Throw 2 of 2"", ""url"": """"}, {""description"": ""MYSTICS Rebound"", ""url"": """"}]",False,possessions,4Q/OT | margin -3..3 | 300..120,team
wnba,wnba_shot_pace,shot_pace,possessions,get-possessions,2024,Regular Season,team,"{'OffDef': 'Offense', 'FilterComparison': 'Exactly', 'FilterEvent': 'OnFloor', 'FilterValue': 5, 'StartType': 'All', 'Season': '2024', 'SeasonType': 'Regular Season', 'TeamId': '1611661330'}",shot_pace,1611661330,4Q/OT | margin -3..3 | 300..120,get-possessions__possessions__off_def-Offense__filter_comparison-Exactly__filter_event-OnFloor__filter_value-5__start_type-All__season-2024__season_type-Regular_Season__team_id-1611661330__d64e970c,get-possessions,https://api.pbpstats.com/get-possessions/wnba?OffDef=Offense&FilterComparison=Exactly&FilterEvent=OnFloor&FilterValue=5&StartType=All&Season=2024&SeasonType=Regular+Season&TeamId=1611661330,200,185,05:35,"Howard Backcourt Turnover (P2.T10)
",0,0,0,0,2024-09-15,1022400226,0,0,WAS,3,0,10,05:44,Off Block,1,"[{""description"": ""Howard Backcourt Turnover (P2.T10)"", ""url"": ""https://videos.nba.com/wnba/pbp/media/2024/09/15/1022400226/278/75e9eee5-73ee-7787-2c2e-836503f9fe85_960x540.mp4""}]",False,possessions,4Q/OT | margin -3..3 | 300..120,team
wnba,wnba_shot_pace,shot_pace,possessions,get-possessions,2024,Regular Season,team,"{'OffDef': 'Offense', 'FilterComparison': 'Exactly', 'FilterEvent': 'OnFloor', 'FilterValue': 5, 'StartType': 'All', 'Season': '2024', 'SeasonType': 'Regular Season', 'TeamId': '1611661330'}",shot_pace,1611661330,4Q/OT | margin -3..3 | 300..120,get-possessions__possessions__off_def-Offense__filter_comparison-Exactly__filter_event-OnFloor__filter_value-5__start_type-All__season-2024__season_type-Regular_Season__team_id-1611661330__d64e970c,get-possessions,https://api.pbpstats.com/get-possessions/wnba?OffDef=Offense&FilterComparison=Exactly&FilterEvent=OnFloor&FilterValue=5&StartType=All&Season=2024&SeasonType=Regular+Season&TeamId=1611661330,200,186,06:17,"Atkins P.FOUL (P2.T3)
Hillmon 3' Driving Finger Roll Layup (2 PTS) (Gray 3 AST)
",1,1,0,0,2024-09-15,1022400226,0,0,WAS,3,0,8,06:47,Off Arc 3 Miss,0,"[{""description"": ""Atkins P.FOUL (P2.T3)"", ""url"": """"}, {""description"": ""Hillmon 3' Driving Finger Roll Layup (2 PTS) (Gray 3 AST)"", ""url"": ""https://videos.nba.com/wnba/pbp/media/2024/09/15/1022400226/261/fa5d2e92-05ec-9d6b-1f0d-72a0f3eb71a7_960x540.mp4""}]",False,possessions,4Q/OT | margin -3..3 | 300..120,team
wnba,wnba_shot_pace,shot_pace,possessions,get-possessions,2024,Regular Season,team,"{'OffDef': 'Offense', 'FilterComparison': 'Exactly', 'FilterEvent': 'OnFloor', 'FilterValue': 5, 'StartType': 'All', 'Season': '2024', 'SeasonType': 'Regular Season', 'TeamId': '1611661330'}",shot_pace,1611661330,4Q/OT | margin -3..3 | 300..120,get-possessions__possessions__off_def-Offense__filter_comparison-Exactly__filter_event-OnFloor__filter_value-5__start_type-All__season-2024__season_type-Regular_Season__team_id-1611661330__d64e970c,get-possessions,https://api.pbpstats.com/get-possessions/wnba?OffDef=Offense&FilterComparison=Exactly&FilterEvent=OnFloor&FilterValue=5&StartType=All&Season=2024&SeasonType=Regular+Season&TeamId=1611661330,200,187,07:19,"Dolson S.FOUL (P2.T2)
MISS Canada Free Throw 1 of 2
Dream Rebound
Canada Free Throw 2 of 2 (12 PTS)
",0,0,0,0,2024-09-15,1022400226,0,0,WAS,3,1,7,07:27,Off Steal,0,"[{""description"": ""Dolson S.FOUL (P2.T2)"", ""url"": """"}, {""description"": ""MISS Canada Free Throw 1 of 2"", ""url"": """"}, {""description"": ""Dream Rebound"", ""url"": """"}, {""description"": ""Canada Free Throw 2 of 2 (12 PTS)"", ""url"": """"}]",False,possessions,4Q/OT | margin -3..3 | 300..120,team
wnba,wnba_shot_pace,shot_pace,possessions,get-possessions,2024,Regular Season,team,"{'OffDef': 'Offense', 'FilterComparison': 'Exactly', 'FilterEvent': 'OnFloor', 'FilterValue': 5, 'StartType': 'All', 'Season': '2024', 'SeasonType': 'Regular Season', 'TeamId': '1611661330'}",shot_pace,1611661330,4Q/OT | margin -3..3 | 300..120,get-possessions__possessions__off_def-Offense__filter_comparison-Exactly__filter_event-OnFloor__filter_value-5__start_type-All__season-2024__season_type-Regular_Season__team_id-1611661330__d64e970c,get-possessions,https://api.pbpstats.com/get-possessions/wnba?OffDef=Offense&FilterComparison=Exactly&FilterEvent=OnFloor&FilterValue=5&StartType=All&Season=2024&SeasonType=Regular+Season&TeamId=1611661330,200,188,07:45,"Canada 3' Running Layup (11 PTS)
",1,1,0,0,2024-09-15,1022400226,0,0,WAS,3,0,5,07:48,Off Steal,0,"[{""description"": ""Canada 3' Running Layup (11 PTS)"", ""url"": ""https://videos.nba.com/wnba/pbp/media/2024/09/15/1022400226/247/ba8a1cc1-79d3-8a09-30c6-b9571fa4e13b_960x540.mp4""}]",False,possessions,4Q/OT | margin -3..3 | 300..120,team
wnba,wnba_shot_pace,shot_pace,possessions,get-possessions,2024,Regular Season,team,"{'OffDef': 'Offense', 'FilterComparison': 'Exactly', 'FilterEvent': 'OnFloor', 'FilterValue': 5, 'StartType': 'All', 'Season': '2024', 'SeasonType': 'Regular Season', 'TeamId': '1611661330'}",shot_pace,1611661330,4Q/OT | margin -3..3 | 300..120,get-possessions__possessions__off_def-Offense__filter_comparison-Exactly__filter_event-OnFloor__filter_value-5__start_type-All__season-2024__season_type-Regular_Season__team_id-1611661330__d64e970c,get-possessions,https://api.pbpstats.com/get-possessions/wnba?OffDef=Offense&FilterComparison=Exactly&FilterEvent=OnFloor&FilterValue=5&StartType=All&Season=2024&SeasonType=Regular+Season&TeamId=1611661330,200,189,07:52,"MISS Canada 12' Jump Shot
Dolson REBOUND (Off:1 Def:4)
",1,0,0,0,2024-09-15,1022400226,0,0,WAS,3,0,5,08:11,Off Arc 3 Miss,0,"[{""description"": ""MISS Canada 12' Jump Shot"", ""url"": ""https://videos.nba.com/wnba/pbp/media/2024/09/15/1022400226/243/6cb86458-95e1-5cbb-3300-6c27fdc063e4_960x540.mp4""}, {""description"": ""Dolson REBOUND (Off:1 Def:4)"", ""url"": ""https://videos.nba.com/wnba/pbp/media/2024/09/15/1022400226/244/1e52554a-c712-f285-fd88-e6bfd8664e16_960x540.mp4""}]",False,possessions,4Q/OT | margin -3..3 | 300..120,team
wnba,wnba_shot_pace,shot_pace,possessions,get-possessions,2024,Regular Season,team,"{'OffDef': 'Offense', 'FilterComparison': 'Exactly', 'FilterEvent': 'OnFloor', 'FilterValue': 5, 'StartType': 'All', 'Season': '2024', 'SeasonType': 'Regular Season', 'TeamId': '1611661330'}",shot_pace,1611661330,4Q/OT | margin -3..3 | 300..120,get-possessions__possessions__off_def-Offense__filter_comparison-Exactly__filter_event-OnFloor__filter_value-5__start_type-All__season-2024__season_type-Regular_Season__team_id-1611661330__d64e970c,get-possessions,https://api.pbpstats.com/get-possessions/wnba?OffDef=Offense&FilterComparison=Exactly&FilterEvent=OnFloor&FilterValue=5&StartType=All&Season=2024&SeasonType=Regular+Season&TeamId=1611661330,200,190,08:29,"Engstler S.FOUL (P2.T1)
Charles Free Throw 1 of 2 (15 PTS)
Charles Free Throw 2 of 2 (16 PTS)
",0,0,0,0,2024-09-15,1022400226,0,0,WAS,3,1,3,08:41,Off Arc 3 Miss,0,"[{""description"": ""Engstler S.FOUL (P2.T1)"", ""url"": """"}, {""description"": ""Charles Free Throw 1 of 2 (15 PTS)"", ""url"": """"}, {""description"": ""Charles Free Throw 2 of 2 (16 PTS)"", ""url"": """"}]",False,possessions,4Q/OT | margin -3..3 | 300..120,team
wnba,wnba_shot_pace,shot_pace,possessions,get-possessions,2024,Regular Season,team,"{'OffDef': 'Offense', 'FilterComparison': 'Exactly', 'FilterEvent': 'OnFloor', 'FilterValue': 5, 'StartType': 'All', 'Season': '2024', 'SeasonType': 'Regular Season', 'TeamId': '1611661330'}",shot_pace,1611661330,4Q/OT | margin -3..3 | 300..120,get-possessions__possessions__off_def-Offense__filter_comparison-Exactly__filter_event-OnFloor__filter_value-5__start_type-All__season-2024__season_type-Regular_Season__team_id-1611661330__d64e970c,get-possessions,https://api.pbpstats.com/get-possessions/wnba?OffDef=Offense&FilterComparison=Exactly&FilterEvent=OnFloor&FilterValue=5&StartType=All&Season=2024&SeasonType=Regular+Season&TeamId=1611661330,200,191,08:57,"MISS Charles 19' Step Back Jump Shot
Dolson REBOUND (Off:1 Def:3)
",1,0,0,0,2024-09-15,1022400226,0,0,WAS,3,0,3,09:20,Off Long Mid-Range Make,0,"[{""description"": ""MISS Charles 19' Step Back Jump Shot"", ""url"": ""https://videos.nba.com/wnba/pbp/media/2024/09/15/1022400226/232/edd317a9-3022-1293-b206-b52573a808df_960x540.mp4""}, {""description"": ""Dolson REBOUND (Off:1 Def:3)"", ""url"": ""https://videos.nba.com/wnba/pbp/media/2024/09/15/1022400226/233/841c57b7-5976-f512-1650-f38d56df3741_960x540.mp4""}]",False,possessions,4Q/OT | margin -3..3 | 300..120,team
wnba,wnba_shot_pace,shot_pace,possessions,get-possessions,2024,Regular Season,team,"{'OffDef': 'Offense', 'FilterComparison': 'Exactly', 'FilterEvent': 'OnFloor', 'FilterValue': 5, 'StartType': 'All', 'Season': '2024', 'SeasonType': 'Regular Season', 'TeamId': '1611661330'}",shot_pace,1611661330,4Q/OT | margin -3..3 | 300..120,get-possessions__possessions__off_def-Offense__filter_comparison-Exactly__filter_event-OnFloor__filter_value-5__start_type-All__season-2024__season_type-Regular_Season__team_id-1611661330__d64e970c,get-possessions,https://api.pbpstats.com/get-possessions/wnba?OffDef=Offense&FilterComparison=Exactly&FilterEvent=OnFloor&FilterValue=5&StartType=All&Season=2024&SeasonType=Regular+Season&TeamId=1611661330,200,192,09:24,"MISS Howard 3PT Jump Shot
Sykes REBOUND (Off:0 Def:1)
",0,0,1,0,2024-09-15,1022400226,0,0,WAS,3,0,5,09:45,Off Short Mid-Range Make,0,"[{""description"": ""MISS Howard 3PT Jump Shot"", ""url"": ""https://videos.nba.com/wnba/pbp/media/2024/09/15/1022400226/229/bf3fb984-ee62-ebd3-7a34-5fc775cf0ae0_960x540.mp4""}, {""description"": ""Sykes REBOUND (Off:0 Def:1)"", ""url"": ""https://videos.nba.com/wnba/pbp/media/2024/09/15/1022400226/230/124de192-c46c-4b44-b7a6-acef55bcbe74_960x540.mp4""}]",False,possessions,4Q/OT | margin -3..3 | 300..120,team
wnba,wnba_shot_pace,shot_pace,possessions,get-possessions,2024,Regular Season,team,"{'OffDef': 'Offense', 'FilterComparison': 'Exactly', 'FilterEvent': 'OnFloor', 'FilterValue': 5, 'StartType': 'All', 'Season': '2024', 'SeasonType': 'Regular Season', 'TeamId': '1611661330'}",shot_pace,1611661330,4Q/OT | margin -3..3 | 300..120,get-possessions__possessions__off_def-Offense__filter_comparison-Exactly__filter_event-OnFloor__filter_value-5__start_type-All__season-2024__season_type-Regular_Season__team_id-1611661330__d64e970c,get-possessions,https://api.pbpstats.com/get-possessions/wnba?OffDef=Offense&FilterComparison=Exactly&FilterEvent=OnFloor&FilterValue=5&StartType=All&Season=2024&SeasonType=Regular+Season&TeamId=1611661330,200,193,00:26,"Canada 1' Driving Reverse Layup (9 PTS)
",1,1,0,0,2024-09-15,1022400226,0,0,WAS,2,0,5,00:50,Off Arc 3 Make,0,"[{""description"": ""Canada 1' Driving Reverse Layup (9 PTS)"", ""url"": ""https://videos.nba.com/wnba/pbp/media/2024/09/15/1022400226/220/51340e65-39f6-60d1-adac-cfe57553bb64_960x540.mp4""}]",False,possessions,4Q/OT | margin -3..3 | 300..120,team
wnba,wnba_shot_pace,shot_pace,possessions,get-possessions,2024,Regular Season,team,"{'OffDef': 'Offense', 'FilterComparison': 'Exactly', 'FilterEvent': 'OnFloor', 'FilterValue': 5, 'StartType': 'All', 'Season': '2024', 'SeasonType': 'Regular Season', 'TeamId': '1611661330'}",shot_pace,1611661330,4Q/OT | margin -3..3 | 300..120,get-possessions__possessions__off_def-Offense__filter_comparison-Exactly__filter_event-OnFloor__filter_value-5__start_type-All__season-2024__season_type-Regular_Season__team_id-1611661330__d64e970c,get-possessions,https://api.pbpstats.com/get-possessions/wnba?OffDef=Offense&FilterComparison=Exactly&FilterEvent=OnFloor&FilterValue=5&StartType=All&Season=2024&SeasonType=Regular+Season&TeamId=1611661330,200,194,01:08,"Howard 26' 3PT Jump Shot (10 PTS) (Canada 3 AST)
",0,0,1,1,2024-09-15,1022400226,0,0,WAS,2,0,5,01:21,Off Timeout,0,"[{""description"": ""Howard 26' 3PT Jump Shot (10 PTS) (Canada 3 AST)"", ""url"": """"}]",False,possessions,4Q/OT | margin -3..3 | 300..120,team
wnba,wnba_shot_pace,shot_pace,possessions,get-possessions,2024,Regular Season,team,"{'OffDef': 'Offense', 'FilterComparison': 'Exactly', 'FilterEvent': 'OnFloor', 'FilterValue': 5, 'StartType': 'All', 'Season': '2024', 'SeasonType': 'Regular Season', 'TeamId': '1611661330'}",shot_pace,1611661330,4Q/OT | margin -3..3 | 300..120,get-possessions__possessions__off_def-Offense__filter_comparison-Exactly__filter_event-OnFloor__filter_value-5__start_type-All__season-2024__season_type-Regular_Season__team_id-1611661330__d64e970c,get-possessions,https://api.pbpstats.com/get-possessions/wnba?OffDef=Offense&FilterComparison=Exactly&FilterEvent=OnFloor&FilterValue=5&StartType=All&Season=2024&SeasonType=Regular+Season&TeamId=1611661330,200,195,01:32,"Canada 26' 3PT Jump Shot (7 PTS) (Charles 1 AST)
",0,0,1,1,2024-09-15,1022400226,0,0,WAS,2,0,2,02:00,Off Arc 3 Make,0,"[{""description"": ""Canada 26' 3PT Jump Shot (7 PTS) (Charles 1 AST)"", ""url"": ""https://videos.nba.com/wnba/pbp/media/2024/09/15/1022400226/211/386c5b4c-3ebd-a72e-1fbc-30756bd962fa_960x540.mp4""}]",False,possessions,4Q/OT | margin -3..3 | 300..120,team
wnba,wnba_shot_pace,shot_pace,possessions,get-possessions,2024,Regular Season,team,"{'OffDef': 'Offense', 'FilterComparison': 'Exactly', 'FilterEvent': 'OnFloor', 'FilterValue': 5, 'StartType': 'All', 'Season': '2024', 'SeasonType': 'Regular Season', 'TeamId': '1611661330'}",shot_pace,1611661330,4Q/OT | margin -3..3 | 300..120,get-possessions__possessions__off_def-Offense__filter_comparison-Exactly__filter_event-OnFloor__filter_value-5__start_type-All__season-2024__season_type-Regular_Season__team_id-1611661330__d64e970c,get-possessions,https://api.pbpstats.com/get-possessions/wnba?OffDef=Offense&FilterComparison=Exactly&FilterEvent=OnFloor&FilterValue=5&StartType=All&Season=2024&SeasonType=Regular+Season&TeamId=1611661330,200,196,02:13,"Charles 11' Turnaround Jump Shot (14 PTS) (Howard 3 AST)
",1,1,0,0,2024-09-15,1022400226,0,0,WAS,2,0,3,02:33,Off At Rim Make,0,"[{""description"": ""Charles 11' Turnaround Jump Shot (14 PTS) (Howard 3 AST)"", ""url"": ""https://videos.nba.com/wnba/pbp/media/2024/09/15/1022400226/207/cb2ade1d-4310-8648-32e8-ef4209e935bd_960x540.mp4""}]",False,possessions,4Q/OT | margin -3..3 | 300..120,team
wnba,wnba_shot_pace,shot_pace,possessions,get-possessions,2024,Regular Season,team,"{'OffDef': 'Offense', 'FilterComparison': 'Exactly', 'FilterEvent': 'OnFloor', 'FilterValue': 5, 'StartType': 'All', 'Season': '2024', 'SeasonType': 'Regular Season', 'TeamId': '1611661330'}",shot_pace,1611661330,4Q/OT | margin -3..3 | 300..120,get-possessions__possessions__off_def-Offense__filter_comparison-Exactly__filter_event-OnFloor__filter_value-5__start_type-All__season-2024__season_type-Regular_Season__team_id-1611661330__d64e970c,get-possessions,https://api.pbpstats.com/get-possessions/wnba?OffDef=Offense&FilterComparison=Exactly&FilterEvent=OnFloor&FilterValue=5&StartType=All&Season=2024&SeasonType=Regular+Season&TeamId=1611661330,200,197,02:59,"Canada 17' Pullup Jump Shot (4 PTS)
",1,1,0,0,2024-09-15,1022400226,0,0,WAS,2,0,3,03:24,Off Arc 3 Miss,0,"[{""description"": ""Canada 17' Pullup Jump Shot (4 PTS)"", ""url"": ""https://videos.nba.com/wnba/pbp/media/2024/09/15/1022400226/202/dddc81ac-f028-0ba2-ecbf-84819ec96ebc_960x540.mp4""}]",False,possessions,4Q/OT | margin -3..3 | 300..120,team
wnba,wnba_shot_pace,shot_pace,possessions,get-possessions,2024,Regular Season,team,"{'OffDef': 'Offense', 'FilterComparison': 'Exactly', 'FilterEvent': 'OnFloor', 'FilterValue': 5, 'StartType': 'All', 'Season': '2024', 'SeasonType': 'Regular Season', 'TeamId': '1611661330'}",shot_pace,1611661330,4Q/OT | margin -3..3 | 300..120,get-possessions__possessions__off_def-Offense__filter_comparison-Exactly__filter_event-OnFloor__filter_value-5__start_type-All__season-2024__season_type-Regular_Season__team_id-1611661330__d64e970c,get-possessions,https://api.pbpstats.com/get-possessions/wnba?OffDef=Offense&FilterComparison=Exactly&FilterEvent=OnFloor&FilterValue=5&StartType=All&Season=2024&SeasonType=Regular+Season&TeamId=1611661330,200,198,03:32,"Eric Thibault Foul:T.FOUL
MISS Charles Free Throw Technical
Dream Rebound
MISS Canada 25' 3PT Jump Shot
Hillmon REBOUND (Off:1 Def:2)
MISS Hillmon 2' Putback Layup
Vanloo REBOUND (Off:0 Def:2)
",1,0,1,0,2024-09-15,1022400226,0,1,WAS,2,0,3,03:56,Off Short Mid-Range Miss,0,"[{""description"": ""Eric Thibault Foul:T.FOUL"", ""url"": """"}, {""description"": ""MISS Charles Free Throw Technical"", ""url"": """"}, {""description"": ""Dream Rebound"", ""url"": """"}, {""description"": ""MISS Canada 25' 3PT Jump Shot"", ""url"": ""https://videos.nba.com/wnba/pbp/media/2024/09/15/1022400226/195/baf7300d-f786-4830-f22b-cd7e8490f9ef_960x540.mp4""}, {""description"": ""Hillmon REBOUND (Off:1 Def:2)"", ""url"": ""https://videos.nba.com/wnba/pbp/media/2024/09/15/1022400226/196/8c0b9cbe-2e1e-67c4-cdd0-ca3ae96627c7_960x540.mp4""}, {""description"": ""MISS Hillmon 2' Putback Layup"", ""url"": ""https://videos.nba.com/wnba/pbp/media/2024/09/15/1022400226/197/868aa54d-a26b-af90-d9ec-744615f957c3_960x540.mp4""}, {""description"": ""Vanloo REBOUND (Off:0 Def:2)"", ""url"": ""https://videos.nba.com/wnba/pbp/media/2024/09/15/1022400226/198/fc663bb2-2781-7c62-e71b-c843979bd2a2_960x540.mp4""}]",False,possessions,4Q/OT | margin -3..3 | 300..120,team
wnba,wnba_shot_pace,shot_pace,possessions,get-possessions,2024,Regular Season,team,"{'OffDef': 'Offense', 'FilterComparison': 'Exactly', 'FilterEvent': 'OnFloor', 'FilterValue': 5, 'StartType': 'All', 'Season': '2024', 'SeasonType': 'Regular Season', 'TeamId': '1611661330'}",shot_pace,1611661330,4Q/OT | margin -3..3 | 300..120,get-possessions__possessions__off_def-Offense__filter_comparison-Exactly__filter_event-OnFloor__filter_value-5__start_type-All__season-2024__season_type-Regular_Season__team_id-1611661330__d64e970c,get-possessions,https://api.pbpstats.com/get-possessions/wnba?OffDef=Offense&FilterComparison=Exactly&FilterEvent=OnFloor&FilterValue=5&StartType=All&Season=2024&SeasonType=Regular+Season&TeamId=1611661330,200,199,04:18,"Hillmon Out of Bounds Lost Ball Turnover (P1.T9)
",0,0,0,0,2024-09-15,1022400226,0,0,WAS,2,0,3,04:33,Off Dead Ball,1,"[{""description"": ""Hillmon Out of Bounds Lost Ball Turnover (P1.T9)"", ""url"": ""https://videos.nba.com/wnba/pbp/media/2024/09/15/1022400226/188/3812f4c3-5b62-15b1-bc82-6bfc65348e8a_960x540.mp4""}]",False,possessions,4Q/OT | margin -3..3 | 300..120,team
wnba,wnba_shot_pace,shot_pace,possessions,get-possessions,2024,Regular Season,team,"{'OffDef': 'Offense', 'FilterComparison': 'Exactly', 'FilterEvent': 'OnFloor', 'FilterValue': 5, 'StartType': 'All', 'Season': '2024', 'SeasonType': 'Regular Season', 'TeamId': '1611661330'}",shot_pace,1611661330,4Q/OT | margin -3..3 | 300..120,get-possessions__possessions__off_def-Offense__filter_comparison-Exactly__filter_event-OnFloor__filter_value-5__start_type-All__season-2024__season_type-Regular_Season__team_id-1611661330__d64e970c,get-possessions,https://api.pbpstats.com/get-possessions/wnba?OffDef=Offense&FilterComparison=Exactly&FilterEvent=OnFloor&FilterValue=5&StartType=All&Season=2024&SeasonType=Regular+Season&TeamId=1611661330,200,200,04:58,"Gray Out of Bounds - Bad Pass Turnover Turnover (P1.T8)
",0,0,0,0,2024-09-15,1022400226,0,0,WAS,2,0,3,05:20,Off Arc 3 Miss,1,"[{""description"": ""Gray Out of Bounds - Bad Pass Turnover Turnover (P1.T8)"", ""url"": ""https://videos.nba.com/wnba/pbp/media/2024/09/15/1022400226/183/01efdf33-ca55-ec82-7e60-316e884d122f_960x540.mp4""}]",False,possessions,4Q/OT | margin -3..3 | 300..120,team
wnba,wnba_shot_pace,shot_pace,possessions,get-possessions,2024,Regular Season,team,"{'OffDef': 'Offense', 'FilterComparison': 'Exactly', 'FilterEvent': 'OnFloor', 'FilterValue': 5, 'StartType': 'All', 'Season': '2024', 'SeasonType': 'Regular Season', 'TeamId': '1611661330'}",shot_pace,1611661330,4Q/OT | margin -3..3 | 300..120,get-possessions__possessions__off_def-Offense__filter_comparison-Exactly__filter_event-OnFloor__filter_value-5__start_type-All__season-2024__season_type-Regular_Season__team_id-1611661330__d64e970c,get-possessions,https://api.pbpstats.com/get-possessions/wnba?OffDef=Offense&FilterComparison=Exactly&FilterEvent=OnFloor&FilterValue=5&StartType=All&Season=2024&SeasonType=Regular+Season&TeamId=1611661330,200,201,05:42,"Walker-Kimbrough P.FOUL (P1.T2)
MISS Gray 25' 3PT Jump Shot
Atkins REBOUND (Off:0 Def:1)
",0,0,1,0,2024-09-15,1022400226,0,0,WAS,2,0,3,06:02,Off Timeout,0,"[{""description"": ""Walker-Kimbrough P.FOUL (P1.T2)"", ""url"": """"}, {""description"": ""MISS Gray 25' 3PT Jump Shot"", ""url"": ""https://videos.nba.com/wnba/pbp/media/2024/09/15/1022400226/179/92f54ea7-9cf8-67d7-7dcc-199e595ed097_960x540.mp4""}, {""description"": ""Atkins REBOUND (Off:0 Def:1)"", ""url"": ""https://videos.nba.com/wnba/pbp/media/2024/09/15/1022400226/180/615fc25a-ac58-adf9-97f6-905d6c82548e_960x540.mp4""}]",False,possessions,4Q/OT | margin -3..3 | 300..120,team
wnba,wnba_shot_pace,shot_pace,possessions,get-possessions,2024,Regular Season,team,"{'OffDef': 'Offense', 'FilterComparison': 'Exactly', 'FilterEvent': 'OnFloor', 'FilterValue': 5, 'StartType': 'All', 'Season': '2024', 'SeasonType': 'Regular Season', 'TeamId': '1611661330'}",shot_pace,1611661330,4Q/OT | margin -3..3 | 300..120,get-possessions__possessions__off_def-Offense__filter_comparison-Exactly__filter_event-OnFloor__filter_value-5__start_type-All__season-2024__season_type-Regular_Season__team_id-1611661330__d64e970c,get-possessions,https://api.pbpstats.com/get-possessions/wnba?OffDef=Offense&FilterComparison=Exactly&FilterEvent=OnFloor&FilterValue=5&StartType=All&Season=2024&SeasonType=Regular+Season&TeamId=1611661330,200,202,06:20,"Atkins S.FOUL (P1.T1)
Gray Free Throw 1 of 2 (3 PTS)
Gray Free Throw 2 of 2 (4 PTS)
",0,0,0,0,2024-09-15,1022400226,0,0,WAS,2,1,1,06:39,Off At Rim Make,0,"[{""description"": ""Atkins S.FOUL (P1.T1)"", ""url"": """"}, {""description"": ""Gray Free Throw 1 of 2 (3 PTS)"", ""url"": """"}, {""description"": ""Gray Free Throw 2 of 2 (4 PTS)"", ""url"": """"}]",False,possessions,4Q/OT | margin -3..3 | 300..120,team
wnba,wnba_shot_pace,shot_pace,possessions,get-possessions,2024,Regular Season,team,"{'OffDef': 'Offense', 'FilterComparison': 'Exactly', 'FilterEvent': 'OnFloor', 'FilterValue': 5, 'StartType': 'All', 'Season': '2024', 'SeasonType': 'Regular Season', 'TeamId': '1611661330'}",shot_pace,1611661330,4Q/OT | margin -3..3 | 300..120,get-possessions__possessions__off_def-Offense__filter_comparison-Exactly__filter_event-OnFloor__filter_value-5__start_type-All__season-2024__season_type-Regular_Season__team_id-1611661330__d64e970c,get-possessions,https://api.pbpstats.com/get-possessions/wnba?OffDef=Offense&FilterComparison=Exactly&FilterEvent=OnFloor&FilterValue=5&StartType=All&Season=2024&SeasonType=Regular+Season&TeamId=1611661330,200,203,06:55,"Engstler BLOCK (1 BLK): MISS Howard 24' 3PT Jump Shot
Dream Rebound
Dream Turnover: Shot Clock (T#7)
",0,0,1,0,2024-09-15,1022400226,0,0,WAS,2,0,3,07:19,Off FT Make,1,"[{""description"": ""Engstler BLOCK (1 BLK): MISS Howard 24' 3PT Jump Shot"", ""url"": ""https://videos.nba.com/wnba/pbp/media/2024/09/15/1022400226/157/8e9da3bb-abe3-a695-e358-6b33b119f344_960x540.mp4""}, {""description"": ""Dream Rebound"", ""url"": """"}, {""description"": ""Dream Turnover: Shot Clock (T#7)"", ""url"": """"}]",False,possessions,4Q/OT | margin -3..3 | 300..120,team
wnba,wnba_shot_pace,shot_pace,possessions,get-possessions,2024,Regular Season,team,"{'OffDef': 'Offense', 'FilterComparison': 'Exactly', 'FilterEvent': 'OnFloor', 'FilterValue': 5, 'StartType': 'All', 'Season': '2024', 'SeasonType': 'Regular Season', 'TeamId': '1611661330'}",shot_pace,1611661330,4Q/OT | margin -3..3 | 300..120,get-possessions__possessions__off_def-Offense__filter_comparison-Exactly__filter_event-OnFloor__filter_value-5__start_type-All__season-2024__season_type-Regular_Season__team_id-1611661330__d64e970c,get-possessions,https://api.pbpstats.com/get-possessions/wnba?OffDef=Offense&FilterComparison=Exactly&FilterEvent=OnFloor&FilterValue=5&StartType=All&Season=2024&SeasonType=Regular+Season&TeamId=1611661330,200,204,07:24,"MISS Gray 3PT Jump Shot
Koné REBOUND (Off:0 Def:2)
",0,0,1,0,2024-09-15,1022400226,0,0,WAS,2,0,5,07:41,Off Arc 3 Miss,0,"[{""description"": ""MISS Gray 3PT Jump Shot"", ""url"": ""https://videos.nba.com/wnba/pbp/media/2024/09/15/1022400226/149/d46ed12f-8764-19f3-7c59-27b17651b056_960x540.mp4""}, {""description"": ""Koné REBOUND (Off:0 Def:2)"", ""url"": ""https://videos.nba.com/wnba/pbp/media/2024/09/15/1022400226/150/39166128-cfd1-4a8e-f05e-4a9014c6a22f_960x540.mp4""}]",False,possessions,4Q/OT | margin -3..3 | 300..120,team
wnba,wnba_shot_pace,shot_pace,possessions,get-possessions,2024,Regular Season,team,"{'OffDef': 'Offense', 'FilterComparison': 'Exactly', 'FilterEvent': 'OnFloor', 'FilterValue': 5, 'StartType': 'All', 'Season': '2024', 'SeasonType': 'Regular Season', 'TeamId': '1611661330'}",shot_pace,1611661330,4Q/OT | margin -3..3 | 300..120,get-possessions__possessions__off_def-Offense__filter_comparison-Exactly__filter_event-OnFloor__filter_value-5__start_type-All__season-2024__season_type-Regular_Season__team_id-1611661330__d64e970c,get-possessions,https://api.pbpstats.com/get-possessions/wnba?OffDef=Offense&FilterComparison=Exactly&FilterEvent=OnFloor&FilterValue=5&StartType=All&Season=2024&SeasonType=Regular+Season&TeamId=1611661330,200,205,08:05,"Charles 18' Step Back Jump Shot (12 PTS) (Canada 2 AST)
",1,1,0,0,2024-09-15,1022400226,0,0,WAS,2,0,3,08:23,Off At Rim Make,0,"[{""description"": ""Charles 18' Step Back Jump Shot (12 PTS) (Canada 2 AST)"", ""url"": ""https://videos.nba.com/wnba/pbp/media/2024/09/15/1022400226/141/f89a3ba9-11e6-4483-4ad1-81221e531296_960x540.mp4""}]",False,possessions,4Q/OT | margin -3..3 | 300..120,team
wnba,wnba_shot_pace,shot_pace,possessions,get-possessions,2024,Regular Season,team,"{'OffDef': 'Offense', 'FilterComparison': 'Exactly', 'FilterEvent': 'OnFloor', 'FilterValue': 5, 'StartType': 'All', 'Season': '2024', 'SeasonType': 'Regular Season', 'TeamId': '1611661330'}",shot_pace,1611661330,4Q/OT | margin -3..3 | 300..120,get-possessions__possessions__off_def-Offense__filter_comparison-Exactly__filter_event-OnFloor__filter_value-5__start_type-All__season-2024__season_type-Regular_Season__team_id-1611661330__d64e970c,get-possessions,https://api.pbpstats.com/get-possessions/wnba?OffDef=Offense&FilterComparison=Exactly&FilterEvent=OnFloor&FilterValue=5&StartType=All&Season=2024&SeasonType=Regular+Season&TeamId=1611661330,200,206,08:30,"MISS Howard 17' Jump Shot
Koné REBOUND (Off:0 Def:1)
",1,0,0,0,2024-09-15,1022400226,0,0,WAS,2,0,5,08:52,Off At Rim Make,0,"[{""description"": ""MISS Howard 17' Jump Shot"", ""url"": ""https://videos.nba.com/wnba/pbp/media/2024/09/15/1022400226/138/9d7ec066-a8c4-c305-6593-8d56350d351b_960x540.mp4""}, {""description"": ""Koné REBOUND (Off:0 Def:1)"", ""url"": ""https://videos.nba.com/wnba/pbp/media/2024/09/15/1022400226/139/f23be2f9-2366-b9d0-43f5-67a232469710_960x540.mp4""}]",False,possessions,4Q/OT | margin -3..3 | 300..120,team
wnba,wnba_shot_pace,shot_pace,possessions,get-possessions,2024,Regular Season,team,"{'OffDef': 'Offense', 'FilterComparison': 'Exactly', 'FilterEvent': 'OnFloor', 'FilterValue': 5, 'StartType': 'All', 'Season': '2024', 'SeasonType': 'Regular Season', 'TeamId': '1611661330'}",shot_pace,1611661330,4Q/OT | margin -3..3 | 300..120,get-possessions__possessions__off_def-Offense__filter_comparison-Exactly__filter_event-OnFloor__filter_value-5__start_type-All__season-2024__season_type-Regular_Season__team_id-1611661330__d64e970c,get-possessions,https://api.pbpstats.com/get-possessions/wnba?OffDef=Offense&FilterComparison=Exactly&FilterEvent=OnFloor&FilterValue=5&StartType=All&Season=2024&SeasonType=Regular+Season&TeamId=1611661330,200,207,08:55,"Walker-Kimbrough STEAL (1 STL): Howard Bad Pass Turnover (P1.T6)
",0,0,0,0,2024-09-15,1022400226,0,0,WAS,2,0,7,09:14,Off At Rim Make,1,"[{""description"": ""Walker-Kimbrough STEAL (1 STL): Howard Bad Pass Turnover (P1.T6)"", ""url"": ""https://videos.nba.com/wnba/pbp/media/2024/09/15/1022400226/135/ee4e2d8b-34ee-5119-e3fc-f0c982c34149_960x540.mp4""}]",False,possessions,4Q/OT | margin -3..3 | 300..120,team
wnba,wnba_shot_pace,shot_pace,possessions,get-possessions,2024,Regular Season,team,"{'OffDef': 'Offense', 'FilterComparison': 'Exactly', 'FilterEvent': 'OnFloor', 'FilterValue': 5, 'StartType': 'All', 'Season': '2024', 'SeasonType': 'Regular Season', 'TeamId': '1611661330'}",shot_pace,1611661330,4Q/OT | margin -3..3 | 300..120,get-possessions__possessions__off_def-Offense__filter_comparison-Exactly__filter_event-OnFloor__filter_value-5__start_type-All__season-2024__season_type-Regular_Season__team_id-1611661330__d64e970c,get-possessions,https://api.pbpstats.com/get-possessions/wnba?OffDef=Offense&FilterComparison=Exactly&FilterEvent=OnFloor&FilterValue=5&StartType=All&Season=2024&SeasonType=Regular+Season&TeamId=1611661330,200,208,09:34,"Charles 9' Fadeaway Jumper (10 PTS) (Canada 1 AST)
",1,1,0,0,2024-09-15,1022400226,0,0,WAS,2,0,7,09:44,Off Short Mid-Range Miss,0,"[{""description"": ""Charles 9' Fadeaway Jumper (10 PTS) (Canada 1 AST)"", ""url"": ""https://videos.nba.com/wnba/pbp/media/2024/09/15/1022400226/131/a1d899a4-b7c0-2571-47fa-b07f50de1655_960x540.mp4""}]",False,possessions,4Q/OT | margin -3..3 | 300..120,team
wnba,wnba_shot_pace,shot_pace,possessions,get-possessions,2024,Regular Season,team,"{'OffDef': 'Offense', 'FilterComparison': 'Exactly', 'FilterEvent': 'OnFloor', 'FilterValue': 5, 'StartType': 'All', 'Season': '2024', 'SeasonType': 'Regular Season', 'TeamId': '1611661330'}",shot_pace,1611661330,4Q/OT | margin -3..3 | 300..120,get-possessions__possessions__off_def-Offense__filter_comparison-Exactly__filter_event-OnFloor__filter_value-5__start_type-All__season-2024__season_type-Regular_Season__team_id-1611661330__d64e970c,get-possessions,https://api.pbpstats.com/get-possessions/wnba?OffDef=Offense&FilterComparison=Exactly&FilterEvent=OnFloor&FilterValue=5&StartType=All&Season=2024&SeasonType=Regular+Season&TeamId=1611661330,200,209,00:03,"Canada 4' Driving Layup (2 PTS)
",1,1,0,0,2024-09-15,1022400226,0,0,WAS,1,0,5,00:13,Off Dead Ball,0,"[{""description"": ""Canada 4' Driving Layup (2 PTS)"", ""url"": ""https://videos.nba.com/wnba/pbp/media/2024/09/15/1022400226/121/5ad3cdaf-8e3e-9bf2-fc70-17743e6f0fac_960x540.mp4""}]",False,possessions,4Q/OT | margin -3..3 | 300..120,team
wnba,wnba_shot_pace,shot_pace,possessions,get-possessions,2024,Regular Season,team,"{'OffDef': 'Offense', 'FilterComparison': 'Exactly', 'FilterEvent': 'OnFloor', 'FilterValue': 5, 'StartType': 'All', 'Season': '2024', 'SeasonType': 'Regular Season', 'TeamId': '1611661330'}",shot_pace,1611661330,4Q/OT | margin -3..3 | 300..120,get-possessions__possessions__off_def-Offense__filter_comparison-Exactly__filter_event-OnFloor__filter_value-5__start_type-All__season-2024__season_type-Regular_Season__team_id-1611661330__d64e970c,get-possessions,https://api.pbpstats.com/get-possessions/wnba?OffDef=Offense&FilterComparison=Exactly&FilterEvent=OnFloor&FilterValue=5&StartType=All&Season=2024&SeasonType=Regular+Season&TeamId=1611661330,200,210,00:29,"Howard 3PT Jump Shot (7 PTS) (Caldwell 1 AST)
",0,0,1,1,2024-09-15,1022400226,0,0,WAS,1,0,2,00:50,Off Arc 3 Miss,0,"[{""description"": ""Howard 3PT Jump Shot (7 PTS) (Caldwell 1 AST)"", ""url"": ""https://videos.nba.com/wnba/pbp/media/2024/09/15/1022400226/114/375939ba-7598-17a8-5917-a2cd50b012f5_960x540.mp4""}]",False,possessions,4Q/OT | margin -3..3 | 300..120,team
wnba,wnba_shot_pace,shot_pace,possessions,get-possessions,2024,Regular Season,team,"{'OffDef': 'Offense', 'FilterComparison': 'Exactly', 'FilterEvent': 'OnFloor', 'FilterValue': 5, 'StartType': 'All', 'Season': '2024', 'SeasonType': 'Regular Season', 'TeamId': '1611661330'}",shot_pace,1611661330,4Q/OT | margin -3..3 | 300..120,get-possessions__possessions__off_def-Offense__filter_comparison-Exactly__filter_event-OnFloor__filter_value-5__start_type-All__season-2024__season_type-Regular_Season__team_id-1611661330__d64e970c,get-possessions,https://api.pbpstats.com/get-possessions/wnba?OffDef=Offense&FilterComparison=Exactly&FilterEvent=OnFloor&FilterValue=5&StartType=All&Season=2024&SeasonType=Regular+Season&TeamId=1611661330,200,211,01:00,"Melbourne STEAL (1 STL): Jones Bad Pass Turnover (P2.T5)
",0,0,0,0,2024-09-15,1022400226,0,0,WAS,1,0,2,01:15,Off Short Mid-Range Miss,1,"[{""description"": ""Melbourne STEAL (1 STL): Jones Bad Pass Turnover (P2.T5)"", ""url"": ""https://videos.nba.com/wnba/pbp/media/2024/09/15/1022400226/110/ef6dbcfb-ab5d-50fd-1805-b94488033e66_960x540.mp4""}]",False,possessions,4Q/OT | margin -3..3 | 300..120,team
wnba,wnba_shot_pace,shot_pace,possessions,get-possessions,2024,Regular Season,team,"{'OffDef': 'Offense', 'FilterComparison': 'Exactly', 'FilterEvent': 'OnFloor', 'FilterValue': 5, 'StartType': 'All', 'Season': '2024', 'SeasonType': 'Regular Season', 'TeamId': '1611661330'}",shot_pace,1611661330,4Q/OT | margin -3..3 | 300..120,get-possessions__possessions__off_def-Offense__filter_comparison-Exactly__filter_event-OnFloor__filter_value-5__start_type-All__season-2024__season_type-Regular_Season__team_id-1611661330__d64e970c,get-possessions,https://api.pbpstats.com/get-possessions/wnba?OffDef=Offense&FilterComparison=Exactly&FilterEvent=OnFloor&FilterValue=5&StartType=All&Season=2024&SeasonType=Regular+Season&TeamId=1611661330,200,212,01:29,"MISS Howard 6' Driving Finger Roll Layup
Walker-Kimbrough REBOUND (Off:0 Def:1)
",1,0,0,0,2024-09-15,1022400226,0,0,WAS,1,0,2,01:44,Off Arc 3 Make,0,"[{""description"": ""MISS Howard 6' Driving Finger Roll Layup"", ""url"": ""https://videos.nba.com/wnba/pbp/media/2024/09/15/1022400226/104/a950023f-bf9a-793d-f053-58433c293aaa_960x540.mp4""}, {""description"": ""Walker-Kimbrough REBOUND (Off:0 Def:1)"", ""url"": ""https://videos.nba.com/wnba/pbp/media/2024/09/15/1022400226/105/479cd1c7-235a-f71d-b196-83c829982f2a_960x540.mp4""}]",False,possessions,4Q/OT | margin -3..3 | 300..120,team
wnba,wnba_shot_pace,shot_pace,possessions,get-possessions,2024,Regular Season,team,"{'OffDef': 'Offense', 'FilterComparison': 'Exactly', 'FilterEvent': 'OnFloor', 'FilterValue': 5, 'StartType': 'All', 'Season': '2024', 'SeasonType': 'Regular Season', 'TeamId': '1611661330'}",shot_pace,1611661330,4Q/OT | margin -3..3 | 300..120,get-possessions__possessions__off_def-Offense__filter_comparison-Exactly__filter_event-OnFloor__filter_value-5__start_type-All__season-2024__season_type-Regular_Season__team_id-1611661330__d64e970c,get-possessions,https://api.pbpstats.com/get-possessions/wnba?OffDef=Offense&FilterComparison=Exactly&FilterEvent=OnFloor&FilterValue=5&StartType=All&Season=2024&SeasonType=Regular+Season&TeamId=1611661330,200,213,01:58,"Jones Out of Bounds Lost Ball Turnover (P1.T4)
",0,0,0,0,2024-09-15,1022400226,0,0,WAS,1,0,5,02:24,Off Long Mid-Range Make,1,"[{""description"": ""Jones Out of Bounds Lost Ball Turnover (P1.T4)"", ""url"": ""https://videos.nba.com/wnba/pbp/media/2024/09/15/1022400226/100/bb743591-6e2b-eb57-58a6-e426f934148e_960x540.mp4""}]",False,possessions,4Q/OT | margin -3..3 | 300..120,team
wnba,wnba_shot_pace,shot_pace,possessions,get-possessions,2024,Regular Season,team,"{'OffDef': 'Offense', 'FilterComparison': 'Exactly', 'FilterEvent': 'OnFloor', 'FilterValue': 5, 'StartType': 'All', 'Season': '2024', 'SeasonType': 'Regular Season', 'TeamId': '1611661330'}",shot_pace,1611661330,4Q/OT | margin -3..3 | 300..120,get-possessions__possessions__off_def-Offense__filter_comparison-Exactly__filter_event-OnFloor__filter_value-5__start_type-All__season-2024__season_type-Regular_Season__team_id-1611661330__d64e970c,get-possessions,https://api.pbpstats.com/get-possessions/wnba?OffDef=Offense&FilterComparison=Exactly&FilterEvent=OnFloor&FilterValue=5&StartType=All&Season=2024&SeasonType=Regular+Season&TeamId=1611661330,200,214,02:33,"Samuelson STEAL (1 STL): Caldwell Bad Pass Turnover (P1.T3)
",0,0,0,0,2024-09-15,1022400226,0,0,WAS,1,0,7,02:37,Off Corner 3 Miss,1,"[{""description"": ""Samuelson STEAL (1 STL): Caldwell Bad Pass Turnover (P1.T3)"", ""url"": ""https://videos.nba.com/wnba/pbp/media/2024/09/15/1022400226/96/7c8502f8-1b6f-f4b5-cfb0-b301c9dbe8ef_960x540.mp4""}]",False,possessions,4Q/OT | margin -3..3 | 300..120,team
wnba,wnba_shot_pace,shot_pace,possessions,get-possessions,2024,Regular Season,team,"{'OffDef': 'Offense', 'FilterComparison': 'Exactly', 'FilterEvent': 'OnFloor', 'FilterValue': 5, 'StartType': 'All', 'Season': '2024', 'SeasonType': 'Regular Season', 'TeamId': '1611661330'}",shot_pace,1611661330,4Q/OT | margin -3..3 | 300..120,get-possessions__possessions__off_def-Offense__filter_comparison-Exactly__filter_event-OnFloor__filter_value-5__start_type-All__season-2024__season_type-Regular_Season__team_id-1611661330__d64e970c,get-possessions,https://api.pbpstats.com/get-possessions/wnba?OffDef=Offense&FilterComparison=Exactly&FilterEvent=OnFloor&FilterValue=5&StartType=All&Season=2024&SeasonType=Regular+Season&TeamId=1611661330,200,215,02:56,"Sykes S.FOUL (P1.T4)
Jones Free Throw 1 of 2 (1 PTS)
Jones Free Throw 2 of 2 (2 PTS)
",0,0,0,0,2024-09-15,1022400226,0,0,WAS,1,1,5,03:01,Off Long Mid-Range Miss,0,"[{""description"": ""Sykes S.FOUL (P1.T4)"", ""url"": """"}, {""description"": ""Jones Free Throw 1 of 2 (1 PTS)"", ""url"": """"}, {""description"": ""Jones Free Throw 2 of 2 (2 PTS)"", ""url"": """"}]",False,possessions,4Q/OT | margin -3..3 | 300..120,team
wnba,wnba_shot_pace,shot_pace,possessions,get-possessions,2024,Regular Season,team,"{'OffDef': 'Offense', 'FilterComparison': 'Exactly', 'FilterEvent': 'OnFloor', 'FilterValue': 5, 'StartType': 'All', 'Season': '2024', 'SeasonType': 'Regular Season', 'TeamId': '1611661330'}",shot_pace,1611661330,4Q/OT | margin -3..3 | 300..120,get-possessions__possessions__off_def-Offense__filter_comparison-Exactly__filter_event-OnFloor__filter_value-5__start_type-All__season-2024__season_type-Regular_Season__team_id-1611661330__d64e970c,get-possessions,https://api.pbpstats.com/get-possessions/wnba?OffDef=Offense&FilterComparison=Exactly&FilterEvent=OnFloor&FilterValue=5&StartType=All&Season=2024&SeasonType=Regular+Season&TeamId=1611661330,200,216,03:23,"Charles 4' Cutting Layup Shot (8 PTS) (Howard 2 AST)
",1,1,0,0,2024-09-15,1022400226,0,0,WAS,1,0,3,03:44,Off Dead Ball,0,"[{""description"": ""Charles 4' Cutting Layup Shot (8 PTS) (Howard 2 AST)"", ""url"": ""https://videos.nba.com/wnba/pbp/media/2024/09/15/1022400226/78/552b2215-3c59-903c-5719-d92d0150c2ce_960x540.mp4""}]",False,possessions,4Q/OT | margin -3..3 | 300..120,team
wnba,wnba_shot_pace,shot_pace,possessions,get-possessions,2024,Regular Season,team,"{'OffDef': 'Offense', 'FilterComparison': 'Exactly', 'FilterEvent': 'OnFloor', 'FilterValue': 5, 'StartType': 'All', 'Season': '2024', 'SeasonType': 'Regular Season', 'TeamId': '1611661330'}",shot_pace,1611661330,4Q/OT | margin -3..3 | 300..120,get-possessions__possessions__off_def-Offense__filter_comparison-Exactly__filter_event-OnFloor__filter_value-5__start_type-All__season-2024__season_type-Regular_Season__team_id-1611661330__d64e970c,get-possessions,https://api.pbpstats.com/get-possessions/wnba?OffDef=Offense&FilterComparison=Exactly&FilterEvent=OnFloor&FilterValue=5&StartType=All&Season=2024&SeasonType=Regular+Season&TeamId=1611661330,200,217,03:56,"MISS Gray 25' 3PT Jump Shot
Dolson REBOUND (Off:0 Def:2)
",0,0,1,0,2024-09-15,1022400226,0,0,WAS,1,0,3,04:17,Off Steal,0,"[{""description"": ""MISS Gray 25' 3PT Jump Shot"", ""url"": ""https://videos.nba.com/wnba/pbp/media/2024/09/15/1022400226/73/58209b49-fc64-d71f-9d9a-284e8787b406_960x540.mp4""}, {""description"": ""Dolson REBOUND (Off:0 Def:2)"", ""url"": ""https://videos.nba.com/wnba/pbp/media/2024/09/15/1022400226/74/20782eb9-da74-50e0-2258-e7936c6fc820_960x540.mp4""}]",False,possessions,4Q/OT | margin -3..3 | 300..120,team
wnba,wnba_shot_pace,shot_pace,possessions,get-possessions,2024,Regular Season,team,"{'OffDef': 'Offense', 'FilterComparison': 'Exactly', 'FilterEvent': 'OnFloor', 'FilterValue': 5, 'StartType': 'All', 'Season': '2024', 'SeasonType': 'Regular Season', 'TeamId': '1611661330'}",shot_pace,1611661330,4Q/OT | margin -3..3 | 300..120,get-possessions__possessions__off_def-Offense__filter_comparison-Exactly__filter_event-OnFloor__filter_value-5__start_type-All__season-2024__season_type-Regular_Season__team_id-1611661330__d64e970c,get-possessions,https://api.pbpstats.com/get-possessions/wnba?OffDef=Offense&FilterComparison=Exactly&FilterEvent=OnFloor&FilterValue=5&StartType=All&Season=2024&SeasonType=Regular+Season&TeamId=1611661330,200,218,04:30,"MISS Charles 21' Jump Shot
Samuelson REBOUND (Off:0 Def:1)
",1,0,0,0,2024-09-15,1022400226,0,0,WAS,1,0,3,04:46,Off Arc 3 Miss,0,"[{""description"": ""MISS Charles 21' Jump Shot"", ""url"": ""https://videos.nba.com/wnba/pbp/media/2024/09/15/1022400226/61/0fb747dc-126a-70ea-b20c-89c9d8e95f62_960x540.mp4""}, {""description"": ""Samuelson REBOUND (Off:0 Def:1)"", ""url"": ""https://videos.nba.com/wnba/pbp/media/2024/09/15/1022400226/62/91765e5c-f68d-7bb4-1df6-47cd1429a597_960x540.mp4""}]",False,possessions,4Q/OT | margin -3..3 | 300..120,team
wnba,wnba_shot_pace,shot_pace,possessions,get-possessions,2024,Regular Season,team,"{'OffDef': 'Offense', 'FilterComparison': 'Exactly', 'FilterEvent': 'OnFloor', 'FilterValue': 5, 'StartType': 'All', 'Season': '2024', 'SeasonType': 'Regular Season', 'TeamId': '1611661330'}",shot_pace,1611661330,4Q/OT | margin -3..3 | 300..120,get-possessions__possessions__off_def-Offense__filter_comparison-Exactly__filter_event-OnFloor__filter_value-5__start_type-All__season-2024__season_type-Regular_Season__team_id-1611661330__d64e970c,get-possessions,https://api.pbpstats.com/get-possessions/wnba?OffDef=Offense&FilterComparison=Exactly&FilterEvent=OnFloor&FilterValue=5&StartType=All&Season=2024&SeasonType=Regular+Season&TeamId=1611661330,200,219,04:59,"Howard 15' Jump Shot (4 PTS) (Gray 2 AST)
",1,1,0,0,2024-09-15,1022400226,0,0,WAS,1,0,1,05:14,Off Arc 3 Make,0,"[{""description"": ""Howard 15' Jump Shot (4 PTS) (Gray 2 AST)"", ""url"": ""https://videos.nba.com/wnba/pbp/media/2024/09/15/1022400226/57/8d5bf66e-94b2-d40a-4240-956c0c9105a9_960x540.mp4""}]",False,possessions,4Q/OT | margin -3..3 | 300..120,team
wnba,wnba_shot_pace,shot_pace,possessions,get-possessions,2024,Regular Season,team,"{'OffDef': 'Offense', 'FilterComparison': 'Exactly', 'FilterEvent': 'OnFloor', 'FilterValue': 5, 'StartType': 'All', 'Season': '2024', 'SeasonType': 'Regular Season', 'TeamId': '1611661330'}",shot_pace,1611661330,4Q/OT | margin -3..3 | 300..120,get-possessions__possessions__off_def-Offense__filter_comparison-Exactly__filter_event-OnFloor__filter_value-5__start_type-All__season-2024__season_type-Regular_Season__team_id-1611661330__d64e970c,get-possessions,https://api.pbpstats.com/get-possessions/wnba?OffDef=Offense&FilterComparison=Exactly&FilterEvent=OnFloor&FilterValue=5&StartType=All&Season=2024&SeasonType=Regular+Season&TeamId=1611661330,200,220,05:31,"Samuelson S.FOUL (P1.T3)
Howard Free Throw 1 of 2 (1 PTS)
Howard Free Throw 2 of 2 (2 PTS)
",0,0,0,0,2024-09-15,1022400226,0,0,WAS,1,1,2,05:34,Off Steal,0,"[{""description"": ""Samuelson S.FOUL (P1.T3)"", ""url"": """"}, {""description"": ""Howard Free Throw 1 of 2 (1 PTS)"", ""url"": """"}, {""description"": ""Howard Free Throw 2 of 2 (2 PTS)"", ""url"": """"}]",False,possessions,4Q/OT | margin -3..3 | 300..120,team
wnba,wnba_shot_pace,shot_pace,possessions,get-possessions,2024,Regular Season,team,"{'OffDef': 'Offense', 'FilterComparison': 'Exactly', 'FilterEvent': 'OnFloor', 'FilterValue': 5, 'StartType': 'All', 'Season': '2024', 'SeasonType': 'Regular Season', 'TeamId': '1611661330'}",shot_pace,1611661330,4Q/OT | margin -3..3 | 300..120,get-possessions__possessions__off_def-Offense__filter_comparison-Exactly__filter_event-OnFloor__filter_value-5__start_type-All__season-2024__season_type-Regular_Season__team_id-1611661330__d64e970c,get-possessions,https://api.pbpstats.com/get-possessions/wnba?OffDef=Offense&FilterComparison=Exactly&FilterEvent=OnFloor&FilterValue=5&StartType=All&Season=2024&SeasonType=Regular+Season&TeamId=1611661330,200,221,05:46,"MISS Howard 13' Jump Shot
Charles REBOUND (Off:1 Def:2)
Charles Step Out of Bounds Turnover (P2.T2)
",1,0,0,0,2024-09-15,1022400226,0,1,WAS,1,0,2,06:06,Off Short Mid-Range Miss,1,"[{""description"": ""MISS Howard 13' Jump Shot"", ""url"": ""https://videos.nba.com/wnba/pbp/media/2024/09/15/1022400226/42/ae41bdd7-621b-9a8b-bab7-4c6f003d00ac_960x540.mp4""}, {""description"": ""Charles REBOUND (Off:1 Def:2)"", ""url"": ""https://videos.nba.com/wnba/pbp/media/2024/09/15/1022400226/43/0b7748d8-cfe3-2df6-273b-5116cbb65f7a_960x540.mp4""}, {""description"": ""Charles Step Out of Bounds Turnover (P2.T2)"", ""url"": ""https://videos.nba.com/wnba/pbp/media/2024/09/15/1022400226/44/6f2d6691-94c3-73b8-7dda-813ea2acd899_960x540.mp4""}]",False,possessions,4Q/OT | margin -3..3 | 300..120,team
wnba,wnba_shot_pace,shot_pace,possessions,get-possessions,2024,Regular Season,team,"{'OffDef': 'Offense', 'FilterComparison': 'Exactly', 'FilterEvent': 'OnFloor', 'FilterValue': 5, 'StartType': 'All', 'Season': '2024', 'SeasonType': 'Regular Season', 'TeamId': '1611661330'}",shot_pace,1611661330,4Q/OT | margin -3..3 | 300..120,get-possessions__possessions__off_def-Offense__filter_comparison-Exactly__filter_event-OnFloor__filter_value-5__start_type-All__season-2024__season_type-Regular_Season__team_id-1611661330__d64e970c,get-possessions,https://api.pbpstats.com/get-possessions/wnba?OffDef=Offense&FilterComparison=Exactly&FilterEvent=OnFloor&FilterValue=5&StartType=All&Season=2024&SeasonType=Regular+Season&TeamId=1611661330,200,222,06:21,"MISS Gray 12' Fadeaway Jumper
Engstler REBOUND (Off:0 Def:1)
",1,0,0,0,2024-09-15,1022400226,0,0,WAS,1,0,2,06:31,Off Steal,0,"[{""description"": ""MISS Gray 12' Fadeaway Jumper"", ""url"": ""https://videos.nba.com/wnba/pbp/media/2024/09/15/1022400226/38/b08f01e7-74cb-87e3-dbb8-64faf3c01535_960x540.mp4""}, {""description"": ""Engstler REBOUND (Off:0 Def:1)"", ""url"": ""https://videos.nba.com/wnba/pbp/media/2024/09/15/1022400226/39/df5aa926-3ecd-ce17-f2f8-0a64e7e7ffc2_960x540.mp4""}]",False,possessions,4Q/OT | margin -3..3 | 300..120,team
wnba,wnba_shot_pace,shot_pace,possessions,get-possessions,2024,Regular Season,team,"{'OffDef': 'Offense', 'FilterComparison': 'Exactly', 'FilterEvent': 'OnFloor', 'FilterValue': 5, 'StartType': 'All', 'Season': '2024', 'SeasonType': 'Regular Season', 'TeamId': '1611661330'}",shot_pace,1611661330,4Q/OT | margin -3..3 | 300..120,get-possessions__possessions__off_def-Offense__filter_comparison-Exactly__filter_event-OnFloor__filter_value-5__start_type-All__season-2024__season_type-Regular_Season__team_id-1611661330__d64e970c,get-possessions,https://api.pbpstats.com/get-possessions/wnba?OffDef=Offense&FilterComparison=Exactly&FilterEvent=OnFloor&FilterValue=5&StartType=All&Season=2024&SeasonType=Regular+Season&TeamId=1611661330,200,223,06:47,"Charles 2' Layup (6 PTS) (Howard 1 AST)
",1,1,0,0,2024-09-15,1022400226,0,0,WAS,1,0,0,07:05,Off Steal,0,"[{""description"": ""Charles 2' Layup (6 PTS) (Howard 1 AST)"", ""url"": ""https://videos.nba.com/wnba/pbp/media/2024/09/15/1022400226/34/88a7505b-518d-404c-481c-7b1a7d63fcc6_960x540.mp4""}]",False,possessions,4Q/OT | margin -3..3 | 300..120,team
wnba,wnba_shot_pace,shot_pace,possessions,get-possessions,2024,Regular Season,team,"{'OffDef': 'Offense', 'FilterComparison': 'Exactly', 'FilterEvent': 'OnFloor', 'FilterValue': 5, 'StartType': 'All', 'Season': '2024', 'SeasonType': 'Regular Season', 'TeamId': '1611661330'}",shot_pace,1611661330,4Q/OT | margin -3..3 | 300..120,get-possessions__possessions__off_def-Offense__filter_comparison-Exactly__filter_event-OnFloor__filter_value-5__start_type-All__season-2024__season_type-Regular_Season__team_id-1611661330__d64e970c,get-possessions,https://api.pbpstats.com/get-possessions/wnba?OffDef=Offense&FilterComparison=Exactly&FilterEvent=OnFloor&FilterValue=5&StartType=All&Season=2024&SeasonType=Regular+Season&TeamId=1611661330,200,224,07:19,"Dolson P.FOUL (P1.T2)
Charles Out of Bounds - Bad Pass Turnover Turnover (P1.T1)
",0,0,0,0,2024-09-15,1022400226,0,0,WAS,1,0,0,07:30,Off Steal,1,"[{""description"": ""Dolson P.FOUL (P1.T2)"", ""url"": """"}, {""description"": ""Charles Out of Bounds - Bad Pass Turnover Turnover (P1.T1)"", ""url"": ""https://videos.nba.com/wnba/pbp/media/2024/09/15/1022400226/31/c3c80222-3fcb-c243-e3ad-5b27d12cb2ec_960x540.mp4""}]",False,possessions,4Q/OT | margin -3..3 | 300..120,team
wnba,wnba_shot_pace,shot_pace,possessions,get-possessions,2024,Regular Season,team,"{'OffDef': 'Offense', 'FilterComparison': 'Exactly', 'FilterEvent': 'OnFloor', 'FilterValue': 5, 'StartType': 'All', 'Season': '2024', 'SeasonType': 'Regular Season', 'TeamId': '1611661330'}",shot_pace,1611661330,4Q/OT | margin -3..3 | 300..120,get-possessions__possessions__off_def-Offense__filter_comparison-Exactly__filter_event-OnFloor__filter_value-5__start_type-All__season-2024__season_type-Regular_Season__team_id-1611661330__d64e970c,get-possessions,https://api.pbpstats.com/get-possessions/wnba?OffDef=Offense&FilterComparison=Exactly&FilterEvent=OnFloor&FilterValue=5&StartType=All&Season=2024&SeasonType=Regular+Season&TeamId=1611661330,200,225,07:41,"Charles 10' Fadeaway Jumper (4 PTS)
",1,1,0,0,2024-09-15,1022400226,0,0,WAS,1,0,-2,07:58,Off Arc 3 Make,0,"[{""description"": ""Charles 10' Fadeaway Jumper (4 PTS)"", ""url"": ""https://videos.nba.com/wnba/pbp/media/2024/09/15/1022400226/26/7cbdefbf-e09a-b942-1bb4-c11819948133_960x540.mp4""}]",False,possessions,4Q/OT | margin -3..3 | 300..120,team
wnba,wnba_shot_pace,shot_pace,possessions,get-possessions,2024,Regular Season,team,"{'OffDef': 'Offense', 'FilterComparison': 'Exactly', 'FilterEvent': 'OnFloor', 'FilterValue': 5, 'StartType': 'All', 'Season': '2024', 'SeasonType': 'Regular Season', 'TeamId': '1611661330'}",shot_pace,1611661330,4Q/OT | margin -3..3 | 300..120,get-possessions__possessions__off_def-Offense__filter_comparison-Exactly__filter_event-OnFloor__filter_value-5__start_type-All__season-2024__season_type-Regular_Season__team_id-1611661330__d64e970c,get-possessions,https://api.pbpstats.com/get-possessions/wnba?OffDef=Offense&FilterComparison=Exactly&FilterEvent=OnFloor&FilterValue=5&StartType=All&Season=2024&SeasonType=Regular+Season&TeamId=1611661330,200,226,08:13,"Gray 18' Running Jump Shot (2 PTS)
",1,1,0,0,2024-09-15,1022400226,0,0,WAS,1,0,-1,08:20,Off Arc 3 Miss,0,"[{""description"": ""Gray 18' Running Jump Shot (2 PTS)"", ""url"": ""https://videos.nba.com/wnba/pbp/media/2024/09/15/1022400226/24/6f3386e7-d33b-f9aa-4f95-32750925d860_960x540.mp4""}]",False,possessions,4Q/OT | margin -3..3 | 300..120,team
wnba,wnba_shot_pace,shot_pace,possessions,get-possessions,2024,Regular Season,team,"{'OffDef': 'Offense', 'FilterComparison': 'Exactly', 'FilterEvent': 'OnFloor', 'FilterValue': 5, 'StartType': 'All', 'Season': '2024', 'SeasonType': 'Regular Season', 'TeamId': '1611661330'}",shot_pace,1611661330,4Q/OT | margin -3..3 | 300..120,get-possessions__possessions__off_def-Offense__filter_comparison-Exactly__filter_event-OnFloor__filter_value-5__start_type-All__season-2024__season_type-Regular_Season__team_id-1611661330__d64e970c,get-possessions,https://api.pbpstats.com/get-possessions/wnba?OffDef=Offense&FilterComparison=Exactly&FilterEvent=OnFloor&FilterValue=5&StartType=All&Season=2024&SeasonType=Regular+Season&TeamId=1611661330,200,227,08:33,"MISS Canada 4' Running Layup
Dolson REBOUND (Off:0 Def:1)
",1,0,0,0,2024-09-15,1022400226,0,0,WAS,1,0,0,08:41,Off Arc 3 Miss,0,"[{""description"": ""MISS Canada 4' Running Layup"", ""url"": ""https://videos.nba.com/wnba/pbp/media/2024/09/15/1022400226/17/61903fee-032e-afca-a89d-9fb2d3fe4872_960x540.mp4""}, {""description"": ""Dolson REBOUND (Off:0 Def:1)"", ""url"": ""https://videos.nba.com/wnba/pbp/media/2024/09/15/1022400226/18/4aeb4c53-b708-a190-706f-af378413757d_960x540.mp4""}]",False,possessions,4Q/OT | margin -3..3 | 300..120,team
wnba,wnba_shot_pace,shot_pace,possessions,get-possessions,2024,Regular Season,team,"{'OffDef': 'Offense', 'FilterComparison': 'Exactly', 'FilterEvent': 'OnFloor', 'FilterValue': 5, 'StartType': 'All', 'Season': '2024', 'SeasonType': 'Regular Season', 'TeamId': '1611661330'}",shot_pace,1611661330,4Q/OT | margin -3..3 | 300..120,get-possessions__possessions__off_def-Offense__filter_comparison-Exactly__filter_event-OnFloor__filter_value-5__start_type-All__season-2024__season_type-Regular_Season__team_id-1611661330__d64e970c,get-possessions,https://api.pbpstats.com/get-possessions/wnba?OffDef=Offense&FilterComparison=Exactly&FilterEvent=OnFloor&FilterValue=5&StartType=All&Season=2024&SeasonType=Regular+Season&TeamId=1611661330,200,228,09:09,"Engstler P.FOUL (P1.T1)
Charles 17' Jump Shot (2 PTS) (Gray 1 AST)
",1,1,0,0,2024-09-15,1022400226,0,0,WAS,1,0,-2,09:33,Off At Rim Make,0,"[{""description"": ""Engstler P.FOUL (P1.T1)"", ""url"": """"}, {""description"": ""Charles 17' Jump Shot (2 PTS) (Gray 1 AST)"", ""url"": ""https://videos.nba.com/wnba/pbp/media/2024/09/15/1022400226/13/2ede6cd7-a5bd-f874-17be-2db42d651376_960x540.mp4""}]",False,possessions,4Q/OT | margin -3..3 | 300..120,team
wnba,wnba_shot_pace,shot_pace,possessions,get-possessions,2024,Regular Season,team,"{'OffDef': 'Offense', 'FilterComparison': 'Exactly', 'FilterEvent': 'OnFloor', 'FilterValue': 5, 'StartType': 'All', 'Season': '2024', 'SeasonType': 'Regular Season', 'TeamId': '1611661330'}",shot_pace,1611661330,4Q/OT | margin -3..3 | 300..120,get-possessions__possessions__off_def-Offense__filter_comparison-Exactly__filter_event-OnFloor__filter_value-5__start_type-All__season-2024__season_type-Regular_Season__team_id-1611661330__d64e970c,get-possessions,https://api.pbpstats.com/get-possessions/wnba?OffDef=Offense&FilterComparison=Exactly&FilterEvent=OnFloor&FilterValue=5&StartType=All&Season=2024&SeasonType=Regular+Season&TeamId=1611661330,200,229,09:39,"MISS Canada 24' 3PT Jump Shot
Vanloo REBOUND (Off:0 Def:1)
",0,0,1,0,2024-09-15,1022400226,0,0,WAS,1,0,0,10:00,Off Dead Ball,0,"[{""description"": ""MISS Canada 24' 3PT Jump Shot"", ""url"": ""https://videos.nba.com/wnba/pbp/media/2024/09/15/1022400226/7/e57cb72e-b83a-8f88-749c-b43bea99c232_960x540.mp4""}, {""description"": ""Vanloo REBOUND (Off:0 Def:1)"", ""url"": ""https://videos.nba.com/wnba/pbp/media/2024/09/15/1022400226/8/d922eb2c-d70e-e77c-75f2-650e76f766af_960x540.mp4""}]",False,possessions,4Q/OT | margin -3..3 | 300..120,team
wnba,wnba_shot_pace,shot_pace,possessions,get-possessions,2024,Regular Season,team,"{'OffDef': 'Offense', 'FilterComparison': 'Exactly', 'FilterEvent': 'OnFloor', 'FilterValue': 5, 'StartType': 'All', 'Season': '2024', 'SeasonType': 'Regular Season', 'TeamId': '1611661330'}",shot_pace,1611661330,4Q/OT | margin -3..3 | 300..120,get-possessions__possessions__off_def-Offense__filter_comparison-Exactly__filter_event-OnFloor__filter_value-5__start_type-All__season-2024__season_type-Regular_Season__team_id-1611661330__d64e970c,get-possessions,https://api.pbpstats.com/get-possessions/wnba?OffDef=Offense&FilterComparison=Exactly&FilterEvent=OnFloor&FilterValue=5&StartType=All&Season=2024&SeasonType=Regular+Season&TeamId=1611661330,200,230,00:06,"MISS Charles 25' 3PT Pullup Jump Shot
Mystics Rebound
",0,0,1,0,2024-09-13,1022400219,0,0,WAS,4,0,-3,00:19,Off Timeout,0,"[{""description"": ""MISS Charles 25' 3PT Pullup Jump Shot"", ""url"": ""https://videos.nba.com/wnba/pbp/media/2024/09/13/1022400219/572/5fd41ee2-546f-513f-e678-c8c8c768726e_960x540.mp4""}, {""description"": ""Mystics Rebound"", ""url"": """"}]",False,possessions,4Q/OT | margin -3..3 | 300..120,team
wnba,wnba_shot_pace,shot_pace,possessions,get-possessions,2024,Regular Season,team,"{'OffDef': 'Offense', 'FilterComparison': 'Exactly', 'FilterEvent': 'OnFloor', 'FilterValue': 5, 'StartType': 'All', 'Season': '2024', 'SeasonType': 'Regular Season', 'TeamId': '1611661330'}",shot_pace,1611661330,4Q/OT | margin -3..3 | 300..120,get-possessions__possessions__off_def-Offense__filter_comparison-Exactly__filter_event-OnFloor__filter_value-5__start_type-All__season-2024__season_type-Regular_Season__team_id-1611661330__d64e970c,get-possessions,https://api.pbpstats.com/get-possessions/wnba?OffDef=Offense&FilterComparison=Exactly&FilterEvent=OnFloor&FilterValue=5&StartType=All&Season=2024&SeasonType=Regular+Season&TeamId=1611661330,200,231,00:21,"Howard 14' Turnaround Jump Shot (11 PTS)
",1,1,0,0,2024-09-13,1022400219,0,0,WAS,4,0,-3,00:34,Off Timeout,0,"[{""description"": ""Howard 14' Turnaround Jump Shot (11 PTS)"", ""url"": ""https://videos.nba.com/wnba/pbp/media/2024/09/13/1022400219/557/242277df-327d-c07f-bc87-057838da32da_960x540.mp4""}]",False,possessions,4Q/OT | margin -3..3 | 300..120,team
wnba,wnba_shot_pace,shot_pace,possessions,get-possessions,2024,Regular Season,team,"{'OffDef': 'Offense', 'FilterComparison': 'Exactly', 'FilterEvent': 'OnFloor', 'FilterValue': 5, 'StartType': 'All', 'Season': '2024', 'SeasonType': 'Regular Season', 'TeamId': '1611661330'}",shot_pace,1611661330,4Q/OT | margin -3..3 | 300..120,get-possessions__possessions__off_def-Offense__filter_comparison-Exactly__filter_event-OnFloor__filter_value-5__start_type-All__season-2024__season_type-Regular_Season__team_id-1611661330__d64e970c,get-possessions,https://api.pbpstats.com/get-possessions/wnba?OffDef=Offense&FilterComparison=Exactly&FilterEvent=OnFloor&FilterValue=5&StartType=All&Season=2024&SeasonType=Regular+Season&TeamId=1611661330,200,232,00:49,"Charles OFF.Foul (P2)
Charles Offensive Foul Turnover (P4.T16)
",0,0,0,0,2024-09-13,1022400219,0,0,WAS,4,0,-3,01:04,Off At Rim Make,1,"[{""description"": ""Charles OFF.Foul (P2)"", ""url"": """"}, {""description"": ""Charles Offensive Foul Turnover (P4.T16)"", ""url"": ""https://videos.nba.com/wnba/pbp/media/2024/09/13/1022400219/551/6388f5c7-43dd-538a-06b3-1c7adae7bfb3_960x540.mp4""}]",False,possessions,4Q/OT | margin -3..3 | 300..120,team
wnba,wnba_shot_pace,shot_pace,possessions,get-possessions,2024,Regular Season,team,"{'OffDef': 'Offense', 'FilterComparison': 'Exactly', 'FilterEvent': 'OnFloor', 'FilterValue': 5, 'StartType': 'All', 'Season': '2024', 'SeasonType': 'Regular Season', 'TeamId': '1611661330'}",shot_pace,1611661330,4Q/OT | margin -3..3 | 300..120,get-possessions__possessions__off_def-Offense__filter_comparison-Exactly__filter_event-OnFloor__filter_value-5__start_type-All__season-2024__season_type-Regular_Season__team_id-1611661330__d64e970c,get-possessions,https://api.pbpstats.com/get-possessions/wnba?OffDef=Offense&FilterComparison=Exactly&FilterEvent=OnFloor&FilterValue=5&StartType=All&Season=2024&SeasonType=Regular+Season&TeamId=1611661330,200,233,01:19,"MISS Hillmon 3' Cutting Layup Shot: Engstler BLOCK (2 BLK)
DREAM Rebound
DREAM Turnover: Shot Clock (T#15)
",1,0,0,0,2024-09-13,1022400219,0,0,WAS,4,0,-1,01:43,Off Timeout,1,"[{""description"": ""MISS Hillmon 3' Cutting Layup Shot: Engstler BLOCK (2 BLK)"", ""url"": ""https://videos.nba.com/wnba/pbp/media/2024/09/13/1022400219/543/c8b00d13-cf34-a5fb-8448-efa70c9187f7_960x540.mp4""}, {""description"": ""DREAM Rebound"", ""url"": """"}, {""description"": ""DREAM Turnover: Shot Clock (T#15)"", ""url"": """"}]",False,possessions,4Q/OT | margin -3..3 | 300..120,team
wnba,wnba_shot_pace,shot_pace,possessions,get-possessions,2024,Regular Season,team,"{'OffDef': 'Offense', 'FilterComparison': 'Exactly', 'FilterEvent': 'OnFloor', 'FilterValue': 5, 'StartType': 'All', 'Season': '2024', 'SeasonType': 'Regular Season', 'TeamId': '1611661330'}",shot_pace,1611661330,4Q/OT | margin -3..3 | 300..120,get-possessions__possessions__off_def-Offense__filter_comparison-Exactly__filter_event-OnFloor__filter_value-5__start_type-All__season-2024__season_type-Regular_Season__team_id-1611661330__d64e970c,get-possessions,https://api.pbpstats.com/get-possessions/wnba?OffDef=Offense&FilterComparison=Exactly&FilterEvent=OnFloor&FilterValue=5&StartType=All&Season=2024&SeasonType=Regular+Season&TeamId=1611661330,200,234,02:07,"Engstler P.FOUL (P5.T4)
Vanloo S.FOUL (P3.PN)
Canada Free Throw 1 of 2 (6 PTS)
Canada Free Throw 2 of 2 (7 PTS)
",0,0,0,0,2024-09-13,1022400219,0,0,WAS,4,1,-1,02:27,Off At Rim Miss,0,"[{""description"": ""Engstler P.FOUL (P5.T4)"", ""url"": """"}, {""description"": ""Vanloo S.FOUL (P3.PN)"", ""url"": """"}, {""description"": ""Canada Free Throw 1 of 2 (6 PTS)"", ""url"": """"}, {""description"": ""Canada Free Throw 2 of 2 (7 PTS)"", ""url"": """"}]",False,possessions,4Q/OT | margin -3..3 | 300..120,team
wnba,wnba_shot_pace,shot_pace,possessions,get-possessions,2024,Regular Season,team,"{'OffDef': 'Offense', 'FilterComparison': 'Exactly', 'FilterEvent': 'OnFloor', 'FilterValue': 5, 'StartType': 'All', 'Season': '2024', 'SeasonType': 'Regular Season', 'TeamId': '1611661330'}",shot_pace,1611661330,4Q/OT | margin -3..3 | 300..120,get-possessions__possessions__off_def-Offense__filter_comparison-Exactly__filter_event-OnFloor__filter_value-5__start_type-All__season-2024__season_type-Regular_Season__team_id-1611661330__d64e970c,get-possessions,https://api.pbpstats.com/get-possessions/wnba?OffDef=Offense&FilterComparison=Exactly&FilterEvent=OnFloor&FilterValue=5&StartType=All&Season=2024&SeasonType=Regular+Season&TeamId=1611661330,200,235,02:43,"Hillmon 2' Cutting Layup Shot (10 PTS) (Howard 4 AST)
",1,1,0,0,2024-09-13,1022400219,0,0,WAS,4,0,-3,02:56,Off FT Make,0,"[{""description"": ""Hillmon 2' Cutting Layup Shot (10 PTS) (Howard 4 AST)"", ""url"": ""https://videos.nba.com/wnba/pbp/media/2024/09/13/1022400219/524/0eed7197-e032-c091-c76e-63d2bf6e5fd9_960x540.mp4""}]",False,possessions,4Q/OT | margin -3..3 | 300..120,team
wnba,wnba_shot_pace,shot_pace,possessions,get-possessions,2024,Regular Season,team,"{'OffDef': 'Offense', 'FilterComparison': 'Exactly', 'FilterEvent': 'OnFloor', 'FilterValue': 5, 'StartType': 'All', 'Season': '2024', 'SeasonType': 'Regular Season', 'TeamId': '1611661330'}",shot_pace,1611661330,4Q/OT | margin -3..3 | 300..120,get-possessions__possessions__off_def-Offense__filter_comparison-Exactly__filter_event-OnFloor__filter_value-5__start_type-All__season-2024__season_type-Regular_Season__team_id-1611661330__d64e970c,get-possessions,https://api.pbpstats.com/get-possessions/wnba?OffDef=Offense&FilterComparison=Exactly&FilterEvent=OnFloor&FilterValue=5&StartType=All&Season=2024&SeasonType=Regular+Season&TeamId=1611661330,200,236,03:13,"Engstler S.FOUL (P4.T3)
Hillmon Free Throw 1 of 2 (7 PTS)
Hillmon Free Throw 2 of 2 (8 PTS)
",0,0,0,0,2024-09-13,1022400219,0,0,WAS,4,1,-4,03:24,Off FT Make,0,"[{""description"": ""Engstler S.FOUL (P4.T3)"", ""url"": """"}, {""description"": ""Hillmon Free Throw 1 of 2 (7 PTS)"", ""url"": """"}, {""description"": ""Hillmon Free Throw 2 of 2 (8 PTS)"", ""url"": """"}]",False,possessions,4Q/OT | margin -3..3 | 300..120,team
wnba,wnba_shot_pace,shot_pace,possessions,get-possessions,2024,Regular Season,team,"{'OffDef': 'Offense', 'FilterComparison': 'Exactly', 'FilterEvent': 'OnFloor', 'FilterValue': 5, 'StartType': 'All', 'Season': '2024', 'SeasonType': 'Regular Season', 'TeamId': '1611661330'}",shot_pace,1611661330,4Q/OT | margin -3..3 | 300..120,get-possessions__possessions__off_def-Offense__filter_comparison-Exactly__filter_event-OnFloor__filter_value-5__start_type-All__season-2024__season_type-Regular_Season__team_id-1611661330__d64e970c,get-possessions,https://api.pbpstats.com/get-possessions/wnba?OffDef=Offense&FilterComparison=Exactly&FilterEvent=OnFloor&FilterValue=5&StartType=All&Season=2024&SeasonType=Regular+Season&TeamId=1611661330,200,237,03:37,"MISS Hillmon 3' Cutting Layup Shot: Koné BLOCK (1 BLK)
DREAM Rebound
Vanloo S.FOUL (P2.T2)
Charles Free Throw 1 of 2 (12 PTS)
Charles Free Throw 2 of 2 (13 PTS)
",1,0,0,0,2024-09-13,1022400219,0,1,WAS,4,1,-4,03:54,Off Arc 3 Miss,0,"[{""description"": ""MISS Hillmon 3' Cutting Layup Shot: Koné BLOCK (1 BLK)"", ""url"": ""https://videos.nba.com/wnba/pbp/media/2024/09/13/1022400219/498/b76b1276-28b0-dcc8-7bb0-d081f9222ba6_960x540.mp4""}, {""description"": ""DREAM Rebound"", ""url"": """"}, {""description"": ""Vanloo S.FOUL (P2.T2)"", ""url"": """"}, {""description"": ""Charles Free Throw 1 of 2 (12 PTS)"", ""url"": """"}, {""description"": ""Charles Free Throw 2 of 2 (13 PTS)"", ""url"": """"}]",False,possessions,4Q/OT | margin -3..3 | 300..120,team
wnba,wnba_shot_pace,shot_pace,possessions,get-possessions,2024,Regular Season,team,"{'OffDef': 'Offense', 'FilterComparison': 'Exactly', 'FilterEvent': 'OnFloor', 'FilterValue': 5, 'StartType': 'All', 'Season': '2024', 'SeasonType': 'Regular Season', 'TeamId': '1611661330'}",shot_pace,1611661330,4Q/OT | margin -3..3 | 300..120,get-possessions__possessions__off_def-Offense__filter_comparison-Exactly__filter_event-OnFloor__filter_value-5__start_type-All__season-2024__season_type-Regular_Season__team_id-1611661330__d64e970c,get-possessions,https://api.pbpstats.com/get-possessions/wnba?OffDef=Offense&FilterComparison=Exactly&FilterEvent=OnFloor&FilterValue=5&StartType=All&Season=2024&SeasonType=Regular+Season&TeamId=1611661330,200,238,04:21,"Hillmon 2' Driving Layup (6 PTS) (Gray 5 AST)
",1,1,0,0,2024-09-13,1022400219,0,0,WAS,4,0,-6,04:49,Off At Rim Make,0,"[{""description"": ""Hillmon 2' Driving Layup (6 PTS) (Gray 5 AST)"", ""url"": ""https://videos.nba.com/wnba/pbp/media/2024/09/13/1022400219/494/743b8ef3-798d-f6ad-3f26-9c9eee9ceedd_960x540.mp4""}]",False,possessions,4Q/OT | margin -3..3 | 300..120,team
wnba,wnba_shot_pace,shot_pace,possessions,get-possessions,2024,Regular Season,team,"{'OffDef': 'Offense', 'FilterComparison': 'Exactly', 'FilterEvent': 'OnFloor', 'FilterValue': 5, 'StartType': 'All', 'Season': '2024', 'SeasonType': 'Regular Season', 'TeamId': '1611661330'}",shot_pace,1611661330,4Q/OT | margin -3..3 | 300..120,get-possessions__possessions__off_def-Offense__filter_comparison-Exactly__filter_event-OnFloor__filter_value-5__start_type-All__season-2024__season_type-Regular_Season__team_id-1611661330__d64e970c,get-possessions,https://api.pbpstats.com/get-possessions/wnba?OffDef=Offense&FilterComparison=Exactly&FilterEvent=OnFloor&FilterValue=5&StartType=All&Season=2024&SeasonType=Regular+Season&TeamId=1611661330,200,239,04:53,"MISS Howard 1' Driving Layup
Koné REBOUND (Off:1 Def:7)
",1,0,0,0,2024-09-13,1022400219,0,0,WAS,4,0,-4,05:11,Off At Rim Make,0,"[{""description"": ""MISS Howard 1' Driving Layup"", ""url"": ""https://videos.nba.com/wnba/pbp/media/2024/09/13/1022400219/490/ef1abdf2-8729-49d5-5571-d2b4d060000b_960x540.mp4""}, {""description"": ""Koné REBOUND (Off:1 Def:7)"", ""url"": ""https://videos.nba.com/wnba/pbp/media/2024/09/13/1022400219/491/cc0a2127-edaa-3ce4-d487-f9c2decfbc7a_960x540.mp4""}]",False,possessions,4Q/OT | margin -3..3 | 300..120,team
wnba,wnba_shot_pace,shot_pace,possessions,get-possessions,2024,Regular Season,team,"{'OffDef': 'Offense', 'FilterComparison': 'Exactly', 'FilterEvent': 'OnFloor', 'FilterValue': 5, 'StartType': 'All', 'Season': '2024', 'SeasonType': 'Regular Season', 'TeamId': '1611661330'}",shot_pace,1611661330,4Q/OT | margin -3..3 | 300..120,get-possessions__possessions__off_def-Offense__filter_comparison-Exactly__filter_event-OnFloor__filter_value-5__start_type-All__season-2024__season_type-Regular_Season__team_id-1611661330__d64e970c,get-possessions,https://api.pbpstats.com/get-possessions/wnba?OffDef=Offense&FilterComparison=Exactly&FilterEvent=OnFloor&FilterValue=5&StartType=All&Season=2024&SeasonType=Regular+Season&TeamId=1611661330,200,240,05:30,"MISS Gray 24' 3PT Jump Shot
Koné REBOUND (Off:1 Def:6)
",0,0,1,0,2024-09-13,1022400219,0,0,WAS,4,0,-2,05:55,Off Dead Ball,0,"[{""description"": ""MISS Gray 24' 3PT Jump Shot"", ""url"": ""https://videos.nba.com/wnba/pbp/media/2024/09/13/1022400219/487/48996a20-d28d-0daf-01db-e43dc09b8368_960x540.mp4""}, {""description"": ""Koné REBOUND (Off:1 Def:6)"", ""url"": ""https://videos.nba.com/wnba/pbp/media/2024/09/13/1022400219/488/3d33b82c-83a3-9886-26c1-af88ba8270cb_960x540.mp4""}]",False,possessions,4Q/OT | margin -3..3 | 300..120,team
wnba,wnba_shot_pace,shot_pace,possessions,get-possessions,2024,Regular Season,team,"{'OffDef': 'Offense', 'FilterComparison': 'Exactly', 'FilterEvent': 'OnFloor', 'FilterValue': 5, 'StartType': 'All', 'Season': '2024', 'SeasonType': 'Regular Season', 'TeamId': '1611661330'}",shot_pace,1611661330,4Q/OT | margin -3..3 | 300..120,get-possessions__possessions__off_def-Offense__filter_comparison-Exactly__filter_event-OnFloor__filter_value-5__start_type-All__season-2024__season_type-Regular_Season__team_id-1611661330__d64e970c,get-possessions,https://api.pbpstats.com/get-possessions/wnba?OffDef=Offense&FilterComparison=Exactly&FilterEvent=OnFloor&FilterValue=5&StartType=All&Season=2024&SeasonType=Regular+Season&TeamId=1611661330,200,241,06:17,"MISS Charles 4' Turnaround Hook Shot
Koné REBOUND (Off:1 Def:5)
",1,0,0,0,2024-09-13,1022400219,0,0,WAS,4,0,-2,06:29,Off Steal,0,"[{""description"": ""MISS Charles 4' Turnaround Hook Shot"", ""url"": ""https://videos.nba.com/wnba/pbp/media/2024/09/13/1022400219/471/83b73831-9da7-b5f9-0af2-82af715fff5e_960x540.mp4""}, {""description"": ""Koné REBOUND (Off:1 Def:5)"", ""url"": ""https://videos.nba.com/wnba/pbp/media/2024/09/13/1022400219/472/9fa3a7a3-f513-40fb-81f2-2dae0c9dde5f_960x540.mp4""}]",False,possessions,4Q/OT | margin -3..3 | 300..120,team
wnba,wnba_shot_pace,shot_pace,possessions,get-possessions,2024,Regular Season,team,"{'OffDef': 'Offense', 'FilterComparison': 'Exactly', 'FilterEvent': 'OnFloor', 'FilterValue': 5, 'StartType': 'All', 'Season': '2024', 'SeasonType': 'Regular Season', 'TeamId': '1611661330'}",shot_pace,1611661330,4Q/OT | margin -3..3 | 300..120,get-possessions__possessions__off_def-Offense__filter_comparison-Exactly__filter_event-OnFloor__filter_value-5__start_type-All__season-2024__season_type-Regular_Season__team_id-1611661330__d64e970c,get-possessions,https://api.pbpstats.com/get-possessions/wnba?OffDef=Offense&FilterComparison=Exactly&FilterEvent=OnFloor&FilterValue=5&StartType=All&Season=2024&SeasonType=Regular+Season&TeamId=1611661330,200,242,06:53,"Charles 1' Running Layup (11 PTS)
",1,1,0,0,2024-09-13,1022400219,0,0,WAS,4,0,-4,06:57,Off Steal,0,"[{""description"": ""Charles 1' Running Layup (11 PTS)"", ""url"": ""https://videos.nba.com/wnba/pbp/media/2024/09/13/1022400219/466/96e94a71-3318-be85-6816-6838c9738083_960x540.mp4""}]",False,possessions,4Q/OT | margin -3..3 | 300..120,team
wnba,wnba_shot_pace,shot_pace,possessions,get-possessions,2024,Regular Season,team,"{'OffDef': 'Offense', 'FilterComparison': 'Exactly', 'FilterEvent': 'OnFloor', 'FilterValue': 5, 'StartType': 'All', 'Season': '2024', 'SeasonType': 'Regular Season', 'TeamId': '1611661330'}",shot_pace,1611661330,4Q/OT | margin -3..3 | 300..120,get-possessions__possessions__off_def-Offense__filter_comparison-Exactly__filter_event-OnFloor__filter_value-5__start_type-All__season-2024__season_type-Regular_Season__team_id-1611661330__d64e970c,get-possessions,https://api.pbpstats.com/get-possessions/wnba?OffDef=Offense&FilterComparison=Exactly&FilterEvent=OnFloor&FilterValue=5&StartType=All&Season=2024&SeasonType=Regular+Season&TeamId=1611661330,200,243,07:21,"MISS Canada 8' Driving Floating Jump Shot
Canada REBOUND (Off:3 Def:3)
Gray 24' 3PT Jump Shot (17 PTS) (Howard 3 AST)
",1,0,1,1,2024-09-13,1022400219,0,1,WAS,4,0,-7,07:57,Off Arc 3 Make,0,"[{""description"": ""MISS Canada 8' Driving Floating Jump Shot"", ""url"": ""https://videos.nba.com/wnba/pbp/media/2024/09/13/1022400219/460/11524d23-f2c2-99af-bc6a-2d5400e00505_960x540.mp4""}, {""description"": ""Canada REBOUND (Off:3 Def:3)"", ""url"": ""https://videos.nba.com/wnba/pbp/media/2024/09/13/1022400219/461/76215faa-0697-864b-66ab-c459f1425810_960x540.mp4""}, {""description"": ""Gray 24' 3PT Jump Shot (17 PTS) (Howard 3 AST)"", ""url"": ""https://videos.nba.com/wnba/pbp/media/2024/09/13/1022400219/462/40c8deee-f816-9c16-e43a-65ffc9979a8e_960x540.mp4""}]",False,possessions,4Q/OT | margin -3..3 | 300..120,team
wnba,wnba_shot_pace,shot_pace,possessions,get-possessions,2024,Regular Season,team,"{'OffDef': 'Offense', 'FilterComparison': 'Exactly', 'FilterEvent': 'OnFloor', 'FilterValue': 5, 'StartType': 'All', 'Season': '2024', 'SeasonType': 'Regular Season', 'TeamId': '1611661330'}",shot_pace,1611661330,4Q/OT | margin -3..3 | 300..120,get-possessions__possessions__off_def-Offense__filter_comparison-Exactly__filter_event-OnFloor__filter_value-5__start_type-All__season-2024__season_type-Regular_Season__team_id-1611661330__d64e970c,get-possessions,https://api.pbpstats.com/get-possessions/wnba?OffDef=Offense&FilterComparison=Exactly&FilterEvent=OnFloor&FilterValue=5&StartType=All&Season=2024&SeasonType=Regular+Season&TeamId=1611661330,200,244,08:14,"Charles 5' Cutting Layup Shot (8 PTS) (Canada 3 AST)
Dolson S.FOUL (P3.T1)
Charles Free Throw 1 of 1 (9 PTS)
",1,1,0,0,2024-09-13,1022400219,0,0,WAS,4,1,-7,08:28,Off Timeout,0,"[{""description"": ""Charles 5' Cutting Layup Shot (8 PTS) (Canada 3 AST)"", ""url"": ""https://videos.nba.com/wnba/pbp/media/2024/09/13/1022400219/451/25626b5d-7fc7-6116-2aa4-31b11301c6f7_960x540.mp4""}, {""description"": ""Dolson S.FOUL (P3.T1)"", ""url"": """"}, {""description"": ""Charles Free Throw 1 of 1 (9 PTS)"", ""url"": """"}]",False,possessions,4Q/OT | margin -3..3 | 300..120,team
wnba,wnba_shot_pace,shot_pace,possessions,get-possessions,2024,Regular Season,team,"{'OffDef': 'Offense', 'FilterComparison': 'Exactly', 'FilterEvent': 'OnFloor', 'FilterValue': 5, 'StartType': 'All', 'Season': '2024', 'SeasonType': 'Regular Season', 'TeamId': '1611661330'}",shot_pace,1611661330,4Q/OT | margin -3..3 | 300..120,get-possessions__possessions__off_def-Offense__filter_comparison-Exactly__filter_event-OnFloor__filter_value-5__start_type-All__season-2024__season_type-Regular_Season__team_id-1611661330__d64e970c,get-possessions,https://api.pbpstats.com/get-possessions/wnba?OffDef=Offense&FilterComparison=Exactly&FilterEvent=OnFloor&FilterValue=5&StartType=All&Season=2024&SeasonType=Regular+Season&TeamId=1611661330,200,245,08:38,"MISS Caldwell 19' Pullup Jump Shot
Dolson REBOUND (Off:3 Def:5)
",1,0,0,0,2024-09-13,1022400219,0,0,WAS,4,0,-5,09:03,Off At Rim Make,0,"[{""description"": ""MISS Caldwell 19' Pullup Jump Shot"", ""url"": ""https://videos.nba.com/wnba/pbp/media/2024/09/13/1022400219/444/eca39a7e-0dfa-3a64-6823-778542840068_960x540.mp4""}, {""description"": ""Dolson REBOUND (Off:3 Def:5)"", ""url"": ""https://videos.nba.com/wnba/pbp/media/2024/09/13/1022400219/445/27d83fbc-3fc3-9202-6cea-059b406c4486_960x540.mp4""}]",False,possessions,4Q/OT | margin -3..3 | 300..120,team
wnba,wnba_shot_pace,shot_pace,possessions,get-possessions,2024,Regular Season,team,"{'OffDef': 'Offense', 'FilterComparison': 'Exactly', 'FilterEvent': 'OnFloor', 'FilterValue': 5, 'StartType': 'All', 'Season': '2024', 'SeasonType': 'Regular Season', 'TeamId': '1611661330'}",shot_pace,1611661330,4Q/OT | margin -3..3 | 300..120,get-possessions__possessions__off_def-Offense__filter_comparison-Exactly__filter_event-OnFloor__filter_value-5__start_type-All__season-2024__season_type-Regular_Season__team_id-1611661330__d64e970c,get-possessions,https://api.pbpstats.com/get-possessions/wnba?OffDef=Offense&FilterComparison=Exactly&FilterEvent=OnFloor&FilterValue=5&StartType=All&Season=2024&SeasonType=Regular+Season&TeamId=1611661330,200,246,09:30,"MISS Charles 6' Cutting Layup Shot
Cubaj REBOUND (Off:2 Def:2)
MISS Caldwell 24' 3PT Jump Shot
Koné REBOUND (Off:1 Def:4)
",1,0,1,0,2024-09-13,1022400219,0,1,WAS,4,0,-3,10:00,Off Dead Ball,0,"[{""description"": ""MISS Charles 6' Cutting Layup Shot"", ""url"": ""https://videos.nba.com/wnba/pbp/media/2024/09/13/1022400219/437/a18228cf-7743-5570-5276-b8b62d0dc973_960x540.mp4""}, {""description"": ""Cubaj REBOUND (Off:2 Def:2)"", ""url"": ""https://videos.nba.com/wnba/pbp/media/2024/09/13/1022400219/438/909328b2-eaa6-71e6-237b-ad0f69390877_960x540.mp4""}, {""description"": ""MISS Caldwell 24' 3PT Jump Shot"", ""url"": ""https://videos.nba.com/wnba/pbp/media/2024/09/13/1022400219/439/27166c42-3707-b140-c3ea-6663c85af533_960x540.mp4""}, {""description"": ""Koné REBOUND (Off:1 Def:4)"", ""url"": ""https://videos.nba.com/wnba/pbp/media/2024/09/13/1022400219/440/8cfeeb74-b87b-885b-8e51-fe52935af9a3_960x540.mp4""}]",False,possessions,4Q/OT | margin -3..3 | 300..120,team
wnba,wnba_shot_pace,shot_pace,possessions,get-possessions,2024,Regular Season,team,"{'OffDef': 'Offense', 'FilterComparison': 'Exactly', 'FilterEvent': 'OnFloor', 'FilterValue': 5, 'StartType': 'All', 'Season': '2024', 'SeasonType': 'Regular Season', 'TeamId': '1611661330'}",shot_pace,1611661330,4Q/OT | margin -3..3 | 300..120,get-possessions__possessions__off_def-Offense__filter_comparison-Exactly__filter_event-OnFloor__filter_value-5__start_type-All__season-2024__season_type-Regular_Season__team_id-1611661330__d64e970c,get-possessions,https://api.pbpstats.com/get-possessions/wnba?OffDef=Offense&FilterComparison=Exactly&FilterEvent=OnFloor&FilterValue=5&StartType=All&Season=2024&SeasonType=Regular+Season&TeamId=1611661330,200,247,00:01,"MISS Hillmon 2' Layup
Dolson REBOUND (Off:3 Def:4)
",1,0,0,0,2024-09-13,1022400219,0,0,WAS,3,0,-3,00:17,Off FT Miss,0,"[{""description"": ""MISS Hillmon 2' Layup"", ""url"": ""https://videos.nba.com/wnba/pbp/media/2024/09/13/1022400219/429/f1cadaff-a3ff-1e74-676d-2c104ee19496_960x540.mp4""}, {""description"": ""Dolson REBOUND (Off:3 Def:4)"", ""url"": ""https://videos.nba.com/wnba/pbp/media/2024/09/13/1022400219/430/afe804ee-8f13-7c35-92d1-7fc53b228eaa_960x540.mp4""}]",False,possessions,4Q/OT | margin -3..3 | 300..120,team
wnba,wnba_shot_pace,shot_pace,possessions,get-possessions,2024,Regular Season,team,"{'OffDef': 'Offense', 'FilterComparison': 'Exactly', 'FilterEvent': 'OnFloor', 'FilterValue': 5, 'StartType': 'All', 'Season': '2024', 'SeasonType': 'Regular Season', 'TeamId': '1611661330'}",shot_pace,1611661330,4Q/OT | margin -3..3 | 300..120,get-possessions__possessions__off_def-Offense__filter_comparison-Exactly__filter_event-OnFloor__filter_value-5__start_type-All__season-2024__season_type-Regular_Season__team_id-1611661330__d64e970c,get-possessions,https://api.pbpstats.com/get-possessions/wnba?OffDef=Offense&FilterComparison=Exactly&FilterEvent=OnFloor&FilterValue=5&StartType=All&Season=2024&SeasonType=Regular+Season&TeamId=1611661330,200,248,00:31,"Gray 1' Running Layup (14 PTS)
",1,1,0,0,2024-09-13,1022400219,0,0,WAS,3,0,-4,00:34,Off Steal,0,"[{""description"": ""Gray 1' Running Layup (14 PTS)"", ""url"": ""https://videos.nba.com/wnba/pbp/media/2024/09/13/1022400219/423/6be1c7ab-8d9f-ef94-57ae-4aa96dab327f_960x540.mp4""}]",False,possessions,4Q/OT | margin -3..3 | 300..120,team
wnba,wnba_shot_pace,shot_pace,possessions,get-possessions,2024,Regular Season,team,"{'OffDef': 'Offense', 'FilterComparison': 'Exactly', 'FilterEvent': 'OnFloor', 'FilterValue': 5, 'StartType': 'All', 'Season': '2024', 'SeasonType': 'Regular Season', 'TeamId': '1611661330'}",shot_pace,1611661330,4Q/OT | margin -3..3 | 300..120,get-possessions__possessions__off_def-Offense__filter_comparison-Exactly__filter_event-OnFloor__filter_value-5__start_type-All__season-2024__season_type-Regular_Season__team_id-1611661330__d64e970c,get-possessions,https://api.pbpstats.com/get-possessions/wnba?OffDef=Offense&FilterComparison=Exactly&FilterEvent=OnFloor&FilterValue=5&StartType=All&Season=2024&SeasonType=Regular+Season&TeamId=1611661330,200,249,00:38,"MISS Hillmon 3' Cutting Layup Shot
Walker-Kimbrough REBOUND (Off:0 Def:1)
",1,0,0,0,2024-09-13,1022400219,0,0,WAS,3,0,-4,00:59,Off FT Make,0,"[{""description"": ""MISS Hillmon 3' Cutting Layup Shot"", ""url"": ""https://videos.nba.com/wnba/pbp/media/2024/09/13/1022400219/419/f3b887d0-c833-7115-9323-61575bce7ab2_960x540.mp4""}, {""description"": ""Walker-Kimbrough REBOUND (Off:0 Def:1)"", ""url"": ""https://videos.nba.com/wnba/pbp/media/2024/09/13/1022400219/420/3d6ee96e-4128-bd2e-385b-a97b2d87a257_960x540.mp4""}]",False,possessions,4Q/OT | margin -3..3 | 300..120,team
wnba,wnba_shot_pace,shot_pace,possessions,get-possessions,2024,Regular Season,team,"{'OffDef': 'Offense', 'FilterComparison': 'Exactly', 'FilterEvent': 'OnFloor', 'FilterValue': 5, 'StartType': 'All', 'Season': '2024', 'SeasonType': 'Regular Season', 'TeamId': '1611661330'}",shot_pace,1611661330,4Q/OT | margin -3..3 | 300..120,get-possessions__possessions__off_def-Offense__filter_comparison-Exactly__filter_event-OnFloor__filter_value-5__start_type-All__season-2024__season_type-Regular_Season__team_id-1611661330__d64e970c,get-possessions,https://api.pbpstats.com/get-possessions/wnba?OffDef=Offense&FilterComparison=Exactly&FilterEvent=OnFloor&FilterValue=5&StartType=All&Season=2024&SeasonType=Regular+Season&TeamId=1611661330,200,250,01:05,"MISS Howard 24' 3PT Jump Shot
Koné REBOUND (Off:1 Def:3)
",0,0,1,0,2024-09-13,1022400219,0,0,WAS,3,0,-2,01:31,Off At Rim Make,0,"[{""description"": ""MISS Howard 24' 3PT Jump Shot"", ""url"": ""https://videos.nba.com/wnba/pbp/media/2024/09/13/1022400219/413/eeae2721-408a-6ea7-0b5b-5913fc14c7be_960x540.mp4""}, {""description"": ""Koné REBOUND (Off:1 Def:3)"", ""url"": ""https://videos.nba.com/wnba/pbp/media/2024/09/13/1022400219/414/015ffadc-23b9-c5d6-b4ca-964fc54d2ce3_960x540.mp4""}]",False,possessions,4Q/OT | margin -3..3 | 300..120,team
wnba,wnba_shot_pace,shot_pace,possessions,get-possessions,2024,Regular Season,team,"{'OffDef': 'Offense', 'FilterComparison': 'Exactly', 'FilterEvent': 'OnFloor', 'FilterValue': 5, 'StartType': 'All', 'Season': '2024', 'SeasonType': 'Regular Season', 'TeamId': '1611661330'}",shot_pace,1611661330,4Q/OT | margin -3..3 | 300..120,get-possessions__possessions__off_def-Offense__filter_comparison-Exactly__filter_event-OnFloor__filter_value-5__start_type-All__season-2024__season_type-Regular_Season__team_id-1611661330__d64e970c,get-possessions,https://api.pbpstats.com/get-possessions/wnba?OffDef=Offense&FilterComparison=Exactly&FilterEvent=OnFloor&FilterValue=5&StartType=All&Season=2024&SeasonType=Regular+Season&TeamId=1611661330,200,251,01:52,"Koné P.FOUL (P2.PN)
Gray Free Throw 1 of 2 (11 PTS)
Gray Free Throw 2 of 2 (12 PTS)
",0,0,0,0,2024-09-13,1022400219,1,0,WAS,3,0,-2,01:52,Off Arc 3 Miss,0,"[{""description"": ""Koné P.FOUL (P2.PN)"", ""url"": """"}, {""description"": ""Gray Free Throw 1 of 2 (11 PTS)"", ""url"": """"}, {""description"": ""Gray Free Throw 2 of 2 (12 PTS)"", ""url"": """"}]",False,possessions,4Q/OT | margin -3..3 | 300..120,team
wnba,wnba_shot_pace,shot_pace,possessions,get-possessions,2024,Regular Season,team,"{'OffDef': 'Offense', 'FilterComparison': 'Exactly', 'FilterEvent': 'OnFloor', 'FilterValue': 5, 'StartType': 'All', 'Season': '2024', 'SeasonType': 'Regular Season', 'TeamId': '1611661330'}",shot_pace,1611661330,4Q/OT | margin -3..3 | 300..120,get-possessions__possessions__off_def-Offense__filter_comparison-Exactly__filter_event-OnFloor__filter_value-5__start_type-All__season-2024__season_type-Regular_Season__team_id-1611661330__d64e970c,get-possessions,https://api.pbpstats.com/get-possessions/wnba?OffDef=Offense&FilterComparison=Exactly&FilterEvent=OnFloor&FilterValue=5&StartType=All&Season=2024&SeasonType=Regular+Season&TeamId=1611661330,200,252,02:05,"Samuelson P.FOUL (P2.T4)
Caldwell 3PT Jump Shot (7 PTS) (Gray 4 AST)
",0,0,1,1,2024-09-13,1022400219,0,0,WAS,3,0,-5,02:19,Off At Rim Miss,0,"[{""description"": ""Samuelson P.FOUL (P2.T4)"", ""url"": """"}, {""description"": ""Caldwell 3PT Jump Shot (7 PTS) (Gray 4 AST)"", ""url"": ""https://videos.nba.com/wnba/pbp/media/2024/09/13/1022400219/400/05dd58f2-4cdb-4ae3-8498-63fca74e3325_960x540.mp4""}]",False,possessions,4Q/OT | margin -3..3 | 300..120,team
wnba,wnba_shot_pace,shot_pace,possessions,get-possessions,2024,Regular Season,team,"{'OffDef': 'Offense', 'FilterComparison': 'Exactly', 'FilterEvent': 'OnFloor', 'FilterValue': 5, 'StartType': 'All', 'Season': '2024', 'SeasonType': 'Regular Season', 'TeamId': '1611661330'}",shot_pace,1611661330,4Q/OT | margin -3..3 | 300..120,get-possessions__possessions__off_def-Offense__filter_comparison-Exactly__filter_event-OnFloor__filter_value-5__start_type-All__season-2024__season_type-Regular_Season__team_id-1611661330__d64e970c,get-possessions,https://api.pbpstats.com/get-possessions/wnba?OffDef=Offense&FilterComparison=Exactly&FilterEvent=OnFloor&FilterValue=5&StartType=All&Season=2024&SeasonType=Regular+Season&TeamId=1611661330,200,253,02:27,"MISS Hillmon 6' Cutting Layup Shot: Engstler BLOCK (1 BLK)
Koné REBOUND (Off:1 Def:2)
",1,0,0,0,2024-09-13,1022400219,0,0,WAS,3,0,-5,02:51,Off At Rim Miss,0,"[{""description"": ""MISS Hillmon 6' Cutting Layup Shot: Engstler BLOCK (1 BLK)"", ""url"": ""https://videos.nba.com/wnba/pbp/media/2024/09/13/1022400219/389/e28d6129-66f5-668c-eb56-1f415a2675db_960x540.mp4""}, {""description"": ""Koné REBOUND (Off:1 Def:2)"", ""url"": ""https://videos.nba.com/wnba/pbp/media/2024/09/13/1022400219/391/d4bad696-1550-8159-daf4-3e31929a4e43_960x540.mp4""}]",False,possessions,4Q/OT | margin -3..3 | 300..120,team
wnba,wnba_shot_pace,shot_pace,possessions,get-possessions,2024,Regular Season,team,"{'OffDef': 'Offense', 'FilterComparison': 'Exactly', 'FilterEvent': 'OnFloor', 'FilterValue': 5, 'StartType': 'All', 'Season': '2024', 'SeasonType': 'Regular Season', 'TeamId': '1611661330'}",shot_pace,1611661330,4Q/OT | margin -3..3 | 300..120,get-possessions__possessions__off_def-Offense__filter_comparison-Exactly__filter_event-OnFloor__filter_value-5__start_type-All__season-2024__season_type-Regular_Season__team_id-1611661330__d64e970c,get-possessions,https://api.pbpstats.com/get-possessions/wnba?OffDef=Offense&FilterComparison=Exactly&FilterEvent=OnFloor&FilterValue=5&StartType=All&Season=2024&SeasonType=Regular+Season&TeamId=1611661330,200,254,03:08,"Engstler S.FOUL (P3.T3)
Canada Free Throw 1 of 2 (4 PTS)
Canada Free Throw 2 of 2 (5 PTS)
",0,0,0,0,2024-09-13,1022400219,0,0,WAS,3,1,-7,03:22,Off Short Mid-Range Miss,0,"[{""description"": ""Engstler S.FOUL (P3.T3)"", ""url"": """"}, {""description"": ""Canada Free Throw 1 of 2 (4 PTS)"", ""url"": """"}, {""description"": ""Canada Free Throw 2 of 2 (5 PTS)"", ""url"": """"}]",False,possessions,4Q/OT | margin -3..3 | 300..120,team
wnba,wnba_shot_pace,shot_pace,possessions,get-possessions,2024,Regular Season,team,"{'OffDef': 'Offense', 'FilterComparison': 'Exactly', 'FilterEvent': 'OnFloor', 'FilterValue': 5, 'StartType': 'All', 'Season': '2024', 'SeasonType': 'Regular Season', 'TeamId': '1611661330'}",shot_pace,1611661330,4Q/OT | margin -3..3 | 300..120,get-possessions__possessions__off_def-Offense__filter_comparison-Exactly__filter_event-OnFloor__filter_value-5__start_type-All__season-2024__season_type-Regular_Season__team_id-1611661330__d64e970c,get-possessions,https://api.pbpstats.com/get-possessions/wnba?OffDef=Offense&FilterComparison=Exactly&FilterEvent=OnFloor&FilterValue=5&StartType=All&Season=2024&SeasonType=Regular+Season&TeamId=1611661330,200,255,03:33,"MISS Howard 24' 3PT Jump Shot
Gray REBOUND (Off:6 Def:3)
MISS Gray 6' Putback Layup
Koné REBOUND (Off:1 Def:1)
",1,0,1,0,2024-09-13,1022400219,0,1,WAS,3,0,-7,03:55,Off Short Mid-Range Make,0,"[{""description"": ""MISS Howard 24' 3PT Jump Shot"", ""url"": ""https://videos.nba.com/wnba/pbp/media/2024/09/13/1022400219/375/d68ff24a-c11e-ef23-5e4c-24614d230c5a_960x540.mp4""}, {""description"": ""Gray REBOUND (Off:6 Def:3)"", ""url"": ""https://videos.nba.com/wnba/pbp/media/2024/09/13/1022400219/376/6d4f8c6f-d3f3-52a8-f362-a98395a5e3fd_960x540.mp4""}, {""description"": ""MISS Gray 6' Putback Layup"", ""url"": ""https://videos.nba.com/wnba/pbp/media/2024/09/13/1022400219/377/7c087135-7108-5e34-476c-6afdf52bda40_960x540.mp4""}, {""description"": ""Koné REBOUND (Off:1 Def:1)"", ""url"": ""https://videos.nba.com/wnba/pbp/media/2024/09/13/1022400219/378/6d9e8f81-3248-26cf-032e-1505cc0d90f5_960x540.mp4""}]",False,possessions,4Q/OT | margin -3..3 | 300..120,team
wnba,wnba_shot_pace,shot_pace,possessions,get-possessions,2024,Regular Season,team,"{'OffDef': 'Offense', 'FilterComparison': 'Exactly', 'FilterEvent': 'OnFloor', 'FilterValue': 5, 'StartType': 'All', 'Season': '2024', 'SeasonType': 'Regular Season', 'TeamId': '1611661330'}",shot_pace,1611661330,4Q/OT | margin -3..3 | 300..120,get-possessions__possessions__off_def-Offense__filter_comparison-Exactly__filter_event-OnFloor__filter_value-5__start_type-All__season-2024__season_type-Regular_Season__team_id-1611661330__d64e970c,get-possessions,https://api.pbpstats.com/get-possessions/wnba?OffDef=Offense&FilterComparison=Exactly&FilterEvent=OnFloor&FilterValue=5&StartType=All&Season=2024&SeasonType=Regular+Season&TeamId=1611661330,200,256,04:16,"MISS Gray 8' Layup
Gray REBOUND (Off:4 Def:3)
MISS Gray 3' Driving Layup
Gray REBOUND (Off:5 Def:3)
Gray 4' Putback Layup (10 PTS)
",3,1,0,0,2024-09-13,1022400219,0,2,WAS,3,0,-7,04:27,Off Steal,0,"[{""description"": ""MISS Gray 8' Layup"", ""url"": ""https://videos.nba.com/wnba/pbp/media/2024/09/13/1022400219/467/d13aa54e-6045-c22b-3171-985b9d169ada_960x540.mp4""}, {""description"": ""Gray REBOUND (Off:4 Def:3)"", ""url"": ""https://videos.nba.com/wnba/pbp/media/2024/09/13/1022400219/468/c1de3752-26aa-bd1b-747b-17c19a6dac09_960x540.mp4""}, {""description"": ""MISS Gray 3' Driving Layup"", ""url"": ""https://videos.nba.com/wnba/pbp/media/2024/09/13/1022400219/366/cbb47278-6f20-9ca1-bc59-b94ac775ba36_960x540.mp4""}, {""description"": ""Gray REBOUND (Off:5 Def:3)"", ""url"": ""https://videos.nba.com/wnba/pbp/media/2024/09/13/1022400219/367/9ddaab7f-9d1c-0e7f-fae7-20d97a0079a4_960x540.mp4""}, {""description"": ""Gray 4' Putback Layup (10 PTS)"", ""url"": ""https://videos.nba.com/wnba/pbp/media/2024/09/13/1022400219/369/1b67314b-e440-eeb8-8eb5-c6d8fa5c865b_960x540.mp4""}]",False,possessions,4Q/OT | margin -3..3 | 300..120,team
wnba,wnba_shot_pace,shot_pace,possessions,get-possessions,2024,Regular Season,team,"{'OffDef': 'Offense', 'FilterComparison': 'Exactly', 'FilterEvent': 'OnFloor', 'FilterValue': 5, 'StartType': 'All', 'Season': '2024', 'SeasonType': 'Regular Season', 'TeamId': '1611661330'}",shot_pace,1611661330,4Q/OT | margin -3..3 | 300..120,get-possessions__possessions__off_def-Offense__filter_comparison-Exactly__filter_event-OnFloor__filter_value-5__start_type-All__season-2024__season_type-Regular_Season__team_id-1611661330__d64e970c,get-possessions,https://api.pbpstats.com/get-possessions/wnba?OffDef=Offense&FilterComparison=Exactly&FilterEvent=OnFloor&FilterValue=5&StartType=All&Season=2024&SeasonType=Regular+Season&TeamId=1611661330,200,257,04:41,"Gray 2' Driving Layup (8 PTS)
",1,1,0,0,2024-09-13,1022400219,0,0,WAS,3,0,-9,04:45,Off Steal,0,"[{""description"": ""Gray 2' Driving Layup (8 PTS)"", ""url"": ""https://videos.nba.com/wnba/pbp/media/2024/09/13/1022400219/359/b12e6e45-c997-e9fd-9111-415288f1b51c_960x540.mp4""}]",False,possessions,4Q/OT | margin -3..3 | 300..120,team
wnba,wnba_shot_pace,shot_pace,possessions,get-possessions,2024,Regular Season,team,"{'OffDef': 'Offense', 'FilterComparison': 'Exactly', 'FilterEvent': 'OnFloor', 'FilterValue': 5, 'StartType': 'All', 'Season': '2024', 'SeasonType': 'Regular Season', 'TeamId': '1611661330'}",shot_pace,1611661330,4Q/OT | margin -3..3 | 300..120,get-possessions__possessions__off_def-Offense__filter_comparison-Exactly__filter_event-OnFloor__filter_value-5__start_type-All__season-2024__season_type-Regular_Season__team_id-1611661330__d64e970c,get-possessions,https://api.pbpstats.com/get-possessions/wnba?OffDef=Offense&FilterComparison=Exactly&FilterEvent=OnFloor&FilterValue=5&StartType=All&Season=2024&SeasonType=Regular+Season&TeamId=1611661330,200,258,04:47,"MISS Gray 3PT Jump Shot
DREAM Rebound
MISS Charles 4' Hook Shot
Engstler REBOUND (Off:0 Def:4)
",1,0,1,0,2024-09-13,1022400219,0,1,WAS,3,0,-9,05:17,Off Dead Ball,0,"[{""description"": ""MISS Gray 3PT Jump Shot"", ""url"": ""https://videos.nba.com/wnba/pbp/media/2024/09/13/1022400219/350/2a11f7a6-1ae5-1b57-5688-791124075c97_960x540.mp4""}, {""description"": ""DREAM Rebound"", ""url"": """"}, {""description"": ""MISS Charles 4' Hook Shot"", ""url"": ""https://videos.nba.com/wnba/pbp/media/2024/09/13/1022400219/355/3edf5bd7-d422-e231-9dae-e1b69c3fd1b7_960x540.mp4""}, {""description"": ""Engstler REBOUND (Off:0 Def:4)"", ""url"": ""https://videos.nba.com/wnba/pbp/media/2024/09/13/1022400219/356/2afd47fe-66bc-70f2-b6c2-0f3edbf04c77_960x540.mp4""}]",False,possessions,4Q/OT | margin -3..3 | 300..120,team
wnba,wnba_shot_pace,shot_pace,possessions,get-possessions,2024,Regular Season,team,"{'OffDef': 'Offense', 'FilterComparison': 'Exactly', 'FilterEvent': 'OnFloor', 'FilterValue': 5, 'StartType': 'All', 'Season': '2024', 'SeasonType': 'Regular Season', 'TeamId': '1611661330'}",shot_pace,1611661330,4Q/OT | margin -3..3 | 300..120,get-possessions__possessions__off_def-Offense__filter_comparison-Exactly__filter_event-OnFloor__filter_value-5__start_type-All__season-2024__season_type-Regular_Season__team_id-1611661330__d64e970c,get-possessions,https://api.pbpstats.com/get-possessions/wnba?OffDef=Offense&FilterComparison=Exactly&FilterEvent=OnFloor&FilterValue=5&StartType=All&Season=2024&SeasonType=Regular+Season&TeamId=1611661330,200,259,05:23,"Hillmon 4' Cutting Layup Shot (4 PTS) (Canada 2 AST)
",1,1,0,0,2024-09-13,1022400219,0,0,WAS,3,0,-11,05:48,Off Arc 3 Make,0,"[{""description"": ""Hillmon 4' Cutting Layup Shot (4 PTS) (Canada 2 AST)"", ""url"": ""https://videos.nba.com/wnba/pbp/media/2024/09/13/1022400219/345/b575bc98-19d9-3cb0-f73c-f8dfa0bd1eec_960x540.mp4""}]",False,possessions,4Q/OT | margin -3..3 | 300..120,team
wnba,wnba_shot_pace,shot_pace,possessions,get-possessions,2024,Regular Season,team,"{'OffDef': 'Offense', 'FilterComparison': 'Exactly', 'FilterEvent': 'OnFloor', 'FilterValue': 5, 'StartType': 'All', 'Season': '2024', 'SeasonType': 'Regular Season', 'TeamId': '1611661330'}",shot_pace,1611661330,4Q/OT | margin -3..3 | 300..120,get-possessions__possessions__off_def-Offense__filter_comparison-Exactly__filter_event-OnFloor__filter_value-5__start_type-All__season-2024__season_type-Regular_Season__team_id-1611661330__d64e970c,get-possessions,https://api.pbpstats.com/get-possessions/wnba?OffDef=Offense&FilterComparison=Exactly&FilterEvent=OnFloor&FilterValue=5&StartType=All&Season=2024&SeasonType=Regular+Season&TeamId=1611661330,200,260,06:00,"Canada 24' 3PT Jump Shot (3 PTS) (Howard 2 AST)
",0,0,1,1,2024-09-13,1022400219,0,0,WAS,3,0,-11,06:14,Off Corner 3 Make,0,"[{""description"": ""Canada 24' 3PT Jump Shot (3 PTS) (Howard 2 AST)"", ""url"": ""https://videos.nba.com/wnba/pbp/media/2024/09/13/1022400219/341/18ff5c94-409e-ef14-cca4-47fa010e643c_960x540.mp4""}]",False,possessions,4Q/OT | margin -3..3 | 300..120,team
wnba,wnba_shot_pace,shot_pace,possessions,get-possessions,2024,Regular Season,team,"{'OffDef': 'Offense', 'FilterComparison': 'Exactly', 'FilterEvent': 'OnFloor', 'FilterValue': 5, 'StartType': 'All', 'Season': '2024', 'SeasonType': 'Regular Season', 'TeamId': '1611661330'}",shot_pace,1611661330,4Q/OT | margin -3..3 | 300..120,get-possessions__possessions__off_def-Offense__filter_comparison-Exactly__filter_event-OnFloor__filter_value-5__start_type-All__season-2024__season_type-Regular_Season__team_id-1611661330__d64e970c,get-possessions,https://api.pbpstats.com/get-possessions/wnba?OffDef=Offense&FilterComparison=Exactly&FilterEvent=OnFloor&FilterValue=5&StartType=All&Season=2024&SeasonType=Regular+Season&TeamId=1611661330,200,261,06:33,"Dolson S.FOUL (P2.T2)
MISS Howard Free Throw 1 of 2
DREAM Rebound
Howard Free Throw 2 of 2 (9 PTS)
",0,0,0,0,2024-09-13,1022400219,0,0,WAS,3,1,-9,06:38,Off Short Mid-Range Miss,0,"[{""description"": ""Dolson S.FOUL (P2.T2)"", ""url"": """"}, {""description"": ""MISS Howard Free Throw 1 of 2"", ""url"": """"}, {""description"": ""DREAM Rebound"", ""url"": """"}, {""description"": ""Howard Free Throw 2 of 2 (9 PTS)"", ""url"": """"}]",False,possessions,4Q/OT | margin -3..3 | 300..120,team
wnba,wnba_shot_pace,shot_pace,possessions,get-possessions,2024,Regular Season,team,"{'OffDef': 'Offense', 'FilterComparison': 'Exactly', 'FilterEvent': 'OnFloor', 'FilterValue': 5, 'StartType': 'All', 'Season': '2024', 'SeasonType': 'Regular Season', 'TeamId': '1611661330'}",shot_pace,1611661330,4Q/OT | margin -3..3 | 300..120,get-possessions__possessions__off_def-Offense__filter_comparison-Exactly__filter_event-OnFloor__filter_value-5__start_type-All__season-2024__season_type-Regular_Season__team_id-1611661330__d64e970c,get-possessions,https://api.pbpstats.com/get-possessions/wnba?OffDef=Offense&FilterComparison=Exactly&FilterEvent=OnFloor&FilterValue=5&StartType=All&Season=2024&SeasonType=Regular+Season&TeamId=1611661330,200,262,06:44,"Howard Bad Pass Turnover (P2.T14): Atkins STEAL (4 STL)
",0,0,0,0,2024-09-13,1022400219,0,0,WAS,3,0,-9,06:47,Off Steal,1,"[{""description"": ""Howard Bad Pass Turnover (P2.T14): Atkins STEAL (4 STL)"", ""url"": ""https://videos.nba.com/wnba/pbp/media/2024/09/13/1022400219/330/6f56e1c2-5388-ca33-ba95-a96c41d0557a_960x540.mp4""}]",False,possessions,4Q/OT | margin -3..3 | 300..120,team
wnba,wnba_shot_pace,shot_pace,possessions,get-possessions,2024,Regular Season,team,"{'OffDef': 'Offense', 'FilterComparison': 'Exactly', 'FilterEvent': 'OnFloor', 'FilterValue': 5, 'StartType': 'All', 'Season': '2024', 'SeasonType': 'Regular Season', 'TeamId': '1611661330'}",shot_pace,1611661330,4Q/OT | margin -3..3 | 300..120,get-possessions__possessions__off_def-Offense__filter_comparison-Exactly__filter_event-OnFloor__filter_value-5__start_type-All__season-2024__season_type-Regular_Season__team_id-1611661330__d64e970c,get-possessions,https://api.pbpstats.com/get-possessions/wnba?OffDef=Offense&FilterComparison=Exactly&FilterEvent=OnFloor&FilterValue=5&StartType=All&Season=2024&SeasonType=Regular+Season&TeamId=1611661330,200,263,06:55,"MISS Charles 3' Reverse Layup
Charles REBOUND (Off:2 Def:1)
Charles Bad Pass Turnover (P3.T13): Sykes STEAL (2 STL)
",1,0,0,0,2024-09-13,1022400219,0,1,WAS,3,0,-9,07:19,Off Dead Ball,1,"[{""description"": ""MISS Charles 3' Reverse Layup"", ""url"": ""https://videos.nba.com/wnba/pbp/media/2024/09/13/1022400219/324/75015c51-032a-7e13-758f-74fb70cc5a41_960x540.mp4""}, {""description"": ""Charles REBOUND (Off:2 Def:1)"", ""url"": ""https://videos.nba.com/wnba/pbp/media/2024/09/13/1022400219/325/6953158d-f4ff-11a3-705c-da67e96d6880_960x540.mp4""}, {""description"": ""Charles Bad Pass Turnover (P3.T13): Sykes STEAL (2 STL)"", ""url"": ""https://videos.nba.com/wnba/pbp/media/2024/09/13/1022400219/326/89d8e8e6-df4f-31fb-691e-8597710016d3_960x540.mp4""}]",False,possessions,4Q/OT | margin -3..3 | 300..120,team
wnba,wnba_shot_pace,shot_pace,possessions,get-possessions,2024,Regular Season,team,"{'OffDef': 'Offense', 'FilterComparison': 'Exactly', 'FilterEvent': 'OnFloor', 'FilterValue': 5, 'StartType': 'All', 'Season': '2024', 'SeasonType': 'Regular Season', 'TeamId': '1611661330'}",shot_pace,1611661330,4Q/OT | margin -3..3 | 300..120,get-possessions__possessions__off_def-Offense__filter_comparison-Exactly__filter_event-OnFloor__filter_value-5__start_type-All__season-2024__season_type-Regular_Season__team_id-1611661330__d64e970c,get-possessions,https://api.pbpstats.com/get-possessions/wnba?OffDef=Offense&FilterComparison=Exactly&FilterEvent=OnFloor&FilterValue=5&StartType=All&Season=2024&SeasonType=Regular+Season&TeamId=1611661330,200,264,07:44,"MISS Hillmon 1' Cutting Layup Shot
Canada REBOUND (Off:2 Def:2)
MISS Canada 6' Layup
Mystics Rebound
",2,0,0,0,2024-09-13,1022400219,0,1,WAS,3,0,-9,08:08,Off Timeout,0,"[{""description"": ""MISS Hillmon 1' Cutting Layup Shot"", ""url"": ""https://videos.nba.com/wnba/pbp/media/2024/09/13/1022400219/319/b68000a4-64f8-5446-5cf2-cd1cd3bfd915_960x540.mp4""}, {""description"": ""Canada REBOUND (Off:2 Def:2)"", ""url"": ""https://videos.nba.com/wnba/pbp/media/2024/09/13/1022400219/320/694b7db3-1ca9-0f59-0f58-da3297785ba7_960x540.mp4""}, {""description"": ""MISS Canada 6' Layup"", ""url"": ""https://videos.nba.com/wnba/pbp/media/2024/09/13/1022400219/321/1f51dfa5-d595-3ef6-6290-4e4db6d7a78b_960x540.mp4""}, {""description"": ""Mystics Rebound"", ""url"": """"}]",False,possessions,4Q/OT | margin -3..3 | 300..120,team
wnba,wnba_shot_pace,shot_pace,possessions,get-possessions,2024,Regular Season,team,"{'OffDef': 'Offense', 'FilterComparison': 'Exactly', 'FilterEvent': 'OnFloor', 'FilterValue': 5, 'StartType': 'All', 'Season': '2024', 'SeasonType': 'Regular Season', 'TeamId': '1611661330'}",shot_pace,1611661330,4Q/OT | margin -3..3 | 300..120,get-possessions__possessions__off_def-Offense__filter_comparison-Exactly__filter_event-OnFloor__filter_value-5__start_type-All__season-2024__season_type-Regular_Season__team_id-1611661330__d64e970c,get-possessions,https://api.pbpstats.com/get-possessions/wnba?OffDef=Offense&FilterComparison=Exactly&FilterEvent=OnFloor&FilterValue=5&StartType=All&Season=2024&SeasonType=Regular+Season&TeamId=1611661330,200,265,08:15,"Hillmon Bad Pass Turnover (P3.T12): Atkins STEAL (3 STL)
",0,0,0,0,2024-09-13,1022400219,0,0,WAS,3,0,-9,08:27,Off Arc 3 Make,1,"[{""description"": ""Hillmon Bad Pass Turnover (P3.T12): Atkins STEAL (3 STL)"", ""url"": ""https://videos.nba.com/wnba/pbp/media/2024/09/13/1022400219/311/d6d53569-1031-563e-cd2b-4153ec208d60_960x540.mp4""}]",False,possessions,4Q/OT | margin -3..3 | 300..120,team
wnba,wnba_shot_pace,shot_pace,possessions,get-possessions,2024,Regular Season,team,"{'OffDef': 'Offense', 'FilterComparison': 'Exactly', 'FilterEvent': 'OnFloor', 'FilterValue': 5, 'StartType': 'All', 'Season': '2024', 'SeasonType': 'Regular Season', 'TeamId': '1611661330'}",shot_pace,1611661330,4Q/OT | margin -3..3 | 300..120,get-possessions__possessions__off_def-Offense__filter_comparison-Exactly__filter_event-OnFloor__filter_value-5__start_type-All__season-2024__season_type-Regular_Season__team_id-1611661330__d64e970c,get-possessions,https://api.pbpstats.com/get-possessions/wnba?OffDef=Offense&FilterComparison=Exactly&FilterEvent=OnFloor&FilterValue=5&StartType=All&Season=2024&SeasonType=Regular+Season&TeamId=1611661330,200,266,08:34,"MISS Gray 3' Driving Layup: Sykes BLOCK (1 BLK)
DREAM Rebound
Engstler P.FOUL (P2.T1)
MISS Charles 9' Turnaround Jump Shot
Engstler REBOUND (Off:0 Def:3)
",2,0,0,0,2024-09-13,1022400219,0,1,WAS,3,0,-6,08:57,Off Arc 3 Miss,0,"[{""description"": ""MISS Gray 3' Driving Layup: Sykes BLOCK (1 BLK)"", ""url"": ""https://videos.nba.com/wnba/pbp/media/2024/09/13/1022400219/316/a4891c85-a262-9964-76e9-f56b36ead183_960x540.mp4""}, {""description"": ""DREAM Rebound"", ""url"": """"}, {""description"": ""Engstler P.FOUL (P2.T1)"", ""url"": """"}, {""description"": ""MISS Charles 9' Turnaround Jump Shot"", ""url"": ""https://videos.nba.com/wnba/pbp/media/2024/09/13/1022400219/307/712bd154-e697-77e9-a578-12eaa888ac1e_960x540.mp4""}, {""description"": ""Engstler REBOUND (Off:0 Def:3)"", ""url"": ""https://videos.nba.com/wnba/pbp/media/2024/09/13/1022400219/308/4ecf324c-8be2-e549-118b-cea5161a7f15_960x540.mp4""}]",False,possessions,4Q/OT | margin -3..3 | 300..120,team
wnba,wnba_shot_pace,shot_pace,possessions,get-possessions,2024,Regular Season,team,"{'OffDef': 'Offense', 'FilterComparison': 'Exactly', 'FilterEvent': 'OnFloor', 'FilterValue': 5, 'StartType': 'All', 'Season': '2024', 'SeasonType': 'Regular Season', 'TeamId': '1611661330'}",shot_pace,1611661330,4Q/OT | margin -3..3 | 300..120,get-possessions__possessions__off_def-Offense__filter_comparison-Exactly__filter_event-OnFloor__filter_value-5__start_type-All__season-2024__season_type-Regular_Season__team_id-1611661330__d64e970c,get-possessions,https://api.pbpstats.com/get-possessions/wnba?OffDef=Offense&FilterComparison=Exactly&FilterEvent=OnFloor&FilterValue=5&StartType=All&Season=2024&SeasonType=Regular+Season&TeamId=1611661330,200,267,09:20,"Charles OFF.Foul (P1)
Charles Offensive Foul Turnover (P2.T11)
",0,0,0,0,2024-09-13,1022400219,0,0,WAS,3,0,-6,09:31,Off Short Mid-Range Make,1,"[{""description"": ""Charles OFF.Foul (P1)"", ""url"": """"}, {""description"": ""Charles Offensive Foul Turnover (P2.T11)"", ""url"": ""https://videos.nba.com/wnba/pbp/media/2024/09/13/1022400219/301/64138c76-68cd-ab16-6458-43e136e8b296_960x540.mp4""}]",False,possessions,4Q/OT | margin -3..3 | 300..120,team
wnba,wnba_shot_pace,shot_pace,possessions,get-possessions,2024,Regular Season,team,"{'OffDef': 'Offense', 'FilterComparison': 'Exactly', 'FilterEvent': 'OnFloor', 'FilterValue': 5, 'StartType': 'All', 'Season': '2024', 'SeasonType': 'Regular Season', 'TeamId': '1611661330'}",shot_pace,1611661330,4Q/OT | margin -3..3 | 300..120,get-possessions__possessions__off_def-Offense__filter_comparison-Exactly__filter_event-OnFloor__filter_value-5__start_type-All__season-2024__season_type-Regular_Season__team_id-1611661330__d64e970c,get-possessions,https://api.pbpstats.com/get-possessions/wnba?OffDef=Offense&FilterComparison=Exactly&FilterEvent=OnFloor&FilterValue=5&StartType=All&Season=2024&SeasonType=Regular+Season&TeamId=1611661330,200,268,00:11,"MISS Canada 10' Driving Floating Jump Shot
Canada REBOUND (Off:1 Def:2)
MISS Charles 17' Jump Shot
Gray REBOUND (Off:3 Def:2)
MISS Gray 3' Layup
Dolson REBOUND (Off:1 Def:3)
",3,0,0,0,2024-09-13,1022400219,0,2,WAS,2,0,-4,00:42,Off Arc 3 Make,0,"[{""description"": ""MISS Canada 10' Driving Floating Jump Shot"", ""url"": ""https://videos.nba.com/wnba/pbp/media/2024/09/13/1022400219/283/3f2c6d1c-6724-0cf2-5457-2931b992ea8c_960x540.mp4""}, {""description"": ""Canada REBOUND (Off:1 Def:2)"", ""url"": ""https://videos.nba.com/wnba/pbp/media/2024/09/13/1022400219/284/9c9aaddd-36b1-f3f6-538f-d58f8abf29cf_960x540.mp4""}, {""description"": ""MISS Charles 17' Jump Shot"", ""url"": ""https://videos.nba.com/wnba/pbp/media/2024/09/13/1022400219/285/1ac666de-0030-0814-5131-f6a12fcf1e88_960x540.mp4""}, {""description"": ""Gray REBOUND (Off:3 Def:2)"", ""url"": ""https://videos.nba.com/wnba/pbp/media/2024/09/13/1022400219/286/84438780-eeac-f809-72b7-bb17089f9a65_960x540.mp4""}, {""description"": ""MISS Gray 3' Layup"", ""url"": ""https://videos.nba.com/wnba/pbp/media/2024/09/13/1022400219/287/b91582dd-1c11-d6df-d3e2-ee576a1f2503_960x540.mp4""}, {""description"": ""Dolson REBOUND (Off:1 Def:3)"", ""url"": ""https://videos.nba.com/wnba/pbp/media/2024/09/13/1022400219/288/bd903981-5795-1196-8457-8e02e600590d_960x540.mp4""}]",False,possessions,4Q/OT | margin -3..3 | 300..120,team
wnba,wnba_shot_pace,shot_pace,possessions,get-possessions,2024,Regular Season,team,"{'OffDef': 'Offense', 'FilterComparison': 'Exactly', 'FilterEvent': 'OnFloor', 'FilterValue': 5, 'StartType': 'All', 'Season': '2024', 'SeasonType': 'Regular Season', 'TeamId': '1611661330'}",shot_pace,1611661330,4Q/OT | margin -3..3 | 300..120,get-possessions__possessions__off_def-Offense__filter_comparison-Exactly__filter_event-OnFloor__filter_value-5__start_type-All__season-2024__season_type-Regular_Season__team_id-1611661330__d64e970c,get-possessions,https://api.pbpstats.com/get-possessions/wnba?OffDef=Offense&FilterComparison=Exactly&FilterEvent=OnFloor&FilterValue=5&StartType=All&Season=2024&SeasonType=Regular+Season&TeamId=1611661330,200,269,01:12,"Vanloo S.FOUL (P1.PN)
Howard Free Throw 1 of 2 (7 PTS)
Howard Free Throw 2 of 2 (8 PTS)
",0,0,0,0,2024-09-13,1022400219,0,0,WAS,2,1,-3,01:14,Off Steal,0,"[{""description"": ""Vanloo S.FOUL (P1.PN)"", ""url"": """"}, {""description"": ""Howard Free Throw 1 of 2 (7 PTS)"", ""url"": """"}, {""description"": ""Howard Free Throw 2 of 2 (8 PTS)"", ""url"": """"}]",False,possessions,4Q/OT | margin -3..3 | 300..120,team
wnba,wnba_shot_pace,shot_pace,possessions,get-possessions,2024,Regular Season,team,"{'OffDef': 'Offense', 'FilterComparison': 'Exactly', 'FilterEvent': 'OnFloor', 'FilterValue': 5, 'StartType': 'All', 'Season': '2024', 'SeasonType': 'Regular Season', 'TeamId': '1611661330'}",shot_pace,1611661330,4Q/OT | margin -3..3 | 300..120,get-possessions__possessions__off_def-Offense__filter_comparison-Exactly__filter_event-OnFloor__filter_value-5__start_type-All__season-2024__season_type-Regular_Season__team_id-1611661330__d64e970c,get-possessions,https://api.pbpstats.com/get-possessions/wnba?OffDef=Offense&FilterComparison=Exactly&FilterEvent=OnFloor&FilterValue=5&StartType=All&Season=2024&SeasonType=Regular+Season&TeamId=1611661330,200,270,01:31,"Gray 24' 3PT Pullup Jump Shot (6 PTS) (Hillmon 1 AST)
",0,0,1,1,2024-09-13,1022400219,0,0,WAS,2,0,-6,01:40,Off Arc 3 Miss,0,"[{""description"": ""Gray 24' 3PT Pullup Jump Shot (6 PTS) (Hillmon 1 AST)"", ""url"": ""https://videos.nba.com/wnba/pbp/media/2024/09/13/1022400219/269/e3c2645c-af08-f89c-31dc-56381073f455_960x540.mp4""}]",False,possessions,4Q/OT | margin -3..3 | 300..120,team
wnba,wnba_shot_pace,shot_pace,possessions,get-possessions,2024,Regular Season,team,"{'OffDef': 'Offense', 'FilterComparison': 'Exactly', 'FilterEvent': 'OnFloor', 'FilterValue': 5, 'StartType': 'All', 'Season': '2024', 'SeasonType': 'Regular Season', 'TeamId': '1611661330'}",shot_pace,1611661330,4Q/OT | margin -3..3 | 300..120,get-possessions__possessions__off_def-Offense__filter_comparison-Exactly__filter_event-OnFloor__filter_value-5__start_type-All__season-2024__season_type-Regular_Season__team_id-1611661330__d64e970c,get-possessions,https://api.pbpstats.com/get-possessions/wnba?OffDef=Offense&FilterComparison=Exactly&FilterEvent=OnFloor&FilterValue=5&StartType=All&Season=2024&SeasonType=Regular+Season&TeamId=1611661330,200,271,01:59,"MISS Charles 9' Turnaround Jump Shot
Engstler REBOUND (Off:0 Def:2)
",1,0,0,0,2024-09-13,1022400219,0,0,WAS,2,0,-6,02:28,Off Short Mid-Range Make,0,"[{""description"": ""MISS Charles 9' Turnaround Jump Shot"", ""url"": ""https://videos.nba.com/wnba/pbp/media/2024/09/13/1022400219/265/f8064cfd-8d41-bb4c-4cf6-6387e535a507_960x540.mp4""}, {""description"": ""Engstler REBOUND (Off:0 Def:2)"", ""url"": ""https://videos.nba.com/wnba/pbp/media/2024/09/13/1022400219/266/ed025cf0-b98e-582e-6074-fa28cd310a2e_960x540.mp4""}]",False,possessions,4Q/OT | margin -3..3 | 300..120,team
wnba,wnba_shot_pace,shot_pace,possessions,get-possessions,2024,Regular Season,team,"{'OffDef': 'Offense', 'FilterComparison': 'Exactly', 'FilterEvent': 'OnFloor', 'FilterValue': 5, 'StartType': 'All', 'Season': '2024', 'SeasonType': 'Regular Season', 'TeamId': '1611661330'}",shot_pace,1611661330,4Q/OT | margin -3..3 | 300..120,get-possessions__possessions__off_def-Offense__filter_comparison-Exactly__filter_event-OnFloor__filter_value-5__start_type-All__season-2024__season_type-Regular_Season__team_id-1611661330__d64e970c,get-possessions,https://api.pbpstats.com/get-possessions/wnba?OffDef=Offense&FilterComparison=Exactly&FilterEvent=OnFloor&FilterValue=5&StartType=All&Season=2024&SeasonType=Regular+Season&TeamId=1611661330,200,272,02:39,"MISS Howard 7' Driving Layup
Mystics Rebound
",1,0,0,0,2024-09-13,1022400219,0,0,WAS,2,0,-4,02:45,Off Short Mid-Range Miss,0,"[{""description"": ""MISS Howard 7' Driving Layup"", ""url"": ""https://videos.nba.com/wnba/pbp/media/2024/09/13/1022400219/257/87b0365c-5cd9-2d38-fc74-13566d0dc8f0_960x540.mp4""}, {""description"": ""Mystics Rebound"", ""url"": """"}]",False,possessions,4Q/OT | margin -3..3 | 300..120,team
wnba,wnba_shot_pace,shot_pace,possessions,get-possessions,2024,Regular Season,team,"{'OffDef': 'Offense', 'FilterComparison': 'Exactly', 'FilterEvent': 'OnFloor', 'FilterValue': 5, 'StartType': 'All', 'Season': '2024', 'SeasonType': 'Regular Season', 'TeamId': '1611661330'}",shot_pace,1611661330,4Q/OT | margin -3..3 | 300..120,get-possessions__possessions__off_def-Offense__filter_comparison-Exactly__filter_event-OnFloor__filter_value-5__start_type-All__season-2024__season_type-Regular_Season__team_id-1611661330__d64e970c,get-possessions,https://api.pbpstats.com/get-possessions/wnba?OffDef=Offense&FilterComparison=Exactly&FilterEvent=OnFloor&FilterValue=5&StartType=All&Season=2024&SeasonType=Regular+Season&TeamId=1611661330,200,273,02:59,"MISS Canada 4' Driving Layup
Hillmon REBOUND (Off:3 Def:3)
MISS Hillmon 1' Putback Layup
Dolson REBOUND (Off:0 Def:2)
",2,0,0,0,2024-09-13,1022400219,0,1,WAS,2,0,-4,03:21,Off Short Mid-Range Miss,0,"[{""description"": ""MISS Canada 4' Driving Layup"", ""url"": ""https://videos.nba.com/wnba/pbp/media/2024/09/13/1022400219/251/cdea83f8-a2c4-619c-f8e2-16e75b013b0b_960x540.mp4""}, {""description"": ""Hillmon REBOUND (Off:3 Def:3)"", ""url"": ""https://videos.nba.com/wnba/pbp/media/2024/09/13/1022400219/252/f837b5d9-f468-3c3c-01c1-045f45a17980_960x540.mp4""}, {""description"": ""MISS Hillmon 1' Putback Layup"", ""url"": ""https://videos.nba.com/wnba/pbp/media/2024/09/13/1022400219/253/f8aa78f0-da6d-0668-1652-fb97bfd573d9_960x540.mp4""}, {""description"": ""Dolson REBOUND (Off:0 Def:2)"", ""url"": ""https://videos.nba.com/wnba/pbp/media/2024/09/13/1022400219/254/cd239ed9-5cc5-ce89-41b5-4accf8d7df45_960x540.mp4""}]",False,possessions,4Q/OT | margin -3..3 | 300..120,team
wnba,wnba_shot_pace,shot_pace,possessions,get-possessions,2024,Regular Season,team,"{'OffDef': 'Offense', 'FilterComparison': 'Exactly', 'FilterEvent': 'OnFloor', 'FilterValue': 5, 'StartType': 'All', 'Season': '2024', 'SeasonType': 'Regular Season', 'TeamId': '1611661330'}",shot_pace,1611661330,4Q/OT | margin -3..3 | 300..120,get-possessions__possessions__off_def-Offense__filter_comparison-Exactly__filter_event-OnFloor__filter_value-5__start_type-All__season-2024__season_type-Regular_Season__team_id-1611661330__d64e970c,get-possessions,https://api.pbpstats.com/get-possessions/wnba?OffDef=Offense&FilterComparison=Exactly&FilterEvent=OnFloor&FilterValue=5&StartType=All&Season=2024&SeasonType=Regular+Season&TeamId=1611661330,200,274,03:36,"MISS Howard 14' Pullup Jump Shot
Charles REBOUND (Off:1 Def:1)
Atkins S.FOUL (P1.T4)
MISS Gray Free Throw 1 of 2
DREAM Rebound
Gray Free Throw 2 of 2 (3 PTS)
",1,0,0,0,2024-09-13,1022400219,0,1,WAS,2,1,-5,03:57,Off At Rim Make,0,"[{""description"": ""MISS Howard 14' Pullup Jump Shot"", ""url"": ""https://videos.nba.com/wnba/pbp/media/2024/09/13/1022400219/242/e44f524b-a18b-551e-e4a7-637a0bcab0de_960x540.mp4""}, {""description"": ""Charles REBOUND (Off:1 Def:1)"", ""url"": ""https://videos.nba.com/wnba/pbp/media/2024/09/13/1022400219/243/f939ceed-7168-ff83-9af6-ec3597bbf664_960x540.mp4""}, {""description"": ""Atkins S.FOUL (P1.T4)"", ""url"": """"}, {""description"": ""MISS Gray Free Throw 1 of 2"", ""url"": """"}, {""description"": ""DREAM Rebound"", ""url"": """"}, {""description"": ""Gray Free Throw 2 of 2 (3 PTS)"", ""url"": """"}]",False,possessions,4Q/OT | margin -3..3 | 300..120,team
wnba,wnba_shot_pace,shot_pace,possessions,get-possessions,2024,Regular Season,team,"{'OffDef': 'Offense', 'FilterComparison': 'Exactly', 'FilterEvent': 'OnFloor', 'FilterValue': 5, 'StartType': 'All', 'Season': '2024', 'SeasonType': 'Regular Season', 'TeamId': '1611661330'}",shot_pace,1611661330,4Q/OT | margin -3..3 | 300..120,get-possessions__possessions__off_def-Offense__filter_comparison-Exactly__filter_event-OnFloor__filter_value-5__start_type-All__season-2024__season_type-Regular_Season__team_id-1611661330__d64e970c,get-possessions,https://api.pbpstats.com/get-possessions/wnba?OffDef=Offense&FilterComparison=Exactly&FilterEvent=OnFloor&FilterValue=5&StartType=All&Season=2024&SeasonType=Regular+Season&TeamId=1611661330,200,275,04:01,"MISS Canada 5' Driving Layup
DREAM Rebound
Howard Bad Pass Turnover (P1.T10): Atkins STEAL (2 STL)
",1,0,0,0,2024-09-13,1022400219,0,1,WAS,2,0,-3,04:23,Off FT Make,1,"[{""description"": ""MISS Canada 5' Driving Layup"", ""url"": ""https://videos.nba.com/wnba/pbp/media/2024/09/13/1022400219/235/af760eea-26c9-307a-abe6-ad01b001114c_960x540.mp4""}, {""description"": ""DREAM Rebound"", ""url"": """"}, {""description"": ""Howard Bad Pass Turnover (P1.T10): Atkins STEAL (2 STL)"", ""url"": ""https://videos.nba.com/wnba/pbp/media/2024/09/13/1022400219/238/97349ceb-1d49-81fb-4061-98854c6f5d28_960x540.mp4""}]",False,possessions,4Q/OT | margin -3..3 | 300..120,team
wnba,wnba_shot_pace,shot_pace,possessions,get-possessions,2024,Regular Season,team,"{'OffDef': 'Offense', 'FilterComparison': 'Exactly', 'FilterEvent': 'OnFloor', 'FilterValue': 5, 'StartType': 'All', 'Season': '2024', 'SeasonType': 'Regular Season', 'TeamId': '1611661330'}",shot_pace,1611661330,4Q/OT | margin -3..3 | 300..120,get-possessions__possessions__off_def-Offense__filter_comparison-Exactly__filter_event-OnFloor__filter_value-5__start_type-All__season-2024__season_type-Regular_Season__team_id-1611661330__d64e970c,get-possessions,https://api.pbpstats.com/get-possessions/wnba?OffDef=Offense&FilterComparison=Exactly&FilterEvent=OnFloor&FilterValue=5&StartType=All&Season=2024&SeasonType=Regular+Season&TeamId=1611661330,200,276,04:25,"MISS Canada 3PT Jump Shot
Howard REBOUND (Off:1 Def:1)
MISS Howard 24' 3PT Pullup Jump Shot
Gray REBOUND (Off:2 Def:2)
MISS Gray 25' 3PT Jump Shot
Sykes REBOUND (Off:0 Def:3)
",0,0,3,0,2024-09-13,1022400219,0,2,WAS,2,0,-2,05:05,Off At Rim Make,0,"[{""description"": ""MISS Canada 3PT Jump Shot"", ""url"": ""https://videos.nba.com/wnba/pbp/media/2024/09/13/1022400219/223/3a375936-61f5-ac76-b3a1-558b2b25b9c3_960x540.mp4""}, {""description"": ""Howard REBOUND (Off:1 Def:1)"", ""url"": ""https://videos.nba.com/wnba/pbp/media/2024/09/13/1022400219/224/777b6d8a-c31c-0b86-993d-9291ac18dc34_960x540.mp4""}, {""description"": ""MISS Howard 24' 3PT Pullup Jump Shot"", ""url"": ""https://videos.nba.com/wnba/pbp/media/2024/09/13/1022400219/226/ee4e8661-a1ec-c320-4f6e-c0df77356c86_960x540.mp4""}, {""description"": ""Gray REBOUND (Off:2 Def:2)"", ""url"": ""https://videos.nba.com/wnba/pbp/media/2024/09/13/1022400219/227/77d64c0d-24f9-c71f-71a2-f89149c22e33_960x540.mp4""}, {""description"": ""MISS Gray 25' 3PT Jump Shot"", ""url"": ""https://videos.nba.com/wnba/pbp/media/2024/09/13/1022400219/228/7cbdfe5f-3f2f-e490-a187-b910d6d83962_960x540.mp4""}, {""description"": ""Sykes REBOUND (Off:0 Def:3)"", ""url"": ""https://videos.nba.com/wnba/pbp/media/2024/09/13/1022400219/229/5bb57ba3-b436-b477-58cb-76a02b0a3942_960x540.mp4""}]",False,possessions,4Q/OT | margin -3..3 | 300..120,team
wnba,wnba_shot_pace,shot_pace,possessions,get-possessions,2024,Regular Season,team,"{'OffDef': 'Offense', 'FilterComparison': 'Exactly', 'FilterEvent': 'OnFloor', 'FilterValue': 5, 'StartType': 'All', 'Season': '2024', 'SeasonType': 'Regular Season', 'TeamId': '1611661330'}",shot_pace,1611661330,4Q/OT | margin -3..3 | 300..120,get-possessions__possessions__off_def-Offense__filter_comparison-Exactly__filter_event-OnFloor__filter_value-5__start_type-All__season-2024__season_type-Regular_Season__team_id-1611661330__d64e970c,get-possessions,https://api.pbpstats.com/get-possessions/wnba?OffDef=Offense&FilterComparison=Exactly&FilterEvent=OnFloor&FilterValue=5&StartType=All&Season=2024&SeasonType=Regular+Season&TeamId=1611661330,200,277,05:19,"Hillmon OFF.Foul (P1)
Hillmon Offensive Foul Turnover (P2.T9)
",0,0,0,0,2024-09-13,1022400219,0,0,WAS,2,0,0,05:27,Off At Rim Make,1,"[{""description"": ""Hillmon OFF.Foul (P1)"", ""url"": """"}, {""description"": ""Hillmon Offensive Foul Turnover (P2.T9)"", ""url"": ""https://videos.nba.com/wnba/pbp/media/2024/09/13/1022400219/221/e7fe12d0-3f50-b365-776a-a3d61116535d_960x540.mp4""}]",False,possessions,4Q/OT | margin -3..3 | 300..120,team
wnba,wnba_shot_pace,shot_pace,possessions,get-possessions,2024,Regular Season,team,"{'OffDef': 'Offense', 'FilterComparison': 'Exactly', 'FilterEvent': 'OnFloor', 'FilterValue': 5, 'StartType': 'All', 'Season': '2024', 'SeasonType': 'Regular Season', 'TeamId': '1611661330'}",shot_pace,1611661330,4Q/OT | margin -3..3 | 300..120,get-possessions__possessions__off_def-Offense__filter_comparison-Exactly__filter_event-OnFloor__filter_value-5__start_type-All__season-2024__season_type-Regular_Season__team_id-1611661330__d64e970c,get-possessions,https://api.pbpstats.com/get-possessions/wnba?OffDef=Offense&FilterComparison=Exactly&FilterEvent=OnFloor&FilterValue=5&StartType=All&Season=2024&SeasonType=Regular+Season&TeamId=1611661330,200,278,05:28,"Hillmon Lost Ball Turnover (P1.T8): Sykes STEAL (1 STL)
",0,0,0,0,2024-09-13,1022400219,0,0,WAS,2,0,2,05:33,Off Short Mid-Range Miss,1,"[{""description"": ""Hillmon Lost Ball Turnover (P1.T8): Sykes STEAL (1 STL)"", ""url"": ""https://videos.nba.com/wnba/pbp/media/2024/09/13/1022400219/212/ec49cb7e-fbd2-207d-bf83-4cb21d28a633_960x540.mp4""}]",False,possessions,4Q/OT | margin -3..3 | 300..120,team
wnba,wnba_shot_pace,shot_pace,possessions,get-possessions,2024,Regular Season,team,"{'OffDef': 'Offense', 'FilterComparison': 'Exactly', 'FilterEvent': 'OnFloor', 'FilterValue': 5, 'StartType': 'All', 'Season': '2024', 'SeasonType': 'Regular Season', 'TeamId': '1611661330'}",shot_pace,1611661330,4Q/OT | margin -3..3 | 300..120,get-possessions__possessions__off_def-Offense__filter_comparison-Exactly__filter_event-OnFloor__filter_value-5__start_type-All__season-2024__season_type-Regular_Season__team_id-1611661330__d64e970c,get-possessions,https://api.pbpstats.com/get-possessions/wnba?OffDef=Offense&FilterComparison=Exactly&FilterEvent=OnFloor&FilterValue=5&StartType=All&Season=2024&SeasonType=Regular+Season&TeamId=1611661330,200,279,05:58,"MISS Charles 14' Running Jump Shot
Gray REBOUND (Off:1 Def:2)
Walker-Kimbrough S.FOUL (P1.T3)
Gray Free Throw 1 of 2 (1 PTS)
Gray Free Throw 2 of 2 (2 PTS)
",1,0,0,0,2024-09-13,1022400219,0,1,WAS,2,1,0,06:04,Off Arc 3 Miss,0,"[{""description"": ""MISS Charles 14' Running Jump Shot"", ""url"": ""https://videos.nba.com/wnba/pbp/media/2024/09/13/1022400219/197/dd81e103-3a74-8226-4318-9d9bc75d5414_960x540.mp4""}, {""description"": ""Gray REBOUND (Off:1 Def:2)"", ""url"": ""https://videos.nba.com/wnba/pbp/media/2024/09/13/1022400219/198/960cc981-8e0c-2fbd-948f-d827e13a273d_960x540.mp4""}, {""description"": ""Walker-Kimbrough S.FOUL (P1.T3)"", ""url"": """"}, {""description"": ""Gray Free Throw 1 of 2 (1 PTS)"", ""url"": """"}, {""description"": ""Gray Free Throw 2 of 2 (2 PTS)"", ""url"": """"}]",False,possessions,4Q/OT | margin -3..3 | 300..120,team
wnba,wnba_shot_pace,shot_pace,possessions,get-possessions,2024,Regular Season,team,"{'OffDef': 'Offense', 'FilterComparison': 'Exactly', 'FilterEvent': 'OnFloor', 'FilterValue': 5, 'StartType': 'All', 'Season': '2024', 'SeasonType': 'Regular Season', 'TeamId': '1611661330'}",shot_pace,1611661330,4Q/OT | margin -3..3 | 300..120,get-possessions__possessions__off_def-Offense__filter_comparison-Exactly__filter_event-OnFloor__filter_value-5__start_type-All__season-2024__season_type-Regular_Season__team_id-1611661330__d64e970c,get-possessions,https://api.pbpstats.com/get-possessions/wnba?OffDef=Offense&FilterComparison=Exactly&FilterEvent=OnFloor&FilterValue=5&StartType=All&Season=2024&SeasonType=Regular+Season&TeamId=1611661330,200,280,06:32,"Melbourne S.FOUL (P1.T2)
Charles Free Throw 1 of 2 (5 PTS)
Charles Free Throw 2 of 2 (6 PTS)
",0,0,0,0,2024-09-13,1022400219,0,0,WAS,2,1,-2,06:46,Off FT Make,0,"[{""description"": ""Melbourne S.FOUL (P1.T2)"", ""url"": """"}, {""description"": ""Charles Free Throw 1 of 2 (5 PTS)"", ""url"": """"}, {""description"": ""Charles Free Throw 2 of 2 (6 PTS)"", ""url"": """"}]",False,possessions,4Q/OT | margin -3..3 | 300..120,team
wnba,wnba_shot_pace,shot_pace,possessions,get-possessions,2024,Regular Season,team,"{'OffDef': 'Offense', 'FilterComparison': 'Exactly', 'FilterEvent': 'OnFloor', 'FilterValue': 5, 'StartType': 'All', 'Season': '2024', 'SeasonType': 'Regular Season', 'TeamId': '1611661330'}",shot_pace,1611661330,4Q/OT | margin -3..3 | 300..120,get-possessions__possessions__off_def-Offense__filter_comparison-Exactly__filter_event-OnFloor__filter_value-5__start_type-All__season-2024__season_type-Regular_Season__team_id-1611661330__d64e970c,get-possessions,https://api.pbpstats.com/get-possessions/wnba?OffDef=Offense&FilterComparison=Exactly&FilterEvent=OnFloor&FilterValue=5&StartType=All&Season=2024&SeasonType=Regular+Season&TeamId=1611661330,200,281,07:00,"MISS Canada 17' Pullup Jump Shot
Melbourne REBOUND (Off:1 Def:3)
",1,0,0,0,2024-09-13,1022400219,0,0,WAS,2,0,1,07:10,Off Steal,0,"[{""description"": ""MISS Canada 17' Pullup Jump Shot"", ""url"": ""https://videos.nba.com/wnba/pbp/media/2024/09/13/1022400219/177/39f7a8eb-bcb9-c1f3-e1d2-ed17f76ebe05_960x540.mp4""}, {""description"": ""Melbourne REBOUND (Off:1 Def:3)"", ""url"": ""https://videos.nba.com/wnba/pbp/media/2024/09/13/1022400219/178/669db0ea-10f5-ceb0-32ce-32231ed33ff4_960x540.mp4""}]",False,possessions,4Q/OT | margin -3..3 | 300..120,team
wnba,wnba_shot_pace,shot_pace,possessions,get-possessions,2024,Regular Season,team,"{'OffDef': 'Offense', 'FilterComparison': 'Exactly', 'FilterEvent': 'OnFloor', 'FilterValue': 5, 'StartType': 'All', 'Season': '2024', 'SeasonType': 'Regular Season', 'TeamId': '1611661330'}",shot_pace,1611661330,4Q/OT | margin -3..3 | 300..120,get-possessions__possessions__off_def-Offense__filter_comparison-Exactly__filter_event-OnFloor__filter_value-5__start_type-All__season-2024__season_type-Regular_Season__team_id-1611661330__d64e970c,get-possessions,https://api.pbpstats.com/get-possessions/wnba?OffDef=Offense&FilterComparison=Exactly&FilterEvent=OnFloor&FilterValue=5&StartType=All&Season=2024&SeasonType=Regular+Season&TeamId=1611661330,200,282,07:12,"MISS Canada 6' Driving Floating Jump Shot
DREAM Rebound
Koné P.FOUL (P1.T1)
MISS Gray 24' 3PT Step Back Jump Shot: Walker-Kimbrough BLOCK (2 BLK)
Melbourne REBOUND (Off:1 Def:2)
",1,0,1,0,2024-09-13,1022400219,0,1,WAS,2,0,1,07:55,Off Short Mid-Range Miss,0,"[{""description"": ""MISS Canada 6' Driving Floating Jump Shot"", ""url"": ""https://videos.nba.com/wnba/pbp/media/2024/09/13/1022400219/166/43dbfe09-1828-a484-840f-fc413175c9b9_960x540.mp4""}, {""description"": ""DREAM Rebound"", ""url"": """"}, {""description"": ""Koné P.FOUL (P1.T1)"", ""url"": """"}, {""description"": ""MISS Gray 24' 3PT Step Back Jump Shot: Walker-Kimbrough BLOCK (2 BLK)"", ""url"": ""https://videos.nba.com/wnba/pbp/media/2024/09/13/1022400219/172/f3bbc15e-ca94-39a6-c64f-c1e65daca225_960x540.mp4""}, {""description"": ""Melbourne REBOUND (Off:1 Def:2)"", ""url"": ""https://videos.nba.com/wnba/pbp/media/2024/09/13/1022400219/174/53056c87-2f1e-b137-6f3c-98209f5ae629_960x540.mp4""}]",False,possessions,4Q/OT | margin -3..3 | 300..120,team
wnba,wnba_shot_pace,shot_pace,possessions,get-possessions,2024,Regular Season,team,"{'OffDef': 'Offense', 'FilterComparison': 'Exactly', 'FilterEvent': 'OnFloor', 'FilterValue': 5, 'StartType': 'All', 'Season': '2024', 'SeasonType': 'Regular Season', 'TeamId': '1611661330'}",shot_pace,1611661330,4Q/OT | margin -3..3 | 300..120,get-possessions__possessions__off_def-Offense__filter_comparison-Exactly__filter_event-OnFloor__filter_value-5__start_type-All__season-2024__season_type-Regular_Season__team_id-1611661330__d64e970c,get-possessions,https://api.pbpstats.com/get-possessions/wnba?OffDef=Offense&FilterComparison=Exactly&FilterEvent=OnFloor&FilterValue=5&StartType=All&Season=2024&SeasonType=Regular+Season&TeamId=1611661330,200,283,08:19,"MISS Gray 3PT Jump Shot
Hillmon REBOUND (Off:2 Def:1)
MISS Charles 2' Driving Layup
Melbourne REBOUND (Off:0 Def:1)
",1,0,1,0,2024-09-13,1022400219,0,1,WAS,2,0,1,08:58,Off Timeout,0,"[{""description"": ""MISS Gray 3PT Jump Shot"", ""url"": ""https://videos.nba.com/wnba/pbp/media/2024/09/13/1022400219/153/0c7d416b-1771-9f53-b144-0513e3aeb14c_960x540.mp4""}, {""description"": ""Hillmon REBOUND (Off:2 Def:1)"", ""url"": ""https://videos.nba.com/wnba/pbp/media/2024/09/13/1022400219/154/fcf94638-382c-1a71-375f-3a789e258b9e_960x540.mp4""}, {""description"": ""MISS Charles 2' Driving Layup"", ""url"": ""https://videos.nba.com/wnba/pbp/media/2024/09/13/1022400219/159/69fcd9df-8a5f-d3d7-4269-ac41e3c9dcc2_960x540.mp4""}, {""description"": ""Melbourne REBOUND (Off:0 Def:1)"", ""url"": ""https://videos.nba.com/wnba/pbp/media/2024/09/13/1022400219/160/db3e7ab1-be0f-e41f-8d69-f57be7de5193_960x540.mp4""}]",False,possessions,4Q/OT | margin -3..3 | 300..120,team
wnba,wnba_shot_pace,shot_pace,possessions,get-possessions,2024,Regular Season,team,"{'OffDef': 'Offense', 'FilterComparison': 'Exactly', 'FilterEvent': 'OnFloor', 'FilterValue': 5, 'StartType': 'All', 'Season': '2024', 'SeasonType': 'Regular Season', 'TeamId': '1611661330'}",shot_pace,1611661330,4Q/OT | margin -3..3 | 300..120,get-possessions__possessions__off_def-Offense__filter_comparison-Exactly__filter_event-OnFloor__filter_value-5__start_type-All__season-2024__season_type-Regular_Season__team_id-1611661330__d64e970c,get-possessions,https://api.pbpstats.com/get-possessions/wnba?OffDef=Offense&FilterComparison=Exactly&FilterEvent=OnFloor&FilterValue=5&StartType=All&Season=2024&SeasonType=Regular+Season&TeamId=1611661330,200,284,09:02,"Coffey Bad Pass Turnover (P2.T7): Walker-Kimbrough STEAL (1 STL)
",0,0,0,0,2024-09-13,1022400219,0,0,WAS,2,0,3,09:11,Off Corner 3 Make,1,"[{""description"": ""Coffey Bad Pass Turnover (P2.T7): Walker-Kimbrough STEAL (1 STL)"", ""url"": ""https://videos.nba.com/wnba/pbp/media/2024/09/13/1022400219/141/5e73ca19-9cb8-48e0-f1db-7be760fe9c70_960x540.mp4""}]",False,possessions,4Q/OT | margin -3..3 | 300..120,team
wnba,wnba_shot_pace,shot_pace,possessions,get-possessions,2024,Regular Season,team,"{'OffDef': 'Offense', 'FilterComparison': 'Exactly', 'FilterEvent': 'OnFloor', 'FilterValue': 5, 'StartType': 'All', 'Season': '2024', 'SeasonType': 'Regular Season', 'TeamId': '1611661330'}",shot_pace,1611661330,4Q/OT | margin -3..3 | 300..120,get-possessions__possessions__off_def-Offense__filter_comparison-Exactly__filter_event-OnFloor__filter_value-5__start_type-All__season-2024__season_type-Regular_Season__team_id-1611661330__d64e970c,get-possessions,https://api.pbpstats.com/get-possessions/wnba?OffDef=Offense&FilterComparison=Exactly&FilterEvent=OnFloor&FilterValue=5&StartType=All&Season=2024&SeasonType=Regular+Season&TeamId=1611661330,200,285,09:28,"Coffey OFF.Foul (P1)
Coffey Offensive Foul Turnover (P1.T6)
",0,0,0,0,2024-09-13,1022400219,0,0,WAS,2,0,6,09:45,Off Dead Ball,1,"[{""description"": ""Coffey OFF.Foul (P1)"", ""url"": """"}, {""description"": ""Coffey Offensive Foul Turnover (P1.T6)"", ""url"": ""https://videos.nba.com/wnba/pbp/media/2024/09/13/1022400219/138/756cb0d7-8645-7e52-fcf4-ac62ff2845e0_960x540.mp4""}]",False,possessions,4Q/OT | margin -3..3 | 300..120,team
wnba,wnba_shot_pace,shot_pace,possessions,get-possessions,2024,Regular Season,team,"{'OffDef': 'Offense', 'FilterComparison': 'Exactly', 'FilterEvent': 'OnFloor', 'FilterValue': 5, 'StartType': 'All', 'Season': '2024', 'SeasonType': 'Regular Season', 'TeamId': '1611661330'}",shot_pace,1611661330,4Q/OT | margin -3..3 | 300..120,get-possessions__possessions__off_def-Offense__filter_comparison-Exactly__filter_event-OnFloor__filter_value-5__start_type-All__season-2024__season_type-Regular_Season__team_id-1611661330__d64e970c,get-possessions,https://api.pbpstats.com/get-possessions/wnba?OffDef=Offense&FilterComparison=Exactly&FilterEvent=OnFloor&FilterValue=5&StartType=All&Season=2024&SeasonType=Regular+Season&TeamId=1611661330,200,286,00:07,"MISS Caldwell 19' Pullup Jump Shot: Walker-Kimbrough BLOCK (1 BLK)
DREAM Rebound
DREAM Turnover: Shot Clock (T#5)
",1,0,0,0,2024-09-13,1022400219,0,0,WAS,1,0,8,00:31,Off At Rim Make,1,"[{""description"": ""MISS Caldwell 19' Pullup Jump Shot: Walker-Kimbrough BLOCK (1 BLK)"", ""url"": ""https://videos.nba.com/wnba/pbp/media/2024/09/13/1022400219/122/f0e566e6-1596-d54b-8f81-9166933e370d_960x540.mp4""}, {""description"": ""DREAM Rebound"", ""url"": """"}, {""description"": ""DREAM Turnover: Shot Clock (T#5)"", ""url"": """"}]",False,possessions,4Q/OT | margin -3..3 | 300..120,team
wnba,wnba_shot_pace,shot_pace,possessions,get-possessions,2024,Regular Season,team,"{'OffDef': 'Offense', 'FilterComparison': 'Exactly', 'FilterEvent': 'OnFloor', 'FilterValue': 5, 'StartType': 'All', 'Season': '2024', 'SeasonType': 'Regular Season', 'TeamId': '1611661330'}",shot_pace,1611661330,4Q/OT | margin -3..3 | 300..120,get-possessions__possessions__off_def-Offense__filter_comparison-Exactly__filter_event-OnFloor__filter_value-5__start_type-All__season-2024__season_type-Regular_Season__team_id-1611661330__d64e970c,get-possessions,https://api.pbpstats.com/get-possessions/wnba?OffDef=Offense&FilterComparison=Exactly&FilterEvent=OnFloor&FilterValue=5&StartType=All&Season=2024&SeasonType=Regular+Season&TeamId=1611661330,200,287,00:46,"Cubaj 4' Driving Layup (4 PTS) (Caldwell 1 AST)
",1,1,0,0,2024-09-13,1022400219,0,0,WAS,1,0,8,00:52,Off Short Mid-Range Miss,0,"[{""description"": ""Cubaj 4' Driving Layup (4 PTS) (Caldwell 1 AST)"", ""url"": ""https://videos.nba.com/wnba/pbp/media/2024/09/13/1022400219/118/d72a1629-52f4-d8fa-4db4-98984a39159b_960x540.mp4""}]",False,possessions,4Q/OT | margin -3..3 | 300..120,team
wnba,wnba_shot_pace,shot_pace,possessions,get-possessions,2024,Regular Season,team,"{'OffDef': 'Offense', 'FilterComparison': 'Exactly', 'FilterEvent': 'OnFloor', 'FilterValue': 5, 'StartType': 'All', 'Season': '2024', 'SeasonType': 'Regular Season', 'TeamId': '1611661330'}",shot_pace,1611661330,4Q/OT | margin -3..3 | 300..120,get-possessions__possessions__off_def-Offense__filter_comparison-Exactly__filter_event-OnFloor__filter_value-5__start_type-All__season-2024__season_type-Regular_Season__team_id-1611661330__d64e970c,get-possessions,https://api.pbpstats.com/get-possessions/wnba?OffDef=Offense&FilterComparison=Exactly&FilterEvent=OnFloor&FilterValue=5&StartType=All&Season=2024&SeasonType=Regular+Season&TeamId=1611661330,200,288,01:13,"MISS Coffey 10' Turnaround Jump Shot
Cubaj REBOUND (Off:1 Def:1)
Cubaj 1' Putback Layup (2 PTS)
",2,1,0,0,2024-09-13,1022400219,0,1,WAS,1,0,6,01:41,Off At Rim Make,0,"[{""description"": ""MISS Coffey 10' Turnaround Jump Shot"", ""url"": ""https://videos.nba.com/wnba/pbp/media/2024/09/13/1022400219/113/37763039-80a3-ece2-67a5-c2aee8a2d71d_960x540.mp4""}, {""description"": ""Cubaj REBOUND (Off:1 Def:1)"", ""url"": ""https://videos.nba.com/wnba/pbp/media/2024/09/13/1022400219/114/725b419e-200e-0692-cc0c-3353d9d60778_960x540.mp4""}, {""description"": ""Cubaj 1' Putback Layup (2 PTS)"", ""url"": ""https://videos.nba.com/wnba/pbp/media/2024/09/13/1022400219/115/e7d87316-e128-c449-2700-15ad6ae5355b_960x540.mp4""}]",False,possessions,4Q/OT | margin -3..3 | 300..120,team
wnba,wnba_shot_pace,shot_pace,possessions,get-possessions,2024,Regular Season,team,"{'OffDef': 'Offense', 'FilterComparison': 'Exactly', 'FilterEvent': 'OnFloor', 'FilterValue': 5, 'StartType': 'All', 'Season': '2024', 'SeasonType': 'Regular Season', 'TeamId': '1611661330'}",shot_pace,1611661330,4Q/OT | margin -3..3 | 300..120,get-possessions__possessions__off_def-Offense__filter_comparison-Exactly__filter_event-OnFloor__filter_value-5__start_type-All__season-2024__season_type-Regular_Season__team_id-1611661330__d64e970c,get-possessions,https://api.pbpstats.com/get-possessions/wnba?OffDef=Offense&FilterComparison=Exactly&FilterEvent=OnFloor&FilterValue=5&StartType=All&Season=2024&SeasonType=Regular+Season&TeamId=1611661330,200,289,01:43,"MISS Jones 11' Driving Hook Shot
Engstler REBOUND (Off:0 Def:1)
",1,0,0,0,2024-09-13,1022400219,0,0,WAS,1,0,8,01:54,Off Long Mid-Range Miss,0,"[{""description"": ""MISS Jones 11' Driving Hook Shot"", ""url"": ""https://videos.nba.com/wnba/pbp/media/2024/09/13/1022400219/109/349e4c2d-0516-3cd3-b10f-ee766e314811_960x540.mp4""}, {""description"": ""Engstler REBOUND (Off:0 Def:1)"", ""url"": ""https://videos.nba.com/wnba/pbp/media/2024/09/13/1022400219/110/e9a9c31e-a4b1-c793-8d5a-83bafd3fdb46_960x540.mp4""}]",False,possessions,4Q/OT | margin -3..3 | 300..120,team
wnba,wnba_shot_pace,shot_pace,possessions,get-possessions,2024,Regular Season,team,"{'OffDef': 'Offense', 'FilterComparison': 'Exactly', 'FilterEvent': 'OnFloor', 'FilterValue': 5, 'StartType': 'All', 'Season': '2024', 'SeasonType': 'Regular Season', 'TeamId': '1611661330'}",shot_pace,1611661330,4Q/OT | margin -3..3 | 300..120,get-possessions__possessions__off_def-Offense__filter_comparison-Exactly__filter_event-OnFloor__filter_value-5__start_type-All__season-2024__season_type-Regular_Season__team_id-1611661330__d64e970c,get-possessions,https://api.pbpstats.com/get-possessions/wnba?OffDef=Offense&FilterComparison=Exactly&FilterEvent=OnFloor&FilterValue=5&StartType=All&Season=2024&SeasonType=Regular+Season&TeamId=1611661330,200,290,02:12,"Engstler S.FOUL (P1.T2)
Howard Free Throw 1 of 2 (5 PTS)
Howard Free Throw 2 of 2 (6 PTS)
",0,0,0,0,2024-09-13,1022400219,0,0,WAS,1,1,6,02:16,Off At Rim Miss,0,"[{""description"": ""Engstler S.FOUL (P1.T2)"", ""url"": """"}, {""description"": ""Howard Free Throw 1 of 2 (5 PTS)"", ""url"": """"}, {""description"": ""Howard Free Throw 2 of 2 (6 PTS)"", ""url"": """"}]",False,possessions,4Q/OT | margin -3..3 | 300..120,team
wnba,wnba_shot_pace,shot_pace,possessions,get-possessions,2024,Regular Season,team,"{'OffDef': 'Offense', 'FilterComparison': 'Exactly', 'FilterEvent': 'OnFloor', 'FilterValue': 5, 'StartType': 'All', 'Season': '2024', 'SeasonType': 'Regular Season', 'TeamId': '1611661330'}",shot_pace,1611661330,4Q/OT | margin -3..3 | 300..120,get-possessions__possessions__off_def-Offense__filter_comparison-Exactly__filter_event-OnFloor__filter_value-5__start_type-All__season-2024__season_type-Regular_Season__team_id-1611661330__d64e970c,get-possessions,https://api.pbpstats.com/get-possessions/wnba?OffDef=Offense&FilterComparison=Exactly&FilterEvent=OnFloor&FilterValue=5&StartType=All&Season=2024&SeasonType=Regular+Season&TeamId=1611661330,200,291,02:33,"Caldwell 5' Driving Layup (4 PTS)
",1,1,0,0,2024-09-13,1022400219,0,0,WAS,1,0,4,02:42,Off Steal,0,"[{""description"": ""Caldwell 5' Driving Layup (4 PTS)"", ""url"": ""https://videos.nba.com/wnba/pbp/media/2024/09/13/1022400219/96/4de91fc7-b2f1-e6d1-0616-3086d2f1c2ea_960x540.mp4""}]",False,possessions,4Q/OT | margin -3..3 | 300..120,team
wnba,wnba_shot_pace,shot_pace,possessions,get-possessions,2024,Regular Season,team,"{'OffDef': 'Offense', 'FilterComparison': 'Exactly', 'FilterEvent': 'OnFloor', 'FilterValue': 5, 'StartType': 'All', 'Season': '2024', 'SeasonType': 'Regular Season', 'TeamId': '1611661330'}",shot_pace,1611661330,4Q/OT | margin -3..3 | 300..120,get-possessions__possessions__off_def-Offense__filter_comparison-Exactly__filter_event-OnFloor__filter_value-5__start_type-All__season-2024__season_type-Regular_Season__team_id-1611661330__d64e970c,get-possessions,https://api.pbpstats.com/get-possessions/wnba?OffDef=Offense&FilterComparison=Exactly&FilterEvent=OnFloor&FilterValue=5&StartType=All&Season=2024&SeasonType=Regular+Season&TeamId=1611661330,200,292,03:08,"Samuelson S.FOUL (P1.T1)
Howard Free Throw 1 of 2 (4 PTS)
MISS Howard Free Throw 2 of 2
Hillmon REBOUND (Off:1 Def:1)
Caldwell 16' Pullup Jump Shot (2 PTS) (Howard 1 AST)
",1,1,0,0,2024-09-13,1022400219,0,1,WAS,1,1,1,03:23,Off At Rim Miss,0,"[{""description"": ""Samuelson S.FOUL (P1.T1)"", ""url"": """"}, {""description"": ""Howard Free Throw 1 of 2 (4 PTS)"", ""url"": """"}, {""description"": ""MISS Howard Free Throw 2 of 2"", ""url"": """"}, {""description"": ""Hillmon REBOUND (Off:1 Def:1)"", ""url"": ""https://videos.nba.com/wnba/pbp/media/2024/09/13/1022400219/89/4bdee9f3-6f21-8f6b-652e-da879cd1a673_960x540.mp4""}, {""description"": ""Caldwell 16' Pullup Jump Shot (2 PTS) (Howard 1 AST)"", ""url"": ""https://videos.nba.com/wnba/pbp/media/2024/09/13/1022400219/90/4cab0983-1fed-8b92-e7d7-02a5ce7624e9_960x540.mp4""}]",False,possessions,4Q/OT | margin -3..3 | 300..120,team
wnba,wnba_shot_pace,shot_pace,possessions,get-possessions,2024,Regular Season,team,"{'OffDef': 'Offense', 'FilterComparison': 'Exactly', 'FilterEvent': 'OnFloor', 'FilterValue': 5, 'StartType': 'All', 'Season': '2024', 'SeasonType': 'Regular Season', 'TeamId': '1611661330'}",shot_pace,1611661330,4Q/OT | margin -3..3 | 300..120,get-possessions__possessions__off_def-Offense__filter_comparison-Exactly__filter_event-OnFloor__filter_value-5__start_type-All__season-2024__season_type-Regular_Season__team_id-1611661330__d64e970c,get-possessions,https://api.pbpstats.com/get-possessions/wnba?OffDef=Offense&FilterComparison=Exactly&FilterEvent=OnFloor&FilterValue=5&StartType=All&Season=2024&SeasonType=Regular+Season&TeamId=1611661330,200,293,03:31,"MISS Charles 1' Running Layup
Edwards REBOUND (Off:1 Def:2)
",1,0,0,0,2024-09-13,1022400219,0,0,WAS,1,0,1,03:39,Off Steal,0,"[{""description"": ""MISS Charles 1' Running Layup"", ""url"": ""https://videos.nba.com/wnba/pbp/media/2024/09/13/1022400219/69/c498d95c-297a-8668-db9d-89eca0685655_960x540.mp4""}, {""description"": ""Edwards REBOUND (Off:1 Def:2)"", ""url"": ""https://videos.nba.com/wnba/pbp/media/2024/09/13/1022400219/70/db30d9b1-c821-a3da-2e61-e3635d18d8b3_960x540.mp4""}]",False,possessions,4Q/OT | margin -3..3 | 300..120,team
wnba,wnba_shot_pace,shot_pace,possessions,get-possessions,2024,Regular Season,team,"{'OffDef': 'Offense', 'FilterComparison': 'Exactly', 'FilterEvent': 'OnFloor', 'FilterValue': 5, 'StartType': 'All', 'Season': '2024', 'SeasonType': 'Regular Season', 'TeamId': '1611661330'}",shot_pace,1611661330,4Q/OT | margin -3..3 | 300..120,get-possessions__possessions__off_def-Offense__filter_comparison-Exactly__filter_event-OnFloor__filter_value-5__start_type-All__season-2024__season_type-Regular_Season__team_id-1611661330__d64e970c,get-possessions,https://api.pbpstats.com/get-possessions/wnba?OffDef=Offense&FilterComparison=Exactly&FilterEvent=OnFloor&FilterValue=5&StartType=All&Season=2024&SeasonType=Regular+Season&TeamId=1611661330,200,294,03:47,"MISS Charles 24' 3PT Jump Shot
Sykes REBOUND (Off:0 Def:2)
",0,0,1,0,2024-09-13,1022400219,0,0,WAS,1,0,1,04:12,Off Arc 3 Miss,0,"[{""description"": ""MISS Charles 24' 3PT Jump Shot"", ""url"": ""https://videos.nba.com/wnba/pbp/media/2024/09/13/1022400219/65/475ea003-7411-adfc-37fa-816d9c3acacd_960x540.mp4""}, {""description"": ""Sykes REBOUND (Off:0 Def:2)"", ""url"": ""https://videos.nba.com/wnba/pbp/media/2024/09/13/1022400219/66/23d7f0d2-6745-205e-b9a1-47ca65f719f0_960x540.mp4""}]",False,possessions,4Q/OT | margin -3..3 | 300..120,team
wnba,wnba_shot_pace,shot_pace,possessions,get-possessions,2024,Regular Season,team,"{'OffDef': 'Offense', 'FilterComparison': 'Exactly', 'FilterEvent': 'OnFloor', 'FilterValue': 5, 'StartType': 'All', 'Season': '2024', 'SeasonType': 'Regular Season', 'TeamId': '1611661330'}",shot_pace,1611661330,4Q/OT | margin -3..3 | 300..120,get-possessions__possessions__off_def-Offense__filter_comparison-Exactly__filter_event-OnFloor__filter_value-5__start_type-All__season-2024__season_type-Regular_Season__team_id-1611661330__d64e970c,get-possessions,https://api.pbpstats.com/get-possessions/wnba?OffDef=Offense&FilterComparison=Exactly&FilterEvent=OnFloor&FilterValue=5&StartType=All&Season=2024&SeasonType=Regular+Season&TeamId=1611661330,200,295,04:22,"Canada Lost Ball Turnover (P2.T4): Atkins STEAL (1 STL)
",0,0,0,0,2024-09-13,1022400219,0,0,WAS,1,0,1,04:35,Off Dead Ball,1,"[{""description"": ""Canada Lost Ball Turnover (P2.T4): Atkins STEAL (1 STL)"", ""url"": ""https://videos.nba.com/wnba/pbp/media/2024/09/13/1022400219/61/39522133-aea4-2ed6-18b7-fd48cbe6ee30_960x540.mp4""}]",False,possessions,4Q/OT | margin -3..3 | 300..120,team
wnba,wnba_shot_pace,shot_pace,possessions,get-possessions,2024,Regular Season,team,"{'OffDef': 'Offense', 'FilterComparison': 'Exactly', 'FilterEvent': 'OnFloor', 'FilterValue': 5, 'StartType': 'All', 'Season': '2024', 'SeasonType': 'Regular Season', 'TeamId': '1611661330'}",shot_pace,1611661330,4Q/OT | margin -3..3 | 300..120,get-possessions__possessions__off_def-Offense__filter_comparison-Exactly__filter_event-OnFloor__filter_value-5__start_type-All__season-2024__season_type-Regular_Season__team_id-1611661330__d64e970c,get-possessions,https://api.pbpstats.com/get-possessions/wnba?OffDef=Offense&FilterComparison=Exactly&FilterEvent=OnFloor&FilterValue=5&StartType=All&Season=2024&SeasonType=Regular+Season&TeamId=1611661330,200,296,05:01,"MISS Howard 25' 3PT Jump Shot
Mystics Rebound
",0,0,1,0,2024-09-13,1022400219,0,0,WAS,1,0,1,05:20,Off Dead Ball,0,"[{""description"": ""MISS Howard 25' 3PT Jump Shot"", ""url"": ""https://videos.nba.com/wnba/pbp/media/2024/09/13/1022400219/55/6d154057-c807-4d6b-7c0f-8b57227bc0cc_960x540.mp4""}, {""description"": ""Mystics Rebound"", ""url"": """"}]",False,possessions,4Q/OT | margin -3..3 | 300..120,team
wnba,wnba_shot_pace,shot_pace,possessions,get-possessions,2024,Regular Season,team,"{'OffDef': 'Offense', 'FilterComparison': 'Exactly', 'FilterEvent': 'OnFloor', 'FilterValue': 5, 'StartType': 'All', 'Season': '2024', 'SeasonType': 'Regular Season', 'TeamId': '1611661330'}",shot_pace,1611661330,4Q/OT | margin -3..3 | 300..120,get-possessions__possessions__off_def-Offense__filter_comparison-Exactly__filter_event-OnFloor__filter_value-5__start_type-All__season-2024__season_type-Regular_Season__team_id-1611661330__d64e970c,get-possessions,https://api.pbpstats.com/get-possessions/wnba?OffDef=Offense&FilterComparison=Exactly&FilterEvent=OnFloor&FilterValue=5&StartType=All&Season=2024&SeasonType=Regular+Season&TeamId=1611661330,200,297,05:23,"MISS Gray 24' 3PT Jump Shot
Sykes REBOUND (Off:0 Def:1)
",0,0,1,0,2024-09-13,1022400219,0,0,WAS,1,0,1,05:36,Off Corner 3 Miss,0,"[{""description"": ""MISS Gray 24' 3PT Jump Shot"", ""url"": ""https://videos.nba.com/wnba/pbp/media/2024/09/13/1022400219/50/31c6968d-b400-7f63-75ab-687a6be50ef7_960x540.mp4""}, {""description"": ""Sykes REBOUND (Off:0 Def:1)"", ""url"": ""https://videos.nba.com/wnba/pbp/media/2024/09/13/1022400219/51/2da18d9a-176c-a25b-1ef2-bcfeedbc28c3_960x540.mp4""}]",False,possessions,4Q/OT | margin -3..3 | 300..120,team
wnba,wnba_shot_pace,shot_pace,possessions,get-possessions,2024,Regular Season,team,"{'OffDef': 'Offense', 'FilterComparison': 'Exactly', 'FilterEvent': 'OnFloor', 'FilterValue': 5, 'StartType': 'All', 'Season': '2024', 'SeasonType': 'Regular Season', 'TeamId': '1611661330'}",shot_pace,1611661330,4Q/OT | margin -3..3 | 300..120,get-possessions__possessions__off_def-Offense__filter_comparison-Exactly__filter_event-OnFloor__filter_value-5__start_type-All__season-2024__season_type-Regular_Season__team_id-1611661330__d64e970c,get-possessions,https://api.pbpstats.com/get-possessions/wnba?OffDef=Offense&FilterComparison=Exactly&FilterEvent=OnFloor&FilterValue=5&StartType=All&Season=2024&SeasonType=Regular+Season&TeamId=1611661330,200,298,05:55,"Charles Traveling Turnover (P1.T3)
",0,0,0,0,2024-09-13,1022400219,0,0,WAS,1,0,1,06:14,Off Corner 3 Make,1,"[{""description"": ""Charles Traveling Turnover (P1.T3)"", ""url"": ""https://videos.nba.com/wnba/pbp/media/2024/09/13/1022400219/47/335efb75-abff-837a-8a4a-a22497285102_960x540.mp4""}]",False,possessions,4Q/OT | margin -3..3 | 300..120,team
wnba,wnba_shot_pace,shot_pace,possessions,get-possessions,2024,Regular Season,team,"{'OffDef': 'Offense', 'FilterComparison': 'Exactly', 'FilterEvent': 'OnFloor', 'FilterValue': 5, 'StartType': 'All', 'Season': '2024', 'SeasonType': 'Regular Season', 'TeamId': '1611661330'}",shot_pace,1611661330,4Q/OT | margin -3..3 | 300..120,get-possessions__possessions__off_def-Offense__filter_comparison-Exactly__filter_event-OnFloor__filter_value-5__start_type-All__season-2024__season_type-Regular_Season__team_id-1611661330__d64e970c,get-possessions,https://api.pbpstats.com/get-possessions/wnba?OffDef=Offense&FilterComparison=Exactly&FilterEvent=OnFloor&FilterValue=5&StartType=All&Season=2024&SeasonType=Regular+Season&TeamId=1611661330,200,299,06:28,"Hillmon 1' Running Layup (2 PTS) (Canada 1 AST)
",1,1,0,0,2024-09-13,1022400219,0,0,WAS,1,0,2,06:29,Off At Rim Miss,0,"[{""description"": ""Hillmon 1' Running Layup (2 PTS) (Canada 1 AST)"", ""url"": ""https://videos.nba.com/wnba/pbp/media/2024/09/13/1022400219/41/457e7dfa-04dc-3139-19b9-22dadc2f0c5a_960x540.mp4""}]",False,possessions,4Q/OT | margin -3..3 | 300..120,team
wnba,wnba_shot_pace,shot_pace,possessions,get-possessions,2024,Regular Season,team,"{'OffDef': 'Offense', 'FilterComparison': 'Exactly', 'FilterEvent': 'OnFloor', 'FilterValue': 5, 'StartType': 'All', 'Season': '2024', 'SeasonType': 'Regular Season', 'TeamId': '1611661330'}",shot_pace,1611661330,4Q/OT | margin -3..3 | 300..120,get-possessions__possessions__off_def-Offense__filter_comparison-Exactly__filter_event-OnFloor__filter_value-5__start_type-All__season-2024__season_type-Regular_Season__team_id-1611661330__d64e970c,get-possessions,https://api.pbpstats.com/get-possessions/wnba?OffDef=Offense&FilterComparison=Exactly&FilterEvent=OnFloor&FilterValue=5&StartType=All&Season=2024&SeasonType=Regular+Season&TeamId=1611661330,200,300,06:56,"Charles 9' Floating Jump Shot (4 PTS) (Gray 3 AST)
",1,1,0,0,2024-09-13,1022400219,0,0,WAS,1,0,0,07:11,Off At Rim Make,0,"[{""description"": ""Charles 9' Floating Jump Shot (4 PTS) (Gray 3 AST)"", ""url"": ""https://videos.nba.com/wnba/pbp/media/2024/09/13/1022400219/35/993fdca7-ea9b-79bc-e498-75aa7ee7c54c_960x540.mp4""}]",False,possessions,4Q/OT | margin -3..3 | 300..120,team
wnba,wnba_shot_pace,shot_pace,possessions,get-possessions,2024,Regular Season,team,"{'OffDef': 'Offense', 'FilterComparison': 'Exactly', 'FilterEvent': 'OnFloor', 'FilterValue': 5, 'StartType': 'All', 'Season': '2024', 'SeasonType': 'Regular Season', 'TeamId': '1611661330'}",shot_pace,1611661330,4Q/OT | margin -3..3 | 300..120,get-possessions__possessions__off_def-Offense__filter_comparison-Exactly__filter_event-OnFloor__filter_value-5__start_type-All__season-2024__season_type-Regular_Season__team_id-1611661330__d64e970c,get-possessions,https://api.pbpstats.com/get-possessions/wnba?OffDef=Offense&FilterComparison=Exactly&FilterEvent=OnFloor&FilterValue=5&StartType=All&Season=2024&SeasonType=Regular+Season&TeamId=1611661330,200,301,07:31,"Charles 5' Turnaround Jump Shot (2 PTS) (Gray 2 AST)
",1,1,0,0,2024-09-13,1022400219,0,0,WAS,1,0,0,07:36,Off Arc 3 Miss,0,"[{""description"": ""Charles 5' Turnaround Jump Shot (2 PTS) (Gray 2 AST)"", ""url"": ""https://videos.nba.com/wnba/pbp/media/2024/09/13/1022400219/32/bb8a2d15-290f-4007-c938-507fa23bd87a_960x540.mp4""}]",False,possessions,4Q/OT | margin -3..3 | 300..120,team
wnba,wnba_shot_pace,shot_pace,possessions,get-possessions,2024,Regular Season,team,"{'OffDef': 'Offense', 'FilterComparison': 'Exactly', 'FilterEvent': 'OnFloor', 'FilterValue': 5, 'StartType': 'All', 'Season': '2024', 'SeasonType': 'Regular Season', 'TeamId': '1611661330'}",shot_pace,1611661330,4Q/OT | margin -3..3 | 300..120,get-possessions__possessions__off_def-Offense__filter_comparison-Exactly__filter_event-OnFloor__filter_value-5__start_type-All__season-2024__season_type-Regular_Season__team_id-1611661330__d64e970c,get-possessions,https://api.pbpstats.com/get-possessions/wnba?OffDef=Offense&FilterComparison=Exactly&FilterEvent=OnFloor&FilterValue=5&StartType=All&Season=2024&SeasonType=Regular+Season&TeamId=1611661330,200,302,07:51,"MISS Canada 1' Running Layup
Dolson REBOUND (Off:0 Def:1)
",1,0,0,0,2024-09-13,1022400219,0,0,WAS,1,0,0,08:03,Off Steal,0,"[{""description"": ""MISS Canada 1' Running Layup"", ""url"": ""https://videos.nba.com/wnba/pbp/media/2024/09/13/1022400219/28/5c07eda2-dde5-46fa-b07d-a9f74eff6ef7_960x540.mp4""}, {""description"": ""Dolson REBOUND (Off:0 Def:1)"", ""url"": ""https://videos.nba.com/wnba/pbp/media/2024/09/13/1022400219/29/0e4f5493-9ecf-78b7-69df-95b1492a887e_960x540.mp4""}]",False,possessions,4Q/OT | margin -3..3 | 300..120,team
wnba,wnba_shot_pace,shot_pace,possessions,get-possessions,2024,Regular Season,team,"{'OffDef': 'Offense', 'FilterComparison': 'Exactly', 'FilterEvent': 'OnFloor', 'FilterValue': 5, 'StartType': 'All', 'Season': '2024', 'SeasonType': 'Regular Season', 'TeamId': '1611661330'}",shot_pace,1611661330,4Q/OT | margin -3..3 | 300..120,get-possessions__possessions__off_def-Offense__filter_comparison-Exactly__filter_event-OnFloor__filter_value-5__start_type-All__season-2024__season_type-Regular_Season__team_id-1611661330__d64e970c,get-possessions,https://api.pbpstats.com/get-possessions/wnba?OffDef=Offense&FilterComparison=Exactly&FilterEvent=OnFloor&FilterValue=5&StartType=All&Season=2024&SeasonType=Regular+Season&TeamId=1611661330,200,303,08:15,"Canada Out of Bounds - Bad Pass Turnover Turnover (P1.T2)
",0,0,0,0,2024-09-13,1022400219,0,0,WAS,1,0,0,08:34,Off Arc 3 Make,1,"[{""description"": ""Canada Out of Bounds - Bad Pass Turnover Turnover (P1.T2)"", ""url"": ""https://videos.nba.com/wnba/pbp/media/2024/09/13/1022400219/24/fbd04459-7107-b878-5671-d60e7529d792_960x540.mp4""}]",False,possessions,4Q/OT | margin -3..3 | 300..120,team
wnba,wnba_shot_pace,shot_pace,possessions,get-possessions,2024,Regular Season,team,"{'OffDef': 'Offense', 'FilterComparison': 'Exactly', 'FilterEvent': 'OnFloor', 'FilterValue': 5, 'StartType': 'All', 'Season': '2024', 'SeasonType': 'Regular Season', 'TeamId': '1611661330'}",shot_pace,1611661330,4Q/OT | margin -3..3 | 300..120,get-possessions__possessions__off_def-Offense__filter_comparison-Exactly__filter_event-OnFloor__filter_value-5__start_type-All__season-2024__season_type-Regular_Season__team_id-1611661330__d64e970c,get-possessions,https://api.pbpstats.com/get-possessions/wnba?OffDef=Offense&FilterComparison=Exactly&FilterEvent=OnFloor&FilterValue=5&StartType=All&Season=2024&SeasonType=Regular+Season&TeamId=1611661330,200,304,08:45,"MISS Howard 24' 3PT Jump Shot
Edwards REBOUND (Off:0 Def:1)
",0,0,1,0,2024-09-13,1022400219,0,0,WAS,1,0,3,08:51,Off Steal,0,"[{""description"": ""MISS Howard 24' 3PT Jump Shot"", ""url"": ""https://videos.nba.com/wnba/pbp/media/2024/09/13/1022400219/20/233f59cd-2dac-94a9-9f38-bb31b63549c7_960x540.mp4""}, {""description"": ""Edwards REBOUND (Off:0 Def:1)"", ""url"": ""https://videos.nba.com/wnba/pbp/media/2024/09/13/1022400219/21/1281a350-362e-2818-be61-5feeb0b3ec81_960x540.mp4""}]",False,possessions,4Q/OT | margin -3..3 | 300..120,team
wnba,wnba_shot_pace,shot_pace,possessions,get-possessions,2024,Regular Season,team,"{'OffDef': 'Offense', 'FilterComparison': 'Exactly', 'FilterEvent': 'OnFloor', 'FilterValue': 5, 'StartType': 'All', 'Season': '2024', 'SeasonType': 'Regular Season', 'TeamId': '1611661330'}",shot_pace,1611661330,4Q/OT | margin -3..3 | 300..120,get-possessions__possessions__off_def-Offense__filter_comparison-Exactly__filter_event-OnFloor__filter_value-5__start_type-All__season-2024__season_type-Regular_Season__team_id-1611661330__d64e970c,get-possessions,https://api.pbpstats.com/get-possessions/wnba?OffDef=Offense&FilterComparison=Exactly&FilterEvent=OnFloor&FilterValue=5&StartType=All&Season=2024&SeasonType=Regular+Season&TeamId=1611661330,200,305,09:16,"Howard 24' 3PT Jump Shot (3 PTS) (Gray 1 AST)
",0,0,1,1,2024-09-13,1022400219,0,0,WAS,1,0,0,09:33,Off Dead Ball,0,"[{""description"": ""Howard 24' 3PT Jump Shot (3 PTS) (Gray 1 AST)"", ""url"": ""https://videos.nba.com/wnba/pbp/media/2024/09/13/1022400219/16/acf115ef-19ba-a4ce-8f02-7c29d8c4f2b1_960x540.mp4""}]",False,possessions,4Q/OT | margin -3..3 | 300..120,team
wnba,wnba_shot_pace,shot_pace,possessions,get-possessions,2024,Regular Season,team,"{'OffDef': 'Offense', 'FilterComparison': 'Exactly', 'FilterEvent': 'OnFloor', 'FilterValue': 5, 'StartType': 'All', 'Season': '2024', 'SeasonType': 'Regular Season', 'TeamId': '1611661330'}",shot_pace,1611661330,4Q/OT | margin -3..3 | 300..120,get-possessions__possessions__off_def-Offense__filter_comparison-Exactly__filter_event-OnFloor__filter_value-5__start_type-All__season-2024__season_type-Regular_Season__team_id-1611661330__d64e970c,get-possessions,https://api.pbpstats.com/get-possessions/wnba?OffDef=Offense&FilterComparison=Exactly&FilterEvent=OnFloor&FilterValue=5&StartType=All&Season=2024&SeasonType=Regular+Season&TeamId=1611661330,200,306,09:41,"Gray Bad Pass Turnover (P1.T1): Edwards STEAL (1 STL)
",0,0,0,0,2024-09-13,1022400219,0,0,WAS,1,0,0,10:00,Off Dead Ball,1,"[{""description"": ""Gray Bad Pass Turnover (P1.T1): Edwards STEAL (1 STL)"", ""url"": ""https://videos.nba.com/wnba/pbp/media/2024/09/13/1022400219/7/2ae866de-8d90-c046-0e97-249c1c9573e6_960x540.mp4""}]",False,possessions,4Q/OT | margin -3..3 | 300..120,team
wnba,wnba_shot_pace,shot_pace,possessions,get-possessions,2024,Regular Season,team,"{'OffDef': 'Offense', 'FilterComparison': 'Exactly', 'FilterEvent': 'OnFloor', 'FilterValue': 5, 'StartType': 'All', 'Season': '2024', 'SeasonType': 'Regular Season', 'TeamId': '1611661330'}",shot_pace,1611661330,4Q/OT | margin -3..3 | 300..120,get-possessions__possessions__off_def-Offense__filter_comparison-Exactly__filter_event-OnFloor__filter_value-5__start_type-All__season-2024__season_type-Regular_Season__team_id-1611661330__d64e970c,get-possessions,https://api.pbpstats.com/get-possessions/wnba?OffDef=Offense&FilterComparison=Exactly&FilterEvent=OnFloor&FilterValue=5&StartType=All&Season=2024&SeasonType=Regular+Season&TeamId=1611661330,200,307,00:11,"Gray Bad Pass Turnover (P3.T10): Carleton STEAL (2 STL)
",0,0,0,0,2024-09-10,1022400212,0,0,MIN,4,0,-12,00:27,Off At Rim Make,1,"[{""description"": ""Gray Bad Pass Turnover (P3.T10): Carleton STEAL (2 STL)"", ""url"": ""https://videos.nba.com/wnba/pbp/media/2024/09/10/1022400212/490/0e503ef8-3d96-1ffe-77e8-a05df1b69240_960x540.mp4""}]",False,possessions,4Q/OT | margin -3..3 | 300..120,team
wnba,wnba_shot_pace,shot_pace,possessions,get-possessions,2024,Regular Season,team,"{'OffDef': 'Offense', 'FilterComparison': 'Exactly', 'FilterEvent': 'OnFloor', 'FilterValue': 5, 'StartType': 'All', 'Season': '2024', 'SeasonType': 'Regular Season', 'TeamId': '1611661330'}",shot_pace,1611661330,4Q/OT | margin -3..3 | 300..120,get-possessions__possessions__off_def-Offense__filter_comparison-Exactly__filter_event-OnFloor__filter_value-5__start_type-All__season-2024__season_type-Regular_Season__team_id-1611661330__d64e970c,get-possessions,https://api.pbpstats.com/get-possessions/wnba?OffDef=Offense&FilterComparison=Exactly&FilterEvent=OnFloor&FilterValue=5&StartType=All&Season=2024&SeasonType=Regular+Season&TeamId=1611661330,200,308,00:51,"MISS Hillmon 1' Layup
Charles REBOUND (Off:7 Def:7)
MISS Charles 1' Putback Layup
Carleton REBOUND (Off:1 Def:3)
",2,0,0,0,2024-09-10,1022400212,0,1,MIN,4,0,-10,01:00,Off Steal,0,"[{""description"": ""MISS Hillmon 1' Layup"", ""url"": ""https://videos.nba.com/wnba/pbp/media/2024/09/10/1022400212/484/bb32d68a-06cc-87bb-8a85-434df0f85421_960x540.mp4""}, {""description"": ""Charles REBOUND (Off:7 Def:7)"", ""url"": ""https://videos.nba.com/wnba/pbp/media/2024/09/10/1022400212/485/288e7fcc-a98a-64f5-d9bb-da37d49b7ef8_960x540.mp4""}, {""description"": ""MISS Charles 1' Putback Layup"", ""url"": ""https://videos.nba.com/wnba/pbp/media/2024/09/10/1022400212/486/c6ad7d95-b5ea-acba-2b62-ab9205e01234_960x540.mp4""}, {""description"": ""Carleton REBOUND (Off:1 Def:3)"", ""url"": ""https://videos.nba.com/wnba/pbp/media/2024/09/10/1022400212/487/b83aa031-0dbf-19fa-1e82-e7a72b00c7d0_960x540.mp4""}]",False,possessions,4Q/OT | margin -3..3 | 300..120,team
wnba,wnba_shot_pace,shot_pace,possessions,get-possessions,2024,Regular Season,team,"{'OffDef': 'Offense', 'FilterComparison': 'Exactly', 'FilterEvent': 'OnFloor', 'FilterValue': 5, 'StartType': 'All', 'Season': '2024', 'SeasonType': 'Regular Season', 'TeamId': '1611661330'}",shot_pace,1611661330,4Q/OT | margin -3..3 | 300..120,get-possessions__possessions__off_def-Offense__filter_comparison-Exactly__filter_event-OnFloor__filter_value-5__start_type-All__season-2024__season_type-Regular_Season__team_id-1611661330__d64e970c,get-possessions,https://api.pbpstats.com/get-possessions/wnba?OffDef=Offense&FilterComparison=Exactly&FilterEvent=OnFloor&FilterValue=5&StartType=All&Season=2024&SeasonType=Regular+Season&TeamId=1611661330,200,309,01:25,"Canada Out of Bounds - Bad Pass Turnover Turnover (P3.T9)
",0,0,0,0,2024-09-10,1022400212,0,0,MIN,4,0,-10,01:38,Off Arc 3 Miss,1,"[{""description"": ""Canada Out of Bounds - Bad Pass Turnover Turnover (P3.T9)"", ""url"": ""https://videos.nba.com/wnba/pbp/media/2024/09/10/1022400212/479/e6bb76dc-7910-6c74-7b46-e85c3e2fdc19_960x540.mp4""}]",False,possessions,4Q/OT | margin -3..3 | 300..120,team
wnba,wnba_shot_pace,shot_pace,possessions,get-possessions,2024,Regular Season,team,"{'OffDef': 'Offense', 'FilterComparison': 'Exactly', 'FilterEvent': 'OnFloor', 'FilterValue': 5, 'StartType': 'All', 'Season': '2024', 'SeasonType': 'Regular Season', 'TeamId': '1611661330'}",shot_pace,1611661330,4Q/OT | margin -3..3 | 300..120,get-possessions__possessions__off_def-Offense__filter_comparison-Exactly__filter_event-OnFloor__filter_value-5__start_type-All__season-2024__season_type-Regular_Season__team_id-1611661330__d64e970c,get-possessions,https://api.pbpstats.com/get-possessions/wnba?OffDef=Offense&FilterComparison=Exactly&FilterEvent=OnFloor&FilterValue=5&StartType=All&Season=2024&SeasonType=Regular+Season&TeamId=1611661330,200,310,01:52,"MISS Charles 13' Fadeaway Jumper
Williams REBOUND (Off:1 Def:6)
",1,0,0,0,2024-09-10,1022400212,0,0,MIN,4,0,-10,02:12,Off Steal,0,"[{""description"": ""MISS Charles 13' Fadeaway Jumper"", ""url"": ""https://videos.nba.com/wnba/pbp/media/2024/09/10/1022400212/475/14e542cb-8923-103a-6d91-c7b93f905305_960x540.mp4""}, {""description"": ""Williams REBOUND (Off:1 Def:6)"", ""url"": ""https://videos.nba.com/wnba/pbp/media/2024/09/10/1022400212/476/9abe0830-cf9b-c3e7-c257-bb7a1cbc66f0_960x540.mp4""}]",False,possessions,4Q/OT | margin -3..3 | 300..120,team
wnba,wnba_shot_pace,shot_pace,possessions,get-possessions,2024,Regular Season,team,"{'OffDef': 'Offense', 'FilterComparison': 'Exactly', 'FilterEvent': 'OnFloor', 'FilterValue': 5, 'StartType': 'All', 'Season': '2024', 'SeasonType': 'Regular Season', 'TeamId': '1611661330'}",shot_pace,1611661330,4Q/OT | margin -3..3 | 300..120,get-possessions__possessions__off_def-Offense__filter_comparison-Exactly__filter_event-OnFloor__filter_value-5__start_type-All__season-2024__season_type-Regular_Season__team_id-1611661330__d64e970c,get-possessions,https://api.pbpstats.com/get-possessions/wnba?OffDef=Offense&FilterComparison=Exactly&FilterEvent=OnFloor&FilterValue=5&StartType=All&Season=2024&SeasonType=Regular+Season&TeamId=1611661330,200,311,02:25,"MISS Hillmon 2' Layup: Collier BLOCK (2 BLK)
DREAM Rebound
Smith P.FOUL (P4.PN)
Charles Free Throw 1 of 2 (12 PTS)
Charles Free Throw 2 of 2 (13 PTS)
",1,0,0,0,2024-09-10,1022400212,1,1,MIN,4,0,-12,02:40,Off Corner 3 Miss,0,"[{""description"": ""MISS Hillmon 2' Layup: Collier BLOCK (2 BLK)"", ""url"": ""https://videos.nba.com/wnba/pbp/media/2024/09/10/1022400212/465/4510d39f-1cb9-8d6d-0f2e-21981c0ef5d2_960x540.mp4""}, {""description"": ""DREAM Rebound"", ""url"": """"}, {""description"": ""Smith P.FOUL (P4.PN)"", ""url"": """"}, {""description"": ""Charles Free Throw 1 of 2 (12 PTS)"", ""url"": """"}, {""description"": ""Charles Free Throw 2 of 2 (13 PTS)"", ""url"": """"}]",False,possessions,4Q/OT | margin -3..3 | 300..120,team
wnba,wnba_shot_pace,shot_pace,possessions,get-possessions,2024,Regular Season,team,"{'OffDef': 'Offense', 'FilterComparison': 'Exactly', 'FilterEvent': 'OnFloor', 'FilterValue': 5, 'StartType': 'All', 'Season': '2024', 'SeasonType': 'Regular Season', 'TeamId': '1611661330'}",shot_pace,1611661330,4Q/OT | margin -3..3 | 300..120,get-possessions__possessions__off_def-Offense__filter_comparison-Exactly__filter_event-OnFloor__filter_value-5__start_type-All__season-2024__season_type-Regular_Season__team_id-1611661330__d64e970c,get-possessions,https://api.pbpstats.com/get-possessions/wnba?OffDef=Offense&FilterComparison=Exactly&FilterEvent=OnFloor&FilterValue=5&StartType=All&Season=2024&SeasonType=Regular+Season&TeamId=1611661330,200,312,03:05,"Hillmon 1' Running Layup (7 PTS) (Gray 1 AST)
",1,1,0,0,2024-09-10,1022400212,0,0,MIN,4,0,-14,03:07,Off Arc 3 Miss,0,"[{""description"": ""Hillmon 1' Running Layup (7 PTS) (Gray 1 AST)"", ""url"": ""https://videos.nba.com/wnba/pbp/media/2024/09/10/1022400212/456/17a728d8-f58f-8cb3-fe8d-b93aaf6f1168_960x540.mp4""}]",False,possessions,4Q/OT | margin -3..3 | 300..120,team
wnba,wnba_shot_pace,shot_pace,possessions,get-possessions,2024,Regular Season,team,"{'OffDef': 'Offense', 'FilterComparison': 'Exactly', 'FilterEvent': 'OnFloor', 'FilterValue': 5, 'StartType': 'All', 'Season': '2024', 'SeasonType': 'Regular Season', 'TeamId': '1611661330'}",shot_pace,1611661330,4Q/OT | margin -3..3 | 300..120,get-possessions__possessions__off_def-Offense__filter_comparison-Exactly__filter_event-OnFloor__filter_value-5__start_type-All__season-2024__season_type-Regular_Season__team_id-1611661330__d64e970c,get-possessions,https://api.pbpstats.com/get-possessions/wnba?OffDef=Offense&FilterComparison=Exactly&FilterEvent=OnFloor&FilterValue=5&StartType=All&Season=2024&SeasonType=Regular+Season&TeamId=1611661330,200,313,03:26,"Howard Bad Pass Turnover (P1.T8): Carleton STEAL (1 STL)
",0,0,0,0,2024-09-10,1022400212,0,0,MIN,4,0,-14,03:49,Off Arc 3 Make,1,"[{""description"": ""Howard Bad Pass Turnover (P1.T8): Carleton STEAL (1 STL)"", ""url"": ""https://videos.nba.com/wnba/pbp/media/2024/09/10/1022400212/452/af28c2a0-e446-000b-dadf-ebd3e4860eca_960x540.mp4""}]",False,possessions,4Q/OT | margin -3..3 | 300..120,team
wnba,wnba_shot_pace,shot_pace,possessions,get-possessions,2024,Regular Season,team,"{'OffDef': 'Offense', 'FilterComparison': 'Exactly', 'FilterEvent': 'OnFloor', 'FilterValue': 5, 'StartType': 'All', 'Season': '2024', 'SeasonType': 'Regular Season', 'TeamId': '1611661330'}",shot_pace,1611661330,4Q/OT | margin -3..3 | 300..120,get-possessions__possessions__off_def-Offense__filter_comparison-Exactly__filter_event-OnFloor__filter_value-5__start_type-All__season-2024__season_type-Regular_Season__team_id-1611661330__d64e970c,get-possessions,https://api.pbpstats.com/get-possessions/wnba?OffDef=Offense&FilterComparison=Exactly&FilterEvent=OnFloor&FilterValue=5&StartType=All&Season=2024&SeasonType=Regular+Season&TeamId=1611661330,200,314,04:11,"MISS Cubaj 6' Turnaround Hook Shot
Smith REBOUND (Off:1 Def:5)
",1,0,0,0,2024-09-10,1022400212,0,0,MIN,4,0,-11,04:36,Off FT Miss,0,"[{""description"": ""MISS Cubaj 6' Turnaround Hook Shot"", ""url"": ""https://videos.nba.com/wnba/pbp/media/2024/09/10/1022400212/448/ca46d638-7ecc-915d-9954-b8bb4a3c8bee_960x540.mp4""}, {""description"": ""Smith REBOUND (Off:1 Def:5)"", ""url"": ""https://videos.nba.com/wnba/pbp/media/2024/09/10/1022400212/449/9c005996-106a-a504-05b1-1f834e3bcf59_960x540.mp4""}]",False,possessions,4Q/OT | margin -3..3 | 300..120,team
wnba,wnba_shot_pace,shot_pace,possessions,get-possessions,2024,Regular Season,team,"{'OffDef': 'Offense', 'FilterComparison': 'Exactly', 'FilterEvent': 'OnFloor', 'FilterValue': 5, 'StartType': 'All', 'Season': '2024', 'SeasonType': 'Regular Season', 'TeamId': '1611661330'}",shot_pace,1611661330,4Q/OT | margin -3..3 | 300..120,get-possessions__possessions__off_def-Offense__filter_comparison-Exactly__filter_event-OnFloor__filter_value-5__start_type-All__season-2024__season_type-Regular_Season__team_id-1611661330__d64e970c,get-possessions,https://api.pbpstats.com/get-possessions/wnba?OffDef=Offense&FilterComparison=Exactly&FilterEvent=OnFloor&FilterValue=5&StartType=All&Season=2024&SeasonType=Regular+Season&TeamId=1611661330,200,315,04:53,"MISS Howard 3' Driving Layup
Williams REBOUND (Off:1 Def:5)
",1,0,0,0,2024-09-10,1022400212,0,0,MIN,4,0,-11,05:15,Off Dead Ball,0,"[{""description"": ""MISS Howard 3' Driving Layup"", ""url"": ""https://videos.nba.com/wnba/pbp/media/2024/09/10/1022400212/440/63da652e-baff-4e92-036f-7d92fc558003_960x540.mp4""}, {""description"": ""Williams REBOUND (Off:1 Def:5)"", ""url"": ""https://videos.nba.com/wnba/pbp/media/2024/09/10/1022400212/441/654f36be-9d54-fb2a-9150-7c524a59f7e7_960x540.mp4""}]",False,possessions,4Q/OT | margin -3..3 | 300..120,team
wnba,wnba_shot_pace,shot_pace,possessions,get-possessions,2024,Regular Season,team,"{'OffDef': 'Offense', 'FilterComparison': 'Exactly', 'FilterEvent': 'OnFloor', 'FilterValue': 5, 'StartType': 'All', 'Season': '2024', 'SeasonType': 'Regular Season', 'TeamId': '1611661330'}",shot_pace,1611661330,4Q/OT | margin -3..3 | 300..120,get-possessions__possessions__off_def-Offense__filter_comparison-Exactly__filter_event-OnFloor__filter_value-5__start_type-All__season-2024__season_type-Regular_Season__team_id-1611661330__d64e970c,get-possessions,https://api.pbpstats.com/get-possessions/wnba?OffDef=Offense&FilterComparison=Exactly&FilterEvent=OnFloor&FilterValue=5&StartType=All&Season=2024&SeasonType=Regular+Season&TeamId=1611661330,200,316,05:29,"Collier P.FOUL (P3.T4)
MISS Caldwell 19' Pullup Jump Shot
Collier REBOUND (Off:1 Def:7)
",1,0,0,0,2024-09-10,1022400212,0,0,MIN,4,0,-11,05:54,Off Timeout,0,"[{""description"": ""Collier P.FOUL (P3.T4)"", ""url"": """"}, {""description"": ""MISS Caldwell 19' Pullup Jump Shot"", ""url"": ""https://videos.nba.com/wnba/pbp/media/2024/09/10/1022400212/435/ff9fe8aa-3422-c0d3-e6ca-c010c1319ebd_960x540.mp4""}, {""description"": ""Collier REBOUND (Off:1 Def:7)"", ""url"": ""https://videos.nba.com/wnba/pbp/media/2024/09/10/1022400212/436/70aa751c-64ba-6f18-3147-f708cf064a85_960x540.mp4""}]",False,possessions,4Q/OT | margin -3..3 | 300..120,team
wnba,wnba_shot_pace,shot_pace,possessions,get-possessions,2024,Regular Season,team,"{'OffDef': 'Offense', 'FilterComparison': 'Exactly', 'FilterEvent': 'OnFloor', 'FilterValue': 5, 'StartType': 'All', 'Season': '2024', 'SeasonType': 'Regular Season', 'TeamId': '1611661330'}",shot_pace,1611661330,4Q/OT | margin -3..3 | 300..120,get-possessions__possessions__off_def-Offense__filter_comparison-Exactly__filter_event-OnFloor__filter_value-5__start_type-All__season-2024__season_type-Regular_Season__team_id-1611661330__d64e970c,get-possessions,https://api.pbpstats.com/get-possessions/wnba?OffDef=Offense&FilterComparison=Exactly&FilterEvent=OnFloor&FilterValue=5&StartType=All&Season=2024&SeasonType=Regular+Season&TeamId=1611661330,200,317,06:13,"MISS Howard 24' 3PT Jump Shot
Carleton REBOUND (Off:1 Def:2)
",0,0,1,0,2024-09-10,1022400212,0,0,MIN,4,0,-11,06:33,Off Steal,0,"[{""description"": ""MISS Howard 24' 3PT Jump Shot"", ""url"": ""https://videos.nba.com/wnba/pbp/media/2024/09/10/1022400212/426/d9e9dc85-15d5-23d2-a4b5-892a9e0bf758_960x540.mp4""}, {""description"": ""Carleton REBOUND (Off:1 Def:2)"", ""url"": ""https://videos.nba.com/wnba/pbp/media/2024/09/10/1022400212/427/04cfe1e0-bcd3-a466-dc45-8c3f82df5f34_960x540.mp4""}]",False,possessions,4Q/OT | margin -3..3 | 300..120,team
wnba,wnba_shot_pace,shot_pace,possessions,get-possessions,2024,Regular Season,team,"{'OffDef': 'Offense', 'FilterComparison': 'Exactly', 'FilterEvent': 'OnFloor', 'FilterValue': 5, 'StartType': 'All', 'Season': '2024', 'SeasonType': 'Regular Season', 'TeamId': '1611661330'}",shot_pace,1611661330,4Q/OT | margin -3..3 | 300..120,get-possessions__possessions__off_def-Offense__filter_comparison-Exactly__filter_event-OnFloor__filter_value-5__start_type-All__season-2024__season_type-Regular_Season__team_id-1611661330__d64e970c,get-possessions,https://api.pbpstats.com/get-possessions/wnba?OffDef=Offense&FilterComparison=Exactly&FilterEvent=OnFloor&FilterValue=5&StartType=All&Season=2024&SeasonType=Regular+Season&TeamId=1611661330,200,318,06:36,"Gray Lost Ball Turnover (P2.T7): McBride STEAL (1 STL)
",0,0,0,0,2024-09-10,1022400212,0,0,MIN,4,0,-11,06:47,Off Arc 3 Make,1,"[{""description"": ""Gray Lost Ball Turnover (P2.T7): McBride STEAL (1 STL)"", ""url"": ""https://videos.nba.com/wnba/pbp/media/2024/09/10/1022400212/422/733285c7-d9f4-d4ed-b212-178492bf87e3_960x540.mp4""}]",False,possessions,4Q/OT | margin -3..3 | 300..120,team
wnba,wnba_shot_pace,shot_pace,possessions,get-possessions,2024,Regular Season,team,"{'OffDef': 'Offense', 'FilterComparison': 'Exactly', 'FilterEvent': 'OnFloor', 'FilterValue': 5, 'StartType': 'All', 'Season': '2024', 'SeasonType': 'Regular Season', 'TeamId': '1611661330'}",shot_pace,1611661330,4Q/OT | margin -3..3 | 300..120,get-possessions__possessions__off_def-Offense__filter_comparison-Exactly__filter_event-OnFloor__filter_value-5__start_type-All__season-2024__season_type-Regular_Season__team_id-1611661330__d64e970c,get-possessions,https://api.pbpstats.com/get-possessions/wnba?OffDef=Offense&FilterComparison=Exactly&FilterEvent=OnFloor&FilterValue=5&StartType=All&Season=2024&SeasonType=Regular+Season&TeamId=1611661330,200,319,07:01,"McBride S.FOUL (P1.T3)
Gray Free Throw 1 of 2 (16 PTS)
Gray Free Throw 2 of 2 (17 PTS)
",0,0,0,0,2024-09-10,1022400212,0,0,MIN,4,1,-10,07:18,Off At Rim Miss,0,"[{""description"": ""McBride S.FOUL (P1.T3)"", ""url"": """"}, {""description"": ""Gray Free Throw 1 of 2 (16 PTS)"", ""url"": """"}, {""description"": ""Gray Free Throw 2 of 2 (17 PTS)"", ""url"": """"}]",False,possessions,4Q/OT | margin -3..3 | 300..120,team
wnba,wnba_shot_pace,shot_pace,possessions,get-possessions,2024,Regular Season,team,"{'OffDef': 'Offense', 'FilterComparison': 'Exactly', 'FilterEvent': 'OnFloor', 'FilterValue': 5, 'StartType': 'All', 'Season': '2024', 'SeasonType': 'Regular Season', 'TeamId': '1611661330'}",shot_pace,1611661330,4Q/OT | margin -3..3 | 300..120,get-possessions__possessions__off_def-Offense__filter_comparison-Exactly__filter_event-OnFloor__filter_value-5__start_type-All__season-2024__season_type-Regular_Season__team_id-1611661330__d64e970c,get-possessions,https://api.pbpstats.com/get-possessions/wnba?OffDef=Offense&FilterComparison=Exactly&FilterEvent=OnFloor&FilterValue=5&StartType=All&Season=2024&SeasonType=Regular+Season&TeamId=1611661330,200,320,07:41,"Gray 4' Driving Layup (15 PTS) (Canada 3 AST)
",1,1,0,0,2024-09-10,1022400212,0,0,MIN,4,0,-12,07:50,Off Block,0,"[{""description"": ""Gray 4' Driving Layup (15 PTS) (Canada 3 AST)"", ""url"": ""https://videos.nba.com/wnba/pbp/media/2024/09/10/1022400212/406/7247f996-4055-e6bd-265b-c521dd590fe5_960x540.mp4""}]",False,possessions,4Q/OT | margin -3..3 | 300..120,team
wnba,wnba_shot_pace,shot_pace,possessions,get-possessions,2024,Regular Season,team,"{'OffDef': 'Offense', 'FilterComparison': 'Exactly', 'FilterEvent': 'OnFloor', 'FilterValue': 5, 'StartType': 'All', 'Season': '2024', 'SeasonType': 'Regular Season', 'TeamId': '1611661330'}",shot_pace,1611661330,4Q/OT | margin -3..3 | 300..120,get-possessions__possessions__off_def-Offense__filter_comparison-Exactly__filter_event-OnFloor__filter_value-5__start_type-All__season-2024__season_type-Regular_Season__team_id-1611661330__d64e970c,get-possessions,https://api.pbpstats.com/get-possessions/wnba?OffDef=Offense&FilterComparison=Exactly&FilterEvent=OnFloor&FilterValue=5&StartType=All&Season=2024&SeasonType=Regular+Season&TeamId=1611661330,200,321,08:07,"MISS Gray 24' 3PT Jump Shot
Lynx Rebound
",0,0,1,0,2024-09-10,1022400212,0,0,MIN,4,0,-12,08:26,Off Short Mid-Range Make,0,"[{""description"": ""MISS Gray 24' 3PT Jump Shot"", ""url"": ""https://videos.nba.com/wnba/pbp/media/2024/09/10/1022400212/400/de9ab131-76c1-c3a2-5743-35a243a0a190_960x540.mp4""}, {""description"": ""Lynx Rebound"", ""url"": """"}]",False,possessions,4Q/OT | margin -3..3 | 300..120,team
wnba,wnba_shot_pace,shot_pace,possessions,get-possessions,2024,Regular Season,team,"{'OffDef': 'Offense', 'FilterComparison': 'Exactly', 'FilterEvent': 'OnFloor', 'FilterValue': 5, 'StartType': 'All', 'Season': '2024', 'SeasonType': 'Regular Season', 'TeamId': '1611661330'}",shot_pace,1611661330,4Q/OT | margin -3..3 | 300..120,get-possessions__possessions__off_def-Offense__filter_comparison-Exactly__filter_event-OnFloor__filter_value-5__start_type-All__season-2024__season_type-Regular_Season__team_id-1611661330__d64e970c,get-possessions,https://api.pbpstats.com/get-possessions/wnba?OffDef=Offense&FilterComparison=Exactly&FilterEvent=OnFloor&FilterValue=5&StartType=All&Season=2024&SeasonType=Regular+Season&TeamId=1611661330,200,322,08:43,"Collier P.FOUL (P2.T1)
MISS Canada 8' Driving Floating Jump Shot
Charles REBOUND (Off:6 Def:7)
Hines-Allen S.FOUL (P2.T2)
Howard T.FOUL (P1.T1)
McBride Free Throw Technical (15 PTS)
Gray Free Throw 1 of 2 (12 PTS)
Gray Free Throw 2 of 2 (13 PTS)
",1,0,0,0,2024-09-10,1022400212,0,1,MIN,4,1,-11,09:00,Off Corner 3 Miss,0,"[{""description"": ""Collier P.FOUL (P2.T1)"", ""url"": """"}, {""description"": ""MISS Canada 8' Driving Floating Jump Shot"", ""url"": ""https://videos.nba.com/wnba/pbp/media/2024/09/10/1022400212/391/d495cf42-c6bf-1099-abb5-3b5f56cd3599_960x540.mp4""}, {""description"": ""Charles REBOUND (Off:6 Def:7)"", ""url"": ""https://videos.nba.com/wnba/pbp/media/2024/09/10/1022400212/392/036b7faa-5f71-0089-03b7-4ad5a3c42b1a_960x540.mp4""}, {""description"": ""Hines-Allen S.FOUL (P2.T2)"", ""url"": """"}, {""description"": ""Howard T.FOUL (P1.T1)"", ""url"": """"}, {""description"": ""McBride Free Throw Technical (15 PTS)"", ""url"": """"}, {""description"": ""Gray Free Throw 1 of 2 (12 PTS)"", ""url"": """"}, {""description"": ""Gray Free Throw 2 of 2 (13 PTS)"", ""url"": """"}]",False,possessions,4Q/OT | margin -3..3 | 300..120,team
wnba,wnba_shot_pace,shot_pace,possessions,get-possessions,2024,Regular Season,team,"{'OffDef': 'Offense', 'FilterComparison': 'Exactly', 'FilterEvent': 'OnFloor', 'FilterValue': 5, 'StartType': 'All', 'Season': '2024', 'SeasonType': 'Regular Season', 'TeamId': '1611661330'}",shot_pace,1611661330,4Q/OT | margin -3..3 | 300..120,get-possessions__possessions__off_def-Offense__filter_comparison-Exactly__filter_event-OnFloor__filter_value-5__start_type-All__season-2024__season_type-Regular_Season__team_id-1611661330__d64e970c,get-possessions,https://api.pbpstats.com/get-possessions/wnba?OffDef=Offense&FilterComparison=Exactly&FilterEvent=OnFloor&FilterValue=5&StartType=All&Season=2024&SeasonType=Regular+Season&TeamId=1611661330,200,323,09:10,"MISS Howard 2' Driving Layup
Hines-Allen REBOUND (Off:0 Def:9)
",1,0,0,0,2024-09-10,1022400212,0,0,MIN,4,0,-11,09:28,Off FT Miss,0,"[{""description"": ""MISS Howard 2' Driving Layup"", ""url"": ""https://videos.nba.com/wnba/pbp/media/2024/09/10/1022400212/385/694d5253-a30a-4057-c403-dbd20a58a18d_960x540.mp4""}, {""description"": ""Hines-Allen REBOUND (Off:0 Def:9)"", ""url"": ""https://videos.nba.com/wnba/pbp/media/2024/09/10/1022400212/386/0fdca2f2-2145-8bbd-4b7a-4aa7d98e44d5_960x540.mp4""}]",False,possessions,4Q/OT | margin -3..3 | 300..120,team
wnba,wnba_shot_pace,shot_pace,possessions,get-possessions,2024,Regular Season,team,"{'OffDef': 'Offense', 'FilterComparison': 'Exactly', 'FilterEvent': 'OnFloor', 'FilterValue': 5, 'StartType': 'All', 'Season': '2024', 'SeasonType': 'Regular Season', 'TeamId': '1611661330'}",shot_pace,1611661330,4Q/OT | margin -3..3 | 300..120,get-possessions__possessions__off_def-Offense__filter_comparison-Exactly__filter_event-OnFloor__filter_value-5__start_type-All__season-2024__season_type-Regular_Season__team_id-1611661330__d64e970c,get-possessions,https://api.pbpstats.com/get-possessions/wnba?OffDef=Offense&FilterComparison=Exactly&FilterEvent=OnFloor&FilterValue=5&StartType=All&Season=2024&SeasonType=Regular+Season&TeamId=1611661330,200,324,09:37,"MISS Charles 8' Turnaround Jump Shot
Collier REBOUND (Off:1 Def:6)
",1,0,0,0,2024-09-10,1022400212,0,0,MIN,4,0,-9,10:00,Off Dead Ball,0,"[{""description"": ""MISS Charles 8' Turnaround Jump Shot"", ""url"": ""https://videos.nba.com/wnba/pbp/media/2024/09/10/1022400212/377/439f384f-68cb-8227-4faa-8c65fae3ed97_960x540.mp4""}, {""description"": ""Collier REBOUND (Off:1 Def:6)"", ""url"": ""https://videos.nba.com/wnba/pbp/media/2024/09/10/1022400212/378/09ce081c-e220-b0c9-b692-0da7b8b7918f_960x540.mp4""}]",False,possessions,4Q/OT | margin -3..3 | 300..120,team
wnba,wnba_shot_pace,shot_pace,possessions,get-possessions,2024,Regular Season,team,"{'OffDef': 'Offense', 'FilterComparison': 'Exactly', 'FilterEvent': 'OnFloor', 'FilterValue': 5, 'StartType': 'All', 'Season': '2024', 'SeasonType': 'Regular Season', 'TeamId': '1611661330'}",shot_pace,1611661330,4Q/OT | margin -3..3 | 300..120,get-possessions__possessions__off_def-Offense__filter_comparison-Exactly__filter_event-OnFloor__filter_value-5__start_type-All__season-2024__season_type-Regular_Season__team_id-1611661330__d64e970c,get-possessions,https://api.pbpstats.com/get-possessions/wnba?OffDef=Offense&FilterComparison=Exactly&FilterEvent=OnFloor&FilterValue=5&StartType=All&Season=2024&SeasonType=Regular+Season&TeamId=1611661330,200,325,00:11,"MISS Howard 25' 3PT Pullup Jump Shot
Hines-Allen REBOUND (Off:0 Def:8)
",0,0,1,0,2024-09-10,1022400212,0,0,MIN,3,0,-9,00:39,Off Arc 3 Make,0,"[{""description"": ""MISS Howard 25' 3PT Pullup Jump Shot"", ""url"": ""https://videos.nba.com/wnba/pbp/media/2024/09/10/1022400212/371/862978c4-5bff-09c9-cdd2-d91b58eaee62_960x540.mp4""}, {""description"": ""Hines-Allen REBOUND (Off:0 Def:8)"", ""url"": ""https://videos.nba.com/wnba/pbp/media/2024/09/10/1022400212/372/92ae53da-0904-e548-2b4c-1312f3ffd969_960x540.mp4""}]",False,possessions,4Q/OT | margin -3..3 | 300..120,team
wnba,wnba_shot_pace,shot_pace,possessions,get-possessions,2024,Regular Season,team,"{'OffDef': 'Offense', 'FilterComparison': 'Exactly', 'FilterEvent': 'OnFloor', 'FilterValue': 5, 'StartType': 'All', 'Season': '2024', 'SeasonType': 'Regular Season', 'TeamId': '1611661330'}",shot_pace,1611661330,4Q/OT | margin -3..3 | 300..120,get-possessions__possessions__off_def-Offense__filter_comparison-Exactly__filter_event-OnFloor__filter_value-5__start_type-All__season-2024__season_type-Regular_Season__team_id-1611661330__d64e970c,get-possessions,https://api.pbpstats.com/get-possessions/wnba?OffDef=Offense&FilterComparison=Exactly&FilterEvent=OnFloor&FilterValue=5&StartType=All&Season=2024&SeasonType=Regular+Season&TeamId=1611661330,200,326,00:51,"MISS Howard 13' Driving Floating Jump Shot
DREAM Rebound
Howard 20' Jump Shot (14 PTS) (Charles 2 AST)
",2,1,0,0,2024-09-10,1022400212,0,1,MIN,3,0,-8,01:13,Off Timeout,0,"[{""description"": ""MISS Howard 13' Driving Floating Jump Shot"", ""url"": ""https://videos.nba.com/wnba/pbp/media/2024/09/10/1022400212/364/2487da74-8e68-de51-458a-aadabcc4bf0d_960x540.mp4""}, {""description"": ""DREAM Rebound"", ""url"": """"}, {""description"": ""Howard 20' Jump Shot (14 PTS) (Charles 2 AST)"", ""url"": ""https://videos.nba.com/wnba/pbp/media/2024/09/10/1022400212/367/0a57be5b-fe99-f2db-6c70-f2a2cdee6fc9_960x540.mp4""}]",False,possessions,4Q/OT | margin -3..3 | 300..120,team
wnba,wnba_shot_pace,shot_pace,possessions,get-possessions,2024,Regular Season,team,"{'OffDef': 'Offense', 'FilterComparison': 'Exactly', 'FilterEvent': 'OnFloor', 'FilterValue': 5, 'StartType': 'All', 'Season': '2024', 'SeasonType': 'Regular Season', 'TeamId': '1611661330'}",shot_pace,1611661330,4Q/OT | margin -3..3 | 300..120,get-possessions__possessions__off_def-Offense__filter_comparison-Exactly__filter_event-OnFloor__filter_value-5__start_type-All__season-2024__season_type-Regular_Season__team_id-1611661330__d64e970c,get-possessions,https://api.pbpstats.com/get-possessions/wnba?OffDef=Offense&FilterComparison=Exactly&FilterEvent=OnFloor&FilterValue=5&StartType=All&Season=2024&SeasonType=Regular+Season&TeamId=1611661330,200,327,01:31,"MISS Cubaj 18' Jump Shot
Charles REBOUND (Off:5 Def:6)
MISS Charles 5' Putback Layup
Hines-Allen REBOUND (Off:0 Def:7)
",2,0,0,0,2024-09-10,1022400212,0,1,MIN,3,0,-6,02:00,Off FT Make,0,"[{""description"": ""MISS Cubaj 18' Jump Shot"", ""url"": ""https://videos.nba.com/wnba/pbp/media/2024/09/10/1022400212/353/7f79d54c-6bd6-4846-58b2-acea16dbb6f4_960x540.mp4""}, {""description"": ""Charles REBOUND (Off:5 Def:6)"", ""url"": ""https://videos.nba.com/wnba/pbp/media/2024/09/10/1022400212/354/03b06dae-1f41-c147-91f9-410682f3cf80_960x540.mp4""}, {""description"": ""MISS Charles 5' Putback Layup"", ""url"": ""https://videos.nba.com/wnba/pbp/media/2024/09/10/1022400212/355/c24c59c0-0eb2-a40c-dbeb-7c8585c8a37d_960x540.mp4""}, {""description"": ""Hines-Allen REBOUND (Off:0 Def:7)"", ""url"": ""https://videos.nba.com/wnba/pbp/media/2024/09/10/1022400212/356/d898d6ca-cf42-2f6a-7421-693f24171736_960x540.mp4""}]",False,possessions,4Q/OT | margin -3..3 | 300..120,team
wnba,wnba_shot_pace,shot_pace,possessions,get-possessions,2024,Regular Season,team,"{'OffDef': 'Offense', 'FilterComparison': 'Exactly', 'FilterEvent': 'OnFloor', 'FilterValue': 5, 'StartType': 'All', 'Season': '2024', 'SeasonType': 'Regular Season', 'TeamId': '1611661330'}",shot_pace,1611661330,4Q/OT | margin -3..3 | 300..120,get-possessions__possessions__off_def-Offense__filter_comparison-Exactly__filter_event-OnFloor__filter_value-5__start_type-All__season-2024__season_type-Regular_Season__team_id-1611661330__d64e970c,get-possessions,https://api.pbpstats.com/get-possessions/wnba?OffDef=Offense&FilterComparison=Exactly&FilterEvent=OnFloor&FilterValue=5&StartType=All&Season=2024&SeasonType=Regular+Season&TeamId=1611661330,200,328,02:14,"Charles 6' Hook Shot (11 PTS) (Cubaj 2 AST)
",1,1,0,0,2024-09-10,1022400212,0,0,MIN,3,0,-6,02:30,Off At Rim Make,0,"[{""description"": ""Charles 6' Hook Shot (11 PTS) (Cubaj 2 AST)"", ""url"": ""https://videos.nba.com/wnba/pbp/media/2024/09/10/1022400212/347/1665887d-4651-296c-a565-2978961e41e4_960x540.mp4""}]",False,possessions,4Q/OT | margin -3..3 | 300..120,team
wnba,wnba_shot_pace,shot_pace,possessions,get-possessions,2024,Regular Season,team,"{'OffDef': 'Offense', 'FilterComparison': 'Exactly', 'FilterEvent': 'OnFloor', 'FilterValue': 5, 'StartType': 'All', 'Season': '2024', 'SeasonType': 'Regular Season', 'TeamId': '1611661330'}",shot_pace,1611661330,4Q/OT | margin -3..3 | 300..120,get-possessions__possessions__off_def-Offense__filter_comparison-Exactly__filter_event-OnFloor__filter_value-5__start_type-All__season-2024__season_type-Regular_Season__team_id-1611661330__d64e970c,get-possessions,https://api.pbpstats.com/get-possessions/wnba?OffDef=Offense&FilterComparison=Exactly&FilterEvent=OnFloor&FilterValue=5&StartType=All&Season=2024&SeasonType=Regular+Season&TeamId=1611661330,200,329,02:48,"MISS Caldwell 17' Pullup Jump Shot
Lynx Rebound
",1,0,0,0,2024-09-10,1022400212,0,0,MIN,3,0,-4,03:03,Off At Rim Make,0,"[{""description"": ""MISS Caldwell 17' Pullup Jump Shot"", ""url"": ""https://videos.nba.com/wnba/pbp/media/2024/09/10/1022400212/341/23536a16-6373-569a-29b2-8de35ad06f05_960x540.mp4""}, {""description"": ""Lynx Rebound"", ""url"": """"}]",False,possessions,4Q/OT | margin -3..3 | 300..120,team
wnba,wnba_shot_pace,shot_pace,possessions,get-possessions,2024,Regular Season,team,"{'OffDef': 'Offense', 'FilterComparison': 'Exactly', 'FilterEvent': 'OnFloor', 'FilterValue': 5, 'StartType': 'All', 'Season': '2024', 'SeasonType': 'Regular Season', 'TeamId': '1611661330'}",shot_pace,1611661330,4Q/OT | margin -3..3 | 300..120,get-possessions__possessions__off_def-Offense__filter_comparison-Exactly__filter_event-OnFloor__filter_value-5__start_type-All__season-2024__season_type-Regular_Season__team_id-1611661330__d64e970c,get-possessions,https://api.pbpstats.com/get-possessions/wnba?OffDef=Offense&FilterComparison=Exactly&FilterEvent=OnFloor&FilterValue=5&StartType=All&Season=2024&SeasonType=Regular+Season&TeamId=1611661330,200,330,03:06,"Canada Bad Pass Turnover (P2.T6): Hines-Allen STEAL (1 STL)
",0,0,0,0,2024-09-10,1022400212,0,0,MIN,3,0,-2,03:27,Off At Rim Make,1,"[{""description"": ""Canada Bad Pass Turnover (P2.T6): Hines-Allen STEAL (1 STL)"", ""url"": ""https://videos.nba.com/wnba/pbp/media/2024/09/10/1022400212/337/5334100b-8168-14e7-dd2d-2f8587492ab8_960x540.mp4""}]",False,possessions,4Q/OT | margin -3..3 | 300..120,team
wnba,wnba_shot_pace,shot_pace,possessions,get-possessions,2024,Regular Season,team,"{'OffDef': 'Offense', 'FilterComparison': 'Exactly', 'FilterEvent': 'OnFloor', 'FilterValue': 5, 'StartType': 'All', 'Season': '2024', 'SeasonType': 'Regular Season', 'TeamId': '1611661330'}",shot_pace,1611661330,4Q/OT | margin -3..3 | 300..120,get-possessions__possessions__off_def-Offense__filter_comparison-Exactly__filter_event-OnFloor__filter_value-5__start_type-All__season-2024__season_type-Regular_Season__team_id-1611661330__d64e970c,get-possessions,https://api.pbpstats.com/get-possessions/wnba?OffDef=Offense&FilterComparison=Exactly&FilterEvent=OnFloor&FilterValue=5&StartType=All&Season=2024&SeasonType=Regular+Season&TeamId=1611661330,200,331,03:40,"MISS Howard 25' 3PT Pullup Jump Shot
Hines-Allen REBOUND (Off:0 Def:6)
",0,0,1,0,2024-09-10,1022400212,0,0,MIN,3,0,0,03:51,Off Corner 3 Miss,0,"[{""description"": ""MISS Howard 25' 3PT Pullup Jump Shot"", ""url"": ""https://videos.nba.com/wnba/pbp/media/2024/09/10/1022400212/331/fdbcefb2-c105-44a2-b4d8-ee75cbc2250b_960x540.mp4""}, {""description"": ""Hines-Allen REBOUND (Off:0 Def:6)"", ""url"": ""https://videos.nba.com/wnba/pbp/media/2024/09/10/1022400212/332/f2d68f4e-80f0-0c33-c6a6-2613cc3ba90d_960x540.mp4""}]",False,possessions,4Q/OT | margin -3..3 | 300..120,team
wnba,wnba_shot_pace,shot_pace,possessions,get-possessions,2024,Regular Season,team,"{'OffDef': 'Offense', 'FilterComparison': 'Exactly', 'FilterEvent': 'OnFloor', 'FilterValue': 5, 'StartType': 'All', 'Season': '2024', 'SeasonType': 'Regular Season', 'TeamId': '1611661330'}",shot_pace,1611661330,4Q/OT | margin -3..3 | 300..120,get-possessions__possessions__off_def-Offense__filter_comparison-Exactly__filter_event-OnFloor__filter_value-5__start_type-All__season-2024__season_type-Regular_Season__team_id-1611661330__d64e970c,get-possessions,https://api.pbpstats.com/get-possessions/wnba?OffDef=Offense&FilterComparison=Exactly&FilterEvent=OnFloor&FilterValue=5&StartType=All&Season=2024&SeasonType=Regular+Season&TeamId=1611661330,200,332,04:24,"Howard 24' 3PT Jump Shot (12 PTS) (Charles 1 AST)
",0,0,1,1,2024-09-10,1022400212,0,0,MIN,3,0,-3,04:38,Off Timeout,0,"[{""description"": ""Howard 24' 3PT Jump Shot (12 PTS) (Charles 1 AST)"", ""url"": ""https://videos.nba.com/wnba/pbp/media/2024/09/10/1022400212/324/d9602c21-eef3-1820-fa5b-64b4cad08d64_960x540.mp4""}]",False,possessions,4Q/OT | margin -3..3 | 300..120,team
wnba,wnba_shot_pace,shot_pace,possessions,get-possessions,2024,Regular Season,team,"{'OffDef': 'Offense', 'FilterComparison': 'Exactly', 'FilterEvent': 'OnFloor', 'FilterValue': 5, 'StartType': 'All', 'Season': '2024', 'SeasonType': 'Regular Season', 'TeamId': '1611661330'}",shot_pace,1611661330,4Q/OT | margin -3..3 | 300..120,get-possessions__possessions__off_def-Offense__filter_comparison-Exactly__filter_event-OnFloor__filter_value-5__start_type-All__season-2024__season_type-Regular_Season__team_id-1611661330__d64e970c,get-possessions,https://api.pbpstats.com/get-possessions/wnba?OffDef=Offense&FilterComparison=Exactly&FilterEvent=OnFloor&FilterValue=5&StartType=All&Season=2024&SeasonType=Regular+Season&TeamId=1611661330,200,333,04:52,"MISS Canada 12' Pullup Jump Shot
Charles REBOUND (Off:4 Def:5)
MISS Gray 14' Step Back Jump Shot
Williams REBOUND (Off:1 Def:4)
",2,0,0,0,2024-09-10,1022400212,0,1,MIN,3,0,-3,05:26,Off At Rim Make,0,"[{""description"": ""MISS Canada 12' Pullup Jump Shot"", ""url"": ""https://videos.nba.com/wnba/pbp/media/2024/09/10/1022400212/315/6d2c6a17-4f27-15c7-a151-db7638993ad7_960x540.mp4""}, {""description"": ""Charles REBOUND (Off:4 Def:5)"", ""url"": ""https://videos.nba.com/wnba/pbp/media/2024/09/10/1022400212/316/26820f96-d37e-5edc-4ec4-01941e009990_960x540.mp4""}, {""description"": ""MISS Gray 14' Step Back Jump Shot"", ""url"": ""https://videos.nba.com/wnba/pbp/media/2024/09/10/1022400212/317/d61afb22-498a-0652-36b3-870704f38c03_960x540.mp4""}, {""description"": ""Williams REBOUND (Off:1 Def:4)"", ""url"": ""https://videos.nba.com/wnba/pbp/media/2024/09/10/1022400212/318/8e1b1d87-d640-fa78-5ae8-2fb53ace9b30_960x540.mp4""}]",False,possessions,4Q/OT | margin -3..3 | 300..120,team
wnba,wnba_shot_pace,shot_pace,possessions,get-possessions,2024,Regular Season,team,"{'OffDef': 'Offense', 'FilterComparison': 'Exactly', 'FilterEvent': 'OnFloor', 'FilterValue': 5, 'StartType': 'All', 'Season': '2024', 'SeasonType': 'Regular Season', 'TeamId': '1611661330'}",shot_pace,1611661330,4Q/OT | margin -3..3 | 300..120,get-possessions__possessions__off_def-Offense__filter_comparison-Exactly__filter_event-OnFloor__filter_value-5__start_type-All__season-2024__season_type-Regular_Season__team_id-1611661330__d64e970c,get-possessions,https://api.pbpstats.com/get-possessions/wnba?OffDef=Offense&FilterComparison=Exactly&FilterEvent=OnFloor&FilterValue=5&StartType=All&Season=2024&SeasonType=Regular+Season&TeamId=1611661330,200,334,05:32,"MISS Howard 9' Turnaround Jump Shot
Charles REBOUND (Off:3 Def:5)
MISS Charles 1' Putback Layup
Collier REBOUND (Off:1 Def:5)
",2,0,0,0,2024-09-10,1022400212,0,1,MIN,3,0,-1,05:54,Off Dead Ball,0,"[{""description"": ""MISS Howard 9' Turnaround Jump Shot"", ""url"": ""https://videos.nba.com/wnba/pbp/media/2024/09/10/1022400212/309/25a5741d-7b75-65ab-76f1-e256bd8d0f19_960x540.mp4""}, {""description"": ""Charles REBOUND (Off:3 Def:5)"", ""url"": ""https://videos.nba.com/wnba/pbp/media/2024/09/10/1022400212/310/4a4c562c-cc36-ae8e-2366-11f86c0b8210_960x540.mp4""}, {""description"": ""MISS Charles 1' Putback Layup"", ""url"": ""https://videos.nba.com/wnba/pbp/media/2024/09/10/1022400212/311/c96790c6-6576-a7d1-f6ef-713b59c51a40_960x540.mp4""}, {""description"": ""Collier REBOUND (Off:1 Def:5)"", ""url"": ""https://videos.nba.com/wnba/pbp/media/2024/09/10/1022400212/312/9259f6e2-47ed-1e60-420a-5b5ac9aa42d7_960x540.mp4""}]",False,possessions,4Q/OT | margin -3..3 | 300..120,team
wnba,wnba_shot_pace,shot_pace,possessions,get-possessions,2024,Regular Season,team,"{'OffDef': 'Offense', 'FilterComparison': 'Exactly', 'FilterEvent': 'OnFloor', 'FilterValue': 5, 'StartType': 'All', 'Season': '2024', 'SeasonType': 'Regular Season', 'TeamId': '1611661330'}",shot_pace,1611661330,4Q/OT | margin -3..3 | 300..120,get-possessions__possessions__off_def-Offense__filter_comparison-Exactly__filter_event-OnFloor__filter_value-5__start_type-All__season-2024__season_type-Regular_Season__team_id-1611661330__d64e970c,get-possessions,https://api.pbpstats.com/get-possessions/wnba?OffDef=Offense&FilterComparison=Exactly&FilterEvent=OnFloor&FilterValue=5&StartType=All&Season=2024&SeasonType=Regular+Season&TeamId=1611661330,200,335,06:11,"MISS Charles 19' Jump Shot
Williams REBOUND (Off:1 Def:3)
",1,0,0,0,2024-09-10,1022400212,0,0,MIN,3,0,-1,06:25,Off Short Mid-Range Make,0,"[{""description"": ""MISS Charles 19' Jump Shot"", ""url"": ""https://videos.nba.com/wnba/pbp/media/2024/09/10/1022400212/306/785b8e60-017c-05e9-a2b9-50c524b6e6b2_960x540.mp4""}, {""description"": ""Williams REBOUND (Off:1 Def:3)"", ""url"": ""https://videos.nba.com/wnba/pbp/media/2024/09/10/1022400212/307/cc65901d-49ed-8140-1883-b0f2caf05ee7_960x540.mp4""}]",False,possessions,4Q/OT | margin -3..3 | 300..120,team
wnba,wnba_shot_pace,shot_pace,possessions,get-possessions,2024,Regular Season,team,"{'OffDef': 'Offense', 'FilterComparison': 'Exactly', 'FilterEvent': 'OnFloor', 'FilterValue': 5, 'StartType': 'All', 'Season': '2024', 'SeasonType': 'Regular Season', 'TeamId': '1611661330'}",shot_pace,1611661330,4Q/OT | margin -3..3 | 300..120,get-possessions__possessions__off_def-Offense__filter_comparison-Exactly__filter_event-OnFloor__filter_value-5__start_type-All__season-2024__season_type-Regular_Season__team_id-1611661330__d64e970c,get-possessions,https://api.pbpstats.com/get-possessions/wnba?OffDef=Offense&FilterComparison=Exactly&FilterEvent=OnFloor&FilterValue=5&StartType=All&Season=2024&SeasonType=Regular+Season&TeamId=1611661330,200,336,06:38,"MISS Charles 10' Fadeaway Jumper
Lynx Rebound
",1,0,0,0,2024-09-10,1022400212,0,0,MIN,3,0,1,06:51,Off Long Mid-Range Miss,0,"[{""description"": ""MISS Charles 10' Fadeaway Jumper"", ""url"": ""https://videos.nba.com/wnba/pbp/media/2024/09/10/1022400212/301/8bb5d5ee-becb-3b17-abd6-214d3547450a_960x540.mp4""}, {""description"": ""Lynx Rebound"", ""url"": """"}]",False,possessions,4Q/OT | margin -3..3 | 300..120,team
wnba,wnba_shot_pace,shot_pace,possessions,get-possessions,2024,Regular Season,team,"{'OffDef': 'Offense', 'FilterComparison': 'Exactly', 'FilterEvent': 'OnFloor', 'FilterValue': 5, 'StartType': 'All', 'Season': '2024', 'SeasonType': 'Regular Season', 'TeamId': '1611661330'}",shot_pace,1611661330,4Q/OT | margin -3..3 | 300..120,get-possessions__possessions__off_def-Offense__filter_comparison-Exactly__filter_event-OnFloor__filter_value-5__start_type-All__season-2024__season_type-Regular_Season__team_id-1611661330__d64e970c,get-possessions,https://api.pbpstats.com/get-possessions/wnba?OffDef=Offense&FilterComparison=Exactly&FilterEvent=OnFloor&FilterValue=5&StartType=All&Season=2024&SeasonType=Regular+Season&TeamId=1611661330,200,337,07:07,"Charles 1' Layup (8 PTS) (Cubaj 1 AST)
Hines-Allen S.FOUL (P1.T4)
Charles Free Throw 1 of 1 (9 PTS)
",1,1,0,0,2024-09-10,1022400212,0,0,MIN,3,1,-2,07:22,Off At Rim Make,0,"[{""description"": ""Charles 1' Layup (8 PTS) (Cubaj 1 AST)"", ""url"": ""https://videos.nba.com/wnba/pbp/media/2024/09/10/1022400212/293/351498c6-5a12-8397-7f48-3788df91a608_960x540.mp4""}, {""description"": ""Hines-Allen S.FOUL (P1.T4)"", ""url"": """"}, {""description"": ""Charles Free Throw 1 of 1 (9 PTS)"", ""url"": """"}]",False,possessions,4Q/OT | margin -3..3 | 300..120,team
wnba,wnba_shot_pace,shot_pace,possessions,get-possessions,2024,Regular Season,team,"{'OffDef': 'Offense', 'FilterComparison': 'Exactly', 'FilterEvent': 'OnFloor', 'FilterValue': 5, 'StartType': 'All', 'Season': '2024', 'SeasonType': 'Regular Season', 'TeamId': '1611661330'}",shot_pace,1611661330,4Q/OT | margin -3..3 | 300..120,get-possessions__possessions__off_def-Offense__filter_comparison-Exactly__filter_event-OnFloor__filter_value-5__start_type-All__season-2024__season_type-Regular_Season__team_id-1611661330__d64e970c,get-possessions,https://api.pbpstats.com/get-possessions/wnba?OffDef=Offense&FilterComparison=Exactly&FilterEvent=OnFloor&FilterValue=5&StartType=All&Season=2024&SeasonType=Regular+Season&TeamId=1611661330,200,338,07:42,"Williams P.FOUL (P3.T3)
Gray 11' Turnaround Jump Shot (11 PTS)
",1,1,0,0,2024-09-10,1022400212,0,0,MIN,3,0,-2,07:56,Off Corner 3 Make,0,"[{""description"": ""Williams P.FOUL (P3.T3)"", ""url"": """"}, {""description"": ""Gray 11' Turnaround Jump Shot (11 PTS)"", ""url"": ""https://videos.nba.com/wnba/pbp/media/2024/09/10/1022400212/291/551618cf-6228-fa74-c411-d482ea31d357_960x540.mp4""}]",False,possessions,4Q/OT | margin -3..3 | 300..120,team
wnba,wnba_shot_pace,shot_pace,possessions,get-possessions,2024,Regular Season,team,"{'OffDef': 'Offense', 'FilterComparison': 'Exactly', 'FilterEvent': 'OnFloor', 'FilterValue': 5, 'StartType': 'All', 'Season': '2024', 'SeasonType': 'Regular Season', 'TeamId': '1611661330'}",shot_pace,1611661330,4Q/OT | margin -3..3 | 300..120,get-possessions__possessions__off_def-Offense__filter_comparison-Exactly__filter_event-OnFloor__filter_value-5__start_type-All__season-2024__season_type-Regular_Season__team_id-1611661330__d64e970c,get-possessions,https://api.pbpstats.com/get-possessions/wnba?OffDef=Offense&FilterComparison=Exactly&FilterEvent=OnFloor&FilterValue=5&StartType=All&Season=2024&SeasonType=Regular+Season&TeamId=1611661330,200,339,08:10,"MISS Gray 25' 3PT Jump Shot
Charles REBOUND (Off:2 Def:4)
Smith S.FOUL (P3.T2)
Gray Free Throw 1 of 2 (8 PTS)
Gray Free Throw 2 of 2 (9 PTS)
",0,0,1,0,2024-09-10,1022400212,0,1,MIN,3,1,-1,08:27,Off Arc 3 Miss,0,"[{""description"": ""MISS Gray 25' 3PT Jump Shot"", ""url"": ""https://videos.nba.com/wnba/pbp/media/2024/09/10/1022400212/275/c4fbb221-9d8c-13aa-85df-575ebe0d7751_960x540.mp4""}, {""description"": ""Charles REBOUND (Off:2 Def:4)"", ""url"": ""https://videos.nba.com/wnba/pbp/media/2024/09/10/1022400212/276/d6272596-6cb1-89e6-d5c4-8646deab2909_960x540.mp4""}, {""description"": ""Smith S.FOUL (P3.T2)"", ""url"": """"}, {""description"": ""Gray Free Throw 1 of 2 (8 PTS)"", ""url"": """"}, {""description"": ""Gray Free Throw 2 of 2 (9 PTS)"", ""url"": """"}]",False,possessions,4Q/OT | margin -3..3 | 300..120,team
wnba,wnba_shot_pace,shot_pace,possessions,get-possessions,2024,Regular Season,team,"{'OffDef': 'Offense', 'FilterComparison': 'Exactly', 'FilterEvent': 'OnFloor', 'FilterValue': 5, 'StartType': 'All', 'Season': '2024', 'SeasonType': 'Regular Season', 'TeamId': '1611661330'}",shot_pace,1611661330,4Q/OT | margin -3..3 | 300..120,get-possessions__possessions__off_def-Offense__filter_comparison-Exactly__filter_event-OnFloor__filter_value-5__start_type-All__season-2024__season_type-Regular_Season__team_id-1611661330__d64e970c,get-possessions,https://api.pbpstats.com/get-possessions/wnba?OffDef=Offense&FilterComparison=Exactly&FilterEvent=OnFloor&FilterValue=5&StartType=All&Season=2024&SeasonType=Regular+Season&TeamId=1611661330,200,340,08:56,"Carleton L.B.FOUL (P1.T1)
MISS Howard 13' Pullup Jump Shot
Charles REBOUND (Off:1 Def:3)
MISS Gray 3PT Jump Shot
Howard REBOUND (Off:1 Def:2)
Howard 1' Putback Layup (9 PTS)
",2,1,1,0,2024-09-10,1022400212,0,2,MIN,3,0,-3,09:36,Off Dead Ball,0,"[{""description"": ""Carleton L.B.FOUL (P1.T1)"", ""url"": """"}, {""description"": ""MISS Howard 13' Pullup Jump Shot"", ""url"": ""https://videos.nba.com/wnba/pbp/media/2024/09/10/1022400212/264/cfc85181-8985-2827-4bf8-b248df29cd84_960x540.mp4""}, {""description"": ""Charles REBOUND (Off:1 Def:3)"", ""url"": ""https://videos.nba.com/wnba/pbp/media/2024/09/10/1022400212/265/b6364704-89ca-3e2e-8757-e38cac94c36b_960x540.mp4""}, {""description"": ""MISS Gray 3PT Jump Shot"", ""url"": ""https://videos.nba.com/wnba/pbp/media/2024/09/10/1022400212/266/bedac4c1-332f-8a1a-150e-dead0baa7457_960x540.mp4""}, {""description"": ""Howard REBOUND (Off:1 Def:2)"", ""url"": ""https://videos.nba.com/wnba/pbp/media/2024/09/10/1022400212/267/68b76642-4ba0-7956-4573-6c39b965a654_960x540.mp4""}, {""description"": ""Howard 1' Putback Layup (9 PTS)"", ""url"": ""https://videos.nba.com/wnba/pbp/media/2024/09/10/1022400212/268/f7fdef1b-08b9-6167-78a5-bafdee6c282f_960x540.mp4""}]",False,possessions,4Q/OT | margin -3..3 | 300..120,team
wnba,wnba_shot_pace,shot_pace,possessions,get-possessions,2024,Regular Season,team,"{'OffDef': 'Offense', 'FilterComparison': 'Exactly', 'FilterEvent': 'OnFloor', 'FilterValue': 5, 'StartType': 'All', 'Season': '2024', 'SeasonType': 'Regular Season', 'TeamId': '1611661330'}",shot_pace,1611661330,4Q/OT | margin -3..3 | 300..120,get-possessions__possessions__off_def-Offense__filter_comparison-Exactly__filter_event-OnFloor__filter_value-5__start_type-All__season-2024__season_type-Regular_Season__team_id-1611661330__d64e970c,get-possessions,https://api.pbpstats.com/get-possessions/wnba?OffDef=Offense&FilterComparison=Exactly&FilterEvent=OnFloor&FilterValue=5&StartType=All&Season=2024&SeasonType=Regular+Season&TeamId=1611661330,200,341,00:00,"MISS Howard 5' Driving Layup: Collier BLOCK (1 BLK)
DREAM Rebound
Gray 5' Layup (7 PTS)
",2,1,0,0,2024-09-10,1022400212,0,1,MIN,2,0,-5,00:07,Off FT Make,0,"[{""description"": ""MISS Howard 5' Driving Layup: Collier BLOCK (1 BLK)"", ""url"": ""https://videos.nba.com/wnba/pbp/media/2024/09/10/1022400212/247/23a20acc-98be-cba7-e0df-b56a794d88b2_960x540.mp4""}, {""description"": ""DREAM Rebound"", ""url"": """"}, {""description"": ""Gray 5' Layup (7 PTS)"", ""url"": ""https://videos.nba.com/wnba/pbp/media/2024/09/10/1022400212/251/9ff08226-cdc9-5def-2f5c-8fdfeebaea49_960x540.mp4""}]",False,possessions,4Q/OT | margin -3..3 | 300..120,team
wnba,wnba_shot_pace,shot_pace,possessions,get-possessions,2024,Regular Season,team,"{'OffDef': 'Offense', 'FilterComparison': 'Exactly', 'FilterEvent': 'OnFloor', 'FilterValue': 5, 'StartType': 'All', 'Season': '2024', 'SeasonType': 'Regular Season', 'TeamId': '1611661330'}",shot_pace,1611661330,4Q/OT | margin -3..3 | 300..120,get-possessions__possessions__off_def-Offense__filter_comparison-Exactly__filter_event-OnFloor__filter_value-5__start_type-All__season-2024__season_type-Regular_Season__team_id-1611661330__d64e970c,get-possessions,https://api.pbpstats.com/get-possessions/wnba?OffDef=Offense&FilterComparison=Exactly&FilterEvent=OnFloor&FilterValue=5&StartType=All&Season=2024&SeasonType=Regular+Season&TeamId=1611661330,200,342,00:27,"Hillmon 1' Cutting Layup Shot (5 PTS) (Canada 2 AST)
",1,1,0,0,2024-09-10,1022400212,0,0,MIN,2,0,-5,00:40,Off At Rim Make,0,"[{""description"": ""Hillmon 1' Cutting Layup Shot (5 PTS) (Canada 2 AST)"", ""url"": ""https://videos.nba.com/wnba/pbp/media/2024/09/10/1022400212/239/5ef9249d-c108-cece-ab04-102d22625d39_960x540.mp4""}]",False,possessions,4Q/OT | margin -3..3 | 300..120,team
wnba,wnba_shot_pace,shot_pace,possessions,get-possessions,2024,Regular Season,team,"{'OffDef': 'Offense', 'FilterComparison': 'Exactly', 'FilterEvent': 'OnFloor', 'FilterValue': 5, 'StartType': 'All', 'Season': '2024', 'SeasonType': 'Regular Season', 'TeamId': '1611661330'}",shot_pace,1611661330,4Q/OT | margin -3..3 | 300..120,get-possessions__possessions__off_def-Offense__filter_comparison-Exactly__filter_event-OnFloor__filter_value-5__start_type-All__season-2024__season_type-Regular_Season__team_id-1611661330__d64e970c,get-possessions,https://api.pbpstats.com/get-possessions/wnba?OffDef=Offense&FilterComparison=Exactly&FilterEvent=OnFloor&FilterValue=5&StartType=All&Season=2024&SeasonType=Regular+Season&TeamId=1611661330,200,343,00:47,"MISS Howard 14' Pullup Jump Shot
Williams REBOUND (Off:1 Def:2)
",1,0,0,0,2024-09-10,1022400212,0,0,MIN,2,0,-3,01:15,Off At Rim Make,0,"[{""description"": ""MISS Howard 14' Pullup Jump Shot"", ""url"": ""https://videos.nba.com/wnba/pbp/media/2024/09/10/1022400212/235/05821817-7b60-18e9-5c68-f294a70a5121_960x540.mp4""}, {""description"": ""Williams REBOUND (Off:1 Def:2)"", ""url"": ""https://videos.nba.com/wnba/pbp/media/2024/09/10/1022400212/236/c1dd173b-1dd1-8c08-2ecd-ad48c40b889a_960x540.mp4""}]",False,possessions,4Q/OT | margin -3..3 | 300..120,team
wnba,wnba_shot_pace,shot_pace,possessions,get-possessions,2024,Regular Season,team,"{'OffDef': 'Offense', 'FilterComparison': 'Exactly', 'FilterEvent': 'OnFloor', 'FilterValue': 5, 'StartType': 'All', 'Season': '2024', 'SeasonType': 'Regular Season', 'TeamId': '1611661330'}",shot_pace,1611661330,4Q/OT | margin -3..3 | 300..120,get-possessions__possessions__off_def-Offense__filter_comparison-Exactly__filter_event-OnFloor__filter_value-5__start_type-All__season-2024__season_type-Regular_Season__team_id-1611661330__d64e970c,get-possessions,https://api.pbpstats.com/get-possessions/wnba?OffDef=Offense&FilterComparison=Exactly&FilterEvent=OnFloor&FilterValue=5&StartType=All&Season=2024&SeasonType=Regular+Season&TeamId=1611661330,200,344,01:40,"Williams S.FOUL (P2.PN)
Howard Free Throw 1 of 2 (6 PTS)
Howard Free Throw 2 of 2 (7 PTS)
",0,0,0,0,2024-09-10,1022400212,0,0,MIN,2,1,-3,01:43,Off Steal,0,"[{""description"": ""Williams S.FOUL (P2.PN)"", ""url"": """"}, {""description"": ""Howard Free Throw 1 of 2 (6 PTS)"", ""url"": """"}, {""description"": ""Howard Free Throw 2 of 2 (7 PTS)"", ""url"": """"}]",False,possessions,4Q/OT | margin -3..3 | 300..120,team
wnba,wnba_shot_pace,shot_pace,possessions,get-possessions,2024,Regular Season,team,"{'OffDef': 'Offense', 'FilterComparison': 'Exactly', 'FilterEvent': 'OnFloor', 'FilterValue': 5, 'StartType': 'All', 'Season': '2024', 'SeasonType': 'Regular Season', 'TeamId': '1611661330'}",shot_pace,1611661330,4Q/OT | margin -3..3 | 300..120,get-possessions__possessions__off_def-Offense__filter_comparison-Exactly__filter_event-OnFloor__filter_value-5__start_type-All__season-2024__season_type-Regular_Season__team_id-1611661330__d64e970c,get-possessions,https://api.pbpstats.com/get-possessions/wnba?OffDef=Offense&FilterComparison=Exactly&FilterEvent=OnFloor&FilterValue=5&StartType=All&Season=2024&SeasonType=Regular+Season&TeamId=1611661330,200,345,02:03,"Zandalasini S.FOUL (P1.T4)
Gray Free Throw 1 of 2 (4 PTS)
Gray Free Throw 2 of 2 (5 PTS)
",0,0,0,0,2024-09-10,1022400212,0,0,MIN,2,1,-5,02:22,Off Timeout,0,"[{""description"": ""Zandalasini S.FOUL (P1.T4)"", ""url"": """"}, {""description"": ""Gray Free Throw 1 of 2 (4 PTS)"", ""url"": """"}, {""description"": ""Gray Free Throw 2 of 2 (5 PTS)"", ""url"": """"}]",False,possessions,4Q/OT | margin -3..3 | 300..120,team
wnba,wnba_shot_pace,shot_pace,possessions,get-possessions,2024,Regular Season,team,"{'OffDef': 'Offense', 'FilterComparison': 'Exactly', 'FilterEvent': 'OnFloor', 'FilterValue': 5, 'StartType': 'All', 'Season': '2024', 'SeasonType': 'Regular Season', 'TeamId': '1611661330'}",shot_pace,1611661330,4Q/OT | margin -3..3 | 300..120,get-possessions__possessions__off_def-Offense__filter_comparison-Exactly__filter_event-OnFloor__filter_value-5__start_type-All__season-2024__season_type-Regular_Season__team_id-1611661330__d64e970c,get-possessions,https://api.pbpstats.com/get-possessions/wnba?OffDef=Offense&FilterComparison=Exactly&FilterEvent=OnFloor&FilterValue=5&StartType=All&Season=2024&SeasonType=Regular+Season&TeamId=1611661330,200,346,02:39,"MISS Charles 4' Layup
Hillmon REBOUND (Off:1 Def:2)
Hillmon 1' Putback Layup (3 PTS)
",2,1,0,0,2024-09-10,1022400212,0,1,MIN,2,0,-5,02:54,Off Corner 3 Make,0,"[{""description"": ""MISS Charles 4' Layup"", ""url"": ""https://videos.nba.com/wnba/pbp/media/2024/09/10/1022400212/210/9a7da3c0-a4b3-292b-e842-c86669582b31_960x540.mp4""}, {""description"": ""Hillmon REBOUND (Off:1 Def:2)"", ""url"": ""https://videos.nba.com/wnba/pbp/media/2024/09/10/1022400212/211/ed5d83a5-defc-74d8-9eac-3a1e18fcf145_960x540.mp4""}, {""description"": ""Hillmon 1' Putback Layup (3 PTS)"", ""url"": ""https://videos.nba.com/wnba/pbp/media/2024/09/10/1022400212/212/1e05f9cf-c922-6353-cd0e-63df03b167b4_960x540.mp4""}]",False,possessions,4Q/OT | margin -3..3 | 300..120,team
wnba,wnba_shot_pace,shot_pace,possessions,get-possessions,2024,Regular Season,team,"{'OffDef': 'Offense', 'FilterComparison': 'Exactly', 'FilterEvent': 'OnFloor', 'FilterValue': 5, 'StartType': 'All', 'Season': '2024', 'SeasonType': 'Regular Season', 'TeamId': '1611661330'}",shot_pace,1611661330,4Q/OT | margin -3..3 | 300..120,get-possessions__possessions__off_def-Offense__filter_comparison-Exactly__filter_event-OnFloor__filter_value-5__start_type-All__season-2024__season_type-Regular_Season__team_id-1611661330__d64e970c,get-possessions,https://api.pbpstats.com/get-possessions/wnba?OffDef=Offense&FilterComparison=Exactly&FilterEvent=OnFloor&FilterValue=5&StartType=All&Season=2024&SeasonType=Regular+Season&TeamId=1611661330,200,347,03:13,"Canada 2' Running Layup (6 PTS)
",1,1,0,0,2024-09-10,1022400212,0,0,MIN,2,0,-4,03:17,Off Steal,0,"[{""description"": ""Canada 2' Running Layup (6 PTS)"", ""url"": ""https://videos.nba.com/wnba/pbp/media/2024/09/10/1022400212/207/5b985b65-e809-9093-cac4-669b08ae25d8_960x540.mp4""}]",False,possessions,4Q/OT | margin -3..3 | 300..120,team
wnba,wnba_shot_pace,shot_pace,possessions,get-possessions,2024,Regular Season,team,"{'OffDef': 'Offense', 'FilterComparison': 'Exactly', 'FilterEvent': 'OnFloor', 'FilterValue': 5, 'StartType': 'All', 'Season': '2024', 'SeasonType': 'Regular Season', 'TeamId': '1611661330'}",shot_pace,1611661330,4Q/OT | margin -3..3 | 300..120,get-possessions__possessions__off_def-Offense__filter_comparison-Exactly__filter_event-OnFloor__filter_value-5__start_type-All__season-2024__season_type-Regular_Season__team_id-1611661330__d64e970c,get-possessions,https://api.pbpstats.com/get-possessions/wnba?OffDef=Offense&FilterComparison=Exactly&FilterEvent=OnFloor&FilterValue=5&StartType=All&Season=2024&SeasonType=Regular+Season&TeamId=1611661330,200,348,03:24,"MISS Caldwell 15' Pullup Jump Shot
Hines-Allen REBOUND (Off:0 Def:5)
",1,0,0,0,2024-09-10,1022400212,0,0,MIN,2,0,-4,03:42,Off Corner 3 Miss,0,"[{""description"": ""MISS Caldwell 15' Pullup Jump Shot"", ""url"": ""https://videos.nba.com/wnba/pbp/media/2024/09/10/1022400212/203/6b709701-126f-21cb-45f2-9e794525e8f0_960x540.mp4""}, {""description"": ""Hines-Allen REBOUND (Off:0 Def:5)"", ""url"": ""https://videos.nba.com/wnba/pbp/media/2024/09/10/1022400212/204/7fd72acd-5650-986f-588b-2a5c7440031b_960x540.mp4""}]",False,possessions,4Q/OT | margin -3..3 | 300..120,team
wnba,wnba_shot_pace,shot_pace,possessions,get-possessions,2024,Regular Season,team,"{'OffDef': 'Offense', 'FilterComparison': 'Exactly', 'FilterEvent': 'OnFloor', 'FilterValue': 5, 'StartType': 'All', 'Season': '2024', 'SeasonType': 'Regular Season', 'TeamId': '1611661330'}",shot_pace,1611661330,4Q/OT | margin -3..3 | 300..120,get-possessions__possessions__off_def-Offense__filter_comparison-Exactly__filter_event-OnFloor__filter_value-5__start_type-All__season-2024__season_type-Regular_Season__team_id-1611661330__d64e970c,get-possessions,https://api.pbpstats.com/get-possessions/wnba?OffDef=Offense&FilterComparison=Exactly&FilterEvent=OnFloor&FilterValue=5&StartType=All&Season=2024&SeasonType=Regular+Season&TeamId=1611661330,200,349,04:01,"MISS Canada 5' Driving Layup
Hines-Allen REBOUND (Off:0 Def:4)
",1,0,0,0,2024-09-10,1022400212,0,0,MIN,2,0,-4,04:15,Off Short Mid-Range Miss,0,"[{""description"": ""MISS Canada 5' Driving Layup"", ""url"": ""https://videos.nba.com/wnba/pbp/media/2024/09/10/1022400212/199/f63ccc18-c969-71a1-ac77-ba9f785bacca_960x540.mp4""}, {""description"": ""Hines-Allen REBOUND (Off:0 Def:4)"", ""url"": ""https://videos.nba.com/wnba/pbp/media/2024/09/10/1022400212/200/14fabf8a-e329-16bf-2f52-6500696dd634_960x540.mp4""}]",False,possessions,4Q/OT | margin -3..3 | 300..120,team
wnba,wnba_shot_pace,shot_pace,possessions,get-possessions,2024,Regular Season,team,"{'OffDef': 'Offense', 'FilterComparison': 'Exactly', 'FilterEvent': 'OnFloor', 'FilterValue': 5, 'StartType': 'All', 'Season': '2024', 'SeasonType': 'Regular Season', 'TeamId': '1611661330'}",shot_pace,1611661330,4Q/OT | margin -3..3 | 300..120,get-possessions__possessions__off_def-Offense__filter_comparison-Exactly__filter_event-OnFloor__filter_value-5__start_type-All__season-2024__season_type-Regular_Season__team_id-1611661330__d64e970c,get-possessions,https://api.pbpstats.com/get-possessions/wnba?OffDef=Offense&FilterComparison=Exactly&FilterEvent=OnFloor&FilterValue=5&StartType=All&Season=2024&SeasonType=Regular+Season&TeamId=1611661330,200,350,04:20,"MISS Charles 3' Layup
Collier REBOUND (Off:0 Def:4)
",1,0,0,0,2024-09-10,1022400212,0,0,MIN,2,0,-4,04:41,Off Long Mid-Range Make,0,"[{""description"": ""MISS Charles 3' Layup"", ""url"": ""https://videos.nba.com/wnba/pbp/media/2024/09/10/1022400212/193/a21e3ac6-8351-c04d-0f4c-d20535bd22d3_960x540.mp4""}, {""description"": ""Collier REBOUND (Off:0 Def:4)"", ""url"": ""https://videos.nba.com/wnba/pbp/media/2024/09/10/1022400212/194/e8d5e421-bba3-5eb4-9e09-4848e7a29fb6_960x540.mp4""}]",False,possessions,4Q/OT | margin -3..3 | 300..120,team
wnba,wnba_shot_pace,shot_pace,possessions,get-possessions,2024,Regular Season,team,"{'OffDef': 'Offense', 'FilterComparison': 'Exactly', 'FilterEvent': 'OnFloor', 'FilterValue': 5, 'StartType': 'All', 'Season': '2024', 'SeasonType': 'Regular Season', 'TeamId': '1611661330'}",shot_pace,1611661330,4Q/OT | margin -3..3 | 300..120,get-possessions__possessions__off_def-Offense__filter_comparison-Exactly__filter_event-OnFloor__filter_value-5__start_type-All__season-2024__season_type-Regular_Season__team_id-1611661330__d64e970c,get-possessions,https://api.pbpstats.com/get-possessions/wnba?OffDef=Offense&FilterComparison=Exactly&FilterEvent=OnFloor&FilterValue=5&StartType=All&Season=2024&SeasonType=Regular+Season&TeamId=1611661330,200,351,04:57,"Caldwell 2' Running Layup (7 PTS)
",1,1,0,0,2024-09-10,1022400212,0,0,MIN,2,0,-4,05:01,Off Arc 3 Miss,0,"[{""description"": ""Caldwell 2' Running Layup (7 PTS)"", ""url"": ""https://videos.nba.com/wnba/pbp/media/2024/09/10/1022400212/190/8a1b5417-63ad-1af6-4b5e-4f09f13f2a7b_960x540.mp4""}]",False,possessions,4Q/OT | margin -3..3 | 300..120,team
wnba,wnba_shot_pace,shot_pace,possessions,get-possessions,2024,Regular Season,team,"{'OffDef': 'Offense', 'FilterComparison': 'Exactly', 'FilterEvent': 'OnFloor', 'FilterValue': 5, 'StartType': 'All', 'Season': '2024', 'SeasonType': 'Regular Season', 'TeamId': '1611661330'}",shot_pace,1611661330,4Q/OT | margin -3..3 | 300..120,get-possessions__possessions__off_def-Offense__filter_comparison-Exactly__filter_event-OnFloor__filter_value-5__start_type-All__season-2024__season_type-Regular_Season__team_id-1611661330__d64e970c,get-possessions,https://api.pbpstats.com/get-possessions/wnba?OffDef=Offense&FilterComparison=Exactly&FilterEvent=OnFloor&FilterValue=5&StartType=All&Season=2024&SeasonType=Regular+Season&TeamId=1611661330,200,352,05:19,"MISS Charles 19' Jump Shot
Hines-Allen REBOUND (Off:0 Def:3)
",1,0,0,0,2024-09-10,1022400212,0,0,MIN,2,0,-4,05:46,Off At Rim Make,0,"[{""description"": ""MISS Charles 19' Jump Shot"", ""url"": ""https://videos.nba.com/wnba/pbp/media/2024/09/10/1022400212/186/afdd576a-07ed-55e8-b398-e952fe7ff292_960x540.mp4""}, {""description"": ""Hines-Allen REBOUND (Off:0 Def:3)"", ""url"": ""https://videos.nba.com/wnba/pbp/media/2024/09/10/1022400212/187/571db49d-4a0c-1423-252c-a7ecf3f40609_960x540.mp4""}]",False,possessions,4Q/OT | margin -3..3 | 300..120,team
wnba,wnba_shot_pace,shot_pace,possessions,get-possessions,2024,Regular Season,team,"{'OffDef': 'Offense', 'FilterComparison': 'Exactly', 'FilterEvent': 'OnFloor', 'FilterValue': 5, 'StartType': 'All', 'Season': '2024', 'SeasonType': 'Regular Season', 'TeamId': '1611661330'}",shot_pace,1611661330,4Q/OT | margin -3..3 | 300..120,get-possessions__possessions__off_def-Offense__filter_comparison-Exactly__filter_event-OnFloor__filter_value-5__start_type-All__season-2024__season_type-Regular_Season__team_id-1611661330__d64e970c,get-possessions,https://api.pbpstats.com/get-possessions/wnba?OffDef=Offense&FilterComparison=Exactly&FilterEvent=OnFloor&FilterValue=5&StartType=All&Season=2024&SeasonType=Regular+Season&TeamId=1611661330,200,353,05:59,"Collier S.FOUL (P1.T3)
Charles Free Throw 1 of 2 (5 PTS)
Charles Free Throw 2 of 2 (6 PTS)
",0,0,0,0,2024-09-10,1022400212,0,0,MIN,2,1,-4,06:10,Off Short Mid-Range Make,0,"[{""description"": ""Collier S.FOUL (P1.T3)"", ""url"": """"}, {""description"": ""Charles Free Throw 1 of 2 (5 PTS)"", ""url"": """"}, {""description"": ""Charles Free Throw 2 of 2 (6 PTS)"", ""url"": """"}]",False,possessions,4Q/OT | margin -3..3 | 300..120,team
wnba,wnba_shot_pace,shot_pace,possessions,get-possessions,2024,Regular Season,team,"{'OffDef': 'Offense', 'FilterComparison': 'Exactly', 'FilterEvent': 'OnFloor', 'FilterValue': 5, 'StartType': 'All', 'Season': '2024', 'SeasonType': 'Regular Season', 'TeamId': '1611661330'}",shot_pace,1611661330,4Q/OT | margin -3..3 | 300..120,get-possessions__possessions__off_def-Offense__filter_comparison-Exactly__filter_event-OnFloor__filter_value-5__start_type-All__season-2024__season_type-Regular_Season__team_id-1611661330__d64e970c,get-possessions,https://api.pbpstats.com/get-possessions/wnba?OffDef=Offense&FilterComparison=Exactly&FilterEvent=OnFloor&FilterValue=5&StartType=All&Season=2024&SeasonType=Regular+Season&TeamId=1611661330,200,354,06:21,"Smith S.FOUL (P2.T2)
Canada Free Throw 1 of 2 (4 PTS)
MISS Canada Free Throw 2 of 2
Carleton REBOUND (Off:0 Def:1)
",0,0,0,0,2024-09-10,1022400212,0,0,MIN,2,1,-3,06:37,Off Timeout,0,"[{""description"": ""Smith S.FOUL (P2.T2)"", ""url"": """"}, {""description"": ""Canada Free Throw 1 of 2 (4 PTS)"", ""url"": """"}, {""description"": ""MISS Canada Free Throw 2 of 2"", ""url"": """"}, {""description"": ""Carleton REBOUND (Off:0 Def:1)"", ""url"": ""https://videos.nba.com/wnba/pbp/media/2024/09/10/1022400212/177/43d47a53-b8a6-61f8-8f29-cead1a1b8f64_960x540.mp4""}]",False,possessions,4Q/OT | margin -3..3 | 300..120,team
wnba,wnba_shot_pace,shot_pace,possessions,get-possessions,2024,Regular Season,team,"{'OffDef': 'Offense', 'FilterComparison': 'Exactly', 'FilterEvent': 'OnFloor', 'FilterValue': 5, 'StartType': 'All', 'Season': '2024', 'SeasonType': 'Regular Season', 'TeamId': '1611661330'}",shot_pace,1611661330,4Q/OT | margin -3..3 | 300..120,get-possessions__possessions__off_def-Offense__filter_comparison-Exactly__filter_event-OnFloor__filter_value-5__start_type-All__season-2024__season_type-Regular_Season__team_id-1611661330__d64e970c,get-possessions,https://api.pbpstats.com/get-possessions/wnba?OffDef=Offense&FilterComparison=Exactly&FilterEvent=OnFloor&FilterValue=5&StartType=All&Season=2024&SeasonType=Regular+Season&TeamId=1611661330,200,355,06:46,"Hiedeman P.FOUL (P1.T1)
MISS Gray 24' 3PT Jump Shot
Smith REBOUND (Off:0 Def:4)
",0,0,1,0,2024-09-10,1022400212,0,0,MIN,2,0,-1,07:05,Off At Rim Miss,0,"[{""description"": ""Hiedeman P.FOUL (P1.T1)"", ""url"": """"}, {""description"": ""MISS Gray 24' 3PT Jump Shot"", ""url"": ""https://videos.nba.com/wnba/pbp/media/2024/09/10/1022400212/165/5f28d57d-081a-9d81-4368-f2c9676f33be_960x540.mp4""}, {""description"": ""Smith REBOUND (Off:0 Def:4)"", ""url"": ""https://videos.nba.com/wnba/pbp/media/2024/09/10/1022400212/166/dfa9deb0-9b3d-d003-ba07-a81ed61d0d13_960x540.mp4""}]",False,possessions,4Q/OT | margin -3..3 | 300..120,team
wnba,wnba_shot_pace,shot_pace,possessions,get-possessions,2024,Regular Season,team,"{'OffDef': 'Offense', 'FilterComparison': 'Exactly', 'FilterEvent': 'OnFloor', 'FilterValue': 5, 'StartType': 'All', 'Season': '2024', 'SeasonType': 'Regular Season', 'TeamId': '1611661330'}",shot_pace,1611661330,4Q/OT | margin -3..3 | 300..120,get-possessions__possessions__off_def-Offense__filter_comparison-Exactly__filter_event-OnFloor__filter_value-5__start_type-All__season-2024__season_type-Regular_Season__team_id-1611661330__d64e970c,get-possessions,https://api.pbpstats.com/get-possessions/wnba?OffDef=Offense&FilterComparison=Exactly&FilterEvent=OnFloor&FilterValue=5&StartType=All&Season=2024&SeasonType=Regular+Season&TeamId=1611661330,200,356,07:17,"MISS Charles 6' Turnaround Hook Shot
Hines-Allen REBOUND (Off:0 Def:2)
",1,0,0,0,2024-09-10,1022400212,0,0,MIN,2,0,-1,07:28,Off Arc 3 Miss,0,"[{""description"": ""MISS Charles 6' Turnaround Hook Shot"", ""url"": ""https://videos.nba.com/wnba/pbp/media/2024/09/10/1022400212/146/cdb0e827-1eb1-5bdd-6fea-fa7db489a904_960x540.mp4""}, {""description"": ""Hines-Allen REBOUND (Off:0 Def:2)"", ""url"": ""https://videos.nba.com/wnba/pbp/media/2024/09/10/1022400212/147/e259ec5e-9605-7857-249b-8dc605946d02_960x540.mp4""}]",False,possessions,4Q/OT | margin -3..3 | 300..120,team
wnba,wnba_shot_pace,shot_pace,possessions,get-possessions,2024,Regular Season,team,"{'OffDef': 'Offense', 'FilterComparison': 'Exactly', 'FilterEvent': 'OnFloor', 'FilterValue': 5, 'StartType': 'All', 'Season': '2024', 'SeasonType': 'Regular Season', 'TeamId': '1611661330'}",shot_pace,1611661330,4Q/OT | margin -3..3 | 300..120,get-possessions__possessions__off_def-Offense__filter_comparison-Exactly__filter_event-OnFloor__filter_value-5__start_type-All__season-2024__season_type-Regular_Season__team_id-1611661330__d64e970c,get-possessions,https://api.pbpstats.com/get-possessions/wnba?OffDef=Offense&FilterComparison=Exactly&FilterEvent=OnFloor&FilterValue=5&StartType=All&Season=2024&SeasonType=Regular+Season&TeamId=1611661330,200,357,07:53,"Charles 2' Hook Bank Shot (4 PTS) (Caldwell 1 AST)
",1,1,0,0,2024-09-10,1022400212,0,0,MIN,2,0,-3,08:01,Off Block,0,"[{""description"": ""Charles 2' Hook Bank Shot (4 PTS) (Caldwell 1 AST)"", ""url"": ""https://videos.nba.com/wnba/pbp/media/2024/09/10/1022400212/142/8b33f4cd-7d2f-1241-9a86-f6b883432084_960x540.mp4""}]",False,possessions,4Q/OT | margin -3..3 | 300..120,team
wnba,wnba_shot_pace,shot_pace,possessions,get-possessions,2024,Regular Season,team,"{'OffDef': 'Offense', 'FilterComparison': 'Exactly', 'FilterEvent': 'OnFloor', 'FilterValue': 5, 'StartType': 'All', 'Season': '2024', 'SeasonType': 'Regular Season', 'TeamId': '1611661330'}",shot_pace,1611661330,4Q/OT | margin -3..3 | 300..120,get-possessions__possessions__off_def-Offense__filter_comparison-Exactly__filter_event-OnFloor__filter_value-5__start_type-All__season-2024__season_type-Regular_Season__team_id-1611661330__d64e970c,get-possessions,https://api.pbpstats.com/get-possessions/wnba?OffDef=Offense&FilterComparison=Exactly&FilterEvent=OnFloor&FilterValue=5&StartType=All&Season=2024&SeasonType=Regular+Season&TeamId=1611661330,200,358,08:21,"Howard 18' Pullup Jump Shot (5 PTS)
",1,1,0,0,2024-09-10,1022400212,0,0,MIN,2,0,-5,08:26,Off Short Mid-Range Miss,0,"[{""description"": ""Howard 18' Pullup Jump Shot (5 PTS)"", ""url"": ""https://videos.nba.com/wnba/pbp/media/2024/09/10/1022400212/138/5c75bcde-95ed-ce54-edd2-96391e524584_960x540.mp4""}]",False,possessions,4Q/OT | margin -3..3 | 300..120,team
wnba,wnba_shot_pace,shot_pace,possessions,get-possessions,2024,Regular Season,team,"{'OffDef': 'Offense', 'FilterComparison': 'Exactly', 'FilterEvent': 'OnFloor', 'FilterValue': 5, 'StartType': 'All', 'Season': '2024', 'SeasonType': 'Regular Season', 'TeamId': '1611661330'}",shot_pace,1611661330,4Q/OT | margin -3..3 | 300..120,get-possessions__possessions__off_def-Offense__filter_comparison-Exactly__filter_event-OnFloor__filter_value-5__start_type-All__season-2024__season_type-Regular_Season__team_id-1611661330__d64e970c,get-possessions,https://api.pbpstats.com/get-possessions/wnba?OffDef=Offense&FilterComparison=Exactly&FilterEvent=OnFloor&FilterValue=5&StartType=All&Season=2024&SeasonType=Regular+Season&TeamId=1611661330,200,359,08:49,"Caldwell 3PT Jump Shot (5 PTS) (Coffey 1 AST)
",0,0,1,1,2024-09-10,1022400212,0,0,MIN,2,0,-8,09:12,Off At Rim Make,0,"[{""description"": ""Caldwell 3PT Jump Shot (5 PTS) (Coffey 1 AST)"", ""url"": ""https://videos.nba.com/wnba/pbp/media/2024/09/10/1022400212/133/c9b7ac52-0e9d-201d-791e-96d148e9c074_960x540.mp4""}]",False,possessions,4Q/OT | margin -3..3 | 300..120,team
wnba,wnba_shot_pace,shot_pace,possessions,get-possessions,2024,Regular Season,team,"{'OffDef': 'Offense', 'FilterComparison': 'Exactly', 'FilterEvent': 'OnFloor', 'FilterValue': 5, 'StartType': 'All', 'Season': '2024', 'SeasonType': 'Regular Season', 'TeamId': '1611661330'}",shot_pace,1611661330,4Q/OT | margin -3..3 | 300..120,get-possessions__possessions__off_def-Offense__filter_comparison-Exactly__filter_event-OnFloor__filter_value-5__start_type-All__season-2024__season_type-Regular_Season__team_id-1611661330__d64e970c,get-possessions,https://api.pbpstats.com/get-possessions/wnba?OffDef=Offense&FilterComparison=Exactly&FilterEvent=OnFloor&FilterValue=5&StartType=All&Season=2024&SeasonType=Regular+Season&TeamId=1611661330,200,360,09:13,"MISS Jones 9' Floating Jump Shot: Zandalasini BLOCK (1 BLK)
Hiedeman REBOUND (Off:0 Def:1)
",1,0,0,0,2024-09-10,1022400212,0,0,MIN,2,0,-6,09:35,Off At Rim Miss,0,"[{""description"": ""MISS Jones 9' Floating Jump Shot: Zandalasini BLOCK (1 BLK)"", ""url"": ""https://videos.nba.com/wnba/pbp/media/2024/09/10/1022400212/128/5328e53f-1aae-f69a-cb36-a597e6004faa_960x540.mp4""}, {""description"": ""Hiedeman REBOUND (Off:0 Def:1)"", ""url"": ""https://videos.nba.com/wnba/pbp/media/2024/09/10/1022400212/130/89cf6a61-ec43-0c0a-3493-248ef6d0b04a_960x540.mp4""}]",False,possessions,4Q/OT | margin -3..3 | 300..120,team
wnba,wnba_shot_pace,shot_pace,possessions,get-possessions,2024,Regular Season,team,"{'OffDef': 'Offense', 'FilterComparison': 'Exactly', 'FilterEvent': 'OnFloor', 'FilterValue': 5, 'StartType': 'All', 'Season': '2024', 'SeasonType': 'Regular Season', 'TeamId': '1611661330'}",shot_pace,1611661330,4Q/OT | margin -3..3 | 300..120,get-possessions__possessions__off_def-Offense__filter_comparison-Exactly__filter_event-OnFloor__filter_value-5__start_type-All__season-2024__season_type-Regular_Season__team_id-1611661330__d64e970c,get-possessions,https://api.pbpstats.com/get-possessions/wnba?OffDef=Offense&FilterComparison=Exactly&FilterEvent=OnFloor&FilterValue=5&StartType=All&Season=2024&SeasonType=Regular+Season&TeamId=1611661330,200,361,00:02,"MISS Howard 3PT Jump Shot
Hines-Allen REBOUND (Off:0 Def:1)
",0,0,1,0,2024-09-10,1022400212,0,0,MIN,1,0,-6,00:27,Off At Rim Make,0,"[{""description"": ""MISS Howard 3PT Jump Shot"", ""url"": ""https://videos.nba.com/wnba/pbp/media/2024/09/10/1022400212/116/285c6565-c3c5-d534-3482-2872c0cb6d98_960x540.mp4""}, {""description"": ""Hines-Allen REBOUND (Off:0 Def:1)"", ""url"": ""https://videos.nba.com/wnba/pbp/media/2024/09/10/1022400212/117/6dcd7cd0-7c65-ba59-5459-9e0ed4670671_960x540.mp4""}]",False,possessions,4Q/OT | margin -3..3 | 300..120,team
wnba,wnba_shot_pace,shot_pace,possessions,get-possessions,2024,Regular Season,team,"{'OffDef': 'Offense', 'FilterComparison': 'Exactly', 'FilterEvent': 'OnFloor', 'FilterValue': 5, 'StartType': 'All', 'Season': '2024', 'SeasonType': 'Regular Season', 'TeamId': '1611661330'}",shot_pace,1611661330,4Q/OT | margin -3..3 | 300..120,get-possessions__possessions__off_def-Offense__filter_comparison-Exactly__filter_event-OnFloor__filter_value-5__start_type-All__season-2024__season_type-Regular_Season__team_id-1611661330__d64e970c,get-possessions,https://api.pbpstats.com/get-possessions/wnba?OffDef=Offense&FilterComparison=Exactly&FilterEvent=OnFloor&FilterValue=5&StartType=All&Season=2024&SeasonType=Regular+Season&TeamId=1611661330,200,362,00:36,"Caldwell 13' Pullup Jump Shot (2 PTS)
",1,1,0,0,2024-09-10,1022400212,0,0,MIN,1,0,-6,00:46,Off Corner 3 Make,0,"[{""description"": ""Caldwell 13' Pullup Jump Shot (2 PTS)"", ""url"": ""https://videos.nba.com/wnba/pbp/media/2024/09/10/1022400212/113/99c826ce-0ec5-fdc2-1838-20e84d78778f_960x540.mp4""}]",False,possessions,4Q/OT | margin -3..3 | 300..120,team
wnba,wnba_shot_pace,shot_pace,possessions,get-possessions,2024,Regular Season,team,"{'OffDef': 'Offense', 'FilterComparison': 'Exactly', 'FilterEvent': 'OnFloor', 'FilterValue': 5, 'StartType': 'All', 'Season': '2024', 'SeasonType': 'Regular Season', 'TeamId': '1611661330'}",shot_pace,1611661330,4Q/OT | margin -3..3 | 300..120,get-possessions__possessions__off_def-Offense__filter_comparison-Exactly__filter_event-OnFloor__filter_value-5__start_type-All__season-2024__season_type-Regular_Season__team_id-1611661330__d64e970c,get-possessions,https://api.pbpstats.com/get-possessions/wnba?OffDef=Offense&FilterComparison=Exactly&FilterEvent=OnFloor&FilterValue=5&StartType=All&Season=2024&SeasonType=Regular+Season&TeamId=1611661330,200,363,00:54,"MISS Caldwell 16' Running Pull-Up Jump Shot
Coffey REBOUND (Off:1 Def:0)
Coffey Bad Pass Turnover (P1.T5): Hiedeman STEAL (1 STL)
",1,0,0,0,2024-09-10,1022400212,0,1,MIN,1,0,-3,01:02,Off Steal,1,"[{""description"": ""MISS Caldwell 16' Running Pull-Up Jump Shot"", ""url"": ""https://videos.nba.com/wnba/pbp/media/2024/09/10/1022400212/103/500f49e8-b8a0-9b4f-abc1-9ab0682a5676_960x540.mp4""}, {""description"": ""Coffey REBOUND (Off:1 Def:0)"", ""url"": ""https://videos.nba.com/wnba/pbp/media/2024/09/10/1022400212/104/24754e87-34c4-427a-b7be-438fbad29e83_960x540.mp4""}, {""description"": ""Coffey Bad Pass Turnover (P1.T5): Hiedeman STEAL (1 STL)"", ""url"": ""https://videos.nba.com/wnba/pbp/media/2024/09/10/1022400212/105/7164e9b9-6a06-2949-f5c2-3891b5865967_960x540.mp4""}]",False,possessions,4Q/OT | margin -3..3 | 300..120,team
wnba,wnba_shot_pace,shot_pace,possessions,get-possessions,2024,Regular Season,team,"{'OffDef': 'Offense', 'FilterComparison': 'Exactly', 'FilterEvent': 'OnFloor', 'FilterValue': 5, 'StartType': 'All', 'Season': '2024', 'SeasonType': 'Regular Season', 'TeamId': '1611661330'}",shot_pace,1611661330,4Q/OT | margin -3..3 | 300..120,get-possessions__possessions__off_def-Offense__filter_comparison-Exactly__filter_event-OnFloor__filter_value-5__start_type-All__season-2024__season_type-Regular_Season__team_id-1611661330__d64e970c,get-possessions,https://api.pbpstats.com/get-possessions/wnba?OffDef=Offense&FilterComparison=Exactly&FilterEvent=OnFloor&FilterValue=5&StartType=All&Season=2024&SeasonType=Regular+Season&TeamId=1611661330,200,364,01:14,"MISS Gray 1' Driving Layup
McBride REBOUND (Off:0 Def:2)
",1,0,0,0,2024-09-10,1022400212,0,0,MIN,1,0,-3,01:24,Off Steal,0,"[{""description"": ""MISS Gray 1' Driving Layup"", ""url"": ""https://videos.nba.com/wnba/pbp/media/2024/09/10/1022400212/92/c23031ed-3889-8760-0df2-b0edb4126a26_960x540.mp4""}, {""description"": ""McBride REBOUND (Off:0 Def:2)"", ""url"": ""https://videos.nba.com/wnba/pbp/media/2024/09/10/1022400212/93/c3642dd4-d2d1-c90f-e043-c577bd572b4a_960x540.mp4""}]",False,possessions,4Q/OT | margin -3..3 | 300..120,team
wnba,wnba_shot_pace,shot_pace,possessions,get-possessions,2024,Regular Season,team,"{'OffDef': 'Offense', 'FilterComparison': 'Exactly', 'FilterEvent': 'OnFloor', 'FilterValue': 5, 'StartType': 'All', 'Season': '2024', 'SeasonType': 'Regular Season', 'TeamId': '1611661330'}",shot_pace,1611661330,4Q/OT | margin -3..3 | 300..120,get-possessions__possessions__off_def-Offense__filter_comparison-Exactly__filter_event-OnFloor__filter_value-5__start_type-All__season-2024__season_type-Regular_Season__team_id-1611661330__d64e970c,get-possessions,https://api.pbpstats.com/get-possessions/wnba?OffDef=Offense&FilterComparison=Exactly&FilterEvent=OnFloor&FilterValue=5&StartType=All&Season=2024&SeasonType=Regular+Season&TeamId=1611661330,200,365,01:42,"Gray 3PT Jump Shot (3 PTS) (Jones 1 AST)
",0,0,1,1,2024-09-10,1022400212,0,0,MIN,1,0,-6,01:59,Off At Rim Make,0,"[{""description"": ""Gray 3PT Jump Shot (3 PTS) (Jones 1 AST)"", ""url"": ""https://videos.nba.com/wnba/pbp/media/2024/09/10/1022400212/88/700eec86-9b93-6db8-941e-6d0a4a693e04_960x540.mp4""}]",False,possessions,4Q/OT | margin -3..3 | 300..120,team
wnba,wnba_shot_pace,shot_pace,possessions,get-possessions,2024,Regular Season,team,"{'OffDef': 'Offense', 'FilterComparison': 'Exactly', 'FilterEvent': 'OnFloor', 'FilterValue': 5, 'StartType': 'All', 'Season': '2024', 'SeasonType': 'Regular Season', 'TeamId': '1611661330'}",shot_pace,1611661330,4Q/OT | margin -3..3 | 300..120,get-possessions__possessions__off_def-Offense__filter_comparison-Exactly__filter_event-OnFloor__filter_value-5__start_type-All__season-2024__season_type-Regular_Season__team_id-1611661330__d64e970c,get-possessions,https://api.pbpstats.com/get-possessions/wnba?OffDef=Offense&FilterComparison=Exactly&FilterEvent=OnFloor&FilterValue=5&StartType=All&Season=2024&SeasonType=Regular+Season&TeamId=1611661330,200,366,02:13,"Smith S.FOUL (P1.T2)
Hillmon Free Throw 1 of 2 (1 PTS)
MISS Hillmon Free Throw 2 of 2
Smith REBOUND (Off:0 Def:3)
",0,0,0,0,2024-09-10,1022400212,0,0,MIN,1,1,-5,02:27,Off At Rim Miss,0,"[{""description"": ""Smith S.FOUL (P1.T2)"", ""url"": """"}, {""description"": ""Hillmon Free Throw 1 of 2 (1 PTS)"", ""url"": """"}, {""description"": ""MISS Hillmon Free Throw 2 of 2"", ""url"": """"}, {""description"": ""Smith REBOUND (Off:0 Def:3)"", ""url"": ""https://videos.nba.com/wnba/pbp/media/2024/09/10/1022400212/85/17b7593f-a878-004e-5fb4-67663be0519f_960x540.mp4""}]",False,possessions,4Q/OT | margin -3..3 | 300..120,team
wnba,wnba_shot_pace,shot_pace,possessions,get-possessions,2024,Regular Season,team,"{'OffDef': 'Offense', 'FilterComparison': 'Exactly', 'FilterEvent': 'OnFloor', 'FilterValue': 5, 'StartType': 'All', 'Season': '2024', 'SeasonType': 'Regular Season', 'TeamId': '1611661330'}",shot_pace,1611661330,4Q/OT | margin -3..3 | 300..120,get-possessions__possessions__off_def-Offense__filter_comparison-Exactly__filter_event-OnFloor__filter_value-5__start_type-All__season-2024__season_type-Regular_Season__team_id-1611661330__d64e970c,get-possessions,https://api.pbpstats.com/get-possessions/wnba?OffDef=Offense&FilterComparison=Exactly&FilterEvent=OnFloor&FilterValue=5&StartType=All&Season=2024&SeasonType=Regular+Season&TeamId=1611661330,200,367,02:44,"MISS Gray 6' Driving Floating Jump Shot
McBride REBOUND (Off:0 Def:1)
",1,0,0,0,2024-09-10,1022400212,0,0,MIN,1,0,-5,02:53,Off At Rim Miss,0,"[{""description"": ""MISS Gray 6' Driving Floating Jump Shot"", ""url"": ""https://videos.nba.com/wnba/pbp/media/2024/09/10/1022400212/75/af7513e3-1124-b6ed-5351-a17e1684bd3d_960x540.mp4""}, {""description"": ""McBride REBOUND (Off:0 Def:1)"", ""url"": ""https://videos.nba.com/wnba/pbp/media/2024/09/10/1022400212/76/a7947305-2974-a09f-66d4-7bc0b62b4422_960x540.mp4""}]",False,possessions,4Q/OT | margin -3..3 | 300..120,team
wnba,wnba_shot_pace,shot_pace,possessions,get-possessions,2024,Regular Season,team,"{'OffDef': 'Offense', 'FilterComparison': 'Exactly', 'FilterEvent': 'OnFloor', 'FilterValue': 5, 'StartType': 'All', 'Season': '2024', 'SeasonType': 'Regular Season', 'TeamId': '1611661330'}",shot_pace,1611661330,4Q/OT | margin -3..3 | 300..120,get-possessions__possessions__off_def-Offense__filter_comparison-Exactly__filter_event-OnFloor__filter_value-5__start_type-All__season-2024__season_type-Regular_Season__team_id-1611661330__d64e970c,get-possessions,https://api.pbpstats.com/get-possessions/wnba?OffDef=Offense&FilterComparison=Exactly&FilterEvent=OnFloor&FilterValue=5&StartType=All&Season=2024&SeasonType=Regular+Season&TeamId=1611661330,200,368,03:09,"Gray Traveling Turnover (P1.T4)
",0,0,0,0,2024-09-10,1022400212,0,0,MIN,1,0,-5,03:26,Off FT Miss,1,"[{""description"": ""Gray Traveling Turnover (P1.T4)"", ""url"": ""https://videos.nba.com/wnba/pbp/media/2024/09/10/1022400212/70/a81da833-65e8-c095-32b8-35db052acef3_960x540.mp4""}]",False,possessions,4Q/OT | margin -3..3 | 300..120,team
wnba,wnba_shot_pace,shot_pace,possessions,get-possessions,2024,Regular Season,team,"{'OffDef': 'Offense', 'FilterComparison': 'Exactly', 'FilterEvent': 'OnFloor', 'FilterValue': 5, 'StartType': 'All', 'Season': '2024', 'SeasonType': 'Regular Season', 'TeamId': '1611661330'}",shot_pace,1611661330,4Q/OT | margin -3..3 | 300..120,get-possessions__possessions__off_def-Offense__filter_comparison-Exactly__filter_event-OnFloor__filter_value-5__start_type-All__season-2024__season_type-Regular_Season__team_id-1611661330__d64e970c,get-possessions,https://api.pbpstats.com/get-possessions/wnba?OffDef=Offense&FilterComparison=Exactly&FilterEvent=OnFloor&FilterValue=5&StartType=All&Season=2024&SeasonType=Regular+Season&TeamId=1611661330,200,369,03:40,"MISS Gray 13' Pullup Jump Shot
Collier REBOUND (Off:0 Def:3)
",1,0,0,0,2024-09-10,1022400212,0,0,MIN,1,0,-2,04:13,Off Long Mid-Range Make,0,"[{""description"": ""MISS Gray 13' Pullup Jump Shot"", ""url"": ""https://videos.nba.com/wnba/pbp/media/2024/09/10/1022400212/57/9c4bbfca-2a7e-b54d-b61f-506375d27360_960x540.mp4""}, {""description"": ""Collier REBOUND (Off:0 Def:3)"", ""url"": ""https://videos.nba.com/wnba/pbp/media/2024/09/10/1022400212/58/93dd9ddc-1a83-6e81-8c99-aea4f16f69d0_960x540.mp4""}]",False,possessions,4Q/OT | margin -3..3 | 300..120,team
wnba,wnba_shot_pace,shot_pace,possessions,get-possessions,2024,Regular Season,team,"{'OffDef': 'Offense', 'FilterComparison': 'Exactly', 'FilterEvent': 'OnFloor', 'FilterValue': 5, 'StartType': 'All', 'Season': '2024', 'SeasonType': 'Regular Season', 'TeamId': '1611661330'}",shot_pace,1611661330,4Q/OT | margin -3..3 | 300..120,get-possessions__possessions__off_def-Offense__filter_comparison-Exactly__filter_event-OnFloor__filter_value-5__start_type-All__season-2024__season_type-Regular_Season__team_id-1611661330__d64e970c,get-possessions,https://api.pbpstats.com/get-possessions/wnba?OffDef=Offense&FilterComparison=Exactly&FilterEvent=OnFloor&FilterValue=5&StartType=All&Season=2024&SeasonType=Regular+Season&TeamId=1611661330,200,370,04:18,"MISS Canada 25' 3PT Pullup Jump Shot
Smith REBOUND (Off:0 Def:2)
",0,0,1,0,2024-09-10,1022400212,0,0,MIN,1,0,0,04:38,Off At Rim Make,0,"[{""description"": ""MISS Canada 25' 3PT Pullup Jump Shot"", ""url"": ""https://videos.nba.com/wnba/pbp/media/2024/09/10/1022400212/54/3375e8bd-1535-35a1-71fb-5274f9b46b90_960x540.mp4""}, {""description"": ""Smith REBOUND (Off:0 Def:2)"", ""url"": ""https://videos.nba.com/wnba/pbp/media/2024/09/10/1022400212/55/c6448741-82bc-7b90-fed2-7adcac1efcc7_960x540.mp4""}]",False,possessions,4Q/OT | margin -3..3 | 300..120,team
wnba,wnba_shot_pace,shot_pace,possessions,get-possessions,2024,Regular Season,team,"{'OffDef': 'Offense', 'FilterComparison': 'Exactly', 'FilterEvent': 'OnFloor', 'FilterValue': 5, 'StartType': 'All', 'Season': '2024', 'SeasonType': 'Regular Season', 'TeamId': '1611661330'}",shot_pace,1611661330,4Q/OT | margin -3..3 | 300..120,get-possessions__possessions__off_def-Offense__filter_comparison-Exactly__filter_event-OnFloor__filter_value-5__start_type-All__season-2024__season_type-Regular_Season__team_id-1611661330__d64e970c,get-possessions,https://api.pbpstats.com/get-possessions/wnba?OffDef=Offense&FilterComparison=Exactly&FilterEvent=OnFloor&FilterValue=5&StartType=All&Season=2024&SeasonType=Regular+Season&TeamId=1611661330,200,371,04:57,"Charles 2' Layup (2 PTS)
",1,1,0,0,2024-09-10,1022400212,0,0,MIN,1,0,0,05:10,Off Dead Ball,0,"[{""description"": ""Charles 2' Layup (2 PTS)"", ""url"": ""https://videos.nba.com/wnba/pbp/media/2024/09/10/1022400212/52/d27e1f93-47e3-71b7-fb94-93e363e6ae76_960x540.mp4""}]",False,possessions,4Q/OT | margin -3..3 | 300..120,team
wnba,wnba_shot_pace,shot_pace,possessions,get-possessions,2024,Regular Season,team,"{'OffDef': 'Offense', 'FilterComparison': 'Exactly', 'FilterEvent': 'OnFloor', 'FilterValue': 5, 'StartType': 'All', 'Season': '2024', 'SeasonType': 'Regular Season', 'TeamId': '1611661330'}",shot_pace,1611661330,4Q/OT | margin -3..3 | 300..120,get-possessions__possessions__off_def-Offense__filter_comparison-Exactly__filter_event-OnFloor__filter_value-5__start_type-All__season-2024__season_type-Regular_Season__team_id-1611661330__d64e970c,get-possessions,https://api.pbpstats.com/get-possessions/wnba?OffDef=Offense&FilterComparison=Exactly&FilterEvent=OnFloor&FilterValue=5&StartType=All&Season=2024&SeasonType=Regular+Season&TeamId=1611661330,200,372,05:20,"MISS Howard 24' 3PT Jump Shot
Collier REBOUND (Off:0 Def:2)
",0,0,1,0,2024-09-10,1022400212,0,0,MIN,1,0,0,05:49,Off Long Mid-Range Make,0,"[{""description"": ""MISS Howard 24' 3PT Jump Shot"", ""url"": ""https://videos.nba.com/wnba/pbp/media/2024/09/10/1022400212/47/87bda1e3-ac14-5ab2-5de7-7bd25a7942ad_960x540.mp4""}, {""description"": ""Collier REBOUND (Off:0 Def:2)"", ""url"": ""https://videos.nba.com/wnba/pbp/media/2024/09/10/1022400212/48/1f8646d6-307d-e29a-59e2-f6fc289b35e2_960x540.mp4""}]",False,possessions,4Q/OT | margin -3..3 | 300..120,team
wnba,wnba_shot_pace,shot_pace,possessions,get-possessions,2024,Regular Season,team,"{'OffDef': 'Offense', 'FilterComparison': 'Exactly', 'FilterEvent': 'OnFloor', 'FilterValue': 5, 'StartType': 'All', 'Season': '2024', 'SeasonType': 'Regular Season', 'TeamId': '1611661330'}",shot_pace,1611661330,4Q/OT | margin -3..3 | 300..120,get-possessions__possessions__off_def-Offense__filter_comparison-Exactly__filter_event-OnFloor__filter_value-5__start_type-All__season-2024__season_type-Regular_Season__team_id-1611661330__d64e970c,get-possessions,https://api.pbpstats.com/get-possessions/wnba?OffDef=Offense&FilterComparison=Exactly&FilterEvent=OnFloor&FilterValue=5&StartType=All&Season=2024&SeasonType=Regular+Season&TeamId=1611661330,200,373,06:07,"MISS Charles 4' Running Layup: Carleton BLOCK (1 BLK)
DREAM Rebound
Hillmon Out of Bounds - Bad Pass Turnover Turnover (P2.T3)
",1,0,0,0,2024-09-10,1022400212,0,1,MIN,1,0,2,06:13,Off Steal,1,"[{""description"": ""MISS Charles 4' Running Layup: Carleton BLOCK (1 BLK)"", ""url"": ""https://videos.nba.com/wnba/pbp/media/2024/09/10/1022400212/41/281a7624-c395-0238-efb6-96badf909467_960x540.mp4""}, {""description"": ""DREAM Rebound"", ""url"": """"}, {""description"": ""Hillmon Out of Bounds - Bad Pass Turnover Turnover (P2.T3)"", ""url"": ""https://videos.nba.com/wnba/pbp/media/2024/09/10/1022400212/45/a1546411-44bd-b4d9-6b86-377d1f52f22b_960x540.mp4""}]",False,possessions,4Q/OT | margin -3..3 | 300..120,team
wnba,wnba_shot_pace,shot_pace,possessions,get-possessions,2024,Regular Season,team,"{'OffDef': 'Offense', 'FilterComparison': 'Exactly', 'FilterEvent': 'OnFloor', 'FilterValue': 5, 'StartType': 'All', 'Season': '2024', 'SeasonType': 'Regular Season', 'TeamId': '1611661330'}",shot_pace,1611661330,4Q/OT | margin -3..3 | 300..120,get-possessions__possessions__off_def-Offense__filter_comparison-Exactly__filter_event-OnFloor__filter_value-5__start_type-All__season-2024__season_type-Regular_Season__team_id-1611661330__d64e970c,get-possessions,https://api.pbpstats.com/get-possessions/wnba?OffDef=Offense&FilterComparison=Exactly&FilterEvent=OnFloor&FilterValue=5&StartType=All&Season=2024&SeasonType=Regular+Season&TeamId=1611661330,200,374,06:34,"Howard 25' 3PT Jump Shot (3 PTS) (Canada 1 AST)
",0,0,1,1,2024-09-10,1022400212,0,0,MIN,1,0,-1,06:38,Off At Rim Miss,0,"[{""description"": ""Howard 25' 3PT Jump Shot (3 PTS) (Canada 1 AST)"", ""url"": ""https://videos.nba.com/wnba/pbp/media/2024/09/10/1022400212/37/747537be-be0b-e100-72b4-e3caae839168_960x540.mp4""}]",False,possessions,4Q/OT | margin -3..3 | 300..120,team
wnba,wnba_shot_pace,shot_pace,possessions,get-possessions,2024,Regular Season,team,"{'OffDef': 'Offense', 'FilterComparison': 'Exactly', 'FilterEvent': 'OnFloor', 'FilterValue': 5, 'StartType': 'All', 'Season': '2024', 'SeasonType': 'Regular Season', 'TeamId': '1611661330'}",shot_pace,1611661330,4Q/OT | margin -3..3 | 300..120,get-possessions__possessions__off_def-Offense__filter_comparison-Exactly__filter_event-OnFloor__filter_value-5__start_type-All__season-2024__season_type-Regular_Season__team_id-1611661330__d64e970c,get-possessions,https://api.pbpstats.com/get-possessions/wnba?OffDef=Offense&FilterComparison=Exactly&FilterEvent=OnFloor&FilterValue=5&StartType=All&Season=2024&SeasonType=Regular+Season&TeamId=1611661330,200,375,06:59,"MISS Howard 9' Pullup Jump Shot
DREAM Rebound
Williams L.B.FOUL (P1.T1)
Canada 24' 3PT Pullup Jump Shot (3 PTS) (Hillmon 1 AST)
",1,0,1,1,2024-09-10,1022400212,0,1,MIN,1,0,-4,07:29,Off At Rim Make,0,"[{""description"": ""MISS Howard 9' Pullup Jump Shot"", ""url"": ""https://videos.nba.com/wnba/pbp/media/2024/09/10/1022400212/29/c09af7eb-0cfb-30a7-889c-6b8655f05955_960x540.mp4""}, {""description"": ""DREAM Rebound"", ""url"": """"}, {""description"": ""Williams L.B.FOUL (P1.T1)"", ""url"": """"}, {""description"": ""Canada 24' 3PT Pullup Jump Shot (3 PTS) (Hillmon 1 AST)"", ""url"": ""https://videos.nba.com/wnba/pbp/media/2024/09/10/1022400212/33/9754c31e-623b-a8d1-4eeb-1a0eb694a429_960x540.mp4""}]",False,possessions,4Q/OT | margin -3..3 | 300..120,team
wnba,wnba_shot_pace,shot_pace,possessions,get-possessions,2024,Regular Season,team,"{'OffDef': 'Offense', 'FilterComparison': 'Exactly', 'FilterEvent': 'OnFloor', 'FilterValue': 5, 'StartType': 'All', 'Season': '2024', 'SeasonType': 'Regular Season', 'TeamId': '1611661330'}",shot_pace,1611661330,4Q/OT | margin -3..3 | 300..120,get-possessions__possessions__off_def-Offense__filter_comparison-Exactly__filter_event-OnFloor__filter_value-5__start_type-All__season-2024__season_type-Regular_Season__team_id-1611661330__d64e970c,get-possessions,https://api.pbpstats.com/get-possessions/wnba?OffDef=Offense&FilterComparison=Exactly&FilterEvent=OnFloor&FilterValue=5&StartType=All&Season=2024&SeasonType=Regular+Season&TeamId=1611661330,200,376,07:44,"MISS Gray 24' 3PT Jump Shot
Williams REBOUND (Off:0 Def:1)
",0,0,1,0,2024-09-10,1022400212,0,0,MIN,1,0,-2,07:58,Off Short Mid-Range Miss,0,"[{""description"": ""MISS Gray 24' 3PT Jump Shot"", ""url"": ""https://videos.nba.com/wnba/pbp/media/2024/09/10/1022400212/25/6d4c090c-7eac-0bb9-9231-bed462ada30e_960x540.mp4""}, {""description"": ""Williams REBOUND (Off:0 Def:1)"", ""url"": ""https://videos.nba.com/wnba/pbp/media/2024/09/10/1022400212/26/3025a4ad-e266-02c8-db10-ec51309480f6_960x540.mp4""}]",False,possessions,4Q/OT | margin -3..3 | 300..120,team
wnba,wnba_shot_pace,shot_pace,possessions,get-possessions,2024,Regular Season,team,"{'OffDef': 'Offense', 'FilterComparison': 'Exactly', 'FilterEvent': 'OnFloor', 'FilterValue': 5, 'StartType': 'All', 'Season': '2024', 'SeasonType': 'Regular Season', 'TeamId': '1611661330'}",shot_pace,1611661330,4Q/OT | margin -3..3 | 300..120,get-possessions__possessions__off_def-Offense__filter_comparison-Exactly__filter_event-OnFloor__filter_value-5__start_type-All__season-2024__season_type-Regular_Season__team_id-1611661330__d64e970c,get-possessions,https://api.pbpstats.com/get-possessions/wnba?OffDef=Offense&FilterComparison=Exactly&FilterEvent=OnFloor&FilterValue=5&StartType=All&Season=2024&SeasonType=Regular+Season&TeamId=1611661330,200,377,08:05,"Hillmon Bad Pass Turnover (P1.T2): Collier STEAL (2 STL)
",0,0,0,0,2024-09-10,1022400212,0,0,MIN,1,0,-2,08:20,Off At Rim Make,1,"[{""description"": ""Hillmon Bad Pass Turnover (P1.T2): Collier STEAL (2 STL)"", ""url"": ""https://videos.nba.com/wnba/pbp/media/2024/09/10/1022400212/18/b8806445-69e3-4a23-c5b5-9864eae4ffaa_960x540.mp4""}]",False,possessions,4Q/OT | margin -3..3 | 300..120,team
wnba,wnba_shot_pace,shot_pace,possessions,get-possessions,2024,Regular Season,team,"{'OffDef': 'Offense', 'FilterComparison': 'Exactly', 'FilterEvent': 'OnFloor', 'FilterValue': 5, 'StartType': 'All', 'Season': '2024', 'SeasonType': 'Regular Season', 'TeamId': '1611661330'}",shot_pace,1611661330,4Q/OT | margin -3..3 | 300..120,get-possessions__possessions__off_def-Offense__filter_comparison-Exactly__filter_event-OnFloor__filter_value-5__start_type-All__season-2024__season_type-Regular_Season__team_id-1611661330__d64e970c,get-possessions,https://api.pbpstats.com/get-possessions/wnba?OffDef=Offense&FilterComparison=Exactly&FilterEvent=OnFloor&FilterValue=5&StartType=All&Season=2024&SeasonType=Regular+Season&TeamId=1611661330,200,378,08:24,"Canada Bad Pass Turnover (P1.T1): Collier STEAL (1 STL)
",0,0,0,0,2024-09-10,1022400212,0,0,MIN,1,0,0,08:30,Off Short Mid-Range Miss,1,"[{""description"": ""Canada Bad Pass Turnover (P1.T1): Collier STEAL (1 STL)"", ""url"": ""https://videos.nba.com/wnba/pbp/media/2024/09/10/1022400212/14/213d7686-33b7-a95d-fdcd-ee65ce39201d_960x540.mp4""}]",False,possessions,4Q/OT | margin -3..3 | 300..120,team
wnba,wnba_shot_pace,shot_pace,possessions,get-possessions,2024,Regular Season,team,"{'OffDef': 'Offense', 'FilterComparison': 'Exactly', 'FilterEvent': 'OnFloor', 'FilterValue': 5, 'StartType': 'All', 'Season': '2024', 'SeasonType': 'Regular Season', 'TeamId': '1611661330'}",shot_pace,1611661330,4Q/OT | margin -3..3 | 300..120,get-possessions__possessions__off_def-Offense__filter_comparison-Exactly__filter_event-OnFloor__filter_value-5__start_type-All__season-2024__season_type-Regular_Season__team_id-1611661330__d64e970c,get-possessions,https://api.pbpstats.com/get-possessions/wnba?OffDef=Offense&FilterComparison=Exactly&FilterEvent=OnFloor&FilterValue=5&StartType=All&Season=2024&SeasonType=Regular+Season&TeamId=1611661330,200,379,08:48,"MISS Howard 24' 3PT Pullup Jump Shot
Smith REBOUND (Off:0 Def:1)
",0,0,1,0,2024-09-10,1022400212,0,0,MIN,1,0,0,09:10,Off Dead Ball,0,"[{""description"": ""MISS Howard 24' 3PT Pullup Jump Shot"", ""url"": ""https://videos.nba.com/wnba/pbp/media/2024/09/10/1022400212/10/ab6123e1-1951-f162-fe37-3646232a3f9c_960x540.mp4""}, {""description"": ""Smith REBOUND (Off:0 Def:1)"", ""url"": ""https://videos.nba.com/wnba/pbp/media/2024/09/10/1022400212/11/2f668083-8b53-d097-213a-ff2981df7ae7_960x540.mp4""}]",False,possessions,4Q/OT | margin -3..3 | 300..120,team
wnba,wnba_shot_pace,shot_pace,possessions,get-possessions,2024,Regular Season,team,"{'OffDef': 'Offense', 'FilterComparison': 'Exactly', 'FilterEvent': 'OnFloor', 'FilterValue': 5, 'StartType': 'All', 'Season': '2024', 'SeasonType': 'Regular Season', 'TeamId': '1611661330'}",shot_pace,1611661330,4Q/OT | margin -3..3 | 300..120,get-possessions__possessions__off_def-Offense__filter_comparison-Exactly__filter_event-OnFloor__filter_value-5__start_type-All__season-2024__season_type-Regular_Season__team_id-1611661330__d64e970c,get-possessions,https://api.pbpstats.com/get-possessions/wnba?OffDef=Offense&FilterComparison=Exactly&FilterEvent=OnFloor&FilterValue=5&StartType=All&Season=2024&SeasonType=Regular+Season&TeamId=1611661330,200,380,09:31,"MISS Canada 24' 3PT Jump Shot
Collier REBOUND (Off:0 Def:1)
",0,0,1,0,2024-09-10,1022400212,0,0,MIN,1,0,0,10:00,Off Dead Ball,0,"[{""description"": ""MISS Canada 24' 3PT Jump Shot"", ""url"": ""https://videos.nba.com/wnba/pbp/media/2024/09/10/1022400212/7/1000b637-cb75-6e72-56ab-748157abb311_960x540.mp4""}, {""description"": ""Collier REBOUND (Off:0 Def:1)"", ""url"": ""https://videos.nba.com/wnba/pbp/media/2024/09/10/1022400212/8/92946336-fc61-c264-21f5-7703f1540939_960x540.mp4""}]",False,possessions,4Q/OT | margin -3..3 | 300..120,team
wnba,wnba_shot_pace,shot_pace,possessions,get-possessions,2024,Regular Season,team,"{'OffDef': 'Offense', 'FilterComparison': 'Exactly', 'FilterEvent': 'OnFloor', 'FilterValue': 5, 'StartType': 'All', 'Season': '2024', 'SeasonType': 'Regular Season', 'TeamId': '1611661330'}",shot_pace,1611661330,4Q/OT | margin -3..3 | 300..120,get-possessions__possessions__off_def-Offense__filter_comparison-Exactly__filter_event-OnFloor__filter_value-5__start_type-All__season-2024__season_type-Regular_Season__team_id-1611661330__d64e970c,get-possessions,https://api.pbpstats.com/get-possessions/wnba?OffDef=Offense&FilterComparison=Exactly&FilterEvent=OnFloor&FilterValue=5&StartType=All&Season=2024&SeasonType=Regular+Season&TeamId=1611661330,200,381,00:00,"MISS Canada 33' 3PT Pullup Jump Shot
Gray REBOUND (Off:3 Def:2)
",0,0,1,0,2024-09-08,1022400208,0,1,IND,5,0,-4,00:04,Off FT Make,0,"[{""description"": ""MISS Canada 33' 3PT Pullup Jump Shot"", ""url"": ""https://videos.nba.com/wnba/pbp/media/2024/09/08/1022400208/612/74c754dd-6a54-8b16-5196-c965e58ba91d_960x540.mp4""}, {""description"": ""Gray REBOUND (Off:3 Def:2)"", ""url"": ""https://videos.nba.com/wnba/pbp/media/2024/09/08/1022400208/613/0ad76b1e-e904-d9a2-1e3a-06fbc7da3ec7_960x540.mp4""}]",False,possessions,4Q/OT | margin -3..3 | 300..120,team
wnba,wnba_shot_pace,shot_pace,possessions,get-possessions,2024,Regular Season,team,"{'OffDef': 'Offense', 'FilterComparison': 'Exactly', 'FilterEvent': 'OnFloor', 'FilterValue': 5, 'StartType': 'All', 'Season': '2024', 'SeasonType': 'Regular Season', 'TeamId': '1611661330'}",shot_pace,1611661330,4Q/OT | margin -3..3 | 300..120,get-possessions__possessions__off_def-Offense__filter_comparison-Exactly__filter_event-OnFloor__filter_value-5__start_type-All__season-2024__season_type-Regular_Season__team_id-1611661330__d64e970c,get-possessions,https://api.pbpstats.com/get-possessions/wnba?OffDef=Offense&FilterComparison=Exactly&FilterEvent=OnFloor&FilterValue=5&StartType=All&Season=2024&SeasonType=Regular+Season&TeamId=1611661330,200,382,00:05,"Canada 4' Driving Floating Jump Shot (17 PTS)
",1,1,0,0,2024-09-08,1022400208,0,0,IND,5,0,-4,00:13,Off FT Miss,0,"[{""description"": ""Canada 4' Driving Floating Jump Shot (17 PTS)"", ""url"": ""https://videos.nba.com/wnba/pbp/media/2024/09/08/1022400208/607/4b0b33b5-eb64-0e8f-a28a-07306b02564d_960x540.mp4""}]",False,possessions,4Q/OT | margin -3..3 | 300..120,team
wnba,wnba_shot_pace,shot_pace,possessions,get-possessions,2024,Regular Season,team,"{'OffDef': 'Offense', 'FilterComparison': 'Exactly', 'FilterEvent': 'OnFloor', 'FilterValue': 5, 'StartType': 'All', 'Season': '2024', 'SeasonType': 'Regular Season', 'TeamId': '1611661330'}",shot_pace,1611661330,4Q/OT | margin -3..3 | 300..120,get-possessions__possessions__off_def-Offense__filter_comparison-Exactly__filter_event-OnFloor__filter_value-5__start_type-All__season-2024__season_type-Regular_Season__team_id-1611661330__d64e970c,get-possessions,https://api.pbpstats.com/get-possessions/wnba?OffDef=Offense&FilterComparison=Exactly&FilterEvent=OnFloor&FilterValue=5&StartType=All&Season=2024&SeasonType=Regular+Season&TeamId=1611661330,200,383,00:14,"MISS Howard 12' Driving Floating Bank Jump Shot
Howard REBOUND (Off:3 Def:1)
Hull STEAL (1 STL): Howard Lost Ball Turnover (P4.T8)
",1,0,0,0,2024-09-08,1022400208,0,1,IND,5,0,-4,00:23,Off Timeout,1,"[{""description"": ""MISS Howard 12' Driving Floating Bank Jump Shot"", ""url"": ""https://videos.nba.com/wnba/pbp/media/2024/09/08/1022400208/597/4a1ebf76-24aa-469d-73bc-74c9a6512822_960x540.mp4""}, {""description"": ""Howard REBOUND (Off:3 Def:1)"", ""url"": ""https://videos.nba.com/wnba/pbp/media/2024/09/08/1022400208/598/9cf90791-410f-dcb5-7d04-2330f790a113_960x540.mp4""}, {""description"": ""Hull STEAL (1 STL): Howard Lost Ball Turnover (P4.T8)"", ""url"": ""https://videos.nba.com/wnba/pbp/media/2024/09/08/1022400208/599/dc666837-0184-d670-5a5d-09969825de88_960x540.mp4""}]",False,possessions,4Q/OT | margin -3..3 | 300..120,team
wnba,wnba_shot_pace,shot_pace,possessions,get-possessions,2024,Regular Season,team,"{'OffDef': 'Offense', 'FilterComparison': 'Exactly', 'FilterEvent': 'OnFloor', 'FilterValue': 5, 'StartType': 'All', 'Season': '2024', 'SeasonType': 'Regular Season', 'TeamId': '1611661330'}",shot_pace,1611661330,4Q/OT | margin -3..3 | 300..120,get-possessions__possessions__off_def-Offense__filter_comparison-Exactly__filter_event-OnFloor__filter_value-5__start_type-All__season-2024__season_type-Regular_Season__team_id-1611661330__d64e970c,get-possessions,https://api.pbpstats.com/get-possessions/wnba?OffDef=Offense&FilterComparison=Exactly&FilterEvent=OnFloor&FilterValue=5&StartType=All&Season=2024&SeasonType=Regular+Season&TeamId=1611661330,200,384,00:29,"MISS Charles 12' Jump Shot
FEVER Rebound
",1,0,0,0,2024-09-08,1022400208,0,0,IND,5,0,-2,00:33,Off Timeout,0,"[{""description"": ""MISS Charles 12' Jump Shot"", ""url"": ""https://videos.nba.com/wnba/pbp/media/2024/09/08/1022400208/582/3d62f4f2-63ef-5dca-c0c3-2ae9371e7c50_960x540.mp4""}, {""description"": ""FEVER Rebound"", ""url"": """"}]",False,possessions,4Q/OT | margin -3..3 | 300..120,team
wnba,wnba_shot_pace,shot_pace,possessions,get-possessions,2024,Regular Season,team,"{'OffDef': 'Offense', 'FilterComparison': 'Exactly', 'FilterEvent': 'OnFloor', 'FilterValue': 5, 'StartType': 'All', 'Season': '2024', 'SeasonType': 'Regular Season', 'TeamId': '1611661330'}",shot_pace,1611661330,4Q/OT | margin -3..3 | 300..120,get-possessions__possessions__off_def-Offense__filter_comparison-Exactly__filter_event-OnFloor__filter_value-5__start_type-All__season-2024__season_type-Regular_Season__team_id-1611661330__d64e970c,get-possessions,https://api.pbpstats.com/get-possessions/wnba?OffDef=Offense&FilterComparison=Exactly&FilterEvent=OnFloor&FilterValue=5&StartType=All&Season=2024&SeasonType=Regular+Season&TeamId=1611661330,200,385,00:57,"MISS Howard 14' Turnaround Fadeaway Shot
Mitchell REBOUND (Off:0 Def:4)
",1,0,0,0,2024-09-08,1022400208,0,0,IND,5,0,-2,01:03,Off Timeout,0,"[{""description"": ""MISS Howard 14' Turnaround Fadeaway Shot"", ""url"": ""https://videos.nba.com/wnba/pbp/media/2024/09/08/1022400208/578/fca20ea4-395f-a331-7b4f-92385bc04cd6_960x540.mp4""}, {""description"": ""Mitchell REBOUND (Off:0 Def:4)"", ""url"": ""https://videos.nba.com/wnba/pbp/media/2024/09/08/1022400208/579/fdc28754-31ce-381e-51f5-dc957a146fb2_960x540.mp4""}]",False,possessions,4Q/OT | margin -3..3 | 300..120,team
wnba,wnba_shot_pace,shot_pace,possessions,get-possessions,2024,Regular Season,team,"{'OffDef': 'Offense', 'FilterComparison': 'Exactly', 'FilterEvent': 'OnFloor', 'FilterValue': 5, 'StartType': 'All', 'Season': '2024', 'SeasonType': 'Regular Season', 'TeamId': '1611661330'}",shot_pace,1611661330,4Q/OT | margin -3..3 | 300..120,get-possessions__possessions__off_def-Offense__filter_comparison-Exactly__filter_event-OnFloor__filter_value-5__start_type-All__season-2024__season_type-Regular_Season__team_id-1611661330__d64e970c,get-possessions,https://api.pbpstats.com/get-possessions/wnba?OffDef=Offense&FilterComparison=Exactly&FilterEvent=OnFloor&FilterValue=5&StartType=All&Season=2024&SeasonType=Regular+Season&TeamId=1611661330,200,386,01:12,"MISS Charles 28' 3PT Jump Shot
Clark REBOUND (Off:0 Def:5)
",0,0,1,0,2024-09-08,1022400208,0,0,IND,5,0,0,01:39,Off At Rim Make,0,"[{""description"": ""MISS Charles 28' 3PT Jump Shot"", ""url"": ""https://videos.nba.com/wnba/pbp/media/2024/09/08/1022400208/567/535de336-6634-a093-fdf4-5b1de8f67165_960x540.mp4""}, {""description"": ""Clark REBOUND (Off:0 Def:5)"", ""url"": ""https://videos.nba.com/wnba/pbp/media/2024/09/08/1022400208/568/e5eaafb7-f943-f48b-3e4b-1053b33c3a2b_960x540.mp4""}]",False,possessions,4Q/OT | margin -3..3 | 300..120,team
wnba,wnba_shot_pace,shot_pace,possessions,get-possessions,2024,Regular Season,team,"{'OffDef': 'Offense', 'FilterComparison': 'Exactly', 'FilterEvent': 'OnFloor', 'FilterValue': 5, 'StartType': 'All', 'Season': '2024', 'SeasonType': 'Regular Season', 'TeamId': '1611661330'}",shot_pace,1611661330,4Q/OT | margin -3..3 | 300..120,get-possessions__possessions__off_def-Offense__filter_comparison-Exactly__filter_event-OnFloor__filter_value-5__start_type-All__season-2024__season_type-Regular_Season__team_id-1611661330__d64e970c,get-possessions,https://api.pbpstats.com/get-possessions/wnba?OffDef=Offense&FilterComparison=Exactly&FilterEvent=OnFloor&FilterValue=5&StartType=All&Season=2024&SeasonType=Regular+Season&TeamId=1611661330,200,387,01:53,"Howard 11' Turnaround Jump Shot (36 PTS)
",1,1,0,0,2024-09-08,1022400208,0,0,IND,5,0,0,02:08,Off Dead Ball,0,"[{""description"": ""Howard 11' Turnaround Jump Shot (36 PTS)"", ""url"": ""https://videos.nba.com/wnba/pbp/media/2024/09/08/1022400208/563/7f12a685-00ed-a9ef-2e26-43d5b5b630d7_960x540.mp4""}]",False,possessions,4Q/OT | margin -3..3 | 300..120,team
wnba,wnba_shot_pace,shot_pace,possessions,get-possessions,2024,Regular Season,team,"{'OffDef': 'Offense', 'FilterComparison': 'Exactly', 'FilterEvent': 'OnFloor', 'FilterValue': 5, 'StartType': 'All', 'Season': '2024', 'SeasonType': 'Regular Season', 'TeamId': '1611661330'}",shot_pace,1611661330,4Q/OT | margin -3..3 | 300..120,get-possessions__possessions__off_def-Offense__filter_comparison-Exactly__filter_event-OnFloor__filter_value-5__start_type-All__season-2024__season_type-Regular_Season__team_id-1611661330__d64e970c,get-possessions,https://api.pbpstats.com/get-possessions/wnba?OffDef=Offense&FilterComparison=Exactly&FilterEvent=OnFloor&FilterValue=5&StartType=All&Season=2024&SeasonType=Regular+Season&TeamId=1611661330,200,388,02:28,"Canada 4' Driving Floating Bank Jump Shot (15 PTS) (Howard 5 AST)
",1,1,0,0,2024-09-08,1022400208,0,0,IND,5,0,-2,02:47,Off Long Mid-Range Make,0,"[{""description"": ""Canada 4' Driving Floating Bank Jump Shot (15 PTS) (Howard 5 AST)"", ""url"": ""https://videos.nba.com/wnba/pbp/media/2024/09/08/1022400208/554/def415be-3b34-7bae-82f9-b2f1689e8790_960x540.mp4""}]",False,possessions,4Q/OT | margin -3..3 | 300..120,team
wnba,wnba_shot_pace,shot_pace,possessions,get-possessions,2024,Regular Season,team,"{'OffDef': 'Offense', 'FilterComparison': 'Exactly', 'FilterEvent': 'OnFloor', 'FilterValue': 5, 'StartType': 'All', 'Season': '2024', 'SeasonType': 'Regular Season', 'TeamId': '1611661330'}",shot_pace,1611661330,4Q/OT | margin -3..3 | 300..120,get-possessions__possessions__off_def-Offense__filter_comparison-Exactly__filter_event-OnFloor__filter_value-5__start_type-All__season-2024__season_type-Regular_Season__team_id-1611661330__d64e970c,get-possessions,https://api.pbpstats.com/get-possessions/wnba?OffDef=Offense&FilterComparison=Exactly&FilterEvent=OnFloor&FilterValue=5&StartType=All&Season=2024&SeasonType=Regular+Season&TeamId=1611661330,200,389,03:07,"Boston S.FOUL (P2.T1)
MISS Howard Free Throw 1 of 2
Dream Rebound
MISS Howard Free Throw 2 of 2
Fagbenle REBOUND (Off:1 Def:3)
",0,0,0,0,2024-09-08,1022400208,0,0,IND,5,1,0,03:12,Off Steal,0,"[{""description"": ""Boston S.FOUL (P2.T1)"", ""url"": """"}, {""description"": ""MISS Howard Free Throw 1 of 2"", ""url"": """"}, {""description"": ""Dream Rebound"", ""url"": """"}, {""description"": ""MISS Howard Free Throw 2 of 2"", ""url"": """"}, {""description"": ""Fagbenle REBOUND (Off:1 Def:3)"", ""url"": ""https://videos.nba.com/wnba/pbp/media/2024/09/08/1022400208/551/a10da230-40e0-0084-4a90-556024eb8aae_960x540.mp4""}]",False,possessions,4Q/OT | margin -3..3 | 300..120,team
wnba,wnba_shot_pace,shot_pace,possessions,get-possessions,2024,Regular Season,team,"{'OffDef': 'Offense', 'FilterComparison': 'Exactly', 'FilterEvent': 'OnFloor', 'FilterValue': 5, 'StartType': 'All', 'Season': '2024', 'SeasonType': 'Regular Season', 'TeamId': '1611661330'}",shot_pace,1611661330,4Q/OT | margin -3..3 | 300..120,get-possessions__possessions__off_def-Offense__filter_comparison-Exactly__filter_event-OnFloor__filter_value-5__start_type-All__season-2024__season_type-Regular_Season__team_id-1611661330__d64e970c,get-possessions,https://api.pbpstats.com/get-possessions/wnba?OffDef=Offense&FilterComparison=Exactly&FilterEvent=OnFloor&FilterValue=5&StartType=All&Season=2024&SeasonType=Regular+Season&TeamId=1611661330,200,390,03:19,"Howard 8' Pullup Jump Shot (34 PTS)
",1,1,0,0,2024-09-08,1022400208,0,0,IND,5,0,-2,03:43,Off Short Mid-Range Make,0,"[{""description"": ""Howard 8' Pullup Jump Shot (34 PTS)"", ""url"": ""https://videos.nba.com/wnba/pbp/media/2024/09/08/1022400208/541/8fa97917-9a37-12a5-95a3-fb621623d47b_960x540.mp4""}]",False,possessions,4Q/OT | margin -3..3 | 300..120,team
wnba,wnba_shot_pace,shot_pace,possessions,get-possessions,2024,Regular Season,team,"{'OffDef': 'Offense', 'FilterComparison': 'Exactly', 'FilterEvent': 'OnFloor', 'FilterValue': 5, 'StartType': 'All', 'Season': '2024', 'SeasonType': 'Regular Season', 'TeamId': '1611661330'}",shot_pace,1611661330,4Q/OT | margin -3..3 | 300..120,get-possessions__possessions__off_def-Offense__filter_comparison-Exactly__filter_event-OnFloor__filter_value-5__start_type-All__season-2024__season_type-Regular_Season__team_id-1611661330__d64e970c,get-possessions,https://api.pbpstats.com/get-possessions/wnba?OffDef=Offense&FilterComparison=Exactly&FilterEvent=OnFloor&FilterValue=5&StartType=All&Season=2024&SeasonType=Regular+Season&TeamId=1611661330,200,391,04:04,"Gray 2' Running Layup (15 PTS) (Canada 5 AST)
",1,1,0,0,2024-09-08,1022400208,0,0,IND,5,0,-2,04:07,Off Arc 3 Miss,0,"[{""description"": ""Gray 2' Running Layup (15 PTS) (Canada 5 AST)"", ""url"": ""https://videos.nba.com/wnba/pbp/media/2024/09/08/1022400208/537/662f4ed8-80e6-060e-1dd4-5cd09c0f624a_960x540.mp4""}]",False,possessions,4Q/OT | margin -3..3 | 300..120,team
wnba,wnba_shot_pace,shot_pace,possessions,get-possessions,2024,Regular Season,team,"{'OffDef': 'Offense', 'FilterComparison': 'Exactly', 'FilterEvent': 'OnFloor', 'FilterValue': 5, 'StartType': 'All', 'Season': '2024', 'SeasonType': 'Regular Season', 'TeamId': '1611661330'}",shot_pace,1611661330,4Q/OT | margin -3..3 | 300..120,get-possessions__possessions__off_def-Offense__filter_comparison-Exactly__filter_event-OnFloor__filter_value-5__start_type-All__season-2024__season_type-Regular_Season__team_id-1611661330__d64e970c,get-possessions,https://api.pbpstats.com/get-possessions/wnba?OffDef=Offense&FilterComparison=Exactly&FilterEvent=OnFloor&FilterValue=5&StartType=All&Season=2024&SeasonType=Regular+Season&TeamId=1611661330,200,392,04:19,"MISS Canada 29' 3PT Jump Shot
Boston REBOUND (Off:2 Def:10)
",0,0,1,0,2024-09-08,1022400208,0,0,IND,5,0,-2,04:50,Off Long Mid-Range Make,0,"[{""description"": ""MISS Canada 29' 3PT Jump Shot"", ""url"": ""https://videos.nba.com/wnba/pbp/media/2024/09/08/1022400208/533/2430e890-f5c2-0660-d875-20021863425b_960x540.mp4""}, {""description"": ""Boston REBOUND (Off:2 Def:10)"", ""url"": ""https://videos.nba.com/wnba/pbp/media/2024/09/08/1022400208/534/0f35795e-4e91-5b86-d1d4-82e28296207a_960x540.mp4""}]",False,possessions,4Q/OT | margin -3..3 | 300..120,team
wnba,wnba_shot_pace,shot_pace,possessions,get-possessions,2024,Regular Season,team,"{'OffDef': 'Offense', 'FilterComparison': 'Exactly', 'FilterEvent': 'OnFloor', 'FilterValue': 5, 'StartType': 'All', 'Season': '2024', 'SeasonType': 'Regular Season', 'TeamId': '1611661330'}",shot_pace,1611661330,4Q/OT | margin -3..3 | 300..120,get-possessions__possessions__off_def-Offense__filter_comparison-Exactly__filter_event-OnFloor__filter_value-5__start_type-All__season-2024__season_type-Regular_Season__team_id-1611661330__d64e970c,get-possessions,https://api.pbpstats.com/get-possessions/wnba?OffDef=Offense&FilterComparison=Exactly&FilterEvent=OnFloor&FilterValue=5&StartType=All&Season=2024&SeasonType=Regular+Season&TeamId=1611661330,200,393,00:00,"Fagbenle BLOCK (2 BLK): MISS Hillmon 1' Driving Layup
Dream Rebound
MISS Gray 16' Jump Shot
Dream Rebound
",2,0,0,0,2024-09-08,1022400208,0,1,IND,4,0,0,00:18,Off Timeout,0,"[{""description"": ""Fagbenle BLOCK (2 BLK): MISS Hillmon 1' Driving Layup"", ""url"": ""https://videos.nba.com/wnba/pbp/media/2024/09/08/1022400208/518/5d782d4e-3d3d-59fe-38de-ffb8da3ad585_960x540.mp4""}, {""description"": ""Dream Rebound"", ""url"": """"}, {""description"": ""MISS Gray 16' Jump Shot"", ""url"": ""https://videos.nba.com/wnba/pbp/media/2024/09/08/1022400208/522/27024560-5975-058e-657a-d5fb23f90407_960x540.mp4""}, {""description"": ""Dream Rebound"", ""url"": """"}]",False,possessions,4Q/OT | margin -3..3 | 300..120,team
wnba,wnba_shot_pace,shot_pace,possessions,get-possessions,2024,Regular Season,team,"{'OffDef': 'Offense', 'FilterComparison': 'Exactly', 'FilterEvent': 'OnFloor', 'FilterValue': 5, 'StartType': 'All', 'Season': '2024', 'SeasonType': 'Regular Season', 'TeamId': '1611661330'}",shot_pace,1611661330,4Q/OT | margin -3..3 | 300..120,get-possessions__possessions__off_def-Offense__filter_comparison-Exactly__filter_event-OnFloor__filter_value-5__start_type-All__season-2024__season_type-Regular_Season__team_id-1611661330__d64e970c,get-possessions,https://api.pbpstats.com/get-possessions/wnba?OffDef=Offense&FilterComparison=Exactly&FilterEvent=OnFloor&FilterValue=5&StartType=All&Season=2024&SeasonType=Regular+Season&TeamId=1611661330,200,394,00:27,"Fagbenle S.FOUL (P4.T4)
Howard Free Throw 1 of 2 (31 PTS)
Howard Free Throw 2 of 2 (32 PTS)
",0,0,0,0,2024-09-08,1022400208,0,0,IND,4,1,0,00:49,Off Timeout,0,"[{""description"": ""Fagbenle S.FOUL (P4.T4)"", ""url"": """"}, {""description"": ""Howard Free Throw 1 of 2 (31 PTS)"", ""url"": """"}, {""description"": ""Howard Free Throw 2 of 2 (32 PTS)"", ""url"": """"}]",False,possessions,4Q/OT | margin -3..3 | 300..120,team
wnba,wnba_shot_pace,shot_pace,possessions,get-possessions,2024,Regular Season,team,"{'OffDef': 'Offense', 'FilterComparison': 'Exactly', 'FilterEvent': 'OnFloor', 'FilterValue': 5, 'StartType': 'All', 'Season': '2024', 'SeasonType': 'Regular Season', 'TeamId': '1611661330'}",shot_pace,1611661330,4Q/OT | margin -3..3 | 300..120,get-possessions__possessions__off_def-Offense__filter_comparison-Exactly__filter_event-OnFloor__filter_value-5__start_type-All__season-2024__season_type-Regular_Season__team_id-1611661330__d64e970c,get-possessions,https://api.pbpstats.com/get-possessions/wnba?OffDef=Offense&FilterComparison=Exactly&FilterEvent=OnFloor&FilterValue=5&StartType=All&Season=2024&SeasonType=Regular+Season&TeamId=1611661330,200,395,01:06,"MISS Howard 25' 3PT Pullup Jump Shot
Mitchell REBOUND (Off:0 Def:3)
",0,0,1,0,2024-09-08,1022400208,0,0,IND,4,0,0,01:28,Off At Rim Make,0,"[{""description"": ""MISS Howard 25' 3PT Pullup Jump Shot"", ""url"": ""https://videos.nba.com/wnba/pbp/media/2024/09/08/1022400208/498/f8959b4e-166a-6905-8a64-60e50147f6ac_960x540.mp4""}, {""description"": ""Mitchell REBOUND (Off:0 Def:3)"", ""url"": ""https://videos.nba.com/wnba/pbp/media/2024/09/08/1022400208/499/6f27ccbf-5301-e972-b2e4-985ff5f2fb23_960x540.mp4""}]",False,possessions,4Q/OT | margin -3..3 | 300..120,team
wnba,wnba_shot_pace,shot_pace,possessions,get-possessions,2024,Regular Season,team,"{'OffDef': 'Offense', 'FilterComparison': 'Exactly', 'FilterEvent': 'OnFloor', 'FilterValue': 5, 'StartType': 'All', 'Season': '2024', 'SeasonType': 'Regular Season', 'TeamId': '1611661330'}",shot_pace,1611661330,4Q/OT | margin -3..3 | 300..120,get-possessions__possessions__off_def-Offense__filter_comparison-Exactly__filter_event-OnFloor__filter_value-5__start_type-All__season-2024__season_type-Regular_Season__team_id-1611661330__d64e970c,get-possessions,https://api.pbpstats.com/get-possessions/wnba?OffDef=Offense&FilterComparison=Exactly&FilterEvent=OnFloor&FilterValue=5&StartType=All&Season=2024&SeasonType=Regular+Season&TeamId=1611661330,200,396,01:32,"MISS Howard 11' Pullup Jump Shot
Howard REBOUND (Off:2 Def:1)
Canada 3' Driving Layup (13 PTS)
",2,1,0,0,2024-09-08,1022400208,0,1,IND,4,0,0,01:58,Off FT Make,0,"[{""description"": ""MISS Howard 11' Pullup Jump Shot"", ""url"": ""https://videos.nba.com/wnba/pbp/media/2024/09/08/1022400208/493/6430d11a-2e1f-d4bd-74ae-99c903ddfeef_960x540.mp4""}, {""description"": ""Howard REBOUND (Off:2 Def:1)"", ""url"": ""https://videos.nba.com/wnba/pbp/media/2024/09/08/1022400208/494/04fe8ea1-30eb-396b-d777-f755bddccdb9_960x540.mp4""}, {""description"": ""Canada 3' Driving Layup (13 PTS)"", ""url"": ""https://videos.nba.com/wnba/pbp/media/2024/09/08/1022400208/495/09cd695c-ca5a-5d3e-90de-dbceab5037b6_960x540.mp4""}]",False,possessions,4Q/OT | margin -3..3 | 300..120,team
wnba,wnba_shot_pace,shot_pace,possessions,get-possessions,2024,Regular Season,team,"{'OffDef': 'Offense', 'FilterComparison': 'Exactly', 'FilterEvent': 'OnFloor', 'FilterValue': 5, 'StartType': 'All', 'Season': '2024', 'SeasonType': 'Regular Season', 'TeamId': '1611661330'}",shot_pace,1611661330,4Q/OT | margin -3..3 | 300..120,get-possessions__possessions__off_def-Offense__filter_comparison-Exactly__filter_event-OnFloor__filter_value-5__start_type-All__season-2024__season_type-Regular_Season__team_id-1611661330__d64e970c,get-possessions,https://api.pbpstats.com/get-possessions/wnba?OffDef=Offense&FilterComparison=Exactly&FilterEvent=OnFloor&FilterValue=5&StartType=All&Season=2024&SeasonType=Regular+Season&TeamId=1611661330,200,397,02:09,"MISS Charles 15' Turnaround Jump Shot
Mitchell REBOUND (Off:0 Def:2)
",1,0,0,0,2024-09-08,1022400208,0,0,IND,4,0,2,02:30,Off At Rim Make,0,"[{""description"": ""MISS Charles 15' Turnaround Jump Shot"", ""url"": ""https://videos.nba.com/wnba/pbp/media/2024/09/08/1022400208/487/24544bbd-427c-9aea-93e4-9075b1a8ffc2_960x540.mp4""}, {""description"": ""Mitchell REBOUND (Off:0 Def:2)"", ""url"": ""https://videos.nba.com/wnba/pbp/media/2024/09/08/1022400208/488/a205bb7a-dd7b-28b5-89e0-0d95ef323a9b_960x540.mp4""}]",False,possessions,4Q/OT | margin -3..3 | 300..120,team
wnba,wnba_shot_pace,shot_pace,possessions,get-possessions,2024,Regular Season,team,"{'OffDef': 'Offense', 'FilterComparison': 'Exactly', 'FilterEvent': 'OnFloor', 'FilterValue': 5, 'StartType': 'All', 'Season': '2024', 'SeasonType': 'Regular Season', 'TeamId': '1611661330'}",shot_pace,1611661330,4Q/OT | margin -3..3 | 300..120,get-possessions__possessions__off_def-Offense__filter_comparison-Exactly__filter_event-OnFloor__filter_value-5__start_type-All__season-2024__season_type-Regular_Season__team_id-1611661330__d64e970c,get-possessions,https://api.pbpstats.com/get-possessions/wnba?OffDef=Offense&FilterComparison=Exactly&FilterEvent=OnFloor&FilterValue=5&StartType=All&Season=2024&SeasonType=Regular+Season&TeamId=1611661330,200,398,02:43,"Fagbenle STEAL (1 STL): Howard Bad Pass Turnover (P3.T7)
",0,0,0,0,2024-09-08,1022400208,0,0,IND,4,0,4,03:04,Off Dead Ball,1,"[{""description"": ""Fagbenle STEAL (1 STL): Howard Bad Pass Turnover (P3.T7)"", ""url"": ""https://videos.nba.com/wnba/pbp/media/2024/09/08/1022400208/483/d73d35f9-a861-79bb-f64c-78e73e473f98_960x540.mp4""}]",False,possessions,4Q/OT | margin -3..3 | 300..120,team
wnba,wnba_shot_pace,shot_pace,possessions,get-possessions,2024,Regular Season,team,"{'OffDef': 'Offense', 'FilterComparison': 'Exactly', 'FilterEvent': 'OnFloor', 'FilterValue': 5, 'StartType': 'All', 'Season': '2024', 'SeasonType': 'Regular Season', 'TeamId': '1611661330'}",shot_pace,1611661330,4Q/OT | margin -3..3 | 300..120,get-possessions__possessions__off_def-Offense__filter_comparison-Exactly__filter_event-OnFloor__filter_value-5__start_type-All__season-2024__season_type-Regular_Season__team_id-1611661330__d64e970c,get-possessions,https://api.pbpstats.com/get-possessions/wnba?OffDef=Offense&FilterComparison=Exactly&FilterEvent=OnFloor&FilterValue=5&StartType=All&Season=2024&SeasonType=Regular+Season&TeamId=1611661330,200,399,03:11,"MISS Howard 29' 3PT Jump Shot
Hull REBOUND (Off:2 Def:2)
",0,0,1,0,2024-09-08,1022400208,0,0,IND,4,0,4,03:34,Off Arc 3 Make,0,"[{""description"": ""MISS Howard 29' 3PT Jump Shot"", ""url"": ""https://videos.nba.com/wnba/pbp/media/2024/09/08/1022400208/477/aefe605e-c804-4cb4-1c19-7d4794c803f9_960x540.mp4""}, {""description"": ""Hull REBOUND (Off:2 Def:2)"", ""url"": ""https://videos.nba.com/wnba/pbp/media/2024/09/08/1022400208/478/4df8df30-6b23-5920-7e5d-5b7a822b5d51_960x540.mp4""}]",False,possessions,4Q/OT | margin -3..3 | 300..120,team
wnba,wnba_shot_pace,shot_pace,possessions,get-possessions,2024,Regular Season,team,"{'OffDef': 'Offense', 'FilterComparison': 'Exactly', 'FilterEvent': 'OnFloor', 'FilterValue': 5, 'StartType': 'All', 'Season': '2024', 'SeasonType': 'Regular Season', 'TeamId': '1611661330'}",shot_pace,1611661330,4Q/OT | margin -3..3 | 300..120,get-possessions__possessions__off_def-Offense__filter_comparison-Exactly__filter_event-OnFloor__filter_value-5__start_type-All__season-2024__season_type-Regular_Season__team_id-1611661330__d64e970c,get-possessions,https://api.pbpstats.com/get-possessions/wnba?OffDef=Offense&FilterComparison=Exactly&FilterEvent=OnFloor&FilterValue=5&StartType=All&Season=2024&SeasonType=Regular+Season&TeamId=1611661330,200,400,03:51,"Howard 3' Cutting Layup Shot (30 PTS) (Charles 1 AST)
",1,1,0,0,2024-09-08,1022400208,0,0,IND,4,0,5,04:13,Off At Rim Make,0,"[{""description"": ""Howard 3' Cutting Layup Shot (30 PTS) (Charles 1 AST)"", ""url"": ""https://videos.nba.com/wnba/pbp/media/2024/09/08/1022400208/473/d2df9bbe-995f-0799-32c5-eea88a443f6b_960x540.mp4""}]",False,possessions,4Q/OT | margin -3..3 | 300..120,team
wnba,wnba_shot_pace,shot_pace,possessions,get-possessions,2024,Regular Season,team,"{'OffDef': 'Offense', 'FilterComparison': 'Exactly', 'FilterEvent': 'OnFloor', 'FilterValue': 5, 'StartType': 'All', 'Season': '2024', 'SeasonType': 'Regular Season', 'TeamId': '1611661330'}",shot_pace,1611661330,4Q/OT | margin -3..3 | 300..120,get-possessions__possessions__off_def-Offense__filter_comparison-Exactly__filter_event-OnFloor__filter_value-5__start_type-All__season-2024__season_type-Regular_Season__team_id-1611661330__d64e970c,get-possessions,https://api.pbpstats.com/get-possessions/wnba?OffDef=Offense&FilterComparison=Exactly&FilterEvent=OnFloor&FilterValue=5&StartType=All&Season=2024&SeasonType=Regular+Season&TeamId=1611661330,200,401,04:25,"MISS Gray 3' Driving Layup
Dream Rebound
MISS Gray 11' Pullup Jump Shot
Charles REBOUND (Off:4 Def:7)
MISS Gray 24' 3PT Jump Shot
FEVER Rebound
",2,0,1,0,2024-09-08,1022400208,0,2,IND,4,0,7,05:04,Off Timeout,0,"[{""description"": ""MISS Gray 3' Driving Layup"", ""url"": ""https://videos.nba.com/wnba/pbp/media/2024/09/08/1022400208/455/b8166bf5-a486-95a6-5db4-4b81b52e117d_960x540.mp4""}, {""description"": ""Dream Rebound"", ""url"": """"}, {""description"": ""MISS Gray 11' Pullup Jump Shot"", ""url"": ""https://videos.nba.com/wnba/pbp/media/2024/09/08/1022400208/462/d0f0f50d-3c7e-8241-1820-8d5caa8f3747_960x540.mp4""}, {""description"": ""Charles REBOUND (Off:4 Def:7)"", ""url"": ""https://videos.nba.com/wnba/pbp/media/2024/09/08/1022400208/463/093e4016-ee68-3d62-d263-5d08764cad56_960x540.mp4""}, {""description"": ""MISS Gray 24' 3PT Jump Shot"", ""url"": ""https://videos.nba.com/wnba/pbp/media/2024/09/08/1022400208/464/1c2a01eb-4656-023e-f619-f97c99d272aa_960x540.mp4""}, {""description"": ""FEVER Rebound"", ""url"": """"}]",False,possessions,4Q/OT | margin -3..3 | 300..120,team
wnba,wnba_shot_pace,shot_pace,possessions,get-possessions,2024,Regular Season,team,"{'OffDef': 'Offense', 'FilterComparison': 'Exactly', 'FilterEvent': 'OnFloor', 'FilterValue': 5, 'StartType': 'All', 'Season': '2024', 'SeasonType': 'Regular Season', 'TeamId': '1611661330'}",shot_pace,1611661330,4Q/OT | margin -3..3 | 300..120,get-possessions__possessions__off_def-Offense__filter_comparison-Exactly__filter_event-OnFloor__filter_value-5__start_type-All__season-2024__season_type-Regular_Season__team_id-1611661330__d64e970c,get-possessions,https://api.pbpstats.com/get-possessions/wnba?OffDef=Offense&FilterComparison=Exactly&FilterEvent=OnFloor&FilterValue=5&StartType=All&Season=2024&SeasonType=Regular+Season&TeamId=1611661330,200,402,05:08,"Boston STEAL (1 STL): Cubaj Bad Pass Turnover (P2.T6)
",0,0,0,0,2024-09-08,1022400208,0,0,IND,4,0,9,05:23,Off Timeout,1,"[{""description"": ""Boston STEAL (1 STL): Cubaj Bad Pass Turnover (P2.T6)"", ""url"": ""https://videos.nba.com/wnba/pbp/media/2024/09/08/1022400208/452/61ff7e97-5039-5d11-925f-e3d3d550aa4e_960x540.mp4""}]",False,possessions,4Q/OT | margin -3..3 | 300..120,team
wnba,wnba_shot_pace,shot_pace,possessions,get-possessions,2024,Regular Season,team,"{'OffDef': 'Offense', 'FilterComparison': 'Exactly', 'FilterEvent': 'OnFloor', 'FilterValue': 5, 'StartType': 'All', 'Season': '2024', 'SeasonType': 'Regular Season', 'TeamId': '1611661330'}",shot_pace,1611661330,4Q/OT | margin -3..3 | 300..120,get-possessions__possessions__off_def-Offense__filter_comparison-Exactly__filter_event-OnFloor__filter_value-5__start_type-All__season-2024__season_type-Regular_Season__team_id-1611661330__d64e970c,get-possessions,https://api.pbpstats.com/get-possessions/wnba?OffDef=Offense&FilterComparison=Exactly&FilterEvent=OnFloor&FilterValue=5&StartType=All&Season=2024&SeasonType=Regular+Season&TeamId=1611661330,200,403,05:31,"MISS Gray 12' Jump Shot
Boston REBOUND (Off:2 Def:9)
",1,0,0,0,2024-09-08,1022400208,0,0,IND,4,0,9,05:48,Off Long Mid-Range Miss,0,"[{""description"": ""MISS Gray 12' Jump Shot"", ""url"": ""https://videos.nba.com/wnba/pbp/media/2024/09/08/1022400208/447/2141766d-7a7c-025a-2733-90048f6c45fe_960x540.mp4""}, {""description"": ""Boston REBOUND (Off:2 Def:9)"", ""url"": ""https://videos.nba.com/wnba/pbp/media/2024/09/08/1022400208/448/23e980b0-9755-30ac-c367-8908897c5c47_960x540.mp4""}]",False,possessions,4Q/OT | margin -3..3 | 300..120,team
wnba,wnba_shot_pace,shot_pace,possessions,get-possessions,2024,Regular Season,team,"{'OffDef': 'Offense', 'FilterComparison': 'Exactly', 'FilterEvent': 'OnFloor', 'FilterValue': 5, 'StartType': 'All', 'Season': '2024', 'SeasonType': 'Regular Season', 'TeamId': '1611661330'}",shot_pace,1611661330,4Q/OT | margin -3..3 | 300..120,get-possessions__possessions__off_def-Offense__filter_comparison-Exactly__filter_event-OnFloor__filter_value-5__start_type-All__season-2024__season_type-Regular_Season__team_id-1611661330__d64e970c,get-possessions,https://api.pbpstats.com/get-possessions/wnba?OffDef=Offense&FilterComparison=Exactly&FilterEvent=OnFloor&FilterValue=5&StartType=All&Season=2024&SeasonType=Regular+Season&TeamId=1611661330,200,404,05:58,"MISS Howard 20' Pullup Jump Shot
Gray REBOUND (Off:2 Def:2)
Gray Putback Layup (13 PTS)
",2,1,0,0,2024-09-08,1022400208,0,1,IND,4,0,7,06:16,Off Arc 3 Miss,0,"[{""description"": ""MISS Howard 20' Pullup Jump Shot"", ""url"": ""https://videos.nba.com/wnba/pbp/media/2024/09/08/1022400208/442/22296d72-2c1f-ee94-296d-9b68dad48ea9_960x540.mp4""}, {""description"": ""Gray REBOUND (Off:2 Def:2)"", ""url"": ""https://videos.nba.com/wnba/pbp/media/2024/09/08/1022400208/443/2b463cdb-b54d-4d6a-1171-0b2f1d4b442d_960x540.mp4""}, {""description"": ""Gray Putback Layup (13 PTS)"", ""url"": ""https://videos.nba.com/wnba/pbp/media/2024/09/08/1022400208/444/e0bd4527-6a33-ceed-70f4-1927dc359d51_960x540.mp4""}]",False,possessions,4Q/OT | margin -3..3 | 300..120,team
wnba,wnba_shot_pace,shot_pace,possessions,get-possessions,2024,Regular Season,team,"{'OffDef': 'Offense', 'FilterComparison': 'Exactly', 'FilterEvent': 'OnFloor', 'FilterValue': 5, 'StartType': 'All', 'Season': '2024', 'SeasonType': 'Regular Season', 'TeamId': '1611661330'}",shot_pace,1611661330,4Q/OT | margin -3..3 | 300..120,get-possessions__possessions__off_def-Offense__filter_comparison-Exactly__filter_event-OnFloor__filter_value-5__start_type-All__season-2024__season_type-Regular_Season__team_id-1611661330__d64e970c,get-possessions,https://api.pbpstats.com/get-possessions/wnba?OffDef=Offense&FilterComparison=Exactly&FilterEvent=OnFloor&FilterValue=5&StartType=All&Season=2024&SeasonType=Regular+Season&TeamId=1611661330,200,405,06:36,"Hillmon 5' Cutting Layup Shot (4 PTS) (Howard 4 AST)
Boston S.FOUL (P1.T3)
Hillmon Free Throw 1 of 1 (5 PTS)
",1,1,0,0,2024-09-08,1022400208,0,0,IND,4,1,4,07:00,Off Long Mid-Range Make,0,"[{""description"": ""Hillmon 5' Cutting Layup Shot (4 PTS) (Howard 4 AST)"", ""url"": ""https://videos.nba.com/wnba/pbp/media/2024/09/08/1022400208/431/bb1df34c-e74e-40c2-398f-95d401866d8d_960x540.mp4""}, {""description"": ""Boston S.FOUL (P1.T3)"", ""url"": """"}, {""description"": ""Hillmon Free Throw 1 of 1 (5 PTS)"", ""url"": """"}]",False,possessions,4Q/OT | margin -3..3 | 300..120,team
wnba,wnba_shot_pace,shot_pace,possessions,get-possessions,2024,Regular Season,team,"{'OffDef': 'Offense', 'FilterComparison': 'Exactly', 'FilterEvent': 'OnFloor', 'FilterValue': 5, 'StartType': 'All', 'Season': '2024', 'SeasonType': 'Regular Season', 'TeamId': '1611661330'}",shot_pace,1611661330,4Q/OT | margin -3..3 | 300..120,get-possessions__possessions__off_def-Offense__filter_comparison-Exactly__filter_event-OnFloor__filter_value-5__start_type-All__season-2024__season_type-Regular_Season__team_id-1611661330__d64e970c,get-possessions,https://api.pbpstats.com/get-possessions/wnba?OffDef=Offense&FilterComparison=Exactly&FilterEvent=OnFloor&FilterValue=5&StartType=All&Season=2024&SeasonType=Regular+Season&TeamId=1611661330,200,406,07:28,"Howard 24' 3PT Running Jump Shot (28 PTS) (Canada 4 AST)
",0,0,1,1,2024-09-08,1022400208,0,0,IND,4,0,3,07:31,Off At Rim Block,0,"[{""description"": ""Howard 24' 3PT Running Jump Shot (28 PTS) (Canada 4 AST)"", ""url"": ""https://videos.nba.com/wnba/pbp/media/2024/09/08/1022400208/427/ab4fccaa-fe5f-8ce6-2a36-f32b6a59d353_960x540.mp4""}]",False,possessions,4Q/OT | margin -3..3 | 300..120,team
wnba,wnba_shot_pace,shot_pace,possessions,get-possessions,2024,Regular Season,team,"{'OffDef': 'Offense', 'FilterComparison': 'Exactly', 'FilterEvent': 'OnFloor', 'FilterValue': 5, 'StartType': 'All', 'Season': '2024', 'SeasonType': 'Regular Season', 'TeamId': '1611661330'}",shot_pace,1611661330,4Q/OT | margin -3..3 | 300..120,get-possessions__possessions__off_def-Offense__filter_comparison-Exactly__filter_event-OnFloor__filter_value-5__start_type-All__season-2024__season_type-Regular_Season__team_id-1611661330__d64e970c,get-possessions,https://api.pbpstats.com/get-possessions/wnba?OffDef=Offense&FilterComparison=Exactly&FilterEvent=OnFloor&FilterValue=5&StartType=All&Season=2024&SeasonType=Regular+Season&TeamId=1611661330,200,407,07:44,"Charles 19' Jump Shot (17 PTS) (Canada 3 AST)
",1,1,0,0,2024-09-08,1022400208,0,0,IND,4,0,1,07:54,Off Short Mid-Range Make,0,"[{""description"": ""Charles 19' Jump Shot (17 PTS) (Canada 3 AST)"", ""url"": ""https://videos.nba.com/wnba/pbp/media/2024/09/08/1022400208/422/e969723d-d09c-0fef-e99e-8ef084d194ef_960x540.mp4""}]",False,possessions,4Q/OT | margin -3..3 | 300..120,team
wnba,wnba_shot_pace,shot_pace,possessions,get-possessions,2024,Regular Season,team,"{'OffDef': 'Offense', 'FilterComparison': 'Exactly', 'FilterEvent': 'OnFloor', 'FilterValue': 5, 'StartType': 'All', 'Season': '2024', 'SeasonType': 'Regular Season', 'TeamId': '1611661330'}",shot_pace,1611661330,4Q/OT | margin -3..3 | 300..120,get-possessions__possessions__off_def-Offense__filter_comparison-Exactly__filter_event-OnFloor__filter_value-5__start_type-All__season-2024__season_type-Regular_Season__team_id-1611661330__d64e970c,get-possessions,https://api.pbpstats.com/get-possessions/wnba?OffDef=Offense&FilterComparison=Exactly&FilterEvent=OnFloor&FilterValue=5&StartType=All&Season=2024&SeasonType=Regular+Season&TeamId=1611661330,200,408,08:12,"MISS Gray 9' Driving Floating Jump Shot
Howard REBOUND (Off:1 Def:1)
Howard 1' Driving Floating Jump Shot (24 PTS)
Hull S.FOUL (P3.T2)
Howard Free Throw 1 of 1 (25 PTS)
",2,1,0,0,2024-09-08,1022400208,0,1,IND,4,1,0,08:38,Off At Rim Make,0,"[{""description"": ""MISS Gray 9' Driving Floating Jump Shot"", ""url"": ""https://videos.nba.com/wnba/pbp/media/2024/09/08/1022400208/415/4c24af43-a978-49b5-9be8-153279f1ae1f_960x540.mp4""}, {""description"": ""Howard REBOUND (Off:1 Def:1)"", ""url"": ""https://videos.nba.com/wnba/pbp/media/2024/09/08/1022400208/416/878b5802-e5dd-2bec-2342-08a354d414e4_960x540.mp4""}, {""description"": ""Howard 1' Driving Floating Jump Shot (24 PTS)"", ""url"": ""https://videos.nba.com/wnba/pbp/media/2024/09/08/1022400208/417/aa4d3f81-6d42-ef24-353f-eebce671f74d_960x540.mp4""}, {""description"": ""Hull S.FOUL (P3.T2)"", ""url"": """"}, {""description"": ""Howard Free Throw 1 of 1 (25 PTS)"", ""url"": """"}]",False,possessions,4Q/OT | margin -3..3 | 300..120,team
wnba,wnba_shot_pace,shot_pace,possessions,get-possessions,2024,Regular Season,team,"{'OffDef': 'Offense', 'FilterComparison': 'Exactly', 'FilterEvent': 'OnFloor', 'FilterValue': 5, 'StartType': 'All', 'Season': '2024', 'SeasonType': 'Regular Season', 'TeamId': '1611661330'}",shot_pace,1611661330,4Q/OT | margin -3..3 | 300..120,get-possessions__possessions__off_def-Offense__filter_comparison-Exactly__filter_event-OnFloor__filter_value-5__start_type-All__season-2024__season_type-Regular_Season__team_id-1611661330__d64e970c,get-possessions,https://api.pbpstats.com/get-possessions/wnba?OffDef=Offense&FilterComparison=Exactly&FilterEvent=OnFloor&FilterValue=5&StartType=All&Season=2024&SeasonType=Regular+Season&TeamId=1611661330,200,409,08:43,"MISS Canada 14' Running Pull-Up Jump Shot
Boston REBOUND (Off:2 Def:8)
",1,0,0,0,2024-09-08,1022400208,0,0,IND,4,0,2,08:50,Off Arc 3 Miss,0,"[{""description"": ""MISS Canada 14' Running Pull-Up Jump Shot"", ""url"": ""https://videos.nba.com/wnba/pbp/media/2024/09/08/1022400208/411/3a25fc37-4999-870f-9e3f-95df359e28ce_960x540.mp4""}, {""description"": ""Boston REBOUND (Off:2 Def:8)"", ""url"": ""https://videos.nba.com/wnba/pbp/media/2024/09/08/1022400208/412/9a2f3a41-888e-e8e2-c019-1185306f10a3_960x540.mp4""}]",False,possessions,4Q/OT | margin -3..3 | 300..120,team
wnba,wnba_shot_pace,shot_pace,possessions,get-possessions,2024,Regular Season,team,"{'OffDef': 'Offense', 'FilterComparison': 'Exactly', 'FilterEvent': 'OnFloor', 'FilterValue': 5, 'StartType': 'All', 'Season': '2024', 'SeasonType': 'Regular Season', 'TeamId': '1611661330'}",shot_pace,1611661330,4Q/OT | margin -3..3 | 300..120,get-possessions__possessions__off_def-Offense__filter_comparison-Exactly__filter_event-OnFloor__filter_value-5__start_type-All__season-2024__season_type-Regular_Season__team_id-1611661330__d64e970c,get-possessions,https://api.pbpstats.com/get-possessions/wnba?OffDef=Offense&FilterComparison=Exactly&FilterEvent=OnFloor&FilterValue=5&StartType=All&Season=2024&SeasonType=Regular+Season&TeamId=1611661330,200,410,09:08,"Clark S.FOUL (P3.T1)
Canada Free Throw 1 of 2 (10 PTS)
Canada Free Throw 2 of 2 (11 PTS)
",0,0,0,0,2024-09-08,1022400208,0,0,IND,4,1,0,09:16,Off Arc 3 Miss,0,"[{""description"": ""Clark S.FOUL (P3.T1)"", ""url"": """"}, {""description"": ""Canada Free Throw 1 of 2 (10 PTS)"", ""url"": """"}, {""description"": ""Canada Free Throw 2 of 2 (11 PTS)"", ""url"": """"}]",False,possessions,4Q/OT | margin -3..3 | 300..120,team
wnba,wnba_shot_pace,shot_pace,possessions,get-possessions,2024,Regular Season,team,"{'OffDef': 'Offense', 'FilterComparison': 'Exactly', 'FilterEvent': 'OnFloor', 'FilterValue': 5, 'StartType': 'All', 'Season': '2024', 'SeasonType': 'Regular Season', 'TeamId': '1611661330'}",shot_pace,1611661330,4Q/OT | margin -3..3 | 300..120,get-possessions__possessions__off_def-Offense__filter_comparison-Exactly__filter_event-OnFloor__filter_value-5__start_type-All__season-2024__season_type-Regular_Season__team_id-1611661330__d64e970c,get-possessions,https://api.pbpstats.com/get-possessions/wnba?OffDef=Offense&FilterComparison=Exactly&FilterEvent=OnFloor&FilterValue=5&StartType=All&Season=2024&SeasonType=Regular+Season&TeamId=1611661330,200,411,09:23,"MISS Howard 4' Driving Floating Jump Shot
Boston REBOUND (Off:2 Def:7)
",1,0,0,0,2024-09-08,1022400208,0,0,IND,4,0,0,09:45,Off Corner 3 Make,0,"[{""description"": ""MISS Howard 4' Driving Floating Jump Shot"", ""url"": ""https://videos.nba.com/wnba/pbp/media/2024/09/08/1022400208/401/b204f803-9c5f-481c-28fe-8ffad5075dfb_960x540.mp4""}, {""description"": ""Boston REBOUND (Off:2 Def:7)"", ""url"": ""https://videos.nba.com/wnba/pbp/media/2024/09/08/1022400208/402/84b6413c-3dc7-23ff-cebb-1481ecebefde_960x540.mp4""}]",False,possessions,4Q/OT | margin -3..3 | 300..120,team
wnba,wnba_shot_pace,shot_pace,possessions,get-possessions,2024,Regular Season,team,"{'OffDef': 'Offense', 'FilterComparison': 'Exactly', 'FilterEvent': 'OnFloor', 'FilterValue': 5, 'StartType': 'All', 'Season': '2024', 'SeasonType': 'Regular Season', 'TeamId': '1611661330'}",shot_pace,1611661330,4Q/OT | margin -3..3 | 300..120,get-possessions__possessions__off_def-Offense__filter_comparison-Exactly__filter_event-OnFloor__filter_value-5__start_type-All__season-2024__season_type-Regular_Season__team_id-1611661330__d64e970c,get-possessions,https://api.pbpstats.com/get-possessions/wnba?OffDef=Offense&FilterComparison=Exactly&FilterEvent=OnFloor&FilterValue=5&StartType=All&Season=2024&SeasonType=Regular+Season&TeamId=1611661330,200,412,00:00,"MISS Canada 27' 3PT Pullup Jump Shot
Dream Rebound
",0,0,1,0,2024-09-08,1022400208,0,0,IND,3,0,3,00:06,Off FT Make,0,"[{""description"": ""MISS Canada 27' 3PT Pullup Jump Shot"", ""url"": ""https://videos.nba.com/wnba/pbp/media/2024/09/08/1022400208/395/5e304005-473f-c00c-4d7c-adace6505932_960x540.mp4""}, {""description"": ""Dream Rebound"", ""url"": """"}]",False,possessions,4Q/OT | margin -3..3 | 300..120,team
wnba,wnba_shot_pace,shot_pace,possessions,get-possessions,2024,Regular Season,team,"{'OffDef': 'Offense', 'FilterComparison': 'Exactly', 'FilterEvent': 'OnFloor', 'FilterValue': 5, 'StartType': 'All', 'Season': '2024', 'SeasonType': 'Regular Season', 'TeamId': '1611661330'}",shot_pace,1611661330,4Q/OT | margin -3..3 | 300..120,get-possessions__possessions__off_def-Offense__filter_comparison-Exactly__filter_event-OnFloor__filter_value-5__start_type-All__season-2024__season_type-Regular_Season__team_id-1611661330__d64e970c,get-possessions,https://api.pbpstats.com/get-possessions/wnba?OffDef=Offense&FilterComparison=Exactly&FilterEvent=OnFloor&FilterValue=5&StartType=All&Season=2024&SeasonType=Regular+Season&TeamId=1611661330,200,413,00:24,"Charles 17' Jump Shot (15 PTS) (Gray 5 AST)
",1,1,0,0,2024-09-08,1022400208,0,0,IND,3,0,3,00:49,Off Arc 3 Make,0,"[{""description"": ""Charles 17' Jump Shot (15 PTS) (Gray 5 AST)"", ""url"": ""https://videos.nba.com/wnba/pbp/media/2024/09/08/1022400208/389/2d46376f-ad73-3eb9-5108-8ad272d8a0ad_960x540.mp4""}]",False,possessions,4Q/OT | margin -3..3 | 300..120,team
wnba,wnba_shot_pace,shot_pace,possessions,get-possessions,2024,Regular Season,team,"{'OffDef': 'Offense', 'FilterComparison': 'Exactly', 'FilterEvent': 'OnFloor', 'FilterValue': 5, 'StartType': 'All', 'Season': '2024', 'SeasonType': 'Regular Season', 'TeamId': '1611661330'}",shot_pace,1611661330,4Q/OT | margin -3..3 | 300..120,get-possessions__possessions__off_def-Offense__filter_comparison-Exactly__filter_event-OnFloor__filter_value-5__start_type-All__season-2024__season_type-Regular_Season__team_id-1611661330__d64e970c,get-possessions,https://api.pbpstats.com/get-possessions/wnba?OffDef=Offense&FilterComparison=Exactly&FilterEvent=OnFloor&FilterValue=5&StartType=All&Season=2024&SeasonType=Regular+Season&TeamId=1611661330,200,414,01:06,"MISS Canada 3' Driving Finger Roll Layup
Hillmon REBOUND (Off:2 Def:2)
MISS Howard 27' 3PT Jump Shot
FEVER Rebound
",1,0,1,0,2024-09-08,1022400208,0,1,IND,3,0,6,01:35,Off Short Mid-Range Make,0,"[{""description"": ""MISS Canada 3' Driving Finger Roll Layup"", ""url"": ""https://videos.nba.com/wnba/pbp/media/2024/09/08/1022400208/382/b7268b79-f17b-8a9c-6bf1-169139d249da_960x540.mp4""}, {""description"": ""Hillmon REBOUND (Off:2 Def:2)"", ""url"": ""https://videos.nba.com/wnba/pbp/media/2024/09/08/1022400208/383/f9485f18-06c1-904c-4e20-18fe97bd0d0b_960x540.mp4""}, {""description"": ""MISS Howard 27' 3PT Jump Shot"", ""url"": ""https://videos.nba.com/wnba/pbp/media/2024/09/08/1022400208/384/dda41049-f78a-4032-1ea4-4bb21ab967d2_960x540.mp4""}, {""description"": ""FEVER Rebound"", ""url"": """"}]",False,possessions,4Q/OT | margin -3..3 | 300..120,team
wnba,wnba_shot_pace,shot_pace,possessions,get-possessions,2024,Regular Season,team,"{'OffDef': 'Offense', 'FilterComparison': 'Exactly', 'FilterEvent': 'OnFloor', 'FilterValue': 5, 'StartType': 'All', 'Season': '2024', 'SeasonType': 'Regular Season', 'TeamId': '1611661330'}",shot_pace,1611661330,4Q/OT | margin -3..3 | 300..120,get-possessions__possessions__off_def-Offense__filter_comparison-Exactly__filter_event-OnFloor__filter_value-5__start_type-All__season-2024__season_type-Regular_Season__team_id-1611661330__d64e970c,get-possessions,https://api.pbpstats.com/get-possessions/wnba?OffDef=Offense&FilterComparison=Exactly&FilterEvent=OnFloor&FilterValue=5&StartType=All&Season=2024&SeasonType=Regular+Season&TeamId=1611661330,200,415,01:50,"Howard 13' Driving Floating Jump Shot (21 PTS)
Mitchell S.FOUL (P2.T4)
Howard Free Throw 1 of 1 (22 PTS)
",1,1,0,0,2024-09-08,1022400208,0,0,IND,3,1,5,02:10,Off Timeout,0,"[{""description"": ""Howard 13' Driving Floating Jump Shot (21 PTS)"", ""url"": ""https://videos.nba.com/wnba/pbp/media/2024/09/08/1022400208/376/3f83a9cb-2e01-0a30-47fe-72c4cace1341_960x540.mp4""}, {""description"": ""Mitchell S.FOUL (P2.T4)"", ""url"": """"}, {""description"": ""Howard Free Throw 1 of 1 (22 PTS)"", ""url"": """"}]",False,possessions,4Q/OT | margin -3..3 | 300..120,team
wnba,wnba_shot_pace,shot_pace,possessions,get-possessions,2024,Regular Season,team,"{'OffDef': 'Offense', 'FilterComparison': 'Exactly', 'FilterEvent': 'OnFloor', 'FilterValue': 5, 'StartType': 'All', 'Season': '2024', 'SeasonType': 'Regular Season', 'TeamId': '1611661330'}",shot_pace,1611661330,4Q/OT | margin -3..3 | 300..120,get-possessions__possessions__off_def-Offense__filter_comparison-Exactly__filter_event-OnFloor__filter_value-5__start_type-All__season-2024__season_type-Regular_Season__team_id-1611661330__d64e970c,get-possessions,https://api.pbpstats.com/get-possessions/wnba?OffDef=Offense&FilterComparison=Exactly&FilterEvent=OnFloor&FilterValue=5&StartType=All&Season=2024&SeasonType=Regular+Season&TeamId=1611661330,200,416,02:17,"MISS Canada 25' 3PT Pullup Jump Shot
Fagbenle REBOUND (Off:1 Def:2)
",0,0,1,0,2024-09-08,1022400208,0,0,IND,3,0,7,02:39,Off FT Make,0,"[{""description"": ""MISS Canada 25' 3PT Pullup Jump Shot"", ""url"": ""https://videos.nba.com/wnba/pbp/media/2024/09/08/1022400208/367/a8dbad04-27c2-7023-c592-4bd807c4a5ec_960x540.mp4""}, {""description"": ""Fagbenle REBOUND (Off:1 Def:2)"", ""url"": ""https://videos.nba.com/wnba/pbp/media/2024/09/08/1022400208/368/ba424693-5ed3-fdc6-55ea-6473e0f9d268_960x540.mp4""}]",False,possessions,4Q/OT | margin -3..3 | 300..120,team
wnba,wnba_shot_pace,shot_pace,possessions,get-possessions,2024,Regular Season,team,"{'OffDef': 'Offense', 'FilterComparison': 'Exactly', 'FilterEvent': 'OnFloor', 'FilterValue': 5, 'StartType': 'All', 'Season': '2024', 'SeasonType': 'Regular Season', 'TeamId': '1611661330'}",shot_pace,1611661330,4Q/OT | margin -3..3 | 300..120,get-possessions__possessions__off_def-Offense__filter_comparison-Exactly__filter_event-OnFloor__filter_value-5__start_type-All__season-2024__season_type-Regular_Season__team_id-1611661330__d64e970c,get-possessions,https://api.pbpstats.com/get-possessions/wnba?OffDef=Offense&FilterComparison=Exactly&FilterEvent=OnFloor&FilterValue=5&StartType=All&Season=2024&SeasonType=Regular+Season&TeamId=1611661330,200,417,02:57,"Hillmon Traveling Turnover (P1.T5)
",0,0,0,0,2024-09-08,1022400208,0,0,IND,3,0,9,03:14,Off FT Make,1,"[{""description"": ""Hillmon Traveling Turnover (P1.T5)"", ""url"": ""https://videos.nba.com/wnba/pbp/media/2024/09/08/1022400208/362/23edca4f-0649-84df-6512-4e855c7c98eb_960x540.mp4""}]",False,possessions,4Q/OT | margin -3..3 | 300..120,team
wnba,wnba_shot_pace,shot_pace,possessions,get-possessions,2024,Regular Season,team,"{'OffDef': 'Offense', 'FilterComparison': 'Exactly', 'FilterEvent': 'OnFloor', 'FilterValue': 5, 'StartType': 'All', 'Season': '2024', 'SeasonType': 'Regular Season', 'TeamId': '1611661330'}",shot_pace,1611661330,4Q/OT | margin -3..3 | 300..120,get-possessions__possessions__off_def-Offense__filter_comparison-Exactly__filter_event-OnFloor__filter_value-5__start_type-All__season-2024__season_type-Regular_Season__team_id-1611661330__d64e970c,get-possessions,https://api.pbpstats.com/get-possessions/wnba?OffDef=Offense&FilterComparison=Exactly&FilterEvent=OnFloor&FilterValue=5&StartType=All&Season=2024&SeasonType=Regular+Season&TeamId=1611661330,200,418,03:19,"MISS Charles 6' Hook Shot
Boston REBOUND (Off:2 Def:6)
",1,0,0,0,2024-09-08,1022400208,0,0,IND,3,0,11,03:35,Off Corner 3 Miss,0,"[{""description"": ""MISS Charles 6' Hook Shot"", ""url"": ""https://videos.nba.com/wnba/pbp/media/2024/09/08/1022400208/356/291f7298-4e53-c05a-264a-65f5b60390a3_960x540.mp4""}, {""description"": ""Boston REBOUND (Off:2 Def:6)"", ""url"": ""https://videos.nba.com/wnba/pbp/media/2024/09/08/1022400208/357/0e46edbf-0243-84ed-100b-c375fb5e12eb_960x540.mp4""}]",False,possessions,4Q/OT | margin -3..3 | 300..120,team
wnba,wnba_shot_pace,shot_pace,possessions,get-possessions,2024,Regular Season,team,"{'OffDef': 'Offense', 'FilterComparison': 'Exactly', 'FilterEvent': 'OnFloor', 'FilterValue': 5, 'StartType': 'All', 'Season': '2024', 'SeasonType': 'Regular Season', 'TeamId': '1611661330'}",shot_pace,1611661330,4Q/OT | margin -3..3 | 300..120,get-possessions__possessions__off_def-Offense__filter_comparison-Exactly__filter_event-OnFloor__filter_value-5__start_type-All__season-2024__season_type-Regular_Season__team_id-1611661330__d64e970c,get-possessions,https://api.pbpstats.com/get-possessions/wnba?OffDef=Offense&FilterComparison=Exactly&FilterEvent=OnFloor&FilterValue=5&StartType=All&Season=2024&SeasonType=Regular+Season&TeamId=1611661330,200,419,03:57,"Cubaj Traveling Turnover (P1.T4)
",0,0,0,0,2024-09-08,1022400208,0,0,IND,3,0,11,04:19,Off Dead Ball,1,"[{""description"": ""Cubaj Traveling Turnover (P1.T4)"", ""url"": ""https://videos.nba.com/wnba/pbp/media/2024/09/08/1022400208/345/91b649be-4469-dd28-fa57-5ad9781b7903_960x540.mp4""}]",False,possessions,4Q/OT | margin -3..3 | 300..120,team
wnba,wnba_shot_pace,shot_pace,possessions,get-possessions,2024,Regular Season,team,"{'OffDef': 'Offense', 'FilterComparison': 'Exactly', 'FilterEvent': 'OnFloor', 'FilterValue': 5, 'StartType': 'All', 'Season': '2024', 'SeasonType': 'Regular Season', 'TeamId': '1611661330'}",shot_pace,1611661330,4Q/OT | margin -3..3 | 300..120,get-possessions__possessions__off_def-Offense__filter_comparison-Exactly__filter_event-OnFloor__filter_value-5__start_type-All__season-2024__season_type-Regular_Season__team_id-1611661330__d64e970c,get-possessions,https://api.pbpstats.com/get-possessions/wnba?OffDef=Offense&FilterComparison=Exactly&FilterEvent=OnFloor&FilterValue=5&StartType=All&Season=2024&SeasonType=Regular+Season&TeamId=1611661330,200,420,04:46,"Howard Traveling Turnover (P2.T3)
",0,0,0,0,2024-09-08,1022400208,0,0,IND,3,0,11,05:02,Off Arc 3 Make,1,"[{""description"": ""Howard Traveling Turnover (P2.T3)"", ""url"": ""https://videos.nba.com/wnba/pbp/media/2024/09/08/1022400208/339/d9c46d46-1a9e-ce6f-f858-93ad5cba7f05_960x540.mp4""}]",False,possessions,4Q/OT | margin -3..3 | 300..120,team
wnba,wnba_shot_pace,shot_pace,possessions,get-possessions,2024,Regular Season,team,"{'OffDef': 'Offense', 'FilterComparison': 'Exactly', 'FilterEvent': 'OnFloor', 'FilterValue': 5, 'StartType': 'All', 'Season': '2024', 'SeasonType': 'Regular Season', 'TeamId': '1611661330'}",shot_pace,1611661330,4Q/OT | margin -3..3 | 300..120,get-possessions__possessions__off_def-Offense__filter_comparison-Exactly__filter_event-OnFloor__filter_value-5__start_type-All__season-2024__season_type-Regular_Season__team_id-1611661330__d64e970c,get-possessions,https://api.pbpstats.com/get-possessions/wnba?OffDef=Offense&FilterComparison=Exactly&FilterEvent=OnFloor&FilterValue=5&StartType=All&Season=2024&SeasonType=Regular+Season&TeamId=1611661330,200,421,05:09,"Mitchell STEAL (1 STL): Coffey Bad Pass Turnover (P1.T2)
",0,0,0,0,2024-09-08,1022400208,0,0,IND,3,0,14,05:19,Off Timeout,1,"[{""description"": ""Mitchell STEAL (1 STL): Coffey Bad Pass Turnover (P1.T2)"", ""url"": ""https://videos.nba.com/wnba/pbp/media/2024/09/08/1022400208/336/8c24c080-6e6d-3914-0540-c2d2b957fae0_960x540.mp4""}]",False,possessions,4Q/OT | margin -3..3 | 300..120,team
wnba,wnba_shot_pace,shot_pace,possessions,get-possessions,2024,Regular Season,team,"{'OffDef': 'Offense', 'FilterComparison': 'Exactly', 'FilterEvent': 'OnFloor', 'FilterValue': 5, 'StartType': 'All', 'Season': '2024', 'SeasonType': 'Regular Season', 'TeamId': '1611661330'}",shot_pace,1611661330,4Q/OT | margin -3..3 | 300..120,get-possessions__possessions__off_def-Offense__filter_comparison-Exactly__filter_event-OnFloor__filter_value-5__start_type-All__season-2024__season_type-Regular_Season__team_id-1611661330__d64e970c,get-possessions,https://api.pbpstats.com/get-possessions/wnba?OffDef=Offense&FilterComparison=Exactly&FilterEvent=OnFloor&FilterValue=5&StartType=All&Season=2024&SeasonType=Regular+Season&TeamId=1611661330,200,422,05:26,"MISS Charles 11' Turnaround Jump Shot
Hull REBOUND (Off:1 Def:1)
",1,0,0,0,2024-09-08,1022400208,0,0,IND,3,0,14,05:50,Off At Rim Make,0,"[{""description"": ""MISS Charles 11' Turnaround Jump Shot"", ""url"": ""https://videos.nba.com/wnba/pbp/media/2024/09/08/1022400208/327/4a1c564f-b8e4-5e8f-4c4b-4ab217035769_960x540.mp4""}, {""description"": ""Hull REBOUND (Off:1 Def:1)"", ""url"": ""https://videos.nba.com/wnba/pbp/media/2024/09/08/1022400208/328/0d0f918c-4625-368a-aae6-dd6612b1fe9d_960x540.mp4""}]",False,possessions,4Q/OT | margin -3..3 | 300..120,team
wnba,wnba_shot_pace,shot_pace,possessions,get-possessions,2024,Regular Season,team,"{'OffDef': 'Offense', 'FilterComparison': 'Exactly', 'FilterEvent': 'OnFloor', 'FilterValue': 5, 'StartType': 'All', 'Season': '2024', 'SeasonType': 'Regular Season', 'TeamId': '1611661330'}",shot_pace,1611661330,4Q/OT | margin -3..3 | 300..120,get-possessions__possessions__off_def-Offense__filter_comparison-Exactly__filter_event-OnFloor__filter_value-5__start_type-All__season-2024__season_type-Regular_Season__team_id-1611661330__d64e970c,get-possessions,https://api.pbpstats.com/get-possessions/wnba?OffDef=Offense&FilterComparison=Exactly&FilterEvent=OnFloor&FilterValue=5&StartType=All&Season=2024&SeasonType=Regular+Season&TeamId=1611661330,200,423,06:04,"MISS Charles 2' Running Layup
Fagbenle REBOUND (Off:0 Def:1)
",1,0,0,0,2024-09-08,1022400208,0,0,IND,3,0,16,06:11,Off At Rim Block,0,"[{""description"": ""MISS Charles 2' Running Layup"", ""url"": ""https://videos.nba.com/wnba/pbp/media/2024/09/08/1022400208/324/546e4923-a46b-26ab-4068-3afcd83a180d_960x540.mp4""}, {""description"": ""Fagbenle REBOUND (Off:0 Def:1)"", ""url"": ""https://videos.nba.com/wnba/pbp/media/2024/09/08/1022400208/325/5ba1501b-697b-8383-456e-da3aa6635e41_960x540.mp4""}]",False,possessions,4Q/OT | margin -3..3 | 300..120,team
wnba,wnba_shot_pace,shot_pace,possessions,get-possessions,2024,Regular Season,team,"{'OffDef': 'Offense', 'FilterComparison': 'Exactly', 'FilterEvent': 'OnFloor', 'FilterValue': 5, 'StartType': 'All', 'Season': '2024', 'SeasonType': 'Regular Season', 'TeamId': '1611661330'}",shot_pace,1611661330,4Q/OT | margin -3..3 | 300..120,get-possessions__possessions__off_def-Offense__filter_comparison-Exactly__filter_event-OnFloor__filter_value-5__start_type-All__season-2024__season_type-Regular_Season__team_id-1611661330__d64e970c,get-possessions,https://api.pbpstats.com/get-possessions/wnba?OffDef=Offense&FilterComparison=Exactly&FilterEvent=OnFloor&FilterValue=5&StartType=All&Season=2024&SeasonType=Regular+Season&TeamId=1611661330,200,424,06:26,"MISS Charles 11' Jump Shot
Boston REBOUND (Off:1 Def:5)
",1,0,0,0,2024-09-08,1022400208,0,0,IND,3,0,16,06:35,Off At Rim Miss,0,"[{""description"": ""MISS Charles 11' Jump Shot"", ""url"": ""https://videos.nba.com/wnba/pbp/media/2024/09/08/1022400208/317/9a963ff5-08be-d801-4e62-d203d4841682_960x540.mp4""}, {""description"": ""Boston REBOUND (Off:1 Def:5)"", ""url"": ""https://videos.nba.com/wnba/pbp/media/2024/09/08/1022400208/318/c82bf68f-ec17-55cb-8192-a9675117b2f1_960x540.mp4""}]",False,possessions,4Q/OT | margin -3..3 | 300..120,team
wnba,wnba_shot_pace,shot_pace,possessions,get-possessions,2024,Regular Season,team,"{'OffDef': 'Offense', 'FilterComparison': 'Exactly', 'FilterEvent': 'OnFloor', 'FilterValue': 5, 'StartType': 'All', 'Season': '2024', 'SeasonType': 'Regular Season', 'TeamId': '1611661330'}",shot_pace,1611661330,4Q/OT | margin -3..3 | 300..120,get-possessions__possessions__off_def-Offense__filter_comparison-Exactly__filter_event-OnFloor__filter_value-5__start_type-All__season-2024__season_type-Regular_Season__team_id-1611661330__d64e970c,get-possessions,https://api.pbpstats.com/get-possessions/wnba?OffDef=Offense&FilterComparison=Exactly&FilterEvent=OnFloor&FilterValue=5&StartType=All&Season=2024&SeasonType=Regular+Season&TeamId=1611661330,200,425,06:56,"Canada 2' Layup (8 PTS)
Clark S.FOUL (P2.T3)
Canada Free Throw 1 of 1 (9 PTS)
",1,1,0,0,2024-09-08,1022400208,0,0,IND,3,1,13,07:03,Off Arc 3 Miss,0,"[{""description"": ""Canada 2' Layup (8 PTS)"", ""url"": ""https://videos.nba.com/wnba/pbp/media/2024/09/08/1022400208/303/838c3922-71b7-83c9-d886-7307ae9a8bf7_960x540.mp4""}, {""description"": ""Clark S.FOUL (P2.T3)"", ""url"": """"}, {""description"": ""Canada Free Throw 1 of 1 (9 PTS)"", ""url"": """"}]",False,possessions,4Q/OT | margin -3..3 | 300..120,team
wnba,wnba_shot_pace,shot_pace,possessions,get-possessions,2024,Regular Season,team,"{'OffDef': 'Offense', 'FilterComparison': 'Exactly', 'FilterEvent': 'OnFloor', 'FilterValue': 5, 'StartType': 'All', 'Season': '2024', 'SeasonType': 'Regular Season', 'TeamId': '1611661330'}",shot_pace,1611661330,4Q/OT | margin -3..3 | 300..120,get-possessions__possessions__off_def-Offense__filter_comparison-Exactly__filter_event-OnFloor__filter_value-5__start_type-All__season-2024__season_type-Regular_Season__team_id-1611661330__d64e970c,get-possessions,https://api.pbpstats.com/get-possessions/wnba?OffDef=Offense&FilterComparison=Exactly&FilterEvent=OnFloor&FilterValue=5&StartType=All&Season=2024&SeasonType=Regular+Season&TeamId=1611661330,200,426,07:23,"Hillmon 3' Layup (2 PTS) (Howard 3 AST)
",1,1,0,0,2024-09-08,1022400208,0,0,IND,3,0,11,07:36,Off FT Make,0,"[{""description"": ""Hillmon 3' Layup (2 PTS) (Howard 3 AST)"", ""url"": ""https://videos.nba.com/wnba/pbp/media/2024/09/08/1022400208/299/2ae318d9-6c6f-01c4-e06f-0c2e2d3d6c15_960x540.mp4""}]",False,possessions,4Q/OT | margin -3..3 | 300..120,team
wnba,wnba_shot_pace,shot_pace,possessions,get-possessions,2024,Regular Season,team,"{'OffDef': 'Offense', 'FilterComparison': 'Exactly', 'FilterEvent': 'OnFloor', 'FilterValue': 5, 'StartType': 'All', 'Season': '2024', 'SeasonType': 'Regular Season', 'TeamId': '1611661330'}",shot_pace,1611661330,4Q/OT | margin -3..3 | 300..120,get-possessions__possessions__off_def-Offense__filter_comparison-Exactly__filter_event-OnFloor__filter_value-5__start_type-All__season-2024__season_type-Regular_Season__team_id-1611661330__d64e970c,get-possessions,https://api.pbpstats.com/get-possessions/wnba?OffDef=Offense&FilterComparison=Exactly&FilterEvent=OnFloor&FilterValue=5&StartType=All&Season=2024&SeasonType=Regular+Season&TeamId=1611661330,200,427,07:46,"MISS Gray 3' Layup
Boston REBOUND (Off:0 Def:4)
",1,0,0,0,2024-09-08,1022400208,0,0,IND,3,0,13,08:12,Off FT Miss,0,"[{""description"": ""MISS Gray 3' Layup"", ""url"": ""https://videos.nba.com/wnba/pbp/media/2024/09/08/1022400208/293/d7f749bc-bc64-a4ec-74e1-82d2019f239a_960x540.mp4""}, {""description"": ""Boston REBOUND (Off:0 Def:4)"", ""url"": ""https://videos.nba.com/wnba/pbp/media/2024/09/08/1022400208/294/b90e9f8a-3047-174f-7225-28870dec9b12_960x540.mp4""}]",False,possessions,4Q/OT | margin -3..3 | 300..120,team
wnba,wnba_shot_pace,shot_pace,possessions,get-possessions,2024,Regular Season,team,"{'OffDef': 'Offense', 'FilterComparison': 'Exactly', 'FilterEvent': 'OnFloor', 'FilterValue': 5, 'StartType': 'All', 'Season': '2024', 'SeasonType': 'Regular Season', 'TeamId': '1611661330'}",shot_pace,1611661330,4Q/OT | margin -3..3 | 300..120,get-possessions__possessions__off_def-Offense__filter_comparison-Exactly__filter_event-OnFloor__filter_value-5__start_type-All__season-2024__season_type-Regular_Season__team_id-1611661330__d64e970c,get-possessions,https://api.pbpstats.com/get-possessions/wnba?OffDef=Offense&FilterComparison=Exactly&FilterEvent=OnFloor&FilterValue=5&StartType=All&Season=2024&SeasonType=Regular+Season&TeamId=1611661330,200,428,08:28,"Howard 12' Jump Shot (18 PTS) (Canada 2 AST)
Mitchell S.FOUL (P1.T2)
Howard Free Throw 1 of 1 (19 PTS)
",1,1,0,0,2024-09-08,1022400208,0,0,IND,3,1,10,08:44,Off Short Mid-Range Make,0,"[{""description"": ""Howard 12' Jump Shot (18 PTS) (Canada 2 AST)"", ""url"": ""https://videos.nba.com/wnba/pbp/media/2024/09/08/1022400208/282/24a776be-ccb9-3dbf-c8c1-9df5e82ef470_960x540.mp4""}, {""description"": ""Mitchell S.FOUL (P1.T2)"", ""url"": """"}, {""description"": ""Howard Free Throw 1 of 1 (19 PTS)"", ""url"": """"}]",False,possessions,4Q/OT | margin -3..3 | 300..120,team
wnba,wnba_shot_pace,shot_pace,possessions,get-possessions,2024,Regular Season,team,"{'OffDef': 'Offense', 'FilterComparison': 'Exactly', 'FilterEvent': 'OnFloor', 'FilterValue': 5, 'StartType': 'All', 'Season': '2024', 'SeasonType': 'Regular Season', 'TeamId': '1611661330'}",shot_pace,1611661330,4Q/OT | margin -3..3 | 300..120,get-possessions__possessions__off_def-Offense__filter_comparison-Exactly__filter_event-OnFloor__filter_value-5__start_type-All__season-2024__season_type-Regular_Season__team_id-1611661330__d64e970c,get-possessions,https://api.pbpstats.com/get-possessions/wnba?OffDef=Offense&FilterComparison=Exactly&FilterEvent=OnFloor&FilterValue=5&StartType=All&Season=2024&SeasonType=Regular+Season&TeamId=1611661330,200,429,09:02,"Howard 26' 3PT Pullup Jump Shot (16 PTS)
",0,0,1,1,2024-09-08,1022400208,0,0,IND,3,0,9,09:11,Off Arc 3 Miss,0,"[{""description"": ""Howard 26' 3PT Pullup Jump Shot (16 PTS)"", ""url"": ""https://videos.nba.com/wnba/pbp/media/2024/09/08/1022400208/278/19d4329c-7c00-bac6-0655-81b0726af1d5_960x540.mp4""}]",False,possessions,4Q/OT | margin -3..3 | 300..120,team
wnba,wnba_shot_pace,shot_pace,possessions,get-possessions,2024,Regular Season,team,"{'OffDef': 'Offense', 'FilterComparison': 'Exactly', 'FilterEvent': 'OnFloor', 'FilterValue': 5, 'StartType': 'All', 'Season': '2024', 'SeasonType': 'Regular Season', 'TeamId': '1611661330'}",shot_pace,1611661330,4Q/OT | margin -3..3 | 300..120,get-possessions__possessions__off_def-Offense__filter_comparison-Exactly__filter_event-OnFloor__filter_value-5__start_type-All__season-2024__season_type-Regular_Season__team_id-1611661330__d64e970c,get-possessions,https://api.pbpstats.com/get-possessions/wnba?OffDef=Offense&FilterComparison=Exactly&FilterEvent=OnFloor&FilterValue=5&StartType=All&Season=2024&SeasonType=Regular+Season&TeamId=1611661330,200,430,09:26,"Howard 17' Running Pull-Up Jump Shot (13 PTS)
",1,1,0,0,2024-09-08,1022400208,0,0,IND,3,0,7,09:32,Off Short Mid-Range Miss,0,"[{""description"": ""Howard 17' Running Pull-Up Jump Shot (13 PTS)"", ""url"": ""https://videos.nba.com/wnba/pbp/media/2024/09/08/1022400208/275/c56d3c84-c9a5-ffd2-f7dc-4830a71df69c_960x540.mp4""}]",False,possessions,4Q/OT | margin -3..3 | 300..120,team
wnba,wnba_shot_pace,shot_pace,possessions,get-possessions,2024,Regular Season,team,"{'OffDef': 'Offense', 'FilterComparison': 'Exactly', 'FilterEvent': 'OnFloor', 'FilterValue': 5, 'StartType': 'All', 'Season': '2024', 'SeasonType': 'Regular Season', 'TeamId': '1611661330'}",shot_pace,1611661330,4Q/OT | margin -3..3 | 300..120,get-possessions__possessions__off_def-Offense__filter_comparison-Exactly__filter_event-OnFloor__filter_value-5__start_type-All__season-2024__season_type-Regular_Season__team_id-1611661330__d64e970c,get-possessions,https://api.pbpstats.com/get-possessions/wnba?OffDef=Offense&FilterComparison=Exactly&FilterEvent=OnFloor&FilterValue=5&StartType=All&Season=2024&SeasonType=Regular+Season&TeamId=1611661330,200,431,09:46,"Smith BLOCK (1 BLK): MISS Charles 4' Layup
Charles REBOUND (Off:2 Def:1)
MISS Charles 8' Layup
Charles REBOUND (Off:3 Def:1)
Charles 10' Layup (12 PTS)
Smith S.FOUL (P2.T1)
Charles Free Throw 1 of 1 (13 PTS)
",3,1,0,0,2024-09-08,1022400208,0,2,IND,3,1,4,10:00,Off Dead Ball,0,"[{""description"": ""Smith BLOCK (1 BLK): MISS Charles 4' Layup"", ""url"": ""https://videos.nba.com/wnba/pbp/media/2024/09/08/1022400208/264/56f15e59-878f-e290-b689-739ae484c4ee_960x540.mp4""}, {""description"": ""Charles REBOUND (Off:2 Def:1)"", ""url"": ""https://videos.nba.com/wnba/pbp/media/2024/09/08/1022400208/266/d8c5772f-6da3-0324-16fd-660830b129ae_960x540.mp4""}, {""description"": ""MISS Charles 8' Layup"", ""url"": ""https://videos.nba.com/wnba/pbp/media/2024/09/08/1022400208/267/90afff86-dc12-656b-e166-715a6658f1fa_960x540.mp4""}, {""description"": ""Charles REBOUND (Off:3 Def:1)"", ""url"": ""https://videos.nba.com/wnba/pbp/media/2024/09/08/1022400208/268/ce3f743b-db4d-2034-8269-05425aa22fb3_960x540.mp4""}, {""description"": ""Charles 10' Layup (12 PTS)"", ""url"": ""https://videos.nba.com/wnba/pbp/media/2024/09/08/1022400208/269/c68b5f78-f524-bd9b-5144-48825f7598d5_960x540.mp4""}, {""description"": ""Smith S.FOUL (P2.T1)"", ""url"": """"}, {""description"": ""Charles Free Throw 1 of 1 (13 PTS)"", ""url"": """"}]",False,possessions,4Q/OT | margin -3..3 | 300..120,team
wnba,wnba_shot_pace,shot_pace,possessions,get-possessions,2024,Regular Season,team,"{'OffDef': 'Offense', 'FilterComparison': 'Exactly', 'FilterEvent': 'OnFloor', 'FilterValue': 5, 'StartType': 'All', 'Season': '2024', 'SeasonType': 'Regular Season', 'TeamId': '1611661330'}",shot_pace,1611661330,4Q/OT | margin -3..3 | 300..120,get-possessions__possessions__off_def-Offense__filter_comparison-Exactly__filter_event-OnFloor__filter_value-5__start_type-All__season-2024__season_type-Regular_Season__team_id-1611661330__d64e970c,get-possessions,https://api.pbpstats.com/get-possessions/wnba?OffDef=Offense&FilterComparison=Exactly&FilterEvent=OnFloor&FilterValue=5&StartType=All&Season=2024&SeasonType=Regular+Season&TeamId=1611661330,200,432,00:00,"MISS Canada 3' Driving Finger Roll Layup
Canada REBOUND (Off:1 Def:1)
MISS Canada 1' Tip Layup Shot
Canada REBOUND (Off:2 Def:1)
MISS Gray 2' Layup
Cubaj REBOUND (Off:1 Def:0)
Canada 19' Pullup Jump Shot (6 PTS)
",4,1,0,0,2024-09-08,1022400208,0,3,IND,2,0,2,00:34,Off Steal,0,"[{""description"": ""MISS Canada 3' Driving Finger Roll Layup"", ""url"": ""https://videos.nba.com/wnba/pbp/media/2024/09/08/1022400208/252/ee4c2bd3-8730-e865-4311-c1a7af97bba8_960x540.mp4""}, {""description"": ""Canada REBOUND (Off:1 Def:1)"", ""url"": ""https://videos.nba.com/wnba/pbp/media/2024/09/08/1022400208/253/611bed55-99df-5759-9abd-76d5f2687b28_960x540.mp4""}, {""description"": ""MISS Canada 1' Tip Layup Shot"", ""url"": ""https://videos.nba.com/wnba/pbp/media/2024/09/08/1022400208/254/8d6cfe0e-e507-0252-0986-a939e749d5fb_960x540.mp4""}, {""description"": ""Canada REBOUND (Off:2 Def:1)"", ""url"": ""https://videos.nba.com/wnba/pbp/media/2024/09/08/1022400208/255/95ec2edf-c60a-e0ad-93fe-1ccec466ae8b_960x540.mp4""}, {""description"": ""MISS Gray 2' Layup"", ""url"": ""https://videos.nba.com/wnba/pbp/media/2024/09/08/1022400208/256/8c2e03b0-88db-e1f1-b064-bd6a9e281ee5_960x540.mp4""}, {""description"": ""Cubaj REBOUND (Off:1 Def:0)"", ""url"": ""https://videos.nba.com/wnba/pbp/media/2024/09/08/1022400208/257/63df87dc-fb6c-d25a-fe6a-26804f0006ac_960x540.mp4""}, {""description"": ""Canada 19' Pullup Jump Shot (6 PTS)"", ""url"": ""https://videos.nba.com/wnba/pbp/media/2024/09/08/1022400208/258/bf31ecbe-5f8b-ddd2-2aa9-0dfb8b1594e7_960x540.mp4""}]",False,possessions,4Q/OT | margin -3..3 | 300..120,team
wnba,wnba_shot_pace,shot_pace,possessions,get-possessions,2024,Regular Season,team,"{'OffDef': 'Offense', 'FilterComparison': 'Exactly', 'FilterEvent': 'OnFloor', 'FilterValue': 5, 'StartType': 'All', 'Season': '2024', 'SeasonType': 'Regular Season', 'TeamId': '1611661330'}",shot_pace,1611661330,4Q/OT | margin -3..3 | 300..120,get-possessions__possessions__off_def-Offense__filter_comparison-Exactly__filter_event-OnFloor__filter_value-5__start_type-All__season-2024__season_type-Regular_Season__team_id-1611661330__d64e970c,get-possessions,https://api.pbpstats.com/get-possessions/wnba?OffDef=Offense&FilterComparison=Exactly&FilterEvent=OnFloor&FilterValue=5&StartType=All&Season=2024&SeasonType=Regular+Season&TeamId=1611661330,200,433,00:43,"MISS Howard 27' 3PT Jump Shot
FEVER Rebound
",0,0,1,0,2024-09-08,1022400208,0,0,IND,2,0,2,01:07,Off Timeout,0,"[{""description"": ""MISS Howard 27' 3PT Jump Shot"", ""url"": ""https://videos.nba.com/wnba/pbp/media/2024/09/08/1022400208/247/fb684750-b071-e463-007a-fb8992f2bde7_960x540.mp4""}, {""description"": ""FEVER Rebound"", ""url"": """"}]",False,possessions,4Q/OT | margin -3..3 | 300..120,team
wnba,wnba_shot_pace,shot_pace,possessions,get-possessions,2024,Regular Season,team,"{'OffDef': 'Offense', 'FilterComparison': 'Exactly', 'FilterEvent': 'OnFloor', 'FilterValue': 5, 'StartType': 'All', 'Season': '2024', 'SeasonType': 'Regular Season', 'TeamId': '1611661330'}",shot_pace,1611661330,4Q/OT | margin -3..3 | 300..120,get-possessions__possessions__off_def-Offense__filter_comparison-Exactly__filter_event-OnFloor__filter_value-5__start_type-All__season-2024__season_type-Regular_Season__team_id-1611661330__d64e970c,get-possessions,https://api.pbpstats.com/get-possessions/wnba?OffDef=Offense&FilterComparison=Exactly&FilterEvent=OnFloor&FilterValue=5&StartType=All&Season=2024&SeasonType=Regular+Season&TeamId=1611661330,200,434,01:13,"MISS Gray 27' 3PT Jump Shot
Smith REBOUND (Off:1 Def:2)
",0,0,1,0,2024-09-08,1022400208,0,0,IND,2,0,2,01:34,Off At Rim Make,0,"[{""description"": ""MISS Gray 27' 3PT Jump Shot"", ""url"": ""https://videos.nba.com/wnba/pbp/media/2024/09/08/1022400208/243/f0e1638c-df95-6e19-b5a0-7aed5d73b1b9_960x540.mp4""}, {""description"": ""Smith REBOUND (Off:1 Def:2)"", ""url"": ""https://videos.nba.com/wnba/pbp/media/2024/09/08/1022400208/244/9d62f75b-2838-31eb-2ade-afe92e5e4bd5_960x540.mp4""}]",False,possessions,4Q/OT | margin -3..3 | 300..120,team
wnba,wnba_shot_pace,shot_pace,possessions,get-possessions,2024,Regular Season,team,"{'OffDef': 'Offense', 'FilterComparison': 'Exactly', 'FilterEvent': 'OnFloor', 'FilterValue': 5, 'StartType': 'All', 'Season': '2024', 'SeasonType': 'Regular Season', 'TeamId': '1611661330'}",shot_pace,1611661330,4Q/OT | margin -3..3 | 300..120,get-possessions__possessions__off_def-Offense__filter_comparison-Exactly__filter_event-OnFloor__filter_value-5__start_type-All__season-2024__season_type-Regular_Season__team_id-1611661330__d64e970c,get-possessions,https://api.pbpstats.com/get-possessions/wnba?OffDef=Offense&FilterComparison=Exactly&FilterEvent=OnFloor&FilterValue=5&StartType=All&Season=2024&SeasonType=Regular+Season&TeamId=1611661330,200,435,01:58,"Smith S.FOUL (P1.T4)
MISS Howard Free Throw 1 of 2
Dream Rebound
Howard Free Throw 2 of 2 (11 PTS)
",0,0,0,0,2024-09-08,1022400208,0,0,IND,2,1,3,02:11,Off Dead Ball,0,"[{""description"": ""Smith S.FOUL (P1.T4)"", ""url"": """"}, {""description"": ""MISS Howard Free Throw 1 of 2"", ""url"": """"}, {""description"": ""Dream Rebound"", ""url"": """"}, {""description"": ""Howard Free Throw 2 of 2 (11 PTS)"", ""url"": """"}]",False,possessions,4Q/OT | margin -3..3 | 300..120,team
wnba,wnba_shot_pace,shot_pace,possessions,get-possessions,2024,Regular Season,team,"{'OffDef': 'Offense', 'FilterComparison': 'Exactly', 'FilterEvent': 'OnFloor', 'FilterValue': 5, 'StartType': 'All', 'Season': '2024', 'SeasonType': 'Regular Season', 'TeamId': '1611661330'}",shot_pace,1611661330,4Q/OT | margin -3..3 | 300..120,get-possessions__possessions__off_def-Offense__filter_comparison-Exactly__filter_event-OnFloor__filter_value-5__start_type-All__season-2024__season_type-Regular_Season__team_id-1611661330__d64e970c,get-possessions,https://api.pbpstats.com/get-possessions/wnba?OffDef=Offense&FilterComparison=Exactly&FilterEvent=OnFloor&FilterValue=5&StartType=All&Season=2024&SeasonType=Regular+Season&TeamId=1611661330,200,436,02:20,"Gray 26' 3PT Jump Shot (11 PTS) (Cubaj 1 AST)
",0,0,1,1,2024-09-08,1022400208,0,0,IND,2,0,0,02:36,Off Short Mid-Range Make,0,"[{""description"": ""Gray 26' 3PT Jump Shot (11 PTS) (Cubaj 1 AST)"", ""url"": ""https://videos.nba.com/wnba/pbp/media/2024/09/08/1022400208/232/577cc37d-f380-5f22-d8aa-6775c806b0d4_960x540.mp4""}]",False,possessions,4Q/OT | margin -3..3 | 300..120,team
wnba,wnba_shot_pace,shot_pace,possessions,get-possessions,2024,Regular Season,team,"{'OffDef': 'Offense', 'FilterComparison': 'Exactly', 'FilterEvent': 'OnFloor', 'FilterValue': 5, 'StartType': 'All', 'Season': '2024', 'SeasonType': 'Regular Season', 'TeamId': '1611661330'}",shot_pace,1611661330,4Q/OT | margin -3..3 | 300..120,get-possessions__possessions__off_def-Offense__filter_comparison-Exactly__filter_event-OnFloor__filter_value-5__start_type-All__season-2024__season_type-Regular_Season__team_id-1611661330__d64e970c,get-possessions,https://api.pbpstats.com/get-possessions/wnba?OffDef=Offense&FilterComparison=Exactly&FilterEvent=OnFloor&FilterValue=5&StartType=All&Season=2024&SeasonType=Regular+Season&TeamId=1611661330,200,437,02:50,"MISS Howard 26' 3PT Pullup Jump Shot
Boston REBOUND (Off:0 Def:3)
",0,0,1,0,2024-09-08,1022400208,0,0,IND,2,0,2,03:03,Off Steal,0,"[{""description"": ""MISS Howard 26' 3PT Pullup Jump Shot"", ""url"": ""https://videos.nba.com/wnba/pbp/media/2024/09/08/1022400208/229/f294862c-93d6-b779-af8f-42e3e5489a39_960x540.mp4""}, {""description"": ""Boston REBOUND (Off:0 Def:3)"", ""url"": ""https://videos.nba.com/wnba/pbp/media/2024/09/08/1022400208/230/efbf07c3-37fb-85f1-173c-ead5020223fc_960x540.mp4""}]",False,possessions,4Q/OT | margin -3..3 | 300..120,team
wnba,wnba_shot_pace,shot_pace,possessions,get-possessions,2024,Regular Season,team,"{'OffDef': 'Offense', 'FilterComparison': 'Exactly', 'FilterEvent': 'OnFloor', 'FilterValue': 5, 'StartType': 'All', 'Season': '2024', 'SeasonType': 'Regular Season', 'TeamId': '1611661330'}",shot_pace,1611661330,4Q/OT | margin -3..3 | 300..120,get-possessions__possessions__off_def-Offense__filter_comparison-Exactly__filter_event-OnFloor__filter_value-5__start_type-All__season-2024__season_type-Regular_Season__team_id-1611661330__d64e970c,get-possessions,https://api.pbpstats.com/get-possessions/wnba?OffDef=Offense&FilterComparison=Exactly&FilterEvent=OnFloor&FilterValue=5&StartType=All&Season=2024&SeasonType=Regular+Season&TeamId=1611661330,200,438,03:11,"Howard 27' 3PT Jump Shot (10 PTS) (Gray 4 AST)
",0,0,1,1,2024-09-08,1022400208,0,0,IND,2,0,-1,03:26,Off Short Mid-Range Make,0,"[{""description"": ""Howard 27' 3PT Jump Shot (10 PTS) (Gray 4 AST)"", ""url"": ""https://videos.nba.com/wnba/pbp/media/2024/09/08/1022400208/225/941c8c39-90c2-f15b-ba5c-5c9cdfaddf8f_960x540.mp4""}]",False,possessions,4Q/OT | margin -3..3 | 300..120,team
wnba,wnba_shot_pace,shot_pace,possessions,get-possessions,2024,Regular Season,team,"{'OffDef': 'Offense', 'FilterComparison': 'Exactly', 'FilterEvent': 'OnFloor', 'FilterValue': 5, 'StartType': 'All', 'Season': '2024', 'SeasonType': 'Regular Season', 'TeamId': '1611661330'}",shot_pace,1611661330,4Q/OT | margin -3..3 | 300..120,get-possessions__possessions__off_def-Offense__filter_comparison-Exactly__filter_event-OnFloor__filter_value-5__start_type-All__season-2024__season_type-Regular_Season__team_id-1611661330__d64e970c,get-possessions,https://api.pbpstats.com/get-possessions/wnba?OffDef=Offense&FilterComparison=Exactly&FilterEvent=OnFloor&FilterValue=5&StartType=All&Season=2024&SeasonType=Regular+Season&TeamId=1611661330,200,439,03:43,"MISS Howard 16' Jump Shot
FEVER Rebound
",1,0,0,0,2024-09-08,1022400208,0,0,IND,2,0,1,03:55,Off Arc 3 Make,0,"[{""description"": ""MISS Howard 16' Jump Shot"", ""url"": ""https://videos.nba.com/wnba/pbp/media/2024/09/08/1022400208/217/7cb46341-60f0-b67b-071b-60f6cccb6210_960x540.mp4""}, {""description"": ""FEVER Rebound"", ""url"": """"}]",False,possessions,4Q/OT | margin -3..3 | 300..120,team
wnba,wnba_shot_pace,shot_pace,possessions,get-possessions,2024,Regular Season,team,"{'OffDef': 'Offense', 'FilterComparison': 'Exactly', 'FilterEvent': 'OnFloor', 'FilterValue': 5, 'StartType': 'All', 'Season': '2024', 'SeasonType': 'Regular Season', 'TeamId': '1611661330'}",shot_pace,1611661330,4Q/OT | margin -3..3 | 300..120,get-possessions__possessions__off_def-Offense__filter_comparison-Exactly__filter_event-OnFloor__filter_value-5__start_type-All__season-2024__season_type-Regular_Season__team_id-1611661330__d64e970c,get-possessions,https://api.pbpstats.com/get-possessions/wnba?OffDef=Offense&FilterComparison=Exactly&FilterEvent=OnFloor&FilterValue=5&StartType=All&Season=2024&SeasonType=Regular+Season&TeamId=1611661330,200,440,04:10,"MISS Charles 9' Turnaround Hook Shot
FEVER Rebound
",1,0,0,0,2024-09-08,1022400208,0,0,IND,2,0,4,04:30,Off At Rim Make,0,"[{""description"": ""MISS Charles 9' Turnaround Hook Shot"", ""url"": ""https://videos.nba.com/wnba/pbp/media/2024/09/08/1022400208/207/f3f56b98-31bd-47df-93cb-1d569b9cdd56_960x540.mp4""}, {""description"": ""FEVER Rebound"", ""url"": """"}]",False,possessions,4Q/OT | margin -3..3 | 300..120,team
wnba,wnba_shot_pace,shot_pace,possessions,get-possessions,2024,Regular Season,team,"{'OffDef': 'Offense', 'FilterComparison': 'Exactly', 'FilterEvent': 'OnFloor', 'FilterValue': 5, 'StartType': 'All', 'Season': '2024', 'SeasonType': 'Regular Season', 'TeamId': '1611661330'}",shot_pace,1611661330,4Q/OT | margin -3..3 | 300..120,get-possessions__possessions__off_def-Offense__filter_comparison-Exactly__filter_event-OnFloor__filter_value-5__start_type-All__season-2024__season_type-Regular_Season__team_id-1611661330__d64e970c,get-possessions,https://api.pbpstats.com/get-possessions/wnba?OffDef=Offense&FilterComparison=Exactly&FilterEvent=OnFloor&FilterValue=5&StartType=All&Season=2024&SeasonType=Regular+Season&TeamId=1611661330,200,441,04:37,"Gray 25' 3PT Jump Shot (8 PTS) (Canada 1 AST)
",0,0,1,1,2024-09-08,1022400208,0,0,IND,2,0,3,04:54,Off Corner 3 Make,0,"[{""description"": ""Gray 25' 3PT Jump Shot (8 PTS) (Canada 1 AST)"", ""url"": ""https://videos.nba.com/wnba/pbp/media/2024/09/08/1022400208/203/df2f6b59-d431-c8db-c9a9-b4bf6621a8c8_960x540.mp4""}]",False,possessions,4Q/OT | margin -3..3 | 300..120,team
wnba,wnba_shot_pace,shot_pace,possessions,get-possessions,2024,Regular Season,team,"{'OffDef': 'Offense', 'FilterComparison': 'Exactly', 'FilterEvent': 'OnFloor', 'FilterValue': 5, 'StartType': 'All', 'Season': '2024', 'SeasonType': 'Regular Season', 'TeamId': '1611661330'}",shot_pace,1611661330,4Q/OT | margin -3..3 | 300..120,get-possessions__possessions__off_def-Offense__filter_comparison-Exactly__filter_event-OnFloor__filter_value-5__start_type-All__season-2024__season_type-Regular_Season__team_id-1611661330__d64e970c,get-possessions,https://api.pbpstats.com/get-possessions/wnba?OffDef=Offense&FilterComparison=Exactly&FilterEvent=OnFloor&FilterValue=5&StartType=All&Season=2024&SeasonType=Regular+Season&TeamId=1611661330,200,442,05:13,"Howard 2' Driving Finger Roll Layup (7 PTS)
",1,1,0,0,2024-09-08,1022400208,0,0,IND,2,0,4,05:21,Off Steal,0,"[{""description"": ""Howard 2' Driving Finger Roll Layup (7 PTS)"", ""url"": ""https://videos.nba.com/wnba/pbp/media/2024/09/08/1022400208/195/b7a533ea-21bd-980d-e274-3a345a6aa753_960x540.mp4""}]",False,possessions,4Q/OT | margin -3..3 | 300..120,team
wnba,wnba_shot_pace,shot_pace,possessions,get-possessions,2024,Regular Season,team,"{'OffDef': 'Offense', 'FilterComparison': 'Exactly', 'FilterEvent': 'OnFloor', 'FilterValue': 5, 'StartType': 'All', 'Season': '2024', 'SeasonType': 'Regular Season', 'TeamId': '1611661330'}",shot_pace,1611661330,4Q/OT | margin -3..3 | 300..120,get-possessions__possessions__off_def-Offense__filter_comparison-Exactly__filter_event-OnFloor__filter_value-5__start_type-All__season-2024__season_type-Regular_Season__team_id-1611661330__d64e970c,get-possessions,https://api.pbpstats.com/get-possessions/wnba?OffDef=Offense&FilterComparison=Exactly&FilterEvent=OnFloor&FilterValue=5&StartType=All&Season=2024&SeasonType=Regular+Season&TeamId=1611661330,200,443,05:27,"MISS Charles 1' Layup
Dantas REBOUND (Off:0 Def:2)
",1,0,0,0,2024-09-08,1022400208,0,0,IND,2,0,4,05:33,Off Steal,0,"[{""description"": ""MISS Charles 1' Layup"", ""url"": ""https://videos.nba.com/wnba/pbp/media/2024/09/08/1022400208/191/f91447bf-eb44-7e5f-1c3e-9e6da31038e1_960x540.mp4""}, {""description"": ""Dantas REBOUND (Off:0 Def:2)"", ""url"": ""https://videos.nba.com/wnba/pbp/media/2024/09/08/1022400208/192/395e9180-6475-16cc-2ae0-a69474bd4e1e_960x540.mp4""}]",False,possessions,4Q/OT | margin -3..3 | 300..120,team
wnba,wnba_shot_pace,shot_pace,possessions,get-possessions,2024,Regular Season,team,"{'OffDef': 'Offense', 'FilterComparison': 'Exactly', 'FilterEvent': 'OnFloor', 'FilterValue': 5, 'StartType': 'All', 'Season': '2024', 'SeasonType': 'Regular Season', 'TeamId': '1611661330'}",shot_pace,1611661330,4Q/OT | margin -3..3 | 300..120,get-possessions__possessions__off_def-Offense__filter_comparison-Exactly__filter_event-OnFloor__filter_value-5__start_type-All__season-2024__season_type-Regular_Season__team_id-1611661330__d64e970c,get-possessions,https://api.pbpstats.com/get-possessions/wnba?OffDef=Offense&FilterComparison=Exactly&FilterEvent=OnFloor&FilterValue=5&StartType=All&Season=2024&SeasonType=Regular+Season&TeamId=1611661330,200,444,05:43,"Dantas S.FOUL (P1.T3)
Charles Free Throw 1 of 2 (9 PTS)
Charles Free Throw 2 of 2 (10 PTS)
",0,0,0,0,2024-09-08,1022400208,0,0,IND,2,1,2,05:53,Off Timeout,0,"[{""description"": ""Dantas S.FOUL (P1.T3)"", ""url"": """"}, {""description"": ""Charles Free Throw 1 of 2 (9 PTS)"", ""url"": """"}, {""description"": ""Charles Free Throw 2 of 2 (10 PTS)"", ""url"": """"}]",False,possessions,4Q/OT | margin -3..3 | 300..120,team
wnba,wnba_shot_pace,shot_pace,possessions,get-possessions,2024,Regular Season,team,"{'OffDef': 'Offense', 'FilterComparison': 'Exactly', 'FilterEvent': 'OnFloor', 'FilterValue': 5, 'StartType': 'All', 'Season': '2024', 'SeasonType': 'Regular Season', 'TeamId': '1611661330'}",shot_pace,1611661330,4Q/OT | margin -3..3 | 300..120,get-possessions__possessions__off_def-Offense__filter_comparison-Exactly__filter_event-OnFloor__filter_value-5__start_type-All__season-2024__season_type-Regular_Season__team_id-1611661330__d64e970c,get-possessions,https://api.pbpstats.com/get-possessions/wnba?OffDef=Offense&FilterComparison=Exactly&FilterEvent=OnFloor&FilterValue=5&StartType=All&Season=2024&SeasonType=Regular+Season&TeamId=1611661330,200,445,06:12,"Coffey 1' Layup (5 PTS)
",1,1,0,0,2024-09-08,1022400208,0,0,IND,2,0,0,06:24,Off Long Mid-Range Miss,0,"[{""description"": ""Coffey 1' Layup (5 PTS)"", ""url"": ""https://videos.nba.com/wnba/pbp/media/2024/09/08/1022400208/177/c68829e5-9c62-0a54-c50b-9b9654c67dc1_960x540.mp4""}]",False,possessions,4Q/OT | margin -3..3 | 300..120,team
wnba,wnba_shot_pace,shot_pace,possessions,get-possessions,2024,Regular Season,team,"{'OffDef': 'Offense', 'FilterComparison': 'Exactly', 'FilterEvent': 'OnFloor', 'FilterValue': 5, 'StartType': 'All', 'Season': '2024', 'SeasonType': 'Regular Season', 'TeamId': '1611661330'}",shot_pace,1611661330,4Q/OT | margin -3..3 | 300..120,get-possessions__possessions__off_def-Offense__filter_comparison-Exactly__filter_event-OnFloor__filter_value-5__start_type-All__season-2024__season_type-Regular_Season__team_id-1611661330__d64e970c,get-possessions,https://api.pbpstats.com/get-possessions/wnba?OffDef=Offense&FilterComparison=Exactly&FilterEvent=OnFloor&FilterValue=5&StartType=All&Season=2024&SeasonType=Regular+Season&TeamId=1611661330,200,446,06:41,"Charles 8' Turnaround Hook Shot (8 PTS) (Howard 2 AST)
",1,1,0,0,2024-09-08,1022400208,0,0,IND,2,0,-2,07:03,Off FT Make,0,"[{""description"": ""Charles 8' Turnaround Hook Shot (8 PTS) (Howard 2 AST)"", ""url"": ""https://videos.nba.com/wnba/pbp/media/2024/09/08/1022400208/173/6838c26f-2987-db96-4e81-052c5c147514_960x540.mp4""}]",False,possessions,4Q/OT | margin -3..3 | 300..120,team
wnba,wnba_shot_pace,shot_pace,possessions,get-possessions,2024,Regular Season,team,"{'OffDef': 'Offense', 'FilterComparison': 'Exactly', 'FilterEvent': 'OnFloor', 'FilterValue': 5, 'StartType': 'All', 'Season': '2024', 'SeasonType': 'Regular Season', 'TeamId': '1611661330'}",shot_pace,1611661330,4Q/OT | margin -3..3 | 300..120,get-possessions__possessions__off_def-Offense__filter_comparison-Exactly__filter_event-OnFloor__filter_value-5__start_type-All__season-2024__season_type-Regular_Season__team_id-1611661330__d64e970c,get-possessions,https://api.pbpstats.com/get-possessions/wnba?OffDef=Offense&FilterComparison=Exactly&FilterEvent=OnFloor&FilterValue=5&StartType=All&Season=2024&SeasonType=Regular+Season&TeamId=1611661330,200,447,07:05,"Fagbenle P.FOUL (P3.T2)
MISS Gray 13' Driving Floating Jump Shot
Dantas REBOUND (Off:0 Def:1)
",1,0,0,0,2024-09-08,1022400208,0,0,IND,2,0,1,07:26,Off Arc 3 Make,0,"[{""description"": ""Fagbenle P.FOUL (P3.T2)"", ""url"": """"}, {""description"": ""MISS Gray 13' Driving Floating Jump Shot"", ""url"": ""https://videos.nba.com/wnba/pbp/media/2024/09/08/1022400208/164/221563ed-09a9-b873-aa9d-f1f8f99159e0_960x540.mp4""}, {""description"": ""Dantas REBOUND (Off:0 Def:1)"", ""url"": ""https://videos.nba.com/wnba/pbp/media/2024/09/08/1022400208/165/ecc53db2-a759-2888-54ae-18f26a09acc3_960x540.mp4""}]",False,possessions,4Q/OT | margin -3..3 | 300..120,team
wnba,wnba_shot_pace,shot_pace,possessions,get-possessions,2024,Regular Season,team,"{'OffDef': 'Offense', 'FilterComparison': 'Exactly', 'FilterEvent': 'OnFloor', 'FilterValue': 5, 'StartType': 'All', 'Season': '2024', 'SeasonType': 'Regular Season', 'TeamId': '1611661330'}",shot_pace,1611661330,4Q/OT | margin -3..3 | 300..120,get-possessions__possessions__off_def-Offense__filter_comparison-Exactly__filter_event-OnFloor__filter_value-5__start_type-All__season-2024__season_type-Regular_Season__team_id-1611661330__d64e970c,get-possessions,https://api.pbpstats.com/get-possessions/wnba?OffDef=Offense&FilterComparison=Exactly&FilterEvent=OnFloor&FilterValue=5&StartType=All&Season=2024&SeasonType=Regular+Season&TeamId=1611661330,200,448,07:44,"Gray 1' Driving Finger Roll Layup (5 PTS) (Coffey 1 AST)
",1,1,0,0,2024-09-08,1022400208,0,0,IND,2,0,2,07:58,Off Arc 3 Miss,0,"[{""description"": ""Gray 1' Driving Finger Roll Layup (5 PTS) (Coffey 1 AST)"", ""url"": ""https://videos.nba.com/wnba/pbp/media/2024/09/08/1022400208/151/089e5a22-ef4f-e540-883b-b0a9aaa61164_960x540.mp4""}]",False,possessions,4Q/OT | margin -3..3 | 300..120,team
wnba,wnba_shot_pace,shot_pace,possessions,get-possessions,2024,Regular Season,team,"{'OffDef': 'Offense', 'FilterComparison': 'Exactly', 'FilterEvent': 'OnFloor', 'FilterValue': 5, 'StartType': 'All', 'Season': '2024', 'SeasonType': 'Regular Season', 'TeamId': '1611661330'}",shot_pace,1611661330,4Q/OT | margin -3..3 | 300..120,get-possessions__possessions__off_def-Offense__filter_comparison-Exactly__filter_event-OnFloor__filter_value-5__start_type-All__season-2024__season_type-Regular_Season__team_id-1611661330__d64e970c,get-possessions,https://api.pbpstats.com/get-possessions/wnba?OffDef=Offense&FilterComparison=Exactly&FilterEvent=OnFloor&FilterValue=5&StartType=All&Season=2024&SeasonType=Regular+Season&TeamId=1611661330,200,449,08:15,"Coffey 25' 3PT Jump Shot (3 PTS) (Gray 3 AST)
",0,0,1,1,2024-09-08,1022400208,0,0,IND,2,0,-1,08:31,Off At Rim Make,0,"[{""description"": ""Coffey 25' 3PT Jump Shot (3 PTS) (Gray 3 AST)"", ""url"": ""https://videos.nba.com/wnba/pbp/media/2024/09/08/1022400208/147/4c23b253-c543-cbb8-1d37-ed90174f8dab_960x540.mp4""}]",False,possessions,4Q/OT | margin -3..3 | 300..120,team
wnba,wnba_shot_pace,shot_pace,possessions,get-possessions,2024,Regular Season,team,"{'OffDef': 'Offense', 'FilterComparison': 'Exactly', 'FilterEvent': 'OnFloor', 'FilterValue': 5, 'StartType': 'All', 'Season': '2024', 'SeasonType': 'Regular Season', 'TeamId': '1611661330'}",shot_pace,1611661330,4Q/OT | margin -3..3 | 300..120,get-possessions__possessions__off_def-Offense__filter_comparison-Exactly__filter_event-OnFloor__filter_value-5__start_type-All__season-2024__season_type-Regular_Season__team_id-1611661330__d64e970c,get-possessions,https://api.pbpstats.com/get-possessions/wnba?OffDef=Offense&FilterComparison=Exactly&FilterEvent=OnFloor&FilterValue=5&StartType=All&Season=2024&SeasonType=Regular+Season&TeamId=1611661330,200,450,08:38,"Fagbenle L.B.FOUL (P2.T1)
Fagbenle BLOCK (1 BLK): MISS Jones 10' Driving Layup
Samuelson REBOUND (Off:0 Def:2)
",1,0,0,0,2024-09-08,1022400208,0,0,IND,2,0,1,08:49,Off Dead Ball,0,"[{""description"": ""Fagbenle L.B.FOUL (P2.T1)"", ""url"": """"}, {""description"": ""Fagbenle BLOCK (1 BLK): MISS Jones 10' Driving Layup"", ""url"": ""https://videos.nba.com/wnba/pbp/media/2024/09/08/1022400208/142/b5ef238e-6466-25be-1a79-86d7a3afc127_960x540.mp4""}, {""description"": ""Samuelson REBOUND (Off:0 Def:2)"", ""url"": ""https://videos.nba.com/wnba/pbp/media/2024/09/08/1022400208/144/04d47c7a-e281-6404-f2de-63666bc06dde_960x540.mp4""}]",False,possessions,4Q/OT | margin -3..3 | 300..120,team
wnba,wnba_shot_pace,shot_pace,possessions,get-possessions,2024,Regular Season,team,"{'OffDef': 'Offense', 'FilterComparison': 'Exactly', 'FilterEvent': 'OnFloor', 'FilterValue': 5, 'StartType': 'All', 'Season': '2024', 'SeasonType': 'Regular Season', 'TeamId': '1611661330'}",shot_pace,1611661330,4Q/OT | margin -3..3 | 300..120,get-possessions__possessions__off_def-Offense__filter_comparison-Exactly__filter_event-OnFloor__filter_value-5__start_type-All__season-2024__season_type-Regular_Season__team_id-1611661330__d64e970c,get-possessions,https://api.pbpstats.com/get-possessions/wnba?OffDef=Offense&FilterComparison=Exactly&FilterEvent=OnFloor&FilterValue=5&StartType=All&Season=2024&SeasonType=Regular+Season&TeamId=1611661330,200,451,09:05,"MISS Coffey 1' Layup
FEVER Rebound
",1,0,0,0,2024-09-08,1022400208,0,0,IND,2,0,1,09:24,Off Dead Ball,0,"[{""description"": ""MISS Coffey 1' Layup"", ""url"": ""https://videos.nba.com/wnba/pbp/media/2024/09/08/1022400208/132/cbb0b542-8656-ada9-ae06-a3e0e17adcf2_960x540.mp4""}, {""description"": ""FEVER Rebound"", ""url"": """"}]",False,possessions,4Q/OT | margin -3..3 | 300..120,team
wnba,wnba_shot_pace,shot_pace,possessions,get-possessions,2024,Regular Season,team,"{'OffDef': 'Offense', 'FilterComparison': 'Exactly', 'FilterEvent': 'OnFloor', 'FilterValue': 5, 'StartType': 'All', 'Season': '2024', 'SeasonType': 'Regular Season', 'TeamId': '1611661330'}",shot_pace,1611661330,4Q/OT | margin -3..3 | 300..120,get-possessions__possessions__off_def-Offense__filter_comparison-Exactly__filter_event-OnFloor__filter_value-5__start_type-All__season-2024__season_type-Regular_Season__team_id-1611661330__d64e970c,get-possessions,https://api.pbpstats.com/get-possessions/wnba?OffDef=Offense&FilterComparison=Exactly&FilterEvent=OnFloor&FilterValue=5&StartType=All&Season=2024&SeasonType=Regular+Season&TeamId=1611661330,200,452,09:41,"Cubaj 2' Layup (2 PTS)
",1,1,0,0,2024-09-08,1022400208,0,0,IND,2,0,-1,10:00,Off Dead Ball,0,"[{""description"": ""Cubaj 2' Layup (2 PTS)"", ""url"": ""https://videos.nba.com/wnba/pbp/media/2024/09/08/1022400208/128/845b8643-8450-d685-8d23-da24e9eb3872_960x540.mp4""}]",False,possessions,4Q/OT | margin -3..3 | 300..120,team
wnba,wnba_shot_pace,shot_pace,possessions,get-possessions,2024,Regular Season,team,"{'OffDef': 'Offense', 'FilterComparison': 'Exactly', 'FilterEvent': 'OnFloor', 'FilterValue': 5, 'StartType': 'All', 'Season': '2024', 'SeasonType': 'Regular Season', 'TeamId': '1611661330'}",shot_pace,1611661330,4Q/OT | margin -3..3 | 300..120,get-possessions__possessions__off_def-Offense__filter_comparison-Exactly__filter_event-OnFloor__filter_value-5__start_type-All__season-2024__season_type-Regular_Season__team_id-1611661330__d64e970c,get-possessions,https://api.pbpstats.com/get-possessions/wnba?OffDef=Offense&FilterComparison=Exactly&FilterEvent=OnFloor&FilterValue=5&StartType=All&Season=2024&SeasonType=Regular+Season&TeamId=1611661330,200,453,00:00,"MISS Howard 26' 3PT Pullup Jump Shot
Samuelson REBOUND (Off:0 Def:1)
",0,0,1,0,2024-09-08,1022400208,0,0,IND,1,0,-1,00:29,Off Short Mid-Range Make,0,"[{""description"": ""MISS Howard 26' 3PT Pullup Jump Shot"", ""url"": ""https://videos.nba.com/wnba/pbp/media/2024/09/08/1022400208/119/c4704eca-d750-3f2a-8d8f-efb8c6303e66_960x540.mp4""}, {""description"": ""Samuelson REBOUND (Off:0 Def:1)"", ""url"": ""https://videos.nba.com/wnba/pbp/media/2024/09/08/1022400208/120/fd122849-7a3e-8716-8921-a8f2626ccc3a_960x540.mp4""}]",False,possessions,4Q/OT | margin -3..3 | 300..120,team
wnba,wnba_shot_pace,shot_pace,possessions,get-possessions,2024,Regular Season,team,"{'OffDef': 'Offense', 'FilterComparison': 'Exactly', 'FilterEvent': 'OnFloor', 'FilterValue': 5, 'StartType': 'All', 'Season': '2024', 'SeasonType': 'Regular Season', 'TeamId': '1611661330'}",shot_pace,1611661330,4Q/OT | margin -3..3 | 300..120,get-possessions__possessions__off_def-Offense__filter_comparison-Exactly__filter_event-OnFloor__filter_value-5__start_type-All__season-2024__season_type-Regular_Season__team_id-1611661330__d64e970c,get-possessions,https://api.pbpstats.com/get-possessions/wnba?OffDef=Offense&FilterComparison=Exactly&FilterEvent=OnFloor&FilterValue=5&StartType=All&Season=2024&SeasonType=Regular+Season&TeamId=1611661330,200,454,00:38,"Samuelson P.FOUL (P1.T3)
MISS Howard 25' 3PT Jump Shot
Mitchell REBOUND (Off:0 Def:1)
",0,0,1,0,2024-09-08,1022400208,0,0,IND,1,0,1,00:51,Off Arc 3 Make,0,"[{""description"": ""Samuelson P.FOUL (P1.T3)"", ""url"": """"}, {""description"": ""MISS Howard 25' 3PT Jump Shot"", ""url"": ""https://videos.nba.com/wnba/pbp/media/2024/09/08/1022400208/115/3ed8a933-e3d0-e9a2-cf1b-a571c1aa3a4f_960x540.mp4""}, {""description"": ""Mitchell REBOUND (Off:0 Def:1)"", ""url"": ""https://videos.nba.com/wnba/pbp/media/2024/09/08/1022400208/116/dfc8d184-1366-b689-547b-9682c59b6c41_960x540.mp4""}]",False,possessions,4Q/OT | margin -3..3 | 300..120,team
wnba,wnba_shot_pace,shot_pace,possessions,get-possessions,2024,Regular Season,team,"{'OffDef': 'Offense', 'FilterComparison': 'Exactly', 'FilterEvent': 'OnFloor', 'FilterValue': 5, 'StartType': 'All', 'Season': '2024', 'SeasonType': 'Regular Season', 'TeamId': '1611661330'}",shot_pace,1611661330,4Q/OT | margin -3..3 | 300..120,get-possessions__possessions__off_def-Offense__filter_comparison-Exactly__filter_event-OnFloor__filter_value-5__start_type-All__season-2024__season_type-Regular_Season__team_id-1611661330__d64e970c,get-possessions,https://api.pbpstats.com/get-possessions/wnba?OffDef=Offense&FilterComparison=Exactly&FilterEvent=OnFloor&FilterValue=5&StartType=All&Season=2024&SeasonType=Regular+Season&TeamId=1611661330,200,455,01:06,"Caldwell 27' 3PT Jump Shot (3 PTS) (Howard 1 AST)
",0,0,1,1,2024-09-08,1022400208,0,0,IND,1,0,1,01:19,Off Long Mid-Range Make,0,"[{""description"": ""Caldwell 27' 3PT Jump Shot (3 PTS) (Howard 1 AST)"", ""url"": ""https://videos.nba.com/wnba/pbp/media/2024/09/08/1022400208/106/1153a187-47d6-7f85-7614-f7cc588cdf9e_960x540.mp4""}]",False,possessions,4Q/OT | margin -3..3 | 300..120,team
wnba,wnba_shot_pace,shot_pace,possessions,get-possessions,2024,Regular Season,team,"{'OffDef': 'Offense', 'FilterComparison': 'Exactly', 'FilterEvent': 'OnFloor', 'FilterValue': 5, 'StartType': 'All', 'Season': '2024', 'SeasonType': 'Regular Season', 'TeamId': '1611661330'}",shot_pace,1611661330,4Q/OT | margin -3..3 | 300..120,get-possessions__possessions__off_def-Offense__filter_comparison-Exactly__filter_event-OnFloor__filter_value-5__start_type-All__season-2024__season_type-Regular_Season__team_id-1611661330__d64e970c,get-possessions,https://api.pbpstats.com/get-possessions/wnba?OffDef=Offense&FilterComparison=Exactly&FilterEvent=OnFloor&FilterValue=5&StartType=All&Season=2024&SeasonType=Regular+Season&TeamId=1611661330,200,456,01:31,"MISS Caldwell 19' Pullup Jump Shot
Clark REBOUND (Off:0 Def:4)
",1,0,0,0,2024-09-08,1022400208,0,0,IND,1,0,3,01:46,Off Dead Ball,0,"[{""description"": ""MISS Caldwell 19' Pullup Jump Shot"", ""url"": ""https://videos.nba.com/wnba/pbp/media/2024/09/08/1022400208/103/88fe84e4-6281-1413-42ea-7cbeb983e9ed_960x540.mp4""}, {""description"": ""Clark REBOUND (Off:0 Def:4)"", ""url"": ""https://videos.nba.com/wnba/pbp/media/2024/09/08/1022400208/104/e0f28bd8-d713-33d6-bc53-d571a0abf616_960x540.mp4""}]",False,possessions,4Q/OT | margin -3..3 | 300..120,team
wnba,wnba_shot_pace,shot_pace,possessions,get-possessions,2024,Regular Season,team,"{'OffDef': 'Offense', 'FilterComparison': 'Exactly', 'FilterEvent': 'OnFloor', 'FilterValue': 5, 'StartType': 'All', 'Season': '2024', 'SeasonType': 'Regular Season', 'TeamId': '1611661330'}",shot_pace,1611661330,4Q/OT | margin -3..3 | 300..120,get-possessions__possessions__off_def-Offense__filter_comparison-Exactly__filter_event-OnFloor__filter_value-5__start_type-All__season-2024__season_type-Regular_Season__team_id-1611661330__d64e970c,get-possessions,https://api.pbpstats.com/get-possessions/wnba?OffDef=Offense&FilterComparison=Exactly&FilterEvent=OnFloor&FilterValue=5&StartType=All&Season=2024&SeasonType=Regular+Season&TeamId=1611661330,200,457,02:00,"Howard Driving Layup (5 PTS)
",1,1,0,0,2024-09-08,1022400208,0,0,IND,1,0,1,02:07,Off At Rim Make,0,"[{""description"": ""Howard Driving Layup (5 PTS)"", ""url"": ""https://videos.nba.com/wnba/pbp/media/2024/09/08/1022400208/99/9272366d-0be5-b79f-d98b-66fc2ca5e3fb_960x540.mp4""}]",False,possessions,4Q/OT | margin -3..3 | 300..120,team
wnba,wnba_shot_pace,shot_pace,possessions,get-possessions,2024,Regular Season,team,"{'OffDef': 'Offense', 'FilterComparison': 'Exactly', 'FilterEvent': 'OnFloor', 'FilterValue': 5, 'StartType': 'All', 'Season': '2024', 'SeasonType': 'Regular Season', 'TeamId': '1611661330'}",shot_pace,1611661330,4Q/OT | margin -3..3 | 300..120,get-possessions__possessions__off_def-Offense__filter_comparison-Exactly__filter_event-OnFloor__filter_value-5__start_type-All__season-2024__season_type-Regular_Season__team_id-1611661330__d64e970c,get-possessions,https://api.pbpstats.com/get-possessions/wnba?OffDef=Offense&FilterComparison=Exactly&FilterEvent=OnFloor&FilterValue=5&StartType=All&Season=2024&SeasonType=Regular+Season&TeamId=1611661330,200,458,02:31,"Canada 18' Pullup Jump Shot (4 PTS)
",1,1,0,0,2024-09-08,1022400208,0,0,IND,1,0,1,02:58,Off Short Mid-Range Make,0,"[{""description"": ""Canada 18' Pullup Jump Shot (4 PTS)"", ""url"": ""https://videos.nba.com/wnba/pbp/media/2024/09/08/1022400208/87/edcc2a6a-b4a2-9435-a99a-ed16d4e96d9f_960x540.mp4""}]",False,possessions,4Q/OT | margin -3..3 | 300..120,team
wnba,wnba_shot_pace,shot_pace,possessions,get-possessions,2024,Regular Season,team,"{'OffDef': 'Offense', 'FilterComparison': 'Exactly', 'FilterEvent': 'OnFloor', 'FilterValue': 5, 'StartType': 'All', 'Season': '2024', 'SeasonType': 'Regular Season', 'TeamId': '1611661330'}",shot_pace,1611661330,4Q/OT | margin -3..3 | 300..120,get-possessions__possessions__off_def-Offense__filter_comparison-Exactly__filter_event-OnFloor__filter_value-5__start_type-All__season-2024__season_type-Regular_Season__team_id-1611661330__d64e970c,get-possessions,https://api.pbpstats.com/get-possessions/wnba?OffDef=Offense&FilterComparison=Exactly&FilterEvent=OnFloor&FilterValue=5&StartType=All&Season=2024&SeasonType=Regular+Season&TeamId=1611661330,200,459,03:09,"MISS Charles 12' Pullup Jump Shot
Smith REBOUND (Off:0 Def:1)
",1,0,0,0,2024-09-08,1022400208,0,0,IND,1,0,3,03:21,Off Arc 3 Miss,0,"[{""description"": ""MISS Charles 12' Pullup Jump Shot"", ""url"": ""https://videos.nba.com/wnba/pbp/media/2024/09/08/1022400208/84/21fa770b-3f3b-0efb-e4d7-6163940395ac_960x540.mp4""}, {""description"": ""Smith REBOUND (Off:0 Def:1)"", ""url"": ""https://videos.nba.com/wnba/pbp/media/2024/09/08/1022400208/85/e7564138-afe4-5c95-8bec-3e952b682e95_960x540.mp4""}]",False,possessions,4Q/OT | margin -3..3 | 300..120,team
wnba,wnba_shot_pace,shot_pace,possessions,get-possessions,2024,Regular Season,team,"{'OffDef': 'Offense', 'FilterComparison': 'Exactly', 'FilterEvent': 'OnFloor', 'FilterValue': 5, 'StartType': 'All', 'Season': '2024', 'SeasonType': 'Regular Season', 'TeamId': '1611661330'}",shot_pace,1611661330,4Q/OT | margin -3..3 | 300..120,get-possessions__possessions__off_def-Offense__filter_comparison-Exactly__filter_event-OnFloor__filter_value-5__start_type-All__season-2024__season_type-Regular_Season__team_id-1611661330__d64e970c,get-possessions,https://api.pbpstats.com/get-possessions/wnba?OffDef=Offense&FilterComparison=Exactly&FilterEvent=OnFloor&FilterValue=5&StartType=All&Season=2024&SeasonType=Regular+Season&TeamId=1611661330,200,460,03:37,"MISS Howard 26' 3PT Jump Shot
Boston REBOUND (Off:0 Def:2)
",0,0,1,0,2024-09-08,1022400208,0,0,IND,1,0,3,03:47,Off FT Miss,0,"[{""description"": ""MISS Howard 26' 3PT Jump Shot"", ""url"": ""https://videos.nba.com/wnba/pbp/media/2024/09/08/1022400208/80/e8031637-37cb-9a76-6505-256ef97bf358_960x540.mp4""}, {""description"": ""Boston REBOUND (Off:0 Def:2)"", ""url"": ""https://videos.nba.com/wnba/pbp/media/2024/09/08/1022400208/81/fec12a55-3ae1-f5bc-f2f6-c34620fde40b_960x540.mp4""}]",False,possessions,4Q/OT | margin -3..3 | 300..120,team
wnba,wnba_shot_pace,shot_pace,possessions,get-possessions,2024,Regular Season,team,"{'OffDef': 'Offense', 'FilterComparison': 'Exactly', 'FilterEvent': 'OnFloor', 'FilterValue': 5, 'StartType': 'All', 'Season': '2024', 'SeasonType': 'Regular Season', 'TeamId': '1611661330'}",shot_pace,1611661330,4Q/OT | margin -3..3 | 300..120,get-possessions__possessions__off_def-Offense__filter_comparison-Exactly__filter_event-OnFloor__filter_value-5__start_type-All__season-2024__season_type-Regular_Season__team_id-1611661330__d64e970c,get-possessions,https://api.pbpstats.com/get-possessions/wnba?OffDef=Offense&FilterComparison=Exactly&FilterEvent=OnFloor&FilterValue=5&StartType=All&Season=2024&SeasonType=Regular+Season&TeamId=1611661330,200,461,04:02,"MISS Howard 24' 3PT Running Jump Shot
Gray REBOUND (Off:1 Def:1)
Charles 8' Floating Jump Shot (6 PTS) (Gray 2 AST)
",1,1,1,0,2024-09-08,1022400208,0,1,IND,1,0,2,04:12,Off Steal,0,"[{""description"": ""MISS Howard 24' 3PT Running Jump Shot"", ""url"": ""https://videos.nba.com/wnba/pbp/media/2024/09/08/1022400208/71/9d9464a7-2e04-140e-d0a4-ee79718569bf_960x540.mp4""}, {""description"": ""Gray REBOUND (Off:1 Def:1)"", ""url"": ""https://videos.nba.com/wnba/pbp/media/2024/09/08/1022400208/72/8095fe4a-fe62-142e-759c-539acc1be7e8_960x540.mp4""}, {""description"": ""Charles 8' Floating Jump Shot (6 PTS) (Gray 2 AST)"", ""url"": ""https://videos.nba.com/wnba/pbp/media/2024/09/08/1022400208/73/795b0174-2b25-ac66-b6cb-e690eb8dc055_960x540.mp4""}]",False,possessions,4Q/OT | margin -3..3 | 300..120,team
wnba,wnba_shot_pace,shot_pace,possessions,get-possessions,2024,Regular Season,team,"{'OffDef': 'Offense', 'FilterComparison': 'Exactly', 'FilterEvent': 'OnFloor', 'FilterValue': 5, 'StartType': 'All', 'Season': '2024', 'SeasonType': 'Regular Season', 'TeamId': '1611661330'}",shot_pace,1611661330,4Q/OT | margin -3..3 | 300..120,get-possessions__possessions__off_def-Offense__filter_comparison-Exactly__filter_event-OnFloor__filter_value-5__start_type-All__season-2024__season_type-Regular_Season__team_id-1611661330__d64e970c,get-possessions,https://api.pbpstats.com/get-possessions/wnba?OffDef=Offense&FilterComparison=Exactly&FilterEvent=OnFloor&FilterValue=5&StartType=All&Season=2024&SeasonType=Regular+Season&TeamId=1611661330,200,462,04:43,"Canada 9' Fadeaway Jumper (2 PTS)
",1,1,0,0,2024-09-08,1022400208,0,0,IND,1,0,0,04:50,Off At Rim Miss,0,"[{""description"": ""Canada 9' Fadeaway Jumper (2 PTS)"", ""url"": ""https://videos.nba.com/wnba/pbp/media/2024/09/08/1022400208/65/c8ef281f-8d3d-fd30-61b7-0ffa2e4850fc_960x540.mp4""}]",False,possessions,4Q/OT | margin -3..3 | 300..120,team
wnba,wnba_shot_pace,shot_pace,possessions,get-possessions,2024,Regular Season,team,"{'OffDef': 'Offense', 'FilterComparison': 'Exactly', 'FilterEvent': 'OnFloor', 'FilterValue': 5, 'StartType': 'All', 'Season': '2024', 'SeasonType': 'Regular Season', 'TeamId': '1611661330'}",shot_pace,1611661330,4Q/OT | margin -3..3 | 300..120,get-possessions__possessions__off_def-Offense__filter_comparison-Exactly__filter_event-OnFloor__filter_value-5__start_type-All__season-2024__season_type-Regular_Season__team_id-1611661330__d64e970c,get-possessions,https://api.pbpstats.com/get-possessions/wnba?OffDef=Offense&FilterComparison=Exactly&FilterEvent=OnFloor&FilterValue=5&StartType=All&Season=2024&SeasonType=Regular+Season&TeamId=1611661330,200,463,05:16,"Howard 26' 3PT Jump Shot (3 PTS) (Gray 1 AST)
",0,0,1,1,2024-09-08,1022400208,0,0,IND,1,0,-3,05:30,Off At Rim Make,0,"[{""description"": ""Howard 26' 3PT Jump Shot (3 PTS) (Gray 1 AST)"", ""url"": ""https://videos.nba.com/wnba/pbp/media/2024/09/08/1022400208/60/3c2e5329-825f-8160-506d-c56a5df58d93_960x540.mp4""}]",False,possessions,4Q/OT | margin -3..3 | 300..120,team
wnba,wnba_shot_pace,shot_pace,possessions,get-possessions,2024,Regular Season,team,"{'OffDef': 'Offense', 'FilterComparison': 'Exactly', 'FilterEvent': 'OnFloor', 'FilterValue': 5, 'StartType': 'All', 'Season': '2024', 'SeasonType': 'Regular Season', 'TeamId': '1611661330'}",shot_pace,1611661330,4Q/OT | margin -3..3 | 300..120,get-possessions__possessions__off_def-Offense__filter_comparison-Exactly__filter_event-OnFloor__filter_value-5__start_type-All__season-2024__season_type-Regular_Season__team_id-1611661330__d64e970c,get-possessions,https://api.pbpstats.com/get-possessions/wnba?OffDef=Offense&FilterComparison=Exactly&FilterEvent=OnFloor&FilterValue=5&StartType=All&Season=2024&SeasonType=Regular+Season&TeamId=1611661330,200,464,05:35,"MISS Gray 6' Layup
Charles REBOUND (Off:1 Def:1)
Charles 1' Tip Layup Shot (4 PTS)
",2,1,0,0,2024-09-08,1022400208,0,1,IND,1,0,-3,05:56,Off Arc 3 Make,0,"[{""description"": ""MISS Gray 6' Layup"", ""url"": ""https://videos.nba.com/wnba/pbp/media/2024/09/08/1022400208/55/f2ad7a62-0145-76e7-29e1-58f935f76ab9_960x540.mp4""}, {""description"": ""Charles REBOUND (Off:1 Def:1)"", ""url"": ""https://videos.nba.com/wnba/pbp/media/2024/09/08/1022400208/56/5a012567-0e9d-e849-de48-d326f10001c6_960x540.mp4""}, {""description"": ""Charles 1' Tip Layup Shot (4 PTS)"", ""url"": ""https://videos.nba.com/wnba/pbp/media/2024/09/08/1022400208/57/4fafbb1b-71c3-2d5f-8e9f-4c7cfd41655a_960x540.mp4""}]",False,possessions,4Q/OT | margin -3..3 | 300..120,team
wnba,wnba_shot_pace,shot_pace,possessions,get-possessions,2024,Regular Season,team,"{'OffDef': 'Offense', 'FilterComparison': 'Exactly', 'FilterEvent': 'OnFloor', 'FilterValue': 5, 'StartType': 'All', 'Season': '2024', 'SeasonType': 'Regular Season', 'TeamId': '1611661330'}",shot_pace,1611661330,4Q/OT | margin -3..3 | 300..120,get-possessions__possessions__off_def-Offense__filter_comparison-Exactly__filter_event-OnFloor__filter_value-5__start_type-All__season-2024__season_type-Regular_Season__team_id-1611661330__d64e970c,get-possessions,https://api.pbpstats.com/get-possessions/wnba?OffDef=Offense&FilterComparison=Exactly&FilterEvent=OnFloor&FilterValue=5&StartType=All&Season=2024&SeasonType=Regular+Season&TeamId=1611661330,200,465,06:06,"MISS Charles 13' Turnaround Fadeaway Shot
Clark REBOUND (Off:0 Def:3)
",1,0,0,0,2024-09-08,1022400208,0,0,IND,1,0,0,06:20,Off Dead Ball,0,"[{""description"": ""MISS Charles 13' Turnaround Fadeaway Shot"", ""url"": ""https://videos.nba.com/wnba/pbp/media/2024/09/08/1022400208/51/f75e080d-92b7-818a-8e07-856e302bd4b0_960x540.mp4""}, {""description"": ""Clark REBOUND (Off:0 Def:3)"", ""url"": ""https://videos.nba.com/wnba/pbp/media/2024/09/08/1022400208/52/33e6a06e-a4e0-8e61-0429-fbdade6262fa_960x540.mp4""}]",False,possessions,4Q/OT | margin -3..3 | 300..120,team
wnba,wnba_shot_pace,shot_pace,possessions,get-possessions,2024,Regular Season,team,"{'OffDef': 'Offense', 'FilterComparison': 'Exactly', 'FilterEvent': 'OnFloor', 'FilterValue': 5, 'StartType': 'All', 'Season': '2024', 'SeasonType': 'Regular Season', 'TeamId': '1611661330'}",shot_pace,1611661330,4Q/OT | margin -3..3 | 300..120,get-possessions__possessions__off_def-Offense__filter_comparison-Exactly__filter_event-OnFloor__filter_value-5__start_type-All__season-2024__season_type-Regular_Season__team_id-1611661330__d64e970c,get-possessions,https://api.pbpstats.com/get-possessions/wnba?OffDef=Offense&FilterComparison=Exactly&FilterEvent=OnFloor&FilterValue=5&StartType=All&Season=2024&SeasonType=Regular+Season&TeamId=1611661330,200,466,06:32,"Hull S.FOUL (P2.T2)
MISS Hillmon Free Throw 1 of 2
Dream Rebound
MISS Hillmon Free Throw 2 of 2
Boston REBOUND (Off:0 Def:1)
",0,0,0,0,2024-09-08,1022400208,0,0,IND,1,1,0,06:43,Off Steal,0,"[{""description"": ""Hull S.FOUL (P2.T2)"", ""url"": """"}, {""description"": ""MISS Hillmon Free Throw 1 of 2"", ""url"": """"}, {""description"": ""Dream Rebound"", ""url"": """"}, {""description"": ""MISS Hillmon Free Throw 2 of 2"", ""url"": """"}, {""description"": ""Boston REBOUND (Off:0 Def:1)"", ""url"": ""https://videos.nba.com/wnba/pbp/media/2024/09/08/1022400208/49/b0a220b1-2128-71b5-7682-e9ff35137271_960x540.mp4""}]",False,possessions,4Q/OT | margin -3..3 | 300..120,team
wnba,wnba_shot_pace,shot_pace,possessions,get-possessions,2024,Regular Season,team,"{'OffDef': 'Offense', 'FilterComparison': 'Exactly', 'FilterEvent': 'OnFloor', 'FilterValue': 5, 'StartType': 'All', 'Season': '2024', 'SeasonType': 'Regular Season', 'TeamId': '1611661330'}",shot_pace,1611661330,4Q/OT | margin -3..3 | 300..120,get-possessions__possessions__off_def-Offense__filter_comparison-Exactly__filter_event-OnFloor__filter_value-5__start_type-All__season-2024__season_type-Regular_Season__team_id-1611661330__d64e970c,get-possessions,https://api.pbpstats.com/get-possessions/wnba?OffDef=Offense&FilterComparison=Exactly&FilterEvent=OnFloor&FilterValue=5&StartType=All&Season=2024&SeasonType=Regular+Season&TeamId=1611661330,200,467,06:58,"MISS Gray 2' Turnaround Jump Shot
Hillmon REBOUND (Off:1 Def:0)
Gray 25' 3PT Jump Shot (3 PTS) (Hillmon 1 AST)
",1,0,1,1,2024-09-08,1022400208,0,1,IND,1,0,-3,07:07,Off Arc 3 Miss,0,"[{""description"": ""MISS Gray 2' Turnaround Jump Shot"", ""url"": ""https://videos.nba.com/wnba/pbp/media/2024/09/08/1022400208/38/bd9e5208-e12f-855c-94d2-6090f3db3ec4_960x540.mp4""}, {""description"": ""Hillmon REBOUND (Off:1 Def:0)"", ""url"": ""https://videos.nba.com/wnba/pbp/media/2024/09/08/1022400208/39/dfed0302-06be-c1d0-e551-c6dc622ea469_960x540.mp4""}, {""description"": ""Gray 25' 3PT Jump Shot (3 PTS) (Hillmon 1 AST)"", ""url"": ""https://videos.nba.com/wnba/pbp/media/2024/09/08/1022400208/40/d27d3a59-a67f-7b45-0668-4915f719ceaf_960x540.mp4""}]",False,possessions,4Q/OT | margin -3..3 | 300..120,team
wnba,wnba_shot_pace,shot_pace,possessions,get-possessions,2024,Regular Season,team,"{'OffDef': 'Offense', 'FilterComparison': 'Exactly', 'FilterEvent': 'OnFloor', 'FilterValue': 5, 'StartType': 'All', 'Season': '2024', 'SeasonType': 'Regular Season', 'TeamId': '1611661330'}",shot_pace,1611661330,4Q/OT | margin -3..3 | 300..120,get-possessions__possessions__off_def-Offense__filter_comparison-Exactly__filter_event-OnFloor__filter_value-5__start_type-All__season-2024__season_type-Regular_Season__team_id-1611661330__d64e970c,get-possessions,https://api.pbpstats.com/get-possessions/wnba?OffDef=Offense&FilterComparison=Exactly&FilterEvent=OnFloor&FilterValue=5&StartType=All&Season=2024&SeasonType=Regular+Season&TeamId=1611661330,200,468,07:18,"Smith STEAL (1 STL): Howard Lost Ball Turnover (P1.T1)
",0,0,0,0,2024-09-08,1022400208,0,0,IND,1,0,-3,07:21,Off Steal,1,"[{""description"": ""Smith STEAL (1 STL): Howard Lost Ball Turnover (P1.T1)"", ""url"": ""https://videos.nba.com/wnba/pbp/media/2024/09/08/1022400208/34/22975405-8d36-b26c-43be-696c1c0a5030_960x540.mp4""}]",False,possessions,4Q/OT | margin -3..3 | 300..120,team
wnba,wnba_shot_pace,shot_pace,possessions,get-possessions,2024,Regular Season,team,"{'OffDef': 'Offense', 'FilterComparison': 'Exactly', 'FilterEvent': 'OnFloor', 'FilterValue': 5, 'StartType': 'All', 'Season': '2024', 'SeasonType': 'Regular Season', 'TeamId': '1611661330'}",shot_pace,1611661330,4Q/OT | margin -3..3 | 300..120,get-possessions__possessions__off_def-Offense__filter_comparison-Exactly__filter_event-OnFloor__filter_value-5__start_type-All__season-2024__season_type-Regular_Season__team_id-1611661330__d64e970c,get-possessions,https://api.pbpstats.com/get-possessions/wnba?OffDef=Offense&FilterComparison=Exactly&FilterEvent=OnFloor&FilterValue=5&StartType=All&Season=2024&SeasonType=Regular+Season&TeamId=1611661330,200,469,07:22,"Boston BLOCK (1 BLK): MISS Charles 3' Layup
FEVER Rebound
",1,0,0,0,2024-09-08,1022400208,0,0,IND,1,0,-3,07:44,Off Dead Ball,0,"[{""description"": ""Boston BLOCK (1 BLK): MISS Charles 3' Layup"", ""url"": ""https://videos.nba.com/wnba/pbp/media/2024/09/08/1022400208/26/ec56d401-ef1f-4a2e-8079-589f74cb9d31_960x540.mp4""}, {""description"": ""FEVER Rebound"", ""url"": """"}]",False,possessions,4Q/OT | margin -3..3 | 300..120,team
wnba,wnba_shot_pace,shot_pace,possessions,get-possessions,2024,Regular Season,team,"{'OffDef': 'Offense', 'FilterComparison': 'Exactly', 'FilterEvent': 'OnFloor', 'FilterValue': 5, 'StartType': 'All', 'Season': '2024', 'SeasonType': 'Regular Season', 'TeamId': '1611661330'}",shot_pace,1611661330,4Q/OT | margin -3..3 | 300..120,get-possessions__possessions__off_def-Offense__filter_comparison-Exactly__filter_event-OnFloor__filter_value-5__start_type-All__season-2024__season_type-Regular_Season__team_id-1611661330__d64e970c,get-possessions,https://api.pbpstats.com/get-possessions/wnba?OffDef=Offense&FilterComparison=Exactly&FilterEvent=OnFloor&FilterValue=5&StartType=All&Season=2024&SeasonType=Regular+Season&TeamId=1611661330,200,470,08:12,"Hull P.FOUL (P1.T1)
Charles 12' Fadeaway Jumper (2 PTS)
",1,1,0,0,2024-09-08,1022400208,0,0,IND,1,0,-5,08:33,Off Long Mid-Range Miss,0,"[{""description"": ""Hull P.FOUL (P1.T1)"", ""url"": """"}, {""description"": ""Charles 12' Fadeaway Jumper (2 PTS)"", ""url"": ""https://videos.nba.com/wnba/pbp/media/2024/09/08/1022400208/21/6edf67a8-be7a-8949-8c46-34b7c2859ab7_960x540.mp4""}]",False,possessions,4Q/OT | margin -3..3 | 300..120,team
wnba,wnba_shot_pace,shot_pace,possessions,get-possessions,2024,Regular Season,team,"{'OffDef': 'Offense', 'FilterComparison': 'Exactly', 'FilterEvent': 'OnFloor', 'FilterValue': 5, 'StartType': 'All', 'Season': '2024', 'SeasonType': 'Regular Season', 'TeamId': '1611661330'}",shot_pace,1611661330,4Q/OT | margin -3..3 | 300..120,get-possessions__possessions__off_def-Offense__filter_comparison-Exactly__filter_event-OnFloor__filter_value-5__start_type-All__season-2024__season_type-Regular_Season__team_id-1611661330__d64e970c,get-possessions,https://api.pbpstats.com/get-possessions/wnba?OffDef=Offense&FilterComparison=Exactly&FilterEvent=OnFloor&FilterValue=5&StartType=All&Season=2024&SeasonType=Regular+Season&TeamId=1611661330,200,471,08:46,"MISS Gray 24' 3PT Jump Shot
Clark REBOUND (Off:0 Def:2)
",0,0,1,0,2024-09-08,1022400208,0,0,IND,1,0,-5,09:07,Off Arc 3 Make,0,"[{""description"": ""MISS Gray 24' 3PT Jump Shot"", ""url"": ""https://videos.nba.com/wnba/pbp/media/2024/09/08/1022400208/15/8340fde0-77b0-4987-d404-8630b509e322_960x540.mp4""}, {""description"": ""Clark REBOUND (Off:0 Def:2)"", ""url"": ""https://videos.nba.com/wnba/pbp/media/2024/09/08/1022400208/16/551ae71d-e389-cdba-3e3c-64cbd60da187_960x540.mp4""}]",False,possessions,4Q/OT | margin -3..3 | 300..120,team
wnba,wnba_shot_pace,shot_pace,possessions,get-possessions,2024,Regular Season,team,"{'OffDef': 'Offense', 'FilterComparison': 'Exactly', 'FilterEvent': 'OnFloor', 'FilterValue': 5, 'StartType': 'All', 'Season': '2024', 'SeasonType': 'Regular Season', 'TeamId': '1611661330'}",shot_pace,1611661330,4Q/OT | margin -3..3 | 300..120,get-possessions__possessions__off_def-Offense__filter_comparison-Exactly__filter_event-OnFloor__filter_value-5__start_type-All__season-2024__season_type-Regular_Season__team_id-1611661330__d64e970c,get-possessions,https://api.pbpstats.com/get-possessions/wnba?OffDef=Offense&FilterComparison=Exactly&FilterEvent=OnFloor&FilterValue=5&StartType=All&Season=2024&SeasonType=Regular+Season&TeamId=1611661330,200,472,09:28,"MISS Charles 16' Pullup Jump Shot
Clark REBOUND (Off:0 Def:1)
",1,0,0,0,2024-09-08,1022400208,0,0,IND,1,0,-2,09:46,Off FT Make,0,"[{""description"": ""MISS Charles 16' Pullup Jump Shot"", ""url"": ""https://videos.nba.com/wnba/pbp/media/2024/09/08/1022400208/11/684229be-65bc-91f8-fc8b-4ba73c32e5c2_960x540.mp4""}, {""description"": ""Clark REBOUND (Off:0 Def:1)"", ""url"": ""https://videos.nba.com/wnba/pbp/media/2024/09/08/1022400208/12/6ff44285-295e-6876-086a-fbb0feb8de27_960x540.mp4""}]",False,possessions,4Q/OT | margin -3..3 | 300..120,team
wnba,wnba_shot_pace,shot_pace,possessions,get-possessions,2024,Regular Season,team,"{'OffDef': 'Offense', 'FilterComparison': 'Exactly', 'FilterEvent': 'OnFloor', 'FilterValue': 5, 'StartType': 'All', 'Season': '2024', 'SeasonType': 'Regular Season', 'TeamId': '1611661330'}",shot_pace,1611661330,4Q/OT | margin -3..3 | 300..120,get-possessions__possessions__off_def-Offense__filter_comparison-Exactly__filter_event-OnFloor__filter_value-5__start_type-All__season-2024__season_type-Regular_Season__team_id-1611661330__d64e970c,get-possessions,https://api.pbpstats.com/get-possessions/wnba?OffDef=Offense&FilterComparison=Exactly&FilterEvent=OnFloor&FilterValue=5&StartType=All&Season=2024&SeasonType=Regular+Season&TeamId=1611661330,200,473,00:06,"DREAM Turnover: Shot Clock (T#10)
",0,0,0,0,2024-09-06,1022400202,0,0,DAL,5,0,11,00:30,Off Dead Ball,1,"[{""description"": ""DREAM Turnover: Shot Clock (T#10)"", ""url"": """"}]",False,possessions,4Q/OT | margin -3..3 | 300..120,team
wnba,wnba_shot_pace,shot_pace,possessions,get-possessions,2024,Regular Season,team,"{'OffDef': 'Offense', 'FilterComparison': 'Exactly', 'FilterEvent': 'OnFloor', 'FilterValue': 5, 'StartType': 'All', 'Season': '2024', 'SeasonType': 'Regular Season', 'TeamId': '1611661330'}",shot_pace,1611661330,4Q/OT | margin -3..3 | 300..120,get-possessions__possessions__off_def-Offense__filter_comparison-Exactly__filter_event-OnFloor__filter_value-5__start_type-All__season-2024__season_type-Regular_Season__team_id-1611661330__d64e970c,get-possessions,https://api.pbpstats.com/get-possessions/wnba?OffDef=Offense&FilterComparison=Exactly&FilterEvent=OnFloor&FilterValue=5&StartType=All&Season=2024&SeasonType=Regular+Season&TeamId=1611661330,200,474,00:36,"Ogunbowale Personal Take Foul (P3.PN)
Gray Free Throw 1 of 2 (19 PTS)
MISS Gray Free Throw 2 of 2
Howard REBOUND (Off:2 Def:6)
",0,0,0,0,2024-09-06,1022400202,1,0,DAL,5,0,10,00:38,Off Long Mid-Range Miss,0,"[{""description"": ""Ogunbowale Personal Take Foul (P3.PN)"", ""url"": """"}, {""description"": ""Gray Free Throw 1 of 2 (19 PTS)"", ""url"": """"}, {""description"": ""MISS Gray Free Throw 2 of 2"", ""url"": """"}, {""description"": ""Howard REBOUND (Off:2 Def:6)"", ""url"": ""https://videos.nba.com/wnba/pbp/media/2024/09/06/1022400202/598/e6ff9fc0-437f-9ed2-b357-7d20c38af99a_960x540.mp4""}]",False,possessions,4Q/OT | margin -3..3 | 300..120,team
wnba,wnba_shot_pace,shot_pace,possessions,get-possessions,2024,Regular Season,team,"{'OffDef': 'Offense', 'FilterComparison': 'Exactly', 'FilterEvent': 'OnFloor', 'FilterValue': 5, 'StartType': 'All', 'Season': '2024', 'SeasonType': 'Regular Season', 'TeamId': '1611661330'}",shot_pace,1611661330,4Q/OT | margin -3..3 | 300..120,get-possessions__possessions__off_def-Offense__filter_comparison-Exactly__filter_event-OnFloor__filter_value-5__start_type-All__season-2024__season_type-Regular_Season__team_id-1611661330__d64e970c,get-possessions,https://api.pbpstats.com/get-possessions/wnba?OffDef=Offense&FilterComparison=Exactly&FilterEvent=OnFloor&FilterValue=5&StartType=All&Season=2024&SeasonType=Regular+Season&TeamId=1611661330,200,475,00:46,"Ogunbowale Personal Take Foul (P2.PN)
Canada Free Throw 1 of 2 (14 PTS)
Canada Free Throw 2 of 2 (15 PTS)
",0,0,0,0,2024-09-06,1022400202,1,0,DAL,5,0,8,00:53,Off Dead Ball,0,"[{""description"": ""Ogunbowale Personal Take Foul (P2.PN)"", ""url"": """"}, {""description"": ""Canada Free Throw 1 of 2 (14 PTS)"", ""url"": """"}, {""description"": ""Canada Free Throw 2 of 2 (15 PTS)"", ""url"": """"}]",False,possessions,4Q/OT | margin -3..3 | 300..120,team
wnba,wnba_shot_pace,shot_pace,possessions,get-possessions,2024,Regular Season,team,"{'OffDef': 'Offense', 'FilterComparison': 'Exactly', 'FilterEvent': 'OnFloor', 'FilterValue': 5, 'StartType': 'All', 'Season': '2024', 'SeasonType': 'Regular Season', 'TeamId': '1611661330'}",shot_pace,1611661330,4Q/OT | margin -3..3 | 300..120,get-possessions__possessions__off_def-Offense__filter_comparison-Exactly__filter_event-OnFloor__filter_value-5__start_type-All__season-2024__season_type-Regular_Season__team_id-1611661330__d64e970c,get-possessions,https://api.pbpstats.com/get-possessions/wnba?OffDef=Offense&FilterComparison=Exactly&FilterEvent=OnFloor&FilterValue=5&StartType=All&Season=2024&SeasonType=Regular+Season&TeamId=1611661330,200,476,01:02,"MISS Gray 24' 3PT Jump Shot
Charles REBOUND (Off:5 Def:8)
MISS Canada 19' Step Back Jump Shot
Gray REBOUND (Off:3 Def:4)
Sabally P.FOUL (P5.T1)
Charles 4' Hook Shot (20 PTS) (Canada 10 AST)
",2,1,1,0,2024-09-06,1022400202,0,2,DAL,5,0,6,01:52,Off Dead Ball,0,"[{""description"": ""MISS Gray 24' 3PT Jump Shot"", ""url"": ""https://videos.nba.com/wnba/pbp/media/2024/09/06/1022400202/568/e34abe92-78d5-8f80-c854-8753a63f98a0_960x540.mp4""}, {""description"": ""Charles REBOUND (Off:5 Def:8)"", ""url"": ""https://videos.nba.com/wnba/pbp/media/2024/09/06/1022400202/569/d0772555-039e-0ec5-af54-c28779226cfa_960x540.mp4""}, {""description"": ""MISS Canada 19' Step Back Jump Shot"", ""url"": ""https://videos.nba.com/wnba/pbp/media/2024/09/06/1022400202/570/7fc5127b-135a-b365-118f-683986826d63_960x540.mp4""}, {""description"": ""Gray REBOUND (Off:3 Def:4)"", ""url"": ""https://videos.nba.com/wnba/pbp/media/2024/09/06/1022400202/571/6707174b-62d7-45ba-a882-552e645dd80a_960x540.mp4""}, {""description"": ""Sabally P.FOUL (P5.T1)"", ""url"": """"}, {""description"": ""Charles 4' Hook Shot (20 PTS) (Canada 10 AST)"", ""url"": ""https://videos.nba.com/wnba/pbp/media/2024/09/06/1022400202/576/0b484ca5-e029-86a5-1474-4a7e13c85228_960x540.mp4""}]",False,possessions,4Q/OT | margin -3..3 | 300..120,team
wnba,wnba_shot_pace,shot_pace,possessions,get-possessions,2024,Regular Season,team,"{'OffDef': 'Offense', 'FilterComparison': 'Exactly', 'FilterEvent': 'OnFloor', 'FilterValue': 5, 'StartType': 'All', 'Season': '2024', 'SeasonType': 'Regular Season', 'TeamId': '1611661330'}",shot_pace,1611661330,4Q/OT | margin -3..3 | 300..120,get-possessions__possessions__off_def-Offense__filter_comparison-Exactly__filter_event-OnFloor__filter_value-5__start_type-All__season-2024__season_type-Regular_Season__team_id-1611661330__d64e970c,get-possessions,https://api.pbpstats.com/get-possessions/wnba?OffDef=Offense&FilterComparison=Exactly&FilterEvent=OnFloor&FilterValue=5&StartType=All&Season=2024&SeasonType=Regular+Season&TeamId=1611661330,200,477,02:18,"MISS Howard 19' Pullup Jump Shot
Howard REBOUND (Off:2 Def:5)
",1,0,0,0,2024-09-06,1022400202,0,0,DAL,5,0,6,02:37,Off Arc 3 Miss,0,"[{""description"": ""MISS Howard 19' Pullup Jump Shot"", ""url"": ""https://videos.nba.com/wnba/pbp/media/2024/09/06/1022400202/559/97d5d775-34d1-3aca-2350-1ec7071092ec_960x540.mp4""}, {""description"": ""Howard REBOUND (Off:2 Def:5)"", ""url"": ""https://videos.nba.com/wnba/pbp/media/2024/09/06/1022400202/560/9b8c617f-fce8-f318-c455-03554585dc6c_960x540.mp4""}]",False,possessions,4Q/OT | margin -3..3 | 300..120,team
wnba,wnba_shot_pace,shot_pace,possessions,get-possessions,2024,Regular Season,team,"{'OffDef': 'Offense', 'FilterComparison': 'Exactly', 'FilterEvent': 'OnFloor', 'FilterValue': 5, 'StartType': 'All', 'Season': '2024', 'SeasonType': 'Regular Season', 'TeamId': '1611661330'}",shot_pace,1611661330,4Q/OT | margin -3..3 | 300..120,get-possessions__possessions__off_def-Offense__filter_comparison-Exactly__filter_event-OnFloor__filter_value-5__start_type-All__season-2024__season_type-Regular_Season__team_id-1611661330__d64e970c,get-possessions,https://api.pbpstats.com/get-possessions/wnba?OffDef=Offense&FilterComparison=Exactly&FilterEvent=OnFloor&FilterValue=5&StartType=All&Season=2024&SeasonType=Regular+Season&TeamId=1611661330,200,478,03:00,"Howard 25' 3PT Step Back Jump Shot (33 PTS)
",0,0,1,1,2024-09-06,1022400202,0,0,DAL,5,0,3,03:25,Off At Rim Make,0,"[{""description"": ""Howard 25' 3PT Step Back Jump Shot (33 PTS)"", ""url"": ""https://videos.nba.com/wnba/pbp/media/2024/09/06/1022400202/556/1a25ac0f-a757-d43c-4226-364df9ad4d90_960x540.mp4""}]",False,possessions,4Q/OT | margin -3..3 | 300..120,team
wnba,wnba_shot_pace,shot_pace,possessions,get-possessions,2024,Regular Season,team,"{'OffDef': 'Offense', 'FilterComparison': 'Exactly', 'FilterEvent': 'OnFloor', 'FilterValue': 5, 'StartType': 'All', 'Season': '2024', 'SeasonType': 'Regular Season', 'TeamId': '1611661330'}",shot_pace,1611661330,4Q/OT | margin -3..3 | 300..120,get-possessions__possessions__off_def-Offense__filter_comparison-Exactly__filter_event-OnFloor__filter_value-5__start_type-All__season-2024__season_type-Regular_Season__team_id-1611661330__d64e970c,get-possessions,https://api.pbpstats.com/get-possessions/wnba?OffDef=Offense&FilterComparison=Exactly&FilterEvent=OnFloor&FilterValue=5&StartType=All&Season=2024&SeasonType=Regular+Season&TeamId=1611661330,200,479,03:39,"Canada 14' Turnaround Fadeaway (13 PTS)
",1,1,0,0,2024-09-06,1022400202,0,0,DAL,5,0,3,04:05,Off Short Mid-Range Make,0,"[{""description"": ""Canada 14' Turnaround Fadeaway (13 PTS)"", ""url"": ""https://videos.nba.com/wnba/pbp/media/2024/09/06/1022400202/553/9a3adbfa-d958-8e85-2456-ac1ba32faee2_960x540.mp4""}]",False,possessions,4Q/OT | margin -3..3 | 300..120,team
wnba,wnba_shot_pace,shot_pace,possessions,get-possessions,2024,Regular Season,team,"{'OffDef': 'Offense', 'FilterComparison': 'Exactly', 'FilterEvent': 'OnFloor', 'FilterValue': 5, 'StartType': 'All', 'Season': '2024', 'SeasonType': 'Regular Season', 'TeamId': '1611661330'}",shot_pace,1611661330,4Q/OT | margin -3..3 | 300..120,get-possessions__possessions__off_def-Offense__filter_comparison-Exactly__filter_event-OnFloor__filter_value-5__start_type-All__season-2024__season_type-Regular_Season__team_id-1611661330__d64e970c,get-possessions,https://api.pbpstats.com/get-possessions/wnba?OffDef=Offense&FilterComparison=Exactly&FilterEvent=OnFloor&FilterValue=5&StartType=All&Season=2024&SeasonType=Regular+Season&TeamId=1611661330,200,480,04:19,"Gray 3PT Running Pull-Up Jump Shot (18 PTS) (Canada 9 AST)
",0,0,1,1,2024-09-06,1022400202,0,0,DAL,5,0,2,04:24,Off Steal,0,"[{""description"": ""Gray 3PT Running Pull-Up Jump Shot (18 PTS) (Canada 9 AST)"", ""url"": ""https://videos.nba.com/wnba/pbp/media/2024/09/06/1022400202/549/75be8796-e5c3-f840-a47f-c8eea2cba69a_960x540.mp4""}]",False,possessions,4Q/OT | margin -3..3 | 300..120,team
wnba,wnba_shot_pace,shot_pace,possessions,get-possessions,2024,Regular Season,team,"{'OffDef': 'Offense', 'FilterComparison': 'Exactly', 'FilterEvent': 'OnFloor', 'FilterValue': 5, 'StartType': 'All', 'Season': '2024', 'SeasonType': 'Regular Season', 'TeamId': '1611661330'}",shot_pace,1611661330,4Q/OT | margin -3..3 | 300..120,get-possessions__possessions__off_def-Offense__filter_comparison-Exactly__filter_event-OnFloor__filter_value-5__start_type-All__season-2024__season_type-Regular_Season__team_id-1611661330__d64e970c,get-possessions,https://api.pbpstats.com/get-possessions/wnba?OffDef=Offense&FilterComparison=Exactly&FilterEvent=OnFloor&FilterValue=5&StartType=All&Season=2024&SeasonType=Regular+Season&TeamId=1611661330,200,481,04:39,"Hillmon 2' Layup (18 PTS) (Canada 8 AST)
",1,1,0,0,2024-09-06,1022400202,0,0,DAL,5,0,0,05:00,Off Dead Ball,0,"[{""description"": ""Hillmon 2' Layup (18 PTS) (Canada 8 AST)"", ""url"": ""https://videos.nba.com/wnba/pbp/media/2024/09/06/1022400202/545/347cb86c-c225-94cb-0e33-79f6dbf5c9ef_960x540.mp4""}]",False,possessions,4Q/OT | margin -3..3 | 300..120,team
wnba,wnba_shot_pace,shot_pace,possessions,get-possessions,2024,Regular Season,team,"{'OffDef': 'Offense', 'FilterComparison': 'Exactly', 'FilterEvent': 'OnFloor', 'FilterValue': 5, 'StartType': 'All', 'Season': '2024', 'SeasonType': 'Regular Season', 'TeamId': '1611661330'}",shot_pace,1611661330,4Q/OT | margin -3..3 | 300..120,get-possessions__possessions__off_def-Offense__filter_comparison-Exactly__filter_event-OnFloor__filter_value-5__start_type-All__season-2024__season_type-Regular_Season__team_id-1611661330__d64e970c,get-possessions,https://api.pbpstats.com/get-possessions/wnba?OffDef=Offense&FilterComparison=Exactly&FilterEvent=OnFloor&FilterValue=5&StartType=All&Season=2024&SeasonType=Regular+Season&TeamId=1611661330,200,482,00:19,"McCowan S.FOUL (P5.PN)
MISS Howard Free Throw 1 of 2
DREAM Rebound
Howard Free Throw 2 of 2 (30 PTS)
",0,0,0,0,2024-09-06,1022400202,0,0,DAL,4,1,1,00:38,Off Timeout,0,"[{""description"": ""McCowan S.FOUL (P5.PN)"", ""url"": """"}, {""description"": ""MISS Howard Free Throw 1 of 2"", ""url"": """"}, {""description"": ""DREAM Rebound"", ""url"": """"}, {""description"": ""Howard Free Throw 2 of 2 (30 PTS)"", ""url"": """"}]",False,possessions,4Q/OT | margin -3..3 | 300..120,team
wnba,wnba_shot_pace,shot_pace,possessions,get-possessions,2024,Regular Season,team,"{'OffDef': 'Offense', 'FilterComparison': 'Exactly', 'FilterEvent': 'OnFloor', 'FilterValue': 5, 'StartType': 'All', 'Season': '2024', 'SeasonType': 'Regular Season', 'TeamId': '1611661330'}",shot_pace,1611661330,4Q/OT | margin -3..3 | 300..120,get-possessions__possessions__off_def-Offense__filter_comparison-Exactly__filter_event-OnFloor__filter_value-5__start_type-All__season-2024__season_type-Regular_Season__team_id-1611661330__d64e970c,get-possessions,https://api.pbpstats.com/get-possessions/wnba?OffDef=Offense&FilterComparison=Exactly&FilterEvent=OnFloor&FilterValue=5&StartType=All&Season=2024&SeasonType=Regular+Season&TeamId=1611661330,200,483,01:00,"Charles 7' Hook Shot (18 PTS) (Canada 7 AST)
",1,1,0,0,2024-09-06,1022400202,0,0,DAL,4,0,0,01:13,Off Timeout,0,"[{""description"": ""Charles 7' Hook Shot (18 PTS) (Canada 7 AST)"", ""url"": ""https://videos.nba.com/wnba/pbp/media/2024/09/06/1022400202/514/dbf1eafb-4377-714b-1aa3-7a573b50fe32_960x540.mp4""}]",False,possessions,4Q/OT | margin -3..3 | 300..120,team
wnba,wnba_shot_pace,shot_pace,possessions,get-possessions,2024,Regular Season,team,"{'OffDef': 'Offense', 'FilterComparison': 'Exactly', 'FilterEvent': 'OnFloor', 'FilterValue': 5, 'StartType': 'All', 'Season': '2024', 'SeasonType': 'Regular Season', 'TeamId': '1611661330'}",shot_pace,1611661330,4Q/OT | margin -3..3 | 300..120,get-possessions__possessions__off_def-Offense__filter_comparison-Exactly__filter_event-OnFloor__filter_value-5__start_type-All__season-2024__season_type-Regular_Season__team_id-1611661330__d64e970c,get-possessions,https://api.pbpstats.com/get-possessions/wnba?OffDef=Offense&FilterComparison=Exactly&FilterEvent=OnFloor&FilterValue=5&StartType=All&Season=2024&SeasonType=Regular+Season&TeamId=1611661330,200,484,01:25,"MISS Gray 12' Turnaround Jump Shot
Charles REBOUND (Off:4 Def:8)
Charles 1' Putback Layup (16 PTS)
",2,1,0,0,2024-09-06,1022400202,0,1,DAL,4,0,-2,01:41,Off FT Make,0,"[{""description"": ""MISS Gray 12' Turnaround Jump Shot"", ""url"": ""https://videos.nba.com/wnba/pbp/media/2024/09/06/1022400202/509/41111a86-660d-a809-e670-910859fd8216_960x540.mp4""}, {""description"": ""Charles REBOUND (Off:4 Def:8)"", ""url"": ""https://videos.nba.com/wnba/pbp/media/2024/09/06/1022400202/510/89515831-74e4-3a43-275c-b109e50990fe_960x540.mp4""}, {""description"": ""Charles 1' Putback Layup (16 PTS)"", ""url"": ""https://videos.nba.com/wnba/pbp/media/2024/09/06/1022400202/511/9566d3b2-a159-a3d3-af5f-4f762d9d218c_960x540.mp4""}]",False,possessions,4Q/OT | margin -3..3 | 300..120,team
wnba,wnba_shot_pace,shot_pace,possessions,get-possessions,2024,Regular Season,team,"{'OffDef': 'Offense', 'FilterComparison': 'Exactly', 'FilterEvent': 'OnFloor', 'FilterValue': 5, 'StartType': 'All', 'Season': '2024', 'SeasonType': 'Regular Season', 'TeamId': '1611661330'}",shot_pace,1611661330,4Q/OT | margin -3..3 | 300..120,get-possessions__possessions__off_def-Offense__filter_comparison-Exactly__filter_event-OnFloor__filter_value-5__start_type-All__season-2024__season_type-Regular_Season__team_id-1611661330__d64e970c,get-possessions,https://api.pbpstats.com/get-possessions/wnba?OffDef=Offense&FilterComparison=Exactly&FilterEvent=OnFloor&FilterValue=5&StartType=All&Season=2024&SeasonType=Regular+Season&TeamId=1611661330,200,485,01:59,"MISS Howard 4' Driving Layup: Ogunbowale BLOCK (1 BLK)
DREAM Rebound
Sabally S.FOUL (P4.T4)
MISS Hillmon Free Throw 1 of 2
DREAM Rebound
MISS Hillmon Free Throw 2 of 2
Howard REBOUND (Off:2 Def:4)
",1,0,0,0,2024-09-06,1022400202,0,1,DAL,4,1,0,02:07,Off Block,0,"[{""description"": ""MISS Howard 4' Driving Layup: Ogunbowale BLOCK (1 BLK)"", ""url"": ""https://videos.nba.com/wnba/pbp/media/2024/09/06/1022400202/494/cfcc9d8b-fffb-fe6e-c491-b5325a416400_960x540.mp4""}, {""description"": ""DREAM Rebound"", ""url"": """"}, {""description"": ""Sabally S.FOUL (P4.T4)"", ""url"": """"}, {""description"": ""MISS Hillmon Free Throw 1 of 2"", ""url"": """"}, {""description"": ""DREAM Rebound"", ""url"": """"}, {""description"": ""MISS Hillmon Free Throw 2 of 2"", ""url"": """"}, {""description"": ""Howard REBOUND (Off:2 Def:4)"", ""url"": ""https://videos.nba.com/wnba/pbp/media/2024/09/06/1022400202/502/35748309-1fb0-1e35-b5c1-8d2800b52fff_960x540.mp4""}]",False,possessions,4Q/OT | margin -3..3 | 300..120,team
wnba,wnba_shot_pace,shot_pace,possessions,get-possessions,2024,Regular Season,team,"{'OffDef': 'Offense', 'FilterComparison': 'Exactly', 'FilterEvent': 'OnFloor', 'FilterValue': 5, 'StartType': 'All', 'Season': '2024', 'SeasonType': 'Regular Season', 'TeamId': '1611661330'}",shot_pace,1611661330,4Q/OT | margin -3..3 | 300..120,get-possessions__possessions__off_def-Offense__filter_comparison-Exactly__filter_event-OnFloor__filter_value-5__start_type-All__season-2024__season_type-Regular_Season__team_id-1611661330__d64e970c,get-possessions,https://api.pbpstats.com/get-possessions/wnba?OffDef=Offense&FilterComparison=Exactly&FilterEvent=OnFloor&FilterValue=5&StartType=All&Season=2024&SeasonType=Regular+Season&TeamId=1611661330,200,486,02:22,"Howard 2' Driving Layup (29 PTS)
",1,1,0,0,2024-09-06,1022400202,0,0,DAL,4,0,-2,02:36,Off Short Mid-Range Miss,0,"[{""description"": ""Howard 2' Driving Layup (29 PTS)"", ""url"": ""https://videos.nba.com/wnba/pbp/media/2024/09/06/1022400202/490/89448c13-1363-195e-2869-b0403e5c81da_960x540.mp4""}]",False,possessions,4Q/OT | margin -3..3 | 300..120,team
wnba,wnba_shot_pace,shot_pace,possessions,get-possessions,2024,Regular Season,team,"{'OffDef': 'Offense', 'FilterComparison': 'Exactly', 'FilterEvent': 'OnFloor', 'FilterValue': 5, 'StartType': 'All', 'Season': '2024', 'SeasonType': 'Regular Season', 'TeamId': '1611661330'}",shot_pace,1611661330,4Q/OT | margin -3..3 | 300..120,get-possessions__possessions__off_def-Offense__filter_comparison-Exactly__filter_event-OnFloor__filter_value-5__start_type-All__season-2024__season_type-Regular_Season__team_id-1611661330__d64e970c,get-possessions,https://api.pbpstats.com/get-possessions/wnba?OffDef=Offense&FilterComparison=Exactly&FilterEvent=OnFloor&FilterValue=5&StartType=All&Season=2024&SeasonType=Regular+Season&TeamId=1611661330,200,487,02:52,"MISS Howard 3PT Jump Shot
Wings Rebound
",0,0,1,0,2024-09-06,1022400202,0,0,DAL,4,0,-2,03:15,Off At Rim Make,0,"[{""description"": ""MISS Howard 3PT Jump Shot"", ""url"": ""https://videos.nba.com/wnba/pbp/media/2024/09/06/1022400202/483/bb6ac302-9f45-6396-1642-eb3772e7b4eb_960x540.mp4""}, {""description"": ""Wings Rebound"", ""url"": """"}]",False,possessions,4Q/OT | margin -3..3 | 300..120,team
wnba,wnba_shot_pace,shot_pace,possessions,get-possessions,2024,Regular Season,team,"{'OffDef': 'Offense', 'FilterComparison': 'Exactly', 'FilterEvent': 'OnFloor', 'FilterValue': 5, 'StartType': 'All', 'Season': '2024', 'SeasonType': 'Regular Season', 'TeamId': '1611661330'}",shot_pace,1611661330,4Q/OT | margin -3..3 | 300..120,get-possessions__possessions__off_def-Offense__filter_comparison-Exactly__filter_event-OnFloor__filter_value-5__start_type-All__season-2024__season_type-Regular_Season__team_id-1611661330__d64e970c,get-possessions,https://api.pbpstats.com/get-possessions/wnba?OffDef=Offense&FilterComparison=Exactly&FilterEvent=OnFloor&FilterValue=5&StartType=All&Season=2024&SeasonType=Regular+Season&TeamId=1611661330,200,488,03:28,"Howard 25' 3PT Jump Shot (27 PTS) (Canada 6 AST)
",0,0,1,1,2024-09-06,1022400202,0,0,DAL,4,0,-3,03:33,Off Steal,0,"[{""description"": ""Howard 25' 3PT Jump Shot (27 PTS) (Canada 6 AST)"", ""url"": ""https://videos.nba.com/wnba/pbp/media/2024/09/06/1022400202/478/dd5cc4b2-5321-803d-b947-12b4bb212c4c_960x540.mp4""}]",False,possessions,4Q/OT | margin -3..3 | 300..120,team
wnba,wnba_shot_pace,shot_pace,possessions,get-possessions,2024,Regular Season,team,"{'OffDef': 'Offense', 'FilterComparison': 'Exactly', 'FilterEvent': 'OnFloor', 'FilterValue': 5, 'StartType': 'All', 'Season': '2024', 'SeasonType': 'Regular Season', 'TeamId': '1611661330'}",shot_pace,1611661330,4Q/OT | margin -3..3 | 300..120,get-possessions__possessions__off_def-Offense__filter_comparison-Exactly__filter_event-OnFloor__filter_value-5__start_type-All__season-2024__season_type-Regular_Season__team_id-1611661330__d64e970c,get-possessions,https://api.pbpstats.com/get-possessions/wnba?OffDef=Offense&FilterComparison=Exactly&FilterEvent=OnFloor&FilterValue=5&StartType=All&Season=2024&SeasonType=Regular+Season&TeamId=1611661330,200,489,03:34,"MISS Charles 4' Driving Layup
Charles REBOUND (Off:3 Def:7)
Charles 1' Putback Layup (14 PTS)
",2,1,0,0,2024-09-06,1022400202,0,1,DAL,4,0,-5,03:58,Off Steal,0,"[{""description"": ""MISS Charles 4' Driving Layup"", ""url"": ""https://videos.nba.com/wnba/pbp/media/2024/09/06/1022400202/473/72ffbab2-20e9-903d-1be1-eb34aa858ddc_960x540.mp4""}, {""description"": ""Charles REBOUND (Off:3 Def:7)"", ""url"": ""https://videos.nba.com/wnba/pbp/media/2024/09/06/1022400202/474/ddf50e11-531f-32f5-df7b-881f66da345a_960x540.mp4""}, {""description"": ""Charles 1' Putback Layup (14 PTS)"", ""url"": ""https://videos.nba.com/wnba/pbp/media/2024/09/06/1022400202/475/40330c9a-f1fd-f2ac-6386-ede58fddd0cc_960x540.mp4""}]",False,possessions,4Q/OT | margin -3..3 | 300..120,team
wnba,wnba_shot_pace,shot_pace,possessions,get-possessions,2024,Regular Season,team,"{'OffDef': 'Offense', 'FilterComparison': 'Exactly', 'FilterEvent': 'OnFloor', 'FilterValue': 5, 'StartType': 'All', 'Season': '2024', 'SeasonType': 'Regular Season', 'TeamId': '1611661330'}",shot_pace,1611661330,4Q/OT | margin -3..3 | 300..120,get-possessions__possessions__off_def-Offense__filter_comparison-Exactly__filter_event-OnFloor__filter_value-5__start_type-All__season-2024__season_type-Regular_Season__team_id-1611661330__d64e970c,get-possessions,https://api.pbpstats.com/get-possessions/wnba?OffDef=Offense&FilterComparison=Exactly&FilterEvent=OnFloor&FilterValue=5&StartType=All&Season=2024&SeasonType=Regular+Season&TeamId=1611661330,200,490,04:24,"Canada 2' Running Layup (11 PTS) (Charles 4 AST)
",1,1,0,0,2024-09-06,1022400202,0,0,DAL,4,0,-7,04:29,Off Short Mid-Range Miss,0,"[{""description"": ""Canada 2' Running Layup (11 PTS) (Charles 4 AST)"", ""url"": ""https://videos.nba.com/wnba/pbp/media/2024/09/06/1022400202/466/d63bb39d-92d9-9392-6801-af44c6ca737b_960x540.mp4""}]",False,possessions,4Q/OT | margin -3..3 | 300..120,team
wnba,wnba_shot_pace,shot_pace,possessions,get-possessions,2024,Regular Season,team,"{'OffDef': 'Offense', 'FilterComparison': 'Exactly', 'FilterEvent': 'OnFloor', 'FilterValue': 5, 'StartType': 'All', 'Season': '2024', 'SeasonType': 'Regular Season', 'TeamId': '1611661330'}",shot_pace,1611661330,4Q/OT | margin -3..3 | 300..120,get-possessions__possessions__off_def-Offense__filter_comparison-Exactly__filter_event-OnFloor__filter_value-5__start_type-All__season-2024__season_type-Regular_Season__team_id-1611661330__d64e970c,get-possessions,https://api.pbpstats.com/get-possessions/wnba?OffDef=Offense&FilterComparison=Exactly&FilterEvent=OnFloor&FilterValue=5&StartType=All&Season=2024&SeasonType=Regular+Season&TeamId=1611661330,200,491,04:48,"Hillmon 2' Cutting Layup Shot (16 PTS) (Howard 6 AST)
",1,1,0,0,2024-09-06,1022400202,0,0,DAL,4,0,-9,05:01,Off Dead Ball,0,"[{""description"": ""Hillmon 2' Cutting Layup Shot (16 PTS) (Howard 6 AST)"", ""url"": ""https://videos.nba.com/wnba/pbp/media/2024/09/06/1022400202/462/a73cb89b-d495-25e3-f5ec-2d125c878655_960x540.mp4""}]",False,possessions,4Q/OT | margin -3..3 | 300..120,team
wnba,wnba_shot_pace,shot_pace,possessions,get-possessions,2024,Regular Season,team,"{'OffDef': 'Offense', 'FilterComparison': 'Exactly', 'FilterEvent': 'OnFloor', 'FilterValue': 5, 'StartType': 'All', 'Season': '2024', 'SeasonType': 'Regular Season', 'TeamId': '1611661330'}",shot_pace,1611661330,4Q/OT | margin -3..3 | 300..120,get-possessions__possessions__off_def-Offense__filter_comparison-Exactly__filter_event-OnFloor__filter_value-5__start_type-All__season-2024__season_type-Regular_Season__team_id-1611661330__d64e970c,get-possessions,https://api.pbpstats.com/get-possessions/wnba?OffDef=Offense&FilterComparison=Exactly&FilterEvent=OnFloor&FilterValue=5&StartType=All&Season=2024&SeasonType=Regular+Season&TeamId=1611661330,200,492,05:15,"Gray 7' Driving Layup (15 PTS) (Howard 5 AST)
",1,1,0,0,2024-09-06,1022400202,0,0,DAL,4,0,-11,05:40,Off Timeout,0,"[{""description"": ""Gray 7' Driving Layup (15 PTS) (Howard 5 AST)"", ""url"": ""https://videos.nba.com/wnba/pbp/media/2024/09/06/1022400202/457/60d52c0f-2579-31c8-d346-fa4d40183855_960x540.mp4""}]",False,possessions,4Q/OT | margin -3..3 | 300..120,team
wnba,wnba_shot_pace,shot_pace,possessions,get-possessions,2024,Regular Season,team,"{'OffDef': 'Offense', 'FilterComparison': 'Exactly', 'FilterEvent': 'OnFloor', 'FilterValue': 5, 'StartType': 'All', 'Season': '2024', 'SeasonType': 'Regular Season', 'TeamId': '1611661330'}",shot_pace,1611661330,4Q/OT | margin -3..3 | 300..120,get-possessions__possessions__off_def-Offense__filter_comparison-Exactly__filter_event-OnFloor__filter_value-5__start_type-All__season-2024__season_type-Regular_Season__team_id-1611661330__d64e970c,get-possessions,https://api.pbpstats.com/get-possessions/wnba?OffDef=Offense&FilterComparison=Exactly&FilterEvent=OnFloor&FilterValue=5&StartType=All&Season=2024&SeasonType=Regular+Season&TeamId=1611661330,200,493,05:51,"Hillmon Bad Pass Turnover (P1.T9): Ogunbowale STEAL (3 STL)
",0,0,0,0,2024-09-06,1022400202,0,0,DAL,4,0,-8,06:03,Off Arc 3 Make,1,"[{""description"": ""Hillmon Bad Pass Turnover (P1.T9): Ogunbowale STEAL (3 STL)"", ""url"": ""https://videos.nba.com/wnba/pbp/media/2024/09/06/1022400202/446/b4690652-c974-9d16-01bc-bf0444ce717a_960x540.mp4""}]",False,possessions,4Q/OT | margin -3..3 | 300..120,team
wnba,wnba_shot_pace,shot_pace,possessions,get-possessions,2024,Regular Season,team,"{'OffDef': 'Offense', 'FilterComparison': 'Exactly', 'FilterEvent': 'OnFloor', 'FilterValue': 5, 'StartType': 'All', 'Season': '2024', 'SeasonType': 'Regular Season', 'TeamId': '1611661330'}",shot_pace,1611661330,4Q/OT | margin -3..3 | 300..120,get-possessions__possessions__off_def-Offense__filter_comparison-Exactly__filter_event-OnFloor__filter_value-5__start_type-All__season-2024__season_type-Regular_Season__team_id-1611661330__d64e970c,get-possessions,https://api.pbpstats.com/get-possessions/wnba?OffDef=Offense&FilterComparison=Exactly&FilterEvent=OnFloor&FilterValue=5&StartType=All&Season=2024&SeasonType=Regular+Season&TeamId=1611661330,200,494,06:19,"Charles 10' Turnaround Hook Shot (12 PTS)
",1,1,0,0,2024-09-06,1022400202,0,0,DAL,4,0,-7,06:30,Off Dead Ball,0,"[{""description"": ""Charles 10' Turnaround Hook Shot (12 PTS)"", ""url"": ""https://videos.nba.com/wnba/pbp/media/2024/09/06/1022400202/441/8948eb2a-5b70-48b8-7be0-b086a9104a41_960x540.mp4""}]",False,possessions,4Q/OT | margin -3..3 | 300..120,team
wnba,wnba_shot_pace,shot_pace,possessions,get-possessions,2024,Regular Season,team,"{'OffDef': 'Offense', 'FilterComparison': 'Exactly', 'FilterEvent': 'OnFloor', 'FilterValue': 5, 'StartType': 'All', 'Season': '2024', 'SeasonType': 'Regular Season', 'TeamId': '1611661330'}",shot_pace,1611661330,4Q/OT | margin -3..3 | 300..120,get-possessions__possessions__off_def-Offense__filter_comparison-Exactly__filter_event-OnFloor__filter_value-5__start_type-All__season-2024__season_type-Regular_Season__team_id-1611661330__d64e970c,get-possessions,https://api.pbpstats.com/get-possessions/wnba?OffDef=Offense&FilterComparison=Exactly&FilterEvent=OnFloor&FilterValue=5&StartType=All&Season=2024&SeasonType=Regular+Season&TeamId=1611661330,200,495,06:35,"MISS Gray 3PT Jump Shot
McCowan REBOUND (Off:2 Def:7)
",0,0,1,0,2024-09-06,1022400202,0,0,DAL,4,0,-7,06:49,Off Dead Ball,0,"[{""description"": ""MISS Gray 3PT Jump Shot"", ""url"": ""https://videos.nba.com/wnba/pbp/media/2024/09/06/1022400202/438/9329c6c7-a4d8-e10c-5f06-1e45dd055d05_960x540.mp4""}, {""description"": ""McCowan REBOUND (Off:2 Def:7)"", ""url"": ""https://videos.nba.com/wnba/pbp/media/2024/09/06/1022400202/439/cda020e5-c507-0524-69b5-1773244fa89b_960x540.mp4""}]",False,possessions,4Q/OT | margin -3..3 | 300..120,team
wnba,wnba_shot_pace,shot_pace,possessions,get-possessions,2024,Regular Season,team,"{'OffDef': 'Offense', 'FilterComparison': 'Exactly', 'FilterEvent': 'OnFloor', 'FilterValue': 5, 'StartType': 'All', 'Season': '2024', 'SeasonType': 'Regular Season', 'TeamId': '1611661330'}",shot_pace,1611661330,4Q/OT | margin -3..3 | 300..120,get-possessions__possessions__off_def-Offense__filter_comparison-Exactly__filter_event-OnFloor__filter_value-5__start_type-All__season-2024__season_type-Regular_Season__team_id-1611661330__d64e970c,get-possessions,https://api.pbpstats.com/get-possessions/wnba?OffDef=Offense&FilterComparison=Exactly&FilterEvent=OnFloor&FilterValue=5&StartType=All&Season=2024&SeasonType=Regular+Season&TeamId=1611661330,200,496,06:55,"MISS Howard 24' 3PT Jump Shot
McCowan REBOUND (Off:2 Def:6)
",0,0,1,0,2024-09-06,1022400202,0,0,DAL,4,0,-7,07:10,Off Timeout,0,"[{""description"": ""MISS Howard 24' 3PT Jump Shot"", ""url"": ""https://videos.nba.com/wnba/pbp/media/2024/09/06/1022400202/433/40bf17f5-3f75-c832-6e47-e805aa3c8b18_960x540.mp4""}, {""description"": ""McCowan REBOUND (Off:2 Def:6)"", ""url"": ""https://videos.nba.com/wnba/pbp/media/2024/09/06/1022400202/434/cb3c4679-f413-5437-bc4a-5184b1113326_960x540.mp4""}]",False,possessions,4Q/OT | margin -3..3 | 300..120,team
wnba,wnba_shot_pace,shot_pace,possessions,get-possessions,2024,Regular Season,team,"{'OffDef': 'Offense', 'FilterComparison': 'Exactly', 'FilterEvent': 'OnFloor', 'FilterValue': 5, 'StartType': 'All', 'Season': '2024', 'SeasonType': 'Regular Season', 'TeamId': '1611661330'}",shot_pace,1611661330,4Q/OT | margin -3..3 | 300..120,get-possessions__possessions__off_def-Offense__filter_comparison-Exactly__filter_event-OnFloor__filter_value-5__start_type-All__season-2024__season_type-Regular_Season__team_id-1611661330__d64e970c,get-possessions,https://api.pbpstats.com/get-possessions/wnba?OffDef=Offense&FilterComparison=Exactly&FilterEvent=OnFloor&FilterValue=5&StartType=All&Season=2024&SeasonType=Regular+Season&TeamId=1611661330,200,497,07:27,"K. Brown P.FOUL (P3.T3)
Howard Out of Bounds Lost Ball Turnover (P1.T8)
",0,0,0,0,2024-09-06,1022400202,0,0,DAL,4,0,-7,07:50,Off Dead Ball,1,"[{""description"": ""K. Brown P.FOUL (P3.T3)"", ""url"": """"}, {""description"": ""Howard Out of Bounds Lost Ball Turnover (P1.T8)"", ""url"": ""https://videos.nba.com/wnba/pbp/media/2024/09/06/1022400202/426/d6f6f675-b5e0-046a-a80d-27f9613fd0e7_960x540.mp4""}]",False,possessions,4Q/OT | margin -3..3 | 300..120,team
wnba,wnba_shot_pace,shot_pace,possessions,get-possessions,2024,Regular Season,team,"{'OffDef': 'Offense', 'FilterComparison': 'Exactly', 'FilterEvent': 'OnFloor', 'FilterValue': 5, 'StartType': 'All', 'Season': '2024', 'SeasonType': 'Regular Season', 'TeamId': '1611661330'}",shot_pace,1611661330,4Q/OT | margin -3..3 | 300..120,get-possessions__possessions__off_def-Offense__filter_comparison-Exactly__filter_event-OnFloor__filter_value-5__start_type-All__season-2024__season_type-Regular_Season__team_id-1611661330__d64e970c,get-possessions,https://api.pbpstats.com/get-possessions/wnba?OffDef=Offense&FilterComparison=Exactly&FilterEvent=OnFloor&FilterValue=5&StartType=All&Season=2024&SeasonType=Regular+Season&TeamId=1611661330,200,498,08:10,"K. Brown S.FOUL (P2.T2)
MISS Howard Free Throw 1 of 2
DREAM Rebound
Howard Free Throw 2 of 2 (24 PTS)
",0,0,0,0,2024-09-06,1022400202,0,0,DAL,4,1,-8,08:30,Off At Rim Make,0,"[{""description"": ""K. Brown S.FOUL (P2.T2)"", ""url"": """"}, {""description"": ""MISS Howard Free Throw 1 of 2"", ""url"": """"}, {""description"": ""DREAM Rebound"", ""url"": """"}, {""description"": ""Howard Free Throw 2 of 2 (24 PTS)"", ""url"": """"}]",False,possessions,4Q/OT | margin -3..3 | 300..120,team
wnba,wnba_shot_pace,shot_pace,possessions,get-possessions,2024,Regular Season,team,"{'OffDef': 'Offense', 'FilterComparison': 'Exactly', 'FilterEvent': 'OnFloor', 'FilterValue': 5, 'StartType': 'All', 'Season': '2024', 'SeasonType': 'Regular Season', 'TeamId': '1611661330'}",shot_pace,1611661330,4Q/OT | margin -3..3 | 300..120,get-possessions__possessions__off_def-Offense__filter_comparison-Exactly__filter_event-OnFloor__filter_value-5__start_type-All__season-2024__season_type-Regular_Season__team_id-1611661330__d64e970c,get-possessions,https://api.pbpstats.com/get-possessions/wnba?OffDef=Offense&FilterComparison=Exactly&FilterEvent=OnFloor&FilterValue=5&StartType=All&Season=2024&SeasonType=Regular+Season&TeamId=1611661330,200,499,08:34,"Canada Bad Pass Turnover (P2.T7): Ogunbowale STEAL (2 STL)
",0,0,0,0,2024-09-06,1022400202,0,0,DAL,4,0,-6,08:52,Off FT Make,1,"[{""description"": ""Canada Bad Pass Turnover (P2.T7): Ogunbowale STEAL (2 STL)"", ""url"": ""https://videos.nba.com/wnba/pbp/media/2024/09/06/1022400202/410/aba38f1c-921f-97c2-f5d5-33e51f8e6c54_960x540.mp4""}]",False,possessions,4Q/OT | margin -3..3 | 300..120,team
