league,job_id,job_family,variant,endpoint,season,season_type,scope,request_params,source,request_id,request_table,request_url,request_status,request_row_index,game_id,date,home_team_id,away_team_id,home_points,away_points,home_possessions,away_possessions,home_team_abbreviation,away_team_abbreviation,is_playoffs,job_variant,request_scope
wnba,wnba_current_season_league_discovery,league_discovery,season_team_catalog,get-games,2023,Regular Season,season,"{'SeasonType': 'Regular Season', 'Season': '2023'}",discovery,get-games__season_team_catalog__season_type-Regular_Season__season-2023__24e10791,get-games,https://api.pbpstats.com/get-games/wnba?SeasonType=Regular+Season&Season=2023,200,0,1022300001,2023-05-19,1611661325,1611661323,61,70,81,82,IND,CON,False,season_team_catalog,season
wnba,wnba_current_season_league_discovery,league_discovery,season_team_catalog,get-games,2023,Regular Season,season,"{'SeasonType': 'Regular Season', 'Season': '2023'}",discovery,get-games__season_team_catalog__season_type-Regular_Season__season-2023__24e10791,get-games,https://api.pbpstats.com/get-games/wnba?SeasonType=Regular+Season&Season=2023,200,1,1022300002,2023-05-19,1611661322,1611661313,80,64,82,83,WAS,NYL,False,season_team_catalog,season
wnba,wnba_current_season_league_discovery,league_discovery,season_team_catalog,get-games,2023,Regular Season,season,"{'SeasonType': 'Regular Season', 'Season': '2023'}",discovery,get-games__season_team_catalog__season_type-Regular_Season__season-2023__24e10791,get-games,https://api.pbpstats.com/get-games/wnba?SeasonType=Regular+Season&Season=2023,200,2,1022300003,2023-05-19,1611661324,1611661329,66,77,78,80,MIN,CHI,False,season_team_catalog,season
wnba,wnba_current_season_league_discovery,league_discovery,season_team_catalog,get-games,2023,Regular Season,season,"{'SeasonType': 'Regular Season', 'Season': '2023'}",discovery,get-games__season_team_catalog__season_type-Regular_Season__season-2023__24e10791,get-games,https://api.pbpstats.com/get-games/wnba?SeasonType=Regular+Season&Season=2023,200,3,1022300004,2023-05-19,1611661320,1611661317,94,71,80,80,LAS,PHO,False,season_team_catalog,season
wnba,wnba_current_season_league_discovery,league_discovery,season_team_catalog,get-games,2023,Regular Season,season,"{'SeasonType': 'Regular Season', 'Season': '2023'}",discovery,get-games__season_team_catalog__season_type-Regular_Season__season-2023__24e10791,get-games,https://api.pbpstats.com/get-games/wnba?SeasonType=Regular+Season&Season=2023,200,4,1022300006,2023-05-20,1611661321,1611661330,85,78,86,85,DAL,ATL,False,season_team_catalog,season
wnba,wnba_current_season_league_discovery,league_discovery,season_team_catalog,get-games,2023,Regular Season,season,"{'SeasonType': 'Regular Season', 'Season': '2023'}",discovery,get-games__season_team_catalog__season_type-Regular_Season__season-2023__24e10791,get-games,https://api.pbpstats.com/get-games/wnba?SeasonType=Regular+Season&Season=2023,200,5,1022300005,2023-05-20,1611661328,1611661319,64,105,86,86,SEA,LVA,False,season_team_catalog,season
wnba,wnba_current_season_league_discovery,league_discovery,season_team_catalog,get-games,2023,Regular Season,season,"{'SeasonType': 'Regular Season', 'Season': '2023'}",discovery,get-games__season_team_catalog__season_type-Regular_Season__season-2023__24e10791,get-games,https://api.pbpstats.com/get-games/wnba?SeasonType=Regular+Season&Season=2023,200,6,1022300007,2023-05-21,1611661323,1611661322,80,74,83,83,CON,WAS,False,season_team_catalog,season
wnba,wnba_current_season_league_discovery,league_discovery,season_team_catalog,get-games,2023,Regular Season,season,"{'SeasonType': 'Regular Season', 'Season': '2023'}",discovery,get-games__season_team_catalog__season_type-Regular_Season__season-2023__24e10791,get-games,https://api.pbpstats.com/get-games/wnba?SeasonType=Regular+Season&Season=2023,200,7,1022300008,2023-05-21,1611661313,1611661325,90,73,80,81,NYL,IND,False,season_team_catalog,season
wnba,wnba_current_season_league_discovery,league_discovery,season_team_catalog,get-games,2023,Regular Season,season,"{'SeasonType': 'Regular Season', 'Season': '2023'}",discovery,get-games__season_team_catalog__season_type-Regular_Season__season-2023__24e10791,get-games,https://api.pbpstats.com/get-games/wnba?SeasonType=Regular+Season&Season=2023,200,8,1022300009,2023-05-21,1611661317,1611661329,69,75,79,79,PHO,CHI,False,season_team_catalog,season
wnba,wnba_current_season_league_discovery,league_discovery,season_team_catalog,get-games,2023,Regular Season,season,"{'SeasonType': 'Regular Season', 'Season': '2023'}",discovery,get-games__season_team_catalog__season_type-Regular_Season__season-2023__24e10791,get-games,https://api.pbpstats.com/get-games/wnba?SeasonType=Regular+Season&Season=2023,200,9,1022300010,2023-05-23,1611661322,1611661323,81,88,76,76,WAS,CON,False,season_team_catalog,season
wnba,wnba_current_season_league_discovery,league_discovery,season_team_catalog,get-games,2023,Regular Season,season,"{'SeasonType': 'Regular Season', 'Season': '2023'}",discovery,get-games__season_team_catalog__season_type-Regular_Season__season-2023__24e10791,get-games,https://api.pbpstats.com/get-games/wnba?SeasonType=Regular+Season&Season=2023,200,10,1022300011,2023-05-23,1611661324,1611661330,77,83,78,77,MIN,ATL,False,season_team_catalog,season
wnba,wnba_current_season_league_discovery,league_discovery,season_team_catalog,get-games,2023,Regular Season,season,"{'SeasonType': 'Regular Season', 'Season': '2023'}",discovery,get-games__season_team_catalog__season_type-Regular_Season__season-2023__24e10791,get-games,https://api.pbpstats.com/get-games/wnba?SeasonType=Regular+Season&Season=2023,200,11,1022300012,2023-05-25,1611661320,1611661319,85,94,85,86,LAS,LVA,False,season_team_catalog,season
wnba,wnba_current_season_league_discovery,league_discovery,season_team_catalog,get-games,2023,Regular Season,season,"{'SeasonType': 'Regular Season', 'Season': '2023'}",discovery,get-games__season_team_catalog__season_type-Regular_Season__season-2023__24e10791,get-games,https://api.pbpstats.com/get-games/wnba?SeasonType=Regular+Season&Season=2023,200,12,1022300013,2023-05-25,1611661317,1611661324,90,81,81,81,PHO,MIN,False,season_team_catalog,season
wnba,wnba_current_season_league_discovery,league_discovery,season_team_catalog,get-games,2023,Regular Season,season,"{'SeasonType': 'Regular Season', 'Season': '2023'}",discovery,get-games__season_team_catalog__season_type-Regular_Season__season-2023__24e10791,get-games,https://api.pbpstats.com/get-games/wnba?SeasonType=Regular+Season&Season=2023,200,13,1022300014,2023-05-26,1611661329,1611661322,69,71,80,81,CHI,WAS,False,season_team_catalog,season
wnba,wnba_current_season_league_discovery,league_discovery,season_team_catalog,get-games,2023,Regular Season,season,"{'SeasonType': 'Regular Season', 'Season': '2023'}",discovery,get-games__season_team_catalog__season_type-Regular_Season__season-2023__24e10791,get-games,https://api.pbpstats.com/get-games/wnba?SeasonType=Regular+Season&Season=2023,200,14,1022300015,2023-05-26,1611661328,1611661321,91,95,83,82,SEA,DAL,False,season_team_catalog,season
wnba,wnba_current_season_league_discovery,league_discovery,season_team_catalog,get-games,2023,Regular Season,season,"{'SeasonType': 'Regular Season', 'Season': '2023'}",discovery,get-games__season_team_catalog__season_type-Regular_Season__season-2023__24e10791,get-games,https://api.pbpstats.com/get-games/wnba?SeasonType=Regular+Season&Season=2023,200,15,1022300016,2023-05-27,1611661313,1611661323,81,65,74,72,NYL,CON,False,season_team_catalog,season
wnba,wnba_current_season_league_discovery,league_discovery,season_team_catalog,get-games,2023,Regular Season,season,"{'SeasonType': 'Regular Season', 'Season': '2023'}",discovery,get-games__season_team_catalog__season_type-Regular_Season__season-2023__24e10791,get-games,https://api.pbpstats.com/get-games/wnba?SeasonType=Regular+Season&Season=2023,200,16,1022300017,2023-05-27,1611661319,1611661320,93,65,82,80,LVA,LAS,False,season_team_catalog,season
wnba,wnba_current_season_league_discovery,league_discovery,season_team_catalog,get-games,2023,Regular Season,season,"{'SeasonType': 'Regular Season', 'Season': '2023'}",discovery,get-games__season_team_catalog__season_type-Regular_Season__season-2023__24e10791,get-games,https://api.pbpstats.com/get-games/wnba?SeasonType=Regular+Season&Season=2023,200,17,1022300018,2023-05-28,1611661330,1611661325,87,90,80,80,ATL,IND,False,season_team_catalog,season
wnba,wnba_current_season_league_discovery,league_discovery,season_team_catalog,get-games,2023,Regular Season,season,"{'SeasonType': 'Regular Season', 'Season': '2023'}",discovery,get-games__season_team_catalog__season_type-Regular_Season__season-2023__24e10791,get-games,https://api.pbpstats.com/get-games/wnba?SeasonType=Regular+Season&Season=2023,200,18,1022300019,2023-05-28,1611661329,1611661321,94,88,84,84,CHI,DAL,False,season_team_catalog,season
wnba,wnba_current_season_league_discovery,league_discovery,season_team_catalog,get-games,2023,Regular Season,season,"{'SeasonType': 'Regular Season', 'Season': '2023'}",discovery,get-games__season_team_catalog__season_type-Regular_Season__season-2023__24e10791,get-games,https://api.pbpstats.com/get-games/wnba?SeasonType=Regular+Season&Season=2023,200,19,1022300020,2023-05-28,1611661319,1611661324,94,73,84,83,LVA,MIN,False,season_team_catalog,season
wnba,wnba_current_season_league_discovery,league_discovery,season_team_catalog,get-games,2023,Regular Season,season,"{'SeasonType': 'Regular Season', 'Season': '2023'}",discovery,get-games__season_team_catalog__season_type-Regular_Season__season-2023__24e10791,get-games,https://api.pbpstats.com/get-games/wnba?SeasonType=Regular+Season&Season=2023,200,20,1022300021,2023-05-30,1611661330,1611661329,83,65,83,84,ATL,CHI,False,season_team_catalog,season
wnba,wnba_current_season_league_discovery,league_discovery,season_team_catalog,get-games,2023,Regular Season,season,"{'SeasonType': 'Regular Season', 'Season': '2023'}",discovery,get-games__season_team_catalog__season_type-Regular_Season__season-2023__24e10791,get-games,https://api.pbpstats.com/get-games/wnba?SeasonType=Regular+Season&Season=2023,200,21,1022300022,2023-05-30,1611661323,1611661325,81,78,75,76,CON,IND,False,season_team_catalog,season
wnba,wnba_current_season_league_discovery,league_discovery,season_team_catalog,get-games,2023,Regular Season,season,"{'SeasonType': 'Regular Season', 'Season': '2023'}",discovery,get-games__season_team_catalog__season_type-Regular_Season__season-2023__24e10791,get-games,https://api.pbpstats.com/get-games/wnba?SeasonType=Regular+Season&Season=2023,200,22,1022300023,2023-05-30,1611661321,1611661324,94,89,81,82,DAL,MIN,False,season_team_catalog,season
wnba,wnba_current_season_league_discovery,league_discovery,season_team_catalog,get-games,2023,Regular Season,season,"{'SeasonType': 'Regular Season', 'Season': '2023'}",discovery,get-games__season_team_catalog__season_type-Regular_Season__season-2023__24e10791,get-games,https://api.pbpstats.com/get-games/wnba?SeasonType=Regular+Season&Season=2023,200,23,1022300024,2023-05-30,1611661328,1611661313,78,86,76,75,SEA,NYL,False,season_team_catalog,season
wnba,wnba_current_season_league_discovery,league_discovery,season_team_catalog,get-games,2023,Regular Season,season,"{'SeasonType': 'Regular Season', 'Season': '2023'}",discovery,get-games__season_team_catalog__season_type-Regular_Season__season-2023__24e10791,get-games,https://api.pbpstats.com/get-games/wnba?SeasonType=Regular+Season&Season=2023,200,24,1022300025,2023-06-01,1611661324,1611661323,84,89,76,75,MIN,CON,False,season_team_catalog,season
wnba,wnba_current_season_league_discovery,league_discovery,season_team_catalog,get-games,2023,Regular Season,season,"{'SeasonType': 'Regular Season', 'Season': '2023'}",discovery,get-games__season_team_catalog__season_type-Regular_Season__season-2023__24e10791,get-games,https://api.pbpstats.com/get-games/wnba?SeasonType=Regular+Season&Season=2023,200,25,1022300028,2023-06-02,1611661329,1611661313,76,77,76,75,CHI,NYL,False,season_team_catalog,season
wnba,wnba_current_season_league_discovery,league_discovery,season_team_catalog,get-games,2023,Regular Season,season,"{'SeasonType': 'Regular Season', 'Season': '2023'}",discovery,get-games__season_team_catalog__season_type-Regular_Season__season-2023__24e10791,get-games,https://api.pbpstats.com/get-games/wnba?SeasonType=Regular+Season&Season=2023,200,26,1022300026,2023-06-02,1611661322,1611661321,75,74,81,81,WAS,DAL,False,season_team_catalog,season
wnba,wnba_current_season_league_discovery,league_discovery,season_team_catalog,get-games,2023,Regular Season,season,"{'SeasonType': 'Regular Season', 'Season': '2023'}",discovery,get-games__season_team_catalog__season_type-Regular_Season__season-2023__24e10791,get-games,https://api.pbpstats.com/get-games/wnba?SeasonType=Regular+Season&Season=2023,200,27,1022300027,2023-06-02,1611661330,1611661319,87,92,85,86,ATL,LVA,False,season_team_catalog,season
wnba,wnba_current_season_league_discovery,league_discovery,season_team_catalog,get-games,2023,Regular Season,season,"{'SeasonType': 'Regular Season', 'Season': '2023'}",discovery,get-games__season_team_catalog__season_type-Regular_Season__season-2023__24e10791,get-games,https://api.pbpstats.com/get-games/wnba?SeasonType=Regular+Season&Season=2023,200,28,1022300029,2023-06-02,1611661317,1611661320,93,99,85,85,PHO,LAS,False,season_team_catalog,season
wnba,wnba_current_season_league_discovery,league_discovery,season_team_catalog,get-games,2023,Regular Season,season,"{'SeasonType': 'Regular Season', 'Season': '2023'}",discovery,get-games__season_team_catalog__season_type-Regular_Season__season-2023__24e10791,get-games,https://api.pbpstats.com/get-games/wnba?SeasonType=Regular+Season&Season=2023,200,29,1022300031,2023-06-03,1611661320,1611661328,92,85,81,81,LAS,SEA,False,season_team_catalog,season
wnba,wnba_current_season_league_discovery,league_discovery,season_team_catalog,get-games,2023,Regular Season,season,"{'SeasonType': 'Regular Season', 'Season': '2023'}",discovery,get-games__season_team_catalog__season_type-Regular_Season__season-2023__24e10791,get-games,https://api.pbpstats.com/get-games/wnba?SeasonType=Regular+Season&Season=2023,200,30,1022300030,2023-06-03,1611661322,1611661324,78,80,79,78,WAS,MIN,False,season_team_catalog,season
wnba,wnba_current_season_league_discovery,league_discovery,season_team_catalog,get-games,2023,Regular Season,season,"{'SeasonType': 'Regular Season', 'Season': '2023'}",discovery,get-games__season_team_catalog__season_type-Regular_Season__season-2023__24e10791,get-games,https://api.pbpstats.com/get-games/wnba?SeasonType=Regular+Season&Season=2023,200,31,1022300032,2023-06-04,1611661323,1611661321,80,74,80,81,CON,DAL,False,season_team_catalog,season
wnba,wnba_current_season_league_discovery,league_discovery,season_team_catalog,get-games,2023,Regular Season,season,"{'SeasonType': 'Regular Season', 'Season': '2023'}",discovery,get-games__season_team_catalog__season_type-Regular_Season__season-2023__24e10791,get-games,https://api.pbpstats.com/get-games/wnba?SeasonType=Regular+Season&Season=2023,200,32,1022300033,2023-06-04,1611661313,1611661329,82,86,86,84,NYL,CHI,False,season_team_catalog,season
wnba,wnba_current_season_league_discovery,league_discovery,season_team_catalog,get-games,2023,Regular Season,season,"{'SeasonType': 'Regular Season', 'Season': '2023'}",discovery,get-games__season_team_catalog__season_type-Regular_Season__season-2023__24e10791,get-games,https://api.pbpstats.com/get-games/wnba?SeasonType=Regular+Season&Season=2023,200,33,1022300034,2023-06-04,1611661325,1611661319,80,84,80,80,IND,LVA,False,season_team_catalog,season
wnba,wnba_current_season_league_discovery,league_discovery,season_team_catalog,get-games,2023,Regular Season,season,"{'SeasonType': 'Regular Season', 'Season': '2023'}",discovery,get-games__season_team_catalog__season_type-Regular_Season__season-2023__24e10791,get-games,https://api.pbpstats.com/get-games/wnba?SeasonType=Regular+Season&Season=2023,200,34,1022300035,2023-06-06,1611661323,1611661319,84,90,83,83,CON,LVA,False,season_team_catalog,season
wnba,wnba_current_season_league_discovery,league_discovery,season_team_catalog,get-games,2023,Regular Season,season,"{'SeasonType': 'Regular Season', 'Season': '2023'}",discovery,get-games__season_team_catalog__season_type-Regular_Season__season-2023__24e10791,get-games,https://api.pbpstats.com/get-games/wnba?SeasonType=Regular+Season&Season=2023,200,35,1022300036,2023-06-06,1611661329,1611661325,108,103,87,86,CHI,IND,False,season_team_catalog,season
wnba,wnba_current_season_league_discovery,league_discovery,season_team_catalog,get-games,2023,Regular Season,season,"{'SeasonType': 'Regular Season', 'Season': '2023'}",discovery,get-games__season_team_catalog__season_type-Regular_Season__season-2023__24e10791,get-games,https://api.pbpstats.com/get-games/wnba?SeasonType=Regular+Season&Season=2023,200,36,1022300037,2023-06-06,1611661328,1611661320,66,63,80,79,SEA,LAS,False,season_team_catalog,season
wnba,wnba_current_season_league_discovery,league_discovery,season_team_catalog,get-games,2023,Regular Season,season,"{'SeasonType': 'Regular Season', 'Season': '2023'}",discovery,get-games__season_team_catalog__season_type-Regular_Season__season-2023__24e10791,get-games,https://api.pbpstats.com/get-games/wnba?SeasonType=Regular+Season&Season=2023,200,37,1022300039,2023-06-07,1611661321,1611661317,84,79,87,88,DAL,PHO,False,season_team_catalog,season
wnba,wnba_current_season_league_discovery,league_discovery,season_team_catalog,get-games,2023,Regular Season,season,"{'SeasonType': 'Regular Season', 'Season': '2023'}",discovery,get-games__season_team_catalog__season_type-Regular_Season__season-2023__24e10791,get-games,https://api.pbpstats.com/get-games/wnba?SeasonType=Regular+Season&Season=2023,200,38,1022300040,2023-06-08,1611661323,1611661319,94,77,79,78,CON,LVA,False,season_team_catalog,season
wnba,wnba_current_season_league_discovery,league_discovery,season_team_catalog,get-games,2023,Regular Season,season,"{'SeasonType': 'Regular Season', 'Season': '2023'}",discovery,get-games__season_team_catalog__season_type-Regular_Season__season-2023__24e10791,get-games,https://api.pbpstats.com/get-games/wnba?SeasonType=Regular+Season&Season=2023,200,39,1022300042,2023-06-09,1611661321,1611661317,90,77,81,83,DAL,PHO,False,season_team_catalog,season
wnba,wnba_current_season_league_discovery,league_discovery,season_team_catalog,get-games,2023,Regular Season,season,"{'SeasonType': 'Regular Season', 'Season': '2023'}",discovery,get-games__season_team_catalog__season_type-Regular_Season__season-2023__24e10791,get-games,https://api.pbpstats.com/get-games/wnba?SeasonType=Regular+Season&Season=2023,200,40,1022300043,2023-06-09,1611661324,1611661325,69,71,78,78,MIN,IND,False,season_team_catalog,season
wnba,wnba_current_season_league_discovery,league_discovery,season_team_catalog,get-games,2023,Regular Season,season,"{'SeasonType': 'Regular Season', 'Season': '2023'}",discovery,get-games__season_team_catalog__season_type-Regular_Season__season-2023__24e10791,get-games,https://api.pbpstats.com/get-games/wnba?SeasonType=Regular+Season&Season=2023,200,41,1022300044,2023-06-09,1611661320,1611661329,77,62,80,80,LAS,CHI,False,season_team_catalog,season
wnba,wnba_current_season_league_discovery,league_discovery,season_team_catalog,get-games,2023,Regular Season,season,"{'SeasonType': 'Regular Season', 'Season': '2023'}",discovery,get-games__season_team_catalog__season_type-Regular_Season__season-2023__24e10791,get-games,https://api.pbpstats.com/get-games/wnba?SeasonType=Regular+Season&Season=2023,200,42,1022300045,2023-06-09,1611661328,1611661322,66,73,77,78,SEA,WAS,False,season_team_catalog,season
wnba,wnba_current_season_league_discovery,league_discovery,season_team_catalog,get-games,2023,Regular Season,season,"{'SeasonType': 'Regular Season', 'Season': '2023'}",discovery,get-games__season_team_catalog__season_type-Regular_Season__season-2023__24e10791,get-games,https://api.pbpstats.com/get-games/wnba?SeasonType=Regular+Season&Season=2023,200,43,1022300041,2023-06-09,1611661330,1611661313,83,106,84,84,ATL,NYL,False,season_team_catalog,season
wnba,wnba_current_season_league_discovery,league_discovery,season_team_catalog,get-games,2023,Regular Season,season,"{'SeasonType': 'Regular Season', 'Season': '2023'}",discovery,get-games__season_team_catalog__season_type-Regular_Season__season-2023__24e10791,get-games,https://api.pbpstats.com/get-games/wnba?SeasonType=Regular+Season&Season=2023,200,44,1022300046,2023-06-11,1611661313,1611661321,102,93,82,82,NYL,DAL,False,season_team_catalog,season
wnba,wnba_current_season_league_discovery,league_discovery,season_team_catalog,get-games,2023,Regular Season,season,"{'SeasonType': 'Regular Season', 'Season': '2023'}",discovery,get-games__season_team_catalog__season_type-Regular_Season__season-2023__24e10791,get-games,https://api.pbpstats.com/get-games/wnba?SeasonType=Regular+Season&Season=2023,200,45,1022300047,2023-06-11,1611661319,1611661329,93,80,79,78,LVA,CHI,False,season_team_catalog,season
wnba,wnba_current_season_league_discovery,league_discovery,season_team_catalog,get-games,2023,Regular Season,season,"{'SeasonType': 'Regular Season', 'Season': '2023'}",discovery,get-games__season_team_catalog__season_type-Regular_Season__season-2023__24e10791,get-games,https://api.pbpstats.com/get-games/wnba?SeasonType=Regular+Season&Season=2023,200,46,1022300050,2023-06-11,1611661328,1611661322,65,71,77,79,SEA,WAS,False,season_team_catalog,season
wnba,wnba_current_season_league_discovery,league_discovery,season_team_catalog,get-games,2023,Regular Season,season,"{'SeasonType': 'Regular Season', 'Season': '2023'}",discovery,get-games__season_team_catalog__season_type-Regular_Season__season-2023__24e10791,get-games,https://api.pbpstats.com/get-games/wnba?SeasonType=Regular+Season&Season=2023,200,47,1022300048,2023-06-11,1611661330,1611661323,77,89,85,87,ATL,CON,False,season_team_catalog,season
wnba,wnba_current_season_league_discovery,league_discovery,season_team_catalog,get-games,2023,Regular Season,season,"{'SeasonType': 'Regular Season', 'Season': '2023'}",discovery,get-games__season_team_catalog__season_type-Regular_Season__season-2023__24e10791,get-games,https://api.pbpstats.com/get-games/wnba?SeasonType=Regular+Season&Season=2023,200,48,1022300049,2023-06-11,1611661325,1611661317,82,85,73,73,IND,PHO,False,season_team_catalog,season
wnba,wnba_current_season_league_discovery,league_discovery,season_team_catalog,get-games,2023,Regular Season,season,"{'SeasonType': 'Regular Season', 'Season': '2023'}",discovery,get-games__season_team_catalog__season_type-Regular_Season__season-2023__24e10791,get-games,https://api.pbpstats.com/get-games/wnba?SeasonType=Regular+Season&Season=2023,200,49,1022300051,2023-06-11,1611661324,1611661320,91,86,82,81,MIN,LAS,False,season_team_catalog,season
wnba,wnba_current_season_league_discovery,league_discovery,season_team_catalog,get-games,2023,Regular Season,season,"{'SeasonType': 'Regular Season', 'Season': '2023'}",discovery,get-games__season_team_catalog__season_type-Regular_Season__season-2023__24e10791,get-games,https://api.pbpstats.com/get-games/wnba?SeasonType=Regular+Season&Season=2023,200,50,1022300052,2023-06-13,1611661325,1611661322,87,66,77,77,IND,WAS,False,season_team_catalog,season
wnba,wnba_current_season_league_discovery,league_discovery,season_team_catalog,get-games,2023,Regular Season,season,"{'SeasonType': 'Regular Season', 'Season': '2023'}",discovery,get-games__season_team_catalog__season_type-Regular_Season__season-2023__24e10791,get-games,https://api.pbpstats.com/get-games/wnba?SeasonType=Regular+Season&Season=2023,200,51,1022300053,2023-06-13,1611661313,1611661330,79,86,81,81,NYL,ATL,False,season_team_catalog,season
wnba,wnba_current_season_league_discovery,league_discovery,season_team_catalog,get-games,2023,Regular Season,season,"{'SeasonType': 'Regular Season', 'Season': '2023'}",discovery,get-games__season_team_catalog__season_type-Regular_Season__season-2023__24e10791,get-games,https://api.pbpstats.com/get-games/wnba?SeasonType=Regular+Season&Season=2023,200,52,1022300054,2023-06-13,1611661317,1611661328,69,83,79,78,PHO,SEA,False,season_team_catalog,season
wnba,wnba_current_season_league_discovery,league_discovery,season_team_catalog,get-games,2023,Regular Season,season,"{'SeasonType': 'Regular Season', 'Season': '2023'}",discovery,get-games__season_team_catalog__season_type-Regular_Season__season-2023__24e10791,get-games,https://api.pbpstats.com/get-games/wnba?SeasonType=Regular+Season&Season=2023,200,53,1022300055,2023-06-14,1611661321,1611661320,61,79,76,77,DAL,LAS,False,season_team_catalog,season
wnba,wnba_current_season_league_discovery,league_discovery,season_team_catalog,get-games,2023,Regular Season,season,"{'SeasonType': 'Regular Season', 'Season': '2023'}",discovery,get-games__season_team_catalog__season_type-Regular_Season__season-2023__24e10791,get-games,https://api.pbpstats.com/get-games/wnba?SeasonType=Regular+Season&Season=2023,200,54,1022300056,2023-06-15,1611661323,1611661330,88,92,87,89,CON,ATL,False,season_team_catalog,season
wnba,wnba_current_season_league_discovery,league_discovery,season_team_catalog,get-games,2023,Regular Season,season,"{'SeasonType': 'Regular Season', 'Season': '2023'}",discovery,get-games__season_team_catalog__season_type-Regular_Season__season-2023__24e10791,get-games,https://api.pbpstats.com/get-games/wnba?SeasonType=Regular+Season&Season=2023,200,55,1022300057,2023-06-15,1611661329,1611661325,90,92,71,71,CHI,IND,False,season_team_catalog,season
wnba,wnba_current_season_league_discovery,league_discovery,season_team_catalog,get-games,2023,Regular Season,season,"{'SeasonType': 'Regular Season', 'Season': '2023'}",discovery,get-games__season_team_catalog__season_type-Regular_Season__season-2023__24e10791,get-games,https://api.pbpstats.com/get-games/wnba?SeasonType=Regular+Season&Season=2023,200,56,1022300058,2023-06-15,1611661319,1611661328,96,63,82,83,LVA,SEA,False,season_team_catalog,season
wnba,wnba_current_season_league_discovery,league_discovery,season_team_catalog,get-games,2023,Regular Season,season,"{'SeasonType': 'Regular Season', 'Season': '2023'}",discovery,get-games__season_team_catalog__season_type-Regular_Season__season-2023__24e10791,get-games,https://api.pbpstats.com/get-games/wnba?SeasonType=Regular+Season&Season=2023,200,57,1022300059,2023-06-16,1611661322,1611661317,88,69,78,77,WAS,PHO,False,season_team_catalog,season
wnba,wnba_current_season_league_discovery,league_discovery,season_team_catalog,get-games,2023,Regular Season,season,"{'SeasonType': 'Regular Season', 'Season': '2023'}",discovery,get-games__season_team_catalog__season_type-Regular_Season__season-2023__24e10791,get-games,https://api.pbpstats.com/get-games/wnba?SeasonType=Regular+Season&Season=2023,200,58,1022300060,2023-06-16,1611661320,1611661324,72,77,72,72,LAS,MIN,False,season_team_catalog,season
wnba,wnba_current_season_league_discovery,league_discovery,season_team_catalog,get-games,2023,Regular Season,season,"{'SeasonType': 'Regular Season', 'Season': '2023'}",discovery,get-games__season_team_catalog__season_type-Regular_Season__season-2023__24e10791,get-games,https://api.pbpstats.com/get-games/wnba?SeasonType=Regular+Season&Season=2023,200,59,1022300061,2023-06-17,1611661321,1611661328,103,109,83,83,DAL,SEA,False,season_team_catalog,season
wnba,wnba_current_season_league_discovery,league_discovery,season_team_catalog,get-games,2023,Regular Season,season,"{'SeasonType': 'Regular Season', 'Season': '2023'}",discovery,get-games__season_team_catalog__season_type-Regular_Season__season-2023__24e10791,get-games,https://api.pbpstats.com/get-games/wnba?SeasonType=Regular+Season&Season=2023,200,60,1022300062,2023-06-18,1611661313,1611661317,89,71,76,76,NYL,PHO,False,season_team_catalog,season
wnba,wnba_current_season_league_discovery,league_discovery,season_team_catalog,get-games,2023,Regular Season,season,"{'SeasonType': 'Regular Season', 'Season': '2023'}",discovery,get-games__season_team_catalog__season_type-Regular_Season__season-2023__24e10791,get-games,https://api.pbpstats.com/get-games/wnba?SeasonType=Regular+Season&Season=2023,200,61,1022300063,2023-06-18,1611661322,1611661329,77,69,75,75,WAS,CHI,False,season_team_catalog,season
wnba,wnba_current_season_league_discovery,league_discovery,season_team_catalog,get-games,2023,Regular Season,season,"{'SeasonType': 'Regular Season', 'Season': '2023'}",discovery,get-games__season_team_catalog__season_type-Regular_Season__season-2023__24e10791,get-games,https://api.pbpstats.com/get-games/wnba?SeasonType=Regular+Season&Season=2023,200,62,1022300064,2023-06-18,1611661325,1611661330,94,100,87,88,IND,ATL,False,season_team_catalog,season
wnba,wnba_current_season_league_discovery,league_discovery,season_team_catalog,get-games,2023,Regular Season,season,"{'SeasonType': 'Regular Season', 'Season': '2023'}",discovery,get-games__season_team_catalog__season_type-Regular_Season__season-2023__24e10791,get-games,https://api.pbpstats.com/get-games/wnba?SeasonType=Regular+Season&Season=2023,200,63,1022300065,2023-06-18,1611661320,1611661323,74,83,79,79,LAS,CON,False,season_team_catalog,season
wnba,wnba_current_season_league_discovery,league_discovery,season_team_catalog,get-games,2023,Regular Season,season,"{'SeasonType': 'Regular Season', 'Season': '2023'}",discovery,get-games__season_team_catalog__season_type-Regular_Season__season-2023__24e10791,get-games,https://api.pbpstats.com/get-games/wnba?SeasonType=Regular+Season&Season=2023,200,64,1022300066,2023-06-18,1611661319,1611661324,93,62,78,78,LVA,MIN,False,season_team_catalog,season
wnba,wnba_current_season_league_discovery,league_discovery,season_team_catalog,get-games,2023,Regular Season,season,"{'SeasonType': 'Regular Season', 'Season': '2023'}",discovery,get-games__season_team_catalog__season_type-Regular_Season__season-2023__24e10791,get-games,https://api.pbpstats.com/get-games/wnba?SeasonType=Regular+Season&Season=2023,200,65,1022300067,2023-06-20,1611661321,1611661330,85,73,79,79,DAL,ATL,False,season_team_catalog,season
wnba,wnba_current_season_league_discovery,league_discovery,season_team_catalog,get-games,2023,Regular Season,season,"{'SeasonType': 'Regular Season', 'Season': '2023'}",discovery,get-games__season_team_catalog__season_type-Regular_Season__season-2023__24e10791,get-games,https://api.pbpstats.com/get-games/wnba?SeasonType=Regular+Season&Season=2023,200,66,1022300068,2023-06-20,1611661320,1611661324,61,67,77,78,LAS,MIN,False,season_team_catalog,season
wnba,wnba_current_season_league_discovery,league_discovery,season_team_catalog,get-games,2023,Regular Season,season,"{'SeasonType': 'Regular Season', 'Season': '2023'}",discovery,get-games__season_team_catalog__season_type-Regular_Season__season-2023__24e10791,get-games,https://api.pbpstats.com/get-games/wnba?SeasonType=Regular+Season&Season=2023,200,67,1022300069,2023-06-20,1611661328,1611661323,79,85,82,82,SEA,CON,False,season_team_catalog,season
wnba,wnba_current_season_league_discovery,league_discovery,season_team_catalog,get-games,2023,Regular Season,season,"{'SeasonType': 'Regular Season', 'Season': '2023'}",discovery,get-games__season_team_catalog__season_type-Regular_Season__season-2023__24e10791,get-games,https://api.pbpstats.com/get-games/wnba?SeasonType=Regular+Season&Season=2023,200,68,1022300070,2023-06-21,1611661317,1611661319,79,99,74,76,PHO,LVA,False,season_team_catalog,season
wnba,wnba_current_season_league_discovery,league_discovery,season_team_catalog,get-games,2023,Regular Season,season,"{'SeasonType': 'Regular Season', 'Season': '2023'}",discovery,get-games__season_team_catalog__season_type-Regular_Season__season-2023__24e10791,get-games,https://api.pbpstats.com/get-games/wnba?SeasonType=Regular+Season&Season=2023,200,69,1022300071,2023-06-22,1611661329,1611661322,59,80,78,80,CHI,WAS,False,season_team_catalog,season
wnba,wnba_current_season_league_discovery,league_discovery,season_team_catalog,get-games,2023,Regular Season,season,"{'SeasonType': 'Regular Season', 'Season': '2023'}",discovery,get-games__season_team_catalog__season_type-Regular_Season__season-2023__24e10791,get-games,https://api.pbpstats.com/get-games/wnba?SeasonType=Regular+Season&Season=2023,200,70,1022300072,2023-06-22,1611661324,1611661323,68,89,79,79,MIN,CON,False,season_team_catalog,season
wnba,wnba_current_season_league_discovery,league_discovery,season_team_catalog,get-games,2023,Regular Season,season,"{'SeasonType': 'Regular Season', 'Season': '2023'}",discovery,get-games__season_team_catalog__season_type-Regular_Season__season-2023__24e10791,get-games,https://api.pbpstats.com/get-games/wnba?SeasonType=Regular+Season&Season=2023,200,71,1022300073,2023-06-22,1611661328,1611661325,68,80,78,78,SEA,IND,False,season_team_catalog,season
wnba,wnba_current_season_league_discovery,league_discovery,season_team_catalog,get-games,2023,Regular Season,season,"{'SeasonType': 'Regular Season', 'Season': '2023'}",discovery,get-games__season_team_catalog__season_type-Regular_Season__season-2023__24e10791,get-games,https://api.pbpstats.com/get-games/wnba?SeasonType=Regular+Season&Season=2023,200,72,1022300074,2023-06-23,1611661330,1611661313,80,110,88,88,ATL,NYL,False,season_team_catalog,season
wnba,wnba_current_season_league_discovery,league_discovery,season_team_catalog,get-games,2023,Regular Season,season,"{'SeasonType': 'Regular Season', 'Season': '2023'}",discovery,get-games__season_team_catalog__season_type-Regular_Season__season-2023__24e10791,get-games,https://api.pbpstats.com/get-games/wnba?SeasonType=Regular+Season&Season=2023,200,73,1022300075,2023-06-23,1611661320,1611661321,76,74,82,83,LAS,DAL,False,season_team_catalog,season
wnba,wnba_current_season_league_discovery,league_discovery,season_team_catalog,get-games,2023,Regular Season,season,"{'SeasonType': 'Regular Season', 'Season': '2023'}",discovery,get-games__season_team_catalog__season_type-Regular_Season__season-2023__24e10791,get-games,https://api.pbpstats.com/get-games/wnba?SeasonType=Regular+Season&Season=2023,200,74,1022300076,2023-06-24,1611661319,1611661325,101,88,82,82,LVA,IND,False,season_team_catalog,season
wnba,wnba_current_season_league_discovery,league_discovery,season_team_catalog,get-games,2023,Regular Season,season,"{'SeasonType': 'Regular Season', 'Season': '2023'}",discovery,get-games__season_team_catalog__season_type-Regular_Season__season-2023__24e10791,get-games,https://api.pbpstats.com/get-games/wnba?SeasonType=Regular+Season&Season=2023,200,75,1022300077,2023-06-24,1611661328,1611661317,97,74,77,77,SEA,PHO,False,season_team_catalog,season
wnba,wnba_current_season_league_discovery,league_discovery,season_team_catalog,get-games,2023,Regular Season,season,"{'SeasonType': 'Regular Season', 'Season': '2023'}",discovery,get-games__season_team_catalog__season_type-Regular_Season__season-2023__24e10791,get-games,https://api.pbpstats.com/get-games/wnba?SeasonType=Regular+Season&Season=2023,200,76,1022300078,2023-06-25,1611661323,1611661329,96,72,81,82,CON,CHI,False,season_team_catalog,season
wnba,wnba_current_season_league_discovery,league_discovery,season_team_catalog,get-games,2023,Regular Season,season,"{'SeasonType': 'Regular Season', 'Season': '2023'}",discovery,get-games__season_team_catalog__season_type-Regular_Season__season-2023__24e10791,get-games,https://api.pbpstats.com/get-games/wnba?SeasonType=Regular+Season&Season=2023,200,77,1022300079,2023-06-25,1611661313,1611661322,89,88,85,86,NYL,WAS,False,season_team_catalog,season
wnba,wnba_current_season_league_discovery,league_discovery,season_team_catalog,get-games,2023,Regular Season,season,"{'SeasonType': 'Regular Season', 'Season': '2023'}",discovery,get-games__season_team_catalog__season_type-Regular_Season__season-2023__24e10791,get-games,https://api.pbpstats.com/get-games/wnba?SeasonType=Regular+Season&Season=2023,200,78,1022300080,2023-06-25,1611661320,1611661321,93,83,83,83,LAS,DAL,False,season_team_catalog,season
wnba,wnba_current_season_league_discovery,league_discovery,season_team_catalog,get-games,2023,Regular Season,season,"{'SeasonType': 'Regular Season', 'Season': '2023'}",discovery,get-games__season_team_catalog__season_type-Regular_Season__season-2023__24e10791,get-games,https://api.pbpstats.com/get-games/wnba?SeasonType=Regular+Season&Season=2023,200,79,1022300081,2023-06-26,1611661319,1611661325,88,80,80,78,LVA,IND,False,season_team_catalog,season
wnba,wnba_current_season_league_discovery,league_discovery,season_team_catalog,get-games,2023,Regular Season,season,"{'SeasonType': 'Regular Season', 'Season': '2023'}",discovery,get-games__season_team_catalog__season_type-Regular_Season__season-2023__24e10791,get-games,https://api.pbpstats.com/get-games/wnba?SeasonType=Regular+Season&Season=2023,200,80,1022300082,2023-06-27,1611661323,1611661313,81,89,77,77,CON,NYL,False,season_team_catalog,season
wnba,wnba_current_season_league_discovery,league_discovery,season_team_catalog,get-games,2023,Regular Season,season,"{'SeasonType': 'Regular Season', 'Season': '2023'}",discovery,get-games__season_team_catalog__season_type-Regular_Season__season-2023__24e10791,get-games,https://api.pbpstats.com/get-games/wnba?SeasonType=Regular+Season&Season=2023,200,81,1022300084,2023-06-27,1611661317,1611661321,62,77,76,76,PHO,DAL,False,season_team_catalog,season
wnba,wnba_current_season_league_discovery,league_discovery,season_team_catalog,get-games,2023,Regular Season,season,"{'SeasonType': 'Regular Season', 'Season': '2023'}",discovery,get-games__season_team_catalog__season_type-Regular_Season__season-2023__24e10791,get-games,https://api.pbpstats.com/get-games/wnba?SeasonType=Regular+Season&Season=2023,200,82,1022300083,2023-06-27,1611661324,1611661328,104,93,80,79,MIN,SEA,False,season_team_catalog,season
wnba,wnba_current_season_league_discovery,league_discovery,season_team_catalog,get-games,2023,Regular Season,season,"{'SeasonType': 'Regular Season', 'Season': '2023'}",discovery,get-games__season_team_catalog__season_type-Regular_Season__season-2023__24e10791,get-games,https://api.pbpstats.com/get-games/wnba?SeasonType=Regular+Season&Season=2023,200,83,1022300085,2023-06-28,1611661329,1611661320,80,63,78,77,CHI,LAS,False,season_team_catalog,season
wnba,wnba_current_season_league_discovery,league_discovery,season_team_catalog,get-games,2023,Regular Season,season,"{'SeasonType': 'Regular Season', 'Season': '2023'}",discovery,get-games__season_team_catalog__season_type-Regular_Season__season-2023__24e10791,get-games,https://api.pbpstats.com/get-games/wnba?SeasonType=Regular+Season&Season=2023,200,84,1022300086,2023-06-28,1611661322,1611661330,109,86,87,86,WAS,ATL,False,season_team_catalog,season
wnba,wnba_current_season_league_discovery,league_discovery,season_team_catalog,get-games,2023,Regular Season,season,"{'SeasonType': 'Regular Season', 'Season': '2023'}",discovery,get-games__season_team_catalog__season_type-Regular_Season__season-2023__24e10791,get-games,https://api.pbpstats.com/get-games/wnba?SeasonType=Regular+Season&Season=2023,200,85,1022300088,2023-06-29,1611661317,1611661325,85,63,76,75,PHO,IND,False,season_team_catalog,season
wnba,wnba_current_season_league_discovery,league_discovery,season_team_catalog,get-games,2023,Regular Season,season,"{'SeasonType': 'Regular Season', 'Season': '2023'}",discovery,get-games__season_team_catalog__season_type-Regular_Season__season-2023__24e10791,get-games,https://api.pbpstats.com/get-games/wnba?SeasonType=Regular+Season&Season=2023,200,86,1022300087,2023-06-29,1611661319,1611661313,97,81,77,77,LVA,NYL,False,season_team_catalog,season
wnba,wnba_current_season_league_discovery,league_discovery,season_team_catalog,get-games,2023,Regular Season,season,"{'SeasonType': 'Regular Season', 'Season': '2023'}",discovery,get-games__season_team_catalog__season_type-Regular_Season__season-2023__24e10791,get-games,https://api.pbpstats.com/get-games/wnba?SeasonType=Regular+Season&Season=2023,200,87,1022300089,2023-06-29,1611661328,1611661324,97,99,90,88,SEA,MIN,False,season_team_catalog,season
wnba,wnba_current_season_league_discovery,league_discovery,season_team_catalog,get-games,2023,Regular Season,season,"{'SeasonType': 'Regular Season', 'Season': '2023'}",discovery,get-games__season_team_catalog__season_type-Regular_Season__season-2023__24e10791,get-games,https://api.pbpstats.com/get-games/wnba?SeasonType=Regular+Season&Season=2023,200,88,1022300090,2023-06-30,1611661330,1611661322,94,89,79,77,ATL,WAS,False,season_team_catalog,season
wnba,wnba_current_season_league_discovery,league_discovery,season_team_catalog,get-games,2023,Regular Season,season,"{'SeasonType': 'Regular Season', 'Season': '2023'}",discovery,get-games__season_team_catalog__season_type-Regular_Season__season-2023__24e10791,get-games,https://api.pbpstats.com/get-games/wnba?SeasonType=Regular+Season&Season=2023,200,89,1022300091,2023-06-30,1611661329,1611661320,86,78,75,74,CHI,LAS,False,season_team_catalog,season
wnba,wnba_current_season_league_discovery,league_discovery,season_team_catalog,get-games,2023,Regular Season,season,"{'SeasonType': 'Regular Season', 'Season': '2023'}",discovery,get-games__season_team_catalog__season_type-Regular_Season__season-2023__24e10791,get-games,https://api.pbpstats.com/get-games/wnba?SeasonType=Regular+Season&Season=2023,200,90,1022300092,2023-07-01,1611661319,1611661323,102,84,85,85,LVA,CON,False,season_team_catalog,season
wnba,wnba_current_season_league_discovery,league_discovery,season_team_catalog,get-games,2023,Regular Season,season,"{'SeasonType': 'Regular Season', 'Season': '2023'}",discovery,get-games__season_team_catalog__season_type-Regular_Season__season-2023__24e10791,get-games,https://api.pbpstats.com/get-games/wnba?SeasonType=Regular+Season&Season=2023,200,91,1022300093,2023-07-01,1611661317,1611661324,76,86,80,78,PHO,MIN,False,season_team_catalog,season
wnba,wnba_current_season_league_discovery,league_discovery,season_team_catalog,get-games,2023,Regular Season,season,"{'SeasonType': 'Regular Season', 'Season': '2023'}",discovery,get-games__season_team_catalog__season_type-Regular_Season__season-2023__24e10791,get-games,https://api.pbpstats.com/get-games/wnba?SeasonType=Regular+Season&Season=2023,200,92,1022300094,2023-07-02,1611661330,1611661320,112,84,89,90,ATL,LAS,False,season_team_catalog,season
wnba,wnba_current_season_league_discovery,league_discovery,season_team_catalog,get-games,2023,Regular Season,season,"{'SeasonType': 'Regular Season', 'Season': '2023'}",discovery,get-games__season_team_catalog__season_type-Regular_Season__season-2023__24e10791,get-games,https://api.pbpstats.com/get-games/wnba?SeasonType=Regular+Season&Season=2023,200,93,1022300095,2023-07-02,1611661325,1611661329,87,89,78,79,IND,CHI,False,season_team_catalog,season
wnba,wnba_current_season_league_discovery,league_discovery,season_team_catalog,get-games,2023,Regular Season,season,"{'SeasonType': 'Regular Season', 'Season': '2023'}",discovery,get-games__season_team_catalog__season_type-Regular_Season__season-2023__24e10791,get-games,https://api.pbpstats.com/get-games/wnba?SeasonType=Regular+Season&Season=2023,200,94,1022300096,2023-07-02,1611661321,1611661322,89,72,80,81,DAL,WAS,False,season_team_catalog,season
wnba,wnba_current_season_league_discovery,league_discovery,season_team_catalog,get-games,2023,Regular Season,season,"{'SeasonType': 'Regular Season', 'Season': '2023'}",discovery,get-games__season_team_catalog__season_type-Regular_Season__season-2023__24e10791,get-games,https://api.pbpstats.com/get-games/wnba?SeasonType=Regular+Season&Season=2023,200,95,1022300097,2023-07-02,1611661328,1611661313,66,81,79,78,SEA,NYL,False,season_team_catalog,season
wnba,wnba_current_season_league_discovery,league_discovery,season_team_catalog,get-games,2023,Regular Season,season,"{'SeasonType': 'Regular Season', 'Season': '2023'}",discovery,get-games__season_team_catalog__season_type-Regular_Season__season-2023__24e10791,get-games,https://api.pbpstats.com/get-games/wnba?SeasonType=Regular+Season&Season=2023,200,96,1022300098,2023-07-05,1611661313,1611661317,99,95,83,82,NYL,PHO,False,season_team_catalog,season
wnba,wnba_current_season_league_discovery,league_discovery,season_team_catalog,get-games,2023,Regular Season,season,"{'SeasonType': 'Regular Season', 'Season': '2023'}",discovery,get-games__season_team_catalog__season_type-Regular_Season__season-2023__24e10791,get-games,https://api.pbpstats.com/get-games/wnba?SeasonType=Regular+Season&Season=2023,200,97,1022300099,2023-07-05,1611661324,1611661325,90,83,79,80,MIN,IND,False,season_team_catalog,season
wnba,wnba_current_season_league_discovery,league_discovery,season_team_catalog,get-games,2023,Regular Season,season,"{'SeasonType': 'Regular Season', 'Season': '2023'}",discovery,get-games__season_team_catalog__season_type-Regular_Season__season-2023__24e10791,get-games,https://api.pbpstats.com/get-games/wnba?SeasonType=Regular+Season&Season=2023,200,98,1022300100,2023-07-05,1611661319,1611661321,89,82,82,82,LVA,DAL,False,season_team_catalog,season
wnba,wnba_current_season_league_discovery,league_discovery,season_team_catalog,get-games,2023,Regular Season,season,"{'SeasonType': 'Regular Season', 'Season': '2023'}",discovery,get-games__season_team_catalog__season_type-Regular_Season__season-2023__24e10791,get-games,https://api.pbpstats.com/get-games/wnba?SeasonType=Regular+Season&Season=2023,200,99,1022300101,2023-07-05,1611661320,1611661330,79,90,83,84,LAS,ATL,False,season_team_catalog,season
wnba,wnba_current_season_league_discovery,league_discovery,season_team_catalog,get-games,2023,Regular Season,season,"{'SeasonType': 'Regular Season', 'Season': '2023'}",discovery,get-games__season_team_catalog__season_type-Regular_Season__season-2023__24e10791,get-games,https://api.pbpstats.com/get-games/wnba?SeasonType=Regular+Season&Season=2023,200,100,1022300102,2023-07-06,1611661323,1611661328,93,73,82,82,CON,SEA,False,season_team_catalog,season
wnba,wnba_current_season_league_discovery,league_discovery,season_team_catalog,get-games,2023,Regular Season,season,"{'SeasonType': 'Regular Season', 'Season': '2023'}",discovery,get-games__season_team_catalog__season_type-Regular_Season__season-2023__24e10791,get-games,https://api.pbpstats.com/get-games/wnba?SeasonType=Regular+Season&Season=2023,200,101,1022300103,2023-07-07,1611661322,1611661325,96,88,76,76,WAS,IND,False,season_team_catalog,season
wnba,wnba_current_season_league_discovery,league_discovery,season_team_catalog,get-games,2023,Regular Season,season,"{'SeasonType': 'Regular Season', 'Season': '2023'}",discovery,get-games__season_team_catalog__season_type-Regular_Season__season-2023__24e10791,get-games,https://api.pbpstats.com/get-games/wnba?SeasonType=Regular+Season&Season=2023,200,102,1022300104,2023-07-07,1611661329,1611661330,68,82,81,80,CHI,ATL,False,season_team_catalog,season
wnba,wnba_current_season_league_discovery,league_discovery,season_team_catalog,get-games,2023,Regular Season,season,"{'SeasonType': 'Regular Season', 'Season': '2023'}",discovery,get-games__season_team_catalog__season_type-Regular_Season__season-2023__24e10791,get-games,https://api.pbpstats.com/get-games/wnba?SeasonType=Regular+Season&Season=2023,200,103,1022300105,2023-07-07,1611661321,1611661319,80,78,80,78,DAL,LVA,False,season_team_catalog,season
wnba,wnba_current_season_league_discovery,league_discovery,season_team_catalog,get-games,2023,Regular Season,season,"{'SeasonType': 'Regular Season', 'Season': '2023'}",discovery,get-games__season_team_catalog__season_type-Regular_Season__season-2023__24e10791,get-games,https://api.pbpstats.com/get-games/wnba?SeasonType=Regular+Season&Season=2023,200,104,1022300106,2023-07-07,1611661324,1611661317,75,64,74,75,MIN,PHO,False,season_team_catalog,season
wnba,wnba_current_season_league_discovery,league_discovery,season_team_catalog,get-games,2023,Regular Season,season,"{'SeasonType': 'Regular Season', 'Season': '2023'}",discovery,get-games__season_team_catalog__season_type-Regular_Season__season-2023__24e10791,get-games,https://api.pbpstats.com/get-games/wnba?SeasonType=Regular+Season&Season=2023,200,105,1022300107,2023-07-08,1611661313,1611661328,80,76,80,80,NYL,SEA,False,season_team_catalog,season
wnba,wnba_current_season_league_discovery,league_discovery,season_team_catalog,get-games,2023,Regular Season,season,"{'SeasonType': 'Regular Season', 'Season': '2023'}",discovery,get-games__season_team_catalog__season_type-Regular_Season__season-2023__24e10791,get-games,https://api.pbpstats.com/get-games/wnba?SeasonType=Regular+Season&Season=2023,200,106,1022300108,2023-07-09,1611661323,1611661322,92,84,79,77,CON,WAS,False,season_team_catalog,season
wnba,wnba_current_season_league_discovery,league_discovery,season_team_catalog,get-games,2023,Regular Season,season,"{'SeasonType': 'Regular Season', 'Season': '2023'}",discovery,get-games__season_team_catalog__season_type-Regular_Season__season-2023__24e10791,get-games,https://api.pbpstats.com/get-games/wnba?SeasonType=Regular+Season&Season=2023,200,107,1022300109,2023-07-09,1611661325,1611661321,76,77,77,76,IND,DAL,False,season_team_catalog,season
wnba,wnba_current_season_league_discovery,league_discovery,season_team_catalog,get-games,2023,Regular Season,season,"{'SeasonType': 'Regular Season', 'Season': '2023'}",discovery,get-games__season_team_catalog__season_type-Regular_Season__season-2023__24e10791,get-games,https://api.pbpstats.com/get-games/wnba?SeasonType=Regular+Season&Season=2023,200,108,1022300110,2023-07-09,1611661317,1611661320,78,72,78,78,PHO,LAS,False,season_team_catalog,season
wnba,wnba_current_season_league_discovery,league_discovery,season_team_catalog,get-games,2023,Regular Season,season,"{'SeasonType': 'Regular Season', 'Season': '2023'}",discovery,get-games__season_team_catalog__season_type-Regular_Season__season-2023__24e10791,get-games,https://api.pbpstats.com/get-games/wnba?SeasonType=Regular+Season&Season=2023,200,109,1022300111,2023-07-09,1611661324,1611661319,89,113,80,80,MIN,LVA,False,season_team_catalog,season
wnba,wnba_current_season_league_discovery,league_discovery,season_team_catalog,get-games,2023,Regular Season,season,"{'SeasonType': 'Regular Season', 'Season': '2023'}",discovery,get-games__season_team_catalog__season_type-Regular_Season__season-2023__24e10791,get-games,https://api.pbpstats.com/get-games/wnba?SeasonType=Regular+Season&Season=2023,200,110,1022300112,2023-07-09,1611661329,1611661330,77,88,77,77,CHI,ATL,False,season_team_catalog,season
wnba,wnba_current_season_league_discovery,league_discovery,season_team_catalog,get-games,2023,Regular Season,season,"{'SeasonType': 'Regular Season', 'Season': '2023'}",discovery,get-games__season_team_catalog__season_type-Regular_Season__season-2023__24e10791,get-games,https://api.pbpstats.com/get-games/wnba?SeasonType=Regular+Season&Season=2023,200,111,1022300113,2023-07-11,1611661322,1611661328,93,86,79,80,WAS,SEA,False,season_team_catalog,season
wnba,wnba_current_season_league_discovery,league_discovery,season_team_catalog,get-games,2023,Regular Season,season,"{'SeasonType': 'Regular Season', 'Season': '2023'}",discovery,get-games__season_team_catalog__season_type-Regular_Season__season-2023__24e10791,get-games,https://api.pbpstats.com/get-games/wnba?SeasonType=Regular+Season&Season=2023,200,112,1022300114,2023-07-11,1611661319,1611661317,98,72,77,75,LVA,PHO,False,season_team_catalog,season
wnba,wnba_current_season_league_discovery,league_discovery,season_team_catalog,get-games,2023,Regular Season,season,"{'SeasonType': 'Regular Season', 'Season': '2023'}",discovery,get-games__season_team_catalog__season_type-Regular_Season__season-2023__24e10791,get-games,https://api.pbpstats.com/get-games/wnba?SeasonType=Regular+Season&Season=2023,200,113,1022300115,2023-07-12,1611661325,1611661313,87,95,97,97,IND,NYL,False,season_team_catalog,season
wnba,wnba_current_season_league_discovery,league_discovery,season_team_catalog,get-games,2023,Regular Season,season,"{'SeasonType': 'Regular Season', 'Season': '2023'}",discovery,get-games__season_team_catalog__season_type-Regular_Season__season-2023__24e10791,get-games,https://api.pbpstats.com/get-games/wnba?SeasonType=Regular+Season&Season=2023,200,114,1022300116,2023-07-12,1611661329,1611661323,72,84,77,78,CHI,CON,False,season_team_catalog,season
wnba,wnba_current_season_league_discovery,league_discovery,season_team_catalog,get-games,2023,Regular Season,season,"{'SeasonType': 'Regular Season', 'Season': '2023'}",discovery,get-games__season_team_catalog__season_type-Regular_Season__season-2023__24e10791,get-games,https://api.pbpstats.com/get-games/wnba?SeasonType=Regular+Season&Season=2023,200,115,1022300117,2023-07-12,1611661324,1611661321,67,107,77,78,MIN,DAL,False,season_team_catalog,season
wnba,wnba_current_season_league_discovery,league_discovery,season_team_catalog,get-games,2023,Regular Season,season,"{'SeasonType': 'Regular Season', 'Season': '2023'}",discovery,get-games__season_team_catalog__season_type-Regular_Season__season-2023__24e10791,get-games,https://api.pbpstats.com/get-games/wnba?SeasonType=Regular+Season&Season=2023,200,116,1022300118,2023-07-12,1611661330,1611661328,85,75,85,85,ATL,SEA,False,season_team_catalog,season
wnba,wnba_current_season_league_discovery,league_discovery,season_team_catalog,get-games,2023,Regular Season,season,"{'SeasonType': 'Regular Season', 'Season': '2023'}",discovery,get-games__season_team_catalog__season_type-Regular_Season__season-2023__24e10791,get-games,https://api.pbpstats.com/get-games/wnba?SeasonType=Regular+Season&Season=2023,200,117,1022300119,2023-07-12,1611661320,1611661319,78,97,85,83,LAS,LVA,False,season_team_catalog,season
wnba,wnba_current_season_league_discovery,league_discovery,season_team_catalog,get-games,2023,Regular Season,season,"{'SeasonType': 'Regular Season', 'Season': '2023'}",discovery,get-games__season_team_catalog__season_type-Regular_Season__season-2023__24e10791,get-games,https://api.pbpstats.com/get-games/wnba?SeasonType=Regular+Season&Season=2023,200,118,1022300120,2023-07-18,1611661330,1611661324,82,73,80,79,ATL,MIN,False,season_team_catalog,season
wnba,wnba_current_season_league_discovery,league_discovery,season_team_catalog,get-games,2023,Regular Season,season,"{'SeasonType': 'Regular Season', 'Season': '2023'}",discovery,get-games__season_team_catalog__season_type-Regular_Season__season-2023__24e10791,get-games,https://api.pbpstats.com/get-games/wnba?SeasonType=Regular+Season&Season=2023,200,119,1022300121,2023-07-18,1611661317,1611661323,72,66,74,72,PHO,CON,False,season_team_catalog,season
wnba,wnba_current_season_league_discovery,league_discovery,season_team_catalog,get-games,2023,Regular Season,season,"{'SeasonType': 'Regular Season', 'Season': '2023'}",discovery,get-games__season_team_catalog__season_type-Regular_Season__season-2023__24e10791,get-games,https://api.pbpstats.com/get-games/wnba?SeasonType=Regular+Season&Season=2023,200,120,1022300123,2023-07-19,1611661313,1611661321,88,98,79,81,NYL,DAL,False,season_team_catalog,season
wnba,wnba_current_season_league_discovery,league_discovery,season_team_catalog,get-games,2023,Regular Season,season,"{'SeasonType': 'Regular Season', 'Season': '2023'}",discovery,get-games__season_team_catalog__season_type-Regular_Season__season-2023__24e10791,get-games,https://api.pbpstats.com/get-games/wnba?SeasonType=Regular+Season&Season=2023,200,121,1022300122,2023-07-19,1611661322,1611661325,76,82,80,78,WAS,IND,False,season_team_catalog,season
wnba,wnba_current_season_league_discovery,league_discovery,season_team_catalog,get-games,2023,Regular Season,season,"{'SeasonType': 'Regular Season', 'Season': '2023'}",discovery,get-games__season_team_catalog__season_type-Regular_Season__season-2023__24e10791,get-games,https://api.pbpstats.com/get-games/wnba?SeasonType=Regular+Season&Season=2023,200,122,1022300124,2023-07-20,1611661323,1611661330,82,71,83,83,CON,ATL,False,season_team_catalog,season
wnba,wnba_current_season_league_discovery,league_discovery,season_team_catalog,get-games,2023,Regular Season,season,"{'SeasonType': 'Regular Season', 'Season': '2023'}",discovery,get-games__season_team_catalog__season_type-Regular_Season__season-2023__24e10791,get-games,https://api.pbpstats.com/get-games/wnba?SeasonType=Regular+Season&Season=2023,200,123,1022300125,2023-07-20,1611661324,1611661320,73,70,79,81,MIN,LAS,False,season_team_catalog,season
wnba,wnba_current_season_league_discovery,league_discovery,season_team_catalog,get-games,2023,Regular Season,season,"{'SeasonType': 'Regular Season', 'Season': '2023'}",discovery,get-games__season_team_catalog__season_type-Regular_Season__season-2023__24e10791,get-games,https://api.pbpstats.com/get-games/wnba?SeasonType=Regular+Season&Season=2023,200,124,1022300127,2023-07-20,1611661328,1611661319,63,79,80,80,SEA,LVA,False,season_team_catalog,season
wnba,wnba_current_season_league_discovery,league_discovery,season_team_catalog,get-games,2023,Regular Season,season,"{'SeasonType': 'Regular Season', 'Season': '2023'}",discovery,get-games__season_team_catalog__season_type-Regular_Season__season-2023__24e10791,get-games,https://api.pbpstats.com/get-games/wnba?SeasonType=Regular+Season&Season=2023,200,125,1022300126,2023-07-20,1611661317,1611661329,80,62,76,75,PHO,CHI,False,season_team_catalog,season
wnba,wnba_current_season_league_discovery,league_discovery,season_team_catalog,get-games,2023,Regular Season,season,"{'SeasonType': 'Regular Season', 'Season': '2023'}",discovery,get-games__season_team_catalog__season_type-Regular_Season__season-2023__24e10791,get-games,https://api.pbpstats.com/get-games/wnba?SeasonType=Regular+Season&Season=2023,200,126,1022300128,2023-07-21,1611661322,1611661313,87,96,85,84,WAS,NYL,False,season_team_catalog,season
wnba,wnba_current_season_league_discovery,league_discovery,season_team_catalog,get-games,2023,Regular Season,season,"{'SeasonType': 'Regular Season', 'Season': '2023'}",discovery,get-games__season_team_catalog__season_type-Regular_Season__season-2023__24e10791,get-games,https://api.pbpstats.com/get-games/wnba?SeasonType=Regular+Season&Season=2023,200,127,1022300129,2023-07-22,1611661330,1611661323,78,86,82,83,ATL,CON,False,season_team_catalog,season
wnba,wnba_current_season_league_discovery,league_discovery,season_team_catalog,get-games,2023,Regular Season,season,"{'SeasonType': 'Regular Season', 'Season': '2023'}",discovery,get-games__season_team_catalog__season_type-Regular_Season__season-2023__24e10791,get-games,https://api.pbpstats.com/get-games/wnba?SeasonType=Regular+Season&Season=2023,200,128,1022300132,2023-07-22,1611661324,1611661319,81,98,84,84,MIN,LVA,False,season_team_catalog,season
wnba,wnba_current_season_league_discovery,league_discovery,season_team_catalog,get-games,2023,Regular Season,season,"{'SeasonType': 'Regular Season', 'Season': '2023'}",discovery,get-games__season_team_catalog__season_type-Regular_Season__season-2023__24e10791,get-games,https://api.pbpstats.com/get-games/wnba?SeasonType=Regular+Season&Season=2023,200,129,1022300131,2023-07-22,1611661321,1611661320,98,84,79,79,DAL,LAS,False,season_team_catalog,season
wnba,wnba_current_season_league_discovery,league_discovery,season_team_catalog,get-games,2023,Regular Season,season,"{'SeasonType': 'Regular Season', 'Season': '2023'}",discovery,get-games__season_team_catalog__season_type-Regular_Season__season-2023__24e10791,get-games,https://api.pbpstats.com/get-games/wnba?SeasonType=Regular+Season&Season=2023,200,130,1022300130,2023-07-22,1611661328,1611661329,75,90,82,83,SEA,CHI,False,season_team_catalog,season
wnba,wnba_current_season_league_discovery,league_discovery,season_team_catalog,get-games,2023,Regular Season,season,"{'SeasonType': 'Regular Season', 'Season': '2023'}",discovery,get-games__season_team_catalog__season_type-Regular_Season__season-2023__24e10791,get-games,https://api.pbpstats.com/get-games/wnba?SeasonType=Regular+Season&Season=2023,200,131,1022300133,2023-07-23,1611661313,1611661325,101,83,78,78,NYL,IND,False,season_team_catalog,season
wnba,wnba_current_season_league_discovery,league_discovery,season_team_catalog,get-games,2023,Regular Season,season,"{'SeasonType': 'Regular Season', 'Season': '2023'}",discovery,get-games__season_team_catalog__season_type-Regular_Season__season-2023__24e10791,get-games,https://api.pbpstats.com/get-games/wnba?SeasonType=Regular+Season&Season=2023,200,132,1022300134,2023-07-23,1611661322,1611661317,84,69,79,78,WAS,PHO,False,season_team_catalog,season
wnba,wnba_current_season_league_discovery,league_discovery,season_team_catalog,get-games,2023,Regular Season,season,"{'SeasonType': 'Regular Season', 'Season': '2023'}",discovery,get-games__season_team_catalog__season_type-Regular_Season__season-2023__24e10791,get-games,https://api.pbpstats.com/get-games/wnba?SeasonType=Regular+Season&Season=2023,200,133,1022300135,2023-07-25,1611661330,1611661317,78,65,81,80,ATL,PHO,False,season_team_catalog,season
wnba,wnba_current_season_league_discovery,league_discovery,season_team_catalog,get-games,2023,Regular Season,season,"{'SeasonType': 'Regular Season', 'Season': '2023'}",discovery,get-games__season_team_catalog__season_type-Regular_Season__season-2023__24e10791,get-games,https://api.pbpstats.com/get-games/wnba?SeasonType=Regular+Season&Season=2023,200,134,1022300136,2023-07-25,1611661313,1611661328,86,82,81,81,NYL,SEA,False,season_team_catalog,season
wnba,wnba_current_season_league_discovery,league_discovery,season_team_catalog,get-games,2023,Regular Season,season,"{'SeasonType': 'Regular Season', 'Season': '2023'}",discovery,get-games__season_team_catalog__season_type-Regular_Season__season-2023__24e10791,get-games,https://api.pbpstats.com/get-games/wnba?SeasonType=Regular+Season&Season=2023,200,135,1022300137,2023-07-25,1611661329,1611661319,95,107,80,80,CHI,LVA,False,season_team_catalog,season
wnba,wnba_current_season_league_discovery,league_discovery,season_team_catalog,get-games,2023,Regular Season,season,"{'SeasonType': 'Regular Season', 'Season': '2023'}",discovery,get-games__season_team_catalog__season_type-Regular_Season__season-2023__24e10791,get-games,https://api.pbpstats.com/get-games/wnba?SeasonType=Regular+Season&Season=2023,200,136,1022300138,2023-07-25,1611661321,1611661323,83,88,74,76,DAL,CON,False,season_team_catalog,season
wnba,wnba_current_season_league_discovery,league_discovery,season_team_catalog,get-games,2023,Regular Season,season,"{'SeasonType': 'Regular Season', 'Season': '2023'}",discovery,get-games__season_team_catalog__season_type-Regular_Season__season-2023__24e10791,get-games,https://api.pbpstats.com/get-games/wnba?SeasonType=Regular+Season&Season=2023,200,137,1022300139,2023-07-25,1611661320,1611661325,79,78,77,76,LAS,IND,False,season_team_catalog,season
wnba,wnba_current_season_league_discovery,league_discovery,season_team_catalog,get-games,2023,Regular Season,season,"{'SeasonType': 'Regular Season', 'Season': '2023'}",discovery,get-games__season_team_catalog__season_type-Regular_Season__season-2023__24e10791,get-games,https://api.pbpstats.com/get-games/wnba?SeasonType=Regular+Season&Season=2023,200,138,1022300140,2023-07-26,1611661324,1611661322,97,92,82,82,MIN,WAS,False,season_team_catalog,season
wnba,wnba_current_season_league_discovery,league_discovery,season_team_catalog,get-games,2023,Regular Season,season,"{'SeasonType': 'Regular Season', 'Season': '2023'}",discovery,get-games__season_team_catalog__season_type-Regular_Season__season-2023__24e10791,get-games,https://api.pbpstats.com/get-games/wnba?SeasonType=Regular+Season&Season=2023,200,139,1022300141,2023-07-27,1611661320,1611661325,81,68,78,76,LAS,IND,False,season_team_catalog,season
wnba,wnba_current_season_league_discovery,league_discovery,season_team_catalog,get-games,2023,Regular Season,season,"{'SeasonType': 'Regular Season', 'Season': '2023'}",discovery,get-games__season_team_catalog__season_type-Regular_Season__season-2023__24e10791,get-games,https://api.pbpstats.com/get-games/wnba?SeasonType=Regular+Season&Season=2023,200,140,1022300142,2023-07-27,1611661313,1611661330,95,84,82,81,NYL,ATL,False,season_team_catalog,season
wnba,wnba_current_season_league_discovery,league_discovery,season_team_catalog,get-games,2023,Regular Season,season,"{'SeasonType': 'Regular Season', 'Season': '2023'}",discovery,get-games__season_team_catalog__season_type-Regular_Season__season-2023__24e10791,get-games,https://api.pbpstats.com/get-games/wnba?SeasonType=Regular+Season&Season=2023,200,141,1022300038,2023-07-28,1611661313,1611661324,83,88,79,78,NYL,MIN,False,season_team_catalog,season
wnba,wnba_current_season_league_discovery,league_discovery,season_team_catalog,get-games,2023,Regular Season,season,"{'SeasonType': 'Regular Season', 'Season': '2023'}",discovery,get-games__season_team_catalog__season_type-Regular_Season__season-2023__24e10791,get-games,https://api.pbpstats.com/get-games/wnba?SeasonType=Regular+Season&Season=2023,200,142,1022300143,2023-07-28,1611661329,1611661328,74,83,76,76,CHI,SEA,False,season_team_catalog,season
wnba,wnba_current_season_league_discovery,league_discovery,season_team_catalog,get-games,2023,Regular Season,season,"{'SeasonType': 'Regular Season', 'Season': '2023'}",discovery,get-games__season_team_catalog__season_type-Regular_Season__season-2023__24e10791,get-games,https://api.pbpstats.com/get-games/wnba?SeasonType=Regular+Season&Season=2023,200,143,1022300144,2023-07-28,1611661321,1611661322,90,62,79,79,DAL,WAS,False,season_team_catalog,season
wnba,wnba_current_season_league_discovery,league_discovery,season_team_catalog,get-games,2023,Regular Season,season,"{'SeasonType': 'Regular Season', 'Season': '2023'}",discovery,get-games__season_team_catalog__season_type-Regular_Season__season-2023__24e10791,get-games,https://api.pbpstats.com/get-games/wnba?SeasonType=Regular+Season&Season=2023,200,144,1022300145,2023-07-30,1611661323,1611661324,83,87,81,82,CON,MIN,False,season_team_catalog,season
wnba,wnba_current_season_league_discovery,league_discovery,season_team_catalog,get-games,2023,Regular Season,season,"{'SeasonType': 'Regular Season', 'Season': '2023'}",discovery,get-games__season_team_catalog__season_type-Regular_Season__season-2023__24e10791,get-games,https://api.pbpstats.com/get-games/wnba?SeasonType=Regular+Season&Season=2023,200,145,1022300146,2023-07-30,1611661330,1611661322,80,73,83,83,ATL,WAS,False,season_team_catalog,season
wnba,wnba_current_season_league_discovery,league_discovery,season_team_catalog,get-games,2023,Regular Season,season,"{'SeasonType': 'Regular Season', 'Season': '2023'}",discovery,get-games__season_team_catalog__season_type-Regular_Season__season-2023__24e10791,get-games,https://api.pbpstats.com/get-games/wnba?SeasonType=Regular+Season&Season=2023,200,146,1022300147,2023-07-30,1611661325,1611661328,62,85,74,74,IND,SEA,False,season_team_catalog,season
wnba,wnba_current_season_league_discovery,league_discovery,season_team_catalog,get-games,2023,Regular Season,season,"{'SeasonType': 'Regular Season', 'Season': '2023'}",discovery,get-games__season_team_catalog__season_type-Regular_Season__season-2023__24e10791,get-games,https://api.pbpstats.com/get-games/wnba?SeasonType=Regular+Season&Season=2023,200,147,1022300148,2023-07-30,1611661329,1611661317,104,85,78,77,CHI,PHO,False,season_team_catalog,season
wnba,wnba_current_season_league_discovery,league_discovery,season_team_catalog,get-games,2023,Regular Season,season,"{'SeasonType': 'Regular Season', 'Season': '2023'}",discovery,get-games__season_team_catalog__season_type-Regular_Season__season-2023__24e10791,get-games,https://api.pbpstats.com/get-games/wnba?SeasonType=Regular+Season&Season=2023,200,148,1022300150,2023-07-30,1611661320,1611661313,79,87,80,80,LAS,NYL,False,season_team_catalog,season
wnba,wnba_current_season_league_discovery,league_discovery,season_team_catalog,get-games,2023,Regular Season,season,"{'SeasonType': 'Regular Season', 'Season': '2023'}",discovery,get-games__season_team_catalog__season_type-Regular_Season__season-2023__24e10791,get-games,https://api.pbpstats.com/get-games/wnba?SeasonType=Regular+Season&Season=2023,200,149,1022300149,2023-07-30,1611661319,1611661321,104,91,83,84,LVA,DAL,False,season_team_catalog,season
wnba,wnba_current_season_league_discovery,league_discovery,season_team_catalog,get-games,2023,Regular Season,season,"{'SeasonType': 'Regular Season', 'Season': '2023'}",discovery,get-games__season_team_catalog__season_type-Regular_Season__season-2023__24e10791,get-games,https://api.pbpstats.com/get-games/wnba?SeasonType=Regular+Season&Season=2023,200,150,1022300152,2023-08-01,1611661325,1611661317,72,71,79,80,IND,PHO,False,season_team_catalog,season
wnba,wnba_current_season_league_discovery,league_discovery,season_team_catalog,get-games,2023,Regular Season,season,"{'SeasonType': 'Regular Season', 'Season': '2023'}",discovery,get-games__season_team_catalog__season_type-Regular_Season__season-2023__24e10791,get-games,https://api.pbpstats.com/get-games/wnba?SeasonType=Regular+Season&Season=2023,200,151,1022300154,2023-08-01,1611661320,1611661313,69,76,73,74,LAS,NYL,False,season_team_catalog,season
wnba,wnba_current_season_league_discovery,league_discovery,season_team_catalog,get-games,2023,Regular Season,season,"{'SeasonType': 'Regular Season', 'Season': '2023'}",discovery,get-games__season_team_catalog__season_type-Regular_Season__season-2023__24e10791,get-games,https://api.pbpstats.com/get-games/wnba?SeasonType=Regular+Season&Season=2023,200,152,1022300151,2023-08-01,1611661323,1611661324,79,69,76,77,CON,MIN,False,season_team_catalog,season
wnba,wnba_current_season_league_discovery,league_discovery,season_team_catalog,get-games,2023,Regular Season,season,"{'SeasonType': 'Regular Season', 'Season': '2023'}",discovery,get-games__season_team_catalog__season_type-Regular_Season__season-2023__24e10791,get-games,https://api.pbpstats.com/get-games/wnba?SeasonType=Regular+Season&Season=2023,200,153,1022300153,2023-08-01,1611661319,1611661330,93,72,81,81,LVA,ATL,False,season_team_catalog,season
wnba,wnba_current_season_league_discovery,league_discovery,season_team_catalog,get-games,2023,Regular Season,season,"{'SeasonType': 'Regular Season', 'Season': '2023'}",discovery,get-games__season_team_catalog__season_type-Regular_Season__season-2023__24e10791,get-games,https://api.pbpstats.com/get-games/wnba?SeasonType=Regular+Season&Season=2023,200,154,1022300155,2023-08-02,1611661328,1611661321,65,76,82,81,SEA,DAL,False,season_team_catalog,season
wnba,wnba_current_season_league_discovery,league_discovery,season_team_catalog,get-games,2023,Regular Season,season,"{'SeasonType': 'Regular Season', 'Season': '2023'}",discovery,get-games__season_team_catalog__season_type-Regular_Season__season-2023__24e10791,get-games,https://api.pbpstats.com/get-games/wnba?SeasonType=Regular+Season&Season=2023,200,155,1022300156,2023-08-03,1611661317,1611661330,91,71,78,79,PHO,ATL,False,season_team_catalog,season
wnba,wnba_current_season_league_discovery,league_discovery,season_team_catalog,get-games,2023,Regular Season,season,"{'SeasonType': 'Regular Season', 'Season': '2023'}",discovery,get-games__season_team_catalog__season_type-Regular_Season__season-2023__24e10791,get-games,https://api.pbpstats.com/get-games/wnba?SeasonType=Regular+Season&Season=2023,200,156,1022300157,2023-08-04,1611661325,1611661323,72,88,75,75,IND,CON,False,season_team_catalog,season
wnba,wnba_current_season_league_discovery,league_discovery,season_team_catalog,get-games,2023,Regular Season,season,"{'SeasonType': 'Regular Season', 'Season': '2023'}",discovery,get-games__season_team_catalog__season_type-Regular_Season__season-2023__24e10791,get-games,https://api.pbpstats.com/get-games/wnba?SeasonType=Regular+Season&Season=2023,200,157,1022300158,2023-08-04,1611661322,1611661320,79,77,81,79,WAS,LAS,False,season_team_catalog,season
wnba,wnba_current_season_league_discovery,league_discovery,season_team_catalog,get-games,2023,Regular Season,season,"{'SeasonType': 'Regular Season', 'Season': '2023'}",discovery,get-games__season_team_catalog__season_type-Regular_Season__season-2023__24e10791,get-games,https://api.pbpstats.com/get-games/wnba?SeasonType=Regular+Season&Season=2023,200,158,1022300159,2023-08-04,1611661321,1611661329,89,104,81,81,DAL,CHI,False,season_team_catalog,season
wnba,wnba_current_season_league_discovery,league_discovery,season_team_catalog,get-games,2023,Regular Season,season,"{'SeasonType': 'Regular Season', 'Season': '2023'}",discovery,get-games__season_team_catalog__season_type-Regular_Season__season-2023__24e10791,get-games,https://api.pbpstats.com/get-games/wnba?SeasonType=Regular+Season&Season=2023,200,159,1022300160,2023-08-04,1611661324,1611661313,66,76,71,72,MIN,NYL,False,season_team_catalog,season
wnba,wnba_current_season_league_discovery,league_discovery,season_team_catalog,get-games,2023,Regular Season,season,"{'SeasonType': 'Regular Season', 'Season': '2023'}",discovery,get-games__season_team_catalog__season_type-Regular_Season__season-2023__24e10791,get-games,https://api.pbpstats.com/get-games/wnba?SeasonType=Regular+Season&Season=2023,200,160,1022300161,2023-08-05,1611661317,1611661328,91,97,80,80,PHO,SEA,False,season_team_catalog,season
wnba,wnba_current_season_league_discovery,league_discovery,season_team_catalog,get-games,2023,Regular Season,season,"{'SeasonType': 'Regular Season', 'Season': '2023'}",discovery,get-games__season_team_catalog__season_type-Regular_Season__season-2023__24e10791,get-games,https://api.pbpstats.com/get-games/wnba?SeasonType=Regular+Season&Season=2023,200,161,1022300163,2023-08-06,1611661313,1611661319,99,61,80,79,NYL,LVA,False,season_team_catalog,season
wnba,wnba_current_season_league_discovery,league_discovery,season_team_catalog,get-games,2023,Regular Season,season,"{'SeasonType': 'Regular Season', 'Season': '2023'}",discovery,get-games__season_team_catalog__season_type-Regular_Season__season-2023__24e10791,get-games,https://api.pbpstats.com/get-games/wnba?SeasonType=Regular+Season&Season=2023,200,162,1022300164,2023-08-06,1611661322,1611661320,83,91,82,80,WAS,LAS,False,season_team_catalog,season
wnba,wnba_current_season_league_discovery,league_discovery,season_team_catalog,get-games,2023,Regular Season,season,"{'SeasonType': 'Regular Season', 'Season': '2023'}",discovery,get-games__season_team_catalog__season_type-Regular_Season__season-2023__24e10791,get-games,https://api.pbpstats.com/get-games/wnba?SeasonType=Regular+Season&Season=2023,200,163,1022300162,2023-08-06,1611661330,1611661325,82,73,75,76,ATL,IND,False,season_team_catalog,season
wnba,wnba_current_season_league_discovery,league_discovery,season_team_catalog,get-games,2023,Regular Season,season,"{'SeasonType': 'Regular Season', 'Season': '2023'}",discovery,get-games__season_team_catalog__season_type-Regular_Season__season-2023__24e10791,get-games,https://api.pbpstats.com/get-games/wnba?SeasonType=Regular+Season&Season=2023,200,164,1022300165,2023-08-06,1611661321,1611661329,96,104,85,86,DAL,CHI,False,season_team_catalog,season
wnba,wnba_current_season_league_discovery,league_discovery,season_team_catalog,get-games,2023,Regular Season,season,"{'SeasonType': 'Regular Season', 'Season': '2023'}",discovery,get-games__season_team_catalog__season_type-Regular_Season__season-2023__24e10791,get-games,https://api.pbpstats.com/get-games/wnba?SeasonType=Regular+Season&Season=2023,200,165,1022300166,2023-08-08,1611661328,1611661323,69,81,74,74,SEA,CON,False,season_team_catalog,season
wnba,wnba_current_season_league_discovery,league_discovery,season_team_catalog,get-games,2023,Regular Season,season,"{'SeasonType': 'Regular Season', 'Season': '2023'}",discovery,get-games__season_team_catalog__season_type-Regular_Season__season-2023__24e10791,get-games,https://api.pbpstats.com/get-games/wnba?SeasonType=Regular+Season&Season=2023,200,166,1022300167,2023-08-08,1611661325,1611661320,80,87,83,83,IND,LAS,False,season_team_catalog,season
wnba,wnba_current_season_league_discovery,league_discovery,season_team_catalog,get-games,2023,Regular Season,season,"{'SeasonType': 'Regular Season', 'Season': '2023'}",discovery,get-games__season_team_catalog__season_type-Regular_Season__season-2023__24e10791,get-games,https://api.pbpstats.com/get-games/wnba?SeasonType=Regular+Season&Season=2023,200,167,1022300168,2023-08-08,1611661329,1611661324,79,88,83,82,CHI,MIN,False,season_team_catalog,season
wnba,wnba_current_season_league_discovery,league_discovery,season_team_catalog,get-games,2023,Regular Season,season,"{'SeasonType': 'Regular Season', 'Season': '2023'}",discovery,get-games__season_team_catalog__season_type-Regular_Season__season-2023__24e10791,get-games,https://api.pbpstats.com/get-games/wnba?SeasonType=Regular+Season&Season=2023,200,168,1022300169,2023-08-08,1611661321,1611661319,84,104,79,81,DAL,LVA,False,season_team_catalog,season
wnba,wnba_current_season_league_discovery,league_discovery,season_team_catalog,get-games,2023,Regular Season,season,"{'SeasonType': 'Regular Season', 'Season': '2023'}",discovery,get-games__season_team_catalog__season_type-Regular_Season__season-2023__24e10791,get-games,https://api.pbpstats.com/get-games/wnba?SeasonType=Regular+Season&Season=2023,200,169,1022300170,2023-08-08,1611661317,1611661322,91,72,77,76,PHO,WAS,False,season_team_catalog,season
wnba,wnba_current_season_league_discovery,league_discovery,season_team_catalog,get-games,2023,Regular Season,season,"{'SeasonType': 'Regular Season', 'Season': '2023'}",discovery,get-games__season_team_catalog__season_type-Regular_Season__season-2023__24e10791,get-games,https://api.pbpstats.com/get-games/wnba?SeasonType=Regular+Season&Season=2023,200,170,1022300171,2023-08-10,1611661325,1611661324,91,73,73,73,IND,MIN,False,season_team_catalog,season
wnba,wnba_current_season_league_discovery,league_discovery,season_team_catalog,get-games,2023,Regular Season,season,"{'SeasonType': 'Regular Season', 'Season': '2023'}",discovery,get-games__season_team_catalog__season_type-Regular_Season__season-2023__24e10791,get-games,https://api.pbpstats.com/get-games/wnba?SeasonType=Regular+Season&Season=2023,200,171,1022300172,2023-08-10,1611661317,1611661323,90,84,79,80,PHO,CON,False,season_team_catalog,season
wnba,wnba_current_season_league_discovery,league_discovery,season_team_catalog,get-games,2023,Regular Season,season,"{'SeasonType': 'Regular Season', 'Season': '2023'}",discovery,get-games__season_team_catalog__season_type-Regular_Season__season-2023__24e10791,get-games,https://api.pbpstats.com/get-games/wnba?SeasonType=Regular+Season&Season=2023,200,172,1022300173,2023-08-10,1611661328,1611661330,68,67,82,83,SEA,ATL,False,season_team_catalog,season
wnba,wnba_current_season_league_discovery,league_discovery,season_team_catalog,get-games,2023,Regular Season,season,"{'SeasonType': 'Regular Season', 'Season': '2023'}",discovery,get-games__season_team_catalog__season_type-Regular_Season__season-2023__24e10791,get-games,https://api.pbpstats.com/get-games/wnba?SeasonType=Regular+Season&Season=2023,200,173,1022300174,2023-08-11,1611661313,1611661329,89,73,82,82,NYL,CHI,False,season_team_catalog,season
wnba,wnba_current_season_league_discovery,league_discovery,season_team_catalog,get-games,2023,Regular Season,season,"{'SeasonType': 'Regular Season', 'Season': '2023'}",discovery,get-games__season_team_catalog__season_type-Regular_Season__season-2023__24e10791,get-games,https://api.pbpstats.com/get-games/wnba?SeasonType=Regular+Season&Season=2023,200,174,1022300175,2023-08-11,1611661319,1611661322,113,89,85,86,LVA,WAS,False,season_team_catalog,season
wnba,wnba_current_season_league_discovery,league_discovery,season_team_catalog,get-games,2023,Regular Season,season,"{'SeasonType': 'Regular Season', 'Season': '2023'}",discovery,get-games__season_team_catalog__season_type-Regular_Season__season-2023__24e10791,get-games,https://api.pbpstats.com/get-games/wnba?SeasonType=Regular+Season&Season=2023,200,175,1022300176,2023-08-12,1611661320,1611661330,85,74,80,79,LAS,ATL,False,season_team_catalog,season
wnba,wnba_current_season_league_discovery,league_discovery,season_team_catalog,get-games,2023,Regular Season,season,"{'SeasonType': 'Regular Season', 'Season': '2023'}",discovery,get-games__season_team_catalog__season_type-Regular_Season__season-2023__24e10791,get-games,https://api.pbpstats.com/get-games/wnba?SeasonType=Regular+Season&Season=2023,200,176,1022300177,2023-08-12,1611661321,1611661323,91,81,81,80,DAL,CON,False,season_team_catalog,season
wnba,wnba_current_season_league_discovery,league_discovery,season_team_catalog,get-games,2023,Regular Season,season,"{'SeasonType': 'Regular Season', 'Season': '2023'}",discovery,get-games__season_team_catalog__season_type-Regular_Season__season-2023__24e10791,get-games,https://api.pbpstats.com/get-games/wnba?SeasonType=Regular+Season&Season=2023,200,177,1022300180,2023-08-13,1611661325,1611661313,89,100,81,80,IND,NYL,False,season_team_catalog,season
wnba,wnba_current_season_league_discovery,league_discovery,season_team_catalog,get-games,2023,Regular Season,season,"{'SeasonType': 'Regular Season', 'Season': '2023'}",discovery,get-games__season_team_catalog__season_type-Regular_Season__season-2023__24e10791,get-games,https://api.pbpstats.com/get-games/wnba?SeasonType=Regular+Season&Season=2023,200,178,1022300179,2023-08-13,1611661328,1611661317,81,71,75,74,SEA,PHO,False,season_team_catalog,season
wnba,wnba_current_season_league_discovery,league_discovery,season_team_catalog,get-games,2023,Regular Season,season,"{'SeasonType': 'Regular Season', 'Season': '2023'}",discovery,get-games__season_team_catalog__season_type-Regular_Season__season-2023__24e10791,get-games,https://api.pbpstats.com/get-games/wnba?SeasonType=Regular+Season&Season=2023,200,179,1022300181,2023-08-13,1611661319,1611661330,86,65,83,82,LVA,ATL,False,season_team_catalog,season
wnba,wnba_current_season_league_discovery,league_discovery,season_team_catalog,get-games,2023,Regular Season,season,"{'SeasonType': 'Regular Season', 'Season': '2023'}",discovery,get-games__season_team_catalog__season_type-Regular_Season__season-2023__24e10791,get-games,https://api.pbpstats.com/get-games/wnba?SeasonType=Regular+Season&Season=2023,200,180,1022300178,2023-08-13,1611661322,1611661329,83,76,78,78,WAS,CHI,False,season_team_catalog,season
wnba,wnba_current_season_league_discovery,league_discovery,season_team_catalog,get-games,2023,Regular Season,season,"{'SeasonType': 'Regular Season', 'Season': '2023'}",discovery,get-games__season_team_catalog__season_type-Regular_Season__season-2023__24e10791,get-games,https://api.pbpstats.com/get-games/wnba?SeasonType=Regular+Season&Season=2023,200,181,1022300182,2023-08-17,1611661319,1611661313,88,75,78,76,LVA,NYL,False,season_team_catalog,season
wnba,wnba_current_season_league_discovery,league_discovery,season_team_catalog,get-games,2023,Regular Season,season,"{'SeasonType': 'Regular Season', 'Season': '2023'}",discovery,get-games__season_team_catalog__season_type-Regular_Season__season-2023__24e10791,get-games,https://api.pbpstats.com/get-games/wnba?SeasonType=Regular+Season&Season=2023,200,182,1022300183,2023-08-18,1611661323,1611661321,75,95,75,75,CON,DAL,False,season_team_catalog,season
wnba,wnba_current_season_league_discovery,league_discovery,season_team_catalog,get-games,2023,Regular Season,season,"{'SeasonType': 'Regular Season', 'Season': '2023'}",discovery,get-games__season_team_catalog__season_type-Regular_Season__season-2023__24e10791,get-games,https://api.pbpstats.com/get-games/wnba?SeasonType=Regular+Season&Season=2023,200,183,1022300184,2023-08-18,1611661325,1611661322,79,83,78,78,IND,WAS,False,season_team_catalog,season
wnba,wnba_current_season_league_discovery,league_discovery,season_team_catalog,get-games,2023,Regular Season,season,"{'SeasonType': 'Regular Season', 'Season': '2023'}",discovery,get-games__season_team_catalog__season_type-Regular_Season__season-2023__24e10791,get-games,https://api.pbpstats.com/get-games/wnba?SeasonType=Regular+Season&Season=2023,200,184,1022300185,2023-08-18,1611661330,1611661329,78,67,75,74,ATL,CHI,False,season_team_catalog,season
wnba,wnba_current_season_league_discovery,league_discovery,season_team_catalog,get-games,2023,Regular Season,season,"{'SeasonType': 'Regular Season', 'Season': '2023'}",discovery,get-games__season_team_catalog__season_type-Regular_Season__season-2023__24e10791,get-games,https://api.pbpstats.com/get-games/wnba?SeasonType=Regular+Season&Season=2023,200,185,1022300186,2023-08-18,1611661317,1611661313,63,85,80,80,PHO,NYL,False,season_team_catalog,season
wnba,wnba_current_season_league_discovery,league_discovery,season_team_catalog,get-games,2023,Regular Season,season,"{'SeasonType': 'Regular Season', 'Season': '2023'}",discovery,get-games__season_team_catalog__season_type-Regular_Season__season-2023__24e10791,get-games,https://api.pbpstats.com/get-games/wnba?SeasonType=Regular+Season&Season=2023,200,186,1022300187,2023-08-18,1611661328,1611661324,70,78,77,76,SEA,MIN,False,season_team_catalog,season
wnba,wnba_current_season_league_discovery,league_discovery,season_team_catalog,get-games,2023,Regular Season,season,"{'SeasonType': 'Regular Season', 'Season': '2023'}",discovery,get-games__season_team_catalog__season_type-Regular_Season__season-2023__24e10791,get-games,https://api.pbpstats.com/get-games/wnba?SeasonType=Regular+Season&Season=2023,200,187,1022300188,2023-08-19,1611661319,1611661320,72,78,80,80,LVA,LAS,False,season_team_catalog,season
wnba,wnba_current_season_league_discovery,league_discovery,season_team_catalog,get-games,2023,Regular Season,season,"{'SeasonType': 'Regular Season', 'Season': '2023'}",discovery,get-games__season_team_catalog__season_type-Regular_Season__season-2023__24e10791,get-games,https://api.pbpstats.com/get-games/wnba?SeasonType=Regular+Season&Season=2023,200,188,1022300189,2023-08-20,1611661322,1611661321,84,97,84,84,WAS,DAL,False,season_team_catalog,season
wnba,wnba_current_season_league_discovery,league_discovery,season_team_catalog,get-games,2023,Regular Season,season,"{'SeasonType': 'Regular Season', 'Season': '2023'}",discovery,get-games__season_team_catalog__season_type-Regular_Season__season-2023__24e10791,get-games,https://api.pbpstats.com/get-games/wnba?SeasonType=Regular+Season&Season=2023,200,189,1022300191,2023-08-20,1611661317,1611661325,73,83,75,75,PHO,IND,False,season_team_catalog,season
wnba,wnba_current_season_league_discovery,league_discovery,season_team_catalog,get-games,2023,Regular Season,season,"{'SeasonType': 'Regular Season', 'Season': '2023'}",discovery,get-games__season_team_catalog__season_type-Regular_Season__season-2023__24e10791,get-games,https://api.pbpstats.com/get-games/wnba?SeasonType=Regular+Season&Season=2023,200,190,1022300192,2023-08-20,1611661324,1611661328,74,88,78,79,MIN,SEA,False,season_team_catalog,season
wnba,wnba_current_season_league_discovery,league_discovery,season_team_catalog,get-games,2023,Regular Season,season,"{'SeasonType': 'Regular Season', 'Season': '2023'}",discovery,get-games__season_team_catalog__season_type-Regular_Season__season-2023__24e10791,get-games,https://api.pbpstats.com/get-games/wnba?SeasonType=Regular+Season&Season=2023,200,191,1022300193,2023-08-22,1611661330,1611661319,100,112,86,85,ATL,LVA,False,season_team_catalog,season
wnba,wnba_current_season_league_discovery,league_discovery,season_team_catalog,get-games,2023,Regular Season,season,"{'SeasonType': 'Regular Season', 'Season': '2023'}",discovery,get-games__season_team_catalog__season_type-Regular_Season__season-2023__24e10791,get-games,https://api.pbpstats.com/get-games/wnba?SeasonType=Regular+Season&Season=2023,200,192,1022300194,2023-08-22,1611661322,1611661323,64,68,74,74,WAS,CON,False,season_team_catalog,season
wnba,wnba_current_season_league_discovery,league_discovery,season_team_catalog,get-games,2023,Regular Season,season,"{'SeasonType': 'Regular Season', 'Season': '2023'}",discovery,get-games__season_team_catalog__season_type-Regular_Season__season-2023__24e10791,get-games,https://api.pbpstats.com/get-games/wnba?SeasonType=Regular+Season&Season=2023,200,193,1022300195,2023-08-22,1611661329,1611661328,102,79,79,78,CHI,SEA,False,season_team_catalog,season
wnba,wnba_current_season_league_discovery,league_discovery,season_team_catalog,get-games,2023,Regular Season,season,"{'SeasonType': 'Regular Season', 'Season': '2023'}",discovery,get-games__season_team_catalog__season_type-Regular_Season__season-2023__24e10791,get-games,https://api.pbpstats.com/get-games/wnba?SeasonType=Regular+Season&Season=2023,200,194,1022300196,2023-08-22,1611661324,1611661321,91,86,81,79,MIN,DAL,False,season_team_catalog,season
wnba,wnba_current_season_league_discovery,league_discovery,season_team_catalog,get-games,2023,Regular Season,season,"{'SeasonType': 'Regular Season', 'Season': '2023'}",discovery,get-games__season_team_catalog__season_type-Regular_Season__season-2023__24e10791,get-games,https://api.pbpstats.com/get-games/wnba?SeasonType=Regular+Season&Season=2023,200,195,1022300197,2023-08-23,1611661320,1611661317,91,62,72,71,LAS,PHO,False,season_team_catalog,season
wnba,wnba_current_season_league_discovery,league_discovery,season_team_catalog,get-games,2023,Regular Season,season,"{'SeasonType': 'Regular Season', 'Season': '2023'}",discovery,get-games__season_team_catalog__season_type-Regular_Season__season-2023__24e10791,get-games,https://api.pbpstats.com/get-games/wnba?SeasonType=Regular+Season&Season=2023,200,196,1022300198,2023-08-24,1611661323,1611661313,90,95,84,83,CON,NYL,False,season_team_catalog,season
wnba,wnba_current_season_league_discovery,league_discovery,season_team_catalog,get-games,2023,Regular Season,season,"{'SeasonType': 'Regular Season', 'Season': '2023'}",discovery,get-games__season_team_catalog__season_type-Regular_Season__season-2023__24e10791,get-games,https://api.pbpstats.com/get-games/wnba?SeasonType=Regular+Season&Season=2023,200,197,1022300199,2023-08-24,1611661325,1611661328,90,86,78,76,IND,SEA,False,season_team_catalog,season
wnba,wnba_current_season_league_discovery,league_discovery,season_team_catalog,get-games,2023,Regular Season,season,"{'SeasonType': 'Regular Season', 'Season': '2023'}",discovery,get-games__season_team_catalog__season_type-Regular_Season__season-2023__24e10791,get-games,https://api.pbpstats.com/get-games/wnba?SeasonType=Regular+Season&Season=2023,200,198,1022300200,2023-08-24,1611661329,1611661319,87,94,85,84,CHI,LVA,False,season_team_catalog,season
wnba,wnba_current_season_league_discovery,league_discovery,season_team_catalog,get-games,2023,Regular Season,season,"{'SeasonType': 'Regular Season', 'Season': '2023'}",discovery,get-games__season_team_catalog__season_type-Regular_Season__season-2023__24e10791,get-games,https://api.pbpstats.com/get-games/wnba?SeasonType=Regular+Season&Season=2023,200,199,1022300202,2023-08-25,1611661330,1611661320,78,83,75,74,ATL,LAS,False,season_team_catalog,season
wnba,wnba_current_season_league_discovery,league_discovery,season_team_catalog,get-games,2023,Regular Season,season,"{'SeasonType': 'Regular Season', 'Season': '2023'}",discovery,get-games__season_team_catalog__season_type-Regular_Season__season-2023__24e10791,get-games,https://api.pbpstats.com/get-games/wnba?SeasonType=Regular+Season&Season=2023,200,200,1022300205,2023-08-27,1611661323,1611661320,83,68,80,82,CON,LAS,False,season_team_catalog,season
wnba,wnba_current_season_league_discovery,league_discovery,season_team_catalog,get-games,2023,Regular Season,season,"{'SeasonType': 'Regular Season', 'Season': '2023'}",discovery,get-games__season_team_catalog__season_type-Regular_Season__season-2023__24e10791,get-games,https://api.pbpstats.com/get-games/wnba?SeasonType=Regular+Season&Season=2023,200,201,1022300207,2023-08-27,1611661317,1611661321,74,77,75,73,PHO,DAL,False,season_team_catalog,season
wnba,wnba_current_season_league_discovery,league_discovery,season_team_catalog,get-games,2023,Regular Season,season,"{'SeasonType': 'Regular Season', 'Season': '2023'}",discovery,get-games__season_team_catalog__season_type-Regular_Season__season-2023__24e10791,get-games,https://api.pbpstats.com/get-games/wnba?SeasonType=Regular+Season&Season=2023,200,202,1022300209,2023-08-28,1611661313,1611661319,94,85,83,84,NYL,LVA,False,season_team_catalog,season
wnba,wnba_current_season_league_discovery,league_discovery,season_team_catalog,get-games,2023,Regular Season,season,"{'SeasonType': 'Regular Season', 'Season': '2023'}",discovery,get-games__season_team_catalog__season_type-Regular_Season__season-2023__24e10791,get-games,https://api.pbpstats.com/get-games/wnba?SeasonType=Regular+Season&Season=2023,200,203,1022300210,2023-08-29,1611661330,1611661317,94,76,75,76,ATL,PHO,False,season_team_catalog,season
wnba,wnba_current_season_league_discovery,league_discovery,season_team_catalog,get-games,2023,Regular Season,season,"{'SeasonType': 'Regular Season', 'Season': '2023'}",discovery,get-games__season_team_catalog__season_type-Regular_Season__season-2023__24e10791,get-games,https://api.pbpstats.com/get-games/wnba?SeasonType=Regular+Season&Season=2023,200,204,1022300212,2023-08-29,1611661320,1611661329,75,76,76,77,LAS,CHI,False,season_team_catalog,season
wnba,wnba_current_season_league_discovery,league_discovery,season_team_catalog,get-games,2023,Regular Season,season,"{'SeasonType': 'Regular Season', 'Season': '2023'}",discovery,get-games__season_team_catalog__season_type-Regular_Season__season-2023__24e10791,get-games,https://api.pbpstats.com/get-games/wnba?SeasonType=Regular+Season&Season=2023,200,205,1022300213,2023-08-31,1611661323,1611661317,84,74,71,71,CON,PHO,False,season_team_catalog,season
wnba,wnba_current_season_league_discovery,league_discovery,season_team_catalog,get-games,2023,Regular Season,season,"{'SeasonType': 'Regular Season', 'Season': '2023'}",discovery,get-games__season_team_catalog__season_type-Regular_Season__season-2023__24e10791,get-games,https://api.pbpstats.com/get-games/wnba?SeasonType=Regular+Season&Season=2023,200,206,1022300214,2023-08-31,1611661319,1611661322,84,75,77,78,LVA,WAS,False,season_team_catalog,season
wnba,wnba_current_season_league_discovery,league_discovery,season_team_catalog,get-games,2023,Regular Season,season,"{'SeasonType': 'Regular Season', 'Season': '2023'}",discovery,get-games__season_team_catalog__season_type-Regular_Season__season-2023__24e10791,get-games,https://api.pbpstats.com/get-games/wnba?SeasonType=Regular+Season&Season=2023,200,207,1022300215,2023-08-31,1611661320,1611661328,61,72,81,81,LAS,SEA,False,season_team_catalog,season
wnba,wnba_current_season_league_discovery,league_discovery,season_team_catalog,get-games,2023,Regular Season,season,"{'SeasonType': 'Regular Season', 'Season': '2023'}",discovery,get-games__season_team_catalog__season_type-Regular_Season__season-2023__24e10791,get-games,https://api.pbpstats.com/get-games/wnba?SeasonType=Regular+Season&Season=2023,200,208,1022300216,2023-09-01,1611661325,1611661321,100,110,76,78,IND,DAL,False,season_team_catalog,season
wnba,wnba_current_season_league_discovery,league_discovery,season_team_catalog,get-games,2023,Regular Season,season,"{'SeasonType': 'Regular Season', 'Season': '2023'}",discovery,get-games__season_team_catalog__season_type-Regular_Season__season-2023__24e10791,get-games,https://api.pbpstats.com/get-games/wnba?SeasonType=Regular+Season&Season=2023,200,209,1022300217,2023-09-01,1611661313,1611661323,89,58,77,75,NYL,CON,False,season_team_catalog,season
wnba,wnba_current_season_league_discovery,league_discovery,season_team_catalog,get-games,2023,Regular Season,season,"{'SeasonType': 'Regular Season', 'Season': '2023'}",discovery,get-games__season_team_catalog__season_type-Regular_Season__season-2023__24e10791,get-games,https://api.pbpstats.com/get-games/wnba?SeasonType=Regular+Season&Season=2023,200,210,1022300218,2023-09-01,1611661324,1611661330,91,85,89,88,MIN,ATL,False,season_team_catalog,season
wnba,wnba_current_season_league_discovery,league_discovery,season_team_catalog,get-games,2023,Regular Season,season,"{'SeasonType': 'Regular Season', 'Season': '2023'}",discovery,get-games__season_team_catalog__season_type-Regular_Season__season-2023__24e10791,get-games,https://api.pbpstats.com/get-games/wnba?SeasonType=Regular+Season&Season=2023,200,211,1022300219,2023-09-02,1611661319,1611661328,103,77,82,81,LVA,SEA,False,season_team_catalog,season
wnba,wnba_current_season_league_discovery,league_discovery,season_team_catalog,get-games,2023,Regular Season,season,"{'SeasonType': 'Regular Season', 'Season': '2023'}",discovery,get-games__season_team_catalog__season_type-Regular_Season__season-2023__24e10791,get-games,https://api.pbpstats.com/get-games/wnba?SeasonType=Regular+Season&Season=2023,200,212,1022300220,2023-09-03,1611661329,1611661313,69,86,81,80,CHI,NYL,False,season_team_catalog,season
wnba,wnba_current_season_league_discovery,league_discovery,season_team_catalog,get-games,2023,Regular Season,season,"{'SeasonType': 'Regular Season', 'Season': '2023'}",discovery,get-games__season_team_catalog__season_type-Regular_Season__season-2023__24e10791,get-games,https://api.pbpstats.com/get-games/wnba?SeasonType=Regular+Season&Season=2023,200,213,1022300221,2023-09-03,1611661321,1611661325,84,97,89,87,DAL,IND,False,season_team_catalog,season
wnba,wnba_current_season_league_discovery,league_discovery,season_team_catalog,get-games,2023,Regular Season,season,"{'SeasonType': 'Regular Season', 'Season': '2023'}",discovery,get-games__season_team_catalog__season_type-Regular_Season__season-2023__24e10791,get-games,https://api.pbpstats.com/get-games/wnba?SeasonType=Regular+Season&Season=2023,200,214,1022300222,2023-09-03,1611661324,1611661317,86,73,79,79,MIN,PHO,False,season_team_catalog,season
wnba,wnba_current_season_league_discovery,league_discovery,season_team_catalog,get-games,2023,Regular Season,season,"{'SeasonType': 'Regular Season', 'Season': '2023'}",discovery,get-games__season_team_catalog__season_type-Regular_Season__season-2023__24e10791,get-games,https://api.pbpstats.com/get-games/wnba?SeasonType=Regular+Season&Season=2023,200,215,1022300223,2023-09-03,1611661320,1611661322,72,64,77,76,LAS,WAS,False,season_team_catalog,season
wnba,wnba_current_season_league_discovery,league_discovery,season_team_catalog,get-games,2023,Regular Season,season,"{'SeasonType': 'Regular Season', 'Season': '2023'}",discovery,get-games__season_team_catalog__season_type-Regular_Season__season-2023__24e10791,get-games,https://api.pbpstats.com/get-games/wnba?SeasonType=Regular+Season&Season=2023,200,216,1022300190,2023-08-20,1611661329,1611661323,73,79,73,74,CHI,CON,False,season_team_catalog,season
wnba,wnba_current_season_league_discovery,league_discovery,season_team_catalog,get-games,2023,Regular Season,season,"{'SeasonType': 'Regular Season', 'Season': '2023'}",discovery,get-games__season_team_catalog__season_type-Regular_Season__season-2023__24e10791,get-games,https://api.pbpstats.com/get-games/wnba?SeasonType=Regular+Season&Season=2023,200,217,1022300201,2023-08-24,1611661321,1611661324,81,90,81,81,DAL,MIN,False,season_team_catalog,season
wnba,wnba_current_season_league_discovery,league_discovery,season_team_catalog,get-games,2023,Regular Season,season,"{'SeasonType': 'Regular Season', 'Season': '2023'}",discovery,get-games__season_team_catalog__season_type-Regular_Season__season-2023__24e10791,get-games,https://api.pbpstats.com/get-games/wnba?SeasonType=Regular+Season&Season=2023,200,218,1022300203,2023-08-26,1611661322,1611661319,78,62,81,81,WAS,LVA,False,season_team_catalog,season
wnba,wnba_current_season_league_discovery,league_discovery,season_team_catalog,get-games,2023,Regular Season,season,"{'SeasonType': 'Regular Season', 'Season': '2023'}",discovery,get-games__season_team_catalog__season_type-Regular_Season__season-2023__24e10791,get-games,https://api.pbpstats.com/get-games/wnba?SeasonType=Regular+Season&Season=2023,200,219,1022300204,2023-08-26,1611661324,1611661313,76,111,81,83,MIN,NYL,False,season_team_catalog,season
wnba,wnba_current_season_league_discovery,league_discovery,season_team_catalog,get-games,2023,Regular Season,season,"{'SeasonType': 'Regular Season', 'Season': '2023'}",discovery,get-games__season_team_catalog__season_type-Regular_Season__season-2023__24e10791,get-games,https://api.pbpstats.com/get-games/wnba?SeasonType=Regular+Season&Season=2023,200,220,1022300206,2023-08-27,1611661325,1611661330,83,80,78,78,IND,ATL,False,season_team_catalog,season
wnba,wnba_current_season_league_discovery,league_discovery,season_team_catalog,get-games,2023,Regular Season,season,"{'SeasonType': 'Regular Season', 'Season': '2023'}",discovery,get-games__season_team_catalog__season_type-Regular_Season__season-2023__24e10791,get-games,https://api.pbpstats.com/get-games/wnba?SeasonType=Regular+Season&Season=2023,200,221,1022300208,2023-08-27,1611661328,1611661329,85,90,85,84,SEA,CHI,False,season_team_catalog,season
wnba,wnba_current_season_league_discovery,league_discovery,season_team_catalog,get-games,2023,Regular Season,season,"{'SeasonType': 'Regular Season', 'Season': '2023'}",discovery,get-games__season_team_catalog__season_type-Regular_Season__season-2023__24e10791,get-games,https://api.pbpstats.com/get-games/wnba?SeasonType=Regular+Season&Season=2023,200,222,1022300211,2023-08-29,1611661322,1611661324,83,72,76,76,WAS,MIN,False,season_team_catalog,season
wnba,wnba_current_season_league_discovery,league_discovery,season_team_catalog,get-games,2023,Regular Season,season,"{'SeasonType': 'Regular Season', 'Season': '2023'}",discovery,get-games__season_team_catalog__season_type-Regular_Season__season-2023__24e10791,get-games,https://api.pbpstats.com/get-games/wnba?SeasonType=Regular+Season&Season=2023,200,223,1022300224,2023-09-05,1611661323,1611661320,90,76,75,73,CON,LAS,False,season_team_catalog,season
wnba,wnba_current_season_league_discovery,league_discovery,season_team_catalog,get-games,2023,Regular Season,season,"{'SeasonType': 'Regular Season', 'Season': '2023'}",discovery,get-games__season_team_catalog__season_type-Regular_Season__season-2023__24e10791,get-games,https://api.pbpstats.com/get-games/wnba?SeasonType=Regular+Season&Season=2023,200,224,1022300226,2023-09-05,1611661321,1611661313,93,94,80,80,DAL,NYL,False,season_team_catalog,season
wnba,wnba_current_season_league_discovery,league_discovery,season_team_catalog,get-games,2023,Regular Season,season,"{'SeasonType': 'Regular Season', 'Season': '2023'}",discovery,get-games__season_team_catalog__season_type-Regular_Season__season-2023__24e10791,get-games,https://api.pbpstats.com/get-games/wnba?SeasonType=Regular+Season&Season=2023,200,225,1022300227,2023-09-05,1611661317,1611661322,77,100,76,75,PHO,WAS,False,season_team_catalog,season
wnba,wnba_current_season_league_discovery,league_discovery,season_team_catalog,get-games,2023,Regular Season,season,"{'SeasonType': 'Regular Season', 'Season': '2023'}",discovery,get-games__season_team_catalog__season_type-Regular_Season__season-2023__24e10791,get-games,https://api.pbpstats.com/get-games/wnba?SeasonType=Regular+Season&Season=2023,200,226,1022300225,2023-09-05,1611661325,1611661329,69,96,81,82,IND,CHI,False,season_team_catalog,season
wnba,wnba_current_season_league_discovery,league_discovery,season_team_catalog,get-games,2023,Regular Season,season,"{'SeasonType': 'Regular Season', 'Season': '2023'}",discovery,get-games__season_team_catalog__season_type-Regular_Season__season-2023__24e10791,get-games,https://api.pbpstats.com/get-games/wnba?SeasonType=Regular+Season&Season=2023,200,227,1022300228,2023-09-06,1611661330,1611661328,79,68,77,77,ATL,SEA,False,season_team_catalog,season
wnba,wnba_current_season_league_discovery,league_discovery,season_team_catalog,get-games,2023,Regular Season,season,"{'SeasonType': 'Regular Season', 'Season': '2023'}",discovery,get-games__season_team_catalog__season_type-Regular_Season__season-2023__24e10791,get-games,https://api.pbpstats.com/get-games/wnba?SeasonType=Regular+Season&Season=2023,200,228,1022300229,2023-09-07,1611661313,1611661320,96,89,77,78,NYL,LAS,False,season_team_catalog,season
wnba,wnba_current_season_league_discovery,league_discovery,season_team_catalog,get-games,2023,Regular Season,season,"{'SeasonType': 'Regular Season', 'Season': '2023'}",discovery,get-games__season_team_catalog__season_type-Regular_Season__season-2023__24e10791,get-games,https://api.pbpstats.com/get-games/wnba?SeasonType=Regular+Season&Season=2023,200,229,1022300230,2023-09-08,1611661323,1611661325,76,59,76,77,CON,IND,False,season_team_catalog,season
wnba,wnba_current_season_league_discovery,league_discovery,season_team_catalog,get-games,2023,Regular Season,season,"{'SeasonType': 'Regular Season', 'Season': '2023'}",discovery,get-games__season_team_catalog__season_type-Regular_Season__season-2023__24e10791,get-games,https://api.pbpstats.com/get-games/wnba?SeasonType=Regular+Season&Season=2023,200,230,1022300231,2023-09-08,1611661322,1611661330,75,80,78,77,WAS,ATL,False,season_team_catalog,season
wnba,wnba_current_season_league_discovery,league_discovery,season_team_catalog,get-games,2023,Regular Season,season,"{'SeasonType': 'Regular Season', 'Season': '2023'}",discovery,get-games__season_team_catalog__season_type-Regular_Season__season-2023__24e10791,get-games,https://api.pbpstats.com/get-games/wnba?SeasonType=Regular+Season&Season=2023,200,231,1022300232,2023-09-08,1611661329,1611661324,92,87,84,83,CHI,MIN,False,season_team_catalog,season
wnba,wnba_current_season_league_discovery,league_discovery,season_team_catalog,get-games,2023,Regular Season,season,"{'SeasonType': 'Regular Season', 'Season': '2023'}",discovery,get-games__season_team_catalog__season_type-Regular_Season__season-2023__24e10791,get-games,https://api.pbpstats.com/get-games/wnba?SeasonType=Regular+Season&Season=2023,200,232,1022300233,2023-09-08,1611661321,1611661328,106,91,83,83,DAL,SEA,False,season_team_catalog,season
wnba,wnba_current_season_league_discovery,league_discovery,season_team_catalog,get-games,2023,Regular Season,season,"{'SeasonType': 'Regular Season', 'Season': '2023'}",discovery,get-games__season_team_catalog__season_type-Regular_Season__season-2023__24e10791,get-games,https://api.pbpstats.com/get-games/wnba?SeasonType=Regular+Season&Season=2023,200,233,1022300234,2023-09-08,1611661317,1611661319,73,94,83,82,PHO,LVA,False,season_team_catalog,season
wnba,wnba_current_season_league_discovery,league_discovery,season_team_catalog,get-games,2023,Regular Season,season,"{'SeasonType': 'Regular Season', 'Season': '2023'}",discovery,get-games__season_team_catalog__season_type-Regular_Season__season-2023__24e10791,get-games,https://api.pbpstats.com/get-games/wnba?SeasonType=Regular+Season&Season=2023,200,234,1022300235,2023-09-10,1611661330,1611661321,77,94,85,84,ATL,DAL,False,season_team_catalog,season
wnba,wnba_current_season_league_discovery,league_discovery,season_team_catalog,get-games,2023,Regular Season,season,"{'SeasonType': 'Regular Season', 'Season': '2023'}",discovery,get-games__season_team_catalog__season_type-Regular_Season__season-2023__24e10791,get-games,https://api.pbpstats.com/get-games/wnba?SeasonType=Regular+Season&Season=2023,200,235,1022300236,2023-09-10,1611661323,1611661329,91,102,88,87,CON,CHI,False,season_team_catalog,season
wnba,wnba_current_season_league_discovery,league_discovery,season_team_catalog,get-games,2023,Regular Season,season,"{'SeasonType': 'Regular Season', 'Season': '2023'}",discovery,get-games__season_team_catalog__season_type-Regular_Season__season-2023__24e10791,get-games,https://api.pbpstats.com/get-games/wnba?SeasonType=Regular+Season&Season=2023,200,236,1022300237,2023-09-10,1611661325,1611661324,87,72,77,77,IND,MIN,False,season_team_catalog,season
wnba,wnba_current_season_league_discovery,league_discovery,season_team_catalog,get-games,2023,Regular Season,season,"{'SeasonType': 'Regular Season', 'Season': '2023'}",discovery,get-games__season_team_catalog__season_type-Regular_Season__season-2023__24e10791,get-games,https://api.pbpstats.com/get-games/wnba?SeasonType=Regular+Season&Season=2023,200,237,1022300238,2023-09-10,1611661313,1611661322,88,90,74,76,NYL,WAS,False,season_team_catalog,season
wnba,wnba_current_season_league_discovery,league_discovery,season_team_catalog,get-games,2023,Regular Season,season,"{'SeasonType': 'Regular Season', 'Season': '2023'}",discovery,get-games__season_team_catalog__season_type-Regular_Season__season-2023__24e10791,get-games,https://api.pbpstats.com/get-games/wnba?SeasonType=Regular+Season&Season=2023,200,238,1022300239,2023-09-10,1611661319,1611661317,100,85,74,75,LVA,PHO,False,season_team_catalog,season
wnba,wnba_current_season_league_discovery,league_discovery,season_team_catalog,get-games,2023,Regular Season,season,"{'SeasonType': 'Regular Season', 'Season': '2023'}",discovery,get-games__season_team_catalog__season_type-Regular_Season__season-2023__24e10791,get-games,https://api.pbpstats.com/get-games/wnba?SeasonType=Regular+Season&Season=2023,200,239,1022300240,2023-09-10,1611661328,1611661320,89,91,85,84,SEA,LAS,False,season_team_catalog,season
